Started on: 2026-01-26-12:17:10
00000 #39009-1
00000 #Verion 0.0
00000 #input test
00000 UUT_DBC = 39009-561.dbc
00000 UUT_DATANAME = 39009-1-INPUT-ISR-LOCKUP
00000 
00000 
00000 #-----setup pat-----
00000 #setup meter
00000 LdRemote = 1 : NULL : WAIT = 0.1
00001 LdCurrentSet = 0 : NULL : WAIT = 0.1
00002 LdEnable = 0 : NULL : WAIT = 0.1
00003 J0_08_METER_LOAD = 1 : NULL : WAIT = 1
00004 #setup PS1
00004 PwrRemote = 1 : NULL : WAIT = 0.1
00005 PwrSetCurrent = 20 : NULL : WAIT = 0.1
00006 PwrSetVoltage = 50.0 : NULL : WAIT = 0.1
00007 PwrEnable = 1 : NULL : WAIT = 0.1
00008 J0_09_TEST_SUPPLY = 0 : NULL : WAIT = 1
00009 #setup freq
00009 AfgEnable = 0 : NULL : WAIT = 0.1
00010 AfgShape = 1 : NULL : WAIT = 0.1
00011 AfgFreqSet = 500 : NULL : WAIT = 0.1
00012 AfgDutySet = 50 : NULL : WAIT = 0.1
00013 AfgAmplSet = 4000 : NULL : WAIT = 0.1
00014 AfgOffsetSet = 4000 : NULL : WAIT = 0.1
00015 AfgEnable = 1 : NULL : WAIT = 0.1
00016 J0_11_FREQ_GEN = 0 : NULL : WAIT = 0.1
00017 J4_03 = 1 : NULL : WAIT = 0.2
00018 #cycle IGN to reset lockup
00018 RLY_K1 = 1 : NULL : WAIT = 2
00019 RLY_K1 = 0 : NULL : WAIT = 2
00020 #-----setup 39009-----
00020 #configure
00020 Command = 82, MODE1 = 0, MODE2 = 0, Enable_24VDC = 0, Analog_Raw_Value = 0 : NULL : WAIT = 0.2
00021 Command = 0, MODE1 = 0, MODE2 = 0, Enable_24VDC = 0, Analog_Raw_Value = 0 : NULL
00022 Command = 83, MODE1A = 4, MODE1B = 7, MODE2A = 1, MODE2B = 1, MODE3A = 1, MODE3B = 4, MODE4A = 1, MODE4B = 1, MODE5A = 6, MODE5B = 6, MODE6A = 1, MODE6B = 1, MODE7A = 6, MODE7B = 6 : NULL : WAIT = 0.2
00023 Command = 0, MODE1A = 0, MODE1B = 0, MODE2A = 0, MODE2B = 0, MODE3A = 0, MODE3B = 0, MODE4A = 0, MODE4B = 0, MODE5A = 0, MODE5B = 0, MODE6A = 0, MODE6B = 0, MODE7A = 0, MODE7B = 0 : NULL
00024 Command = 84, MODE8A = 1, MODE8B = 1, MODE9A = 6, MODE9B = 6, MODE10A = 1, MODE10B = 1, GLOBAL_KP = 255, GLOBAL_KI = 255 : NULL : WAIT = 0.2
00025 Command = 0, MODE8A = 0, MODE8B = 0, MODE9A = 0, MODE9B = 0, MODE10A = 0, MODE10B = 0, GLOBAL_KP = 0, GLOBAL_KI = 0 : NULL
00026 Command = 82, Enable_Fault_Reset = 1, Save_Configuration = 1, Enable_DPLTx = 1, Enable_DPLF1 = 1, Enable_DPLF2 = 1 : NULL : WAIT = 0.2
00027 Command = 0, Enable_Fault_Reset = 0, Save_Configuration = 0, Enable_DPLTx = 0, Enable_DPLF1 = 0, Enable_DPLF2 = 0 : NULL
00028 #switch input to load line
00028 J2_01 = 1 : NULL : WAIT = 1
00029 
00029 #TESTING - ModeIndex 0 PortIndex 0
00029 J4_01 = 1 : NULL : WAIT = 0.1
00030 SWEEP-RUNNING DEATHSWEEP!
Connected: RIGOL TECHNOLOGIES,DP832,DP8C180100022,00.01.19
VISA resource: USB0::0x1AB1::0x0E11::DP8C180100022::INSTR
Sweeping CH2 mode=updown: 4.320000 V -> 4.430000 V -> 4.320000 V in 0.001000 V steps (221 points)
       0/220 set=4.320000 V elapsed=0.031s rate=32.26 steps/s
      50/220 set=4.370000 V elapsed=1.094s rate=46.62 steps/s eta=3.647s
     100/220 set=4.420000 V elapsed=2.172s rate=46.50 steps/s eta=2.581s
     150/220 set=4.390000 V elapsed=3.234s rate=46.69 steps/s eta=1.499s
     200/220 set=4.340000 V elapsed=4.297s rate=46.78 steps/s eta=0.428s
Sweep complete. Elapsed: 4.734s
Output turned OFF.


00030 J4_01 = 0 : NULL : WAIT = 0.1
00031 #test for lockup
00031 UUT_TXCHECK-2.0
00031 PASS: UUT_TXCHECK (FREQ1)
00032 #Finished with port
00032 #switch out input
00032 J2_01 = 0 : NULL : WAIT = 0.1
00033 
00033 #cycle IGN to reset lockup
00033 RLY_K1 = 1 : NULL : WAIT = 2
00034 RLY_K1 = 0 : NULL : WAIT = 2
00035 #-----setup 39009-----
00035 #configure
00035 Command = 82, MODE1 = 0, MODE2 = 0, Enable_24VDC = 0, Analog_Raw_Value = 0 : NULL : WAIT = 0.2
00036 Command = 0, MODE1 = 0, MODE2 = 0, Enable_24VDC = 0, Analog_Raw_Value = 0 : NULL
00037 Command = 83, MODE1A = 4, MODE1B = 7, MODE2A = 1, MODE2B = 1, MODE3A = 1, MODE3B = 4, MODE4A = 1, MODE4B = 1, MODE5A = 6, MODE5B = 6, MODE6A = 1, MODE6B = 1, MODE7A = 6, MODE7B = 6 : NULL : WAIT = 0.2
00038 Command = 0, MODE1A = 0, MODE1B = 0, MODE2A = 0, MODE2B = 0, MODE3A = 0, MODE3B = 0, MODE4A = 0, MODE4B = 0, MODE5A = 0, MODE5B = 0, MODE6A = 0, MODE6B = 0, MODE7A = 0, MODE7B = 0 : NULL
00039 Command = 84, MODE8A = 1, MODE8B = 1, MODE9A = 6, MODE9B = 6, MODE10A = 1, MODE10B = 1, GLOBAL_KP = 255, GLOBAL_KI = 255 : NULL : WAIT = 0.2
00040 Command = 0, MODE8A = 0, MODE8B = 0, MODE9A = 0, MODE9B = 0, MODE10A = 0, MODE10B = 0, GLOBAL_KP = 0, GLOBAL_KI = 0 : NULL
00041 Command = 82, Enable_Fault_Reset = 1, Save_Configuration = 1, Enable_DPLTx = 1, Enable_DPLF1 = 1, Enable_DPLF2 = 1 : NULL : WAIT = 0.2
00042 Command = 0, Enable_Fault_Reset = 0, Save_Configuration = 0, Enable_DPLTx = 0, Enable_DPLF1 = 0, Enable_DPLF2 = 0 : NULL
00043 #switch input to load line
00043 J2_02 = 1 : NULL : WAIT = 1
00044 
00044 #TESTING - ModeIndex 0 PortIndex 1
00044 AfgFreqSet = 100 : NULL : WAIT = 0.1
00045 #test for lockup
00045 UUT_TXCHECK-2.0
00045 PASS: UUT_TXCHECK (FREQ1)
00046 NULL : Hertz_Count_Input1B = 0 | 0.1 | 0.1
00046 TEST: Hertz_Count_Input1B 0.0 +/- 0.1
00046 PASS: Hertz_Count_Input1B 0.0
00047 J0_11_FREQ_GEN = 1 : NULL : WAIT = 0.1
00048 NULL : Hertz_Count_Input1B = 100 | 30 | 0.1
00048 TEST: Hertz_Count_Input1B 100.0 +/- 30.0
00048 PASS: Hertz_Count_Input1B 99.0
00049 J0_11_FREQ_GEN = 0 : NULL : WAIT = 0.1
00050 NULL : Hertz_Count_Input1B = 0 | 0.1 | 0.1
00050 TEST: Hertz_Count_Input1B 0.0 +/- 0.1
00050 PASS: Hertz_Count_Input1B 0.0
00051 
00051 #Finished with port
00051 #switch out input
00051 J2_02 = 0 : NULL : WAIT = 0.1
00052 
00052 #cycle IGN to reset lockup
00052 RLY_K1 = 1 : NULL : WAIT = 2
00053 RLY_K1 = 0 : NULL : WAIT = 2
00054 #-----setup 39009-----
00054 #configure
00054 Command = 82, MODE1 = 0, MODE2 = 0, Enable_24VDC = 0, Analog_Raw_Value = 0 : NULL : WAIT = 0.2
00055 Command = 0, MODE1 = 0, MODE2 = 0, Enable_24VDC = 0, Analog_Raw_Value = 0 : NULL
00056 Command = 83, MODE1A = 4, MODE1B = 7, MODE2A = 1, MODE2B = 1, MODE3A = 1, MODE3B = 4, MODE4A = 1, MODE4B = 1, MODE5A = 6, MODE5B = 6, MODE6A = 1, MODE6B = 1, MODE7A = 6, MODE7B = 6 : NULL : WAIT = 0.2
00057 Command = 0, MODE1A = 0, MODE1B = 0, MODE2A = 0, MODE2B = 0, MODE3A = 0, MODE3B = 0, MODE4A = 0, MODE4B = 0, MODE5A = 0, MODE5B = 0, MODE6A = 0, MODE6B = 0, MODE7A = 0, MODE7B = 0 : NULL
00058 Command = 84, MODE8A = 1, MODE8B = 1, MODE9A = 6, MODE9B = 6, MODE10A = 1, MODE10B = 1, GLOBAL_KP = 255, GLOBAL_KI = 255 : NULL : WAIT = 0.2
00059 Command = 0, MODE8A = 0, MODE8B = 0, MODE9A = 0, MODE9B = 0, MODE10A = 0, MODE10B = 0, GLOBAL_KP = 0, GLOBAL_KI = 0 : NULL
00060 Command = 82, Enable_Fault_Reset = 1, Save_Configuration = 1, Enable_DPLTx = 1, Enable_DPLF1 = 1, Enable_DPLF2 = 1 : NULL : WAIT = 0.2
00061 Command = 0, Enable_Fault_Reset = 0, Save_Configuration = 0, Enable_DPLTx = 0, Enable_DPLF1 = 0, Enable_DPLF2 = 0 : NULL
00062 #switch input to load line
00062 J2_03 = 1 : NULL : WAIT = 1
00063 
00063 #TESTING - ModeIndex 0 PortIndex 2
00063 J4_01 = 1 : NULL : WAIT = 0.1
00064 SWEEP-RUNNING DEATHSWEEP!
Connected: RIGOL TECHNOLOGIES,DP832,DP8C180100022,00.01.19
VISA resource: USB0::0x1AB1::0x0E11::DP8C180100022::INSTR
Sweeping CH2 mode=updown: 4.320000 V -> 4.430000 V -> 4.320000 V in 0.001000 V steps (221 points)
       0/220 set=4.320000 V elapsed=0.031s rate=32.26 steps/s
      50/220 set=4.370000 V elapsed=1.140s rate=44.74 steps/s eta=3.800s
     100/220 set=4.420000 V elapsed=2.172s rate=46.50 steps/s eta=2.581s
     150/220 set=4.390000 V elapsed=3.250s rate=46.46 steps/s eta=1.507s
     200/220 set=4.340000 V elapsed=4.344s rate=46.27 steps/s eta=0.432s
Sweep complete. Elapsed: 4.765s
Output turned OFF.


00064 J4_01 = 0 : NULL : WAIT = 0.1
00065 #test for lockup
00065 UUT_TXCHECK-2.0
00065 PASS: UUT_TXCHECK (AD4)
00066 #Finished with port
00066 #switch out input
00066 J2_03 = 0 : NULL : WAIT = 0.1
00067 
00067 #cycle IGN to reset lockup
00067 RLY_K1 = 1 : NULL : WAIT = 2
00068 RLY_K1 = 0 : NULL : WAIT = 2
00069 #-----setup 39009-----
00069 #configure
00069 Command = 82, MODE1 = 0, MODE2 = 0, Enable_24VDC = 0, Analog_Raw_Value = 0 : NULL : WAIT = 0.2
00070 Command = 0, MODE1 = 0, MODE2 = 0, Enable_24VDC = 0, Analog_Raw_Value = 0 : NULL
00071 Command = 83, MODE1A = 4, MODE1B = 7, MODE2A = 1, MODE2B = 1, MODE3A = 1, MODE3B = 4, MODE4A = 1, MODE4B = 1, MODE5A = 6, MODE5B = 6, MODE6A = 1, MODE6B = 1, MODE7A = 6, MODE7B = 6 : NULL : WAIT = 0.2
00072 Command = 0, MODE1A = 0, MODE1B = 0, MODE2A = 0, MODE2B = 0, MODE3A = 0, MODE3B = 0, MODE4A = 0, MODE4B = 0, MODE5A = 0, MODE5B = 0, MODE6A = 0, MODE6B = 0, MODE7A = 0, MODE7B = 0 : NULL
00073 Command = 84, MODE8A = 1, MODE8B = 1, MODE9A = 6, MODE9B = 6, MODE10A = 1, MODE10B = 1, GLOBAL_KP = 255, GLOBAL_KI = 255 : NULL : WAIT = 0.2
00074 Command = 0, MODE8A = 0, MODE8B = 0, MODE9A = 0, MODE9B = 0, MODE10A = 0, MODE10B = 0, GLOBAL_KP = 0, GLOBAL_KI = 0 : NULL
00075 Command = 82, Enable_Fault_Reset = 1, Save_Configuration = 1, Enable_DPLTx = 1, Enable_DPLF1 = 1, Enable_DPLF2 = 1 : NULL : WAIT = 0.2
00076 Command = 0, Enable_Fault_Reset = 0, Save_Configuration = 0, Enable_DPLTx = 0, Enable_DPLF1 = 0, Enable_DPLF2 = 0 : NULL
00077 #switch input to load line
00077 J2_04 = 1 : NULL : WAIT = 1
00078 
00078 #TESTING - ModeIndex 0 PortIndex 3
00078 J4_01 = 1 : NULL : WAIT = 0.1
00079 SWEEP-RUNNING DEATHSWEEP!
Connected: RIGOL TECHNOLOGIES,DP832,DP8C180100022,00.01.19
VISA resource: USB0::0x1AB1::0x0E11::DP8C180100022::INSTR
Sweeping CH2 mode=updown: 4.320000 V -> 4.430000 V -> 4.320000 V in 0.001000 V steps (221 points)
       0/220 set=4.320000 V elapsed=0.031s rate=32.26 steps/s
      50/220 set=4.370000 V elapsed=1.094s rate=46.62 steps/s eta=3.647s
     100/220 set=4.420000 V elapsed=2.156s rate=46.85 steps/s eta=2.562s
     150/220 set=4.390000 V elapsed=3.234s rate=46.69 steps/s eta=1.499s
     200/220 set=4.340000 V elapsed=4.359s rate=46.11 steps/s eta=0.434s
Sweep complete. Elapsed: 4.781s
Output turned OFF.


00079 J4_01 = 0 : NULL : WAIT = 0.1
00080 #test for lockup
00080 UUT_TXCHECK-2.0
00080 PASS: UUT_TXCHECK (DPLF1)
00081 #Finished with port
00081 #switch out input
00081 J2_04 = 0 : NULL : WAIT = 0.1
00082 
00082 
00082 #Finished with mode
00082 #cycle IGN to reset lockup
00082 RLY_K1 = 1 : NULL : WAIT = 2
00083 RLY_K1 = 0 : NULL : WAIT = 2
00084 #-----setup 39009-----
00084 #configure
00084 Command = 82, MODE1 = 0, MODE2 = 0, Enable_24VDC = 0, Analog_Raw_Value = 0 : NULL : WAIT = 0.2
00085 Command = 0, MODE1 = 0, MODE2 = 0, Enable_24VDC = 0, Analog_Raw_Value = 0 : NULL
00086 Command = 83, MODE1A = 7, MODE1B = 4, MODE2A = 1, MODE2B = 1, MODE3A = 4, MODE3B = 1, MODE4A = 1, MODE4B = 1, MODE5A = 6, MODE5B = 6, MODE6A = 1, MODE6B = 1, MODE7A = 6, MODE7B = 6 : NULL : WAIT = 0.2
00087 Command = 0, MODE1A = 0, MODE1B = 0, MODE2A = 0, MODE2B = 0, MODE3A = 0, MODE3B = 0, MODE4A = 0, MODE4B = 0, MODE5A = 0, MODE5B = 0, MODE6A = 0, MODE6B = 0, MODE7A = 0, MODE7B = 0 : NULL
00088 Command = 84, MODE8A = 1, MODE8B = 1, MODE9A = 6, MODE9B = 6, MODE10A = 1, MODE10B = 1, GLOBAL_KP = 255, GLOBAL_KI = 255 : NULL : WAIT = 0.2
00089 Command = 0, MODE8A = 0, MODE8B = 0, MODE9A = 0, MODE9B = 0, MODE10A = 0, MODE10B = 0, GLOBAL_KP = 0, GLOBAL_KI = 0 : NULL
00090 Command = 82, Enable_Fault_Reset = 1, Save_Configuration = 1, Enable_DPLTx = 1, Enable_DPLF1 = 1, Enable_DPLF2 = 1 : NULL : WAIT = 0.2
00091 Command = 0, Enable_Fault_Reset = 0, Save_Configuration = 0, Enable_DPLTx = 0, Enable_DPLF1 = 0, Enable_DPLF2 = 0 : NULL
00092 #switch input to load line
00092 J2_01 = 1 : NULL : WAIT = 1
00093 
00093 #TESTING - ModeIndex 1 PortIndex 0
00093 AfgFreqSet = 100 : NULL : WAIT = 0.1
00094 #test for lockup
00094 UUT_TXCHECK-2.0
00094 PASS: UUT_TXCHECK (FREQ1)
00095 NULL : Hertz_Count_Input1A = 0 | 0.1 | 0.1
00095 TEST: Hertz_Count_Input1A 0.0 +/- 0.1
00095 PASS: Hertz_Count_Input1A 0.0
00096 J0_11_FREQ_GEN = 1 : NULL : WAIT = 0.1
00097 NULL : Hertz_Count_Input1A = 100 | 30 | 0.1
00097 TEST: Hertz_Count_Input1A 100.0 +/- 30.0
00097 FAIL: Hertz_Count_Input1A 0.0
00098 J0_11_FREQ_GEN = 0 : NULL : WAIT = 0.1
00099 NULL : Hertz_Count_Input1A = 0 | 0.1 | 0.1
00099 TEST: Hertz_Count_Input1A 0.0 +/- 0.1
00099 PASS: Hertz_Count_Input1A 0.0
00100 
00100 #Finished with port
00100 #switch out input
00100 J2_01 = 0 : NULL : WAIT = 0.1
00101 
00101 #cycle IGN to reset lockup
00101 RLY_K1 = 1 : NULL : WAIT = 2
00102 RLY_K1 = 0 : NULL : WAIT = 2
00103 #-----setup 39009-----
00103 #configure
00103 Command = 82, MODE1 = 0, MODE2 = 0, Enable_24VDC = 0, Analog_Raw_Value = 0 : NULL : WAIT = 0.2
00104 Command = 0, MODE1 = 0, MODE2 = 0, Enable_24VDC = 0, Analog_Raw_Value = 0 : NULL
00105 Command = 83, MODE1A = 7, MODE1B = 4, MODE2A = 1, MODE2B = 1, MODE3A = 4, MODE3B = 1, MODE4A = 1, MODE4B = 1, MODE5A = 6, MODE5B = 6, MODE6A = 1, MODE6B = 1, MODE7A = 6, MODE7B = 6 : NULL : WAIT = 0.2
00106 Command = 0, MODE1A = 0, MODE1B = 0, MODE2A = 0, MODE2B = 0, MODE3A = 0, MODE3B = 0, MODE4A = 0, MODE4B = 0, MODE5A = 0, MODE5B = 0, MODE6A = 0, MODE6B = 0, MODE7A = 0, MODE7B = 0 : NULL
00107 Command = 84, MODE8A = 1, MODE8B = 1, MODE9A = 6, MODE9B = 6, MODE10A = 1, MODE10B = 1, GLOBAL_KP = 255, GLOBAL_KI = 255 : NULL : WAIT = 0.2
00108 Command = 0, MODE8A = 0, MODE8B = 0, MODE9A = 0, MODE9B = 0, MODE10A = 0, MODE10B = 0, GLOBAL_KP = 0, GLOBAL_KI = 0 : NULL
00109 Command = 82, Enable_Fault_Reset = 1, Save_Configuration = 1, Enable_DPLTx = 1, Enable_DPLF1 = 1, Enable_DPLF2 = 1 : NULL : WAIT = 0.2
00110 Command = 0, Enable_Fault_Reset = 0, Save_Configuration = 0, Enable_DPLTx = 0, Enable_DPLF1 = 0, Enable_DPLF2 = 0 : NULL
00111 #switch input to load line
00111 J2_02 = 1 : NULL : WAIT = 1
00112 
00112 #TESTING - ModeIndex 1 PortIndex 1
00112 J4_01 = 1 : NULL : WAIT = 0.1
00113 SWEEP-RUNNING DEATHSWEEP!
Connected: RIGOL TECHNOLOGIES,DP832,DP8C180100022,00.01.19
VISA resource: USB0::0x1AB1::0x0E11::DP8C180100022::INSTR
Sweeping CH2 mode=updown: 4.320000 V -> 4.430000 V -> 4.320000 V in 0.001000 V steps (221 points)
       0/220 set=4.320000 V elapsed=0.032s rate=31.25 steps/s
      50/220 set=4.370000 V elapsed=1.094s rate=46.62 steps/s eta=3.647s
     100/220 set=4.420000 V elapsed=2.157s rate=46.82 steps/s eta=2.563s
     150/220 set=4.390000 V elapsed=3.219s rate=46.91 steps/s eta=1.492s
     200/220 set=4.340000 V elapsed=4.282s rate=46.94 steps/s eta=0.426s
Sweep complete. Elapsed: 4.703s
Output turned OFF.


00113 J4_01 = 0 : NULL : WAIT = 0.1
00114 #test for lockup
00114 UUT_TXCHECK-2.0
00114 PASS: UUT_TXCHECK (FREQ1)
00115 #Finished with port
00115 #switch out input
00115 J2_02 = 0 : NULL : WAIT = 0.1
00116 
00116 #cycle IGN to reset lockup
00116 RLY_K1 = 1 : NULL : WAIT = 2
00117 RLY_K1 = 0 : NULL : WAIT = 2
00118 #-----setup 39009-----
00118 #configure
00118 Command = 82, MODE1 = 0, MODE2 = 0, Enable_24VDC = 0, Analog_Raw_Value = 0 : NULL : WAIT = 0.2
00119 Command = 0, MODE1 = 0, MODE2 = 0, Enable_24VDC = 0, Analog_Raw_Value = 0 : NULL
00120 Command = 83, MODE1A = 7, MODE1B = 4, MODE2A = 1, MODE2B = 1, MODE3A = 4, MODE3B = 1, MODE4A = 1, MODE4B = 1, MODE5A = 6, MODE5B = 6, MODE6A = 1, MODE6B = 1, MODE7A = 6, MODE7B = 6 : NULL : WAIT = 0.2
00121 Command = 0, MODE1A = 0, MODE1B = 0, MODE2A = 0, MODE2B = 0, MODE3A = 0, MODE3B = 0, MODE4A = 0, MODE4B = 0, MODE5A = 0, MODE5B = 0, MODE6A = 0, MODE6B = 0, MODE7A = 0, MODE7B = 0 : NULL
00122 Command = 84, MODE8A = 1, MODE8B = 1, MODE9A = 6, MODE9B = 6, MODE10A = 1, MODE10B = 1, GLOBAL_KP = 255, GLOBAL_KI = 255 : NULL : WAIT = 0.2
00123 Command = 0, MODE8A = 0, MODE8B = 0, MODE9A = 0, MODE9B = 0, MODE10A = 0, MODE10B = 0, GLOBAL_KP = 0, GLOBAL_KI = 0 : NULL
00124 Command = 82, Enable_Fault_Reset = 1, Save_Configuration = 1, Enable_DPLTx = 1, Enable_DPLF1 = 1, Enable_DPLF2 = 1 : NULL : WAIT = 0.2
00125 Command = 0, Enable_Fault_Reset = 0, Save_Configuration = 0, Enable_DPLTx = 0, Enable_DPLF1 = 0, Enable_DPLF2 = 0 : NULL
00126 #switch input to load line
00126 J2_03 = 1 : NULL : WAIT = 1
00127 
00127 #TESTING - ModeIndex 1 PortIndex 2
00127 J4_01 = 1 : NULL : WAIT = 0.1
00128 SWEEP-RUNNING DEATHSWEEP!
Connected: RIGOL TECHNOLOGIES,DP832,DP8C180100022,00.01.19
VISA resource: USB0::0x1AB1::0x0E11::DP8C180100022::INSTR
Sweeping CH2 mode=updown: 4.320000 V -> 4.430000 V -> 4.320000 V in 0.001000 V steps (221 points)
       0/220 set=4.320000 V elapsed=0.031s rate=32.26 steps/s
      50/220 set=4.370000 V elapsed=1.094s rate=46.62 steps/s eta=3.647s
     100/220 set=4.420000 V elapsed=2.188s rate=46.16 steps/s eta=2.600s
     150/220 set=4.390000 V elapsed=3.250s rate=46.46 steps/s eta=1.507s
     200/220 set=4.340000 V elapsed=4.359s rate=46.11 steps/s eta=0.434s
Sweep complete. Elapsed: 4.781s
Output turned OFF.


00128 J4_01 = 0 : NULL : WAIT = 0.1
00129 #test for lockup
00129 UUT_TXCHECK-2.0
00129 PASS: UUT_TXCHECK (FREQ1)
00130 #Finished with port
00130 #switch out input
00130 J2_03 = 0 : NULL : WAIT = 0.1
00131 
00131 #cycle IGN to reset lockup
00131 RLY_K1 = 1 : NULL : WAIT = 2
00132 RLY_K1 = 0 : NULL : WAIT = 2
00133 #-----setup 39009-----
00133 #configure
00133 Command = 82, MODE1 = 0, MODE2 = 0, Enable_24VDC = 0, Analog_Raw_Value = 0 : NULL : WAIT = 0.2
00134 Command = 0, MODE1 = 0, MODE2 = 0, Enable_24VDC = 0, Analog_Raw_Value = 0 : NULL
00135 Command = 83, MODE1A = 7, MODE1B = 4, MODE2A = 1, MODE2B = 1, MODE3A = 4, MODE3B = 1, MODE4A = 1, MODE4B = 1, MODE5A = 6, MODE5B = 6, MODE6A = 1, MODE6B = 1, MODE7A = 6, MODE7B = 6 : NULL : WAIT = 0.2
00136 Command = 0, MODE1A = 0, MODE1B = 0, MODE2A = 0, MODE2B = 0, MODE3A = 0, MODE3B = 0, MODE4A = 0, MODE4B = 0, MODE5A = 0, MODE5B = 0, MODE6A = 0, MODE6B = 0, MODE7A = 0, MODE7B = 0 : NULL
00137 Command = 84, MODE8A = 1, MODE8B = 1, MODE9A = 6, MODE9B = 6, MODE10A = 1, MODE10B = 1, GLOBAL_KP = 255, GLOBAL_KI = 255 : NULL : WAIT = 0.2
00138 Command = 0, MODE8A = 0, MODE8B = 0, MODE9A = 0, MODE9B = 0, MODE10A = 0, MODE10B = 0, GLOBAL_KP = 0, GLOBAL_KI = 0 : NULL
00139 Command = 82, Enable_Fault_Reset = 1, Save_Configuration = 1, Enable_DPLTx = 1, Enable_DPLF1 = 1, Enable_DPLF2 = 1 : NULL : WAIT = 0.2
00140 Command = 0, Enable_Fault_Reset = 0, Save_Configuration = 0, Enable_DPLTx = 0, Enable_DPLF1 = 0, Enable_DPLF2 = 0 : NULL
00141 #switch input to load line
00141 J2_04 = 1 : NULL : WAIT = 1
00142 
00142 #TESTING - ModeIndex 1 PortIndex 3
00142 J4_01 = 1 : NULL : WAIT = 0.1
00143 SWEEP-RUNNING DEATHSWEEP!
Connected: RIGOL TECHNOLOGIES,DP832,DP8C180100022,00.01.19
VISA resource: USB0::0x1AB1::0x0E11::DP8C180100022::INSTR
Sweeping CH2 mode=updown: 4.320000 V -> 4.430000 V -> 4.320000 V in 0.001000 V steps (221 points)
       0/220 set=4.320000 V elapsed=0.015s rate=66.67 steps/s
      50/220 set=4.370000 V elapsed=1.094s rate=46.62 steps/s eta=3.647s
     100/220 set=4.420000 V elapsed=2.156s rate=46.85 steps/s eta=2.562s
     150/220 set=4.390000 V elapsed=3.250s rate=46.46 steps/s eta=1.507s
     200/220 set=4.340000 V elapsed=4.328s rate=46.44 steps/s eta=0.431s
Sweep complete. Elapsed: 4.765s
Output turned OFF.


00143 J4_01 = 0 : NULL : WAIT = 0.1
00144 #test for lockup
00144 UUT_TXCHECK-2.0
00144 PASS: UUT_TXCHECK (DPLF1)
00145 #Finished with port
00145 #switch out input
00145 J2_04 = 0 : NULL : WAIT = 0.1
00146 
00146 
00146 #Finished with mode
00146 #cycle IGN to reset lockup
00146 RLY_K1 = 1 : NULL : WAIT = 2
00147 RLY_K1 = 0 : NULL : WAIT = 2
00148 #-----setup 39009-----
00148 #configure
00148 Command = 82, MODE1 = 0, MODE2 = 0, Enable_24VDC = 0, Analog_Raw_Value = 0 : NULL : WAIT = 0.2
00149 Command = 0, MODE1 = 0, MODE2 = 0, Enable_24VDC = 0, Analog_Raw_Value = 0 : NULL
00150 Command = 83, MODE1A = 4, MODE1B = 4, MODE2A = 1, MODE2B = 1, MODE3A = 4, MODE3B = 4, MODE4A = 1, MODE4B = 1, MODE5A = 6, MODE5B = 6, MODE6A = 1, MODE6B = 1, MODE7A = 6, MODE7B = 6 : NULL : WAIT = 0.2
00151 Command = 0, MODE1A = 0, MODE1B = 0, MODE2A = 0, MODE2B = 0, MODE3A = 0, MODE3B = 0, MODE4A = 0, MODE4B = 0, MODE5A = 0, MODE5B = 0, MODE6A = 0, MODE6B = 0, MODE7A = 0, MODE7B = 0 : NULL
00152 Command = 84, MODE8A = 1, MODE8B = 1, MODE9A = 6, MODE9B = 6, MODE10A = 1, MODE10B = 1, GLOBAL_KP = 255, GLOBAL_KI = 255 : NULL : WAIT = 0.2
00153 Command = 0, MODE8A = 0, MODE8B = 0, MODE9A = 0, MODE9B = 0, MODE10A = 0, MODE10B = 0, GLOBAL_KP = 0, GLOBAL_KI = 0 : NULL
00154 Command = 82, Enable_Fault_Reset = 1, Save_Configuration = 1, Enable_DPLTx = 1, Enable_DPLF1 = 1, Enable_DPLF2 = 1 : NULL : WAIT = 0.2
00155 Command = 0, Enable_Fault_Reset = 0, Save_Configuration = 0, Enable_DPLTx = 0, Enable_DPLF1 = 0, Enable_DPLF2 = 0 : NULL
00156 #switch input to load line
00156 J2_01 = 1 : NULL : WAIT = 1
00157 
00157 #TESTING - ModeIndex 2 PortIndex 0
00157 J4_01 = 1 : NULL : WAIT = 0.1
00158 SWEEP-RUNNING DEATHSWEEP!
Connected: RIGOL TECHNOLOGIES,DP832,DP8C180100022,00.01.19
VISA resource: USB0::0x1AB1::0x0E11::DP8C180100022::INSTR
Sweeping CH2 mode=updown: 4.320000 V -> 4.430000 V -> 4.320000 V in 0.001000 V steps (221 points)
       0/220 set=4.320000 V elapsed=0.047s rate=21.28 steps/s
      50/220 set=4.370000 V elapsed=1.141s rate=44.70 steps/s eta=3.803s
     100/220 set=4.420000 V elapsed=2.250s rate=44.89 steps/s eta=2.673s
     150/220 set=4.390000 V elapsed=3.328s rate=45.37 steps/s eta=1.543s
     200/220 set=4.340000 V elapsed=4.391s rate=45.78 steps/s eta=0.437s
Sweep complete. Elapsed: 4.812s
Output turned OFF.


00158 J4_01 = 0 : NULL : WAIT = 0.1
00159 #test for lockup
00159 UUT_TXCHECK-2.0
00159 PASS: UUT_TXCHECK (DPLF1)
00160 #Finished with port
00160 #switch out input
00160 J2_01 = 0 : NULL : WAIT = 0.1
00161 
00161 #cycle IGN to reset lockup
00161 RLY_K1 = 1 : NULL : WAIT = 2
00162 RLY_K1 = 0 : NULL : WAIT = 2
00163 #-----setup 39009-----
00163 #configure
00163 Command = 82, MODE1 = 0, MODE2 = 0, Enable_24VDC = 0, Analog_Raw_Value = 0 : NULL : WAIT = 0.2
00164 Command = 0, MODE1 = 0, MODE2 = 0, Enable_24VDC = 0, Analog_Raw_Value = 0 : NULL
00165 Command = 83, MODE1A = 4, MODE1B = 4, MODE2A = 1, MODE2B = 1, MODE3A = 4, MODE3B = 4, MODE4A = 1, MODE4B = 1, MODE5A = 6, MODE5B = 6, MODE6A = 1, MODE6B = 1, MODE7A = 6, MODE7B = 6 : NULL : WAIT = 0.2
00166 Command = 0, MODE1A = 0, MODE1B = 0, MODE2A = 0, MODE2B = 0, MODE3A = 0, MODE3B = 0, MODE4A = 0, MODE4B = 0, MODE5A = 0, MODE5B = 0, MODE6A = 0, MODE6B = 0, MODE7A = 0, MODE7B = 0 : NULL
00167 Command = 84, MODE8A = 1, MODE8B = 1, MODE9A = 6, MODE9B = 6, MODE10A = 1, MODE10B = 1, GLOBAL_KP = 255, GLOBAL_KI = 255 : NULL : WAIT = 0.2
00168 Command = 0, MODE8A = 0, MODE8B = 0, MODE9A = 0, MODE9B = 0, MODE10A = 0, MODE10B = 0, GLOBAL_KP = 0, GLOBAL_KI = 0 : NULL
00169 Command = 82, Enable_Fault_Reset = 1, Save_Configuration = 1, Enable_DPLTx = 1, Enable_DPLF1 = 1, Enable_DPLF2 = 1 : NULL : WAIT = 0.2
00170 Command = 0, Enable_Fault_Reset = 0, Save_Configuration = 0, Enable_DPLTx = 0, Enable_DPLF1 = 0, Enable_DPLF2 = 0 : NULL
00171 #switch input to load line
00171 J2_02 = 1 : NULL : WAIT = 1
00172 
00172 #TESTING - ModeIndex 2 PortIndex 1
00172 J4_01 = 1 : NULL : WAIT = 0.1
00173 SWEEP-RUNNING DEATHSWEEP!
Connected: RIGOL TECHNOLOGIES,DP832,DP8C180100022,00.01.19
VISA resource: USB0::0x1AB1::0x0E11::DP8C180100022::INSTR
Sweeping CH2 mode=updown: 4.320000 V -> 4.430000 V -> 4.320000 V in 0.001000 V steps (221 points)
       0/220 set=4.320000 V elapsed=0.031s rate=32.26 steps/s
      50/220 set=4.370000 V elapsed=1.109s rate=45.99 steps/s eta=3.697s
     100/220 set=4.420000 V elapsed=2.219s rate=45.52 steps/s eta=2.636s
     150/220 set=4.390000 V elapsed=3.312s rate=45.59 steps/s eta=1.535s
     200/220 set=4.340000 V elapsed=4.375s rate=45.94 steps/s eta=0.435s
Sweep complete. Elapsed: 4.828s
Output turned OFF.


00173 J4_01 = 0 : NULL : WAIT = 0.1
00174 #test for lockup
00174 UUT_TXCHECK-2.0
00174 PASS: UUT_TXCHECK (DPLT3)
00175 #Finished with port
00175 #switch out input
00175 J2_02 = 0 : NULL : WAIT = 0.1
00176 
00176 #cycle IGN to reset lockup
00176 RLY_K1 = 1 : NULL : WAIT = 2
00177 RLY_K1 = 0 : NULL : WAIT = 2
00178 #-----setup 39009-----
00178 #configure
00178 Command = 82, MODE1 = 0, MODE2 = 0, Enable_24VDC = 0, Analog_Raw_Value = 0 : NULL : WAIT = 0.2
00179 Command = 0, MODE1 = 0, MODE2 = 0, Enable_24VDC = 0, Analog_Raw_Value = 0 : NULL
00180 Command = 83, MODE1A = 4, MODE1B = 4, MODE2A = 1, MODE2B = 1, MODE3A = 4, MODE3B = 4, MODE4A = 1, MODE4B = 1, MODE5A = 6, MODE5B = 6, MODE6A = 1, MODE6B = 1, MODE7A = 6, MODE7B = 6 : NULL : WAIT = 0.2
00181 Command = 0, MODE1A = 0, MODE1B = 0, MODE2A = 0, MODE2B = 0, MODE3A = 0, MODE3B = 0, MODE4A = 0, MODE4B = 0, MODE5A = 0, MODE5B = 0, MODE6A = 0, MODE6B = 0, MODE7A = 0, MODE7B = 0 : NULL
00182 Command = 84, MODE8A = 1, MODE8B = 1, MODE9A = 6, MODE9B = 6, MODE10A = 1, MODE10B = 1, GLOBAL_KP = 255, GLOBAL_KI = 255 : NULL : WAIT = 0.2
00183 Command = 0, MODE8A = 0, MODE8B = 0, MODE9A = 0, MODE9B = 0, MODE10A = 0, MODE10B = 0, GLOBAL_KP = 0, GLOBAL_KI = 0 : NULL
00184 Command = 82, Enable_Fault_Reset = 1, Save_Configuration = 1, Enable_DPLTx = 1, Enable_DPLF1 = 1, Enable_DPLF2 = 1 : NULL : WAIT = 0.2
00185 Command = 0, Enable_Fault_Reset = 0, Save_Configuration = 0, Enable_DPLTx = 0, Enable_DPLF1 = 0, Enable_DPLF2 = 0 : NULL
00186 #switch input to load line
00186 J2_03 = 1 : NULL : WAIT = 1
00187 
00187 #TESTING - ModeIndex 2 PortIndex 2
00187 J4_01 = 1 : NULL : WAIT = 0.1
00188 SWEEP-RUNNING DEATHSWEEP!
Connected: RIGOL TECHNOLOGIES,DP832,DP8C180100022,00.01.19
VISA resource: USB0::0x1AB1::0x0E11::DP8C180100022::INSTR
Sweeping CH2 mode=updown: 4.320000 V -> 4.430000 V -> 4.320000 V in 0.001000 V steps (221 points)
       0/220 set=4.320000 V elapsed=0.016s rate=62.50 steps/s
      50/220 set=4.370000 V elapsed=1.094s rate=46.62 steps/s eta=3.647s
     100/220 set=4.420000 V elapsed=2.187s rate=46.18 steps/s eta=2.598s
     150/220 set=4.390000 V elapsed=3.250s rate=46.46 steps/s eta=1.507s
     200/220 set=4.340000 V elapsed=4.312s rate=46.61 steps/s eta=0.429s
Sweep complete. Elapsed: 4.719s
Output turned OFF.


00188 J4_01 = 0 : NULL : WAIT = 0.1
00189 #test for lockup
00189 UUT_TXCHECK-2.0
00189 PASS: UUT_TXCHECK (FAULT)
00190 #Finished with port
00190 #switch out input
00190 J2_03 = 0 : NULL : WAIT = 0.1
00191 
00191 #cycle IGN to reset lockup
00191 RLY_K1 = 1 : NULL : WAIT = 2
00192 RLY_K1 = 0 : NULL : WAIT = 2
00193 #-----setup 39009-----
00193 #configure
00193 Command = 82, MODE1 = 0, MODE2 = 0, Enable_24VDC = 0, Analog_Raw_Value = 0 : NULL : WAIT = 0.2
00194 Command = 0, MODE1 = 0, MODE2 = 0, Enable_24VDC = 0, Analog_Raw_Value = 0 : NULL
00195 Command = 83, MODE1A = 4, MODE1B = 4, MODE2A = 1, MODE2B = 1, MODE3A = 4, MODE3B = 4, MODE4A = 1, MODE4B = 1, MODE5A = 6, MODE5B = 6, MODE6A = 1, MODE6B = 1, MODE7A = 6, MODE7B = 6 : NULL : WAIT = 0.2
00196 Command = 0, MODE1A = 0, MODE1B = 0, MODE2A = 0, MODE2B = 0, MODE3A = 0, MODE3B = 0, MODE4A = 0, MODE4B = 0, MODE5A = 0, MODE5B = 0, MODE6A = 0, MODE6B = 0, MODE7A = 0, MODE7B = 0 : NULL
00197 Command = 84, MODE8A = 1, MODE8B = 1, MODE9A = 6, MODE9B = 6, MODE10A = 1, MODE10B = 1, GLOBAL_KP = 255, GLOBAL_KI = 255 : NULL : WAIT = 0.2
00198 Command = 0, MODE8A = 0, MODE8B = 0, MODE9A = 0, MODE9B = 0, MODE10A = 0, MODE10B = 0, GLOBAL_KP = 0, GLOBAL_KI = 0 : NULL
00199 Command = 82, Enable_Fault_Reset = 1, Save_Configuration = 1, Enable_DPLTx = 1, Enable_DPLF1 = 1, Enable_DPLF2 = 1 : NULL : WAIT = 0.2
00200 Command = 0, Enable_Fault_Reset = 0, Save_Configuration = 0, Enable_DPLTx = 0, Enable_DPLF1 = 0, Enable_DPLF2 = 0 : NULL
00201 #switch input to load line
00201 J2_04 = 1 : NULL : WAIT = 1
00202 
00202 #TESTING - ModeIndex 2 PortIndex 3
00202 J4_01 = 1 : NULL : WAIT = 0.1
00203 SWEEP-RUNNING DEATHSWEEP!
Connected: RIGOL TECHNOLOGIES,DP832,DP8C180100022,00.01.19
VISA resource: USB0::0x1AB1::0x0E11::DP8C180100022::INSTR
Sweeping CH2 mode=updown: 4.320000 V -> 4.430000 V -> 4.320000 V in 0.001000 V steps (221 points)
       0/220 set=4.320000 V elapsed=0.046s rate=21.74 steps/s
      50/220 set=4.370000 V elapsed=1.125s rate=45.33 steps/s eta=3.750s
     100/220 set=4.420000 V elapsed=2.187s rate=46.18 steps/s eta=2.598s
     150/220 set=4.390000 V elapsed=3.281s rate=46.02 steps/s eta=1.521s
     200/220 set=4.340000 V elapsed=4.390s rate=45.79 steps/s eta=0.437s
Sweep complete. Elapsed: 4.828s
Output turned OFF.


00203 J4_01 = 0 : NULL : WAIT = 0.1
00204 #test for lockup
00204 UUT_TXCHECK-2.0
00204 PASS: UUT_TXCHECK (DPLF1)
00205 #Finished with port
00205 #switch out input
00205 J2_04 = 0 : NULL : WAIT = 0.1
00206 
00206 
00206 #Finished with mode
00206 #cycle IGN to reset lockup
00206 RLY_K1 = 1 : NULL : WAIT = 2
00207 RLY_K1 = 0 : NULL : WAIT = 2
00208 #-----setup 39009-----
00208 #configure
00208 Command = 82, MODE1 = 0, MODE2 = 0, Enable_24VDC = 0, Analog_Raw_Value = 0 : NULL : WAIT = 0.2
00209 Command = 0, MODE1 = 0, MODE2 = 0, Enable_24VDC = 0, Analog_Raw_Value = 0 : NULL
00210 Command = 83, MODE1A = 4, MODE1B = 4, MODE2A = 1, MODE2B = 1, MODE3A = 4, MODE3B = 1, MODE4A = 1, MODE4B = 1, MODE5A = 6, MODE5B = 6, MODE6A = 1, MODE6B = 1, MODE7A = 6, MODE7B = 6 : NULL : WAIT = 0.2
00211 Command = 0, MODE1A = 0, MODE1B = 0, MODE2A = 0, MODE2B = 0, MODE3A = 0, MODE3B = 0, MODE4A = 0, MODE4B = 0, MODE5A = 0, MODE5B = 0, MODE6A = 0, MODE6B = 0, MODE7A = 0, MODE7B = 0 : NULL
00212 Command = 84, MODE8A = 1, MODE8B = 1, MODE9A = 6, MODE9B = 6, MODE10A = 1, MODE10B = 1, GLOBAL_KP = 255, GLOBAL_KI = 255 : NULL : WAIT = 0.2
00213 Command = 0, MODE8A = 0, MODE8B = 0, MODE9A = 0, MODE9B = 0, MODE10A = 0, MODE10B = 0, GLOBAL_KP = 0, GLOBAL_KI = 0 : NULL
00214 Command = 82, Enable_Fault_Reset = 1, Save_Configuration = 1, Enable_DPLTx = 1, Enable_DPLF1 = 1, Enable_DPLF2 = 1 : NULL : WAIT = 0.2
00215 Command = 0, Enable_Fault_Reset = 0, Save_Configuration = 0, Enable_DPLTx = 0, Enable_DPLF1 = 0, Enable_DPLF2 = 0 : NULL
00216 #switch input to load line
00216 J2_01 = 1 : NULL : WAIT = 1
00217 
00217 #TESTING - ModeIndex 3 PortIndex 0
00217 J4_01 = 1 : NULL : WAIT = 0.1
00218 SWEEP-RUNNING DEATHSWEEP!
Connected: RIGOL TECHNOLOGIES,DP832,DP8C180100022,00.01.19
VISA resource: USB0::0x1AB1::0x0E11::DP8C180100022::INSTR
Sweeping CH2 mode=updown: 4.320000 V -> 4.430000 V -> 4.320000 V in 0.001000 V steps (221 points)
       0/220 set=4.320000 V elapsed=0.016s rate=62.50 steps/s
      50/220 set=4.370000 V elapsed=1.109s rate=45.99 steps/s eta=3.697s
     100/220 set=4.420000 V elapsed=2.203s rate=45.85 steps/s eta=2.617s
     150/220 set=4.390000 V elapsed=3.312s rate=45.59 steps/s eta=1.535s
     200/220 set=4.340000 V elapsed=4.406s rate=45.62 steps/s eta=0.438s
Sweep complete. Elapsed: 4.812s
Output turned OFF.


00218 J4_01 = 0 : NULL : WAIT = 0.1
00219 #test for lockup
00219 UUT_TXCHECK-2.0
00219 PASS: UUT_TXCHECK (DPLF1)
00220 #Finished with port
00220 #switch out input
00220 J2_01 = 0 : NULL : WAIT = 0.1
00221 
00221 #cycle IGN to reset lockup
00221 RLY_K1 = 1 : NULL : WAIT = 2
00222 RLY_K1 = 0 : NULL : WAIT = 2
00223 #-----setup 39009-----
00223 #configure
00223 Command = 82, MODE1 = 0, MODE2 = 0, Enable_24VDC = 0, Analog_Raw_Value = 0 : NULL : WAIT = 0.2
00224 Command = 0, MODE1 = 0, MODE2 = 0, Enable_24VDC = 0, Analog_Raw_Value = 0 : NULL
00225 Command = 83, MODE1A = 4, MODE1B = 4, MODE2A = 1, MODE2B = 1, MODE3A = 4, MODE3B = 1, MODE4A = 1, MODE4B = 1, MODE5A = 6, MODE5B = 6, MODE6A = 1, MODE6B = 1, MODE7A = 6, MODE7B = 6 : NULL : WAIT = 0.2
00226 Command = 0, MODE1A = 0, MODE1B = 0, MODE2A = 0, MODE2B = 0, MODE3A = 0, MODE3B = 0, MODE4A = 0, MODE4B = 0, MODE5A = 0, MODE5B = 0, MODE6A = 0, MODE6B = 0, MODE7A = 0, MODE7B = 0 : NULL
00227 Command = 84, MODE8A = 1, MODE8B = 1, MODE9A = 6, MODE9B = 6, MODE10A = 1, MODE10B = 1, GLOBAL_KP = 255, GLOBAL_KI = 255 : NULL : WAIT = 0.2
00228 Command = 0, MODE8A = 0, MODE8B = 0, MODE9A = 0, MODE9B = 0, MODE10A = 0, MODE10B = 0, GLOBAL_KP = 0, GLOBAL_KI = 0 : NULL
00229 Command = 82, Enable_Fault_Reset = 1, Save_Configuration = 1, Enable_DPLTx = 1, Enable_DPLF1 = 1, Enable_DPLF2 = 1 : NULL : WAIT = 0.2
00230 Command = 0, Enable_Fault_Reset = 0, Save_Configuration = 0, Enable_DPLTx = 0, Enable_DPLF1 = 0, Enable_DPLF2 = 0 : NULL
00231 #switch input to load line
00231 J2_02 = 1 : NULL : WAIT = 1
00232 
00232 #TESTING - ModeIndex 3 PortIndex 1
00232 J4_01 = 1 : NULL : WAIT = 0.1
00233 SWEEP-RUNNING DEATHSWEEP!
Connected: RIGOL TECHNOLOGIES,DP832,DP8C180100022,00.01.19
VISA resource: USB0::0x1AB1::0x0E11::DP8C180100022::INSTR
Sweeping CH2 mode=updown: 4.320000 V -> 4.430000 V -> 4.320000 V in 0.001000 V steps (221 points)
       0/220 set=4.320000 V elapsed=0.047s rate=21.28 steps/s
      50/220 set=4.370000 V elapsed=1.125s rate=45.33 steps/s eta=3.750s
     100/220 set=4.420000 V elapsed=2.250s rate=44.89 steps/s eta=2.673s
     150/220 set=4.390000 V elapsed=3.328s rate=45.37 steps/s eta=1.543s
     200/220 set=4.340000 V elapsed=4.453s rate=45.14 steps/s eta=0.443s
Sweep complete. Elapsed: 4.891s
Output turned OFF.


00233 J4_01 = 0 : NULL : WAIT = 0.1
00234 #test for lockup
00234 UUT_TXCHECK-2.0
00234 PASS: UUT_TXCHECK (AD4)
00235 #Finished with port
00235 #switch out input
00235 J2_02 = 0 : NULL : WAIT = 0.1
00236 
00236 #cycle IGN to reset lockup
00236 RLY_K1 = 1 : NULL : WAIT = 2
00237 RLY_K1 = 0 : NULL : WAIT = 2
00238 #-----setup 39009-----
00238 #configure
00238 Command = 82, MODE1 = 0, MODE2 = 0, Enable_24VDC = 0, Analog_Raw_Value = 0 : NULL : WAIT = 0.2
00239 Command = 0, MODE1 = 0, MODE2 = 0, Enable_24VDC = 0, Analog_Raw_Value = 0 : NULL
00240 Command = 83, MODE1A = 4, MODE1B = 4, MODE2A = 1, MODE2B = 1, MODE3A = 4, MODE3B = 1, MODE4A = 1, MODE4B = 1, MODE5A = 6, MODE5B = 6, MODE6A = 1, MODE6B = 1, MODE7A = 6, MODE7B = 6 : NULL : WAIT = 0.2
00241 Command = 0, MODE1A = 0, MODE1B = 0, MODE2A = 0, MODE2B = 0, MODE3A = 0, MODE3B = 0, MODE4A = 0, MODE4B = 0, MODE5A = 0, MODE5B = 0, MODE6A = 0, MODE6B = 0, MODE7A = 0, MODE7B = 0 : NULL
00242 Command = 84, MODE8A = 1, MODE8B = 1, MODE9A = 6, MODE9B = 6, MODE10A = 1, MODE10B = 1, GLOBAL_KP = 255, GLOBAL_KI = 255 : NULL : WAIT = 0.2
00243 Command = 0, MODE8A = 0, MODE8B = 0, MODE9A = 0, MODE9B = 0, MODE10A = 0, MODE10B = 0, GLOBAL_KP = 0, GLOBAL_KI = 0 : NULL
00244 Command = 82, Enable_Fault_Reset = 1, Save_Configuration = 1, Enable_DPLTx = 1, Enable_DPLF1 = 1, Enable_DPLF2 = 1 : NULL : WAIT = 0.2
00245 Command = 0, Enable_Fault_Reset = 0, Save_Configuration = 0, Enable_DPLTx = 0, Enable_DPLF1 = 0, Enable_DPLF2 = 0 : NULL
00246 #switch input to load line
00246 J2_03 = 1 : NULL : WAIT = 1
00247 
00247 #TESTING - ModeIndex 3 PortIndex 2
00247 J4_01 = 1 : NULL : WAIT = 0.1
00248 SWEEP-RUNNING DEATHSWEEP!
Connected: RIGOL TECHNOLOGIES,DP832,DP8C180100022,00.01.19
VISA resource: USB0::0x1AB1::0x0E11::DP8C180100022::INSTR
Sweeping CH2 mode=updown: 4.320000 V -> 4.430000 V -> 4.320000 V in 0.001000 V steps (221 points)
       0/220 set=4.320000 V elapsed=0.016s rate=62.50 steps/s
      50/220 set=4.370000 V elapsed=1.094s rate=46.62 steps/s eta=3.647s
     100/220 set=4.420000 V elapsed=2.172s rate=46.50 steps/s eta=2.581s
     150/220 set=4.390000 V elapsed=3.250s rate=46.46 steps/s eta=1.507s
     200/220 set=4.340000 V elapsed=4.329s rate=46.43 steps/s eta=0.431s
Sweep complete. Elapsed: 4.782s
Output turned OFF.


00248 J4_01 = 0 : NULL : WAIT = 0.1
00249 #test for lockup
00249 UUT_TXCHECK-2.0
00249 PASS: UUT_TXCHECK (DPLF1)
00250 #Finished with port
00250 #switch out input
00250 J2_03 = 0 : NULL : WAIT = 0.1
00251 
00251 #cycle IGN to reset lockup
00251 RLY_K1 = 1 : NULL : WAIT = 2
00252 RLY_K1 = 0 : NULL : WAIT = 2
00253 #-----setup 39009-----
00253 #configure
00253 Command = 82, MODE1 = 0, MODE2 = 0, Enable_24VDC = 0, Analog_Raw_Value = 0 : NULL : WAIT = 0.2
00254 Command = 0, MODE1 = 0, MODE2 = 0, Enable_24VDC = 0, Analog_Raw_Value = 0 : NULL
00255 Command = 83, MODE1A = 4, MODE1B = 4, MODE2A = 1, MODE2B = 1, MODE3A = 4, MODE3B = 1, MODE4A = 1, MODE4B = 1, MODE5A = 6, MODE5B = 6, MODE6A = 1, MODE6B = 1, MODE7A = 6, MODE7B = 6 : NULL : WAIT = 0.2
00256 Command = 0, MODE1A = 0, MODE1B = 0, MODE2A = 0, MODE2B = 0, MODE3A = 0, MODE3B = 0, MODE4A = 0, MODE4B = 0, MODE5A = 0, MODE5B = 0, MODE6A = 0, MODE6B = 0, MODE7A = 0, MODE7B = 0 : NULL
00257 Command = 84, MODE8A = 1, MODE8B = 1, MODE9A = 6, MODE9B = 6, MODE10A = 1, MODE10B = 1, GLOBAL_KP = 255, GLOBAL_KI = 255 : NULL : WAIT = 0.2
00258 Command = 0, MODE8A = 0, MODE8B = 0, MODE9A = 0, MODE9B = 0, MODE10A = 0, MODE10B = 0, GLOBAL_KP = 0, GLOBAL_KI = 0 : NULL
00259 Command = 82, Enable_Fault_Reset = 1, Save_Configuration = 1, Enable_DPLTx = 1, Enable_DPLF1 = 1, Enable_DPLF2 = 1 : NULL : WAIT = 0.2
00260 Command = 0, Enable_Fault_Reset = 0, Save_Configuration = 0, Enable_DPLTx = 0, Enable_DPLF1 = 0, Enable_DPLF2 = 0 : NULL
00261 #switch input to load line
00261 J2_04 = 1 : NULL : WAIT = 1
00262 
00262 #TESTING - ModeIndex 3 PortIndex 3
00262 J4_01 = 1 : NULL : WAIT = 0.1
00263 SWEEP-RUNNING DEATHSWEEP!
Connected: RIGOL TECHNOLOGIES,DP832,DP8C180100022,00.01.19
VISA resource: USB0::0x1AB1::0x0E11::DP8C180100022::INSTR
Sweeping CH2 mode=updown: 4.320000 V -> 4.430000 V -> 4.320000 V in 0.001000 V steps (221 points)
       0/220 set=4.320000 V elapsed=0.031s rate=32.26 steps/s
      50/220 set=4.370000 V elapsed=1.140s rate=44.74 steps/s eta=3.800s
     100/220 set=4.420000 V elapsed=2.203s rate=45.85 steps/s eta=2.617s
     150/220 set=4.390000 V elapsed=3.265s rate=46.25 steps/s eta=1.514s
     200/220 set=4.340000 V elapsed=4.343s rate=46.28 steps/s eta=0.432s
Sweep complete. Elapsed: 4.765s
Output turned OFF.


00263 J4_01 = 0 : NULL : WAIT = 0.1
00264 #test for lockup
00264 UUT_TXCHECK-2.0
00264 PASS: UUT_TXCHECK (AD4)
00265 #Finished with port
00265 #switch out input
00265 J2_04 = 0 : NULL : WAIT = 0.1
00266 
00266 
00266 #Finished with mode
00266 #cycle IGN to reset lockup
00266 RLY_K1 = 1 : NULL : WAIT = 2
00267 RLY_K1 = 0 : NULL : WAIT = 2
00268 #-----setup 39009-----
00268 #configure
00268 Command = 82, MODE1 = 0, MODE2 = 0, Enable_24VDC = 0, Analog_Raw_Value = 0 : NULL : WAIT = 0.2
00269 Command = 0, MODE1 = 0, MODE2 = 0, Enable_24VDC = 0, Analog_Raw_Value = 0 : NULL
00270 Command = 83, MODE1A = 4, MODE1B = 4, MODE2A = 1, MODE2B = 1, MODE3A = 1, MODE3B = 4, MODE4A = 1, MODE4B = 1, MODE5A = 6, MODE5B = 6, MODE6A = 1, MODE6B = 1, MODE7A = 6, MODE7B = 6 : NULL : WAIT = 0.2
00271 Command = 0, MODE1A = 0, MODE1B = 0, MODE2A = 0, MODE2B = 0, MODE3A = 0, MODE3B = 0, MODE4A = 0, MODE4B = 0, MODE5A = 0, MODE5B = 0, MODE6A = 0, MODE6B = 0, MODE7A = 0, MODE7B = 0 : NULL
00272 Command = 84, MODE8A = 1, MODE8B = 1, MODE9A = 6, MODE9B = 6, MODE10A = 1, MODE10B = 1, GLOBAL_KP = 255, GLOBAL_KI = 255 : NULL : WAIT = 0.2
00273 Command = 0, MODE8A = 0, MODE8B = 0, MODE9A = 0, MODE9B = 0, MODE10A = 0, MODE10B = 0, GLOBAL_KP = 0, GLOBAL_KI = 0 : NULL
00274 Command = 82, Enable_Fault_Reset = 1, Save_Configuration = 1, Enable_DPLTx = 1, Enable_DPLF1 = 1, Enable_DPLF2 = 1 : NULL : WAIT = 0.2
00275 Command = 0, Enable_Fault_Reset = 0, Save_Configuration = 0, Enable_DPLTx = 0, Enable_DPLF1 = 0, Enable_DPLF2 = 0 : NULL
00276 #switch input to load line
00276 J2_01 = 1 : NULL : WAIT = 1
00277 
00277 #TESTING - ModeIndex 4 PortIndex 0
00277 J4_01 = 1 : NULL : WAIT = 0.1
00278 SWEEP-RUNNING DEATHSWEEP!
Connected: RIGOL TECHNOLOGIES,DP832,DP8C180100022,00.01.19
VISA resource: USB0::0x1AB1::0x0E11::DP8C180100022::INSTR
Sweeping CH2 mode=updown: 4.320000 V -> 4.430000 V -> 4.320000 V in 0.001000 V steps (221 points)
       0/220 set=4.320000 V elapsed=0.016s rate=62.50 steps/s
      50/220 set=4.370000 V elapsed=1.094s rate=46.62 steps/s eta=3.647s
     100/220 set=4.420000 V elapsed=2.157s rate=46.82 steps/s eta=2.563s
     150/220 set=4.390000 V elapsed=3.266s rate=46.23 steps/s eta=1.514s
     200/220 set=4.340000 V elapsed=4.391s rate=45.78 steps/s eta=0.437s
Sweep complete. Elapsed: 4.829s
Output turned OFF.


00278 J4_01 = 0 : NULL : WAIT = 0.1
00279 #test for lockup
00279 UUT_TXCHECK-2.0
00279 PASS: UUT_TXCHECK (DPLF1)
00280 #Finished with port
00280 #switch out input
00280 J2_01 = 0 : NULL : WAIT = 0.1
00281 
00281 #cycle IGN to reset lockup
00281 RLY_K1 = 1 : NULL : WAIT = 2
00282 RLY_K1 = 0 : NULL : WAIT = 2
00283 #-----setup 39009-----
00283 #configure
00283 Command = 82, MODE1 = 0, MODE2 = 0, Enable_24VDC = 0, Analog_Raw_Value = 0 : NULL : WAIT = 0.2
00284 Command = 0, MODE1 = 0, MODE2 = 0, Enable_24VDC = 0, Analog_Raw_Value = 0 : NULL
00285 Command = 83, MODE1A = 4, MODE1B = 4, MODE2A = 1, MODE2B = 1, MODE3A = 1, MODE3B = 4, MODE4A = 1, MODE4B = 1, MODE5A = 6, MODE5B = 6, MODE6A = 1, MODE6B = 1, MODE7A = 6, MODE7B = 6 : NULL : WAIT = 0.2
00286 Command = 0, MODE1A = 0, MODE1B = 0, MODE2A = 0, MODE2B = 0, MODE3A = 0, MODE3B = 0, MODE4A = 0, MODE4B = 0, MODE5A = 0, MODE5B = 0, MODE6A = 0, MODE6B = 0, MODE7A = 0, MODE7B = 0 : NULL
00287 Command = 84, MODE8A = 1, MODE8B = 1, MODE9A = 6, MODE9B = 6, MODE10A = 1, MODE10B = 1, GLOBAL_KP = 255, GLOBAL_KI = 255 : NULL : WAIT = 0.2
00288 Command = 0, MODE8A = 0, MODE8B = 0, MODE9A = 0, MODE9B = 0, MODE10A = 0, MODE10B = 0, GLOBAL_KP = 0, GLOBAL_KI = 0 : NULL
00289 Command = 82, Enable_Fault_Reset = 1, Save_Configuration = 1, Enable_DPLTx = 1, Enable_DPLF1 = 1, Enable_DPLF2 = 1 : NULL : WAIT = 0.2
00290 Command = 0, Enable_Fault_Reset = 0, Save_Configuration = 0, Enable_DPLTx = 0, Enable_DPLF1 = 0, Enable_DPLF2 = 0 : NULL
00291 #switch input to load line
00291 J2_02 = 1 : NULL : WAIT = 1
00292 
00292 #TESTING - ModeIndex 4 PortIndex 1
00292 J4_01 = 1 : NULL : WAIT = 0.1
00293 SWEEP-RUNNING DEATHSWEEP!
Connected: RIGOL TECHNOLOGIES,DP832,DP8C180100022,00.01.19
VISA resource: USB0::0x1AB1::0x0E11::DP8C180100022::INSTR
Sweeping CH2 mode=updown: 4.320000 V -> 4.430000 V -> 4.320000 V in 0.001000 V steps (221 points)
       0/220 set=4.320000 V elapsed=0.031s rate=32.26 steps/s
      50/220 set=4.370000 V elapsed=1.125s rate=45.33 steps/s eta=3.750s
     100/220 set=4.420000 V elapsed=2.203s rate=45.85 steps/s eta=2.617s
     150/220 set=4.390000 V elapsed=3.312s rate=45.59 steps/s eta=1.535s
     200/220 set=4.340000 V elapsed=4.359s rate=46.11 steps/s eta=0.434s
Sweep complete. Elapsed: 4.765s
Output turned OFF.


00293 J4_01 = 0 : NULL : WAIT = 0.1
00294 #test for lockup
00294 UUT_TXCHECK-2.0
00294 PASS: UUT_TXCHECK (DPLF1)
00295 #Finished with port
00295 #switch out input
00295 J2_02 = 0 : NULL : WAIT = 0.1
00296 
00296 #cycle IGN to reset lockup
00296 RLY_K1 = 1 : NULL : WAIT = 2
00297 RLY_K1 = 0 : NULL : WAIT = 2
00298 #-----setup 39009-----
00298 #configure
00298 Command = 82, MODE1 = 0, MODE2 = 0, Enable_24VDC = 0, Analog_Raw_Value = 0 : NULL : WAIT = 0.2
00299 Command = 0, MODE1 = 0, MODE2 = 0, Enable_24VDC = 0, Analog_Raw_Value = 0 : NULL
00300 Command = 83, MODE1A = 4, MODE1B = 4, MODE2A = 1, MODE2B = 1, MODE3A = 1, MODE3B = 4, MODE4A = 1, MODE4B = 1, MODE5A = 6, MODE5B = 6, MODE6A = 1, MODE6B = 1, MODE7A = 6, MODE7B = 6 : NULL : WAIT = 0.2
00301 Command = 0, MODE1A = 0, MODE1B = 0, MODE2A = 0, MODE2B = 0, MODE3A = 0, MODE3B = 0, MODE4A = 0, MODE4B = 0, MODE5A = 0, MODE5B = 0, MODE6A = 0, MODE6B = 0, MODE7A = 0, MODE7B = 0 : NULL
00302 Command = 84, MODE8A = 1, MODE8B = 1, MODE9A = 6, MODE9B = 6, MODE10A = 1, MODE10B = 1, GLOBAL_KP = 255, GLOBAL_KI = 255 : NULL : WAIT = 0.2
00303 Command = 0, MODE8A = 0, MODE8B = 0, MODE9A = 0, MODE9B = 0, MODE10A = 0, MODE10B = 0, GLOBAL_KP = 0, GLOBAL_KI = 0 : NULL
00304 Command = 82, Enable_Fault_Reset = 1, Save_Configuration = 1, Enable_DPLTx = 1, Enable_DPLF1 = 1, Enable_DPLF2 = 1 : NULL : WAIT = 0.2
00305 Command = 0, Enable_Fault_Reset = 0, Save_Configuration = 0, Enable_DPLTx = 0, Enable_DPLF1 = 0, Enable_DPLF2 = 0 : NULL
00306 #switch input to load line
00306 J2_03 = 1 : NULL : WAIT = 1
00307 
00307 #TESTING - ModeIndex 4 PortIndex 2
00307 J4_01 = 1 : NULL : WAIT = 0.1
00308 SWEEP-RUNNING DEATHSWEEP!
Connected: RIGOL TECHNOLOGIES,DP832,DP8C180100022,00.01.19
VISA resource: USB0::0x1AB1::0x0E11::DP8C180100022::INSTR
Sweeping CH2 mode=updown: 4.320000 V -> 4.430000 V -> 4.320000 V in 0.001000 V steps (221 points)
       0/220 set=4.320000 V elapsed=0.015s rate=66.67 steps/s
      50/220 set=4.370000 V elapsed=1.093s rate=46.66 steps/s eta=3.643s
     100/220 set=4.420000 V elapsed=2.156s rate=46.85 steps/s eta=2.562s
     150/220 set=4.390000 V elapsed=3.265s rate=46.25 steps/s eta=1.514s
     200/220 set=4.340000 V elapsed=4.296s rate=46.79 steps/s eta=0.427s
Sweep complete. Elapsed: 4.734s
Output turned OFF.


00308 J4_01 = 0 : NULL : WAIT = 0.1
00309 #test for lockup
00309 UUT_TXCHECK-2.0
00309 PASS: UUT_TXCHECK (AD3)
00310 #Finished with port
00310 #switch out input
00310 J2_03 = 0 : NULL : WAIT = 0.1
00311 
00311 #cycle IGN to reset lockup
00311 RLY_K1 = 1 : NULL : WAIT = 2
00312 RLY_K1 = 0 : NULL : WAIT = 2
00313 #-----setup 39009-----
00313 #configure
00313 Command = 82, MODE1 = 0, MODE2 = 0, Enable_24VDC = 0, Analog_Raw_Value = 0 : NULL : WAIT = 0.2
00314 Command = 0, MODE1 = 0, MODE2 = 0, Enable_24VDC = 0, Analog_Raw_Value = 0 : NULL
00315 Command = 83, MODE1A = 4, MODE1B = 4, MODE2A = 1, MODE2B = 1, MODE3A = 1, MODE3B = 4, MODE4A = 1, MODE4B = 1, MODE5A = 6, MODE5B = 6, MODE6A = 1, MODE6B = 1, MODE7A = 6, MODE7B = 6 : NULL : WAIT = 0.2
00316 Command = 0, MODE1A = 0, MODE1B = 0, MODE2A = 0, MODE2B = 0, MODE3A = 0, MODE3B = 0, MODE4A = 0, MODE4B = 0, MODE5A = 0, MODE5B = 0, MODE6A = 0, MODE6B = 0, MODE7A = 0, MODE7B = 0 : NULL
00317 Command = 84, MODE8A = 1, MODE8B = 1, MODE9A = 6, MODE9B = 6, MODE10A = 1, MODE10B = 1, GLOBAL_KP = 255, GLOBAL_KI = 255 : NULL : WAIT = 0.2
00318 Command = 0, MODE8A = 0, MODE8B = 0, MODE9A = 0, MODE9B = 0, MODE10A = 0, MODE10B = 0, GLOBAL_KP = 0, GLOBAL_KI = 0 : NULL
00319 Command = 82, Enable_Fault_Reset = 1, Save_Configuration = 1, Enable_DPLTx = 1, Enable_DPLF1 = 1, Enable_DPLF2 = 1 : NULL : WAIT = 0.2
00320 Command = 0, Enable_Fault_Reset = 0, Save_Configuration = 0, Enable_DPLTx = 0, Enable_DPLF1 = 0, Enable_DPLF2 = 0 : NULL
00321 #switch input to load line
00321 J2_04 = 1 : NULL : WAIT = 1
00322 
00322 #TESTING - ModeIndex 4 PortIndex 3
00322 J4_01 = 1 : NULL : WAIT = 0.1
00323 SWEEP-RUNNING DEATHSWEEP!
Connected: RIGOL TECHNOLOGIES,DP832,DP8C180100022,00.01.19
VISA resource: USB0::0x1AB1::0x0E11::DP8C180100022::INSTR
Sweeping CH2 mode=updown: 4.320000 V -> 4.430000 V -> 4.320000 V in 0.001000 V steps (221 points)
       0/220 set=4.320000 V elapsed=0.032s rate=31.25 steps/s
      50/220 set=4.370000 V elapsed=1.110s rate=45.95 steps/s eta=3.700s
     100/220 set=4.420000 V elapsed=2.219s rate=45.52 steps/s eta=2.636s
     150/220 set=4.390000 V elapsed=3.282s rate=46.01 steps/s eta=1.521s
     200/220 set=4.340000 V elapsed=4.344s rate=46.27 steps/s eta=0.432s
Sweep complete. Elapsed: 4.782s
Output turned OFF.


00323 J4_01 = 0 : NULL : WAIT = 0.1
00324 #test for lockup
00324 UUT_TXCHECK-2.0
00324 PASS: UUT_TXCHECK (DPLF1)
00325 #Finished with port
00325 #switch out input
00325 J2_04 = 0 : NULL : WAIT = 0.1
00326 
00326 
00326 #Finished with mode
00326 #cycle IGN to reset lockup
00326 RLY_K1 = 1 : NULL : WAIT = 2
00327 RLY_K1 = 0 : NULL : WAIT = 2
00328 #-----setup 39009-----
00328 #configure
00328 Command = 82, MODE1 = 0, MODE2 = 0, Enable_24VDC = 0, Analog_Raw_Value = 0 : NULL : WAIT = 0.2
00329 Command = 0, MODE1 = 0, MODE2 = 0, Enable_24VDC = 0, Analog_Raw_Value = 0 : NULL
00330 Command = 83, MODE1A = 4, MODE1B = 4, MODE2A = 1, MODE2B = 1, MODE3A = 1, MODE3B = 1, MODE4A = 1, MODE4B = 1, MODE5A = 6, MODE5B = 6, MODE6A = 1, MODE6B = 1, MODE7A = 6, MODE7B = 6 : NULL : WAIT = 0.2
00331 Command = 0, MODE1A = 0, MODE1B = 0, MODE2A = 0, MODE2B = 0, MODE3A = 0, MODE3B = 0, MODE4A = 0, MODE4B = 0, MODE5A = 0, MODE5B = 0, MODE6A = 0, MODE6B = 0, MODE7A = 0, MODE7B = 0 : NULL
00332 Command = 84, MODE8A = 1, MODE8B = 1, MODE9A = 6, MODE9B = 6, MODE10A = 1, MODE10B = 1, GLOBAL_KP = 255, GLOBAL_KI = 255 : NULL : WAIT = 0.2
00333 Command = 0, MODE8A = 0, MODE8B = 0, MODE9A = 0, MODE9B = 0, MODE10A = 0, MODE10B = 0, GLOBAL_KP = 0, GLOBAL_KI = 0 : NULL
00334 Command = 82, Enable_Fault_Reset = 1, Save_Configuration = 1, Enable_DPLTx = 1, Enable_DPLF1 = 1, Enable_DPLF2 = 1 : NULL : WAIT = 0.2
00335 Command = 0, Enable_Fault_Reset = 0, Save_Configuration = 0, Enable_DPLTx = 0, Enable_DPLF1 = 0, Enable_DPLF2 = 0 : NULL
00336 #switch input to load line
00336 J2_01 = 1 : NULL : WAIT = 1
00337 
00337 #TESTING - ModeIndex 5 PortIndex 0
00337 J4_01 = 1 : NULL : WAIT = 0.1
00338 SWEEP-RUNNING DEATHSWEEP!
Connected: RIGOL TECHNOLOGIES,DP832,DP8C180100022,00.01.19
VISA resource: USB0::0x1AB1::0x0E11::DP8C180100022::INSTR
Sweeping CH2 mode=updown: 4.320000 V -> 4.430000 V -> 4.320000 V in 0.001000 V steps (221 points)
       0/220 set=4.320000 V elapsed=0.016s rate=62.50 steps/s
      50/220 set=4.370000 V elapsed=1.110s rate=45.95 steps/s eta=3.700s
     100/220 set=4.420000 V elapsed=2.204s rate=45.83 steps/s eta=2.619s
     150/220 set=4.390000 V elapsed=3.297s rate=45.80 steps/s eta=1.528s
     200/220 set=4.340000 V elapsed=4.407s rate=45.61 steps/s eta=0.439s
Sweep complete. Elapsed: 4.829s
Output turned OFF.


00338 J4_01 = 0 : NULL : WAIT = 0.1
00339 #test for lockup
00339 UUT_TXCHECK-2.0
00339 PASS: UUT_TXCHECK (DPLF1)
00340 #Finished with port
00340 #switch out input
00340 J2_01 = 0 : NULL : WAIT = 0.1
00341 
00341 #cycle IGN to reset lockup
00341 RLY_K1 = 1 : NULL : WAIT = 2
00342 RLY_K1 = 0 : NULL : WAIT = 2
00343 #-----setup 39009-----
00343 #configure
00343 Command = 82, MODE1 = 0, MODE2 = 0, Enable_24VDC = 0, Analog_Raw_Value = 0 : NULL : WAIT = 0.2
00344 Command = 0, MODE1 = 0, MODE2 = 0, Enable_24VDC = 0, Analog_Raw_Value = 0 : NULL
00345 Command = 83, MODE1A = 4, MODE1B = 4, MODE2A = 1, MODE2B = 1, MODE3A = 1, MODE3B = 1, MODE4A = 1, MODE4B = 1, MODE5A = 6, MODE5B = 6, MODE6A = 1, MODE6B = 1, MODE7A = 6, MODE7B = 6 : NULL : WAIT = 0.2
00346 Command = 0, MODE1A = 0, MODE1B = 0, MODE2A = 0, MODE2B = 0, MODE3A = 0, MODE3B = 0, MODE4A = 0, MODE4B = 0, MODE5A = 0, MODE5B = 0, MODE6A = 0, MODE6B = 0, MODE7A = 0, MODE7B = 0 : NULL
00347 Command = 84, MODE8A = 1, MODE8B = 1, MODE9A = 6, MODE9B = 6, MODE10A = 1, MODE10B = 1, GLOBAL_KP = 255, GLOBAL_KI = 255 : NULL : WAIT = 0.2
00348 Command = 0, MODE8A = 0, MODE8B = 0, MODE9A = 0, MODE9B = 0, MODE10A = 0, MODE10B = 0, GLOBAL_KP = 0, GLOBAL_KI = 0 : NULL
00349 Command = 82, Enable_Fault_Reset = 1, Save_Configuration = 1, Enable_DPLTx = 1, Enable_DPLF1 = 1, Enable_DPLF2 = 1 : NULL : WAIT = 0.2
00350 Command = 0, Enable_Fault_Reset = 0, Save_Configuration = 0, Enable_DPLTx = 0, Enable_DPLF1 = 0, Enable_DPLF2 = 0 : NULL
00351 #switch input to load line
00351 J2_02 = 1 : NULL : WAIT = 1
00352 
00352 #TESTING - ModeIndex 5 PortIndex 1
00352 J4_01 = 1 : NULL : WAIT = 0.1
00353 SWEEP-RUNNING DEATHSWEEP!
Connected: RIGOL TECHNOLOGIES,DP832,DP8C180100022,00.01.19
VISA resource: USB0::0x1AB1::0x0E11::DP8C180100022::INSTR
Sweeping CH2 mode=updown: 4.320000 V -> 4.430000 V -> 4.320000 V in 0.001000 V steps (221 points)
       0/220 set=4.320000 V elapsed=0.032s rate=31.25 steps/s
      50/220 set=4.370000 V elapsed=1.078s rate=47.31 steps/s eta=3.593s
     100/220 set=4.420000 V elapsed=2.141s rate=47.17 steps/s eta=2.544s
     150/220 set=4.390000 V elapsed=3.203s rate=47.14 steps/s eta=1.485s
     200/220 set=4.340000 V elapsed=4.328s rate=46.44 steps/s eta=0.431s
Sweep complete. Elapsed: 4.750s
Output turned OFF.


00353 J4_01 = 0 : NULL : WAIT = 0.1
00354 #test for lockup
00354 UUT_TXCHECK-2.0
00354 PASS: UUT_TXCHECK (DPLF1)
00355 #Finished with port
00355 #switch out input
00355 J2_02 = 0 : NULL : WAIT = 0.1
00356 
00356 #cycle IGN to reset lockup
00356 RLY_K1 = 1 : NULL : WAIT = 2
00357 RLY_K1 = 0 : NULL : WAIT = 2
00358 #-----setup 39009-----
00358 #configure
00358 Command = 82, MODE1 = 0, MODE2 = 0, Enable_24VDC = 0, Analog_Raw_Value = 0 : NULL : WAIT = 0.2
00359 Command = 0, MODE1 = 0, MODE2 = 0, Enable_24VDC = 0, Analog_Raw_Value = 0 : NULL
00360 Command = 83, MODE1A = 4, MODE1B = 4, MODE2A = 1, MODE2B = 1, MODE3A = 1, MODE3B = 1, MODE4A = 1, MODE4B = 1, MODE5A = 6, MODE5B = 6, MODE6A = 1, MODE6B = 1, MODE7A = 6, MODE7B = 6 : NULL : WAIT = 0.2
00361 Command = 0, MODE1A = 0, MODE1B = 0, MODE2A = 0, MODE2B = 0, MODE3A = 0, MODE3B = 0, MODE4A = 0, MODE4B = 0, MODE5A = 0, MODE5B = 0, MODE6A = 0, MODE6B = 0, MODE7A = 0, MODE7B = 0 : NULL
00362 Command = 84, MODE8A = 1, MODE8B = 1, MODE9A = 6, MODE9B = 6, MODE10A = 1, MODE10B = 1, GLOBAL_KP = 255, GLOBAL_KI = 255 : NULL : WAIT = 0.2
00363 Command = 0, MODE8A = 0, MODE8B = 0, MODE9A = 0, MODE9B = 0, MODE10A = 0, MODE10B = 0, GLOBAL_KP = 0, GLOBAL_KI = 0 : NULL
00364 Command = 82, Enable_Fault_Reset = 1, Save_Configuration = 1, Enable_DPLTx = 1, Enable_DPLF1 = 1, Enable_DPLF2 = 1 : NULL : WAIT = 0.2
00365 Command = 0, Enable_Fault_Reset = 0, Save_Configuration = 0, Enable_DPLTx = 0, Enable_DPLF1 = 0, Enable_DPLF2 = 0 : NULL
00366 #switch input to load line
00366 J2_03 = 1 : NULL : WAIT = 1
00367 
00367 #TESTING - ModeIndex 5 PortIndex 2
00367 J4_01 = 1 : NULL : WAIT = 0.1
00368 SWEEP-RUNNING DEATHSWEEP!
Connected: RIGOL TECHNOLOGIES,DP832,DP8C180100022,00.01.19
VISA resource: USB0::0x1AB1::0x0E11::DP8C180100022::INSTR
Sweeping CH2 mode=updown: 4.320000 V -> 4.430000 V -> 4.320000 V in 0.001000 V steps (221 points)
       0/220 set=4.320000 V elapsed=0.046s rate=21.74 steps/s
      50/220 set=4.370000 V elapsed=1.125s rate=45.33 steps/s eta=3.750s
     100/220 set=4.420000 V elapsed=2.234s rate=45.21 steps/s eta=2.654s
     150/220 set=4.390000 V elapsed=3.312s rate=45.59 steps/s eta=1.535s
     200/220 set=4.340000 V elapsed=4.359s rate=46.11 steps/s eta=0.434s
Sweep complete. Elapsed: 4.796s
Output turned OFF.


00368 J4_01 = 0 : NULL : WAIT = 0.1
00369 #test for lockup
00369 UUT_TXCHECK-2.0
00369 PASS: UUT_TXCHECK (DIGIN)
00370 #Finished with port
00370 #switch out input
00370 J2_03 = 0 : NULL : WAIT = 0.1
00371 
00371 #cycle IGN to reset lockup
00371 RLY_K1 = 1 : NULL : WAIT = 2
00372 RLY_K1 = 0 : NULL : WAIT = 2
00373 #-----setup 39009-----
00373 #configure
00373 Command = 82, MODE1 = 0, MODE2 = 0, Enable_24VDC = 0, Analog_Raw_Value = 0 : NULL : WAIT = 0.2
00374 Command = 0, MODE1 = 0, MODE2 = 0, Enable_24VDC = 0, Analog_Raw_Value = 0 : NULL
00375 Command = 83, MODE1A = 4, MODE1B = 4, MODE2A = 1, MODE2B = 1, MODE3A = 1, MODE3B = 1, MODE4A = 1, MODE4B = 1, MODE5A = 6, MODE5B = 6, MODE6A = 1, MODE6B = 1, MODE7A = 6, MODE7B = 6 : NULL : WAIT = 0.2
00376 Command = 0, MODE1A = 0, MODE1B = 0, MODE2A = 0, MODE2B = 0, MODE3A = 0, MODE3B = 0, MODE4A = 0, MODE4B = 0, MODE5A = 0, MODE5B = 0, MODE6A = 0, MODE6B = 0, MODE7A = 0, MODE7B = 0 : NULL
00377 Command = 84, MODE8A = 1, MODE8B = 1, MODE9A = 6, MODE9B = 6, MODE10A = 1, MODE10B = 1, GLOBAL_KP = 255, GLOBAL_KI = 255 : NULL : WAIT = 0.2
00378 Command = 0, MODE8A = 0, MODE8B = 0, MODE9A = 0, MODE9B = 0, MODE10A = 0, MODE10B = 0, GLOBAL_KP = 0, GLOBAL_KI = 0 : NULL
00379 Command = 82, Enable_Fault_Reset = 1, Save_Configuration = 1, Enable_DPLTx = 1, Enable_DPLF1 = 1, Enable_DPLF2 = 1 : NULL : WAIT = 0.2
00380 Command = 0, Enable_Fault_Reset = 0, Save_Configuration = 0, Enable_DPLTx = 0, Enable_DPLF1 = 0, Enable_DPLF2 = 0 : NULL
00381 #switch input to load line
00381 J2_04 = 1 : NULL : WAIT = 1
00382 
00382 #TESTING - ModeIndex 5 PortIndex 3
00382 J4_01 = 1 : NULL : WAIT = 0.1
00383 SWEEP-RUNNING DEATHSWEEP!
Connected: RIGOL TECHNOLOGIES,DP832,DP8C180100022,00.01.19
VISA resource: USB0::0x1AB1::0x0E11::DP8C180100022::INSTR
Sweeping CH2 mode=updown: 4.320000 V -> 4.430000 V -> 4.320000 V in 0.001000 V steps (221 points)
       0/220 set=4.320000 V elapsed=0.031s rate=32.26 steps/s
      50/220 set=4.370000 V elapsed=1.125s rate=45.33 steps/s eta=3.750s
     100/220 set=4.420000 V elapsed=2.235s rate=45.19 steps/s eta=2.655s
     150/220 set=4.390000 V elapsed=3.297s rate=45.80 steps/s eta=1.528s
     200/220 set=4.340000 V elapsed=4.360s rate=46.10 steps/s eta=0.434s
Sweep complete. Elapsed: 4.797s
Output turned OFF.


00383 J4_01 = 0 : NULL : WAIT = 0.1
00384 #test for lockup
00384 UUT_TXCHECK-2.0
00384 PASS: UUT_TXCHECK (DPLT3)
00385 #Finished with port
00385 #switch out input
00385 J2_04 = 0 : NULL : WAIT = 0.1
00386 
00386 
00386 #Finished with mode
00386 #cycle IGN to reset lockup
00386 RLY_K1 = 1 : NULL : WAIT = 2
00387 RLY_K1 = 0 : NULL : WAIT = 2
00388 #-----setup 39009-----
00388 #configure
00388 Command = 82, MODE1 = 0, MODE2 = 0, Enable_24VDC = 0, Analog_Raw_Value = 0 : NULL : WAIT = 0.2
00389 Command = 0, MODE1 = 0, MODE2 = 0, Enable_24VDC = 0, Analog_Raw_Value = 0 : NULL
00390 Command = 83, MODE1A = 4, MODE1B = 7, MODE2A = 1, MODE2B = 1, MODE3A = 4, MODE3B = 4, MODE4A = 1, MODE4B = 1, MODE5A = 6, MODE5B = 6, MODE6A = 1, MODE6B = 1, MODE7A = 6, MODE7B = 6 : NULL : WAIT = 0.2
00391 Command = 0, MODE1A = 0, MODE1B = 0, MODE2A = 0, MODE2B = 0, MODE3A = 0, MODE3B = 0, MODE4A = 0, MODE4B = 0, MODE5A = 0, MODE5B = 0, MODE6A = 0, MODE6B = 0, MODE7A = 0, MODE7B = 0 : NULL
00392 Command = 84, MODE8A = 1, MODE8B = 1, MODE9A = 6, MODE9B = 6, MODE10A = 1, MODE10B = 1, GLOBAL_KP = 255, GLOBAL_KI = 255 : NULL : WAIT = 0.2
00393 Command = 0, MODE8A = 0, MODE8B = 0, MODE9A = 0, MODE9B = 0, MODE10A = 0, MODE10B = 0, GLOBAL_KP = 0, GLOBAL_KI = 0 : NULL
00394 Command = 82, Enable_Fault_Reset = 1, Save_Configuration = 1, Enable_DPLTx = 1, Enable_DPLF1 = 1, Enable_DPLF2 = 1 : NULL : WAIT = 0.2
00395 Command = 0, Enable_Fault_Reset = 0, Save_Configuration = 0, Enable_DPLTx = 0, Enable_DPLF1 = 0, Enable_DPLF2 = 0 : NULL
00396 #switch input to load line
00396 J2_01 = 1 : NULL : WAIT = 1
00397 
00397 #TESTING - ModeIndex 6 PortIndex 0
00397 J4_01 = 1 : NULL : WAIT = 0.1
00398 SWEEP-RUNNING DEATHSWEEP!
Connected: RIGOL TECHNOLOGIES,DP832,DP8C180100022,00.01.19
VISA resource: USB0::0x1AB1::0x0E11::DP8C180100022::INSTR
Sweeping CH2 mode=updown: 4.320000 V -> 4.430000 V -> 4.320000 V in 0.001000 V steps (221 points)
       0/220 set=4.320000 V elapsed=0.031s rate=32.26 steps/s
      50/220 set=4.370000 V elapsed=1.078s rate=47.31 steps/s eta=3.593s
     100/220 set=4.420000 V elapsed=2.187s rate=46.18 steps/s eta=2.598s
     150/220 set=4.390000 V elapsed=3.234s rate=46.69 steps/s eta=1.499s
     200/220 set=4.340000 V elapsed=4.312s rate=46.61 steps/s eta=0.429s
Sweep complete. Elapsed: 4.750s
Output turned OFF.


00398 J4_01 = 0 : NULL : WAIT = 0.1
00399 #test for lockup
00399 UUT_TXCHECK-2.0
00399 PASS: UUT_TXCHECK (FREQ1)
00400 #Finished with port
00400 #switch out input
00400 J2_01 = 0 : NULL : WAIT = 0.1
00401 
00401 #cycle IGN to reset lockup
00401 RLY_K1 = 1 : NULL : WAIT = 2
00402 RLY_K1 = 0 : NULL : WAIT = 2
00403 #-----setup 39009-----
00403 #configure
00403 Command = 82, MODE1 = 0, MODE2 = 0, Enable_24VDC = 0, Analog_Raw_Value = 0 : NULL : WAIT = 0.2
00404 Command = 0, MODE1 = 0, MODE2 = 0, Enable_24VDC = 0, Analog_Raw_Value = 0 : NULL
00405 Command = 83, MODE1A = 4, MODE1B = 7, MODE2A = 1, MODE2B = 1, MODE3A = 4, MODE3B = 4, MODE4A = 1, MODE4B = 1, MODE5A = 6, MODE5B = 6, MODE6A = 1, MODE6B = 1, MODE7A = 6, MODE7B = 6 : NULL : WAIT = 0.2
00406 Command = 0, MODE1A = 0, MODE1B = 0, MODE2A = 0, MODE2B = 0, MODE3A = 0, MODE3B = 0, MODE4A = 0, MODE4B = 0, MODE5A = 0, MODE5B = 0, MODE6A = 0, MODE6B = 0, MODE7A = 0, MODE7B = 0 : NULL
00407 Command = 84, MODE8A = 1, MODE8B = 1, MODE9A = 6, MODE9B = 6, MODE10A = 1, MODE10B = 1, GLOBAL_KP = 255, GLOBAL_KI = 255 : NULL : WAIT = 0.2
00408 Command = 0, MODE8A = 0, MODE8B = 0, MODE9A = 0, MODE9B = 0, MODE10A = 0, MODE10B = 0, GLOBAL_KP = 0, GLOBAL_KI = 0 : NULL
00409 Command = 82, Enable_Fault_Reset = 1, Save_Configuration = 1, Enable_DPLTx = 1, Enable_DPLF1 = 1, Enable_DPLF2 = 1 : NULL : WAIT = 0.2
00410 Command = 0, Enable_Fault_Reset = 0, Save_Configuration = 0, Enable_DPLTx = 0, Enable_DPLF1 = 0, Enable_DPLF2 = 0 : NULL
00411 #switch input to load line
00411 J2_02 = 1 : NULL : WAIT = 1
00412 
00412 #TESTING - ModeIndex 6 PortIndex 1
00412 AfgFreqSet = 100 : NULL : WAIT = 0.1
00413 #test for lockup
00413 UUT_TXCHECK-2.0
00413 PASS: UUT_TXCHECK (DPLF1)
00414 NULL : Hertz_Count_Input1B = 0 | 0.1 | 0.1
00414 TEST: Hertz_Count_Input1B 0.0 +/- 0.1
00414 PASS: Hertz_Count_Input1B 0.0
00415 J0_11_FREQ_GEN = 1 : NULL : WAIT = 0.1
00416 NULL : Hertz_Count_Input1B = 100 | 30 | 0.1
00416 TEST: Hertz_Count_Input1B 100.0 +/- 30.0
00416 PASS: Hertz_Count_Input1B 99.0
00417 J0_11_FREQ_GEN = 0 : NULL : WAIT = 0.1
00418 NULL : Hertz_Count_Input1B = 0 | 0.1 | 0.1
00418 TEST: Hertz_Count_Input1B 0.0 +/- 0.1
00418 PASS: Hertz_Count_Input1B 0.0
00419 
00419 #Finished with port
00419 #switch out input
00419 J2_02 = 0 : NULL : WAIT = 0.1
00420 
00420 #cycle IGN to reset lockup
00420 RLY_K1 = 1 : NULL : WAIT = 2
00421 RLY_K1 = 0 : NULL : WAIT = 2
00422 #-----setup 39009-----
00422 #configure
00422 Command = 82, MODE1 = 0, MODE2 = 0, Enable_24VDC = 0, Analog_Raw_Value = 0 : NULL : WAIT = 0.2
00423 Command = 0, MODE1 = 0, MODE2 = 0, Enable_24VDC = 0, Analog_Raw_Value = 0 : NULL
00424 Command = 83, MODE1A = 4, MODE1B = 7, MODE2A = 1, MODE2B = 1, MODE3A = 4, MODE3B = 4, MODE4A = 1, MODE4B = 1, MODE5A = 6, MODE5B = 6, MODE6A = 1, MODE6B = 1, MODE7A = 6, MODE7B = 6 : NULL : WAIT = 0.2
00425 Command = 0, MODE1A = 0, MODE1B = 0, MODE2A = 0, MODE2B = 0, MODE3A = 0, MODE3B = 0, MODE4A = 0, MODE4B = 0, MODE5A = 0, MODE5B = 0, MODE6A = 0, MODE6B = 0, MODE7A = 0, MODE7B = 0 : NULL
00426 Command = 84, MODE8A = 1, MODE8B = 1, MODE9A = 6, MODE9B = 6, MODE10A = 1, MODE10B = 1, GLOBAL_KP = 255, GLOBAL_KI = 255 : NULL : WAIT = 0.2
00427 Command = 0, MODE8A = 0, MODE8B = 0, MODE9A = 0, MODE9B = 0, MODE10A = 0, MODE10B = 0, GLOBAL_KP = 0, GLOBAL_KI = 0 : NULL
00428 Command = 82, Enable_Fault_Reset = 1, Save_Configuration = 1, Enable_DPLTx = 1, Enable_DPLF1 = 1, Enable_DPLF2 = 1 : NULL : WAIT = 0.2
00429 Command = 0, Enable_Fault_Reset = 0, Save_Configuration = 0, Enable_DPLTx = 0, Enable_DPLF1 = 0, Enable_DPLF2 = 0 : NULL
00430 #switch input to load line
00430 J2_03 = 1 : NULL : WAIT = 1
00431 
00431 #TESTING - ModeIndex 6 PortIndex 2
00431 J4_01 = 1 : NULL : WAIT = 0.1
00432 SWEEP-RUNNING DEATHSWEEP!
Connected: RIGOL TECHNOLOGIES,DP832,DP8C180100022,00.01.19
VISA resource: USB0::0x1AB1::0x0E11::DP8C180100022::INSTR
Sweeping CH2 mode=updown: 4.320000 V -> 4.430000 V -> 4.320000 V in 0.001000 V steps (221 points)
       0/220 set=4.320000 V elapsed=0.016s rate=62.50 steps/s
      50/220 set=4.370000 V elapsed=1.110s rate=45.95 steps/s eta=3.700s
     100/220 set=4.420000 V elapsed=2.157s rate=46.82 steps/s eta=2.563s
     150/220 set=4.390000 V elapsed=3.235s rate=46.68 steps/s eta=1.500s
     200/220 set=4.340000 V elapsed=4.328s rate=46.44 steps/s eta=0.431s
Sweep complete. Elapsed: 4.766s
Output turned OFF.


00432 J4_01 = 0 : NULL : WAIT = 0.1
00433 #test for lockup
00433 UUT_TXCHECK-2.0
00433 PASS: UUT_TXCHECK (DPLF1)
00434 #Finished with port
00434 #switch out input
00434 J2_03 = 0 : NULL : WAIT = 0.1
00435 
00435 #cycle IGN to reset lockup
00435 RLY_K1 = 1 : NULL : WAIT = 2
00436 RLY_K1 = 0 : NULL : WAIT = 2
00437 #-----setup 39009-----
00437 #configure
00437 Command = 82, MODE1 = 0, MODE2 = 0, Enable_24VDC = 0, Analog_Raw_Value = 0 : NULL : WAIT = 0.2
00438 Command = 0, MODE1 = 0, MODE2 = 0, Enable_24VDC = 0, Analog_Raw_Value = 0 : NULL
00439 Command = 83, MODE1A = 4, MODE1B = 7, MODE2A = 1, MODE2B = 1, MODE3A = 4, MODE3B = 4, MODE4A = 1, MODE4B = 1, MODE5A = 6, MODE5B = 6, MODE6A = 1, MODE6B = 1, MODE7A = 6, MODE7B = 6 : NULL : WAIT = 0.2
00440 Command = 0, MODE1A = 0, MODE1B = 0, MODE2A = 0, MODE2B = 0, MODE3A = 0, MODE3B = 0, MODE4A = 0, MODE4B = 0, MODE5A = 0, MODE5B = 0, MODE6A = 0, MODE6B = 0, MODE7A = 0, MODE7B = 0 : NULL
00441 Command = 84, MODE8A = 1, MODE8B = 1, MODE9A = 6, MODE9B = 6, MODE10A = 1, MODE10B = 1, GLOBAL_KP = 255, GLOBAL_KI = 255 : NULL : WAIT = 0.2
00442 Command = 0, MODE8A = 0, MODE8B = 0, MODE9A = 0, MODE9B = 0, MODE10A = 0, MODE10B = 0, GLOBAL_KP = 0, GLOBAL_KI = 0 : NULL
00443 Command = 82, Enable_Fault_Reset = 1, Save_Configuration = 1, Enable_DPLTx = 1, Enable_DPLF1 = 1, Enable_DPLF2 = 1 : NULL : WAIT = 0.2
00444 Command = 0, Enable_Fault_Reset = 0, Save_Configuration = 0, Enable_DPLTx = 0, Enable_DPLF1 = 0, Enable_DPLF2 = 0 : NULL
00445 #switch input to load line
00445 J2_04 = 1 : NULL : WAIT = 1
00446 
00446 #TESTING - ModeIndex 6 PortIndex 3
00446 J4_01 = 1 : NULL : WAIT = 0.1
00447 SWEEP-RUNNING DEATHSWEEP!
Connected: RIGOL TECHNOLOGIES,DP832,DP8C180100022,00.01.19
VISA resource: USB0::0x1AB1::0x0E11::DP8C180100022::INSTR
Sweeping CH2 mode=updown: 4.320000 V -> 4.430000 V -> 4.320000 V in 0.001000 V steps (221 points)
       0/220 set=4.320000 V elapsed=0.031s rate=32.26 steps/s
      50/220 set=4.370000 V elapsed=1.156s rate=44.12 steps/s eta=3.853s
     100/220 set=4.420000 V elapsed=2.265s rate=44.59 steps/s eta=2.691s
     150/220 set=4.390000 V elapsed=3.328s rate=45.37 steps/s eta=1.543s
     200/220 set=4.340000 V elapsed=4.390s rate=45.79 steps/s eta=0.437s
Sweep complete. Elapsed: 4.828s
Output turned OFF.


00447 J4_01 = 0 : NULL : WAIT = 0.1
00448 #test for lockup
00448 UUT_TXCHECK-2.0
00448 PASS: UUT_TXCHECK (FREQ1)
00449 #Finished with port
00449 #switch out input
00449 J2_04 = 0 : NULL : WAIT = 0.1
00450 
00450 
00450 #Finished with mode
00450 #cycle IGN to reset lockup
00450 RLY_K1 = 1 : NULL : WAIT = 2
00451 RLY_K1 = 0 : NULL : WAIT = 2
00452 #-----setup 39009-----
00452 #configure
00452 Command = 82, MODE1 = 0, MODE2 = 0, Enable_24VDC = 0, Analog_Raw_Value = 0 : NULL : WAIT = 0.2
00453 Command = 0, MODE1 = 0, MODE2 = 0, Enable_24VDC = 0, Analog_Raw_Value = 0 : NULL
00454 Command = 83, MODE1A = 4, MODE1B = 7, MODE2A = 1, MODE2B = 1, MODE3A = 4, MODE3B = 1, MODE4A = 1, MODE4B = 1, MODE5A = 6, MODE5B = 6, MODE6A = 1, MODE6B = 1, MODE7A = 6, MODE7B = 6 : NULL : WAIT = 0.2
00455 Command = 0, MODE1A = 0, MODE1B = 0, MODE2A = 0, MODE2B = 0, MODE3A = 0, MODE3B = 0, MODE4A = 0, MODE4B = 0, MODE5A = 0, MODE5B = 0, MODE6A = 0, MODE6B = 0, MODE7A = 0, MODE7B = 0 : NULL
00456 Command = 84, MODE8A = 1, MODE8B = 1, MODE9A = 6, MODE9B = 6, MODE10A = 1, MODE10B = 1, GLOBAL_KP = 255, GLOBAL_KI = 255 : NULL : WAIT = 0.2
00457 Command = 0, MODE8A = 0, MODE8B = 0, MODE9A = 0, MODE9B = 0, MODE10A = 0, MODE10B = 0, GLOBAL_KP = 0, GLOBAL_KI = 0 : NULL
00458 Command = 82, Enable_Fault_Reset = 1, Save_Configuration = 1, Enable_DPLTx = 1, Enable_DPLF1 = 1, Enable_DPLF2 = 1 : NULL : WAIT = 0.2
00459 Command = 0, Enable_Fault_Reset = 0, Save_Configuration = 0, Enable_DPLTx = 0, Enable_DPLF1 = 0, Enable_DPLF2 = 0 : NULL
00460 #switch input to load line
00460 J2_01 = 1 : NULL : WAIT = 1
00461 
00461 #TESTING - ModeIndex 7 PortIndex 0
00461 J4_01 = 1 : NULL : WAIT = 0.1
00462 SWEEP-RUNNING DEATHSWEEP!
Connected: RIGOL TECHNOLOGIES,DP832,DP8C180100022,00.01.19
VISA resource: USB0::0x1AB1::0x0E11::DP8C180100022::INSTR
Sweeping CH2 mode=updown: 4.320000 V -> 4.430000 V -> 4.320000 V in 0.001000 V steps (221 points)
       0/220 set=4.320000 V elapsed=0.016s rate=62.50 steps/s
      50/220 set=4.370000 V elapsed=1.125s rate=45.33 steps/s eta=3.750s
     100/220 set=4.420000 V elapsed=2.188s rate=46.16 steps/s eta=2.600s
     150/220 set=4.390000 V elapsed=3.297s rate=45.80 steps/s eta=1.528s
     200/220 set=4.340000 V elapsed=4.375s rate=45.94 steps/s eta=0.435s
Sweep complete. Elapsed: 4.844s
Output turned OFF.


00462 J4_01 = 0 : NULL : WAIT = 0.1
00463 #test for lockup
00463 UUT_TXCHECK-2.0
00463 PASS: UUT_TXCHECK (FREQ1)
00464 #Finished with port
00464 #switch out input
00464 J2_01 = 0 : NULL : WAIT = 0.1
00465 
00465 #cycle IGN to reset lockup
00465 RLY_K1 = 1 : NULL : WAIT = 2
00466 RLY_K1 = 0 : NULL : WAIT = 2
00467 #-----setup 39009-----
00467 #configure
00467 Command = 82, MODE1 = 0, MODE2 = 0, Enable_24VDC = 0, Analog_Raw_Value = 0 : NULL : WAIT = 0.2
00468 Command = 0, MODE1 = 0, MODE2 = 0, Enable_24VDC = 0, Analog_Raw_Value = 0 : NULL
00469 Command = 83, MODE1A = 4, MODE1B = 7, MODE2A = 1, MODE2B = 1, MODE3A = 4, MODE3B = 1, MODE4A = 1, MODE4B = 1, MODE5A = 6, MODE5B = 6, MODE6A = 1, MODE6B = 1, MODE7A = 6, MODE7B = 6 : NULL : WAIT = 0.2
00470 Command = 0, MODE1A = 0, MODE1B = 0, MODE2A = 0, MODE2B = 0, MODE3A = 0, MODE3B = 0, MODE4A = 0, MODE4B = 0, MODE5A = 0, MODE5B = 0, MODE6A = 0, MODE6B = 0, MODE7A = 0, MODE7B = 0 : NULL
00471 Command = 84, MODE8A = 1, MODE8B = 1, MODE9A = 6, MODE9B = 6, MODE10A = 1, MODE10B = 1, GLOBAL_KP = 255, GLOBAL_KI = 255 : NULL : WAIT = 0.2
00472 Command = 0, MODE8A = 0, MODE8B = 0, MODE9A = 0, MODE9B = 0, MODE10A = 0, MODE10B = 0, GLOBAL_KP = 0, GLOBAL_KI = 0 : NULL
00473 Command = 82, Enable_Fault_Reset = 1, Save_Configuration = 1, Enable_DPLTx = 1, Enable_DPLF1 = 1, Enable_DPLF2 = 1 : NULL : WAIT = 0.2
00474 Command = 0, Enable_Fault_Reset = 0, Save_Configuration = 0, Enable_DPLTx = 0, Enable_DPLF1 = 0, Enable_DPLF2 = 0 : NULL
00475 #switch input to load line
00475 J2_02 = 1 : NULL : WAIT = 1
00476 
00476 #TESTING - ModeIndex 7 PortIndex 1
00476 AfgFreqSet = 100 : NULL : WAIT = 0.1
00477 #test for lockup
00477 UUT_TXCHECK-2.0
00477 PASS: UUT_TXCHECK (FAULT)
00478 NULL : Hertz_Count_Input1B = 0 | 0.1 | 0.1
00478 TEST: Hertz_Count_Input1B 0.0 +/- 0.1
00478 PASS: Hertz_Count_Input1B 0.0
00479 J0_11_FREQ_GEN = 1 : NULL : WAIT = 0.1
00480 NULL : Hertz_Count_Input1B = 100 | 30 | 0.1
00480 TEST: Hertz_Count_Input1B 100.0 +/- 30.0
00480 PASS: Hertz_Count_Input1B 99.0
00481 J0_11_FREQ_GEN = 0 : NULL : WAIT = 0.1
00482 NULL : Hertz_Count_Input1B = 0 | 0.1 | 0.1
00482 TEST: Hertz_Count_Input1B 0.0 +/- 0.1
00482 PASS: Hertz_Count_Input1B 0.0
00483 
00483 #Finished with port
00483 #switch out input
00483 J2_02 = 0 : NULL : WAIT = 0.1
00484 
00484 #cycle IGN to reset lockup
00484 RLY_K1 = 1 : NULL : WAIT = 2
00485 RLY_K1 = 0 : NULL : WAIT = 2
00486 #-----setup 39009-----
00486 #configure
00486 Command = 82, MODE1 = 0, MODE2 = 0, Enable_24VDC = 0, Analog_Raw_Value = 0 : NULL : WAIT = 0.2
00487 Command = 0, MODE1 = 0, MODE2 = 0, Enable_24VDC = 0, Analog_Raw_Value = 0 : NULL
00488 Command = 83, MODE1A = 4, MODE1B = 7, MODE2A = 1, MODE2B = 1, MODE3A = 4, MODE3B = 1, MODE4A = 1, MODE4B = 1, MODE5A = 6, MODE5B = 6, MODE6A = 1, MODE6B = 1, MODE7A = 6, MODE7B = 6 : NULL : WAIT = 0.2
00489 Command = 0, MODE1A = 0, MODE1B = 0, MODE2A = 0, MODE2B = 0, MODE3A = 0, MODE3B = 0, MODE4A = 0, MODE4B = 0, MODE5A = 0, MODE5B = 0, MODE6A = 0, MODE6B = 0, MODE7A = 0, MODE7B = 0 : NULL
00490 Command = 84, MODE8A = 1, MODE8B = 1, MODE9A = 6, MODE9B = 6, MODE10A = 1, MODE10B = 1, GLOBAL_KP = 255, GLOBAL_KI = 255 : NULL : WAIT = 0.2
00491 Command = 0, MODE8A = 0, MODE8B = 0, MODE9A = 0, MODE9B = 0, MODE10A = 0, MODE10B = 0, GLOBAL_KP = 0, GLOBAL_KI = 0 : NULL
00492 Command = 82, Enable_Fault_Reset = 1, Save_Configuration = 1, Enable_DPLTx = 1, Enable_DPLF1 = 1, Enable_DPLF2 = 1 : NULL : WAIT = 0.2
00493 Command = 0, Enable_Fault_Reset = 0, Save_Configuration = 0, Enable_DPLTx = 0, Enable_DPLF1 = 0, Enable_DPLF2 = 0 : NULL
00494 #switch input to load line
00494 J2_03 = 1 : NULL : WAIT = 1
00495 
00495 #TESTING - ModeIndex 7 PortIndex 2
00495 J4_01 = 1 : NULL : WAIT = 0.1
00496 SWEEP-RUNNING DEATHSWEEP!
Connected: RIGOL TECHNOLOGIES,DP832,DP8C180100022,00.01.19
VISA resource: USB0::0x1AB1::0x0E11::DP8C180100022::INSTR
Sweeping CH2 mode=updown: 4.320000 V -> 4.430000 V -> 4.320000 V in 0.001000 V steps (221 points)
       0/220 set=4.320000 V elapsed=0.031s rate=32.26 steps/s
      50/220 set=4.370000 V elapsed=1.109s rate=45.99 steps/s eta=3.697s
     100/220 set=4.420000 V elapsed=2.203s rate=45.85 steps/s eta=2.617s
     150/220 set=4.390000 V elapsed=3.281s rate=46.02 steps/s eta=1.521s
     200/220 set=4.340000 V elapsed=4.343s rate=46.28 steps/s eta=0.432s
Sweep complete. Elapsed: 4.781s
Output turned OFF.


00496 J4_01 = 0 : NULL : WAIT = 0.1
00497 #test for lockup
00497 UUT_TXCHECK-2.0
00497 PASS: UUT_TXCHECK (FREQ1)
00498 #Finished with port
00498 #switch out input
00498 J2_03 = 0 : NULL : WAIT = 0.1
00499 
00499 #cycle IGN to reset lockup
00499 RLY_K1 = 1 : NULL : WAIT = 2
00500 RLY_K1 = 0 : NULL : WAIT = 2
00501 #-----setup 39009-----
00501 #configure
00501 Command = 82, MODE1 = 0, MODE2 = 0, Enable_24VDC = 0, Analog_Raw_Value = 0 : NULL : WAIT = 0.2
00502 Command = 0, MODE1 = 0, MODE2 = 0, Enable_24VDC = 0, Analog_Raw_Value = 0 : NULL
00503 Command = 83, MODE1A = 4, MODE1B = 7, MODE2A = 1, MODE2B = 1, MODE3A = 4, MODE3B = 1, MODE4A = 1, MODE4B = 1, MODE5A = 6, MODE5B = 6, MODE6A = 1, MODE6B = 1, MODE7A = 6, MODE7B = 6 : NULL : WAIT = 0.2
00504 Command = 0, MODE1A = 0, MODE1B = 0, MODE2A = 0, MODE2B = 0, MODE3A = 0, MODE3B = 0, MODE4A = 0, MODE4B = 0, MODE5A = 0, MODE5B = 0, MODE6A = 0, MODE6B = 0, MODE7A = 0, MODE7B = 0 : NULL
00505 Command = 84, MODE8A = 1, MODE8B = 1, MODE9A = 6, MODE9B = 6, MODE10A = 1, MODE10B = 1, GLOBAL_KP = 255, GLOBAL_KI = 255 : NULL : WAIT = 0.2
00506 Command = 0, MODE8A = 0, MODE8B = 0, MODE9A = 0, MODE9B = 0, MODE10A = 0, MODE10B = 0, GLOBAL_KP = 0, GLOBAL_KI = 0 : NULL
00507 Command = 82, Enable_Fault_Reset = 1, Save_Configuration = 1, Enable_DPLTx = 1, Enable_DPLF1 = 1, Enable_DPLF2 = 1 : NULL : WAIT = 0.2
00508 Command = 0, Enable_Fault_Reset = 0, Save_Configuration = 0, Enable_DPLTx = 0, Enable_DPLF1 = 0, Enable_DPLF2 = 0 : NULL
00509 #switch input to load line
00509 J2_04 = 1 : NULL : WAIT = 1
00510 
00510 #TESTING - ModeIndex 7 PortIndex 3
00510 J4_01 = 1 : NULL : WAIT = 0.1
00511 SWEEP-RUNNING DEATHSWEEP!
Connected: RIGOL TECHNOLOGIES,DP832,DP8C180100022,00.01.19
VISA resource: USB0::0x1AB1::0x0E11::DP8C180100022::INSTR
Sweeping CH2 mode=updown: 4.320000 V -> 4.430000 V -> 4.320000 V in 0.001000 V steps (221 points)
       0/220 set=4.320000 V elapsed=0.031s rate=32.26 steps/s
      50/220 set=4.370000 V elapsed=1.078s rate=47.31 steps/s eta=3.593s
     100/220 set=4.420000 V elapsed=2.172s rate=46.50 steps/s eta=2.581s
     150/220 set=4.390000 V elapsed=3.250s rate=46.46 steps/s eta=1.507s
     200/220 set=4.340000 V elapsed=4.297s rate=46.78 steps/s eta=0.428s
Sweep complete. Elapsed: 4.718s
Output turned OFF.


00511 J4_01 = 0 : NULL : WAIT = 0.1
00512 #test for lockup
00512 UUT_TXCHECK-2.0
00512 PASS: UUT_TXCHECK (FREQ1)
00513 #Finished with port
00513 #switch out input
00513 J2_04 = 0 : NULL : WAIT = 0.1
00514 
00514 
00514 #Finished with mode
00514 #cycle IGN to reset lockup
00514 RLY_K1 = 1 : NULL : WAIT = 2
00515 RLY_K1 = 0 : NULL : WAIT = 2
00516 #-----setup 39009-----
00516 #configure
00516 Command = 82, MODE1 = 0, MODE2 = 0, Enable_24VDC = 0, Analog_Raw_Value = 0 : NULL : WAIT = 0.2
00517 Command = 0, MODE1 = 0, MODE2 = 0, Enable_24VDC = 0, Analog_Raw_Value = 0 : NULL
00518 Command = 83, MODE1A = 4, MODE1B = 7, MODE2A = 1, MODE2B = 1, MODE3A = 1, MODE3B = 1, MODE4A = 1, MODE4B = 1, MODE5A = 6, MODE5B = 6, MODE6A = 1, MODE6B = 1, MODE7A = 6, MODE7B = 6 : NULL : WAIT = 0.2
00519 Command = 0, MODE1A = 0, MODE1B = 0, MODE2A = 0, MODE2B = 0, MODE3A = 0, MODE3B = 0, MODE4A = 0, MODE4B = 0, MODE5A = 0, MODE5B = 0, MODE6A = 0, MODE6B = 0, MODE7A = 0, MODE7B = 0 : NULL
00520 Command = 84, MODE8A = 1, MODE8B = 1, MODE9A = 6, MODE9B = 6, MODE10A = 1, MODE10B = 1, GLOBAL_KP = 255, GLOBAL_KI = 255 : NULL : WAIT = 0.2
00521 Command = 0, MODE8A = 0, MODE8B = 0, MODE9A = 0, MODE9B = 0, MODE10A = 0, MODE10B = 0, GLOBAL_KP = 0, GLOBAL_KI = 0 : NULL
00522 Command = 82, Enable_Fault_Reset = 1, Save_Configuration = 1, Enable_DPLTx = 1, Enable_DPLF1 = 1, Enable_DPLF2 = 1 : NULL : WAIT = 0.2
00523 Command = 0, Enable_Fault_Reset = 0, Save_Configuration = 0, Enable_DPLTx = 0, Enable_DPLF1 = 0, Enable_DPLF2 = 0 : NULL
00524 #switch input to load line
00524 J2_01 = 1 : NULL : WAIT = 1
00525 
00525 #TESTING - ModeIndex 8 PortIndex 0
00525 J4_01 = 1 : NULL : WAIT = 0.1
00526 SWEEP-RUNNING DEATHSWEEP!
Connected: RIGOL TECHNOLOGIES,DP832,DP8C180100022,00.01.19
VISA resource: USB0::0x1AB1::0x0E11::DP8C180100022::INSTR
Sweeping CH2 mode=updown: 4.320000 V -> 4.430000 V -> 4.320000 V in 0.001000 V steps (221 points)
       0/220 set=4.320000 V elapsed=0.016s rate=62.50 steps/s
      50/220 set=4.370000 V elapsed=1.125s rate=45.33 steps/s eta=3.750s
     100/220 set=4.420000 V elapsed=2.219s rate=45.52 steps/s eta=2.636s
     150/220 set=4.390000 V elapsed=3.297s rate=45.80 steps/s eta=1.528s
     200/220 set=4.340000 V elapsed=4.375s rate=45.94 steps/s eta=0.435s
Sweep complete. Elapsed: 4.797s
Output turned OFF.


00526 J4_01 = 0 : NULL : WAIT = 0.1
00527 #test for lockup
00527 UUT_TXCHECK-2.0
00527 PASS: UUT_TXCHECK (FREQ1)
00528 #Finished with port
00528 #switch out input
00528 J2_01 = 0 : NULL : WAIT = 0.1
00529 
00529 #cycle IGN to reset lockup
00529 RLY_K1 = 1 : NULL : WAIT = 2
00530 RLY_K1 = 0 : NULL : WAIT = 2
00531 #-----setup 39009-----
00531 #configure
00531 Command = 82, MODE1 = 0, MODE2 = 0, Enable_24VDC = 0, Analog_Raw_Value = 0 : NULL : WAIT = 0.2
00532 Command = 0, MODE1 = 0, MODE2 = 0, Enable_24VDC = 0, Analog_Raw_Value = 0 : NULL
00533 Command = 83, MODE1A = 4, MODE1B = 7, MODE2A = 1, MODE2B = 1, MODE3A = 1, MODE3B = 1, MODE4A = 1, MODE4B = 1, MODE5A = 6, MODE5B = 6, MODE6A = 1, MODE6B = 1, MODE7A = 6, MODE7B = 6 : NULL : WAIT = 0.2
00534 Command = 0, MODE1A = 0, MODE1B = 0, MODE2A = 0, MODE2B = 0, MODE3A = 0, MODE3B = 0, MODE4A = 0, MODE4B = 0, MODE5A = 0, MODE5B = 0, MODE6A = 0, MODE6B = 0, MODE7A = 0, MODE7B = 0 : NULL
00535 Command = 84, MODE8A = 1, MODE8B = 1, MODE9A = 6, MODE9B = 6, MODE10A = 1, MODE10B = 1, GLOBAL_KP = 255, GLOBAL_KI = 255 : NULL : WAIT = 0.2
00536 Command = 0, MODE8A = 0, MODE8B = 0, MODE9A = 0, MODE9B = 0, MODE10A = 0, MODE10B = 0, GLOBAL_KP = 0, GLOBAL_KI = 0 : NULL
00537 Command = 82, Enable_Fault_Reset = 1, Save_Configuration = 1, Enable_DPLTx = 1, Enable_DPLF1 = 1, Enable_DPLF2 = 1 : NULL : WAIT = 0.2
00538 Command = 0, Enable_Fault_Reset = 0, Save_Configuration = 0, Enable_DPLTx = 0, Enable_DPLF1 = 0, Enable_DPLF2 = 0 : NULL
00539 #switch input to load line
00539 J2_02 = 1 : NULL : WAIT = 1
00540 
00540 #TESTING - ModeIndex 8 PortIndex 1
00540 AfgFreqSet = 100 : NULL : WAIT = 0.1
00541 #test for lockup
00541 UUT_TXCHECK-2.0
00541 PASS: UUT_TXCHECK (FREQ1)
00542 NULL : Hertz_Count_Input1B = 0 | 0.1 | 0.1
00542 TEST: Hertz_Count_Input1B 0.0 +/- 0.1
00542 PASS: Hertz_Count_Input1B 0.0
00543 J0_11_FREQ_GEN = 1 : NULL : WAIT = 0.1
00544 NULL : Hertz_Count_Input1B = 100 | 30 | 0.1
00544 TEST: Hertz_Count_Input1B 100.0 +/- 30.0
00544 PASS: Hertz_Count_Input1B 99.0
00545 J0_11_FREQ_GEN = 0 : NULL : WAIT = 0.1
00546 NULL : Hertz_Count_Input1B = 0 | 0.1 | 0.1
00546 TEST: Hertz_Count_Input1B 0.0 +/- 0.1
00546 PASS: Hertz_Count_Input1B 0.0
00547 
00547 #Finished with port
00547 #switch out input
00547 J2_02 = 0 : NULL : WAIT = 0.1
00548 
00548 #cycle IGN to reset lockup
00548 RLY_K1 = 1 : NULL : WAIT = 2
00549 RLY_K1 = 0 : NULL : WAIT = 2
00550 #-----setup 39009-----
00550 #configure
00550 Command = 82, MODE1 = 0, MODE2 = 0, Enable_24VDC = 0, Analog_Raw_Value = 0 : NULL : WAIT = 0.2
00551 Command = 0, MODE1 = 0, MODE2 = 0, Enable_24VDC = 0, Analog_Raw_Value = 0 : NULL
00552 Command = 83, MODE1A = 4, MODE1B = 7, MODE2A = 1, MODE2B = 1, MODE3A = 1, MODE3B = 1, MODE4A = 1, MODE4B = 1, MODE5A = 6, MODE5B = 6, MODE6A = 1, MODE6B = 1, MODE7A = 6, MODE7B = 6 : NULL : WAIT = 0.2
00553 Command = 0, MODE1A = 0, MODE1B = 0, MODE2A = 0, MODE2B = 0, MODE3A = 0, MODE3B = 0, MODE4A = 0, MODE4B = 0, MODE5A = 0, MODE5B = 0, MODE6A = 0, MODE6B = 0, MODE7A = 0, MODE7B = 0 : NULL
00554 Command = 84, MODE8A = 1, MODE8B = 1, MODE9A = 6, MODE9B = 6, MODE10A = 1, MODE10B = 1, GLOBAL_KP = 255, GLOBAL_KI = 255 : NULL : WAIT = 0.2
00555 Command = 0, MODE8A = 0, MODE8B = 0, MODE9A = 0, MODE9B = 0, MODE10A = 0, MODE10B = 0, GLOBAL_KP = 0, GLOBAL_KI = 0 : NULL
00556 Command = 82, Enable_Fault_Reset = 1, Save_Configuration = 1, Enable_DPLTx = 1, Enable_DPLF1 = 1, Enable_DPLF2 = 1 : NULL : WAIT = 0.2
00557 Command = 0, Enable_Fault_Reset = 0, Save_Configuration = 0, Enable_DPLTx = 0, Enable_DPLF1 = 0, Enable_DPLF2 = 0 : NULL
00558 #switch input to load line
00558 J2_03 = 1 : NULL : WAIT = 1
00559 
00559 #TESTING - ModeIndex 8 PortIndex 2
00559 J4_01 = 1 : NULL : WAIT = 0.1
00560 SWEEP-RUNNING DEATHSWEEP!
Connected: RIGOL TECHNOLOGIES,DP832,DP8C180100022,00.01.19
VISA resource: USB0::0x1AB1::0x0E11::DP8C180100022::INSTR
Sweeping CH2 mode=updown: 4.320000 V -> 4.430000 V -> 4.320000 V in 0.001000 V steps (221 points)
       0/220 set=4.320000 V elapsed=0.031s rate=32.26 steps/s
      50/220 set=4.370000 V elapsed=1.141s rate=44.70 steps/s eta=3.803s
     100/220 set=4.420000 V elapsed=2.234s rate=45.21 steps/s eta=2.654s
     150/220 set=4.390000 V elapsed=3.359s rate=44.95 steps/s eta=1.557s
     200/220 set=4.340000 V elapsed=4.469s rate=44.98 steps/s eta=0.445s
Sweep complete. Elapsed: 4.906s
Output turned OFF.


00560 J4_01 = 0 : NULL : WAIT = 0.1
00561 #test for lockup
00561 UUT_TXCHECK-2.0
00561 PASS: UUT_TXCHECK (DPLF1)
00562 #Finished with port
00562 #switch out input
00562 J2_03 = 0 : NULL : WAIT = 0.1
00563 
00563 #cycle IGN to reset lockup
00563 RLY_K1 = 1 : NULL : WAIT = 2
00564 RLY_K1 = 0 : NULL : WAIT = 2
00565 #-----setup 39009-----
00565 #configure
00565 Command = 82, MODE1 = 0, MODE2 = 0, Enable_24VDC = 0, Analog_Raw_Value = 0 : NULL : WAIT = 0.2
00566 Command = 0, MODE1 = 0, MODE2 = 0, Enable_24VDC = 0, Analog_Raw_Value = 0 : NULL
00567 Command = 83, MODE1A = 4, MODE1B = 7, MODE2A = 1, MODE2B = 1, MODE3A = 1, MODE3B = 1, MODE4A = 1, MODE4B = 1, MODE5A = 6, MODE5B = 6, MODE6A = 1, MODE6B = 1, MODE7A = 6, MODE7B = 6 : NULL : WAIT = 0.2
00568 Command = 0, MODE1A = 0, MODE1B = 0, MODE2A = 0, MODE2B = 0, MODE3A = 0, MODE3B = 0, MODE4A = 0, MODE4B = 0, MODE5A = 0, MODE5B = 0, MODE6A = 0, MODE6B = 0, MODE7A = 0, MODE7B = 0 : NULL
00569 Command = 84, MODE8A = 1, MODE8B = 1, MODE9A = 6, MODE9B = 6, MODE10A = 1, MODE10B = 1, GLOBAL_KP = 255, GLOBAL_KI = 255 : NULL : WAIT = 0.2
00570 Command = 0, MODE8A = 0, MODE8B = 0, MODE9A = 0, MODE9B = 0, MODE10A = 0, MODE10B = 0, GLOBAL_KP = 0, GLOBAL_KI = 0 : NULL
00571 Command = 82, Enable_Fault_Reset = 1, Save_Configuration = 1, Enable_DPLTx = 1, Enable_DPLF1 = 1, Enable_DPLF2 = 1 : NULL : WAIT = 0.2
00572 Command = 0, Enable_Fault_Reset = 0, Save_Configuration = 0, Enable_DPLTx = 0, Enable_DPLF1 = 0, Enable_DPLF2 = 0 : NULL
00573 #switch input to load line
00573 J2_04 = 1 : NULL : WAIT = 1
00574 
00574 #TESTING - ModeIndex 8 PortIndex 3
00574 J4_01 = 1 : NULL : WAIT = 0.1
00575 SWEEP-RUNNING DEATHSWEEP!
Connected: RIGOL TECHNOLOGIES,DP832,DP8C180100022,00.01.19
VISA resource: USB0::0x1AB1::0x0E11::DP8C180100022::INSTR
Sweeping CH2 mode=updown: 4.320000 V -> 4.430000 V -> 4.320000 V in 0.001000 V steps (221 points)
       0/220 set=4.320000 V elapsed=0.031s rate=32.26 steps/s
      50/220 set=4.370000 V elapsed=1.093s rate=46.66 steps/s eta=3.643s
     100/220 set=4.420000 V elapsed=2.171s rate=46.52 steps/s eta=2.579s
     150/220 set=4.390000 V elapsed=3.250s rate=46.46 steps/s eta=1.507s
     200/220 set=4.340000 V elapsed=4.328s rate=46.44 steps/s eta=0.431s
Sweep complete. Elapsed: 4.765s
Output turned OFF.


00575 J4_01 = 0 : NULL : WAIT = 0.1
00576 #test for lockup
00576 UUT_TXCHECK-2.0
00576 PASS: UUT_TXCHECK (FREQ1)
00577 #Finished with port
00577 #switch out input
00577 J2_04 = 0 : NULL : WAIT = 0.1
00578 
00578 
00578 #Finished with mode
00578 #cycle IGN to reset lockup
00578 RLY_K1 = 1 : NULL : WAIT = 2
00579 RLY_K1 = 0 : NULL : WAIT = 2
00580 #-----setup 39009-----
00580 #configure
00580 Command = 82, MODE1 = 0, MODE2 = 0, Enable_24VDC = 0, Analog_Raw_Value = 0 : NULL : WAIT = 0.2
00581 Command = 0, MODE1 = 0, MODE2 = 0, Enable_24VDC = 0, Analog_Raw_Value = 0 : NULL
00582 Command = 83, MODE1A = 4, MODE1B = 1, MODE2A = 1, MODE2B = 1, MODE3A = 4, MODE3B = 4, MODE4A = 1, MODE4B = 1, MODE5A = 6, MODE5B = 6, MODE6A = 1, MODE6B = 1, MODE7A = 6, MODE7B = 6 : NULL : WAIT = 0.2
00583 Command = 0, MODE1A = 0, MODE1B = 0, MODE2A = 0, MODE2B = 0, MODE3A = 0, MODE3B = 0, MODE4A = 0, MODE4B = 0, MODE5A = 0, MODE5B = 0, MODE6A = 0, MODE6B = 0, MODE7A = 0, MODE7B = 0 : NULL
00584 Command = 84, MODE8A = 1, MODE8B = 1, MODE9A = 6, MODE9B = 6, MODE10A = 1, MODE10B = 1, GLOBAL_KP = 255, GLOBAL_KI = 255 : NULL : WAIT = 0.2
00585 Command = 0, MODE8A = 0, MODE8B = 0, MODE9A = 0, MODE9B = 0, MODE10A = 0, MODE10B = 0, GLOBAL_KP = 0, GLOBAL_KI = 0 : NULL
00586 Command = 82, Enable_Fault_Reset = 1, Save_Configuration = 1, Enable_DPLTx = 1, Enable_DPLF1 = 1, Enable_DPLF2 = 1 : NULL : WAIT = 0.2
00587 Command = 0, Enable_Fault_Reset = 0, Save_Configuration = 0, Enable_DPLTx = 0, Enable_DPLF1 = 0, Enable_DPLF2 = 0 : NULL
00588 #switch input to load line
00588 J2_01 = 1 : NULL : WAIT = 1
00589 
00589 #TESTING - ModeIndex 9 PortIndex 0
00589 J4_01 = 1 : NULL : WAIT = 0.1
00590 SWEEP-RUNNING DEATHSWEEP!
Connected: RIGOL TECHNOLOGIES,DP832,DP8C180100022,00.01.19
VISA resource: USB0::0x1AB1::0x0E11::DP8C180100022::INSTR
Sweeping CH2 mode=updown: 4.320000 V -> 4.430000 V -> 4.320000 V in 0.001000 V steps (221 points)
       0/220 set=4.320000 V elapsed=0.031s rate=32.26 steps/s
      50/220 set=4.370000 V elapsed=1.125s rate=45.33 steps/s eta=3.750s
     100/220 set=4.420000 V elapsed=2.187s rate=46.18 steps/s eta=2.598s
     150/220 set=4.390000 V elapsed=3.265s rate=46.25 steps/s eta=1.514s
     200/220 set=4.340000 V elapsed=4.328s rate=46.44 steps/s eta=0.431s
Sweep complete. Elapsed: 4.750s
Output turned OFF.


00590 J4_01 = 0 : NULL : WAIT = 0.1
00591 #test for lockup
00591 UUT_TXCHECK-2.0
00591 PASS: UUT_TXCHECK (AD3)
00592 #Finished with port
00592 #switch out input
00592 J2_01 = 0 : NULL : WAIT = 0.1
00593 
00593 #cycle IGN to reset lockup
00593 RLY_K1 = 1 : NULL : WAIT = 2
00594 RLY_K1 = 0 : NULL : WAIT = 2
00595 #-----setup 39009-----
00595 #configure
00595 Command = 82, MODE1 = 0, MODE2 = 0, Enable_24VDC = 0, Analog_Raw_Value = 0 : NULL : WAIT = 0.2
00596 Command = 0, MODE1 = 0, MODE2 = 0, Enable_24VDC = 0, Analog_Raw_Value = 0 : NULL
00597 Command = 83, MODE1A = 4, MODE1B = 1, MODE2A = 1, MODE2B = 1, MODE3A = 4, MODE3B = 4, MODE4A = 1, MODE4B = 1, MODE5A = 6, MODE5B = 6, MODE6A = 1, MODE6B = 1, MODE7A = 6, MODE7B = 6 : NULL : WAIT = 0.2
00598 Command = 0, MODE1A = 0, MODE1B = 0, MODE2A = 0, MODE2B = 0, MODE3A = 0, MODE3B = 0, MODE4A = 0, MODE4B = 0, MODE5A = 0, MODE5B = 0, MODE6A = 0, MODE6B = 0, MODE7A = 0, MODE7B = 0 : NULL
00599 Command = 84, MODE8A = 1, MODE8B = 1, MODE9A = 6, MODE9B = 6, MODE10A = 1, MODE10B = 1, GLOBAL_KP = 255, GLOBAL_KI = 255 : NULL : WAIT = 0.2
00600 Command = 0, MODE8A = 0, MODE8B = 0, MODE9A = 0, MODE9B = 0, MODE10A = 0, MODE10B = 0, GLOBAL_KP = 0, GLOBAL_KI = 0 : NULL
00601 Command = 82, Enable_Fault_Reset = 1, Save_Configuration = 1, Enable_DPLTx = 1, Enable_DPLF1 = 1, Enable_DPLF2 = 1 : NULL : WAIT = 0.2
00602 Command = 0, Enable_Fault_Reset = 0, Save_Configuration = 0, Enable_DPLTx = 0, Enable_DPLF1 = 0, Enable_DPLF2 = 0 : NULL
00603 #switch input to load line
00603 J2_02 = 1 : NULL : WAIT = 1
00604 
00604 #TESTING - ModeIndex 9 PortIndex 1
00604 J4_01 = 1 : NULL : WAIT = 0.1
00605 SWEEP-RUNNING DEATHSWEEP!
Connected: RIGOL TECHNOLOGIES,DP832,DP8C180100022,00.01.19
VISA resource: USB0::0x1AB1::0x0E11::DP8C180100022::INSTR
Sweeping CH2 mode=updown: 4.320000 V -> 4.430000 V -> 4.320000 V in 0.001000 V steps (221 points)
       0/220 set=4.320000 V elapsed=0.016s rate=62.50 steps/s
      50/220 set=4.370000 V elapsed=1.094s rate=46.62 steps/s eta=3.647s
     100/220 set=4.420000 V elapsed=2.172s rate=46.50 steps/s eta=2.581s
     150/220 set=4.390000 V elapsed=3.250s rate=46.46 steps/s eta=1.507s
     200/220 set=4.340000 V elapsed=4.297s rate=46.78 steps/s eta=0.428s
Sweep complete. Elapsed: 4.734s
Output turned OFF.


00605 J4_01 = 0 : NULL : WAIT = 0.1
00606 #test for lockup
00606 UUT_TXCHECK-2.0
00606 PASS: UUT_TXCHECK (DPLT4)
00607 #Finished with port
00607 #switch out input
00607 J2_02 = 0 : NULL : WAIT = 0.1
00608 
00608 #cycle IGN to reset lockup
00608 RLY_K1 = 1 : NULL : WAIT = 2
00609 RLY_K1 = 0 : NULL : WAIT = 2
00610 #-----setup 39009-----
00610 #configure
00610 Command = 82, MODE1 = 0, MODE2 = 0, Enable_24VDC = 0, Analog_Raw_Value = 0 : NULL : WAIT = 0.2
00611 Command = 0, MODE1 = 0, MODE2 = 0, Enable_24VDC = 0, Analog_Raw_Value = 0 : NULL
00612 Command = 83, MODE1A = 4, MODE1B = 1, MODE2A = 1, MODE2B = 1, MODE3A = 4, MODE3B = 4, MODE4A = 1, MODE4B = 1, MODE5A = 6, MODE5B = 6, MODE6A = 1, MODE6B = 1, MODE7A = 6, MODE7B = 6 : NULL : WAIT = 0.2
00613 Command = 0, MODE1A = 0, MODE1B = 0, MODE2A = 0, MODE2B = 0, MODE3A = 0, MODE3B = 0, MODE4A = 0, MODE4B = 0, MODE5A = 0, MODE5B = 0, MODE6A = 0, MODE6B = 0, MODE7A = 0, MODE7B = 0 : NULL
00614 Command = 84, MODE8A = 1, MODE8B = 1, MODE9A = 6, MODE9B = 6, MODE10A = 1, MODE10B = 1, GLOBAL_KP = 255, GLOBAL_KI = 255 : NULL : WAIT = 0.2
00615 Command = 0, MODE8A = 0, MODE8B = 0, MODE9A = 0, MODE9B = 0, MODE10A = 0, MODE10B = 0, GLOBAL_KP = 0, GLOBAL_KI = 0 : NULL
00616 Command = 82, Enable_Fault_Reset = 1, Save_Configuration = 1, Enable_DPLTx = 1, Enable_DPLF1 = 1, Enable_DPLF2 = 1 : NULL : WAIT = 0.2
00617 Command = 0, Enable_Fault_Reset = 0, Save_Configuration = 0, Enable_DPLTx = 0, Enable_DPLF1 = 0, Enable_DPLF2 = 0 : NULL
00618 #switch input to load line
00618 J2_03 = 1 : NULL : WAIT = 1
00619 
00619 #TESTING - ModeIndex 9 PortIndex 2
00619 J4_01 = 1 : NULL : WAIT = 0.1
00620 SWEEP-RUNNING DEATHSWEEP!
Connected: RIGOL TECHNOLOGIES,DP832,DP8C180100022,00.01.19
VISA resource: USB0::0x1AB1::0x0E11::DP8C180100022::INSTR
Sweeping CH2 mode=updown: 4.320000 V -> 4.430000 V -> 4.320000 V in 0.001000 V steps (221 points)
       0/220 set=4.320000 V elapsed=0.031s rate=32.26 steps/s
      50/220 set=4.370000 V elapsed=1.109s rate=45.99 steps/s eta=3.697s
     100/220 set=4.420000 V elapsed=2.187s rate=46.18 steps/s eta=2.598s
     150/220 set=4.390000 V elapsed=3.266s rate=46.23 steps/s eta=1.514s
     200/220 set=4.340000 V elapsed=4.344s rate=46.27 steps/s eta=0.432s
Sweep complete. Elapsed: 4.797s
Output turned OFF.


00620 J4_01 = 0 : NULL : WAIT = 0.1
00621 #test for lockup
00621 UUT_TXCHECK-2.0
00621 PASS: UUT_TXCHECK (AD2)
00622 #Finished with port
00622 #switch out input
00622 J2_03 = 0 : NULL : WAIT = 0.1
00623 
00623 #cycle IGN to reset lockup
00623 RLY_K1 = 1 : NULL : WAIT = 2
00624 RLY_K1 = 0 : NULL : WAIT = 2
00625 #-----setup 39009-----
00625 #configure
00625 Command = 82, MODE1 = 0, MODE2 = 0, Enable_24VDC = 0, Analog_Raw_Value = 0 : NULL : WAIT = 0.2
00626 Command = 0, MODE1 = 0, MODE2 = 0, Enable_24VDC = 0, Analog_Raw_Value = 0 : NULL
00627 Command = 83, MODE1A = 4, MODE1B = 1, MODE2A = 1, MODE2B = 1, MODE3A = 4, MODE3B = 4, MODE4A = 1, MODE4B = 1, MODE5A = 6, MODE5B = 6, MODE6A = 1, MODE6B = 1, MODE7A = 6, MODE7B = 6 : NULL : WAIT = 0.2
00628 Command = 0, MODE1A = 0, MODE1B = 0, MODE2A = 0, MODE2B = 0, MODE3A = 0, MODE3B = 0, MODE4A = 0, MODE4B = 0, MODE5A = 0, MODE5B = 0, MODE6A = 0, MODE6B = 0, MODE7A = 0, MODE7B = 0 : NULL
00629 Command = 84, MODE8A = 1, MODE8B = 1, MODE9A = 6, MODE9B = 6, MODE10A = 1, MODE10B = 1, GLOBAL_KP = 255, GLOBAL_KI = 255 : NULL : WAIT = 0.2
00630 Command = 0, MODE8A = 0, MODE8B = 0, MODE9A = 0, MODE9B = 0, MODE10A = 0, MODE10B = 0, GLOBAL_KP = 0, GLOBAL_KI = 0 : NULL
00631 Command = 82, Enable_Fault_Reset = 1, Save_Configuration = 1, Enable_DPLTx = 1, Enable_DPLF1 = 1, Enable_DPLF2 = 1 : NULL : WAIT = 0.2
00632 Command = 0, Enable_Fault_Reset = 0, Save_Configuration = 0, Enable_DPLTx = 0, Enable_DPLF1 = 0, Enable_DPLF2 = 0 : NULL
00633 #switch input to load line
00633 J2_04 = 1 : NULL : WAIT = 1
00634 
00634 #TESTING - ModeIndex 9 PortIndex 3
00634 J4_01 = 1 : NULL : WAIT = 0.1
00635 SWEEP-RUNNING DEATHSWEEP!
Connected: RIGOL TECHNOLOGIES,DP832,DP8C180100022,00.01.19
VISA resource: USB0::0x1AB1::0x0E11::DP8C180100022::INSTR
Sweeping CH2 mode=updown: 4.320000 V -> 4.430000 V -> 4.320000 V in 0.001000 V steps (221 points)
       0/220 set=4.320000 V elapsed=0.031s rate=32.26 steps/s
      50/220 set=4.370000 V elapsed=1.109s rate=45.99 steps/s eta=3.697s
     100/220 set=4.420000 V elapsed=2.187s rate=46.18 steps/s eta=2.598s
     150/220 set=4.390000 V elapsed=3.250s rate=46.46 steps/s eta=1.507s
     200/220 set=4.340000 V elapsed=4.359s rate=46.11 steps/s eta=0.434s
Sweep complete. Elapsed: 4.765s
Output turned OFF.


00635 J4_01 = 0 : NULL : WAIT = 0.1
00636 #test for lockup
00636 UUT_TXCHECK-2.0
00636 PASS: UUT_TXCHECK (FAULT)
00637 #Finished with port
00637 #switch out input
00637 J2_04 = 0 : NULL : WAIT = 0.1
00638 
00638 
00638 #Finished with mode
00638 #cycle IGN to reset lockup
00638 RLY_K1 = 1 : NULL : WAIT = 2
00639 RLY_K1 = 0 : NULL : WAIT = 2
00640 #-----setup 39009-----
00640 #configure
00640 Command = 82, MODE1 = 0, MODE2 = 0, Enable_24VDC = 0, Analog_Raw_Value = 0 : NULL : WAIT = 0.2
00641 Command = 0, MODE1 = 0, MODE2 = 0, Enable_24VDC = 0, Analog_Raw_Value = 0 : NULL
00642 Command = 83, MODE1A = 4, MODE1B = 1, MODE2A = 1, MODE2B = 1, MODE3A = 4, MODE3B = 1, MODE4A = 1, MODE4B = 1, MODE5A = 6, MODE5B = 6, MODE6A = 1, MODE6B = 1, MODE7A = 6, MODE7B = 6 : NULL : WAIT = 0.2
00643 Command = 0, MODE1A = 0, MODE1B = 0, MODE2A = 0, MODE2B = 0, MODE3A = 0, MODE3B = 0, MODE4A = 0, MODE4B = 0, MODE5A = 0, MODE5B = 0, MODE6A = 0, MODE6B = 0, MODE7A = 0, MODE7B = 0 : NULL
00644 Command = 84, MODE8A = 1, MODE8B = 1, MODE9A = 6, MODE9B = 6, MODE10A = 1, MODE10B = 1, GLOBAL_KP = 255, GLOBAL_KI = 255 : NULL : WAIT = 0.2
00645 Command = 0, MODE8A = 0, MODE8B = 0, MODE9A = 0, MODE9B = 0, MODE10A = 0, MODE10B = 0, GLOBAL_KP = 0, GLOBAL_KI = 0 : NULL
00646 Command = 82, Enable_Fault_Reset = 1, Save_Configuration = 1, Enable_DPLTx = 1, Enable_DPLF1 = 1, Enable_DPLF2 = 1 : NULL : WAIT = 0.2
00647 Command = 0, Enable_Fault_Reset = 0, Save_Configuration = 0, Enable_DPLTx = 0, Enable_DPLF1 = 0, Enable_DPLF2 = 0 : NULL
00648 #switch input to load line
00648 J2_01 = 1 : NULL : WAIT = 1
00649 
00649 #TESTING - ModeIndex 10 PortIndex 0
00649 J4_01 = 1 : NULL : WAIT = 0.1
00650 SWEEP-RUNNING DEATHSWEEP!
Connected: RIGOL TECHNOLOGIES,DP832,DP8C180100022,00.01.19
VISA resource: USB0::0x1AB1::0x0E11::DP8C180100022::INSTR
Sweeping CH2 mode=updown: 4.320000 V -> 4.430000 V -> 4.320000 V in 0.001000 V steps (221 points)
       0/220 set=4.320000 V elapsed=0.031s rate=32.26 steps/s
      50/220 set=4.370000 V elapsed=1.093s rate=46.66 steps/s eta=3.643s
     100/220 set=4.420000 V elapsed=2.172s rate=46.50 steps/s eta=2.581s
     150/220 set=4.390000 V elapsed=3.250s rate=46.46 steps/s eta=1.507s
     200/220 set=4.340000 V elapsed=4.343s rate=46.28 steps/s eta=0.432s
Sweep complete. Elapsed: 4.765s
Output turned OFF.


00650 J4_01 = 0 : NULL : WAIT = 0.1
00651 #test for lockup
00651 UUT_TXCHECK-2.0
00651 PASS: UUT_TXCHECK (DIGIN)
00652 #Finished with port
00652 #switch out input
00652 J2_01 = 0 : NULL : WAIT = 0.1
00653 
00653 #cycle IGN to reset lockup
00653 RLY_K1 = 1 : NULL : WAIT = 2
00654 RLY_K1 = 0 : NULL : WAIT = 2
00655 #-----setup 39009-----
00655 #configure
00655 Command = 82, MODE1 = 0, MODE2 = 0, Enable_24VDC = 0, Analog_Raw_Value = 0 : NULL : WAIT = 0.2
00656 Command = 0, MODE1 = 0, MODE2 = 0, Enable_24VDC = 0, Analog_Raw_Value = 0 : NULL
00657 Command = 83, MODE1A = 4, MODE1B = 1, MODE2A = 1, MODE2B = 1, MODE3A = 4, MODE3B = 1, MODE4A = 1, MODE4B = 1, MODE5A = 6, MODE5B = 6, MODE6A = 1, MODE6B = 1, MODE7A = 6, MODE7B = 6 : NULL : WAIT = 0.2
00658 Command = 0, MODE1A = 0, MODE1B = 0, MODE2A = 0, MODE2B = 0, MODE3A = 0, MODE3B = 0, MODE4A = 0, MODE4B = 0, MODE5A = 0, MODE5B = 0, MODE6A = 0, MODE6B = 0, MODE7A = 0, MODE7B = 0 : NULL
00659 Command = 84, MODE8A = 1, MODE8B = 1, MODE9A = 6, MODE9B = 6, MODE10A = 1, MODE10B = 1, GLOBAL_KP = 255, GLOBAL_KI = 255 : NULL : WAIT = 0.2
00660 Command = 0, MODE8A = 0, MODE8B = 0, MODE9A = 0, MODE9B = 0, MODE10A = 0, MODE10B = 0, GLOBAL_KP = 0, GLOBAL_KI = 0 : NULL
00661 Command = 82, Enable_Fault_Reset = 1, Save_Configuration = 1, Enable_DPLTx = 1, Enable_DPLF1 = 1, Enable_DPLF2 = 1 : NULL : WAIT = 0.2
00662 Command = 0, Enable_Fault_Reset = 0, Save_Configuration = 0, Enable_DPLTx = 0, Enable_DPLF1 = 0, Enable_DPLF2 = 0 : NULL
00663 #switch input to load line
00663 J2_02 = 1 : NULL : WAIT = 1
00664 
00664 #TESTING - ModeIndex 10 PortIndex 1
00664 J4_01 = 1 : NULL : WAIT = 0.1
00665 SWEEP-RUNNING DEATHSWEEP!
Connected: RIGOL TECHNOLOGIES,DP832,DP8C180100022,00.01.19
VISA resource: USB0::0x1AB1::0x0E11::DP8C180100022::INSTR
Sweeping CH2 mode=updown: 4.320000 V -> 4.430000 V -> 4.320000 V in 0.001000 V steps (221 points)
       0/220 set=4.320000 V elapsed=0.031s rate=32.26 steps/s
      50/220 set=4.370000 V elapsed=1.094s rate=46.62 steps/s eta=3.647s
     100/220 set=4.420000 V elapsed=2.156s rate=46.85 steps/s eta=2.562s
     150/220 set=4.390000 V elapsed=3.266s rate=46.23 steps/s eta=1.514s
     200/220 set=4.340000 V elapsed=4.359s rate=46.11 steps/s eta=0.434s
Sweep complete. Elapsed: 4.797s
Output turned OFF.


00665 J4_01 = 0 : NULL : WAIT = 0.1
00666 #test for lockup
00666 UUT_TXCHECK-2.0
00666 PASS: UUT_TXCHECK (DPLF1)
00667 #Finished with port
00667 #switch out input
00667 J2_02 = 0 : NULL : WAIT = 0.1
00668 
00668 #cycle IGN to reset lockup
00668 RLY_K1 = 1 : NULL : WAIT = 2
00669 RLY_K1 = 0 : NULL : WAIT = 2
00670 #-----setup 39009-----
00670 #configure
00670 Command = 82, MODE1 = 0, MODE2 = 0, Enable_24VDC = 0, Analog_Raw_Value = 0 : NULL : WAIT = 0.2
00671 Command = 0, MODE1 = 0, MODE2 = 0, Enable_24VDC = 0, Analog_Raw_Value = 0 : NULL
00672 Command = 83, MODE1A = 4, MODE1B = 1, MODE2A = 1, MODE2B = 1, MODE3A = 4, MODE3B = 1, MODE4A = 1, MODE4B = 1, MODE5A = 6, MODE5B = 6, MODE6A = 1, MODE6B = 1, MODE7A = 6, MODE7B = 6 : NULL : WAIT = 0.2
00673 Command = 0, MODE1A = 0, MODE1B = 0, MODE2A = 0, MODE2B = 0, MODE3A = 0, MODE3B = 0, MODE4A = 0, MODE4B = 0, MODE5A = 0, MODE5B = 0, MODE6A = 0, MODE6B = 0, MODE7A = 0, MODE7B = 0 : NULL
00674 Command = 84, MODE8A = 1, MODE8B = 1, MODE9A = 6, MODE9B = 6, MODE10A = 1, MODE10B = 1, GLOBAL_KP = 255, GLOBAL_KI = 255 : NULL : WAIT = 0.2
00675 Command = 0, MODE8A = 0, MODE8B = 0, MODE9A = 0, MODE9B = 0, MODE10A = 0, MODE10B = 0, GLOBAL_KP = 0, GLOBAL_KI = 0 : NULL
00676 Command = 82, Enable_Fault_Reset = 1, Save_Configuration = 1, Enable_DPLTx = 1, Enable_DPLF1 = 1, Enable_DPLF2 = 1 : NULL : WAIT = 0.2
00677 Command = 0, Enable_Fault_Reset = 0, Save_Configuration = 0, Enable_DPLTx = 0, Enable_DPLF1 = 0, Enable_DPLF2 = 0 : NULL
00678 #switch input to load line
00678 J2_03 = 1 : NULL : WAIT = 1
00679 
00679 #TESTING - ModeIndex 10 PortIndex 2
00679 J4_01 = 1 : NULL : WAIT = 0.1
00680 SWEEP-RUNNING DEATHSWEEP!
Connected: RIGOL TECHNOLOGIES,DP832,DP8C180100022,00.01.19
VISA resource: USB0::0x1AB1::0x0E11::DP8C180100022::INSTR
Sweeping CH2 mode=updown: 4.320000 V -> 4.430000 V -> 4.320000 V in 0.001000 V steps (221 points)
       0/220 set=4.320000 V elapsed=0.016s rate=62.50 steps/s
      50/220 set=4.370000 V elapsed=1.125s rate=45.33 steps/s eta=3.750s
     100/220 set=4.420000 V elapsed=2.235s rate=45.19 steps/s eta=2.655s
     150/220 set=4.390000 V elapsed=3.328s rate=45.37 steps/s eta=1.543s
     200/220 set=4.340000 V elapsed=4.391s rate=45.78 steps/s eta=0.437s
Sweep complete. Elapsed: 4.828s
Output turned OFF.


00680 J4_01 = 0 : NULL : WAIT = 0.1
00681 #test for lockup
00681 UUT_TXCHECK-2.0
00681 PASS: UUT_TXCHECK (DPLF1)
00682 #Finished with port
00682 #switch out input
00682 J2_03 = 0 : NULL : WAIT = 0.1
00683 
00683 #cycle IGN to reset lockup
00683 RLY_K1 = 1 : NULL : WAIT = 2
00684 RLY_K1 = 0 : NULL : WAIT = 2
00685 #-----setup 39009-----
00685 #configure
00685 Command = 82, MODE1 = 0, MODE2 = 0, Enable_24VDC = 0, Analog_Raw_Value = 0 : NULL : WAIT = 0.2
00686 Command = 0, MODE1 = 0, MODE2 = 0, Enable_24VDC = 0, Analog_Raw_Value = 0 : NULL
00687 Command = 83, MODE1A = 4, MODE1B = 1, MODE2A = 1, MODE2B = 1, MODE3A = 4, MODE3B = 1, MODE4A = 1, MODE4B = 1, MODE5A = 6, MODE5B = 6, MODE6A = 1, MODE6B = 1, MODE7A = 6, MODE7B = 6 : NULL : WAIT = 0.2
00688 Command = 0, MODE1A = 0, MODE1B = 0, MODE2A = 0, MODE2B = 0, MODE3A = 0, MODE3B = 0, MODE4A = 0, MODE4B = 0, MODE5A = 0, MODE5B = 0, MODE6A = 0, MODE6B = 0, MODE7A = 0, MODE7B = 0 : NULL
00689 Command = 84, MODE8A = 1, MODE8B = 1, MODE9A = 6, MODE9B = 6, MODE10A = 1, MODE10B = 1, GLOBAL_KP = 255, GLOBAL_KI = 255 : NULL : WAIT = 0.2
00690 Command = 0, MODE8A = 0, MODE8B = 0, MODE9A = 0, MODE9B = 0, MODE10A = 0, MODE10B = 0, GLOBAL_KP = 0, GLOBAL_KI = 0 : NULL
00691 Command = 82, Enable_Fault_Reset = 1, Save_Configuration = 1, Enable_DPLTx = 1, Enable_DPLF1 = 1, Enable_DPLF2 = 1 : NULL : WAIT = 0.2
00692 Command = 0, Enable_Fault_Reset = 0, Save_Configuration = 0, Enable_DPLTx = 0, Enable_DPLF1 = 0, Enable_DPLF2 = 0 : NULL
00693 #switch input to load line
00693 J2_04 = 1 : NULL : WAIT = 1
00694 
00694 #TESTING - ModeIndex 10 PortIndex 3
00694 J4_01 = 1 : NULL : WAIT = 0.1
00695 SWEEP-RUNNING DEATHSWEEP!
Connected: RIGOL TECHNOLOGIES,DP832,DP8C180100022,00.01.19
VISA resource: USB0::0x1AB1::0x0E11::DP8C180100022::INSTR
Sweeping CH2 mode=updown: 4.320000 V -> 4.430000 V -> 4.320000 V in 0.001000 V steps (221 points)
       0/220 set=4.320000 V elapsed=0.031s rate=32.26 steps/s
      50/220 set=4.370000 V elapsed=1.094s rate=46.62 steps/s eta=3.647s
     100/220 set=4.420000 V elapsed=2.203s rate=45.85 steps/s eta=2.617s
     150/220 set=4.390000 V elapsed=3.312s rate=45.59 steps/s eta=1.535s
     200/220 set=4.340000 V elapsed=4.422s rate=45.45 steps/s eta=0.440s
Sweep complete. Elapsed: 4.844s
Output turned OFF.


00695 J4_01 = 0 : NULL : WAIT = 0.1
00696 #test for lockup
00696 UUT_TXCHECK-2.0
00696 PASS: UUT_TXCHECK (DPLF1)
00697 #Finished with port
00697 #switch out input
00697 J2_04 = 0 : NULL : WAIT = 0.1
00698 
00698 
00698 #Finished with mode
00698 #cycle IGN to reset lockup
00698 RLY_K1 = 1 : NULL : WAIT = 2
00699 RLY_K1 = 0 : NULL : WAIT = 2
00700 #-----setup 39009-----
00700 #configure
00700 Command = 82, MODE1 = 0, MODE2 = 0, Enable_24VDC = 0, Analog_Raw_Value = 0 : NULL : WAIT = 0.2
00701 Command = 0, MODE1 = 0, MODE2 = 0, Enable_24VDC = 0, Analog_Raw_Value = 0 : NULL
00702 Command = 83, MODE1A = 4, MODE1B = 1, MODE2A = 1, MODE2B = 1, MODE3A = 1, MODE3B = 4, MODE4A = 1, MODE4B = 1, MODE5A = 6, MODE5B = 6, MODE6A = 1, MODE6B = 1, MODE7A = 6, MODE7B = 6 : NULL : WAIT = 0.2
00703 Command = 0, MODE1A = 0, MODE1B = 0, MODE2A = 0, MODE2B = 0, MODE3A = 0, MODE3B = 0, MODE4A = 0, MODE4B = 0, MODE5A = 0, MODE5B = 0, MODE6A = 0, MODE6B = 0, MODE7A = 0, MODE7B = 0 : NULL
00704 Command = 84, MODE8A = 1, MODE8B = 1, MODE9A = 6, MODE9B = 6, MODE10A = 1, MODE10B = 1, GLOBAL_KP = 255, GLOBAL_KI = 255 : NULL : WAIT = 0.2
00705 Command = 0, MODE8A = 0, MODE8B = 0, MODE9A = 0, MODE9B = 0, MODE10A = 0, MODE10B = 0, GLOBAL_KP = 0, GLOBAL_KI = 0 : NULL
00706 Command = 82, Enable_Fault_Reset = 1, Save_Configuration = 1, Enable_DPLTx = 1, Enable_DPLF1 = 1, Enable_DPLF2 = 1 : NULL : WAIT = 0.2
00707 Command = 0, Enable_Fault_Reset = 0, Save_Configuration = 0, Enable_DPLTx = 0, Enable_DPLF1 = 0, Enable_DPLF2 = 0 : NULL
00708 #switch input to load line
00708 J2_01 = 1 : NULL : WAIT = 1
00709 
00709 #TESTING - ModeIndex 11 PortIndex 0
00709 J4_01 = 1 : NULL : WAIT = 0.1
00710 SWEEP-RUNNING DEATHSWEEP!
Connected: RIGOL TECHNOLOGIES,DP832,DP8C180100022,00.01.19
VISA resource: USB0::0x1AB1::0x0E11::DP8C180100022::INSTR
Sweeping CH2 mode=updown: 4.320000 V -> 4.430000 V -> 4.320000 V in 0.001000 V steps (221 points)
       0/220 set=4.320000 V elapsed=0.016s rate=62.50 steps/s
      50/220 set=4.370000 V elapsed=1.063s rate=47.98 steps/s eta=3.543s
     100/220 set=4.420000 V elapsed=2.172s rate=46.50 steps/s eta=2.581s
     150/220 set=4.390000 V elapsed=3.281s rate=46.02 steps/s eta=1.521s
     200/220 set=4.340000 V elapsed=4.344s rate=46.27 steps/s eta=0.432s
Sweep complete. Elapsed: 4.750s
Output turned OFF.


00710 J4_01 = 0 : NULL : WAIT = 0.1
00711 #test for lockup
00711 UUT_TXCHECK-2.0
00711 PASS: UUT_TXCHECK (DPLT4)
00712 #Finished with port
00712 #switch out input
00712 J2_01 = 0 : NULL : WAIT = 0.1
00713 
00713 #cycle IGN to reset lockup
00713 RLY_K1 = 1 : NULL : WAIT = 2
00714 RLY_K1 = 0 : NULL : WAIT = 2
00715 #-----setup 39009-----
00715 #configure
00715 Command = 82, MODE1 = 0, MODE2 = 0, Enable_24VDC = 0, Analog_Raw_Value = 0 : NULL : WAIT = 0.2
00716 Command = 0, MODE1 = 0, MODE2 = 0, Enable_24VDC = 0, Analog_Raw_Value = 0 : NULL
00717 Command = 83, MODE1A = 4, MODE1B = 1, MODE2A = 1, MODE2B = 1, MODE3A = 1, MODE3B = 4, MODE4A = 1, MODE4B = 1, MODE5A = 6, MODE5B = 6, MODE6A = 1, MODE6B = 1, MODE7A = 6, MODE7B = 6 : NULL : WAIT = 0.2
00718 Command = 0, MODE1A = 0, MODE1B = 0, MODE2A = 0, MODE2B = 0, MODE3A = 0, MODE3B = 0, MODE4A = 0, MODE4B = 0, MODE5A = 0, MODE5B = 0, MODE6A = 0, MODE6B = 0, MODE7A = 0, MODE7B = 0 : NULL
00719 Command = 84, MODE8A = 1, MODE8B = 1, MODE9A = 6, MODE9B = 6, MODE10A = 1, MODE10B = 1, GLOBAL_KP = 255, GLOBAL_KI = 255 : NULL : WAIT = 0.2
00720 Command = 0, MODE8A = 0, MODE8B = 0, MODE9A = 0, MODE9B = 0, MODE10A = 0, MODE10B = 0, GLOBAL_KP = 0, GLOBAL_KI = 0 : NULL
00721 Command = 82, Enable_Fault_Reset = 1, Save_Configuration = 1, Enable_DPLTx = 1, Enable_DPLF1 = 1, Enable_DPLF2 = 1 : NULL : WAIT = 0.2
00722 Command = 0, Enable_Fault_Reset = 0, Save_Configuration = 0, Enable_DPLTx = 0, Enable_DPLF1 = 0, Enable_DPLF2 = 0 : NULL
00723 #switch input to load line
00723 J2_02 = 1 : NULL : WAIT = 1
00724 
00724 #TESTING - ModeIndex 11 PortIndex 1
00724 J4_01 = 1 : NULL : WAIT = 0.1
00725 SWEEP-RUNNING DEATHSWEEP!
Connected: RIGOL TECHNOLOGIES,DP832,DP8C180100022,00.01.19
VISA resource: USB0::0x1AB1::0x0E11::DP8C180100022::INSTR
Sweeping CH2 mode=updown: 4.320000 V -> 4.430000 V -> 4.320000 V in 0.001000 V steps (221 points)
       0/220 set=4.320000 V elapsed=0.031s rate=32.26 steps/s
      50/220 set=4.370000 V elapsed=1.172s rate=43.52 steps/s eta=3.907s
     100/220 set=4.420000 V elapsed=2.219s rate=45.52 steps/s eta=2.636s
     150/220 set=4.390000 V elapsed=3.266s rate=46.23 steps/s eta=1.514s
     200/220 set=4.340000 V elapsed=4.360s rate=46.10 steps/s eta=0.434s
Sweep complete. Elapsed: 4.781s
Output turned OFF.


00725 J4_01 = 0 : NULL : WAIT = 0.1
00726 #test for lockup
00726 UUT_TXCHECK-2.0
00726 PASS: UUT_TXCHECK (AD4)
00727 #Finished with port
00727 #switch out input
00727 J2_02 = 0 : NULL : WAIT = 0.1
00728 
00728 #cycle IGN to reset lockup
00728 RLY_K1 = 1 : NULL : WAIT = 2
00729 RLY_K1 = 0 : NULL : WAIT = 2
00730 #-----setup 39009-----
00730 #configure
00730 Command = 82, MODE1 = 0, MODE2 = 0, Enable_24VDC = 0, Analog_Raw_Value = 0 : NULL : WAIT = 0.2
00731 Command = 0, MODE1 = 0, MODE2 = 0, Enable_24VDC = 0, Analog_Raw_Value = 0 : NULL
00732 Command = 83, MODE1A = 4, MODE1B = 1, MODE2A = 1, MODE2B = 1, MODE3A = 1, MODE3B = 4, MODE4A = 1, MODE4B = 1, MODE5A = 6, MODE5B = 6, MODE6A = 1, MODE6B = 1, MODE7A = 6, MODE7B = 6 : NULL : WAIT = 0.2
00733 Command = 0, MODE1A = 0, MODE1B = 0, MODE2A = 0, MODE2B = 0, MODE3A = 0, MODE3B = 0, MODE4A = 0, MODE4B = 0, MODE5A = 0, MODE5B = 0, MODE6A = 0, MODE6B = 0, MODE7A = 0, MODE7B = 0 : NULL
00734 Command = 84, MODE8A = 1, MODE8B = 1, MODE9A = 6, MODE9B = 6, MODE10A = 1, MODE10B = 1, GLOBAL_KP = 255, GLOBAL_KI = 255 : NULL : WAIT = 0.2
00735 Command = 0, MODE8A = 0, MODE8B = 0, MODE9A = 0, MODE9B = 0, MODE10A = 0, MODE10B = 0, GLOBAL_KP = 0, GLOBAL_KI = 0 : NULL
00736 Command = 82, Enable_Fault_Reset = 1, Save_Configuration = 1, Enable_DPLTx = 1, Enable_DPLF1 = 1, Enable_DPLF2 = 1 : NULL : WAIT = 0.2
00737 Command = 0, Enable_Fault_Reset = 0, Save_Configuration = 0, Enable_DPLTx = 0, Enable_DPLF1 = 0, Enable_DPLF2 = 0 : NULL
00738 #switch input to load line
00738 J2_03 = 1 : NULL : WAIT = 1
00739 
00739 #TESTING - ModeIndex 11 PortIndex 2
00739 J4_01 = 1 : NULL : WAIT = 0.1
00740 SWEEP-RUNNING DEATHSWEEP!
Connected: RIGOL TECHNOLOGIES,DP832,DP8C180100022,00.01.19
VISA resource: USB0::0x1AB1::0x0E11::DP8C180100022::INSTR
Sweeping CH2 mode=updown: 4.320000 V -> 4.430000 V -> 4.320000 V in 0.001000 V steps (221 points)
       0/220 set=4.320000 V elapsed=0.016s rate=62.50 steps/s
      50/220 set=4.370000 V elapsed=1.110s rate=45.95 steps/s eta=3.700s
     100/220 set=4.420000 V elapsed=2.203s rate=45.85 steps/s eta=2.617s
     150/220 set=4.390000 V elapsed=3.266s rate=46.23 steps/s eta=1.514s
     200/220 set=4.340000 V elapsed=4.360s rate=46.10 steps/s eta=0.434s
Sweep complete. Elapsed: 4.766s
Output turned OFF.


00740 J4_01 = 0 : NULL : WAIT = 0.1
00741 #test for lockup
00741 UUT_TXCHECK-2.0
00741 PASS: UUT_TXCHECK (AD3)
00742 #Finished with port
00742 #switch out input
00742 J2_03 = 0 : NULL : WAIT = 0.1
00743 
00743 #cycle IGN to reset lockup
00743 RLY_K1 = 1 : NULL : WAIT = 2
00744 RLY_K1 = 0 : NULL : WAIT = 2
00745 #-----setup 39009-----
00745 #configure
00745 Command = 82, MODE1 = 0, MODE2 = 0, Enable_24VDC = 0, Analog_Raw_Value = 0 : NULL : WAIT = 0.2
00746 Command = 0, MODE1 = 0, MODE2 = 0, Enable_24VDC = 0, Analog_Raw_Value = 0 : NULL
00747 Command = 83, MODE1A = 4, MODE1B = 1, MODE2A = 1, MODE2B = 1, MODE3A = 1, MODE3B = 4, MODE4A = 1, MODE4B = 1, MODE5A = 6, MODE5B = 6, MODE6A = 1, MODE6B = 1, MODE7A = 6, MODE7B = 6 : NULL : WAIT = 0.2
00748 Command = 0, MODE1A = 0, MODE1B = 0, MODE2A = 0, MODE2B = 0, MODE3A = 0, MODE3B = 0, MODE4A = 0, MODE4B = 0, MODE5A = 0, MODE5B = 0, MODE6A = 0, MODE6B = 0, MODE7A = 0, MODE7B = 0 : NULL
00749 Command = 84, MODE8A = 1, MODE8B = 1, MODE9A = 6, MODE9B = 6, MODE10A = 1, MODE10B = 1, GLOBAL_KP = 255, GLOBAL_KI = 255 : NULL : WAIT = 0.2
00750 Command = 0, MODE8A = 0, MODE8B = 0, MODE9A = 0, MODE9B = 0, MODE10A = 0, MODE10B = 0, GLOBAL_KP = 0, GLOBAL_KI = 0 : NULL
00751 Command = 82, Enable_Fault_Reset = 1, Save_Configuration = 1, Enable_DPLTx = 1, Enable_DPLF1 = 1, Enable_DPLF2 = 1 : NULL : WAIT = 0.2
00752 Command = 0, Enable_Fault_Reset = 0, Save_Configuration = 0, Enable_DPLTx = 0, Enable_DPLF1 = 0, Enable_DPLF2 = 0 : NULL
00753 #switch input to load line
00753 J2_04 = 1 : NULL : WAIT = 1
00754 
00754 #TESTING - ModeIndex 11 PortIndex 3
00754 J4_01 = 1 : NULL : WAIT = 0.1
00755 SWEEP-RUNNING DEATHSWEEP!
Connected: RIGOL TECHNOLOGIES,DP832,DP8C180100022,00.01.19
VISA resource: USB0::0x1AB1::0x0E11::DP8C180100022::INSTR
Sweeping CH2 mode=updown: 4.320000 V -> 4.430000 V -> 4.320000 V in 0.001000 V steps (221 points)
       0/220 set=4.320000 V elapsed=0.032s rate=31.25 steps/s
      50/220 set=4.370000 V elapsed=1.094s rate=46.62 steps/s eta=3.647s
     100/220 set=4.420000 V elapsed=2.188s rate=46.16 steps/s eta=2.600s
     150/220 set=4.390000 V elapsed=3.266s rate=46.23 steps/s eta=1.514s
     200/220 set=4.340000 V elapsed=4.360s rate=46.10 steps/s eta=0.434s
Sweep complete. Elapsed: 4.813s
Output turned OFF.


00755 J4_01 = 0 : NULL : WAIT = 0.1
00756 #test for lockup
00756 UUT_TXCHECK-2.0
00756 PASS: UUT_TXCHECK (FAULT)
00757 #Finished with port
00757 #switch out input
00757 J2_04 = 0 : NULL : WAIT = 0.1
00758 
00758 
00758 #Finished with mode
00758 #cycle IGN to reset lockup
00758 RLY_K1 = 1 : NULL : WAIT = 2
00759 RLY_K1 = 0 : NULL : WAIT = 2
00760 #-----setup 39009-----
00760 #configure
00760 Command = 82, MODE1 = 0, MODE2 = 0, Enable_24VDC = 0, Analog_Raw_Value = 0 : NULL : WAIT = 0.2
00761 Command = 0, MODE1 = 0, MODE2 = 0, Enable_24VDC = 0, Analog_Raw_Value = 0 : NULL
00762 Command = 83, MODE1A = 4, MODE1B = 1, MODE2A = 1, MODE2B = 1, MODE3A = 1, MODE3B = 1, MODE4A = 1, MODE4B = 1, MODE5A = 6, MODE5B = 6, MODE6A = 1, MODE6B = 1, MODE7A = 6, MODE7B = 6 : NULL : WAIT = 0.2
00763 Command = 0, MODE1A = 0, MODE1B = 0, MODE2A = 0, MODE2B = 0, MODE3A = 0, MODE3B = 0, MODE4A = 0, MODE4B = 0, MODE5A = 0, MODE5B = 0, MODE6A = 0, MODE6B = 0, MODE7A = 0, MODE7B = 0 : NULL
00764 Command = 84, MODE8A = 1, MODE8B = 1, MODE9A = 6, MODE9B = 6, MODE10A = 1, MODE10B = 1, GLOBAL_KP = 255, GLOBAL_KI = 255 : NULL : WAIT = 0.2
00765 Command = 0, MODE8A = 0, MODE8B = 0, MODE9A = 0, MODE9B = 0, MODE10A = 0, MODE10B = 0, GLOBAL_KP = 0, GLOBAL_KI = 0 : NULL
00766 Command = 82, Enable_Fault_Reset = 1, Save_Configuration = 1, Enable_DPLTx = 1, Enable_DPLF1 = 1, Enable_DPLF2 = 1 : NULL : WAIT = 0.2
00767 Command = 0, Enable_Fault_Reset = 0, Save_Configuration = 0, Enable_DPLTx = 0, Enable_DPLF1 = 0, Enable_DPLF2 = 0 : NULL
00768 #switch input to load line
00768 J2_01 = 1 : NULL : WAIT = 1
00769 
00769 #TESTING - ModeIndex 12 PortIndex 0
00769 J4_01 = 1 : NULL : WAIT = 0.1
00770 SWEEP-RUNNING DEATHSWEEP!
Connected: RIGOL TECHNOLOGIES,DP832,DP8C180100022,00.01.19
VISA resource: USB0::0x1AB1::0x0E11::DP8C180100022::INSTR
Sweeping CH2 mode=updown: 4.320000 V -> 4.430000 V -> 4.320000 V in 0.001000 V steps (221 points)
       0/220 set=4.320000 V elapsed=0.016s rate=62.50 steps/s
      50/220 set=4.370000 V elapsed=1.141s rate=44.70 steps/s eta=3.803s
     100/220 set=4.420000 V elapsed=2.219s rate=45.52 steps/s eta=2.636s
     150/220 set=4.390000 V elapsed=3.297s rate=45.80 steps/s eta=1.528s
     200/220 set=4.340000 V elapsed=4.406s rate=45.62 steps/s eta=0.438s
Sweep complete. Elapsed: 4.828s
Output turned OFF.


00770 J4_01 = 0 : NULL : WAIT = 0.1
00771 #test for lockup
00771 UUT_TXCHECK-2.0
00771 PASS: UUT_TXCHECK (DPLT3)
00772 #Finished with port
00772 #switch out input
00772 J2_01 = 0 : NULL : WAIT = 0.1
00773 
00773 #cycle IGN to reset lockup
00773 RLY_K1 = 1 : NULL : WAIT = 2
00774 RLY_K1 = 0 : NULL : WAIT = 2
00775 #-----setup 39009-----
00775 #configure
00775 Command = 82, MODE1 = 0, MODE2 = 0, Enable_24VDC = 0, Analog_Raw_Value = 0 : NULL : WAIT = 0.2
00776 Command = 0, MODE1 = 0, MODE2 = 0, Enable_24VDC = 0, Analog_Raw_Value = 0 : NULL
00777 Command = 83, MODE1A = 4, MODE1B = 1, MODE2A = 1, MODE2B = 1, MODE3A = 1, MODE3B = 1, MODE4A = 1, MODE4B = 1, MODE5A = 6, MODE5B = 6, MODE6A = 1, MODE6B = 1, MODE7A = 6, MODE7B = 6 : NULL : WAIT = 0.2
00778 Command = 0, MODE1A = 0, MODE1B = 0, MODE2A = 0, MODE2B = 0, MODE3A = 0, MODE3B = 0, MODE4A = 0, MODE4B = 0, MODE5A = 0, MODE5B = 0, MODE6A = 0, MODE6B = 0, MODE7A = 0, MODE7B = 0 : NULL
00779 Command = 84, MODE8A = 1, MODE8B = 1, MODE9A = 6, MODE9B = 6, MODE10A = 1, MODE10B = 1, GLOBAL_KP = 255, GLOBAL_KI = 255 : NULL : WAIT = 0.2
00780 Command = 0, MODE8A = 0, MODE8B = 0, MODE9A = 0, MODE9B = 0, MODE10A = 0, MODE10B = 0, GLOBAL_KP = 0, GLOBAL_KI = 0 : NULL
00781 Command = 82, Enable_Fault_Reset = 1, Save_Configuration = 1, Enable_DPLTx = 1, Enable_DPLF1 = 1, Enable_DPLF2 = 1 : NULL : WAIT = 0.2
00782 Command = 0, Enable_Fault_Reset = 0, Save_Configuration = 0, Enable_DPLTx = 0, Enable_DPLF1 = 0, Enable_DPLF2 = 0 : NULL
00783 #switch input to load line
00783 J2_02 = 1 : NULL : WAIT = 1
00784 
00784 #TESTING - ModeIndex 12 PortIndex 1
00784 J4_01 = 1 : NULL : WAIT = 0.1
00785 SWEEP-RUNNING DEATHSWEEP!
Connected: RIGOL TECHNOLOGIES,DP832,DP8C180100022,00.01.19
VISA resource: USB0::0x1AB1::0x0E11::DP8C180100022::INSTR
Sweeping CH2 mode=updown: 4.320000 V -> 4.430000 V -> 4.320000 V in 0.001000 V steps (221 points)
       0/220 set=4.320000 V elapsed=0.032s rate=31.25 steps/s
      50/220 set=4.370000 V elapsed=1.094s rate=46.62 steps/s eta=3.647s
     100/220 set=4.420000 V elapsed=2.188s rate=46.16 steps/s eta=2.600s
     150/220 set=4.390000 V elapsed=3.250s rate=46.46 steps/s eta=1.507s
     200/220 set=4.340000 V elapsed=4.313s rate=46.60 steps/s eta=0.429s
Sweep complete. Elapsed: 4.750s
Output turned OFF.


00785 J4_01 = 0 : NULL : WAIT = 0.1
00786 #test for lockup
00786 UUT_TXCHECK-2.0
00786 PASS: UUT_TXCHECK (DPLF1)
00787 #Finished with port
00787 #switch out input
00787 J2_02 = 0 : NULL : WAIT = 0.1
00788 
00788 #cycle IGN to reset lockup
00788 RLY_K1 = 1 : NULL : WAIT = 2
00789 RLY_K1 = 0 : NULL : WAIT = 2
00790 #-----setup 39009-----
00790 #configure
00790 Command = 82, MODE1 = 0, MODE2 = 0, Enable_24VDC = 0, Analog_Raw_Value = 0 : NULL : WAIT = 0.2
00791 Command = 0, MODE1 = 0, MODE2 = 0, Enable_24VDC = 0, Analog_Raw_Value = 0 : NULL
00792 Command = 83, MODE1A = 4, MODE1B = 1, MODE2A = 1, MODE2B = 1, MODE3A = 1, MODE3B = 1, MODE4A = 1, MODE4B = 1, MODE5A = 6, MODE5B = 6, MODE6A = 1, MODE6B = 1, MODE7A = 6, MODE7B = 6 : NULL : WAIT = 0.2
00793 Command = 0, MODE1A = 0, MODE1B = 0, MODE2A = 0, MODE2B = 0, MODE3A = 0, MODE3B = 0, MODE4A = 0, MODE4B = 0, MODE5A = 0, MODE5B = 0, MODE6A = 0, MODE6B = 0, MODE7A = 0, MODE7B = 0 : NULL
00794 Command = 84, MODE8A = 1, MODE8B = 1, MODE9A = 6, MODE9B = 6, MODE10A = 1, MODE10B = 1, GLOBAL_KP = 255, GLOBAL_KI = 255 : NULL : WAIT = 0.2
00795 Command = 0, MODE8A = 0, MODE8B = 0, MODE9A = 0, MODE9B = 0, MODE10A = 0, MODE10B = 0, GLOBAL_KP = 0, GLOBAL_KI = 0 : NULL
00796 Command = 82, Enable_Fault_Reset = 1, Save_Configuration = 1, Enable_DPLTx = 1, Enable_DPLF1 = 1, Enable_DPLF2 = 1 : NULL : WAIT = 0.2
00797 Command = 0, Enable_Fault_Reset = 0, Save_Configuration = 0, Enable_DPLTx = 0, Enable_DPLF1 = 0, Enable_DPLF2 = 0 : NULL
00798 #switch input to load line
00798 J2_03 = 1 : NULL : WAIT = 1
00799 
00799 #TESTING - ModeIndex 12 PortIndex 2
00799 J4_01 = 1 : NULL : WAIT = 0.1
00800 SWEEP-RUNNING DEATHSWEEP!
Connected: RIGOL TECHNOLOGIES,DP832,DP8C180100022,00.01.19
VISA resource: USB0::0x1AB1::0x0E11::DP8C180100022::INSTR
Sweeping CH2 mode=updown: 4.320000 V -> 4.430000 V -> 4.320000 V in 0.001000 V steps (221 points)
       0/220 set=4.320000 V elapsed=0.015s rate=66.67 steps/s
      50/220 set=4.370000 V elapsed=1.078s rate=47.31 steps/s eta=3.593s
     100/220 set=4.420000 V elapsed=2.140s rate=47.20 steps/s eta=2.543s
     150/220 set=4.390000 V elapsed=3.234s rate=46.69 steps/s eta=1.499s
     200/220 set=4.340000 V elapsed=4.312s rate=46.61 steps/s eta=0.429s
Sweep complete. Elapsed: 4.750s
Output turned OFF.


00800 J4_01 = 0 : NULL : WAIT = 0.1
00801 #test for lockup
00801 UUT_TXCHECK-2.0
00801 PASS: UUT_TXCHECK (DPLT2)
00802 #Finished with port
00802 #switch out input
00802 J2_03 = 0 : NULL : WAIT = 0.1
00803 
00803 #cycle IGN to reset lockup
00803 RLY_K1 = 1 : NULL : WAIT = 2
00804 RLY_K1 = 0 : NULL : WAIT = 2
00805 #-----setup 39009-----
00805 #configure
00805 Command = 82, MODE1 = 0, MODE2 = 0, Enable_24VDC = 0, Analog_Raw_Value = 0 : NULL : WAIT = 0.2
00806 Command = 0, MODE1 = 0, MODE2 = 0, Enable_24VDC = 0, Analog_Raw_Value = 0 : NULL
00807 Command = 83, MODE1A = 4, MODE1B = 1, MODE2A = 1, MODE2B = 1, MODE3A = 1, MODE3B = 1, MODE4A = 1, MODE4B = 1, MODE5A = 6, MODE5B = 6, MODE6A = 1, MODE6B = 1, MODE7A = 6, MODE7B = 6 : NULL : WAIT = 0.2
00808 Command = 0, MODE1A = 0, MODE1B = 0, MODE2A = 0, MODE2B = 0, MODE3A = 0, MODE3B = 0, MODE4A = 0, MODE4B = 0, MODE5A = 0, MODE5B = 0, MODE6A = 0, MODE6B = 0, MODE7A = 0, MODE7B = 0 : NULL
00809 Command = 84, MODE8A = 1, MODE8B = 1, MODE9A = 6, MODE9B = 6, MODE10A = 1, MODE10B = 1, GLOBAL_KP = 255, GLOBAL_KI = 255 : NULL : WAIT = 0.2
00810 Command = 0, MODE8A = 0, MODE8B = 0, MODE9A = 0, MODE9B = 0, MODE10A = 0, MODE10B = 0, GLOBAL_KP = 0, GLOBAL_KI = 0 : NULL
00811 Command = 82, Enable_Fault_Reset = 1, Save_Configuration = 1, Enable_DPLTx = 1, Enable_DPLF1 = 1, Enable_DPLF2 = 1 : NULL : WAIT = 0.2
00812 Command = 0, Enable_Fault_Reset = 0, Save_Configuration = 0, Enable_DPLTx = 0, Enable_DPLF1 = 0, Enable_DPLF2 = 0 : NULL
00813 #switch input to load line
00813 J2_04 = 1 : NULL : WAIT = 1
00814 
00814 #TESTING - ModeIndex 12 PortIndex 3
00814 J4_01 = 1 : NULL : WAIT = 0.1
00815 SWEEP-RUNNING DEATHSWEEP!
Connected: RIGOL TECHNOLOGIES,DP832,DP8C180100022,00.01.19
VISA resource: USB0::0x1AB1::0x0E11::DP8C180100022::INSTR
Sweeping CH2 mode=updown: 4.320000 V -> 4.430000 V -> 4.320000 V in 0.001000 V steps (221 points)
       0/220 set=4.320000 V elapsed=0.032s rate=31.25 steps/s
      50/220 set=4.370000 V elapsed=1.110s rate=45.95 steps/s eta=3.700s
     100/220 set=4.420000 V elapsed=2.172s rate=46.50 steps/s eta=2.581s
     150/220 set=4.390000 V elapsed=3.219s rate=46.91 steps/s eta=1.492s
     200/220 set=4.340000 V elapsed=4.297s rate=46.78 steps/s eta=0.428s
Sweep complete. Elapsed: 4.719s
Output turned OFF.


00815 J4_01 = 0 : NULL : WAIT = 0.1
00816 #test for lockup
00816 UUT_TXCHECK-2.0
00816 PASS: UUT_TXCHECK (DPLF1)
00817 #Finished with port
00817 #switch out input
00817 J2_04 = 0 : NULL : WAIT = 0.1
00818 
00818 
00818 #Finished with mode
00818 #cycle IGN to reset lockup
00818 RLY_K1 = 1 : NULL : WAIT = 2
00819 RLY_K1 = 0 : NULL : WAIT = 2
00820 #-----setup 39009-----
00820 #configure
00820 Command = 82, MODE1 = 0, MODE2 = 0, Enable_24VDC = 0, Analog_Raw_Value = 0 : NULL : WAIT = 0.2
00821 Command = 0, MODE1 = 0, MODE2 = 0, Enable_24VDC = 0, Analog_Raw_Value = 0 : NULL
00822 Command = 83, MODE1A = 7, MODE1B = 7, MODE2A = 1, MODE2B = 1, MODE3A = 4, MODE3B = 4, MODE4A = 1, MODE4B = 1, MODE5A = 6, MODE5B = 6, MODE6A = 1, MODE6B = 1, MODE7A = 6, MODE7B = 6 : NULL : WAIT = 0.2
00823 Command = 0, MODE1A = 0, MODE1B = 0, MODE2A = 0, MODE2B = 0, MODE3A = 0, MODE3B = 0, MODE4A = 0, MODE4B = 0, MODE5A = 0, MODE5B = 0, MODE6A = 0, MODE6B = 0, MODE7A = 0, MODE7B = 0 : NULL
00824 Command = 84, MODE8A = 1, MODE8B = 1, MODE9A = 6, MODE9B = 6, MODE10A = 1, MODE10B = 1, GLOBAL_KP = 255, GLOBAL_KI = 255 : NULL : WAIT = 0.2
00825 Command = 0, MODE8A = 0, MODE8B = 0, MODE9A = 0, MODE9B = 0, MODE10A = 0, MODE10B = 0, GLOBAL_KP = 0, GLOBAL_KI = 0 : NULL
00826 Command = 82, Enable_Fault_Reset = 1, Save_Configuration = 1, Enable_DPLTx = 1, Enable_DPLF1 = 1, Enable_DPLF2 = 1 : NULL : WAIT = 0.2
00827 Command = 0, Enable_Fault_Reset = 0, Save_Configuration = 0, Enable_DPLTx = 0, Enable_DPLF1 = 0, Enable_DPLF2 = 0 : NULL
00828 #switch input to load line
00828 J2_01 = 1 : NULL : WAIT = 1
00829 
00829 #TESTING - ModeIndex 13 PortIndex 0
00829 AfgFreqSet = 100 : NULL : WAIT = 0.1
00830 #test for lockup
00830 UUT_TXCHECK-2.0
00830 PASS: UUT_TXCHECK (FREQ1)
00831 NULL : Hertz_Count_Input1A = 0 | 0.1 | 0.1
00831 TEST: Hertz_Count_Input1A 0.0 +/- 0.1
00831 PASS: Hertz_Count_Input1A 0.0
00832 J0_11_FREQ_GEN = 1 : NULL : WAIT = 0.1
00833 NULL : Hertz_Count_Input1A = 100 | 30 | 0.1
00833 TEST: Hertz_Count_Input1A 100.0 +/- 30.0
00833 PASS: Hertz_Count_Input1A 99.0
00834 J0_11_FREQ_GEN = 0 : NULL : WAIT = 0.1
00835 NULL : Hertz_Count_Input1A = 0 | 0.1 | 0.1
00835 TEST: Hertz_Count_Input1A 0.0 +/- 0.1
00835 PASS: Hertz_Count_Input1A 0.0
00836 
00836 #Finished with port
00836 #switch out input
00836 J2_01 = 0 : NULL : WAIT = 0.1
00837 
00837 #cycle IGN to reset lockup
00837 RLY_K1 = 1 : NULL : WAIT = 2
00838 RLY_K1 = 0 : NULL : WAIT = 2
00839 #-----setup 39009-----
00839 #configure
00839 Command = 82, MODE1 = 0, MODE2 = 0, Enable_24VDC = 0, Analog_Raw_Value = 0 : NULL : WAIT = 0.2
00840 Command = 0, MODE1 = 0, MODE2 = 0, Enable_24VDC = 0, Analog_Raw_Value = 0 : NULL
00841 Command = 83, MODE1A = 7, MODE1B = 7, MODE2A = 1, MODE2B = 1, MODE3A = 4, MODE3B = 4, MODE4A = 1, MODE4B = 1, MODE5A = 6, MODE5B = 6, MODE6A = 1, MODE6B = 1, MODE7A = 6, MODE7B = 6 : NULL : WAIT = 0.2
00842 Command = 0, MODE1A = 0, MODE1B = 0, MODE2A = 0, MODE2B = 0, MODE3A = 0, MODE3B = 0, MODE4A = 0, MODE4B = 0, MODE5A = 0, MODE5B = 0, MODE6A = 0, MODE6B = 0, MODE7A = 0, MODE7B = 0 : NULL
00843 Command = 84, MODE8A = 1, MODE8B = 1, MODE9A = 6, MODE9B = 6, MODE10A = 1, MODE10B = 1, GLOBAL_KP = 255, GLOBAL_KI = 255 : NULL : WAIT = 0.2
00844 Command = 0, MODE8A = 0, MODE8B = 0, MODE9A = 0, MODE9B = 0, MODE10A = 0, MODE10B = 0, GLOBAL_KP = 0, GLOBAL_KI = 0 : NULL
00845 Command = 82, Enable_Fault_Reset = 1, Save_Configuration = 1, Enable_DPLTx = 1, Enable_DPLF1 = 1, Enable_DPLF2 = 1 : NULL : WAIT = 0.2
00846 Command = 0, Enable_Fault_Reset = 0, Save_Configuration = 0, Enable_DPLTx = 0, Enable_DPLF1 = 0, Enable_DPLF2 = 0 : NULL
00847 #switch input to load line
00847 J2_02 = 1 : NULL : WAIT = 1
00848 
00848 #TESTING - ModeIndex 13 PortIndex 1
00848 AfgFreqSet = 100 : NULL : WAIT = 0.1
00849 #test for lockup
00849 UUT_TXCHECK-2.0
00849 PASS: UUT_TXCHECK (FAULT)
00850 NULL : Hertz_Count_Input1B = 0 | 0.1 | 0.1
00850 TEST: Hertz_Count_Input1B 0.0 +/- 0.1
00850 PASS: Hertz_Count_Input1B 0.0
00851 J0_11_FREQ_GEN = 1 : NULL : WAIT = 0.1
00852 NULL : Hertz_Count_Input1B = 100 | 30 | 0.1
00852 TEST: Hertz_Count_Input1B 100.0 +/- 30.0
00852 PASS: Hertz_Count_Input1B 99.0
00853 J0_11_FREQ_GEN = 0 : NULL : WAIT = 0.1
00854 NULL : Hertz_Count_Input1B = 0 | 0.1 | 0.1
00854 TEST: Hertz_Count_Input1B 0.0 +/- 0.1
00854 PASS: Hertz_Count_Input1B 0.0
00855 
00855 #Finished with port
00855 #switch out input
00855 J2_02 = 0 : NULL : WAIT = 0.1
00856 
00856 #cycle IGN to reset lockup
00856 RLY_K1 = 1 : NULL : WAIT = 2
00857 RLY_K1 = 0 : NULL : WAIT = 2
00858 #-----setup 39009-----
00858 #configure
00858 Command = 82, MODE1 = 0, MODE2 = 0, Enable_24VDC = 0, Analog_Raw_Value = 0 : NULL : WAIT = 0.2
00859 Command = 0, MODE1 = 0, MODE2 = 0, Enable_24VDC = 0, Analog_Raw_Value = 0 : NULL
00860 Command = 83, MODE1A = 7, MODE1B = 7, MODE2A = 1, MODE2B = 1, MODE3A = 4, MODE3B = 4, MODE4A = 1, MODE4B = 1, MODE5A = 6, MODE5B = 6, MODE6A = 1, MODE6B = 1, MODE7A = 6, MODE7B = 6 : NULL : WAIT = 0.2
00861 Command = 0, MODE1A = 0, MODE1B = 0, MODE2A = 0, MODE2B = 0, MODE3A = 0, MODE3B = 0, MODE4A = 0, MODE4B = 0, MODE5A = 0, MODE5B = 0, MODE6A = 0, MODE6B = 0, MODE7A = 0, MODE7B = 0 : NULL
00862 Command = 84, MODE8A = 1, MODE8B = 1, MODE9A = 6, MODE9B = 6, MODE10A = 1, MODE10B = 1, GLOBAL_KP = 255, GLOBAL_KI = 255 : NULL : WAIT = 0.2
00863 Command = 0, MODE8A = 0, MODE8B = 0, MODE9A = 0, MODE9B = 0, MODE10A = 0, MODE10B = 0, GLOBAL_KP = 0, GLOBAL_KI = 0 : NULL
00864 Command = 82, Enable_Fault_Reset = 1, Save_Configuration = 1, Enable_DPLTx = 1, Enable_DPLF1 = 1, Enable_DPLF2 = 1 : NULL : WAIT = 0.2
00865 Command = 0, Enable_Fault_Reset = 0, Save_Configuration = 0, Enable_DPLTx = 0, Enable_DPLF1 = 0, Enable_DPLF2 = 0 : NULL
00866 #switch input to load line
00866 J2_03 = 1 : NULL : WAIT = 1
00867 
00867 #TESTING - ModeIndex 13 PortIndex 2
00867 J4_01 = 1 : NULL : WAIT = 0.1
00868 SWEEP-RUNNING DEATHSWEEP!
Connected: RIGOL TECHNOLOGIES,DP832,DP8C180100022,00.01.19
VISA resource: USB0::0x1AB1::0x0E11::DP8C180100022::INSTR
Sweeping CH2 mode=updown: 4.320000 V -> 4.430000 V -> 4.320000 V in 0.001000 V steps (221 points)
       0/220 set=4.320000 V elapsed=0.016s rate=62.50 steps/s
      50/220 set=4.370000 V elapsed=1.157s rate=44.08 steps/s eta=3.857s
     100/220 set=4.420000 V elapsed=2.235s rate=45.19 steps/s eta=2.655s
     150/220 set=4.390000 V elapsed=3.313s rate=45.58 steps/s eta=1.536s
     200/220 set=4.340000 V elapsed=4.391s rate=45.78 steps/s eta=0.437s
Sweep complete. Elapsed: 4.844s
Output turned OFF.


00868 J4_01 = 0 : NULL : WAIT = 0.1
00869 #test for lockup
00869 UUT_TXCHECK-2.0
00869 PASS: UUT_TXCHECK (DPLF1)
00870 #Finished with port
00870 #switch out input
00870 J2_03 = 0 : NULL : WAIT = 0.1
00871 
00871 #cycle IGN to reset lockup
00871 RLY_K1 = 1 : NULL : WAIT = 2
00872 RLY_K1 = 0 : NULL : WAIT = 2
00873 #-----setup 39009-----
00873 #configure
00873 Command = 82, MODE1 = 0, MODE2 = 0, Enable_24VDC = 0, Analog_Raw_Value = 0 : NULL : WAIT = 0.2
00874 Command = 0, MODE1 = 0, MODE2 = 0, Enable_24VDC = 0, Analog_Raw_Value = 0 : NULL
00875 Command = 83, MODE1A = 7, MODE1B = 7, MODE2A = 1, MODE2B = 1, MODE3A = 4, MODE3B = 4, MODE4A = 1, MODE4B = 1, MODE5A = 6, MODE5B = 6, MODE6A = 1, MODE6B = 1, MODE7A = 6, MODE7B = 6 : NULL : WAIT = 0.2
00876 Command = 0, MODE1A = 0, MODE1B = 0, MODE2A = 0, MODE2B = 0, MODE3A = 0, MODE3B = 0, MODE4A = 0, MODE4B = 0, MODE5A = 0, MODE5B = 0, MODE6A = 0, MODE6B = 0, MODE7A = 0, MODE7B = 0 : NULL
00877 Command = 84, MODE8A = 1, MODE8B = 1, MODE9A = 6, MODE9B = 6, MODE10A = 1, MODE10B = 1, GLOBAL_KP = 255, GLOBAL_KI = 255 : NULL : WAIT = 0.2
00878 Command = 0, MODE8A = 0, MODE8B = 0, MODE9A = 0, MODE9B = 0, MODE10A = 0, MODE10B = 0, GLOBAL_KP = 0, GLOBAL_KI = 0 : NULL
00879 Command = 82, Enable_Fault_Reset = 1, Save_Configuration = 1, Enable_DPLTx = 1, Enable_DPLF1 = 1, Enable_DPLF2 = 1 : NULL : WAIT = 0.2
00880 Command = 0, Enable_Fault_Reset = 0, Save_Configuration = 0, Enable_DPLTx = 0, Enable_DPLF1 = 0, Enable_DPLF2 = 0 : NULL
00881 #switch input to load line
00881 J2_04 = 1 : NULL : WAIT = 1
00882 
00882 #TESTING - ModeIndex 13 PortIndex 3
00882 J4_01 = 1 : NULL : WAIT = 0.1
00883 SWEEP-RUNNING DEATHSWEEP!
Connected: RIGOL TECHNOLOGIES,DP832,DP8C180100022,00.01.19
VISA resource: USB0::0x1AB1::0x0E11::DP8C180100022::INSTR
Sweeping CH2 mode=updown: 4.320000 V -> 4.430000 V -> 4.320000 V in 0.001000 V steps (221 points)
       0/220 set=4.320000 V elapsed=0.016s rate=62.50 steps/s
      50/220 set=4.370000 V elapsed=1.110s rate=45.95 steps/s eta=3.700s
     100/220 set=4.420000 V elapsed=2.188s rate=46.16 steps/s eta=2.600s
     150/220 set=4.390000 V elapsed=3.297s rate=45.80 steps/s eta=1.528s
     200/220 set=4.340000 V elapsed=4.375s rate=45.94 steps/s eta=0.435s
Sweep complete. Elapsed: 4.829s
Output turned OFF.


00883 J4_01 = 0 : NULL : WAIT = 0.1
00884 #test for lockup
00884 UUT_TXCHECK-2.0
00884 PASS: UUT_TXCHECK (DPLT4)
00885 #Finished with port
00885 #switch out input
00885 J2_04 = 0 : NULL : WAIT = 0.1
00886 
00886 
00886 #Finished with mode
00886 #cycle IGN to reset lockup
00886 RLY_K1 = 1 : NULL : WAIT = 2
00887 RLY_K1 = 0 : NULL : WAIT = 2
00888 #-----setup 39009-----
00888 #configure
00888 Command = 82, MODE1 = 0, MODE2 = 0, Enable_24VDC = 0, Analog_Raw_Value = 0 : NULL : WAIT = 0.2
00889 Command = 0, MODE1 = 0, MODE2 = 0, Enable_24VDC = 0, Analog_Raw_Value = 0 : NULL
00890 Command = 83, MODE1A = 7, MODE1B = 7, MODE2A = 1, MODE2B = 1, MODE3A = 4, MODE3B = 1, MODE4A = 1, MODE4B = 1, MODE5A = 6, MODE5B = 6, MODE6A = 1, MODE6B = 1, MODE7A = 6, MODE7B = 6 : NULL : WAIT = 0.2
00891 Command = 0, MODE1A = 0, MODE1B = 0, MODE2A = 0, MODE2B = 0, MODE3A = 0, MODE3B = 0, MODE4A = 0, MODE4B = 0, MODE5A = 0, MODE5B = 0, MODE6A = 0, MODE6B = 0, MODE7A = 0, MODE7B = 0 : NULL
00892 Command = 84, MODE8A = 1, MODE8B = 1, MODE9A = 6, MODE9B = 6, MODE10A = 1, MODE10B = 1, GLOBAL_KP = 255, GLOBAL_KI = 255 : NULL : WAIT = 0.2
00893 Command = 0, MODE8A = 0, MODE8B = 0, MODE9A = 0, MODE9B = 0, MODE10A = 0, MODE10B = 0, GLOBAL_KP = 0, GLOBAL_KI = 0 : NULL
00894 Command = 82, Enable_Fault_Reset = 1, Save_Configuration = 1, Enable_DPLTx = 1, Enable_DPLF1 = 1, Enable_DPLF2 = 1 : NULL : WAIT = 0.2
00895 Command = 0, Enable_Fault_Reset = 0, Save_Configuration = 0, Enable_DPLTx = 0, Enable_DPLF1 = 0, Enable_DPLF2 = 0 : NULL
00896 #switch input to load line
00896 J2_01 = 1 : NULL : WAIT = 1
00897 
00897 #TESTING - ModeIndex 14 PortIndex 0
00897 AfgFreqSet = 100 : NULL : WAIT = 0.1
00898 #test for lockup
00898 UUT_TXCHECK-2.0
00898 PASS: UUT_TXCHECK (FREQ1)
00899 NULL : Hertz_Count_Input1A = 0 | 0.1 | 0.1
00899 TEST: Hertz_Count_Input1A 0.0 +/- 0.1
00899 PASS: Hertz_Count_Input1A 0.0
00900 J0_11_FREQ_GEN = 1 : NULL : WAIT = 0.1
00901 NULL : Hertz_Count_Input1A = 100 | 30 | 0.1
00901 TEST: Hertz_Count_Input1A 100.0 +/- 30.0
00901 PASS: Hertz_Count_Input1A 99.0
00902 J0_11_FREQ_GEN = 0 : NULL : WAIT = 0.1
00903 NULL : Hertz_Count_Input1A = 0 | 0.1 | 0.1
00903 TEST: Hertz_Count_Input1A 0.0 +/- 0.1
00903 PASS: Hertz_Count_Input1A 0.0
00904 
00904 #Finished with port
00904 #switch out input
00904 J2_01 = 0 : NULL : WAIT = 0.1
00905 
00905 #cycle IGN to reset lockup
00905 RLY_K1 = 1 : NULL : WAIT = 2
00906 RLY_K1 = 0 : NULL : WAIT = 2
00907 #-----setup 39009-----
00907 #configure
00907 Command = 82, MODE1 = 0, MODE2 = 0, Enable_24VDC = 0, Analog_Raw_Value = 0 : NULL : WAIT = 0.2
00908 Command = 0, MODE1 = 0, MODE2 = 0, Enable_24VDC = 0, Analog_Raw_Value = 0 : NULL
00909 Command = 83, MODE1A = 7, MODE1B = 7, MODE2A = 1, MODE2B = 1, MODE3A = 4, MODE3B = 1, MODE4A = 1, MODE4B = 1, MODE5A = 6, MODE5B = 6, MODE6A = 1, MODE6B = 1, MODE7A = 6, MODE7B = 6 : NULL : WAIT = 0.2
00910 Command = 0, MODE1A = 0, MODE1B = 0, MODE2A = 0, MODE2B = 0, MODE3A = 0, MODE3B = 0, MODE4A = 0, MODE4B = 0, MODE5A = 0, MODE5B = 0, MODE6A = 0, MODE6B = 0, MODE7A = 0, MODE7B = 0 : NULL
00911 Command = 84, MODE8A = 1, MODE8B = 1, MODE9A = 6, MODE9B = 6, MODE10A = 1, MODE10B = 1, GLOBAL_KP = 255, GLOBAL_KI = 255 : NULL : WAIT = 0.2
00912 Command = 0, MODE8A = 0, MODE8B = 0, MODE9A = 0, MODE9B = 0, MODE10A = 0, MODE10B = 0, GLOBAL_KP = 0, GLOBAL_KI = 0 : NULL
00913 Command = 82, Enable_Fault_Reset = 1, Save_Configuration = 1, Enable_DPLTx = 1, Enable_DPLF1 = 1, Enable_DPLF2 = 1 : NULL : WAIT = 0.2
00914 Command = 0, Enable_Fault_Reset = 0, Save_Configuration = 0, Enable_DPLTx = 0, Enable_DPLF1 = 0, Enable_DPLF2 = 0 : NULL
00915 #switch input to load line
00915 J2_02 = 1 : NULL : WAIT = 1
00916 
00916 #TESTING - ModeIndex 14 PortIndex 1
00916 AfgFreqSet = 100 : NULL : WAIT = 0.1
00917 #test for lockup
00917 UUT_TXCHECK-2.0
00917 PASS: UUT_TXCHECK (DPLF1)
00918 NULL : Hertz_Count_Input1B = 0 | 0.1 | 0.1
00918 TEST: Hertz_Count_Input1B 0.0 +/- 0.1
00918 PASS: Hertz_Count_Input1B 0.0
00919 J0_11_FREQ_GEN = 1 : NULL : WAIT = 0.1
00920 NULL : Hertz_Count_Input1B = 100 | 30 | 0.1
00920 TEST: Hertz_Count_Input1B 100.0 +/- 30.0
00920 PASS: Hertz_Count_Input1B 99.0
00921 J0_11_FREQ_GEN = 0 : NULL : WAIT = 0.1
00922 NULL : Hertz_Count_Input1B = 0 | 0.1 | 0.1
00922 TEST: Hertz_Count_Input1B 0.0 +/- 0.1
00922 PASS: Hertz_Count_Input1B 0.0
00923 
00923 #Finished with port
00923 #switch out input
00923 J2_02 = 0 : NULL : WAIT = 0.1
00924 
00924 #cycle IGN to reset lockup
00924 RLY_K1 = 1 : NULL : WAIT = 2
00925 RLY_K1 = 0 : NULL : WAIT = 2
00926 #-----setup 39009-----
00926 #configure
00926 Command = 82, MODE1 = 0, MODE2 = 0, Enable_24VDC = 0, Analog_Raw_Value = 0 : NULL : WAIT = 0.2
00927 Command = 0, MODE1 = 0, MODE2 = 0, Enable_24VDC = 0, Analog_Raw_Value = 0 : NULL
00928 Command = 83, MODE1A = 7, MODE1B = 7, MODE2A = 1, MODE2B = 1, MODE3A = 4, MODE3B = 1, MODE4A = 1, MODE4B = 1, MODE5A = 6, MODE5B = 6, MODE6A = 1, MODE6B = 1, MODE7A = 6, MODE7B = 6 : NULL : WAIT = 0.2
00929 Command = 0, MODE1A = 0, MODE1B = 0, MODE2A = 0, MODE2B = 0, MODE3A = 0, MODE3B = 0, MODE4A = 0, MODE4B = 0, MODE5A = 0, MODE5B = 0, MODE6A = 0, MODE6B = 0, MODE7A = 0, MODE7B = 0 : NULL
00930 Command = 84, MODE8A = 1, MODE8B = 1, MODE9A = 6, MODE9B = 6, MODE10A = 1, MODE10B = 1, GLOBAL_KP = 255, GLOBAL_KI = 255 : NULL : WAIT = 0.2
00931 Command = 0, MODE8A = 0, MODE8B = 0, MODE9A = 0, MODE9B = 0, MODE10A = 0, MODE10B = 0, GLOBAL_KP = 0, GLOBAL_KI = 0 : NULL
00932 Command = 82, Enable_Fault_Reset = 1, Save_Configuration = 1, Enable_DPLTx = 1, Enable_DPLF1 = 1, Enable_DPLF2 = 1 : NULL : WAIT = 0.2
00933 Command = 0, Enable_Fault_Reset = 0, Save_Configuration = 0, Enable_DPLTx = 0, Enable_DPLF1 = 0, Enable_DPLF2 = 0 : NULL
00934 #switch input to load line
00934 J2_03 = 1 : NULL : WAIT = 1
00935 
00935 #TESTING - ModeIndex 14 PortIndex 2
00935 J4_01 = 1 : NULL : WAIT = 0.1
00936 SWEEP-RUNNING DEATHSWEEP!
Connected: RIGOL TECHNOLOGIES,DP832,DP8C180100022,00.01.19
VISA resource: USB0::0x1AB1::0x0E11::DP8C180100022::INSTR
Sweeping CH2 mode=updown: 4.320000 V -> 4.430000 V -> 4.320000 V in 0.001000 V steps (221 points)
       0/220 set=4.320000 V elapsed=0.016s rate=62.50 steps/s
      50/220 set=4.370000 V elapsed=1.094s rate=46.62 steps/s eta=3.647s
     100/220 set=4.420000 V elapsed=2.172s rate=46.50 steps/s eta=2.581s
     150/220 set=4.390000 V elapsed=3.266s rate=46.23 steps/s eta=1.514s
     200/220 set=4.340000 V elapsed=4.329s rate=46.43 steps/s eta=0.431s
Sweep complete. Elapsed: 4.782s
Output turned OFF.


00936 J4_01 = 0 : NULL : WAIT = 0.1
00937 #test for lockup
00937 UUT_TXCHECK-2.0
00937 PASS: UUT_TXCHECK (FAULT)
00938 #Finished with port
00938 #switch out input
00938 J2_03 = 0 : NULL : WAIT = 0.1
00939 
00939 #cycle IGN to reset lockup
00939 RLY_K1 = 1 : NULL : WAIT = 2
00940 RLY_K1 = 0 : NULL : WAIT = 2
00941 #-----setup 39009-----
00941 #configure
00941 Command = 82, MODE1 = 0, MODE2 = 0, Enable_24VDC = 0, Analog_Raw_Value = 0 : NULL : WAIT = 0.2
00942 Command = 0, MODE1 = 0, MODE2 = 0, Enable_24VDC = 0, Analog_Raw_Value = 0 : NULL
00943 Command = 83, MODE1A = 7, MODE1B = 7, MODE2A = 1, MODE2B = 1, MODE3A = 4, MODE3B = 1, MODE4A = 1, MODE4B = 1, MODE5A = 6, MODE5B = 6, MODE6A = 1, MODE6B = 1, MODE7A = 6, MODE7B = 6 : NULL : WAIT = 0.2
00944 Command = 0, MODE1A = 0, MODE1B = 0, MODE2A = 0, MODE2B = 0, MODE3A = 0, MODE3B = 0, MODE4A = 0, MODE4B = 0, MODE5A = 0, MODE5B = 0, MODE6A = 0, MODE6B = 0, MODE7A = 0, MODE7B = 0 : NULL
00945 Command = 84, MODE8A = 1, MODE8B = 1, MODE9A = 6, MODE9B = 6, MODE10A = 1, MODE10B = 1, GLOBAL_KP = 255, GLOBAL_KI = 255 : NULL : WAIT = 0.2
00946 Command = 0, MODE8A = 0, MODE8B = 0, MODE9A = 0, MODE9B = 0, MODE10A = 0, MODE10B = 0, GLOBAL_KP = 0, GLOBAL_KI = 0 : NULL
00947 Command = 82, Enable_Fault_Reset = 1, Save_Configuration = 1, Enable_DPLTx = 1, Enable_DPLF1 = 1, Enable_DPLF2 = 1 : NULL : WAIT = 0.2
00948 Command = 0, Enable_Fault_Reset = 0, Save_Configuration = 0, Enable_DPLTx = 0, Enable_DPLF1 = 0, Enable_DPLF2 = 0 : NULL
00949 #switch input to load line
00949 J2_04 = 1 : NULL : WAIT = 1
00950 
00950 #TESTING - ModeIndex 14 PortIndex 3
00950 J4_01 = 1 : NULL : WAIT = 0.1
00951 SWEEP-RUNNING DEATHSWEEP!
Connected: RIGOL TECHNOLOGIES,DP832,DP8C180100022,00.01.19
VISA resource: USB0::0x1AB1::0x0E11::DP8C180100022::INSTR
Sweeping CH2 mode=updown: 4.320000 V -> 4.430000 V -> 4.320000 V in 0.001000 V steps (221 points)
       0/220 set=4.320000 V elapsed=0.016s rate=62.50 steps/s
      50/220 set=4.370000 V elapsed=1.125s rate=45.33 steps/s eta=3.750s
     100/220 set=4.420000 V elapsed=2.188s rate=46.16 steps/s eta=2.600s
     150/220 set=4.390000 V elapsed=3.250s rate=46.46 steps/s eta=1.507s
     200/220 set=4.340000 V elapsed=4.313s rate=46.60 steps/s eta=0.429s
Sweep complete. Elapsed: 4.750s
Output turned OFF.


00951 J4_01 = 0 : NULL : WAIT = 0.1
00952 #test for lockup
00952 UUT_TXCHECK-2.0
00952 PASS: UUT_TXCHECK (DPLF1)
00953 #Finished with port
00953 #switch out input
00953 J2_04 = 0 : NULL : WAIT = 0.1
00954 
00954 
00954 #Finished with mode
00954 #cycle IGN to reset lockup
00954 RLY_K1 = 1 : NULL : WAIT = 2
00955 RLY_K1 = 0 : NULL : WAIT = 2
00956 #-----setup 39009-----
00956 #configure
00956 Command = 82, MODE1 = 0, MODE2 = 0, Enable_24VDC = 0, Analog_Raw_Value = 0 : NULL : WAIT = 0.2
00957 Command = 0, MODE1 = 0, MODE2 = 0, Enable_24VDC = 0, Analog_Raw_Value = 0 : NULL
00958 Command = 83, MODE1A = 7, MODE1B = 7, MODE2A = 1, MODE2B = 1, MODE3A = 1, MODE3B = 4, MODE4A = 1, MODE4B = 1, MODE5A = 6, MODE5B = 6, MODE6A = 1, MODE6B = 1, MODE7A = 6, MODE7B = 6 : NULL : WAIT = 0.2
00959 Command = 0, MODE1A = 0, MODE1B = 0, MODE2A = 0, MODE2B = 0, MODE3A = 0, MODE3B = 0, MODE4A = 0, MODE4B = 0, MODE5A = 0, MODE5B = 0, MODE6A = 0, MODE6B = 0, MODE7A = 0, MODE7B = 0 : NULL
00960 Command = 84, MODE8A = 1, MODE8B = 1, MODE9A = 6, MODE9B = 6, MODE10A = 1, MODE10B = 1, GLOBAL_KP = 255, GLOBAL_KI = 255 : NULL : WAIT = 0.2
00961 Command = 0, MODE8A = 0, MODE8B = 0, MODE9A = 0, MODE9B = 0, MODE10A = 0, MODE10B = 0, GLOBAL_KP = 0, GLOBAL_KI = 0 : NULL
00962 Command = 82, Enable_Fault_Reset = 1, Save_Configuration = 1, Enable_DPLTx = 1, Enable_DPLF1 = 1, Enable_DPLF2 = 1 : NULL : WAIT = 0.2
00963 Command = 0, Enable_Fault_Reset = 0, Save_Configuration = 0, Enable_DPLTx = 0, Enable_DPLF1 = 0, Enable_DPLF2 = 0 : NULL
00964 #switch input to load line
00964 J2_01 = 1 : NULL : WAIT = 1
00965 
00965 #TESTING - ModeIndex 15 PortIndex 0
00965 AfgFreqSet = 100 : NULL : WAIT = 0.1
00966 #test for lockup
00966 UUT_TXCHECK-2.0
00966 PASS: UUT_TXCHECK (DPLT4)
00967 NULL : Hertz_Count_Input1A = 0 | 0.1 | 0.1
00967 TEST: Hertz_Count_Input1A 0.0 +/- 0.1
00967 PASS: Hertz_Count_Input1A 0.0
00968 J0_11_FREQ_GEN = 1 : NULL : WAIT = 0.1
00969 NULL : Hertz_Count_Input1A = 100 | 30 | 0.1
00969 TEST: Hertz_Count_Input1A 100.0 +/- 30.0
00969 PASS: Hertz_Count_Input1A 99.0
00970 J0_11_FREQ_GEN = 0 : NULL : WAIT = 0.1
00971 NULL : Hertz_Count_Input1A = 0 | 0.1 | 0.1
00971 TEST: Hertz_Count_Input1A 0.0 +/- 0.1
00971 PASS: Hertz_Count_Input1A 0.0
00972 
00972 #Finished with port
00972 #switch out input
00972 J2_01 = 0 : NULL : WAIT = 0.1
00973 
00973 #cycle IGN to reset lockup
00973 RLY_K1 = 1 : NULL : WAIT = 2
00974 RLY_K1 = 0 : NULL : WAIT = 2
00975 #-----setup 39009-----
00975 #configure
00975 Command = 82, MODE1 = 0, MODE2 = 0, Enable_24VDC = 0, Analog_Raw_Value = 0 : NULL : WAIT = 0.2
00976 Command = 0, MODE1 = 0, MODE2 = 0, Enable_24VDC = 0, Analog_Raw_Value = 0 : NULL
00977 Command = 83, MODE1A = 7, MODE1B = 7, MODE2A = 1, MODE2B = 1, MODE3A = 1, MODE3B = 4, MODE4A = 1, MODE4B = 1, MODE5A = 6, MODE5B = 6, MODE6A = 1, MODE6B = 1, MODE7A = 6, MODE7B = 6 : NULL : WAIT = 0.2
00978 Command = 0, MODE1A = 0, MODE1B = 0, MODE2A = 0, MODE2B = 0, MODE3A = 0, MODE3B = 0, MODE4A = 0, MODE4B = 0, MODE5A = 0, MODE5B = 0, MODE6A = 0, MODE6B = 0, MODE7A = 0, MODE7B = 0 : NULL
00979 Command = 84, MODE8A = 1, MODE8B = 1, MODE9A = 6, MODE9B = 6, MODE10A = 1, MODE10B = 1, GLOBAL_KP = 255, GLOBAL_KI = 255 : NULL : WAIT = 0.2
00980 Command = 0, MODE8A = 0, MODE8B = 0, MODE9A = 0, MODE9B = 0, MODE10A = 0, MODE10B = 0, GLOBAL_KP = 0, GLOBAL_KI = 0 : NULL
00981 Command = 82, Enable_Fault_Reset = 1, Save_Configuration = 1, Enable_DPLTx = 1, Enable_DPLF1 = 1, Enable_DPLF2 = 1 : NULL : WAIT = 0.2
00982 Command = 0, Enable_Fault_Reset = 0, Save_Configuration = 0, Enable_DPLTx = 0, Enable_DPLF1 = 0, Enable_DPLF2 = 0 : NULL
00983 #switch input to load line
00983 J2_02 = 1 : NULL : WAIT = 1
00984 
00984 #TESTING - ModeIndex 15 PortIndex 1
00984 AfgFreqSet = 100 : NULL : WAIT = 0.1
00985 #test for lockup
00985 UUT_TXCHECK-2.0
00985 PASS: UUT_TXCHECK (FAULT)
00986 NULL : Hertz_Count_Input1B = 0 | 0.1 | 0.1
00986 TEST: Hertz_Count_Input1B 0.0 +/- 0.1
00986 PASS: Hertz_Count_Input1B 0.0
00987 J0_11_FREQ_GEN = 1 : NULL : WAIT = 0.1
00988 NULL : Hertz_Count_Input1B = 100 | 30 | 0.1
00988 TEST: Hertz_Count_Input1B 100.0 +/- 30.0
00988 PASS: Hertz_Count_Input1B 99.0
00989 J0_11_FREQ_GEN = 0 : NULL : WAIT = 0.1
00990 NULL : Hertz_Count_Input1B = 0 | 0.1 | 0.1
00990 TEST: Hertz_Count_Input1B 0.0 +/- 0.1
00990 PASS: Hertz_Count_Input1B 0.0
00991 
00991 #Finished with port
00991 #switch out input
00991 J2_02 = 0 : NULL : WAIT = 0.1
00992 
00992 #cycle IGN to reset lockup
00992 RLY_K1 = 1 : NULL : WAIT = 2
00993 RLY_K1 = 0 : NULL : WAIT = 2
00994 #-----setup 39009-----
00994 #configure
00994 Command = 82, MODE1 = 0, MODE2 = 0, Enable_24VDC = 0, Analog_Raw_Value = 0 : NULL : WAIT = 0.2
00995 Command = 0, MODE1 = 0, MODE2 = 0, Enable_24VDC = 0, Analog_Raw_Value = 0 : NULL
00996 Command = 83, MODE1A = 7, MODE1B = 7, MODE2A = 1, MODE2B = 1, MODE3A = 1, MODE3B = 4, MODE4A = 1, MODE4B = 1, MODE5A = 6, MODE5B = 6, MODE6A = 1, MODE6B = 1, MODE7A = 6, MODE7B = 6 : NULL : WAIT = 0.2
00997 Command = 0, MODE1A = 0, MODE1B = 0, MODE2A = 0, MODE2B = 0, MODE3A = 0, MODE3B = 0, MODE4A = 0, MODE4B = 0, MODE5A = 0, MODE5B = 0, MODE6A = 0, MODE6B = 0, MODE7A = 0, MODE7B = 0 : NULL
00998 Command = 84, MODE8A = 1, MODE8B = 1, MODE9A = 6, MODE9B = 6, MODE10A = 1, MODE10B = 1, GLOBAL_KP = 255, GLOBAL_KI = 255 : NULL : WAIT = 0.2
00999 Command = 0, MODE8A = 0, MODE8B = 0, MODE9A = 0, MODE9B = 0, MODE10A = 0, MODE10B = 0, GLOBAL_KP = 0, GLOBAL_KI = 0 : NULL
01000 Command = 82, Enable_Fault_Reset = 1, Save_Configuration = 1, Enable_DPLTx = 1, Enable_DPLF1 = 1, Enable_DPLF2 = 1 : NULL : WAIT = 0.2
01001 Command = 0, Enable_Fault_Reset = 0, Save_Configuration = 0, Enable_DPLTx = 0, Enable_DPLF1 = 0, Enable_DPLF2 = 0 : NULL
01002 #switch input to load line
01002 J2_03 = 1 : NULL : WAIT = 1
01003 
01003 #TESTING - ModeIndex 15 PortIndex 2
01003 J4_01 = 1 : NULL : WAIT = 0.1
01004 SWEEP-RUNNING DEATHSWEEP!
Connected: RIGOL TECHNOLOGIES,DP832,DP8C180100022,00.01.19
VISA resource: USB0::0x1AB1::0x0E11::DP8C180100022::INSTR
Sweeping CH2 mode=updown: 4.320000 V -> 4.430000 V -> 4.320000 V in 0.001000 V steps (221 points)
       0/220 set=4.320000 V elapsed=0.032s rate=31.25 steps/s
      50/220 set=4.370000 V elapsed=1.110s rate=45.95 steps/s eta=3.700s
     100/220 set=4.420000 V elapsed=2.172s rate=46.50 steps/s eta=2.581s
     150/220 set=4.390000 V elapsed=3.250s rate=46.46 steps/s eta=1.507s
     200/220 set=4.340000 V elapsed=4.329s rate=46.43 steps/s eta=0.431s
Sweep complete. Elapsed: 4.797s
Output turned OFF.


01004 J4_01 = 0 : NULL : WAIT = 0.1
01005 #test for lockup
01005 UUT_TXCHECK-2.0
01005 PASS: UUT_TXCHECK (DPLF1)
01006 #Finished with port
01006 #switch out input
01006 J2_03 = 0 : NULL : WAIT = 0.1
01007 
01007 #cycle IGN to reset lockup
01007 RLY_K1 = 1 : NULL : WAIT = 2
01008 RLY_K1 = 0 : NULL : WAIT = 2
01009 #-----setup 39009-----
01009 #configure
01009 Command = 82, MODE1 = 0, MODE2 = 0, Enable_24VDC = 0, Analog_Raw_Value = 0 : NULL : WAIT = 0.2
01010 Command = 0, MODE1 = 0, MODE2 = 0, Enable_24VDC = 0, Analog_Raw_Value = 0 : NULL
01011 Command = 83, MODE1A = 7, MODE1B = 7, MODE2A = 1, MODE2B = 1, MODE3A = 1, MODE3B = 4, MODE4A = 1, MODE4B = 1, MODE5A = 6, MODE5B = 6, MODE6A = 1, MODE6B = 1, MODE7A = 6, MODE7B = 6 : NULL : WAIT = 0.2
01012 Command = 0, MODE1A = 0, MODE1B = 0, MODE2A = 0, MODE2B = 0, MODE3A = 0, MODE3B = 0, MODE4A = 0, MODE4B = 0, MODE5A = 0, MODE5B = 0, MODE6A = 0, MODE6B = 0, MODE7A = 0, MODE7B = 0 : NULL
01013 Command = 84, MODE8A = 1, MODE8B = 1, MODE9A = 6, MODE9B = 6, MODE10A = 1, MODE10B = 1, GLOBAL_KP = 255, GLOBAL_KI = 255 : NULL : WAIT = 0.2
01014 Command = 0, MODE8A = 0, MODE8B = 0, MODE9A = 0, MODE9B = 0, MODE10A = 0, MODE10B = 0, GLOBAL_KP = 0, GLOBAL_KI = 0 : NULL
01015 Command = 82, Enable_Fault_Reset = 1, Save_Configuration = 1, Enable_DPLTx = 1, Enable_DPLF1 = 1, Enable_DPLF2 = 1 : NULL : WAIT = 0.2
01016 Command = 0, Enable_Fault_Reset = 0, Save_Configuration = 0, Enable_DPLTx = 0, Enable_DPLF1 = 0, Enable_DPLF2 = 0 : NULL
01017 #switch input to load line
01017 J2_04 = 1 : NULL : WAIT = 1
01018 
01018 #TESTING - ModeIndex 15 PortIndex 3
01018 J4_01 = 1 : NULL : WAIT = 0.1
01019 SWEEP-RUNNING DEATHSWEEP!
Connected: RIGOL TECHNOLOGIES,DP832,DP8C180100022,00.01.19
VISA resource: USB0::0x1AB1::0x0E11::DP8C180100022::INSTR
Sweeping CH2 mode=updown: 4.320000 V -> 4.430000 V -> 4.320000 V in 0.001000 V steps (221 points)
       0/220 set=4.320000 V elapsed=0.047s rate=21.28 steps/s
      50/220 set=4.370000 V elapsed=1.078s rate=47.31 steps/s eta=3.593s
     100/220 set=4.420000 V elapsed=2.172s rate=46.50 steps/s eta=2.581s
     150/220 set=4.390000 V elapsed=3.219s rate=46.91 steps/s eta=1.492s
     200/220 set=4.340000 V elapsed=4.297s rate=46.78 steps/s eta=0.428s
Sweep complete. Elapsed: 4.703s
Output turned OFF.


01019 J4_01 = 0 : NULL : WAIT = 0.1
01020 #test for lockup
01020 UUT_TXCHECK-2.0
01020 PASS: UUT_TXCHECK (AD2)
01021 #Finished with port
01021 #switch out input
01021 J2_04 = 0 : NULL : WAIT = 0.1
01022 
01022 
01022 #Finished with mode
01022 #cycle IGN to reset lockup
01022 RLY_K1 = 1 : NULL : WAIT = 2
01023 RLY_K1 = 0 : NULL : WAIT = 2
01024 #-----setup 39009-----
01024 #configure
01024 Command = 82, MODE1 = 0, MODE2 = 0, Enable_24VDC = 0, Analog_Raw_Value = 0 : NULL : WAIT = 0.2
01025 Command = 0, MODE1 = 0, MODE2 = 0, Enable_24VDC = 0, Analog_Raw_Value = 0 : NULL
01026 Command = 83, MODE1A = 7, MODE1B = 7, MODE2A = 1, MODE2B = 1, MODE3A = 1, MODE3B = 1, MODE4A = 1, MODE4B = 1, MODE5A = 6, MODE5B = 6, MODE6A = 1, MODE6B = 1, MODE7A = 6, MODE7B = 6 : NULL : WAIT = 0.2
01027 Command = 0, MODE1A = 0, MODE1B = 0, MODE2A = 0, MODE2B = 0, MODE3A = 0, MODE3B = 0, MODE4A = 0, MODE4B = 0, MODE5A = 0, MODE5B = 0, MODE6A = 0, MODE6B = 0, MODE7A = 0, MODE7B = 0 : NULL
01028 Command = 84, MODE8A = 1, MODE8B = 1, MODE9A = 6, MODE9B = 6, MODE10A = 1, MODE10B = 1, GLOBAL_KP = 255, GLOBAL_KI = 255 : NULL : WAIT = 0.2
01029 Command = 0, MODE8A = 0, MODE8B = 0, MODE9A = 0, MODE9B = 0, MODE10A = 0, MODE10B = 0, GLOBAL_KP = 0, GLOBAL_KI = 0 : NULL
01030 Command = 82, Enable_Fault_Reset = 1, Save_Configuration = 1, Enable_DPLTx = 1, Enable_DPLF1 = 1, Enable_DPLF2 = 1 : NULL : WAIT = 0.2
01031 Command = 0, Enable_Fault_Reset = 0, Save_Configuration = 0, Enable_DPLTx = 0, Enable_DPLF1 = 0, Enable_DPLF2 = 0 : NULL
01032 #switch input to load line
01032 J2_01 = 1 : NULL : WAIT = 1
01033 
01033 #TESTING - ModeIndex 16 PortIndex 0
01033 AfgFreqSet = 100 : NULL : WAIT = 0.1
01034 #test for lockup
01034 UUT_TXCHECK-2.0
01034 PASS: UUT_TXCHECK (FREQ1)
01035 NULL : Hertz_Count_Input1A = 0 | 0.1 | 0.1
01035 TEST: Hertz_Count_Input1A 0.0 +/- 0.1
01035 PASS: Hertz_Count_Input1A 0.0
01036 J0_11_FREQ_GEN = 1 : NULL : WAIT = 0.1
01037 NULL : Hertz_Count_Input1A = 100 | 30 | 0.1
01037 TEST: Hertz_Count_Input1A 100.0 +/- 30.0
01037 PASS: Hertz_Count_Input1A 99.0
01038 J0_11_FREQ_GEN = 0 : NULL : WAIT = 0.1
01039 NULL : Hertz_Count_Input1A = 0 | 0.1 | 0.1
01039 TEST: Hertz_Count_Input1A 0.0 +/- 0.1
01039 PASS: Hertz_Count_Input1A 0.0
01040 
01040 #Finished with port
01040 #switch out input
01040 J2_01 = 0 : NULL : WAIT = 0.1
01041 
01041 #cycle IGN to reset lockup
01041 RLY_K1 = 1 : NULL : WAIT = 2
01042 RLY_K1 = 0 : NULL : WAIT = 2
01043 #-----setup 39009-----
01043 #configure
01043 Command = 82, MODE1 = 0, MODE2 = 0, Enable_24VDC = 0, Analog_Raw_Value = 0 : NULL : WAIT = 0.2
01044 Command = 0, MODE1 = 0, MODE2 = 0, Enable_24VDC = 0, Analog_Raw_Value = 0 : NULL
01045 Command = 83, MODE1A = 7, MODE1B = 7, MODE2A = 1, MODE2B = 1, MODE3A = 1, MODE3B = 1, MODE4A = 1, MODE4B = 1, MODE5A = 6, MODE5B = 6, MODE6A = 1, MODE6B = 1, MODE7A = 6, MODE7B = 6 : NULL : WAIT = 0.2
01046 Command = 0, MODE1A = 0, MODE1B = 0, MODE2A = 0, MODE2B = 0, MODE3A = 0, MODE3B = 0, MODE4A = 0, MODE4B = 0, MODE5A = 0, MODE5B = 0, MODE6A = 0, MODE6B = 0, MODE7A = 0, MODE7B = 0 : NULL
01047 Command = 84, MODE8A = 1, MODE8B = 1, MODE9A = 6, MODE9B = 6, MODE10A = 1, MODE10B = 1, GLOBAL_KP = 255, GLOBAL_KI = 255 : NULL : WAIT = 0.2
01048 Command = 0, MODE8A = 0, MODE8B = 0, MODE9A = 0, MODE9B = 0, MODE10A = 0, MODE10B = 0, GLOBAL_KP = 0, GLOBAL_KI = 0 : NULL
01049 Command = 82, Enable_Fault_Reset = 1, Save_Configuration = 1, Enable_DPLTx = 1, Enable_DPLF1 = 1, Enable_DPLF2 = 1 : NULL : WAIT = 0.2
01050 Command = 0, Enable_Fault_Reset = 0, Save_Configuration = 0, Enable_DPLTx = 0, Enable_DPLF1 = 0, Enable_DPLF2 = 0 : NULL
01051 #switch input to load line
01051 J2_02 = 1 : NULL : WAIT = 1
01052 
01052 #TESTING - ModeIndex 16 PortIndex 1
01052 AfgFreqSet = 100 : NULL : WAIT = 0.1
01053 #test for lockup
01053 UUT_TXCHECK-2.0
01053 PASS: UUT_TXCHECK (FREQ1)
01054 NULL : Hertz_Count_Input1B = 0 | 0.1 | 0.1
01054 TEST: Hertz_Count_Input1B 0.0 +/- 0.1
01054 PASS: Hertz_Count_Input1B 0.0
01055 J0_11_FREQ_GEN = 1 : NULL : WAIT = 0.1
01056 NULL : Hertz_Count_Input1B = 100 | 30 | 0.1
01056 TEST: Hertz_Count_Input1B 100.0 +/- 30.0
01056 PASS: Hertz_Count_Input1B 99.0
01057 J0_11_FREQ_GEN = 0 : NULL : WAIT = 0.1
01058 NULL : Hertz_Count_Input1B = 0 | 0.1 | 0.1
01058 TEST: Hertz_Count_Input1B 0.0 +/- 0.1
01058 PASS: Hertz_Count_Input1B 0.0
01059 
01059 #Finished with port
01059 #switch out input
01059 J2_02 = 0 : NULL : WAIT = 0.1
01060 
01060 #cycle IGN to reset lockup
01060 RLY_K1 = 1 : NULL : WAIT = 2
01061 RLY_K1 = 0 : NULL : WAIT = 2
01062 #-----setup 39009-----
01062 #configure
01062 Command = 82, MODE1 = 0, MODE2 = 0, Enable_24VDC = 0, Analog_Raw_Value = 0 : NULL : WAIT = 0.2
01063 Command = 0, MODE1 = 0, MODE2 = 0, Enable_24VDC = 0, Analog_Raw_Value = 0 : NULL
01064 Command = 83, MODE1A = 7, MODE1B = 7, MODE2A = 1, MODE2B = 1, MODE3A = 1, MODE3B = 1, MODE4A = 1, MODE4B = 1, MODE5A = 6, MODE5B = 6, MODE6A = 1, MODE6B = 1, MODE7A = 6, MODE7B = 6 : NULL : WAIT = 0.2
01065 Command = 0, MODE1A = 0, MODE1B = 0, MODE2A = 0, MODE2B = 0, MODE3A = 0, MODE3B = 0, MODE4A = 0, MODE4B = 0, MODE5A = 0, MODE5B = 0, MODE6A = 0, MODE6B = 0, MODE7A = 0, MODE7B = 0 : NULL
01066 Command = 84, MODE8A = 1, MODE8B = 1, MODE9A = 6, MODE9B = 6, MODE10A = 1, MODE10B = 1, GLOBAL_KP = 255, GLOBAL_KI = 255 : NULL : WAIT = 0.2
01067 Command = 0, MODE8A = 0, MODE8B = 0, MODE9A = 0, MODE9B = 0, MODE10A = 0, MODE10B = 0, GLOBAL_KP = 0, GLOBAL_KI = 0 : NULL
01068 Command = 82, Enable_Fault_Reset = 1, Save_Configuration = 1, Enable_DPLTx = 1, Enable_DPLF1 = 1, Enable_DPLF2 = 1 : NULL : WAIT = 0.2
01069 Command = 0, Enable_Fault_Reset = 0, Save_Configuration = 0, Enable_DPLTx = 0, Enable_DPLF1 = 0, Enable_DPLF2 = 0 : NULL
01070 #switch input to load line
01070 J2_03 = 1 : NULL : WAIT = 1
01071 
01071 #TESTING - ModeIndex 16 PortIndex 2
01071 J4_01 = 1 : NULL : WAIT = 0.1
01072 SWEEP-RUNNING DEATHSWEEP!
Connected: RIGOL TECHNOLOGIES,DP832,DP8C180100022,00.01.19
VISA resource: USB0::0x1AB1::0x0E11::DP8C180100022::INSTR
Sweeping CH2 mode=updown: 4.320000 V -> 4.430000 V -> 4.320000 V in 0.001000 V steps (221 points)
       0/220 set=4.320000 V elapsed=0.016s rate=62.50 steps/s
      50/220 set=4.370000 V elapsed=1.094s rate=46.62 steps/s eta=3.647s
     100/220 set=4.420000 V elapsed=2.156s rate=46.85 steps/s eta=2.562s
     150/220 set=4.390000 V elapsed=3.203s rate=47.14 steps/s eta=1.485s
     200/220 set=4.340000 V elapsed=4.266s rate=47.12 steps/s eta=0.424s
Sweep complete. Elapsed: 4.672s
Output turned OFF.


01072 J4_01 = 0 : NULL : WAIT = 0.1
01073 #test for lockup
01073 UUT_TXCHECK-2.0
01073 PASS: UUT_TXCHECK (FREQ1)
01074 #Finished with port
01074 #switch out input
01074 J2_03 = 0 : NULL : WAIT = 0.1
01075 
01075 #cycle IGN to reset lockup
01075 RLY_K1 = 1 : NULL : WAIT = 2
01076 RLY_K1 = 0 : NULL : WAIT = 2
01077 #-----setup 39009-----
01077 #configure
01077 Command = 82, MODE1 = 0, MODE2 = 0, Enable_24VDC = 0, Analog_Raw_Value = 0 : NULL : WAIT = 0.2
01078 Command = 0, MODE1 = 0, MODE2 = 0, Enable_24VDC = 0, Analog_Raw_Value = 0 : NULL
01079 Command = 83, MODE1A = 7, MODE1B = 7, MODE2A = 1, MODE2B = 1, MODE3A = 1, MODE3B = 1, MODE4A = 1, MODE4B = 1, MODE5A = 6, MODE5B = 6, MODE6A = 1, MODE6B = 1, MODE7A = 6, MODE7B = 6 : NULL : WAIT = 0.2
01080 Command = 0, MODE1A = 0, MODE1B = 0, MODE2A = 0, MODE2B = 0, MODE3A = 0, MODE3B = 0, MODE4A = 0, MODE4B = 0, MODE5A = 0, MODE5B = 0, MODE6A = 0, MODE6B = 0, MODE7A = 0, MODE7B = 0 : NULL
01081 Command = 84, MODE8A = 1, MODE8B = 1, MODE9A = 6, MODE9B = 6, MODE10A = 1, MODE10B = 1, GLOBAL_KP = 255, GLOBAL_KI = 255 : NULL : WAIT = 0.2
01082 Command = 0, MODE8A = 0, MODE8B = 0, MODE9A = 0, MODE9B = 0, MODE10A = 0, MODE10B = 0, GLOBAL_KP = 0, GLOBAL_KI = 0 : NULL
01083 Command = 82, Enable_Fault_Reset = 1, Save_Configuration = 1, Enable_DPLTx = 1, Enable_DPLF1 = 1, Enable_DPLF2 = 1 : NULL : WAIT = 0.2
01084 Command = 0, Enable_Fault_Reset = 0, Save_Configuration = 0, Enable_DPLTx = 0, Enable_DPLF1 = 0, Enable_DPLF2 = 0 : NULL
01085 #switch input to load line
01085 J2_04 = 1 : NULL : WAIT = 1
01086 
01086 #TESTING - ModeIndex 16 PortIndex 3
01086 J4_01 = 1 : NULL : WAIT = 0.1
01087 SWEEP-RUNNING DEATHSWEEP!
Connected: RIGOL TECHNOLOGIES,DP832,DP8C180100022,00.01.19
VISA resource: USB0::0x1AB1::0x0E11::DP8C180100022::INSTR
Sweeping CH2 mode=updown: 4.320000 V -> 4.430000 V -> 4.320000 V in 0.001000 V steps (221 points)
       0/220 set=4.320000 V elapsed=0.031s rate=32.26 steps/s
      50/220 set=4.370000 V elapsed=1.094s rate=46.62 steps/s eta=3.647s
     100/220 set=4.420000 V elapsed=2.172s rate=46.50 steps/s eta=2.581s
     150/220 set=4.390000 V elapsed=3.250s rate=46.46 steps/s eta=1.507s
     200/220 set=4.340000 V elapsed=4.360s rate=46.10 steps/s eta=0.434s
Sweep complete. Elapsed: 4.766s
Output turned OFF.


01087 J4_01 = 0 : NULL : WAIT = 0.1
01088 #test for lockup
01088 UUT_TXCHECK-2.0
01088 PASS: UUT_TXCHECK (DPLF1)
01089 #Finished with port
01089 #switch out input
01089 J2_04 = 0 : NULL : WAIT = 0.1
01090 
01090 
01090 #Finished with mode
01090 #cycle IGN to reset lockup
01090 RLY_K1 = 1 : NULL : WAIT = 2
01091 RLY_K1 = 0 : NULL : WAIT = 2
01092 #-----setup 39009-----
01092 #configure
01092 Command = 82, MODE1 = 0, MODE2 = 0, Enable_24VDC = 0, Analog_Raw_Value = 0 : NULL : WAIT = 0.2
01093 Command = 0, MODE1 = 0, MODE2 = 0, Enable_24VDC = 0, Analog_Raw_Value = 0 : NULL
01094 Command = 83, MODE1A = 7, MODE1B = 1, MODE2A = 1, MODE2B = 1, MODE3A = 4, MODE3B = 4, MODE4A = 1, MODE4B = 1, MODE5A = 6, MODE5B = 6, MODE6A = 1, MODE6B = 1, MODE7A = 6, MODE7B = 6 : NULL : WAIT = 0.2
01095 Command = 0, MODE1A = 0, MODE1B = 0, MODE2A = 0, MODE2B = 0, MODE3A = 0, MODE3B = 0, MODE4A = 0, MODE4B = 0, MODE5A = 0, MODE5B = 0, MODE6A = 0, MODE6B = 0, MODE7A = 0, MODE7B = 0 : NULL
01096 Command = 84, MODE8A = 1, MODE8B = 1, MODE9A = 6, MODE9B = 6, MODE10A = 1, MODE10B = 1, GLOBAL_KP = 255, GLOBAL_KI = 255 : NULL : WAIT = 0.2
01097 Command = 0, MODE8A = 0, MODE8B = 0, MODE9A = 0, MODE9B = 0, MODE10A = 0, MODE10B = 0, GLOBAL_KP = 0, GLOBAL_KI = 0 : NULL
01098 Command = 82, Enable_Fault_Reset = 1, Save_Configuration = 1, Enable_DPLTx = 1, Enable_DPLF1 = 1, Enable_DPLF2 = 1 : NULL : WAIT = 0.2
01099 Command = 0, Enable_Fault_Reset = 0, Save_Configuration = 0, Enable_DPLTx = 0, Enable_DPLF1 = 0, Enable_DPLF2 = 0 : NULL
01100 #switch input to load line
01100 J2_01 = 1 : NULL : WAIT = 1
01101 
01101 #TESTING - ModeIndex 17 PortIndex 0
01101 AfgFreqSet = 100 : NULL : WAIT = 0.1
01102 #test for lockup
01102 UUT_TXCHECK-2.0
01102 PASS: UUT_TXCHECK (DPLF1)
01103 NULL : Hertz_Count_Input1A = 0 | 0.1 | 0.1
01103 TEST: Hertz_Count_Input1A 0.0 +/- 0.1
01103 PASS: Hertz_Count_Input1A 0.0
01104 J0_11_FREQ_GEN = 1 : NULL : WAIT = 0.1
01105 NULL : Hertz_Count_Input1A = 100 | 30 | 0.1
01105 TEST: Hertz_Count_Input1A 100.0 +/- 30.0
01105 PASS: Hertz_Count_Input1A 99.0
01106 J0_11_FREQ_GEN = 0 : NULL : WAIT = 0.1
01107 NULL : Hertz_Count_Input1A = 0 | 0.1 | 0.1
01107 TEST: Hertz_Count_Input1A 0.0 +/- 0.1
01107 PASS: Hertz_Count_Input1A 0.0
01108 
01108 #Finished with port
01108 #switch out input
01108 J2_01 = 0 : NULL : WAIT = 0.1
01109 
01109 #cycle IGN to reset lockup
01109 RLY_K1 = 1 : NULL : WAIT = 2
01110 RLY_K1 = 0 : NULL : WAIT = 2
01111 #-----setup 39009-----
01111 #configure
01111 Command = 82, MODE1 = 0, MODE2 = 0, Enable_24VDC = 0, Analog_Raw_Value = 0 : NULL : WAIT = 0.2
01112 Command = 0, MODE1 = 0, MODE2 = 0, Enable_24VDC = 0, Analog_Raw_Value = 0 : NULL
01113 Command = 83, MODE1A = 7, MODE1B = 1, MODE2A = 1, MODE2B = 1, MODE3A = 4, MODE3B = 4, MODE4A = 1, MODE4B = 1, MODE5A = 6, MODE5B = 6, MODE6A = 1, MODE6B = 1, MODE7A = 6, MODE7B = 6 : NULL : WAIT = 0.2
01114 Command = 0, MODE1A = 0, MODE1B = 0, MODE2A = 0, MODE2B = 0, MODE3A = 0, MODE3B = 0, MODE4A = 0, MODE4B = 0, MODE5A = 0, MODE5B = 0, MODE6A = 0, MODE6B = 0, MODE7A = 0, MODE7B = 0 : NULL
01115 Command = 84, MODE8A = 1, MODE8B = 1, MODE9A = 6, MODE9B = 6, MODE10A = 1, MODE10B = 1, GLOBAL_KP = 255, GLOBAL_KI = 255 : NULL : WAIT = 0.2
01116 Command = 0, MODE8A = 0, MODE8B = 0, MODE9A = 0, MODE9B = 0, MODE10A = 0, MODE10B = 0, GLOBAL_KP = 0, GLOBAL_KI = 0 : NULL
01117 Command = 82, Enable_Fault_Reset = 1, Save_Configuration = 1, Enable_DPLTx = 1, Enable_DPLF1 = 1, Enable_DPLF2 = 1 : NULL : WAIT = 0.2
01118 Command = 0, Enable_Fault_Reset = 0, Save_Configuration = 0, Enable_DPLTx = 0, Enable_DPLF1 = 0, Enable_DPLF2 = 0 : NULL
01119 #switch input to load line
01119 J2_02 = 1 : NULL : WAIT = 1
01120 
01120 #TESTING - ModeIndex 17 PortIndex 1
01120 J4_01 = 1 : NULL : WAIT = 0.1
01121 SWEEP-RUNNING DEATHSWEEP!
Connected: RIGOL TECHNOLOGIES,DP832,DP8C180100022,00.01.19
VISA resource: USB0::0x1AB1::0x0E11::DP8C180100022::INSTR
Sweeping CH2 mode=updown: 4.320000 V -> 4.430000 V -> 4.320000 V in 0.001000 V steps (221 points)
       0/220 set=4.320000 V elapsed=0.032s rate=31.25 steps/s
      50/220 set=4.370000 V elapsed=1.172s rate=43.52 steps/s eta=3.907s
     100/220 set=4.420000 V elapsed=2.250s rate=44.89 steps/s eta=2.673s
     150/220 set=4.390000 V elapsed=3.313s rate=45.58 steps/s eta=1.536s
     200/220 set=4.340000 V elapsed=4.375s rate=45.94 steps/s eta=0.435s
Sweep complete. Elapsed: 4.829s
Output turned OFF.


01121 J4_01 = 0 : NULL : WAIT = 0.1
01122 #test for lockup
01122 UUT_TXCHECK-2.0
01122 PASS: UUT_TXCHECK (FREQ1)
01123 #Finished with port
01123 #switch out input
01123 J2_02 = 0 : NULL : WAIT = 0.1
01124 
01124 #cycle IGN to reset lockup
01124 RLY_K1 = 1 : NULL : WAIT = 2
01125 RLY_K1 = 0 : NULL : WAIT = 2
01126 #-----setup 39009-----
01126 #configure
01126 Command = 82, MODE1 = 0, MODE2 = 0, Enable_24VDC = 0, Analog_Raw_Value = 0 : NULL : WAIT = 0.2
01127 Command = 0, MODE1 = 0, MODE2 = 0, Enable_24VDC = 0, Analog_Raw_Value = 0 : NULL
01128 Command = 83, MODE1A = 7, MODE1B = 1, MODE2A = 1, MODE2B = 1, MODE3A = 4, MODE3B = 4, MODE4A = 1, MODE4B = 1, MODE5A = 6, MODE5B = 6, MODE6A = 1, MODE6B = 1, MODE7A = 6, MODE7B = 6 : NULL : WAIT = 0.2
01129 Command = 0, MODE1A = 0, MODE1B = 0, MODE2A = 0, MODE2B = 0, MODE3A = 0, MODE3B = 0, MODE4A = 0, MODE4B = 0, MODE5A = 0, MODE5B = 0, MODE6A = 0, MODE6B = 0, MODE7A = 0, MODE7B = 0 : NULL
01130 Command = 84, MODE8A = 1, MODE8B = 1, MODE9A = 6, MODE9B = 6, MODE10A = 1, MODE10B = 1, GLOBAL_KP = 255, GLOBAL_KI = 255 : NULL : WAIT = 0.2
01131 Command = 0, MODE8A = 0, MODE8B = 0, MODE9A = 0, MODE9B = 0, MODE10A = 0, MODE10B = 0, GLOBAL_KP = 0, GLOBAL_KI = 0 : NULL
01132 Command = 82, Enable_Fault_Reset = 1, Save_Configuration = 1, Enable_DPLTx = 1, Enable_DPLF1 = 1, Enable_DPLF2 = 1 : NULL : WAIT = 0.2
01133 Command = 0, Enable_Fault_Reset = 0, Save_Configuration = 0, Enable_DPLTx = 0, Enable_DPLF1 = 0, Enable_DPLF2 = 0 : NULL
01134 #switch input to load line
01134 J2_03 = 1 : NULL : WAIT = 1
01135 
01135 #TESTING - ModeIndex 17 PortIndex 2
01135 J4_01 = 1 : NULL : WAIT = 0.1
01136 SWEEP-RUNNING DEATHSWEEP!
Connected: RIGOL TECHNOLOGIES,DP832,DP8C180100022,00.01.19
VISA resource: USB0::0x1AB1::0x0E11::DP8C180100022::INSTR
Sweeping CH2 mode=updown: 4.320000 V -> 4.430000 V -> 4.320000 V in 0.001000 V steps (221 points)
       0/220 set=4.320000 V elapsed=0.063s rate=15.87 steps/s
      50/220 set=4.370000 V elapsed=1.141s rate=44.70 steps/s eta=3.803s
     100/220 set=4.420000 V elapsed=2.219s rate=45.52 steps/s eta=2.636s
     150/220 set=4.390000 V elapsed=3.281s rate=46.02 steps/s eta=1.521s
     200/220 set=4.340000 V elapsed=4.360s rate=46.10 steps/s eta=0.434s
Sweep complete. Elapsed: 4.766s
Output turned OFF.


01136 J4_01 = 0 : NULL : WAIT = 0.1
01137 #test for lockup
01137 UUT_TXCHECK-2.0
01137 PASS: UUT_TXCHECK (FREQ1)
01138 #Finished with port
01138 #switch out input
01138 J2_03 = 0 : NULL : WAIT = 0.1
01139 
01139 #cycle IGN to reset lockup
01139 RLY_K1 = 1 : NULL : WAIT = 2
01140 RLY_K1 = 0 : NULL : WAIT = 2
01141 #-----setup 39009-----
01141 #configure
01141 Command = 82, MODE1 = 0, MODE2 = 0, Enable_24VDC = 0, Analog_Raw_Value = 0 : NULL : WAIT = 0.2
01142 Command = 0, MODE1 = 0, MODE2 = 0, Enable_24VDC = 0, Analog_Raw_Value = 0 : NULL
01143 Command = 83, MODE1A = 7, MODE1B = 1, MODE2A = 1, MODE2B = 1, MODE3A = 4, MODE3B = 4, MODE4A = 1, MODE4B = 1, MODE5A = 6, MODE5B = 6, MODE6A = 1, MODE6B = 1, MODE7A = 6, MODE7B = 6 : NULL : WAIT = 0.2
01144 Command = 0, MODE1A = 0, MODE1B = 0, MODE2A = 0, MODE2B = 0, MODE3A = 0, MODE3B = 0, MODE4A = 0, MODE4B = 0, MODE5A = 0, MODE5B = 0, MODE6A = 0, MODE6B = 0, MODE7A = 0, MODE7B = 0 : NULL
01145 Command = 84, MODE8A = 1, MODE8B = 1, MODE9A = 6, MODE9B = 6, MODE10A = 1, MODE10B = 1, GLOBAL_KP = 255, GLOBAL_KI = 255 : NULL : WAIT = 0.2
01146 Command = 0, MODE8A = 0, MODE8B = 0, MODE9A = 0, MODE9B = 0, MODE10A = 0, MODE10B = 0, GLOBAL_KP = 0, GLOBAL_KI = 0 : NULL
01147 Command = 82, Enable_Fault_Reset = 1, Save_Configuration = 1, Enable_DPLTx = 1, Enable_DPLF1 = 1, Enable_DPLF2 = 1 : NULL : WAIT = 0.2
01148 Command = 0, Enable_Fault_Reset = 0, Save_Configuration = 0, Enable_DPLTx = 0, Enable_DPLF1 = 0, Enable_DPLF2 = 0 : NULL
01149 #switch input to load line
01149 J2_04 = 1 : NULL : WAIT = 1
01150 
01150 #TESTING - ModeIndex 17 PortIndex 3
01150 J4_01 = 1 : NULL : WAIT = 0.1
01151 SWEEP-RUNNING DEATHSWEEP!
Connected: RIGOL TECHNOLOGIES,DP832,DP8C180100022,00.01.19
VISA resource: USB0::0x1AB1::0x0E11::DP8C180100022::INSTR
Sweeping CH2 mode=updown: 4.320000 V -> 4.430000 V -> 4.320000 V in 0.001000 V steps (221 points)
       0/220 set=4.320000 V elapsed=0.031s rate=32.26 steps/s
      50/220 set=4.370000 V elapsed=1.109s rate=45.99 steps/s eta=3.697s
     100/220 set=4.420000 V elapsed=2.187s rate=46.18 steps/s eta=2.598s
     150/220 set=4.390000 V elapsed=3.281s rate=46.02 steps/s eta=1.521s
     200/220 set=4.340000 V elapsed=4.375s rate=45.94 steps/s eta=0.435s
Sweep complete. Elapsed: 4.812s
Output turned OFF.


01151 J4_01 = 0 : NULL : WAIT = 0.1
01152 #test for lockup
01152 UUT_TXCHECK-2.0
01152 PASS: UUT_TXCHECK (DPLT4)
01153 #Finished with port
01153 #switch out input
01153 J2_04 = 0 : NULL : WAIT = 0.1
01154 
01154 
01154 #Finished with mode
01154 #cycle IGN to reset lockup
01154 RLY_K1 = 1 : NULL : WAIT = 2
01155 RLY_K1 = 0 : NULL : WAIT = 2
01156 #-----setup 39009-----
01156 #configure
01156 Command = 82, MODE1 = 0, MODE2 = 0, Enable_24VDC = 0, Analog_Raw_Value = 0 : NULL : WAIT = 0.2
01157 Command = 0, MODE1 = 0, MODE2 = 0, Enable_24VDC = 0, Analog_Raw_Value = 0 : NULL
01158 Command = 83, MODE1A = 7, MODE1B = 1, MODE2A = 1, MODE2B = 1, MODE3A = 4, MODE3B = 1, MODE4A = 1, MODE4B = 1, MODE5A = 6, MODE5B = 6, MODE6A = 1, MODE6B = 1, MODE7A = 6, MODE7B = 6 : NULL : WAIT = 0.2
01159 Command = 0, MODE1A = 0, MODE1B = 0, MODE2A = 0, MODE2B = 0, MODE3A = 0, MODE3B = 0, MODE4A = 0, MODE4B = 0, MODE5A = 0, MODE5B = 0, MODE6A = 0, MODE6B = 0, MODE7A = 0, MODE7B = 0 : NULL
01160 Command = 84, MODE8A = 1, MODE8B = 1, MODE9A = 6, MODE9B = 6, MODE10A = 1, MODE10B = 1, GLOBAL_KP = 255, GLOBAL_KI = 255 : NULL : WAIT = 0.2
01161 Command = 0, MODE8A = 0, MODE8B = 0, MODE9A = 0, MODE9B = 0, MODE10A = 0, MODE10B = 0, GLOBAL_KP = 0, GLOBAL_KI = 0 : NULL
01162 Command = 82, Enable_Fault_Reset = 1, Save_Configuration = 1, Enable_DPLTx = 1, Enable_DPLF1 = 1, Enable_DPLF2 = 1 : NULL : WAIT = 0.2
01163 Command = 0, Enable_Fault_Reset = 0, Save_Configuration = 0, Enable_DPLTx = 0, Enable_DPLF1 = 0, Enable_DPLF2 = 0 : NULL
01164 #switch input to load line
01164 J2_01 = 1 : NULL : WAIT = 1
01165 
01165 #TESTING - ModeIndex 18 PortIndex 0
01165 AfgFreqSet = 100 : NULL : WAIT = 0.1
01166 #test for lockup
01166 UUT_TXCHECK-2.0
01166 PASS: UUT_TXCHECK (DPLF1)
01167 NULL : Hertz_Count_Input1A = 0 | 0.1 | 0.1
01167 TEST: Hertz_Count_Input1A 0.0 +/- 0.1
01167 PASS: Hertz_Count_Input1A 0.0
01168 J0_11_FREQ_GEN = 1 : NULL : WAIT = 0.1
01169 NULL : Hertz_Count_Input1A = 100 | 30 | 0.1
01169 TEST: Hertz_Count_Input1A 100.0 +/- 30.0
01169 PASS: Hertz_Count_Input1A 99.0
01170 J0_11_FREQ_GEN = 0 : NULL : WAIT = 0.1
01171 NULL : Hertz_Count_Input1A = 0 | 0.1 | 0.1
01171 TEST: Hertz_Count_Input1A 0.0 +/- 0.1
01171 PASS: Hertz_Count_Input1A 0.0
01172 
01172 #Finished with port
01172 #switch out input
01172 J2_01 = 0 : NULL : WAIT = 0.1
01173 
01173 #cycle IGN to reset lockup
01173 RLY_K1 = 1 : NULL : WAIT = 2
01174 RLY_K1 = 0 : NULL : WAIT = 2
01175 #-----setup 39009-----
01175 #configure
01175 Command = 82, MODE1 = 0, MODE2 = 0, Enable_24VDC = 0, Analog_Raw_Value = 0 : NULL : WAIT = 0.2
01176 Command = 0, MODE1 = 0, MODE2 = 0, Enable_24VDC = 0, Analog_Raw_Value = 0 : NULL
01177 Command = 83, MODE1A = 7, MODE1B = 1, MODE2A = 1, MODE2B = 1, MODE3A = 4, MODE3B = 1, MODE4A = 1, MODE4B = 1, MODE5A = 6, MODE5B = 6, MODE6A = 1, MODE6B = 1, MODE7A = 6, MODE7B = 6 : NULL : WAIT = 0.2
01178 Command = 0, MODE1A = 0, MODE1B = 0, MODE2A = 0, MODE2B = 0, MODE3A = 0, MODE3B = 0, MODE4A = 0, MODE4B = 0, MODE5A = 0, MODE5B = 0, MODE6A = 0, MODE6B = 0, MODE7A = 0, MODE7B = 0 : NULL
01179 Command = 84, MODE8A = 1, MODE8B = 1, MODE9A = 6, MODE9B = 6, MODE10A = 1, MODE10B = 1, GLOBAL_KP = 255, GLOBAL_KI = 255 : NULL : WAIT = 0.2
01180 Command = 0, MODE8A = 0, MODE8B = 0, MODE9A = 0, MODE9B = 0, MODE10A = 0, MODE10B = 0, GLOBAL_KP = 0, GLOBAL_KI = 0 : NULL
01181 Command = 82, Enable_Fault_Reset = 1, Save_Configuration = 1, Enable_DPLTx = 1, Enable_DPLF1 = 1, Enable_DPLF2 = 1 : NULL : WAIT = 0.2
01182 Command = 0, Enable_Fault_Reset = 0, Save_Configuration = 0, Enable_DPLTx = 0, Enable_DPLF1 = 0, Enable_DPLF2 = 0 : NULL
01183 #switch input to load line
01183 J2_02 = 1 : NULL : WAIT = 1
01184 
01184 #TESTING - ModeIndex 18 PortIndex 1
01184 J4_01 = 1 : NULL : WAIT = 0.1
01185 SWEEP-RUNNING DEATHSWEEP!
Connected: RIGOL TECHNOLOGIES,DP832,DP8C180100022,00.01.19
VISA resource: USB0::0x1AB1::0x0E11::DP8C180100022::INSTR
Sweeping CH2 mode=updown: 4.320000 V -> 4.430000 V -> 4.320000 V in 0.001000 V steps (221 points)
       0/220 set=4.320000 V elapsed=0.032s rate=31.25 steps/s
      50/220 set=4.370000 V elapsed=1.110s rate=45.95 steps/s eta=3.700s
     100/220 set=4.420000 V elapsed=2.219s rate=45.52 steps/s eta=2.636s
     150/220 set=4.390000 V elapsed=3.297s rate=45.80 steps/s eta=1.528s
     200/220 set=4.340000 V elapsed=4.407s rate=45.61 steps/s eta=0.439s
Sweep complete. Elapsed: 4.844s
Output turned OFF.


01185 J4_01 = 0 : NULL : WAIT = 0.1
01186 #test for lockup
01186 UUT_TXCHECK-2.0
01186 PASS: UUT_TXCHECK (FREQ1)
01187 #Finished with port
01187 #switch out input
01187 J2_02 = 0 : NULL : WAIT = 0.1
01188 
01188 #cycle IGN to reset lockup
01188 RLY_K1 = 1 : NULL : WAIT = 2
01189 RLY_K1 = 0 : NULL : WAIT = 2
01190 #-----setup 39009-----
01190 #configure
01190 Command = 82, MODE1 = 0, MODE2 = 0, Enable_24VDC = 0, Analog_Raw_Value = 0 : NULL : WAIT = 0.2
01191 Command = 0, MODE1 = 0, MODE2 = 0, Enable_24VDC = 0, Analog_Raw_Value = 0 : NULL
01192 Command = 83, MODE1A = 7, MODE1B = 1, MODE2A = 1, MODE2B = 1, MODE3A = 4, MODE3B = 1, MODE4A = 1, MODE4B = 1, MODE5A = 6, MODE5B = 6, MODE6A = 1, MODE6B = 1, MODE7A = 6, MODE7B = 6 : NULL : WAIT = 0.2
01193 Command = 0, MODE1A = 0, MODE1B = 0, MODE2A = 0, MODE2B = 0, MODE3A = 0, MODE3B = 0, MODE4A = 0, MODE4B = 0, MODE5A = 0, MODE5B = 0, MODE6A = 0, MODE6B = 0, MODE7A = 0, MODE7B = 0 : NULL
01194 Command = 84, MODE8A = 1, MODE8B = 1, MODE9A = 6, MODE9B = 6, MODE10A = 1, MODE10B = 1, GLOBAL_KP = 255, GLOBAL_KI = 255 : NULL : WAIT = 0.2
01195 Command = 0, MODE8A = 0, MODE8B = 0, MODE9A = 0, MODE9B = 0, MODE10A = 0, MODE10B = 0, GLOBAL_KP = 0, GLOBAL_KI = 0 : NULL
01196 Command = 82, Enable_Fault_Reset = 1, Save_Configuration = 1, Enable_DPLTx = 1, Enable_DPLF1 = 1, Enable_DPLF2 = 1 : NULL : WAIT = 0.2
01197 Command = 0, Enable_Fault_Reset = 0, Save_Configuration = 0, Enable_DPLTx = 0, Enable_DPLF1 = 0, Enable_DPLF2 = 0 : NULL
01198 #switch input to load line
01198 J2_03 = 1 : NULL : WAIT = 1
01199 
01199 #TESTING - ModeIndex 18 PortIndex 2
01199 J4_01 = 1 : NULL : WAIT = 0.1
01200 SWEEP-RUNNING DEATHSWEEP!
Connected: RIGOL TECHNOLOGIES,DP832,DP8C180100022,00.01.19
VISA resource: USB0::0x1AB1::0x0E11::DP8C180100022::INSTR
Sweeping CH2 mode=updown: 4.320000 V -> 4.430000 V -> 4.320000 V in 0.001000 V steps (221 points)
       0/220 set=4.320000 V elapsed=0.047s rate=21.28 steps/s
      50/220 set=4.370000 V elapsed=1.156s rate=44.12 steps/s eta=3.853s
     100/220 set=4.420000 V elapsed=2.250s rate=44.89 steps/s eta=2.673s
     150/220 set=4.390000 V elapsed=3.359s rate=44.95 steps/s eta=1.557s
     200/220 set=4.340000 V elapsed=4.469s rate=44.98 steps/s eta=0.445s
Sweep complete. Elapsed: 4.906s
Output turned OFF.


01200 J4_01 = 0 : NULL : WAIT = 0.1
01201 #test for lockup
01201 UUT_TXCHECK-2.0
01201 PASS: UUT_TXCHECK (FAULT)
01202 #Finished with port
01202 #switch out input
01202 J2_03 = 0 : NULL : WAIT = 0.1
01203 
01203 #cycle IGN to reset lockup
01203 RLY_K1 = 1 : NULL : WAIT = 2
01204 RLY_K1 = 0 : NULL : WAIT = 2
01205 #-----setup 39009-----
01205 #configure
01205 Command = 82, MODE1 = 0, MODE2 = 0, Enable_24VDC = 0, Analog_Raw_Value = 0 : NULL : WAIT = 0.2
01206 Command = 0, MODE1 = 0, MODE2 = 0, Enable_24VDC = 0, Analog_Raw_Value = 0 : NULL
01207 Command = 83, MODE1A = 7, MODE1B = 1, MODE2A = 1, MODE2B = 1, MODE3A = 4, MODE3B = 1, MODE4A = 1, MODE4B = 1, MODE5A = 6, MODE5B = 6, MODE6A = 1, MODE6B = 1, MODE7A = 6, MODE7B = 6 : NULL : WAIT = 0.2
01208 Command = 0, MODE1A = 0, MODE1B = 0, MODE2A = 0, MODE2B = 0, MODE3A = 0, MODE3B = 0, MODE4A = 0, MODE4B = 0, MODE5A = 0, MODE5B = 0, MODE6A = 0, MODE6B = 0, MODE7A = 0, MODE7B = 0 : NULL
01209 Command = 84, MODE8A = 1, MODE8B = 1, MODE9A = 6, MODE9B = 6, MODE10A = 1, MODE10B = 1, GLOBAL_KP = 255, GLOBAL_KI = 255 : NULL : WAIT = 0.2
01210 Command = 0, MODE8A = 0, MODE8B = 0, MODE9A = 0, MODE9B = 0, MODE10A = 0, MODE10B = 0, GLOBAL_KP = 0, GLOBAL_KI = 0 : NULL
01211 Command = 82, Enable_Fault_Reset = 1, Save_Configuration = 1, Enable_DPLTx = 1, Enable_DPLF1 = 1, Enable_DPLF2 = 1 : NULL : WAIT = 0.2
01212 Command = 0, Enable_Fault_Reset = 0, Save_Configuration = 0, Enable_DPLTx = 0, Enable_DPLF1 = 0, Enable_DPLF2 = 0 : NULL
01213 #switch input to load line
01213 J2_04 = 1 : NULL : WAIT = 1
01214 
01214 #TESTING - ModeIndex 18 PortIndex 3
01214 J4_01 = 1 : NULL : WAIT = 0.1
01215 SWEEP-RUNNING DEATHSWEEP!
Connected: RIGOL TECHNOLOGIES,DP832,DP8C180100022,00.01.19
VISA resource: USB0::0x1AB1::0x0E11::DP8C180100022::INSTR
Sweeping CH2 mode=updown: 4.320000 V -> 4.430000 V -> 4.320000 V in 0.001000 V steps (221 points)
       0/220 set=4.320000 V elapsed=0.016s rate=62.50 steps/s
      50/220 set=4.370000 V elapsed=1.094s rate=46.62 steps/s eta=3.647s
     100/220 set=4.420000 V elapsed=2.172s rate=46.50 steps/s eta=2.581s
     150/220 set=4.390000 V elapsed=3.266s rate=46.23 steps/s eta=1.514s
     200/220 set=4.340000 V elapsed=4.344s rate=46.27 steps/s eta=0.432s
Sweep complete. Elapsed: 4.781s
Output turned OFF.


01215 J4_01 = 0 : NULL : WAIT = 0.1
01216 #test for lockup
01216 UUT_TXCHECK-2.0
01216 PASS: UUT_TXCHECK (DPLT4)
01217 #Finished with port
01217 #switch out input
01217 J2_04 = 0 : NULL : WAIT = 0.1
01218 
01218 
01218 #Finished with mode
01218 #cycle IGN to reset lockup
01218 RLY_K1 = 1 : NULL : WAIT = 2
01219 RLY_K1 = 0 : NULL : WAIT = 2
01220 #-----setup 39009-----
01220 #configure
01220 Command = 82, MODE1 = 0, MODE2 = 0, Enable_24VDC = 0, Analog_Raw_Value = 0 : NULL : WAIT = 0.2
01221 Command = 0, MODE1 = 0, MODE2 = 0, Enable_24VDC = 0, Analog_Raw_Value = 0 : NULL
01222 Command = 83, MODE1A = 7, MODE1B = 1, MODE2A = 1, MODE2B = 1, MODE3A = 1, MODE3B = 4, MODE4A = 1, MODE4B = 1, MODE5A = 6, MODE5B = 6, MODE6A = 1, MODE6B = 1, MODE7A = 6, MODE7B = 6 : NULL : WAIT = 0.2
01223 Command = 0, MODE1A = 0, MODE1B = 0, MODE2A = 0, MODE2B = 0, MODE3A = 0, MODE3B = 0, MODE4A = 0, MODE4B = 0, MODE5A = 0, MODE5B = 0, MODE6A = 0, MODE6B = 0, MODE7A = 0, MODE7B = 0 : NULL
01224 Command = 84, MODE8A = 1, MODE8B = 1, MODE9A = 6, MODE9B = 6, MODE10A = 1, MODE10B = 1, GLOBAL_KP = 255, GLOBAL_KI = 255 : NULL : WAIT = 0.2
01225 Command = 0, MODE8A = 0, MODE8B = 0, MODE9A = 0, MODE9B = 0, MODE10A = 0, MODE10B = 0, GLOBAL_KP = 0, GLOBAL_KI = 0 : NULL
01226 Command = 82, Enable_Fault_Reset = 1, Save_Configuration = 1, Enable_DPLTx = 1, Enable_DPLF1 = 1, Enable_DPLF2 = 1 : NULL : WAIT = 0.2
01227 Command = 0, Enable_Fault_Reset = 0, Save_Configuration = 0, Enable_DPLTx = 0, Enable_DPLF1 = 0, Enable_DPLF2 = 0 : NULL
01228 #switch input to load line
01228 J2_01 = 1 : NULL : WAIT = 1
01229 
01229 #TESTING - ModeIndex 19 PortIndex 0
01229 AfgFreqSet = 100 : NULL : WAIT = 0.1
01230 #test for lockup
01230 UUT_TXCHECK-2.0
01230 PASS: UUT_TXCHECK (FREQ1)
01231 NULL : Hertz_Count_Input1A = 0 | 0.1 | 0.1
01231 TEST: Hertz_Count_Input1A 0.0 +/- 0.1
01231 PASS: Hertz_Count_Input1A 0.0
01232 J0_11_FREQ_GEN = 1 : NULL : WAIT = 0.1
01233 NULL : Hertz_Count_Input1A = 100 | 30 | 0.1
01233 TEST: Hertz_Count_Input1A 100.0 +/- 30.0
01233 PASS: Hertz_Count_Input1A 99.0
01234 J0_11_FREQ_GEN = 0 : NULL : WAIT = 0.1
01235 NULL : Hertz_Count_Input1A = 0 | 0.1 | 0.1
01235 TEST: Hertz_Count_Input1A 0.0 +/- 0.1
01235 PASS: Hertz_Count_Input1A 0.0
01236 
01236 #Finished with port
01236 #switch out input
01236 J2_01 = 0 : NULL : WAIT = 0.1
01237 
01237 #cycle IGN to reset lockup
01237 RLY_K1 = 1 : NULL : WAIT = 2
01238 RLY_K1 = 0 : NULL : WAIT = 2
01239 #-----setup 39009-----
01239 #configure
01239 Command = 82, MODE1 = 0, MODE2 = 0, Enable_24VDC = 0, Analog_Raw_Value = 0 : NULL : WAIT = 0.2
01240 Command = 0, MODE1 = 0, MODE2 = 0, Enable_24VDC = 0, Analog_Raw_Value = 0 : NULL
01241 Command = 83, MODE1A = 7, MODE1B = 1, MODE2A = 1, MODE2B = 1, MODE3A = 1, MODE3B = 4, MODE4A = 1, MODE4B = 1, MODE5A = 6, MODE5B = 6, MODE6A = 1, MODE6B = 1, MODE7A = 6, MODE7B = 6 : NULL : WAIT = 0.2
01242 Command = 0, MODE1A = 0, MODE1B = 0, MODE2A = 0, MODE2B = 0, MODE3A = 0, MODE3B = 0, MODE4A = 0, MODE4B = 0, MODE5A = 0, MODE5B = 0, MODE6A = 0, MODE6B = 0, MODE7A = 0, MODE7B = 0 : NULL
01243 Command = 84, MODE8A = 1, MODE8B = 1, MODE9A = 6, MODE9B = 6, MODE10A = 1, MODE10B = 1, GLOBAL_KP = 255, GLOBAL_KI = 255 : NULL : WAIT = 0.2
01244 Command = 0, MODE8A = 0, MODE8B = 0, MODE9A = 0, MODE9B = 0, MODE10A = 0, MODE10B = 0, GLOBAL_KP = 0, GLOBAL_KI = 0 : NULL
01245 Command = 82, Enable_Fault_Reset = 1, Save_Configuration = 1, Enable_DPLTx = 1, Enable_DPLF1 = 1, Enable_DPLF2 = 1 : NULL : WAIT = 0.2
01246 Command = 0, Enable_Fault_Reset = 0, Save_Configuration = 0, Enable_DPLTx = 0, Enable_DPLF1 = 0, Enable_DPLF2 = 0 : NULL
01247 #switch input to load line
01247 J2_02 = 1 : NULL : WAIT = 1
01248 
01248 #TESTING - ModeIndex 19 PortIndex 1
01248 J4_01 = 1 : NULL : WAIT = 0.1
01249 SWEEP-RUNNING DEATHSWEEP!
Connected: RIGOL TECHNOLOGIES,DP832,DP8C180100022,00.01.19
VISA resource: USB0::0x1AB1::0x0E11::DP8C180100022::INSTR
Sweeping CH2 mode=updown: 4.320000 V -> 4.430000 V -> 4.320000 V in 0.001000 V steps (221 points)
       0/220 set=4.320000 V elapsed=0.047s rate=21.28 steps/s
      50/220 set=4.370000 V elapsed=1.157s rate=44.08 steps/s eta=3.857s
     100/220 set=4.420000 V elapsed=2.282s rate=44.26 steps/s eta=2.711s
     150/220 set=4.390000 V elapsed=3.407s rate=44.32 steps/s eta=1.579s
     200/220 set=4.340000 V elapsed=4.500s rate=44.67 steps/s eta=0.448s
Sweep complete. Elapsed: 4.938s
Output turned OFF.


01249 J4_01 = 0 : NULL : WAIT = 0.1
01250 #test for lockup
01250 UUT_TXCHECK-2.0
01250 PASS: UUT_TXCHECK (FREQ1)
01251 #Finished with port
01251 #switch out input
01251 J2_02 = 0 : NULL : WAIT = 0.1
01252 
01252 #cycle IGN to reset lockup
01252 RLY_K1 = 1 : NULL : WAIT = 2
01253 RLY_K1 = 0 : NULL : WAIT = 2
01254 #-----setup 39009-----
01254 #configure
01254 Command = 82, MODE1 = 0, MODE2 = 0, Enable_24VDC = 0, Analog_Raw_Value = 0 : NULL : WAIT = 0.2
01255 Command = 0, MODE1 = 0, MODE2 = 0, Enable_24VDC = 0, Analog_Raw_Value = 0 : NULL
01256 Command = 83, MODE1A = 7, MODE1B = 1, MODE2A = 1, MODE2B = 1, MODE3A = 1, MODE3B = 4, MODE4A = 1, MODE4B = 1, MODE5A = 6, MODE5B = 6, MODE6A = 1, MODE6B = 1, MODE7A = 6, MODE7B = 6 : NULL : WAIT = 0.2
01257 Command = 0, MODE1A = 0, MODE1B = 0, MODE2A = 0, MODE2B = 0, MODE3A = 0, MODE3B = 0, MODE4A = 0, MODE4B = 0, MODE5A = 0, MODE5B = 0, MODE6A = 0, MODE6B = 0, MODE7A = 0, MODE7B = 0 : NULL
01258 Command = 84, MODE8A = 1, MODE8B = 1, MODE9A = 6, MODE9B = 6, MODE10A = 1, MODE10B = 1, GLOBAL_KP = 255, GLOBAL_KI = 255 : NULL : WAIT = 0.2
01259 Command = 0, MODE8A = 0, MODE8B = 0, MODE9A = 0, MODE9B = 0, MODE10A = 0, MODE10B = 0, GLOBAL_KP = 0, GLOBAL_KI = 0 : NULL
01260 Command = 82, Enable_Fault_Reset = 1, Save_Configuration = 1, Enable_DPLTx = 1, Enable_DPLF1 = 1, Enable_DPLF2 = 1 : NULL : WAIT = 0.2
01261 Command = 0, Enable_Fault_Reset = 0, Save_Configuration = 0, Enable_DPLTx = 0, Enable_DPLF1 = 0, Enable_DPLF2 = 0 : NULL
01262 #switch input to load line
01262 J2_03 = 1 : NULL : WAIT = 1
01263 
01263 #TESTING - ModeIndex 19 PortIndex 2
01263 J4_01 = 1 : NULL : WAIT = 0.1
01264 SWEEP-RUNNING DEATHSWEEP!
Connected: RIGOL TECHNOLOGIES,DP832,DP8C180100022,00.01.19
VISA resource: USB0::0x1AB1::0x0E11::DP8C180100022::INSTR
Sweeping CH2 mode=updown: 4.320000 V -> 4.430000 V -> 4.320000 V in 0.001000 V steps (221 points)
       0/220 set=4.320000 V elapsed=0.031s rate=32.26 steps/s
      50/220 set=4.370000 V elapsed=1.140s rate=44.74 steps/s eta=3.800s
     100/220 set=4.420000 V elapsed=2.218s rate=45.54 steps/s eta=2.635s
     150/220 set=4.390000 V elapsed=3.312s rate=45.59 steps/s eta=1.535s
     200/220 set=4.340000 V elapsed=4.375s rate=45.94 steps/s eta=0.435s
Sweep complete. Elapsed: 4.812s
Output turned OFF.


01264 J4_01 = 0 : NULL : WAIT = 0.1
01265 #test for lockup
01265 UUT_TXCHECK-2.0
01265 PASS: UUT_TXCHECK (FREQ1)
01266 #Finished with port
01266 #switch out input
01266 J2_03 = 0 : NULL : WAIT = 0.1
01267 
01267 #cycle IGN to reset lockup
01267 RLY_K1 = 1 : NULL : WAIT = 2
01268 RLY_K1 = 0 : NULL : WAIT = 2
01269 #-----setup 39009-----
01269 #configure
01269 Command = 82, MODE1 = 0, MODE2 = 0, Enable_24VDC = 0, Analog_Raw_Value = 0 : NULL : WAIT = 0.2
01270 Command = 0, MODE1 = 0, MODE2 = 0, Enable_24VDC = 0, Analog_Raw_Value = 0 : NULL
01271 Command = 83, MODE1A = 7, MODE1B = 1, MODE2A = 1, MODE2B = 1, MODE3A = 1, MODE3B = 4, MODE4A = 1, MODE4B = 1, MODE5A = 6, MODE5B = 6, MODE6A = 1, MODE6B = 1, MODE7A = 6, MODE7B = 6 : NULL : WAIT = 0.2
01272 Command = 0, MODE1A = 0, MODE1B = 0, MODE2A = 0, MODE2B = 0, MODE3A = 0, MODE3B = 0, MODE4A = 0, MODE4B = 0, MODE5A = 0, MODE5B = 0, MODE6A = 0, MODE6B = 0, MODE7A = 0, MODE7B = 0 : NULL
01273 Command = 84, MODE8A = 1, MODE8B = 1, MODE9A = 6, MODE9B = 6, MODE10A = 1, MODE10B = 1, GLOBAL_KP = 255, GLOBAL_KI = 255 : NULL : WAIT = 0.2
01274 Command = 0, MODE8A = 0, MODE8B = 0, MODE9A = 0, MODE9B = 0, MODE10A = 0, MODE10B = 0, GLOBAL_KP = 0, GLOBAL_KI = 0 : NULL
01275 Command = 82, Enable_Fault_Reset = 1, Save_Configuration = 1, Enable_DPLTx = 1, Enable_DPLF1 = 1, Enable_DPLF2 = 1 : NULL : WAIT = 0.2
01276 Command = 0, Enable_Fault_Reset = 0, Save_Configuration = 0, Enable_DPLTx = 0, Enable_DPLF1 = 0, Enable_DPLF2 = 0 : NULL
01277 #switch input to load line
01277 J2_04 = 1 : NULL : WAIT = 1
01278 
01278 #TESTING - ModeIndex 19 PortIndex 3
01278 J4_01 = 1 : NULL : WAIT = 0.1
01279 SWEEP-RUNNING DEATHSWEEP!
Connected: RIGOL TECHNOLOGIES,DP832,DP8C180100022,00.01.19
VISA resource: USB0::0x1AB1::0x0E11::DP8C180100022::INSTR
Sweeping CH2 mode=updown: 4.320000 V -> 4.430000 V -> 4.320000 V in 0.001000 V steps (221 points)
       0/220 set=4.320000 V elapsed=0.031s rate=32.26 steps/s
      50/220 set=4.370000 V elapsed=1.125s rate=45.33 steps/s eta=3.750s
     100/220 set=4.420000 V elapsed=2.218s rate=45.54 steps/s eta=2.635s
     150/220 set=4.390000 V elapsed=3.328s rate=45.37 steps/s eta=1.543s
     200/220 set=4.340000 V elapsed=4.437s rate=45.30 steps/s eta=0.441s
Sweep complete. Elapsed: 4.859s
Output turned OFF.


01279 J4_01 = 0 : NULL : WAIT = 0.1
01280 #test for lockup
01280 UUT_TXCHECK-2.0
01280 PASS: UUT_TXCHECK (FREQ1)
01281 #Finished with port
01281 #switch out input
01281 J2_04 = 0 : NULL : WAIT = 0.1
01282 
01282 
01282 #Finished with mode
01282 #cycle IGN to reset lockup
01282 RLY_K1 = 1 : NULL : WAIT = 2
01283 RLY_K1 = 0 : NULL : WAIT = 2
01284 #-----setup 39009-----
01284 #configure
01284 Command = 82, MODE1 = 0, MODE2 = 0, Enable_24VDC = 0, Analog_Raw_Value = 0 : NULL : WAIT = 0.2
01285 Command = 0, MODE1 = 0, MODE2 = 0, Enable_24VDC = 0, Analog_Raw_Value = 0 : NULL
01286 Command = 83, MODE1A = 7, MODE1B = 1, MODE2A = 1, MODE2B = 1, MODE3A = 1, MODE3B = 1, MODE4A = 1, MODE4B = 1, MODE5A = 6, MODE5B = 6, MODE6A = 1, MODE6B = 1, MODE7A = 6, MODE7B = 6 : NULL : WAIT = 0.2
01287 Command = 0, MODE1A = 0, MODE1B = 0, MODE2A = 0, MODE2B = 0, MODE3A = 0, MODE3B = 0, MODE4A = 0, MODE4B = 0, MODE5A = 0, MODE5B = 0, MODE6A = 0, MODE6B = 0, MODE7A = 0, MODE7B = 0 : NULL
01288 Command = 84, MODE8A = 1, MODE8B = 1, MODE9A = 6, MODE9B = 6, MODE10A = 1, MODE10B = 1, GLOBAL_KP = 255, GLOBAL_KI = 255 : NULL : WAIT = 0.2
01289 Command = 0, MODE8A = 0, MODE8B = 0, MODE9A = 0, MODE9B = 0, MODE10A = 0, MODE10B = 0, GLOBAL_KP = 0, GLOBAL_KI = 0 : NULL
01290 Command = 82, Enable_Fault_Reset = 1, Save_Configuration = 1, Enable_DPLTx = 1, Enable_DPLF1 = 1, Enable_DPLF2 = 1 : NULL : WAIT = 0.2
01291 Command = 0, Enable_Fault_Reset = 0, Save_Configuration = 0, Enable_DPLTx = 0, Enable_DPLF1 = 0, Enable_DPLF2 = 0 : NULL
01292 #switch input to load line
01292 J2_01 = 1 : NULL : WAIT = 1
01293 
01293 #TESTING - ModeIndex 20 PortIndex 0
01293 AfgFreqSet = 100 : NULL : WAIT = 0.1
01294 #test for lockup
01294 UUT_TXCHECK-2.0
01294 PASS: UUT_TXCHECK (FREQ1)
01295 NULL : Hertz_Count_Input1A = 0 | 0.1 | 0.1
01295 TEST: Hertz_Count_Input1A 0.0 +/- 0.1
01295 PASS: Hertz_Count_Input1A 0.0
01296 J0_11_FREQ_GEN = 1 : NULL : WAIT = 0.1
01297 NULL : Hertz_Count_Input1A = 100 | 30 | 0.1
01297 TEST: Hertz_Count_Input1A 100.0 +/- 30.0
01297 PASS: Hertz_Count_Input1A 99.0
01298 J0_11_FREQ_GEN = 0 : NULL : WAIT = 0.1
01299 NULL : Hertz_Count_Input1A = 0 | 0.1 | 0.1
01299 TEST: Hertz_Count_Input1A 0.0 +/- 0.1
01299 PASS: Hertz_Count_Input1A 0.0
01300 
01300 #Finished with port
01300 #switch out input
01300 J2_01 = 0 : NULL : WAIT = 0.1
01301 
01301 #cycle IGN to reset lockup
01301 RLY_K1 = 1 : NULL : WAIT = 2
01302 RLY_K1 = 0 : NULL : WAIT = 2
01303 #-----setup 39009-----
01303 #configure
01303 Command = 82, MODE1 = 0, MODE2 = 0, Enable_24VDC = 0, Analog_Raw_Value = 0 : NULL : WAIT = 0.2
01304 Command = 0, MODE1 = 0, MODE2 = 0, Enable_24VDC = 0, Analog_Raw_Value = 0 : NULL
01305 Command = 83, MODE1A = 7, MODE1B = 1, MODE2A = 1, MODE2B = 1, MODE3A = 1, MODE3B = 1, MODE4A = 1, MODE4B = 1, MODE5A = 6, MODE5B = 6, MODE6A = 1, MODE6B = 1, MODE7A = 6, MODE7B = 6 : NULL : WAIT = 0.2
01306 Command = 0, MODE1A = 0, MODE1B = 0, MODE2A = 0, MODE2B = 0, MODE3A = 0, MODE3B = 0, MODE4A = 0, MODE4B = 0, MODE5A = 0, MODE5B = 0, MODE6A = 0, MODE6B = 0, MODE7A = 0, MODE7B = 0 : NULL
01307 Command = 84, MODE8A = 1, MODE8B = 1, MODE9A = 6, MODE9B = 6, MODE10A = 1, MODE10B = 1, GLOBAL_KP = 255, GLOBAL_KI = 255 : NULL : WAIT = 0.2
01308 Command = 0, MODE8A = 0, MODE8B = 0, MODE9A = 0, MODE9B = 0, MODE10A = 0, MODE10B = 0, GLOBAL_KP = 0, GLOBAL_KI = 0 : NULL
01309 Command = 82, Enable_Fault_Reset = 1, Save_Configuration = 1, Enable_DPLTx = 1, Enable_DPLF1 = 1, Enable_DPLF2 = 1 : NULL : WAIT = 0.2
01310 Command = 0, Enable_Fault_Reset = 0, Save_Configuration = 0, Enable_DPLTx = 0, Enable_DPLF1 = 0, Enable_DPLF2 = 0 : NULL
01311 #switch input to load line
01311 J2_02 = 1 : NULL : WAIT = 1
01312 
01312 #TESTING - ModeIndex 20 PortIndex 1
01312 J4_01 = 1 : NULL : WAIT = 0.1
01313 SWEEP-RUNNING DEATHSWEEP!
Connected: RIGOL TECHNOLOGIES,DP832,DP8C180100022,00.01.19
VISA resource: USB0::0x1AB1::0x0E11::DP8C180100022::INSTR
Sweeping CH2 mode=updown: 4.320000 V -> 4.430000 V -> 4.320000 V in 0.001000 V steps (221 points)
       0/220 set=4.320000 V elapsed=0.032s rate=31.25 steps/s
      50/220 set=4.370000 V elapsed=1.157s rate=44.08 steps/s eta=3.857s
     100/220 set=4.420000 V elapsed=2.250s rate=44.89 steps/s eta=2.673s
     150/220 set=4.390000 V elapsed=3.328s rate=45.37 steps/s eta=1.543s
     200/220 set=4.340000 V elapsed=4.422s rate=45.45 steps/s eta=0.440s
Sweep complete. Elapsed: 4.844s
Output turned OFF.


01313 J4_01 = 0 : NULL : WAIT = 0.1
01314 #test for lockup
01314 UUT_TXCHECK-2.0
01314 PASS: UUT_TXCHECK (AD3)
01315 #Finished with port
01315 #switch out input
01315 J2_02 = 0 : NULL : WAIT = 0.1
01316 
01316 #cycle IGN to reset lockup
01316 RLY_K1 = 1 : NULL : WAIT = 2
01317 RLY_K1 = 0 : NULL : WAIT = 2
01318 #-----setup 39009-----
01318 #configure
01318 Command = 82, MODE1 = 0, MODE2 = 0, Enable_24VDC = 0, Analog_Raw_Value = 0 : NULL : WAIT = 0.2
01319 Command = 0, MODE1 = 0, MODE2 = 0, Enable_24VDC = 0, Analog_Raw_Value = 0 : NULL
01320 Command = 83, MODE1A = 7, MODE1B = 1, MODE2A = 1, MODE2B = 1, MODE3A = 1, MODE3B = 1, MODE4A = 1, MODE4B = 1, MODE5A = 6, MODE5B = 6, MODE6A = 1, MODE6B = 1, MODE7A = 6, MODE7B = 6 : NULL : WAIT = 0.2
01321 Command = 0, MODE1A = 0, MODE1B = 0, MODE2A = 0, MODE2B = 0, MODE3A = 0, MODE3B = 0, MODE4A = 0, MODE4B = 0, MODE5A = 0, MODE5B = 0, MODE6A = 0, MODE6B = 0, MODE7A = 0, MODE7B = 0 : NULL
01322 Command = 84, MODE8A = 1, MODE8B = 1, MODE9A = 6, MODE9B = 6, MODE10A = 1, MODE10B = 1, GLOBAL_KP = 255, GLOBAL_KI = 255 : NULL : WAIT = 0.2
01323 Command = 0, MODE8A = 0, MODE8B = 0, MODE9A = 0, MODE9B = 0, MODE10A = 0, MODE10B = 0, GLOBAL_KP = 0, GLOBAL_KI = 0 : NULL
01324 Command = 82, Enable_Fault_Reset = 1, Save_Configuration = 1, Enable_DPLTx = 1, Enable_DPLF1 = 1, Enable_DPLF2 = 1 : NULL : WAIT = 0.2
01325 Command = 0, Enable_Fault_Reset = 0, Save_Configuration = 0, Enable_DPLTx = 0, Enable_DPLF1 = 0, Enable_DPLF2 = 0 : NULL
01326 #switch input to load line
01326 J2_03 = 1 : NULL : WAIT = 1
01327 
01327 #TESTING - ModeIndex 20 PortIndex 2
01327 J4_01 = 1 : NULL : WAIT = 0.1
01328 SWEEP-RUNNING DEATHSWEEP!
Connected: RIGOL TECHNOLOGIES,DP832,DP8C180100022,00.01.19
VISA resource: USB0::0x1AB1::0x0E11::DP8C180100022::INSTR
Sweeping CH2 mode=updown: 4.320000 V -> 4.430000 V -> 4.320000 V in 0.001000 V steps (221 points)
       0/220 set=4.320000 V elapsed=0.016s rate=62.50 steps/s
      50/220 set=4.370000 V elapsed=1.078s rate=47.31 steps/s eta=3.593s
     100/220 set=4.420000 V elapsed=2.156s rate=46.85 steps/s eta=2.562s
     150/220 set=4.390000 V elapsed=3.203s rate=47.14 steps/s eta=1.485s
     200/220 set=4.340000 V elapsed=4.281s rate=46.95 steps/s eta=0.426s
Sweep complete. Elapsed: 4.703s
Output turned OFF.


01328 J4_01 = 0 : NULL : WAIT = 0.1
01329 #test for lockup
01329 UUT_TXCHECK-2.0
01329 PASS: UUT_TXCHECK (FREQ1)
01330 #Finished with port
01330 #switch out input
01330 J2_03 = 0 : NULL : WAIT = 0.1
01331 
01331 #cycle IGN to reset lockup
01331 RLY_K1 = 1 : NULL : WAIT = 2
01332 RLY_K1 = 0 : NULL : WAIT = 2
01333 #-----setup 39009-----
01333 #configure
01333 Command = 82, MODE1 = 0, MODE2 = 0, Enable_24VDC = 0, Analog_Raw_Value = 0 : NULL : WAIT = 0.2
01334 Command = 0, MODE1 = 0, MODE2 = 0, Enable_24VDC = 0, Analog_Raw_Value = 0 : NULL
01335 Command = 83, MODE1A = 7, MODE1B = 1, MODE2A = 1, MODE2B = 1, MODE3A = 1, MODE3B = 1, MODE4A = 1, MODE4B = 1, MODE5A = 6, MODE5B = 6, MODE6A = 1, MODE6B = 1, MODE7A = 6, MODE7B = 6 : NULL : WAIT = 0.2
01336 Command = 0, MODE1A = 0, MODE1B = 0, MODE2A = 0, MODE2B = 0, MODE3A = 0, MODE3B = 0, MODE4A = 0, MODE4B = 0, MODE5A = 0, MODE5B = 0, MODE6A = 0, MODE6B = 0, MODE7A = 0, MODE7B = 0 : NULL
01337 Command = 84, MODE8A = 1, MODE8B = 1, MODE9A = 6, MODE9B = 6, MODE10A = 1, MODE10B = 1, GLOBAL_KP = 255, GLOBAL_KI = 255 : NULL : WAIT = 0.2
01338 Command = 0, MODE8A = 0, MODE8B = 0, MODE9A = 0, MODE9B = 0, MODE10A = 0, MODE10B = 0, GLOBAL_KP = 0, GLOBAL_KI = 0 : NULL
01339 Command = 82, Enable_Fault_Reset = 1, Save_Configuration = 1, Enable_DPLTx = 1, Enable_DPLF1 = 1, Enable_DPLF2 = 1 : NULL : WAIT = 0.2
01340 Command = 0, Enable_Fault_Reset = 0, Save_Configuration = 0, Enable_DPLTx = 0, Enable_DPLF1 = 0, Enable_DPLF2 = 0 : NULL
01341 #switch input to load line
01341 J2_04 = 1 : NULL : WAIT = 1
01342 
01342 #TESTING - ModeIndex 20 PortIndex 3
01342 J4_01 = 1 : NULL : WAIT = 0.1
01343 SWEEP-RUNNING DEATHSWEEP!
Connected: RIGOL TECHNOLOGIES,DP832,DP8C180100022,00.01.19
VISA resource: USB0::0x1AB1::0x0E11::DP8C180100022::INSTR
Sweeping CH2 mode=updown: 4.320000 V -> 4.430000 V -> 4.320000 V in 0.001000 V steps (221 points)
       0/220 set=4.320000 V elapsed=0.015s rate=66.67 steps/s
      50/220 set=4.370000 V elapsed=1.062s rate=48.02 steps/s eta=3.540s
     100/220 set=4.420000 V elapsed=2.187s rate=46.18 steps/s eta=2.598s
     150/220 set=4.390000 V elapsed=3.265s rate=46.25 steps/s eta=1.514s
     200/220 set=4.340000 V elapsed=4.328s rate=46.44 steps/s eta=0.431s
Sweep complete. Elapsed: 4.765s
Output turned OFF.


01343 J4_01 = 0 : NULL : WAIT = 0.1
01344 #test for lockup
01344 UUT_TXCHECK-2.0
01344 PASS: UUT_TXCHECK (FREQ1)
01345 #Finished with port
01345 #switch out input
01345 J2_04 = 0 : NULL : WAIT = 0.1
01346 
01346 
01346 #Finished with mode
01346 #cycle IGN to reset lockup
01346 RLY_K1 = 1 : NULL : WAIT = 2
01347 RLY_K1 = 0 : NULL : WAIT = 2
01348 #-----setup 39009-----
01348 #configure
01348 Command = 82, MODE1 = 0, MODE2 = 0, Enable_24VDC = 0, Analog_Raw_Value = 0 : NULL : WAIT = 0.2
01349 Command = 0, MODE1 = 0, MODE2 = 0, Enable_24VDC = 0, Analog_Raw_Value = 0 : NULL
01350 Command = 83, MODE1A = 7, MODE1B = 4, MODE2A = 1, MODE2B = 1, MODE3A = 4, MODE3B = 4, MODE4A = 1, MODE4B = 1, MODE5A = 6, MODE5B = 6, MODE6A = 1, MODE6B = 1, MODE7A = 6, MODE7B = 6 : NULL : WAIT = 0.2
01351 Command = 0, MODE1A = 0, MODE1B = 0, MODE2A = 0, MODE2B = 0, MODE3A = 0, MODE3B = 0, MODE4A = 0, MODE4B = 0, MODE5A = 0, MODE5B = 0, MODE6A = 0, MODE6B = 0, MODE7A = 0, MODE7B = 0 : NULL
01352 Command = 84, MODE8A = 1, MODE8B = 1, MODE9A = 6, MODE9B = 6, MODE10A = 1, MODE10B = 1, GLOBAL_KP = 255, GLOBAL_KI = 255 : NULL : WAIT = 0.2
01353 Command = 0, MODE8A = 0, MODE8B = 0, MODE9A = 0, MODE9B = 0, MODE10A = 0, MODE10B = 0, GLOBAL_KP = 0, GLOBAL_KI = 0 : NULL
01354 Command = 82, Enable_Fault_Reset = 1, Save_Configuration = 1, Enable_DPLTx = 1, Enable_DPLF1 = 1, Enable_DPLF2 = 1 : NULL : WAIT = 0.2
01355 Command = 0, Enable_Fault_Reset = 0, Save_Configuration = 0, Enable_DPLTx = 0, Enable_DPLF1 = 0, Enable_DPLF2 = 0 : NULL
01356 #switch input to load line
01356 J2_01 = 1 : NULL : WAIT = 1
01357 
01357 #TESTING - ModeIndex 21 PortIndex 0
01357 AfgFreqSet = 100 : NULL : WAIT = 0.1
01358 #test for lockup
01358 UUT_TXCHECK-2.0
01358 PASS: UUT_TXCHECK (DPLF1)
01359 NULL : Hertz_Count_Input1A = 0 | 0.1 | 0.1
01359 TEST: Hertz_Count_Input1A 0.0 +/- 0.1
01359 PASS: Hertz_Count_Input1A 0.0
01360 J0_11_FREQ_GEN = 1 : NULL : WAIT = 0.1
01361 NULL : Hertz_Count_Input1A = 100 | 30 | 0.1
01361 TEST: Hertz_Count_Input1A 100.0 +/- 30.0
01361 PASS: Hertz_Count_Input1A 99.0
01362 J0_11_FREQ_GEN = 0 : NULL : WAIT = 0.1
01363 NULL : Hertz_Count_Input1A = 0 | 0.1 | 0.1
01363 TEST: Hertz_Count_Input1A 0.0 +/- 0.1
01363 PASS: Hertz_Count_Input1A 0.0
01364 
01364 #Finished with port
01364 #switch out input
01364 J2_01 = 0 : NULL : WAIT = 0.1
01365 
01365 #cycle IGN to reset lockup
01365 RLY_K1 = 1 : NULL : WAIT = 2
01366 RLY_K1 = 0 : NULL : WAIT = 2
01367 #-----setup 39009-----
01367 #configure
01367 Command = 82, MODE1 = 0, MODE2 = 0, Enable_24VDC = 0, Analog_Raw_Value = 0 : NULL : WAIT = 0.2
01368 Command = 0, MODE1 = 0, MODE2 = 0, Enable_24VDC = 0, Analog_Raw_Value = 0 : NULL
01369 Command = 83, MODE1A = 7, MODE1B = 4, MODE2A = 1, MODE2B = 1, MODE3A = 4, MODE3B = 4, MODE4A = 1, MODE4B = 1, MODE5A = 6, MODE5B = 6, MODE6A = 1, MODE6B = 1, MODE7A = 6, MODE7B = 6 : NULL : WAIT = 0.2
01370 Command = 0, MODE1A = 0, MODE1B = 0, MODE2A = 0, MODE2B = 0, MODE3A = 0, MODE3B = 0, MODE4A = 0, MODE4B = 0, MODE5A = 0, MODE5B = 0, MODE6A = 0, MODE6B = 0, MODE7A = 0, MODE7B = 0 : NULL
01371 Command = 84, MODE8A = 1, MODE8B = 1, MODE9A = 6, MODE9B = 6, MODE10A = 1, MODE10B = 1, GLOBAL_KP = 255, GLOBAL_KI = 255 : NULL : WAIT = 0.2
01372 Command = 0, MODE8A = 0, MODE8B = 0, MODE9A = 0, MODE9B = 0, MODE10A = 0, MODE10B = 0, GLOBAL_KP = 0, GLOBAL_KI = 0 : NULL
01373 Command = 82, Enable_Fault_Reset = 1, Save_Configuration = 1, Enable_DPLTx = 1, Enable_DPLF1 = 1, Enable_DPLF2 = 1 : NULL : WAIT = 0.2
01374 Command = 0, Enable_Fault_Reset = 0, Save_Configuration = 0, Enable_DPLTx = 0, Enable_DPLF1 = 0, Enable_DPLF2 = 0 : NULL
01375 #switch input to load line
01375 J2_02 = 1 : NULL : WAIT = 1
01376 
01376 #TESTING - ModeIndex 21 PortIndex 1
01376 J4_01 = 1 : NULL : WAIT = 0.1
01377 SWEEP-RUNNING DEATHSWEEP!
Connected: RIGOL TECHNOLOGIES,DP832,DP8C180100022,00.01.19
VISA resource: USB0::0x1AB1::0x0E11::DP8C180100022::INSTR
Sweeping CH2 mode=updown: 4.320000 V -> 4.430000 V -> 4.320000 V in 0.001000 V steps (221 points)
       0/220 set=4.320000 V elapsed=0.016s rate=62.50 steps/s
      50/220 set=4.370000 V elapsed=1.078s rate=47.31 steps/s eta=3.593s
     100/220 set=4.420000 V elapsed=2.156s rate=46.85 steps/s eta=2.562s
     150/220 set=4.390000 V elapsed=3.266s rate=46.23 steps/s eta=1.514s
     200/220 set=4.340000 V elapsed=4.359s rate=46.11 steps/s eta=0.434s
Sweep complete. Elapsed: 4.781s
Output turned OFF.


01377 J4_01 = 0 : NULL : WAIT = 0.1
01378 #test for lockup
01378 UUT_TXCHECK-2.0
01378 PASS: UUT_TXCHECK (FREQ1)
01379 #Finished with port
01379 #switch out input
01379 J2_02 = 0 : NULL : WAIT = 0.1
01380 
01380 #cycle IGN to reset lockup
01380 RLY_K1 = 1 : NULL : WAIT = 2
01381 RLY_K1 = 0 : NULL : WAIT = 2
01382 #-----setup 39009-----
01382 #configure
01382 Command = 82, MODE1 = 0, MODE2 = 0, Enable_24VDC = 0, Analog_Raw_Value = 0 : NULL : WAIT = 0.2
01383 Command = 0, MODE1 = 0, MODE2 = 0, Enable_24VDC = 0, Analog_Raw_Value = 0 : NULL
01384 Command = 83, MODE1A = 7, MODE1B = 4, MODE2A = 1, MODE2B = 1, MODE3A = 4, MODE3B = 4, MODE4A = 1, MODE4B = 1, MODE5A = 6, MODE5B = 6, MODE6A = 1, MODE6B = 1, MODE7A = 6, MODE7B = 6 : NULL : WAIT = 0.2
01385 Command = 0, MODE1A = 0, MODE1B = 0, MODE2A = 0, MODE2B = 0, MODE3A = 0, MODE3B = 0, MODE4A = 0, MODE4B = 0, MODE5A = 0, MODE5B = 0, MODE6A = 0, MODE6B = 0, MODE7A = 0, MODE7B = 0 : NULL
01386 Command = 84, MODE8A = 1, MODE8B = 1, MODE9A = 6, MODE9B = 6, MODE10A = 1, MODE10B = 1, GLOBAL_KP = 255, GLOBAL_KI = 255 : NULL : WAIT = 0.2
01387 Command = 0, MODE8A = 0, MODE8B = 0, MODE9A = 0, MODE9B = 0, MODE10A = 0, MODE10B = 0, GLOBAL_KP = 0, GLOBAL_KI = 0 : NULL
01388 Command = 82, Enable_Fault_Reset = 1, Save_Configuration = 1, Enable_DPLTx = 1, Enable_DPLF1 = 1, Enable_DPLF2 = 1 : NULL : WAIT = 0.2
01389 Command = 0, Enable_Fault_Reset = 0, Save_Configuration = 0, Enable_DPLTx = 0, Enable_DPLF1 = 0, Enable_DPLF2 = 0 : NULL
01390 #switch input to load line
01390 J2_03 = 1 : NULL : WAIT = 1
01391 
01391 #TESTING - ModeIndex 21 PortIndex 2
01391 J4_01 = 1 : NULL : WAIT = 0.1
01392 SWEEP-RUNNING DEATHSWEEP!
Connected: RIGOL TECHNOLOGIES,DP832,DP8C180100022,00.01.19
VISA resource: USB0::0x1AB1::0x0E11::DP8C180100022::INSTR
Sweeping CH2 mode=updown: 4.320000 V -> 4.430000 V -> 4.320000 V in 0.001000 V steps (221 points)
       0/220 set=4.320000 V elapsed=0.031s rate=32.26 steps/s
      50/220 set=4.370000 V elapsed=1.172s rate=43.52 steps/s eta=3.907s
     100/220 set=4.420000 V elapsed=2.281s rate=44.28 steps/s eta=2.710s
     150/220 set=4.390000 V elapsed=3.375s rate=44.74 steps/s eta=1.565s
     200/220 set=4.340000 V elapsed=4.438s rate=45.29 steps/s eta=0.442s
Sweep complete. Elapsed: 4.891s
Output turned OFF.


01392 J4_01 = 0 : NULL : WAIT = 0.1
01393 #test for lockup
01393 UUT_TXCHECK-2.0
01393 PASS: UUT_TXCHECK (FREQ1)
01394 #Finished with port
01394 #switch out input
01394 J2_03 = 0 : NULL : WAIT = 0.1
01395 
01395 #cycle IGN to reset lockup
01395 RLY_K1 = 1 : NULL : WAIT = 2
01396 RLY_K1 = 0 : NULL : WAIT = 2
01397 #-----setup 39009-----
01397 #configure
01397 Command = 82, MODE1 = 0, MODE2 = 0, Enable_24VDC = 0, Analog_Raw_Value = 0 : NULL : WAIT = 0.2
01398 Command = 0, MODE1 = 0, MODE2 = 0, Enable_24VDC = 0, Analog_Raw_Value = 0 : NULL
01399 Command = 83, MODE1A = 7, MODE1B = 4, MODE2A = 1, MODE2B = 1, MODE3A = 4, MODE3B = 4, MODE4A = 1, MODE4B = 1, MODE5A = 6, MODE5B = 6, MODE6A = 1, MODE6B = 1, MODE7A = 6, MODE7B = 6 : NULL : WAIT = 0.2
01400 Command = 0, MODE1A = 0, MODE1B = 0, MODE2A = 0, MODE2B = 0, MODE3A = 0, MODE3B = 0, MODE4A = 0, MODE4B = 0, MODE5A = 0, MODE5B = 0, MODE6A = 0, MODE6B = 0, MODE7A = 0, MODE7B = 0 : NULL
01401 Command = 84, MODE8A = 1, MODE8B = 1, MODE9A = 6, MODE9B = 6, MODE10A = 1, MODE10B = 1, GLOBAL_KP = 255, GLOBAL_KI = 255 : NULL : WAIT = 0.2
01402 Command = 0, MODE8A = 0, MODE8B = 0, MODE9A = 0, MODE9B = 0, MODE10A = 0, MODE10B = 0, GLOBAL_KP = 0, GLOBAL_KI = 0 : NULL
01403 Command = 82, Enable_Fault_Reset = 1, Save_Configuration = 1, Enable_DPLTx = 1, Enable_DPLF1 = 1, Enable_DPLF2 = 1 : NULL : WAIT = 0.2
01404 Command = 0, Enable_Fault_Reset = 0, Save_Configuration = 0, Enable_DPLTx = 0, Enable_DPLF1 = 0, Enable_DPLF2 = 0 : NULL
01405 #switch input to load line
01405 J2_04 = 1 : NULL : WAIT = 1
01406 
01406 #TESTING - ModeIndex 21 PortIndex 3
01406 J4_01 = 1 : NULL : WAIT = 0.1
01407 SWEEP-RUNNING DEATHSWEEP!
Connected: RIGOL TECHNOLOGIES,DP832,DP8C180100022,00.01.19
VISA resource: USB0::0x1AB1::0x0E11::DP8C180100022::INSTR
Sweeping CH2 mode=updown: 4.320000 V -> 4.430000 V -> 4.320000 V in 0.001000 V steps (221 points)
       0/220 set=4.320000 V elapsed=0.047s rate=21.28 steps/s
      50/220 set=4.370000 V elapsed=1.094s rate=46.62 steps/s eta=3.647s
     100/220 set=4.420000 V elapsed=2.172s rate=46.50 steps/s eta=2.581s
     150/220 set=4.390000 V elapsed=3.266s rate=46.23 steps/s eta=1.514s
     200/220 set=4.340000 V elapsed=4.313s rate=46.60 steps/s eta=0.429s
Sweep complete. Elapsed: 4.735s
Output turned OFF.


01407 J4_01 = 0 : NULL : WAIT = 0.1
01408 #test for lockup
01408 UUT_TXCHECK-2.0
01408 PASS: UUT_TXCHECK (FREQ1)
01409 #Finished with port
01409 #switch out input
01409 J2_04 = 0 : NULL : WAIT = 0.1
01410 
01410 
01410 #Finished with mode
01410 #cycle IGN to reset lockup
01410 RLY_K1 = 1 : NULL : WAIT = 2
01411 RLY_K1 = 0 : NULL : WAIT = 2
01412 #-----setup 39009-----
01412 #configure
01412 Command = 82, MODE1 = 0, MODE2 = 0, Enable_24VDC = 0, Analog_Raw_Value = 0 : NULL : WAIT = 0.2
01413 Command = 0, MODE1 = 0, MODE2 = 0, Enable_24VDC = 0, Analog_Raw_Value = 0 : NULL
01414 Command = 83, MODE1A = 7, MODE1B = 4, MODE2A = 1, MODE2B = 1, MODE3A = 1, MODE3B = 4, MODE4A = 1, MODE4B = 1, MODE5A = 6, MODE5B = 6, MODE6A = 1, MODE6B = 1, MODE7A = 6, MODE7B = 6 : NULL : WAIT = 0.2
01415 Command = 0, MODE1A = 0, MODE1B = 0, MODE2A = 0, MODE2B = 0, MODE3A = 0, MODE3B = 0, MODE4A = 0, MODE4B = 0, MODE5A = 0, MODE5B = 0, MODE6A = 0, MODE6B = 0, MODE7A = 0, MODE7B = 0 : NULL
01416 Command = 84, MODE8A = 1, MODE8B = 1, MODE9A = 6, MODE9B = 6, MODE10A = 1, MODE10B = 1, GLOBAL_KP = 255, GLOBAL_KI = 255 : NULL : WAIT = 0.2
01417 Command = 0, MODE8A = 0, MODE8B = 0, MODE9A = 0, MODE9B = 0, MODE10A = 0, MODE10B = 0, GLOBAL_KP = 0, GLOBAL_KI = 0 : NULL
01418 Command = 82, Enable_Fault_Reset = 1, Save_Configuration = 1, Enable_DPLTx = 1, Enable_DPLF1 = 1, Enable_DPLF2 = 1 : NULL : WAIT = 0.2
01419 Command = 0, Enable_Fault_Reset = 0, Save_Configuration = 0, Enable_DPLTx = 0, Enable_DPLF1 = 0, Enable_DPLF2 = 0 : NULL
01420 #switch input to load line
01420 J2_01 = 1 : NULL : WAIT = 1
01421 
01421 #TESTING - ModeIndex 22 PortIndex 0
01421 AfgFreqSet = 100 : NULL : WAIT = 0.1
01422 #test for lockup
01422 UUT_TXCHECK-2.0
01422 PASS: UUT_TXCHECK (FREQ1)
01423 NULL : Hertz_Count_Input1A = 0 | 0.1 | 0.1
01423 TEST: Hertz_Count_Input1A 0.0 +/- 0.1
01423 PASS: Hertz_Count_Input1A 0.0
01424 J0_11_FREQ_GEN = 1 : NULL : WAIT = 0.1
01425 NULL : Hertz_Count_Input1A = 100 | 30 | 0.1
01425 TEST: Hertz_Count_Input1A 100.0 +/- 30.0
01425 PASS: Hertz_Count_Input1A 99.0
01426 J0_11_FREQ_GEN = 0 : NULL : WAIT = 0.1
01427 NULL : Hertz_Count_Input1A = 0 | 0.1 | 0.1
01427 TEST: Hertz_Count_Input1A 0.0 +/- 0.1
01427 PASS: Hertz_Count_Input1A 0.0
01428 
01428 #Finished with port
01428 #switch out input
01428 J2_01 = 0 : NULL : WAIT = 0.1
01429 
01429 #cycle IGN to reset lockup
01429 RLY_K1 = 1 : NULL : WAIT = 2
01430 RLY_K1 = 0 : NULL : WAIT = 2
01431 #-----setup 39009-----
01431 #configure
01431 Command = 82, MODE1 = 0, MODE2 = 0, Enable_24VDC = 0, Analog_Raw_Value = 0 : NULL : WAIT = 0.2
01432 Command = 0, MODE1 = 0, MODE2 = 0, Enable_24VDC = 0, Analog_Raw_Value = 0 : NULL
01433 Command = 83, MODE1A = 7, MODE1B = 4, MODE2A = 1, MODE2B = 1, MODE3A = 1, MODE3B = 4, MODE4A = 1, MODE4B = 1, MODE5A = 6, MODE5B = 6, MODE6A = 1, MODE6B = 1, MODE7A = 6, MODE7B = 6 : NULL : WAIT = 0.2
01434 Command = 0, MODE1A = 0, MODE1B = 0, MODE2A = 0, MODE2B = 0, MODE3A = 0, MODE3B = 0, MODE4A = 0, MODE4B = 0, MODE5A = 0, MODE5B = 0, MODE6A = 0, MODE6B = 0, MODE7A = 0, MODE7B = 0 : NULL
01435 Command = 84, MODE8A = 1, MODE8B = 1, MODE9A = 6, MODE9B = 6, MODE10A = 1, MODE10B = 1, GLOBAL_KP = 255, GLOBAL_KI = 255 : NULL : WAIT = 0.2
01436 Command = 0, MODE8A = 0, MODE8B = 0, MODE9A = 0, MODE9B = 0, MODE10A = 0, MODE10B = 0, GLOBAL_KP = 0, GLOBAL_KI = 0 : NULL
01437 Command = 82, Enable_Fault_Reset = 1, Save_Configuration = 1, Enable_DPLTx = 1, Enable_DPLF1 = 1, Enable_DPLF2 = 1 : NULL : WAIT = 0.2
01438 Command = 0, Enable_Fault_Reset = 0, Save_Configuration = 0, Enable_DPLTx = 0, Enable_DPLF1 = 0, Enable_DPLF2 = 0 : NULL
01439 #switch input to load line
01439 J2_02 = 1 : NULL : WAIT = 1
01440 
01440 #TESTING - ModeIndex 22 PortIndex 1
01440 J4_01 = 1 : NULL : WAIT = 0.1
01441 SWEEP-RUNNING DEATHSWEEP!
Connected: RIGOL TECHNOLOGIES,DP832,DP8C180100022,00.01.19
VISA resource: USB0::0x1AB1::0x0E11::DP8C180100022::INSTR
Sweeping CH2 mode=updown: 4.320000 V -> 4.430000 V -> 4.320000 V in 0.001000 V steps (221 points)
       0/220 set=4.320000 V elapsed=0.047s rate=21.28 steps/s
      50/220 set=4.370000 V elapsed=1.109s rate=45.99 steps/s eta=3.697s
     100/220 set=4.420000 V elapsed=2.203s rate=45.85 steps/s eta=2.617s
     150/220 set=4.390000 V elapsed=3.265s rate=46.25 steps/s eta=1.514s
     200/220 set=4.340000 V elapsed=4.375s rate=45.94 steps/s eta=0.435s
Sweep complete. Elapsed: 4.812s
Output turned OFF.


01441 J4_01 = 0 : NULL : WAIT = 0.1
01442 #test for lockup
01442 UUT_TXCHECK-2.0
01442 PASS: UUT_TXCHECK (FREQ1)
01443 #Finished with port
01443 #switch out input
01443 J2_02 = 0 : NULL : WAIT = 0.1
01444 
01444 #cycle IGN to reset lockup
01444 RLY_K1 = 1 : NULL : WAIT = 2
01445 RLY_K1 = 0 : NULL : WAIT = 2
01446 #-----setup 39009-----
01446 #configure
01446 Command = 82, MODE1 = 0, MODE2 = 0, Enable_24VDC = 0, Analog_Raw_Value = 0 : NULL : WAIT = 0.2
01447 Command = 0, MODE1 = 0, MODE2 = 0, Enable_24VDC = 0, Analog_Raw_Value = 0 : NULL
01448 Command = 83, MODE1A = 7, MODE1B = 4, MODE2A = 1, MODE2B = 1, MODE3A = 1, MODE3B = 4, MODE4A = 1, MODE4B = 1, MODE5A = 6, MODE5B = 6, MODE6A = 1, MODE6B = 1, MODE7A = 6, MODE7B = 6 : NULL : WAIT = 0.2
01449 Command = 0, MODE1A = 0, MODE1B = 0, MODE2A = 0, MODE2B = 0, MODE3A = 0, MODE3B = 0, MODE4A = 0, MODE4B = 0, MODE5A = 0, MODE5B = 0, MODE6A = 0, MODE6B = 0, MODE7A = 0, MODE7B = 0 : NULL
01450 Command = 84, MODE8A = 1, MODE8B = 1, MODE9A = 6, MODE9B = 6, MODE10A = 1, MODE10B = 1, GLOBAL_KP = 255, GLOBAL_KI = 255 : NULL : WAIT = 0.2
01451 Command = 0, MODE8A = 0, MODE8B = 0, MODE9A = 0, MODE9B = 0, MODE10A = 0, MODE10B = 0, GLOBAL_KP = 0, GLOBAL_KI = 0 : NULL
01452 Command = 82, Enable_Fault_Reset = 1, Save_Configuration = 1, Enable_DPLTx = 1, Enable_DPLF1 = 1, Enable_DPLF2 = 1 : NULL : WAIT = 0.2
01453 Command = 0, Enable_Fault_Reset = 0, Save_Configuration = 0, Enable_DPLTx = 0, Enable_DPLF1 = 0, Enable_DPLF2 = 0 : NULL
01454 #switch input to load line
01454 J2_03 = 1 : NULL : WAIT = 1
01455 
01455 #TESTING - ModeIndex 22 PortIndex 2
01455 J4_01 = 1 : NULL : WAIT = 0.1
01456 SWEEP-RUNNING DEATHSWEEP!
Connected: RIGOL TECHNOLOGIES,DP832,DP8C180100022,00.01.19
VISA resource: USB0::0x1AB1::0x0E11::DP8C180100022::INSTR
Sweeping CH2 mode=updown: 4.320000 V -> 4.430000 V -> 4.320000 V in 0.001000 V steps (221 points)
       0/220 set=4.320000 V elapsed=0.016s rate=62.50 steps/s
      50/220 set=4.370000 V elapsed=1.141s rate=44.70 steps/s eta=3.803s
     100/220 set=4.420000 V elapsed=2.204s rate=45.83 steps/s eta=2.619s
     150/220 set=4.390000 V elapsed=3.297s rate=45.80 steps/s eta=1.528s
     200/220 set=4.340000 V elapsed=4.360s rate=46.10 steps/s eta=0.434s
Sweep complete. Elapsed: 4.782s
Output turned OFF.


01456 J4_01 = 0 : NULL : WAIT = 0.1
01457 #test for lockup
01457 UUT_TXCHECK-2.0
01457 PASS: UUT_TXCHECK (FREQ1)
01458 #Finished with port
01458 #switch out input
01458 J2_03 = 0 : NULL : WAIT = 0.1
01459 
01459 #cycle IGN to reset lockup
01459 RLY_K1 = 1 : NULL : WAIT = 2
01460 RLY_K1 = 0 : NULL : WAIT = 2
01461 #-----setup 39009-----
01461 #configure
01461 Command = 82, MODE1 = 0, MODE2 = 0, Enable_24VDC = 0, Analog_Raw_Value = 0 : NULL : WAIT = 0.2
01462 Command = 0, MODE1 = 0, MODE2 = 0, Enable_24VDC = 0, Analog_Raw_Value = 0 : NULL
01463 Command = 83, MODE1A = 7, MODE1B = 4, MODE2A = 1, MODE2B = 1, MODE3A = 1, MODE3B = 4, MODE4A = 1, MODE4B = 1, MODE5A = 6, MODE5B = 6, MODE6A = 1, MODE6B = 1, MODE7A = 6, MODE7B = 6 : NULL : WAIT = 0.2
01464 Command = 0, MODE1A = 0, MODE1B = 0, MODE2A = 0, MODE2B = 0, MODE3A = 0, MODE3B = 0, MODE4A = 0, MODE4B = 0, MODE5A = 0, MODE5B = 0, MODE6A = 0, MODE6B = 0, MODE7A = 0, MODE7B = 0 : NULL
01465 Command = 84, MODE8A = 1, MODE8B = 1, MODE9A = 6, MODE9B = 6, MODE10A = 1, MODE10B = 1, GLOBAL_KP = 255, GLOBAL_KI = 255 : NULL : WAIT = 0.2
01466 Command = 0, MODE8A = 0, MODE8B = 0, MODE9A = 0, MODE9B = 0, MODE10A = 0, MODE10B = 0, GLOBAL_KP = 0, GLOBAL_KI = 0 : NULL
01467 Command = 82, Enable_Fault_Reset = 1, Save_Configuration = 1, Enable_DPLTx = 1, Enable_DPLF1 = 1, Enable_DPLF2 = 1 : NULL : WAIT = 0.2
01468 Command = 0, Enable_Fault_Reset = 0, Save_Configuration = 0, Enable_DPLTx = 0, Enable_DPLF1 = 0, Enable_DPLF2 = 0 : NULL
01469 #switch input to load line
01469 J2_04 = 1 : NULL : WAIT = 1
01470 
01470 #TESTING - ModeIndex 22 PortIndex 3
01470 J4_01 = 1 : NULL : WAIT = 0.1
01471 SWEEP-RUNNING DEATHSWEEP!
Connected: RIGOL TECHNOLOGIES,DP832,DP8C180100022,00.01.19
VISA resource: USB0::0x1AB1::0x0E11::DP8C180100022::INSTR
Sweeping CH2 mode=updown: 4.320000 V -> 4.430000 V -> 4.320000 V in 0.001000 V steps (221 points)
       0/220 set=4.320000 V elapsed=0.015s rate=66.67 steps/s
      50/220 set=4.370000 V elapsed=1.093s rate=46.66 steps/s eta=3.643s
     100/220 set=4.420000 V elapsed=2.156s rate=46.85 steps/s eta=2.562s
     150/220 set=4.390000 V elapsed=3.265s rate=46.25 steps/s eta=1.514s
     200/220 set=4.340000 V elapsed=4.343s rate=46.28 steps/s eta=0.432s
Sweep complete. Elapsed: 4.812s
Output turned OFF.


01471 J4_01 = 0 : NULL : WAIT = 0.1
01472 #test for lockup
01472 UUT_TXCHECK-2.0
01472 PASS: UUT_TXCHECK (FREQ1)
01473 #Finished with port
01473 #switch out input
01473 J2_04 = 0 : NULL : WAIT = 0.1
01474 
01474 
01474 #Finished with mode
01474 #cycle IGN to reset lockup
01474 RLY_K1 = 1 : NULL : WAIT = 2
01475 RLY_K1 = 0 : NULL : WAIT = 2
01476 #-----setup 39009-----
01476 #configure
01476 Command = 82, MODE1 = 0, MODE2 = 0, Enable_24VDC = 0, Analog_Raw_Value = 0 : NULL : WAIT = 0.2
01477 Command = 0, MODE1 = 0, MODE2 = 0, Enable_24VDC = 0, Analog_Raw_Value = 0 : NULL
01478 Command = 83, MODE1A = 7, MODE1B = 4, MODE2A = 1, MODE2B = 1, MODE3A = 1, MODE3B = 1, MODE4A = 1, MODE4B = 1, MODE5A = 6, MODE5B = 6, MODE6A = 1, MODE6B = 1, MODE7A = 6, MODE7B = 6 : NULL : WAIT = 0.2
01479 Command = 0, MODE1A = 0, MODE1B = 0, MODE2A = 0, MODE2B = 0, MODE3A = 0, MODE3B = 0, MODE4A = 0, MODE4B = 0, MODE5A = 0, MODE5B = 0, MODE6A = 0, MODE6B = 0, MODE7A = 0, MODE7B = 0 : NULL
01480 Command = 84, MODE8A = 1, MODE8B = 1, MODE9A = 6, MODE9B = 6, MODE10A = 1, MODE10B = 1, GLOBAL_KP = 255, GLOBAL_KI = 255 : NULL : WAIT = 0.2
01481 Command = 0, MODE8A = 0, MODE8B = 0, MODE9A = 0, MODE9B = 0, MODE10A = 0, MODE10B = 0, GLOBAL_KP = 0, GLOBAL_KI = 0 : NULL
01482 Command = 82, Enable_Fault_Reset = 1, Save_Configuration = 1, Enable_DPLTx = 1, Enable_DPLF1 = 1, Enable_DPLF2 = 1 : NULL : WAIT = 0.2
01483 Command = 0, Enable_Fault_Reset = 0, Save_Configuration = 0, Enable_DPLTx = 0, Enable_DPLF1 = 0, Enable_DPLF2 = 0 : NULL
01484 #switch input to load line
01484 J2_01 = 1 : NULL : WAIT = 1
01485 
01485 #TESTING - ModeIndex 23 PortIndex 0
01485 AfgFreqSet = 100 : NULL : WAIT = 0.1
01486 #test for lockup
01486 UUT_TXCHECK-2.0
01486 PASS: UUT_TXCHECK (DIGIN)
01487 NULL : Hertz_Count_Input1A = 0 | 0.1 | 0.1
01487 TEST: Hertz_Count_Input1A 0.0 +/- 0.1
01487 PASS: Hertz_Count_Input1A 0.0
01488 J0_11_FREQ_GEN = 1 : NULL : WAIT = 0.1
01489 NULL : Hertz_Count_Input1A = 100 | 30 | 0.1
01489 TEST: Hertz_Count_Input1A 100.0 +/- 30.0
01489 PASS: Hertz_Count_Input1A 99.0
01490 J0_11_FREQ_GEN = 0 : NULL : WAIT = 0.1
01491 NULL : Hertz_Count_Input1A = 0 | 0.1 | 0.1
01491 TEST: Hertz_Count_Input1A 0.0 +/- 0.1
01491 PASS: Hertz_Count_Input1A 0.0
01492 
01492 #Finished with port
01492 #switch out input
01492 J2_01 = 0 : NULL : WAIT = 0.1
01493 
01493 #cycle IGN to reset lockup
01493 RLY_K1 = 1 : NULL : WAIT = 2
01494 RLY_K1 = 0 : NULL : WAIT = 2
01495 #-----setup 39009-----
01495 #configure
01495 Command = 82, MODE1 = 0, MODE2 = 0, Enable_24VDC = 0, Analog_Raw_Value = 0 : NULL : WAIT = 0.2
01496 Command = 0, MODE1 = 0, MODE2 = 0, Enable_24VDC = 0, Analog_Raw_Value = 0 : NULL
01497 Command = 83, MODE1A = 7, MODE1B = 4, MODE2A = 1, MODE2B = 1, MODE3A = 1, MODE3B = 1, MODE4A = 1, MODE4B = 1, MODE5A = 6, MODE5B = 6, MODE6A = 1, MODE6B = 1, MODE7A = 6, MODE7B = 6 : NULL : WAIT = 0.2
01498 Command = 0, MODE1A = 0, MODE1B = 0, MODE2A = 0, MODE2B = 0, MODE3A = 0, MODE3B = 0, MODE4A = 0, MODE4B = 0, MODE5A = 0, MODE5B = 0, MODE6A = 0, MODE6B = 0, MODE7A = 0, MODE7B = 0 : NULL
01499 Command = 84, MODE8A = 1, MODE8B = 1, MODE9A = 6, MODE9B = 6, MODE10A = 1, MODE10B = 1, GLOBAL_KP = 255, GLOBAL_KI = 255 : NULL : WAIT = 0.2
01500 Command = 0, MODE8A = 0, MODE8B = 0, MODE9A = 0, MODE9B = 0, MODE10A = 0, MODE10B = 0, GLOBAL_KP = 0, GLOBAL_KI = 0 : NULL
01501 Command = 82, Enable_Fault_Reset = 1, Save_Configuration = 1, Enable_DPLTx = 1, Enable_DPLF1 = 1, Enable_DPLF2 = 1 : NULL : WAIT = 0.2
01502 Command = 0, Enable_Fault_Reset = 0, Save_Configuration = 0, Enable_DPLTx = 0, Enable_DPLF1 = 0, Enable_DPLF2 = 0 : NULL
01503 #switch input to load line
01503 J2_02 = 1 : NULL : WAIT = 1
01504 
01504 #TESTING - ModeIndex 23 PortIndex 1
01504 J4_01 = 1 : NULL : WAIT = 0.1
01505 SWEEP-RUNNING DEATHSWEEP!
Connected: RIGOL TECHNOLOGIES,DP832,DP8C180100022,00.01.19
VISA resource: USB0::0x1AB1::0x0E11::DP8C180100022::INSTR
Sweeping CH2 mode=updown: 4.320000 V -> 4.430000 V -> 4.320000 V in 0.001000 V steps (221 points)
       0/220 set=4.320000 V elapsed=0.031s rate=32.26 steps/s
      50/220 set=4.370000 V elapsed=1.078s rate=47.31 steps/s eta=3.593s
     100/220 set=4.420000 V elapsed=2.141s rate=47.17 steps/s eta=2.544s
     150/220 set=4.390000 V elapsed=3.234s rate=46.69 steps/s eta=1.499s
     200/220 set=4.340000 V elapsed=4.313s rate=46.60 steps/s eta=0.429s
Sweep complete. Elapsed: 4.719s
Output turned OFF.


01505 J4_01 = 0 : NULL : WAIT = 0.1
01506 #test for lockup
01506 UUT_TXCHECK-2.0
01506 PASS: UUT_TXCHECK (DPLT4)
01507 #Finished with port
01507 #switch out input
01507 J2_02 = 0 : NULL : WAIT = 0.1
01508 
01508 #cycle IGN to reset lockup
01508 RLY_K1 = 1 : NULL : WAIT = 2
01509 RLY_K1 = 0 : NULL : WAIT = 2
01510 #-----setup 39009-----
01510 #configure
01510 Command = 82, MODE1 = 0, MODE2 = 0, Enable_24VDC = 0, Analog_Raw_Value = 0 : NULL : WAIT = 0.2
01511 Command = 0, MODE1 = 0, MODE2 = 0, Enable_24VDC = 0, Analog_Raw_Value = 0 : NULL
01512 Command = 83, MODE1A = 7, MODE1B = 4, MODE2A = 1, MODE2B = 1, MODE3A = 1, MODE3B = 1, MODE4A = 1, MODE4B = 1, MODE5A = 6, MODE5B = 6, MODE6A = 1, MODE6B = 1, MODE7A = 6, MODE7B = 6 : NULL : WAIT = 0.2
01513 Command = 0, MODE1A = 0, MODE1B = 0, MODE2A = 0, MODE2B = 0, MODE3A = 0, MODE3B = 0, MODE4A = 0, MODE4B = 0, MODE5A = 0, MODE5B = 0, MODE6A = 0, MODE6B = 0, MODE7A = 0, MODE7B = 0 : NULL
01514 Command = 84, MODE8A = 1, MODE8B = 1, MODE9A = 6, MODE9B = 6, MODE10A = 1, MODE10B = 1, GLOBAL_KP = 255, GLOBAL_KI = 255 : NULL : WAIT = 0.2
01515 Command = 0, MODE8A = 0, MODE8B = 0, MODE9A = 0, MODE9B = 0, MODE10A = 0, MODE10B = 0, GLOBAL_KP = 0, GLOBAL_KI = 0 : NULL
01516 Command = 82, Enable_Fault_Reset = 1, Save_Configuration = 1, Enable_DPLTx = 1, Enable_DPLF1 = 1, Enable_DPLF2 = 1 : NULL : WAIT = 0.2
01517 Command = 0, Enable_Fault_Reset = 0, Save_Configuration = 0, Enable_DPLTx = 0, Enable_DPLF1 = 0, Enable_DPLF2 = 0 : NULL
01518 #switch input to load line
01518 J2_03 = 1 : NULL : WAIT = 1
01519 
01519 #TESTING - ModeIndex 23 PortIndex 2
01519 J4_01 = 1 : NULL : WAIT = 0.1
01520 SWEEP-RUNNING DEATHSWEEP!
Connected: RIGOL TECHNOLOGIES,DP832,DP8C180100022,00.01.19
VISA resource: USB0::0x1AB1::0x0E11::DP8C180100022::INSTR
Sweeping CH2 mode=updown: 4.320000 V -> 4.430000 V -> 4.320000 V in 0.001000 V steps (221 points)
       0/220 set=4.320000 V elapsed=0.031s rate=32.26 steps/s
      50/220 set=4.370000 V elapsed=1.109s rate=45.99 steps/s eta=3.697s
     100/220 set=4.420000 V elapsed=2.187s rate=46.18 steps/s eta=2.598s
     150/220 set=4.390000 V elapsed=3.266s rate=46.23 steps/s eta=1.514s
     200/220 set=4.340000 V elapsed=4.344s rate=46.27 steps/s eta=0.432s
Sweep complete. Elapsed: 4.781s
Output turned OFF.


01520 J4_01 = 0 : NULL : WAIT = 0.1
01521 #test for lockup
01521 UUT_TXCHECK-2.0
01521 PASS: UUT_TXCHECK (FAULT)
01522 #Finished with port
01522 #switch out input
01522 J2_03 = 0 : NULL : WAIT = 0.1
01523 
01523 #cycle IGN to reset lockup
01523 RLY_K1 = 1 : NULL : WAIT = 2
01524 RLY_K1 = 0 : NULL : WAIT = 2
01525 #-----setup 39009-----
01525 #configure
01525 Command = 82, MODE1 = 0, MODE2 = 0, Enable_24VDC = 0, Analog_Raw_Value = 0 : NULL : WAIT = 0.2
01526 Command = 0, MODE1 = 0, MODE2 = 0, Enable_24VDC = 0, Analog_Raw_Value = 0 : NULL
01527 Command = 83, MODE1A = 7, MODE1B = 4, MODE2A = 1, MODE2B = 1, MODE3A = 1, MODE3B = 1, MODE4A = 1, MODE4B = 1, MODE5A = 6, MODE5B = 6, MODE6A = 1, MODE6B = 1, MODE7A = 6, MODE7B = 6 : NULL : WAIT = 0.2
01528 Command = 0, MODE1A = 0, MODE1B = 0, MODE2A = 0, MODE2B = 0, MODE3A = 0, MODE3B = 0, MODE4A = 0, MODE4B = 0, MODE5A = 0, MODE5B = 0, MODE6A = 0, MODE6B = 0, MODE7A = 0, MODE7B = 0 : NULL
01529 Command = 84, MODE8A = 1, MODE8B = 1, MODE9A = 6, MODE9B = 6, MODE10A = 1, MODE10B = 1, GLOBAL_KP = 255, GLOBAL_KI = 255 : NULL : WAIT = 0.2
01530 Command = 0, MODE8A = 0, MODE8B = 0, MODE9A = 0, MODE9B = 0, MODE10A = 0, MODE10B = 0, GLOBAL_KP = 0, GLOBAL_KI = 0 : NULL
01531 Command = 82, Enable_Fault_Reset = 1, Save_Configuration = 1, Enable_DPLTx = 1, Enable_DPLF1 = 1, Enable_DPLF2 = 1 : NULL : WAIT = 0.2
01532 Command = 0, Enable_Fault_Reset = 0, Save_Configuration = 0, Enable_DPLTx = 0, Enable_DPLF1 = 0, Enable_DPLF2 = 0 : NULL
01533 #switch input to load line
01533 J2_04 = 1 : NULL : WAIT = 1
01534 
01534 #TESTING - ModeIndex 23 PortIndex 3
01534 J4_01 = 1 : NULL : WAIT = 0.1
01535 SWEEP-RUNNING DEATHSWEEP!
Connected: RIGOL TECHNOLOGIES,DP832,DP8C180100022,00.01.19
VISA resource: USB0::0x1AB1::0x0E11::DP8C180100022::INSTR
Sweeping CH2 mode=updown: 4.320000 V -> 4.430000 V -> 4.320000 V in 0.001000 V steps (221 points)
       0/220 set=4.320000 V elapsed=0.046s rate=21.74 steps/s
      50/220 set=4.370000 V elapsed=1.109s rate=45.99 steps/s eta=3.697s
     100/220 set=4.420000 V elapsed=2.187s rate=46.18 steps/s eta=2.598s
     150/220 set=4.390000 V elapsed=3.234s rate=46.69 steps/s eta=1.499s
     200/220 set=4.340000 V elapsed=4.296s rate=46.79 steps/s eta=0.427s
Sweep complete. Elapsed: 4.734s
Output turned OFF.


01535 J4_01 = 0 : NULL : WAIT = 0.1
01536 #test for lockup
01536 UUT_TXCHECK-2.0
01536 PASS: UUT_TXCHECK (FREQ1)
01537 #Finished with port
01537 #switch out input
01537 J2_04 = 0 : NULL : WAIT = 0.1
01538 
01538 
01538 #Finished with mode
01538 #cycle IGN to reset lockup
01538 RLY_K1 = 1 : NULL : WAIT = 2
01539 RLY_K1 = 0 : NULL : WAIT = 2
01540 #-----setup 39009-----
01540 #configure
01540 Command = 82, MODE1 = 0, MODE2 = 0, Enable_24VDC = 0, Analog_Raw_Value = 0 : NULL : WAIT = 0.2
01541 Command = 0, MODE1 = 0, MODE2 = 0, Enable_24VDC = 0, Analog_Raw_Value = 0 : NULL
01542 Command = 83, MODE1A = 4, MODE1B = 7, MODE2A = 1, MODE2B = 1, MODE3A = 1, MODE3B = 4, MODE4A = 1, MODE4B = 1, MODE5A = 6, MODE5B = 6, MODE6A = 1, MODE6B = 1, MODE7A = 6, MODE7B = 6 : NULL : WAIT = 0.2
01543 Command = 0, MODE1A = 0, MODE1B = 0, MODE2A = 0, MODE2B = 0, MODE3A = 0, MODE3B = 0, MODE4A = 0, MODE4B = 0, MODE5A = 0, MODE5B = 0, MODE6A = 0, MODE6B = 0, MODE7A = 0, MODE7B = 0 : NULL
01544 Command = 84, MODE8A = 1, MODE8B = 1, MODE9A = 6, MODE9B = 6, MODE10A = 1, MODE10B = 1, GLOBAL_KP = 255, GLOBAL_KI = 255 : NULL : WAIT = 0.2
01545 Command = 0, MODE8A = 0, MODE8B = 0, MODE9A = 0, MODE9B = 0, MODE10A = 0, MODE10B = 0, GLOBAL_KP = 0, GLOBAL_KI = 0 : NULL
01546 Command = 82, Enable_Fault_Reset = 1, Save_Configuration = 1, Enable_DPLTx = 1, Enable_DPLF1 = 1, Enable_DPLF2 = 1 : NULL : WAIT = 0.2
01547 Command = 0, Enable_Fault_Reset = 0, Save_Configuration = 0, Enable_DPLTx = 0, Enable_DPLF1 = 0, Enable_DPLF2 = 0 : NULL
01548 #switch input to load line
01548 J2_01 = 1 : NULL : WAIT = 1
01549 
01549 #TESTING - ModeIndex 24 PortIndex 0
01549 J4_01 = 1 : NULL : WAIT = 0.1
01550 SWEEP-RUNNING DEATHSWEEP!
Connected: RIGOL TECHNOLOGIES,DP832,DP8C180100022,00.01.19
VISA resource: USB0::0x1AB1::0x0E11::DP8C180100022::INSTR
Sweeping CH2 mode=updown: 4.320000 V -> 4.430000 V -> 4.320000 V in 0.001000 V steps (221 points)
       0/220 set=4.320000 V elapsed=0.031s rate=32.26 steps/s
      50/220 set=4.370000 V elapsed=1.094s rate=46.62 steps/s eta=3.647s
     100/220 set=4.420000 V elapsed=2.203s rate=45.85 steps/s eta=2.617s
     150/220 set=4.390000 V elapsed=3.266s rate=46.23 steps/s eta=1.514s
     200/220 set=4.340000 V elapsed=4.359s rate=46.11 steps/s eta=0.434s
Sweep complete. Elapsed: 4.781s
Output turned OFF.


01550 J4_01 = 0 : NULL : WAIT = 0.1
01551 #test for lockup
01551 UUT_TXCHECK-2.0
01551 PASS: UUT_TXCHECK (FREQ1)
01552 #Finished with port
01552 #switch out input
01552 J2_01 = 0 : NULL : WAIT = 0.1
01553 
01553 #cycle IGN to reset lockup
01553 RLY_K1 = 1 : NULL : WAIT = 2
01554 RLY_K1 = 0 : NULL : WAIT = 2
01555 #-----setup 39009-----
01555 #configure
01555 Command = 82, MODE1 = 0, MODE2 = 0, Enable_24VDC = 0, Analog_Raw_Value = 0 : NULL : WAIT = 0.2
01556 Command = 0, MODE1 = 0, MODE2 = 0, Enable_24VDC = 0, Analog_Raw_Value = 0 : NULL
01557 Command = 83, MODE1A = 4, MODE1B = 7, MODE2A = 1, MODE2B = 1, MODE3A = 1, MODE3B = 4, MODE4A = 1, MODE4B = 1, MODE5A = 6, MODE5B = 6, MODE6A = 1, MODE6B = 1, MODE7A = 6, MODE7B = 6 : NULL : WAIT = 0.2
01558 Command = 0, MODE1A = 0, MODE1B = 0, MODE2A = 0, MODE2B = 0, MODE3A = 0, MODE3B = 0, MODE4A = 0, MODE4B = 0, MODE5A = 0, MODE5B = 0, MODE6A = 0, MODE6B = 0, MODE7A = 0, MODE7B = 0 : NULL
01559 Command = 84, MODE8A = 1, MODE8B = 1, MODE9A = 6, MODE9B = 6, MODE10A = 1, MODE10B = 1, GLOBAL_KP = 255, GLOBAL_KI = 255 : NULL : WAIT = 0.2
01560 Command = 0, MODE8A = 0, MODE8B = 0, MODE9A = 0, MODE9B = 0, MODE10A = 0, MODE10B = 0, GLOBAL_KP = 0, GLOBAL_KI = 0 : NULL
01561 Command = 82, Enable_Fault_Reset = 1, Save_Configuration = 1, Enable_DPLTx = 1, Enable_DPLF1 = 1, Enable_DPLF2 = 1 : NULL : WAIT = 0.2
01562 Command = 0, Enable_Fault_Reset = 0, Save_Configuration = 0, Enable_DPLTx = 0, Enable_DPLF1 = 0, Enable_DPLF2 = 0 : NULL
01563 #switch input to load line
01563 J2_02 = 1 : NULL : WAIT = 1
01564 
01564 #TESTING - ModeIndex 24 PortIndex 1
01564 AfgFreqSet = 100 : NULL : WAIT = 0.1
01565 #test for lockup
01565 UUT_TXCHECK-2.0
01565 PASS: UUT_TXCHECK (FREQ1)
01566 NULL : Hertz_Count_Input1B = 0 | 0.1 | 0.1
01566 TEST: Hertz_Count_Input1B 0.0 +/- 0.1
01566 PASS: Hertz_Count_Input1B 0.0
01567 J0_11_FREQ_GEN = 1 : NULL : WAIT = 0.1
01568 NULL : Hertz_Count_Input1B = 100 | 30 | 0.1
01568 TEST: Hertz_Count_Input1B 100.0 +/- 30.0
01568 PASS: Hertz_Count_Input1B 99.0
01569 J0_11_FREQ_GEN = 0 : NULL : WAIT = 0.1
01570 NULL : Hertz_Count_Input1B = 0 | 0.1 | 0.1
01570 TEST: Hertz_Count_Input1B 0.0 +/- 0.1
01570 PASS: Hertz_Count_Input1B 0.0
01571 
01571 #Finished with port
01571 #switch out input
01571 J2_02 = 0 : NULL : WAIT = 0.1
01572 
01572 #cycle IGN to reset lockup
01572 RLY_K1 = 1 : NULL : WAIT = 2
01573 RLY_K1 = 0 : NULL : WAIT = 2
01574 #-----setup 39009-----
01574 #configure
01574 Command = 82, MODE1 = 0, MODE2 = 0, Enable_24VDC = 0, Analog_Raw_Value = 0 : NULL : WAIT = 0.2
01575 Command = 0, MODE1 = 0, MODE2 = 0, Enable_24VDC = 0, Analog_Raw_Value = 0 : NULL
01576 Command = 83, MODE1A = 4, MODE1B = 7, MODE2A = 1, MODE2B = 1, MODE3A = 1, MODE3B = 4, MODE4A = 1, MODE4B = 1, MODE5A = 6, MODE5B = 6, MODE6A = 1, MODE6B = 1, MODE7A = 6, MODE7B = 6 : NULL : WAIT = 0.2
01577 Command = 0, MODE1A = 0, MODE1B = 0, MODE2A = 0, MODE2B = 0, MODE3A = 0, MODE3B = 0, MODE4A = 0, MODE4B = 0, MODE5A = 0, MODE5B = 0, MODE6A = 0, MODE6B = 0, MODE7A = 0, MODE7B = 0 : NULL
01578 Command = 84, MODE8A = 1, MODE8B = 1, MODE9A = 6, MODE9B = 6, MODE10A = 1, MODE10B = 1, GLOBAL_KP = 255, GLOBAL_KI = 255 : NULL : WAIT = 0.2
01579 Command = 0, MODE8A = 0, MODE8B = 0, MODE9A = 0, MODE9B = 0, MODE10A = 0, MODE10B = 0, GLOBAL_KP = 0, GLOBAL_KI = 0 : NULL
01580 Command = 82, Enable_Fault_Reset = 1, Save_Configuration = 1, Enable_DPLTx = 1, Enable_DPLF1 = 1, Enable_DPLF2 = 1 : NULL : WAIT = 0.2
01581 Command = 0, Enable_Fault_Reset = 0, Save_Configuration = 0, Enable_DPLTx = 0, Enable_DPLF1 = 0, Enable_DPLF2 = 0 : NULL
01582 #switch input to load line
01582 J2_03 = 1 : NULL : WAIT = 1
01583 
01583 #TESTING - ModeIndex 24 PortIndex 2
01583 J4_01 = 1 : NULL : WAIT = 0.1
01584 SWEEP-RUNNING DEATHSWEEP!
Connected: RIGOL TECHNOLOGIES,DP832,DP8C180100022,00.01.19
VISA resource: USB0::0x1AB1::0x0E11::DP8C180100022::INSTR
Sweeping CH2 mode=updown: 4.320000 V -> 4.430000 V -> 4.320000 V in 0.001000 V steps (221 points)
       0/220 set=4.320000 V elapsed=0.047s rate=21.28 steps/s
      50/220 set=4.370000 V elapsed=1.125s rate=45.33 steps/s eta=3.750s
     100/220 set=4.420000 V elapsed=2.203s rate=45.85 steps/s eta=2.617s
     150/220 set=4.390000 V elapsed=3.297s rate=45.80 steps/s eta=1.528s
     200/220 set=4.340000 V elapsed=4.406s rate=45.62 steps/s eta=0.438s
Sweep complete. Elapsed: 4.828s
Output turned OFF.


01584 J4_01 = 0 : NULL : WAIT = 0.1
01585 #test for lockup
01585 UUT_TXCHECK-2.0
01585 PASS: UUT_TXCHECK (FREQ1)
01586 #Finished with port
01586 #switch out input
01586 J2_03 = 0 : NULL : WAIT = 0.1
01587 
01587 #cycle IGN to reset lockup
01587 RLY_K1 = 1 : NULL : WAIT = 2
01588 RLY_K1 = 0 : NULL : WAIT = 2
01589 #-----setup 39009-----
01589 #configure
01589 Command = 82, MODE1 = 0, MODE2 = 0, Enable_24VDC = 0, Analog_Raw_Value = 0 : NULL : WAIT = 0.2
01590 Command = 0, MODE1 = 0, MODE2 = 0, Enable_24VDC = 0, Analog_Raw_Value = 0 : NULL
01591 Command = 83, MODE1A = 4, MODE1B = 7, MODE2A = 1, MODE2B = 1, MODE3A = 1, MODE3B = 4, MODE4A = 1, MODE4B = 1, MODE5A = 6, MODE5B = 6, MODE6A = 1, MODE6B = 1, MODE7A = 6, MODE7B = 6 : NULL : WAIT = 0.2
01592 Command = 0, MODE1A = 0, MODE1B = 0, MODE2A = 0, MODE2B = 0, MODE3A = 0, MODE3B = 0, MODE4A = 0, MODE4B = 0, MODE5A = 0, MODE5B = 0, MODE6A = 0, MODE6B = 0, MODE7A = 0, MODE7B = 0 : NULL
01593 Command = 84, MODE8A = 1, MODE8B = 1, MODE9A = 6, MODE9B = 6, MODE10A = 1, MODE10B = 1, GLOBAL_KP = 255, GLOBAL_KI = 255 : NULL : WAIT = 0.2
01594 Command = 0, MODE8A = 0, MODE8B = 0, MODE9A = 0, MODE9B = 0, MODE10A = 0, MODE10B = 0, GLOBAL_KP = 0, GLOBAL_KI = 0 : NULL
01595 Command = 82, Enable_Fault_Reset = 1, Save_Configuration = 1, Enable_DPLTx = 1, Enable_DPLF1 = 1, Enable_DPLF2 = 1 : NULL : WAIT = 0.2
01596 Command = 0, Enable_Fault_Reset = 0, Save_Configuration = 0, Enable_DPLTx = 0, Enable_DPLF1 = 0, Enable_DPLF2 = 0 : NULL
01597 #switch input to load line
01597 J2_04 = 1 : NULL : WAIT = 1
01598 
01598 #TESTING - ModeIndex 24 PortIndex 3
01598 J4_01 = 1 : NULL : WAIT = 0.1
01599 SWEEP-RUNNING DEATHSWEEP!
Connected: RIGOL TECHNOLOGIES,DP832,DP8C180100022,00.01.19
VISA resource: USB0::0x1AB1::0x0E11::DP8C180100022::INSTR
Sweeping CH2 mode=updown: 4.320000 V -> 4.430000 V -> 4.320000 V in 0.001000 V steps (221 points)
       0/220 set=4.320000 V elapsed=0.015s rate=66.67 steps/s
      50/220 set=4.370000 V elapsed=1.109s rate=45.99 steps/s eta=3.697s
     100/220 set=4.420000 V elapsed=2.187s rate=46.18 steps/s eta=2.598s
     150/220 set=4.390000 V elapsed=3.265s rate=46.25 steps/s eta=1.514s
     200/220 set=4.340000 V elapsed=4.375s rate=45.94 steps/s eta=0.435s
Sweep complete. Elapsed: 4.797s
Output turned OFF.


01599 J4_01 = 0 : NULL : WAIT = 0.1
01600 #test for lockup
01600 UUT_TXCHECK-2.0
01600 PASS: UUT_TXCHECK (FREQ1)
01601 #Finished with port
01601 #switch out input
01601 J2_04 = 0 : NULL : WAIT = 0.1
01602 
01602 
01602 #Finished with mode
01602 #cycle IGN to reset lockup
01602 RLY_K1 = 1 : NULL : WAIT = 2
01603 RLY_K1 = 0 : NULL : WAIT = 2
01604 #-----setup 39009-----
01604 #configure
01604 Command = 82, MODE1 = 0, MODE2 = 0, Enable_24VDC = 0, Analog_Raw_Value = 0 : NULL : WAIT = 0.2
01605 Command = 0, MODE1 = 0, MODE2 = 0, Enable_24VDC = 0, Analog_Raw_Value = 0 : NULL
01606 Command = 83, MODE1A = 1, MODE1B = 4, MODE2A = 1, MODE2B = 1, MODE3A = 4, MODE3B = 4, MODE4A = 1, MODE4B = 1, MODE5A = 6, MODE5B = 6, MODE6A = 1, MODE6B = 1, MODE7A = 6, MODE7B = 6 : NULL : WAIT = 0.2
01607 Command = 0, MODE1A = 0, MODE1B = 0, MODE2A = 0, MODE2B = 0, MODE3A = 0, MODE3B = 0, MODE4A = 0, MODE4B = 0, MODE5A = 0, MODE5B = 0, MODE6A = 0, MODE6B = 0, MODE7A = 0, MODE7B = 0 : NULL
01608 Command = 84, MODE8A = 1, MODE8B = 1, MODE9A = 6, MODE9B = 6, MODE10A = 1, MODE10B = 1, GLOBAL_KP = 255, GLOBAL_KI = 255 : NULL : WAIT = 0.2
01609 Command = 0, MODE8A = 0, MODE8B = 0, MODE9A = 0, MODE9B = 0, MODE10A = 0, MODE10B = 0, GLOBAL_KP = 0, GLOBAL_KI = 0 : NULL
01610 Command = 82, Enable_Fault_Reset = 1, Save_Configuration = 1, Enable_DPLTx = 1, Enable_DPLF1 = 1, Enable_DPLF2 = 1 : NULL : WAIT = 0.2
01611 Command = 0, Enable_Fault_Reset = 0, Save_Configuration = 0, Enable_DPLTx = 0, Enable_DPLF1 = 0, Enable_DPLF2 = 0 : NULL
01612 #switch input to load line
01612 J2_01 = 1 : NULL : WAIT = 1
01613 
01613 #TESTING - ModeIndex 25 PortIndex 0
01613 J4_01 = 1 : NULL : WAIT = 0.1
01614 SWEEP-RUNNING DEATHSWEEP!
Connected: RIGOL TECHNOLOGIES,DP832,DP8C180100022,00.01.19
VISA resource: USB0::0x1AB1::0x0E11::DP8C180100022::INSTR
Sweeping CH2 mode=updown: 4.320000 V -> 4.430000 V -> 4.320000 V in 0.001000 V steps (221 points)
       0/220 set=4.320000 V elapsed=0.031s rate=32.26 steps/s
      50/220 set=4.370000 V elapsed=1.094s rate=46.62 steps/s eta=3.647s
     100/220 set=4.420000 V elapsed=2.156s rate=46.85 steps/s eta=2.562s
     150/220 set=4.390000 V elapsed=3.219s rate=46.91 steps/s eta=1.492s
     200/220 set=4.340000 V elapsed=4.297s rate=46.78 steps/s eta=0.428s
Sweep complete. Elapsed: 4.719s
Output turned OFF.


01614 J4_01 = 0 : NULL : WAIT = 0.1
01615 #test for lockup
01615 UUT_TXCHECK-2.0
01615 PASS: UUT_TXCHECK (FAULT)
01616 #Finished with port
01616 #switch out input
01616 J2_01 = 0 : NULL : WAIT = 0.1
01617 
01617 #cycle IGN to reset lockup
01617 RLY_K1 = 1 : NULL : WAIT = 2
01618 RLY_K1 = 0 : NULL : WAIT = 2
01619 #-----setup 39009-----
01619 #configure
01619 Command = 82, MODE1 = 0, MODE2 = 0, Enable_24VDC = 0, Analog_Raw_Value = 0 : NULL : WAIT = 0.2
01620 Command = 0, MODE1 = 0, MODE2 = 0, Enable_24VDC = 0, Analog_Raw_Value = 0 : NULL
01621 Command = 83, MODE1A = 1, MODE1B = 4, MODE2A = 1, MODE2B = 1, MODE3A = 4, MODE3B = 4, MODE4A = 1, MODE4B = 1, MODE5A = 6, MODE5B = 6, MODE6A = 1, MODE6B = 1, MODE7A = 6, MODE7B = 6 : NULL : WAIT = 0.2
01622 Command = 0, MODE1A = 0, MODE1B = 0, MODE2A = 0, MODE2B = 0, MODE3A = 0, MODE3B = 0, MODE4A = 0, MODE4B = 0, MODE5A = 0, MODE5B = 0, MODE6A = 0, MODE6B = 0, MODE7A = 0, MODE7B = 0 : NULL
01623 Command = 84, MODE8A = 1, MODE8B = 1, MODE9A = 6, MODE9B = 6, MODE10A = 1, MODE10B = 1, GLOBAL_KP = 255, GLOBAL_KI = 255 : NULL : WAIT = 0.2
01624 Command = 0, MODE8A = 0, MODE8B = 0, MODE9A = 0, MODE9B = 0, MODE10A = 0, MODE10B = 0, GLOBAL_KP = 0, GLOBAL_KI = 0 : NULL
01625 Command = 82, Enable_Fault_Reset = 1, Save_Configuration = 1, Enable_DPLTx = 1, Enable_DPLF1 = 1, Enable_DPLF2 = 1 : NULL : WAIT = 0.2
01626 Command = 0, Enable_Fault_Reset = 0, Save_Configuration = 0, Enable_DPLTx = 0, Enable_DPLF1 = 0, Enable_DPLF2 = 0 : NULL
01627 #switch input to load line
01627 J2_02 = 1 : NULL : WAIT = 1
01628 
01628 #TESTING - ModeIndex 25 PortIndex 1
01628 J4_01 = 1 : NULL : WAIT = 0.1
01629 SWEEP-RUNNING DEATHSWEEP!
Connected: RIGOL TECHNOLOGIES,DP832,DP8C180100022,00.01.19
VISA resource: USB0::0x1AB1::0x0E11::DP8C180100022::INSTR
Sweeping CH2 mode=updown: 4.320000 V -> 4.430000 V -> 4.320000 V in 0.001000 V steps (221 points)
       0/220 set=4.320000 V elapsed=0.047s rate=21.28 steps/s
      50/220 set=4.370000 V elapsed=1.109s rate=45.99 steps/s eta=3.697s
     100/220 set=4.420000 V elapsed=2.172s rate=46.50 steps/s eta=2.581s
     150/220 set=4.390000 V elapsed=3.234s rate=46.69 steps/s eta=1.499s
     200/220 set=4.340000 V elapsed=4.297s rate=46.78 steps/s eta=0.428s
Sweep complete. Elapsed: 4.750s
Output turned OFF.


01629 J4_01 = 0 : NULL : WAIT = 0.1
01630 #test for lockup
01630 UUT_TXCHECK-2.0
01630 PASS: UUT_TXCHECK (DPLT4)
01631 #Finished with port
01631 #switch out input
01631 J2_02 = 0 : NULL : WAIT = 0.1
01632 
01632 #cycle IGN to reset lockup
01632 RLY_K1 = 1 : NULL : WAIT = 2
01633 RLY_K1 = 0 : NULL : WAIT = 2
01634 #-----setup 39009-----
01634 #configure
01634 Command = 82, MODE1 = 0, MODE2 = 0, Enable_24VDC = 0, Analog_Raw_Value = 0 : NULL : WAIT = 0.2
01635 Command = 0, MODE1 = 0, MODE2 = 0, Enable_24VDC = 0, Analog_Raw_Value = 0 : NULL
01636 Command = 83, MODE1A = 1, MODE1B = 4, MODE2A = 1, MODE2B = 1, MODE3A = 4, MODE3B = 4, MODE4A = 1, MODE4B = 1, MODE5A = 6, MODE5B = 6, MODE6A = 1, MODE6B = 1, MODE7A = 6, MODE7B = 6 : NULL : WAIT = 0.2
01637 Command = 0, MODE1A = 0, MODE1B = 0, MODE2A = 0, MODE2B = 0, MODE3A = 0, MODE3B = 0, MODE4A = 0, MODE4B = 0, MODE5A = 0, MODE5B = 0, MODE6A = 0, MODE6B = 0, MODE7A = 0, MODE7B = 0 : NULL
01638 Command = 84, MODE8A = 1, MODE8B = 1, MODE9A = 6, MODE9B = 6, MODE10A = 1, MODE10B = 1, GLOBAL_KP = 255, GLOBAL_KI = 255 : NULL : WAIT = 0.2
01639 Command = 0, MODE8A = 0, MODE8B = 0, MODE9A = 0, MODE9B = 0, MODE10A = 0, MODE10B = 0, GLOBAL_KP = 0, GLOBAL_KI = 0 : NULL
01640 Command = 82, Enable_Fault_Reset = 1, Save_Configuration = 1, Enable_DPLTx = 1, Enable_DPLF1 = 1, Enable_DPLF2 = 1 : NULL : WAIT = 0.2
01641 Command = 0, Enable_Fault_Reset = 0, Save_Configuration = 0, Enable_DPLTx = 0, Enable_DPLF1 = 0, Enable_DPLF2 = 0 : NULL
01642 #switch input to load line
01642 J2_03 = 1 : NULL : WAIT = 1
01643 
01643 #TESTING - ModeIndex 25 PortIndex 2
01643 J4_01 = 1 : NULL : WAIT = 0.1
01644 SWEEP-RUNNING DEATHSWEEP!
Connected: RIGOL TECHNOLOGIES,DP832,DP8C180100022,00.01.19
VISA resource: USB0::0x1AB1::0x0E11::DP8C180100022::INSTR
Sweeping CH2 mode=updown: 4.320000 V -> 4.430000 V -> 4.320000 V in 0.001000 V steps (221 points)
       0/220 set=4.320000 V elapsed=0.047s rate=21.28 steps/s
      50/220 set=4.370000 V elapsed=1.156s rate=44.12 steps/s eta=3.853s
     100/220 set=4.420000 V elapsed=2.250s rate=44.89 steps/s eta=2.673s
     150/220 set=4.390000 V elapsed=3.344s rate=45.16 steps/s eta=1.550s
     200/220 set=4.340000 V elapsed=4.406s rate=45.62 steps/s eta=0.438s
Sweep complete. Elapsed: 4.844s
Output turned OFF.


01644 J4_01 = 0 : NULL : WAIT = 0.1
01645 #test for lockup
01645 UUT_TXCHECK-2.0
01645 PASS: UUT_TXCHECK (DPLF1)
01646 #Finished with port
01646 #switch out input
01646 J2_03 = 0 : NULL : WAIT = 0.1
01647 
01647 #cycle IGN to reset lockup
01647 RLY_K1 = 1 : NULL : WAIT = 2
01648 RLY_K1 = 0 : NULL : WAIT = 2
01649 #-----setup 39009-----
01649 #configure
01649 Command = 82, MODE1 = 0, MODE2 = 0, Enable_24VDC = 0, Analog_Raw_Value = 0 : NULL : WAIT = 0.2
01650 Command = 0, MODE1 = 0, MODE2 = 0, Enable_24VDC = 0, Analog_Raw_Value = 0 : NULL
01651 Command = 83, MODE1A = 1, MODE1B = 4, MODE2A = 1, MODE2B = 1, MODE3A = 4, MODE3B = 4, MODE4A = 1, MODE4B = 1, MODE5A = 6, MODE5B = 6, MODE6A = 1, MODE6B = 1, MODE7A = 6, MODE7B = 6 : NULL : WAIT = 0.2
01652 Command = 0, MODE1A = 0, MODE1B = 0, MODE2A = 0, MODE2B = 0, MODE3A = 0, MODE3B = 0, MODE4A = 0, MODE4B = 0, MODE5A = 0, MODE5B = 0, MODE6A = 0, MODE6B = 0, MODE7A = 0, MODE7B = 0 : NULL
01653 Command = 84, MODE8A = 1, MODE8B = 1, MODE9A = 6, MODE9B = 6, MODE10A = 1, MODE10B = 1, GLOBAL_KP = 255, GLOBAL_KI = 255 : NULL : WAIT = 0.2
01654 Command = 0, MODE8A = 0, MODE8B = 0, MODE9A = 0, MODE9B = 0, MODE10A = 0, MODE10B = 0, GLOBAL_KP = 0, GLOBAL_KI = 0 : NULL
01655 Command = 82, Enable_Fault_Reset = 1, Save_Configuration = 1, Enable_DPLTx = 1, Enable_DPLF1 = 1, Enable_DPLF2 = 1 : NULL : WAIT = 0.2
01656 Command = 0, Enable_Fault_Reset = 0, Save_Configuration = 0, Enable_DPLTx = 0, Enable_DPLF1 = 0, Enable_DPLF2 = 0 : NULL
01657 #switch input to load line
01657 J2_04 = 1 : NULL : WAIT = 1
01658 
01658 #TESTING - ModeIndex 25 PortIndex 3
01658 J4_01 = 1 : NULL : WAIT = 0.1
01659 SWEEP-RUNNING DEATHSWEEP!
Connected: RIGOL TECHNOLOGIES,DP832,DP8C180100022,00.01.19
VISA resource: USB0::0x1AB1::0x0E11::DP8C180100022::INSTR
Sweeping CH2 mode=updown: 4.320000 V -> 4.430000 V -> 4.320000 V in 0.001000 V steps (221 points)
       0/220 set=4.320000 V elapsed=0.016s rate=62.50 steps/s
      50/220 set=4.370000 V elapsed=1.125s rate=45.33 steps/s eta=3.750s
     100/220 set=4.420000 V elapsed=2.250s rate=44.89 steps/s eta=2.673s
     150/220 set=4.390000 V elapsed=3.297s rate=45.80 steps/s eta=1.528s
     200/220 set=4.340000 V elapsed=4.407s rate=45.61 steps/s eta=0.439s
Sweep complete. Elapsed: 4.829s
Output turned OFF.


01659 J4_01 = 0 : NULL : WAIT = 0.1
01660 #test for lockup
01660 UUT_TXCHECK-2.0
01660 PASS: UUT_TXCHECK (AD4)
01661 #Finished with port
01661 #switch out input
01661 J2_04 = 0 : NULL : WAIT = 0.1
01662 
01662 
01662 #Finished with mode
01662 #cycle IGN to reset lockup
01662 RLY_K1 = 1 : NULL : WAIT = 2
01663 RLY_K1 = 0 : NULL : WAIT = 2
01664 #-----setup 39009-----
01664 #configure
01664 Command = 82, MODE1 = 0, MODE2 = 0, Enable_24VDC = 0, Analog_Raw_Value = 0 : NULL : WAIT = 0.2
01665 Command = 0, MODE1 = 0, MODE2 = 0, Enable_24VDC = 0, Analog_Raw_Value = 0 : NULL
01666 Command = 83, MODE1A = 1, MODE1B = 4, MODE2A = 1, MODE2B = 1, MODE3A = 4, MODE3B = 1, MODE4A = 1, MODE4B = 1, MODE5A = 6, MODE5B = 6, MODE6A = 1, MODE6B = 1, MODE7A = 6, MODE7B = 6 : NULL : WAIT = 0.2
01667 Command = 0, MODE1A = 0, MODE1B = 0, MODE2A = 0, MODE2B = 0, MODE3A = 0, MODE3B = 0, MODE4A = 0, MODE4B = 0, MODE5A = 0, MODE5B = 0, MODE6A = 0, MODE6B = 0, MODE7A = 0, MODE7B = 0 : NULL
01668 Command = 84, MODE8A = 1, MODE8B = 1, MODE9A = 6, MODE9B = 6, MODE10A = 1, MODE10B = 1, GLOBAL_KP = 255, GLOBAL_KI = 255 : NULL : WAIT = 0.2
01669 Command = 0, MODE8A = 0, MODE8B = 0, MODE9A = 0, MODE9B = 0, MODE10A = 0, MODE10B = 0, GLOBAL_KP = 0, GLOBAL_KI = 0 : NULL
01670 Command = 82, Enable_Fault_Reset = 1, Save_Configuration = 1, Enable_DPLTx = 1, Enable_DPLF1 = 1, Enable_DPLF2 = 1 : NULL : WAIT = 0.2
01671 Command = 0, Enable_Fault_Reset = 0, Save_Configuration = 0, Enable_DPLTx = 0, Enable_DPLF1 = 0, Enable_DPLF2 = 0 : NULL
01672 #switch input to load line
01672 J2_01 = 1 : NULL : WAIT = 1
01673 
01673 #TESTING - ModeIndex 26 PortIndex 0
01673 J4_01 = 1 : NULL : WAIT = 0.1
01674 SWEEP-RUNNING DEATHSWEEP!
Connected: RIGOL TECHNOLOGIES,DP832,DP8C180100022,00.01.19
VISA resource: USB0::0x1AB1::0x0E11::DP8C180100022::INSTR
Sweeping CH2 mode=updown: 4.320000 V -> 4.430000 V -> 4.320000 V in 0.001000 V steps (221 points)
       0/220 set=4.320000 V elapsed=0.031s rate=32.26 steps/s
      50/220 set=4.370000 V elapsed=1.093s rate=46.66 steps/s eta=3.643s
     100/220 set=4.420000 V elapsed=2.203s rate=45.85 steps/s eta=2.617s
     150/220 set=4.390000 V elapsed=3.296s rate=45.81 steps/s eta=1.528s
     200/220 set=4.340000 V elapsed=4.375s rate=45.94 steps/s eta=0.435s
Sweep complete. Elapsed: 4.812s
Output turned OFF.


01674 J4_01 = 0 : NULL : WAIT = 0.1
01675 #test for lockup
01675 UUT_TXCHECK-2.0
01675 PASS: UUT_TXCHECK (DPLF1)
01676 #Finished with port
01676 #switch out input
01676 J2_01 = 0 : NULL : WAIT = 0.1
01677 
01677 #cycle IGN to reset lockup
01677 RLY_K1 = 1 : NULL : WAIT = 2
01678 RLY_K1 = 0 : NULL : WAIT = 2
01679 #-----setup 39009-----
01679 #configure
01679 Command = 82, MODE1 = 0, MODE2 = 0, Enable_24VDC = 0, Analog_Raw_Value = 0 : NULL : WAIT = 0.2
01680 Command = 0, MODE1 = 0, MODE2 = 0, Enable_24VDC = 0, Analog_Raw_Value = 0 : NULL
01681 Command = 83, MODE1A = 1, MODE1B = 4, MODE2A = 1, MODE2B = 1, MODE3A = 4, MODE3B = 1, MODE4A = 1, MODE4B = 1, MODE5A = 6, MODE5B = 6, MODE6A = 1, MODE6B = 1, MODE7A = 6, MODE7B = 6 : NULL : WAIT = 0.2
01682 Command = 0, MODE1A = 0, MODE1B = 0, MODE2A = 0, MODE2B = 0, MODE3A = 0, MODE3B = 0, MODE4A = 0, MODE4B = 0, MODE5A = 0, MODE5B = 0, MODE6A = 0, MODE6B = 0, MODE7A = 0, MODE7B = 0 : NULL
01683 Command = 84, MODE8A = 1, MODE8B = 1, MODE9A = 6, MODE9B = 6, MODE10A = 1, MODE10B = 1, GLOBAL_KP = 255, GLOBAL_KI = 255 : NULL : WAIT = 0.2
01684 Command = 0, MODE8A = 0, MODE8B = 0, MODE9A = 0, MODE9B = 0, MODE10A = 0, MODE10B = 0, GLOBAL_KP = 0, GLOBAL_KI = 0 : NULL
01685 Command = 82, Enable_Fault_Reset = 1, Save_Configuration = 1, Enable_DPLTx = 1, Enable_DPLF1 = 1, Enable_DPLF2 = 1 : NULL : WAIT = 0.2
01686 Command = 0, Enable_Fault_Reset = 0, Save_Configuration = 0, Enable_DPLTx = 0, Enable_DPLF1 = 0, Enable_DPLF2 = 0 : NULL
01687 #switch input to load line
01687 J2_02 = 1 : NULL : WAIT = 1
01688 
01688 #TESTING - ModeIndex 26 PortIndex 1
01688 J4_01 = 1 : NULL : WAIT = 0.1
01689 SWEEP-RUNNING DEATHSWEEP!
Connected: RIGOL TECHNOLOGIES,DP832,DP8C180100022,00.01.19
VISA resource: USB0::0x1AB1::0x0E11::DP8C180100022::INSTR
Sweeping CH2 mode=updown: 4.320000 V -> 4.430000 V -> 4.320000 V in 0.001000 V steps (221 points)
       0/220 set=4.320000 V elapsed=0.046s rate=21.74 steps/s
      50/220 set=4.370000 V elapsed=1.109s rate=45.99 steps/s eta=3.697s
     100/220 set=4.420000 V elapsed=2.187s rate=46.18 steps/s eta=2.598s
     150/220 set=4.390000 V elapsed=3.296s rate=45.81 steps/s eta=1.528s
     200/220 set=4.340000 V elapsed=4.375s rate=45.94 steps/s eta=0.435s
Sweep complete. Elapsed: 4.812s
Output turned OFF.


01689 J4_01 = 0 : NULL : WAIT = 0.1
01690 #test for lockup
01690 UUT_TXCHECK-2.0
01690 PASS: UUT_TXCHECK (DPLF1)
01691 #Finished with port
01691 #switch out input
01691 J2_02 = 0 : NULL : WAIT = 0.1
01692 
01692 #cycle IGN to reset lockup
01692 RLY_K1 = 1 : NULL : WAIT = 2
01693 RLY_K1 = 0 : NULL : WAIT = 2
01694 #-----setup 39009-----
01694 #configure
01694 Command = 82, MODE1 = 0, MODE2 = 0, Enable_24VDC = 0, Analog_Raw_Value = 0 : NULL : WAIT = 0.2
01695 Command = 0, MODE1 = 0, MODE2 = 0, Enable_24VDC = 0, Analog_Raw_Value = 0 : NULL
01696 Command = 83, MODE1A = 1, MODE1B = 4, MODE2A = 1, MODE2B = 1, MODE3A = 4, MODE3B = 1, MODE4A = 1, MODE4B = 1, MODE5A = 6, MODE5B = 6, MODE6A = 1, MODE6B = 1, MODE7A = 6, MODE7B = 6 : NULL : WAIT = 0.2
01697 Command = 0, MODE1A = 0, MODE1B = 0, MODE2A = 0, MODE2B = 0, MODE3A = 0, MODE3B = 0, MODE4A = 0, MODE4B = 0, MODE5A = 0, MODE5B = 0, MODE6A = 0, MODE6B = 0, MODE7A = 0, MODE7B = 0 : NULL
01698 Command = 84, MODE8A = 1, MODE8B = 1, MODE9A = 6, MODE9B = 6, MODE10A = 1, MODE10B = 1, GLOBAL_KP = 255, GLOBAL_KI = 255 : NULL : WAIT = 0.2
01699 Command = 0, MODE8A = 0, MODE8B = 0, MODE9A = 0, MODE9B = 0, MODE10A = 0, MODE10B = 0, GLOBAL_KP = 0, GLOBAL_KI = 0 : NULL
01700 Command = 82, Enable_Fault_Reset = 1, Save_Configuration = 1, Enable_DPLTx = 1, Enable_DPLF1 = 1, Enable_DPLF2 = 1 : NULL : WAIT = 0.2
01701 Command = 0, Enable_Fault_Reset = 0, Save_Configuration = 0, Enable_DPLTx = 0, Enable_DPLF1 = 0, Enable_DPLF2 = 0 : NULL
01702 #switch input to load line
01702 J2_03 = 1 : NULL : WAIT = 1
01703 
01703 #TESTING - ModeIndex 26 PortIndex 2
01703 J4_01 = 1 : NULL : WAIT = 0.1
01704 SWEEP-RUNNING DEATHSWEEP!
Connected: RIGOL TECHNOLOGIES,DP832,DP8C180100022,00.01.19
VISA resource: USB0::0x1AB1::0x0E11::DP8C180100022::INSTR
Sweeping CH2 mode=updown: 4.320000 V -> 4.430000 V -> 4.320000 V in 0.001000 V steps (221 points)
       0/220 set=4.320000 V elapsed=0.031s rate=32.26 steps/s
      50/220 set=4.370000 V elapsed=1.109s rate=45.99 steps/s eta=3.697s
     100/220 set=4.420000 V elapsed=2.203s rate=45.85 steps/s eta=2.617s
     150/220 set=4.390000 V elapsed=3.281s rate=46.02 steps/s eta=1.521s
     200/220 set=4.340000 V elapsed=4.375s rate=45.94 steps/s eta=0.435s
Sweep complete. Elapsed: 4.796s
Output turned OFF.


01704 J4_01 = 0 : NULL : WAIT = 0.1
01705 #test for lockup
01705 UUT_TXCHECK-2.0
01705 PASS: UUT_TXCHECK (DPLF1)
01706 #Finished with port
01706 #switch out input
01706 J2_03 = 0 : NULL : WAIT = 0.1
01707 
01707 #cycle IGN to reset lockup
01707 RLY_K1 = 1 : NULL : WAIT = 2
01708 RLY_K1 = 0 : NULL : WAIT = 2
01709 #-----setup 39009-----
01709 #configure
01709 Command = 82, MODE1 = 0, MODE2 = 0, Enable_24VDC = 0, Analog_Raw_Value = 0 : NULL : WAIT = 0.2
01710 Command = 0, MODE1 = 0, MODE2 = 0, Enable_24VDC = 0, Analog_Raw_Value = 0 : NULL
01711 Command = 83, MODE1A = 1, MODE1B = 4, MODE2A = 1, MODE2B = 1, MODE3A = 4, MODE3B = 1, MODE4A = 1, MODE4B = 1, MODE5A = 6, MODE5B = 6, MODE6A = 1, MODE6B = 1, MODE7A = 6, MODE7B = 6 : NULL : WAIT = 0.2
01712 Command = 0, MODE1A = 0, MODE1B = 0, MODE2A = 0, MODE2B = 0, MODE3A = 0, MODE3B = 0, MODE4A = 0, MODE4B = 0, MODE5A = 0, MODE5B = 0, MODE6A = 0, MODE6B = 0, MODE7A = 0, MODE7B = 0 : NULL
01713 Command = 84, MODE8A = 1, MODE8B = 1, MODE9A = 6, MODE9B = 6, MODE10A = 1, MODE10B = 1, GLOBAL_KP = 255, GLOBAL_KI = 255 : NULL : WAIT = 0.2
01714 Command = 0, MODE8A = 0, MODE8B = 0, MODE9A = 0, MODE9B = 0, MODE10A = 0, MODE10B = 0, GLOBAL_KP = 0, GLOBAL_KI = 0 : NULL
01715 Command = 82, Enable_Fault_Reset = 1, Save_Configuration = 1, Enable_DPLTx = 1, Enable_DPLF1 = 1, Enable_DPLF2 = 1 : NULL : WAIT = 0.2
01716 Command = 0, Enable_Fault_Reset = 0, Save_Configuration = 0, Enable_DPLTx = 0, Enable_DPLF1 = 0, Enable_DPLF2 = 0 : NULL
01717 #switch input to load line
01717 J2_04 = 1 : NULL : WAIT = 1
01718 
01718 #TESTING - ModeIndex 26 PortIndex 3
01718 J4_01 = 1 : NULL : WAIT = 0.1
01719 SWEEP-RUNNING DEATHSWEEP!
Connected: RIGOL TECHNOLOGIES,DP832,DP8C180100022,00.01.19
VISA resource: USB0::0x1AB1::0x0E11::DP8C180100022::INSTR
Sweeping CH2 mode=updown: 4.320000 V -> 4.430000 V -> 4.320000 V in 0.001000 V steps (221 points)
       0/220 set=4.320000 V elapsed=0.031s rate=32.26 steps/s
      50/220 set=4.370000 V elapsed=1.078s rate=47.31 steps/s eta=3.593s
     100/220 set=4.420000 V elapsed=2.156s rate=46.85 steps/s eta=2.562s
     150/220 set=4.390000 V elapsed=3.265s rate=46.25 steps/s eta=1.514s
     200/220 set=4.340000 V elapsed=4.406s rate=45.62 steps/s eta=0.438s
Sweep complete. Elapsed: 4.875s
Output turned OFF.


01719 J4_01 = 0 : NULL : WAIT = 0.1
01720 #test for lockup
01720 UUT_TXCHECK-2.0
01720 PASS: UUT_TXCHECK (DPLF1)
01721 #Finished with port
01721 #switch out input
01721 J2_04 = 0 : NULL : WAIT = 0.1
01722 
01722 
01722 #Finished with mode
01722 #cycle IGN to reset lockup
01722 RLY_K1 = 1 : NULL : WAIT = 2
01723 RLY_K1 = 0 : NULL : WAIT = 2
01724 #-----setup 39009-----
01724 #configure
01724 Command = 82, MODE1 = 0, MODE2 = 0, Enable_24VDC = 0, Analog_Raw_Value = 0 : NULL : WAIT = 0.2
01725 Command = 0, MODE1 = 0, MODE2 = 0, Enable_24VDC = 0, Analog_Raw_Value = 0 : NULL
01726 Command = 83, MODE1A = 1, MODE1B = 4, MODE2A = 1, MODE2B = 1, MODE3A = 1, MODE3B = 4, MODE4A = 1, MODE4B = 1, MODE5A = 6, MODE5B = 6, MODE6A = 1, MODE6B = 1, MODE7A = 6, MODE7B = 6 : NULL : WAIT = 0.2
01727 Command = 0, MODE1A = 0, MODE1B = 0, MODE2A = 0, MODE2B = 0, MODE3A = 0, MODE3B = 0, MODE4A = 0, MODE4B = 0, MODE5A = 0, MODE5B = 0, MODE6A = 0, MODE6B = 0, MODE7A = 0, MODE7B = 0 : NULL
01728 Command = 84, MODE8A = 1, MODE8B = 1, MODE9A = 6, MODE9B = 6, MODE10A = 1, MODE10B = 1, GLOBAL_KP = 255, GLOBAL_KI = 255 : NULL : WAIT = 0.2
01729 Command = 0, MODE8A = 0, MODE8B = 0, MODE9A = 0, MODE9B = 0, MODE10A = 0, MODE10B = 0, GLOBAL_KP = 0, GLOBAL_KI = 0 : NULL
01730 Command = 82, Enable_Fault_Reset = 1, Save_Configuration = 1, Enable_DPLTx = 1, Enable_DPLF1 = 1, Enable_DPLF2 = 1 : NULL : WAIT = 0.2
01731 Command = 0, Enable_Fault_Reset = 0, Save_Configuration = 0, Enable_DPLTx = 0, Enable_DPLF1 = 0, Enable_DPLF2 = 0 : NULL
01732 #switch input to load line
01732 J2_01 = 1 : NULL : WAIT = 1
01733 
01733 #TESTING - ModeIndex 27 PortIndex 0
01733 J4_01 = 1 : NULL : WAIT = 0.1
01734 SWEEP-RUNNING DEATHSWEEP!
Connected: RIGOL TECHNOLOGIES,DP832,DP8C180100022,00.01.19
VISA resource: USB0::0x1AB1::0x0E11::DP8C180100022::INSTR
Sweeping CH2 mode=updown: 4.320000 V -> 4.430000 V -> 4.320000 V in 0.001000 V steps (221 points)
       0/220 set=4.320000 V elapsed=0.015s rate=66.67 steps/s
      50/220 set=4.370000 V elapsed=1.125s rate=45.33 steps/s eta=3.750s
     100/220 set=4.420000 V elapsed=2.218s rate=45.54 steps/s eta=2.635s
     150/220 set=4.390000 V elapsed=3.312s rate=45.59 steps/s eta=1.535s
     200/220 set=4.340000 V elapsed=4.359s rate=46.11 steps/s eta=0.434s
Sweep complete. Elapsed: 4.828s
Output turned OFF.


01734 J4_01 = 0 : NULL : WAIT = 0.1
01735 #test for lockup
01735 UUT_TXCHECK-2.0
01735 PASS: UUT_TXCHECK (DPLF1)
01736 #Finished with port
01736 #switch out input
01736 J2_01 = 0 : NULL : WAIT = 0.1
01737 
01737 #cycle IGN to reset lockup
01737 RLY_K1 = 1 : NULL : WAIT = 2
01738 RLY_K1 = 0 : NULL : WAIT = 2
01739 #-----setup 39009-----
01739 #configure
01739 Command = 82, MODE1 = 0, MODE2 = 0, Enable_24VDC = 0, Analog_Raw_Value = 0 : NULL : WAIT = 0.2
01740 Command = 0, MODE1 = 0, MODE2 = 0, Enable_24VDC = 0, Analog_Raw_Value = 0 : NULL
01741 Command = 83, MODE1A = 1, MODE1B = 4, MODE2A = 1, MODE2B = 1, MODE3A = 1, MODE3B = 4, MODE4A = 1, MODE4B = 1, MODE5A = 6, MODE5B = 6, MODE6A = 1, MODE6B = 1, MODE7A = 6, MODE7B = 6 : NULL : WAIT = 0.2
01742 Command = 0, MODE1A = 0, MODE1B = 0, MODE2A = 0, MODE2B = 0, MODE3A = 0, MODE3B = 0, MODE4A = 0, MODE4B = 0, MODE5A = 0, MODE5B = 0, MODE6A = 0, MODE6B = 0, MODE7A = 0, MODE7B = 0 : NULL
01743 Command = 84, MODE8A = 1, MODE8B = 1, MODE9A = 6, MODE9B = 6, MODE10A = 1, MODE10B = 1, GLOBAL_KP = 255, GLOBAL_KI = 255 : NULL : WAIT = 0.2
01744 Command = 0, MODE8A = 0, MODE8B = 0, MODE9A = 0, MODE9B = 0, MODE10A = 0, MODE10B = 0, GLOBAL_KP = 0, GLOBAL_KI = 0 : NULL
01745 Command = 82, Enable_Fault_Reset = 1, Save_Configuration = 1, Enable_DPLTx = 1, Enable_DPLF1 = 1, Enable_DPLF2 = 1 : NULL : WAIT = 0.2
01746 Command = 0, Enable_Fault_Reset = 0, Save_Configuration = 0, Enable_DPLTx = 0, Enable_DPLF1 = 0, Enable_DPLF2 = 0 : NULL
01747 #switch input to load line
01747 J2_02 = 1 : NULL : WAIT = 1
01748 
01748 #TESTING - ModeIndex 27 PortIndex 1
01748 J4_01 = 1 : NULL : WAIT = 0.1
01749 SWEEP-RUNNING DEATHSWEEP!
Connected: RIGOL TECHNOLOGIES,DP832,DP8C180100022,00.01.19
VISA resource: USB0::0x1AB1::0x0E11::DP8C180100022::INSTR
Sweeping CH2 mode=updown: 4.320000 V -> 4.430000 V -> 4.320000 V in 0.001000 V steps (221 points)
       0/220 set=4.320000 V elapsed=0.032s rate=31.25 steps/s
      50/220 set=4.370000 V elapsed=1.125s rate=45.33 steps/s eta=3.750s
     100/220 set=4.420000 V elapsed=2.172s rate=46.50 steps/s eta=2.581s
     150/220 set=4.390000 V elapsed=3.266s rate=46.23 steps/s eta=1.514s
     200/220 set=4.340000 V elapsed=4.313s rate=46.60 steps/s eta=0.429s
Sweep complete. Elapsed: 4.735s
Output turned OFF.


01749 J4_01 = 0 : NULL : WAIT = 0.1
01750 #test for lockup
01750 UUT_TXCHECK-2.0
01750 PASS: UUT_TXCHECK (FAULT)
01751 #Finished with port
01751 #switch out input
01751 J2_02 = 0 : NULL : WAIT = 0.1
01752 
01752 #cycle IGN to reset lockup
01752 RLY_K1 = 1 : NULL : WAIT = 2
01753 RLY_K1 = 0 : NULL : WAIT = 2
01754 #-----setup 39009-----
01754 #configure
01754 Command = 82, MODE1 = 0, MODE2 = 0, Enable_24VDC = 0, Analog_Raw_Value = 0 : NULL : WAIT = 0.2
01755 Command = 0, MODE1 = 0, MODE2 = 0, Enable_24VDC = 0, Analog_Raw_Value = 0 : NULL
01756 Command = 83, MODE1A = 1, MODE1B = 4, MODE2A = 1, MODE2B = 1, MODE3A = 1, MODE3B = 4, MODE4A = 1, MODE4B = 1, MODE5A = 6, MODE5B = 6, MODE6A = 1, MODE6B = 1, MODE7A = 6, MODE7B = 6 : NULL : WAIT = 0.2
01757 Command = 0, MODE1A = 0, MODE1B = 0, MODE2A = 0, MODE2B = 0, MODE3A = 0, MODE3B = 0, MODE4A = 0, MODE4B = 0, MODE5A = 0, MODE5B = 0, MODE6A = 0, MODE6B = 0, MODE7A = 0, MODE7B = 0 : NULL
01758 Command = 84, MODE8A = 1, MODE8B = 1, MODE9A = 6, MODE9B = 6, MODE10A = 1, MODE10B = 1, GLOBAL_KP = 255, GLOBAL_KI = 255 : NULL : WAIT = 0.2
01759 Command = 0, MODE8A = 0, MODE8B = 0, MODE9A = 0, MODE9B = 0, MODE10A = 0, MODE10B = 0, GLOBAL_KP = 0, GLOBAL_KI = 0 : NULL
01760 Command = 82, Enable_Fault_Reset = 1, Save_Configuration = 1, Enable_DPLTx = 1, Enable_DPLF1 = 1, Enable_DPLF2 = 1 : NULL : WAIT = 0.2
01761 Command = 0, Enable_Fault_Reset = 0, Save_Configuration = 0, Enable_DPLTx = 0, Enable_DPLF1 = 0, Enable_DPLF2 = 0 : NULL
01762 #switch input to load line
01762 J2_03 = 1 : NULL : WAIT = 1
01763 
01763 #TESTING - ModeIndex 27 PortIndex 2
01763 J4_01 = 1 : NULL : WAIT = 0.1
01764 SWEEP-RUNNING DEATHSWEEP!
Connected: RIGOL TECHNOLOGIES,DP832,DP8C180100022,00.01.19
VISA resource: USB0::0x1AB1::0x0E11::DP8C180100022::INSTR
Sweeping CH2 mode=updown: 4.320000 V -> 4.430000 V -> 4.320000 V in 0.001000 V steps (221 points)
       0/220 set=4.320000 V elapsed=0.016s rate=62.50 steps/s
      50/220 set=4.370000 V elapsed=1.109s rate=45.99 steps/s eta=3.697s
     100/220 set=4.420000 V elapsed=2.187s rate=46.18 steps/s eta=2.598s
     150/220 set=4.390000 V elapsed=3.250s rate=46.46 steps/s eta=1.507s
     200/220 set=4.340000 V elapsed=4.375s rate=45.94 steps/s eta=0.435s
Sweep complete. Elapsed: 4.812s
Output turned OFF.


01764 J4_01 = 0 : NULL : WAIT = 0.1
01765 #test for lockup
01765 UUT_TXCHECK-2.0
01765 PASS: UUT_TXCHECK (FAULT)
01766 #Finished with port
01766 #switch out input
01766 J2_03 = 0 : NULL : WAIT = 0.1
01767 
01767 #cycle IGN to reset lockup
01767 RLY_K1 = 1 : NULL : WAIT = 2
01768 RLY_K1 = 0 : NULL : WAIT = 2
01769 #-----setup 39009-----
01769 #configure
01769 Command = 82, MODE1 = 0, MODE2 = 0, Enable_24VDC = 0, Analog_Raw_Value = 0 : NULL : WAIT = 0.2
01770 Command = 0, MODE1 = 0, MODE2 = 0, Enable_24VDC = 0, Analog_Raw_Value = 0 : NULL
01771 Command = 83, MODE1A = 1, MODE1B = 4, MODE2A = 1, MODE2B = 1, MODE3A = 1, MODE3B = 4, MODE4A = 1, MODE4B = 1, MODE5A = 6, MODE5B = 6, MODE6A = 1, MODE6B = 1, MODE7A = 6, MODE7B = 6 : NULL : WAIT = 0.2
01772 Command = 0, MODE1A = 0, MODE1B = 0, MODE2A = 0, MODE2B = 0, MODE3A = 0, MODE3B = 0, MODE4A = 0, MODE4B = 0, MODE5A = 0, MODE5B = 0, MODE6A = 0, MODE6B = 0, MODE7A = 0, MODE7B = 0 : NULL
01773 Command = 84, MODE8A = 1, MODE8B = 1, MODE9A = 6, MODE9B = 6, MODE10A = 1, MODE10B = 1, GLOBAL_KP = 255, GLOBAL_KI = 255 : NULL : WAIT = 0.2
01774 Command = 0, MODE8A = 0, MODE8B = 0, MODE9A = 0, MODE9B = 0, MODE10A = 0, MODE10B = 0, GLOBAL_KP = 0, GLOBAL_KI = 0 : NULL
01775 Command = 82, Enable_Fault_Reset = 1, Save_Configuration = 1, Enable_DPLTx = 1, Enable_DPLF1 = 1, Enable_DPLF2 = 1 : NULL : WAIT = 0.2
01776 Command = 0, Enable_Fault_Reset = 0, Save_Configuration = 0, Enable_DPLTx = 0, Enable_DPLF1 = 0, Enable_DPLF2 = 0 : NULL
01777 #switch input to load line
01777 J2_04 = 1 : NULL : WAIT = 1
01778 
01778 #TESTING - ModeIndex 27 PortIndex 3
01778 J4_01 = 1 : NULL : WAIT = 0.1
01779 SWEEP-RUNNING DEATHSWEEP!
Connected: RIGOL TECHNOLOGIES,DP832,DP8C180100022,00.01.19
VISA resource: USB0::0x1AB1::0x0E11::DP8C180100022::INSTR
Sweeping CH2 mode=updown: 4.320000 V -> 4.430000 V -> 4.320000 V in 0.001000 V steps (221 points)
       0/220 set=4.320000 V elapsed=0.031s rate=32.26 steps/s
      50/220 set=4.370000 V elapsed=1.109s rate=45.99 steps/s eta=3.697s
     100/220 set=4.420000 V elapsed=2.172s rate=46.50 steps/s eta=2.581s
     150/220 set=4.390000 V elapsed=3.234s rate=46.69 steps/s eta=1.499s
     200/220 set=4.340000 V elapsed=4.344s rate=46.27 steps/s eta=0.432s
Sweep complete. Elapsed: 4.797s
Output turned OFF.


01779 J4_01 = 0 : NULL : WAIT = 0.1
01780 #test for lockup
01780 UUT_TXCHECK-2.0
01780 PASS: UUT_TXCHECK (DPLF1)
01781 #Finished with port
01781 #switch out input
01781 J2_04 = 0 : NULL : WAIT = 0.1
01782 
01782 
01782 #Finished with mode
01782 #cycle IGN to reset lockup
01782 RLY_K1 = 1 : NULL : WAIT = 2
01783 RLY_K1 = 0 : NULL : WAIT = 2
01784 #-----setup 39009-----
01784 #configure
01784 Command = 82, MODE1 = 0, MODE2 = 0, Enable_24VDC = 0, Analog_Raw_Value = 0 : NULL : WAIT = 0.2
01785 Command = 0, MODE1 = 0, MODE2 = 0, Enable_24VDC = 0, Analog_Raw_Value = 0 : NULL
01786 Command = 83, MODE1A = 1, MODE1B = 4, MODE2A = 1, MODE2B = 1, MODE3A = 1, MODE3B = 1, MODE4A = 1, MODE4B = 1, MODE5A = 6, MODE5B = 6, MODE6A = 1, MODE6B = 1, MODE7A = 6, MODE7B = 6 : NULL : WAIT = 0.2
01787 Command = 0, MODE1A = 0, MODE1B = 0, MODE2A = 0, MODE2B = 0, MODE3A = 0, MODE3B = 0, MODE4A = 0, MODE4B = 0, MODE5A = 0, MODE5B = 0, MODE6A = 0, MODE6B = 0, MODE7A = 0, MODE7B = 0 : NULL
01788 Command = 84, MODE8A = 1, MODE8B = 1, MODE9A = 6, MODE9B = 6, MODE10A = 1, MODE10B = 1, GLOBAL_KP = 255, GLOBAL_KI = 255 : NULL : WAIT = 0.2
01789 Command = 0, MODE8A = 0, MODE8B = 0, MODE9A = 0, MODE9B = 0, MODE10A = 0, MODE10B = 0, GLOBAL_KP = 0, GLOBAL_KI = 0 : NULL
01790 Command = 82, Enable_Fault_Reset = 1, Save_Configuration = 1, Enable_DPLTx = 1, Enable_DPLF1 = 1, Enable_DPLF2 = 1 : NULL : WAIT = 0.2
01791 Command = 0, Enable_Fault_Reset = 0, Save_Configuration = 0, Enable_DPLTx = 0, Enable_DPLF1 = 0, Enable_DPLF2 = 0 : NULL
01792 #switch input to load line
01792 J2_01 = 1 : NULL : WAIT = 1
01793 
01793 #TESTING - ModeIndex 28 PortIndex 0
01793 J4_01 = 1 : NULL : WAIT = 0.1
01794 SWEEP-RUNNING DEATHSWEEP!
Connected: RIGOL TECHNOLOGIES,DP832,DP8C180100022,00.01.19
VISA resource: USB0::0x1AB1::0x0E11::DP8C180100022::INSTR
Sweeping CH2 mode=updown: 4.320000 V -> 4.430000 V -> 4.320000 V in 0.001000 V steps (221 points)
       0/220 set=4.320000 V elapsed=0.031s rate=32.26 steps/s
      50/220 set=4.370000 V elapsed=1.094s rate=46.62 steps/s eta=3.647s
     100/220 set=4.420000 V elapsed=2.187s rate=46.18 steps/s eta=2.598s
     150/220 set=4.390000 V elapsed=3.297s rate=45.80 steps/s eta=1.528s
     200/220 set=4.340000 V elapsed=4.390s rate=45.79 steps/s eta=0.437s
Sweep complete. Elapsed: 4.797s
Output turned OFF.


01794 J4_01 = 0 : NULL : WAIT = 0.1
01795 #test for lockup
01795 UUT_TXCHECK-2.0
01795 PASS: UUT_TXCHECK (DIGIN)
01796 #Finished with port
01796 #switch out input
01796 J2_01 = 0 : NULL : WAIT = 0.1
01797 
01797 #cycle IGN to reset lockup
01797 RLY_K1 = 1 : NULL : WAIT = 2
01798 RLY_K1 = 0 : NULL : WAIT = 2
01799 #-----setup 39009-----
01799 #configure
01799 Command = 82, MODE1 = 0, MODE2 = 0, Enable_24VDC = 0, Analog_Raw_Value = 0 : NULL : WAIT = 0.2
01800 Command = 0, MODE1 = 0, MODE2 = 0, Enable_24VDC = 0, Analog_Raw_Value = 0 : NULL
01801 Command = 83, MODE1A = 1, MODE1B = 4, MODE2A = 1, MODE2B = 1, MODE3A = 1, MODE3B = 1, MODE4A = 1, MODE4B = 1, MODE5A = 6, MODE5B = 6, MODE6A = 1, MODE6B = 1, MODE7A = 6, MODE7B = 6 : NULL : WAIT = 0.2
01802 Command = 0, MODE1A = 0, MODE1B = 0, MODE2A = 0, MODE2B = 0, MODE3A = 0, MODE3B = 0, MODE4A = 0, MODE4B = 0, MODE5A = 0, MODE5B = 0, MODE6A = 0, MODE6B = 0, MODE7A = 0, MODE7B = 0 : NULL
01803 Command = 84, MODE8A = 1, MODE8B = 1, MODE9A = 6, MODE9B = 6, MODE10A = 1, MODE10B = 1, GLOBAL_KP = 255, GLOBAL_KI = 255 : NULL : WAIT = 0.2
01804 Command = 0, MODE8A = 0, MODE8B = 0, MODE9A = 0, MODE9B = 0, MODE10A = 0, MODE10B = 0, GLOBAL_KP = 0, GLOBAL_KI = 0 : NULL
01805 Command = 82, Enable_Fault_Reset = 1, Save_Configuration = 1, Enable_DPLTx = 1, Enable_DPLF1 = 1, Enable_DPLF2 = 1 : NULL : WAIT = 0.2
01806 Command = 0, Enable_Fault_Reset = 0, Save_Configuration = 0, Enable_DPLTx = 0, Enable_DPLF1 = 0, Enable_DPLF2 = 0 : NULL
01807 #switch input to load line
01807 J2_02 = 1 : NULL : WAIT = 1
01808 
01808 #TESTING - ModeIndex 28 PortIndex 1
01808 J4_01 = 1 : NULL : WAIT = 0.1
01809 SWEEP-RUNNING DEATHSWEEP!
Connected: RIGOL TECHNOLOGIES,DP832,DP8C180100022,00.01.19
VISA resource: USB0::0x1AB1::0x0E11::DP8C180100022::INSTR
Sweeping CH2 mode=updown: 4.320000 V -> 4.430000 V -> 4.320000 V in 0.001000 V steps (221 points)
       0/220 set=4.320000 V elapsed=0.031s rate=32.26 steps/s
      50/220 set=4.370000 V elapsed=1.078s rate=47.31 steps/s eta=3.593s
     100/220 set=4.420000 V elapsed=2.188s rate=46.16 steps/s eta=2.600s
     150/220 set=4.390000 V elapsed=3.266s rate=46.23 steps/s eta=1.514s
     200/220 set=4.340000 V elapsed=4.360s rate=46.10 steps/s eta=0.434s
Sweep complete. Elapsed: 4.781s
Output turned OFF.


01809 J4_01 = 0 : NULL : WAIT = 0.1
01810 #test for lockup
01810 UUT_TXCHECK-2.0
01810 PASS: UUT_TXCHECK (DPLF1)
01811 #Finished with port
01811 #switch out input
01811 J2_02 = 0 : NULL : WAIT = 0.1
01812 
01812 #cycle IGN to reset lockup
01812 RLY_K1 = 1 : NULL : WAIT = 2
01813 RLY_K1 = 0 : NULL : WAIT = 2
01814 #-----setup 39009-----
01814 #configure
01814 Command = 82, MODE1 = 0, MODE2 = 0, Enable_24VDC = 0, Analog_Raw_Value = 0 : NULL : WAIT = 0.2
01815 Command = 0, MODE1 = 0, MODE2 = 0, Enable_24VDC = 0, Analog_Raw_Value = 0 : NULL
01816 Command = 83, MODE1A = 1, MODE1B = 4, MODE2A = 1, MODE2B = 1, MODE3A = 1, MODE3B = 1, MODE4A = 1, MODE4B = 1, MODE5A = 6, MODE5B = 6, MODE6A = 1, MODE6B = 1, MODE7A = 6, MODE7B = 6 : NULL : WAIT = 0.2
01817 Command = 0, MODE1A = 0, MODE1B = 0, MODE2A = 0, MODE2B = 0, MODE3A = 0, MODE3B = 0, MODE4A = 0, MODE4B = 0, MODE5A = 0, MODE5B = 0, MODE6A = 0, MODE6B = 0, MODE7A = 0, MODE7B = 0 : NULL
01818 Command = 84, MODE8A = 1, MODE8B = 1, MODE9A = 6, MODE9B = 6, MODE10A = 1, MODE10B = 1, GLOBAL_KP = 255, GLOBAL_KI = 255 : NULL : WAIT = 0.2
01819 Command = 0, MODE8A = 0, MODE8B = 0, MODE9A = 0, MODE9B = 0, MODE10A = 0, MODE10B = 0, GLOBAL_KP = 0, GLOBAL_KI = 0 : NULL
01820 Command = 82, Enable_Fault_Reset = 1, Save_Configuration = 1, Enable_DPLTx = 1, Enable_DPLF1 = 1, Enable_DPLF2 = 1 : NULL : WAIT = 0.2
01821 Command = 0, Enable_Fault_Reset = 0, Save_Configuration = 0, Enable_DPLTx = 0, Enable_DPLF1 = 0, Enable_DPLF2 = 0 : NULL
01822 #switch input to load line
01822 J2_03 = 1 : NULL : WAIT = 1
01823 
01823 #TESTING - ModeIndex 28 PortIndex 2
01823 J4_01 = 1 : NULL : WAIT = 0.1
01824 SWEEP-RUNNING DEATHSWEEP!
Connected: RIGOL TECHNOLOGIES,DP832,DP8C180100022,00.01.19
VISA resource: USB0::0x1AB1::0x0E11::DP8C180100022::INSTR
Sweeping CH2 mode=updown: 4.320000 V -> 4.430000 V -> 4.320000 V in 0.001000 V steps (221 points)
       0/220 set=4.320000 V elapsed=0.031s rate=32.26 steps/s
      50/220 set=4.370000 V elapsed=1.187s rate=42.97 steps/s eta=3.957s
     100/220 set=4.420000 V elapsed=2.281s rate=44.28 steps/s eta=2.710s
     150/220 set=4.390000 V elapsed=3.375s rate=44.74 steps/s eta=1.565s
     200/220 set=4.340000 V elapsed=4.469s rate=44.98 steps/s eta=0.445s
Sweep complete. Elapsed: 4.875s
Output turned OFF.


01824 J4_01 = 0 : NULL : WAIT = 0.1
01825 #test for lockup
01825 UUT_TXCHECK-2.0
01825 PASS: UUT_TXCHECK (DPLF1)
01826 #Finished with port
01826 #switch out input
01826 J2_03 = 0 : NULL : WAIT = 0.1
01827 
01827 #cycle IGN to reset lockup
01827 RLY_K1 = 1 : NULL : WAIT = 2
01828 RLY_K1 = 0 : NULL : WAIT = 2
01829 #-----setup 39009-----
01829 #configure
01829 Command = 82, MODE1 = 0, MODE2 = 0, Enable_24VDC = 0, Analog_Raw_Value = 0 : NULL : WAIT = 0.2
01830 Command = 0, MODE1 = 0, MODE2 = 0, Enable_24VDC = 0, Analog_Raw_Value = 0 : NULL
01831 Command = 83, MODE1A = 1, MODE1B = 4, MODE2A = 1, MODE2B = 1, MODE3A = 1, MODE3B = 1, MODE4A = 1, MODE4B = 1, MODE5A = 6, MODE5B = 6, MODE6A = 1, MODE6B = 1, MODE7A = 6, MODE7B = 6 : NULL : WAIT = 0.2
01832 Command = 0, MODE1A = 0, MODE1B = 0, MODE2A = 0, MODE2B = 0, MODE3A = 0, MODE3B = 0, MODE4A = 0, MODE4B = 0, MODE5A = 0, MODE5B = 0, MODE6A = 0, MODE6B = 0, MODE7A = 0, MODE7B = 0 : NULL
01833 Command = 84, MODE8A = 1, MODE8B = 1, MODE9A = 6, MODE9B = 6, MODE10A = 1, MODE10B = 1, GLOBAL_KP = 255, GLOBAL_KI = 255 : NULL : WAIT = 0.2
01834 Command = 0, MODE8A = 0, MODE8B = 0, MODE9A = 0, MODE9B = 0, MODE10A = 0, MODE10B = 0, GLOBAL_KP = 0, GLOBAL_KI = 0 : NULL
01835 Command = 82, Enable_Fault_Reset = 1, Save_Configuration = 1, Enable_DPLTx = 1, Enable_DPLF1 = 1, Enable_DPLF2 = 1 : NULL : WAIT = 0.2
01836 Command = 0, Enable_Fault_Reset = 0, Save_Configuration = 0, Enable_DPLTx = 0, Enable_DPLF1 = 0, Enable_DPLF2 = 0 : NULL
01837 #switch input to load line
01837 J2_04 = 1 : NULL : WAIT = 1
01838 
01838 #TESTING - ModeIndex 28 PortIndex 3
01838 J4_01 = 1 : NULL : WAIT = 0.1
01839 SWEEP-RUNNING DEATHSWEEP!
Connected: RIGOL TECHNOLOGIES,DP832,DP8C180100022,00.01.19
VISA resource: USB0::0x1AB1::0x0E11::DP8C180100022::INSTR
Sweeping CH2 mode=updown: 4.320000 V -> 4.430000 V -> 4.320000 V in 0.001000 V steps (221 points)
       0/220 set=4.320000 V elapsed=0.047s rate=21.28 steps/s
      50/220 set=4.370000 V elapsed=1.156s rate=44.12 steps/s eta=3.853s
     100/220 set=4.420000 V elapsed=2.203s rate=45.85 steps/s eta=2.617s
     150/220 set=4.390000 V elapsed=3.313s rate=45.58 steps/s eta=1.536s
     200/220 set=4.340000 V elapsed=4.406s rate=45.62 steps/s eta=0.438s
Sweep complete. Elapsed: 4.844s
Output turned OFF.


01839 J4_01 = 0 : NULL : WAIT = 0.1
01840 #test for lockup
01840 UUT_TXCHECK-2.0
01840 PASS: UUT_TXCHECK (DPLF1)
01841 #Finished with port
01841 #switch out input
01841 J2_04 = 0 : NULL : WAIT = 0.1
01842 
01842 
01842 #Finished with mode
01842 #cycle IGN to reset lockup
01842 RLY_K1 = 1 : NULL : WAIT = 2
01843 RLY_K1 = 0 : NULL : WAIT = 2
01844 #-----setup 39009-----
01844 #configure
01844 Command = 82, MODE1 = 0, MODE2 = 0, Enable_24VDC = 0, Analog_Raw_Value = 0 : NULL : WAIT = 0.2
01845 Command = 0, MODE1 = 0, MODE2 = 0, Enable_24VDC = 0, Analog_Raw_Value = 0 : NULL
01846 Command = 83, MODE1A = 1, MODE1B = 7, MODE2A = 1, MODE2B = 1, MODE3A = 4, MODE3B = 4, MODE4A = 1, MODE4B = 1, MODE5A = 6, MODE5B = 6, MODE6A = 1, MODE6B = 1, MODE7A = 6, MODE7B = 6 : NULL : WAIT = 0.2
01847 Command = 0, MODE1A = 0, MODE1B = 0, MODE2A = 0, MODE2B = 0, MODE3A = 0, MODE3B = 0, MODE4A = 0, MODE4B = 0, MODE5A = 0, MODE5B = 0, MODE6A = 0, MODE6B = 0, MODE7A = 0, MODE7B = 0 : NULL
01848 Command = 84, MODE8A = 1, MODE8B = 1, MODE9A = 6, MODE9B = 6, MODE10A = 1, MODE10B = 1, GLOBAL_KP = 255, GLOBAL_KI = 255 : NULL : WAIT = 0.2
01849 Command = 0, MODE8A = 0, MODE8B = 0, MODE9A = 0, MODE9B = 0, MODE10A = 0, MODE10B = 0, GLOBAL_KP = 0, GLOBAL_KI = 0 : NULL
01850 Command = 82, Enable_Fault_Reset = 1, Save_Configuration = 1, Enable_DPLTx = 1, Enable_DPLF1 = 1, Enable_DPLF2 = 1 : NULL : WAIT = 0.2
01851 Command = 0, Enable_Fault_Reset = 0, Save_Configuration = 0, Enable_DPLTx = 0, Enable_DPLF1 = 0, Enable_DPLF2 = 0 : NULL
01852 #switch input to load line
01852 J2_01 = 1 : NULL : WAIT = 1
01853 
01853 #TESTING - ModeIndex 29 PortIndex 0
01853 J4_01 = 1 : NULL : WAIT = 0.1
01854 SWEEP-RUNNING DEATHSWEEP!
Connected: RIGOL TECHNOLOGIES,DP832,DP8C180100022,00.01.19
VISA resource: USB0::0x1AB1::0x0E11::DP8C180100022::INSTR
Sweeping CH2 mode=updown: 4.320000 V -> 4.430000 V -> 4.320000 V in 0.001000 V steps (221 points)
       0/220 set=4.320000 V elapsed=0.032s rate=31.25 steps/s
      50/220 set=4.370000 V elapsed=1.079s rate=47.27 steps/s eta=3.597s
     100/220 set=4.420000 V elapsed=2.172s rate=46.50 steps/s eta=2.581s
     150/220 set=4.390000 V elapsed=3.250s rate=46.46 steps/s eta=1.507s
     200/220 set=4.340000 V elapsed=4.344s rate=46.27 steps/s eta=0.432s
Sweep complete. Elapsed: 4.766s
Output turned OFF.


01854 J4_01 = 0 : NULL : WAIT = 0.1
01855 #test for lockup
01855 UUT_TXCHECK-2.0
01855 PASS: UUT_TXCHECK (FREQ1)
01856 #Finished with port
01856 #switch out input
01856 J2_01 = 0 : NULL : WAIT = 0.1
01857 
01857 #cycle IGN to reset lockup
01857 RLY_K1 = 1 : NULL : WAIT = 2
01858 RLY_K1 = 0 : NULL : WAIT = 2
01859 #-----setup 39009-----
01859 #configure
01859 Command = 82, MODE1 = 0, MODE2 = 0, Enable_24VDC = 0, Analog_Raw_Value = 0 : NULL : WAIT = 0.2
01860 Command = 0, MODE1 = 0, MODE2 = 0, Enable_24VDC = 0, Analog_Raw_Value = 0 : NULL
01861 Command = 83, MODE1A = 1, MODE1B = 7, MODE2A = 1, MODE2B = 1, MODE3A = 4, MODE3B = 4, MODE4A = 1, MODE4B = 1, MODE5A = 6, MODE5B = 6, MODE6A = 1, MODE6B = 1, MODE7A = 6, MODE7B = 6 : NULL : WAIT = 0.2
01862 Command = 0, MODE1A = 0, MODE1B = 0, MODE2A = 0, MODE2B = 0, MODE3A = 0, MODE3B = 0, MODE4A = 0, MODE4B = 0, MODE5A = 0, MODE5B = 0, MODE6A = 0, MODE6B = 0, MODE7A = 0, MODE7B = 0 : NULL
01863 Command = 84, MODE8A = 1, MODE8B = 1, MODE9A = 6, MODE9B = 6, MODE10A = 1, MODE10B = 1, GLOBAL_KP = 255, GLOBAL_KI = 255 : NULL : WAIT = 0.2
01864 Command = 0, MODE8A = 0, MODE8B = 0, MODE9A = 0, MODE9B = 0, MODE10A = 0, MODE10B = 0, GLOBAL_KP = 0, GLOBAL_KI = 0 : NULL
01865 Command = 82, Enable_Fault_Reset = 1, Save_Configuration = 1, Enable_DPLTx = 1, Enable_DPLF1 = 1, Enable_DPLF2 = 1 : NULL : WAIT = 0.2
01866 Command = 0, Enable_Fault_Reset = 0, Save_Configuration = 0, Enable_DPLTx = 0, Enable_DPLF1 = 0, Enable_DPLF2 = 0 : NULL
01867 #switch input to load line
01867 J2_02 = 1 : NULL : WAIT = 1
01868 
01868 #TESTING - ModeIndex 29 PortIndex 1
01868 AfgFreqSet = 100 : NULL : WAIT = 0.1
01869 #test for lockup
01869 UUT_TXCHECK-2.0
01869 PASS: UUT_TXCHECK (FREQ1)
01870 NULL : Hertz_Count_Input1B = 0 | 0.1 | 0.1
01870 TEST: Hertz_Count_Input1B 0.0 +/- 0.1
01870 PASS: Hertz_Count_Input1B 0.0
01871 J0_11_FREQ_GEN = 1 : NULL : WAIT = 0.1
01872 NULL : Hertz_Count_Input1B = 100 | 30 | 0.1
01872 TEST: Hertz_Count_Input1B 100.0 +/- 30.0
01872 PASS: Hertz_Count_Input1B 99.0
01873 J0_11_FREQ_GEN = 0 : NULL : WAIT = 0.1
01874 NULL : Hertz_Count_Input1B = 0 | 0.1 | 0.1
01874 TEST: Hertz_Count_Input1B 0.0 +/- 0.1
01874 PASS: Hertz_Count_Input1B 0.0
01875 
01875 #Finished with port
01875 #switch out input
01875 J2_02 = 0 : NULL : WAIT = 0.1
01876 
01876 #cycle IGN to reset lockup
01876 RLY_K1 = 1 : NULL : WAIT = 2
01877 RLY_K1 = 0 : NULL : WAIT = 2
01878 #-----setup 39009-----
01878 #configure
01878 Command = 82, MODE1 = 0, MODE2 = 0, Enable_24VDC = 0, Analog_Raw_Value = 0 : NULL : WAIT = 0.2
01879 Command = 0, MODE1 = 0, MODE2 = 0, Enable_24VDC = 0, Analog_Raw_Value = 0 : NULL
01880 Command = 83, MODE1A = 1, MODE1B = 7, MODE2A = 1, MODE2B = 1, MODE3A = 4, MODE3B = 4, MODE4A = 1, MODE4B = 1, MODE5A = 6, MODE5B = 6, MODE6A = 1, MODE6B = 1, MODE7A = 6, MODE7B = 6 : NULL : WAIT = 0.2
01881 Command = 0, MODE1A = 0, MODE1B = 0, MODE2A = 0, MODE2B = 0, MODE3A = 0, MODE3B = 0, MODE4A = 0, MODE4B = 0, MODE5A = 0, MODE5B = 0, MODE6A = 0, MODE6B = 0, MODE7A = 0, MODE7B = 0 : NULL
01882 Command = 84, MODE8A = 1, MODE8B = 1, MODE9A = 6, MODE9B = 6, MODE10A = 1, MODE10B = 1, GLOBAL_KP = 255, GLOBAL_KI = 255 : NULL : WAIT = 0.2
01883 Command = 0, MODE8A = 0, MODE8B = 0, MODE9A = 0, MODE9B = 0, MODE10A = 0, MODE10B = 0, GLOBAL_KP = 0, GLOBAL_KI = 0 : NULL
01884 Command = 82, Enable_Fault_Reset = 1, Save_Configuration = 1, Enable_DPLTx = 1, Enable_DPLF1 = 1, Enable_DPLF2 = 1 : NULL : WAIT = 0.2
01885 Command = 0, Enable_Fault_Reset = 0, Save_Configuration = 0, Enable_DPLTx = 0, Enable_DPLF1 = 0, Enable_DPLF2 = 0 : NULL
01886 #switch input to load line
01886 J2_03 = 1 : NULL : WAIT = 1
01887 
01887 #TESTING - ModeIndex 29 PortIndex 2
01887 J4_01 = 1 : NULL : WAIT = 0.1
01888 SWEEP-RUNNING DEATHSWEEP!
Connected: RIGOL TECHNOLOGIES,DP832,DP8C180100022,00.01.19
VISA resource: USB0::0x1AB1::0x0E11::DP8C180100022::INSTR
Sweeping CH2 mode=updown: 4.320000 V -> 4.430000 V -> 4.320000 V in 0.001000 V steps (221 points)
       0/220 set=4.320000 V elapsed=0.047s rate=21.28 steps/s
      50/220 set=4.370000 V elapsed=1.156s rate=44.12 steps/s eta=3.853s
     100/220 set=4.420000 V elapsed=2.250s rate=44.89 steps/s eta=2.673s
     150/220 set=4.390000 V elapsed=3.343s rate=45.17 steps/s eta=1.550s
     200/220 set=4.340000 V elapsed=4.453s rate=45.14 steps/s eta=0.443s
Sweep complete. Elapsed: 4.859s
Output turned OFF.


01888 J4_01 = 0 : NULL : WAIT = 0.1
01889 #test for lockup
01889 UUT_TXCHECK-2.0
01889 PASS: UUT_TXCHECK (AD4)
01890 #Finished with port
01890 #switch out input
01890 J2_03 = 0 : NULL : WAIT = 0.1
01891 
01891 #cycle IGN to reset lockup
01891 RLY_K1 = 1 : NULL : WAIT = 2
01892 RLY_K1 = 0 : NULL : WAIT = 2
01893 #-----setup 39009-----
01893 #configure
01893 Command = 82, MODE1 = 0, MODE2 = 0, Enable_24VDC = 0, Analog_Raw_Value = 0 : NULL : WAIT = 0.2
01894 Command = 0, MODE1 = 0, MODE2 = 0, Enable_24VDC = 0, Analog_Raw_Value = 0 : NULL
01895 Command = 83, MODE1A = 1, MODE1B = 7, MODE2A = 1, MODE2B = 1, MODE3A = 4, MODE3B = 4, MODE4A = 1, MODE4B = 1, MODE5A = 6, MODE5B = 6, MODE6A = 1, MODE6B = 1, MODE7A = 6, MODE7B = 6 : NULL : WAIT = 0.2
01896 Command = 0, MODE1A = 0, MODE1B = 0, MODE2A = 0, MODE2B = 0, MODE3A = 0, MODE3B = 0, MODE4A = 0, MODE4B = 0, MODE5A = 0, MODE5B = 0, MODE6A = 0, MODE6B = 0, MODE7A = 0, MODE7B = 0 : NULL
01897 Command = 84, MODE8A = 1, MODE8B = 1, MODE9A = 6, MODE9B = 6, MODE10A = 1, MODE10B = 1, GLOBAL_KP = 255, GLOBAL_KI = 255 : NULL : WAIT = 0.2
01898 Command = 0, MODE8A = 0, MODE8B = 0, MODE9A = 0, MODE9B = 0, MODE10A = 0, MODE10B = 0, GLOBAL_KP = 0, GLOBAL_KI = 0 : NULL
01899 Command = 82, Enable_Fault_Reset = 1, Save_Configuration = 1, Enable_DPLTx = 1, Enable_DPLF1 = 1, Enable_DPLF2 = 1 : NULL : WAIT = 0.2
01900 Command = 0, Enable_Fault_Reset = 0, Save_Configuration = 0, Enable_DPLTx = 0, Enable_DPLF1 = 0, Enable_DPLF2 = 0 : NULL
01901 #switch input to load line
01901 J2_04 = 1 : NULL : WAIT = 1
01902 
01902 #TESTING - ModeIndex 29 PortIndex 3
01902 J4_01 = 1 : NULL : WAIT = 0.1
01903 SWEEP-RUNNING DEATHSWEEP!
Connected: RIGOL TECHNOLOGIES,DP832,DP8C180100022,00.01.19
VISA resource: USB0::0x1AB1::0x0E11::DP8C180100022::INSTR
Sweeping CH2 mode=updown: 4.320000 V -> 4.430000 V -> 4.320000 V in 0.001000 V steps (221 points)
       0/220 set=4.320000 V elapsed=0.016s rate=62.50 steps/s
      50/220 set=4.370000 V elapsed=1.078s rate=47.31 steps/s eta=3.593s
     100/220 set=4.420000 V elapsed=2.141s rate=47.17 steps/s eta=2.544s
     150/220 set=4.390000 V elapsed=3.234s rate=46.69 steps/s eta=1.499s
     200/220 set=4.340000 V elapsed=4.313s rate=46.60 steps/s eta=0.429s
Sweep complete. Elapsed: 4.781s
Output turned OFF.


01903 J4_01 = 0 : NULL : WAIT = 0.1
01904 #test for lockup
01904 UUT_TXCHECK-2.0
01904 PASS: UUT_TXCHECK (FREQ1)
01905 #Finished with port
01905 #switch out input
01905 J2_04 = 0 : NULL : WAIT = 0.1
01906 
01906 
01906 #Finished with mode
01906 #cycle IGN to reset lockup
01906 RLY_K1 = 1 : NULL : WAIT = 2
01907 RLY_K1 = 0 : NULL : WAIT = 2
01908 #-----setup 39009-----
01908 #configure
01908 Command = 82, MODE1 = 0, MODE2 = 0, Enable_24VDC = 0, Analog_Raw_Value = 0 : NULL : WAIT = 0.2
01909 Command = 0, MODE1 = 0, MODE2 = 0, Enable_24VDC = 0, Analog_Raw_Value = 0 : NULL
01910 Command = 83, MODE1A = 1, MODE1B = 7, MODE2A = 1, MODE2B = 1, MODE3A = 4, MODE3B = 1, MODE4A = 1, MODE4B = 1, MODE5A = 6, MODE5B = 6, MODE6A = 1, MODE6B = 1, MODE7A = 6, MODE7B = 6 : NULL : WAIT = 0.2
01911 Command = 0, MODE1A = 0, MODE1B = 0, MODE2A = 0, MODE2B = 0, MODE3A = 0, MODE3B = 0, MODE4A = 0, MODE4B = 0, MODE5A = 0, MODE5B = 0, MODE6A = 0, MODE6B = 0, MODE7A = 0, MODE7B = 0 : NULL
01912 Command = 84, MODE8A = 1, MODE8B = 1, MODE9A = 6, MODE9B = 6, MODE10A = 1, MODE10B = 1, GLOBAL_KP = 255, GLOBAL_KI = 255 : NULL : WAIT = 0.2
01913 Command = 0, MODE8A = 0, MODE8B = 0, MODE9A = 0, MODE9B = 0, MODE10A = 0, MODE10B = 0, GLOBAL_KP = 0, GLOBAL_KI = 0 : NULL
01914 Command = 82, Enable_Fault_Reset = 1, Save_Configuration = 1, Enable_DPLTx = 1, Enable_DPLF1 = 1, Enable_DPLF2 = 1 : NULL : WAIT = 0.2
01915 Command = 0, Enable_Fault_Reset = 0, Save_Configuration = 0, Enable_DPLTx = 0, Enable_DPLF1 = 0, Enable_DPLF2 = 0 : NULL
01916 #switch input to load line
01916 J2_01 = 1 : NULL : WAIT = 1
01917 
01917 #TESTING - ModeIndex 30 PortIndex 0
01917 J4_01 = 1 : NULL : WAIT = 0.1
01918 SWEEP-RUNNING DEATHSWEEP!
Connected: RIGOL TECHNOLOGIES,DP832,DP8C180100022,00.01.19
VISA resource: USB0::0x1AB1::0x0E11::DP8C180100022::INSTR
Sweeping CH2 mode=updown: 4.320000 V -> 4.430000 V -> 4.320000 V in 0.001000 V steps (221 points)
       0/220 set=4.320000 V elapsed=0.031s rate=32.26 steps/s
      50/220 set=4.370000 V elapsed=1.078s rate=47.31 steps/s eta=3.593s
     100/220 set=4.420000 V elapsed=2.156s rate=46.85 steps/s eta=2.562s
     150/220 set=4.390000 V elapsed=3.265s rate=46.25 steps/s eta=1.514s
     200/220 set=4.340000 V elapsed=4.343s rate=46.28 steps/s eta=0.432s
Sweep complete. Elapsed: 4.765s
Output turned OFF.


01918 J4_01 = 0 : NULL : WAIT = 0.1
01919 #test for lockup
01919 UUT_TXCHECK-2.0
01919 PASS: UUT_TXCHECK (FREQ1)
01920 #Finished with port
01920 #switch out input
01920 J2_01 = 0 : NULL : WAIT = 0.1
01921 
01921 #cycle IGN to reset lockup
01921 RLY_K1 = 1 : NULL : WAIT = 2
01922 RLY_K1 = 0 : NULL : WAIT = 2
01923 #-----setup 39009-----
01923 #configure
01923 Command = 82, MODE1 = 0, MODE2 = 0, Enable_24VDC = 0, Analog_Raw_Value = 0 : NULL : WAIT = 0.2
01924 Command = 0, MODE1 = 0, MODE2 = 0, Enable_24VDC = 0, Analog_Raw_Value = 0 : NULL
01925 Command = 83, MODE1A = 1, MODE1B = 7, MODE2A = 1, MODE2B = 1, MODE3A = 4, MODE3B = 1, MODE4A = 1, MODE4B = 1, MODE5A = 6, MODE5B = 6, MODE6A = 1, MODE6B = 1, MODE7A = 6, MODE7B = 6 : NULL : WAIT = 0.2
01926 Command = 0, MODE1A = 0, MODE1B = 0, MODE2A = 0, MODE2B = 0, MODE3A = 0, MODE3B = 0, MODE4A = 0, MODE4B = 0, MODE5A = 0, MODE5B = 0, MODE6A = 0, MODE6B = 0, MODE7A = 0, MODE7B = 0 : NULL
01927 Command = 84, MODE8A = 1, MODE8B = 1, MODE9A = 6, MODE9B = 6, MODE10A = 1, MODE10B = 1, GLOBAL_KP = 255, GLOBAL_KI = 255 : NULL : WAIT = 0.2
01928 Command = 0, MODE8A = 0, MODE8B = 0, MODE9A = 0, MODE9B = 0, MODE10A = 0, MODE10B = 0, GLOBAL_KP = 0, GLOBAL_KI = 0 : NULL
01929 Command = 82, Enable_Fault_Reset = 1, Save_Configuration = 1, Enable_DPLTx = 1, Enable_DPLF1 = 1, Enable_DPLF2 = 1 : NULL : WAIT = 0.2
01930 Command = 0, Enable_Fault_Reset = 0, Save_Configuration = 0, Enable_DPLTx = 0, Enable_DPLF1 = 0, Enable_DPLF2 = 0 : NULL
01931 #switch input to load line
01931 J2_02 = 1 : NULL : WAIT = 1
01932 
01932 #TESTING - ModeIndex 30 PortIndex 1
01932 AfgFreqSet = 100 : NULL : WAIT = 0.1
01933 #test for lockup
01933 UUT_TXCHECK-2.0
01933 PASS: UUT_TXCHECK (FREQ1)
01934 NULL : Hertz_Count_Input1B = 0 | 0.1 | 0.1
01934 TEST: Hertz_Count_Input1B 0.0 +/- 0.1
01934 PASS: Hertz_Count_Input1B 0.0
01935 J0_11_FREQ_GEN = 1 : NULL : WAIT = 0.1
01936 NULL : Hertz_Count_Input1B = 100 | 30 | 0.1
01936 TEST: Hertz_Count_Input1B 100.0 +/- 30.0
01936 PASS: Hertz_Count_Input1B 99.0
01937 J0_11_FREQ_GEN = 0 : NULL : WAIT = 0.1
01938 NULL : Hertz_Count_Input1B = 0 | 0.1 | 0.1
01938 TEST: Hertz_Count_Input1B 0.0 +/- 0.1
01938 PASS: Hertz_Count_Input1B 0.0
01939 
01939 #Finished with port
01939 #switch out input
01939 J2_02 = 0 : NULL : WAIT = 0.1
01940 
01940 #cycle IGN to reset lockup
01940 RLY_K1 = 1 : NULL : WAIT = 2
01941 RLY_K1 = 0 : NULL : WAIT = 2
01942 #-----setup 39009-----
01942 #configure
01942 Command = 82, MODE1 = 0, MODE2 = 0, Enable_24VDC = 0, Analog_Raw_Value = 0 : NULL : WAIT = 0.2
01943 Command = 0, MODE1 = 0, MODE2 = 0, Enable_24VDC = 0, Analog_Raw_Value = 0 : NULL
01944 Command = 83, MODE1A = 1, MODE1B = 7, MODE2A = 1, MODE2B = 1, MODE3A = 4, MODE3B = 1, MODE4A = 1, MODE4B = 1, MODE5A = 6, MODE5B = 6, MODE6A = 1, MODE6B = 1, MODE7A = 6, MODE7B = 6 : NULL : WAIT = 0.2
01945 Command = 0, MODE1A = 0, MODE1B = 0, MODE2A = 0, MODE2B = 0, MODE3A = 0, MODE3B = 0, MODE4A = 0, MODE4B = 0, MODE5A = 0, MODE5B = 0, MODE6A = 0, MODE6B = 0, MODE7A = 0, MODE7B = 0 : NULL
01946 Command = 84, MODE8A = 1, MODE8B = 1, MODE9A = 6, MODE9B = 6, MODE10A = 1, MODE10B = 1, GLOBAL_KP = 255, GLOBAL_KI = 255 : NULL : WAIT = 0.2
01947 Command = 0, MODE8A = 0, MODE8B = 0, MODE9A = 0, MODE9B = 0, MODE10A = 0, MODE10B = 0, GLOBAL_KP = 0, GLOBAL_KI = 0 : NULL
01948 Command = 82, Enable_Fault_Reset = 1, Save_Configuration = 1, Enable_DPLTx = 1, Enable_DPLF1 = 1, Enable_DPLF2 = 1 : NULL : WAIT = 0.2
01949 Command = 0, Enable_Fault_Reset = 0, Save_Configuration = 0, Enable_DPLTx = 0, Enable_DPLF1 = 0, Enable_DPLF2 = 0 : NULL
01950 #switch input to load line
01950 J2_03 = 1 : NULL : WAIT = 1
01951 
01951 #TESTING - ModeIndex 30 PortIndex 2
01951 J4_01 = 1 : NULL : WAIT = 0.1
01952 SWEEP-RUNNING DEATHSWEEP!
Connected: RIGOL TECHNOLOGIES,DP832,DP8C180100022,00.01.19
VISA resource: USB0::0x1AB1::0x0E11::DP8C180100022::INSTR
Sweeping CH2 mode=updown: 4.320000 V -> 4.430000 V -> 4.320000 V in 0.001000 V steps (221 points)
       0/220 set=4.320000 V elapsed=0.016s rate=62.50 steps/s
      50/220 set=4.370000 V elapsed=1.141s rate=44.70 steps/s eta=3.803s
     100/220 set=4.420000 V elapsed=2.235s rate=45.19 steps/s eta=2.655s
     150/220 set=4.390000 V elapsed=3.344s rate=45.16 steps/s eta=1.550s
     200/220 set=4.340000 V elapsed=4.407s rate=45.61 steps/s eta=0.439s
Sweep complete. Elapsed: 4.860s
Output turned OFF.


01952 J4_01 = 0 : NULL : WAIT = 0.1
01953 #test for lockup
01953 UUT_TXCHECK-2.0
01953 PASS: UUT_TXCHECK (FREQ1)
01954 #Finished with port
01954 #switch out input
01954 J2_03 = 0 : NULL : WAIT = 0.1
01955 
01955 #cycle IGN to reset lockup
01955 RLY_K1 = 1 : NULL : WAIT = 2
01956 RLY_K1 = 0 : NULL : WAIT = 2
01957 #-----setup 39009-----
01957 #configure
01957 Command = 82, MODE1 = 0, MODE2 = 0, Enable_24VDC = 0, Analog_Raw_Value = 0 : NULL : WAIT = 0.2
01958 Command = 0, MODE1 = 0, MODE2 = 0, Enable_24VDC = 0, Analog_Raw_Value = 0 : NULL
01959 Command = 83, MODE1A = 1, MODE1B = 7, MODE2A = 1, MODE2B = 1, MODE3A = 4, MODE3B = 1, MODE4A = 1, MODE4B = 1, MODE5A = 6, MODE5B = 6, MODE6A = 1, MODE6B = 1, MODE7A = 6, MODE7B = 6 : NULL : WAIT = 0.2
01960 Command = 0, MODE1A = 0, MODE1B = 0, MODE2A = 0, MODE2B = 0, MODE3A = 0, MODE3B = 0, MODE4A = 0, MODE4B = 0, MODE5A = 0, MODE5B = 0, MODE6A = 0, MODE6B = 0, MODE7A = 0, MODE7B = 0 : NULL
01961 Command = 84, MODE8A = 1, MODE8B = 1, MODE9A = 6, MODE9B = 6, MODE10A = 1, MODE10B = 1, GLOBAL_KP = 255, GLOBAL_KI = 255 : NULL : WAIT = 0.2
01962 Command = 0, MODE8A = 0, MODE8B = 0, MODE9A = 0, MODE9B = 0, MODE10A = 0, MODE10B = 0, GLOBAL_KP = 0, GLOBAL_KI = 0 : NULL
01963 Command = 82, Enable_Fault_Reset = 1, Save_Configuration = 1, Enable_DPLTx = 1, Enable_DPLF1 = 1, Enable_DPLF2 = 1 : NULL : WAIT = 0.2
01964 Command = 0, Enable_Fault_Reset = 0, Save_Configuration = 0, Enable_DPLTx = 0, Enable_DPLF1 = 0, Enable_DPLF2 = 0 : NULL
01965 #switch input to load line
01965 J2_04 = 1 : NULL : WAIT = 1
01966 
01966 #TESTING - ModeIndex 30 PortIndex 3
01966 J4_01 = 1 : NULL : WAIT = 0.1
01967 SWEEP-RUNNING DEATHSWEEP!
Connected: RIGOL TECHNOLOGIES,DP832,DP8C180100022,00.01.19
VISA resource: USB0::0x1AB1::0x0E11::DP8C180100022::INSTR
Sweeping CH2 mode=updown: 4.320000 V -> 4.430000 V -> 4.320000 V in 0.001000 V steps (221 points)
       0/220 set=4.320000 V elapsed=0.015s rate=66.67 steps/s
      50/220 set=4.370000 V elapsed=1.078s rate=47.31 steps/s eta=3.593s
     100/220 set=4.420000 V elapsed=2.187s rate=46.18 steps/s eta=2.598s
     150/220 set=4.390000 V elapsed=3.297s rate=45.80 steps/s eta=1.528s
     200/220 set=4.340000 V elapsed=4.390s rate=45.79 steps/s eta=0.437s
Sweep complete. Elapsed: 4.812s
Output turned OFF.


01967 J4_01 = 0 : NULL : WAIT = 0.1
01968 #test for lockup
01968 UUT_TXCHECK-2.0
01968 PASS: UUT_TXCHECK (FREQ1)
01969 #Finished with port
01969 #switch out input
01969 J2_04 = 0 : NULL : WAIT = 0.1
01970 
01970 
01970 #Finished with mode
01970 #cycle IGN to reset lockup
01970 RLY_K1 = 1 : NULL : WAIT = 2
01971 RLY_K1 = 0 : NULL : WAIT = 2
01972 #-----setup 39009-----
01972 #configure
01972 Command = 82, MODE1 = 0, MODE2 = 0, Enable_24VDC = 0, Analog_Raw_Value = 0 : NULL : WAIT = 0.2
01973 Command = 0, MODE1 = 0, MODE2 = 0, Enable_24VDC = 0, Analog_Raw_Value = 0 : NULL
01974 Command = 83, MODE1A = 1, MODE1B = 7, MODE2A = 1, MODE2B = 1, MODE3A = 1, MODE3B = 4, MODE4A = 1, MODE4B = 1, MODE5A = 6, MODE5B = 6, MODE6A = 1, MODE6B = 1, MODE7A = 6, MODE7B = 6 : NULL : WAIT = 0.2
01975 Command = 0, MODE1A = 0, MODE1B = 0, MODE2A = 0, MODE2B = 0, MODE3A = 0, MODE3B = 0, MODE4A = 0, MODE4B = 0, MODE5A = 0, MODE5B = 0, MODE6A = 0, MODE6B = 0, MODE7A = 0, MODE7B = 0 : NULL
01976 Command = 84, MODE8A = 1, MODE8B = 1, MODE9A = 6, MODE9B = 6, MODE10A = 1, MODE10B = 1, GLOBAL_KP = 255, GLOBAL_KI = 255 : NULL : WAIT = 0.2
01977 Command = 0, MODE8A = 0, MODE8B = 0, MODE9A = 0, MODE9B = 0, MODE10A = 0, MODE10B = 0, GLOBAL_KP = 0, GLOBAL_KI = 0 : NULL
01978 Command = 82, Enable_Fault_Reset = 1, Save_Configuration = 1, Enable_DPLTx = 1, Enable_DPLF1 = 1, Enable_DPLF2 = 1 : NULL : WAIT = 0.2
01979 Command = 0, Enable_Fault_Reset = 0, Save_Configuration = 0, Enable_DPLTx = 0, Enable_DPLF1 = 0, Enable_DPLF2 = 0 : NULL
01980 #switch input to load line
01980 J2_01 = 1 : NULL : WAIT = 1
01981 
01981 #TESTING - ModeIndex 31 PortIndex 0
01981 J4_01 = 1 : NULL : WAIT = 0.1
01982 SWEEP-RUNNING DEATHSWEEP!
Connected: RIGOL TECHNOLOGIES,DP832,DP8C180100022,00.01.19
VISA resource: USB0::0x1AB1::0x0E11::DP8C180100022::INSTR
Sweeping CH2 mode=updown: 4.320000 V -> 4.430000 V -> 4.320000 V in 0.001000 V steps (221 points)
       0/220 set=4.320000 V elapsed=0.032s rate=31.25 steps/s
      50/220 set=4.370000 V elapsed=1.110s rate=45.95 steps/s eta=3.700s
     100/220 set=4.420000 V elapsed=2.188s rate=46.16 steps/s eta=2.600s
     150/220 set=4.390000 V elapsed=3.266s rate=46.23 steps/s eta=1.514s
     200/220 set=4.340000 V elapsed=4.344s rate=46.27 steps/s eta=0.432s
Sweep complete. Elapsed: 4.750s
Output turned OFF.


01982 J4_01 = 0 : NULL : WAIT = 0.1
01983 #test for lockup
01983 UUT_TXCHECK-2.0
01983 PASS: UUT_TXCHECK (FREQ1)
01984 #Finished with port
01984 #switch out input
01984 J2_01 = 0 : NULL : WAIT = 0.1
01985 
01985 #cycle IGN to reset lockup
01985 RLY_K1 = 1 : NULL : WAIT = 2
01986 RLY_K1 = 0 : NULL : WAIT = 2
01987 #-----setup 39009-----
01987 #configure
01987 Command = 82, MODE1 = 0, MODE2 = 0, Enable_24VDC = 0, Analog_Raw_Value = 0 : NULL : WAIT = 0.2
01988 Command = 0, MODE1 = 0, MODE2 = 0, Enable_24VDC = 0, Analog_Raw_Value = 0 : NULL
01989 Command = 83, MODE1A = 1, MODE1B = 7, MODE2A = 1, MODE2B = 1, MODE3A = 1, MODE3B = 4, MODE4A = 1, MODE4B = 1, MODE5A = 6, MODE5B = 6, MODE6A = 1, MODE6B = 1, MODE7A = 6, MODE7B = 6 : NULL : WAIT = 0.2
01990 Command = 0, MODE1A = 0, MODE1B = 0, MODE2A = 0, MODE2B = 0, MODE3A = 0, MODE3B = 0, MODE4A = 0, MODE4B = 0, MODE5A = 0, MODE5B = 0, MODE6A = 0, MODE6B = 0, MODE7A = 0, MODE7B = 0 : NULL
01991 Command = 84, MODE8A = 1, MODE8B = 1, MODE9A = 6, MODE9B = 6, MODE10A = 1, MODE10B = 1, GLOBAL_KP = 255, GLOBAL_KI = 255 : NULL : WAIT = 0.2
01992 Command = 0, MODE8A = 0, MODE8B = 0, MODE9A = 0, MODE9B = 0, MODE10A = 0, MODE10B = 0, GLOBAL_KP = 0, GLOBAL_KI = 0 : NULL
01993 Command = 82, Enable_Fault_Reset = 1, Save_Configuration = 1, Enable_DPLTx = 1, Enable_DPLF1 = 1, Enable_DPLF2 = 1 : NULL : WAIT = 0.2
01994 Command = 0, Enable_Fault_Reset = 0, Save_Configuration = 0, Enable_DPLTx = 0, Enable_DPLF1 = 0, Enable_DPLF2 = 0 : NULL
01995 #switch input to load line
01995 J2_02 = 1 : NULL : WAIT = 1
01996 
01996 #TESTING - ModeIndex 31 PortIndex 1
01996 AfgFreqSet = 100 : NULL : WAIT = 0.1
01997 #test for lockup
01997 UUT_TXCHECK-2.0
01997 PASS: UUT_TXCHECK (FREQ1)
01998 NULL : Hertz_Count_Input1B = 0 | 0.1 | 0.1
01998 TEST: Hertz_Count_Input1B 0.0 +/- 0.1
01998 PASS: Hertz_Count_Input1B 0.0
01999 J0_11_FREQ_GEN = 1 : NULL : WAIT = 0.1
02000 NULL : Hertz_Count_Input1B = 100 | 30 | 0.1
02000 TEST: Hertz_Count_Input1B 100.0 +/- 30.0
02000 PASS: Hertz_Count_Input1B 99.0
02001 J0_11_FREQ_GEN = 0 : NULL : WAIT = 0.1
02002 NULL : Hertz_Count_Input1B = 0 | 0.1 | 0.1
02002 TEST: Hertz_Count_Input1B 0.0 +/- 0.1
02002 PASS: Hertz_Count_Input1B 0.0
02003 
02003 #Finished with port
02003 #switch out input
02003 J2_02 = 0 : NULL : WAIT = 0.1
02004 
02004 #cycle IGN to reset lockup
02004 RLY_K1 = 1 : NULL : WAIT = 2
02005 RLY_K1 = 0 : NULL : WAIT = 2
02006 #-----setup 39009-----
02006 #configure
02006 Command = 82, MODE1 = 0, MODE2 = 0, Enable_24VDC = 0, Analog_Raw_Value = 0 : NULL : WAIT = 0.2
02007 Command = 0, MODE1 = 0, MODE2 = 0, Enable_24VDC = 0, Analog_Raw_Value = 0 : NULL
02008 Command = 83, MODE1A = 1, MODE1B = 7, MODE2A = 1, MODE2B = 1, MODE3A = 1, MODE3B = 4, MODE4A = 1, MODE4B = 1, MODE5A = 6, MODE5B = 6, MODE6A = 1, MODE6B = 1, MODE7A = 6, MODE7B = 6 : NULL : WAIT = 0.2
02009 Command = 0, MODE1A = 0, MODE1B = 0, MODE2A = 0, MODE2B = 0, MODE3A = 0, MODE3B = 0, MODE4A = 0, MODE4B = 0, MODE5A = 0, MODE5B = 0, MODE6A = 0, MODE6B = 0, MODE7A = 0, MODE7B = 0 : NULL
02010 Command = 84, MODE8A = 1, MODE8B = 1, MODE9A = 6, MODE9B = 6, MODE10A = 1, MODE10B = 1, GLOBAL_KP = 255, GLOBAL_KI = 255 : NULL : WAIT = 0.2
02011 Command = 0, MODE8A = 0, MODE8B = 0, MODE9A = 0, MODE9B = 0, MODE10A = 0, MODE10B = 0, GLOBAL_KP = 0, GLOBAL_KI = 0 : NULL
02012 Command = 82, Enable_Fault_Reset = 1, Save_Configuration = 1, Enable_DPLTx = 1, Enable_DPLF1 = 1, Enable_DPLF2 = 1 : NULL : WAIT = 0.2
02013 Command = 0, Enable_Fault_Reset = 0, Save_Configuration = 0, Enable_DPLTx = 0, Enable_DPLF1 = 0, Enable_DPLF2 = 0 : NULL
02014 #switch input to load line
02014 J2_03 = 1 : NULL : WAIT = 1
02015 
02015 #TESTING - ModeIndex 31 PortIndex 2
02015 J4_01 = 1 : NULL : WAIT = 0.1
02016 SWEEP-RUNNING DEATHSWEEP!
Connected: RIGOL TECHNOLOGIES,DP832,DP8C180100022,00.01.19
VISA resource: USB0::0x1AB1::0x0E11::DP8C180100022::INSTR
Sweeping CH2 mode=updown: 4.320000 V -> 4.430000 V -> 4.320000 V in 0.001000 V steps (221 points)
       0/220 set=4.320000 V elapsed=0.016s rate=62.50 steps/s
      50/220 set=4.370000 V elapsed=1.063s rate=47.98 steps/s eta=3.543s
     100/220 set=4.420000 V elapsed=2.157s rate=46.82 steps/s eta=2.563s
     150/220 set=4.390000 V elapsed=3.282s rate=46.01 steps/s eta=1.521s
     200/220 set=4.340000 V elapsed=4.360s rate=46.10 steps/s eta=0.434s
Sweep complete. Elapsed: 4.828s
Output turned OFF.


02016 J4_01 = 0 : NULL : WAIT = 0.1
02017 #test for lockup
02017 UUT_TXCHECK-2.0
02017 PASS: UUT_TXCHECK (FREQ1)
02018 #Finished with port
02018 #switch out input
02018 J2_03 = 0 : NULL : WAIT = 0.1
02019 
02019 #cycle IGN to reset lockup
02019 RLY_K1 = 1 : NULL : WAIT = 2
02020 RLY_K1 = 0 : NULL : WAIT = 2
02021 #-----setup 39009-----
02021 #configure
02021 Command = 82, MODE1 = 0, MODE2 = 0, Enable_24VDC = 0, Analog_Raw_Value = 0 : NULL : WAIT = 0.2
02022 Command = 0, MODE1 = 0, MODE2 = 0, Enable_24VDC = 0, Analog_Raw_Value = 0 : NULL
02023 Command = 83, MODE1A = 1, MODE1B = 7, MODE2A = 1, MODE2B = 1, MODE3A = 1, MODE3B = 4, MODE4A = 1, MODE4B = 1, MODE5A = 6, MODE5B = 6, MODE6A = 1, MODE6B = 1, MODE7A = 6, MODE7B = 6 : NULL : WAIT = 0.2
02024 Command = 0, MODE1A = 0, MODE1B = 0, MODE2A = 0, MODE2B = 0, MODE3A = 0, MODE3B = 0, MODE4A = 0, MODE4B = 0, MODE5A = 0, MODE5B = 0, MODE6A = 0, MODE6B = 0, MODE7A = 0, MODE7B = 0 : NULL
02025 Command = 84, MODE8A = 1, MODE8B = 1, MODE9A = 6, MODE9B = 6, MODE10A = 1, MODE10B = 1, GLOBAL_KP = 255, GLOBAL_KI = 255 : NULL : WAIT = 0.2
02026 Command = 0, MODE8A = 0, MODE8B = 0, MODE9A = 0, MODE9B = 0, MODE10A = 0, MODE10B = 0, GLOBAL_KP = 0, GLOBAL_KI = 0 : NULL
02027 Command = 82, Enable_Fault_Reset = 1, Save_Configuration = 1, Enable_DPLTx = 1, Enable_DPLF1 = 1, Enable_DPLF2 = 1 : NULL : WAIT = 0.2
02028 Command = 0, Enable_Fault_Reset = 0, Save_Configuration = 0, Enable_DPLTx = 0, Enable_DPLF1 = 0, Enable_DPLF2 = 0 : NULL
02029 #switch input to load line
02029 J2_04 = 1 : NULL : WAIT = 1
02030 
02030 #TESTING - ModeIndex 31 PortIndex 3
02030 J4_01 = 1 : NULL : WAIT = 0.1
02031 SWEEP-RUNNING DEATHSWEEP!
Connected: RIGOL TECHNOLOGIES,DP832,DP8C180100022,00.01.19
VISA resource: USB0::0x1AB1::0x0E11::DP8C180100022::INSTR
Sweeping CH2 mode=updown: 4.320000 V -> 4.430000 V -> 4.320000 V in 0.001000 V steps (221 points)
       0/220 set=4.320000 V elapsed=0.047s rate=21.28 steps/s
      50/220 set=4.370000 V elapsed=1.125s rate=45.33 steps/s eta=3.750s
     100/220 set=4.420000 V elapsed=2.188s rate=46.16 steps/s eta=2.600s
     150/220 set=4.390000 V elapsed=3.266s rate=46.23 steps/s eta=1.514s
     200/220 set=4.340000 V elapsed=4.360s rate=46.10 steps/s eta=0.434s
Sweep complete. Elapsed: 4.782s
Output turned OFF.


02031 J4_01 = 0 : NULL : WAIT = 0.1
02032 #test for lockup
02032 UUT_TXCHECK-2.0
02032 PASS: UUT_TXCHECK (AD2)
02033 #Finished with port
02033 #switch out input
02033 J2_04 = 0 : NULL : WAIT = 0.1
02034 
02034 
02034 #Finished with mode
02034 #cycle IGN to reset lockup
02034 RLY_K1 = 1 : NULL : WAIT = 2
02035 RLY_K1 = 0 : NULL : WAIT = 2
02036 #-----setup 39009-----
02036 #configure
02036 Command = 82, MODE1 = 0, MODE2 = 0, Enable_24VDC = 0, Analog_Raw_Value = 0 : NULL : WAIT = 0.2
02037 Command = 0, MODE1 = 0, MODE2 = 0, Enable_24VDC = 0, Analog_Raw_Value = 0 : NULL
02038 Command = 83, MODE1A = 1, MODE1B = 7, MODE2A = 1, MODE2B = 1, MODE3A = 1, MODE3B = 1, MODE4A = 1, MODE4B = 1, MODE5A = 6, MODE5B = 6, MODE6A = 1, MODE6B = 1, MODE7A = 6, MODE7B = 6 : NULL : WAIT = 0.2
02039 Command = 0, MODE1A = 0, MODE1B = 0, MODE2A = 0, MODE2B = 0, MODE3A = 0, MODE3B = 0, MODE4A = 0, MODE4B = 0, MODE5A = 0, MODE5B = 0, MODE6A = 0, MODE6B = 0, MODE7A = 0, MODE7B = 0 : NULL
02040 Command = 84, MODE8A = 1, MODE8B = 1, MODE9A = 6, MODE9B = 6, MODE10A = 1, MODE10B = 1, GLOBAL_KP = 255, GLOBAL_KI = 255 : NULL : WAIT = 0.2
02041 Command = 0, MODE8A = 0, MODE8B = 0, MODE9A = 0, MODE9B = 0, MODE10A = 0, MODE10B = 0, GLOBAL_KP = 0, GLOBAL_KI = 0 : NULL
02042 Command = 82, Enable_Fault_Reset = 1, Save_Configuration = 1, Enable_DPLTx = 1, Enable_DPLF1 = 1, Enable_DPLF2 = 1 : NULL : WAIT = 0.2
02043 Command = 0, Enable_Fault_Reset = 0, Save_Configuration = 0, Enable_DPLTx = 0, Enable_DPLF1 = 0, Enable_DPLF2 = 0 : NULL
02044 #switch input to load line
02044 J2_01 = 1 : NULL : WAIT = 1
02045 
02045 #TESTING - ModeIndex 32 PortIndex 0
02045 J4_01 = 1 : NULL : WAIT = 0.1
02046 SWEEP-RUNNING DEATHSWEEP!
Connected: RIGOL TECHNOLOGIES,DP832,DP8C180100022,00.01.19
VISA resource: USB0::0x1AB1::0x0E11::DP8C180100022::INSTR
Sweeping CH2 mode=updown: 4.320000 V -> 4.430000 V -> 4.320000 V in 0.001000 V steps (221 points)
       0/220 set=4.320000 V elapsed=0.015s rate=66.67 steps/s
      50/220 set=4.370000 V elapsed=1.093s rate=46.66 steps/s eta=3.643s
     100/220 set=4.420000 V elapsed=2.140s rate=47.20 steps/s eta=2.543s
     150/220 set=4.390000 V elapsed=3.218s rate=46.92 steps/s eta=1.492s
     200/220 set=4.340000 V elapsed=4.328s rate=46.44 steps/s eta=0.431s
Sweep complete. Elapsed: 4.750s
Output turned OFF.


02046 J4_01 = 0 : NULL : WAIT = 0.1
02047 #test for lockup
02047 UUT_TXCHECK-2.0
02047 PASS: UUT_TXCHECK (FREQ1)
02048 #Finished with port
02048 #switch out input
02048 J2_01 = 0 : NULL : WAIT = 0.1
02049 
02049 #cycle IGN to reset lockup
02049 RLY_K1 = 1 : NULL : WAIT = 2
02050 RLY_K1 = 0 : NULL : WAIT = 2
02051 #-----setup 39009-----
02051 #configure
02051 Command = 82, MODE1 = 0, MODE2 = 0, Enable_24VDC = 0, Analog_Raw_Value = 0 : NULL : WAIT = 0.2
02052 Command = 0, MODE1 = 0, MODE2 = 0, Enable_24VDC = 0, Analog_Raw_Value = 0 : NULL
02053 Command = 83, MODE1A = 1, MODE1B = 7, MODE2A = 1, MODE2B = 1, MODE3A = 1, MODE3B = 1, MODE4A = 1, MODE4B = 1, MODE5A = 6, MODE5B = 6, MODE6A = 1, MODE6B = 1, MODE7A = 6, MODE7B = 6 : NULL : WAIT = 0.2
02054 Command = 0, MODE1A = 0, MODE1B = 0, MODE2A = 0, MODE2B = 0, MODE3A = 0, MODE3B = 0, MODE4A = 0, MODE4B = 0, MODE5A = 0, MODE5B = 0, MODE6A = 0, MODE6B = 0, MODE7A = 0, MODE7B = 0 : NULL
02055 Command = 84, MODE8A = 1, MODE8B = 1, MODE9A = 6, MODE9B = 6, MODE10A = 1, MODE10B = 1, GLOBAL_KP = 255, GLOBAL_KI = 255 : NULL : WAIT = 0.2
02056 Command = 0, MODE8A = 0, MODE8B = 0, MODE9A = 0, MODE9B = 0, MODE10A = 0, MODE10B = 0, GLOBAL_KP = 0, GLOBAL_KI = 0 : NULL
02057 Command = 82, Enable_Fault_Reset = 1, Save_Configuration = 1, Enable_DPLTx = 1, Enable_DPLF1 = 1, Enable_DPLF2 = 1 : NULL : WAIT = 0.2
02058 Command = 0, Enable_Fault_Reset = 0, Save_Configuration = 0, Enable_DPLTx = 0, Enable_DPLF1 = 0, Enable_DPLF2 = 0 : NULL
02059 #switch input to load line
02059 J2_02 = 1 : NULL : WAIT = 1
02060 
02060 #TESTING - ModeIndex 32 PortIndex 1
02060 AfgFreqSet = 100 : NULL : WAIT = 0.1
02061 #test for lockup
02061 UUT_TXCHECK-2.0
02061 PASS: UUT_TXCHECK (DPLF1)
02062 NULL : Hertz_Count_Input1B = 0 | 0.1 | 0.1
02062 TEST: Hertz_Count_Input1B 0.0 +/- 0.1
02062 PASS: Hertz_Count_Input1B 0.0
02063 J0_11_FREQ_GEN = 1 : NULL : WAIT = 0.1
02064 NULL : Hertz_Count_Input1B = 100 | 30 | 0.1
02064 TEST: Hertz_Count_Input1B 100.0 +/- 30.0
02064 PASS: Hertz_Count_Input1B 99.0
02065 J0_11_FREQ_GEN = 0 : NULL : WAIT = 0.1
02066 NULL : Hertz_Count_Input1B = 0 | 0.1 | 0.1
02066 TEST: Hertz_Count_Input1B 0.0 +/- 0.1
02066 PASS: Hertz_Count_Input1B 0.0
02067 
02067 #Finished with port
02067 #switch out input
02067 J2_02 = 0 : NULL : WAIT = 0.1
02068 
02068 #cycle IGN to reset lockup
02068 RLY_K1 = 1 : NULL : WAIT = 2
02069 RLY_K1 = 0 : NULL : WAIT = 2
02070 #-----setup 39009-----
02070 #configure
02070 Command = 82, MODE1 = 0, MODE2 = 0, Enable_24VDC = 0, Analog_Raw_Value = 0 : NULL : WAIT = 0.2
02071 Command = 0, MODE1 = 0, MODE2 = 0, Enable_24VDC = 0, Analog_Raw_Value = 0 : NULL
02072 Command = 83, MODE1A = 1, MODE1B = 7, MODE2A = 1, MODE2B = 1, MODE3A = 1, MODE3B = 1, MODE4A = 1, MODE4B = 1, MODE5A = 6, MODE5B = 6, MODE6A = 1, MODE6B = 1, MODE7A = 6, MODE7B = 6 : NULL : WAIT = 0.2
02073 Command = 0, MODE1A = 0, MODE1B = 0, MODE2A = 0, MODE2B = 0, MODE3A = 0, MODE3B = 0, MODE4A = 0, MODE4B = 0, MODE5A = 0, MODE5B = 0, MODE6A = 0, MODE6B = 0, MODE7A = 0, MODE7B = 0 : NULL
02074 Command = 84, MODE8A = 1, MODE8B = 1, MODE9A = 6, MODE9B = 6, MODE10A = 1, MODE10B = 1, GLOBAL_KP = 255, GLOBAL_KI = 255 : NULL : WAIT = 0.2
02075 Command = 0, MODE8A = 0, MODE8B = 0, MODE9A = 0, MODE9B = 0, MODE10A = 0, MODE10B = 0, GLOBAL_KP = 0, GLOBAL_KI = 0 : NULL
02076 Command = 82, Enable_Fault_Reset = 1, Save_Configuration = 1, Enable_DPLTx = 1, Enable_DPLF1 = 1, Enable_DPLF2 = 1 : NULL : WAIT = 0.2
02077 Command = 0, Enable_Fault_Reset = 0, Save_Configuration = 0, Enable_DPLTx = 0, Enable_DPLF1 = 0, Enable_DPLF2 = 0 : NULL
02078 #switch input to load line
02078 J2_03 = 1 : NULL : WAIT = 1
02079 
02079 #TESTING - ModeIndex 32 PortIndex 2
02079 J4_01 = 1 : NULL : WAIT = 0.1
02080 SWEEP-RUNNING DEATHSWEEP!
Connected: RIGOL TECHNOLOGIES,DP832,DP8C180100022,00.01.19
VISA resource: USB0::0x1AB1::0x0E11::DP8C180100022::INSTR
Sweeping CH2 mode=updown: 4.320000 V -> 4.430000 V -> 4.320000 V in 0.001000 V steps (221 points)
       0/220 set=4.320000 V elapsed=0.031s rate=32.26 steps/s
      50/220 set=4.370000 V elapsed=1.125s rate=45.33 steps/s eta=3.750s
     100/220 set=4.420000 V elapsed=2.218s rate=45.54 steps/s eta=2.635s
     150/220 set=4.390000 V elapsed=3.296s rate=45.81 steps/s eta=1.528s
     200/220 set=4.340000 V elapsed=4.390s rate=45.79 steps/s eta=0.437s
Sweep complete. Elapsed: 4.828s
Output turned OFF.


02080 J4_01 = 0 : NULL : WAIT = 0.1
02081 #test for lockup
02081 UUT_TXCHECK-2.0
02081 PASS: UUT_TXCHECK (DPLT4)
02082 #Finished with port
02082 #switch out input
02082 J2_03 = 0 : NULL : WAIT = 0.1
02083 
02083 #cycle IGN to reset lockup
02083 RLY_K1 = 1 : NULL : WAIT = 2
02084 RLY_K1 = 0 : NULL : WAIT = 2
02085 #-----setup 39009-----
02085 #configure
02085 Command = 82, MODE1 = 0, MODE2 = 0, Enable_24VDC = 0, Analog_Raw_Value = 0 : NULL : WAIT = 0.2
02086 Command = 0, MODE1 = 0, MODE2 = 0, Enable_24VDC = 0, Analog_Raw_Value = 0 : NULL
02087 Command = 83, MODE1A = 1, MODE1B = 7, MODE2A = 1, MODE2B = 1, MODE3A = 1, MODE3B = 1, MODE4A = 1, MODE4B = 1, MODE5A = 6, MODE5B = 6, MODE6A = 1, MODE6B = 1, MODE7A = 6, MODE7B = 6 : NULL : WAIT = 0.2
02088 Command = 0, MODE1A = 0, MODE1B = 0, MODE2A = 0, MODE2B = 0, MODE3A = 0, MODE3B = 0, MODE4A = 0, MODE4B = 0, MODE5A = 0, MODE5B = 0, MODE6A = 0, MODE6B = 0, MODE7A = 0, MODE7B = 0 : NULL
02089 Command = 84, MODE8A = 1, MODE8B = 1, MODE9A = 6, MODE9B = 6, MODE10A = 1, MODE10B = 1, GLOBAL_KP = 255, GLOBAL_KI = 255 : NULL : WAIT = 0.2
02090 Command = 0, MODE8A = 0, MODE8B = 0, MODE9A = 0, MODE9B = 0, MODE10A = 0, MODE10B = 0, GLOBAL_KP = 0, GLOBAL_KI = 0 : NULL
02091 Command = 82, Enable_Fault_Reset = 1, Save_Configuration = 1, Enable_DPLTx = 1, Enable_DPLF1 = 1, Enable_DPLF2 = 1 : NULL : WAIT = 0.2
02092 Command = 0, Enable_Fault_Reset = 0, Save_Configuration = 0, Enable_DPLTx = 0, Enable_DPLF1 = 0, Enable_DPLF2 = 0 : NULL
02093 #switch input to load line
02093 J2_04 = 1 : NULL : WAIT = 1
02094 
02094 #TESTING - ModeIndex 32 PortIndex 3
02094 J4_01 = 1 : NULL : WAIT = 0.1
02095 SWEEP-RUNNING DEATHSWEEP!
Connected: RIGOL TECHNOLOGIES,DP832,DP8C180100022,00.01.19
VISA resource: USB0::0x1AB1::0x0E11::DP8C180100022::INSTR
Sweeping CH2 mode=updown: 4.320000 V -> 4.430000 V -> 4.320000 V in 0.001000 V steps (221 points)
       0/220 set=4.320000 V elapsed=0.016s rate=62.50 steps/s
      50/220 set=4.370000 V elapsed=1.094s rate=46.62 steps/s eta=3.647s
     100/220 set=4.420000 V elapsed=2.141s rate=47.17 steps/s eta=2.544s
     150/220 set=4.390000 V elapsed=3.234s rate=46.69 steps/s eta=1.499s
     200/220 set=4.340000 V elapsed=4.297s rate=46.78 steps/s eta=0.428s
Sweep complete. Elapsed: 4.719s
Output turned OFF.


02095 J4_01 = 0 : NULL : WAIT = 0.1
02096 #test for lockup
02096 UUT_TXCHECK-2.0
02096 PASS: UUT_TXCHECK (AD4)
02097 #Finished with port
02097 #switch out input
02097 J2_04 = 0 : NULL : WAIT = 0.1
02098 
02098 
02098 #Finished with mode
02098 #cycle IGN to reset lockup
02098 RLY_K1 = 1 : NULL : WAIT = 2
02099 RLY_K1 = 0 : NULL : WAIT = 2
02100 #-----setup 39009-----
02100 #configure
02100 Command = 82, MODE1 = 0, MODE2 = 0, Enable_24VDC = 0, Analog_Raw_Value = 0 : NULL : WAIT = 0.2
02101 Command = 0, MODE1 = 0, MODE2 = 0, Enable_24VDC = 0, Analog_Raw_Value = 0 : NULL
02102 Command = 83, MODE1A = 1, MODE1B = 1, MODE2A = 1, MODE2B = 1, MODE3A = 4, MODE3B = 4, MODE4A = 1, MODE4B = 1, MODE5A = 6, MODE5B = 6, MODE6A = 1, MODE6B = 1, MODE7A = 6, MODE7B = 6 : NULL : WAIT = 0.2
02103 Command = 0, MODE1A = 0, MODE1B = 0, MODE2A = 0, MODE2B = 0, MODE3A = 0, MODE3B = 0, MODE4A = 0, MODE4B = 0, MODE5A = 0, MODE5B = 0, MODE6A = 0, MODE6B = 0, MODE7A = 0, MODE7B = 0 : NULL
02104 Command = 84, MODE8A = 1, MODE8B = 1, MODE9A = 6, MODE9B = 6, MODE10A = 1, MODE10B = 1, GLOBAL_KP = 255, GLOBAL_KI = 255 : NULL : WAIT = 0.2
02105 Command = 0, MODE8A = 0, MODE8B = 0, MODE9A = 0, MODE9B = 0, MODE10A = 0, MODE10B = 0, GLOBAL_KP = 0, GLOBAL_KI = 0 : NULL
02106 Command = 82, Enable_Fault_Reset = 1, Save_Configuration = 1, Enable_DPLTx = 1, Enable_DPLF1 = 1, Enable_DPLF2 = 1 : NULL : WAIT = 0.2
02107 Command = 0, Enable_Fault_Reset = 0, Save_Configuration = 0, Enable_DPLTx = 0, Enable_DPLF1 = 0, Enable_DPLF2 = 0 : NULL
02108 #switch input to load line
02108 J2_01 = 1 : NULL : WAIT = 1
02109 
02109 #TESTING - ModeIndex 33 PortIndex 0
02109 J4_01 = 1 : NULL : WAIT = 0.1
02110 SWEEP-RUNNING DEATHSWEEP!
Connected: RIGOL TECHNOLOGIES,DP832,DP8C180100022,00.01.19
VISA resource: USB0::0x1AB1::0x0E11::DP8C180100022::INSTR
Sweeping CH2 mode=updown: 4.320000 V -> 4.430000 V -> 4.320000 V in 0.001000 V steps (221 points)
       0/220 set=4.320000 V elapsed=0.016s rate=62.50 steps/s
      50/220 set=4.370000 V elapsed=1.125s rate=45.33 steps/s eta=3.750s
     100/220 set=4.420000 V elapsed=2.188s rate=46.16 steps/s eta=2.600s
     150/220 set=4.390000 V elapsed=3.281s rate=46.02 steps/s eta=1.521s
     200/220 set=4.340000 V elapsed=4.360s rate=46.10 steps/s eta=0.434s
Sweep complete. Elapsed: 4.828s
Output turned OFF.


02110 J4_01 = 0 : NULL : WAIT = 0.1
02111 #test for lockup
02111 UUT_TXCHECK-2.0
02111 PASS: UUT_TXCHECK (DPLF1)
02112 #Finished with port
02112 #switch out input
02112 J2_01 = 0 : NULL : WAIT = 0.1
02113 
02113 #cycle IGN to reset lockup
02113 RLY_K1 = 1 : NULL : WAIT = 2
02114 RLY_K1 = 0 : NULL : WAIT = 2
02115 #-----setup 39009-----
02115 #configure
02115 Command = 82, MODE1 = 0, MODE2 = 0, Enable_24VDC = 0, Analog_Raw_Value = 0 : NULL : WAIT = 0.2
02116 Command = 0, MODE1 = 0, MODE2 = 0, Enable_24VDC = 0, Analog_Raw_Value = 0 : NULL
02117 Command = 83, MODE1A = 1, MODE1B = 1, MODE2A = 1, MODE2B = 1, MODE3A = 4, MODE3B = 4, MODE4A = 1, MODE4B = 1, MODE5A = 6, MODE5B = 6, MODE6A = 1, MODE6B = 1, MODE7A = 6, MODE7B = 6 : NULL : WAIT = 0.2
02118 Command = 0, MODE1A = 0, MODE1B = 0, MODE2A = 0, MODE2B = 0, MODE3A = 0, MODE3B = 0, MODE4A = 0, MODE4B = 0, MODE5A = 0, MODE5B = 0, MODE6A = 0, MODE6B = 0, MODE7A = 0, MODE7B = 0 : NULL
02119 Command = 84, MODE8A = 1, MODE8B = 1, MODE9A = 6, MODE9B = 6, MODE10A = 1, MODE10B = 1, GLOBAL_KP = 255, GLOBAL_KI = 255 : NULL : WAIT = 0.2
02120 Command = 0, MODE8A = 0, MODE8B = 0, MODE9A = 0, MODE9B = 0, MODE10A = 0, MODE10B = 0, GLOBAL_KP = 0, GLOBAL_KI = 0 : NULL
02121 Command = 82, Enable_Fault_Reset = 1, Save_Configuration = 1, Enable_DPLTx = 1, Enable_DPLF1 = 1, Enable_DPLF2 = 1 : NULL : WAIT = 0.2
02122 Command = 0, Enable_Fault_Reset = 0, Save_Configuration = 0, Enable_DPLTx = 0, Enable_DPLF1 = 0, Enable_DPLF2 = 0 : NULL
02123 #switch input to load line
02123 J2_02 = 1 : NULL : WAIT = 1
02124 
02124 #TESTING - ModeIndex 33 PortIndex 1
02124 J4_01 = 1 : NULL : WAIT = 0.1
02125 SWEEP-RUNNING DEATHSWEEP!
Connected: RIGOL TECHNOLOGIES,DP832,DP8C180100022,00.01.19
VISA resource: USB0::0x1AB1::0x0E11::DP8C180100022::INSTR
Sweeping CH2 mode=updown: 4.320000 V -> 4.430000 V -> 4.320000 V in 0.001000 V steps (221 points)
       0/220 set=4.320000 V elapsed=0.032s rate=31.25 steps/s
      50/220 set=4.370000 V elapsed=1.125s rate=45.33 steps/s eta=3.750s
     100/220 set=4.420000 V elapsed=2.172s rate=46.50 steps/s eta=2.581s
     150/220 set=4.390000 V elapsed=3.266s rate=46.23 steps/s eta=1.514s
     200/220 set=4.340000 V elapsed=4.344s rate=46.27 steps/s eta=0.432s
Sweep complete. Elapsed: 4.766s
Output turned OFF.


02125 J4_01 = 0 : NULL : WAIT = 0.1
02126 #test for lockup
02126 UUT_TXCHECK-2.0
02126 PASS: UUT_TXCHECK (FAULT)
02127 #Finished with port
02127 #switch out input
02127 J2_02 = 0 : NULL : WAIT = 0.1
02128 
02128 #cycle IGN to reset lockup
02128 RLY_K1 = 1 : NULL : WAIT = 2
02129 RLY_K1 = 0 : NULL : WAIT = 2
02130 #-----setup 39009-----
02130 #configure
02130 Command = 82, MODE1 = 0, MODE2 = 0, Enable_24VDC = 0, Analog_Raw_Value = 0 : NULL : WAIT = 0.2
02131 Command = 0, MODE1 = 0, MODE2 = 0, Enable_24VDC = 0, Analog_Raw_Value = 0 : NULL
02132 Command = 83, MODE1A = 1, MODE1B = 1, MODE2A = 1, MODE2B = 1, MODE3A = 4, MODE3B = 4, MODE4A = 1, MODE4B = 1, MODE5A = 6, MODE5B = 6, MODE6A = 1, MODE6B = 1, MODE7A = 6, MODE7B = 6 : NULL : WAIT = 0.2
02133 Command = 0, MODE1A = 0, MODE1B = 0, MODE2A = 0, MODE2B = 0, MODE3A = 0, MODE3B = 0, MODE4A = 0, MODE4B = 0, MODE5A = 0, MODE5B = 0, MODE6A = 0, MODE6B = 0, MODE7A = 0, MODE7B = 0 : NULL
02134 Command = 84, MODE8A = 1, MODE8B = 1, MODE9A = 6, MODE9B = 6, MODE10A = 1, MODE10B = 1, GLOBAL_KP = 255, GLOBAL_KI = 255 : NULL : WAIT = 0.2
02135 Command = 0, MODE8A = 0, MODE8B = 0, MODE9A = 0, MODE9B = 0, MODE10A = 0, MODE10B = 0, GLOBAL_KP = 0, GLOBAL_KI = 0 : NULL
02136 Command = 82, Enable_Fault_Reset = 1, Save_Configuration = 1, Enable_DPLTx = 1, Enable_DPLF1 = 1, Enable_DPLF2 = 1 : NULL : WAIT = 0.2
02137 Command = 0, Enable_Fault_Reset = 0, Save_Configuration = 0, Enable_DPLTx = 0, Enable_DPLF1 = 0, Enable_DPLF2 = 0 : NULL
02138 #switch input to load line
02138 J2_03 = 1 : NULL : WAIT = 1
02139 
02139 #TESTING - ModeIndex 33 PortIndex 2
02139 J4_01 = 1 : NULL : WAIT = 0.1
02140 SWEEP-RUNNING DEATHSWEEP!
Connected: RIGOL TECHNOLOGIES,DP832,DP8C180100022,00.01.19
VISA resource: USB0::0x1AB1::0x0E11::DP8C180100022::INSTR
Sweeping CH2 mode=updown: 4.320000 V -> 4.430000 V -> 4.320000 V in 0.001000 V steps (221 points)
       0/220 set=4.320000 V elapsed=0.015s rate=66.67 steps/s
      50/220 set=4.370000 V elapsed=1.062s rate=48.02 steps/s eta=3.540s
     100/220 set=4.420000 V elapsed=2.156s rate=46.85 steps/s eta=2.562s
     150/220 set=4.390000 V elapsed=3.218s rate=46.92 steps/s eta=1.492s
     200/220 set=4.340000 V elapsed=4.265s rate=47.13 steps/s eta=0.424s
Sweep complete. Elapsed: 4.703s
Output turned OFF.


02140 J4_01 = 0 : NULL : WAIT = 0.1
02141 #test for lockup
02141 UUT_TXCHECK-2.0
02141 PASS: UUT_TXCHECK (DPLF1)
02142 #Finished with port
02142 #switch out input
02142 J2_03 = 0 : NULL : WAIT = 0.1
02143 
02143 #cycle IGN to reset lockup
02143 RLY_K1 = 1 : NULL : WAIT = 2
02144 RLY_K1 = 0 : NULL : WAIT = 2
02145 #-----setup 39009-----
02145 #configure
02145 Command = 82, MODE1 = 0, MODE2 = 0, Enable_24VDC = 0, Analog_Raw_Value = 0 : NULL : WAIT = 0.2
02146 Command = 0, MODE1 = 0, MODE2 = 0, Enable_24VDC = 0, Analog_Raw_Value = 0 : NULL
02147 Command = 83, MODE1A = 1, MODE1B = 1, MODE2A = 1, MODE2B = 1, MODE3A = 4, MODE3B = 4, MODE4A = 1, MODE4B = 1, MODE5A = 6, MODE5B = 6, MODE6A = 1, MODE6B = 1, MODE7A = 6, MODE7B = 6 : NULL : WAIT = 0.2
02148 Command = 0, MODE1A = 0, MODE1B = 0, MODE2A = 0, MODE2B = 0, MODE3A = 0, MODE3B = 0, MODE4A = 0, MODE4B = 0, MODE5A = 0, MODE5B = 0, MODE6A = 0, MODE6B = 0, MODE7A = 0, MODE7B = 0 : NULL
02149 Command = 84, MODE8A = 1, MODE8B = 1, MODE9A = 6, MODE9B = 6, MODE10A = 1, MODE10B = 1, GLOBAL_KP = 255, GLOBAL_KI = 255 : NULL : WAIT = 0.2
02150 Command = 0, MODE8A = 0, MODE8B = 0, MODE9A = 0, MODE9B = 0, MODE10A = 0, MODE10B = 0, GLOBAL_KP = 0, GLOBAL_KI = 0 : NULL
02151 Command = 82, Enable_Fault_Reset = 1, Save_Configuration = 1, Enable_DPLTx = 1, Enable_DPLF1 = 1, Enable_DPLF2 = 1 : NULL : WAIT = 0.2
02152 Command = 0, Enable_Fault_Reset = 0, Save_Configuration = 0, Enable_DPLTx = 0, Enable_DPLF1 = 0, Enable_DPLF2 = 0 : NULL
02153 #switch input to load line
02153 J2_04 = 1 : NULL : WAIT = 1
02154 
02154 #TESTING - ModeIndex 33 PortIndex 3
02154 J4_01 = 1 : NULL : WAIT = 0.1
02155 SWEEP-RUNNING DEATHSWEEP!
Connected: RIGOL TECHNOLOGIES,DP832,DP8C180100022,00.01.19
VISA resource: USB0::0x1AB1::0x0E11::DP8C180100022::INSTR
Sweeping CH2 mode=updown: 4.320000 V -> 4.430000 V -> 4.320000 V in 0.001000 V steps (221 points)
       0/220 set=4.320000 V elapsed=0.031s rate=32.26 steps/s
      50/220 set=4.370000 V elapsed=1.093s rate=46.66 steps/s eta=3.643s
     100/220 set=4.420000 V elapsed=2.172s rate=46.50 steps/s eta=2.581s
     150/220 set=4.390000 V elapsed=3.265s rate=46.25 steps/s eta=1.514s
     200/220 set=4.340000 V elapsed=4.359s rate=46.11 steps/s eta=0.434s
Sweep complete. Elapsed: 4.781s
Output turned OFF.


02155 J4_01 = 0 : NULL : WAIT = 0.1
02156 #test for lockup
02156 UUT_TXCHECK-2.0
02156 PASS: UUT_TXCHECK (DPLF1)
02157 #Finished with port
02157 #switch out input
02157 J2_04 = 0 : NULL : WAIT = 0.1
02158 
02158 
02158 #Finished with mode
02158 #cycle IGN to reset lockup
02158 RLY_K1 = 1 : NULL : WAIT = 2
02159 RLY_K1 = 0 : NULL : WAIT = 2
02160 #-----setup 39009-----
02160 #configure
02160 Command = 82, MODE1 = 0, MODE2 = 0, Enable_24VDC = 0, Analog_Raw_Value = 0 : NULL : WAIT = 0.2
02161 Command = 0, MODE1 = 0, MODE2 = 0, Enable_24VDC = 0, Analog_Raw_Value = 0 : NULL
02162 Command = 83, MODE1A = 1, MODE1B = 1, MODE2A = 1, MODE2B = 1, MODE3A = 4, MODE3B = 1, MODE4A = 1, MODE4B = 1, MODE5A = 6, MODE5B = 6, MODE6A = 1, MODE6B = 1, MODE7A = 6, MODE7B = 6 : NULL : WAIT = 0.2
02163 Command = 0, MODE1A = 0, MODE1B = 0, MODE2A = 0, MODE2B = 0, MODE3A = 0, MODE3B = 0, MODE4A = 0, MODE4B = 0, MODE5A = 0, MODE5B = 0, MODE6A = 0, MODE6B = 0, MODE7A = 0, MODE7B = 0 : NULL
02164 Command = 84, MODE8A = 1, MODE8B = 1, MODE9A = 6, MODE9B = 6, MODE10A = 1, MODE10B = 1, GLOBAL_KP = 255, GLOBAL_KI = 255 : NULL : WAIT = 0.2
02165 Command = 0, MODE8A = 0, MODE8B = 0, MODE9A = 0, MODE9B = 0, MODE10A = 0, MODE10B = 0, GLOBAL_KP = 0, GLOBAL_KI = 0 : NULL
02166 Command = 82, Enable_Fault_Reset = 1, Save_Configuration = 1, Enable_DPLTx = 1, Enable_DPLF1 = 1, Enable_DPLF2 = 1 : NULL : WAIT = 0.2
02167 Command = 0, Enable_Fault_Reset = 0, Save_Configuration = 0, Enable_DPLTx = 0, Enable_DPLF1 = 0, Enable_DPLF2 = 0 : NULL
02168 #switch input to load line
02168 J2_01 = 1 : NULL : WAIT = 1
02169 
02169 #TESTING - ModeIndex 34 PortIndex 0
02169 J4_01 = 1 : NULL : WAIT = 0.1
02170 SWEEP-RUNNING DEATHSWEEP!
Connected: RIGOL TECHNOLOGIES,DP832,DP8C180100022,00.01.19
VISA resource: USB0::0x1AB1::0x0E11::DP8C180100022::INSTR
Sweeping CH2 mode=updown: 4.320000 V -> 4.430000 V -> 4.320000 V in 0.001000 V steps (221 points)
       0/220 set=4.320000 V elapsed=0.031s rate=32.26 steps/s
      50/220 set=4.370000 V elapsed=1.109s rate=45.99 steps/s eta=3.697s
     100/220 set=4.420000 V elapsed=2.203s rate=45.85 steps/s eta=2.617s
     150/220 set=4.390000 V elapsed=3.296s rate=45.81 steps/s eta=1.528s
     200/220 set=4.340000 V elapsed=4.390s rate=45.79 steps/s eta=0.437s
Sweep complete. Elapsed: 4.828s
Output turned OFF.


02170 J4_01 = 0 : NULL : WAIT = 0.1
02171 #test for lockup
02171 UUT_TXCHECK-2.0
02171 PASS: UUT_TXCHECK (DPLF1)
02172 #Finished with port
02172 #switch out input
02172 J2_01 = 0 : NULL : WAIT = 0.1
02173 
02173 #cycle IGN to reset lockup
02173 RLY_K1 = 1 : NULL : WAIT = 2
02174 RLY_K1 = 0 : NULL : WAIT = 2
02175 #-----setup 39009-----
02175 #configure
02175 Command = 82, MODE1 = 0, MODE2 = 0, Enable_24VDC = 0, Analog_Raw_Value = 0 : NULL : WAIT = 0.2
02176 Command = 0, MODE1 = 0, MODE2 = 0, Enable_24VDC = 0, Analog_Raw_Value = 0 : NULL
02177 Command = 83, MODE1A = 1, MODE1B = 1, MODE2A = 1, MODE2B = 1, MODE3A = 4, MODE3B = 1, MODE4A = 1, MODE4B = 1, MODE5A = 6, MODE5B = 6, MODE6A = 1, MODE6B = 1, MODE7A = 6, MODE7B = 6 : NULL : WAIT = 0.2
02178 Command = 0, MODE1A = 0, MODE1B = 0, MODE2A = 0, MODE2B = 0, MODE3A = 0, MODE3B = 0, MODE4A = 0, MODE4B = 0, MODE5A = 0, MODE5B = 0, MODE6A = 0, MODE6B = 0, MODE7A = 0, MODE7B = 0 : NULL
02179 Command = 84, MODE8A = 1, MODE8B = 1, MODE9A = 6, MODE9B = 6, MODE10A = 1, MODE10B = 1, GLOBAL_KP = 255, GLOBAL_KI = 255 : NULL : WAIT = 0.2
02180 Command = 0, MODE8A = 0, MODE8B = 0, MODE9A = 0, MODE9B = 0, MODE10A = 0, MODE10B = 0, GLOBAL_KP = 0, GLOBAL_KI = 0 : NULL
02181 Command = 82, Enable_Fault_Reset = 1, Save_Configuration = 1, Enable_DPLTx = 1, Enable_DPLF1 = 1, Enable_DPLF2 = 1 : NULL : WAIT = 0.2
02182 Command = 0, Enable_Fault_Reset = 0, Save_Configuration = 0, Enable_DPLTx = 0, Enable_DPLF1 = 0, Enable_DPLF2 = 0 : NULL
02183 #switch input to load line
02183 J2_02 = 1 : NULL : WAIT = 1
02184 
02184 #TESTING - ModeIndex 34 PortIndex 1
02184 J4_01 = 1 : NULL : WAIT = 0.1
02185 SWEEP-RUNNING DEATHSWEEP!
Connected: RIGOL TECHNOLOGIES,DP832,DP8C180100022,00.01.19
VISA resource: USB0::0x1AB1::0x0E11::DP8C180100022::INSTR
Sweeping CH2 mode=updown: 4.320000 V -> 4.430000 V -> 4.320000 V in 0.001000 V steps (221 points)
       0/220 set=4.320000 V elapsed=0.016s rate=62.50 steps/s
      50/220 set=4.370000 V elapsed=1.094s rate=46.62 steps/s eta=3.647s
     100/220 set=4.420000 V elapsed=2.204s rate=45.83 steps/s eta=2.619s
     150/220 set=4.390000 V elapsed=3.282s rate=46.01 steps/s eta=1.521s
     200/220 set=4.340000 V elapsed=4.375s rate=45.94 steps/s eta=0.435s
Sweep complete. Elapsed: 4.782s
Output turned OFF.


02185 J4_01 = 0 : NULL : WAIT = 0.1
02186 #test for lockup
02186 UUT_TXCHECK-2.0
02186 PASS: UUT_TXCHECK (DPLF1)
02187 #Finished with port
02187 #switch out input
02187 J2_02 = 0 : NULL : WAIT = 0.1
02188 
02188 #cycle IGN to reset lockup
02188 RLY_K1 = 1 : NULL : WAIT = 2
02189 RLY_K1 = 0 : NULL : WAIT = 2
02190 #-----setup 39009-----
02190 #configure
02190 Command = 82, MODE1 = 0, MODE2 = 0, Enable_24VDC = 0, Analog_Raw_Value = 0 : NULL : WAIT = 0.2
02191 Command = 0, MODE1 = 0, MODE2 = 0, Enable_24VDC = 0, Analog_Raw_Value = 0 : NULL
02192 Command = 83, MODE1A = 1, MODE1B = 1, MODE2A = 1, MODE2B = 1, MODE3A = 4, MODE3B = 1, MODE4A = 1, MODE4B = 1, MODE5A = 6, MODE5B = 6, MODE6A = 1, MODE6B = 1, MODE7A = 6, MODE7B = 6 : NULL : WAIT = 0.2
02193 Command = 0, MODE1A = 0, MODE1B = 0, MODE2A = 0, MODE2B = 0, MODE3A = 0, MODE3B = 0, MODE4A = 0, MODE4B = 0, MODE5A = 0, MODE5B = 0, MODE6A = 0, MODE6B = 0, MODE7A = 0, MODE7B = 0 : NULL
02194 Command = 84, MODE8A = 1, MODE8B = 1, MODE9A = 6, MODE9B = 6, MODE10A = 1, MODE10B = 1, GLOBAL_KP = 255, GLOBAL_KI = 255 : NULL : WAIT = 0.2
02195 Command = 0, MODE8A = 0, MODE8B = 0, MODE9A = 0, MODE9B = 0, MODE10A = 0, MODE10B = 0, GLOBAL_KP = 0, GLOBAL_KI = 0 : NULL
02196 Command = 82, Enable_Fault_Reset = 1, Save_Configuration = 1, Enable_DPLTx = 1, Enable_DPLF1 = 1, Enable_DPLF2 = 1 : NULL : WAIT = 0.2
02197 Command = 0, Enable_Fault_Reset = 0, Save_Configuration = 0, Enable_DPLTx = 0, Enable_DPLF1 = 0, Enable_DPLF2 = 0 : NULL
02198 #switch input to load line
02198 J2_03 = 1 : NULL : WAIT = 1
02199 
02199 #TESTING - ModeIndex 34 PortIndex 2
02199 J4_01 = 1 : NULL : WAIT = 0.1
02200 SWEEP-RUNNING DEATHSWEEP!
Connected: RIGOL TECHNOLOGIES,DP832,DP8C180100022,00.01.19
VISA resource: USB0::0x1AB1::0x0E11::DP8C180100022::INSTR
Sweeping CH2 mode=updown: 4.320000 V -> 4.430000 V -> 4.320000 V in 0.001000 V steps (221 points)
       0/220 set=4.320000 V elapsed=0.031s rate=32.26 steps/s
      50/220 set=4.370000 V elapsed=1.140s rate=44.74 steps/s eta=3.800s
     100/220 set=4.420000 V elapsed=2.234s rate=45.21 steps/s eta=2.654s
     150/220 set=4.390000 V elapsed=3.328s rate=45.37 steps/s eta=1.543s
     200/220 set=4.340000 V elapsed=4.390s rate=45.79 steps/s eta=0.437s
Sweep complete. Elapsed: 4.812s
Output turned OFF.


02200 J4_01 = 0 : NULL : WAIT = 0.1
02201 #test for lockup
02201 UUT_TXCHECK-2.0
02201 PASS: UUT_TXCHECK (AD4)
02202 #Finished with port
02202 #switch out input
02202 J2_03 = 0 : NULL : WAIT = 0.1
02203 
02203 #cycle IGN to reset lockup
02203 RLY_K1 = 1 : NULL : WAIT = 2
02204 RLY_K1 = 0 : NULL : WAIT = 2
02205 #-----setup 39009-----
02205 #configure
02205 Command = 82, MODE1 = 0, MODE2 = 0, Enable_24VDC = 0, Analog_Raw_Value = 0 : NULL : WAIT = 0.2
02206 Command = 0, MODE1 = 0, MODE2 = 0, Enable_24VDC = 0, Analog_Raw_Value = 0 : NULL
02207 Command = 83, MODE1A = 1, MODE1B = 1, MODE2A = 1, MODE2B = 1, MODE3A = 4, MODE3B = 1, MODE4A = 1, MODE4B = 1, MODE5A = 6, MODE5B = 6, MODE6A = 1, MODE6B = 1, MODE7A = 6, MODE7B = 6 : NULL : WAIT = 0.2
02208 Command = 0, MODE1A = 0, MODE1B = 0, MODE2A = 0, MODE2B = 0, MODE3A = 0, MODE3B = 0, MODE4A = 0, MODE4B = 0, MODE5A = 0, MODE5B = 0, MODE6A = 0, MODE6B = 0, MODE7A = 0, MODE7B = 0 : NULL
02209 Command = 84, MODE8A = 1, MODE8B = 1, MODE9A = 6, MODE9B = 6, MODE10A = 1, MODE10B = 1, GLOBAL_KP = 255, GLOBAL_KI = 255 : NULL : WAIT = 0.2
02210 Command = 0, MODE8A = 0, MODE8B = 0, MODE9A = 0, MODE9B = 0, MODE10A = 0, MODE10B = 0, GLOBAL_KP = 0, GLOBAL_KI = 0 : NULL
02211 Command = 82, Enable_Fault_Reset = 1, Save_Configuration = 1, Enable_DPLTx = 1, Enable_DPLF1 = 1, Enable_DPLF2 = 1 : NULL : WAIT = 0.2
02212 Command = 0, Enable_Fault_Reset = 0, Save_Configuration = 0, Enable_DPLTx = 0, Enable_DPLF1 = 0, Enable_DPLF2 = 0 : NULL
02213 #switch input to load line
02213 J2_04 = 1 : NULL : WAIT = 1
02214 
02214 #TESTING - ModeIndex 34 PortIndex 3
02214 J4_01 = 1 : NULL : WAIT = 0.1
02215 SWEEP-RUNNING DEATHSWEEP!
Connected: RIGOL TECHNOLOGIES,DP832,DP8C180100022,00.01.19
VISA resource: USB0::0x1AB1::0x0E11::DP8C180100022::INSTR
Sweeping CH2 mode=updown: 4.320000 V -> 4.430000 V -> 4.320000 V in 0.001000 V steps (221 points)
       0/220 set=4.320000 V elapsed=0.031s rate=32.26 steps/s
      50/220 set=4.370000 V elapsed=1.125s rate=45.33 steps/s eta=3.750s
     100/220 set=4.420000 V elapsed=2.234s rate=45.21 steps/s eta=2.654s
     150/220 set=4.390000 V elapsed=3.312s rate=45.59 steps/s eta=1.535s
     200/220 set=4.340000 V elapsed=4.390s rate=45.79 steps/s eta=0.437s
Sweep complete. Elapsed: 4.843s
Output turned OFF.


02215 J4_01 = 0 : NULL : WAIT = 0.1
02216 #test for lockup
02216 UUT_TXCHECK-2.0
02216 PASS: UUT_TXCHECK (DPLT4)
02217 #Finished with port
02217 #switch out input
02217 J2_04 = 0 : NULL : WAIT = 0.1
02218 
02218 
02218 #Finished with mode
02218 #cycle IGN to reset lockup
02218 RLY_K1 = 1 : NULL : WAIT = 2
02219 RLY_K1 = 0 : NULL : WAIT = 2
02220 #-----setup 39009-----
02220 #configure
02220 Command = 82, MODE1 = 0, MODE2 = 0, Enable_24VDC = 0, Analog_Raw_Value = 0 : NULL : WAIT = 0.2
02221 Command = 0, MODE1 = 0, MODE2 = 0, Enable_24VDC = 0, Analog_Raw_Value = 0 : NULL
02222 Command = 83, MODE1A = 1, MODE1B = 1, MODE2A = 1, MODE2B = 1, MODE3A = 1, MODE3B = 4, MODE4A = 1, MODE4B = 1, MODE5A = 6, MODE5B = 6, MODE6A = 1, MODE6B = 1, MODE7A = 6, MODE7B = 6 : NULL : WAIT = 0.2
02223 Command = 0, MODE1A = 0, MODE1B = 0, MODE2A = 0, MODE2B = 0, MODE3A = 0, MODE3B = 0, MODE4A = 0, MODE4B = 0, MODE5A = 0, MODE5B = 0, MODE6A = 0, MODE6B = 0, MODE7A = 0, MODE7B = 0 : NULL
02224 Command = 84, MODE8A = 1, MODE8B = 1, MODE9A = 6, MODE9B = 6, MODE10A = 1, MODE10B = 1, GLOBAL_KP = 255, GLOBAL_KI = 255 : NULL : WAIT = 0.2
02225 Command = 0, MODE8A = 0, MODE8B = 0, MODE9A = 0, MODE9B = 0, MODE10A = 0, MODE10B = 0, GLOBAL_KP = 0, GLOBAL_KI = 0 : NULL
02226 Command = 82, Enable_Fault_Reset = 1, Save_Configuration = 1, Enable_DPLTx = 1, Enable_DPLF1 = 1, Enable_DPLF2 = 1 : NULL : WAIT = 0.2
02227 Command = 0, Enable_Fault_Reset = 0, Save_Configuration = 0, Enable_DPLTx = 0, Enable_DPLF1 = 0, Enable_DPLF2 = 0 : NULL
02228 #switch input to load line
02228 J2_01 = 1 : NULL : WAIT = 1
02229 
02229 #TESTING - ModeIndex 35 PortIndex 0
02229 J4_01 = 1 : NULL : WAIT = 0.1
02230 SWEEP-RUNNING DEATHSWEEP!
Connected: RIGOL TECHNOLOGIES,DP832,DP8C180100022,00.01.19
VISA resource: USB0::0x1AB1::0x0E11::DP8C180100022::INSTR
Sweeping CH2 mode=updown: 4.320000 V -> 4.430000 V -> 4.320000 V in 0.001000 V steps (221 points)
       0/220 set=4.320000 V elapsed=0.016s rate=62.50 steps/s
      50/220 set=4.370000 V elapsed=1.141s rate=44.70 steps/s eta=3.803s
     100/220 set=4.420000 V elapsed=2.204s rate=45.83 steps/s eta=2.619s
     150/220 set=4.390000 V elapsed=3.297s rate=45.80 steps/s eta=1.528s
     200/220 set=4.340000 V elapsed=4.407s rate=45.61 steps/s eta=0.439s
Sweep complete. Elapsed: 4.829s
Output turned OFF.


02230 J4_01 = 0 : NULL : WAIT = 0.1
02231 #test for lockup
02231 UUT_TXCHECK-2.0
02231 PASS: UUT_TXCHECK (DPLF1)
02232 #Finished with port
02232 #switch out input
02232 J2_01 = 0 : NULL : WAIT = 0.1
02233 
02233 #cycle IGN to reset lockup
02233 RLY_K1 = 1 : NULL : WAIT = 2
02234 RLY_K1 = 0 : NULL : WAIT = 2
02235 #-----setup 39009-----
02235 #configure
02235 Command = 82, MODE1 = 0, MODE2 = 0, Enable_24VDC = 0, Analog_Raw_Value = 0 : NULL : WAIT = 0.2
02236 Command = 0, MODE1 = 0, MODE2 = 0, Enable_24VDC = 0, Analog_Raw_Value = 0 : NULL
02237 Command = 83, MODE1A = 1, MODE1B = 1, MODE2A = 1, MODE2B = 1, MODE3A = 1, MODE3B = 4, MODE4A = 1, MODE4B = 1, MODE5A = 6, MODE5B = 6, MODE6A = 1, MODE6B = 1, MODE7A = 6, MODE7B = 6 : NULL : WAIT = 0.2
02238 Command = 0, MODE1A = 0, MODE1B = 0, MODE2A = 0, MODE2B = 0, MODE3A = 0, MODE3B = 0, MODE4A = 0, MODE4B = 0, MODE5A = 0, MODE5B = 0, MODE6A = 0, MODE6B = 0, MODE7A = 0, MODE7B = 0 : NULL
02239 Command = 84, MODE8A = 1, MODE8B = 1, MODE9A = 6, MODE9B = 6, MODE10A = 1, MODE10B = 1, GLOBAL_KP = 255, GLOBAL_KI = 255 : NULL : WAIT = 0.2
02240 Command = 0, MODE8A = 0, MODE8B = 0, MODE9A = 0, MODE9B = 0, MODE10A = 0, MODE10B = 0, GLOBAL_KP = 0, GLOBAL_KI = 0 : NULL
02241 Command = 82, Enable_Fault_Reset = 1, Save_Configuration = 1, Enable_DPLTx = 1, Enable_DPLF1 = 1, Enable_DPLF2 = 1 : NULL : WAIT = 0.2
02242 Command = 0, Enable_Fault_Reset = 0, Save_Configuration = 0, Enable_DPLTx = 0, Enable_DPLF1 = 0, Enable_DPLF2 = 0 : NULL
02243 #switch input to load line
02243 J2_02 = 1 : NULL : WAIT = 1
02244 
02244 #TESTING - ModeIndex 35 PortIndex 1
02244 J4_01 = 1 : NULL : WAIT = 0.1
02245 SWEEP-RUNNING DEATHSWEEP!
Connected: RIGOL TECHNOLOGIES,DP832,DP8C180100022,00.01.19
VISA resource: USB0::0x1AB1::0x0E11::DP8C180100022::INSTR
Sweeping CH2 mode=updown: 4.320000 V -> 4.430000 V -> 4.320000 V in 0.001000 V steps (221 points)
       0/220 set=4.320000 V elapsed=0.016s rate=62.50 steps/s
      50/220 set=4.370000 V elapsed=1.094s rate=46.62 steps/s eta=3.647s
     100/220 set=4.420000 V elapsed=2.172s rate=46.50 steps/s eta=2.581s
     150/220 set=4.390000 V elapsed=3.266s rate=46.23 steps/s eta=1.514s
     200/220 set=4.340000 V elapsed=4.328s rate=46.44 steps/s eta=0.431s
Sweep complete. Elapsed: 4.735s
Output turned OFF.


02245 J4_01 = 0 : NULL : WAIT = 0.1
02246 #test for lockup
02246 UUT_TXCHECK-2.0
02246 PASS: UUT_TXCHECK (DPLF1)
02247 #Finished with port
02247 #switch out input
02247 J2_02 = 0 : NULL : WAIT = 0.1
02248 
02248 #cycle IGN to reset lockup
02248 RLY_K1 = 1 : NULL : WAIT = 2
02249 RLY_K1 = 0 : NULL : WAIT = 2
02250 #-----setup 39009-----
02250 #configure
02250 Command = 82, MODE1 = 0, MODE2 = 0, Enable_24VDC = 0, Analog_Raw_Value = 0 : NULL : WAIT = 0.2
02251 Command = 0, MODE1 = 0, MODE2 = 0, Enable_24VDC = 0, Analog_Raw_Value = 0 : NULL
02252 Command = 83, MODE1A = 1, MODE1B = 1, MODE2A = 1, MODE2B = 1, MODE3A = 1, MODE3B = 4, MODE4A = 1, MODE4B = 1, MODE5A = 6, MODE5B = 6, MODE6A = 1, MODE6B = 1, MODE7A = 6, MODE7B = 6 : NULL : WAIT = 0.2
02253 Command = 0, MODE1A = 0, MODE1B = 0, MODE2A = 0, MODE2B = 0, MODE3A = 0, MODE3B = 0, MODE4A = 0, MODE4B = 0, MODE5A = 0, MODE5B = 0, MODE6A = 0, MODE6B = 0, MODE7A = 0, MODE7B = 0 : NULL
02254 Command = 84, MODE8A = 1, MODE8B = 1, MODE9A = 6, MODE9B = 6, MODE10A = 1, MODE10B = 1, GLOBAL_KP = 255, GLOBAL_KI = 255 : NULL : WAIT = 0.2
02255 Command = 0, MODE8A = 0, MODE8B = 0, MODE9A = 0, MODE9B = 0, MODE10A = 0, MODE10B = 0, GLOBAL_KP = 0, GLOBAL_KI = 0 : NULL
02256 Command = 82, Enable_Fault_Reset = 1, Save_Configuration = 1, Enable_DPLTx = 1, Enable_DPLF1 = 1, Enable_DPLF2 = 1 : NULL : WAIT = 0.2
02257 Command = 0, Enable_Fault_Reset = 0, Save_Configuration = 0, Enable_DPLTx = 0, Enable_DPLF1 = 0, Enable_DPLF2 = 0 : NULL
02258 #switch input to load line
02258 J2_03 = 1 : NULL : WAIT = 1
02259 
02259 #TESTING - ModeIndex 35 PortIndex 2
02259 J4_01 = 1 : NULL : WAIT = 0.1
02260 SWEEP-RUNNING DEATHSWEEP!
Connected: RIGOL TECHNOLOGIES,DP832,DP8C180100022,00.01.19
VISA resource: USB0::0x1AB1::0x0E11::DP8C180100022::INSTR
Sweeping CH2 mode=updown: 4.320000 V -> 4.430000 V -> 4.320000 V in 0.001000 V steps (221 points)
       0/220 set=4.320000 V elapsed=0.031s rate=32.26 steps/s
      50/220 set=4.370000 V elapsed=1.094s rate=46.62 steps/s eta=3.647s
     100/220 set=4.420000 V elapsed=2.203s rate=45.85 steps/s eta=2.617s
     150/220 set=4.390000 V elapsed=3.281s rate=46.02 steps/s eta=1.521s
     200/220 set=4.340000 V elapsed=4.344s rate=46.27 steps/s eta=0.432s
Sweep complete. Elapsed: 4.781s
Output turned OFF.


02260 J4_01 = 0 : NULL : WAIT = 0.1
02261 #test for lockup
02261 UUT_TXCHECK-2.0
02261 PASS: UUT_TXCHECK (DPLF1)
02262 #Finished with port
02262 #switch out input
02262 J2_03 = 0 : NULL : WAIT = 0.1
02263 
02263 #cycle IGN to reset lockup
02263 RLY_K1 = 1 : NULL : WAIT = 2
02264 RLY_K1 = 0 : NULL : WAIT = 2
02265 #-----setup 39009-----
02265 #configure
02265 Command = 82, MODE1 = 0, MODE2 = 0, Enable_24VDC = 0, Analog_Raw_Value = 0 : NULL : WAIT = 0.2
02266 Command = 0, MODE1 = 0, MODE2 = 0, Enable_24VDC = 0, Analog_Raw_Value = 0 : NULL
02267 Command = 83, MODE1A = 1, MODE1B = 1, MODE2A = 1, MODE2B = 1, MODE3A = 1, MODE3B = 4, MODE4A = 1, MODE4B = 1, MODE5A = 6, MODE5B = 6, MODE6A = 1, MODE6B = 1, MODE7A = 6, MODE7B = 6 : NULL : WAIT = 0.2
02268 Command = 0, MODE1A = 0, MODE1B = 0, MODE2A = 0, MODE2B = 0, MODE3A = 0, MODE3B = 0, MODE4A = 0, MODE4B = 0, MODE5A = 0, MODE5B = 0, MODE6A = 0, MODE6B = 0, MODE7A = 0, MODE7B = 0 : NULL
02269 Command = 84, MODE8A = 1, MODE8B = 1, MODE9A = 6, MODE9B = 6, MODE10A = 1, MODE10B = 1, GLOBAL_KP = 255, GLOBAL_KI = 255 : NULL : WAIT = 0.2
02270 Command = 0, MODE8A = 0, MODE8B = 0, MODE9A = 0, MODE9B = 0, MODE10A = 0, MODE10B = 0, GLOBAL_KP = 0, GLOBAL_KI = 0 : NULL
02271 Command = 82, Enable_Fault_Reset = 1, Save_Configuration = 1, Enable_DPLTx = 1, Enable_DPLF1 = 1, Enable_DPLF2 = 1 : NULL : WAIT = 0.2
02272 Command = 0, Enable_Fault_Reset = 0, Save_Configuration = 0, Enable_DPLTx = 0, Enable_DPLF1 = 0, Enable_DPLF2 = 0 : NULL
02273 #switch input to load line
02273 J2_04 = 1 : NULL : WAIT = 1
02274 
02274 #TESTING - ModeIndex 35 PortIndex 3
02274 J4_01 = 1 : NULL : WAIT = 0.1
02275 SWEEP-RUNNING DEATHSWEEP!
Connected: RIGOL TECHNOLOGIES,DP832,DP8C180100022,00.01.19
VISA resource: USB0::0x1AB1::0x0E11::DP8C180100022::INSTR
Sweeping CH2 mode=updown: 4.320000 V -> 4.430000 V -> 4.320000 V in 0.001000 V steps (221 points)
       0/220 set=4.320000 V elapsed=0.031s rate=32.26 steps/s
      50/220 set=4.370000 V elapsed=1.109s rate=45.99 steps/s eta=3.697s
     100/220 set=4.420000 V elapsed=2.188s rate=46.16 steps/s eta=2.600s
     150/220 set=4.390000 V elapsed=3.297s rate=45.80 steps/s eta=1.528s
     200/220 set=4.340000 V elapsed=4.391s rate=45.78 steps/s eta=0.437s
Sweep complete. Elapsed: 4.828s
Output turned OFF.


02275 J4_01 = 0 : NULL : WAIT = 0.1
02276 #test for lockup
02276 UUT_TXCHECK-2.0
02276 PASS: UUT_TXCHECK (FAULT)
02277 #Finished with port
02277 #switch out input
02277 J2_04 = 0 : NULL : WAIT = 0.1
02278 
02278 
02278 #Finished with mode
02278 #switch out load line, set current
02278 J2_04 = 0 : NULL : WAIT = 0.1
02279 LdRemote = 0 : NULL : WAIT = 0.1
02280 LdEnable = 0 : NULL : WAIT = 0.1
02281 LdCurrentSet = 0 : NULL : WAIT = 0.1
02282 J0_08_METER_LOAD = 0 : NULL : WAIT = 0.1
02283 #tear down PS1
02283 PwrSetCurrent = 0 : NULL : WAIT = 0.1
02284 PwrSetVoltage = 0 : NULL : WAIT = 0.1
02285 PwrEnable = 0 : NULL : WAIT = 0.1
02286 J0_09_TEST_SUPPLY = 0 : NULL : WAIT = 0.5
02287 PwrRemote = 0 : NULL : WAIT = 0.1
02288 J4_03 = 0 : NULL : WAIT = 0.2
02289 SAVE
02289 END
Fail count: 1
Finished on: 2026-01-26-12:43:08
elapsed time: 0:25:55.108034
