Step,Pre-defined Error Field.Number of Errors,Pre-defined Error Field.Standard Error Field,Pre-defined Error Field.Standard Error Field,Pre-defined Error Field.Standard Error Field,Pre-defined Error Field.Standard Error Field,Pre-defined Error Field.Standard Error Field,Store Parameter Field.Highest sub-index supported,Store Parameter Field.Save all Parameters,Store Parameter Field.Save Communication Parameters,Store Parameter Field.Save Application Parameters,Restore Default Parameters.Highest sub-index supported,Restore Default Parameters.Restore all Default Parameters,Restore Default Parameters.Restore Communication Default Parameters,Restore Default Parameters.Restore Application Default Parameters,Identity Object.number of entries,Identity Object.Vendor Id,Identity Object.Product Code,Identity Object.Revision number,Identity Object.Serial number,Server SDO Parameter 1.Highest sub-index supported,Server SDO Parameter 1.COB-ID Client -> Server,Server SDO Parameter 1.COB-ID Server -> Client,Receive PDO Communication Parameter 1.Highest sub-index supported,Receive PDO Communication Parameter 1.COB-ID,Receive PDO Communication Parameter 1.Transmission Type,Receive PDO Communication Parameter 1.Inhibit Time,Receive PDO Communication Parameter 1.Compatibility Entry,Receive PDO Communication Parameter 1.Event Timer,Receive PDO Mapping Parameter 1.Number of mapped objects,Receive PDO Mapping Parameter 1.Mapping Entry 1,Receive PDO Mapping Parameter 1.Mapping Entry 2,Transmit PDO Communication Parameter 5.Highest sub-index supported,Transmit PDO Communication Parameter 5.COB-ID,Transmit PDO Communication Parameter 5.Transmission Type,Transmit PDO Communication Parameter 5.Inhibit Time,Transmit PDO Communication Parameter 5.Compatibility Entry,Transmit PDO Communication Parameter 5.Event Timer,Transmit PDO Communication Parameter 6.Highest sub-index supported,Transmit PDO Communication Parameter 6.COB-ID,Transmit PDO Communication Parameter 6.Transmission Type,Transmit PDO Communication Parameter 6.Inhibit Time,Transmit PDO Communication Parameter 6.Compatibility Entry,Transmit PDO Communication Parameter 6.Event Timer,Transmit PDO Communication Parameter 7.Highest sub-index supported,Transmit PDO Communication Parameter 7.COB-ID,Transmit PDO Communication Parameter 7.Transmission Type,Transmit PDO Communication Parameter 7.Inhibit Time,Transmit PDO Communication Parameter 7.Compatibility Entry,Transmit PDO Communication Parameter 7.Event Timer,Transmit PDO Communication Parameter 8.Highest sub-index supported,Transmit PDO Communication Parameter 8.COB-ID,Transmit PDO Communication Parameter 8.Transmission Type,Transmit PDO Communication Parameter 8.Inhibit Time,Transmit PDO Communication Parameter 8.Compatibility Entry,Transmit PDO Communication Parameter 8.Event Timer,Transmit PDO Communication Parameter 9.Highest sub-index supported,Transmit PDO Communication Parameter 9.COB-ID,Transmit PDO Communication Parameter 9.Transmission Type,Transmit PDO Communication Parameter 9.Inhibit Time,Transmit PDO Communication Parameter 9.Compatibility Entry,Transmit PDO Communication Parameter 9.Event Timer,Transmit PDO Communication Parameter 10.Highest sub-index supported,Transmit PDO Communication Parameter 10.COB-ID,Transmit PDO Communication Parameter 10.Transmission Type,Transmit PDO Communication Parameter 10.Inhibit Time,Transmit PDO Communication Parameter 10.Compatibility Entry,Transmit PDO Communication Parameter 10.Event Timer,Transmit PDO Mapping Parameter 5.Number of mapped objects,Transmit PDO Mapping Parameter 5.Mapping Entry 1,Transmit PDO Mapping Parameter 5.Mapping Entry 2,Transmit PDO Mapping Parameter 5.Mapping Entry 3,Transmit PDO Mapping Parameter 5.Mapping Entry 4,Transmit PDO Mapping Parameter 6.Number of mapped objects,Transmit PDO Mapping Parameter 6.Mapping Entry 1,Transmit PDO Mapping Parameter 6.Mapping Entry 2,Transmit PDO Mapping Parameter 6.Mapping Entry 3,Transmit PDO Mapping Parameter 6.Mapping Entry 4,Transmit PDO Mapping Parameter 6.Mapping Entry 5,Transmit PDO Mapping Parameter 6.Mapping Entry 6,Transmit PDO Mapping Parameter 6.Mapping Entry 7,Transmit PDO Mapping Parameter 6.Mapping Entry 8,Transmit PDO Mapping Parameter 7.Number of mapped objects,Transmit PDO Mapping Parameter 7.Mapping Entry 1,Transmit PDO Mapping Parameter 7.Mapping Entry 2,Transmit PDO Mapping Parameter 7.Mapping Entry 3,Transmit PDO Mapping Parameter 7.Mapping Entry 4,Transmit PDO Mapping Parameter 8.Number of mapped objects,Transmit PDO Mapping Parameter 8.Mapping Entry 1,Transmit PDO Mapping Parameter 8.Mapping Entry 2,Transmit PDO Mapping Parameter 8.Mapping Entry 3,Transmit PDO Mapping Parameter 8.Mapping Entry 4,Transmit PDO Mapping Parameter 8.Mapping Entry 5,Transmit PDO Mapping Parameter 8.Mapping Entry 6,Transmit PDO Mapping Parameter 8.Mapping Entry 7,Transmit PDO Mapping Parameter 8.Mapping Entry 8,Transmit PDO Mapping Parameter 9.Number of mapped objects,Transmit PDO Mapping Parameter 9.Mapping Entry 1,Transmit PDO Mapping Parameter 9.Mapping Entry 2,Transmit PDO Mapping Parameter 9.Mapping Entry 3,Transmit PDO Mapping Parameter 9.Mapping Entry 4,Transmit PDO Mapping Parameter 9.Mapping Entry 5,Transmit PDO Mapping Parameter 9.Mapping Entry 6,Transmit PDO Mapping Parameter 9.Mapping Entry 7,Transmit PDO Mapping Parameter 9.Mapping Entry 8,Transmit PDO Mapping Parameter 10.Number of mapped objects,Transmit PDO Mapping Parameter 10.Mapping Entry 1,Transmit PDO Mapping Parameter 10.Mapping Entry 2,Transmit PDO Mapping Parameter 10.Mapping Entry 3,Transmit PDO Mapping Parameter 10.Mapping Entry 4,Transmit PDO Mapping Parameter 10.Mapping Entry 5,Transmit PDO Mapping Parameter 10.Mapping Entry 6,Transmit PDO Mapping Parameter 10.Mapping Entry 7,Transmit PDO Mapping Parameter 10.Mapping Entry 8,Module Global Configuration.Highest sub-index supported,Module Global Configuration.d1 - d8_Enable,Module Global Configuration.d9 - d16_Enable,Module Global Configuration.ID,Module 10A Limit Configuration.Highest sub-index supported,Module 10A Limit Configuration.Port_1A,Module 10A Limit Configuration.Port_3A,Response Message.Highest sub-index supported,Response Message.d1-d8,Response Message.d9-d16,Response Message.Active_Fault_Code,Response Message.Configuration_ID,Status Message F1.Highest sub-index supported,Status Message F1.d1-d8_Message,Status Message F1.d9-d16_Message,Status Message F1.Status_Output1-2,Status Message F1.Status_Output3-4,Status Message F1.Status_Output5-6,Status Message F1.Status_Output7-8,Status Message F1.Power,Status Message F1.Save_Counter,Status Message F2.Highest sub-index supported,Status Message F2.VBAT,Status Message F2.TEMP,Status Message F2.CNFG1,Status Message F2.CNFG2,Status Message F2.CNFG3,Status Message Amp.Highest sub-index supported,Status Message Amp.Port_1A,Status Message Amp.Port_1B,Status Message Amp.Port_2A,Status Message Amp.Port_2B,Status Message Amp.Port_3A,Status Message Amp.Port_3B,Status Message Amp.Port_4A,Status Message Amp.Port_4B,Status Message Amp.Port_5A,Status Message Amp.Port_5B,Status Message Amp.Port_6A,Status Message Amp.Port_6B,Status Message Amp.Port_7A,Status Message Amp.Port_7B,Status Message Amp.Port_8A,Status Message Amp.Port_8B,Fault Message.Highest sub-index supported,Fault Message.Counter_F1,Fault Message.Counter_F2,Fault Message.Counter_F3,Fault Message.Counter_F4,Fault Message.Counter_F5,Fault Message.Counter_F6,Fault Message.Counter_F7,Fault Message.Counter_F8,Write Outputs 8-Bit.Highest sub-index supported,Write Outputs 8-Bit.Output_1,Write Outputs 8-Bit.Output_2,Dummy0005,Dummy0006,Dummy0007,Device Type,Error Register,Manufacturer Device Name,Manufacturer Hardware Version,Manufacturer Software Version,COB-ID EMCY,Inhibit Time Emergency,Producer Heartbeat Time,J0_01_3A_LOAD,J0_02_5A_LOAD,J0_03_7A_LOAD,J0_04_12A_LOAD,J0_05_200MA_PULLUP,J0_06_12MA_PULLUP,J0_07_GND_LOAD,J0_08_METER_LOAD,J0_09_TEST_SUPPLY,J0_10_MAIN_SUPPLY,J0_11_FREQ_GEN,J0_12_PROBE,J1_01,J1_02,J1_03,J1_04,J1_05,J1_06,J1_07,J1_08,J1_09,J1_10,J1_11,J1_12,J2_01,J2_02,J2_03,J2_04,J2_05,J2_06,J2_07,J2_08,J2_09,J2_10,J2_11,J2_12,J3_01,J3_02,J3_03,J3_04,J3_05,J3_06,J3_07,J3_08,J3_09,J3_10,J3_11,J3_12,J4_01,J4_02,J4_03,J4_04,J4_05,J4_06,J4_07,J4_08,J4_09,J4_10,J4_11,J4_12,J5_01,J5_02,J5_03,J5_04,J5_05,J5_06,J5_07,J5_08,J5_09,J5_10,J5_11,J5_12,MeterVolts,MeterCurrent,MeterAmps,MeterSpare,PwrRemote,PwrEnable,PwrSetVoltage,PwrSetCurrent,LdRemote,LdEnable,LdMode,LdShort,LdCurrentSet,LdResistSet,RLY_K1,RLY_K2,RLY_K3,METER_MODE,METER_RANGE,
14,0.0,0.0,0.0,0.0,0.0,0.0,3.0,1.0,1.0,1.0,3.0,1.0,1.0,1.0,4.0,1275.0,3408965.0,65543.0,0.0,2.0,1537.0,1409.0,5.0,513.0,255.0,0.0,0.0,0.0,2.0,1644167432.0,1644167688.0,5.0,417.0,254.0,0.0,0.0,0.0,5.0,449.0,254.0,0.0,0.0,0.0,5.0,481.0,254.0,0.0,0.0,0.0,5.0,673.0,254.0,0.0,0.0,0.0,5.0,705.0,254.0,0.0,0.0,0.0,5.0,737.0,254.0,0.0,0.0,0.0,4.0,1342177544.0,1342177800.0,1342178056.0,1342178312.0,8.0,1342243080.0,1342243336.0,1342243592.0,1342243848.0,1342244104.0,1342244360.0,1342244616.0,1342244872.0,4.0,1342308624.0,1342308880.0,1342309136.0,1342309392.0,8.0,1342374152.0,1342374408.0,1342374664.0,1342374920.0,1342375176.0,1342375432.0,1342375688.0,1342375944.0,8.0,1342376200.0,1342376456.0,1342376712.0,1342376968.0,1342377224.0,1342377480.0,1342377736.0,1342377992.0,8.0,1342439688.0,1342439944.0,1342440200.0,1342440456.0,1342440712.0,1342440968.0,1342441224.0,1342441480.0,3.0,1.0,0.0,0.0,2.0,45.0,45.0,4.0,80.0,244.0,0.0,0.0,8.0,0.0,252.0,0.0,0.0,0.0,0.0,85.0,4.0,5.0,146.0,1813.0,5.0,6.0,2.0,16.0,0.0,0.0,0.0,0.0,0.0,0.0,0.0,0.0,0.0,0.0,0.0,0.0,0.0,0.0,0.0,0.0,8.0,0.0,0.0,0.0,2.0,0.0,0.0,0.0,0.0,2.0,0.0,0.0,0.0,0.0,0.0,131473.0,0.0,340445200.0,34044205.0,1.08,129.0,0.0,2000.0,0.0,0.0,0.0,0.0,0.0,0.0,0.0,1.0,0.0,0.0,0.0,0.0,0.0,0.0,0.0,0.0,0.0,0.0,0.0,0.0,0.0,0.0,0.0,0.0,1.0,0.0,0.0,0.0,0.0,0.0,0.0,0.0,0.0,0.0,0.0,0.0,0.0,0.0,0.0,0.0,0.0,0.0,0.0,0.0,0.0,0.0,0.0,0.0,0.0,0.0,0.0,0.0,0.0,0.0,0.0,0.0,0.0,0.0,0.0,0.0,0.0,0.0,0.0,0.0,0.0,0.0,0.0,0.0,0.0,0.0,0.0,0.0,0.0,0.0,0.0,0.0,0.0,0.0,0.0,0.0,1.0,0.0,0.0,0.0,6000.0,0.0,0.0,0.0,0.0,0.0,0.0,
17,0.0,0.0,0.0,0.0,0.0,0.0,3.0,1.0,1.0,1.0,3.0,1.0,1.0,1.0,4.0,1275.0,3408965.0,65543.0,0.0,2.0,1537.0,1409.0,5.0,513.0,255.0,0.0,0.0,0.0,2.0,1644167432.0,1644167688.0,5.0,417.0,254.0,0.0,0.0,0.0,5.0,449.0,254.0,0.0,0.0,0.0,5.0,481.0,254.0,0.0,0.0,0.0,5.0,673.0,254.0,0.0,0.0,0.0,5.0,705.0,254.0,0.0,0.0,0.0,5.0,737.0,254.0,0.0,0.0,0.0,4.0,1342177544.0,1342177800.0,1342178056.0,1342178312.0,8.0,1342243080.0,1342243336.0,1342243592.0,1342243848.0,1342244104.0,1342244360.0,1342244616.0,1342244872.0,4.0,1342308624.0,1342308880.0,1342309136.0,1342309392.0,8.0,1342374152.0,1342374408.0,1342374664.0,1342374920.0,1342375176.0,1342375432.0,1342375688.0,1342375944.0,8.0,1342376200.0,1342376456.0,1342376712.0,1342376968.0,1342377224.0,1342377480.0,1342377736.0,1342377992.0,8.0,1342439688.0,1342439944.0,1342440200.0,1342440456.0,1342440712.0,1342440968.0,1342441224.0,1342441480.0,3.0,1.0,0.0,0.0,2.0,45.0,45.0,4.0,80.0,244.0,0.0,0.0,8.0,0.0,252.0,2.0,0.0,0.0,0.0,85.0,4.0,5.0,146.0,1813.0,5.0,6.0,2.0,16.0,0.0,0.0,0.0,0.0,0.0,0.0,0.0,0.0,0.0,0.0,0.0,0.0,0.0,0.0,0.0,0.0,8.0,0.0,0.0,0.0,2.0,0.0,0.0,0.0,0.0,2.0,1.0,0.0,0.0,0.0,0.0,131473.0,0.0,340445200.0,34044205.0,1.08,129.0,0.0,2000.0,0.0,0.0,0.0,0.0,0.0,0.0,0.0,1.0,0.0,0.0,0.0,0.0,0.0,0.0,0.0,0.0,0.0,0.0,0.0,0.0,0.0,0.0,0.0,0.0,1.0,0.0,0.0,0.0,0.0,0.0,0.0,0.0,0.0,0.0,0.0,0.0,0.0,0.0,0.0,0.0,0.0,0.0,0.0,0.0,0.0,0.0,0.0,0.0,0.0,0.0,0.0,0.0,0.0,0.0,0.0,0.0,0.0,0.0,0.0,0.0,0.0,0.0,0.0,0.0,0.0,0.0,0.0,0.0,0.0,0.0,0.0,0.0,3.221,2.827,0.0,0.0,0.0,0.0,0.0,0.0,1.0,1.0,0.0,0.0,6000.0,0.0,0.0,0.0,0.0,0.0,0.0,
20,0.0,0.0,0.0,0.0,0.0,0.0,3.0,1.0,1.0,1.0,3.0,1.0,1.0,1.0,4.0,1275.0,3408965.0,65543.0,0.0,2.0,1537.0,1409.0,5.0,513.0,255.0,0.0,0.0,0.0,2.0,1644167432.0,1644167688.0,5.0,417.0,254.0,0.0,0.0,0.0,5.0,449.0,254.0,0.0,0.0,0.0,5.0,481.0,254.0,0.0,0.0,0.0,5.0,673.0,254.0,0.0,0.0,0.0,5.0,705.0,254.0,0.0,0.0,0.0,5.0,737.0,254.0,0.0,0.0,0.0,4.0,1342177544.0,1342177800.0,1342178056.0,1342178312.0,8.0,1342243080.0,1342243336.0,1342243592.0,1342243848.0,1342244104.0,1342244360.0,1342244616.0,1342244872.0,4.0,1342308624.0,1342308880.0,1342309136.0,1342309392.0,8.0,1342374152.0,1342374408.0,1342374664.0,1342374920.0,1342375176.0,1342375432.0,1342375688.0,1342375944.0,8.0,1342376200.0,1342376456.0,1342376712.0,1342376968.0,1342377224.0,1342377480.0,1342377736.0,1342377992.0,8.0,1342439688.0,1342439944.0,1342440200.0,1342440456.0,1342440712.0,1342440968.0,1342441224.0,1342441480.0,3.0,1.0,0.0,0.0,2.0,45.0,45.0,4.0,80.0,244.0,0.0,0.0,8.0,0.0,252.0,0.0,0.0,0.0,0.0,85.0,4.0,5.0,146.0,1813.0,5.0,6.0,2.0,16.0,0.0,0.0,0.0,0.0,0.0,0.0,0.0,0.0,0.0,0.0,0.0,0.0,0.0,0.0,0.0,0.0,8.0,0.0,0.0,0.0,2.0,0.0,0.0,0.0,0.0,2.0,0.0,0.0,0.0,0.0,0.0,131473.0,0.0,340445200.0,34044205.0,1.08,129.0,0.0,2000.0,0.0,0.0,0.0,0.0,0.0,0.0,0.0,1.0,0.0,0.0,0.0,0.0,0.0,0.0,0.0,0.0,0.0,0.0,0.0,0.0,0.0,0.0,0.0,0.0,1.0,0.0,0.0,0.0,0.0,0.0,0.0,0.0,0.0,0.0,0.0,0.0,0.0,0.0,0.0,0.0,0.0,0.0,0.0,0.0,0.0,0.0,0.0,0.0,0.0,0.0,0.0,0.0,0.0,0.0,0.0,0.0,0.0,0.0,0.0,0.0,0.0,0.0,0.0,0.0,0.0,0.0,0.0,0.0,0.0,0.0,0.0,0.0,0.0,0.0,0.0,0.0,0.0,0.0,0.0,0.0,1.0,0.0,0.0,0.0,6000.0,0.0,0.0,0.0,0.0,0.0,0.0,
23,0.0,0.0,0.0,0.0,0.0,0.0,3.0,1.0,1.0,1.0,3.0,1.0,1.0,1.0,4.0,1275.0,3408965.0,65543.0,0.0,2.0,1537.0,1409.0,5.0,513.0,255.0,0.0,0.0,0.0,2.0,1644167432.0,1644167688.0,5.0,417.0,254.0,0.0,0.0,0.0,5.0,449.0,254.0,0.0,0.0,0.0,5.0,481.0,254.0,0.0,0.0,0.0,5.0,673.0,254.0,0.0,0.0,0.0,5.0,705.0,254.0,0.0,0.0,0.0,5.0,737.0,254.0,0.0,0.0,0.0,4.0,1342177544.0,1342177800.0,1342178056.0,1342178312.0,8.0,1342243080.0,1342243336.0,1342243592.0,1342243848.0,1342244104.0,1342244360.0,1342244616.0,1342244872.0,4.0,1342308624.0,1342308880.0,1342309136.0,1342309392.0,8.0,1342374152.0,1342374408.0,1342374664.0,1342374920.0,1342375176.0,1342375432.0,1342375688.0,1342375944.0,8.0,1342376200.0,1342376456.0,1342376712.0,1342376968.0,1342377224.0,1342377480.0,1342377736.0,1342377992.0,8.0,1342439688.0,1342439944.0,1342440200.0,1342440456.0,1342440712.0,1342440968.0,1342441224.0,1342441480.0,3.0,1.0,0.0,0.0,2.0,45.0,45.0,4.0,80.0,244.0,0.0,0.0,8.0,0.0,252.0,2.0,0.0,0.0,0.0,85.0,4.0,5.0,146.0,1813.0,5.0,6.0,2.0,16.0,0.0,0.0,0.0,0.0,0.0,0.0,0.0,0.0,0.0,0.0,0.0,0.0,0.0,0.0,0.0,0.0,8.0,0.0,0.0,0.0,2.0,0.0,0.0,0.0,0.0,2.0,1.0,0.0,0.0,0.0,0.0,131473.0,0.0,340445200.0,34044205.0,1.08,129.0,0.0,2000.0,0.0,0.0,0.0,0.0,0.0,0.0,0.0,1.0,0.0,0.0,0.0,0.0,0.0,0.0,0.0,0.0,0.0,0.0,0.0,0.0,0.0,0.0,0.0,0.0,1.0,0.0,0.0,0.0,0.0,0.0,0.0,0.0,0.0,0.0,0.0,0.0,0.0,0.0,0.0,0.0,0.0,0.0,0.0,0.0,0.0,0.0,0.0,0.0,0.0,0.0,0.0,0.0,0.0,0.0,0.0,0.0,0.0,0.0,0.0,0.0,0.0,0.0,0.0,0.0,0.0,0.0,0.0,0.0,0.0,0.0,0.0,0.0,0.0,0.0,0.0,0.0,0.0,0.0,0.0,0.0,1.0,1.0,0.0,0.0,6000.0,0.0,0.0,0.0,0.0,0.0,0.0,
26,0.0,0.0,0.0,0.0,0.0,0.0,3.0,1.0,1.0,1.0,3.0,1.0,1.0,1.0,4.0,1275.0,3408965.0,65543.0,0.0,2.0,1537.0,1409.0,5.0,513.0,255.0,0.0,0.0,0.0,2.0,1644167432.0,1644167688.0,5.0,417.0,254.0,0.0,0.0,0.0,5.0,449.0,254.0,0.0,0.0,0.0,5.0,481.0,254.0,0.0,0.0,0.0,5.0,673.0,254.0,0.0,0.0,0.0,5.0,705.0,254.0,0.0,0.0,0.0,5.0,737.0,254.0,0.0,0.0,0.0,4.0,1342177544.0,1342177800.0,1342178056.0,1342178312.0,8.0,1342243080.0,1342243336.0,1342243592.0,1342243848.0,1342244104.0,1342244360.0,1342244616.0,1342244872.0,4.0,1342308624.0,1342308880.0,1342309136.0,1342309392.0,8.0,1342374152.0,1342374408.0,1342374664.0,1342374920.0,1342375176.0,1342375432.0,1342375688.0,1342375944.0,8.0,1342376200.0,1342376456.0,1342376712.0,1342376968.0,1342377224.0,1342377480.0,1342377736.0,1342377992.0,8.0,1342439688.0,1342439944.0,1342440200.0,1342440456.0,1342440712.0,1342440968.0,1342441224.0,1342441480.0,3.0,1.0,0.0,0.0,2.0,45.0,45.0,4.0,80.0,244.0,0.0,0.0,8.0,0.0,252.0,0.0,0.0,0.0,0.0,85.0,4.0,5.0,146.0,1813.0,5.0,6.0,2.0,16.0,0.0,0.0,0.0,0.0,0.0,0.0,0.0,0.0,0.0,0.0,0.0,0.0,0.0,0.0,0.0,0.0,8.0,0.0,0.0,0.0,2.0,0.0,0.0,0.0,0.0,2.0,0.0,0.0,0.0,0.0,0.0,131473.0,0.0,340445200.0,34044205.0,1.08,129.0,0.0,2000.0,0.0,0.0,0.0,0.0,0.0,0.0,0.0,1.0,0.0,0.0,0.0,0.0,0.0,0.0,0.0,0.0,0.0,0.0,0.0,0.0,0.0,0.0,0.0,0.0,1.0,0.0,0.0,0.0,0.0,0.0,0.0,0.0,0.0,0.0,0.0,0.0,0.0,0.0,0.0,0.0,0.0,0.0,0.0,0.0,0.0,0.0,0.0,0.0,0.0,0.0,0.0,0.0,0.0,0.0,0.0,0.0,0.0,0.0,0.0,0.0,0.0,0.0,0.0,0.0,0.0,0.0,0.0,0.0,0.0,0.0,0.0,0.0,0.0,0.0,0.0,0.0,0.0,0.0,0.0,0.0,1.0,0.0,0.0,0.0,6000.0,0.0,0.0,0.0,0.0,0.0,0.0,
29,0.0,0.0,0.0,0.0,0.0,0.0,3.0,1.0,1.0,1.0,3.0,1.0,1.0,1.0,4.0,1275.0,3408965.0,65543.0,0.0,2.0,1537.0,1409.0,5.0,513.0,255.0,0.0,0.0,0.0,2.0,1644167432.0,1644167688.0,5.0,417.0,254.0,0.0,0.0,0.0,5.0,449.0,254.0,0.0,0.0,0.0,5.0,481.0,254.0,0.0,0.0,0.0,5.0,673.0,254.0,0.0,0.0,0.0,5.0,705.0,254.0,0.0,0.0,0.0,5.0,737.0,254.0,0.0,0.0,0.0,4.0,1342177544.0,1342177800.0,1342178056.0,1342178312.0,8.0,1342243080.0,1342243336.0,1342243592.0,1342243848.0,1342244104.0,1342244360.0,1342244616.0,1342244872.0,4.0,1342308624.0,1342308880.0,1342309136.0,1342309392.0,8.0,1342374152.0,1342374408.0,1342374664.0,1342374920.0,1342375176.0,1342375432.0,1342375688.0,1342375944.0,8.0,1342376200.0,1342376456.0,1342376712.0,1342376968.0,1342377224.0,1342377480.0,1342377736.0,1342377992.0,8.0,1342439688.0,1342439944.0,1342440200.0,1342440456.0,1342440712.0,1342440968.0,1342441224.0,1342441480.0,3.0,1.0,0.0,0.0,2.0,45.0,45.0,4.0,80.0,244.0,0.0,0.0,8.0,0.0,252.0,2.0,0.0,0.0,0.0,85.0,4.0,5.0,146.0,1806.0,5.0,6.0,2.0,16.0,0.0,0.0,0.0,0.0,0.0,0.0,0.0,0.0,0.0,0.0,0.0,0.0,0.0,0.0,0.0,0.0,8.0,0.0,0.0,0.0,2.0,0.0,0.0,0.0,0.0,2.0,1.0,0.0,0.0,0.0,0.0,131473.0,0.0,340445200.0,34044205.0,1.08,129.0,0.0,2000.0,0.0,0.0,0.0,0.0,0.0,0.0,0.0,1.0,0.0,0.0,0.0,0.0,0.0,0.0,0.0,0.0,0.0,0.0,0.0,0.0,0.0,0.0,0.0,0.0,1.0,0.0,0.0,0.0,0.0,0.0,0.0,0.0,0.0,0.0,0.0,0.0,0.0,0.0,0.0,0.0,0.0,0.0,0.0,0.0,0.0,0.0,0.0,0.0,0.0,0.0,0.0,0.0,0.0,0.0,0.0,0.0,0.0,0.0,0.0,0.0,0.0,0.0,0.0,0.0,0.0,0.0,0.0,0.0,0.0,0.0,0.0,0.0,0.756,0.707,0.0,0.0,0.0,0.0,0.0,0.0,1.0,1.0,0.0,0.0,6000.0,0.0,0.0,0.0,0.0,0.0,0.0,
32,0.0,0.0,0.0,0.0,0.0,0.0,3.0,1.0,1.0,1.0,3.0,1.0,1.0,1.0,4.0,1275.0,3408965.0,65543.0,0.0,2.0,1537.0,1409.0,5.0,513.0,255.0,0.0,0.0,0.0,2.0,1644167432.0,1644167688.0,5.0,417.0,254.0,0.0,0.0,0.0,5.0,449.0,254.0,0.0,0.0,0.0,5.0,481.0,254.0,0.0,0.0,0.0,5.0,673.0,254.0,0.0,0.0,0.0,5.0,705.0,254.0,0.0,0.0,0.0,5.0,737.0,254.0,0.0,0.0,0.0,4.0,1342177544.0,1342177800.0,1342178056.0,1342178312.0,8.0,1342243080.0,1342243336.0,1342243592.0,1342243848.0,1342244104.0,1342244360.0,1342244616.0,1342244872.0,4.0,1342308624.0,1342308880.0,1342309136.0,1342309392.0,8.0,1342374152.0,1342374408.0,1342374664.0,1342374920.0,1342375176.0,1342375432.0,1342375688.0,1342375944.0,8.0,1342376200.0,1342376456.0,1342376712.0,1342376968.0,1342377224.0,1342377480.0,1342377736.0,1342377992.0,8.0,1342439688.0,1342439944.0,1342440200.0,1342440456.0,1342440712.0,1342440968.0,1342441224.0,1342441480.0,3.0,1.0,0.0,0.0,2.0,45.0,45.0,4.0,80.0,244.0,0.0,0.0,8.0,0.0,252.0,0.0,0.0,0.0,0.0,85.0,4.0,5.0,146.0,1813.0,5.0,6.0,2.0,16.0,0.0,0.0,0.0,0.0,0.0,0.0,0.0,0.0,0.0,0.0,0.0,0.0,0.0,0.0,0.0,0.0,8.0,0.0,0.0,0.0,2.0,0.0,0.0,0.0,0.0,2.0,0.0,0.0,0.0,0.0,0.0,131473.0,0.0,340445200.0,34044205.0,1.08,129.0,0.0,2000.0,0.0,0.0,0.0,0.0,0.0,0.0,0.0,1.0,0.0,0.0,0.0,0.0,0.0,0.0,0.0,0.0,0.0,0.0,0.0,0.0,0.0,0.0,0.0,0.0,1.0,0.0,0.0,0.0,0.0,0.0,0.0,0.0,0.0,0.0,0.0,0.0,0.0,0.0,0.0,0.0,0.0,0.0,0.0,0.0,0.0,0.0,0.0,0.0,0.0,0.0,0.0,0.0,0.0,0.0,0.0,0.0,0.0,0.0,0.0,0.0,0.0,0.0,0.0,0.0,0.0,0.0,0.0,0.0,0.0,0.0,0.0,0.0,0.0,0.0,0.0,0.0,0.0,0.0,0.0,0.0,1.0,0.0,0.0,0.0,6000.0,0.0,0.0,0.0,0.0,0.0,0.0,
35,0.0,0.0,0.0,0.0,0.0,0.0,3.0,1.0,1.0,1.0,3.0,1.0,1.0,1.0,4.0,1275.0,3408965.0,65543.0,0.0,2.0,1537.0,1409.0,5.0,513.0,255.0,0.0,0.0,0.0,2.0,1644167432.0,1644167688.0,5.0,417.0,254.0,0.0,0.0,0.0,5.0,449.0,254.0,0.0,0.0,0.0,5.0,481.0,254.0,0.0,0.0,0.0,5.0,673.0,254.0,0.0,0.0,0.0,5.0,705.0,254.0,0.0,0.0,0.0,5.0,737.0,254.0,0.0,0.0,0.0,4.0,1342177544.0,1342177800.0,1342178056.0,1342178312.0,8.0,1342243080.0,1342243336.0,1342243592.0,1342243848.0,1342244104.0,1342244360.0,1342244616.0,1342244872.0,4.0,1342308624.0,1342308880.0,1342309136.0,1342309392.0,8.0,1342374152.0,1342374408.0,1342374664.0,1342374920.0,1342375176.0,1342375432.0,1342375688.0,1342375944.0,8.0,1342376200.0,1342376456.0,1342376712.0,1342376968.0,1342377224.0,1342377480.0,1342377736.0,1342377992.0,8.0,1342439688.0,1342439944.0,1342440200.0,1342440456.0,1342440712.0,1342440968.0,1342441224.0,1342441480.0,3.0,1.0,0.0,0.0,2.0,45.0,45.0,4.0,80.0,244.0,0.0,0.0,8.0,0.0,252.0,2.0,0.0,0.0,0.0,85.0,4.0,5.0,146.0,1813.0,5.0,6.0,2.0,16.0,0.0,0.0,0.0,0.0,0.0,0.0,0.0,0.0,0.0,0.0,0.0,0.0,0.0,0.0,0.0,0.0,8.0,0.0,0.0,0.0,2.0,0.0,0.0,0.0,0.0,2.0,1.0,0.0,0.0,0.0,0.0,131473.0,0.0,340445200.0,34044205.0,1.08,129.0,0.0,2000.0,0.0,0.0,0.0,0.0,0.0,0.0,0.0,1.0,0.0,0.0,0.0,0.0,0.0,0.0,0.0,0.0,0.0,0.0,0.0,0.0,0.0,0.0,0.0,0.0,1.0,0.0,0.0,0.0,0.0,0.0,0.0,0.0,0.0,0.0,0.0,0.0,0.0,0.0,0.0,0.0,0.0,0.0,0.0,0.0,0.0,0.0,0.0,0.0,0.0,0.0,0.0,0.0,0.0,0.0,0.0,0.0,0.0,0.0,0.0,0.0,0.0,0.0,0.0,0.0,0.0,0.0,0.0,0.0,0.0,0.0,0.0,0.0,4.051,2.281,0.0,0.0,0.0,0.0,0.0,0.0,1.0,1.0,0.0,0.0,6000.0,0.0,0.0,0.0,0.0,0.0,0.0,
38,0.0,0.0,0.0,0.0,0.0,0.0,3.0,1.0,1.0,1.0,3.0,1.0,1.0,1.0,4.0,1275.0,3408965.0,65543.0,0.0,2.0,1537.0,1409.0,5.0,513.0,255.0,0.0,0.0,0.0,2.0,1644167432.0,1644167688.0,5.0,417.0,254.0,0.0,0.0,0.0,5.0,449.0,254.0,0.0,0.0,0.0,5.0,481.0,254.0,0.0,0.0,0.0,5.0,673.0,254.0,0.0,0.0,0.0,5.0,705.0,254.0,0.0,0.0,0.0,5.0,737.0,254.0,0.0,0.0,0.0,4.0,1342177544.0,1342177800.0,1342178056.0,1342178312.0,8.0,1342243080.0,1342243336.0,1342243592.0,1342243848.0,1342244104.0,1342244360.0,1342244616.0,1342244872.0,4.0,1342308624.0,1342308880.0,1342309136.0,1342309392.0,8.0,1342374152.0,1342374408.0,1342374664.0,1342374920.0,1342375176.0,1342375432.0,1342375688.0,1342375944.0,8.0,1342376200.0,1342376456.0,1342376712.0,1342376968.0,1342377224.0,1342377480.0,1342377736.0,1342377992.0,8.0,1342439688.0,1342439944.0,1342440200.0,1342440456.0,1342440712.0,1342440968.0,1342441224.0,1342441480.0,3.0,1.0,0.0,0.0,2.0,45.0,45.0,4.0,80.0,244.0,0.0,0.0,8.0,0.0,252.0,0.0,0.0,0.0,0.0,85.0,4.0,5.0,146.0,1813.0,5.0,6.0,2.0,16.0,0.0,0.0,0.0,0.0,0.0,0.0,0.0,0.0,0.0,0.0,0.0,0.0,0.0,0.0,0.0,0.0,8.0,0.0,0.0,0.0,2.0,0.0,0.0,0.0,0.0,2.0,0.0,0.0,0.0,0.0,0.0,131473.0,0.0,340445200.0,34044205.0,1.08,129.0,0.0,2000.0,0.0,0.0,0.0,0.0,0.0,0.0,0.0,1.0,0.0,0.0,0.0,0.0,0.0,0.0,0.0,0.0,0.0,0.0,0.0,0.0,0.0,0.0,0.0,0.0,1.0,0.0,0.0,0.0,0.0,0.0,0.0,0.0,0.0,0.0,0.0,0.0,0.0,0.0,0.0,0.0,0.0,0.0,0.0,0.0,0.0,0.0,0.0,0.0,0.0,0.0,0.0,0.0,0.0,0.0,0.0,0.0,0.0,0.0,0.0,0.0,0.0,0.0,0.0,0.0,0.0,0.0,0.0,0.0,0.0,0.0,0.0,0.0,0.0,0.0,0.0,0.0,0.0,0.0,0.0,0.0,1.0,0.0,0.0,0.0,6000.0,0.0,0.0,0.0,0.0,0.0,0.0,
41,0.0,0.0,0.0,0.0,0.0,0.0,3.0,1.0,1.0,1.0,3.0,1.0,1.0,1.0,4.0,1275.0,3408965.0,65543.0,0.0,2.0,1537.0,1409.0,5.0,513.0,255.0,0.0,0.0,0.0,2.0,1644167432.0,1644167688.0,5.0,417.0,254.0,0.0,0.0,0.0,5.0,449.0,254.0,0.0,0.0,0.0,5.0,481.0,254.0,0.0,0.0,0.0,5.0,673.0,254.0,0.0,0.0,0.0,5.0,705.0,254.0,0.0,0.0,0.0,5.0,737.0,254.0,0.0,0.0,0.0,4.0,1342177544.0,1342177800.0,1342178056.0,1342178312.0,8.0,1342243080.0,1342243336.0,1342243592.0,1342243848.0,1342244104.0,1342244360.0,1342244616.0,1342244872.0,4.0,1342308624.0,1342308880.0,1342309136.0,1342309392.0,8.0,1342374152.0,1342374408.0,1342374664.0,1342374920.0,1342375176.0,1342375432.0,1342375688.0,1342375944.0,8.0,1342376200.0,1342376456.0,1342376712.0,1342376968.0,1342377224.0,1342377480.0,1342377736.0,1342377992.0,8.0,1342439688.0,1342439944.0,1342440200.0,1342440456.0,1342440712.0,1342440968.0,1342441224.0,1342441480.0,3.0,1.0,0.0,0.0,2.0,45.0,45.0,4.0,80.0,244.0,0.0,0.0,8.0,0.0,252.0,2.0,0.0,0.0,0.0,85.0,4.0,5.0,146.0,1813.0,5.0,6.0,2.0,16.0,0.0,0.0,0.0,0.0,0.0,0.0,0.0,0.0,0.0,0.0,0.0,0.0,0.0,0.0,0.0,0.0,8.0,0.0,0.0,0.0,2.0,0.0,0.0,0.0,0.0,2.0,1.0,0.0,0.0,0.0,0.0,131473.0,0.0,340445200.0,34044205.0,1.08,129.0,0.0,2000.0,0.0,0.0,0.0,0.0,0.0,0.0,0.0,1.0,0.0,0.0,0.0,0.0,0.0,0.0,0.0,0.0,0.0,0.0,0.0,0.0,0.0,0.0,0.0,0.0,1.0,0.0,0.0,0.0,0.0,0.0,0.0,0.0,0.0,0.0,0.0,0.0,0.0,0.0,0.0,0.0,0.0,0.0,0.0,0.0,0.0,0.0,0.0,0.0,0.0,0.0,0.0,0.0,0.0,0.0,0.0,0.0,0.0,0.0,0.0,0.0,0.0,0.0,0.0,0.0,0.0,0.0,0.0,0.0,0.0,0.0,0.0,0.0,0.0,0.0,0.0,0.0,0.0,0.0,0.0,0.0,1.0,1.0,0.0,0.0,6000.0,0.0,0.0,0.0,0.0,0.0,0.0,
44,0.0,0.0,0.0,0.0,0.0,0.0,3.0,1.0,1.0,1.0,3.0,1.0,1.0,1.0,4.0,1275.0,3408965.0,65543.0,0.0,2.0,1537.0,1409.0,5.0,513.0,255.0,0.0,0.0,0.0,2.0,1644167432.0,1644167688.0,5.0,417.0,254.0,0.0,0.0,0.0,5.0,449.0,254.0,0.0,0.0,0.0,5.0,481.0,254.0,0.0,0.0,0.0,5.0,673.0,254.0,0.0,0.0,0.0,5.0,705.0,254.0,0.0,0.0,0.0,5.0,737.0,254.0,0.0,0.0,0.0,4.0,1342177544.0,1342177800.0,1342178056.0,1342178312.0,8.0,1342243080.0,1342243336.0,1342243592.0,1342243848.0,1342244104.0,1342244360.0,1342244616.0,1342244872.0,4.0,1342308624.0,1342308880.0,1342309136.0,1342309392.0,8.0,1342374152.0,1342374408.0,1342374664.0,1342374920.0,1342375176.0,1342375432.0,1342375688.0,1342375944.0,8.0,1342376200.0,1342376456.0,1342376712.0,1342376968.0,1342377224.0,1342377480.0,1342377736.0,1342377992.0,8.0,1342439688.0,1342439944.0,1342440200.0,1342440456.0,1342440712.0,1342440968.0,1342441224.0,1342441480.0,3.0,1.0,0.0,0.0,2.0,45.0,45.0,4.0,80.0,244.0,0.0,0.0,8.0,0.0,252.0,2.0,0.0,0.0,0.0,85.0,4.0,5.0,146.0,1806.0,5.0,6.0,2.0,16.0,0.0,0.0,0.0,0.0,0.0,0.0,0.0,0.0,0.0,0.0,0.0,0.0,0.0,0.0,0.0,0.0,8.0,0.0,0.0,0.0,2.0,0.0,0.0,0.0,0.0,2.0,0.0,0.0,0.0,0.0,0.0,131473.0,0.0,340445200.0,34044205.0,1.08,129.0,0.0,2000.0,0.0,0.0,0.0,0.0,0.0,0.0,0.0,1.0,0.0,0.0,0.0,0.0,0.0,0.0,0.0,0.0,0.0,0.0,0.0,0.0,0.0,0.0,0.0,0.0,1.0,0.0,0.0,0.0,0.0,0.0,0.0,0.0,0.0,0.0,0.0,0.0,0.0,0.0,0.0,0.0,0.0,0.0,0.0,0.0,0.0,0.0,0.0,0.0,0.0,0.0,0.0,0.0,0.0,0.0,0.0,0.0,0.0,0.0,0.0,0.0,0.0,0.0,0.0,0.0,0.0,0.0,0.0,0.0,0.0,0.0,0.0,0.0,0.0,0.0,0.0,0.0,0.0,0.0,0.0,0.0,1.0,0.0,0.0,0.0,6000.0,0.0,0.0,0.0,0.0,0.0,0.0,
53,0.0,0.0,0.0,0.0,0.0,0.0,3.0,1.0,1.0,1.0,3.0,1.0,1.0,1.0,4.0,1275.0,3408965.0,65543.0,0.0,2.0,1537.0,1409.0,5.0,513.0,255.0,0.0,0.0,0.0,2.0,1644167432.0,1644167688.0,5.0,417.0,254.0,0.0,0.0,0.0,5.0,449.0,254.0,0.0,0.0,0.0,5.0,481.0,254.0,0.0,0.0,0.0,5.0,673.0,254.0,0.0,0.0,0.0,5.0,705.0,254.0,0.0,0.0,0.0,5.0,737.0,254.0,0.0,0.0,0.0,4.0,1342177544.0,1342177800.0,1342178056.0,1342178312.0,8.0,1342243080.0,1342243336.0,1342243592.0,1342243848.0,1342244104.0,1342244360.0,1342244616.0,1342244872.0,4.0,1342308624.0,1342308880.0,1342309136.0,1342309392.0,8.0,1342374152.0,1342374408.0,1342374664.0,1342374920.0,1342375176.0,1342375432.0,1342375688.0,1342375944.0,8.0,1342376200.0,1342376456.0,1342376712.0,1342376968.0,1342377224.0,1342377480.0,1342377736.0,1342377992.0,8.0,1342439688.0,1342439944.0,1342440200.0,1342440456.0,1342440712.0,1342440968.0,1342441224.0,1342441480.0,3.0,1.0,0.0,0.0,2.0,45.0,45.0,4.0,80.0,244.0,0.0,0.0,8.0,0.0,252.0,2.0,0.0,0.0,0.0,85.0,4.0,5.0,146.0,1806.0,5.0,6.0,2.0,16.0,0.0,0.0,0.0,0.0,0.0,0.0,0.0,0.0,0.0,0.0,0.0,0.0,0.0,0.0,0.0,0.0,8.0,0.0,0.0,0.0,2.0,0.0,0.0,0.0,0.0,2.0,0.0,0.0,0.0,0.0,0.0,131473.0,0.0,340445200.0,34044205.0,1.08,129.0,0.0,2000.0,0.0,0.0,0.0,0.0,0.0,0.0,0.0,1.0,0.0,0.0,0.0,0.0,0.0,0.0,0.0,0.0,0.0,0.0,0.0,0.0,0.0,0.0,0.0,0.0,0.0,1.0,0.0,0.0,0.0,0.0,0.0,0.0,0.0,0.0,0.0,0.0,0.0,0.0,0.0,0.0,0.0,0.0,0.0,0.0,0.0,0.0,0.0,0.0,0.0,0.0,0.0,0.0,0.0,0.0,0.0,0.0,0.0,0.0,0.0,0.0,0.0,0.0,0.0,0.0,0.0,0.0,0.0,0.0,0.0,0.0,0.0,0.0,0.0,0.0,0.0,0.0,0.0,0.0,0.0,0.0,1.0,0.0,0.0,0.0,6000.0,0.0,0.0,0.0,0.0,0.0,0.0,
56,0.0,0.0,0.0,0.0,0.0,0.0,3.0,1.0,1.0,1.0,3.0,1.0,1.0,1.0,4.0,1275.0,3408965.0,65543.0,0.0,2.0,1537.0,1409.0,5.0,513.0,255.0,0.0,0.0,0.0,2.0,1644167432.0,1644167688.0,5.0,417.0,254.0,0.0,0.0,0.0,5.0,449.0,254.0,0.0,0.0,0.0,5.0,481.0,254.0,0.0,0.0,0.0,5.0,673.0,254.0,0.0,0.0,0.0,5.0,705.0,254.0,0.0,0.0,0.0,5.0,737.0,254.0,0.0,0.0,0.0,4.0,1342177544.0,1342177800.0,1342178056.0,1342178312.0,8.0,1342243080.0,1342243336.0,1342243592.0,1342243848.0,1342244104.0,1342244360.0,1342244616.0,1342244872.0,4.0,1342308624.0,1342308880.0,1342309136.0,1342309392.0,8.0,1342374152.0,1342374408.0,1342374664.0,1342374920.0,1342375176.0,1342375432.0,1342375688.0,1342375944.0,8.0,1342376200.0,1342376456.0,1342376712.0,1342376968.0,1342377224.0,1342377480.0,1342377736.0,1342377992.0,8.0,1342439688.0,1342439944.0,1342440200.0,1342440456.0,1342440712.0,1342440968.0,1342441224.0,1342441480.0,3.0,1.0,0.0,0.0,2.0,45.0,45.0,4.0,80.0,244.0,0.0,0.0,8.0,0.0,252.0,10.0,0.0,0.0,0.0,85.0,4.0,5.0,146.0,1813.0,5.0,6.0,2.0,16.0,0.0,0.0,0.0,0.0,0.0,0.0,0.0,0.0,0.0,0.0,0.0,0.0,0.0,0.0,0.0,0.0,8.0,0.0,0.0,0.0,2.0,0.0,0.0,0.0,0.0,2.0,2.0,0.0,0.0,0.0,0.0,131473.0,0.0,340445200.0,34044205.0,1.08,129.0,0.0,2000.0,0.0,0.0,0.0,0.0,0.0,0.0,0.0,1.0,0.0,0.0,0.0,0.0,0.0,0.0,0.0,0.0,0.0,0.0,0.0,0.0,0.0,0.0,0.0,0.0,0.0,1.0,0.0,0.0,0.0,0.0,0.0,0.0,0.0,0.0,0.0,0.0,0.0,0.0,0.0,0.0,0.0,0.0,0.0,0.0,0.0,0.0,0.0,0.0,0.0,0.0,0.0,0.0,0.0,0.0,0.0,0.0,0.0,0.0,0.0,0.0,0.0,0.0,0.0,0.0,0.0,0.0,0.0,0.0,0.0,0.0,0.0,0.0,0.0,0.0,0.0,0.0,0.0,0.0,0.0,0.0,1.0,1.0,0.0,0.0,6000.0,0.0,0.0,0.0,0.0,0.0,0.0,
59,0.0,0.0,0.0,0.0,0.0,0.0,3.0,1.0,1.0,1.0,3.0,1.0,1.0,1.0,4.0,1275.0,3408965.0,65543.0,0.0,2.0,1537.0,1409.0,5.0,513.0,255.0,0.0,0.0,0.0,2.0,1644167432.0,1644167688.0,5.0,417.0,254.0,0.0,0.0,0.0,5.0,449.0,254.0,0.0,0.0,0.0,5.0,481.0,254.0,0.0,0.0,0.0,5.0,673.0,254.0,0.0,0.0,0.0,5.0,705.0,254.0,0.0,0.0,0.0,5.0,737.0,254.0,0.0,0.0,0.0,4.0,1342177544.0,1342177800.0,1342178056.0,1342178312.0,8.0,1342243080.0,1342243336.0,1342243592.0,1342243848.0,1342244104.0,1342244360.0,1342244616.0,1342244872.0,4.0,1342308624.0,1342308880.0,1342309136.0,1342309392.0,8.0,1342374152.0,1342374408.0,1342374664.0,1342374920.0,1342375176.0,1342375432.0,1342375688.0,1342375944.0,8.0,1342376200.0,1342376456.0,1342376712.0,1342376968.0,1342377224.0,1342377480.0,1342377736.0,1342377992.0,8.0,1342439688.0,1342439944.0,1342440200.0,1342440456.0,1342440712.0,1342440968.0,1342441224.0,1342441480.0,3.0,1.0,0.0,0.0,2.0,45.0,45.0,4.0,80.0,244.0,0.0,0.0,8.0,0.0,252.0,2.0,0.0,0.0,0.0,85.0,4.0,5.0,146.0,1806.0,5.0,6.0,2.0,16.0,0.0,0.0,0.0,0.0,0.0,0.0,0.0,0.0,0.0,0.0,0.0,0.0,0.0,0.0,0.0,0.0,8.0,0.0,0.0,0.0,2.0,0.0,0.0,0.0,0.0,2.0,0.0,0.0,0.0,0.0,0.0,131473.0,0.0,340445200.0,34044205.0,1.08,129.0,0.0,2000.0,0.0,0.0,0.0,0.0,0.0,0.0,0.0,1.0,0.0,0.0,0.0,0.0,0.0,0.0,0.0,0.0,0.0,0.0,0.0,0.0,0.0,0.0,0.0,0.0,0.0,1.0,0.0,0.0,0.0,0.0,0.0,0.0,0.0,0.0,0.0,0.0,0.0,0.0,0.0,0.0,0.0,0.0,0.0,0.0,0.0,0.0,0.0,0.0,0.0,0.0,0.0,0.0,0.0,0.0,0.0,0.0,0.0,0.0,0.0,0.0,0.0,0.0,0.0,0.0,0.0,0.0,0.0,0.0,0.0,0.0,0.0,0.0,0.0,0.0,0.0,0.0,0.0,0.0,0.0,0.0,1.0,0.0,0.0,0.0,6000.0,0.0,0.0,0.0,0.0,0.0,0.0,
62,0.0,0.0,0.0,0.0,0.0,0.0,3.0,1.0,1.0,1.0,3.0,1.0,1.0,1.0,4.0,1275.0,3408965.0,65543.0,0.0,2.0,1537.0,1409.0,5.0,513.0,255.0,0.0,0.0,0.0,2.0,1644167432.0,1644167688.0,5.0,417.0,254.0,0.0,0.0,0.0,5.0,449.0,254.0,0.0,0.0,0.0,5.0,481.0,254.0,0.0,0.0,0.0,5.0,673.0,254.0,0.0,0.0,0.0,5.0,705.0,254.0,0.0,0.0,0.0,5.0,737.0,254.0,0.0,0.0,0.0,4.0,1342177544.0,1342177800.0,1342178056.0,1342178312.0,8.0,1342243080.0,1342243336.0,1342243592.0,1342243848.0,1342244104.0,1342244360.0,1342244616.0,1342244872.0,4.0,1342308624.0,1342308880.0,1342309136.0,1342309392.0,8.0,1342374152.0,1342374408.0,1342374664.0,1342374920.0,1342375176.0,1342375432.0,1342375688.0,1342375944.0,8.0,1342376200.0,1342376456.0,1342376712.0,1342376968.0,1342377224.0,1342377480.0,1342377736.0,1342377992.0,8.0,1342439688.0,1342439944.0,1342440200.0,1342440456.0,1342440712.0,1342440968.0,1342441224.0,1342441480.0,3.0,1.0,0.0,0.0,2.0,45.0,45.0,4.0,80.0,244.0,0.0,0.0,8.0,0.0,252.0,10.0,0.0,0.0,0.0,85.0,4.0,5.0,146.0,1806.0,5.0,6.0,2.0,16.0,0.0,0.0,0.0,0.0,0.0,0.0,0.0,0.0,0.0,0.0,0.0,0.0,0.0,0.0,0.0,0.0,8.0,0.0,0.0,0.0,2.0,0.0,0.0,0.0,0.0,2.0,2.0,0.0,0.0,0.0,0.0,131473.0,0.0,340445200.0,34044205.0,1.08,129.0,0.0,2000.0,0.0,0.0,0.0,0.0,0.0,0.0,0.0,1.0,0.0,0.0,0.0,0.0,0.0,0.0,0.0,0.0,0.0,0.0,0.0,0.0,0.0,0.0,0.0,0.0,0.0,1.0,0.0,0.0,0.0,0.0,0.0,0.0,0.0,0.0,0.0,0.0,0.0,0.0,0.0,0.0,0.0,0.0,0.0,0.0,0.0,0.0,0.0,0.0,0.0,0.0,0.0,0.0,0.0,0.0,0.0,0.0,0.0,0.0,0.0,0.0,0.0,0.0,0.0,0.0,0.0,0.0,0.0,0.0,0.0,0.0,0.0,0.0,0.556,0.525,0.0,0.0,0.0,0.0,0.0,0.0,1.0,1.0,0.0,0.0,6000.0,0.0,0.0,0.0,0.0,0.0,0.0,
65,0.0,0.0,0.0,0.0,0.0,0.0,3.0,1.0,1.0,1.0,3.0,1.0,1.0,1.0,4.0,1275.0,3408965.0,65543.0,0.0,2.0,1537.0,1409.0,5.0,513.0,255.0,0.0,0.0,0.0,2.0,1644167432.0,1644167688.0,5.0,417.0,254.0,0.0,0.0,0.0,5.0,449.0,254.0,0.0,0.0,0.0,5.0,481.0,254.0,0.0,0.0,0.0,5.0,673.0,254.0,0.0,0.0,0.0,5.0,705.0,254.0,0.0,0.0,0.0,5.0,737.0,254.0,0.0,0.0,0.0,4.0,1342177544.0,1342177800.0,1342178056.0,1342178312.0,8.0,1342243080.0,1342243336.0,1342243592.0,1342243848.0,1342244104.0,1342244360.0,1342244616.0,1342244872.0,4.0,1342308624.0,1342308880.0,1342309136.0,1342309392.0,8.0,1342374152.0,1342374408.0,1342374664.0,1342374920.0,1342375176.0,1342375432.0,1342375688.0,1342375944.0,8.0,1342376200.0,1342376456.0,1342376712.0,1342376968.0,1342377224.0,1342377480.0,1342377736.0,1342377992.0,8.0,1342439688.0,1342439944.0,1342440200.0,1342440456.0,1342440712.0,1342440968.0,1342441224.0,1342441480.0,3.0,1.0,0.0,0.0,2.0,45.0,45.0,4.0,80.0,244.0,0.0,0.0,8.0,0.0,252.0,2.0,0.0,0.0,0.0,85.0,4.0,5.0,146.0,1806.0,5.0,6.0,2.0,16.0,0.0,0.0,0.0,0.0,0.0,0.0,0.0,0.0,0.0,0.0,0.0,0.0,0.0,0.0,0.0,0.0,8.0,0.0,0.0,0.0,2.0,0.0,0.0,0.0,0.0,2.0,0.0,0.0,0.0,0.0,0.0,131473.0,0.0,340445200.0,34044205.0,1.08,129.0,0.0,2000.0,0.0,0.0,0.0,0.0,0.0,0.0,0.0,1.0,0.0,0.0,0.0,0.0,0.0,0.0,0.0,0.0,0.0,0.0,0.0,0.0,0.0,0.0,0.0,0.0,0.0,1.0,0.0,0.0,0.0,0.0,0.0,0.0,0.0,0.0,0.0,0.0,0.0,0.0,0.0,0.0,0.0,0.0,0.0,0.0,0.0,0.0,0.0,0.0,0.0,0.0,0.0,0.0,0.0,0.0,0.0,0.0,0.0,0.0,0.0,0.0,0.0,0.0,0.0,0.0,0.0,0.0,0.0,0.0,0.0,0.0,0.0,0.0,0.0,0.0,0.0,0.0,0.0,0.0,0.0,0.0,1.0,0.0,0.0,0.0,6000.0,0.0,0.0,0.0,0.0,0.0,0.0,
68,0.0,0.0,0.0,0.0,0.0,0.0,3.0,1.0,1.0,1.0,3.0,1.0,1.0,1.0,4.0,1275.0,3408965.0,65543.0,0.0,2.0,1537.0,1409.0,5.0,513.0,255.0,0.0,0.0,0.0,2.0,1644167432.0,1644167688.0,5.0,417.0,254.0,0.0,0.0,0.0,5.0,449.0,254.0,0.0,0.0,0.0,5.0,481.0,254.0,0.0,0.0,0.0,5.0,673.0,254.0,0.0,0.0,0.0,5.0,705.0,254.0,0.0,0.0,0.0,5.0,737.0,254.0,0.0,0.0,0.0,4.0,1342177544.0,1342177800.0,1342178056.0,1342178312.0,8.0,1342243080.0,1342243336.0,1342243592.0,1342243848.0,1342244104.0,1342244360.0,1342244616.0,1342244872.0,4.0,1342308624.0,1342308880.0,1342309136.0,1342309392.0,8.0,1342374152.0,1342374408.0,1342374664.0,1342374920.0,1342375176.0,1342375432.0,1342375688.0,1342375944.0,8.0,1342376200.0,1342376456.0,1342376712.0,1342376968.0,1342377224.0,1342377480.0,1342377736.0,1342377992.0,8.0,1342439688.0,1342439944.0,1342440200.0,1342440456.0,1342440712.0,1342440968.0,1342441224.0,1342441480.0,3.0,1.0,0.0,0.0,2.0,45.0,45.0,4.0,80.0,244.0,0.0,0.0,8.0,0.0,252.0,10.0,0.0,0.0,0.0,85.0,4.0,5.0,146.0,1806.0,5.0,6.0,2.0,16.0,0.0,0.0,0.0,0.0,0.0,0.0,0.0,0.0,0.0,0.0,0.0,0.0,0.0,0.0,0.0,0.0,8.0,0.0,0.0,0.0,2.0,0.0,0.0,0.0,0.0,2.0,2.0,0.0,0.0,0.0,0.0,131473.0,0.0,340445200.0,34044205.0,1.08,129.0,0.0,2000.0,0.0,0.0,0.0,0.0,0.0,0.0,0.0,1.0,0.0,0.0,0.0,0.0,0.0,0.0,0.0,0.0,0.0,0.0,0.0,0.0,0.0,0.0,0.0,0.0,0.0,1.0,0.0,0.0,0.0,0.0,0.0,0.0,0.0,0.0,0.0,0.0,0.0,0.0,0.0,0.0,0.0,0.0,0.0,0.0,0.0,0.0,0.0,0.0,0.0,0.0,0.0,0.0,0.0,0.0,0.0,0.0,0.0,0.0,0.0,0.0,0.0,0.0,0.0,0.0,0.0,0.0,0.0,0.0,0.0,0.0,0.0,0.0,4.701,2.783,0.0,0.0,0.0,0.0,0.0,0.0,1.0,1.0,0.0,0.0,6000.0,0.0,0.0,0.0,0.0,0.0,0.0,
71,0.0,0.0,0.0,0.0,0.0,0.0,3.0,1.0,1.0,1.0,3.0,1.0,1.0,1.0,4.0,1275.0,3408965.0,65543.0,0.0,2.0,1537.0,1409.0,5.0,513.0,255.0,0.0,0.0,0.0,2.0,1644167432.0,1644167688.0,5.0,417.0,254.0,0.0,0.0,0.0,5.0,449.0,254.0,0.0,0.0,0.0,5.0,481.0,254.0,0.0,0.0,0.0,5.0,673.0,254.0,0.0,0.0,0.0,5.0,705.0,254.0,0.0,0.0,0.0,5.0,737.0,254.0,0.0,0.0,0.0,4.0,1342177544.0,1342177800.0,1342178056.0,1342178312.0,8.0,1342243080.0,1342243336.0,1342243592.0,1342243848.0,1342244104.0,1342244360.0,1342244616.0,1342244872.0,4.0,1342308624.0,1342308880.0,1342309136.0,1342309392.0,8.0,1342374152.0,1342374408.0,1342374664.0,1342374920.0,1342375176.0,1342375432.0,1342375688.0,1342375944.0,8.0,1342376200.0,1342376456.0,1342376712.0,1342376968.0,1342377224.0,1342377480.0,1342377736.0,1342377992.0,8.0,1342439688.0,1342439944.0,1342440200.0,1342440456.0,1342440712.0,1342440968.0,1342441224.0,1342441480.0,3.0,1.0,0.0,0.0,2.0,45.0,45.0,4.0,80.0,244.0,0.0,0.0,8.0,0.0,252.0,2.0,0.0,0.0,0.0,85.0,4.0,5.0,146.0,1813.0,5.0,6.0,2.0,16.0,0.0,0.0,0.0,0.0,0.0,0.0,0.0,0.0,0.0,0.0,0.0,0.0,0.0,0.0,0.0,0.0,8.0,0.0,0.0,0.0,2.0,0.0,0.0,0.0,0.0,2.0,0.0,0.0,0.0,0.0,0.0,131473.0,0.0,340445200.0,34044205.0,1.08,129.0,0.0,2000.0,0.0,0.0,0.0,0.0,0.0,0.0,0.0,1.0,0.0,0.0,0.0,0.0,0.0,0.0,0.0,0.0,0.0,0.0,0.0,0.0,0.0,0.0,0.0,0.0,0.0,1.0,0.0,0.0,0.0,0.0,0.0,0.0,0.0,0.0,0.0,0.0,0.0,0.0,0.0,0.0,0.0,0.0,0.0,0.0,0.0,0.0,0.0,0.0,0.0,0.0,0.0,0.0,0.0,0.0,0.0,0.0,0.0,0.0,0.0,0.0,0.0,0.0,0.0,0.0,0.0,0.0,0.0,0.0,0.0,0.0,0.0,0.0,0.0,0.0,0.0,0.0,0.0,0.0,0.0,0.0,1.0,0.0,0.0,0.0,6000.0,0.0,0.0,0.0,0.0,0.0,0.0,
74,0.0,0.0,0.0,0.0,0.0,0.0,3.0,1.0,1.0,1.0,3.0,1.0,1.0,1.0,4.0,1275.0,3408965.0,65543.0,0.0,2.0,1537.0,1409.0,5.0,513.0,255.0,0.0,0.0,0.0,2.0,1644167432.0,1644167688.0,5.0,417.0,254.0,0.0,0.0,0.0,5.0,449.0,254.0,0.0,0.0,0.0,5.0,481.0,254.0,0.0,0.0,0.0,5.0,673.0,254.0,0.0,0.0,0.0,5.0,705.0,254.0,0.0,0.0,0.0,5.0,737.0,254.0,0.0,0.0,0.0,4.0,1342177544.0,1342177800.0,1342178056.0,1342178312.0,8.0,1342243080.0,1342243336.0,1342243592.0,1342243848.0,1342244104.0,1342244360.0,1342244616.0,1342244872.0,4.0,1342308624.0,1342308880.0,1342309136.0,1342309392.0,8.0,1342374152.0,1342374408.0,1342374664.0,1342374920.0,1342375176.0,1342375432.0,1342375688.0,1342375944.0,8.0,1342376200.0,1342376456.0,1342376712.0,1342376968.0,1342377224.0,1342377480.0,1342377736.0,1342377992.0,8.0,1342439688.0,1342439944.0,1342440200.0,1342440456.0,1342440712.0,1342440968.0,1342441224.0,1342441480.0,3.0,1.0,0.0,0.0,2.0,45.0,45.0,4.0,80.0,244.0,0.0,0.0,8.0,0.0,252.0,10.0,0.0,0.0,0.0,85.0,4.0,5.0,146.0,1813.0,5.0,6.0,2.0,16.0,0.0,0.0,0.0,0.0,0.0,0.0,0.0,0.0,0.0,0.0,0.0,0.0,0.0,0.0,0.0,0.0,8.0,0.0,0.0,0.0,2.0,0.0,0.0,0.0,0.0,2.0,2.0,0.0,0.0,0.0,0.0,131473.0,0.0,340445200.0,34044205.0,1.08,129.0,0.0,2000.0,0.0,0.0,0.0,0.0,0.0,0.0,0.0,1.0,0.0,0.0,0.0,0.0,0.0,0.0,0.0,0.0,0.0,0.0,0.0,0.0,0.0,0.0,0.0,0.0,0.0,1.0,0.0,0.0,0.0,0.0,0.0,0.0,0.0,0.0,0.0,0.0,0.0,0.0,0.0,0.0,0.0,0.0,0.0,0.0,0.0,0.0,0.0,0.0,0.0,0.0,0.0,0.0,0.0,0.0,0.0,0.0,0.0,0.0,0.0,0.0,0.0,0.0,0.0,0.0,0.0,0.0,0.0,0.0,0.0,0.0,0.0,0.0,0.0,0.0,0.0,0.0,0.0,0.0,0.0,0.0,1.0,1.0,0.0,0.0,6000.0,0.0,0.0,0.0,0.0,0.0,0.0,
77,0.0,0.0,0.0,0.0,0.0,0.0,3.0,1.0,1.0,1.0,3.0,1.0,1.0,1.0,4.0,1275.0,3408965.0,65543.0,0.0,2.0,1537.0,1409.0,5.0,513.0,255.0,0.0,0.0,0.0,2.0,1644167432.0,1644167688.0,5.0,417.0,254.0,0.0,0.0,0.0,5.0,449.0,254.0,0.0,0.0,0.0,5.0,481.0,254.0,0.0,0.0,0.0,5.0,673.0,254.0,0.0,0.0,0.0,5.0,705.0,254.0,0.0,0.0,0.0,5.0,737.0,254.0,0.0,0.0,0.0,4.0,1342177544.0,1342177800.0,1342178056.0,1342178312.0,8.0,1342243080.0,1342243336.0,1342243592.0,1342243848.0,1342244104.0,1342244360.0,1342244616.0,1342244872.0,4.0,1342308624.0,1342308880.0,1342309136.0,1342309392.0,8.0,1342374152.0,1342374408.0,1342374664.0,1342374920.0,1342375176.0,1342375432.0,1342375688.0,1342375944.0,8.0,1342376200.0,1342376456.0,1342376712.0,1342376968.0,1342377224.0,1342377480.0,1342377736.0,1342377992.0,8.0,1342439688.0,1342439944.0,1342440200.0,1342440456.0,1342440712.0,1342440968.0,1342441224.0,1342441480.0,3.0,1.0,0.0,0.0,2.0,45.0,45.0,4.0,80.0,244.0,0.0,0.0,8.0,0.0,252.0,2.0,0.0,0.0,0.0,85.0,4.0,5.0,146.0,1806.0,5.0,6.0,2.0,16.0,0.0,0.0,0.0,0.0,0.0,0.0,0.0,0.0,0.0,0.0,0.0,0.0,0.0,0.0,0.0,0.0,8.0,0.0,0.0,0.0,2.0,0.0,0.0,0.0,0.0,2.0,0.0,0.0,0.0,0.0,0.0,131473.0,0.0,340445200.0,34044205.0,1.08,129.0,0.0,2000.0,0.0,0.0,0.0,0.0,0.0,0.0,0.0,1.0,0.0,0.0,0.0,0.0,0.0,0.0,0.0,0.0,0.0,0.0,0.0,0.0,0.0,0.0,0.0,0.0,0.0,1.0,0.0,0.0,0.0,0.0,0.0,0.0,0.0,0.0,0.0,0.0,0.0,0.0,0.0,0.0,0.0,0.0,0.0,0.0,0.0,0.0,0.0,0.0,0.0,0.0,0.0,0.0,0.0,0.0,0.0,0.0,0.0,0.0,0.0,0.0,0.0,0.0,0.0,0.0,0.0,0.0,0.0,0.0,0.0,0.0,0.0,0.0,0.0,0.0,0.0,0.0,0.0,0.0,0.0,0.0,1.0,0.0,0.0,0.0,6000.0,0.0,0.0,0.0,0.0,0.0,0.0,
80,0.0,0.0,0.0,0.0,0.0,0.0,3.0,1.0,1.0,1.0,3.0,1.0,1.0,1.0,4.0,1275.0,3408965.0,65543.0,0.0,2.0,1537.0,1409.0,5.0,513.0,255.0,0.0,0.0,0.0,2.0,1644167432.0,1644167688.0,5.0,417.0,254.0,0.0,0.0,0.0,5.0,449.0,254.0,0.0,0.0,0.0,5.0,481.0,254.0,0.0,0.0,0.0,5.0,673.0,254.0,0.0,0.0,0.0,5.0,705.0,254.0,0.0,0.0,0.0,5.0,737.0,254.0,0.0,0.0,0.0,4.0,1342177544.0,1342177800.0,1342178056.0,1342178312.0,8.0,1342243080.0,1342243336.0,1342243592.0,1342243848.0,1342244104.0,1342244360.0,1342244616.0,1342244872.0,4.0,1342308624.0,1342308880.0,1342309136.0,1342309392.0,8.0,1342374152.0,1342374408.0,1342374664.0,1342374920.0,1342375176.0,1342375432.0,1342375688.0,1342375944.0,8.0,1342376200.0,1342376456.0,1342376712.0,1342376968.0,1342377224.0,1342377480.0,1342377736.0,1342377992.0,8.0,1342439688.0,1342439944.0,1342440200.0,1342440456.0,1342440712.0,1342440968.0,1342441224.0,1342441480.0,3.0,1.0,0.0,0.0,2.0,45.0,45.0,4.0,80.0,244.0,0.0,0.0,8.0,0.0,252.0,10.0,0.0,0.0,0.0,85.0,4.0,5.0,146.0,1806.0,5.0,6.0,2.0,16.0,0.0,0.0,0.0,0.0,0.0,0.0,0.0,0.0,0.0,0.0,0.0,0.0,0.0,0.0,0.0,0.0,8.0,0.0,0.0,0.0,2.0,0.0,0.0,0.0,0.0,2.0,2.0,0.0,0.0,0.0,0.0,131473.0,0.0,340445200.0,34044205.0,1.08,129.0,0.0,2000.0,0.0,0.0,0.0,0.0,0.0,0.0,0.0,1.0,0.0,0.0,0.0,0.0,0.0,0.0,0.0,0.0,0.0,0.0,0.0,0.0,0.0,0.0,0.0,0.0,0.0,1.0,0.0,0.0,0.0,0.0,0.0,0.0,0.0,0.0,0.0,0.0,0.0,0.0,0.0,0.0,0.0,0.0,0.0,0.0,0.0,0.0,0.0,0.0,0.0,0.0,0.0,0.0,0.0,0.0,0.0,0.0,0.0,0.0,0.0,0.0,0.0,0.0,0.0,0.0,0.0,0.0,0.0,0.0,0.0,0.0,0.0,0.0,2.622,2.472,0.0,0.0,0.0,0.0,0.0,0.0,1.0,1.0,0.0,0.0,6000.0,0.0,0.0,0.0,0.0,0.0,0.0,
83,0.0,0.0,0.0,0.0,0.0,0.0,3.0,1.0,1.0,1.0,3.0,1.0,1.0,1.0,4.0,1275.0,3408965.0,65543.0,0.0,2.0,1537.0,1409.0,5.0,513.0,255.0,0.0,0.0,0.0,2.0,1644167432.0,1644167688.0,5.0,417.0,254.0,0.0,0.0,0.0,5.0,449.0,254.0,0.0,0.0,0.0,5.0,481.0,254.0,0.0,0.0,0.0,5.0,673.0,254.0,0.0,0.0,0.0,5.0,705.0,254.0,0.0,0.0,0.0,5.0,737.0,254.0,0.0,0.0,0.0,4.0,1342177544.0,1342177800.0,1342178056.0,1342178312.0,8.0,1342243080.0,1342243336.0,1342243592.0,1342243848.0,1342244104.0,1342244360.0,1342244616.0,1342244872.0,4.0,1342308624.0,1342308880.0,1342309136.0,1342309392.0,8.0,1342374152.0,1342374408.0,1342374664.0,1342374920.0,1342375176.0,1342375432.0,1342375688.0,1342375944.0,8.0,1342376200.0,1342376456.0,1342376712.0,1342376968.0,1342377224.0,1342377480.0,1342377736.0,1342377992.0,8.0,1342439688.0,1342439944.0,1342440200.0,1342440456.0,1342440712.0,1342440968.0,1342441224.0,1342441480.0,3.0,1.0,0.0,0.0,2.0,45.0,45.0,4.0,80.0,244.0,0.0,0.0,8.0,0.0,252.0,10.0,0.0,0.0,0.0,85.0,4.0,5.0,146.0,1806.0,5.0,6.0,2.0,16.0,0.0,0.0,0.0,0.0,0.0,0.0,0.0,0.0,0.0,0.0,0.0,0.0,0.0,0.0,0.0,0.0,8.0,0.0,0.0,0.0,2.0,0.0,0.0,0.0,0.0,2.0,0.0,0.0,0.0,0.0,0.0,131473.0,0.0,340445200.0,34044205.0,1.08,129.0,0.0,2000.0,0.0,0.0,0.0,0.0,0.0,0.0,0.0,1.0,0.0,0.0,0.0,0.0,0.0,0.0,0.0,0.0,0.0,0.0,0.0,0.0,0.0,0.0,0.0,0.0,0.0,1.0,0.0,0.0,0.0,0.0,0.0,0.0,0.0,0.0,0.0,0.0,0.0,0.0,0.0,0.0,0.0,0.0,0.0,0.0,0.0,0.0,0.0,0.0,0.0,0.0,0.0,0.0,0.0,0.0,0.0,0.0,0.0,0.0,0.0,0.0,0.0,0.0,0.0,0.0,0.0,0.0,0.0,0.0,0.0,0.0,0.0,0.0,0.0,0.0,0.0,0.0,0.0,0.0,0.0,0.0,1.0,0.0,0.0,0.0,6000.0,0.0,0.0,0.0,0.0,0.0,0.0,
92,0.0,0.0,0.0,0.0,0.0,0.0,3.0,1.0,1.0,1.0,3.0,1.0,1.0,1.0,4.0,1275.0,3408965.0,65543.0,0.0,2.0,1537.0,1409.0,5.0,513.0,255.0,0.0,0.0,0.0,2.0,1644167432.0,1644167688.0,5.0,417.0,254.0,0.0,0.0,0.0,5.0,449.0,254.0,0.0,0.0,0.0,5.0,481.0,254.0,0.0,0.0,0.0,5.0,673.0,254.0,0.0,0.0,0.0,5.0,705.0,254.0,0.0,0.0,0.0,5.0,737.0,254.0,0.0,0.0,0.0,4.0,1342177544.0,1342177800.0,1342178056.0,1342178312.0,8.0,1342243080.0,1342243336.0,1342243592.0,1342243848.0,1342244104.0,1342244360.0,1342244616.0,1342244872.0,4.0,1342308624.0,1342308880.0,1342309136.0,1342309392.0,8.0,1342374152.0,1342374408.0,1342374664.0,1342374920.0,1342375176.0,1342375432.0,1342375688.0,1342375944.0,8.0,1342376200.0,1342376456.0,1342376712.0,1342376968.0,1342377224.0,1342377480.0,1342377736.0,1342377992.0,8.0,1342439688.0,1342439944.0,1342440200.0,1342440456.0,1342440712.0,1342440968.0,1342441224.0,1342441480.0,3.0,1.0,0.0,0.0,2.0,45.0,45.0,4.0,80.0,244.0,0.0,0.0,8.0,0.0,252.0,10.0,0.0,0.0,0.0,85.0,4.0,5.0,146.0,1806.0,5.0,6.0,2.0,16.0,0.0,0.0,0.0,0.0,0.0,0.0,0.0,0.0,0.0,0.0,0.0,0.0,0.0,0.0,0.0,0.0,8.0,0.0,0.0,0.0,2.0,0.0,0.0,0.0,0.0,2.0,0.0,0.0,0.0,0.0,0.0,131473.0,0.0,340445200.0,34044205.0,1.08,129.0,0.0,2000.0,0.0,0.0,0.0,0.0,0.0,0.0,0.0,1.0,0.0,0.0,0.0,0.0,0.0,0.0,0.0,0.0,0.0,0.0,0.0,0.0,0.0,0.0,0.0,0.0,0.0,0.0,1.0,0.0,0.0,0.0,0.0,0.0,0.0,0.0,0.0,0.0,0.0,0.0,0.0,0.0,0.0,0.0,0.0,0.0,0.0,0.0,0.0,0.0,0.0,0.0,0.0,0.0,0.0,0.0,0.0,0.0,0.0,0.0,0.0,0.0,0.0,0.0,0.0,0.0,0.0,0.0,0.0,0.0,0.0,0.0,0.0,0.0,0.0,0.0,0.0,0.0,0.0,0.0,0.0,0.0,1.0,0.0,0.0,0.0,6000.0,0.0,0.0,0.0,0.0,0.0,0.0,
95,0.0,0.0,0.0,0.0,0.0,0.0,3.0,1.0,1.0,1.0,3.0,1.0,1.0,1.0,4.0,1275.0,3408965.0,65543.0,0.0,2.0,1537.0,1409.0,5.0,513.0,255.0,0.0,0.0,0.0,2.0,1644167432.0,1644167688.0,5.0,417.0,254.0,0.0,0.0,0.0,5.0,449.0,254.0,0.0,0.0,0.0,5.0,481.0,254.0,0.0,0.0,0.0,5.0,673.0,254.0,0.0,0.0,0.0,5.0,705.0,254.0,0.0,0.0,0.0,5.0,737.0,254.0,0.0,0.0,0.0,4.0,1342177544.0,1342177800.0,1342178056.0,1342178312.0,8.0,1342243080.0,1342243336.0,1342243592.0,1342243848.0,1342244104.0,1342244360.0,1342244616.0,1342244872.0,4.0,1342308624.0,1342308880.0,1342309136.0,1342309392.0,8.0,1342374152.0,1342374408.0,1342374664.0,1342374920.0,1342375176.0,1342375432.0,1342375688.0,1342375944.0,8.0,1342376200.0,1342376456.0,1342376712.0,1342376968.0,1342377224.0,1342377480.0,1342377736.0,1342377992.0,8.0,1342439688.0,1342439944.0,1342440200.0,1342440456.0,1342440712.0,1342440968.0,1342441224.0,1342441480.0,3.0,1.0,0.0,0.0,2.0,45.0,45.0,4.0,80.0,244.0,0.0,0.0,8.0,0.0,252.0,42.0,0.0,0.0,0.0,85.0,4.0,5.0,146.0,1806.0,5.0,6.0,2.0,16.0,0.0,0.0,0.0,0.0,0.0,0.0,0.0,0.0,0.0,0.0,0.0,0.0,0.0,0.0,0.0,0.0,8.0,0.0,0.0,0.0,2.0,0.0,0.0,0.0,0.0,2.0,4.0,0.0,0.0,0.0,0.0,131473.0,0.0,340445200.0,34044205.0,1.08,129.0,0.0,2000.0,0.0,0.0,0.0,0.0,0.0,0.0,0.0,1.0,0.0,0.0,0.0,0.0,0.0,0.0,0.0,0.0,0.0,0.0,0.0,0.0,0.0,0.0,0.0,0.0,0.0,0.0,1.0,0.0,0.0,0.0,0.0,0.0,0.0,0.0,0.0,0.0,0.0,0.0,0.0,0.0,0.0,0.0,0.0,0.0,0.0,0.0,0.0,0.0,0.0,0.0,0.0,0.0,0.0,0.0,0.0,0.0,0.0,0.0,0.0,0.0,0.0,0.0,0.0,0.0,0.0,0.0,0.0,0.0,0.0,0.0,0.0,0.0,1.401,1.323,0.0,0.0,0.0,0.0,0.0,0.0,1.0,1.0,0.0,0.0,6000.0,0.0,0.0,0.0,0.0,0.0,0.0,
98,0.0,0.0,0.0,0.0,0.0,0.0,3.0,1.0,1.0,1.0,3.0,1.0,1.0,1.0,4.0,1275.0,3408965.0,65543.0,0.0,2.0,1537.0,1409.0,5.0,513.0,255.0,0.0,0.0,0.0,2.0,1644167432.0,1644167688.0,5.0,417.0,254.0,0.0,0.0,0.0,5.0,449.0,254.0,0.0,0.0,0.0,5.0,481.0,254.0,0.0,0.0,0.0,5.0,673.0,254.0,0.0,0.0,0.0,5.0,705.0,254.0,0.0,0.0,0.0,5.0,737.0,254.0,0.0,0.0,0.0,4.0,1342177544.0,1342177800.0,1342178056.0,1342178312.0,8.0,1342243080.0,1342243336.0,1342243592.0,1342243848.0,1342244104.0,1342244360.0,1342244616.0,1342244872.0,4.0,1342308624.0,1342308880.0,1342309136.0,1342309392.0,8.0,1342374152.0,1342374408.0,1342374664.0,1342374920.0,1342375176.0,1342375432.0,1342375688.0,1342375944.0,8.0,1342376200.0,1342376456.0,1342376712.0,1342376968.0,1342377224.0,1342377480.0,1342377736.0,1342377992.0,8.0,1342439688.0,1342439944.0,1342440200.0,1342440456.0,1342440712.0,1342440968.0,1342441224.0,1342441480.0,3.0,1.0,0.0,0.0,2.0,45.0,45.0,4.0,80.0,244.0,0.0,0.0,8.0,0.0,252.0,10.0,0.0,0.0,0.0,85.0,4.0,5.0,146.0,1806.0,5.0,6.0,2.0,16.0,0.0,0.0,0.0,0.0,0.0,0.0,0.0,0.0,0.0,0.0,0.0,0.0,0.0,0.0,0.0,0.0,8.0,0.0,0.0,0.0,2.0,0.0,0.0,0.0,0.0,2.0,0.0,0.0,0.0,0.0,0.0,131473.0,0.0,340445200.0,34044205.0,1.08,129.0,0.0,2000.0,0.0,0.0,0.0,0.0,0.0,0.0,0.0,1.0,0.0,0.0,0.0,0.0,0.0,0.0,0.0,0.0,0.0,0.0,0.0,0.0,0.0,0.0,0.0,0.0,0.0,0.0,1.0,0.0,0.0,0.0,0.0,0.0,0.0,0.0,0.0,0.0,0.0,0.0,0.0,0.0,0.0,0.0,0.0,0.0,0.0,0.0,0.0,0.0,0.0,0.0,0.0,0.0,0.0,0.0,0.0,0.0,0.0,0.0,0.0,0.0,0.0,0.0,0.0,0.0,0.0,0.0,0.0,0.0,0.0,0.0,0.0,0.0,0.0,0.0,0.0,0.0,0.0,0.0,0.0,0.0,1.0,0.0,0.0,0.0,6000.0,0.0,0.0,0.0,0.0,0.0,0.0,
101,0.0,0.0,0.0,0.0,0.0,0.0,3.0,1.0,1.0,1.0,3.0,1.0,1.0,1.0,4.0,1275.0,3408965.0,65543.0,0.0,2.0,1537.0,1409.0,5.0,513.0,255.0,0.0,0.0,0.0,2.0,1644167432.0,1644167688.0,5.0,417.0,254.0,0.0,0.0,0.0,5.0,449.0,254.0,0.0,0.0,0.0,5.0,481.0,254.0,0.0,0.0,0.0,5.0,673.0,254.0,0.0,0.0,0.0,5.0,705.0,254.0,0.0,0.0,0.0,5.0,737.0,254.0,0.0,0.0,0.0,4.0,1342177544.0,1342177800.0,1342178056.0,1342178312.0,8.0,1342243080.0,1342243336.0,1342243592.0,1342243848.0,1342244104.0,1342244360.0,1342244616.0,1342244872.0,4.0,1342308624.0,1342308880.0,1342309136.0,1342309392.0,8.0,1342374152.0,1342374408.0,1342374664.0,1342374920.0,1342375176.0,1342375432.0,1342375688.0,1342375944.0,8.0,1342376200.0,1342376456.0,1342376712.0,1342376968.0,1342377224.0,1342377480.0,1342377736.0,1342377992.0,8.0,1342439688.0,1342439944.0,1342440200.0,1342440456.0,1342440712.0,1342440968.0,1342441224.0,1342441480.0,3.0,1.0,0.0,0.0,2.0,45.0,45.0,4.0,80.0,244.0,0.0,0.0,8.0,0.0,252.0,42.0,0.0,0.0,0.0,85.0,4.0,5.0,146.0,1806.0,5.0,6.0,2.0,16.0,0.0,0.0,0.0,0.0,0.0,0.0,0.0,0.0,0.0,0.0,0.0,0.0,0.0,0.0,0.0,0.0,8.0,0.0,0.0,0.0,2.0,0.0,0.0,0.0,0.0,2.0,4.0,0.0,0.0,0.0,0.0,131473.0,0.0,340445200.0,34044205.0,1.08,129.0,0.0,2000.0,0.0,0.0,0.0,0.0,0.0,0.0,0.0,1.0,0.0,0.0,0.0,0.0,0.0,0.0,0.0,0.0,0.0,0.0,0.0,0.0,0.0,0.0,0.0,0.0,0.0,0.0,1.0,0.0,0.0,0.0,0.0,0.0,0.0,0.0,0.0,0.0,0.0,0.0,0.0,0.0,0.0,0.0,0.0,0.0,0.0,0.0,0.0,0.0,0.0,0.0,0.0,0.0,0.0,0.0,0.0,0.0,0.0,0.0,0.0,0.0,0.0,0.0,0.0,0.0,0.0,0.0,0.0,0.0,0.0,0.0,0.0,0.0,0.0,0.0,0.0,0.0,0.0,0.0,0.0,0.0,1.0,1.0,0.0,0.0,6000.0,0.0,0.0,0.0,0.0,0.0,0.0,
104,0.0,0.0,0.0,0.0,0.0,0.0,3.0,1.0,1.0,1.0,3.0,1.0,1.0,1.0,4.0,1275.0,3408965.0,65543.0,0.0,2.0,1537.0,1409.0,5.0,513.0,255.0,0.0,0.0,0.0,2.0,1644167432.0,1644167688.0,5.0,417.0,254.0,0.0,0.0,0.0,5.0,449.0,254.0,0.0,0.0,0.0,5.0,481.0,254.0,0.0,0.0,0.0,5.0,673.0,254.0,0.0,0.0,0.0,5.0,705.0,254.0,0.0,0.0,0.0,5.0,737.0,254.0,0.0,0.0,0.0,4.0,1342177544.0,1342177800.0,1342178056.0,1342178312.0,8.0,1342243080.0,1342243336.0,1342243592.0,1342243848.0,1342244104.0,1342244360.0,1342244616.0,1342244872.0,4.0,1342308624.0,1342308880.0,1342309136.0,1342309392.0,8.0,1342374152.0,1342374408.0,1342374664.0,1342374920.0,1342375176.0,1342375432.0,1342375688.0,1342375944.0,8.0,1342376200.0,1342376456.0,1342376712.0,1342376968.0,1342377224.0,1342377480.0,1342377736.0,1342377992.0,8.0,1342439688.0,1342439944.0,1342440200.0,1342440456.0,1342440712.0,1342440968.0,1342441224.0,1342441480.0,3.0,1.0,0.0,0.0,2.0,45.0,45.0,4.0,80.0,244.0,0.0,0.0,8.0,0.0,252.0,10.0,0.0,0.0,0.0,85.0,4.0,5.0,146.0,1806.0,5.0,6.0,2.0,16.0,0.0,0.0,0.0,0.0,0.0,0.0,0.0,0.0,0.0,0.0,0.0,0.0,0.0,0.0,0.0,0.0,8.0,0.0,0.0,0.0,2.0,0.0,0.0,0.0,0.0,2.0,0.0,0.0,0.0,0.0,0.0,131473.0,0.0,340445200.0,34044205.0,1.08,129.0,0.0,2000.0,0.0,0.0,0.0,0.0,0.0,0.0,0.0,1.0,0.0,0.0,0.0,0.0,0.0,0.0,0.0,0.0,0.0,0.0,0.0,0.0,0.0,0.0,0.0,0.0,0.0,0.0,1.0,0.0,0.0,0.0,0.0,0.0,0.0,0.0,0.0,0.0,0.0,0.0,0.0,0.0,0.0,0.0,0.0,0.0,0.0,0.0,0.0,0.0,0.0,0.0,0.0,0.0,0.0,0.0,0.0,0.0,0.0,0.0,0.0,0.0,0.0,0.0,0.0,0.0,0.0,0.0,0.0,0.0,0.0,0.0,0.0,0.0,0.0,0.0,0.0,0.0,0.0,0.0,0.0,0.0,1.0,0.0,0.0,0.0,6000.0,0.0,0.0,0.0,0.0,0.0,0.0,
107,0.0,0.0,0.0,0.0,0.0,0.0,3.0,1.0,1.0,1.0,3.0,1.0,1.0,1.0,4.0,1275.0,3408965.0,65543.0,0.0,2.0,1537.0,1409.0,5.0,513.0,255.0,0.0,0.0,0.0,2.0,1644167432.0,1644167688.0,5.0,417.0,254.0,0.0,0.0,0.0,5.0,449.0,254.0,0.0,0.0,0.0,5.0,481.0,254.0,0.0,0.0,0.0,5.0,673.0,254.0,0.0,0.0,0.0,5.0,705.0,254.0,0.0,0.0,0.0,5.0,737.0,254.0,0.0,0.0,0.0,4.0,1342177544.0,1342177800.0,1342178056.0,1342178312.0,8.0,1342243080.0,1342243336.0,1342243592.0,1342243848.0,1342244104.0,1342244360.0,1342244616.0,1342244872.0,4.0,1342308624.0,1342308880.0,1342309136.0,1342309392.0,8.0,1342374152.0,1342374408.0,1342374664.0,1342374920.0,1342375176.0,1342375432.0,1342375688.0,1342375944.0,8.0,1342376200.0,1342376456.0,1342376712.0,1342376968.0,1342377224.0,1342377480.0,1342377736.0,1342377992.0,8.0,1342439688.0,1342439944.0,1342440200.0,1342440456.0,1342440712.0,1342440968.0,1342441224.0,1342441480.0,3.0,1.0,0.0,0.0,2.0,45.0,45.0,4.0,80.0,244.0,0.0,0.0,8.0,0.0,252.0,42.0,0.0,0.0,0.0,85.0,4.0,5.0,146.0,1806.0,5.0,6.0,2.0,16.0,0.0,0.0,0.0,0.0,0.0,0.0,0.0,0.0,0.0,0.0,0.0,0.0,0.0,0.0,0.0,0.0,8.0,0.0,0.0,0.0,2.0,0.0,0.0,0.0,0.0,2.0,4.0,0.0,0.0,0.0,0.0,131473.0,0.0,340445200.0,34044205.0,1.08,129.0,0.0,2000.0,0.0,0.0,0.0,0.0,0.0,0.0,0.0,1.0,0.0,0.0,0.0,0.0,0.0,0.0,0.0,0.0,0.0,0.0,0.0,0.0,0.0,0.0,0.0,0.0,0.0,0.0,1.0,0.0,0.0,0.0,0.0,0.0,0.0,0.0,0.0,0.0,0.0,0.0,0.0,0.0,0.0,0.0,0.0,0.0,0.0,0.0,0.0,0.0,0.0,0.0,0.0,0.0,0.0,0.0,0.0,0.0,0.0,0.0,0.0,0.0,0.0,0.0,0.0,0.0,0.0,0.0,0.0,0.0,0.0,0.0,0.0,0.0,1.596,1.506,0.0,0.0,0.0,0.0,0.0,0.0,1.0,1.0,0.0,0.0,6000.0,0.0,0.0,0.0,0.0,0.0,0.0,
110,0.0,0.0,0.0,0.0,0.0,0.0,3.0,1.0,1.0,1.0,3.0,1.0,1.0,1.0,4.0,1275.0,3408965.0,65543.0,0.0,2.0,1537.0,1409.0,5.0,513.0,255.0,0.0,0.0,0.0,2.0,1644167432.0,1644167688.0,5.0,417.0,254.0,0.0,0.0,0.0,5.0,449.0,254.0,0.0,0.0,0.0,5.0,481.0,254.0,0.0,0.0,0.0,5.0,673.0,254.0,0.0,0.0,0.0,5.0,705.0,254.0,0.0,0.0,0.0,5.0,737.0,254.0,0.0,0.0,0.0,4.0,1342177544.0,1342177800.0,1342178056.0,1342178312.0,8.0,1342243080.0,1342243336.0,1342243592.0,1342243848.0,1342244104.0,1342244360.0,1342244616.0,1342244872.0,4.0,1342308624.0,1342308880.0,1342309136.0,1342309392.0,8.0,1342374152.0,1342374408.0,1342374664.0,1342374920.0,1342375176.0,1342375432.0,1342375688.0,1342375944.0,8.0,1342376200.0,1342376456.0,1342376712.0,1342376968.0,1342377224.0,1342377480.0,1342377736.0,1342377992.0,8.0,1342439688.0,1342439944.0,1342440200.0,1342440456.0,1342440712.0,1342440968.0,1342441224.0,1342441480.0,3.0,1.0,0.0,0.0,2.0,45.0,45.0,4.0,80.0,244.0,0.0,0.0,8.0,0.0,252.0,10.0,0.0,0.0,0.0,85.0,4.0,5.0,146.0,1806.0,5.0,6.0,2.0,16.0,0.0,0.0,0.0,0.0,0.0,0.0,0.0,0.0,0.0,0.0,0.0,0.0,0.0,0.0,0.0,0.0,8.0,0.0,0.0,0.0,2.0,0.0,0.0,0.0,0.0,2.0,0.0,0.0,0.0,0.0,0.0,131473.0,0.0,340445200.0,34044205.0,1.08,129.0,0.0,2000.0,0.0,0.0,0.0,0.0,0.0,0.0,0.0,1.0,0.0,0.0,0.0,0.0,0.0,0.0,0.0,0.0,0.0,0.0,0.0,0.0,0.0,0.0,0.0,0.0,0.0,0.0,1.0,0.0,0.0,0.0,0.0,0.0,0.0,0.0,0.0,0.0,0.0,0.0,0.0,0.0,0.0,0.0,0.0,0.0,0.0,0.0,0.0,0.0,0.0,0.0,0.0,0.0,0.0,0.0,0.0,0.0,0.0,0.0,0.0,0.0,0.0,0.0,0.0,0.0,0.0,0.0,0.0,0.0,0.0,0.0,0.0,0.0,0.0,0.0,0.0,0.0,0.0,0.0,0.0,0.0,1.0,0.0,0.0,0.0,6000.0,0.0,0.0,0.0,0.0,0.0,0.0,
113,0.0,0.0,0.0,0.0,0.0,0.0,3.0,1.0,1.0,1.0,3.0,1.0,1.0,1.0,4.0,1275.0,3408965.0,65543.0,0.0,2.0,1537.0,1409.0,5.0,513.0,255.0,0.0,0.0,0.0,2.0,1644167432.0,1644167688.0,5.0,417.0,254.0,0.0,0.0,0.0,5.0,449.0,254.0,0.0,0.0,0.0,5.0,481.0,254.0,0.0,0.0,0.0,5.0,673.0,254.0,0.0,0.0,0.0,5.0,705.0,254.0,0.0,0.0,0.0,5.0,737.0,254.0,0.0,0.0,0.0,4.0,1342177544.0,1342177800.0,1342178056.0,1342178312.0,8.0,1342243080.0,1342243336.0,1342243592.0,1342243848.0,1342244104.0,1342244360.0,1342244616.0,1342244872.0,4.0,1342308624.0,1342308880.0,1342309136.0,1342309392.0,8.0,1342374152.0,1342374408.0,1342374664.0,1342374920.0,1342375176.0,1342375432.0,1342375688.0,1342375944.0,8.0,1342376200.0,1342376456.0,1342376712.0,1342376968.0,1342377224.0,1342377480.0,1342377736.0,1342377992.0,8.0,1342439688.0,1342439944.0,1342440200.0,1342440456.0,1342440712.0,1342440968.0,1342441224.0,1342441480.0,3.0,1.0,0.0,0.0,2.0,45.0,45.0,4.0,80.0,244.0,0.0,0.0,8.0,0.0,252.0,42.0,0.0,0.0,0.0,85.0,4.0,5.0,146.0,1806.0,5.0,6.0,2.0,16.0,0.0,0.0,0.0,0.0,0.0,0.0,0.0,0.0,0.0,0.0,0.0,0.0,0.0,0.0,0.0,0.0,8.0,0.0,0.0,0.0,2.0,0.0,0.0,0.0,0.0,2.0,4.0,0.0,0.0,0.0,0.0,131473.0,0.0,340445200.0,34044205.0,1.08,129.0,0.0,2000.0,0.0,0.0,0.0,0.0,0.0,0.0,0.0,1.0,0.0,0.0,0.0,0.0,0.0,0.0,0.0,0.0,0.0,0.0,0.0,0.0,0.0,0.0,0.0,0.0,0.0,0.0,1.0,0.0,0.0,0.0,0.0,0.0,0.0,0.0,0.0,0.0,0.0,0.0,0.0,0.0,0.0,0.0,0.0,0.0,0.0,0.0,0.0,0.0,0.0,0.0,0.0,0.0,0.0,0.0,0.0,0.0,0.0,0.0,0.0,0.0,0.0,0.0,0.0,0.0,0.0,0.0,0.0,0.0,0.0,0.0,0.0,0.0,4.358,2.397,0.0,0.0,0.0,0.0,0.0,0.0,1.0,1.0,0.0,0.0,6000.0,0.0,0.0,0.0,0.0,0.0,0.0,
116,0.0,0.0,0.0,0.0,0.0,0.0,3.0,1.0,1.0,1.0,3.0,1.0,1.0,1.0,4.0,1275.0,3408965.0,65543.0,0.0,2.0,1537.0,1409.0,5.0,513.0,255.0,0.0,0.0,0.0,2.0,1644167432.0,1644167688.0,5.0,417.0,254.0,0.0,0.0,0.0,5.0,449.0,254.0,0.0,0.0,0.0,5.0,481.0,254.0,0.0,0.0,0.0,5.0,673.0,254.0,0.0,0.0,0.0,5.0,705.0,254.0,0.0,0.0,0.0,5.0,737.0,254.0,0.0,0.0,0.0,4.0,1342177544.0,1342177800.0,1342178056.0,1342178312.0,8.0,1342243080.0,1342243336.0,1342243592.0,1342243848.0,1342244104.0,1342244360.0,1342244616.0,1342244872.0,4.0,1342308624.0,1342308880.0,1342309136.0,1342309392.0,8.0,1342374152.0,1342374408.0,1342374664.0,1342374920.0,1342375176.0,1342375432.0,1342375688.0,1342375944.0,8.0,1342376200.0,1342376456.0,1342376712.0,1342376968.0,1342377224.0,1342377480.0,1342377736.0,1342377992.0,8.0,1342439688.0,1342439944.0,1342440200.0,1342440456.0,1342440712.0,1342440968.0,1342441224.0,1342441480.0,3.0,1.0,0.0,0.0,2.0,45.0,45.0,4.0,80.0,244.0,0.0,0.0,8.0,0.0,252.0,10.0,0.0,0.0,0.0,85.0,4.0,5.0,146.0,1806.0,5.0,6.0,2.0,16.0,0.0,0.0,0.0,0.0,0.0,0.0,0.0,0.0,0.0,0.0,0.0,0.0,0.0,0.0,0.0,0.0,8.0,0.0,0.0,0.0,2.0,0.0,0.0,0.0,0.0,2.0,0.0,0.0,0.0,0.0,0.0,131473.0,0.0,340445200.0,34044205.0,1.08,129.0,0.0,2000.0,0.0,0.0,0.0,0.0,0.0,0.0,0.0,1.0,0.0,0.0,0.0,0.0,0.0,0.0,0.0,0.0,0.0,0.0,0.0,0.0,0.0,0.0,0.0,0.0,0.0,0.0,1.0,0.0,0.0,0.0,0.0,0.0,0.0,0.0,0.0,0.0,0.0,0.0,0.0,0.0,0.0,0.0,0.0,0.0,0.0,0.0,0.0,0.0,0.0,0.0,0.0,0.0,0.0,0.0,0.0,0.0,0.0,0.0,0.0,0.0,0.0,0.0,0.0,0.0,0.0,0.0,0.0,0.0,0.0,0.0,0.0,0.0,0.0,0.0,0.0,0.0,0.0,0.0,0.0,0.0,1.0,0.0,0.0,0.0,6000.0,0.0,0.0,0.0,0.0,0.0,0.0,
119,0.0,0.0,0.0,0.0,0.0,0.0,3.0,1.0,1.0,1.0,3.0,1.0,1.0,1.0,4.0,1275.0,3408965.0,65543.0,0.0,2.0,1537.0,1409.0,5.0,513.0,255.0,0.0,0.0,0.0,2.0,1644167432.0,1644167688.0,5.0,417.0,254.0,0.0,0.0,0.0,5.0,449.0,254.0,0.0,0.0,0.0,5.0,481.0,254.0,0.0,0.0,0.0,5.0,673.0,254.0,0.0,0.0,0.0,5.0,705.0,254.0,0.0,0.0,0.0,5.0,737.0,254.0,0.0,0.0,0.0,4.0,1342177544.0,1342177800.0,1342178056.0,1342178312.0,8.0,1342243080.0,1342243336.0,1342243592.0,1342243848.0,1342244104.0,1342244360.0,1342244616.0,1342244872.0,4.0,1342308624.0,1342308880.0,1342309136.0,1342309392.0,8.0,1342374152.0,1342374408.0,1342374664.0,1342374920.0,1342375176.0,1342375432.0,1342375688.0,1342375944.0,8.0,1342376200.0,1342376456.0,1342376712.0,1342376968.0,1342377224.0,1342377480.0,1342377736.0,1342377992.0,8.0,1342439688.0,1342439944.0,1342440200.0,1342440456.0,1342440712.0,1342440968.0,1342441224.0,1342441480.0,3.0,1.0,0.0,0.0,2.0,45.0,45.0,4.0,80.0,244.0,0.0,0.0,8.0,0.0,252.0,42.0,0.0,0.0,0.0,85.0,4.0,5.0,146.0,1813.0,5.0,6.0,2.0,16.0,0.0,0.0,0.0,0.0,0.0,0.0,0.0,0.0,0.0,0.0,0.0,0.0,0.0,0.0,0.0,0.0,8.0,0.0,0.0,0.0,2.0,0.0,0.0,0.0,0.0,2.0,4.0,0.0,0.0,0.0,0.0,131473.0,0.0,340445200.0,34044205.0,1.08,129.0,0.0,2000.0,0.0,0.0,0.0,0.0,0.0,0.0,0.0,1.0,0.0,0.0,0.0,0.0,0.0,0.0,0.0,0.0,0.0,0.0,0.0,0.0,0.0,0.0,0.0,0.0,0.0,0.0,1.0,0.0,0.0,0.0,0.0,0.0,0.0,0.0,0.0,0.0,0.0,0.0,0.0,0.0,0.0,0.0,0.0,0.0,0.0,0.0,0.0,0.0,0.0,0.0,0.0,0.0,0.0,0.0,0.0,0.0,0.0,0.0,0.0,0.0,0.0,0.0,0.0,0.0,0.0,0.0,0.0,0.0,0.0,0.0,0.0,0.0,1.779,1.679,0.0,0.0,0.0,0.0,0.0,0.0,1.0,1.0,0.0,0.0,6000.0,0.0,0.0,0.0,0.0,0.0,0.0,
122,0.0,0.0,0.0,0.0,0.0,0.0,3.0,1.0,1.0,1.0,3.0,1.0,1.0,1.0,4.0,1275.0,3408965.0,65543.0,0.0,2.0,1537.0,1409.0,5.0,513.0,255.0,0.0,0.0,0.0,2.0,1644167432.0,1644167688.0,5.0,417.0,254.0,0.0,0.0,0.0,5.0,449.0,254.0,0.0,0.0,0.0,5.0,481.0,254.0,0.0,0.0,0.0,5.0,673.0,254.0,0.0,0.0,0.0,5.0,705.0,254.0,0.0,0.0,0.0,5.0,737.0,254.0,0.0,0.0,0.0,4.0,1342177544.0,1342177800.0,1342178056.0,1342178312.0,8.0,1342243080.0,1342243336.0,1342243592.0,1342243848.0,1342244104.0,1342244360.0,1342244616.0,1342244872.0,4.0,1342308624.0,1342308880.0,1342309136.0,1342309392.0,8.0,1342374152.0,1342374408.0,1342374664.0,1342374920.0,1342375176.0,1342375432.0,1342375688.0,1342375944.0,8.0,1342376200.0,1342376456.0,1342376712.0,1342376968.0,1342377224.0,1342377480.0,1342377736.0,1342377992.0,8.0,1342439688.0,1342439944.0,1342440200.0,1342440456.0,1342440712.0,1342440968.0,1342441224.0,1342441480.0,3.0,1.0,0.0,0.0,2.0,45.0,45.0,4.0,80.0,244.0,0.0,0.0,8.0,0.0,252.0,42.0,0.0,0.0,0.0,85.0,4.0,5.0,146.0,1806.0,5.0,6.0,2.0,16.0,0.0,0.0,0.0,0.0,0.0,0.0,0.0,0.0,0.0,0.0,0.0,0.0,0.0,0.0,0.0,0.0,8.0,0.0,0.0,0.0,2.0,0.0,0.0,0.0,0.0,2.0,0.0,0.0,0.0,0.0,0.0,131473.0,0.0,340445200.0,34044205.0,1.08,129.0,0.0,2000.0,0.0,0.0,0.0,0.0,0.0,0.0,0.0,1.0,0.0,0.0,0.0,0.0,0.0,0.0,0.0,0.0,0.0,0.0,0.0,0.0,0.0,0.0,0.0,0.0,0.0,0.0,1.0,0.0,0.0,0.0,0.0,0.0,0.0,0.0,0.0,0.0,0.0,0.0,0.0,0.0,0.0,0.0,0.0,0.0,0.0,0.0,0.0,0.0,0.0,0.0,0.0,0.0,0.0,0.0,0.0,0.0,0.0,0.0,0.0,0.0,0.0,0.0,0.0,0.0,0.0,0.0,0.0,0.0,0.0,0.0,0.0,0.0,0.0,0.0,0.0,0.0,0.0,0.0,0.0,0.0,1.0,0.0,0.0,0.0,6000.0,0.0,0.0,0.0,0.0,0.0,0.0,
131,0.0,0.0,0.0,0.0,0.0,0.0,3.0,1.0,1.0,1.0,3.0,1.0,1.0,1.0,4.0,1275.0,3408965.0,65543.0,0.0,2.0,1537.0,1409.0,5.0,513.0,255.0,0.0,0.0,0.0,2.0,1644167432.0,1644167688.0,5.0,417.0,254.0,0.0,0.0,0.0,5.0,449.0,254.0,0.0,0.0,0.0,5.0,481.0,254.0,0.0,0.0,0.0,5.0,673.0,254.0,0.0,0.0,0.0,5.0,705.0,254.0,0.0,0.0,0.0,5.0,737.0,254.0,0.0,0.0,0.0,4.0,1342177544.0,1342177800.0,1342178056.0,1342178312.0,8.0,1342243080.0,1342243336.0,1342243592.0,1342243848.0,1342244104.0,1342244360.0,1342244616.0,1342244872.0,4.0,1342308624.0,1342308880.0,1342309136.0,1342309392.0,8.0,1342374152.0,1342374408.0,1342374664.0,1342374920.0,1342375176.0,1342375432.0,1342375688.0,1342375944.0,8.0,1342376200.0,1342376456.0,1342376712.0,1342376968.0,1342377224.0,1342377480.0,1342377736.0,1342377992.0,8.0,1342439688.0,1342439944.0,1342440200.0,1342440456.0,1342440712.0,1342440968.0,1342441224.0,1342441480.0,3.0,1.0,0.0,0.0,2.0,45.0,45.0,4.0,80.0,244.0,0.0,0.0,8.0,0.0,252.0,42.0,0.0,0.0,0.0,85.0,4.0,5.0,146.0,1806.0,5.0,6.0,2.0,16.0,0.0,0.0,0.0,0.0,0.0,0.0,0.0,0.0,0.0,0.0,0.0,0.0,0.0,0.0,0.0,0.0,8.0,0.0,0.0,0.0,2.0,0.0,0.0,0.0,0.0,2.0,0.0,0.0,0.0,0.0,0.0,131473.0,0.0,340445200.0,34044205.0,1.08,129.0,0.0,2000.0,0.0,0.0,0.0,0.0,0.0,0.0,0.0,1.0,0.0,0.0,0.0,0.0,0.0,0.0,0.0,0.0,0.0,0.0,0.0,0.0,0.0,0.0,0.0,0.0,0.0,0.0,0.0,1.0,0.0,0.0,0.0,0.0,0.0,0.0,0.0,0.0,0.0,0.0,0.0,0.0,0.0,0.0,0.0,0.0,0.0,0.0,0.0,0.0,0.0,0.0,0.0,0.0,0.0,0.0,0.0,0.0,0.0,0.0,0.0,0.0,0.0,0.0,0.0,0.0,0.0,0.0,0.0,0.0,0.0,0.0,0.0,0.0,0.0,0.0,0.0,0.0,0.0,0.0,0.0,0.0,1.0,0.0,0.0,0.0,6000.0,0.0,0.0,0.0,0.0,0.0,0.0,
134,0.0,0.0,0.0,0.0,0.0,0.0,3.0,1.0,1.0,1.0,3.0,1.0,1.0,1.0,4.0,1275.0,3408965.0,65543.0,0.0,2.0,1537.0,1409.0,5.0,513.0,255.0,0.0,0.0,0.0,2.0,1644167432.0,1644167688.0,5.0,417.0,254.0,0.0,0.0,0.0,5.0,449.0,254.0,0.0,0.0,0.0,5.0,481.0,254.0,0.0,0.0,0.0,5.0,673.0,254.0,0.0,0.0,0.0,5.0,705.0,254.0,0.0,0.0,0.0,5.0,737.0,254.0,0.0,0.0,0.0,4.0,1342177544.0,1342177800.0,1342178056.0,1342178312.0,8.0,1342243080.0,1342243336.0,1342243592.0,1342243848.0,1342244104.0,1342244360.0,1342244616.0,1342244872.0,4.0,1342308624.0,1342308880.0,1342309136.0,1342309392.0,8.0,1342374152.0,1342374408.0,1342374664.0,1342374920.0,1342375176.0,1342375432.0,1342375688.0,1342375944.0,8.0,1342376200.0,1342376456.0,1342376712.0,1342376968.0,1342377224.0,1342377480.0,1342377736.0,1342377992.0,8.0,1342439688.0,1342439944.0,1342440200.0,1342440456.0,1342440712.0,1342440968.0,1342441224.0,1342441480.0,3.0,1.0,0.0,0.0,2.0,45.0,45.0,4.0,80.0,244.0,0.0,0.0,8.0,0.0,252.0,170.0,0.0,0.0,0.0,85.0,4.0,5.0,146.0,1806.0,5.0,6.0,2.0,16.0,0.0,0.0,0.0,0.0,0.0,0.0,0.0,0.0,0.0,0.0,0.0,0.0,0.0,0.0,0.0,0.0,8.0,0.0,0.0,0.0,2.0,0.0,0.0,0.0,0.0,2.0,8.0,0.0,0.0,0.0,0.0,131473.0,0.0,340445200.0,34044205.0,1.08,129.0,0.0,2000.0,0.0,0.0,0.0,0.0,0.0,0.0,0.0,1.0,0.0,0.0,0.0,0.0,0.0,0.0,0.0,0.0,0.0,0.0,0.0,0.0,0.0,0.0,0.0,0.0,0.0,0.0,0.0,1.0,0.0,0.0,0.0,0.0,0.0,0.0,0.0,0.0,0.0,0.0,0.0,0.0,0.0,0.0,0.0,0.0,0.0,0.0,0.0,0.0,0.0,0.0,0.0,0.0,0.0,0.0,0.0,0.0,0.0,0.0,0.0,0.0,0.0,0.0,0.0,0.0,0.0,0.0,0.0,0.0,0.0,0.0,0.0,0.0,2.98,1.729,0.0,0.0,0.0,0.0,0.0,0.0,1.0,1.0,0.0,0.0,6000.0,0.0,0.0,0.0,0.0,0.0,0.0,
137,0.0,0.0,0.0,0.0,0.0,0.0,3.0,1.0,1.0,1.0,3.0,1.0,1.0,1.0,4.0,1275.0,3408965.0,65543.0,0.0,2.0,1537.0,1409.0,5.0,513.0,255.0,0.0,0.0,0.0,2.0,1644167432.0,1644167688.0,5.0,417.0,254.0,0.0,0.0,0.0,5.0,449.0,254.0,0.0,0.0,0.0,5.0,481.0,254.0,0.0,0.0,0.0,5.0,673.0,254.0,0.0,0.0,0.0,5.0,705.0,254.0,0.0,0.0,0.0,5.0,737.0,254.0,0.0,0.0,0.0,4.0,1342177544.0,1342177800.0,1342178056.0,1342178312.0,8.0,1342243080.0,1342243336.0,1342243592.0,1342243848.0,1342244104.0,1342244360.0,1342244616.0,1342244872.0,4.0,1342308624.0,1342308880.0,1342309136.0,1342309392.0,8.0,1342374152.0,1342374408.0,1342374664.0,1342374920.0,1342375176.0,1342375432.0,1342375688.0,1342375944.0,8.0,1342376200.0,1342376456.0,1342376712.0,1342376968.0,1342377224.0,1342377480.0,1342377736.0,1342377992.0,8.0,1342439688.0,1342439944.0,1342440200.0,1342440456.0,1342440712.0,1342440968.0,1342441224.0,1342441480.0,3.0,1.0,0.0,0.0,2.0,45.0,45.0,4.0,80.0,244.0,0.0,0.0,8.0,0.0,252.0,42.0,0.0,0.0,0.0,85.0,4.0,5.0,146.0,1813.0,5.0,6.0,2.0,16.0,0.0,0.0,0.0,0.0,0.0,0.0,0.0,0.0,0.0,0.0,0.0,0.0,0.0,0.0,0.0,0.0,8.0,0.0,0.0,0.0,2.0,0.0,0.0,0.0,0.0,2.0,0.0,0.0,0.0,0.0,0.0,131473.0,0.0,340445200.0,34044205.0,1.08,129.0,0.0,2000.0,0.0,0.0,0.0,0.0,0.0,0.0,0.0,1.0,0.0,0.0,0.0,0.0,0.0,0.0,0.0,0.0,0.0,0.0,0.0,0.0,0.0,0.0,0.0,0.0,0.0,0.0,0.0,1.0,0.0,0.0,0.0,0.0,0.0,0.0,0.0,0.0,0.0,0.0,0.0,0.0,0.0,0.0,0.0,0.0,0.0,0.0,0.0,0.0,0.0,0.0,0.0,0.0,0.0,0.0,0.0,0.0,0.0,0.0,0.0,0.0,0.0,0.0,0.0,0.0,0.0,0.0,0.0,0.0,0.0,0.0,0.0,0.0,0.0,0.0,0.0,0.0,0.0,0.0,0.0,0.0,1.0,0.0,0.0,0.0,6000.0,0.0,0.0,0.0,0.0,0.0,0.0,
140,0.0,0.0,0.0,0.0,0.0,0.0,3.0,1.0,1.0,1.0,3.0,1.0,1.0,1.0,4.0,1275.0,3408965.0,65543.0,0.0,2.0,1537.0,1409.0,5.0,513.0,255.0,0.0,0.0,0.0,2.0,1644167432.0,1644167688.0,5.0,417.0,254.0,0.0,0.0,0.0,5.0,449.0,254.0,0.0,0.0,0.0,5.0,481.0,254.0,0.0,0.0,0.0,5.0,673.0,254.0,0.0,0.0,0.0,5.0,705.0,254.0,0.0,0.0,0.0,5.0,737.0,254.0,0.0,0.0,0.0,4.0,1342177544.0,1342177800.0,1342178056.0,1342178312.0,8.0,1342243080.0,1342243336.0,1342243592.0,1342243848.0,1342244104.0,1342244360.0,1342244616.0,1342244872.0,4.0,1342308624.0,1342308880.0,1342309136.0,1342309392.0,8.0,1342374152.0,1342374408.0,1342374664.0,1342374920.0,1342375176.0,1342375432.0,1342375688.0,1342375944.0,8.0,1342376200.0,1342376456.0,1342376712.0,1342376968.0,1342377224.0,1342377480.0,1342377736.0,1342377992.0,8.0,1342439688.0,1342439944.0,1342440200.0,1342440456.0,1342440712.0,1342440968.0,1342441224.0,1342441480.0,3.0,1.0,0.0,0.0,2.0,45.0,45.0,4.0,80.0,244.0,0.0,0.0,8.0,0.0,252.0,170.0,0.0,0.0,0.0,85.0,4.0,5.0,146.0,1806.0,5.0,6.0,2.0,16.0,0.0,0.0,0.0,0.0,0.0,0.0,0.0,0.0,0.0,0.0,0.0,0.0,0.0,0.0,0.0,0.0,8.0,0.0,0.0,0.0,2.0,0.0,0.0,0.0,0.0,2.0,8.0,0.0,0.0,0.0,0.0,131473.0,0.0,340445200.0,34044205.0,1.08,129.0,0.0,2000.0,0.0,0.0,0.0,0.0,0.0,0.0,0.0,1.0,0.0,0.0,0.0,0.0,0.0,0.0,0.0,0.0,0.0,0.0,0.0,0.0,0.0,0.0,0.0,0.0,0.0,0.0,0.0,1.0,0.0,0.0,0.0,0.0,0.0,0.0,0.0,0.0,0.0,0.0,0.0,0.0,0.0,0.0,0.0,0.0,0.0,0.0,0.0,0.0,0.0,0.0,0.0,0.0,0.0,0.0,0.0,0.0,0.0,0.0,0.0,0.0,0.0,0.0,0.0,0.0,0.0,0.0,0.0,0.0,0.0,0.0,0.0,0.0,2.528,1.968,0.0,0.0,0.0,0.0,0.0,0.0,1.0,1.0,0.0,0.0,6000.0,0.0,0.0,0.0,0.0,0.0,0.0,
143,0.0,0.0,0.0,0.0,0.0,0.0,3.0,1.0,1.0,1.0,3.0,1.0,1.0,1.0,4.0,1275.0,3408965.0,65543.0,0.0,2.0,1537.0,1409.0,5.0,513.0,255.0,0.0,0.0,0.0,2.0,1644167432.0,1644167688.0,5.0,417.0,254.0,0.0,0.0,0.0,5.0,449.0,254.0,0.0,0.0,0.0,5.0,481.0,254.0,0.0,0.0,0.0,5.0,673.0,254.0,0.0,0.0,0.0,5.0,705.0,254.0,0.0,0.0,0.0,5.0,737.0,254.0,0.0,0.0,0.0,4.0,1342177544.0,1342177800.0,1342178056.0,1342178312.0,8.0,1342243080.0,1342243336.0,1342243592.0,1342243848.0,1342244104.0,1342244360.0,1342244616.0,1342244872.0,4.0,1342308624.0,1342308880.0,1342309136.0,1342309392.0,8.0,1342374152.0,1342374408.0,1342374664.0,1342374920.0,1342375176.0,1342375432.0,1342375688.0,1342375944.0,8.0,1342376200.0,1342376456.0,1342376712.0,1342376968.0,1342377224.0,1342377480.0,1342377736.0,1342377992.0,8.0,1342439688.0,1342439944.0,1342440200.0,1342440456.0,1342440712.0,1342440968.0,1342441224.0,1342441480.0,3.0,1.0,0.0,0.0,2.0,45.0,45.0,4.0,80.0,244.0,0.0,0.0,8.0,0.0,252.0,42.0,0.0,0.0,0.0,85.0,4.0,5.0,146.0,1806.0,5.0,6.0,2.0,16.0,0.0,0.0,0.0,0.0,0.0,0.0,0.0,0.0,0.0,0.0,0.0,0.0,0.0,0.0,0.0,0.0,8.0,0.0,0.0,0.0,2.0,0.0,0.0,0.0,0.0,2.0,0.0,0.0,0.0,0.0,0.0,131473.0,0.0,340445200.0,34044205.0,1.08,129.0,0.0,2000.0,0.0,0.0,0.0,0.0,0.0,0.0,0.0,1.0,0.0,0.0,0.0,0.0,0.0,0.0,0.0,0.0,0.0,0.0,0.0,0.0,0.0,0.0,0.0,0.0,0.0,0.0,0.0,1.0,0.0,0.0,0.0,0.0,0.0,0.0,0.0,0.0,0.0,0.0,0.0,0.0,0.0,0.0,0.0,0.0,0.0,0.0,0.0,0.0,0.0,0.0,0.0,0.0,0.0,0.0,0.0,0.0,0.0,0.0,0.0,0.0,0.0,0.0,0.0,0.0,0.0,0.0,0.0,0.0,0.0,0.0,0.0,0.0,0.0,0.0,0.0,0.0,0.0,0.0,0.0,0.0,1.0,0.0,0.0,0.0,6000.0,0.0,0.0,0.0,0.0,0.0,0.0,
146,0.0,0.0,0.0,0.0,0.0,0.0,3.0,1.0,1.0,1.0,3.0,1.0,1.0,1.0,4.0,1275.0,3408965.0,65543.0,0.0,2.0,1537.0,1409.0,5.0,513.0,255.0,0.0,0.0,0.0,2.0,1644167432.0,1644167688.0,5.0,417.0,254.0,0.0,0.0,0.0,5.0,449.0,254.0,0.0,0.0,0.0,5.0,481.0,254.0,0.0,0.0,0.0,5.0,673.0,254.0,0.0,0.0,0.0,5.0,705.0,254.0,0.0,0.0,0.0,5.0,737.0,254.0,0.0,0.0,0.0,4.0,1342177544.0,1342177800.0,1342178056.0,1342178312.0,8.0,1342243080.0,1342243336.0,1342243592.0,1342243848.0,1342244104.0,1342244360.0,1342244616.0,1342244872.0,4.0,1342308624.0,1342308880.0,1342309136.0,1342309392.0,8.0,1342374152.0,1342374408.0,1342374664.0,1342374920.0,1342375176.0,1342375432.0,1342375688.0,1342375944.0,8.0,1342376200.0,1342376456.0,1342376712.0,1342376968.0,1342377224.0,1342377480.0,1342377736.0,1342377992.0,8.0,1342439688.0,1342439944.0,1342440200.0,1342440456.0,1342440712.0,1342440968.0,1342441224.0,1342441480.0,3.0,1.0,0.0,0.0,2.0,45.0,45.0,4.0,80.0,244.0,0.0,0.0,8.0,0.0,252.0,170.0,0.0,0.0,0.0,85.0,4.0,5.0,146.0,1806.0,5.0,6.0,2.0,16.0,0.0,0.0,0.0,0.0,0.0,0.0,0.0,0.0,0.0,0.0,0.0,0.0,0.0,0.0,0.0,0.0,8.0,0.0,0.0,0.0,2.0,0.0,0.0,0.0,0.0,2.0,8.0,0.0,0.0,0.0,0.0,131473.0,0.0,340445200.0,34044205.0,1.08,129.0,0.0,2000.0,0.0,0.0,0.0,0.0,0.0,0.0,0.0,1.0,0.0,0.0,0.0,0.0,0.0,0.0,0.0,0.0,0.0,0.0,0.0,0.0,0.0,0.0,0.0,0.0,0.0,0.0,0.0,1.0,0.0,0.0,0.0,0.0,0.0,0.0,0.0,0.0,0.0,0.0,0.0,0.0,0.0,0.0,0.0,0.0,0.0,0.0,0.0,0.0,0.0,0.0,0.0,0.0,0.0,0.0,0.0,0.0,0.0,0.0,0.0,0.0,0.0,0.0,0.0,0.0,0.0,0.0,0.0,0.0,0.0,0.0,0.0,0.0,0.0,0.0,0.0,0.0,0.0,0.0,0.0,0.0,1.0,1.0,0.0,0.0,6000.0,0.0,0.0,0.0,0.0,0.0,0.0,
149,0.0,0.0,0.0,0.0,0.0,0.0,3.0,1.0,1.0,1.0,3.0,1.0,1.0,1.0,4.0,1275.0,3408965.0,65543.0,0.0,2.0,1537.0,1409.0,5.0,513.0,255.0,0.0,0.0,0.0,2.0,1644167432.0,1644167688.0,5.0,417.0,254.0,0.0,0.0,0.0,5.0,449.0,254.0,0.0,0.0,0.0,5.0,481.0,254.0,0.0,0.0,0.0,5.0,673.0,254.0,0.0,0.0,0.0,5.0,705.0,254.0,0.0,0.0,0.0,5.0,737.0,254.0,0.0,0.0,0.0,4.0,1342177544.0,1342177800.0,1342178056.0,1342178312.0,8.0,1342243080.0,1342243336.0,1342243592.0,1342243848.0,1342244104.0,1342244360.0,1342244616.0,1342244872.0,4.0,1342308624.0,1342308880.0,1342309136.0,1342309392.0,8.0,1342374152.0,1342374408.0,1342374664.0,1342374920.0,1342375176.0,1342375432.0,1342375688.0,1342375944.0,8.0,1342376200.0,1342376456.0,1342376712.0,1342376968.0,1342377224.0,1342377480.0,1342377736.0,1342377992.0,8.0,1342439688.0,1342439944.0,1342440200.0,1342440456.0,1342440712.0,1342440968.0,1342441224.0,1342441480.0,3.0,1.0,0.0,0.0,2.0,45.0,45.0,4.0,80.0,244.0,0.0,0.0,8.0,0.0,252.0,42.0,0.0,0.0,0.0,85.0,4.0,5.0,146.0,1813.0,5.0,6.0,2.0,16.0,0.0,0.0,0.0,0.0,0.0,0.0,0.0,0.0,0.0,0.0,0.0,0.0,0.0,0.0,0.0,0.0,8.0,0.0,0.0,0.0,2.0,0.0,0.0,0.0,0.0,2.0,0.0,0.0,0.0,0.0,0.0,131473.0,0.0,340445200.0,34044205.0,1.08,129.0,0.0,2000.0,0.0,0.0,0.0,0.0,0.0,0.0,0.0,1.0,0.0,0.0,0.0,0.0,0.0,0.0,0.0,0.0,0.0,0.0,0.0,0.0,0.0,0.0,0.0,0.0,0.0,0.0,0.0,1.0,0.0,0.0,0.0,0.0,0.0,0.0,0.0,0.0,0.0,0.0,0.0,0.0,0.0,0.0,0.0,0.0,0.0,0.0,0.0,0.0,0.0,0.0,0.0,0.0,0.0,0.0,0.0,0.0,0.0,0.0,0.0,0.0,0.0,0.0,0.0,0.0,0.0,0.0,0.0,0.0,0.0,0.0,0.0,0.0,0.0,0.0,0.0,0.0,0.0,0.0,0.0,0.0,1.0,0.0,0.0,0.0,6000.0,0.0,0.0,0.0,0.0,0.0,0.0,
152,0.0,0.0,0.0,0.0,0.0,0.0,3.0,1.0,1.0,1.0,3.0,1.0,1.0,1.0,4.0,1275.0,3408965.0,65543.0,0.0,2.0,1537.0,1409.0,5.0,513.0,255.0,0.0,0.0,0.0,2.0,1644167432.0,1644167688.0,5.0,417.0,254.0,0.0,0.0,0.0,5.0,449.0,254.0,0.0,0.0,0.0,5.0,481.0,254.0,0.0,0.0,0.0,5.0,673.0,254.0,0.0,0.0,0.0,5.0,705.0,254.0,0.0,0.0,0.0,5.0,737.0,254.0,0.0,0.0,0.0,4.0,1342177544.0,1342177800.0,1342178056.0,1342178312.0,8.0,1342243080.0,1342243336.0,1342243592.0,1342243848.0,1342244104.0,1342244360.0,1342244616.0,1342244872.0,4.0,1342308624.0,1342308880.0,1342309136.0,1342309392.0,8.0,1342374152.0,1342374408.0,1342374664.0,1342374920.0,1342375176.0,1342375432.0,1342375688.0,1342375944.0,8.0,1342376200.0,1342376456.0,1342376712.0,1342376968.0,1342377224.0,1342377480.0,1342377736.0,1342377992.0,8.0,1342439688.0,1342439944.0,1342440200.0,1342440456.0,1342440712.0,1342440968.0,1342441224.0,1342441480.0,3.0,1.0,0.0,0.0,2.0,45.0,45.0,4.0,80.0,244.0,0.0,0.0,8.0,0.0,252.0,170.0,0.0,0.0,0.0,85.0,4.0,5.0,146.0,1813.0,5.0,6.0,2.0,16.0,0.0,0.0,0.0,0.0,0.0,0.0,0.0,0.0,0.0,0.0,0.0,0.0,0.0,0.0,0.0,0.0,8.0,0.0,0.0,0.0,2.0,0.0,0.0,0.0,0.0,2.0,8.0,0.0,0.0,0.0,0.0,131473.0,0.0,340445200.0,34044205.0,1.08,129.0,0.0,2000.0,0.0,0.0,0.0,0.0,0.0,0.0,0.0,1.0,0.0,0.0,0.0,0.0,0.0,0.0,0.0,0.0,0.0,0.0,0.0,0.0,0.0,0.0,0.0,0.0,0.0,0.0,0.0,1.0,0.0,0.0,0.0,0.0,0.0,0.0,0.0,0.0,0.0,0.0,0.0,0.0,0.0,0.0,0.0,0.0,0.0,0.0,0.0,0.0,0.0,0.0,0.0,0.0,0.0,0.0,0.0,0.0,0.0,0.0,0.0,0.0,0.0,0.0,0.0,0.0,0.0,0.0,0.0,0.0,0.0,0.0,0.0,0.0,2.491,2.322,0.0,0.0,0.0,0.0,0.0,0.0,1.0,1.0,0.0,0.0,6000.0,0.0,0.0,0.0,0.0,0.0,0.0,
155,0.0,0.0,0.0,0.0,0.0,0.0,3.0,1.0,1.0,1.0,3.0,1.0,1.0,1.0,4.0,1275.0,3408965.0,65543.0,0.0,2.0,1537.0,1409.0,5.0,513.0,255.0,0.0,0.0,0.0,2.0,1644167432.0,1644167688.0,5.0,417.0,254.0,0.0,0.0,0.0,5.0,449.0,254.0,0.0,0.0,0.0,5.0,481.0,254.0,0.0,0.0,0.0,5.0,673.0,254.0,0.0,0.0,0.0,5.0,705.0,254.0,0.0,0.0,0.0,5.0,737.0,254.0,0.0,0.0,0.0,4.0,1342177544.0,1342177800.0,1342178056.0,1342178312.0,8.0,1342243080.0,1342243336.0,1342243592.0,1342243848.0,1342244104.0,1342244360.0,1342244616.0,1342244872.0,4.0,1342308624.0,1342308880.0,1342309136.0,1342309392.0,8.0,1342374152.0,1342374408.0,1342374664.0,1342374920.0,1342375176.0,1342375432.0,1342375688.0,1342375944.0,8.0,1342376200.0,1342376456.0,1342376712.0,1342376968.0,1342377224.0,1342377480.0,1342377736.0,1342377992.0,8.0,1342439688.0,1342439944.0,1342440200.0,1342440456.0,1342440712.0,1342440968.0,1342441224.0,1342441480.0,3.0,1.0,0.0,0.0,2.0,45.0,45.0,4.0,80.0,244.0,0.0,0.0,8.0,0.0,252.0,42.0,0.0,0.0,0.0,85.0,4.0,5.0,146.0,1806.0,5.0,6.0,2.0,16.0,0.0,0.0,0.0,0.0,0.0,0.0,0.0,0.0,0.0,0.0,0.0,0.0,0.0,0.0,0.0,0.0,8.0,0.0,0.0,0.0,2.0,0.0,0.0,0.0,0.0,2.0,0.0,0.0,0.0,0.0,0.0,131473.0,0.0,340445200.0,34044205.0,1.08,129.0,0.0,2000.0,0.0,0.0,0.0,0.0,0.0,0.0,0.0,1.0,0.0,0.0,0.0,0.0,0.0,0.0,0.0,0.0,0.0,0.0,0.0,0.0,0.0,0.0,0.0,0.0,0.0,0.0,0.0,1.0,0.0,0.0,0.0,0.0,0.0,0.0,0.0,0.0,0.0,0.0,0.0,0.0,0.0,0.0,0.0,0.0,0.0,0.0,0.0,0.0,0.0,0.0,0.0,0.0,0.0,0.0,0.0,0.0,0.0,0.0,0.0,0.0,0.0,0.0,0.0,0.0,0.0,0.0,0.0,0.0,0.0,0.0,0.0,0.0,0.0,0.0,0.0,0.0,0.0,0.0,0.0,0.0,1.0,0.0,0.0,0.0,6000.0,0.0,0.0,0.0,0.0,0.0,0.0,
158,0.0,0.0,0.0,0.0,0.0,0.0,3.0,1.0,1.0,1.0,3.0,1.0,1.0,1.0,4.0,1275.0,3408965.0,65543.0,0.0,2.0,1537.0,1409.0,5.0,513.0,255.0,0.0,0.0,0.0,2.0,1644167432.0,1644167688.0,5.0,417.0,254.0,0.0,0.0,0.0,5.0,449.0,254.0,0.0,0.0,0.0,5.0,481.0,254.0,0.0,0.0,0.0,5.0,673.0,254.0,0.0,0.0,0.0,5.0,705.0,254.0,0.0,0.0,0.0,5.0,737.0,254.0,0.0,0.0,0.0,4.0,1342177544.0,1342177800.0,1342178056.0,1342178312.0,8.0,1342243080.0,1342243336.0,1342243592.0,1342243848.0,1342244104.0,1342244360.0,1342244616.0,1342244872.0,4.0,1342308624.0,1342308880.0,1342309136.0,1342309392.0,8.0,1342374152.0,1342374408.0,1342374664.0,1342374920.0,1342375176.0,1342375432.0,1342375688.0,1342375944.0,8.0,1342376200.0,1342376456.0,1342376712.0,1342376968.0,1342377224.0,1342377480.0,1342377736.0,1342377992.0,8.0,1342439688.0,1342439944.0,1342440200.0,1342440456.0,1342440712.0,1342440968.0,1342441224.0,1342441480.0,3.0,1.0,0.0,0.0,2.0,45.0,45.0,4.0,80.0,244.0,0.0,0.0,8.0,0.0,252.0,170.0,0.0,0.0,0.0,85.0,4.0,5.0,146.0,1806.0,5.0,6.0,2.0,16.0,0.0,0.0,0.0,0.0,0.0,0.0,0.0,0.0,0.0,0.0,0.0,0.0,0.0,0.0,0.0,0.0,8.0,0.0,0.0,0.0,2.0,0.0,0.0,0.0,0.0,2.0,8.0,0.0,0.0,0.0,0.0,131473.0,0.0,340445200.0,34044205.0,1.08,129.0,0.0,2000.0,0.0,0.0,0.0,0.0,0.0,0.0,0.0,1.0,0.0,0.0,0.0,0.0,0.0,0.0,0.0,0.0,0.0,0.0,0.0,0.0,0.0,0.0,0.0,0.0,0.0,0.0,0.0,1.0,0.0,0.0,0.0,0.0,0.0,0.0,0.0,0.0,0.0,0.0,0.0,0.0,0.0,0.0,0.0,0.0,0.0,0.0,0.0,0.0,0.0,0.0,0.0,0.0,0.0,0.0,0.0,0.0,0.0,0.0,0.0,0.0,0.0,0.0,0.0,0.0,0.0,0.0,0.0,0.0,0.0,0.0,0.0,0.0,3.782,2.489,0.0,0.0,0.0,0.0,0.0,0.0,1.0,1.0,0.0,0.0,6000.0,0.0,0.0,0.0,0.0,0.0,0.0,
161,0.0,0.0,0.0,0.0,0.0,0.0,3.0,1.0,1.0,1.0,3.0,1.0,1.0,1.0,4.0,1275.0,3408965.0,65543.0,0.0,2.0,1537.0,1409.0,5.0,513.0,255.0,0.0,0.0,0.0,2.0,1644167432.0,1644167688.0,5.0,417.0,254.0,0.0,0.0,0.0,5.0,449.0,254.0,0.0,0.0,0.0,5.0,481.0,254.0,0.0,0.0,0.0,5.0,673.0,254.0,0.0,0.0,0.0,5.0,705.0,254.0,0.0,0.0,0.0,5.0,737.0,254.0,0.0,0.0,0.0,4.0,1342177544.0,1342177800.0,1342178056.0,1342178312.0,8.0,1342243080.0,1342243336.0,1342243592.0,1342243848.0,1342244104.0,1342244360.0,1342244616.0,1342244872.0,4.0,1342308624.0,1342308880.0,1342309136.0,1342309392.0,8.0,1342374152.0,1342374408.0,1342374664.0,1342374920.0,1342375176.0,1342375432.0,1342375688.0,1342375944.0,8.0,1342376200.0,1342376456.0,1342376712.0,1342376968.0,1342377224.0,1342377480.0,1342377736.0,1342377992.0,8.0,1342439688.0,1342439944.0,1342440200.0,1342440456.0,1342440712.0,1342440968.0,1342441224.0,1342441480.0,3.0,1.0,0.0,0.0,2.0,45.0,45.0,4.0,80.0,244.0,0.0,0.0,8.0,0.0,252.0,170.0,0.0,0.0,0.0,85.0,4.0,5.0,146.0,1806.0,5.0,6.0,2.0,16.0,0.0,0.0,0.0,0.0,0.0,0.0,0.0,0.0,0.0,0.0,0.0,0.0,0.0,0.0,0.0,0.0,8.0,0.0,0.0,0.0,2.0,0.0,0.0,0.0,0.0,2.0,0.0,0.0,0.0,0.0,0.0,131473.0,0.0,340445200.0,34044205.0,1.08,129.0,0.0,2000.0,0.0,0.0,0.0,0.0,0.0,0.0,0.0,1.0,0.0,0.0,0.0,0.0,0.0,0.0,0.0,0.0,0.0,0.0,0.0,0.0,0.0,0.0,0.0,0.0,0.0,0.0,0.0,1.0,0.0,0.0,0.0,0.0,0.0,0.0,0.0,0.0,0.0,0.0,0.0,0.0,0.0,0.0,0.0,0.0,0.0,0.0,0.0,0.0,0.0,0.0,0.0,0.0,0.0,0.0,0.0,0.0,0.0,0.0,0.0,0.0,0.0,0.0,0.0,0.0,0.0,0.0,0.0,0.0,0.0,0.0,0.0,0.0,0.0,0.0,0.0,0.0,0.0,0.0,0.0,0.0,1.0,0.0,0.0,0.0,6000.0,0.0,0.0,0.0,0.0,0.0,0.0,
170,0.0,0.0,0.0,0.0,0.0,0.0,3.0,1.0,1.0,1.0,3.0,1.0,1.0,1.0,4.0,1275.0,3408965.0,65543.0,0.0,2.0,1537.0,1409.0,5.0,513.0,255.0,0.0,0.0,0.0,2.0,1644167432.0,1644167688.0,5.0,417.0,254.0,0.0,0.0,0.0,5.0,449.0,254.0,0.0,0.0,0.0,5.0,481.0,254.0,0.0,0.0,0.0,5.0,673.0,254.0,0.0,0.0,0.0,5.0,705.0,254.0,0.0,0.0,0.0,5.0,737.0,254.0,0.0,0.0,0.0,4.0,1342177544.0,1342177800.0,1342178056.0,1342178312.0,8.0,1342243080.0,1342243336.0,1342243592.0,1342243848.0,1342244104.0,1342244360.0,1342244616.0,1342244872.0,4.0,1342308624.0,1342308880.0,1342309136.0,1342309392.0,8.0,1342374152.0,1342374408.0,1342374664.0,1342374920.0,1342375176.0,1342375432.0,1342375688.0,1342375944.0,8.0,1342376200.0,1342376456.0,1342376712.0,1342376968.0,1342377224.0,1342377480.0,1342377736.0,1342377992.0,8.0,1342439688.0,1342439944.0,1342440200.0,1342440456.0,1342440712.0,1342440968.0,1342441224.0,1342441480.0,3.0,1.0,0.0,0.0,2.0,45.0,45.0,4.0,80.0,244.0,0.0,0.0,8.0,0.0,252.0,170.0,0.0,0.0,0.0,85.0,4.0,5.0,146.0,1813.0,5.0,6.0,2.0,16.0,0.0,0.0,0.0,0.0,0.0,0.0,0.0,0.0,0.0,0.0,0.0,0.0,0.0,0.0,0.0,0.0,8.0,0.0,0.0,0.0,2.0,0.0,0.0,0.0,0.0,2.0,0.0,0.0,0.0,0.0,0.0,131473.0,0.0,340445200.0,34044205.0,1.08,129.0,0.0,2000.0,0.0,0.0,0.0,0.0,0.0,0.0,0.0,1.0,0.0,0.0,0.0,0.0,0.0,0.0,0.0,0.0,0.0,0.0,0.0,0.0,0.0,0.0,0.0,0.0,0.0,0.0,0.0,0.0,1.0,0.0,0.0,0.0,0.0,0.0,0.0,0.0,0.0,0.0,0.0,0.0,0.0,0.0,0.0,0.0,0.0,0.0,0.0,0.0,0.0,0.0,0.0,0.0,0.0,0.0,0.0,0.0,0.0,0.0,0.0,0.0,0.0,0.0,0.0,0.0,0.0,0.0,0.0,0.0,0.0,0.0,0.0,0.0,0.0,0.0,0.0,0.0,0.0,0.0,0.0,0.0,1.0,0.0,0.0,0.0,6000.0,0.0,0.0,0.0,0.0,0.0,0.0,
173,0.0,0.0,0.0,0.0,0.0,0.0,3.0,1.0,1.0,1.0,3.0,1.0,1.0,1.0,4.0,1275.0,3408965.0,65543.0,0.0,2.0,1537.0,1409.0,5.0,513.0,255.0,0.0,0.0,0.0,2.0,1644167432.0,1644167688.0,5.0,417.0,254.0,0.0,0.0,0.0,5.0,449.0,254.0,0.0,0.0,0.0,5.0,481.0,254.0,0.0,0.0,0.0,5.0,673.0,254.0,0.0,0.0,0.0,5.0,705.0,254.0,0.0,0.0,0.0,5.0,737.0,254.0,0.0,0.0,0.0,4.0,1342177544.0,1342177800.0,1342178056.0,1342178312.0,8.0,1342243080.0,1342243336.0,1342243592.0,1342243848.0,1342244104.0,1342244360.0,1342244616.0,1342244872.0,4.0,1342308624.0,1342308880.0,1342309136.0,1342309392.0,8.0,1342374152.0,1342374408.0,1342374664.0,1342374920.0,1342375176.0,1342375432.0,1342375688.0,1342375944.0,8.0,1342376200.0,1342376456.0,1342376712.0,1342376968.0,1342377224.0,1342377480.0,1342377736.0,1342377992.0,8.0,1342439688.0,1342439944.0,1342440200.0,1342440456.0,1342440712.0,1342440968.0,1342441224.0,1342441480.0,3.0,1.0,0.0,0.0,2.0,45.0,45.0,4.0,80.0,244.0,0.0,0.0,8.0,0.0,252.0,170.0,2.0,0.0,0.0,85.0,4.0,5.0,146.0,1806.0,5.0,6.0,2.0,16.0,0.0,0.0,0.0,0.0,0.0,0.0,0.0,0.0,0.0,0.0,0.0,0.0,0.0,0.0,0.0,0.0,8.0,0.0,0.0,0.0,2.0,0.0,0.0,0.0,0.0,2.0,16.0,0.0,0.0,0.0,0.0,131473.0,0.0,340445200.0,34044205.0,1.08,129.0,0.0,2000.0,0.0,0.0,0.0,0.0,0.0,0.0,0.0,1.0,0.0,0.0,0.0,0.0,0.0,0.0,0.0,0.0,0.0,0.0,0.0,0.0,0.0,0.0,0.0,0.0,0.0,0.0,0.0,0.0,1.0,0.0,0.0,0.0,0.0,0.0,0.0,0.0,0.0,0.0,0.0,0.0,0.0,0.0,0.0,0.0,0.0,0.0,0.0,0.0,0.0,0.0,0.0,0.0,0.0,0.0,0.0,0.0,0.0,0.0,0.0,0.0,0.0,0.0,0.0,0.0,0.0,0.0,0.0,0.0,0.0,0.0,0.0,0.0,0.0,0.0,0.0,0.0,0.0,0.0,0.0,0.0,1.0,1.0,0.0,0.0,6000.0,0.0,0.0,0.0,0.0,0.0,0.0,
176,0.0,0.0,0.0,0.0,0.0,0.0,3.0,1.0,1.0,1.0,3.0,1.0,1.0,1.0,4.0,1275.0,3408965.0,65543.0,0.0,2.0,1537.0,1409.0,5.0,513.0,255.0,0.0,0.0,0.0,2.0,1644167432.0,1644167688.0,5.0,417.0,254.0,0.0,0.0,0.0,5.0,449.0,254.0,0.0,0.0,0.0,5.0,481.0,254.0,0.0,0.0,0.0,5.0,673.0,254.0,0.0,0.0,0.0,5.0,705.0,254.0,0.0,0.0,0.0,5.0,737.0,254.0,0.0,0.0,0.0,4.0,1342177544.0,1342177800.0,1342178056.0,1342178312.0,8.0,1342243080.0,1342243336.0,1342243592.0,1342243848.0,1342244104.0,1342244360.0,1342244616.0,1342244872.0,4.0,1342308624.0,1342308880.0,1342309136.0,1342309392.0,8.0,1342374152.0,1342374408.0,1342374664.0,1342374920.0,1342375176.0,1342375432.0,1342375688.0,1342375944.0,8.0,1342376200.0,1342376456.0,1342376712.0,1342376968.0,1342377224.0,1342377480.0,1342377736.0,1342377992.0,8.0,1342439688.0,1342439944.0,1342440200.0,1342440456.0,1342440712.0,1342440968.0,1342441224.0,1342441480.0,3.0,1.0,0.0,0.0,2.0,45.0,45.0,4.0,80.0,244.0,0.0,0.0,8.0,0.0,252.0,170.0,0.0,0.0,0.0,85.0,4.0,5.0,146.0,1806.0,5.0,6.0,2.0,16.0,0.0,0.0,0.0,0.0,0.0,0.0,0.0,0.0,0.0,0.0,0.0,0.0,0.0,0.0,0.0,0.0,8.0,0.0,0.0,0.0,2.0,0.0,0.0,0.0,0.0,2.0,0.0,0.0,0.0,0.0,0.0,131473.0,0.0,340445200.0,34044205.0,1.08,129.0,0.0,2000.0,0.0,0.0,0.0,0.0,0.0,0.0,0.0,1.0,0.0,0.0,0.0,0.0,0.0,0.0,0.0,0.0,0.0,0.0,0.0,0.0,0.0,0.0,0.0,0.0,0.0,0.0,0.0,0.0,1.0,0.0,0.0,0.0,0.0,0.0,0.0,0.0,0.0,0.0,0.0,0.0,0.0,0.0,0.0,0.0,0.0,0.0,0.0,0.0,0.0,0.0,0.0,0.0,0.0,0.0,0.0,0.0,0.0,0.0,0.0,0.0,0.0,0.0,0.0,0.0,0.0,0.0,0.0,0.0,0.0,0.0,0.0,0.0,0.0,0.0,0.0,0.0,0.0,0.0,0.0,0.0,1.0,0.0,0.0,0.0,6000.0,0.0,0.0,0.0,0.0,0.0,0.0,
179,0.0,0.0,0.0,0.0,0.0,0.0,3.0,1.0,1.0,1.0,3.0,1.0,1.0,1.0,4.0,1275.0,3408965.0,65543.0,0.0,2.0,1537.0,1409.0,5.0,513.0,255.0,0.0,0.0,0.0,2.0,1644167432.0,1644167688.0,5.0,417.0,254.0,0.0,0.0,0.0,5.0,449.0,254.0,0.0,0.0,0.0,5.0,481.0,254.0,0.0,0.0,0.0,5.0,673.0,254.0,0.0,0.0,0.0,5.0,705.0,254.0,0.0,0.0,0.0,5.0,737.0,254.0,0.0,0.0,0.0,4.0,1342177544.0,1342177800.0,1342178056.0,1342178312.0,8.0,1342243080.0,1342243336.0,1342243592.0,1342243848.0,1342244104.0,1342244360.0,1342244616.0,1342244872.0,4.0,1342308624.0,1342308880.0,1342309136.0,1342309392.0,8.0,1342374152.0,1342374408.0,1342374664.0,1342374920.0,1342375176.0,1342375432.0,1342375688.0,1342375944.0,8.0,1342376200.0,1342376456.0,1342376712.0,1342376968.0,1342377224.0,1342377480.0,1342377736.0,1342377992.0,8.0,1342439688.0,1342439944.0,1342440200.0,1342440456.0,1342440712.0,1342440968.0,1342441224.0,1342441480.0,3.0,1.0,0.0,0.0,2.0,45.0,45.0,4.0,80.0,244.0,0.0,0.0,8.0,0.0,252.0,170.0,2.0,0.0,0.0,85.0,4.0,5.0,146.0,1813.0,5.0,6.0,2.0,16.0,0.0,0.0,0.0,0.0,0.0,0.0,0.0,0.0,0.0,0.0,0.0,0.0,0.0,0.0,0.0,0.0,8.0,0.0,0.0,0.0,2.0,0.0,0.0,0.0,0.0,2.0,16.0,0.0,0.0,0.0,0.0,131473.0,0.0,340445200.0,34044205.0,1.08,129.0,0.0,2000.0,0.0,0.0,0.0,0.0,0.0,0.0,0.0,1.0,0.0,0.0,0.0,0.0,0.0,0.0,0.0,0.0,0.0,0.0,0.0,0.0,0.0,0.0,0.0,0.0,0.0,0.0,0.0,0.0,1.0,0.0,0.0,0.0,0.0,0.0,0.0,0.0,0.0,0.0,0.0,0.0,0.0,0.0,0.0,0.0,0.0,0.0,0.0,0.0,0.0,0.0,0.0,0.0,0.0,0.0,0.0,0.0,0.0,0.0,0.0,0.0,0.0,0.0,0.0,0.0,0.0,0.0,0.0,0.0,0.0,0.0,0.0,0.0,3.342,0.983,0.0,0.0,0.0,0.0,0.0,0.0,1.0,1.0,0.0,0.0,6000.0,0.0,0.0,0.0,0.0,0.0,0.0,
182,0.0,0.0,0.0,0.0,0.0,0.0,3.0,1.0,1.0,1.0,3.0,1.0,1.0,1.0,4.0,1275.0,3408965.0,65543.0,0.0,2.0,1537.0,1409.0,5.0,513.0,255.0,0.0,0.0,0.0,2.0,1644167432.0,1644167688.0,5.0,417.0,254.0,0.0,0.0,0.0,5.0,449.0,254.0,0.0,0.0,0.0,5.0,481.0,254.0,0.0,0.0,0.0,5.0,673.0,254.0,0.0,0.0,0.0,5.0,705.0,254.0,0.0,0.0,0.0,5.0,737.0,254.0,0.0,0.0,0.0,4.0,1342177544.0,1342177800.0,1342178056.0,1342178312.0,8.0,1342243080.0,1342243336.0,1342243592.0,1342243848.0,1342244104.0,1342244360.0,1342244616.0,1342244872.0,4.0,1342308624.0,1342308880.0,1342309136.0,1342309392.0,8.0,1342374152.0,1342374408.0,1342374664.0,1342374920.0,1342375176.0,1342375432.0,1342375688.0,1342375944.0,8.0,1342376200.0,1342376456.0,1342376712.0,1342376968.0,1342377224.0,1342377480.0,1342377736.0,1342377992.0,8.0,1342439688.0,1342439944.0,1342440200.0,1342440456.0,1342440712.0,1342440968.0,1342441224.0,1342441480.0,3.0,1.0,0.0,0.0,2.0,45.0,45.0,4.0,80.0,244.0,0.0,0.0,8.0,0.0,252.0,170.0,0.0,0.0,0.0,85.0,4.0,5.0,146.0,1813.0,5.0,6.0,2.0,16.0,0.0,0.0,0.0,0.0,0.0,0.0,0.0,0.0,0.0,0.0,0.0,0.0,0.0,0.0,0.0,0.0,8.0,0.0,0.0,0.0,2.0,0.0,0.0,0.0,0.0,2.0,0.0,0.0,0.0,0.0,0.0,131473.0,0.0,340445200.0,34044205.0,1.08,129.0,0.0,2000.0,0.0,0.0,0.0,0.0,0.0,0.0,0.0,1.0,0.0,0.0,0.0,0.0,0.0,0.0,0.0,0.0,0.0,0.0,0.0,0.0,0.0,0.0,0.0,0.0,0.0,0.0,0.0,0.0,1.0,0.0,0.0,0.0,0.0,0.0,0.0,0.0,0.0,0.0,0.0,0.0,0.0,0.0,0.0,0.0,0.0,0.0,0.0,0.0,0.0,0.0,0.0,0.0,0.0,0.0,0.0,0.0,0.0,0.0,0.0,0.0,0.0,0.0,0.0,0.0,0.0,0.0,0.0,0.0,0.0,0.0,0.0,0.0,0.0,0.0,0.0,0.0,0.0,0.0,0.0,0.0,1.0,0.0,0.0,0.0,6000.0,0.0,0.0,0.0,0.0,0.0,0.0,
185,0.0,0.0,0.0,0.0,0.0,0.0,3.0,1.0,1.0,1.0,3.0,1.0,1.0,1.0,4.0,1275.0,3408965.0,65543.0,0.0,2.0,1537.0,1409.0,5.0,513.0,255.0,0.0,0.0,0.0,2.0,1644167432.0,1644167688.0,5.0,417.0,254.0,0.0,0.0,0.0,5.0,449.0,254.0,0.0,0.0,0.0,5.0,481.0,254.0,0.0,0.0,0.0,5.0,673.0,254.0,0.0,0.0,0.0,5.0,705.0,254.0,0.0,0.0,0.0,5.0,737.0,254.0,0.0,0.0,0.0,4.0,1342177544.0,1342177800.0,1342178056.0,1342178312.0,8.0,1342243080.0,1342243336.0,1342243592.0,1342243848.0,1342244104.0,1342244360.0,1342244616.0,1342244872.0,4.0,1342308624.0,1342308880.0,1342309136.0,1342309392.0,8.0,1342374152.0,1342374408.0,1342374664.0,1342374920.0,1342375176.0,1342375432.0,1342375688.0,1342375944.0,8.0,1342376200.0,1342376456.0,1342376712.0,1342376968.0,1342377224.0,1342377480.0,1342377736.0,1342377992.0,8.0,1342439688.0,1342439944.0,1342440200.0,1342440456.0,1342440712.0,1342440968.0,1342441224.0,1342441480.0,3.0,1.0,0.0,0.0,2.0,45.0,45.0,4.0,80.0,244.0,0.0,0.0,8.0,0.0,252.0,170.0,2.0,0.0,0.0,85.0,4.0,5.0,146.0,1806.0,5.0,6.0,2.0,16.0,0.0,0.0,0.0,0.0,0.0,0.0,0.0,0.0,0.0,0.0,0.0,0.0,0.0,0.0,0.0,0.0,8.0,0.0,0.0,0.0,2.0,0.0,0.0,0.0,0.0,2.0,16.0,0.0,0.0,0.0,0.0,131473.0,0.0,340445200.0,34044205.0,1.08,129.0,0.0,2000.0,0.0,0.0,0.0,0.0,0.0,0.0,0.0,1.0,0.0,0.0,0.0,0.0,0.0,0.0,0.0,0.0,0.0,0.0,0.0,0.0,0.0,0.0,0.0,0.0,0.0,0.0,0.0,0.0,1.0,0.0,0.0,0.0,0.0,0.0,0.0,0.0,0.0,0.0,0.0,0.0,0.0,0.0,0.0,0.0,0.0,0.0,0.0,0.0,0.0,0.0,0.0,0.0,0.0,0.0,0.0,0.0,0.0,0.0,0.0,0.0,0.0,0.0,0.0,0.0,0.0,0.0,0.0,0.0,0.0,0.0,0.0,0.0,3.96,2.359,0.0,0.0,0.0,0.0,0.0,0.0,1.0,1.0,0.0,0.0,6000.0,0.0,0.0,0.0,0.0,0.0,0.0,
188,0.0,0.0,0.0,0.0,0.0,0.0,3.0,1.0,1.0,1.0,3.0,1.0,1.0,1.0,4.0,1275.0,3408965.0,65543.0,0.0,2.0,1537.0,1409.0,5.0,513.0,255.0,0.0,0.0,0.0,2.0,1644167432.0,1644167688.0,5.0,417.0,254.0,0.0,0.0,0.0,5.0,449.0,254.0,0.0,0.0,0.0,5.0,481.0,254.0,0.0,0.0,0.0,5.0,673.0,254.0,0.0,0.0,0.0,5.0,705.0,254.0,0.0,0.0,0.0,5.0,737.0,254.0,0.0,0.0,0.0,4.0,1342177544.0,1342177800.0,1342178056.0,1342178312.0,8.0,1342243080.0,1342243336.0,1342243592.0,1342243848.0,1342244104.0,1342244360.0,1342244616.0,1342244872.0,4.0,1342308624.0,1342308880.0,1342309136.0,1342309392.0,8.0,1342374152.0,1342374408.0,1342374664.0,1342374920.0,1342375176.0,1342375432.0,1342375688.0,1342375944.0,8.0,1342376200.0,1342376456.0,1342376712.0,1342376968.0,1342377224.0,1342377480.0,1342377736.0,1342377992.0,8.0,1342439688.0,1342439944.0,1342440200.0,1342440456.0,1342440712.0,1342440968.0,1342441224.0,1342441480.0,3.0,1.0,0.0,0.0,2.0,45.0,45.0,4.0,80.0,244.0,0.0,0.0,8.0,0.0,252.0,170.0,0.0,0.0,0.0,85.0,4.0,5.0,146.0,1813.0,5.0,6.0,2.0,16.0,0.0,0.0,0.0,0.0,0.0,0.0,0.0,0.0,0.0,0.0,0.0,0.0,0.0,0.0,0.0,0.0,8.0,0.0,0.0,0.0,2.0,0.0,0.0,0.0,0.0,2.0,0.0,0.0,0.0,0.0,0.0,131473.0,0.0,340445200.0,34044205.0,1.08,129.0,0.0,2000.0,0.0,0.0,0.0,0.0,0.0,0.0,0.0,1.0,0.0,0.0,0.0,0.0,0.0,0.0,0.0,0.0,0.0,0.0,0.0,0.0,0.0,0.0,0.0,0.0,0.0,0.0,0.0,0.0,1.0,0.0,0.0,0.0,0.0,0.0,0.0,0.0,0.0,0.0,0.0,0.0,0.0,0.0,0.0,0.0,0.0,0.0,0.0,0.0,0.0,0.0,0.0,0.0,0.0,0.0,0.0,0.0,0.0,0.0,0.0,0.0,0.0,0.0,0.0,0.0,0.0,0.0,0.0,0.0,0.0,0.0,0.0,0.0,0.0,0.0,0.0,0.0,0.0,0.0,0.0,0.0,1.0,0.0,0.0,0.0,6000.0,0.0,0.0,0.0,0.0,0.0,0.0,
191,0.0,0.0,0.0,0.0,0.0,0.0,3.0,1.0,1.0,1.0,3.0,1.0,1.0,1.0,4.0,1275.0,3408965.0,65543.0,0.0,2.0,1537.0,1409.0,5.0,513.0,255.0,0.0,0.0,0.0,2.0,1644167432.0,1644167688.0,5.0,417.0,254.0,0.0,0.0,0.0,5.0,449.0,254.0,0.0,0.0,0.0,5.0,481.0,254.0,0.0,0.0,0.0,5.0,673.0,254.0,0.0,0.0,0.0,5.0,705.0,254.0,0.0,0.0,0.0,5.0,737.0,254.0,0.0,0.0,0.0,4.0,1342177544.0,1342177800.0,1342178056.0,1342178312.0,8.0,1342243080.0,1342243336.0,1342243592.0,1342243848.0,1342244104.0,1342244360.0,1342244616.0,1342244872.0,4.0,1342308624.0,1342308880.0,1342309136.0,1342309392.0,8.0,1342374152.0,1342374408.0,1342374664.0,1342374920.0,1342375176.0,1342375432.0,1342375688.0,1342375944.0,8.0,1342376200.0,1342376456.0,1342376712.0,1342376968.0,1342377224.0,1342377480.0,1342377736.0,1342377992.0,8.0,1342439688.0,1342439944.0,1342440200.0,1342440456.0,1342440712.0,1342440968.0,1342441224.0,1342441480.0,3.0,1.0,0.0,0.0,2.0,45.0,45.0,4.0,80.0,244.0,0.0,0.0,8.0,0.0,252.0,170.0,2.0,0.0,0.0,85.0,4.0,5.0,146.0,1806.0,5.0,6.0,2.0,16.0,0.0,0.0,0.0,0.0,0.0,0.0,0.0,0.0,0.0,0.0,0.0,0.0,0.0,0.0,0.0,0.0,8.0,0.0,0.0,0.0,2.0,0.0,0.0,0.0,0.0,2.0,16.0,0.0,0.0,0.0,0.0,131473.0,0.0,340445200.0,34044205.0,1.08,129.0,0.0,2000.0,0.0,0.0,0.0,0.0,0.0,0.0,0.0,1.0,0.0,0.0,0.0,0.0,0.0,0.0,0.0,0.0,0.0,0.0,0.0,0.0,0.0,0.0,0.0,0.0,0.0,0.0,0.0,0.0,1.0,0.0,0.0,0.0,0.0,0.0,0.0,0.0,0.0,0.0,0.0,0.0,0.0,0.0,0.0,0.0,0.0,0.0,0.0,0.0,0.0,0.0,0.0,0.0,0.0,0.0,0.0,0.0,0.0,0.0,0.0,0.0,0.0,0.0,0.0,0.0,0.0,0.0,0.0,0.0,0.0,0.0,0.0,0.0,0.0,0.0,0.0,0.0,0.0,0.0,0.0,0.0,1.0,1.0,0.0,0.0,6000.0,0.0,0.0,0.0,0.0,0.0,0.0,
194,0.0,0.0,0.0,0.0,0.0,0.0,3.0,1.0,1.0,1.0,3.0,1.0,1.0,1.0,4.0,1275.0,3408965.0,65543.0,0.0,2.0,1537.0,1409.0,5.0,513.0,255.0,0.0,0.0,0.0,2.0,1644167432.0,1644167688.0,5.0,417.0,254.0,0.0,0.0,0.0,5.0,449.0,254.0,0.0,0.0,0.0,5.0,481.0,254.0,0.0,0.0,0.0,5.0,673.0,254.0,0.0,0.0,0.0,5.0,705.0,254.0,0.0,0.0,0.0,5.0,737.0,254.0,0.0,0.0,0.0,4.0,1342177544.0,1342177800.0,1342178056.0,1342178312.0,8.0,1342243080.0,1342243336.0,1342243592.0,1342243848.0,1342244104.0,1342244360.0,1342244616.0,1342244872.0,4.0,1342308624.0,1342308880.0,1342309136.0,1342309392.0,8.0,1342374152.0,1342374408.0,1342374664.0,1342374920.0,1342375176.0,1342375432.0,1342375688.0,1342375944.0,8.0,1342376200.0,1342376456.0,1342376712.0,1342376968.0,1342377224.0,1342377480.0,1342377736.0,1342377992.0,8.0,1342439688.0,1342439944.0,1342440200.0,1342440456.0,1342440712.0,1342440968.0,1342441224.0,1342441480.0,3.0,1.0,0.0,0.0,2.0,45.0,45.0,4.0,80.0,244.0,0.0,0.0,8.0,0.0,252.0,170.0,0.0,0.0,0.0,85.0,4.0,5.0,146.0,1813.0,5.0,6.0,2.0,16.0,0.0,0.0,0.0,0.0,0.0,0.0,0.0,0.0,0.0,0.0,0.0,0.0,0.0,0.0,0.0,0.0,8.0,0.0,0.0,0.0,2.0,0.0,0.0,0.0,0.0,2.0,0.0,0.0,0.0,0.0,0.0,131473.0,0.0,340445200.0,34044205.0,1.08,129.0,0.0,2000.0,0.0,0.0,0.0,0.0,0.0,0.0,0.0,1.0,0.0,0.0,0.0,0.0,0.0,0.0,0.0,0.0,0.0,0.0,0.0,0.0,0.0,0.0,0.0,0.0,0.0,0.0,0.0,0.0,1.0,0.0,0.0,0.0,0.0,0.0,0.0,0.0,0.0,0.0,0.0,0.0,0.0,0.0,0.0,0.0,0.0,0.0,0.0,0.0,0.0,0.0,0.0,0.0,0.0,0.0,0.0,0.0,0.0,0.0,0.0,0.0,0.0,0.0,0.0,0.0,0.0,0.0,0.0,0.0,0.0,0.0,0.0,0.0,0.0,0.0,0.0,0.0,0.0,0.0,0.0,0.0,1.0,0.0,0.0,0.0,6000.0,0.0,0.0,0.0,0.0,0.0,0.0,
197,0.0,0.0,0.0,0.0,0.0,0.0,3.0,1.0,1.0,1.0,3.0,1.0,1.0,1.0,4.0,1275.0,3408965.0,65543.0,0.0,2.0,1537.0,1409.0,5.0,513.0,255.0,0.0,0.0,0.0,2.0,1644167432.0,1644167688.0,5.0,417.0,254.0,0.0,0.0,0.0,5.0,449.0,254.0,0.0,0.0,0.0,5.0,481.0,254.0,0.0,0.0,0.0,5.0,673.0,254.0,0.0,0.0,0.0,5.0,705.0,254.0,0.0,0.0,0.0,5.0,737.0,254.0,0.0,0.0,0.0,4.0,1342177544.0,1342177800.0,1342178056.0,1342178312.0,8.0,1342243080.0,1342243336.0,1342243592.0,1342243848.0,1342244104.0,1342244360.0,1342244616.0,1342244872.0,4.0,1342308624.0,1342308880.0,1342309136.0,1342309392.0,8.0,1342374152.0,1342374408.0,1342374664.0,1342374920.0,1342375176.0,1342375432.0,1342375688.0,1342375944.0,8.0,1342376200.0,1342376456.0,1342376712.0,1342376968.0,1342377224.0,1342377480.0,1342377736.0,1342377992.0,8.0,1342439688.0,1342439944.0,1342440200.0,1342440456.0,1342440712.0,1342440968.0,1342441224.0,1342441480.0,3.0,1.0,0.0,0.0,2.0,45.0,45.0,4.0,80.0,244.0,0.0,0.0,8.0,0.0,252.0,170.0,2.0,0.0,0.0,85.0,4.0,5.0,146.0,1806.0,5.0,6.0,2.0,16.0,0.0,0.0,0.0,0.0,0.0,0.0,0.0,0.0,0.0,0.0,0.0,0.0,0.0,0.0,0.0,0.0,8.0,0.0,0.0,0.0,2.0,0.0,0.0,0.0,0.0,2.0,16.0,0.0,0.0,0.0,0.0,131473.0,0.0,340445200.0,34044205.0,1.08,129.0,0.0,2000.0,0.0,0.0,0.0,0.0,0.0,0.0,0.0,1.0,0.0,0.0,0.0,0.0,0.0,0.0,0.0,0.0,0.0,0.0,0.0,0.0,0.0,0.0,0.0,0.0,0.0,0.0,0.0,0.0,1.0,0.0,0.0,0.0,0.0,0.0,0.0,0.0,0.0,0.0,0.0,0.0,0.0,0.0,0.0,0.0,0.0,0.0,0.0,0.0,0.0,0.0,0.0,0.0,0.0,0.0,0.0,0.0,0.0,0.0,0.0,0.0,0.0,0.0,0.0,0.0,0.0,0.0,0.0,0.0,0.0,0.0,0.0,0.0,3.641,0.0,0.0,0.0,0.0,0.0,0.0,0.0,1.0,1.0,0.0,0.0,6000.0,0.0,0.0,0.0,0.0,0.0,0.0,
200,0.0,0.0,0.0,0.0,0.0,0.0,3.0,1.0,1.0,1.0,3.0,1.0,1.0,1.0,4.0,1275.0,3408965.0,65543.0,0.0,2.0,1537.0,1409.0,5.0,513.0,255.0,0.0,0.0,0.0,2.0,1644167432.0,1644167688.0,5.0,417.0,254.0,0.0,0.0,0.0,5.0,449.0,254.0,0.0,0.0,0.0,5.0,481.0,254.0,0.0,0.0,0.0,5.0,673.0,254.0,0.0,0.0,0.0,5.0,705.0,254.0,0.0,0.0,0.0,5.0,737.0,254.0,0.0,0.0,0.0,4.0,1342177544.0,1342177800.0,1342178056.0,1342178312.0,8.0,1342243080.0,1342243336.0,1342243592.0,1342243848.0,1342244104.0,1342244360.0,1342244616.0,1342244872.0,4.0,1342308624.0,1342308880.0,1342309136.0,1342309392.0,8.0,1342374152.0,1342374408.0,1342374664.0,1342374920.0,1342375176.0,1342375432.0,1342375688.0,1342375944.0,8.0,1342376200.0,1342376456.0,1342376712.0,1342376968.0,1342377224.0,1342377480.0,1342377736.0,1342377992.0,8.0,1342439688.0,1342439944.0,1342440200.0,1342440456.0,1342440712.0,1342440968.0,1342441224.0,1342441480.0,3.0,1.0,0.0,0.0,2.0,45.0,45.0,4.0,80.0,244.0,0.0,0.0,8.0,0.0,252.0,170.0,2.0,0.0,0.0,85.0,4.0,5.0,146.0,1813.0,5.0,6.0,2.0,16.0,0.0,0.0,0.0,0.0,0.0,0.0,0.0,0.0,0.0,0.0,0.0,0.0,0.0,0.0,0.0,0.0,8.0,0.0,0.0,0.0,2.0,0.0,0.0,0.0,0.0,2.0,0.0,0.0,0.0,0.0,0.0,131473.0,0.0,340445200.0,34044205.0,1.08,129.0,0.0,2000.0,0.0,0.0,0.0,0.0,0.0,0.0,0.0,1.0,0.0,0.0,0.0,0.0,0.0,0.0,0.0,0.0,0.0,0.0,0.0,0.0,0.0,0.0,0.0,0.0,0.0,0.0,0.0,0.0,1.0,0.0,0.0,0.0,0.0,0.0,0.0,0.0,0.0,0.0,0.0,0.0,0.0,0.0,0.0,0.0,0.0,0.0,0.0,0.0,0.0,0.0,0.0,0.0,0.0,0.0,0.0,0.0,0.0,0.0,0.0,0.0,0.0,0.0,0.0,0.0,0.0,0.0,0.0,0.0,0.0,0.0,0.0,0.0,0.0,0.0,0.0,0.0,0.0,0.0,0.0,0.0,1.0,0.0,0.0,0.0,6000.0,0.0,0.0,0.0,0.0,0.0,0.0,
209,0.0,0.0,0.0,0.0,0.0,0.0,3.0,1.0,1.0,1.0,3.0,1.0,1.0,1.0,4.0,1275.0,3408965.0,65543.0,0.0,2.0,1537.0,1409.0,5.0,513.0,255.0,0.0,0.0,0.0,2.0,1644167432.0,1644167688.0,5.0,417.0,254.0,0.0,0.0,0.0,5.0,449.0,254.0,0.0,0.0,0.0,5.0,481.0,254.0,0.0,0.0,0.0,5.0,673.0,254.0,0.0,0.0,0.0,5.0,705.0,254.0,0.0,0.0,0.0,5.0,737.0,254.0,0.0,0.0,0.0,4.0,1342177544.0,1342177800.0,1342178056.0,1342178312.0,8.0,1342243080.0,1342243336.0,1342243592.0,1342243848.0,1342244104.0,1342244360.0,1342244616.0,1342244872.0,4.0,1342308624.0,1342308880.0,1342309136.0,1342309392.0,8.0,1342374152.0,1342374408.0,1342374664.0,1342374920.0,1342375176.0,1342375432.0,1342375688.0,1342375944.0,8.0,1342376200.0,1342376456.0,1342376712.0,1342376968.0,1342377224.0,1342377480.0,1342377736.0,1342377992.0,8.0,1342439688.0,1342439944.0,1342440200.0,1342440456.0,1342440712.0,1342440968.0,1342441224.0,1342441480.0,3.0,1.0,0.0,0.0,2.0,45.0,45.0,4.0,80.0,244.0,0.0,0.0,8.0,0.0,252.0,170.0,2.0,0.0,0.0,85.0,4.0,5.0,146.0,1806.0,5.0,6.0,2.0,16.0,0.0,0.0,0.0,0.0,0.0,0.0,0.0,0.0,0.0,0.0,0.0,0.0,0.0,0.0,0.0,0.0,8.0,0.0,0.0,0.0,2.0,0.0,0.0,0.0,0.0,2.0,0.0,0.0,0.0,0.0,0.0,131473.0,0.0,340445200.0,34044205.0,1.08,129.0,0.0,2000.0,0.0,0.0,0.0,0.0,0.0,0.0,0.0,1.0,0.0,0.0,0.0,0.0,0.0,0.0,0.0,0.0,0.0,0.0,0.0,0.0,0.0,0.0,0.0,0.0,0.0,0.0,0.0,0.0,0.0,1.0,0.0,0.0,0.0,0.0,0.0,0.0,0.0,0.0,0.0,0.0,0.0,0.0,0.0,0.0,0.0,0.0,0.0,0.0,0.0,0.0,0.0,0.0,0.0,0.0,0.0,0.0,0.0,0.0,0.0,0.0,0.0,0.0,0.0,0.0,0.0,0.0,0.0,0.0,0.0,0.0,0.0,0.0,0.0,0.0,0.0,0.0,0.0,0.0,0.0,0.0,1.0,0.0,0.0,0.0,6000.0,0.0,0.0,0.0,0.0,0.0,0.0,
212,0.0,0.0,0.0,0.0,0.0,0.0,3.0,1.0,1.0,1.0,3.0,1.0,1.0,1.0,4.0,1275.0,3408965.0,65543.0,0.0,2.0,1537.0,1409.0,5.0,513.0,255.0,0.0,0.0,0.0,2.0,1644167432.0,1644167688.0,5.0,417.0,254.0,0.0,0.0,0.0,5.0,449.0,254.0,0.0,0.0,0.0,5.0,481.0,254.0,0.0,0.0,0.0,5.0,673.0,254.0,0.0,0.0,0.0,5.0,705.0,254.0,0.0,0.0,0.0,5.0,737.0,254.0,0.0,0.0,0.0,4.0,1342177544.0,1342177800.0,1342178056.0,1342178312.0,8.0,1342243080.0,1342243336.0,1342243592.0,1342243848.0,1342244104.0,1342244360.0,1342244616.0,1342244872.0,4.0,1342308624.0,1342308880.0,1342309136.0,1342309392.0,8.0,1342374152.0,1342374408.0,1342374664.0,1342374920.0,1342375176.0,1342375432.0,1342375688.0,1342375944.0,8.0,1342376200.0,1342376456.0,1342376712.0,1342376968.0,1342377224.0,1342377480.0,1342377736.0,1342377992.0,8.0,1342439688.0,1342439944.0,1342440200.0,1342440456.0,1342440712.0,1342440968.0,1342441224.0,1342441480.0,3.0,1.0,0.0,0.0,2.0,45.0,45.0,4.0,80.0,244.0,0.0,0.0,8.0,0.0,252.0,170.0,10.0,0.0,0.0,85.0,4.0,5.0,146.0,1813.0,5.0,6.0,2.0,16.0,0.0,0.0,0.0,0.0,0.0,0.0,0.0,0.0,0.0,0.0,0.0,0.0,0.0,0.0,0.0,0.0,8.0,0.0,0.0,0.0,2.0,0.0,0.0,0.0,0.0,2.0,32.0,0.0,0.0,0.0,0.0,131473.0,0.0,340445200.0,34044205.0,1.08,129.0,0.0,2000.0,0.0,0.0,0.0,0.0,0.0,0.0,0.0,1.0,0.0,0.0,0.0,0.0,0.0,0.0,0.0,0.0,0.0,0.0,0.0,0.0,0.0,0.0,0.0,0.0,0.0,0.0,0.0,0.0,0.0,1.0,0.0,0.0,0.0,0.0,0.0,0.0,0.0,0.0,0.0,0.0,0.0,0.0,0.0,0.0,0.0,0.0,0.0,0.0,0.0,0.0,0.0,0.0,0.0,0.0,0.0,0.0,0.0,0.0,0.0,0.0,0.0,0.0,0.0,0.0,0.0,0.0,0.0,0.0,0.0,0.0,0.0,0.0,2.464,2.315,0.0,0.0,0.0,0.0,0.0,0.0,1.0,1.0,0.0,0.0,6000.0,0.0,0.0,0.0,0.0,0.0,0.0,
215,0.0,0.0,0.0,0.0,0.0,0.0,3.0,1.0,1.0,1.0,3.0,1.0,1.0,1.0,4.0,1275.0,3408965.0,65543.0,0.0,2.0,1537.0,1409.0,5.0,513.0,255.0,0.0,0.0,0.0,2.0,1644167432.0,1644167688.0,5.0,417.0,254.0,0.0,0.0,0.0,5.0,449.0,254.0,0.0,0.0,0.0,5.0,481.0,254.0,0.0,0.0,0.0,5.0,673.0,254.0,0.0,0.0,0.0,5.0,705.0,254.0,0.0,0.0,0.0,5.0,737.0,254.0,0.0,0.0,0.0,4.0,1342177544.0,1342177800.0,1342178056.0,1342178312.0,8.0,1342243080.0,1342243336.0,1342243592.0,1342243848.0,1342244104.0,1342244360.0,1342244616.0,1342244872.0,4.0,1342308624.0,1342308880.0,1342309136.0,1342309392.0,8.0,1342374152.0,1342374408.0,1342374664.0,1342374920.0,1342375176.0,1342375432.0,1342375688.0,1342375944.0,8.0,1342376200.0,1342376456.0,1342376712.0,1342376968.0,1342377224.0,1342377480.0,1342377736.0,1342377992.0,8.0,1342439688.0,1342439944.0,1342440200.0,1342440456.0,1342440712.0,1342440968.0,1342441224.0,1342441480.0,3.0,1.0,0.0,0.0,2.0,45.0,45.0,4.0,80.0,244.0,0.0,0.0,8.0,0.0,252.0,170.0,2.0,0.0,0.0,85.0,4.0,5.0,146.0,1813.0,5.0,6.0,2.0,16.0,0.0,0.0,0.0,0.0,0.0,0.0,0.0,0.0,0.0,0.0,0.0,0.0,0.0,0.0,0.0,0.0,8.0,0.0,0.0,0.0,2.0,0.0,0.0,0.0,0.0,2.0,0.0,0.0,0.0,0.0,0.0,131473.0,0.0,340445200.0,34044205.0,1.08,129.0,0.0,2000.0,0.0,0.0,0.0,0.0,0.0,0.0,0.0,1.0,0.0,0.0,0.0,0.0,0.0,0.0,0.0,0.0,0.0,0.0,0.0,0.0,0.0,0.0,0.0,0.0,0.0,0.0,0.0,0.0,0.0,1.0,0.0,0.0,0.0,0.0,0.0,0.0,0.0,0.0,0.0,0.0,0.0,0.0,0.0,0.0,0.0,0.0,0.0,0.0,0.0,0.0,0.0,0.0,0.0,0.0,0.0,0.0,0.0,0.0,0.0,0.0,0.0,0.0,0.0,0.0,0.0,0.0,0.0,0.0,0.0,0.0,0.0,0.0,0.0,0.0,0.0,0.0,0.0,0.0,0.0,0.0,1.0,0.0,0.0,0.0,6000.0,0.0,0.0,0.0,0.0,0.0,0.0,
218,0.0,0.0,0.0,0.0,0.0,0.0,3.0,1.0,1.0,1.0,3.0,1.0,1.0,1.0,4.0,1275.0,3408965.0,65543.0,0.0,2.0,1537.0,1409.0,5.0,513.0,255.0,0.0,0.0,0.0,2.0,1644167432.0,1644167688.0,5.0,417.0,254.0,0.0,0.0,0.0,5.0,449.0,254.0,0.0,0.0,0.0,5.0,481.0,254.0,0.0,0.0,0.0,5.0,673.0,254.0,0.0,0.0,0.0,5.0,705.0,254.0,0.0,0.0,0.0,5.0,737.0,254.0,0.0,0.0,0.0,4.0,1342177544.0,1342177800.0,1342178056.0,1342178312.0,8.0,1342243080.0,1342243336.0,1342243592.0,1342243848.0,1342244104.0,1342244360.0,1342244616.0,1342244872.0,4.0,1342308624.0,1342308880.0,1342309136.0,1342309392.0,8.0,1342374152.0,1342374408.0,1342374664.0,1342374920.0,1342375176.0,1342375432.0,1342375688.0,1342375944.0,8.0,1342376200.0,1342376456.0,1342376712.0,1342376968.0,1342377224.0,1342377480.0,1342377736.0,1342377992.0,8.0,1342439688.0,1342439944.0,1342440200.0,1342440456.0,1342440712.0,1342440968.0,1342441224.0,1342441480.0,3.0,1.0,0.0,0.0,2.0,45.0,45.0,4.0,80.0,244.0,0.0,0.0,8.0,0.0,252.0,170.0,10.0,0.0,0.0,85.0,4.0,5.0,146.0,1813.0,5.0,6.0,2.0,16.0,0.0,0.0,0.0,0.0,0.0,0.0,0.0,0.0,0.0,0.0,0.0,0.0,0.0,0.0,0.0,0.0,8.0,0.0,0.0,0.0,2.0,0.0,0.0,0.0,0.0,2.0,32.0,0.0,0.0,0.0,0.0,131473.0,0.0,340445200.0,34044205.0,1.08,129.0,0.0,2000.0,0.0,0.0,0.0,0.0,0.0,0.0,0.0,1.0,0.0,0.0,0.0,0.0,0.0,0.0,0.0,0.0,0.0,0.0,0.0,0.0,0.0,0.0,0.0,0.0,0.0,0.0,0.0,0.0,0.0,1.0,0.0,0.0,0.0,0.0,0.0,0.0,0.0,0.0,0.0,0.0,0.0,0.0,0.0,0.0,0.0,0.0,0.0,0.0,0.0,0.0,0.0,0.0,0.0,0.0,0.0,0.0,0.0,0.0,0.0,0.0,0.0,0.0,0.0,0.0,0.0,0.0,0.0,0.0,0.0,0.0,0.0,0.0,0.0,0.0,0.0,0.0,0.0,0.0,0.0,0.0,1.0,1.0,0.0,0.0,6000.0,0.0,0.0,0.0,0.0,0.0,0.0,
221,0.0,0.0,0.0,0.0,0.0,0.0,3.0,1.0,1.0,1.0,3.0,1.0,1.0,1.0,4.0,1275.0,3408965.0,65543.0,0.0,2.0,1537.0,1409.0,5.0,513.0,255.0,0.0,0.0,0.0,2.0,1644167432.0,1644167688.0,5.0,417.0,254.0,0.0,0.0,0.0,5.0,449.0,254.0,0.0,0.0,0.0,5.0,481.0,254.0,0.0,0.0,0.0,5.0,673.0,254.0,0.0,0.0,0.0,5.0,705.0,254.0,0.0,0.0,0.0,5.0,737.0,254.0,0.0,0.0,0.0,4.0,1342177544.0,1342177800.0,1342178056.0,1342178312.0,8.0,1342243080.0,1342243336.0,1342243592.0,1342243848.0,1342244104.0,1342244360.0,1342244616.0,1342244872.0,4.0,1342308624.0,1342308880.0,1342309136.0,1342309392.0,8.0,1342374152.0,1342374408.0,1342374664.0,1342374920.0,1342375176.0,1342375432.0,1342375688.0,1342375944.0,8.0,1342376200.0,1342376456.0,1342376712.0,1342376968.0,1342377224.0,1342377480.0,1342377736.0,1342377992.0,8.0,1342439688.0,1342439944.0,1342440200.0,1342440456.0,1342440712.0,1342440968.0,1342441224.0,1342441480.0,3.0,1.0,0.0,0.0,2.0,45.0,45.0,4.0,80.0,244.0,0.0,0.0,8.0,0.0,252.0,170.0,2.0,0.0,0.0,85.0,4.0,5.0,146.0,1813.0,5.0,6.0,2.0,16.0,0.0,0.0,0.0,0.0,0.0,0.0,0.0,0.0,0.0,0.0,0.0,0.0,0.0,0.0,0.0,0.0,8.0,0.0,0.0,0.0,2.0,0.0,0.0,0.0,0.0,2.0,0.0,0.0,0.0,0.0,0.0,131473.0,0.0,340445200.0,34044205.0,1.08,129.0,0.0,2000.0,0.0,0.0,0.0,0.0,0.0,0.0,0.0,1.0,0.0,0.0,0.0,0.0,0.0,0.0,0.0,0.0,0.0,0.0,0.0,0.0,0.0,0.0,0.0,0.0,0.0,0.0,0.0,0.0,0.0,1.0,0.0,0.0,0.0,0.0,0.0,0.0,0.0,0.0,0.0,0.0,0.0,0.0,0.0,0.0,0.0,0.0,0.0,0.0,0.0,0.0,0.0,0.0,0.0,0.0,0.0,0.0,0.0,0.0,0.0,0.0,0.0,0.0,0.0,0.0,0.0,0.0,0.0,0.0,0.0,0.0,0.0,0.0,0.0,0.0,0.0,0.0,0.0,0.0,0.0,0.0,1.0,0.0,0.0,0.0,6000.0,0.0,0.0,0.0,0.0,0.0,0.0,
224,0.0,0.0,0.0,0.0,0.0,0.0,3.0,1.0,1.0,1.0,3.0,1.0,1.0,1.0,4.0,1275.0,3408965.0,65543.0,0.0,2.0,1537.0,1409.0,5.0,513.0,255.0,0.0,0.0,0.0,2.0,1644167432.0,1644167688.0,5.0,417.0,254.0,0.0,0.0,0.0,5.0,449.0,254.0,0.0,0.0,0.0,5.0,481.0,254.0,0.0,0.0,0.0,5.0,673.0,254.0,0.0,0.0,0.0,5.0,705.0,254.0,0.0,0.0,0.0,5.0,737.0,254.0,0.0,0.0,0.0,4.0,1342177544.0,1342177800.0,1342178056.0,1342178312.0,8.0,1342243080.0,1342243336.0,1342243592.0,1342243848.0,1342244104.0,1342244360.0,1342244616.0,1342244872.0,4.0,1342308624.0,1342308880.0,1342309136.0,1342309392.0,8.0,1342374152.0,1342374408.0,1342374664.0,1342374920.0,1342375176.0,1342375432.0,1342375688.0,1342375944.0,8.0,1342376200.0,1342376456.0,1342376712.0,1342376968.0,1342377224.0,1342377480.0,1342377736.0,1342377992.0,8.0,1342439688.0,1342439944.0,1342440200.0,1342440456.0,1342440712.0,1342440968.0,1342441224.0,1342441480.0,3.0,1.0,0.0,0.0,2.0,45.0,45.0,4.0,80.0,244.0,0.0,0.0,8.0,0.0,252.0,170.0,10.0,0.0,0.0,85.0,4.0,5.0,146.0,1806.0,5.0,6.0,2.0,16.0,0.0,0.0,0.0,0.0,0.0,0.0,0.0,0.0,0.0,0.0,0.0,0.0,0.0,0.0,0.0,0.0,8.0,0.0,0.0,0.0,2.0,0.0,0.0,0.0,0.0,2.0,32.0,0.0,0.0,0.0,0.0,131473.0,0.0,340445200.0,34044205.0,1.08,129.0,0.0,2000.0,0.0,0.0,0.0,0.0,0.0,0.0,0.0,1.0,0.0,0.0,0.0,0.0,0.0,0.0,0.0,0.0,0.0,0.0,0.0,0.0,0.0,0.0,0.0,0.0,0.0,0.0,0.0,0.0,0.0,1.0,0.0,0.0,0.0,0.0,0.0,0.0,0.0,0.0,0.0,0.0,0.0,0.0,0.0,0.0,0.0,0.0,0.0,0.0,0.0,0.0,0.0,0.0,0.0,0.0,0.0,0.0,0.0,0.0,0.0,0.0,0.0,0.0,0.0,0.0,0.0,0.0,0.0,0.0,0.0,0.0,0.0,0.0,2.47,0.0,0.0,0.0,0.0,0.0,0.0,0.0,1.0,1.0,0.0,0.0,6000.0,0.0,0.0,0.0,0.0,0.0,0.0,
227,0.0,0.0,0.0,0.0,0.0,0.0,3.0,1.0,1.0,1.0,3.0,1.0,1.0,1.0,4.0,1275.0,3408965.0,65543.0,0.0,2.0,1537.0,1409.0,5.0,513.0,255.0,0.0,0.0,0.0,2.0,1644167432.0,1644167688.0,5.0,417.0,254.0,0.0,0.0,0.0,5.0,449.0,254.0,0.0,0.0,0.0,5.0,481.0,254.0,0.0,0.0,0.0,5.0,673.0,254.0,0.0,0.0,0.0,5.0,705.0,254.0,0.0,0.0,0.0,5.0,737.0,254.0,0.0,0.0,0.0,4.0,1342177544.0,1342177800.0,1342178056.0,1342178312.0,8.0,1342243080.0,1342243336.0,1342243592.0,1342243848.0,1342244104.0,1342244360.0,1342244616.0,1342244872.0,4.0,1342308624.0,1342308880.0,1342309136.0,1342309392.0,8.0,1342374152.0,1342374408.0,1342374664.0,1342374920.0,1342375176.0,1342375432.0,1342375688.0,1342375944.0,8.0,1342376200.0,1342376456.0,1342376712.0,1342376968.0,1342377224.0,1342377480.0,1342377736.0,1342377992.0,8.0,1342439688.0,1342439944.0,1342440200.0,1342440456.0,1342440712.0,1342440968.0,1342441224.0,1342441480.0,3.0,1.0,0.0,0.0,2.0,45.0,45.0,4.0,80.0,244.0,0.0,0.0,8.0,0.0,252.0,170.0,2.0,0.0,0.0,85.0,4.0,5.0,146.0,1813.0,5.0,6.0,2.0,16.0,0.0,0.0,0.0,0.0,0.0,0.0,0.0,0.0,0.0,0.0,0.0,0.0,0.0,0.0,0.0,0.0,8.0,0.0,0.0,0.0,2.0,0.0,0.0,0.0,0.0,2.0,0.0,0.0,0.0,0.0,0.0,131473.0,0.0,340445200.0,34044205.0,1.08,129.0,0.0,2000.0,0.0,0.0,0.0,0.0,0.0,0.0,0.0,1.0,0.0,0.0,0.0,0.0,0.0,0.0,0.0,0.0,0.0,0.0,0.0,0.0,0.0,0.0,0.0,0.0,0.0,0.0,0.0,0.0,0.0,1.0,0.0,0.0,0.0,0.0,0.0,0.0,0.0,0.0,0.0,0.0,0.0,0.0,0.0,0.0,0.0,0.0,0.0,0.0,0.0,0.0,0.0,0.0,0.0,0.0,0.0,0.0,0.0,0.0,0.0,0.0,0.0,0.0,0.0,0.0,0.0,0.0,0.0,0.0,0.0,0.0,0.0,0.0,0.0,0.0,0.0,0.0,0.0,0.0,0.0,0.0,1.0,0.0,0.0,0.0,6000.0,0.0,0.0,0.0,0.0,0.0,0.0,
230,0.0,0.0,0.0,0.0,0.0,0.0,3.0,1.0,1.0,1.0,3.0,1.0,1.0,1.0,4.0,1275.0,3408965.0,65543.0,0.0,2.0,1537.0,1409.0,5.0,513.0,255.0,0.0,0.0,0.0,2.0,1644167432.0,1644167688.0,5.0,417.0,254.0,0.0,0.0,0.0,5.0,449.0,254.0,0.0,0.0,0.0,5.0,481.0,254.0,0.0,0.0,0.0,5.0,673.0,254.0,0.0,0.0,0.0,5.0,705.0,254.0,0.0,0.0,0.0,5.0,737.0,254.0,0.0,0.0,0.0,4.0,1342177544.0,1342177800.0,1342178056.0,1342178312.0,8.0,1342243080.0,1342243336.0,1342243592.0,1342243848.0,1342244104.0,1342244360.0,1342244616.0,1342244872.0,4.0,1342308624.0,1342308880.0,1342309136.0,1342309392.0,8.0,1342374152.0,1342374408.0,1342374664.0,1342374920.0,1342375176.0,1342375432.0,1342375688.0,1342375944.0,8.0,1342376200.0,1342376456.0,1342376712.0,1342376968.0,1342377224.0,1342377480.0,1342377736.0,1342377992.0,8.0,1342439688.0,1342439944.0,1342440200.0,1342440456.0,1342440712.0,1342440968.0,1342441224.0,1342441480.0,3.0,1.0,0.0,0.0,2.0,45.0,45.0,4.0,80.0,244.0,0.0,0.0,8.0,0.0,252.0,170.0,10.0,0.0,0.0,85.0,4.0,5.0,146.0,1813.0,5.0,6.0,2.0,16.0,0.0,0.0,0.0,0.0,0.0,0.0,0.0,0.0,0.0,0.0,0.0,0.0,0.0,0.0,0.0,0.0,8.0,0.0,0.0,0.0,2.0,0.0,0.0,0.0,0.0,2.0,32.0,0.0,0.0,0.0,0.0,131473.0,0.0,340445200.0,34044205.0,1.08,129.0,0.0,2000.0,0.0,0.0,0.0,0.0,0.0,0.0,0.0,1.0,0.0,0.0,0.0,0.0,0.0,0.0,0.0,0.0,0.0,0.0,0.0,0.0,0.0,0.0,0.0,0.0,0.0,0.0,0.0,0.0,0.0,1.0,0.0,0.0,0.0,0.0,0.0,0.0,0.0,0.0,0.0,0.0,0.0,0.0,0.0,0.0,0.0,0.0,0.0,0.0,0.0,0.0,0.0,0.0,0.0,0.0,0.0,0.0,0.0,0.0,0.0,0.0,0.0,0.0,0.0,0.0,0.0,0.0,0.0,0.0,0.0,0.0,0.0,0.0,3.446,2.007,0.0,0.0,0.0,0.0,0.0,0.0,1.0,1.0,0.0,0.0,6000.0,0.0,0.0,0.0,0.0,0.0,0.0,
233,0.0,0.0,0.0,0.0,0.0,0.0,3.0,1.0,1.0,1.0,3.0,1.0,1.0,1.0,4.0,1275.0,3408965.0,65543.0,0.0,2.0,1537.0,1409.0,5.0,513.0,255.0,0.0,0.0,0.0,2.0,1644167432.0,1644167688.0,5.0,417.0,254.0,0.0,0.0,0.0,5.0,449.0,254.0,0.0,0.0,0.0,5.0,481.0,254.0,0.0,0.0,0.0,5.0,673.0,254.0,0.0,0.0,0.0,5.0,705.0,254.0,0.0,0.0,0.0,5.0,737.0,254.0,0.0,0.0,0.0,4.0,1342177544.0,1342177800.0,1342178056.0,1342178312.0,8.0,1342243080.0,1342243336.0,1342243592.0,1342243848.0,1342244104.0,1342244360.0,1342244616.0,1342244872.0,4.0,1342308624.0,1342308880.0,1342309136.0,1342309392.0,8.0,1342374152.0,1342374408.0,1342374664.0,1342374920.0,1342375176.0,1342375432.0,1342375688.0,1342375944.0,8.0,1342376200.0,1342376456.0,1342376712.0,1342376968.0,1342377224.0,1342377480.0,1342377736.0,1342377992.0,8.0,1342439688.0,1342439944.0,1342440200.0,1342440456.0,1342440712.0,1342440968.0,1342441224.0,1342441480.0,3.0,1.0,0.0,0.0,2.0,45.0,45.0,4.0,80.0,244.0,0.0,0.0,8.0,0.0,252.0,170.0,2.0,0.0,0.0,85.0,4.0,5.0,146.0,1813.0,5.0,6.0,2.0,16.0,0.0,0.0,0.0,0.0,0.0,0.0,0.0,0.0,0.0,0.0,0.0,0.0,0.0,0.0,0.0,0.0,8.0,0.0,0.0,0.0,2.0,0.0,0.0,0.0,0.0,2.0,0.0,0.0,0.0,0.0,0.0,131473.0,0.0,340445200.0,34044205.0,1.08,129.0,0.0,2000.0,0.0,0.0,0.0,0.0,0.0,0.0,0.0,1.0,0.0,0.0,0.0,0.0,0.0,0.0,0.0,0.0,0.0,0.0,0.0,0.0,0.0,0.0,0.0,0.0,0.0,0.0,0.0,0.0,0.0,1.0,0.0,0.0,0.0,0.0,0.0,0.0,0.0,0.0,0.0,0.0,0.0,0.0,0.0,0.0,0.0,0.0,0.0,0.0,0.0,0.0,0.0,0.0,0.0,0.0,0.0,0.0,0.0,0.0,0.0,0.0,0.0,0.0,0.0,0.0,0.0,0.0,0.0,0.0,0.0,0.0,0.0,0.0,0.0,0.0,0.0,0.0,0.0,0.0,0.0,0.0,1.0,0.0,0.0,0.0,6000.0,0.0,0.0,0.0,0.0,0.0,0.0,
236,0.0,0.0,0.0,0.0,0.0,0.0,3.0,1.0,1.0,1.0,3.0,1.0,1.0,1.0,4.0,1275.0,3408965.0,65543.0,0.0,2.0,1537.0,1409.0,5.0,513.0,255.0,0.0,0.0,0.0,2.0,1644167432.0,1644167688.0,5.0,417.0,254.0,0.0,0.0,0.0,5.0,449.0,254.0,0.0,0.0,0.0,5.0,481.0,254.0,0.0,0.0,0.0,5.0,673.0,254.0,0.0,0.0,0.0,5.0,705.0,254.0,0.0,0.0,0.0,5.0,737.0,254.0,0.0,0.0,0.0,4.0,1342177544.0,1342177800.0,1342178056.0,1342178312.0,8.0,1342243080.0,1342243336.0,1342243592.0,1342243848.0,1342244104.0,1342244360.0,1342244616.0,1342244872.0,4.0,1342308624.0,1342308880.0,1342309136.0,1342309392.0,8.0,1342374152.0,1342374408.0,1342374664.0,1342374920.0,1342375176.0,1342375432.0,1342375688.0,1342375944.0,8.0,1342376200.0,1342376456.0,1342376712.0,1342376968.0,1342377224.0,1342377480.0,1342377736.0,1342377992.0,8.0,1342439688.0,1342439944.0,1342440200.0,1342440456.0,1342440712.0,1342440968.0,1342441224.0,1342441480.0,3.0,1.0,0.0,0.0,2.0,45.0,45.0,4.0,80.0,244.0,0.0,0.0,8.0,0.0,252.0,170.0,10.0,0.0,0.0,85.0,4.0,5.0,146.0,1813.0,5.0,6.0,2.0,16.0,0.0,0.0,0.0,0.0,0.0,0.0,0.0,0.0,0.0,0.0,0.0,0.0,0.0,0.0,0.0,0.0,8.0,0.0,0.0,0.0,2.0,0.0,0.0,0.0,0.0,2.0,32.0,0.0,0.0,0.0,0.0,131473.0,0.0,340445200.0,34044205.0,1.08,129.0,0.0,2000.0,0.0,0.0,0.0,0.0,0.0,0.0,0.0,1.0,0.0,0.0,0.0,0.0,0.0,0.0,0.0,0.0,0.0,0.0,0.0,0.0,0.0,0.0,0.0,0.0,0.0,0.0,0.0,0.0,0.0,1.0,0.0,0.0,0.0,0.0,0.0,0.0,0.0,0.0,0.0,0.0,0.0,0.0,0.0,0.0,0.0,0.0,0.0,0.0,0.0,0.0,0.0,0.0,0.0,0.0,0.0,0.0,0.0,0.0,0.0,0.0,0.0,0.0,0.0,0.0,0.0,0.0,0.0,0.0,0.0,0.0,0.0,0.0,0.283,0.264,0.0,0.0,0.0,0.0,0.0,0.0,1.0,1.0,0.0,0.0,6000.0,0.0,0.0,0.0,0.0,0.0,0.0,
239,0.0,0.0,0.0,0.0,0.0,0.0,3.0,1.0,1.0,1.0,3.0,1.0,1.0,1.0,4.0,1275.0,3408965.0,65543.0,0.0,2.0,1537.0,1409.0,5.0,513.0,255.0,0.0,0.0,0.0,2.0,1644167432.0,1644167688.0,5.0,417.0,254.0,0.0,0.0,0.0,5.0,449.0,254.0,0.0,0.0,0.0,5.0,481.0,254.0,0.0,0.0,0.0,5.0,673.0,254.0,0.0,0.0,0.0,5.0,705.0,254.0,0.0,0.0,0.0,5.0,737.0,254.0,0.0,0.0,0.0,4.0,1342177544.0,1342177800.0,1342178056.0,1342178312.0,8.0,1342243080.0,1342243336.0,1342243592.0,1342243848.0,1342244104.0,1342244360.0,1342244616.0,1342244872.0,4.0,1342308624.0,1342308880.0,1342309136.0,1342309392.0,8.0,1342374152.0,1342374408.0,1342374664.0,1342374920.0,1342375176.0,1342375432.0,1342375688.0,1342375944.0,8.0,1342376200.0,1342376456.0,1342376712.0,1342376968.0,1342377224.0,1342377480.0,1342377736.0,1342377992.0,8.0,1342439688.0,1342439944.0,1342440200.0,1342440456.0,1342440712.0,1342440968.0,1342441224.0,1342441480.0,3.0,1.0,0.0,0.0,2.0,45.0,45.0,4.0,80.0,244.0,0.0,0.0,8.0,0.0,252.0,170.0,10.0,0.0,0.0,85.0,4.0,5.0,146.0,1806.0,5.0,6.0,2.0,16.0,0.0,0.0,0.0,0.0,0.0,0.0,0.0,0.0,0.0,0.0,0.0,0.0,0.0,0.0,0.0,0.0,8.0,0.0,0.0,0.0,2.0,0.0,0.0,0.0,0.0,2.0,0.0,0.0,0.0,0.0,0.0,131473.0,0.0,340445200.0,34044205.0,1.08,129.0,0.0,2000.0,0.0,0.0,0.0,0.0,0.0,0.0,0.0,1.0,0.0,0.0,0.0,0.0,0.0,0.0,0.0,0.0,0.0,0.0,0.0,0.0,0.0,0.0,0.0,0.0,0.0,0.0,0.0,0.0,0.0,1.0,0.0,0.0,0.0,0.0,0.0,0.0,0.0,0.0,0.0,0.0,0.0,0.0,0.0,0.0,0.0,0.0,0.0,0.0,0.0,0.0,0.0,0.0,0.0,0.0,0.0,0.0,0.0,0.0,0.0,0.0,0.0,0.0,0.0,0.0,0.0,0.0,0.0,0.0,0.0,0.0,0.0,0.0,0.0,0.0,0.0,0.0,0.0,0.0,0.0,0.0,1.0,0.0,0.0,0.0,6000.0,0.0,0.0,0.0,0.0,0.0,0.0,
248,0.0,0.0,0.0,0.0,0.0,0.0,3.0,1.0,1.0,1.0,3.0,1.0,1.0,1.0,4.0,1275.0,3408965.0,65543.0,0.0,2.0,1537.0,1409.0,5.0,513.0,255.0,0.0,0.0,0.0,2.0,1644167432.0,1644167688.0,5.0,417.0,254.0,0.0,0.0,0.0,5.0,449.0,254.0,0.0,0.0,0.0,5.0,481.0,254.0,0.0,0.0,0.0,5.0,673.0,254.0,0.0,0.0,0.0,5.0,705.0,254.0,0.0,0.0,0.0,5.0,737.0,254.0,0.0,0.0,0.0,4.0,1342177544.0,1342177800.0,1342178056.0,1342178312.0,8.0,1342243080.0,1342243336.0,1342243592.0,1342243848.0,1342244104.0,1342244360.0,1342244616.0,1342244872.0,4.0,1342308624.0,1342308880.0,1342309136.0,1342309392.0,8.0,1342374152.0,1342374408.0,1342374664.0,1342374920.0,1342375176.0,1342375432.0,1342375688.0,1342375944.0,8.0,1342376200.0,1342376456.0,1342376712.0,1342376968.0,1342377224.0,1342377480.0,1342377736.0,1342377992.0,8.0,1342439688.0,1342439944.0,1342440200.0,1342440456.0,1342440712.0,1342440968.0,1342441224.0,1342441480.0,3.0,1.0,0.0,0.0,2.0,45.0,45.0,4.0,80.0,244.0,0.0,0.0,8.0,0.0,252.0,170.0,10.0,0.0,0.0,85.0,4.0,5.0,146.0,1813.0,5.0,6.0,2.0,16.0,0.0,0.0,0.0,0.0,0.0,0.0,0.0,0.0,0.0,0.0,0.0,0.0,0.0,0.0,0.0,0.0,8.0,0.0,0.0,0.0,2.0,0.0,0.0,0.0,0.0,2.0,0.0,0.0,0.0,0.0,0.0,131473.0,0.0,340445200.0,34044205.0,1.08,129.0,0.0,2000.0,0.0,0.0,0.0,0.0,0.0,0.0,0.0,1.0,0.0,0.0,0.0,0.0,0.0,0.0,0.0,0.0,0.0,0.0,0.0,0.0,0.0,0.0,0.0,0.0,0.0,0.0,0.0,0.0,0.0,0.0,1.0,0.0,0.0,0.0,0.0,0.0,0.0,0.0,0.0,0.0,0.0,0.0,0.0,0.0,0.0,0.0,0.0,0.0,0.0,0.0,0.0,0.0,0.0,0.0,0.0,0.0,0.0,0.0,0.0,0.0,0.0,0.0,0.0,0.0,0.0,0.0,0.0,0.0,0.0,0.0,0.0,0.0,0.0,0.0,0.0,0.0,0.0,0.0,0.0,0.0,1.0,0.0,0.0,0.0,6000.0,0.0,0.0,0.0,0.0,0.0,0.0,
251,0.0,0.0,0.0,0.0,0.0,0.0,3.0,1.0,1.0,1.0,3.0,1.0,1.0,1.0,4.0,1275.0,3408965.0,65543.0,0.0,2.0,1537.0,1409.0,5.0,513.0,255.0,0.0,0.0,0.0,2.0,1644167432.0,1644167688.0,5.0,417.0,254.0,0.0,0.0,0.0,5.0,449.0,254.0,0.0,0.0,0.0,5.0,481.0,254.0,0.0,0.0,0.0,5.0,673.0,254.0,0.0,0.0,0.0,5.0,705.0,254.0,0.0,0.0,0.0,5.0,737.0,254.0,0.0,0.0,0.0,4.0,1342177544.0,1342177800.0,1342178056.0,1342178312.0,8.0,1342243080.0,1342243336.0,1342243592.0,1342243848.0,1342244104.0,1342244360.0,1342244616.0,1342244872.0,4.0,1342308624.0,1342308880.0,1342309136.0,1342309392.0,8.0,1342374152.0,1342374408.0,1342374664.0,1342374920.0,1342375176.0,1342375432.0,1342375688.0,1342375944.0,8.0,1342376200.0,1342376456.0,1342376712.0,1342376968.0,1342377224.0,1342377480.0,1342377736.0,1342377992.0,8.0,1342439688.0,1342439944.0,1342440200.0,1342440456.0,1342440712.0,1342440968.0,1342441224.0,1342441480.0,3.0,1.0,0.0,0.0,2.0,45.0,45.0,4.0,80.0,244.0,0.0,0.0,8.0,0.0,252.0,170.0,42.0,0.0,0.0,85.0,4.0,5.0,146.0,1813.0,5.0,6.0,2.0,16.0,0.0,0.0,0.0,0.0,0.0,0.0,0.0,0.0,0.0,0.0,0.0,0.0,0.0,0.0,0.0,0.0,8.0,0.0,0.0,0.0,2.0,0.0,0.0,0.0,0.0,2.0,64.0,0.0,0.0,0.0,0.0,131473.0,0.0,340445200.0,34044205.0,1.08,129.0,0.0,2000.0,0.0,0.0,0.0,0.0,0.0,0.0,0.0,1.0,0.0,0.0,0.0,0.0,0.0,0.0,0.0,0.0,0.0,0.0,0.0,0.0,0.0,0.0,0.0,0.0,0.0,0.0,0.0,0.0,0.0,0.0,1.0,0.0,0.0,0.0,0.0,0.0,0.0,0.0,0.0,0.0,0.0,0.0,0.0,0.0,0.0,0.0,0.0,0.0,0.0,0.0,0.0,0.0,0.0,0.0,0.0,0.0,0.0,0.0,0.0,0.0,0.0,0.0,0.0,0.0,0.0,0.0,0.0,0.0,0.0,0.0,0.0,0.0,0.0,0.0,0.0,0.0,0.0,0.0,0.0,0.0,1.0,1.0,0.0,0.0,6000.0,0.0,0.0,0.0,0.0,0.0,0.0,
254,0.0,0.0,0.0,0.0,0.0,0.0,3.0,1.0,1.0,1.0,3.0,1.0,1.0,1.0,4.0,1275.0,3408965.0,65543.0,0.0,2.0,1537.0,1409.0,5.0,513.0,255.0,0.0,0.0,0.0,2.0,1644167432.0,1644167688.0,5.0,417.0,254.0,0.0,0.0,0.0,5.0,449.0,254.0,0.0,0.0,0.0,5.0,481.0,254.0,0.0,0.0,0.0,5.0,673.0,254.0,0.0,0.0,0.0,5.0,705.0,254.0,0.0,0.0,0.0,5.0,737.0,254.0,0.0,0.0,0.0,4.0,1342177544.0,1342177800.0,1342178056.0,1342178312.0,8.0,1342243080.0,1342243336.0,1342243592.0,1342243848.0,1342244104.0,1342244360.0,1342244616.0,1342244872.0,4.0,1342308624.0,1342308880.0,1342309136.0,1342309392.0,8.0,1342374152.0,1342374408.0,1342374664.0,1342374920.0,1342375176.0,1342375432.0,1342375688.0,1342375944.0,8.0,1342376200.0,1342376456.0,1342376712.0,1342376968.0,1342377224.0,1342377480.0,1342377736.0,1342377992.0,8.0,1342439688.0,1342439944.0,1342440200.0,1342440456.0,1342440712.0,1342440968.0,1342441224.0,1342441480.0,3.0,1.0,0.0,0.0,2.0,45.0,45.0,4.0,80.0,244.0,0.0,0.0,8.0,0.0,252.0,170.0,10.0,0.0,0.0,85.0,4.0,5.0,146.0,1813.0,5.0,6.0,2.0,16.0,0.0,0.0,0.0,0.0,0.0,0.0,0.0,0.0,0.0,0.0,0.0,0.0,0.0,0.0,0.0,0.0,8.0,0.0,0.0,0.0,2.0,0.0,0.0,0.0,0.0,2.0,0.0,0.0,0.0,0.0,0.0,131473.0,0.0,340445200.0,34044205.0,1.08,129.0,0.0,2000.0,0.0,0.0,0.0,0.0,0.0,0.0,0.0,1.0,0.0,0.0,0.0,0.0,0.0,0.0,0.0,0.0,0.0,0.0,0.0,0.0,0.0,0.0,0.0,0.0,0.0,0.0,0.0,0.0,0.0,0.0,1.0,0.0,0.0,0.0,0.0,0.0,0.0,0.0,0.0,0.0,0.0,0.0,0.0,0.0,0.0,0.0,0.0,0.0,0.0,0.0,0.0,0.0,0.0,0.0,0.0,0.0,0.0,0.0,0.0,0.0,0.0,0.0,0.0,0.0,0.0,0.0,0.0,0.0,0.0,0.0,0.0,0.0,0.0,0.0,0.0,0.0,0.0,0.0,0.0,0.0,1.0,0.0,0.0,0.0,6000.0,0.0,0.0,0.0,0.0,0.0,0.0,
257,0.0,0.0,0.0,0.0,0.0,0.0,3.0,1.0,1.0,1.0,3.0,1.0,1.0,1.0,4.0,1275.0,3408965.0,65543.0,0.0,2.0,1537.0,1409.0,5.0,513.0,255.0,0.0,0.0,0.0,2.0,1644167432.0,1644167688.0,5.0,417.0,254.0,0.0,0.0,0.0,5.0,449.0,254.0,0.0,0.0,0.0,5.0,481.0,254.0,0.0,0.0,0.0,5.0,673.0,254.0,0.0,0.0,0.0,5.0,705.0,254.0,0.0,0.0,0.0,5.0,737.0,254.0,0.0,0.0,0.0,4.0,1342177544.0,1342177800.0,1342178056.0,1342178312.0,8.0,1342243080.0,1342243336.0,1342243592.0,1342243848.0,1342244104.0,1342244360.0,1342244616.0,1342244872.0,4.0,1342308624.0,1342308880.0,1342309136.0,1342309392.0,8.0,1342374152.0,1342374408.0,1342374664.0,1342374920.0,1342375176.0,1342375432.0,1342375688.0,1342375944.0,8.0,1342376200.0,1342376456.0,1342376712.0,1342376968.0,1342377224.0,1342377480.0,1342377736.0,1342377992.0,8.0,1342439688.0,1342439944.0,1342440200.0,1342440456.0,1342440712.0,1342440968.0,1342441224.0,1342441480.0,3.0,1.0,0.0,0.0,2.0,45.0,45.0,4.0,80.0,244.0,0.0,0.0,8.0,0.0,252.0,170.0,42.0,0.0,0.0,85.0,4.0,5.0,146.0,1806.0,5.0,6.0,2.0,16.0,0.0,0.0,0.0,0.0,0.0,0.0,0.0,0.0,0.0,0.0,0.0,0.0,0.0,0.0,0.0,0.0,8.0,0.0,0.0,0.0,2.0,0.0,0.0,0.0,0.0,2.0,64.0,0.0,0.0,0.0,0.0,131473.0,0.0,340445200.0,34044205.0,1.08,129.0,0.0,2000.0,0.0,0.0,0.0,0.0,0.0,0.0,0.0,1.0,0.0,0.0,0.0,0.0,0.0,0.0,0.0,0.0,0.0,0.0,0.0,0.0,0.0,0.0,0.0,0.0,0.0,0.0,0.0,0.0,0.0,0.0,1.0,0.0,0.0,0.0,0.0,0.0,0.0,0.0,0.0,0.0,0.0,0.0,0.0,0.0,0.0,0.0,0.0,0.0,0.0,0.0,0.0,0.0,0.0,0.0,0.0,0.0,0.0,0.0,0.0,0.0,0.0,0.0,0.0,0.0,0.0,0.0,0.0,0.0,0.0,0.0,0.0,0.0,1.836,1.706,0.0,0.0,0.0,0.0,0.0,0.0,1.0,1.0,0.0,0.0,6000.0,0.0,0.0,0.0,0.0,0.0,0.0,
260,0.0,0.0,0.0,0.0,0.0,0.0,3.0,1.0,1.0,1.0,3.0,1.0,1.0,1.0,4.0,1275.0,3408965.0,65543.0,0.0,2.0,1537.0,1409.0,5.0,513.0,255.0,0.0,0.0,0.0,2.0,1644167432.0,1644167688.0,5.0,417.0,254.0,0.0,0.0,0.0,5.0,449.0,254.0,0.0,0.0,0.0,5.0,481.0,254.0,0.0,0.0,0.0,5.0,673.0,254.0,0.0,0.0,0.0,5.0,705.0,254.0,0.0,0.0,0.0,5.0,737.0,254.0,0.0,0.0,0.0,4.0,1342177544.0,1342177800.0,1342178056.0,1342178312.0,8.0,1342243080.0,1342243336.0,1342243592.0,1342243848.0,1342244104.0,1342244360.0,1342244616.0,1342244872.0,4.0,1342308624.0,1342308880.0,1342309136.0,1342309392.0,8.0,1342374152.0,1342374408.0,1342374664.0,1342374920.0,1342375176.0,1342375432.0,1342375688.0,1342375944.0,8.0,1342376200.0,1342376456.0,1342376712.0,1342376968.0,1342377224.0,1342377480.0,1342377736.0,1342377992.0,8.0,1342439688.0,1342439944.0,1342440200.0,1342440456.0,1342440712.0,1342440968.0,1342441224.0,1342441480.0,3.0,1.0,0.0,0.0,2.0,45.0,45.0,4.0,80.0,244.0,0.0,0.0,8.0,0.0,252.0,170.0,10.0,0.0,0.0,85.0,4.0,5.0,146.0,1813.0,5.0,6.0,2.0,16.0,0.0,0.0,0.0,0.0,0.0,0.0,0.0,0.0,0.0,0.0,0.0,0.0,0.0,0.0,0.0,0.0,8.0,0.0,0.0,0.0,2.0,0.0,0.0,0.0,0.0,2.0,0.0,0.0,0.0,0.0,0.0,131473.0,0.0,340445200.0,34044205.0,1.08,129.0,0.0,2000.0,0.0,0.0,0.0,0.0,0.0,0.0,0.0,1.0,0.0,0.0,0.0,0.0,0.0,0.0,0.0,0.0,0.0,0.0,0.0,0.0,0.0,0.0,0.0,0.0,0.0,0.0,0.0,0.0,0.0,0.0,1.0,0.0,0.0,0.0,0.0,0.0,0.0,0.0,0.0,0.0,0.0,0.0,0.0,0.0,0.0,0.0,0.0,0.0,0.0,0.0,0.0,0.0,0.0,0.0,0.0,0.0,0.0,0.0,0.0,0.0,0.0,0.0,0.0,0.0,0.0,0.0,0.0,0.0,0.0,0.0,0.0,0.0,0.0,0.0,0.0,0.0,0.0,0.0,0.0,0.0,1.0,0.0,0.0,0.0,6000.0,0.0,0.0,0.0,0.0,0.0,0.0,
263,0.0,0.0,0.0,0.0,0.0,0.0,3.0,1.0,1.0,1.0,3.0,1.0,1.0,1.0,4.0,1275.0,3408965.0,65543.0,0.0,2.0,1537.0,1409.0,5.0,513.0,255.0,0.0,0.0,0.0,2.0,1644167432.0,1644167688.0,5.0,417.0,254.0,0.0,0.0,0.0,5.0,449.0,254.0,0.0,0.0,0.0,5.0,481.0,254.0,0.0,0.0,0.0,5.0,673.0,254.0,0.0,0.0,0.0,5.0,705.0,254.0,0.0,0.0,0.0,5.0,737.0,254.0,0.0,0.0,0.0,4.0,1342177544.0,1342177800.0,1342178056.0,1342178312.0,8.0,1342243080.0,1342243336.0,1342243592.0,1342243848.0,1342244104.0,1342244360.0,1342244616.0,1342244872.0,4.0,1342308624.0,1342308880.0,1342309136.0,1342309392.0,8.0,1342374152.0,1342374408.0,1342374664.0,1342374920.0,1342375176.0,1342375432.0,1342375688.0,1342375944.0,8.0,1342376200.0,1342376456.0,1342376712.0,1342376968.0,1342377224.0,1342377480.0,1342377736.0,1342377992.0,8.0,1342439688.0,1342439944.0,1342440200.0,1342440456.0,1342440712.0,1342440968.0,1342441224.0,1342441480.0,3.0,1.0,0.0,0.0,2.0,45.0,45.0,4.0,80.0,244.0,0.0,0.0,8.0,0.0,252.0,170.0,42.0,0.0,0.0,85.0,4.0,5.0,146.0,1813.0,5.0,6.0,2.0,16.0,0.0,0.0,0.0,0.0,0.0,0.0,0.0,0.0,0.0,0.0,0.0,0.0,0.0,0.0,0.0,0.0,8.0,0.0,0.0,0.0,2.0,0.0,0.0,0.0,0.0,2.0,64.0,0.0,0.0,0.0,0.0,131473.0,0.0,340445200.0,34044205.0,1.08,129.0,0.0,2000.0,0.0,0.0,0.0,0.0,0.0,0.0,0.0,1.0,0.0,0.0,0.0,0.0,0.0,0.0,0.0,0.0,0.0,0.0,0.0,0.0,0.0,0.0,0.0,0.0,0.0,0.0,0.0,0.0,0.0,0.0,1.0,0.0,0.0,0.0,0.0,0.0,0.0,0.0,0.0,0.0,0.0,0.0,0.0,0.0,0.0,0.0,0.0,0.0,0.0,0.0,0.0,0.0,0.0,0.0,0.0,0.0,0.0,0.0,0.0,0.0,0.0,0.0,0.0,0.0,0.0,0.0,0.0,0.0,0.0,0.0,0.0,0.0,0.0,0.0,0.0,0.0,0.0,0.0,0.0,0.0,1.0,1.0,0.0,0.0,6000.0,0.0,0.0,0.0,0.0,0.0,0.0,
266,0.0,0.0,0.0,0.0,0.0,0.0,3.0,1.0,1.0,1.0,3.0,1.0,1.0,1.0,4.0,1275.0,3408965.0,65543.0,0.0,2.0,1537.0,1409.0,5.0,513.0,255.0,0.0,0.0,0.0,2.0,1644167432.0,1644167688.0,5.0,417.0,254.0,0.0,0.0,0.0,5.0,449.0,254.0,0.0,0.0,0.0,5.0,481.0,254.0,0.0,0.0,0.0,5.0,673.0,254.0,0.0,0.0,0.0,5.0,705.0,254.0,0.0,0.0,0.0,5.0,737.0,254.0,0.0,0.0,0.0,4.0,1342177544.0,1342177800.0,1342178056.0,1342178312.0,8.0,1342243080.0,1342243336.0,1342243592.0,1342243848.0,1342244104.0,1342244360.0,1342244616.0,1342244872.0,4.0,1342308624.0,1342308880.0,1342309136.0,1342309392.0,8.0,1342374152.0,1342374408.0,1342374664.0,1342374920.0,1342375176.0,1342375432.0,1342375688.0,1342375944.0,8.0,1342376200.0,1342376456.0,1342376712.0,1342376968.0,1342377224.0,1342377480.0,1342377736.0,1342377992.0,8.0,1342439688.0,1342439944.0,1342440200.0,1342440456.0,1342440712.0,1342440968.0,1342441224.0,1342441480.0,3.0,1.0,0.0,0.0,2.0,45.0,45.0,4.0,80.0,244.0,0.0,0.0,8.0,0.0,252.0,170.0,10.0,0.0,0.0,85.0,4.0,5.0,146.0,1813.0,5.0,6.0,2.0,16.0,0.0,0.0,0.0,0.0,0.0,0.0,0.0,0.0,0.0,0.0,0.0,0.0,0.0,0.0,0.0,0.0,8.0,0.0,0.0,0.0,2.0,0.0,0.0,0.0,0.0,2.0,0.0,0.0,0.0,0.0,0.0,131473.0,0.0,340445200.0,34044205.0,1.08,129.0,0.0,2000.0,0.0,0.0,0.0,0.0,0.0,0.0,0.0,1.0,0.0,0.0,0.0,0.0,0.0,0.0,0.0,0.0,0.0,0.0,0.0,0.0,0.0,0.0,0.0,0.0,0.0,0.0,0.0,0.0,0.0,0.0,1.0,0.0,0.0,0.0,0.0,0.0,0.0,0.0,0.0,0.0,0.0,0.0,0.0,0.0,0.0,0.0,0.0,0.0,0.0,0.0,0.0,0.0,0.0,0.0,0.0,0.0,0.0,0.0,0.0,0.0,0.0,0.0,0.0,0.0,0.0,0.0,0.0,0.0,0.0,0.0,0.0,0.0,0.0,0.0,0.0,0.0,0.0,0.0,0.0,0.0,1.0,0.0,0.0,0.0,6000.0,0.0,0.0,0.0,0.0,0.0,0.0,
269,0.0,0.0,0.0,0.0,0.0,0.0,3.0,1.0,1.0,1.0,3.0,1.0,1.0,1.0,4.0,1275.0,3408965.0,65543.0,0.0,2.0,1537.0,1409.0,5.0,513.0,255.0,0.0,0.0,0.0,2.0,1644167432.0,1644167688.0,5.0,417.0,254.0,0.0,0.0,0.0,5.0,449.0,254.0,0.0,0.0,0.0,5.0,481.0,254.0,0.0,0.0,0.0,5.0,673.0,254.0,0.0,0.0,0.0,5.0,705.0,254.0,0.0,0.0,0.0,5.0,737.0,254.0,0.0,0.0,0.0,4.0,1342177544.0,1342177800.0,1342178056.0,1342178312.0,8.0,1342243080.0,1342243336.0,1342243592.0,1342243848.0,1342244104.0,1342244360.0,1342244616.0,1342244872.0,4.0,1342308624.0,1342308880.0,1342309136.0,1342309392.0,8.0,1342374152.0,1342374408.0,1342374664.0,1342374920.0,1342375176.0,1342375432.0,1342375688.0,1342375944.0,8.0,1342376200.0,1342376456.0,1342376712.0,1342376968.0,1342377224.0,1342377480.0,1342377736.0,1342377992.0,8.0,1342439688.0,1342439944.0,1342440200.0,1342440456.0,1342440712.0,1342440968.0,1342441224.0,1342441480.0,3.0,1.0,0.0,0.0,2.0,45.0,45.0,4.0,80.0,244.0,0.0,0.0,8.0,0.0,252.0,170.0,42.0,0.0,0.0,85.0,4.0,5.0,146.0,1813.0,5.0,6.0,2.0,16.0,0.0,0.0,0.0,0.0,0.0,0.0,0.0,0.0,0.0,0.0,0.0,0.0,0.0,0.0,0.0,0.0,8.0,0.0,0.0,0.0,2.0,0.0,0.0,0.0,0.0,2.0,64.0,0.0,0.0,0.0,0.0,131473.0,0.0,340445200.0,34044205.0,1.08,129.0,0.0,2000.0,0.0,0.0,0.0,0.0,0.0,0.0,0.0,1.0,0.0,0.0,0.0,0.0,0.0,0.0,0.0,0.0,0.0,0.0,0.0,0.0,0.0,0.0,0.0,0.0,0.0,0.0,0.0,0.0,0.0,0.0,1.0,0.0,0.0,0.0,0.0,0.0,0.0,0.0,0.0,0.0,0.0,0.0,0.0,0.0,0.0,0.0,0.0,0.0,0.0,0.0,0.0,0.0,0.0,0.0,0.0,0.0,0.0,0.0,0.0,0.0,0.0,0.0,0.0,0.0,0.0,0.0,0.0,0.0,0.0,0.0,0.0,0.0,0.751,0.697,0.0,0.0,0.0,0.0,0.0,0.0,1.0,1.0,0.0,0.0,6000.0,0.0,0.0,0.0,0.0,0.0,0.0,
272,0.0,0.0,0.0,0.0,0.0,0.0,3.0,1.0,1.0,1.0,3.0,1.0,1.0,1.0,4.0,1275.0,3408965.0,65543.0,0.0,2.0,1537.0,1409.0,5.0,513.0,255.0,0.0,0.0,0.0,2.0,1644167432.0,1644167688.0,5.0,417.0,254.0,0.0,0.0,0.0,5.0,449.0,254.0,0.0,0.0,0.0,5.0,481.0,254.0,0.0,0.0,0.0,5.0,673.0,254.0,0.0,0.0,0.0,5.0,705.0,254.0,0.0,0.0,0.0,5.0,737.0,254.0,0.0,0.0,0.0,4.0,1342177544.0,1342177800.0,1342178056.0,1342178312.0,8.0,1342243080.0,1342243336.0,1342243592.0,1342243848.0,1342244104.0,1342244360.0,1342244616.0,1342244872.0,4.0,1342308624.0,1342308880.0,1342309136.0,1342309392.0,8.0,1342374152.0,1342374408.0,1342374664.0,1342374920.0,1342375176.0,1342375432.0,1342375688.0,1342375944.0,8.0,1342376200.0,1342376456.0,1342376712.0,1342376968.0,1342377224.0,1342377480.0,1342377736.0,1342377992.0,8.0,1342439688.0,1342439944.0,1342440200.0,1342440456.0,1342440712.0,1342440968.0,1342441224.0,1342441480.0,3.0,1.0,0.0,0.0,2.0,45.0,45.0,4.0,80.0,244.0,0.0,0.0,8.0,0.0,252.0,170.0,10.0,0.0,0.0,85.0,4.0,5.0,146.0,1813.0,5.0,6.0,2.0,16.0,0.0,0.0,0.0,0.0,0.0,0.0,0.0,0.0,0.0,0.0,0.0,0.0,0.0,0.0,0.0,0.0,8.0,0.0,0.0,0.0,2.0,0.0,0.0,0.0,0.0,2.0,0.0,0.0,0.0,0.0,0.0,131473.0,0.0,340445200.0,34044205.0,1.08,129.0,0.0,2000.0,0.0,0.0,0.0,0.0,0.0,0.0,0.0,1.0,0.0,0.0,0.0,0.0,0.0,0.0,0.0,0.0,0.0,0.0,0.0,0.0,0.0,0.0,0.0,0.0,0.0,0.0,0.0,0.0,0.0,0.0,1.0,0.0,0.0,0.0,0.0,0.0,0.0,0.0,0.0,0.0,0.0,0.0,0.0,0.0,0.0,0.0,0.0,0.0,0.0,0.0,0.0,0.0,0.0,0.0,0.0,0.0,0.0,0.0,0.0,0.0,0.0,0.0,0.0,0.0,0.0,0.0,0.0,0.0,0.0,0.0,0.0,0.0,0.0,0.0,0.0,0.0,0.0,0.0,0.0,0.0,1.0,0.0,0.0,0.0,6000.0,0.0,0.0,0.0,0.0,0.0,0.0,
275,0.0,0.0,0.0,0.0,0.0,0.0,3.0,1.0,1.0,1.0,3.0,1.0,1.0,1.0,4.0,1275.0,3408965.0,65543.0,0.0,2.0,1537.0,1409.0,5.0,513.0,255.0,0.0,0.0,0.0,2.0,1644167432.0,1644167688.0,5.0,417.0,254.0,0.0,0.0,0.0,5.0,449.0,254.0,0.0,0.0,0.0,5.0,481.0,254.0,0.0,0.0,0.0,5.0,673.0,254.0,0.0,0.0,0.0,5.0,705.0,254.0,0.0,0.0,0.0,5.0,737.0,254.0,0.0,0.0,0.0,4.0,1342177544.0,1342177800.0,1342178056.0,1342178312.0,8.0,1342243080.0,1342243336.0,1342243592.0,1342243848.0,1342244104.0,1342244360.0,1342244616.0,1342244872.0,4.0,1342308624.0,1342308880.0,1342309136.0,1342309392.0,8.0,1342374152.0,1342374408.0,1342374664.0,1342374920.0,1342375176.0,1342375432.0,1342375688.0,1342375944.0,8.0,1342376200.0,1342376456.0,1342376712.0,1342376968.0,1342377224.0,1342377480.0,1342377736.0,1342377992.0,8.0,1342439688.0,1342439944.0,1342440200.0,1342440456.0,1342440712.0,1342440968.0,1342441224.0,1342441480.0,3.0,1.0,0.0,0.0,2.0,45.0,45.0,4.0,80.0,244.0,0.0,0.0,8.0,0.0,252.0,170.0,42.0,0.0,0.0,85.0,4.0,5.0,146.0,1813.0,5.0,6.0,2.0,16.0,0.0,0.0,0.0,0.0,0.0,0.0,0.0,0.0,0.0,0.0,0.0,0.0,0.0,0.0,0.0,0.0,8.0,0.0,0.0,0.0,2.0,0.0,0.0,0.0,0.0,2.0,64.0,0.0,0.0,0.0,0.0,131473.0,0.0,340445200.0,34044205.0,1.08,129.0,0.0,2000.0,0.0,0.0,0.0,0.0,0.0,0.0,0.0,1.0,0.0,0.0,0.0,0.0,0.0,0.0,0.0,0.0,0.0,0.0,0.0,0.0,0.0,0.0,0.0,0.0,0.0,0.0,0.0,0.0,0.0,0.0,1.0,0.0,0.0,0.0,0.0,0.0,0.0,0.0,0.0,0.0,0.0,0.0,0.0,0.0,0.0,0.0,0.0,0.0,0.0,0.0,0.0,0.0,0.0,0.0,0.0,0.0,0.0,0.0,0.0,0.0,0.0,0.0,0.0,0.0,0.0,0.0,0.0,0.0,0.0,0.0,0.0,0.0,3.626,1.908,0.0,0.0,0.0,0.0,0.0,0.0,1.0,1.0,0.0,0.0,6000.0,0.0,0.0,0.0,0.0,0.0,0.0,
278,0.0,0.0,0.0,0.0,0.0,0.0,3.0,1.0,1.0,1.0,3.0,1.0,1.0,1.0,4.0,1275.0,3408965.0,65543.0,0.0,2.0,1537.0,1409.0,5.0,513.0,255.0,0.0,0.0,0.0,2.0,1644167432.0,1644167688.0,5.0,417.0,254.0,0.0,0.0,0.0,5.0,449.0,254.0,0.0,0.0,0.0,5.0,481.0,254.0,0.0,0.0,0.0,5.0,673.0,254.0,0.0,0.0,0.0,5.0,705.0,254.0,0.0,0.0,0.0,5.0,737.0,254.0,0.0,0.0,0.0,4.0,1342177544.0,1342177800.0,1342178056.0,1342178312.0,8.0,1342243080.0,1342243336.0,1342243592.0,1342243848.0,1342244104.0,1342244360.0,1342244616.0,1342244872.0,4.0,1342308624.0,1342308880.0,1342309136.0,1342309392.0,8.0,1342374152.0,1342374408.0,1342374664.0,1342374920.0,1342375176.0,1342375432.0,1342375688.0,1342375944.0,8.0,1342376200.0,1342376456.0,1342376712.0,1342376968.0,1342377224.0,1342377480.0,1342377736.0,1342377992.0,8.0,1342439688.0,1342439944.0,1342440200.0,1342440456.0,1342440712.0,1342440968.0,1342441224.0,1342441480.0,3.0,1.0,0.0,0.0,2.0,45.0,45.0,4.0,80.0,244.0,0.0,0.0,8.0,0.0,252.0,170.0,42.0,0.0,0.0,85.0,4.0,5.0,146.0,1813.0,5.0,6.0,2.0,16.0,0.0,0.0,0.0,0.0,0.0,0.0,0.0,0.0,0.0,0.0,0.0,0.0,0.0,0.0,0.0,0.0,8.0,0.0,0.0,0.0,2.0,0.0,0.0,0.0,0.0,2.0,0.0,0.0,0.0,0.0,0.0,131473.0,0.0,340445200.0,34044205.0,1.08,129.0,0.0,2000.0,0.0,0.0,0.0,0.0,0.0,0.0,0.0,1.0,0.0,0.0,0.0,0.0,0.0,0.0,0.0,0.0,0.0,0.0,0.0,0.0,0.0,0.0,0.0,0.0,0.0,0.0,0.0,0.0,0.0,0.0,1.0,0.0,0.0,0.0,0.0,0.0,0.0,0.0,0.0,0.0,0.0,0.0,0.0,0.0,0.0,0.0,0.0,0.0,0.0,0.0,0.0,0.0,0.0,0.0,0.0,0.0,0.0,0.0,0.0,0.0,0.0,0.0,0.0,0.0,0.0,0.0,0.0,0.0,0.0,0.0,0.0,0.0,0.0,0.0,0.0,0.0,0.0,0.0,0.0,0.0,1.0,0.0,0.0,0.0,6000.0,0.0,0.0,0.0,0.0,0.0,0.0,
287,0.0,0.0,0.0,0.0,0.0,0.0,3.0,1.0,1.0,1.0,3.0,1.0,1.0,1.0,4.0,1275.0,3408965.0,65543.0,0.0,2.0,1537.0,1409.0,5.0,513.0,255.0,0.0,0.0,0.0,2.0,1644167432.0,1644167688.0,5.0,417.0,254.0,0.0,0.0,0.0,5.0,449.0,254.0,0.0,0.0,0.0,5.0,481.0,254.0,0.0,0.0,0.0,5.0,673.0,254.0,0.0,0.0,0.0,5.0,705.0,254.0,0.0,0.0,0.0,5.0,737.0,254.0,0.0,0.0,0.0,4.0,1342177544.0,1342177800.0,1342178056.0,1342178312.0,8.0,1342243080.0,1342243336.0,1342243592.0,1342243848.0,1342244104.0,1342244360.0,1342244616.0,1342244872.0,4.0,1342308624.0,1342308880.0,1342309136.0,1342309392.0,8.0,1342374152.0,1342374408.0,1342374664.0,1342374920.0,1342375176.0,1342375432.0,1342375688.0,1342375944.0,8.0,1342376200.0,1342376456.0,1342376712.0,1342376968.0,1342377224.0,1342377480.0,1342377736.0,1342377992.0,8.0,1342439688.0,1342439944.0,1342440200.0,1342440456.0,1342440712.0,1342440968.0,1342441224.0,1342441480.0,3.0,1.0,0.0,0.0,2.0,45.0,45.0,4.0,80.0,244.0,0.0,0.0,8.0,0.0,252.0,170.0,42.0,0.0,0.0,85.0,4.0,5.0,146.0,1813.0,5.0,6.0,2.0,16.0,0.0,0.0,0.0,0.0,0.0,0.0,0.0,0.0,0.0,0.0,0.0,0.0,0.0,0.0,0.0,0.0,8.0,0.0,0.0,0.0,2.0,0.0,0.0,0.0,0.0,2.0,0.0,0.0,0.0,0.0,0.0,131473.0,0.0,340445200.0,34044205.0,1.08,129.0,0.0,2000.0,0.0,0.0,0.0,0.0,0.0,0.0,0.0,1.0,0.0,0.0,0.0,0.0,0.0,0.0,0.0,0.0,0.0,0.0,0.0,0.0,0.0,0.0,0.0,0.0,0.0,0.0,0.0,0.0,0.0,0.0,0.0,1.0,0.0,0.0,0.0,0.0,0.0,0.0,0.0,0.0,0.0,0.0,0.0,0.0,0.0,0.0,0.0,0.0,0.0,0.0,0.0,0.0,0.0,0.0,0.0,0.0,0.0,0.0,0.0,0.0,0.0,0.0,0.0,0.0,0.0,0.0,0.0,0.0,0.0,0.0,0.0,0.0,0.0,0.0,0.0,0.0,0.0,0.0,0.0,0.0,1.0,0.0,0.0,0.0,6000.0,0.0,0.0,0.0,0.0,0.0,0.0,
290,0.0,0.0,0.0,0.0,0.0,0.0,3.0,1.0,1.0,1.0,3.0,1.0,1.0,1.0,4.0,1275.0,3408965.0,65543.0,0.0,2.0,1537.0,1409.0,5.0,513.0,255.0,0.0,0.0,0.0,2.0,1644167432.0,1644167688.0,5.0,417.0,254.0,0.0,0.0,0.0,5.0,449.0,254.0,0.0,0.0,0.0,5.0,481.0,254.0,0.0,0.0,0.0,5.0,673.0,254.0,0.0,0.0,0.0,5.0,705.0,254.0,0.0,0.0,0.0,5.0,737.0,254.0,0.0,0.0,0.0,4.0,1342177544.0,1342177800.0,1342178056.0,1342178312.0,8.0,1342243080.0,1342243336.0,1342243592.0,1342243848.0,1342244104.0,1342244360.0,1342244616.0,1342244872.0,4.0,1342308624.0,1342308880.0,1342309136.0,1342309392.0,8.0,1342374152.0,1342374408.0,1342374664.0,1342374920.0,1342375176.0,1342375432.0,1342375688.0,1342375944.0,8.0,1342376200.0,1342376456.0,1342376712.0,1342376968.0,1342377224.0,1342377480.0,1342377736.0,1342377992.0,8.0,1342439688.0,1342439944.0,1342440200.0,1342440456.0,1342440712.0,1342440968.0,1342441224.0,1342441480.0,3.0,1.0,0.0,0.0,2.0,45.0,45.0,4.0,80.0,244.0,0.0,0.0,8.0,0.0,252.0,170.0,170.0,0.0,0.0,85.0,4.0,5.0,146.0,1818.0,5.0,6.0,2.0,16.0,0.0,0.0,0.0,0.0,0.0,0.0,0.0,0.0,0.0,0.0,0.0,0.0,0.0,0.0,0.0,0.0,8.0,0.0,0.0,0.0,2.0,0.0,0.0,0.0,0.0,2.0,128.0,0.0,0.0,0.0,0.0,131473.0,0.0,340445200.0,34044205.0,1.08,129.0,0.0,2000.0,0.0,0.0,0.0,0.0,0.0,0.0,0.0,1.0,0.0,0.0,0.0,0.0,0.0,0.0,0.0,0.0,0.0,0.0,0.0,0.0,0.0,0.0,0.0,0.0,0.0,0.0,0.0,0.0,0.0,0.0,0.0,1.0,0.0,0.0,0.0,0.0,0.0,0.0,0.0,0.0,0.0,0.0,0.0,0.0,0.0,0.0,0.0,0.0,0.0,0.0,0.0,0.0,0.0,0.0,0.0,0.0,0.0,0.0,0.0,0.0,0.0,0.0,0.0,0.0,0.0,0.0,0.0,0.0,0.0,0.0,0.0,0.0,3.271,2.158,0.0,0.0,0.0,0.0,0.0,0.0,1.0,1.0,0.0,0.0,6000.0,0.0,0.0,0.0,0.0,0.0,0.0,
293,0.0,0.0,0.0,0.0,0.0,0.0,3.0,1.0,1.0,1.0,3.0,1.0,1.0,1.0,4.0,1275.0,3408965.0,65543.0,0.0,2.0,1537.0,1409.0,5.0,513.0,255.0,0.0,0.0,0.0,2.0,1644167432.0,1644167688.0,5.0,417.0,254.0,0.0,0.0,0.0,5.0,449.0,254.0,0.0,0.0,0.0,5.0,481.0,254.0,0.0,0.0,0.0,5.0,673.0,254.0,0.0,0.0,0.0,5.0,705.0,254.0,0.0,0.0,0.0,5.0,737.0,254.0,0.0,0.0,0.0,4.0,1342177544.0,1342177800.0,1342178056.0,1342178312.0,8.0,1342243080.0,1342243336.0,1342243592.0,1342243848.0,1342244104.0,1342244360.0,1342244616.0,1342244872.0,4.0,1342308624.0,1342308880.0,1342309136.0,1342309392.0,8.0,1342374152.0,1342374408.0,1342374664.0,1342374920.0,1342375176.0,1342375432.0,1342375688.0,1342375944.0,8.0,1342376200.0,1342376456.0,1342376712.0,1342376968.0,1342377224.0,1342377480.0,1342377736.0,1342377992.0,8.0,1342439688.0,1342439944.0,1342440200.0,1342440456.0,1342440712.0,1342440968.0,1342441224.0,1342441480.0,3.0,1.0,0.0,0.0,2.0,45.0,45.0,4.0,80.0,244.0,0.0,0.0,8.0,0.0,252.0,170.0,42.0,0.0,0.0,85.0,4.0,5.0,146.0,1813.0,5.0,6.0,2.0,16.0,0.0,0.0,0.0,0.0,0.0,0.0,0.0,0.0,0.0,0.0,0.0,0.0,0.0,0.0,0.0,0.0,8.0,0.0,0.0,0.0,2.0,0.0,0.0,0.0,0.0,2.0,0.0,0.0,0.0,0.0,0.0,131473.0,0.0,340445200.0,34044205.0,1.08,129.0,0.0,2000.0,0.0,0.0,0.0,0.0,0.0,0.0,0.0,1.0,0.0,0.0,0.0,0.0,0.0,0.0,0.0,0.0,0.0,0.0,0.0,0.0,0.0,0.0,0.0,0.0,0.0,0.0,0.0,0.0,0.0,0.0,0.0,1.0,0.0,0.0,0.0,0.0,0.0,0.0,0.0,0.0,0.0,0.0,0.0,0.0,0.0,0.0,0.0,0.0,0.0,0.0,0.0,0.0,0.0,0.0,0.0,0.0,0.0,0.0,0.0,0.0,0.0,0.0,0.0,0.0,0.0,0.0,0.0,0.0,0.0,0.0,0.0,0.0,0.0,0.0,0.0,0.0,0.0,0.0,0.0,0.0,1.0,0.0,0.0,0.0,6000.0,0.0,0.0,0.0,0.0,0.0,0.0,
296,0.0,0.0,0.0,0.0,0.0,0.0,3.0,1.0,1.0,1.0,3.0,1.0,1.0,1.0,4.0,1275.0,3408965.0,65543.0,0.0,2.0,1537.0,1409.0,5.0,513.0,255.0,0.0,0.0,0.0,2.0,1644167432.0,1644167688.0,5.0,417.0,254.0,0.0,0.0,0.0,5.0,449.0,254.0,0.0,0.0,0.0,5.0,481.0,254.0,0.0,0.0,0.0,5.0,673.0,254.0,0.0,0.0,0.0,5.0,705.0,254.0,0.0,0.0,0.0,5.0,737.0,254.0,0.0,0.0,0.0,4.0,1342177544.0,1342177800.0,1342178056.0,1342178312.0,8.0,1342243080.0,1342243336.0,1342243592.0,1342243848.0,1342244104.0,1342244360.0,1342244616.0,1342244872.0,4.0,1342308624.0,1342308880.0,1342309136.0,1342309392.0,8.0,1342374152.0,1342374408.0,1342374664.0,1342374920.0,1342375176.0,1342375432.0,1342375688.0,1342375944.0,8.0,1342376200.0,1342376456.0,1342376712.0,1342376968.0,1342377224.0,1342377480.0,1342377736.0,1342377992.0,8.0,1342439688.0,1342439944.0,1342440200.0,1342440456.0,1342440712.0,1342440968.0,1342441224.0,1342441480.0,3.0,1.0,0.0,0.0,2.0,45.0,45.0,4.0,80.0,244.0,0.0,0.0,8.0,0.0,252.0,170.0,170.0,0.0,0.0,85.0,4.0,5.0,146.0,1813.0,5.0,6.0,2.0,16.0,0.0,0.0,0.0,0.0,0.0,0.0,0.0,0.0,0.0,0.0,0.0,0.0,0.0,0.0,0.0,0.0,8.0,0.0,0.0,0.0,2.0,0.0,0.0,0.0,0.0,2.0,128.0,0.0,0.0,0.0,0.0,131473.0,0.0,340445200.0,34044205.0,1.08,129.0,0.0,2000.0,0.0,0.0,0.0,0.0,0.0,0.0,0.0,1.0,0.0,0.0,0.0,0.0,0.0,0.0,0.0,0.0,0.0,0.0,0.0,0.0,0.0,0.0,0.0,0.0,0.0,0.0,0.0,0.0,0.0,0.0,0.0,1.0,0.0,0.0,0.0,0.0,0.0,0.0,0.0,0.0,0.0,0.0,0.0,0.0,0.0,0.0,0.0,0.0,0.0,0.0,0.0,0.0,0.0,0.0,0.0,0.0,0.0,0.0,0.0,0.0,0.0,0.0,0.0,0.0,0.0,0.0,0.0,0.0,0.0,0.0,0.0,0.0,0.0,0.0,0.0,0.0,0.0,0.0,0.0,0.0,1.0,1.0,0.0,0.0,6000.0,0.0,0.0,0.0,0.0,0.0,0.0,
299,0.0,0.0,0.0,0.0,0.0,0.0,3.0,1.0,1.0,1.0,3.0,1.0,1.0,1.0,4.0,1275.0,3408965.0,65543.0,0.0,2.0,1537.0,1409.0,5.0,513.0,255.0,0.0,0.0,0.0,2.0,1644167432.0,1644167688.0,5.0,417.0,254.0,0.0,0.0,0.0,5.0,449.0,254.0,0.0,0.0,0.0,5.0,481.0,254.0,0.0,0.0,0.0,5.0,673.0,254.0,0.0,0.0,0.0,5.0,705.0,254.0,0.0,0.0,0.0,5.0,737.0,254.0,0.0,0.0,0.0,4.0,1342177544.0,1342177800.0,1342178056.0,1342178312.0,8.0,1342243080.0,1342243336.0,1342243592.0,1342243848.0,1342244104.0,1342244360.0,1342244616.0,1342244872.0,4.0,1342308624.0,1342308880.0,1342309136.0,1342309392.0,8.0,1342374152.0,1342374408.0,1342374664.0,1342374920.0,1342375176.0,1342375432.0,1342375688.0,1342375944.0,8.0,1342376200.0,1342376456.0,1342376712.0,1342376968.0,1342377224.0,1342377480.0,1342377736.0,1342377992.0,8.0,1342439688.0,1342439944.0,1342440200.0,1342440456.0,1342440712.0,1342440968.0,1342441224.0,1342441480.0,3.0,1.0,0.0,0.0,2.0,45.0,45.0,4.0,80.0,244.0,0.0,0.0,8.0,0.0,252.0,170.0,42.0,0.0,0.0,85.0,4.0,5.0,146.0,1806.0,5.0,6.0,2.0,16.0,0.0,0.0,0.0,0.0,0.0,0.0,0.0,0.0,0.0,0.0,0.0,0.0,0.0,0.0,0.0,0.0,8.0,0.0,0.0,0.0,2.0,0.0,0.0,0.0,0.0,2.0,0.0,0.0,0.0,0.0,0.0,131473.0,0.0,340445200.0,34044205.0,1.08,129.0,0.0,2000.0,0.0,0.0,0.0,0.0,0.0,0.0,0.0,1.0,0.0,0.0,0.0,0.0,0.0,0.0,0.0,0.0,0.0,0.0,0.0,0.0,0.0,0.0,0.0,0.0,0.0,0.0,0.0,0.0,0.0,0.0,0.0,1.0,0.0,0.0,0.0,0.0,0.0,0.0,0.0,0.0,0.0,0.0,0.0,0.0,0.0,0.0,0.0,0.0,0.0,0.0,0.0,0.0,0.0,0.0,0.0,0.0,0.0,0.0,0.0,0.0,0.0,0.0,0.0,0.0,0.0,0.0,0.0,0.0,0.0,0.0,0.0,0.0,0.0,0.0,0.0,0.0,0.0,0.0,0.0,0.0,1.0,0.0,0.0,0.0,6000.0,0.0,0.0,0.0,0.0,0.0,0.0,
302,0.0,0.0,0.0,0.0,0.0,0.0,3.0,1.0,1.0,1.0,3.0,1.0,1.0,1.0,4.0,1275.0,3408965.0,65543.0,0.0,2.0,1537.0,1409.0,5.0,513.0,255.0,0.0,0.0,0.0,2.0,1644167432.0,1644167688.0,5.0,417.0,254.0,0.0,0.0,0.0,5.0,449.0,254.0,0.0,0.0,0.0,5.0,481.0,254.0,0.0,0.0,0.0,5.0,673.0,254.0,0.0,0.0,0.0,5.0,705.0,254.0,0.0,0.0,0.0,5.0,737.0,254.0,0.0,0.0,0.0,4.0,1342177544.0,1342177800.0,1342178056.0,1342178312.0,8.0,1342243080.0,1342243336.0,1342243592.0,1342243848.0,1342244104.0,1342244360.0,1342244616.0,1342244872.0,4.0,1342308624.0,1342308880.0,1342309136.0,1342309392.0,8.0,1342374152.0,1342374408.0,1342374664.0,1342374920.0,1342375176.0,1342375432.0,1342375688.0,1342375944.0,8.0,1342376200.0,1342376456.0,1342376712.0,1342376968.0,1342377224.0,1342377480.0,1342377736.0,1342377992.0,8.0,1342439688.0,1342439944.0,1342440200.0,1342440456.0,1342440712.0,1342440968.0,1342441224.0,1342441480.0,3.0,1.0,0.0,0.0,2.0,45.0,45.0,4.0,80.0,244.0,0.0,0.0,8.0,0.0,252.0,170.0,170.0,0.0,0.0,85.0,4.0,5.0,146.0,1813.0,5.0,6.0,2.0,16.0,0.0,0.0,0.0,0.0,0.0,0.0,0.0,0.0,0.0,0.0,0.0,0.0,0.0,0.0,0.0,0.0,8.0,0.0,0.0,0.0,2.0,0.0,0.0,0.0,0.0,2.0,128.0,0.0,0.0,0.0,0.0,131473.0,0.0,340445200.0,34044205.0,1.08,129.0,0.0,2000.0,0.0,0.0,0.0,0.0,0.0,0.0,0.0,1.0,0.0,0.0,0.0,0.0,0.0,0.0,0.0,0.0,0.0,0.0,0.0,0.0,0.0,0.0,0.0,0.0,0.0,0.0,0.0,0.0,0.0,0.0,0.0,1.0,0.0,0.0,0.0,0.0,0.0,0.0,0.0,0.0,0.0,0.0,0.0,0.0,0.0,0.0,0.0,0.0,0.0,0.0,0.0,0.0,0.0,0.0,0.0,0.0,0.0,0.0,0.0,0.0,0.0,0.0,0.0,0.0,0.0,0.0,0.0,0.0,0.0,0.0,0.0,0.0,1.629,1.529,0.0,0.0,0.0,0.0,0.0,0.0,1.0,1.0,0.0,0.0,6000.0,0.0,0.0,0.0,0.0,0.0,0.0,
305,0.0,0.0,0.0,0.0,0.0,0.0,3.0,1.0,1.0,1.0,3.0,1.0,1.0,1.0,4.0,1275.0,3408965.0,65543.0,0.0,2.0,1537.0,1409.0,5.0,513.0,255.0,0.0,0.0,0.0,2.0,1644167432.0,1644167688.0,5.0,417.0,254.0,0.0,0.0,0.0,5.0,449.0,254.0,0.0,0.0,0.0,5.0,481.0,254.0,0.0,0.0,0.0,5.0,673.0,254.0,0.0,0.0,0.0,5.0,705.0,254.0,0.0,0.0,0.0,5.0,737.0,254.0,0.0,0.0,0.0,4.0,1342177544.0,1342177800.0,1342178056.0,1342178312.0,8.0,1342243080.0,1342243336.0,1342243592.0,1342243848.0,1342244104.0,1342244360.0,1342244616.0,1342244872.0,4.0,1342308624.0,1342308880.0,1342309136.0,1342309392.0,8.0,1342374152.0,1342374408.0,1342374664.0,1342374920.0,1342375176.0,1342375432.0,1342375688.0,1342375944.0,8.0,1342376200.0,1342376456.0,1342376712.0,1342376968.0,1342377224.0,1342377480.0,1342377736.0,1342377992.0,8.0,1342439688.0,1342439944.0,1342440200.0,1342440456.0,1342440712.0,1342440968.0,1342441224.0,1342441480.0,3.0,1.0,0.0,0.0,2.0,45.0,45.0,4.0,80.0,244.0,0.0,0.0,8.0,0.0,252.0,170.0,42.0,0.0,0.0,85.0,4.0,5.0,146.0,1813.0,5.0,6.0,2.0,16.0,0.0,0.0,0.0,0.0,0.0,0.0,0.0,0.0,0.0,0.0,0.0,0.0,0.0,0.0,0.0,0.0,8.0,0.0,0.0,0.0,2.0,0.0,0.0,0.0,0.0,2.0,0.0,0.0,0.0,0.0,0.0,131473.0,0.0,340445200.0,34044205.0,1.08,129.0,0.0,2000.0,0.0,0.0,0.0,0.0,0.0,0.0,0.0,1.0,0.0,0.0,0.0,0.0,0.0,0.0,0.0,0.0,0.0,0.0,0.0,0.0,0.0,0.0,0.0,0.0,0.0,0.0,0.0,0.0,0.0,0.0,0.0,1.0,0.0,0.0,0.0,0.0,0.0,0.0,0.0,0.0,0.0,0.0,0.0,0.0,0.0,0.0,0.0,0.0,0.0,0.0,0.0,0.0,0.0,0.0,0.0,0.0,0.0,0.0,0.0,0.0,0.0,0.0,0.0,0.0,0.0,0.0,0.0,0.0,0.0,0.0,0.0,0.0,0.0,0.0,0.0,0.0,0.0,0.0,0.0,0.0,1.0,0.0,0.0,0.0,6000.0,0.0,0.0,0.0,0.0,0.0,0.0,
308,0.0,0.0,0.0,0.0,0.0,0.0,3.0,1.0,1.0,1.0,3.0,1.0,1.0,1.0,4.0,1275.0,3408965.0,65543.0,0.0,2.0,1537.0,1409.0,5.0,513.0,255.0,0.0,0.0,0.0,2.0,1644167432.0,1644167688.0,5.0,417.0,254.0,0.0,0.0,0.0,5.0,449.0,254.0,0.0,0.0,0.0,5.0,481.0,254.0,0.0,0.0,0.0,5.0,673.0,254.0,0.0,0.0,0.0,5.0,705.0,254.0,0.0,0.0,0.0,5.0,737.0,254.0,0.0,0.0,0.0,4.0,1342177544.0,1342177800.0,1342178056.0,1342178312.0,8.0,1342243080.0,1342243336.0,1342243592.0,1342243848.0,1342244104.0,1342244360.0,1342244616.0,1342244872.0,4.0,1342308624.0,1342308880.0,1342309136.0,1342309392.0,8.0,1342374152.0,1342374408.0,1342374664.0,1342374920.0,1342375176.0,1342375432.0,1342375688.0,1342375944.0,8.0,1342376200.0,1342376456.0,1342376712.0,1342376968.0,1342377224.0,1342377480.0,1342377736.0,1342377992.0,8.0,1342439688.0,1342439944.0,1342440200.0,1342440456.0,1342440712.0,1342440968.0,1342441224.0,1342441480.0,3.0,1.0,0.0,0.0,2.0,45.0,45.0,4.0,80.0,244.0,0.0,0.0,8.0,0.0,252.0,170.0,170.0,0.0,0.0,85.0,4.0,5.0,146.0,1813.0,5.0,6.0,2.0,16.0,0.0,0.0,0.0,0.0,0.0,0.0,0.0,0.0,0.0,0.0,0.0,0.0,0.0,0.0,0.0,0.0,8.0,0.0,0.0,0.0,2.0,0.0,0.0,0.0,0.0,2.0,128.0,0.0,0.0,0.0,0.0,131473.0,0.0,340445200.0,34044205.0,1.08,129.0,0.0,2000.0,0.0,0.0,0.0,0.0,0.0,0.0,0.0,1.0,0.0,0.0,0.0,0.0,0.0,0.0,0.0,0.0,0.0,0.0,0.0,0.0,0.0,0.0,0.0,0.0,0.0,0.0,0.0,0.0,0.0,0.0,0.0,1.0,0.0,0.0,0.0,0.0,0.0,0.0,0.0,0.0,0.0,0.0,0.0,0.0,0.0,0.0,0.0,0.0,0.0,0.0,0.0,0.0,0.0,0.0,0.0,0.0,0.0,0.0,0.0,0.0,0.0,0.0,0.0,0.0,0.0,0.0,0.0,0.0,0.0,0.0,0.0,0.0,0.0,0.0,0.0,0.0,0.0,0.0,0.0,0.0,1.0,1.0,0.0,0.0,6000.0,0.0,0.0,0.0,0.0,0.0,0.0,
311,0.0,0.0,0.0,0.0,0.0,0.0,3.0,1.0,1.0,1.0,3.0,1.0,1.0,1.0,4.0,1275.0,3408965.0,65543.0,0.0,2.0,1537.0,1409.0,5.0,513.0,255.0,0.0,0.0,0.0,2.0,1644167432.0,1644167688.0,5.0,417.0,254.0,0.0,0.0,0.0,5.0,449.0,254.0,0.0,0.0,0.0,5.0,481.0,254.0,0.0,0.0,0.0,5.0,673.0,254.0,0.0,0.0,0.0,5.0,705.0,254.0,0.0,0.0,0.0,5.0,737.0,254.0,0.0,0.0,0.0,4.0,1342177544.0,1342177800.0,1342178056.0,1342178312.0,8.0,1342243080.0,1342243336.0,1342243592.0,1342243848.0,1342244104.0,1342244360.0,1342244616.0,1342244872.0,4.0,1342308624.0,1342308880.0,1342309136.0,1342309392.0,8.0,1342374152.0,1342374408.0,1342374664.0,1342374920.0,1342375176.0,1342375432.0,1342375688.0,1342375944.0,8.0,1342376200.0,1342376456.0,1342376712.0,1342376968.0,1342377224.0,1342377480.0,1342377736.0,1342377992.0,8.0,1342439688.0,1342439944.0,1342440200.0,1342440456.0,1342440712.0,1342440968.0,1342441224.0,1342441480.0,3.0,1.0,0.0,0.0,2.0,45.0,45.0,4.0,80.0,244.0,0.0,0.0,8.0,0.0,252.0,170.0,42.0,0.0,0.0,85.0,4.0,5.0,146.0,1813.0,5.0,6.0,2.0,16.0,0.0,0.0,0.0,0.0,0.0,0.0,0.0,0.0,0.0,0.0,0.0,0.0,0.0,0.0,0.0,0.0,8.0,0.0,0.0,0.0,2.0,0.0,0.0,0.0,0.0,2.0,0.0,0.0,0.0,0.0,0.0,131473.0,0.0,340445200.0,34044205.0,1.08,129.0,0.0,2000.0,0.0,0.0,0.0,0.0,0.0,0.0,0.0,1.0,0.0,0.0,0.0,0.0,0.0,0.0,0.0,0.0,0.0,0.0,0.0,0.0,0.0,0.0,0.0,0.0,0.0,0.0,0.0,0.0,0.0,0.0,0.0,1.0,0.0,0.0,0.0,0.0,0.0,0.0,0.0,0.0,0.0,0.0,0.0,0.0,0.0,0.0,0.0,0.0,0.0,0.0,0.0,0.0,0.0,0.0,0.0,0.0,0.0,0.0,0.0,0.0,0.0,0.0,0.0,0.0,0.0,0.0,0.0,0.0,0.0,0.0,0.0,0.0,0.0,0.0,0.0,0.0,0.0,0.0,0.0,0.0,1.0,0.0,0.0,0.0,6000.0,0.0,0.0,0.0,0.0,0.0,0.0,
314,0.0,0.0,0.0,0.0,0.0,0.0,3.0,1.0,1.0,1.0,3.0,1.0,1.0,1.0,4.0,1275.0,3408965.0,65543.0,0.0,2.0,1537.0,1409.0,5.0,513.0,255.0,0.0,0.0,0.0,2.0,1644167432.0,1644167688.0,5.0,417.0,254.0,0.0,0.0,0.0,5.0,449.0,254.0,0.0,0.0,0.0,5.0,481.0,254.0,0.0,0.0,0.0,5.0,673.0,254.0,0.0,0.0,0.0,5.0,705.0,254.0,0.0,0.0,0.0,5.0,737.0,254.0,0.0,0.0,0.0,4.0,1342177544.0,1342177800.0,1342178056.0,1342178312.0,8.0,1342243080.0,1342243336.0,1342243592.0,1342243848.0,1342244104.0,1342244360.0,1342244616.0,1342244872.0,4.0,1342308624.0,1342308880.0,1342309136.0,1342309392.0,8.0,1342374152.0,1342374408.0,1342374664.0,1342374920.0,1342375176.0,1342375432.0,1342375688.0,1342375944.0,8.0,1342376200.0,1342376456.0,1342376712.0,1342376968.0,1342377224.0,1342377480.0,1342377736.0,1342377992.0,8.0,1342439688.0,1342439944.0,1342440200.0,1342440456.0,1342440712.0,1342440968.0,1342441224.0,1342441480.0,3.0,1.0,0.0,0.0,2.0,45.0,45.0,4.0,80.0,244.0,0.0,0.0,8.0,0.0,252.0,170.0,170.0,0.0,0.0,85.0,4.0,5.0,146.0,1813.0,5.0,6.0,2.0,16.0,0.0,0.0,0.0,0.0,0.0,0.0,0.0,0.0,0.0,0.0,0.0,0.0,0.0,0.0,0.0,0.0,8.0,0.0,0.0,0.0,2.0,0.0,0.0,0.0,0.0,2.0,128.0,0.0,0.0,0.0,0.0,131473.0,0.0,340445200.0,34044205.0,1.08,129.0,0.0,2000.0,0.0,0.0,0.0,0.0,0.0,0.0,0.0,1.0,0.0,0.0,0.0,0.0,0.0,0.0,0.0,0.0,0.0,0.0,0.0,0.0,0.0,0.0,0.0,0.0,0.0,0.0,0.0,0.0,0.0,0.0,0.0,1.0,0.0,0.0,0.0,0.0,0.0,0.0,0.0,0.0,0.0,0.0,0.0,0.0,0.0,0.0,0.0,0.0,0.0,0.0,0.0,0.0,0.0,0.0,0.0,0.0,0.0,0.0,0.0,0.0,0.0,0.0,0.0,0.0,0.0,0.0,0.0,0.0,0.0,0.0,0.0,0.0,1.78,1.669,0.0,0.0,0.0,0.0,0.0,0.0,1.0,1.0,0.0,0.0,6000.0,0.0,0.0,0.0,0.0,0.0,0.0,
317,0.0,0.0,0.0,0.0,0.0,0.0,3.0,1.0,1.0,1.0,3.0,1.0,1.0,1.0,4.0,1275.0,3408965.0,65543.0,0.0,2.0,1537.0,1409.0,5.0,513.0,255.0,0.0,0.0,0.0,2.0,1644167432.0,1644167688.0,5.0,417.0,254.0,0.0,0.0,0.0,5.0,449.0,254.0,0.0,0.0,0.0,5.0,481.0,254.0,0.0,0.0,0.0,5.0,673.0,254.0,0.0,0.0,0.0,5.0,705.0,254.0,0.0,0.0,0.0,5.0,737.0,254.0,0.0,0.0,0.0,4.0,1342177544.0,1342177800.0,1342178056.0,1342178312.0,8.0,1342243080.0,1342243336.0,1342243592.0,1342243848.0,1342244104.0,1342244360.0,1342244616.0,1342244872.0,4.0,1342308624.0,1342308880.0,1342309136.0,1342309392.0,8.0,1342374152.0,1342374408.0,1342374664.0,1342374920.0,1342375176.0,1342375432.0,1342375688.0,1342375944.0,8.0,1342376200.0,1342376456.0,1342376712.0,1342376968.0,1342377224.0,1342377480.0,1342377736.0,1342377992.0,8.0,1342439688.0,1342439944.0,1342440200.0,1342440456.0,1342440712.0,1342440968.0,1342441224.0,1342441480.0,3.0,1.0,0.0,0.0,2.0,45.0,45.0,4.0,80.0,244.0,0.0,0.0,8.0,0.0,252.0,170.0,170.0,0.0,0.0,85.0,4.0,5.0,146.0,1813.0,5.0,6.0,2.0,16.0,0.0,0.0,0.0,0.0,0.0,0.0,0.0,0.0,0.0,0.0,0.0,0.0,0.0,0.0,0.0,0.0,8.0,0.0,0.0,0.0,2.0,0.0,0.0,0.0,0.0,2.0,0.0,0.0,0.0,0.0,0.0,131473.0,0.0,340445200.0,34044205.0,1.08,129.0,0.0,2000.0,0.0,0.0,0.0,0.0,0.0,0.0,0.0,1.0,0.0,0.0,0.0,0.0,0.0,0.0,0.0,0.0,0.0,0.0,0.0,0.0,0.0,0.0,0.0,0.0,0.0,0.0,0.0,0.0,0.0,0.0,0.0,1.0,0.0,0.0,0.0,0.0,0.0,0.0,0.0,0.0,0.0,0.0,0.0,0.0,0.0,0.0,0.0,0.0,0.0,0.0,0.0,0.0,0.0,0.0,0.0,0.0,0.0,0.0,0.0,0.0,0.0,0.0,0.0,0.0,0.0,0.0,0.0,0.0,0.0,0.0,0.0,0.0,0.0,0.0,0.0,0.0,0.0,0.0,0.0,0.0,1.0,0.0,0.0,0.0,6000.0,0.0,0.0,0.0,0.0,0.0,0.0,
326,0.0,0.0,0.0,0.0,0.0,0.0,3.0,1.0,1.0,1.0,3.0,1.0,1.0,1.0,4.0,1275.0,3408965.0,65543.0,0.0,2.0,1537.0,1409.0,5.0,513.0,255.0,0.0,0.0,0.0,2.0,1644167432.0,1644167688.0,5.0,417.0,254.0,0.0,0.0,0.0,5.0,449.0,254.0,0.0,0.0,0.0,5.0,481.0,254.0,0.0,0.0,0.0,5.0,673.0,254.0,0.0,0.0,0.0,5.0,705.0,254.0,0.0,0.0,0.0,5.0,737.0,254.0,0.0,0.0,0.0,4.0,1342177544.0,1342177800.0,1342178056.0,1342178312.0,8.0,1342243080.0,1342243336.0,1342243592.0,1342243848.0,1342244104.0,1342244360.0,1342244616.0,1342244872.0,4.0,1342308624.0,1342308880.0,1342309136.0,1342309392.0,8.0,1342374152.0,1342374408.0,1342374664.0,1342374920.0,1342375176.0,1342375432.0,1342375688.0,1342375944.0,8.0,1342376200.0,1342376456.0,1342376712.0,1342376968.0,1342377224.0,1342377480.0,1342377736.0,1342377992.0,8.0,1342439688.0,1342439944.0,1342440200.0,1342440456.0,1342440712.0,1342440968.0,1342441224.0,1342441480.0,3.0,1.0,0.0,0.0,2.0,45.0,45.0,4.0,80.0,244.0,0.0,0.0,8.0,0.0,252.0,170.0,170.0,0.0,0.0,85.0,4.0,5.0,146.0,1813.0,5.0,6.0,2.0,16.0,0.0,0.0,0.0,0.0,0.0,0.0,0.0,0.0,0.0,0.0,0.0,0.0,0.0,0.0,0.0,0.0,8.0,0.0,0.0,0.0,2.0,0.0,0.0,0.0,0.0,2.0,0.0,0.0,0.0,0.0,0.0,131473.0,0.0,340445200.0,34044205.0,1.08,129.0,0.0,2000.0,0.0,0.0,0.0,0.0,0.0,0.0,0.0,1.0,0.0,0.0,0.0,0.0,0.0,0.0,0.0,0.0,0.0,0.0,0.0,0.0,0.0,0.0,0.0,0.0,0.0,0.0,0.0,0.0,0.0,0.0,0.0,0.0,1.0,0.0,0.0,0.0,0.0,0.0,0.0,0.0,0.0,0.0,0.0,0.0,0.0,0.0,0.0,0.0,0.0,0.0,0.0,0.0,0.0,0.0,0.0,0.0,0.0,0.0,0.0,0.0,0.0,0.0,0.0,0.0,0.0,0.0,0.0,0.0,0.0,0.0,0.0,0.0,0.0,0.0,0.0,0.0,0.0,0.0,0.0,0.0,1.0,0.0,0.0,0.0,6000.0,0.0,0.0,0.0,0.0,0.0,0.0,
329,0.0,0.0,0.0,0.0,0.0,0.0,3.0,1.0,1.0,1.0,3.0,1.0,1.0,1.0,4.0,1275.0,3408965.0,65543.0,0.0,2.0,1537.0,1409.0,5.0,513.0,255.0,0.0,0.0,0.0,2.0,1644167432.0,1644167688.0,5.0,417.0,254.0,0.0,0.0,0.0,5.0,449.0,254.0,0.0,0.0,0.0,5.0,481.0,254.0,0.0,0.0,0.0,5.0,673.0,254.0,0.0,0.0,0.0,5.0,705.0,254.0,0.0,0.0,0.0,5.0,737.0,254.0,0.0,0.0,0.0,4.0,1342177544.0,1342177800.0,1342178056.0,1342178312.0,8.0,1342243080.0,1342243336.0,1342243592.0,1342243848.0,1342244104.0,1342244360.0,1342244616.0,1342244872.0,4.0,1342308624.0,1342308880.0,1342309136.0,1342309392.0,8.0,1342374152.0,1342374408.0,1342374664.0,1342374920.0,1342375176.0,1342375432.0,1342375688.0,1342375944.0,8.0,1342376200.0,1342376456.0,1342376712.0,1342376968.0,1342377224.0,1342377480.0,1342377736.0,1342377992.0,8.0,1342439688.0,1342439944.0,1342440200.0,1342440456.0,1342440712.0,1342440968.0,1342441224.0,1342441480.0,3.0,1.0,0.0,0.0,2.0,45.0,45.0,4.0,80.0,244.0,0.0,0.0,8.0,0.0,252.0,170.0,170.0,2.0,0.0,85.0,4.0,5.0,146.0,1813.0,5.0,6.0,2.0,16.0,0.0,0.0,0.0,0.0,0.0,0.0,0.0,0.0,0.0,0.0,0.0,0.0,0.0,0.0,0.0,0.0,8.0,0.0,0.0,0.0,2.0,0.0,0.0,0.0,0.0,2.0,0.0,1.0,0.0,0.0,0.0,131473.0,0.0,340445200.0,34044205.0,1.08,129.0,0.0,2000.0,0.0,0.0,0.0,0.0,0.0,0.0,0.0,1.0,0.0,0.0,0.0,0.0,0.0,0.0,0.0,0.0,0.0,0.0,0.0,0.0,0.0,0.0,0.0,0.0,0.0,0.0,0.0,0.0,0.0,0.0,0.0,0.0,1.0,0.0,0.0,0.0,0.0,0.0,0.0,0.0,0.0,0.0,0.0,0.0,0.0,0.0,0.0,0.0,0.0,0.0,0.0,0.0,0.0,0.0,0.0,0.0,0.0,0.0,0.0,0.0,0.0,0.0,0.0,0.0,0.0,0.0,0.0,0.0,0.0,0.0,0.0,0.0,3.26,1.858,0.0,0.0,0.0,0.0,0.0,0.0,1.0,1.0,0.0,0.0,6000.0,0.0,0.0,0.0,0.0,0.0,0.0,
332,0.0,0.0,0.0,0.0,0.0,0.0,3.0,1.0,1.0,1.0,3.0,1.0,1.0,1.0,4.0,1275.0,3408965.0,65543.0,0.0,2.0,1537.0,1409.0,5.0,513.0,255.0,0.0,0.0,0.0,2.0,1644167432.0,1644167688.0,5.0,417.0,254.0,0.0,0.0,0.0,5.0,449.0,254.0,0.0,0.0,0.0,5.0,481.0,254.0,0.0,0.0,0.0,5.0,673.0,254.0,0.0,0.0,0.0,5.0,705.0,254.0,0.0,0.0,0.0,5.0,737.0,254.0,0.0,0.0,0.0,4.0,1342177544.0,1342177800.0,1342178056.0,1342178312.0,8.0,1342243080.0,1342243336.0,1342243592.0,1342243848.0,1342244104.0,1342244360.0,1342244616.0,1342244872.0,4.0,1342308624.0,1342308880.0,1342309136.0,1342309392.0,8.0,1342374152.0,1342374408.0,1342374664.0,1342374920.0,1342375176.0,1342375432.0,1342375688.0,1342375944.0,8.0,1342376200.0,1342376456.0,1342376712.0,1342376968.0,1342377224.0,1342377480.0,1342377736.0,1342377992.0,8.0,1342439688.0,1342439944.0,1342440200.0,1342440456.0,1342440712.0,1342440968.0,1342441224.0,1342441480.0,3.0,1.0,0.0,0.0,2.0,45.0,45.0,4.0,80.0,244.0,0.0,0.0,8.0,0.0,252.0,170.0,170.0,0.0,0.0,85.0,4.0,5.0,146.0,1813.0,5.0,6.0,2.0,16.0,0.0,0.0,0.0,0.0,0.0,0.0,0.0,0.0,0.0,0.0,0.0,0.0,0.0,0.0,0.0,0.0,8.0,0.0,0.0,0.0,2.0,0.0,0.0,0.0,0.0,2.0,0.0,0.0,0.0,0.0,0.0,131473.0,0.0,340445200.0,34044205.0,1.08,129.0,0.0,2000.0,0.0,0.0,0.0,0.0,0.0,0.0,0.0,1.0,0.0,0.0,0.0,0.0,0.0,0.0,0.0,0.0,0.0,0.0,0.0,0.0,0.0,0.0,0.0,0.0,0.0,0.0,0.0,0.0,0.0,0.0,0.0,0.0,1.0,0.0,0.0,0.0,0.0,0.0,0.0,0.0,0.0,0.0,0.0,0.0,0.0,0.0,0.0,0.0,0.0,0.0,0.0,0.0,0.0,0.0,0.0,0.0,0.0,0.0,0.0,0.0,0.0,0.0,0.0,0.0,0.0,0.0,0.0,0.0,0.0,0.0,0.0,0.0,0.0,0.0,0.0,0.0,0.0,0.0,0.0,0.0,1.0,0.0,0.0,0.0,6000.0,0.0,0.0,0.0,0.0,0.0,0.0,
335,0.0,0.0,0.0,0.0,0.0,0.0,3.0,1.0,1.0,1.0,3.0,1.0,1.0,1.0,4.0,1275.0,3408965.0,65543.0,0.0,2.0,1537.0,1409.0,5.0,513.0,255.0,0.0,0.0,0.0,2.0,1644167432.0,1644167688.0,5.0,417.0,254.0,0.0,0.0,0.0,5.0,449.0,254.0,0.0,0.0,0.0,5.0,481.0,254.0,0.0,0.0,0.0,5.0,673.0,254.0,0.0,0.0,0.0,5.0,705.0,254.0,0.0,0.0,0.0,5.0,737.0,254.0,0.0,0.0,0.0,4.0,1342177544.0,1342177800.0,1342178056.0,1342178312.0,8.0,1342243080.0,1342243336.0,1342243592.0,1342243848.0,1342244104.0,1342244360.0,1342244616.0,1342244872.0,4.0,1342308624.0,1342308880.0,1342309136.0,1342309392.0,8.0,1342374152.0,1342374408.0,1342374664.0,1342374920.0,1342375176.0,1342375432.0,1342375688.0,1342375944.0,8.0,1342376200.0,1342376456.0,1342376712.0,1342376968.0,1342377224.0,1342377480.0,1342377736.0,1342377992.0,8.0,1342439688.0,1342439944.0,1342440200.0,1342440456.0,1342440712.0,1342440968.0,1342441224.0,1342441480.0,3.0,1.0,0.0,0.0,2.0,45.0,45.0,4.0,80.0,244.0,0.0,0.0,8.0,0.0,252.0,170.0,170.0,2.0,0.0,85.0,4.0,5.0,146.0,1813.0,5.0,6.0,2.0,16.0,0.0,0.0,0.0,0.0,0.0,0.0,0.0,0.0,0.0,0.0,0.0,0.0,0.0,0.0,0.0,0.0,8.0,0.0,0.0,0.0,2.0,0.0,0.0,0.0,0.0,2.0,0.0,1.0,0.0,0.0,0.0,131473.0,0.0,340445200.0,34044205.0,1.08,129.0,0.0,2000.0,0.0,0.0,0.0,0.0,0.0,0.0,0.0,1.0,0.0,0.0,0.0,0.0,0.0,0.0,0.0,0.0,0.0,0.0,0.0,0.0,0.0,0.0,0.0,0.0,0.0,0.0,0.0,0.0,0.0,0.0,0.0,0.0,1.0,0.0,0.0,0.0,0.0,0.0,0.0,0.0,0.0,0.0,0.0,0.0,0.0,0.0,0.0,0.0,0.0,0.0,0.0,0.0,0.0,0.0,0.0,0.0,0.0,0.0,0.0,0.0,0.0,0.0,0.0,0.0,0.0,0.0,0.0,0.0,0.0,0.0,0.0,0.0,2.717,2.522,0.0,0.0,0.0,0.0,0.0,0.0,1.0,1.0,0.0,0.0,6000.0,0.0,0.0,0.0,0.0,0.0,0.0,
338,0.0,0.0,0.0,0.0,0.0,0.0,3.0,1.0,1.0,1.0,3.0,1.0,1.0,1.0,4.0,1275.0,3408965.0,65543.0,0.0,2.0,1537.0,1409.0,5.0,513.0,255.0,0.0,0.0,0.0,2.0,1644167432.0,1644167688.0,5.0,417.0,254.0,0.0,0.0,0.0,5.0,449.0,254.0,0.0,0.0,0.0,5.0,481.0,254.0,0.0,0.0,0.0,5.0,673.0,254.0,0.0,0.0,0.0,5.0,705.0,254.0,0.0,0.0,0.0,5.0,737.0,254.0,0.0,0.0,0.0,4.0,1342177544.0,1342177800.0,1342178056.0,1342178312.0,8.0,1342243080.0,1342243336.0,1342243592.0,1342243848.0,1342244104.0,1342244360.0,1342244616.0,1342244872.0,4.0,1342308624.0,1342308880.0,1342309136.0,1342309392.0,8.0,1342374152.0,1342374408.0,1342374664.0,1342374920.0,1342375176.0,1342375432.0,1342375688.0,1342375944.0,8.0,1342376200.0,1342376456.0,1342376712.0,1342376968.0,1342377224.0,1342377480.0,1342377736.0,1342377992.0,8.0,1342439688.0,1342439944.0,1342440200.0,1342440456.0,1342440712.0,1342440968.0,1342441224.0,1342441480.0,3.0,1.0,0.0,0.0,2.0,45.0,45.0,4.0,80.0,244.0,0.0,0.0,8.0,0.0,252.0,170.0,170.0,0.0,0.0,85.0,4.0,5.0,146.0,1813.0,5.0,6.0,2.0,16.0,0.0,0.0,0.0,0.0,0.0,0.0,0.0,0.0,0.0,0.0,0.0,0.0,0.0,0.0,0.0,0.0,8.0,0.0,0.0,0.0,2.0,0.0,0.0,0.0,0.0,2.0,0.0,0.0,0.0,0.0,0.0,131473.0,0.0,340445200.0,34044205.0,1.08,129.0,0.0,2000.0,0.0,0.0,0.0,0.0,0.0,0.0,0.0,1.0,0.0,0.0,0.0,0.0,0.0,0.0,0.0,0.0,0.0,0.0,0.0,0.0,0.0,0.0,0.0,0.0,0.0,0.0,0.0,0.0,0.0,0.0,0.0,0.0,1.0,0.0,0.0,0.0,0.0,0.0,0.0,0.0,0.0,0.0,0.0,0.0,0.0,0.0,0.0,0.0,0.0,0.0,0.0,0.0,0.0,0.0,0.0,0.0,0.0,0.0,0.0,0.0,0.0,0.0,0.0,0.0,0.0,0.0,0.0,0.0,0.0,0.0,0.0,0.0,0.0,0.0,0.0,0.0,0.0,0.0,0.0,0.0,1.0,0.0,0.0,0.0,6000.0,0.0,0.0,0.0,0.0,0.0,0.0,
341,0.0,0.0,0.0,0.0,0.0,0.0,3.0,1.0,1.0,1.0,3.0,1.0,1.0,1.0,4.0,1275.0,3408965.0,65543.0,0.0,2.0,1537.0,1409.0,5.0,513.0,255.0,0.0,0.0,0.0,2.0,1644167432.0,1644167688.0,5.0,417.0,254.0,0.0,0.0,0.0,5.0,449.0,254.0,0.0,0.0,0.0,5.0,481.0,254.0,0.0,0.0,0.0,5.0,673.0,254.0,0.0,0.0,0.0,5.0,705.0,254.0,0.0,0.0,0.0,5.0,737.0,254.0,0.0,0.0,0.0,4.0,1342177544.0,1342177800.0,1342178056.0,1342178312.0,8.0,1342243080.0,1342243336.0,1342243592.0,1342243848.0,1342244104.0,1342244360.0,1342244616.0,1342244872.0,4.0,1342308624.0,1342308880.0,1342309136.0,1342309392.0,8.0,1342374152.0,1342374408.0,1342374664.0,1342374920.0,1342375176.0,1342375432.0,1342375688.0,1342375944.0,8.0,1342376200.0,1342376456.0,1342376712.0,1342376968.0,1342377224.0,1342377480.0,1342377736.0,1342377992.0,8.0,1342439688.0,1342439944.0,1342440200.0,1342440456.0,1342440712.0,1342440968.0,1342441224.0,1342441480.0,3.0,1.0,0.0,0.0,2.0,45.0,45.0,4.0,80.0,244.0,0.0,0.0,8.0,0.0,252.0,170.0,170.0,2.0,0.0,85.0,4.0,5.0,146.0,1813.0,5.0,6.0,2.0,16.0,0.0,0.0,0.0,0.0,0.0,0.0,0.0,0.0,0.0,0.0,0.0,0.0,0.0,0.0,0.0,0.0,8.0,0.0,0.0,0.0,2.0,0.0,0.0,0.0,0.0,2.0,0.0,1.0,0.0,0.0,0.0,131473.0,0.0,340445200.0,34044205.0,1.08,129.0,0.0,2000.0,0.0,0.0,0.0,0.0,0.0,0.0,0.0,1.0,0.0,0.0,0.0,0.0,0.0,0.0,0.0,0.0,0.0,0.0,0.0,0.0,0.0,0.0,0.0,0.0,0.0,0.0,0.0,0.0,0.0,0.0,0.0,0.0,1.0,0.0,0.0,0.0,0.0,0.0,0.0,0.0,0.0,0.0,0.0,0.0,0.0,0.0,0.0,0.0,0.0,0.0,0.0,0.0,0.0,0.0,0.0,0.0,0.0,0.0,0.0,0.0,0.0,0.0,0.0,0.0,0.0,0.0,0.0,0.0,0.0,0.0,0.0,0.0,0.0,0.0,0.0,0.0,0.0,0.0,0.0,0.0,1.0,1.0,0.0,0.0,6000.0,0.0,0.0,0.0,0.0,0.0,0.0,
344,0.0,0.0,0.0,0.0,0.0,0.0,3.0,1.0,1.0,1.0,3.0,1.0,1.0,1.0,4.0,1275.0,3408965.0,65543.0,0.0,2.0,1537.0,1409.0,5.0,513.0,255.0,0.0,0.0,0.0,2.0,1644167432.0,1644167688.0,5.0,417.0,254.0,0.0,0.0,0.0,5.0,449.0,254.0,0.0,0.0,0.0,5.0,481.0,254.0,0.0,0.0,0.0,5.0,673.0,254.0,0.0,0.0,0.0,5.0,705.0,254.0,0.0,0.0,0.0,5.0,737.0,254.0,0.0,0.0,0.0,4.0,1342177544.0,1342177800.0,1342178056.0,1342178312.0,8.0,1342243080.0,1342243336.0,1342243592.0,1342243848.0,1342244104.0,1342244360.0,1342244616.0,1342244872.0,4.0,1342308624.0,1342308880.0,1342309136.0,1342309392.0,8.0,1342374152.0,1342374408.0,1342374664.0,1342374920.0,1342375176.0,1342375432.0,1342375688.0,1342375944.0,8.0,1342376200.0,1342376456.0,1342376712.0,1342376968.0,1342377224.0,1342377480.0,1342377736.0,1342377992.0,8.0,1342439688.0,1342439944.0,1342440200.0,1342440456.0,1342440712.0,1342440968.0,1342441224.0,1342441480.0,3.0,1.0,0.0,0.0,2.0,45.0,45.0,4.0,80.0,244.0,0.0,0.0,8.0,0.0,252.0,170.0,170.0,0.0,0.0,85.0,4.0,5.0,146.0,1813.0,5.0,6.0,2.0,16.0,0.0,0.0,0.0,0.0,0.0,0.0,0.0,0.0,0.0,0.0,0.0,0.0,0.0,0.0,0.0,0.0,8.0,0.0,0.0,0.0,2.0,0.0,0.0,0.0,0.0,2.0,0.0,0.0,0.0,0.0,0.0,131473.0,0.0,340445200.0,34044205.0,1.08,129.0,0.0,2000.0,0.0,0.0,0.0,0.0,0.0,0.0,0.0,1.0,0.0,0.0,0.0,0.0,0.0,0.0,0.0,0.0,0.0,0.0,0.0,0.0,0.0,0.0,0.0,0.0,0.0,0.0,0.0,0.0,0.0,0.0,0.0,0.0,1.0,0.0,0.0,0.0,0.0,0.0,0.0,0.0,0.0,0.0,0.0,0.0,0.0,0.0,0.0,0.0,0.0,0.0,0.0,0.0,0.0,0.0,0.0,0.0,0.0,0.0,0.0,0.0,0.0,0.0,0.0,0.0,0.0,0.0,0.0,0.0,0.0,0.0,0.0,0.0,0.0,0.0,0.0,0.0,0.0,0.0,0.0,0.0,1.0,0.0,0.0,0.0,6000.0,0.0,0.0,0.0,0.0,0.0,0.0,
347,0.0,0.0,0.0,0.0,0.0,0.0,3.0,1.0,1.0,1.0,3.0,1.0,1.0,1.0,4.0,1275.0,3408965.0,65543.0,0.0,2.0,1537.0,1409.0,5.0,513.0,255.0,0.0,0.0,0.0,2.0,1644167432.0,1644167688.0,5.0,417.0,254.0,0.0,0.0,0.0,5.0,449.0,254.0,0.0,0.0,0.0,5.0,481.0,254.0,0.0,0.0,0.0,5.0,673.0,254.0,0.0,0.0,0.0,5.0,705.0,254.0,0.0,0.0,0.0,5.0,737.0,254.0,0.0,0.0,0.0,4.0,1342177544.0,1342177800.0,1342178056.0,1342178312.0,8.0,1342243080.0,1342243336.0,1342243592.0,1342243848.0,1342244104.0,1342244360.0,1342244616.0,1342244872.0,4.0,1342308624.0,1342308880.0,1342309136.0,1342309392.0,8.0,1342374152.0,1342374408.0,1342374664.0,1342374920.0,1342375176.0,1342375432.0,1342375688.0,1342375944.0,8.0,1342376200.0,1342376456.0,1342376712.0,1342376968.0,1342377224.0,1342377480.0,1342377736.0,1342377992.0,8.0,1342439688.0,1342439944.0,1342440200.0,1342440456.0,1342440712.0,1342440968.0,1342441224.0,1342441480.0,3.0,1.0,0.0,0.0,2.0,45.0,45.0,4.0,80.0,244.0,0.0,0.0,8.0,0.0,252.0,170.0,170.0,2.0,0.0,85.0,4.0,5.0,146.0,1813.0,5.0,6.0,2.0,16.0,0.0,0.0,0.0,0.0,0.0,0.0,0.0,0.0,0.0,0.0,0.0,0.0,0.0,0.0,0.0,0.0,8.0,0.0,0.0,0.0,2.0,0.0,0.0,0.0,0.0,2.0,0.0,1.0,0.0,0.0,0.0,131473.0,0.0,340445200.0,34044205.0,1.08,129.0,0.0,2000.0,0.0,0.0,0.0,0.0,0.0,0.0,0.0,1.0,0.0,0.0,0.0,0.0,0.0,0.0,0.0,0.0,0.0,0.0,0.0,0.0,0.0,0.0,0.0,0.0,0.0,0.0,0.0,0.0,0.0,0.0,0.0,0.0,1.0,0.0,0.0,0.0,0.0,0.0,0.0,0.0,0.0,0.0,0.0,0.0,0.0,0.0,0.0,0.0,0.0,0.0,0.0,0.0,0.0,0.0,0.0,0.0,0.0,0.0,0.0,0.0,0.0,0.0,0.0,0.0,0.0,0.0,0.0,0.0,0.0,0.0,0.0,0.0,3.312,2.368,0.0,0.0,0.0,0.0,0.0,0.0,1.0,1.0,0.0,0.0,6000.0,0.0,0.0,0.0,0.0,0.0,0.0,
350,0.0,0.0,0.0,0.0,0.0,0.0,3.0,1.0,1.0,1.0,3.0,1.0,1.0,1.0,4.0,1275.0,3408965.0,65543.0,0.0,2.0,1537.0,1409.0,5.0,513.0,255.0,0.0,0.0,0.0,2.0,1644167432.0,1644167688.0,5.0,417.0,254.0,0.0,0.0,0.0,5.0,449.0,254.0,0.0,0.0,0.0,5.0,481.0,254.0,0.0,0.0,0.0,5.0,673.0,254.0,0.0,0.0,0.0,5.0,705.0,254.0,0.0,0.0,0.0,5.0,737.0,254.0,0.0,0.0,0.0,4.0,1342177544.0,1342177800.0,1342178056.0,1342178312.0,8.0,1342243080.0,1342243336.0,1342243592.0,1342243848.0,1342244104.0,1342244360.0,1342244616.0,1342244872.0,4.0,1342308624.0,1342308880.0,1342309136.0,1342309392.0,8.0,1342374152.0,1342374408.0,1342374664.0,1342374920.0,1342375176.0,1342375432.0,1342375688.0,1342375944.0,8.0,1342376200.0,1342376456.0,1342376712.0,1342376968.0,1342377224.0,1342377480.0,1342377736.0,1342377992.0,8.0,1342439688.0,1342439944.0,1342440200.0,1342440456.0,1342440712.0,1342440968.0,1342441224.0,1342441480.0,3.0,1.0,0.0,0.0,2.0,45.0,45.0,4.0,80.0,244.0,0.0,0.0,8.0,0.0,252.0,170.0,170.0,0.0,0.0,85.0,4.0,5.0,146.0,1813.0,5.0,6.0,2.0,16.0,0.0,0.0,0.0,0.0,0.0,0.0,0.0,0.0,0.0,0.0,0.0,0.0,0.0,0.0,0.0,0.0,8.0,0.0,0.0,0.0,2.0,0.0,0.0,0.0,0.0,2.0,0.0,0.0,0.0,0.0,0.0,131473.0,0.0,340445200.0,34044205.0,1.08,129.0,0.0,2000.0,0.0,0.0,0.0,0.0,0.0,0.0,0.0,1.0,0.0,0.0,0.0,0.0,0.0,0.0,0.0,0.0,0.0,0.0,0.0,0.0,0.0,0.0,0.0,0.0,0.0,0.0,0.0,0.0,0.0,0.0,0.0,0.0,1.0,0.0,0.0,0.0,0.0,0.0,0.0,0.0,0.0,0.0,0.0,0.0,0.0,0.0,0.0,0.0,0.0,0.0,0.0,0.0,0.0,0.0,0.0,0.0,0.0,0.0,0.0,0.0,0.0,0.0,0.0,0.0,0.0,0.0,0.0,0.0,0.0,0.0,0.0,0.0,0.0,0.0,0.0,0.0,0.0,0.0,0.0,0.0,1.0,0.0,0.0,0.0,6000.0,0.0,0.0,0.0,0.0,0.0,0.0,
353,0.0,0.0,0.0,0.0,0.0,0.0,3.0,1.0,1.0,1.0,3.0,1.0,1.0,1.0,4.0,1275.0,3408965.0,65543.0,0.0,2.0,1537.0,1409.0,5.0,513.0,255.0,0.0,0.0,0.0,2.0,1644167432.0,1644167688.0,5.0,417.0,254.0,0.0,0.0,0.0,5.0,449.0,254.0,0.0,0.0,0.0,5.0,481.0,254.0,0.0,0.0,0.0,5.0,673.0,254.0,0.0,0.0,0.0,5.0,705.0,254.0,0.0,0.0,0.0,5.0,737.0,254.0,0.0,0.0,0.0,4.0,1342177544.0,1342177800.0,1342178056.0,1342178312.0,8.0,1342243080.0,1342243336.0,1342243592.0,1342243848.0,1342244104.0,1342244360.0,1342244616.0,1342244872.0,4.0,1342308624.0,1342308880.0,1342309136.0,1342309392.0,8.0,1342374152.0,1342374408.0,1342374664.0,1342374920.0,1342375176.0,1342375432.0,1342375688.0,1342375944.0,8.0,1342376200.0,1342376456.0,1342376712.0,1342376968.0,1342377224.0,1342377480.0,1342377736.0,1342377992.0,8.0,1342439688.0,1342439944.0,1342440200.0,1342440456.0,1342440712.0,1342440968.0,1342441224.0,1342441480.0,3.0,1.0,0.0,0.0,2.0,45.0,45.0,4.0,80.0,244.0,0.0,0.0,8.0,0.0,252.0,170.0,170.0,2.0,0.0,85.0,4.0,5.0,146.0,1813.0,5.0,6.0,2.0,16.0,0.0,0.0,0.0,0.0,0.0,0.0,0.0,0.0,0.0,0.0,0.0,0.0,0.0,0.0,0.0,0.0,8.0,0.0,0.0,0.0,2.0,0.0,0.0,0.0,0.0,2.0,0.0,1.0,0.0,0.0,0.0,131473.0,0.0,340445200.0,34044205.0,1.08,129.0,0.0,2000.0,0.0,0.0,0.0,0.0,0.0,0.0,0.0,1.0,0.0,0.0,0.0,0.0,0.0,0.0,0.0,0.0,0.0,0.0,0.0,0.0,0.0,0.0,0.0,0.0,0.0,0.0,0.0,0.0,0.0,0.0,0.0,0.0,1.0,0.0,0.0,0.0,0.0,0.0,0.0,0.0,0.0,0.0,0.0,0.0,0.0,0.0,0.0,0.0,0.0,0.0,0.0,0.0,0.0,0.0,0.0,0.0,0.0,0.0,0.0,0.0,0.0,0.0,0.0,0.0,0.0,0.0,0.0,0.0,0.0,0.0,0.0,0.0,0.0,0.0,0.0,0.0,0.0,0.0,0.0,0.0,1.0,1.0,0.0,0.0,6000.0,0.0,0.0,0.0,0.0,0.0,0.0,
356,0.0,0.0,0.0,0.0,0.0,0.0,3.0,1.0,1.0,1.0,3.0,1.0,1.0,1.0,4.0,1275.0,3408965.0,65543.0,0.0,2.0,1537.0,1409.0,5.0,513.0,255.0,0.0,0.0,0.0,2.0,1644167432.0,1644167688.0,5.0,417.0,254.0,0.0,0.0,0.0,5.0,449.0,254.0,0.0,0.0,0.0,5.0,481.0,254.0,0.0,0.0,0.0,5.0,673.0,254.0,0.0,0.0,0.0,5.0,705.0,254.0,0.0,0.0,0.0,5.0,737.0,254.0,0.0,0.0,0.0,4.0,1342177544.0,1342177800.0,1342178056.0,1342178312.0,8.0,1342243080.0,1342243336.0,1342243592.0,1342243848.0,1342244104.0,1342244360.0,1342244616.0,1342244872.0,4.0,1342308624.0,1342308880.0,1342309136.0,1342309392.0,8.0,1342374152.0,1342374408.0,1342374664.0,1342374920.0,1342375176.0,1342375432.0,1342375688.0,1342375944.0,8.0,1342376200.0,1342376456.0,1342376712.0,1342376968.0,1342377224.0,1342377480.0,1342377736.0,1342377992.0,8.0,1342439688.0,1342439944.0,1342440200.0,1342440456.0,1342440712.0,1342440968.0,1342441224.0,1342441480.0,3.0,1.0,0.0,0.0,2.0,45.0,45.0,4.0,80.0,244.0,0.0,0.0,8.0,0.0,252.0,170.0,170.0,2.0,0.0,85.0,4.0,5.0,146.0,1813.0,5.0,6.0,2.0,16.0,0.0,0.0,0.0,0.0,0.0,0.0,0.0,0.0,0.0,0.0,0.0,0.0,0.0,0.0,0.0,0.0,8.0,0.0,0.0,0.0,2.0,0.0,0.0,0.0,0.0,2.0,0.0,0.0,0.0,0.0,0.0,131473.0,0.0,340445200.0,34044205.0,1.08,129.0,0.0,2000.0,0.0,0.0,0.0,0.0,0.0,0.0,0.0,1.0,0.0,0.0,0.0,0.0,0.0,0.0,0.0,0.0,0.0,0.0,0.0,0.0,0.0,0.0,0.0,0.0,0.0,0.0,0.0,0.0,0.0,0.0,0.0,0.0,1.0,0.0,0.0,0.0,0.0,0.0,0.0,0.0,0.0,0.0,0.0,0.0,0.0,0.0,0.0,0.0,0.0,0.0,0.0,0.0,0.0,0.0,0.0,0.0,0.0,0.0,0.0,0.0,0.0,0.0,0.0,0.0,0.0,0.0,0.0,0.0,0.0,0.0,0.0,0.0,0.0,0.0,0.0,0.0,0.0,0.0,0.0,0.0,1.0,0.0,0.0,0.0,6000.0,0.0,0.0,0.0,0.0,0.0,0.0,
365,0.0,0.0,0.0,0.0,0.0,0.0,3.0,1.0,1.0,1.0,3.0,1.0,1.0,1.0,4.0,1275.0,3408965.0,65543.0,0.0,2.0,1537.0,1409.0,5.0,513.0,255.0,0.0,0.0,0.0,2.0,1644167432.0,1644167688.0,5.0,417.0,254.0,0.0,0.0,0.0,5.0,449.0,254.0,0.0,0.0,0.0,5.0,481.0,254.0,0.0,0.0,0.0,5.0,673.0,254.0,0.0,0.0,0.0,5.0,705.0,254.0,0.0,0.0,0.0,5.0,737.0,254.0,0.0,0.0,0.0,4.0,1342177544.0,1342177800.0,1342178056.0,1342178312.0,8.0,1342243080.0,1342243336.0,1342243592.0,1342243848.0,1342244104.0,1342244360.0,1342244616.0,1342244872.0,4.0,1342308624.0,1342308880.0,1342309136.0,1342309392.0,8.0,1342374152.0,1342374408.0,1342374664.0,1342374920.0,1342375176.0,1342375432.0,1342375688.0,1342375944.0,8.0,1342376200.0,1342376456.0,1342376712.0,1342376968.0,1342377224.0,1342377480.0,1342377736.0,1342377992.0,8.0,1342439688.0,1342439944.0,1342440200.0,1342440456.0,1342440712.0,1342440968.0,1342441224.0,1342441480.0,3.0,1.0,0.0,0.0,2.0,45.0,45.0,4.0,80.0,244.0,0.0,0.0,8.0,0.0,252.0,170.0,170.0,2.0,0.0,85.0,4.0,5.0,146.0,1813.0,5.0,6.0,2.0,16.0,0.0,0.0,0.0,0.0,0.0,0.0,0.0,0.0,0.0,0.0,0.0,0.0,0.0,0.0,0.0,0.0,8.0,0.0,0.0,0.0,2.0,0.0,0.0,0.0,0.0,2.0,0.0,0.0,0.0,0.0,0.0,131473.0,0.0,340445200.0,34044205.0,1.08,129.0,0.0,2000.0,0.0,0.0,0.0,0.0,0.0,0.0,0.0,1.0,0.0,0.0,0.0,0.0,0.0,0.0,0.0,0.0,0.0,0.0,0.0,0.0,0.0,0.0,0.0,0.0,0.0,0.0,0.0,0.0,0.0,0.0,0.0,0.0,0.0,1.0,0.0,0.0,0.0,0.0,0.0,0.0,0.0,0.0,0.0,0.0,0.0,0.0,0.0,0.0,0.0,0.0,0.0,0.0,0.0,0.0,0.0,0.0,0.0,0.0,0.0,0.0,0.0,0.0,0.0,0.0,0.0,0.0,0.0,0.0,0.0,0.0,0.0,0.0,0.0,0.0,0.0,0.0,0.0,0.0,0.0,0.0,1.0,0.0,0.0,0.0,6000.0,0.0,0.0,0.0,0.0,0.0,0.0,
368,0.0,0.0,0.0,0.0,0.0,0.0,3.0,1.0,1.0,1.0,3.0,1.0,1.0,1.0,4.0,1275.0,3408965.0,65543.0,0.0,2.0,1537.0,1409.0,5.0,513.0,255.0,0.0,0.0,0.0,2.0,1644167432.0,1644167688.0,5.0,417.0,254.0,0.0,0.0,0.0,5.0,449.0,254.0,0.0,0.0,0.0,5.0,481.0,254.0,0.0,0.0,0.0,5.0,673.0,254.0,0.0,0.0,0.0,5.0,705.0,254.0,0.0,0.0,0.0,5.0,737.0,254.0,0.0,0.0,0.0,4.0,1342177544.0,1342177800.0,1342178056.0,1342178312.0,8.0,1342243080.0,1342243336.0,1342243592.0,1342243848.0,1342244104.0,1342244360.0,1342244616.0,1342244872.0,4.0,1342308624.0,1342308880.0,1342309136.0,1342309392.0,8.0,1342374152.0,1342374408.0,1342374664.0,1342374920.0,1342375176.0,1342375432.0,1342375688.0,1342375944.0,8.0,1342376200.0,1342376456.0,1342376712.0,1342376968.0,1342377224.0,1342377480.0,1342377736.0,1342377992.0,8.0,1342439688.0,1342439944.0,1342440200.0,1342440456.0,1342440712.0,1342440968.0,1342441224.0,1342441480.0,3.0,1.0,0.0,0.0,2.0,45.0,45.0,4.0,80.0,244.0,0.0,0.0,8.0,0.0,252.0,170.0,170.0,10.0,0.0,85.0,4.0,5.0,146.0,1813.0,5.0,6.0,2.0,16.0,0.0,0.0,0.0,0.0,0.0,0.0,0.0,0.0,0.0,0.0,0.0,0.0,0.0,0.0,0.0,0.0,8.0,0.0,0.0,0.0,2.0,0.0,0.0,0.0,0.0,2.0,0.0,2.0,0.0,0.0,0.0,131473.0,0.0,340445200.0,34044205.0,1.08,129.0,0.0,2000.0,0.0,0.0,0.0,0.0,0.0,0.0,0.0,1.0,0.0,0.0,0.0,0.0,0.0,0.0,0.0,0.0,0.0,0.0,0.0,0.0,0.0,0.0,0.0,0.0,0.0,0.0,0.0,0.0,0.0,0.0,0.0,0.0,0.0,1.0,0.0,0.0,0.0,0.0,0.0,0.0,0.0,0.0,0.0,0.0,0.0,0.0,0.0,0.0,0.0,0.0,0.0,0.0,0.0,0.0,0.0,0.0,0.0,0.0,0.0,0.0,0.0,0.0,0.0,0.0,0.0,0.0,0.0,0.0,0.0,0.0,0.0,0.0,0.0,0.0,0.0,0.0,0.0,0.0,0.0,0.0,1.0,1.0,0.0,0.0,6000.0,0.0,0.0,0.0,0.0,0.0,0.0,
371,0.0,0.0,0.0,0.0,0.0,0.0,3.0,1.0,1.0,1.0,3.0,1.0,1.0,1.0,4.0,1275.0,3408965.0,65543.0,0.0,2.0,1537.0,1409.0,5.0,513.0,255.0,0.0,0.0,0.0,2.0,1644167432.0,1644167688.0,5.0,417.0,254.0,0.0,0.0,0.0,5.0,449.0,254.0,0.0,0.0,0.0,5.0,481.0,254.0,0.0,0.0,0.0,5.0,673.0,254.0,0.0,0.0,0.0,5.0,705.0,254.0,0.0,0.0,0.0,5.0,737.0,254.0,0.0,0.0,0.0,4.0,1342177544.0,1342177800.0,1342178056.0,1342178312.0,8.0,1342243080.0,1342243336.0,1342243592.0,1342243848.0,1342244104.0,1342244360.0,1342244616.0,1342244872.0,4.0,1342308624.0,1342308880.0,1342309136.0,1342309392.0,8.0,1342374152.0,1342374408.0,1342374664.0,1342374920.0,1342375176.0,1342375432.0,1342375688.0,1342375944.0,8.0,1342376200.0,1342376456.0,1342376712.0,1342376968.0,1342377224.0,1342377480.0,1342377736.0,1342377992.0,8.0,1342439688.0,1342439944.0,1342440200.0,1342440456.0,1342440712.0,1342440968.0,1342441224.0,1342441480.0,3.0,1.0,0.0,0.0,2.0,45.0,45.0,4.0,80.0,244.0,0.0,0.0,8.0,0.0,252.0,170.0,170.0,2.0,0.0,85.0,4.0,5.0,146.0,1806.0,5.0,6.0,2.0,16.0,0.0,0.0,0.0,0.0,0.0,0.0,0.0,0.0,0.0,0.0,0.0,0.0,0.0,0.0,0.0,0.0,8.0,0.0,0.0,0.0,2.0,0.0,0.0,0.0,0.0,2.0,0.0,0.0,0.0,0.0,0.0,131473.0,0.0,340445200.0,34044205.0,1.08,129.0,0.0,2000.0,0.0,0.0,0.0,0.0,0.0,0.0,0.0,1.0,0.0,0.0,0.0,0.0,0.0,0.0,0.0,0.0,0.0,0.0,0.0,0.0,0.0,0.0,0.0,0.0,0.0,0.0,0.0,0.0,0.0,0.0,0.0,0.0,0.0,1.0,0.0,0.0,0.0,0.0,0.0,0.0,0.0,0.0,0.0,0.0,0.0,0.0,0.0,0.0,0.0,0.0,0.0,0.0,0.0,0.0,0.0,0.0,0.0,0.0,0.0,0.0,0.0,0.0,0.0,0.0,0.0,0.0,0.0,0.0,0.0,0.0,0.0,0.0,0.0,0.0,0.0,0.0,0.0,0.0,0.0,0.0,1.0,0.0,0.0,0.0,6000.0,0.0,0.0,0.0,0.0,0.0,0.0,
374,0.0,0.0,0.0,0.0,0.0,0.0,3.0,1.0,1.0,1.0,3.0,1.0,1.0,1.0,4.0,1275.0,3408965.0,65543.0,0.0,2.0,1537.0,1409.0,5.0,513.0,255.0,0.0,0.0,0.0,2.0,1644167432.0,1644167688.0,5.0,417.0,254.0,0.0,0.0,0.0,5.0,449.0,254.0,0.0,0.0,0.0,5.0,481.0,254.0,0.0,0.0,0.0,5.0,673.0,254.0,0.0,0.0,0.0,5.0,705.0,254.0,0.0,0.0,0.0,5.0,737.0,254.0,0.0,0.0,0.0,4.0,1342177544.0,1342177800.0,1342178056.0,1342178312.0,8.0,1342243080.0,1342243336.0,1342243592.0,1342243848.0,1342244104.0,1342244360.0,1342244616.0,1342244872.0,4.0,1342308624.0,1342308880.0,1342309136.0,1342309392.0,8.0,1342374152.0,1342374408.0,1342374664.0,1342374920.0,1342375176.0,1342375432.0,1342375688.0,1342375944.0,8.0,1342376200.0,1342376456.0,1342376712.0,1342376968.0,1342377224.0,1342377480.0,1342377736.0,1342377992.0,8.0,1342439688.0,1342439944.0,1342440200.0,1342440456.0,1342440712.0,1342440968.0,1342441224.0,1342441480.0,3.0,1.0,0.0,0.0,2.0,45.0,45.0,4.0,80.0,244.0,0.0,0.0,8.0,0.0,252.0,170.0,170.0,10.0,0.0,85.0,4.0,5.0,146.0,1813.0,5.0,6.0,2.0,16.0,0.0,0.0,0.0,0.0,0.0,0.0,0.0,0.0,0.0,0.0,0.0,0.0,0.0,0.0,0.0,0.0,8.0,0.0,0.0,0.0,2.0,0.0,0.0,0.0,0.0,2.0,0.0,2.0,0.0,0.0,0.0,131473.0,0.0,340445200.0,34044205.0,1.08,129.0,0.0,2000.0,0.0,0.0,0.0,0.0,0.0,0.0,0.0,1.0,0.0,0.0,0.0,0.0,0.0,0.0,0.0,0.0,0.0,0.0,0.0,0.0,0.0,0.0,0.0,0.0,0.0,0.0,0.0,0.0,0.0,0.0,0.0,0.0,0.0,1.0,0.0,0.0,0.0,0.0,0.0,0.0,0.0,0.0,0.0,0.0,0.0,0.0,0.0,0.0,0.0,0.0,0.0,0.0,0.0,0.0,0.0,0.0,0.0,0.0,0.0,0.0,0.0,0.0,0.0,0.0,0.0,0.0,0.0,0.0,0.0,0.0,0.0,0.0,2.06,1.9,0.0,0.0,0.0,0.0,0.0,0.0,1.0,1.0,0.0,0.0,6000.0,0.0,0.0,0.0,0.0,0.0,0.0,
377,0.0,0.0,0.0,0.0,0.0,0.0,3.0,1.0,1.0,1.0,3.0,1.0,1.0,1.0,4.0,1275.0,3408965.0,65543.0,0.0,2.0,1537.0,1409.0,5.0,513.0,255.0,0.0,0.0,0.0,2.0,1644167432.0,1644167688.0,5.0,417.0,254.0,0.0,0.0,0.0,5.0,449.0,254.0,0.0,0.0,0.0,5.0,481.0,254.0,0.0,0.0,0.0,5.0,673.0,254.0,0.0,0.0,0.0,5.0,705.0,254.0,0.0,0.0,0.0,5.0,737.0,254.0,0.0,0.0,0.0,4.0,1342177544.0,1342177800.0,1342178056.0,1342178312.0,8.0,1342243080.0,1342243336.0,1342243592.0,1342243848.0,1342244104.0,1342244360.0,1342244616.0,1342244872.0,4.0,1342308624.0,1342308880.0,1342309136.0,1342309392.0,8.0,1342374152.0,1342374408.0,1342374664.0,1342374920.0,1342375176.0,1342375432.0,1342375688.0,1342375944.0,8.0,1342376200.0,1342376456.0,1342376712.0,1342376968.0,1342377224.0,1342377480.0,1342377736.0,1342377992.0,8.0,1342439688.0,1342439944.0,1342440200.0,1342440456.0,1342440712.0,1342440968.0,1342441224.0,1342441480.0,3.0,1.0,0.0,0.0,2.0,45.0,45.0,4.0,80.0,244.0,0.0,0.0,8.0,0.0,252.0,170.0,170.0,2.0,0.0,85.0,4.0,5.0,146.0,1813.0,5.0,6.0,2.0,16.0,0.0,0.0,0.0,0.0,0.0,0.0,0.0,0.0,0.0,0.0,0.0,0.0,0.0,0.0,0.0,0.0,8.0,0.0,0.0,0.0,2.0,0.0,0.0,0.0,0.0,2.0,0.0,0.0,0.0,0.0,0.0,131473.0,0.0,340445200.0,34044205.0,1.08,129.0,0.0,2000.0,0.0,0.0,0.0,0.0,0.0,0.0,0.0,1.0,0.0,0.0,0.0,0.0,0.0,0.0,0.0,0.0,0.0,0.0,0.0,0.0,0.0,0.0,0.0,0.0,0.0,0.0,0.0,0.0,0.0,0.0,0.0,0.0,0.0,1.0,0.0,0.0,0.0,0.0,0.0,0.0,0.0,0.0,0.0,0.0,0.0,0.0,0.0,0.0,0.0,0.0,0.0,0.0,0.0,0.0,0.0,0.0,0.0,0.0,0.0,0.0,0.0,0.0,0.0,0.0,0.0,0.0,0.0,0.0,0.0,0.0,0.0,0.0,0.0,0.0,0.0,0.0,0.0,0.0,0.0,0.0,1.0,0.0,0.0,0.0,6000.0,0.0,0.0,0.0,0.0,0.0,0.0,
380,0.0,0.0,0.0,0.0,0.0,0.0,3.0,1.0,1.0,1.0,3.0,1.0,1.0,1.0,4.0,1275.0,3408965.0,65543.0,0.0,2.0,1537.0,1409.0,5.0,513.0,255.0,0.0,0.0,0.0,2.0,1644167432.0,1644167688.0,5.0,417.0,254.0,0.0,0.0,0.0,5.0,449.0,254.0,0.0,0.0,0.0,5.0,481.0,254.0,0.0,0.0,0.0,5.0,673.0,254.0,0.0,0.0,0.0,5.0,705.0,254.0,0.0,0.0,0.0,5.0,737.0,254.0,0.0,0.0,0.0,4.0,1342177544.0,1342177800.0,1342178056.0,1342178312.0,8.0,1342243080.0,1342243336.0,1342243592.0,1342243848.0,1342244104.0,1342244360.0,1342244616.0,1342244872.0,4.0,1342308624.0,1342308880.0,1342309136.0,1342309392.0,8.0,1342374152.0,1342374408.0,1342374664.0,1342374920.0,1342375176.0,1342375432.0,1342375688.0,1342375944.0,8.0,1342376200.0,1342376456.0,1342376712.0,1342376968.0,1342377224.0,1342377480.0,1342377736.0,1342377992.0,8.0,1342439688.0,1342439944.0,1342440200.0,1342440456.0,1342440712.0,1342440968.0,1342441224.0,1342441480.0,3.0,1.0,0.0,0.0,2.0,45.0,45.0,4.0,80.0,244.0,0.0,0.0,8.0,0.0,252.0,170.0,170.0,10.0,0.0,85.0,4.0,5.0,146.0,1813.0,5.0,6.0,2.0,16.0,0.0,0.0,0.0,0.0,0.0,0.0,0.0,0.0,0.0,0.0,0.0,0.0,0.0,0.0,0.0,0.0,8.0,0.0,0.0,0.0,2.0,0.0,0.0,0.0,0.0,2.0,0.0,2.0,0.0,0.0,0.0,131473.0,0.0,340445200.0,34044205.0,1.08,129.0,0.0,2000.0,0.0,0.0,0.0,0.0,0.0,0.0,0.0,1.0,0.0,0.0,0.0,0.0,0.0,0.0,0.0,0.0,0.0,0.0,0.0,0.0,0.0,0.0,0.0,0.0,0.0,0.0,0.0,0.0,0.0,0.0,0.0,0.0,0.0,1.0,0.0,0.0,0.0,0.0,0.0,0.0,0.0,0.0,0.0,0.0,0.0,0.0,0.0,0.0,0.0,0.0,0.0,0.0,0.0,0.0,0.0,0.0,0.0,0.0,0.0,0.0,0.0,0.0,0.0,0.0,0.0,0.0,0.0,0.0,0.0,0.0,0.0,0.0,4.152,2.595,0.0,0.0,0.0,0.0,0.0,0.0,1.0,1.0,0.0,0.0,6000.0,0.0,0.0,0.0,0.0,0.0,0.0,
383,0.0,0.0,0.0,0.0,0.0,0.0,3.0,1.0,1.0,1.0,3.0,1.0,1.0,1.0,4.0,1275.0,3408965.0,65543.0,0.0,2.0,1537.0,1409.0,5.0,513.0,255.0,0.0,0.0,0.0,2.0,1644167432.0,1644167688.0,5.0,417.0,254.0,0.0,0.0,0.0,5.0,449.0,254.0,0.0,0.0,0.0,5.0,481.0,254.0,0.0,0.0,0.0,5.0,673.0,254.0,0.0,0.0,0.0,5.0,705.0,254.0,0.0,0.0,0.0,5.0,737.0,254.0,0.0,0.0,0.0,4.0,1342177544.0,1342177800.0,1342178056.0,1342178312.0,8.0,1342243080.0,1342243336.0,1342243592.0,1342243848.0,1342244104.0,1342244360.0,1342244616.0,1342244872.0,4.0,1342308624.0,1342308880.0,1342309136.0,1342309392.0,8.0,1342374152.0,1342374408.0,1342374664.0,1342374920.0,1342375176.0,1342375432.0,1342375688.0,1342375944.0,8.0,1342376200.0,1342376456.0,1342376712.0,1342376968.0,1342377224.0,1342377480.0,1342377736.0,1342377992.0,8.0,1342439688.0,1342439944.0,1342440200.0,1342440456.0,1342440712.0,1342440968.0,1342441224.0,1342441480.0,3.0,1.0,0.0,0.0,2.0,45.0,45.0,4.0,80.0,244.0,0.0,0.0,8.0,0.0,252.0,170.0,170.0,2.0,0.0,85.0,4.0,5.0,146.0,1806.0,5.0,6.0,2.0,16.0,0.0,0.0,0.0,0.0,0.0,0.0,0.0,0.0,0.0,0.0,0.0,0.0,0.0,0.0,0.0,0.0,8.0,0.0,0.0,0.0,2.0,0.0,0.0,0.0,0.0,2.0,0.0,0.0,0.0,0.0,0.0,131473.0,0.0,340445200.0,34044205.0,1.08,129.0,0.0,2000.0,0.0,0.0,0.0,0.0,0.0,0.0,0.0,1.0,0.0,0.0,0.0,0.0,0.0,0.0,0.0,0.0,0.0,0.0,0.0,0.0,0.0,0.0,0.0,0.0,0.0,0.0,0.0,0.0,0.0,0.0,0.0,0.0,0.0,1.0,0.0,0.0,0.0,0.0,0.0,0.0,0.0,0.0,0.0,0.0,0.0,0.0,0.0,0.0,0.0,0.0,0.0,0.0,0.0,0.0,0.0,0.0,0.0,0.0,0.0,0.0,0.0,0.0,0.0,0.0,0.0,0.0,0.0,0.0,0.0,0.0,0.0,0.0,0.0,0.0,0.0,0.0,0.0,0.0,0.0,0.0,1.0,0.0,0.0,0.0,6000.0,0.0,0.0,0.0,0.0,0.0,0.0,
386,0.0,0.0,0.0,0.0,0.0,0.0,3.0,1.0,1.0,1.0,3.0,1.0,1.0,1.0,4.0,1275.0,3408965.0,65543.0,0.0,2.0,1537.0,1409.0,5.0,513.0,255.0,0.0,0.0,0.0,2.0,1644167432.0,1644167688.0,5.0,417.0,254.0,0.0,0.0,0.0,5.0,449.0,254.0,0.0,0.0,0.0,5.0,481.0,254.0,0.0,0.0,0.0,5.0,673.0,254.0,0.0,0.0,0.0,5.0,705.0,254.0,0.0,0.0,0.0,5.0,737.0,254.0,0.0,0.0,0.0,4.0,1342177544.0,1342177800.0,1342178056.0,1342178312.0,8.0,1342243080.0,1342243336.0,1342243592.0,1342243848.0,1342244104.0,1342244360.0,1342244616.0,1342244872.0,4.0,1342308624.0,1342308880.0,1342309136.0,1342309392.0,8.0,1342374152.0,1342374408.0,1342374664.0,1342374920.0,1342375176.0,1342375432.0,1342375688.0,1342375944.0,8.0,1342376200.0,1342376456.0,1342376712.0,1342376968.0,1342377224.0,1342377480.0,1342377736.0,1342377992.0,8.0,1342439688.0,1342439944.0,1342440200.0,1342440456.0,1342440712.0,1342440968.0,1342441224.0,1342441480.0,3.0,1.0,0.0,0.0,2.0,45.0,45.0,4.0,80.0,244.0,0.0,0.0,8.0,0.0,252.0,170.0,170.0,10.0,0.0,85.0,4.0,5.0,146.0,1806.0,5.0,6.0,2.0,16.0,0.0,0.0,0.0,0.0,0.0,0.0,0.0,0.0,0.0,0.0,0.0,0.0,0.0,0.0,0.0,0.0,8.0,0.0,0.0,0.0,2.0,0.0,0.0,0.0,0.0,2.0,0.0,2.0,0.0,0.0,0.0,131473.0,0.0,340445200.0,34044205.0,1.08,129.0,0.0,2000.0,0.0,0.0,0.0,0.0,0.0,0.0,0.0,1.0,0.0,0.0,0.0,0.0,0.0,0.0,0.0,0.0,0.0,0.0,0.0,0.0,0.0,0.0,0.0,0.0,0.0,0.0,0.0,0.0,0.0,0.0,0.0,0.0,0.0,1.0,0.0,0.0,0.0,0.0,0.0,0.0,0.0,0.0,0.0,0.0,0.0,0.0,0.0,0.0,0.0,0.0,0.0,0.0,0.0,0.0,0.0,0.0,0.0,0.0,0.0,0.0,0.0,0.0,0.0,0.0,0.0,0.0,0.0,0.0,0.0,0.0,0.0,0.0,2.258,2.083,0.0,0.0,0.0,0.0,0.0,0.0,1.0,1.0,0.0,0.0,6000.0,0.0,0.0,0.0,0.0,0.0,0.0,
389,0.0,0.0,0.0,0.0,0.0,0.0,3.0,1.0,1.0,1.0,3.0,1.0,1.0,1.0,4.0,1275.0,3408965.0,65543.0,0.0,2.0,1537.0,1409.0,5.0,513.0,255.0,0.0,0.0,0.0,2.0,1644167432.0,1644167688.0,5.0,417.0,254.0,0.0,0.0,0.0,5.0,449.0,254.0,0.0,0.0,0.0,5.0,481.0,254.0,0.0,0.0,0.0,5.0,673.0,254.0,0.0,0.0,0.0,5.0,705.0,254.0,0.0,0.0,0.0,5.0,737.0,254.0,0.0,0.0,0.0,4.0,1342177544.0,1342177800.0,1342178056.0,1342178312.0,8.0,1342243080.0,1342243336.0,1342243592.0,1342243848.0,1342244104.0,1342244360.0,1342244616.0,1342244872.0,4.0,1342308624.0,1342308880.0,1342309136.0,1342309392.0,8.0,1342374152.0,1342374408.0,1342374664.0,1342374920.0,1342375176.0,1342375432.0,1342375688.0,1342375944.0,8.0,1342376200.0,1342376456.0,1342376712.0,1342376968.0,1342377224.0,1342377480.0,1342377736.0,1342377992.0,8.0,1342439688.0,1342439944.0,1342440200.0,1342440456.0,1342440712.0,1342440968.0,1342441224.0,1342441480.0,3.0,1.0,0.0,0.0,2.0,45.0,45.0,4.0,80.0,244.0,0.0,0.0,8.0,0.0,252.0,170.0,170.0,2.0,0.0,85.0,4.0,5.0,146.0,1806.0,5.0,6.0,2.0,16.0,0.0,0.0,0.0,0.0,0.0,0.0,0.0,0.0,0.0,0.0,0.0,0.0,0.0,0.0,0.0,0.0,8.0,0.0,0.0,0.0,2.0,0.0,0.0,0.0,0.0,2.0,0.0,0.0,0.0,0.0,0.0,131473.0,0.0,340445200.0,34044205.0,1.08,129.0,0.0,2000.0,0.0,0.0,0.0,0.0,0.0,0.0,0.0,1.0,0.0,0.0,0.0,0.0,0.0,0.0,0.0,0.0,0.0,0.0,0.0,0.0,0.0,0.0,0.0,0.0,0.0,0.0,0.0,0.0,0.0,0.0,0.0,0.0,0.0,1.0,0.0,0.0,0.0,0.0,0.0,0.0,0.0,0.0,0.0,0.0,0.0,0.0,0.0,0.0,0.0,0.0,0.0,0.0,0.0,0.0,0.0,0.0,0.0,0.0,0.0,0.0,0.0,0.0,0.0,0.0,0.0,0.0,0.0,0.0,0.0,0.0,0.0,0.0,0.0,0.0,0.0,0.0,0.0,0.0,0.0,0.0,1.0,0.0,0.0,0.0,6000.0,0.0,0.0,0.0,0.0,0.0,0.0,
392,0.0,0.0,0.0,0.0,0.0,0.0,3.0,1.0,1.0,1.0,3.0,1.0,1.0,1.0,4.0,1275.0,3408965.0,65543.0,0.0,2.0,1537.0,1409.0,5.0,513.0,255.0,0.0,0.0,0.0,2.0,1644167432.0,1644167688.0,5.0,417.0,254.0,0.0,0.0,0.0,5.0,449.0,254.0,0.0,0.0,0.0,5.0,481.0,254.0,0.0,0.0,0.0,5.0,673.0,254.0,0.0,0.0,0.0,5.0,705.0,254.0,0.0,0.0,0.0,5.0,737.0,254.0,0.0,0.0,0.0,4.0,1342177544.0,1342177800.0,1342178056.0,1342178312.0,8.0,1342243080.0,1342243336.0,1342243592.0,1342243848.0,1342244104.0,1342244360.0,1342244616.0,1342244872.0,4.0,1342308624.0,1342308880.0,1342309136.0,1342309392.0,8.0,1342374152.0,1342374408.0,1342374664.0,1342374920.0,1342375176.0,1342375432.0,1342375688.0,1342375944.0,8.0,1342376200.0,1342376456.0,1342376712.0,1342376968.0,1342377224.0,1342377480.0,1342377736.0,1342377992.0,8.0,1342439688.0,1342439944.0,1342440200.0,1342440456.0,1342440712.0,1342440968.0,1342441224.0,1342441480.0,3.0,1.0,0.0,0.0,2.0,45.0,45.0,4.0,80.0,244.0,0.0,0.0,8.0,0.0,252.0,170.0,170.0,10.0,0.0,85.0,4.0,5.0,146.0,1813.0,5.0,6.0,2.0,16.0,0.0,0.0,0.0,0.0,0.0,0.0,0.0,0.0,0.0,0.0,0.0,0.0,0.0,0.0,0.0,0.0,8.0,0.0,0.0,0.0,2.0,0.0,0.0,0.0,0.0,2.0,0.0,2.0,0.0,0.0,0.0,131473.0,0.0,340445200.0,34044205.0,1.08,129.0,0.0,2000.0,0.0,0.0,0.0,0.0,0.0,0.0,0.0,1.0,0.0,0.0,0.0,0.0,0.0,0.0,0.0,0.0,0.0,0.0,0.0,0.0,0.0,0.0,0.0,0.0,0.0,0.0,0.0,0.0,0.0,0.0,0.0,0.0,0.0,1.0,0.0,0.0,0.0,0.0,0.0,0.0,0.0,0.0,0.0,0.0,0.0,0.0,0.0,0.0,0.0,0.0,0.0,0.0,0.0,0.0,0.0,0.0,0.0,0.0,0.0,0.0,0.0,0.0,0.0,0.0,0.0,0.0,0.0,0.0,0.0,0.0,0.0,0.0,0.0,0.0,0.0,0.0,0.0,0.0,0.0,0.0,1.0,1.0,0.0,0.0,6000.0,0.0,0.0,0.0,0.0,0.0,0.0,
395,0.0,0.0,0.0,0.0,0.0,0.0,3.0,1.0,1.0,1.0,3.0,1.0,1.0,1.0,4.0,1275.0,3408965.0,65543.0,0.0,2.0,1537.0,1409.0,5.0,513.0,255.0,0.0,0.0,0.0,2.0,1644167432.0,1644167688.0,5.0,417.0,254.0,0.0,0.0,0.0,5.0,449.0,254.0,0.0,0.0,0.0,5.0,481.0,254.0,0.0,0.0,0.0,5.0,673.0,254.0,0.0,0.0,0.0,5.0,705.0,254.0,0.0,0.0,0.0,5.0,737.0,254.0,0.0,0.0,0.0,4.0,1342177544.0,1342177800.0,1342178056.0,1342178312.0,8.0,1342243080.0,1342243336.0,1342243592.0,1342243848.0,1342244104.0,1342244360.0,1342244616.0,1342244872.0,4.0,1342308624.0,1342308880.0,1342309136.0,1342309392.0,8.0,1342374152.0,1342374408.0,1342374664.0,1342374920.0,1342375176.0,1342375432.0,1342375688.0,1342375944.0,8.0,1342376200.0,1342376456.0,1342376712.0,1342376968.0,1342377224.0,1342377480.0,1342377736.0,1342377992.0,8.0,1342439688.0,1342439944.0,1342440200.0,1342440456.0,1342440712.0,1342440968.0,1342441224.0,1342441480.0,3.0,1.0,0.0,0.0,2.0,45.0,45.0,4.0,80.0,244.0,0.0,0.0,8.0,0.0,252.0,170.0,170.0,10.0,0.0,85.0,4.0,5.0,146.0,1806.0,5.0,6.0,2.0,16.0,0.0,0.0,0.0,0.0,0.0,0.0,0.0,0.0,0.0,0.0,0.0,0.0,0.0,0.0,0.0,0.0,8.0,0.0,0.0,0.0,2.0,0.0,0.0,0.0,0.0,2.0,0.0,0.0,0.0,0.0,0.0,131473.0,0.0,340445200.0,34044205.0,1.08,129.0,0.0,2000.0,0.0,0.0,0.0,0.0,0.0,0.0,0.0,1.0,0.0,0.0,0.0,0.0,0.0,0.0,0.0,0.0,0.0,0.0,0.0,0.0,0.0,0.0,0.0,0.0,0.0,0.0,0.0,0.0,0.0,0.0,0.0,0.0,0.0,1.0,0.0,0.0,0.0,0.0,0.0,0.0,0.0,0.0,0.0,0.0,0.0,0.0,0.0,0.0,0.0,0.0,0.0,0.0,0.0,0.0,0.0,0.0,0.0,0.0,0.0,0.0,0.0,0.0,0.0,0.0,0.0,0.0,0.0,0.0,0.0,0.0,0.0,0.0,0.0,0.0,0.0,0.0,0.0,0.0,0.0,0.0,1.0,0.0,0.0,0.0,6000.0,0.0,0.0,0.0,0.0,0.0,0.0,
404,0.0,0.0,0.0,0.0,0.0,0.0,3.0,1.0,1.0,1.0,3.0,1.0,1.0,1.0,4.0,1275.0,3408965.0,65543.0,0.0,2.0,1537.0,1409.0,5.0,513.0,255.0,0.0,0.0,0.0,2.0,1644167432.0,1644167688.0,5.0,417.0,254.0,0.0,0.0,0.0,5.0,449.0,254.0,0.0,0.0,0.0,5.0,481.0,254.0,0.0,0.0,0.0,5.0,673.0,254.0,0.0,0.0,0.0,5.0,705.0,254.0,0.0,0.0,0.0,5.0,737.0,254.0,0.0,0.0,0.0,4.0,1342177544.0,1342177800.0,1342178056.0,1342178312.0,8.0,1342243080.0,1342243336.0,1342243592.0,1342243848.0,1342244104.0,1342244360.0,1342244616.0,1342244872.0,4.0,1342308624.0,1342308880.0,1342309136.0,1342309392.0,8.0,1342374152.0,1342374408.0,1342374664.0,1342374920.0,1342375176.0,1342375432.0,1342375688.0,1342375944.0,8.0,1342376200.0,1342376456.0,1342376712.0,1342376968.0,1342377224.0,1342377480.0,1342377736.0,1342377992.0,8.0,1342439688.0,1342439944.0,1342440200.0,1342440456.0,1342440712.0,1342440968.0,1342441224.0,1342441480.0,3.0,1.0,0.0,0.0,2.0,45.0,45.0,4.0,80.0,244.0,0.0,0.0,8.0,0.0,252.0,170.0,170.0,10.0,0.0,85.0,4.0,5.0,146.0,1813.0,5.0,6.0,2.0,16.0,0.0,0.0,0.0,0.0,0.0,0.0,0.0,0.0,0.0,0.0,0.0,0.0,0.0,0.0,0.0,0.0,8.0,0.0,0.0,0.0,2.0,0.0,0.0,0.0,0.0,2.0,0.0,0.0,0.0,0.0,0.0,131473.0,0.0,340445200.0,34044205.0,1.08,129.0,0.0,2000.0,0.0,0.0,0.0,0.0,0.0,0.0,0.0,1.0,0.0,0.0,0.0,0.0,0.0,0.0,0.0,0.0,0.0,0.0,0.0,0.0,0.0,0.0,0.0,0.0,0.0,0.0,0.0,0.0,0.0,0.0,0.0,0.0,0.0,0.0,1.0,0.0,0.0,0.0,0.0,0.0,0.0,0.0,0.0,0.0,0.0,0.0,0.0,0.0,0.0,0.0,0.0,0.0,0.0,0.0,0.0,0.0,0.0,0.0,0.0,0.0,0.0,0.0,0.0,0.0,0.0,0.0,0.0,0.0,0.0,0.0,0.0,0.0,0.0,0.0,0.0,0.0,0.0,0.0,0.0,0.0,1.0,0.0,0.0,0.0,6000.0,0.0,0.0,0.0,0.0,0.0,0.0,
407,0.0,0.0,0.0,0.0,0.0,0.0,3.0,1.0,1.0,1.0,3.0,1.0,1.0,1.0,4.0,1275.0,3408965.0,65543.0,0.0,2.0,1537.0,1409.0,5.0,513.0,255.0,0.0,0.0,0.0,2.0,1644167432.0,1644167688.0,5.0,417.0,254.0,0.0,0.0,0.0,5.0,449.0,254.0,0.0,0.0,0.0,5.0,481.0,254.0,0.0,0.0,0.0,5.0,673.0,254.0,0.0,0.0,0.0,5.0,705.0,254.0,0.0,0.0,0.0,5.0,737.0,254.0,0.0,0.0,0.0,4.0,1342177544.0,1342177800.0,1342178056.0,1342178312.0,8.0,1342243080.0,1342243336.0,1342243592.0,1342243848.0,1342244104.0,1342244360.0,1342244616.0,1342244872.0,4.0,1342308624.0,1342308880.0,1342309136.0,1342309392.0,8.0,1342374152.0,1342374408.0,1342374664.0,1342374920.0,1342375176.0,1342375432.0,1342375688.0,1342375944.0,8.0,1342376200.0,1342376456.0,1342376712.0,1342376968.0,1342377224.0,1342377480.0,1342377736.0,1342377992.0,8.0,1342439688.0,1342439944.0,1342440200.0,1342440456.0,1342440712.0,1342440968.0,1342441224.0,1342441480.0,3.0,1.0,0.0,0.0,2.0,45.0,45.0,4.0,80.0,244.0,0.0,0.0,8.0,0.0,252.0,170.0,170.0,42.0,0.0,85.0,4.0,5.0,146.0,1813.0,5.0,6.0,2.0,16.0,0.0,0.0,0.0,0.0,0.0,0.0,0.0,0.0,0.0,0.0,0.0,0.0,0.0,0.0,0.0,0.0,8.0,0.0,0.0,0.0,2.0,0.0,0.0,0.0,0.0,2.0,0.0,4.0,0.0,0.0,0.0,131473.0,0.0,340445200.0,34044205.0,1.08,129.0,0.0,2000.0,0.0,0.0,0.0,0.0,0.0,0.0,0.0,1.0,0.0,0.0,0.0,0.0,0.0,0.0,0.0,0.0,0.0,0.0,0.0,0.0,0.0,0.0,0.0,0.0,0.0,0.0,0.0,0.0,0.0,0.0,0.0,0.0,0.0,0.0,1.0,0.0,0.0,0.0,0.0,0.0,0.0,0.0,0.0,0.0,0.0,0.0,0.0,0.0,0.0,0.0,0.0,0.0,0.0,0.0,0.0,0.0,0.0,0.0,0.0,0.0,0.0,0.0,0.0,0.0,0.0,0.0,0.0,0.0,0.0,0.0,0.0,0.0,4.012,2.3,0.0,0.0,0.0,0.0,0.0,0.0,1.0,1.0,0.0,0.0,6000.0,0.0,0.0,0.0,0.0,0.0,0.0,
410,0.0,0.0,0.0,0.0,0.0,0.0,3.0,1.0,1.0,1.0,3.0,1.0,1.0,1.0,4.0,1275.0,3408965.0,65543.0,0.0,2.0,1537.0,1409.0,5.0,513.0,255.0,0.0,0.0,0.0,2.0,1644167432.0,1644167688.0,5.0,417.0,254.0,0.0,0.0,0.0,5.0,449.0,254.0,0.0,0.0,0.0,5.0,481.0,254.0,0.0,0.0,0.0,5.0,673.0,254.0,0.0,0.0,0.0,5.0,705.0,254.0,0.0,0.0,0.0,5.0,737.0,254.0,0.0,0.0,0.0,4.0,1342177544.0,1342177800.0,1342178056.0,1342178312.0,8.0,1342243080.0,1342243336.0,1342243592.0,1342243848.0,1342244104.0,1342244360.0,1342244616.0,1342244872.0,4.0,1342308624.0,1342308880.0,1342309136.0,1342309392.0,8.0,1342374152.0,1342374408.0,1342374664.0,1342374920.0,1342375176.0,1342375432.0,1342375688.0,1342375944.0,8.0,1342376200.0,1342376456.0,1342376712.0,1342376968.0,1342377224.0,1342377480.0,1342377736.0,1342377992.0,8.0,1342439688.0,1342439944.0,1342440200.0,1342440456.0,1342440712.0,1342440968.0,1342441224.0,1342441480.0,3.0,1.0,0.0,0.0,2.0,45.0,45.0,4.0,80.0,244.0,0.0,0.0,8.0,0.0,252.0,170.0,170.0,10.0,0.0,85.0,4.0,5.0,146.0,1813.0,5.0,6.0,2.0,16.0,0.0,0.0,0.0,0.0,0.0,0.0,0.0,0.0,0.0,0.0,0.0,0.0,0.0,0.0,0.0,0.0,8.0,0.0,0.0,0.0,2.0,0.0,0.0,0.0,0.0,2.0,0.0,0.0,0.0,0.0,0.0,131473.0,0.0,340445200.0,34044205.0,1.08,129.0,0.0,2000.0,0.0,0.0,0.0,0.0,0.0,0.0,0.0,1.0,0.0,0.0,0.0,0.0,0.0,0.0,0.0,0.0,0.0,0.0,0.0,0.0,0.0,0.0,0.0,0.0,0.0,0.0,0.0,0.0,0.0,0.0,0.0,0.0,0.0,0.0,1.0,0.0,0.0,0.0,0.0,0.0,0.0,0.0,0.0,0.0,0.0,0.0,0.0,0.0,0.0,0.0,0.0,0.0,0.0,0.0,0.0,0.0,0.0,0.0,0.0,0.0,0.0,0.0,0.0,0.0,0.0,0.0,0.0,0.0,0.0,0.0,0.0,0.0,0.0,0.0,0.0,0.0,0.0,0.0,0.0,0.0,1.0,0.0,0.0,0.0,6000.0,0.0,0.0,0.0,0.0,0.0,0.0,
413,0.0,0.0,0.0,0.0,0.0,0.0,3.0,1.0,1.0,1.0,3.0,1.0,1.0,1.0,4.0,1275.0,3408965.0,65543.0,0.0,2.0,1537.0,1409.0,5.0,513.0,255.0,0.0,0.0,0.0,2.0,1644167432.0,1644167688.0,5.0,417.0,254.0,0.0,0.0,0.0,5.0,449.0,254.0,0.0,0.0,0.0,5.0,481.0,254.0,0.0,0.0,0.0,5.0,673.0,254.0,0.0,0.0,0.0,5.0,705.0,254.0,0.0,0.0,0.0,5.0,737.0,254.0,0.0,0.0,0.0,4.0,1342177544.0,1342177800.0,1342178056.0,1342178312.0,8.0,1342243080.0,1342243336.0,1342243592.0,1342243848.0,1342244104.0,1342244360.0,1342244616.0,1342244872.0,4.0,1342308624.0,1342308880.0,1342309136.0,1342309392.0,8.0,1342374152.0,1342374408.0,1342374664.0,1342374920.0,1342375176.0,1342375432.0,1342375688.0,1342375944.0,8.0,1342376200.0,1342376456.0,1342376712.0,1342376968.0,1342377224.0,1342377480.0,1342377736.0,1342377992.0,8.0,1342439688.0,1342439944.0,1342440200.0,1342440456.0,1342440712.0,1342440968.0,1342441224.0,1342441480.0,3.0,1.0,0.0,0.0,2.0,45.0,45.0,4.0,80.0,244.0,0.0,0.0,8.0,0.0,252.0,170.0,170.0,42.0,0.0,85.0,4.0,5.0,146.0,1813.0,5.0,6.0,2.0,16.0,0.0,0.0,0.0,0.0,0.0,0.0,0.0,0.0,0.0,0.0,0.0,0.0,0.0,0.0,0.0,0.0,8.0,0.0,0.0,0.0,2.0,0.0,0.0,0.0,0.0,2.0,0.0,4.0,0.0,0.0,0.0,131473.0,0.0,340445200.0,34044205.0,1.08,129.0,0.0,2000.0,0.0,0.0,0.0,0.0,0.0,0.0,0.0,1.0,0.0,0.0,0.0,0.0,0.0,0.0,0.0,0.0,0.0,0.0,0.0,0.0,0.0,0.0,0.0,0.0,0.0,0.0,0.0,0.0,0.0,0.0,0.0,0.0,0.0,0.0,1.0,0.0,0.0,0.0,0.0,0.0,0.0,0.0,0.0,0.0,0.0,0.0,0.0,0.0,0.0,0.0,0.0,0.0,0.0,0.0,0.0,0.0,0.0,0.0,0.0,0.0,0.0,0.0,0.0,0.0,0.0,0.0,0.0,0.0,0.0,0.0,0.0,0.0,0.748,0.701,0.0,0.0,0.0,0.0,0.0,0.0,1.0,1.0,0.0,0.0,6000.0,0.0,0.0,0.0,0.0,0.0,0.0,
416,0.0,0.0,0.0,0.0,0.0,0.0,3.0,1.0,1.0,1.0,3.0,1.0,1.0,1.0,4.0,1275.0,3408965.0,65543.0,0.0,2.0,1537.0,1409.0,5.0,513.0,255.0,0.0,0.0,0.0,2.0,1644167432.0,1644167688.0,5.0,417.0,254.0,0.0,0.0,0.0,5.0,449.0,254.0,0.0,0.0,0.0,5.0,481.0,254.0,0.0,0.0,0.0,5.0,673.0,254.0,0.0,0.0,0.0,5.0,705.0,254.0,0.0,0.0,0.0,5.0,737.0,254.0,0.0,0.0,0.0,4.0,1342177544.0,1342177800.0,1342178056.0,1342178312.0,8.0,1342243080.0,1342243336.0,1342243592.0,1342243848.0,1342244104.0,1342244360.0,1342244616.0,1342244872.0,4.0,1342308624.0,1342308880.0,1342309136.0,1342309392.0,8.0,1342374152.0,1342374408.0,1342374664.0,1342374920.0,1342375176.0,1342375432.0,1342375688.0,1342375944.0,8.0,1342376200.0,1342376456.0,1342376712.0,1342376968.0,1342377224.0,1342377480.0,1342377736.0,1342377992.0,8.0,1342439688.0,1342439944.0,1342440200.0,1342440456.0,1342440712.0,1342440968.0,1342441224.0,1342441480.0,3.0,1.0,0.0,0.0,2.0,45.0,45.0,4.0,80.0,244.0,0.0,0.0,8.0,0.0,252.0,170.0,170.0,10.0,0.0,85.0,4.0,5.0,146.0,1813.0,5.0,6.0,2.0,16.0,0.0,0.0,0.0,0.0,0.0,0.0,0.0,0.0,0.0,0.0,0.0,0.0,0.0,0.0,0.0,0.0,8.0,0.0,0.0,0.0,2.0,0.0,0.0,0.0,0.0,2.0,0.0,0.0,0.0,0.0,0.0,131473.0,0.0,340445200.0,34044205.0,1.08,129.0,0.0,2000.0,0.0,0.0,0.0,0.0,0.0,0.0,0.0,1.0,0.0,0.0,0.0,0.0,0.0,0.0,0.0,0.0,0.0,0.0,0.0,0.0,0.0,0.0,0.0,0.0,0.0,0.0,0.0,0.0,0.0,0.0,0.0,0.0,0.0,0.0,1.0,0.0,0.0,0.0,0.0,0.0,0.0,0.0,0.0,0.0,0.0,0.0,0.0,0.0,0.0,0.0,0.0,0.0,0.0,0.0,0.0,0.0,0.0,0.0,0.0,0.0,0.0,0.0,0.0,0.0,0.0,0.0,0.0,0.0,0.0,0.0,0.0,0.0,0.0,0.0,0.0,0.0,0.0,0.0,0.0,0.0,1.0,0.0,0.0,0.0,6000.0,0.0,0.0,0.0,0.0,0.0,0.0,
419,0.0,0.0,0.0,0.0,0.0,0.0,3.0,1.0,1.0,1.0,3.0,1.0,1.0,1.0,4.0,1275.0,3408965.0,65543.0,0.0,2.0,1537.0,1409.0,5.0,513.0,255.0,0.0,0.0,0.0,2.0,1644167432.0,1644167688.0,5.0,417.0,254.0,0.0,0.0,0.0,5.0,449.0,254.0,0.0,0.0,0.0,5.0,481.0,254.0,0.0,0.0,0.0,5.0,673.0,254.0,0.0,0.0,0.0,5.0,705.0,254.0,0.0,0.0,0.0,5.0,737.0,254.0,0.0,0.0,0.0,4.0,1342177544.0,1342177800.0,1342178056.0,1342178312.0,8.0,1342243080.0,1342243336.0,1342243592.0,1342243848.0,1342244104.0,1342244360.0,1342244616.0,1342244872.0,4.0,1342308624.0,1342308880.0,1342309136.0,1342309392.0,8.0,1342374152.0,1342374408.0,1342374664.0,1342374920.0,1342375176.0,1342375432.0,1342375688.0,1342375944.0,8.0,1342376200.0,1342376456.0,1342376712.0,1342376968.0,1342377224.0,1342377480.0,1342377736.0,1342377992.0,8.0,1342439688.0,1342439944.0,1342440200.0,1342440456.0,1342440712.0,1342440968.0,1342441224.0,1342441480.0,3.0,1.0,0.0,0.0,2.0,45.0,45.0,4.0,80.0,244.0,0.0,0.0,8.0,0.0,252.0,170.0,170.0,42.0,0.0,85.0,4.0,5.0,146.0,1813.0,5.0,6.0,2.0,16.0,0.0,0.0,0.0,0.0,0.0,0.0,0.0,0.0,0.0,0.0,0.0,0.0,0.0,0.0,0.0,0.0,8.0,0.0,0.0,0.0,2.0,0.0,0.0,0.0,0.0,2.0,0.0,4.0,0.0,0.0,0.0,131473.0,0.0,340445200.0,34044205.0,1.08,129.0,0.0,2000.0,0.0,0.0,0.0,0.0,0.0,0.0,0.0,1.0,0.0,0.0,0.0,0.0,0.0,0.0,0.0,0.0,0.0,0.0,0.0,0.0,0.0,0.0,0.0,0.0,0.0,0.0,0.0,0.0,0.0,0.0,0.0,0.0,0.0,0.0,1.0,0.0,0.0,0.0,0.0,0.0,0.0,0.0,0.0,0.0,0.0,0.0,0.0,0.0,0.0,0.0,0.0,0.0,0.0,0.0,0.0,0.0,0.0,0.0,0.0,0.0,0.0,0.0,0.0,0.0,0.0,0.0,0.0,0.0,0.0,0.0,0.0,0.0,3.087,2.525,0.0,0.0,0.0,0.0,0.0,0.0,1.0,1.0,0.0,0.0,6000.0,0.0,0.0,0.0,0.0,0.0,0.0,
422,0.0,0.0,0.0,0.0,0.0,0.0,3.0,1.0,1.0,1.0,3.0,1.0,1.0,1.0,4.0,1275.0,3408965.0,65543.0,0.0,2.0,1537.0,1409.0,5.0,513.0,255.0,0.0,0.0,0.0,2.0,1644167432.0,1644167688.0,5.0,417.0,254.0,0.0,0.0,0.0,5.0,449.0,254.0,0.0,0.0,0.0,5.0,481.0,254.0,0.0,0.0,0.0,5.0,673.0,254.0,0.0,0.0,0.0,5.0,705.0,254.0,0.0,0.0,0.0,5.0,737.0,254.0,0.0,0.0,0.0,4.0,1342177544.0,1342177800.0,1342178056.0,1342178312.0,8.0,1342243080.0,1342243336.0,1342243592.0,1342243848.0,1342244104.0,1342244360.0,1342244616.0,1342244872.0,4.0,1342308624.0,1342308880.0,1342309136.0,1342309392.0,8.0,1342374152.0,1342374408.0,1342374664.0,1342374920.0,1342375176.0,1342375432.0,1342375688.0,1342375944.0,8.0,1342376200.0,1342376456.0,1342376712.0,1342376968.0,1342377224.0,1342377480.0,1342377736.0,1342377992.0,8.0,1342439688.0,1342439944.0,1342440200.0,1342440456.0,1342440712.0,1342440968.0,1342441224.0,1342441480.0,3.0,1.0,0.0,0.0,2.0,45.0,45.0,4.0,80.0,244.0,0.0,0.0,8.0,0.0,252.0,170.0,170.0,10.0,0.0,85.0,4.0,5.0,146.0,1806.0,5.0,6.0,2.0,16.0,0.0,0.0,0.0,0.0,0.0,0.0,0.0,0.0,0.0,0.0,0.0,0.0,0.0,0.0,0.0,0.0,8.0,0.0,0.0,0.0,2.0,0.0,0.0,0.0,0.0,2.0,0.0,0.0,0.0,0.0,0.0,131473.0,0.0,340445200.0,34044205.0,1.08,129.0,0.0,2000.0,0.0,0.0,0.0,0.0,0.0,0.0,0.0,1.0,0.0,0.0,0.0,0.0,0.0,0.0,0.0,0.0,0.0,0.0,0.0,0.0,0.0,0.0,0.0,0.0,0.0,0.0,0.0,0.0,0.0,0.0,0.0,0.0,0.0,0.0,1.0,0.0,0.0,0.0,0.0,0.0,0.0,0.0,0.0,0.0,0.0,0.0,0.0,0.0,0.0,0.0,0.0,0.0,0.0,0.0,0.0,0.0,0.0,0.0,0.0,0.0,0.0,0.0,0.0,0.0,0.0,0.0,0.0,0.0,0.0,0.0,0.0,0.0,0.0,0.0,0.0,0.0,0.0,0.0,0.0,0.0,1.0,0.0,0.0,0.0,6000.0,0.0,0.0,0.0,0.0,0.0,0.0,
425,0.0,0.0,0.0,0.0,0.0,0.0,3.0,1.0,1.0,1.0,3.0,1.0,1.0,1.0,4.0,1275.0,3408965.0,65543.0,0.0,2.0,1537.0,1409.0,5.0,513.0,255.0,0.0,0.0,0.0,2.0,1644167432.0,1644167688.0,5.0,417.0,254.0,0.0,0.0,0.0,5.0,449.0,254.0,0.0,0.0,0.0,5.0,481.0,254.0,0.0,0.0,0.0,5.0,673.0,254.0,0.0,0.0,0.0,5.0,705.0,254.0,0.0,0.0,0.0,5.0,737.0,254.0,0.0,0.0,0.0,4.0,1342177544.0,1342177800.0,1342178056.0,1342178312.0,8.0,1342243080.0,1342243336.0,1342243592.0,1342243848.0,1342244104.0,1342244360.0,1342244616.0,1342244872.0,4.0,1342308624.0,1342308880.0,1342309136.0,1342309392.0,8.0,1342374152.0,1342374408.0,1342374664.0,1342374920.0,1342375176.0,1342375432.0,1342375688.0,1342375944.0,8.0,1342376200.0,1342376456.0,1342376712.0,1342376968.0,1342377224.0,1342377480.0,1342377736.0,1342377992.0,8.0,1342439688.0,1342439944.0,1342440200.0,1342440456.0,1342440712.0,1342440968.0,1342441224.0,1342441480.0,3.0,1.0,0.0,0.0,2.0,45.0,45.0,4.0,80.0,244.0,0.0,0.0,8.0,0.0,252.0,170.0,170.0,42.0,0.0,85.0,4.0,5.0,146.0,1806.0,5.0,6.0,2.0,16.0,0.0,0.0,0.0,0.0,0.0,0.0,0.0,0.0,0.0,0.0,0.0,0.0,0.0,0.0,0.0,0.0,8.0,0.0,0.0,0.0,2.0,0.0,0.0,0.0,0.0,2.0,0.0,4.0,0.0,0.0,0.0,131473.0,0.0,340445200.0,34044205.0,1.08,129.0,0.0,2000.0,0.0,0.0,0.0,0.0,0.0,0.0,0.0,1.0,0.0,0.0,0.0,0.0,0.0,0.0,0.0,0.0,0.0,0.0,0.0,0.0,0.0,0.0,0.0,0.0,0.0,0.0,0.0,0.0,0.0,0.0,0.0,0.0,0.0,0.0,1.0,0.0,0.0,0.0,0.0,0.0,0.0,0.0,0.0,0.0,0.0,0.0,0.0,0.0,0.0,0.0,0.0,0.0,0.0,0.0,0.0,0.0,0.0,0.0,0.0,0.0,0.0,0.0,0.0,0.0,0.0,0.0,0.0,0.0,0.0,0.0,0.0,0.0,0.0,0.0,0.0,0.0,0.0,0.0,0.0,0.0,1.0,1.0,0.0,0.0,6000.0,0.0,0.0,0.0,0.0,0.0,0.0,
428,0.0,0.0,0.0,0.0,0.0,0.0,3.0,1.0,1.0,1.0,3.0,1.0,1.0,1.0,4.0,1275.0,3408965.0,65543.0,0.0,2.0,1537.0,1409.0,5.0,513.0,255.0,0.0,0.0,0.0,2.0,1644167432.0,1644167688.0,5.0,417.0,254.0,0.0,0.0,0.0,5.0,449.0,254.0,0.0,0.0,0.0,5.0,481.0,254.0,0.0,0.0,0.0,5.0,673.0,254.0,0.0,0.0,0.0,5.0,705.0,254.0,0.0,0.0,0.0,5.0,737.0,254.0,0.0,0.0,0.0,4.0,1342177544.0,1342177800.0,1342178056.0,1342178312.0,8.0,1342243080.0,1342243336.0,1342243592.0,1342243848.0,1342244104.0,1342244360.0,1342244616.0,1342244872.0,4.0,1342308624.0,1342308880.0,1342309136.0,1342309392.0,8.0,1342374152.0,1342374408.0,1342374664.0,1342374920.0,1342375176.0,1342375432.0,1342375688.0,1342375944.0,8.0,1342376200.0,1342376456.0,1342376712.0,1342376968.0,1342377224.0,1342377480.0,1342377736.0,1342377992.0,8.0,1342439688.0,1342439944.0,1342440200.0,1342440456.0,1342440712.0,1342440968.0,1342441224.0,1342441480.0,3.0,1.0,0.0,0.0,2.0,45.0,45.0,4.0,80.0,244.0,0.0,0.0,8.0,0.0,252.0,170.0,170.0,10.0,0.0,85.0,4.0,5.0,146.0,1813.0,5.0,6.0,2.0,16.0,0.0,0.0,0.0,0.0,0.0,0.0,0.0,0.0,0.0,0.0,0.0,0.0,0.0,0.0,0.0,0.0,8.0,0.0,0.0,0.0,2.0,0.0,0.0,0.0,0.0,2.0,0.0,0.0,0.0,0.0,0.0,131473.0,0.0,340445200.0,34044205.0,1.08,129.0,0.0,2000.0,0.0,0.0,0.0,0.0,0.0,0.0,0.0,1.0,0.0,0.0,0.0,0.0,0.0,0.0,0.0,0.0,0.0,0.0,0.0,0.0,0.0,0.0,0.0,0.0,0.0,0.0,0.0,0.0,0.0,0.0,0.0,0.0,0.0,0.0,1.0,0.0,0.0,0.0,0.0,0.0,0.0,0.0,0.0,0.0,0.0,0.0,0.0,0.0,0.0,0.0,0.0,0.0,0.0,0.0,0.0,0.0,0.0,0.0,0.0,0.0,0.0,0.0,0.0,0.0,0.0,0.0,0.0,0.0,0.0,0.0,0.0,0.0,0.0,0.0,0.0,0.0,0.0,0.0,0.0,0.0,1.0,0.0,0.0,0.0,6000.0,0.0,0.0,0.0,0.0,0.0,0.0,
431,0.0,0.0,0.0,0.0,0.0,0.0,3.0,1.0,1.0,1.0,3.0,1.0,1.0,1.0,4.0,1275.0,3408965.0,65543.0,0.0,2.0,1537.0,1409.0,5.0,513.0,255.0,0.0,0.0,0.0,2.0,1644167432.0,1644167688.0,5.0,417.0,254.0,0.0,0.0,0.0,5.0,449.0,254.0,0.0,0.0,0.0,5.0,481.0,254.0,0.0,0.0,0.0,5.0,673.0,254.0,0.0,0.0,0.0,5.0,705.0,254.0,0.0,0.0,0.0,5.0,737.0,254.0,0.0,0.0,0.0,4.0,1342177544.0,1342177800.0,1342178056.0,1342178312.0,8.0,1342243080.0,1342243336.0,1342243592.0,1342243848.0,1342244104.0,1342244360.0,1342244616.0,1342244872.0,4.0,1342308624.0,1342308880.0,1342309136.0,1342309392.0,8.0,1342374152.0,1342374408.0,1342374664.0,1342374920.0,1342375176.0,1342375432.0,1342375688.0,1342375944.0,8.0,1342376200.0,1342376456.0,1342376712.0,1342376968.0,1342377224.0,1342377480.0,1342377736.0,1342377992.0,8.0,1342439688.0,1342439944.0,1342440200.0,1342440456.0,1342440712.0,1342440968.0,1342441224.0,1342441480.0,3.0,1.0,0.0,0.0,2.0,45.0,45.0,4.0,80.0,244.0,0.0,0.0,8.0,0.0,252.0,170.0,170.0,42.0,0.0,85.0,4.0,5.0,146.0,1813.0,5.0,6.0,2.0,16.0,0.0,0.0,0.0,0.0,0.0,0.0,0.0,0.0,0.0,0.0,0.0,0.0,0.0,0.0,0.0,0.0,8.0,0.0,0.0,0.0,2.0,0.0,0.0,0.0,0.0,2.0,0.0,4.0,0.0,0.0,0.0,131473.0,0.0,340445200.0,34044205.0,1.08,129.0,0.0,2000.0,0.0,0.0,0.0,0.0,0.0,0.0,0.0,1.0,0.0,0.0,0.0,0.0,0.0,0.0,0.0,0.0,0.0,0.0,0.0,0.0,0.0,0.0,0.0,0.0,0.0,0.0,0.0,0.0,0.0,0.0,0.0,0.0,0.0,0.0,1.0,0.0,0.0,0.0,0.0,0.0,0.0,0.0,0.0,0.0,0.0,0.0,0.0,0.0,0.0,0.0,0.0,0.0,0.0,0.0,0.0,0.0,0.0,0.0,0.0,0.0,0.0,0.0,0.0,0.0,0.0,0.0,0.0,0.0,0.0,0.0,0.0,0.0,2.828,2.626,0.0,0.0,0.0,0.0,0.0,0.0,1.0,1.0,0.0,0.0,6000.0,0.0,0.0,0.0,0.0,0.0,0.0,
434,0.0,0.0,0.0,0.0,0.0,0.0,3.0,1.0,1.0,1.0,3.0,1.0,1.0,1.0,4.0,1275.0,3408965.0,65543.0,0.0,2.0,1537.0,1409.0,5.0,513.0,255.0,0.0,0.0,0.0,2.0,1644167432.0,1644167688.0,5.0,417.0,254.0,0.0,0.0,0.0,5.0,449.0,254.0,0.0,0.0,0.0,5.0,481.0,254.0,0.0,0.0,0.0,5.0,673.0,254.0,0.0,0.0,0.0,5.0,705.0,254.0,0.0,0.0,0.0,5.0,737.0,254.0,0.0,0.0,0.0,4.0,1342177544.0,1342177800.0,1342178056.0,1342178312.0,8.0,1342243080.0,1342243336.0,1342243592.0,1342243848.0,1342244104.0,1342244360.0,1342244616.0,1342244872.0,4.0,1342308624.0,1342308880.0,1342309136.0,1342309392.0,8.0,1342374152.0,1342374408.0,1342374664.0,1342374920.0,1342375176.0,1342375432.0,1342375688.0,1342375944.0,8.0,1342376200.0,1342376456.0,1342376712.0,1342376968.0,1342377224.0,1342377480.0,1342377736.0,1342377992.0,8.0,1342439688.0,1342439944.0,1342440200.0,1342440456.0,1342440712.0,1342440968.0,1342441224.0,1342441480.0,3.0,1.0,0.0,0.0,2.0,45.0,45.0,4.0,80.0,244.0,0.0,0.0,8.0,0.0,252.0,170.0,170.0,42.0,0.0,85.0,4.0,5.0,146.0,1806.0,5.0,6.0,2.0,16.0,0.0,0.0,0.0,0.0,0.0,0.0,0.0,0.0,0.0,0.0,0.0,0.0,0.0,0.0,0.0,0.0,8.0,0.0,0.0,0.0,2.0,0.0,0.0,0.0,0.0,2.0,0.0,0.0,0.0,0.0,0.0,131473.0,0.0,340445200.0,34044205.0,1.08,129.0,0.0,2000.0,0.0,0.0,0.0,0.0,0.0,0.0,0.0,1.0,0.0,0.0,0.0,0.0,0.0,0.0,0.0,0.0,0.0,0.0,0.0,0.0,0.0,0.0,0.0,0.0,0.0,0.0,0.0,0.0,0.0,0.0,0.0,0.0,0.0,0.0,1.0,0.0,0.0,0.0,0.0,0.0,0.0,0.0,0.0,0.0,0.0,0.0,0.0,0.0,0.0,0.0,0.0,0.0,0.0,0.0,0.0,0.0,0.0,0.0,0.0,0.0,0.0,0.0,0.0,0.0,0.0,0.0,0.0,0.0,0.0,0.0,0.0,0.0,0.0,0.0,0.0,0.0,0.0,0.0,0.0,0.0,1.0,0.0,0.0,0.0,6000.0,0.0,0.0,0.0,0.0,0.0,0.0,
443,0.0,0.0,0.0,0.0,0.0,0.0,3.0,1.0,1.0,1.0,3.0,1.0,1.0,1.0,4.0,1275.0,3408965.0,65543.0,0.0,2.0,1537.0,1409.0,5.0,513.0,255.0,0.0,0.0,0.0,2.0,1644167432.0,1644167688.0,5.0,417.0,254.0,0.0,0.0,0.0,5.0,449.0,254.0,0.0,0.0,0.0,5.0,481.0,254.0,0.0,0.0,0.0,5.0,673.0,254.0,0.0,0.0,0.0,5.0,705.0,254.0,0.0,0.0,0.0,5.0,737.0,254.0,0.0,0.0,0.0,4.0,1342177544.0,1342177800.0,1342178056.0,1342178312.0,8.0,1342243080.0,1342243336.0,1342243592.0,1342243848.0,1342244104.0,1342244360.0,1342244616.0,1342244872.0,4.0,1342308624.0,1342308880.0,1342309136.0,1342309392.0,8.0,1342374152.0,1342374408.0,1342374664.0,1342374920.0,1342375176.0,1342375432.0,1342375688.0,1342375944.0,8.0,1342376200.0,1342376456.0,1342376712.0,1342376968.0,1342377224.0,1342377480.0,1342377736.0,1342377992.0,8.0,1342439688.0,1342439944.0,1342440200.0,1342440456.0,1342440712.0,1342440968.0,1342441224.0,1342441480.0,3.0,1.0,0.0,0.0,2.0,45.0,45.0,4.0,80.0,244.0,0.0,0.0,8.0,0.0,252.0,170.0,170.0,42.0,0.0,85.0,4.0,5.0,146.0,1813.0,5.0,6.0,2.0,16.0,0.0,0.0,0.0,0.0,0.0,0.0,0.0,0.0,0.0,0.0,0.0,0.0,0.0,0.0,0.0,0.0,8.0,0.0,0.0,0.0,2.0,0.0,0.0,0.0,0.0,2.0,0.0,0.0,0.0,0.0,0.0,131473.0,0.0,340445200.0,34044205.0,1.08,129.0,0.0,2000.0,0.0,0.0,0.0,0.0,0.0,0.0,0.0,1.0,0.0,0.0,0.0,0.0,0.0,0.0,0.0,0.0,0.0,0.0,0.0,0.0,0.0,0.0,0.0,0.0,0.0,0.0,0.0,0.0,0.0,0.0,0.0,0.0,0.0,0.0,0.0,1.0,0.0,0.0,0.0,0.0,0.0,0.0,0.0,0.0,0.0,0.0,0.0,0.0,0.0,0.0,0.0,0.0,0.0,0.0,0.0,0.0,0.0,0.0,0.0,0.0,0.0,0.0,0.0,0.0,0.0,0.0,0.0,0.0,0.0,0.0,0.0,0.0,0.0,0.0,0.0,0.0,0.0,0.0,0.0,0.0,1.0,0.0,0.0,0.0,6000.0,0.0,0.0,0.0,0.0,0.0,0.0,
446,0.0,0.0,0.0,0.0,0.0,0.0,3.0,1.0,1.0,1.0,3.0,1.0,1.0,1.0,4.0,1275.0,3408965.0,65543.0,0.0,2.0,1537.0,1409.0,5.0,513.0,255.0,0.0,0.0,0.0,2.0,1644167432.0,1644167688.0,5.0,417.0,254.0,0.0,0.0,0.0,5.0,449.0,254.0,0.0,0.0,0.0,5.0,481.0,254.0,0.0,0.0,0.0,5.0,673.0,254.0,0.0,0.0,0.0,5.0,705.0,254.0,0.0,0.0,0.0,5.0,737.0,254.0,0.0,0.0,0.0,4.0,1342177544.0,1342177800.0,1342178056.0,1342178312.0,8.0,1342243080.0,1342243336.0,1342243592.0,1342243848.0,1342244104.0,1342244360.0,1342244616.0,1342244872.0,4.0,1342308624.0,1342308880.0,1342309136.0,1342309392.0,8.0,1342374152.0,1342374408.0,1342374664.0,1342374920.0,1342375176.0,1342375432.0,1342375688.0,1342375944.0,8.0,1342376200.0,1342376456.0,1342376712.0,1342376968.0,1342377224.0,1342377480.0,1342377736.0,1342377992.0,8.0,1342439688.0,1342439944.0,1342440200.0,1342440456.0,1342440712.0,1342440968.0,1342441224.0,1342441480.0,3.0,1.0,0.0,0.0,2.0,45.0,45.0,4.0,80.0,244.0,0.0,0.0,8.0,0.0,252.0,170.0,170.0,170.0,0.0,85.0,4.0,5.0,146.0,1806.0,5.0,6.0,2.0,16.0,0.0,0.0,0.0,0.0,0.0,0.0,0.0,0.0,0.0,0.0,0.0,0.0,0.0,0.0,0.0,0.0,8.0,0.0,0.0,0.0,2.0,0.0,0.0,0.0,0.0,2.0,0.0,8.0,0.0,0.0,0.0,131473.0,0.0,340445200.0,34044205.0,1.08,129.0,0.0,2000.0,0.0,0.0,0.0,0.0,0.0,0.0,0.0,1.0,0.0,0.0,0.0,0.0,0.0,0.0,0.0,0.0,0.0,0.0,0.0,0.0,0.0,0.0,0.0,0.0,0.0,0.0,0.0,0.0,0.0,0.0,0.0,0.0,0.0,0.0,0.0,1.0,0.0,0.0,0.0,0.0,0.0,0.0,0.0,0.0,0.0,0.0,0.0,0.0,0.0,0.0,0.0,0.0,0.0,0.0,0.0,0.0,0.0,0.0,0.0,0.0,0.0,0.0,0.0,0.0,0.0,0.0,0.0,0.0,0.0,0.0,0.0,0.0,2.64,2.478,0.0,0.0,0.0,0.0,0.0,0.0,1.0,1.0,0.0,0.0,6000.0,0.0,0.0,0.0,0.0,0.0,0.0,
449,0.0,0.0,0.0,0.0,0.0,0.0,3.0,1.0,1.0,1.0,3.0,1.0,1.0,1.0,4.0,1275.0,3408965.0,65543.0,0.0,2.0,1537.0,1409.0,5.0,513.0,255.0,0.0,0.0,0.0,2.0,1644167432.0,1644167688.0,5.0,417.0,254.0,0.0,0.0,0.0,5.0,449.0,254.0,0.0,0.0,0.0,5.0,481.0,254.0,0.0,0.0,0.0,5.0,673.0,254.0,0.0,0.0,0.0,5.0,705.0,254.0,0.0,0.0,0.0,5.0,737.0,254.0,0.0,0.0,0.0,4.0,1342177544.0,1342177800.0,1342178056.0,1342178312.0,8.0,1342243080.0,1342243336.0,1342243592.0,1342243848.0,1342244104.0,1342244360.0,1342244616.0,1342244872.0,4.0,1342308624.0,1342308880.0,1342309136.0,1342309392.0,8.0,1342374152.0,1342374408.0,1342374664.0,1342374920.0,1342375176.0,1342375432.0,1342375688.0,1342375944.0,8.0,1342376200.0,1342376456.0,1342376712.0,1342376968.0,1342377224.0,1342377480.0,1342377736.0,1342377992.0,8.0,1342439688.0,1342439944.0,1342440200.0,1342440456.0,1342440712.0,1342440968.0,1342441224.0,1342441480.0,3.0,1.0,0.0,0.0,2.0,45.0,45.0,4.0,80.0,244.0,0.0,0.0,8.0,0.0,252.0,170.0,170.0,42.0,0.0,85.0,4.0,5.0,146.0,1806.0,5.0,6.0,2.0,16.0,0.0,0.0,0.0,0.0,0.0,0.0,0.0,0.0,0.0,0.0,0.0,0.0,0.0,0.0,0.0,0.0,8.0,0.0,0.0,0.0,2.0,0.0,0.0,0.0,0.0,2.0,0.0,0.0,0.0,0.0,0.0,131473.0,0.0,340445200.0,34044205.0,1.08,129.0,0.0,2000.0,0.0,0.0,0.0,0.0,0.0,0.0,0.0,1.0,0.0,0.0,0.0,0.0,0.0,0.0,0.0,0.0,0.0,0.0,0.0,0.0,0.0,0.0,0.0,0.0,0.0,0.0,0.0,0.0,0.0,0.0,0.0,0.0,0.0,0.0,0.0,1.0,0.0,0.0,0.0,0.0,0.0,0.0,0.0,0.0,0.0,0.0,0.0,0.0,0.0,0.0,0.0,0.0,0.0,0.0,0.0,0.0,0.0,0.0,0.0,0.0,0.0,0.0,0.0,0.0,0.0,0.0,0.0,0.0,0.0,0.0,0.0,0.0,0.0,0.0,0.0,0.0,0.0,0.0,0.0,0.0,1.0,0.0,0.0,0.0,6000.0,0.0,0.0,0.0,0.0,0.0,0.0,
452,0.0,0.0,0.0,0.0,0.0,0.0,3.0,1.0,1.0,1.0,3.0,1.0,1.0,1.0,4.0,1275.0,3408965.0,65543.0,0.0,2.0,1537.0,1409.0,5.0,513.0,255.0,0.0,0.0,0.0,2.0,1644167432.0,1644167688.0,5.0,417.0,254.0,0.0,0.0,0.0,5.0,449.0,254.0,0.0,0.0,0.0,5.0,481.0,254.0,0.0,0.0,0.0,5.0,673.0,254.0,0.0,0.0,0.0,5.0,705.0,254.0,0.0,0.0,0.0,5.0,737.0,254.0,0.0,0.0,0.0,4.0,1342177544.0,1342177800.0,1342178056.0,1342178312.0,8.0,1342243080.0,1342243336.0,1342243592.0,1342243848.0,1342244104.0,1342244360.0,1342244616.0,1342244872.0,4.0,1342308624.0,1342308880.0,1342309136.0,1342309392.0,8.0,1342374152.0,1342374408.0,1342374664.0,1342374920.0,1342375176.0,1342375432.0,1342375688.0,1342375944.0,8.0,1342376200.0,1342376456.0,1342376712.0,1342376968.0,1342377224.0,1342377480.0,1342377736.0,1342377992.0,8.0,1342439688.0,1342439944.0,1342440200.0,1342440456.0,1342440712.0,1342440968.0,1342441224.0,1342441480.0,3.0,1.0,0.0,0.0,2.0,45.0,45.0,4.0,80.0,244.0,0.0,0.0,8.0,0.0,252.0,170.0,170.0,170.0,0.0,85.0,4.0,5.0,146.0,1806.0,5.0,6.0,2.0,16.0,0.0,0.0,0.0,0.0,0.0,0.0,0.0,0.0,0.0,0.0,0.0,0.0,0.0,0.0,0.0,0.0,8.0,0.0,0.0,0.0,2.0,0.0,0.0,0.0,0.0,2.0,0.0,8.0,0.0,0.0,0.0,131473.0,0.0,340445200.0,34044205.0,1.08,129.0,0.0,2000.0,0.0,0.0,0.0,0.0,0.0,0.0,0.0,1.0,0.0,0.0,0.0,0.0,0.0,0.0,0.0,0.0,0.0,0.0,0.0,0.0,0.0,0.0,0.0,0.0,0.0,0.0,0.0,0.0,0.0,0.0,0.0,0.0,0.0,0.0,0.0,1.0,0.0,0.0,0.0,0.0,0.0,0.0,0.0,0.0,0.0,0.0,0.0,0.0,0.0,0.0,0.0,0.0,0.0,0.0,0.0,0.0,0.0,0.0,0.0,0.0,0.0,0.0,0.0,0.0,0.0,0.0,0.0,0.0,0.0,0.0,0.0,0.0,0.0,0.0,0.0,0.0,0.0,0.0,0.0,0.0,1.0,1.0,0.0,0.0,6000.0,0.0,0.0,0.0,0.0,0.0,0.0,
455,0.0,0.0,0.0,0.0,0.0,0.0,3.0,1.0,1.0,1.0,3.0,1.0,1.0,1.0,4.0,1275.0,3408965.0,65543.0,0.0,2.0,1537.0,1409.0,5.0,513.0,255.0,0.0,0.0,0.0,2.0,1644167432.0,1644167688.0,5.0,417.0,254.0,0.0,0.0,0.0,5.0,449.0,254.0,0.0,0.0,0.0,5.0,481.0,254.0,0.0,0.0,0.0,5.0,673.0,254.0,0.0,0.0,0.0,5.0,705.0,254.0,0.0,0.0,0.0,5.0,737.0,254.0,0.0,0.0,0.0,4.0,1342177544.0,1342177800.0,1342178056.0,1342178312.0,8.0,1342243080.0,1342243336.0,1342243592.0,1342243848.0,1342244104.0,1342244360.0,1342244616.0,1342244872.0,4.0,1342308624.0,1342308880.0,1342309136.0,1342309392.0,8.0,1342374152.0,1342374408.0,1342374664.0,1342374920.0,1342375176.0,1342375432.0,1342375688.0,1342375944.0,8.0,1342376200.0,1342376456.0,1342376712.0,1342376968.0,1342377224.0,1342377480.0,1342377736.0,1342377992.0,8.0,1342439688.0,1342439944.0,1342440200.0,1342440456.0,1342440712.0,1342440968.0,1342441224.0,1342441480.0,3.0,1.0,0.0,0.0,2.0,45.0,45.0,4.0,80.0,244.0,0.0,0.0,8.0,0.0,252.0,170.0,170.0,42.0,0.0,85.0,4.0,5.0,146.0,1813.0,5.0,6.0,2.0,16.0,0.0,0.0,0.0,0.0,0.0,0.0,0.0,0.0,0.0,0.0,0.0,0.0,0.0,0.0,0.0,0.0,8.0,0.0,0.0,0.0,2.0,0.0,0.0,0.0,0.0,2.0,0.0,0.0,0.0,0.0,0.0,131473.0,0.0,340445200.0,34044205.0,1.08,129.0,0.0,2000.0,0.0,0.0,0.0,0.0,0.0,0.0,0.0,1.0,0.0,0.0,0.0,0.0,0.0,0.0,0.0,0.0,0.0,0.0,0.0,0.0,0.0,0.0,0.0,0.0,0.0,0.0,0.0,0.0,0.0,0.0,0.0,0.0,0.0,0.0,0.0,1.0,0.0,0.0,0.0,0.0,0.0,0.0,0.0,0.0,0.0,0.0,0.0,0.0,0.0,0.0,0.0,0.0,0.0,0.0,0.0,0.0,0.0,0.0,0.0,0.0,0.0,0.0,0.0,0.0,0.0,0.0,0.0,0.0,0.0,0.0,0.0,0.0,0.0,0.0,0.0,0.0,0.0,0.0,0.0,0.0,1.0,0.0,0.0,0.0,6000.0,0.0,0.0,0.0,0.0,0.0,0.0,
458,0.0,0.0,0.0,0.0,0.0,0.0,3.0,1.0,1.0,1.0,3.0,1.0,1.0,1.0,4.0,1275.0,3408965.0,65543.0,0.0,2.0,1537.0,1409.0,5.0,513.0,255.0,0.0,0.0,0.0,2.0,1644167432.0,1644167688.0,5.0,417.0,254.0,0.0,0.0,0.0,5.0,449.0,254.0,0.0,0.0,0.0,5.0,481.0,254.0,0.0,0.0,0.0,5.0,673.0,254.0,0.0,0.0,0.0,5.0,705.0,254.0,0.0,0.0,0.0,5.0,737.0,254.0,0.0,0.0,0.0,4.0,1342177544.0,1342177800.0,1342178056.0,1342178312.0,8.0,1342243080.0,1342243336.0,1342243592.0,1342243848.0,1342244104.0,1342244360.0,1342244616.0,1342244872.0,4.0,1342308624.0,1342308880.0,1342309136.0,1342309392.0,8.0,1342374152.0,1342374408.0,1342374664.0,1342374920.0,1342375176.0,1342375432.0,1342375688.0,1342375944.0,8.0,1342376200.0,1342376456.0,1342376712.0,1342376968.0,1342377224.0,1342377480.0,1342377736.0,1342377992.0,8.0,1342439688.0,1342439944.0,1342440200.0,1342440456.0,1342440712.0,1342440968.0,1342441224.0,1342441480.0,3.0,1.0,0.0,0.0,2.0,45.0,45.0,4.0,80.0,244.0,0.0,0.0,8.0,0.0,252.0,170.0,170.0,170.0,0.0,85.0,4.0,5.0,146.0,1806.0,5.0,6.0,2.0,16.0,0.0,0.0,0.0,0.0,0.0,0.0,0.0,0.0,0.0,0.0,0.0,0.0,0.0,0.0,0.0,0.0,8.0,0.0,0.0,0.0,2.0,0.0,0.0,0.0,0.0,2.0,0.0,8.0,0.0,0.0,0.0,131473.0,0.0,340445200.0,34044205.0,1.08,129.0,0.0,2000.0,0.0,0.0,0.0,0.0,0.0,0.0,0.0,1.0,0.0,0.0,0.0,0.0,0.0,0.0,0.0,0.0,0.0,0.0,0.0,0.0,0.0,0.0,0.0,0.0,0.0,0.0,0.0,0.0,0.0,0.0,0.0,0.0,0.0,0.0,0.0,1.0,0.0,0.0,0.0,0.0,0.0,0.0,0.0,0.0,0.0,0.0,0.0,0.0,0.0,0.0,0.0,0.0,0.0,0.0,0.0,0.0,0.0,0.0,0.0,0.0,0.0,0.0,0.0,0.0,0.0,0.0,0.0,0.0,0.0,0.0,0.0,0.0,3.352,2.293,0.0,0.0,0.0,0.0,0.0,0.0,1.0,1.0,0.0,0.0,6000.0,0.0,0.0,0.0,0.0,0.0,0.0,
461,0.0,0.0,0.0,0.0,0.0,0.0,3.0,1.0,1.0,1.0,3.0,1.0,1.0,1.0,4.0,1275.0,3408965.0,65543.0,0.0,2.0,1537.0,1409.0,5.0,513.0,255.0,0.0,0.0,0.0,2.0,1644167432.0,1644167688.0,5.0,417.0,254.0,0.0,0.0,0.0,5.0,449.0,254.0,0.0,0.0,0.0,5.0,481.0,254.0,0.0,0.0,0.0,5.0,673.0,254.0,0.0,0.0,0.0,5.0,705.0,254.0,0.0,0.0,0.0,5.0,737.0,254.0,0.0,0.0,0.0,4.0,1342177544.0,1342177800.0,1342178056.0,1342178312.0,8.0,1342243080.0,1342243336.0,1342243592.0,1342243848.0,1342244104.0,1342244360.0,1342244616.0,1342244872.0,4.0,1342308624.0,1342308880.0,1342309136.0,1342309392.0,8.0,1342374152.0,1342374408.0,1342374664.0,1342374920.0,1342375176.0,1342375432.0,1342375688.0,1342375944.0,8.0,1342376200.0,1342376456.0,1342376712.0,1342376968.0,1342377224.0,1342377480.0,1342377736.0,1342377992.0,8.0,1342439688.0,1342439944.0,1342440200.0,1342440456.0,1342440712.0,1342440968.0,1342441224.0,1342441480.0,3.0,1.0,0.0,0.0,2.0,45.0,45.0,4.0,80.0,244.0,0.0,0.0,8.0,0.0,252.0,170.0,170.0,42.0,0.0,85.0,4.0,5.0,146.0,1806.0,5.0,6.0,2.0,16.0,0.0,0.0,0.0,0.0,0.0,0.0,0.0,0.0,0.0,0.0,0.0,0.0,0.0,0.0,0.0,0.0,8.0,0.0,0.0,0.0,2.0,0.0,0.0,0.0,0.0,2.0,0.0,0.0,0.0,0.0,0.0,131473.0,0.0,340445200.0,34044205.0,1.08,129.0,0.0,2000.0,0.0,0.0,0.0,0.0,0.0,0.0,0.0,1.0,0.0,0.0,0.0,0.0,0.0,0.0,0.0,0.0,0.0,0.0,0.0,0.0,0.0,0.0,0.0,0.0,0.0,0.0,0.0,0.0,0.0,0.0,0.0,0.0,0.0,0.0,0.0,1.0,0.0,0.0,0.0,0.0,0.0,0.0,0.0,0.0,0.0,0.0,0.0,0.0,0.0,0.0,0.0,0.0,0.0,0.0,0.0,0.0,0.0,0.0,0.0,0.0,0.0,0.0,0.0,0.0,0.0,0.0,0.0,0.0,0.0,0.0,0.0,0.0,0.0,0.0,0.0,0.0,0.0,0.0,0.0,0.0,1.0,0.0,0.0,0.0,6000.0,0.0,0.0,0.0,0.0,0.0,0.0,
464,0.0,0.0,0.0,0.0,0.0,0.0,3.0,1.0,1.0,1.0,3.0,1.0,1.0,1.0,4.0,1275.0,3408965.0,65543.0,0.0,2.0,1537.0,1409.0,5.0,513.0,255.0,0.0,0.0,0.0,2.0,1644167432.0,1644167688.0,5.0,417.0,254.0,0.0,0.0,0.0,5.0,449.0,254.0,0.0,0.0,0.0,5.0,481.0,254.0,0.0,0.0,0.0,5.0,673.0,254.0,0.0,0.0,0.0,5.0,705.0,254.0,0.0,0.0,0.0,5.0,737.0,254.0,0.0,0.0,0.0,4.0,1342177544.0,1342177800.0,1342178056.0,1342178312.0,8.0,1342243080.0,1342243336.0,1342243592.0,1342243848.0,1342244104.0,1342244360.0,1342244616.0,1342244872.0,4.0,1342308624.0,1342308880.0,1342309136.0,1342309392.0,8.0,1342374152.0,1342374408.0,1342374664.0,1342374920.0,1342375176.0,1342375432.0,1342375688.0,1342375944.0,8.0,1342376200.0,1342376456.0,1342376712.0,1342376968.0,1342377224.0,1342377480.0,1342377736.0,1342377992.0,8.0,1342439688.0,1342439944.0,1342440200.0,1342440456.0,1342440712.0,1342440968.0,1342441224.0,1342441480.0,3.0,1.0,0.0,0.0,2.0,45.0,45.0,4.0,80.0,244.0,0.0,0.0,8.0,0.0,252.0,170.0,170.0,170.0,0.0,85.0,4.0,5.0,146.0,1806.0,5.0,6.0,2.0,16.0,0.0,0.0,0.0,0.0,0.0,0.0,0.0,0.0,0.0,0.0,0.0,0.0,0.0,0.0,0.0,0.0,8.0,0.0,0.0,0.0,2.0,0.0,0.0,0.0,0.0,2.0,0.0,8.0,0.0,0.0,0.0,131473.0,0.0,340445200.0,34044205.0,1.08,129.0,0.0,2000.0,0.0,0.0,0.0,0.0,0.0,0.0,0.0,1.0,0.0,0.0,0.0,0.0,0.0,0.0,0.0,0.0,0.0,0.0,0.0,0.0,0.0,0.0,0.0,0.0,0.0,0.0,0.0,0.0,0.0,0.0,0.0,0.0,0.0,0.0,0.0,1.0,0.0,0.0,0.0,0.0,0.0,0.0,0.0,0.0,0.0,0.0,0.0,0.0,0.0,0.0,0.0,0.0,0.0,0.0,0.0,0.0,0.0,0.0,0.0,0.0,0.0,0.0,0.0,0.0,0.0,0.0,0.0,0.0,0.0,0.0,0.0,0.0,0.0,0.0,0.0,0.0,0.0,0.0,0.0,0.0,1.0,1.0,0.0,0.0,6000.0,0.0,0.0,0.0,0.0,0.0,0.0,
467,0.0,0.0,0.0,0.0,0.0,0.0,3.0,1.0,1.0,1.0,3.0,1.0,1.0,1.0,4.0,1275.0,3408965.0,65543.0,0.0,2.0,1537.0,1409.0,5.0,513.0,255.0,0.0,0.0,0.0,2.0,1644167432.0,1644167688.0,5.0,417.0,254.0,0.0,0.0,0.0,5.0,449.0,254.0,0.0,0.0,0.0,5.0,481.0,254.0,0.0,0.0,0.0,5.0,673.0,254.0,0.0,0.0,0.0,5.0,705.0,254.0,0.0,0.0,0.0,5.0,737.0,254.0,0.0,0.0,0.0,4.0,1342177544.0,1342177800.0,1342178056.0,1342178312.0,8.0,1342243080.0,1342243336.0,1342243592.0,1342243848.0,1342244104.0,1342244360.0,1342244616.0,1342244872.0,4.0,1342308624.0,1342308880.0,1342309136.0,1342309392.0,8.0,1342374152.0,1342374408.0,1342374664.0,1342374920.0,1342375176.0,1342375432.0,1342375688.0,1342375944.0,8.0,1342376200.0,1342376456.0,1342376712.0,1342376968.0,1342377224.0,1342377480.0,1342377736.0,1342377992.0,8.0,1342439688.0,1342439944.0,1342440200.0,1342440456.0,1342440712.0,1342440968.0,1342441224.0,1342441480.0,3.0,1.0,0.0,0.0,2.0,45.0,45.0,4.0,80.0,244.0,0.0,0.0,8.0,0.0,252.0,170.0,170.0,42.0,0.0,85.0,4.0,5.0,146.0,1813.0,5.0,6.0,2.0,16.0,0.0,0.0,0.0,0.0,0.0,0.0,0.0,0.0,0.0,0.0,0.0,0.0,0.0,0.0,0.0,0.0,8.0,0.0,0.0,0.0,2.0,0.0,0.0,0.0,0.0,2.0,0.0,0.0,0.0,0.0,0.0,131473.0,0.0,340445200.0,34044205.0,1.08,129.0,0.0,2000.0,0.0,0.0,0.0,0.0,0.0,0.0,0.0,1.0,0.0,0.0,0.0,0.0,0.0,0.0,0.0,0.0,0.0,0.0,0.0,0.0,0.0,0.0,0.0,0.0,0.0,0.0,0.0,0.0,0.0,0.0,0.0,0.0,0.0,0.0,0.0,1.0,0.0,0.0,0.0,0.0,0.0,0.0,0.0,0.0,0.0,0.0,0.0,0.0,0.0,0.0,0.0,0.0,0.0,0.0,0.0,0.0,0.0,0.0,0.0,0.0,0.0,0.0,0.0,0.0,0.0,0.0,0.0,0.0,0.0,0.0,0.0,0.0,0.0,0.0,0.0,0.0,0.0,0.0,0.0,0.0,1.0,0.0,0.0,0.0,6000.0,0.0,0.0,0.0,0.0,0.0,0.0,
470,0.0,0.0,0.0,0.0,0.0,0.0,3.0,1.0,1.0,1.0,3.0,1.0,1.0,1.0,4.0,1275.0,3408965.0,65543.0,0.0,2.0,1537.0,1409.0,5.0,513.0,255.0,0.0,0.0,0.0,2.0,1644167432.0,1644167688.0,5.0,417.0,254.0,0.0,0.0,0.0,5.0,449.0,254.0,0.0,0.0,0.0,5.0,481.0,254.0,0.0,0.0,0.0,5.0,673.0,254.0,0.0,0.0,0.0,5.0,705.0,254.0,0.0,0.0,0.0,5.0,737.0,254.0,0.0,0.0,0.0,4.0,1342177544.0,1342177800.0,1342178056.0,1342178312.0,8.0,1342243080.0,1342243336.0,1342243592.0,1342243848.0,1342244104.0,1342244360.0,1342244616.0,1342244872.0,4.0,1342308624.0,1342308880.0,1342309136.0,1342309392.0,8.0,1342374152.0,1342374408.0,1342374664.0,1342374920.0,1342375176.0,1342375432.0,1342375688.0,1342375944.0,8.0,1342376200.0,1342376456.0,1342376712.0,1342376968.0,1342377224.0,1342377480.0,1342377736.0,1342377992.0,8.0,1342439688.0,1342439944.0,1342440200.0,1342440456.0,1342440712.0,1342440968.0,1342441224.0,1342441480.0,3.0,1.0,0.0,0.0,2.0,45.0,45.0,4.0,80.0,244.0,0.0,0.0,8.0,0.0,252.0,170.0,170.0,170.0,0.0,85.0,4.0,5.0,146.0,1813.0,5.0,6.0,2.0,16.0,0.0,0.0,0.0,0.0,0.0,0.0,0.0,0.0,0.0,0.0,0.0,0.0,0.0,0.0,0.0,0.0,8.0,0.0,0.0,0.0,2.0,0.0,0.0,0.0,0.0,2.0,0.0,8.0,0.0,0.0,0.0,131473.0,0.0,340445200.0,34044205.0,1.08,129.0,0.0,2000.0,0.0,0.0,0.0,0.0,0.0,0.0,0.0,1.0,0.0,0.0,0.0,0.0,0.0,0.0,0.0,0.0,0.0,0.0,0.0,0.0,0.0,0.0,0.0,0.0,0.0,0.0,0.0,0.0,0.0,0.0,0.0,0.0,0.0,0.0,0.0,1.0,0.0,0.0,0.0,0.0,0.0,0.0,0.0,0.0,0.0,0.0,0.0,0.0,0.0,0.0,0.0,0.0,0.0,0.0,0.0,0.0,0.0,0.0,0.0,0.0,0.0,0.0,0.0,0.0,0.0,0.0,0.0,0.0,0.0,0.0,0.0,0.0,1.774,1.66,0.0,0.0,0.0,0.0,0.0,0.0,1.0,1.0,0.0,0.0,6000.0,0.0,0.0,0.0,0.0,0.0,0.0,
473,0.0,0.0,0.0,0.0,0.0,0.0,3.0,1.0,1.0,1.0,3.0,1.0,1.0,1.0,4.0,1275.0,3408965.0,65543.0,0.0,2.0,1537.0,1409.0,5.0,513.0,255.0,0.0,0.0,0.0,2.0,1644167432.0,1644167688.0,5.0,417.0,254.0,0.0,0.0,0.0,5.0,449.0,254.0,0.0,0.0,0.0,5.0,481.0,254.0,0.0,0.0,0.0,5.0,673.0,254.0,0.0,0.0,0.0,5.0,705.0,254.0,0.0,0.0,0.0,5.0,737.0,254.0,0.0,0.0,0.0,4.0,1342177544.0,1342177800.0,1342178056.0,1342178312.0,8.0,1342243080.0,1342243336.0,1342243592.0,1342243848.0,1342244104.0,1342244360.0,1342244616.0,1342244872.0,4.0,1342308624.0,1342308880.0,1342309136.0,1342309392.0,8.0,1342374152.0,1342374408.0,1342374664.0,1342374920.0,1342375176.0,1342375432.0,1342375688.0,1342375944.0,8.0,1342376200.0,1342376456.0,1342376712.0,1342376968.0,1342377224.0,1342377480.0,1342377736.0,1342377992.0,8.0,1342439688.0,1342439944.0,1342440200.0,1342440456.0,1342440712.0,1342440968.0,1342441224.0,1342441480.0,3.0,1.0,0.0,0.0,2.0,45.0,45.0,4.0,80.0,244.0,0.0,0.0,8.0,0.0,252.0,170.0,170.0,170.0,0.0,85.0,4.0,5.0,146.0,1813.0,5.0,6.0,2.0,16.0,0.0,0.0,0.0,0.0,0.0,0.0,0.0,0.0,0.0,0.0,0.0,0.0,0.0,0.0,0.0,0.0,8.0,0.0,0.0,0.0,2.0,0.0,0.0,0.0,0.0,2.0,0.0,0.0,0.0,0.0,0.0,131473.0,0.0,340445200.0,34044205.0,1.08,129.0,0.0,2000.0,0.0,0.0,0.0,0.0,0.0,0.0,0.0,1.0,0.0,0.0,0.0,0.0,0.0,0.0,0.0,0.0,0.0,0.0,0.0,0.0,0.0,0.0,0.0,0.0,0.0,0.0,0.0,0.0,0.0,0.0,0.0,0.0,0.0,0.0,0.0,1.0,0.0,0.0,0.0,0.0,0.0,0.0,0.0,0.0,0.0,0.0,0.0,0.0,0.0,0.0,0.0,0.0,0.0,0.0,0.0,0.0,0.0,0.0,0.0,0.0,0.0,0.0,0.0,0.0,0.0,0.0,0.0,0.0,0.0,0.0,0.0,0.0,0.0,0.0,0.0,0.0,0.0,0.0,0.0,0.0,1.0,0.0,0.0,0.0,6000.0,0.0,0.0,0.0,0.0,0.0,0.0,
482,0.0,0.0,0.0,0.0,0.0,0.0,3.0,1.0,1.0,1.0,3.0,1.0,1.0,1.0,4.0,1275.0,3408965.0,65543.0,0.0,2.0,1537.0,1409.0,5.0,513.0,255.0,0.0,0.0,0.0,2.0,1644167432.0,1644167688.0,5.0,417.0,254.0,0.0,0.0,0.0,5.0,449.0,254.0,0.0,0.0,0.0,5.0,481.0,254.0,0.0,0.0,0.0,5.0,673.0,254.0,0.0,0.0,0.0,5.0,705.0,254.0,0.0,0.0,0.0,5.0,737.0,254.0,0.0,0.0,0.0,4.0,1342177544.0,1342177800.0,1342178056.0,1342178312.0,8.0,1342243080.0,1342243336.0,1342243592.0,1342243848.0,1342244104.0,1342244360.0,1342244616.0,1342244872.0,4.0,1342308624.0,1342308880.0,1342309136.0,1342309392.0,8.0,1342374152.0,1342374408.0,1342374664.0,1342374920.0,1342375176.0,1342375432.0,1342375688.0,1342375944.0,8.0,1342376200.0,1342376456.0,1342376712.0,1342376968.0,1342377224.0,1342377480.0,1342377736.0,1342377992.0,8.0,1342439688.0,1342439944.0,1342440200.0,1342440456.0,1342440712.0,1342440968.0,1342441224.0,1342441480.0,3.0,1.0,0.0,0.0,2.0,45.0,45.0,4.0,80.0,244.0,0.0,0.0,8.0,0.0,252.0,170.0,170.0,170.0,0.0,85.0,4.0,5.0,146.0,1806.0,5.0,6.0,2.0,16.0,0.0,0.0,0.0,0.0,0.0,0.0,0.0,0.0,0.0,0.0,0.0,0.0,0.0,0.0,0.0,0.0,8.0,0.0,0.0,0.0,2.0,0.0,0.0,0.0,0.0,2.0,0.0,0.0,0.0,0.0,0.0,131473.0,0.0,340445200.0,34044205.0,1.08,129.0,0.0,2000.0,0.0,0.0,0.0,0.0,0.0,0.0,0.0,1.0,0.0,0.0,0.0,0.0,0.0,0.0,0.0,0.0,0.0,0.0,0.0,0.0,0.0,0.0,0.0,0.0,0.0,0.0,0.0,0.0,0.0,0.0,0.0,0.0,0.0,0.0,0.0,0.0,1.0,0.0,0.0,0.0,0.0,0.0,0.0,0.0,0.0,0.0,0.0,0.0,0.0,0.0,0.0,0.0,0.0,0.0,0.0,0.0,0.0,0.0,0.0,0.0,0.0,0.0,0.0,0.0,0.0,0.0,0.0,0.0,0.0,0.0,0.0,0.0,0.0,0.0,0.0,0.0,0.0,0.0,0.0,0.0,1.0,0.0,0.0,0.0,6000.0,0.0,0.0,0.0,0.0,0.0,0.0,
485,0.0,0.0,0.0,0.0,0.0,0.0,3.0,1.0,1.0,1.0,3.0,1.0,1.0,1.0,4.0,1275.0,3408965.0,65543.0,0.0,2.0,1537.0,1409.0,5.0,513.0,255.0,0.0,0.0,0.0,2.0,1644167432.0,1644167688.0,5.0,417.0,254.0,0.0,0.0,0.0,5.0,449.0,254.0,0.0,0.0,0.0,5.0,481.0,254.0,0.0,0.0,0.0,5.0,673.0,254.0,0.0,0.0,0.0,5.0,705.0,254.0,0.0,0.0,0.0,5.0,737.0,254.0,0.0,0.0,0.0,4.0,1342177544.0,1342177800.0,1342178056.0,1342178312.0,8.0,1342243080.0,1342243336.0,1342243592.0,1342243848.0,1342244104.0,1342244360.0,1342244616.0,1342244872.0,4.0,1342308624.0,1342308880.0,1342309136.0,1342309392.0,8.0,1342374152.0,1342374408.0,1342374664.0,1342374920.0,1342375176.0,1342375432.0,1342375688.0,1342375944.0,8.0,1342376200.0,1342376456.0,1342376712.0,1342376968.0,1342377224.0,1342377480.0,1342377736.0,1342377992.0,8.0,1342439688.0,1342439944.0,1342440200.0,1342440456.0,1342440712.0,1342440968.0,1342441224.0,1342441480.0,3.0,1.0,0.0,0.0,2.0,45.0,45.0,4.0,80.0,244.0,0.0,0.0,8.0,0.0,252.0,170.0,170.0,170.0,2.0,85.0,4.0,5.0,146.0,1806.0,5.0,6.0,2.0,16.0,0.0,0.0,0.0,0.0,0.0,0.0,0.0,0.0,0.0,0.0,0.0,0.0,0.0,0.0,0.0,0.0,8.0,0.0,0.0,0.0,2.0,0.0,0.0,0.0,0.0,2.0,0.0,16.0,0.0,0.0,0.0,131473.0,0.0,340445200.0,34044205.0,1.08,129.0,0.0,2000.0,0.0,0.0,0.0,0.0,0.0,0.0,0.0,1.0,0.0,0.0,0.0,0.0,0.0,0.0,0.0,0.0,0.0,0.0,0.0,0.0,0.0,0.0,0.0,0.0,0.0,0.0,0.0,0.0,0.0,0.0,0.0,0.0,0.0,0.0,0.0,0.0,1.0,0.0,0.0,0.0,0.0,0.0,0.0,0.0,0.0,0.0,0.0,0.0,0.0,0.0,0.0,0.0,0.0,0.0,0.0,0.0,0.0,0.0,0.0,0.0,0.0,0.0,0.0,0.0,0.0,0.0,0.0,0.0,0.0,0.0,0.0,0.0,0.591,0.55,0.0,0.0,0.0,0.0,0.0,0.0,1.0,1.0,0.0,0.0,6000.0,0.0,0.0,0.0,0.0,0.0,0.0,
488,0.0,0.0,0.0,0.0,0.0,0.0,3.0,1.0,1.0,1.0,3.0,1.0,1.0,1.0,4.0,1275.0,3408965.0,65543.0,0.0,2.0,1537.0,1409.0,5.0,513.0,255.0,0.0,0.0,0.0,2.0,1644167432.0,1644167688.0,5.0,417.0,254.0,0.0,0.0,0.0,5.0,449.0,254.0,0.0,0.0,0.0,5.0,481.0,254.0,0.0,0.0,0.0,5.0,673.0,254.0,0.0,0.0,0.0,5.0,705.0,254.0,0.0,0.0,0.0,5.0,737.0,254.0,0.0,0.0,0.0,4.0,1342177544.0,1342177800.0,1342178056.0,1342178312.0,8.0,1342243080.0,1342243336.0,1342243592.0,1342243848.0,1342244104.0,1342244360.0,1342244616.0,1342244872.0,4.0,1342308624.0,1342308880.0,1342309136.0,1342309392.0,8.0,1342374152.0,1342374408.0,1342374664.0,1342374920.0,1342375176.0,1342375432.0,1342375688.0,1342375944.0,8.0,1342376200.0,1342376456.0,1342376712.0,1342376968.0,1342377224.0,1342377480.0,1342377736.0,1342377992.0,8.0,1342439688.0,1342439944.0,1342440200.0,1342440456.0,1342440712.0,1342440968.0,1342441224.0,1342441480.0,3.0,1.0,0.0,0.0,2.0,45.0,45.0,4.0,80.0,244.0,0.0,0.0,8.0,0.0,252.0,170.0,170.0,170.0,0.0,85.0,4.0,5.0,146.0,1806.0,5.0,6.0,2.0,16.0,0.0,0.0,0.0,0.0,0.0,0.0,0.0,0.0,0.0,0.0,0.0,0.0,0.0,0.0,0.0,0.0,8.0,0.0,0.0,0.0,2.0,0.0,0.0,0.0,0.0,2.0,0.0,0.0,0.0,0.0,0.0,131473.0,0.0,340445200.0,34044205.0,1.08,129.0,0.0,2000.0,0.0,0.0,0.0,0.0,0.0,0.0,0.0,1.0,0.0,0.0,0.0,0.0,0.0,0.0,0.0,0.0,0.0,0.0,0.0,0.0,0.0,0.0,0.0,0.0,0.0,0.0,0.0,0.0,0.0,0.0,0.0,0.0,0.0,0.0,0.0,0.0,1.0,0.0,0.0,0.0,0.0,0.0,0.0,0.0,0.0,0.0,0.0,0.0,0.0,0.0,0.0,0.0,0.0,0.0,0.0,0.0,0.0,0.0,0.0,0.0,0.0,0.0,0.0,0.0,0.0,0.0,0.0,0.0,0.0,0.0,0.0,0.0,0.0,0.0,0.0,0.0,0.0,0.0,0.0,0.0,1.0,0.0,0.0,0.0,6000.0,0.0,0.0,0.0,0.0,0.0,0.0,
491,0.0,0.0,0.0,0.0,0.0,0.0,3.0,1.0,1.0,1.0,3.0,1.0,1.0,1.0,4.0,1275.0,3408965.0,65543.0,0.0,2.0,1537.0,1409.0,5.0,513.0,255.0,0.0,0.0,0.0,2.0,1644167432.0,1644167688.0,5.0,417.0,254.0,0.0,0.0,0.0,5.0,449.0,254.0,0.0,0.0,0.0,5.0,481.0,254.0,0.0,0.0,0.0,5.0,673.0,254.0,0.0,0.0,0.0,5.0,705.0,254.0,0.0,0.0,0.0,5.0,737.0,254.0,0.0,0.0,0.0,4.0,1342177544.0,1342177800.0,1342178056.0,1342178312.0,8.0,1342243080.0,1342243336.0,1342243592.0,1342243848.0,1342244104.0,1342244360.0,1342244616.0,1342244872.0,4.0,1342308624.0,1342308880.0,1342309136.0,1342309392.0,8.0,1342374152.0,1342374408.0,1342374664.0,1342374920.0,1342375176.0,1342375432.0,1342375688.0,1342375944.0,8.0,1342376200.0,1342376456.0,1342376712.0,1342376968.0,1342377224.0,1342377480.0,1342377736.0,1342377992.0,8.0,1342439688.0,1342439944.0,1342440200.0,1342440456.0,1342440712.0,1342440968.0,1342441224.0,1342441480.0,3.0,1.0,0.0,0.0,2.0,45.0,45.0,4.0,80.0,244.0,0.0,0.0,8.0,0.0,252.0,170.0,170.0,170.0,2.0,85.0,4.0,5.0,146.0,1806.0,5.0,6.0,2.0,16.0,0.0,0.0,0.0,0.0,0.0,0.0,0.0,0.0,0.0,0.0,0.0,0.0,0.0,0.0,0.0,0.0,8.0,0.0,0.0,0.0,2.0,0.0,0.0,0.0,0.0,2.0,0.0,16.0,0.0,0.0,0.0,131473.0,0.0,340445200.0,34044205.0,1.08,129.0,0.0,2000.0,0.0,0.0,0.0,0.0,0.0,0.0,0.0,1.0,0.0,0.0,0.0,0.0,0.0,0.0,0.0,0.0,0.0,0.0,0.0,0.0,0.0,0.0,0.0,0.0,0.0,0.0,0.0,0.0,0.0,0.0,0.0,0.0,0.0,0.0,0.0,0.0,1.0,0.0,0.0,0.0,0.0,0.0,0.0,0.0,0.0,0.0,0.0,0.0,0.0,0.0,0.0,0.0,0.0,0.0,0.0,0.0,0.0,0.0,0.0,0.0,0.0,0.0,0.0,0.0,0.0,0.0,0.0,0.0,0.0,0.0,0.0,0.0,0.0,0.0,0.0,0.0,0.0,0.0,0.0,0.0,1.0,1.0,0.0,0.0,6000.0,0.0,0.0,0.0,0.0,0.0,0.0,
494,0.0,0.0,0.0,0.0,0.0,0.0,3.0,1.0,1.0,1.0,3.0,1.0,1.0,1.0,4.0,1275.0,3408965.0,65543.0,0.0,2.0,1537.0,1409.0,5.0,513.0,255.0,0.0,0.0,0.0,2.0,1644167432.0,1644167688.0,5.0,417.0,254.0,0.0,0.0,0.0,5.0,449.0,254.0,0.0,0.0,0.0,5.0,481.0,254.0,0.0,0.0,0.0,5.0,673.0,254.0,0.0,0.0,0.0,5.0,705.0,254.0,0.0,0.0,0.0,5.0,737.0,254.0,0.0,0.0,0.0,4.0,1342177544.0,1342177800.0,1342178056.0,1342178312.0,8.0,1342243080.0,1342243336.0,1342243592.0,1342243848.0,1342244104.0,1342244360.0,1342244616.0,1342244872.0,4.0,1342308624.0,1342308880.0,1342309136.0,1342309392.0,8.0,1342374152.0,1342374408.0,1342374664.0,1342374920.0,1342375176.0,1342375432.0,1342375688.0,1342375944.0,8.0,1342376200.0,1342376456.0,1342376712.0,1342376968.0,1342377224.0,1342377480.0,1342377736.0,1342377992.0,8.0,1342439688.0,1342439944.0,1342440200.0,1342440456.0,1342440712.0,1342440968.0,1342441224.0,1342441480.0,3.0,1.0,0.0,0.0,2.0,45.0,45.0,4.0,80.0,244.0,0.0,0.0,8.0,0.0,252.0,170.0,170.0,170.0,0.0,85.0,4.0,5.0,146.0,1806.0,5.0,6.0,2.0,16.0,0.0,0.0,0.0,0.0,0.0,0.0,0.0,0.0,0.0,0.0,0.0,0.0,0.0,0.0,0.0,0.0,8.0,0.0,0.0,0.0,2.0,0.0,0.0,0.0,0.0,2.0,0.0,0.0,0.0,0.0,0.0,131473.0,0.0,340445200.0,34044205.0,1.08,129.0,0.0,2000.0,0.0,0.0,0.0,0.0,0.0,0.0,0.0,1.0,0.0,0.0,0.0,0.0,0.0,0.0,0.0,0.0,0.0,0.0,0.0,0.0,0.0,0.0,0.0,0.0,0.0,0.0,0.0,0.0,0.0,0.0,0.0,0.0,0.0,0.0,0.0,0.0,1.0,0.0,0.0,0.0,0.0,0.0,0.0,0.0,0.0,0.0,0.0,0.0,0.0,0.0,0.0,0.0,0.0,0.0,0.0,0.0,0.0,0.0,0.0,0.0,0.0,0.0,0.0,0.0,0.0,0.0,0.0,0.0,0.0,0.0,0.0,0.0,0.0,0.0,0.0,0.0,0.0,0.0,0.0,0.0,1.0,0.0,0.0,0.0,6000.0,0.0,0.0,0.0,0.0,0.0,0.0,
497,0.0,0.0,0.0,0.0,0.0,0.0,3.0,1.0,1.0,1.0,3.0,1.0,1.0,1.0,4.0,1275.0,3408965.0,65543.0,0.0,2.0,1537.0,1409.0,5.0,513.0,255.0,0.0,0.0,0.0,2.0,1644167432.0,1644167688.0,5.0,417.0,254.0,0.0,0.0,0.0,5.0,449.0,254.0,0.0,0.0,0.0,5.0,481.0,254.0,0.0,0.0,0.0,5.0,673.0,254.0,0.0,0.0,0.0,5.0,705.0,254.0,0.0,0.0,0.0,5.0,737.0,254.0,0.0,0.0,0.0,4.0,1342177544.0,1342177800.0,1342178056.0,1342178312.0,8.0,1342243080.0,1342243336.0,1342243592.0,1342243848.0,1342244104.0,1342244360.0,1342244616.0,1342244872.0,4.0,1342308624.0,1342308880.0,1342309136.0,1342309392.0,8.0,1342374152.0,1342374408.0,1342374664.0,1342374920.0,1342375176.0,1342375432.0,1342375688.0,1342375944.0,8.0,1342376200.0,1342376456.0,1342376712.0,1342376968.0,1342377224.0,1342377480.0,1342377736.0,1342377992.0,8.0,1342439688.0,1342439944.0,1342440200.0,1342440456.0,1342440712.0,1342440968.0,1342441224.0,1342441480.0,3.0,1.0,0.0,0.0,2.0,45.0,45.0,4.0,80.0,244.0,0.0,0.0,8.0,0.0,252.0,170.0,170.0,170.0,2.0,85.0,4.0,5.0,146.0,1813.0,5.0,6.0,2.0,16.0,0.0,0.0,0.0,0.0,0.0,0.0,0.0,0.0,0.0,0.0,0.0,0.0,0.0,0.0,0.0,0.0,8.0,0.0,0.0,0.0,2.0,0.0,0.0,0.0,0.0,2.0,0.0,16.0,0.0,0.0,0.0,131473.0,0.0,340445200.0,34044205.0,1.08,129.0,0.0,2000.0,0.0,0.0,0.0,0.0,0.0,0.0,0.0,1.0,0.0,0.0,0.0,0.0,0.0,0.0,0.0,0.0,0.0,0.0,0.0,0.0,0.0,0.0,0.0,0.0,0.0,0.0,0.0,0.0,0.0,0.0,0.0,0.0,0.0,0.0,0.0,0.0,1.0,0.0,0.0,0.0,0.0,0.0,0.0,0.0,0.0,0.0,0.0,0.0,0.0,0.0,0.0,0.0,0.0,0.0,0.0,0.0,0.0,0.0,0.0,0.0,0.0,0.0,0.0,0.0,0.0,0.0,0.0,0.0,0.0,0.0,0.0,0.0,0.783,0.728,0.0,0.0,0.0,0.0,0.0,0.0,1.0,1.0,0.0,0.0,6000.0,0.0,0.0,0.0,0.0,0.0,0.0,
500,0.0,0.0,0.0,0.0,0.0,0.0,3.0,1.0,1.0,1.0,3.0,1.0,1.0,1.0,4.0,1275.0,3408965.0,65543.0,0.0,2.0,1537.0,1409.0,5.0,513.0,255.0,0.0,0.0,0.0,2.0,1644167432.0,1644167688.0,5.0,417.0,254.0,0.0,0.0,0.0,5.0,449.0,254.0,0.0,0.0,0.0,5.0,481.0,254.0,0.0,0.0,0.0,5.0,673.0,254.0,0.0,0.0,0.0,5.0,705.0,254.0,0.0,0.0,0.0,5.0,737.0,254.0,0.0,0.0,0.0,4.0,1342177544.0,1342177800.0,1342178056.0,1342178312.0,8.0,1342243080.0,1342243336.0,1342243592.0,1342243848.0,1342244104.0,1342244360.0,1342244616.0,1342244872.0,4.0,1342308624.0,1342308880.0,1342309136.0,1342309392.0,8.0,1342374152.0,1342374408.0,1342374664.0,1342374920.0,1342375176.0,1342375432.0,1342375688.0,1342375944.0,8.0,1342376200.0,1342376456.0,1342376712.0,1342376968.0,1342377224.0,1342377480.0,1342377736.0,1342377992.0,8.0,1342439688.0,1342439944.0,1342440200.0,1342440456.0,1342440712.0,1342440968.0,1342441224.0,1342441480.0,3.0,1.0,0.0,0.0,2.0,45.0,45.0,4.0,80.0,244.0,0.0,0.0,8.0,0.0,252.0,170.0,170.0,170.0,0.0,85.0,4.0,5.0,146.0,1813.0,5.0,6.0,2.0,16.0,0.0,0.0,0.0,0.0,0.0,0.0,0.0,0.0,0.0,0.0,0.0,0.0,0.0,0.0,0.0,0.0,8.0,0.0,0.0,0.0,2.0,0.0,0.0,0.0,0.0,2.0,0.0,0.0,0.0,0.0,0.0,131473.0,0.0,340445200.0,34044205.0,1.08,129.0,0.0,2000.0,0.0,0.0,0.0,0.0,0.0,0.0,0.0,1.0,0.0,0.0,0.0,0.0,0.0,0.0,0.0,0.0,0.0,0.0,0.0,0.0,0.0,0.0,0.0,0.0,0.0,0.0,0.0,0.0,0.0,0.0,0.0,0.0,0.0,0.0,0.0,0.0,1.0,0.0,0.0,0.0,0.0,0.0,0.0,0.0,0.0,0.0,0.0,0.0,0.0,0.0,0.0,0.0,0.0,0.0,0.0,0.0,0.0,0.0,0.0,0.0,0.0,0.0,0.0,0.0,0.0,0.0,0.0,0.0,0.0,0.0,0.0,0.0,0.0,0.0,0.0,0.0,0.0,0.0,0.0,0.0,1.0,0.0,0.0,0.0,6000.0,0.0,0.0,0.0,0.0,0.0,0.0,
503,0.0,0.0,0.0,0.0,0.0,0.0,3.0,1.0,1.0,1.0,3.0,1.0,1.0,1.0,4.0,1275.0,3408965.0,65543.0,0.0,2.0,1537.0,1409.0,5.0,513.0,255.0,0.0,0.0,0.0,2.0,1644167432.0,1644167688.0,5.0,417.0,254.0,0.0,0.0,0.0,5.0,449.0,254.0,0.0,0.0,0.0,5.0,481.0,254.0,0.0,0.0,0.0,5.0,673.0,254.0,0.0,0.0,0.0,5.0,705.0,254.0,0.0,0.0,0.0,5.0,737.0,254.0,0.0,0.0,0.0,4.0,1342177544.0,1342177800.0,1342178056.0,1342178312.0,8.0,1342243080.0,1342243336.0,1342243592.0,1342243848.0,1342244104.0,1342244360.0,1342244616.0,1342244872.0,4.0,1342308624.0,1342308880.0,1342309136.0,1342309392.0,8.0,1342374152.0,1342374408.0,1342374664.0,1342374920.0,1342375176.0,1342375432.0,1342375688.0,1342375944.0,8.0,1342376200.0,1342376456.0,1342376712.0,1342376968.0,1342377224.0,1342377480.0,1342377736.0,1342377992.0,8.0,1342439688.0,1342439944.0,1342440200.0,1342440456.0,1342440712.0,1342440968.0,1342441224.0,1342441480.0,3.0,1.0,0.0,0.0,2.0,45.0,45.0,4.0,80.0,244.0,0.0,0.0,8.0,0.0,252.0,170.0,170.0,170.0,2.0,85.0,4.0,5.0,146.0,1806.0,5.0,6.0,2.0,16.0,0.0,0.0,0.0,0.0,0.0,0.0,0.0,0.0,0.0,0.0,0.0,0.0,0.0,0.0,0.0,0.0,8.0,0.0,0.0,0.0,2.0,0.0,0.0,0.0,0.0,2.0,0.0,16.0,0.0,0.0,0.0,131473.0,0.0,340445200.0,34044205.0,1.08,129.0,0.0,2000.0,0.0,0.0,0.0,0.0,0.0,0.0,0.0,1.0,0.0,0.0,0.0,0.0,0.0,0.0,0.0,0.0,0.0,0.0,0.0,0.0,0.0,0.0,0.0,0.0,0.0,0.0,0.0,0.0,0.0,0.0,0.0,0.0,0.0,0.0,0.0,0.0,1.0,0.0,0.0,0.0,0.0,0.0,0.0,0.0,0.0,0.0,0.0,0.0,0.0,0.0,0.0,0.0,0.0,0.0,0.0,0.0,0.0,0.0,0.0,0.0,0.0,0.0,0.0,0.0,0.0,0.0,0.0,0.0,0.0,0.0,0.0,0.0,3.769,2.159,0.0,0.0,0.0,0.0,0.0,0.0,1.0,1.0,0.0,0.0,6000.0,0.0,0.0,0.0,0.0,0.0,0.0,
506,0.0,0.0,0.0,0.0,0.0,0.0,3.0,1.0,1.0,1.0,3.0,1.0,1.0,1.0,4.0,1275.0,3408965.0,65543.0,0.0,2.0,1537.0,1409.0,5.0,513.0,255.0,0.0,0.0,0.0,2.0,1644167432.0,1644167688.0,5.0,417.0,254.0,0.0,0.0,0.0,5.0,449.0,254.0,0.0,0.0,0.0,5.0,481.0,254.0,0.0,0.0,0.0,5.0,673.0,254.0,0.0,0.0,0.0,5.0,705.0,254.0,0.0,0.0,0.0,5.0,737.0,254.0,0.0,0.0,0.0,4.0,1342177544.0,1342177800.0,1342178056.0,1342178312.0,8.0,1342243080.0,1342243336.0,1342243592.0,1342243848.0,1342244104.0,1342244360.0,1342244616.0,1342244872.0,4.0,1342308624.0,1342308880.0,1342309136.0,1342309392.0,8.0,1342374152.0,1342374408.0,1342374664.0,1342374920.0,1342375176.0,1342375432.0,1342375688.0,1342375944.0,8.0,1342376200.0,1342376456.0,1342376712.0,1342376968.0,1342377224.0,1342377480.0,1342377736.0,1342377992.0,8.0,1342439688.0,1342439944.0,1342440200.0,1342440456.0,1342440712.0,1342440968.0,1342441224.0,1342441480.0,3.0,1.0,0.0,0.0,2.0,45.0,45.0,4.0,80.0,244.0,0.0,0.0,8.0,0.0,252.0,170.0,170.0,170.0,0.0,85.0,4.0,5.0,146.0,1813.0,5.0,6.0,2.0,16.0,0.0,0.0,0.0,0.0,0.0,0.0,0.0,0.0,0.0,0.0,0.0,0.0,0.0,0.0,0.0,0.0,8.0,0.0,0.0,0.0,2.0,0.0,0.0,0.0,0.0,2.0,0.0,0.0,0.0,0.0,0.0,131473.0,0.0,340445200.0,34044205.0,1.08,129.0,0.0,2000.0,0.0,0.0,0.0,0.0,0.0,0.0,0.0,1.0,0.0,0.0,0.0,0.0,0.0,0.0,0.0,0.0,0.0,0.0,0.0,0.0,0.0,0.0,0.0,0.0,0.0,0.0,0.0,0.0,0.0,0.0,0.0,0.0,0.0,0.0,0.0,0.0,1.0,0.0,0.0,0.0,0.0,0.0,0.0,0.0,0.0,0.0,0.0,0.0,0.0,0.0,0.0,0.0,0.0,0.0,0.0,0.0,0.0,0.0,0.0,0.0,0.0,0.0,0.0,0.0,0.0,0.0,0.0,0.0,0.0,0.0,0.0,0.0,0.0,0.0,0.0,0.0,0.0,0.0,0.0,0.0,1.0,0.0,0.0,0.0,6000.0,0.0,0.0,0.0,0.0,0.0,0.0,
509,0.0,0.0,0.0,0.0,0.0,0.0,3.0,1.0,1.0,1.0,3.0,1.0,1.0,1.0,4.0,1275.0,3408965.0,65543.0,0.0,2.0,1537.0,1409.0,5.0,513.0,255.0,0.0,0.0,0.0,2.0,1644167432.0,1644167688.0,5.0,417.0,254.0,0.0,0.0,0.0,5.0,449.0,254.0,0.0,0.0,0.0,5.0,481.0,254.0,0.0,0.0,0.0,5.0,673.0,254.0,0.0,0.0,0.0,5.0,705.0,254.0,0.0,0.0,0.0,5.0,737.0,254.0,0.0,0.0,0.0,4.0,1342177544.0,1342177800.0,1342178056.0,1342178312.0,8.0,1342243080.0,1342243336.0,1342243592.0,1342243848.0,1342244104.0,1342244360.0,1342244616.0,1342244872.0,4.0,1342308624.0,1342308880.0,1342309136.0,1342309392.0,8.0,1342374152.0,1342374408.0,1342374664.0,1342374920.0,1342375176.0,1342375432.0,1342375688.0,1342375944.0,8.0,1342376200.0,1342376456.0,1342376712.0,1342376968.0,1342377224.0,1342377480.0,1342377736.0,1342377992.0,8.0,1342439688.0,1342439944.0,1342440200.0,1342440456.0,1342440712.0,1342440968.0,1342441224.0,1342441480.0,3.0,1.0,0.0,0.0,2.0,45.0,45.0,4.0,80.0,244.0,0.0,0.0,8.0,0.0,252.0,170.0,170.0,170.0,2.0,85.0,4.0,5.0,146.0,1813.0,5.0,6.0,2.0,16.0,0.0,0.0,0.0,0.0,0.0,0.0,0.0,0.0,0.0,0.0,0.0,0.0,0.0,0.0,0.0,0.0,8.0,0.0,0.0,0.0,2.0,0.0,0.0,0.0,0.0,2.0,0.0,16.0,0.0,0.0,0.0,131473.0,0.0,340445200.0,34044205.0,1.08,129.0,0.0,2000.0,0.0,0.0,0.0,0.0,0.0,0.0,0.0,1.0,0.0,0.0,0.0,0.0,0.0,0.0,0.0,0.0,0.0,0.0,0.0,0.0,0.0,0.0,0.0,0.0,0.0,0.0,0.0,0.0,0.0,0.0,0.0,0.0,0.0,0.0,0.0,0.0,1.0,0.0,0.0,0.0,0.0,0.0,0.0,0.0,0.0,0.0,0.0,0.0,0.0,0.0,0.0,0.0,0.0,0.0,0.0,0.0,0.0,0.0,0.0,0.0,0.0,0.0,0.0,0.0,0.0,0.0,0.0,0.0,0.0,0.0,0.0,0.0,0.0,0.0,0.0,0.0,0.0,0.0,0.0,0.0,1.0,1.0,0.0,0.0,6000.0,0.0,0.0,0.0,0.0,0.0,0.0,
512,0.0,0.0,0.0,0.0,0.0,0.0,3.0,1.0,1.0,1.0,3.0,1.0,1.0,1.0,4.0,1275.0,3408965.0,65543.0,0.0,2.0,1537.0,1409.0,5.0,513.0,255.0,0.0,0.0,0.0,2.0,1644167432.0,1644167688.0,5.0,417.0,254.0,0.0,0.0,0.0,5.0,449.0,254.0,0.0,0.0,0.0,5.0,481.0,254.0,0.0,0.0,0.0,5.0,673.0,254.0,0.0,0.0,0.0,5.0,705.0,254.0,0.0,0.0,0.0,5.0,737.0,254.0,0.0,0.0,0.0,4.0,1342177544.0,1342177800.0,1342178056.0,1342178312.0,8.0,1342243080.0,1342243336.0,1342243592.0,1342243848.0,1342244104.0,1342244360.0,1342244616.0,1342244872.0,4.0,1342308624.0,1342308880.0,1342309136.0,1342309392.0,8.0,1342374152.0,1342374408.0,1342374664.0,1342374920.0,1342375176.0,1342375432.0,1342375688.0,1342375944.0,8.0,1342376200.0,1342376456.0,1342376712.0,1342376968.0,1342377224.0,1342377480.0,1342377736.0,1342377992.0,8.0,1342439688.0,1342439944.0,1342440200.0,1342440456.0,1342440712.0,1342440968.0,1342441224.0,1342441480.0,3.0,1.0,0.0,0.0,2.0,45.0,45.0,4.0,80.0,244.0,0.0,0.0,8.0,0.0,252.0,170.0,170.0,170.0,2.0,85.0,4.0,5.0,146.0,1806.0,5.0,6.0,2.0,16.0,0.0,0.0,0.0,0.0,0.0,0.0,0.0,0.0,0.0,0.0,0.0,0.0,0.0,0.0,0.0,0.0,8.0,0.0,0.0,0.0,2.0,0.0,0.0,0.0,0.0,2.0,0.0,0.0,0.0,0.0,0.0,131473.0,0.0,340445200.0,34044205.0,1.08,129.0,0.0,2000.0,0.0,0.0,0.0,0.0,0.0,0.0,0.0,1.0,0.0,0.0,0.0,0.0,0.0,0.0,0.0,0.0,0.0,0.0,0.0,0.0,0.0,0.0,0.0,0.0,0.0,0.0,0.0,0.0,0.0,0.0,0.0,0.0,0.0,0.0,0.0,0.0,1.0,0.0,0.0,0.0,0.0,0.0,0.0,0.0,0.0,0.0,0.0,0.0,0.0,0.0,0.0,0.0,0.0,0.0,0.0,0.0,0.0,0.0,0.0,0.0,0.0,0.0,0.0,0.0,0.0,0.0,0.0,0.0,0.0,0.0,0.0,0.0,0.0,0.0,0.0,0.0,0.0,0.0,0.0,0.0,1.0,0.0,0.0,0.0,6000.0,0.0,0.0,0.0,0.0,0.0,0.0,
521,0.0,0.0,0.0,0.0,0.0,0.0,3.0,1.0,1.0,1.0,3.0,1.0,1.0,1.0,4.0,1275.0,3408965.0,65543.0,0.0,2.0,1537.0,1409.0,5.0,513.0,255.0,0.0,0.0,0.0,2.0,1644167432.0,1644167688.0,5.0,417.0,254.0,0.0,0.0,0.0,5.0,449.0,254.0,0.0,0.0,0.0,5.0,481.0,254.0,0.0,0.0,0.0,5.0,673.0,254.0,0.0,0.0,0.0,5.0,705.0,254.0,0.0,0.0,0.0,5.0,737.0,254.0,0.0,0.0,0.0,4.0,1342177544.0,1342177800.0,1342178056.0,1342178312.0,8.0,1342243080.0,1342243336.0,1342243592.0,1342243848.0,1342244104.0,1342244360.0,1342244616.0,1342244872.0,4.0,1342308624.0,1342308880.0,1342309136.0,1342309392.0,8.0,1342374152.0,1342374408.0,1342374664.0,1342374920.0,1342375176.0,1342375432.0,1342375688.0,1342375944.0,8.0,1342376200.0,1342376456.0,1342376712.0,1342376968.0,1342377224.0,1342377480.0,1342377736.0,1342377992.0,8.0,1342439688.0,1342439944.0,1342440200.0,1342440456.0,1342440712.0,1342440968.0,1342441224.0,1342441480.0,3.0,1.0,0.0,0.0,2.0,45.0,45.0,4.0,80.0,244.0,0.0,0.0,8.0,0.0,252.0,170.0,170.0,170.0,2.0,85.0,4.0,5.0,146.0,1813.0,5.0,6.0,2.0,16.0,0.0,0.0,0.0,0.0,0.0,0.0,0.0,0.0,0.0,0.0,0.0,0.0,0.0,0.0,0.0,0.0,8.0,0.0,0.0,0.0,2.0,0.0,0.0,0.0,0.0,2.0,0.0,0.0,0.0,0.0,0.0,131473.0,0.0,340445200.0,34044205.0,1.08,129.0,0.0,2000.0,0.0,0.0,0.0,0.0,0.0,0.0,0.0,1.0,0.0,0.0,0.0,0.0,0.0,0.0,0.0,0.0,0.0,0.0,0.0,0.0,0.0,0.0,0.0,0.0,0.0,0.0,0.0,0.0,0.0,0.0,0.0,0.0,0.0,0.0,0.0,0.0,0.0,1.0,0.0,0.0,0.0,0.0,0.0,0.0,0.0,0.0,0.0,0.0,0.0,0.0,0.0,0.0,0.0,0.0,0.0,0.0,0.0,0.0,0.0,0.0,0.0,0.0,0.0,0.0,0.0,0.0,0.0,0.0,0.0,0.0,0.0,0.0,0.0,0.0,0.0,0.0,0.0,0.0,0.0,0.0,1.0,0.0,0.0,0.0,6000.0,0.0,0.0,0.0,0.0,0.0,0.0,
524,0.0,0.0,0.0,0.0,0.0,0.0,3.0,1.0,1.0,1.0,3.0,1.0,1.0,1.0,4.0,1275.0,3408965.0,65543.0,0.0,2.0,1537.0,1409.0,5.0,513.0,255.0,0.0,0.0,0.0,2.0,1644167432.0,1644167688.0,5.0,417.0,254.0,0.0,0.0,0.0,5.0,449.0,254.0,0.0,0.0,0.0,5.0,481.0,254.0,0.0,0.0,0.0,5.0,673.0,254.0,0.0,0.0,0.0,5.0,705.0,254.0,0.0,0.0,0.0,5.0,737.0,254.0,0.0,0.0,0.0,4.0,1342177544.0,1342177800.0,1342178056.0,1342178312.0,8.0,1342243080.0,1342243336.0,1342243592.0,1342243848.0,1342244104.0,1342244360.0,1342244616.0,1342244872.0,4.0,1342308624.0,1342308880.0,1342309136.0,1342309392.0,8.0,1342374152.0,1342374408.0,1342374664.0,1342374920.0,1342375176.0,1342375432.0,1342375688.0,1342375944.0,8.0,1342376200.0,1342376456.0,1342376712.0,1342376968.0,1342377224.0,1342377480.0,1342377736.0,1342377992.0,8.0,1342439688.0,1342439944.0,1342440200.0,1342440456.0,1342440712.0,1342440968.0,1342441224.0,1342441480.0,3.0,1.0,0.0,0.0,2.0,45.0,45.0,4.0,80.0,244.0,0.0,0.0,8.0,0.0,252.0,170.0,170.0,170.0,10.0,85.0,4.0,5.0,146.0,1806.0,5.0,6.0,2.0,16.0,0.0,0.0,0.0,0.0,0.0,0.0,0.0,0.0,0.0,0.0,0.0,0.0,0.0,0.0,0.0,0.0,8.0,0.0,0.0,0.0,2.0,0.0,0.0,0.0,0.0,2.0,0.0,32.0,0.0,0.0,0.0,131473.0,0.0,340445200.0,34044205.0,1.08,129.0,0.0,2000.0,0.0,0.0,0.0,0.0,0.0,0.0,0.0,1.0,0.0,0.0,0.0,0.0,0.0,0.0,0.0,0.0,0.0,0.0,0.0,0.0,0.0,0.0,0.0,0.0,0.0,0.0,0.0,0.0,0.0,0.0,0.0,0.0,0.0,0.0,0.0,0.0,0.0,1.0,0.0,0.0,0.0,0.0,0.0,0.0,0.0,0.0,0.0,0.0,0.0,0.0,0.0,0.0,0.0,0.0,0.0,0.0,0.0,0.0,0.0,0.0,0.0,0.0,0.0,0.0,0.0,0.0,0.0,0.0,0.0,0.0,0.0,0.0,4.811,2.777,0.0,0.0,0.0,0.0,0.0,0.0,1.0,1.0,0.0,0.0,6000.0,0.0,0.0,0.0,0.0,0.0,0.0,
527,0.0,0.0,0.0,0.0,0.0,0.0,3.0,1.0,1.0,1.0,3.0,1.0,1.0,1.0,4.0,1275.0,3408965.0,65543.0,0.0,2.0,1537.0,1409.0,5.0,513.0,255.0,0.0,0.0,0.0,2.0,1644167432.0,1644167688.0,5.0,417.0,254.0,0.0,0.0,0.0,5.0,449.0,254.0,0.0,0.0,0.0,5.0,481.0,254.0,0.0,0.0,0.0,5.0,673.0,254.0,0.0,0.0,0.0,5.0,705.0,254.0,0.0,0.0,0.0,5.0,737.0,254.0,0.0,0.0,0.0,4.0,1342177544.0,1342177800.0,1342178056.0,1342178312.0,8.0,1342243080.0,1342243336.0,1342243592.0,1342243848.0,1342244104.0,1342244360.0,1342244616.0,1342244872.0,4.0,1342308624.0,1342308880.0,1342309136.0,1342309392.0,8.0,1342374152.0,1342374408.0,1342374664.0,1342374920.0,1342375176.0,1342375432.0,1342375688.0,1342375944.0,8.0,1342376200.0,1342376456.0,1342376712.0,1342376968.0,1342377224.0,1342377480.0,1342377736.0,1342377992.0,8.0,1342439688.0,1342439944.0,1342440200.0,1342440456.0,1342440712.0,1342440968.0,1342441224.0,1342441480.0,3.0,1.0,0.0,0.0,2.0,45.0,45.0,4.0,80.0,244.0,0.0,0.0,8.0,0.0,252.0,170.0,170.0,170.0,2.0,85.0,4.0,5.0,146.0,1806.0,5.0,6.0,2.0,16.0,0.0,0.0,0.0,0.0,0.0,0.0,0.0,0.0,0.0,0.0,0.0,0.0,0.0,0.0,0.0,0.0,8.0,0.0,0.0,0.0,2.0,0.0,0.0,0.0,0.0,2.0,0.0,0.0,0.0,0.0,0.0,131473.0,0.0,340445200.0,34044205.0,1.08,129.0,0.0,2000.0,0.0,0.0,0.0,0.0,0.0,0.0,0.0,1.0,0.0,0.0,0.0,0.0,0.0,0.0,0.0,0.0,0.0,0.0,0.0,0.0,0.0,0.0,0.0,0.0,0.0,0.0,0.0,0.0,0.0,0.0,0.0,0.0,0.0,0.0,0.0,0.0,0.0,1.0,0.0,0.0,0.0,0.0,0.0,0.0,0.0,0.0,0.0,0.0,0.0,0.0,0.0,0.0,0.0,0.0,0.0,0.0,0.0,0.0,0.0,0.0,0.0,0.0,0.0,0.0,0.0,0.0,0.0,0.0,0.0,0.0,0.0,0.0,0.0,0.0,0.0,0.0,0.0,0.0,0.0,0.0,1.0,0.0,0.0,0.0,6000.0,0.0,0.0,0.0,0.0,0.0,0.0,
530,0.0,0.0,0.0,0.0,0.0,0.0,3.0,1.0,1.0,1.0,3.0,1.0,1.0,1.0,4.0,1275.0,3408965.0,65543.0,0.0,2.0,1537.0,1409.0,5.0,513.0,255.0,0.0,0.0,0.0,2.0,1644167432.0,1644167688.0,5.0,417.0,254.0,0.0,0.0,0.0,5.0,449.0,254.0,0.0,0.0,0.0,5.0,481.0,254.0,0.0,0.0,0.0,5.0,673.0,254.0,0.0,0.0,0.0,5.0,705.0,254.0,0.0,0.0,0.0,5.0,737.0,254.0,0.0,0.0,0.0,4.0,1342177544.0,1342177800.0,1342178056.0,1342178312.0,8.0,1342243080.0,1342243336.0,1342243592.0,1342243848.0,1342244104.0,1342244360.0,1342244616.0,1342244872.0,4.0,1342308624.0,1342308880.0,1342309136.0,1342309392.0,8.0,1342374152.0,1342374408.0,1342374664.0,1342374920.0,1342375176.0,1342375432.0,1342375688.0,1342375944.0,8.0,1342376200.0,1342376456.0,1342376712.0,1342376968.0,1342377224.0,1342377480.0,1342377736.0,1342377992.0,8.0,1342439688.0,1342439944.0,1342440200.0,1342440456.0,1342440712.0,1342440968.0,1342441224.0,1342441480.0,3.0,1.0,0.0,0.0,2.0,45.0,45.0,4.0,80.0,244.0,0.0,0.0,8.0,0.0,252.0,170.0,170.0,170.0,10.0,85.0,4.0,5.0,146.0,1813.0,5.0,6.0,2.0,16.0,0.0,0.0,0.0,0.0,0.0,0.0,0.0,0.0,0.0,0.0,0.0,0.0,0.0,0.0,0.0,0.0,8.0,0.0,0.0,0.0,2.0,0.0,0.0,0.0,0.0,2.0,0.0,32.0,0.0,0.0,0.0,131473.0,0.0,340445200.0,34044205.0,1.08,129.0,0.0,2000.0,0.0,0.0,0.0,0.0,0.0,0.0,0.0,1.0,0.0,0.0,0.0,0.0,0.0,0.0,0.0,0.0,0.0,0.0,0.0,0.0,0.0,0.0,0.0,0.0,0.0,0.0,0.0,0.0,0.0,0.0,0.0,0.0,0.0,0.0,0.0,0.0,0.0,1.0,0.0,0.0,0.0,0.0,0.0,0.0,0.0,0.0,0.0,0.0,0.0,0.0,0.0,0.0,0.0,0.0,0.0,0.0,0.0,0.0,0.0,0.0,0.0,0.0,0.0,0.0,0.0,0.0,0.0,0.0,0.0,0.0,0.0,0.0,2.693,2.542,0.0,0.0,0.0,0.0,0.0,0.0,1.0,1.0,0.0,0.0,6000.0,0.0,0.0,0.0,0.0,0.0,0.0,
533,0.0,0.0,0.0,0.0,0.0,0.0,3.0,1.0,1.0,1.0,3.0,1.0,1.0,1.0,4.0,1275.0,3408965.0,65543.0,0.0,2.0,1537.0,1409.0,5.0,513.0,255.0,0.0,0.0,0.0,2.0,1644167432.0,1644167688.0,5.0,417.0,254.0,0.0,0.0,0.0,5.0,449.0,254.0,0.0,0.0,0.0,5.0,481.0,254.0,0.0,0.0,0.0,5.0,673.0,254.0,0.0,0.0,0.0,5.0,705.0,254.0,0.0,0.0,0.0,5.0,737.0,254.0,0.0,0.0,0.0,4.0,1342177544.0,1342177800.0,1342178056.0,1342178312.0,8.0,1342243080.0,1342243336.0,1342243592.0,1342243848.0,1342244104.0,1342244360.0,1342244616.0,1342244872.0,4.0,1342308624.0,1342308880.0,1342309136.0,1342309392.0,8.0,1342374152.0,1342374408.0,1342374664.0,1342374920.0,1342375176.0,1342375432.0,1342375688.0,1342375944.0,8.0,1342376200.0,1342376456.0,1342376712.0,1342376968.0,1342377224.0,1342377480.0,1342377736.0,1342377992.0,8.0,1342439688.0,1342439944.0,1342440200.0,1342440456.0,1342440712.0,1342440968.0,1342441224.0,1342441480.0,3.0,1.0,0.0,0.0,2.0,45.0,45.0,4.0,80.0,244.0,0.0,0.0,8.0,0.0,252.0,170.0,170.0,170.0,2.0,85.0,4.0,5.0,146.0,1813.0,5.0,6.0,2.0,16.0,0.0,0.0,0.0,0.0,0.0,0.0,0.0,0.0,0.0,0.0,0.0,0.0,0.0,0.0,0.0,0.0,8.0,0.0,0.0,0.0,2.0,0.0,0.0,0.0,0.0,2.0,0.0,0.0,0.0,0.0,0.0,131473.0,0.0,340445200.0,34044205.0,1.08,129.0,0.0,2000.0,0.0,0.0,0.0,0.0,0.0,0.0,0.0,1.0,0.0,0.0,0.0,0.0,0.0,0.0,0.0,0.0,0.0,0.0,0.0,0.0,0.0,0.0,0.0,0.0,0.0,0.0,0.0,0.0,0.0,0.0,0.0,0.0,0.0,0.0,0.0,0.0,0.0,1.0,0.0,0.0,0.0,0.0,0.0,0.0,0.0,0.0,0.0,0.0,0.0,0.0,0.0,0.0,0.0,0.0,0.0,0.0,0.0,0.0,0.0,0.0,0.0,0.0,0.0,0.0,0.0,0.0,0.0,0.0,0.0,0.0,0.0,0.0,0.0,0.0,0.0,0.0,0.0,0.0,0.0,0.0,1.0,0.0,0.0,0.0,6000.0,0.0,0.0,0.0,0.0,0.0,0.0,
536,0.0,0.0,0.0,0.0,0.0,0.0,3.0,1.0,1.0,1.0,3.0,1.0,1.0,1.0,4.0,1275.0,3408965.0,65543.0,0.0,2.0,1537.0,1409.0,5.0,513.0,255.0,0.0,0.0,0.0,2.0,1644167432.0,1644167688.0,5.0,417.0,254.0,0.0,0.0,0.0,5.0,449.0,254.0,0.0,0.0,0.0,5.0,481.0,254.0,0.0,0.0,0.0,5.0,673.0,254.0,0.0,0.0,0.0,5.0,705.0,254.0,0.0,0.0,0.0,5.0,737.0,254.0,0.0,0.0,0.0,4.0,1342177544.0,1342177800.0,1342178056.0,1342178312.0,8.0,1342243080.0,1342243336.0,1342243592.0,1342243848.0,1342244104.0,1342244360.0,1342244616.0,1342244872.0,4.0,1342308624.0,1342308880.0,1342309136.0,1342309392.0,8.0,1342374152.0,1342374408.0,1342374664.0,1342374920.0,1342375176.0,1342375432.0,1342375688.0,1342375944.0,8.0,1342376200.0,1342376456.0,1342376712.0,1342376968.0,1342377224.0,1342377480.0,1342377736.0,1342377992.0,8.0,1342439688.0,1342439944.0,1342440200.0,1342440456.0,1342440712.0,1342440968.0,1342441224.0,1342441480.0,3.0,1.0,0.0,0.0,2.0,45.0,45.0,4.0,80.0,244.0,0.0,0.0,8.0,0.0,252.0,170.0,170.0,170.0,10.0,85.0,4.0,5.0,146.0,1813.0,5.0,6.0,2.0,16.0,0.0,0.0,0.0,0.0,0.0,0.0,0.0,0.0,0.0,0.0,0.0,0.0,0.0,0.0,0.0,0.0,8.0,0.0,0.0,0.0,2.0,0.0,0.0,0.0,0.0,2.0,0.0,32.0,0.0,0.0,0.0,131473.0,0.0,340445200.0,34044205.0,1.08,129.0,0.0,2000.0,0.0,0.0,0.0,0.0,0.0,0.0,0.0,1.0,0.0,0.0,0.0,0.0,0.0,0.0,0.0,0.0,0.0,0.0,0.0,0.0,0.0,0.0,0.0,0.0,0.0,0.0,0.0,0.0,0.0,0.0,0.0,0.0,0.0,0.0,0.0,0.0,0.0,1.0,0.0,0.0,0.0,0.0,0.0,0.0,0.0,0.0,0.0,0.0,0.0,0.0,0.0,0.0,0.0,0.0,0.0,0.0,0.0,0.0,0.0,0.0,0.0,0.0,0.0,0.0,0.0,0.0,0.0,0.0,0.0,0.0,0.0,0.0,0.0,0.0,0.0,0.0,0.0,0.0,0.0,0.0,1.0,1.0,0.0,0.0,6000.0,0.0,0.0,0.0,0.0,0.0,0.0,
539,0.0,0.0,0.0,0.0,0.0,0.0,3.0,1.0,1.0,1.0,3.0,1.0,1.0,1.0,4.0,1275.0,3408965.0,65543.0,0.0,2.0,1537.0,1409.0,5.0,513.0,255.0,0.0,0.0,0.0,2.0,1644167432.0,1644167688.0,5.0,417.0,254.0,0.0,0.0,0.0,5.0,449.0,254.0,0.0,0.0,0.0,5.0,481.0,254.0,0.0,0.0,0.0,5.0,673.0,254.0,0.0,0.0,0.0,5.0,705.0,254.0,0.0,0.0,0.0,5.0,737.0,254.0,0.0,0.0,0.0,4.0,1342177544.0,1342177800.0,1342178056.0,1342178312.0,8.0,1342243080.0,1342243336.0,1342243592.0,1342243848.0,1342244104.0,1342244360.0,1342244616.0,1342244872.0,4.0,1342308624.0,1342308880.0,1342309136.0,1342309392.0,8.0,1342374152.0,1342374408.0,1342374664.0,1342374920.0,1342375176.0,1342375432.0,1342375688.0,1342375944.0,8.0,1342376200.0,1342376456.0,1342376712.0,1342376968.0,1342377224.0,1342377480.0,1342377736.0,1342377992.0,8.0,1342439688.0,1342439944.0,1342440200.0,1342440456.0,1342440712.0,1342440968.0,1342441224.0,1342441480.0,3.0,1.0,0.0,0.0,2.0,45.0,45.0,4.0,80.0,244.0,0.0,0.0,8.0,0.0,252.0,170.0,170.0,170.0,2.0,85.0,4.0,5.0,146.0,1813.0,5.0,6.0,2.0,16.0,0.0,0.0,0.0,0.0,0.0,0.0,0.0,0.0,0.0,0.0,0.0,0.0,0.0,0.0,0.0,0.0,8.0,0.0,0.0,0.0,2.0,0.0,0.0,0.0,0.0,2.0,0.0,0.0,0.0,0.0,0.0,131473.0,0.0,340445200.0,34044205.0,1.08,129.0,0.0,2000.0,0.0,0.0,0.0,0.0,0.0,0.0,0.0,1.0,0.0,0.0,0.0,0.0,0.0,0.0,0.0,0.0,0.0,0.0,0.0,0.0,0.0,0.0,0.0,0.0,0.0,0.0,0.0,0.0,0.0,0.0,0.0,0.0,0.0,0.0,0.0,0.0,0.0,1.0,0.0,0.0,0.0,0.0,0.0,0.0,0.0,0.0,0.0,0.0,0.0,0.0,0.0,0.0,0.0,0.0,0.0,0.0,0.0,0.0,0.0,0.0,0.0,0.0,0.0,0.0,0.0,0.0,0.0,0.0,0.0,0.0,0.0,0.0,0.0,0.0,0.0,0.0,0.0,0.0,0.0,0.0,1.0,0.0,0.0,0.0,6000.0,0.0,0.0,0.0,0.0,0.0,0.0,
542,0.0,0.0,0.0,0.0,0.0,0.0,3.0,1.0,1.0,1.0,3.0,1.0,1.0,1.0,4.0,1275.0,3408965.0,65543.0,0.0,2.0,1537.0,1409.0,5.0,513.0,255.0,0.0,0.0,0.0,2.0,1644167432.0,1644167688.0,5.0,417.0,254.0,0.0,0.0,0.0,5.0,449.0,254.0,0.0,0.0,0.0,5.0,481.0,254.0,0.0,0.0,0.0,5.0,673.0,254.0,0.0,0.0,0.0,5.0,705.0,254.0,0.0,0.0,0.0,5.0,737.0,254.0,0.0,0.0,0.0,4.0,1342177544.0,1342177800.0,1342178056.0,1342178312.0,8.0,1342243080.0,1342243336.0,1342243592.0,1342243848.0,1342244104.0,1342244360.0,1342244616.0,1342244872.0,4.0,1342308624.0,1342308880.0,1342309136.0,1342309392.0,8.0,1342374152.0,1342374408.0,1342374664.0,1342374920.0,1342375176.0,1342375432.0,1342375688.0,1342375944.0,8.0,1342376200.0,1342376456.0,1342376712.0,1342376968.0,1342377224.0,1342377480.0,1342377736.0,1342377992.0,8.0,1342439688.0,1342439944.0,1342440200.0,1342440456.0,1342440712.0,1342440968.0,1342441224.0,1342441480.0,3.0,1.0,0.0,0.0,2.0,45.0,45.0,4.0,80.0,244.0,0.0,0.0,8.0,0.0,252.0,170.0,170.0,170.0,10.0,85.0,4.0,5.0,146.0,1806.0,5.0,6.0,2.0,16.0,0.0,0.0,0.0,0.0,0.0,0.0,0.0,0.0,0.0,0.0,0.0,0.0,0.0,0.0,0.0,0.0,8.0,0.0,0.0,0.0,2.0,0.0,0.0,0.0,0.0,2.0,0.0,32.0,0.0,0.0,0.0,131473.0,0.0,340445200.0,34044205.0,1.08,129.0,0.0,2000.0,0.0,0.0,0.0,0.0,0.0,0.0,0.0,1.0,0.0,0.0,0.0,0.0,0.0,0.0,0.0,0.0,0.0,0.0,0.0,0.0,0.0,0.0,0.0,0.0,0.0,0.0,0.0,0.0,0.0,0.0,0.0,0.0,0.0,0.0,0.0,0.0,0.0,1.0,0.0,0.0,0.0,0.0,0.0,0.0,0.0,0.0,0.0,0.0,0.0,0.0,0.0,0.0,0.0,0.0,0.0,0.0,0.0,0.0,0.0,0.0,0.0,0.0,0.0,0.0,0.0,0.0,0.0,0.0,0.0,0.0,0.0,0.0,2.637,2.49,0.0,0.0,0.0,0.0,0.0,0.0,1.0,1.0,0.0,0.0,6000.0,0.0,0.0,0.0,0.0,0.0,0.0,
545,0.0,0.0,0.0,0.0,0.0,0.0,3.0,1.0,1.0,1.0,3.0,1.0,1.0,1.0,4.0,1275.0,3408965.0,65543.0,0.0,2.0,1537.0,1409.0,5.0,513.0,255.0,0.0,0.0,0.0,2.0,1644167432.0,1644167688.0,5.0,417.0,254.0,0.0,0.0,0.0,5.0,449.0,254.0,0.0,0.0,0.0,5.0,481.0,254.0,0.0,0.0,0.0,5.0,673.0,254.0,0.0,0.0,0.0,5.0,705.0,254.0,0.0,0.0,0.0,5.0,737.0,254.0,0.0,0.0,0.0,4.0,1342177544.0,1342177800.0,1342178056.0,1342178312.0,8.0,1342243080.0,1342243336.0,1342243592.0,1342243848.0,1342244104.0,1342244360.0,1342244616.0,1342244872.0,4.0,1342308624.0,1342308880.0,1342309136.0,1342309392.0,8.0,1342374152.0,1342374408.0,1342374664.0,1342374920.0,1342375176.0,1342375432.0,1342375688.0,1342375944.0,8.0,1342376200.0,1342376456.0,1342376712.0,1342376968.0,1342377224.0,1342377480.0,1342377736.0,1342377992.0,8.0,1342439688.0,1342439944.0,1342440200.0,1342440456.0,1342440712.0,1342440968.0,1342441224.0,1342441480.0,3.0,1.0,0.0,0.0,2.0,45.0,45.0,4.0,80.0,244.0,0.0,0.0,8.0,0.0,252.0,170.0,170.0,170.0,2.0,85.0,4.0,5.0,146.0,1813.0,5.0,6.0,2.0,16.0,0.0,0.0,0.0,0.0,0.0,0.0,0.0,0.0,0.0,0.0,0.0,0.0,0.0,0.0,0.0,0.0,8.0,0.0,0.0,0.0,2.0,0.0,0.0,0.0,0.0,2.0,0.0,0.0,0.0,0.0,0.0,131473.0,0.0,340445200.0,34044205.0,1.08,129.0,0.0,2000.0,0.0,0.0,0.0,0.0,0.0,0.0,0.0,1.0,0.0,0.0,0.0,0.0,0.0,0.0,0.0,0.0,0.0,0.0,0.0,0.0,0.0,0.0,0.0,0.0,0.0,0.0,0.0,0.0,0.0,0.0,0.0,0.0,0.0,0.0,0.0,0.0,0.0,1.0,0.0,0.0,0.0,0.0,0.0,0.0,0.0,0.0,0.0,0.0,0.0,0.0,0.0,0.0,0.0,0.0,0.0,0.0,0.0,0.0,0.0,0.0,0.0,0.0,0.0,0.0,0.0,0.0,0.0,0.0,0.0,0.0,0.0,0.0,0.0,0.0,0.0,0.0,0.0,0.0,0.0,0.0,1.0,0.0,0.0,0.0,6000.0,0.0,0.0,0.0,0.0,0.0,0.0,
548,0.0,0.0,0.0,0.0,0.0,0.0,3.0,1.0,1.0,1.0,3.0,1.0,1.0,1.0,4.0,1275.0,3408965.0,65543.0,0.0,2.0,1537.0,1409.0,5.0,513.0,255.0,0.0,0.0,0.0,2.0,1644167432.0,1644167688.0,5.0,417.0,254.0,0.0,0.0,0.0,5.0,449.0,254.0,0.0,0.0,0.0,5.0,481.0,254.0,0.0,0.0,0.0,5.0,673.0,254.0,0.0,0.0,0.0,5.0,705.0,254.0,0.0,0.0,0.0,5.0,737.0,254.0,0.0,0.0,0.0,4.0,1342177544.0,1342177800.0,1342178056.0,1342178312.0,8.0,1342243080.0,1342243336.0,1342243592.0,1342243848.0,1342244104.0,1342244360.0,1342244616.0,1342244872.0,4.0,1342308624.0,1342308880.0,1342309136.0,1342309392.0,8.0,1342374152.0,1342374408.0,1342374664.0,1342374920.0,1342375176.0,1342375432.0,1342375688.0,1342375944.0,8.0,1342376200.0,1342376456.0,1342376712.0,1342376968.0,1342377224.0,1342377480.0,1342377736.0,1342377992.0,8.0,1342439688.0,1342439944.0,1342440200.0,1342440456.0,1342440712.0,1342440968.0,1342441224.0,1342441480.0,3.0,1.0,0.0,0.0,2.0,45.0,45.0,4.0,80.0,244.0,0.0,0.0,8.0,0.0,252.0,170.0,170.0,170.0,10.0,85.0,4.0,5.0,146.0,1806.0,5.0,6.0,2.0,16.0,0.0,0.0,0.0,0.0,0.0,0.0,0.0,0.0,0.0,0.0,0.0,0.0,0.0,0.0,0.0,0.0,8.0,0.0,0.0,0.0,2.0,0.0,0.0,0.0,0.0,2.0,0.0,32.0,0.0,0.0,0.0,131473.0,0.0,340445200.0,34044205.0,1.08,129.0,0.0,2000.0,0.0,0.0,0.0,0.0,0.0,0.0,0.0,1.0,0.0,0.0,0.0,0.0,0.0,0.0,0.0,0.0,0.0,0.0,0.0,0.0,0.0,0.0,0.0,0.0,0.0,0.0,0.0,0.0,0.0,0.0,0.0,0.0,0.0,0.0,0.0,0.0,0.0,1.0,0.0,0.0,0.0,0.0,0.0,0.0,0.0,0.0,0.0,0.0,0.0,0.0,0.0,0.0,0.0,0.0,0.0,0.0,0.0,0.0,0.0,0.0,0.0,0.0,0.0,0.0,0.0,0.0,0.0,0.0,0.0,0.0,0.0,0.0,0.0,0.0,0.0,0.0,0.0,0.0,0.0,0.0,1.0,1.0,0.0,0.0,6000.0,0.0,0.0,0.0,0.0,0.0,0.0,
551,0.0,0.0,0.0,0.0,0.0,0.0,3.0,1.0,1.0,1.0,3.0,1.0,1.0,1.0,4.0,1275.0,3408965.0,65543.0,0.0,2.0,1537.0,1409.0,5.0,513.0,255.0,0.0,0.0,0.0,2.0,1644167432.0,1644167688.0,5.0,417.0,254.0,0.0,0.0,0.0,5.0,449.0,254.0,0.0,0.0,0.0,5.0,481.0,254.0,0.0,0.0,0.0,5.0,673.0,254.0,0.0,0.0,0.0,5.0,705.0,254.0,0.0,0.0,0.0,5.0,737.0,254.0,0.0,0.0,0.0,4.0,1342177544.0,1342177800.0,1342178056.0,1342178312.0,8.0,1342243080.0,1342243336.0,1342243592.0,1342243848.0,1342244104.0,1342244360.0,1342244616.0,1342244872.0,4.0,1342308624.0,1342308880.0,1342309136.0,1342309392.0,8.0,1342374152.0,1342374408.0,1342374664.0,1342374920.0,1342375176.0,1342375432.0,1342375688.0,1342375944.0,8.0,1342376200.0,1342376456.0,1342376712.0,1342376968.0,1342377224.0,1342377480.0,1342377736.0,1342377992.0,8.0,1342439688.0,1342439944.0,1342440200.0,1342440456.0,1342440712.0,1342440968.0,1342441224.0,1342441480.0,3.0,1.0,0.0,0.0,2.0,45.0,45.0,4.0,80.0,244.0,0.0,0.0,8.0,0.0,252.0,170.0,170.0,170.0,10.0,85.0,4.0,5.0,146.0,1806.0,5.0,6.0,2.0,16.0,0.0,0.0,0.0,0.0,0.0,0.0,0.0,0.0,0.0,0.0,0.0,0.0,0.0,0.0,0.0,0.0,8.0,0.0,0.0,0.0,2.0,0.0,0.0,0.0,0.0,2.0,0.0,0.0,0.0,0.0,0.0,131473.0,0.0,340445200.0,34044205.0,1.08,129.0,0.0,2000.0,0.0,0.0,0.0,0.0,0.0,0.0,0.0,1.0,0.0,0.0,0.0,0.0,0.0,0.0,0.0,0.0,0.0,0.0,0.0,0.0,0.0,0.0,0.0,0.0,0.0,0.0,0.0,0.0,0.0,0.0,0.0,0.0,0.0,0.0,0.0,0.0,0.0,1.0,0.0,0.0,0.0,0.0,0.0,0.0,0.0,0.0,0.0,0.0,0.0,0.0,0.0,0.0,0.0,0.0,0.0,0.0,0.0,0.0,0.0,0.0,0.0,0.0,0.0,0.0,0.0,0.0,0.0,0.0,0.0,0.0,0.0,0.0,0.0,0.0,0.0,0.0,0.0,0.0,0.0,0.0,1.0,0.0,0.0,0.0,6000.0,0.0,0.0,0.0,0.0,0.0,0.0,
560,0.0,0.0,0.0,0.0,0.0,0.0,3.0,1.0,1.0,1.0,3.0,1.0,1.0,1.0,4.0,1275.0,3408965.0,65543.0,0.0,2.0,1537.0,1409.0,5.0,513.0,255.0,0.0,0.0,0.0,2.0,1644167432.0,1644167688.0,5.0,417.0,254.0,0.0,0.0,0.0,5.0,449.0,254.0,0.0,0.0,0.0,5.0,481.0,254.0,0.0,0.0,0.0,5.0,673.0,254.0,0.0,0.0,0.0,5.0,705.0,254.0,0.0,0.0,0.0,5.0,737.0,254.0,0.0,0.0,0.0,4.0,1342177544.0,1342177800.0,1342178056.0,1342178312.0,8.0,1342243080.0,1342243336.0,1342243592.0,1342243848.0,1342244104.0,1342244360.0,1342244616.0,1342244872.0,4.0,1342308624.0,1342308880.0,1342309136.0,1342309392.0,8.0,1342374152.0,1342374408.0,1342374664.0,1342374920.0,1342375176.0,1342375432.0,1342375688.0,1342375944.0,8.0,1342376200.0,1342376456.0,1342376712.0,1342376968.0,1342377224.0,1342377480.0,1342377736.0,1342377992.0,8.0,1342439688.0,1342439944.0,1342440200.0,1342440456.0,1342440712.0,1342440968.0,1342441224.0,1342441480.0,3.0,1.0,0.0,0.0,2.0,45.0,45.0,4.0,80.0,244.0,0.0,0.0,8.0,0.0,252.0,170.0,170.0,170.0,10.0,85.0,4.0,5.0,146.0,1813.0,5.0,6.0,2.0,16.0,0.0,0.0,0.0,0.0,0.0,0.0,0.0,0.0,0.0,0.0,0.0,0.0,0.0,0.0,0.0,0.0,8.0,0.0,0.0,0.0,2.0,0.0,0.0,0.0,0.0,2.0,0.0,0.0,0.0,0.0,0.0,131473.0,0.0,340445200.0,34044205.0,1.08,129.0,0.0,2000.0,0.0,0.0,0.0,0.0,0.0,0.0,0.0,1.0,0.0,0.0,0.0,0.0,0.0,0.0,0.0,0.0,0.0,0.0,0.0,0.0,0.0,0.0,0.0,0.0,0.0,0.0,0.0,0.0,0.0,0.0,0.0,0.0,0.0,0.0,0.0,0.0,0.0,0.0,1.0,0.0,0.0,0.0,0.0,0.0,0.0,0.0,0.0,0.0,0.0,0.0,0.0,0.0,0.0,0.0,0.0,0.0,0.0,0.0,0.0,0.0,0.0,0.0,0.0,0.0,0.0,0.0,0.0,0.0,0.0,0.0,0.0,0.0,0.0,0.0,0.0,0.0,0.0,0.0,0.0,0.0,1.0,0.0,0.0,0.0,6000.0,0.0,0.0,0.0,0.0,0.0,0.0,
563,0.0,0.0,0.0,0.0,0.0,0.0,3.0,1.0,1.0,1.0,3.0,1.0,1.0,1.0,4.0,1275.0,3408965.0,65543.0,0.0,2.0,1537.0,1409.0,5.0,513.0,255.0,0.0,0.0,0.0,2.0,1644167432.0,1644167688.0,5.0,417.0,254.0,0.0,0.0,0.0,5.0,449.0,254.0,0.0,0.0,0.0,5.0,481.0,254.0,0.0,0.0,0.0,5.0,673.0,254.0,0.0,0.0,0.0,5.0,705.0,254.0,0.0,0.0,0.0,5.0,737.0,254.0,0.0,0.0,0.0,4.0,1342177544.0,1342177800.0,1342178056.0,1342178312.0,8.0,1342243080.0,1342243336.0,1342243592.0,1342243848.0,1342244104.0,1342244360.0,1342244616.0,1342244872.0,4.0,1342308624.0,1342308880.0,1342309136.0,1342309392.0,8.0,1342374152.0,1342374408.0,1342374664.0,1342374920.0,1342375176.0,1342375432.0,1342375688.0,1342375944.0,8.0,1342376200.0,1342376456.0,1342376712.0,1342376968.0,1342377224.0,1342377480.0,1342377736.0,1342377992.0,8.0,1342439688.0,1342439944.0,1342440200.0,1342440456.0,1342440712.0,1342440968.0,1342441224.0,1342441480.0,3.0,1.0,0.0,0.0,2.0,45.0,45.0,4.0,80.0,244.0,0.0,0.0,8.0,0.0,252.0,170.0,170.0,170.0,42.0,85.0,4.0,5.0,146.0,1813.0,5.0,6.0,2.0,16.0,0.0,0.0,0.0,0.0,0.0,0.0,0.0,0.0,0.0,0.0,0.0,0.0,0.0,0.0,0.0,0.0,8.0,0.0,0.0,0.0,2.0,0.0,0.0,0.0,0.0,2.0,0.0,64.0,0.0,0.0,0.0,131473.0,0.0,340445200.0,34044205.0,1.08,129.0,0.0,2000.0,0.0,0.0,0.0,0.0,0.0,0.0,0.0,1.0,0.0,0.0,0.0,0.0,0.0,0.0,0.0,0.0,0.0,0.0,0.0,0.0,0.0,0.0,0.0,0.0,0.0,0.0,0.0,0.0,0.0,0.0,0.0,0.0,0.0,0.0,0.0,0.0,0.0,0.0,1.0,0.0,0.0,0.0,0.0,0.0,0.0,0.0,0.0,0.0,0.0,0.0,0.0,0.0,0.0,0.0,0.0,0.0,0.0,0.0,0.0,0.0,0.0,0.0,0.0,0.0,0.0,0.0,0.0,0.0,0.0,0.0,0.0,0.0,0.0,0.0,0.0,0.0,0.0,0.0,0.0,0.0,1.0,1.0,0.0,0.0,6000.0,0.0,0.0,0.0,0.0,0.0,0.0,
566,0.0,0.0,0.0,0.0,0.0,0.0,3.0,1.0,1.0,1.0,3.0,1.0,1.0,1.0,4.0,1275.0,3408965.0,65543.0,0.0,2.0,1537.0,1409.0,5.0,513.0,255.0,0.0,0.0,0.0,2.0,1644167432.0,1644167688.0,5.0,417.0,254.0,0.0,0.0,0.0,5.0,449.0,254.0,0.0,0.0,0.0,5.0,481.0,254.0,0.0,0.0,0.0,5.0,673.0,254.0,0.0,0.0,0.0,5.0,705.0,254.0,0.0,0.0,0.0,5.0,737.0,254.0,0.0,0.0,0.0,4.0,1342177544.0,1342177800.0,1342178056.0,1342178312.0,8.0,1342243080.0,1342243336.0,1342243592.0,1342243848.0,1342244104.0,1342244360.0,1342244616.0,1342244872.0,4.0,1342308624.0,1342308880.0,1342309136.0,1342309392.0,8.0,1342374152.0,1342374408.0,1342374664.0,1342374920.0,1342375176.0,1342375432.0,1342375688.0,1342375944.0,8.0,1342376200.0,1342376456.0,1342376712.0,1342376968.0,1342377224.0,1342377480.0,1342377736.0,1342377992.0,8.0,1342439688.0,1342439944.0,1342440200.0,1342440456.0,1342440712.0,1342440968.0,1342441224.0,1342441480.0,3.0,1.0,0.0,0.0,2.0,45.0,45.0,4.0,80.0,244.0,0.0,0.0,8.0,0.0,252.0,170.0,170.0,170.0,10.0,85.0,4.0,5.0,146.0,1806.0,5.0,6.0,2.0,16.0,0.0,0.0,0.0,0.0,0.0,0.0,0.0,0.0,0.0,0.0,0.0,0.0,0.0,0.0,0.0,0.0,8.0,0.0,0.0,0.0,2.0,0.0,0.0,0.0,0.0,2.0,0.0,0.0,0.0,0.0,0.0,131473.0,0.0,340445200.0,34044205.0,1.08,129.0,0.0,2000.0,0.0,0.0,0.0,0.0,0.0,0.0,0.0,1.0,0.0,0.0,0.0,0.0,0.0,0.0,0.0,0.0,0.0,0.0,0.0,0.0,0.0,0.0,0.0,0.0,0.0,0.0,0.0,0.0,0.0,0.0,0.0,0.0,0.0,0.0,0.0,0.0,0.0,0.0,1.0,0.0,0.0,0.0,0.0,0.0,0.0,0.0,0.0,0.0,0.0,0.0,0.0,0.0,0.0,0.0,0.0,0.0,0.0,0.0,0.0,0.0,0.0,0.0,0.0,0.0,0.0,0.0,0.0,0.0,0.0,0.0,0.0,0.0,0.0,0.0,0.0,0.0,0.0,0.0,0.0,0.0,1.0,0.0,0.0,0.0,6000.0,0.0,0.0,0.0,0.0,0.0,0.0,
569,0.0,0.0,0.0,0.0,0.0,0.0,3.0,1.0,1.0,1.0,3.0,1.0,1.0,1.0,4.0,1275.0,3408965.0,65543.0,0.0,2.0,1537.0,1409.0,5.0,513.0,255.0,0.0,0.0,0.0,2.0,1644167432.0,1644167688.0,5.0,417.0,254.0,0.0,0.0,0.0,5.0,449.0,254.0,0.0,0.0,0.0,5.0,481.0,254.0,0.0,0.0,0.0,5.0,673.0,254.0,0.0,0.0,0.0,5.0,705.0,254.0,0.0,0.0,0.0,5.0,737.0,254.0,0.0,0.0,0.0,4.0,1342177544.0,1342177800.0,1342178056.0,1342178312.0,8.0,1342243080.0,1342243336.0,1342243592.0,1342243848.0,1342244104.0,1342244360.0,1342244616.0,1342244872.0,4.0,1342308624.0,1342308880.0,1342309136.0,1342309392.0,8.0,1342374152.0,1342374408.0,1342374664.0,1342374920.0,1342375176.0,1342375432.0,1342375688.0,1342375944.0,8.0,1342376200.0,1342376456.0,1342376712.0,1342376968.0,1342377224.0,1342377480.0,1342377736.0,1342377992.0,8.0,1342439688.0,1342439944.0,1342440200.0,1342440456.0,1342440712.0,1342440968.0,1342441224.0,1342441480.0,3.0,1.0,0.0,0.0,2.0,45.0,45.0,4.0,80.0,244.0,0.0,0.0,8.0,0.0,252.0,170.0,170.0,170.0,42.0,85.0,4.0,5.0,146.0,1813.0,5.0,6.0,2.0,16.0,0.0,0.0,0.0,0.0,0.0,0.0,0.0,0.0,0.0,0.0,0.0,0.0,0.0,0.0,0.0,0.0,8.0,0.0,0.0,0.0,2.0,0.0,0.0,0.0,0.0,2.0,0.0,64.0,0.0,0.0,0.0,131473.0,0.0,340445200.0,34044205.0,1.08,129.0,0.0,2000.0,0.0,0.0,0.0,0.0,0.0,0.0,0.0,1.0,0.0,0.0,0.0,0.0,0.0,0.0,0.0,0.0,0.0,0.0,0.0,0.0,0.0,0.0,0.0,0.0,0.0,0.0,0.0,0.0,0.0,0.0,0.0,0.0,0.0,0.0,0.0,0.0,0.0,0.0,1.0,0.0,0.0,0.0,0.0,0.0,0.0,0.0,0.0,0.0,0.0,0.0,0.0,0.0,0.0,0.0,0.0,0.0,0.0,0.0,0.0,0.0,0.0,0.0,0.0,0.0,0.0,0.0,0.0,0.0,0.0,0.0,0.0,0.0,1.57,1.475,0.0,0.0,0.0,0.0,0.0,0.0,1.0,1.0,0.0,0.0,6000.0,0.0,0.0,0.0,0.0,0.0,0.0,
572,0.0,0.0,0.0,0.0,0.0,0.0,3.0,1.0,1.0,1.0,3.0,1.0,1.0,1.0,4.0,1275.0,3408965.0,65543.0,0.0,2.0,1537.0,1409.0,5.0,513.0,255.0,0.0,0.0,0.0,2.0,1644167432.0,1644167688.0,5.0,417.0,254.0,0.0,0.0,0.0,5.0,449.0,254.0,0.0,0.0,0.0,5.0,481.0,254.0,0.0,0.0,0.0,5.0,673.0,254.0,0.0,0.0,0.0,5.0,705.0,254.0,0.0,0.0,0.0,5.0,737.0,254.0,0.0,0.0,0.0,4.0,1342177544.0,1342177800.0,1342178056.0,1342178312.0,8.0,1342243080.0,1342243336.0,1342243592.0,1342243848.0,1342244104.0,1342244360.0,1342244616.0,1342244872.0,4.0,1342308624.0,1342308880.0,1342309136.0,1342309392.0,8.0,1342374152.0,1342374408.0,1342374664.0,1342374920.0,1342375176.0,1342375432.0,1342375688.0,1342375944.0,8.0,1342376200.0,1342376456.0,1342376712.0,1342376968.0,1342377224.0,1342377480.0,1342377736.0,1342377992.0,8.0,1342439688.0,1342439944.0,1342440200.0,1342440456.0,1342440712.0,1342440968.0,1342441224.0,1342441480.0,3.0,1.0,0.0,0.0,2.0,45.0,45.0,4.0,80.0,244.0,0.0,0.0,8.0,0.0,252.0,170.0,170.0,170.0,10.0,85.0,4.0,5.0,146.0,1813.0,5.0,6.0,2.0,16.0,0.0,0.0,0.0,0.0,0.0,0.0,0.0,0.0,0.0,0.0,0.0,0.0,0.0,0.0,0.0,0.0,8.0,0.0,0.0,0.0,2.0,0.0,0.0,0.0,0.0,2.0,0.0,0.0,0.0,0.0,0.0,131473.0,0.0,340445200.0,34044205.0,1.08,129.0,0.0,2000.0,0.0,0.0,0.0,0.0,0.0,0.0,0.0,1.0,0.0,0.0,0.0,0.0,0.0,0.0,0.0,0.0,0.0,0.0,0.0,0.0,0.0,0.0,0.0,0.0,0.0,0.0,0.0,0.0,0.0,0.0,0.0,0.0,0.0,0.0,0.0,0.0,0.0,0.0,1.0,0.0,0.0,0.0,0.0,0.0,0.0,0.0,0.0,0.0,0.0,0.0,0.0,0.0,0.0,0.0,0.0,0.0,0.0,0.0,0.0,0.0,0.0,0.0,0.0,0.0,0.0,0.0,0.0,0.0,0.0,0.0,0.0,0.0,0.0,0.0,0.0,0.0,0.0,0.0,0.0,0.0,1.0,0.0,0.0,0.0,6000.0,0.0,0.0,0.0,0.0,0.0,0.0,
575,0.0,0.0,0.0,0.0,0.0,0.0,3.0,1.0,1.0,1.0,3.0,1.0,1.0,1.0,4.0,1275.0,3408965.0,65543.0,0.0,2.0,1537.0,1409.0,5.0,513.0,255.0,0.0,0.0,0.0,2.0,1644167432.0,1644167688.0,5.0,417.0,254.0,0.0,0.0,0.0,5.0,449.0,254.0,0.0,0.0,0.0,5.0,481.0,254.0,0.0,0.0,0.0,5.0,673.0,254.0,0.0,0.0,0.0,5.0,705.0,254.0,0.0,0.0,0.0,5.0,737.0,254.0,0.0,0.0,0.0,4.0,1342177544.0,1342177800.0,1342178056.0,1342178312.0,8.0,1342243080.0,1342243336.0,1342243592.0,1342243848.0,1342244104.0,1342244360.0,1342244616.0,1342244872.0,4.0,1342308624.0,1342308880.0,1342309136.0,1342309392.0,8.0,1342374152.0,1342374408.0,1342374664.0,1342374920.0,1342375176.0,1342375432.0,1342375688.0,1342375944.0,8.0,1342376200.0,1342376456.0,1342376712.0,1342376968.0,1342377224.0,1342377480.0,1342377736.0,1342377992.0,8.0,1342439688.0,1342439944.0,1342440200.0,1342440456.0,1342440712.0,1342440968.0,1342441224.0,1342441480.0,3.0,1.0,0.0,0.0,2.0,45.0,45.0,4.0,80.0,244.0,0.0,0.0,8.0,0.0,252.0,170.0,170.0,170.0,42.0,85.0,4.0,5.0,146.0,1806.0,5.0,6.0,2.0,16.0,0.0,0.0,0.0,0.0,0.0,0.0,0.0,0.0,0.0,0.0,0.0,0.0,0.0,0.0,0.0,0.0,8.0,0.0,0.0,0.0,2.0,0.0,0.0,0.0,0.0,2.0,0.0,64.0,0.0,0.0,0.0,131473.0,0.0,340445200.0,34044205.0,1.08,129.0,0.0,2000.0,0.0,0.0,0.0,0.0,0.0,0.0,0.0,1.0,0.0,0.0,0.0,0.0,0.0,0.0,0.0,0.0,0.0,0.0,0.0,0.0,0.0,0.0,0.0,0.0,0.0,0.0,0.0,0.0,0.0,0.0,0.0,0.0,0.0,0.0,0.0,0.0,0.0,0.0,1.0,0.0,0.0,0.0,0.0,0.0,0.0,0.0,0.0,0.0,0.0,0.0,0.0,0.0,0.0,0.0,0.0,0.0,0.0,0.0,0.0,0.0,0.0,0.0,0.0,0.0,0.0,0.0,0.0,0.0,0.0,0.0,0.0,0.0,4.112,2.59,0.0,0.0,0.0,0.0,0.0,0.0,1.0,1.0,0.0,0.0,6000.0,0.0,0.0,0.0,0.0,0.0,0.0,
578,0.0,0.0,0.0,0.0,0.0,0.0,3.0,1.0,1.0,1.0,3.0,1.0,1.0,1.0,4.0,1275.0,3408965.0,65543.0,0.0,2.0,1537.0,1409.0,5.0,513.0,255.0,0.0,0.0,0.0,2.0,1644167432.0,1644167688.0,5.0,417.0,254.0,0.0,0.0,0.0,5.0,449.0,254.0,0.0,0.0,0.0,5.0,481.0,254.0,0.0,0.0,0.0,5.0,673.0,254.0,0.0,0.0,0.0,5.0,705.0,254.0,0.0,0.0,0.0,5.0,737.0,254.0,0.0,0.0,0.0,4.0,1342177544.0,1342177800.0,1342178056.0,1342178312.0,8.0,1342243080.0,1342243336.0,1342243592.0,1342243848.0,1342244104.0,1342244360.0,1342244616.0,1342244872.0,4.0,1342308624.0,1342308880.0,1342309136.0,1342309392.0,8.0,1342374152.0,1342374408.0,1342374664.0,1342374920.0,1342375176.0,1342375432.0,1342375688.0,1342375944.0,8.0,1342376200.0,1342376456.0,1342376712.0,1342376968.0,1342377224.0,1342377480.0,1342377736.0,1342377992.0,8.0,1342439688.0,1342439944.0,1342440200.0,1342440456.0,1342440712.0,1342440968.0,1342441224.0,1342441480.0,3.0,1.0,0.0,0.0,2.0,45.0,45.0,4.0,80.0,244.0,0.0,0.0,8.0,0.0,252.0,170.0,170.0,170.0,10.0,85.0,4.0,5.0,146.0,1806.0,5.0,6.0,2.0,16.0,0.0,0.0,0.0,0.0,0.0,0.0,0.0,0.0,0.0,0.0,0.0,0.0,0.0,0.0,0.0,0.0,8.0,0.0,0.0,0.0,2.0,0.0,0.0,0.0,0.0,2.0,0.0,0.0,0.0,0.0,0.0,131473.0,0.0,340445200.0,34044205.0,1.08,129.0,0.0,2000.0,0.0,0.0,0.0,0.0,0.0,0.0,0.0,1.0,0.0,0.0,0.0,0.0,0.0,0.0,0.0,0.0,0.0,0.0,0.0,0.0,0.0,0.0,0.0,0.0,0.0,0.0,0.0,0.0,0.0,0.0,0.0,0.0,0.0,0.0,0.0,0.0,0.0,0.0,1.0,0.0,0.0,0.0,0.0,0.0,0.0,0.0,0.0,0.0,0.0,0.0,0.0,0.0,0.0,0.0,0.0,0.0,0.0,0.0,0.0,0.0,0.0,0.0,0.0,0.0,0.0,0.0,0.0,0.0,0.0,0.0,0.0,0.0,0.0,0.0,0.0,0.0,0.0,0.0,0.0,0.0,1.0,0.0,0.0,0.0,6000.0,0.0,0.0,0.0,0.0,0.0,0.0,
581,0.0,0.0,0.0,0.0,0.0,0.0,3.0,1.0,1.0,1.0,3.0,1.0,1.0,1.0,4.0,1275.0,3408965.0,65543.0,0.0,2.0,1537.0,1409.0,5.0,513.0,255.0,0.0,0.0,0.0,2.0,1644167432.0,1644167688.0,5.0,417.0,254.0,0.0,0.0,0.0,5.0,449.0,254.0,0.0,0.0,0.0,5.0,481.0,254.0,0.0,0.0,0.0,5.0,673.0,254.0,0.0,0.0,0.0,5.0,705.0,254.0,0.0,0.0,0.0,5.0,737.0,254.0,0.0,0.0,0.0,4.0,1342177544.0,1342177800.0,1342178056.0,1342178312.0,8.0,1342243080.0,1342243336.0,1342243592.0,1342243848.0,1342244104.0,1342244360.0,1342244616.0,1342244872.0,4.0,1342308624.0,1342308880.0,1342309136.0,1342309392.0,8.0,1342374152.0,1342374408.0,1342374664.0,1342374920.0,1342375176.0,1342375432.0,1342375688.0,1342375944.0,8.0,1342376200.0,1342376456.0,1342376712.0,1342376968.0,1342377224.0,1342377480.0,1342377736.0,1342377992.0,8.0,1342439688.0,1342439944.0,1342440200.0,1342440456.0,1342440712.0,1342440968.0,1342441224.0,1342441480.0,3.0,1.0,0.0,0.0,2.0,45.0,45.0,4.0,80.0,244.0,0.0,0.0,8.0,0.0,252.0,170.0,170.0,170.0,42.0,85.0,4.0,5.0,146.0,1806.0,5.0,6.0,2.0,16.0,0.0,0.0,0.0,0.0,0.0,0.0,0.0,0.0,0.0,0.0,0.0,0.0,0.0,0.0,0.0,0.0,8.0,0.0,0.0,0.0,2.0,0.0,0.0,0.0,0.0,2.0,0.0,64.0,0.0,0.0,0.0,131473.0,0.0,340445200.0,34044205.0,1.08,129.0,0.0,2000.0,0.0,0.0,0.0,0.0,0.0,0.0,0.0,1.0,0.0,0.0,0.0,0.0,0.0,0.0,0.0,0.0,0.0,0.0,0.0,0.0,0.0,0.0,0.0,0.0,0.0,0.0,0.0,0.0,0.0,0.0,0.0,0.0,0.0,0.0,0.0,0.0,0.0,0.0,1.0,0.0,0.0,0.0,0.0,0.0,0.0,0.0,0.0,0.0,0.0,0.0,0.0,0.0,0.0,0.0,0.0,0.0,0.0,0.0,0.0,0.0,0.0,0.0,0.0,0.0,0.0,0.0,0.0,0.0,0.0,0.0,0.0,0.0,1.751,1.644,0.0,0.0,0.0,0.0,0.0,0.0,1.0,1.0,0.0,0.0,6000.0,0.0,0.0,0.0,0.0,0.0,0.0,
584,0.0,0.0,0.0,0.0,0.0,0.0,3.0,1.0,1.0,1.0,3.0,1.0,1.0,1.0,4.0,1275.0,3408965.0,65543.0,0.0,2.0,1537.0,1409.0,5.0,513.0,255.0,0.0,0.0,0.0,2.0,1644167432.0,1644167688.0,5.0,417.0,254.0,0.0,0.0,0.0,5.0,449.0,254.0,0.0,0.0,0.0,5.0,481.0,254.0,0.0,0.0,0.0,5.0,673.0,254.0,0.0,0.0,0.0,5.0,705.0,254.0,0.0,0.0,0.0,5.0,737.0,254.0,0.0,0.0,0.0,4.0,1342177544.0,1342177800.0,1342178056.0,1342178312.0,8.0,1342243080.0,1342243336.0,1342243592.0,1342243848.0,1342244104.0,1342244360.0,1342244616.0,1342244872.0,4.0,1342308624.0,1342308880.0,1342309136.0,1342309392.0,8.0,1342374152.0,1342374408.0,1342374664.0,1342374920.0,1342375176.0,1342375432.0,1342375688.0,1342375944.0,8.0,1342376200.0,1342376456.0,1342376712.0,1342376968.0,1342377224.0,1342377480.0,1342377736.0,1342377992.0,8.0,1342439688.0,1342439944.0,1342440200.0,1342440456.0,1342440712.0,1342440968.0,1342441224.0,1342441480.0,3.0,1.0,0.0,0.0,2.0,45.0,45.0,4.0,80.0,244.0,0.0,0.0,8.0,0.0,252.0,170.0,170.0,170.0,10.0,85.0,4.0,5.0,146.0,1806.0,5.0,6.0,2.0,16.0,0.0,0.0,0.0,0.0,0.0,0.0,0.0,0.0,0.0,0.0,0.0,0.0,0.0,0.0,0.0,0.0,8.0,0.0,0.0,0.0,2.0,0.0,0.0,0.0,0.0,2.0,0.0,0.0,0.0,0.0,0.0,131473.0,0.0,340445200.0,34044205.0,1.08,129.0,0.0,2000.0,0.0,0.0,0.0,0.0,0.0,0.0,0.0,1.0,0.0,0.0,0.0,0.0,0.0,0.0,0.0,0.0,0.0,0.0,0.0,0.0,0.0,0.0,0.0,0.0,0.0,0.0,0.0,0.0,0.0,0.0,0.0,0.0,0.0,0.0,0.0,0.0,0.0,0.0,1.0,0.0,0.0,0.0,0.0,0.0,0.0,0.0,0.0,0.0,0.0,0.0,0.0,0.0,0.0,0.0,0.0,0.0,0.0,0.0,0.0,0.0,0.0,0.0,0.0,0.0,0.0,0.0,0.0,0.0,0.0,0.0,0.0,0.0,0.0,0.0,0.0,0.0,0.0,0.0,0.0,0.0,1.0,0.0,0.0,0.0,6000.0,0.0,0.0,0.0,0.0,0.0,0.0,
587,0.0,0.0,0.0,0.0,0.0,0.0,3.0,1.0,1.0,1.0,3.0,1.0,1.0,1.0,4.0,1275.0,3408965.0,65543.0,0.0,2.0,1537.0,1409.0,5.0,513.0,255.0,0.0,0.0,0.0,2.0,1644167432.0,1644167688.0,5.0,417.0,254.0,0.0,0.0,0.0,5.0,449.0,254.0,0.0,0.0,0.0,5.0,481.0,254.0,0.0,0.0,0.0,5.0,673.0,254.0,0.0,0.0,0.0,5.0,705.0,254.0,0.0,0.0,0.0,5.0,737.0,254.0,0.0,0.0,0.0,4.0,1342177544.0,1342177800.0,1342178056.0,1342178312.0,8.0,1342243080.0,1342243336.0,1342243592.0,1342243848.0,1342244104.0,1342244360.0,1342244616.0,1342244872.0,4.0,1342308624.0,1342308880.0,1342309136.0,1342309392.0,8.0,1342374152.0,1342374408.0,1342374664.0,1342374920.0,1342375176.0,1342375432.0,1342375688.0,1342375944.0,8.0,1342376200.0,1342376456.0,1342376712.0,1342376968.0,1342377224.0,1342377480.0,1342377736.0,1342377992.0,8.0,1342439688.0,1342439944.0,1342440200.0,1342440456.0,1342440712.0,1342440968.0,1342441224.0,1342441480.0,3.0,1.0,0.0,0.0,2.0,45.0,45.0,4.0,80.0,244.0,0.0,0.0,8.0,0.0,252.0,170.0,170.0,170.0,42.0,85.0,4.0,5.0,146.0,1806.0,5.0,6.0,2.0,16.0,0.0,0.0,0.0,0.0,0.0,0.0,0.0,0.0,0.0,0.0,0.0,0.0,0.0,0.0,0.0,0.0,8.0,0.0,0.0,0.0,2.0,0.0,0.0,0.0,0.0,2.0,0.0,64.0,0.0,0.0,0.0,131473.0,0.0,340445200.0,34044205.0,1.08,129.0,0.0,2000.0,0.0,0.0,0.0,0.0,0.0,0.0,0.0,1.0,0.0,0.0,0.0,0.0,0.0,0.0,0.0,0.0,0.0,0.0,0.0,0.0,0.0,0.0,0.0,0.0,0.0,0.0,0.0,0.0,0.0,0.0,0.0,0.0,0.0,0.0,0.0,0.0,0.0,0.0,1.0,0.0,0.0,0.0,0.0,0.0,0.0,0.0,0.0,0.0,0.0,0.0,0.0,0.0,0.0,0.0,0.0,0.0,0.0,0.0,0.0,0.0,0.0,0.0,0.0,0.0,0.0,0.0,0.0,0.0,0.0,0.0,0.0,0.0,3.055,1.944,0.0,0.0,0.0,0.0,0.0,0.0,1.0,1.0,0.0,0.0,6000.0,0.0,0.0,0.0,0.0,0.0,0.0,
590,0.0,0.0,0.0,0.0,0.0,0.0,3.0,1.0,1.0,1.0,3.0,1.0,1.0,1.0,4.0,1275.0,3408965.0,65543.0,0.0,2.0,1537.0,1409.0,5.0,513.0,255.0,0.0,0.0,0.0,2.0,1644167432.0,1644167688.0,5.0,417.0,254.0,0.0,0.0,0.0,5.0,449.0,254.0,0.0,0.0,0.0,5.0,481.0,254.0,0.0,0.0,0.0,5.0,673.0,254.0,0.0,0.0,0.0,5.0,705.0,254.0,0.0,0.0,0.0,5.0,737.0,254.0,0.0,0.0,0.0,4.0,1342177544.0,1342177800.0,1342178056.0,1342178312.0,8.0,1342243080.0,1342243336.0,1342243592.0,1342243848.0,1342244104.0,1342244360.0,1342244616.0,1342244872.0,4.0,1342308624.0,1342308880.0,1342309136.0,1342309392.0,8.0,1342374152.0,1342374408.0,1342374664.0,1342374920.0,1342375176.0,1342375432.0,1342375688.0,1342375944.0,8.0,1342376200.0,1342376456.0,1342376712.0,1342376968.0,1342377224.0,1342377480.0,1342377736.0,1342377992.0,8.0,1342439688.0,1342439944.0,1342440200.0,1342440456.0,1342440712.0,1342440968.0,1342441224.0,1342441480.0,3.0,1.0,0.0,0.0,2.0,45.0,45.0,4.0,80.0,244.0,0.0,0.0,8.0,0.0,252.0,170.0,170.0,170.0,42.0,85.0,4.0,5.0,146.0,1806.0,5.0,6.0,2.0,16.0,0.0,0.0,0.0,0.0,0.0,0.0,0.0,0.0,0.0,0.0,0.0,0.0,0.0,0.0,0.0,0.0,8.0,0.0,0.0,0.0,2.0,0.0,0.0,0.0,0.0,2.0,0.0,0.0,0.0,0.0,0.0,131473.0,0.0,340445200.0,34044205.0,1.08,129.0,0.0,2000.0,0.0,0.0,0.0,0.0,0.0,0.0,0.0,1.0,0.0,0.0,0.0,0.0,0.0,0.0,0.0,0.0,0.0,0.0,0.0,0.0,0.0,0.0,0.0,0.0,0.0,0.0,0.0,0.0,0.0,0.0,0.0,0.0,0.0,0.0,0.0,0.0,0.0,0.0,1.0,0.0,0.0,0.0,0.0,0.0,0.0,0.0,0.0,0.0,0.0,0.0,0.0,0.0,0.0,0.0,0.0,0.0,0.0,0.0,0.0,0.0,0.0,0.0,0.0,0.0,0.0,0.0,0.0,0.0,0.0,0.0,0.0,0.0,0.0,0.0,0.0,0.0,0.0,0.0,0.0,0.0,1.0,0.0,0.0,0.0,6000.0,0.0,0.0,0.0,0.0,0.0,0.0,
599,0.0,0.0,0.0,0.0,0.0,0.0,3.0,1.0,1.0,1.0,3.0,1.0,1.0,1.0,4.0,1275.0,3408965.0,65543.0,0.0,2.0,1537.0,1409.0,5.0,513.0,255.0,0.0,0.0,0.0,2.0,1644167432.0,1644167688.0,5.0,417.0,254.0,0.0,0.0,0.0,5.0,449.0,254.0,0.0,0.0,0.0,5.0,481.0,254.0,0.0,0.0,0.0,5.0,673.0,254.0,0.0,0.0,0.0,5.0,705.0,254.0,0.0,0.0,0.0,5.0,737.0,254.0,0.0,0.0,0.0,4.0,1342177544.0,1342177800.0,1342178056.0,1342178312.0,8.0,1342243080.0,1342243336.0,1342243592.0,1342243848.0,1342244104.0,1342244360.0,1342244616.0,1342244872.0,4.0,1342308624.0,1342308880.0,1342309136.0,1342309392.0,8.0,1342374152.0,1342374408.0,1342374664.0,1342374920.0,1342375176.0,1342375432.0,1342375688.0,1342375944.0,8.0,1342376200.0,1342376456.0,1342376712.0,1342376968.0,1342377224.0,1342377480.0,1342377736.0,1342377992.0,8.0,1342439688.0,1342439944.0,1342440200.0,1342440456.0,1342440712.0,1342440968.0,1342441224.0,1342441480.0,3.0,1.0,0.0,0.0,2.0,45.0,45.0,4.0,80.0,244.0,0.0,0.0,8.0,0.0,252.0,170.0,170.0,170.0,42.0,85.0,4.0,5.0,146.0,1813.0,5.0,6.0,2.0,16.0,0.0,0.0,0.0,0.0,0.0,0.0,0.0,0.0,0.0,0.0,0.0,0.0,0.0,0.0,0.0,0.0,8.0,0.0,0.0,0.0,2.0,0.0,0.0,0.0,0.0,2.0,0.0,0.0,0.0,0.0,0.0,131473.0,0.0,340445200.0,34044205.0,1.08,129.0,0.0,2000.0,0.0,0.0,0.0,0.0,0.0,0.0,0.0,1.0,0.0,0.0,0.0,0.0,0.0,0.0,0.0,0.0,0.0,0.0,0.0,0.0,0.0,0.0,0.0,0.0,0.0,0.0,0.0,0.0,0.0,0.0,0.0,0.0,0.0,0.0,0.0,0.0,0.0,0.0,0.0,1.0,0.0,0.0,0.0,0.0,0.0,0.0,0.0,0.0,0.0,0.0,0.0,0.0,0.0,0.0,0.0,0.0,0.0,0.0,0.0,0.0,0.0,0.0,0.0,0.0,0.0,0.0,0.0,0.0,0.0,0.0,0.0,0.0,0.0,0.0,0.0,0.0,0.0,0.0,0.0,0.0,1.0,0.0,0.0,0.0,6000.0,0.0,0.0,0.0,0.0,0.0,0.0,
602,0.0,0.0,0.0,0.0,0.0,0.0,3.0,1.0,1.0,1.0,3.0,1.0,1.0,1.0,4.0,1275.0,3408965.0,65543.0,0.0,2.0,1537.0,1409.0,5.0,513.0,255.0,0.0,0.0,0.0,2.0,1644167432.0,1644167688.0,5.0,417.0,254.0,0.0,0.0,0.0,5.0,449.0,254.0,0.0,0.0,0.0,5.0,481.0,254.0,0.0,0.0,0.0,5.0,673.0,254.0,0.0,0.0,0.0,5.0,705.0,254.0,0.0,0.0,0.0,5.0,737.0,254.0,0.0,0.0,0.0,4.0,1342177544.0,1342177800.0,1342178056.0,1342178312.0,8.0,1342243080.0,1342243336.0,1342243592.0,1342243848.0,1342244104.0,1342244360.0,1342244616.0,1342244872.0,4.0,1342308624.0,1342308880.0,1342309136.0,1342309392.0,8.0,1342374152.0,1342374408.0,1342374664.0,1342374920.0,1342375176.0,1342375432.0,1342375688.0,1342375944.0,8.0,1342376200.0,1342376456.0,1342376712.0,1342376968.0,1342377224.0,1342377480.0,1342377736.0,1342377992.0,8.0,1342439688.0,1342439944.0,1342440200.0,1342440456.0,1342440712.0,1342440968.0,1342441224.0,1342441480.0,3.0,1.0,0.0,0.0,2.0,45.0,45.0,4.0,80.0,244.0,0.0,0.0,8.0,0.0,252.0,170.0,170.0,170.0,170.0,85.0,4.0,5.0,146.0,1806.0,5.0,6.0,2.0,16.0,0.0,0.0,0.0,0.0,0.0,0.0,0.0,0.0,0.0,0.0,0.0,0.0,0.0,0.0,0.0,0.0,8.0,0.0,0.0,0.0,2.0,0.0,0.0,0.0,0.0,2.0,0.0,128.0,0.0,0.0,0.0,131473.0,0.0,340445200.0,34044205.0,1.08,129.0,0.0,2000.0,0.0,0.0,0.0,0.0,0.0,0.0,0.0,1.0,0.0,0.0,0.0,0.0,0.0,0.0,0.0,0.0,0.0,0.0,0.0,0.0,0.0,0.0,0.0,0.0,0.0,0.0,0.0,0.0,0.0,0.0,0.0,0.0,0.0,0.0,0.0,0.0,0.0,0.0,0.0,1.0,0.0,0.0,0.0,0.0,0.0,0.0,0.0,0.0,0.0,0.0,0.0,0.0,0.0,0.0,0.0,0.0,0.0,0.0,0.0,0.0,0.0,0.0,0.0,0.0,0.0,0.0,0.0,0.0,0.0,0.0,0.0,0.0,3.998,2.307,0.0,0.0,0.0,0.0,0.0,0.0,1.0,1.0,0.0,0.0,6000.0,0.0,0.0,0.0,0.0,0.0,0.0,
605,0.0,0.0,0.0,0.0,0.0,0.0,3.0,1.0,1.0,1.0,3.0,1.0,1.0,1.0,4.0,1275.0,3408965.0,65543.0,0.0,2.0,1537.0,1409.0,5.0,513.0,255.0,0.0,0.0,0.0,2.0,1644167432.0,1644167688.0,5.0,417.0,254.0,0.0,0.0,0.0,5.0,449.0,254.0,0.0,0.0,0.0,5.0,481.0,254.0,0.0,0.0,0.0,5.0,673.0,254.0,0.0,0.0,0.0,5.0,705.0,254.0,0.0,0.0,0.0,5.0,737.0,254.0,0.0,0.0,0.0,4.0,1342177544.0,1342177800.0,1342178056.0,1342178312.0,8.0,1342243080.0,1342243336.0,1342243592.0,1342243848.0,1342244104.0,1342244360.0,1342244616.0,1342244872.0,4.0,1342308624.0,1342308880.0,1342309136.0,1342309392.0,8.0,1342374152.0,1342374408.0,1342374664.0,1342374920.0,1342375176.0,1342375432.0,1342375688.0,1342375944.0,8.0,1342376200.0,1342376456.0,1342376712.0,1342376968.0,1342377224.0,1342377480.0,1342377736.0,1342377992.0,8.0,1342439688.0,1342439944.0,1342440200.0,1342440456.0,1342440712.0,1342440968.0,1342441224.0,1342441480.0,3.0,1.0,0.0,0.0,2.0,45.0,45.0,4.0,80.0,244.0,0.0,0.0,8.0,0.0,252.0,170.0,170.0,170.0,42.0,85.0,4.0,5.0,146.0,1806.0,5.0,6.0,2.0,16.0,0.0,0.0,0.0,0.0,0.0,0.0,0.0,0.0,0.0,0.0,0.0,0.0,0.0,0.0,0.0,0.0,8.0,0.0,0.0,0.0,2.0,0.0,0.0,0.0,0.0,2.0,0.0,0.0,0.0,0.0,0.0,131473.0,0.0,340445200.0,34044205.0,1.08,129.0,0.0,2000.0,0.0,0.0,0.0,0.0,0.0,0.0,0.0,1.0,0.0,0.0,0.0,0.0,0.0,0.0,0.0,0.0,0.0,0.0,0.0,0.0,0.0,0.0,0.0,0.0,0.0,0.0,0.0,0.0,0.0,0.0,0.0,0.0,0.0,0.0,0.0,0.0,0.0,0.0,0.0,1.0,0.0,0.0,0.0,0.0,0.0,0.0,0.0,0.0,0.0,0.0,0.0,0.0,0.0,0.0,0.0,0.0,0.0,0.0,0.0,0.0,0.0,0.0,0.0,0.0,0.0,0.0,0.0,0.0,0.0,0.0,0.0,0.0,0.0,0.0,0.0,0.0,0.0,0.0,0.0,0.0,1.0,0.0,0.0,0.0,6000.0,0.0,0.0,0.0,0.0,0.0,0.0,
608,0.0,0.0,0.0,0.0,0.0,0.0,3.0,1.0,1.0,1.0,3.0,1.0,1.0,1.0,4.0,1275.0,3408965.0,65543.0,0.0,2.0,1537.0,1409.0,5.0,513.0,255.0,0.0,0.0,0.0,2.0,1644167432.0,1644167688.0,5.0,417.0,254.0,0.0,0.0,0.0,5.0,449.0,254.0,0.0,0.0,0.0,5.0,481.0,254.0,0.0,0.0,0.0,5.0,673.0,254.0,0.0,0.0,0.0,5.0,705.0,254.0,0.0,0.0,0.0,5.0,737.0,254.0,0.0,0.0,0.0,4.0,1342177544.0,1342177800.0,1342178056.0,1342178312.0,8.0,1342243080.0,1342243336.0,1342243592.0,1342243848.0,1342244104.0,1342244360.0,1342244616.0,1342244872.0,4.0,1342308624.0,1342308880.0,1342309136.0,1342309392.0,8.0,1342374152.0,1342374408.0,1342374664.0,1342374920.0,1342375176.0,1342375432.0,1342375688.0,1342375944.0,8.0,1342376200.0,1342376456.0,1342376712.0,1342376968.0,1342377224.0,1342377480.0,1342377736.0,1342377992.0,8.0,1342439688.0,1342439944.0,1342440200.0,1342440456.0,1342440712.0,1342440968.0,1342441224.0,1342441480.0,3.0,1.0,0.0,0.0,2.0,45.0,45.0,4.0,80.0,244.0,0.0,0.0,8.0,0.0,252.0,170.0,170.0,170.0,170.0,85.0,4.0,5.0,146.0,1806.0,5.0,6.0,2.0,16.0,0.0,0.0,0.0,0.0,0.0,0.0,0.0,0.0,0.0,0.0,0.0,0.0,0.0,0.0,0.0,0.0,8.0,0.0,0.0,0.0,2.0,0.0,0.0,0.0,0.0,2.0,0.0,128.0,0.0,0.0,0.0,131473.0,0.0,340445200.0,34044205.0,1.08,129.0,0.0,2000.0,0.0,0.0,0.0,0.0,0.0,0.0,0.0,1.0,0.0,0.0,0.0,0.0,0.0,0.0,0.0,0.0,0.0,0.0,0.0,0.0,0.0,0.0,0.0,0.0,0.0,0.0,0.0,0.0,0.0,0.0,0.0,0.0,0.0,0.0,0.0,0.0,0.0,0.0,0.0,1.0,0.0,0.0,0.0,0.0,0.0,0.0,0.0,0.0,0.0,0.0,0.0,0.0,0.0,0.0,0.0,0.0,0.0,0.0,0.0,0.0,0.0,0.0,0.0,0.0,0.0,0.0,0.0,0.0,0.0,0.0,0.0,0.0,0.511,0.48,0.0,0.0,0.0,0.0,0.0,0.0,1.0,1.0,0.0,0.0,6000.0,0.0,0.0,0.0,0.0,0.0,0.0,
611,0.0,0.0,0.0,0.0,0.0,0.0,3.0,1.0,1.0,1.0,3.0,1.0,1.0,1.0,4.0,1275.0,3408965.0,65543.0,0.0,2.0,1537.0,1409.0,5.0,513.0,255.0,0.0,0.0,0.0,2.0,1644167432.0,1644167688.0,5.0,417.0,254.0,0.0,0.0,0.0,5.0,449.0,254.0,0.0,0.0,0.0,5.0,481.0,254.0,0.0,0.0,0.0,5.0,673.0,254.0,0.0,0.0,0.0,5.0,705.0,254.0,0.0,0.0,0.0,5.0,737.0,254.0,0.0,0.0,0.0,4.0,1342177544.0,1342177800.0,1342178056.0,1342178312.0,8.0,1342243080.0,1342243336.0,1342243592.0,1342243848.0,1342244104.0,1342244360.0,1342244616.0,1342244872.0,4.0,1342308624.0,1342308880.0,1342309136.0,1342309392.0,8.0,1342374152.0,1342374408.0,1342374664.0,1342374920.0,1342375176.0,1342375432.0,1342375688.0,1342375944.0,8.0,1342376200.0,1342376456.0,1342376712.0,1342376968.0,1342377224.0,1342377480.0,1342377736.0,1342377992.0,8.0,1342439688.0,1342439944.0,1342440200.0,1342440456.0,1342440712.0,1342440968.0,1342441224.0,1342441480.0,3.0,1.0,0.0,0.0,2.0,45.0,45.0,4.0,80.0,244.0,0.0,0.0,8.0,0.0,252.0,170.0,170.0,170.0,42.0,85.0,4.0,5.0,146.0,1806.0,5.0,6.0,2.0,16.0,0.0,0.0,0.0,0.0,0.0,0.0,0.0,0.0,0.0,0.0,0.0,0.0,0.0,0.0,0.0,0.0,8.0,0.0,0.0,0.0,2.0,0.0,0.0,0.0,0.0,2.0,0.0,0.0,0.0,0.0,0.0,131473.0,0.0,340445200.0,34044205.0,1.08,129.0,0.0,2000.0,0.0,0.0,0.0,0.0,0.0,0.0,0.0,1.0,0.0,0.0,0.0,0.0,0.0,0.0,0.0,0.0,0.0,0.0,0.0,0.0,0.0,0.0,0.0,0.0,0.0,0.0,0.0,0.0,0.0,0.0,0.0,0.0,0.0,0.0,0.0,0.0,0.0,0.0,0.0,1.0,0.0,0.0,0.0,0.0,0.0,0.0,0.0,0.0,0.0,0.0,0.0,0.0,0.0,0.0,0.0,0.0,0.0,0.0,0.0,0.0,0.0,0.0,0.0,0.0,0.0,0.0,0.0,0.0,0.0,0.0,0.0,0.0,0.0,0.0,0.0,0.0,0.0,0.0,0.0,0.0,1.0,0.0,0.0,0.0,6000.0,0.0,0.0,0.0,0.0,0.0,0.0,
614,0.0,0.0,0.0,0.0,0.0,0.0,3.0,1.0,1.0,1.0,3.0,1.0,1.0,1.0,4.0,1275.0,3408965.0,65543.0,0.0,2.0,1537.0,1409.0,5.0,513.0,255.0,0.0,0.0,0.0,2.0,1644167432.0,1644167688.0,5.0,417.0,254.0,0.0,0.0,0.0,5.0,449.0,254.0,0.0,0.0,0.0,5.0,481.0,254.0,0.0,0.0,0.0,5.0,673.0,254.0,0.0,0.0,0.0,5.0,705.0,254.0,0.0,0.0,0.0,5.0,737.0,254.0,0.0,0.0,0.0,4.0,1342177544.0,1342177800.0,1342178056.0,1342178312.0,8.0,1342243080.0,1342243336.0,1342243592.0,1342243848.0,1342244104.0,1342244360.0,1342244616.0,1342244872.0,4.0,1342308624.0,1342308880.0,1342309136.0,1342309392.0,8.0,1342374152.0,1342374408.0,1342374664.0,1342374920.0,1342375176.0,1342375432.0,1342375688.0,1342375944.0,8.0,1342376200.0,1342376456.0,1342376712.0,1342376968.0,1342377224.0,1342377480.0,1342377736.0,1342377992.0,8.0,1342439688.0,1342439944.0,1342440200.0,1342440456.0,1342440712.0,1342440968.0,1342441224.0,1342441480.0,3.0,1.0,0.0,0.0,2.0,45.0,45.0,4.0,80.0,244.0,0.0,0.0,8.0,0.0,252.0,170.0,170.0,170.0,170.0,85.0,4.0,5.0,146.0,1806.0,5.0,6.0,2.0,16.0,0.0,0.0,0.0,0.0,0.0,0.0,0.0,0.0,0.0,0.0,0.0,0.0,0.0,0.0,0.0,0.0,8.0,0.0,0.0,0.0,2.0,0.0,0.0,0.0,0.0,2.0,0.0,128.0,0.0,0.0,0.0,131473.0,0.0,340445200.0,34044205.0,1.08,129.0,0.0,2000.0,0.0,0.0,0.0,0.0,0.0,0.0,0.0,1.0,0.0,0.0,0.0,0.0,0.0,0.0,0.0,0.0,0.0,0.0,0.0,0.0,0.0,0.0,0.0,0.0,0.0,0.0,0.0,0.0,0.0,0.0,0.0,0.0,0.0,0.0,0.0,0.0,0.0,0.0,0.0,1.0,0.0,0.0,0.0,0.0,0.0,0.0,0.0,0.0,0.0,0.0,0.0,0.0,0.0,0.0,0.0,0.0,0.0,0.0,0.0,0.0,0.0,0.0,0.0,0.0,0.0,0.0,0.0,0.0,0.0,0.0,0.0,0.0,3.67,2.203,0.0,0.0,0.0,0.0,0.0,0.0,1.0,1.0,0.0,0.0,6000.0,0.0,0.0,0.0,0.0,0.0,0.0,
617,0.0,0.0,0.0,0.0,0.0,0.0,3.0,1.0,1.0,1.0,3.0,1.0,1.0,1.0,4.0,1275.0,3408965.0,65543.0,0.0,2.0,1537.0,1409.0,5.0,513.0,255.0,0.0,0.0,0.0,2.0,1644167432.0,1644167688.0,5.0,417.0,254.0,0.0,0.0,0.0,5.0,449.0,254.0,0.0,0.0,0.0,5.0,481.0,254.0,0.0,0.0,0.0,5.0,673.0,254.0,0.0,0.0,0.0,5.0,705.0,254.0,0.0,0.0,0.0,5.0,737.0,254.0,0.0,0.0,0.0,4.0,1342177544.0,1342177800.0,1342178056.0,1342178312.0,8.0,1342243080.0,1342243336.0,1342243592.0,1342243848.0,1342244104.0,1342244360.0,1342244616.0,1342244872.0,4.0,1342308624.0,1342308880.0,1342309136.0,1342309392.0,8.0,1342374152.0,1342374408.0,1342374664.0,1342374920.0,1342375176.0,1342375432.0,1342375688.0,1342375944.0,8.0,1342376200.0,1342376456.0,1342376712.0,1342376968.0,1342377224.0,1342377480.0,1342377736.0,1342377992.0,8.0,1342439688.0,1342439944.0,1342440200.0,1342440456.0,1342440712.0,1342440968.0,1342441224.0,1342441480.0,3.0,1.0,0.0,0.0,2.0,45.0,45.0,4.0,80.0,244.0,0.0,0.0,8.0,0.0,252.0,170.0,170.0,170.0,42.0,85.0,4.0,5.0,146.0,1813.0,5.0,6.0,2.0,16.0,0.0,0.0,0.0,0.0,0.0,0.0,0.0,0.0,0.0,0.0,0.0,0.0,0.0,0.0,0.0,0.0,8.0,0.0,0.0,0.0,2.0,0.0,0.0,0.0,0.0,2.0,0.0,0.0,0.0,0.0,0.0,131473.0,0.0,340445200.0,34044205.0,1.08,129.0,0.0,2000.0,0.0,0.0,0.0,0.0,0.0,0.0,0.0,1.0,0.0,0.0,0.0,0.0,0.0,0.0,0.0,0.0,0.0,0.0,0.0,0.0,0.0,0.0,0.0,0.0,0.0,0.0,0.0,0.0,0.0,0.0,0.0,0.0,0.0,0.0,0.0,0.0,0.0,0.0,0.0,1.0,0.0,0.0,0.0,0.0,0.0,0.0,0.0,0.0,0.0,0.0,0.0,0.0,0.0,0.0,0.0,0.0,0.0,0.0,0.0,0.0,0.0,0.0,0.0,0.0,0.0,0.0,0.0,0.0,0.0,0.0,0.0,0.0,0.0,0.0,0.0,0.0,0.0,0.0,0.0,0.0,1.0,0.0,0.0,0.0,6000.0,0.0,0.0,0.0,0.0,0.0,0.0,
620,0.0,0.0,0.0,0.0,0.0,0.0,3.0,1.0,1.0,1.0,3.0,1.0,1.0,1.0,4.0,1275.0,3408965.0,65543.0,0.0,2.0,1537.0,1409.0,5.0,513.0,255.0,0.0,0.0,0.0,2.0,1644167432.0,1644167688.0,5.0,417.0,254.0,0.0,0.0,0.0,5.0,449.0,254.0,0.0,0.0,0.0,5.0,481.0,254.0,0.0,0.0,0.0,5.0,673.0,254.0,0.0,0.0,0.0,5.0,705.0,254.0,0.0,0.0,0.0,5.0,737.0,254.0,0.0,0.0,0.0,4.0,1342177544.0,1342177800.0,1342178056.0,1342178312.0,8.0,1342243080.0,1342243336.0,1342243592.0,1342243848.0,1342244104.0,1342244360.0,1342244616.0,1342244872.0,4.0,1342308624.0,1342308880.0,1342309136.0,1342309392.0,8.0,1342374152.0,1342374408.0,1342374664.0,1342374920.0,1342375176.0,1342375432.0,1342375688.0,1342375944.0,8.0,1342376200.0,1342376456.0,1342376712.0,1342376968.0,1342377224.0,1342377480.0,1342377736.0,1342377992.0,8.0,1342439688.0,1342439944.0,1342440200.0,1342440456.0,1342440712.0,1342440968.0,1342441224.0,1342441480.0,3.0,1.0,0.0,0.0,2.0,45.0,45.0,4.0,80.0,244.0,0.0,0.0,8.0,0.0,252.0,170.0,170.0,170.0,170.0,85.0,4.0,5.0,146.0,1806.0,5.0,6.0,2.0,16.0,0.0,0.0,0.0,0.0,0.0,0.0,0.0,0.0,0.0,0.0,0.0,0.0,0.0,0.0,0.0,0.0,8.0,0.0,0.0,0.0,2.0,0.0,0.0,0.0,0.0,2.0,0.0,128.0,0.0,0.0,0.0,131473.0,0.0,340445200.0,34044205.0,1.08,129.0,0.0,2000.0,0.0,0.0,0.0,0.0,0.0,0.0,0.0,1.0,0.0,0.0,0.0,0.0,0.0,0.0,0.0,0.0,0.0,0.0,0.0,0.0,0.0,0.0,0.0,0.0,0.0,0.0,0.0,0.0,0.0,0.0,0.0,0.0,0.0,0.0,0.0,0.0,0.0,0.0,0.0,1.0,0.0,0.0,0.0,0.0,0.0,0.0,0.0,0.0,0.0,0.0,0.0,0.0,0.0,0.0,0.0,0.0,0.0,0.0,0.0,0.0,0.0,0.0,0.0,0.0,0.0,0.0,0.0,0.0,0.0,0.0,0.0,0.0,0.688,0.645,0.0,0.0,0.0,0.0,0.0,0.0,1.0,1.0,0.0,0.0,6000.0,0.0,0.0,0.0,0.0,0.0,0.0,
623,0.0,0.0,0.0,0.0,0.0,0.0,3.0,1.0,1.0,1.0,3.0,1.0,1.0,1.0,4.0,1275.0,3408965.0,65543.0,0.0,2.0,1537.0,1409.0,5.0,513.0,255.0,0.0,0.0,0.0,2.0,1644167432.0,1644167688.0,5.0,417.0,254.0,0.0,0.0,0.0,5.0,449.0,254.0,0.0,0.0,0.0,5.0,481.0,254.0,0.0,0.0,0.0,5.0,673.0,254.0,0.0,0.0,0.0,5.0,705.0,254.0,0.0,0.0,0.0,5.0,737.0,254.0,0.0,0.0,0.0,4.0,1342177544.0,1342177800.0,1342178056.0,1342178312.0,8.0,1342243080.0,1342243336.0,1342243592.0,1342243848.0,1342244104.0,1342244360.0,1342244616.0,1342244872.0,4.0,1342308624.0,1342308880.0,1342309136.0,1342309392.0,8.0,1342374152.0,1342374408.0,1342374664.0,1342374920.0,1342375176.0,1342375432.0,1342375688.0,1342375944.0,8.0,1342376200.0,1342376456.0,1342376712.0,1342376968.0,1342377224.0,1342377480.0,1342377736.0,1342377992.0,8.0,1342439688.0,1342439944.0,1342440200.0,1342440456.0,1342440712.0,1342440968.0,1342441224.0,1342441480.0,3.0,1.0,0.0,0.0,2.0,45.0,45.0,4.0,80.0,244.0,0.0,0.0,8.0,0.0,252.0,170.0,170.0,170.0,42.0,85.0,4.0,5.0,146.0,1813.0,5.0,6.0,2.0,16.0,0.0,0.0,0.0,0.0,0.0,0.0,0.0,0.0,0.0,0.0,0.0,0.0,0.0,0.0,0.0,0.0,8.0,0.0,0.0,0.0,2.0,0.0,0.0,0.0,0.0,2.0,0.0,0.0,0.0,0.0,0.0,131473.0,0.0,340445200.0,34044205.0,1.08,129.0,0.0,2000.0,0.0,0.0,0.0,0.0,0.0,0.0,0.0,1.0,0.0,0.0,0.0,0.0,0.0,0.0,0.0,0.0,0.0,0.0,0.0,0.0,0.0,0.0,0.0,0.0,0.0,0.0,0.0,0.0,0.0,0.0,0.0,0.0,0.0,0.0,0.0,0.0,0.0,0.0,0.0,1.0,0.0,0.0,0.0,0.0,0.0,0.0,0.0,0.0,0.0,0.0,0.0,0.0,0.0,0.0,0.0,0.0,0.0,0.0,0.0,0.0,0.0,0.0,0.0,0.0,0.0,0.0,0.0,0.0,0.0,0.0,0.0,0.0,0.0,0.0,0.0,0.0,0.0,0.0,0.0,0.0,1.0,0.0,0.0,0.0,6000.0,0.0,0.0,0.0,0.0,0.0,0.0,
626,0.0,0.0,0.0,0.0,0.0,0.0,3.0,1.0,1.0,1.0,3.0,1.0,1.0,1.0,4.0,1275.0,3408965.0,65543.0,0.0,2.0,1537.0,1409.0,5.0,513.0,255.0,0.0,0.0,0.0,2.0,1644167432.0,1644167688.0,5.0,417.0,254.0,0.0,0.0,0.0,5.0,449.0,254.0,0.0,0.0,0.0,5.0,481.0,254.0,0.0,0.0,0.0,5.0,673.0,254.0,0.0,0.0,0.0,5.0,705.0,254.0,0.0,0.0,0.0,5.0,737.0,254.0,0.0,0.0,0.0,4.0,1342177544.0,1342177800.0,1342178056.0,1342178312.0,8.0,1342243080.0,1342243336.0,1342243592.0,1342243848.0,1342244104.0,1342244360.0,1342244616.0,1342244872.0,4.0,1342308624.0,1342308880.0,1342309136.0,1342309392.0,8.0,1342374152.0,1342374408.0,1342374664.0,1342374920.0,1342375176.0,1342375432.0,1342375688.0,1342375944.0,8.0,1342376200.0,1342376456.0,1342376712.0,1342376968.0,1342377224.0,1342377480.0,1342377736.0,1342377992.0,8.0,1342439688.0,1342439944.0,1342440200.0,1342440456.0,1342440712.0,1342440968.0,1342441224.0,1342441480.0,3.0,1.0,0.0,0.0,2.0,45.0,45.0,4.0,80.0,244.0,0.0,0.0,8.0,0.0,252.0,170.0,170.0,170.0,170.0,85.0,4.0,5.0,146.0,1813.0,5.0,6.0,2.0,16.0,0.0,0.0,0.0,0.0,0.0,0.0,0.0,0.0,0.0,0.0,0.0,0.0,0.0,0.0,0.0,0.0,8.0,0.0,0.0,0.0,2.0,0.0,0.0,0.0,0.0,2.0,0.0,128.0,0.0,0.0,0.0,131473.0,0.0,340445200.0,34044205.0,1.08,129.0,0.0,2000.0,0.0,0.0,0.0,0.0,0.0,0.0,0.0,1.0,0.0,0.0,0.0,0.0,0.0,0.0,0.0,0.0,0.0,0.0,0.0,0.0,0.0,0.0,0.0,0.0,0.0,0.0,0.0,0.0,0.0,0.0,0.0,0.0,0.0,0.0,0.0,0.0,0.0,0.0,0.0,1.0,0.0,0.0,0.0,0.0,0.0,0.0,0.0,0.0,0.0,0.0,0.0,0.0,0.0,0.0,0.0,0.0,0.0,0.0,0.0,0.0,0.0,0.0,0.0,0.0,0.0,0.0,0.0,0.0,0.0,0.0,0.0,0.0,0.0,0.0,0.0,0.0,0.0,0.0,0.0,0.0,1.0,1.0,0.0,0.0,6000.0,0.0,0.0,0.0,0.0,0.0,0.0,
629,0.0,0.0,0.0,0.0,0.0,0.0,3.0,1.0,1.0,1.0,3.0,1.0,1.0,1.0,4.0,1275.0,3408965.0,65543.0,0.0,2.0,1537.0,1409.0,5.0,513.0,255.0,0.0,0.0,0.0,2.0,1644167432.0,1644167688.0,5.0,417.0,254.0,0.0,0.0,0.0,5.0,449.0,254.0,0.0,0.0,0.0,5.0,481.0,254.0,0.0,0.0,0.0,5.0,673.0,254.0,0.0,0.0,0.0,5.0,705.0,254.0,0.0,0.0,0.0,5.0,737.0,254.0,0.0,0.0,0.0,4.0,1342177544.0,1342177800.0,1342178056.0,1342178312.0,8.0,1342243080.0,1342243336.0,1342243592.0,1342243848.0,1342244104.0,1342244360.0,1342244616.0,1342244872.0,4.0,1342308624.0,1342308880.0,1342309136.0,1342309392.0,8.0,1342374152.0,1342374408.0,1342374664.0,1342374920.0,1342375176.0,1342375432.0,1342375688.0,1342375944.0,8.0,1342376200.0,1342376456.0,1342376712.0,1342376968.0,1342377224.0,1342377480.0,1342377736.0,1342377992.0,8.0,1342439688.0,1342439944.0,1342440200.0,1342440456.0,1342440712.0,1342440968.0,1342441224.0,1342441480.0,3.0,1.0,0.0,0.0,2.0,45.0,45.0,4.0,80.0,244.0,0.0,0.0,8.0,0.0,252.0,170.0,170.0,170.0,170.0,85.0,4.0,5.0,146.0,1813.0,5.0,6.0,2.0,16.0,0.0,0.0,0.0,0.0,0.0,0.0,0.0,0.0,0.0,0.0,0.0,0.0,0.0,0.0,0.0,0.0,8.0,0.0,0.0,0.0,2.0,0.0,0.0,0.0,0.0,2.0,0.0,0.0,0.0,0.0,0.0,131473.0,0.0,340445200.0,34044205.0,1.08,129.0,0.0,2000.0,0.0,0.0,0.0,0.0,0.0,0.0,0.0,1.0,0.0,0.0,0.0,0.0,0.0,0.0,0.0,0.0,0.0,0.0,0.0,0.0,0.0,0.0,0.0,0.0,0.0,0.0,0.0,0.0,0.0,0.0,0.0,0.0,0.0,0.0,0.0,0.0,0.0,0.0,0.0,1.0,0.0,0.0,0.0,0.0,0.0,0.0,0.0,0.0,0.0,0.0,0.0,0.0,0.0,0.0,0.0,0.0,0.0,0.0,0.0,0.0,0.0,0.0,0.0,0.0,0.0,0.0,0.0,0.0,0.0,0.0,0.0,0.0,0.0,0.0,0.0,0.0,0.0,0.0,0.0,0.0,1.0,0.0,0.0,0.0,6000.0,0.0,0.0,0.0,0.0,0.0,0.0,
633,0.0,0.0,0.0,0.0,0.0,0.0,3.0,1.0,1.0,1.0,3.0,1.0,1.0,1.0,4.0,1275.0,3408965.0,65543.0,0.0,2.0,1537.0,1409.0,5.0,513.0,255.0,0.0,0.0,0.0,2.0,1644167432.0,1644167688.0,5.0,417.0,254.0,0.0,0.0,0.0,5.0,449.0,254.0,0.0,0.0,0.0,5.0,481.0,254.0,0.0,0.0,0.0,5.0,673.0,254.0,0.0,0.0,0.0,5.0,705.0,254.0,0.0,0.0,0.0,5.0,737.0,254.0,0.0,0.0,0.0,4.0,1342177544.0,1342177800.0,1342178056.0,1342178312.0,8.0,1342243080.0,1342243336.0,1342243592.0,1342243848.0,1342244104.0,1342244360.0,1342244616.0,1342244872.0,4.0,1342308624.0,1342308880.0,1342309136.0,1342309392.0,8.0,1342374152.0,1342374408.0,1342374664.0,1342374920.0,1342375176.0,1342375432.0,1342375688.0,1342375944.0,8.0,1342376200.0,1342376456.0,1342376712.0,1342376968.0,1342377224.0,1342377480.0,1342377736.0,1342377992.0,8.0,1342439688.0,1342439944.0,1342440200.0,1342440456.0,1342440712.0,1342440968.0,1342441224.0,1342441480.0,3.0,1.0,0.0,0.0,2.0,45.0,45.0,4.0,80.0,244.0,0.0,0.0,8.0,0.0,252.0,170.0,170.0,170.0,170.0,85.0,4.0,5.0,146.0,1813.0,5.0,6.0,2.0,16.0,0.0,0.0,0.0,0.0,0.0,0.0,0.0,0.0,0.0,0.0,0.0,0.0,0.0,0.0,0.0,0.0,8.0,0.0,0.0,0.0,2.0,0.0,0.0,0.0,0.0,2.0,0.0,0.0,0.0,0.0,0.0,131473.0,0.0,340445200.0,34044205.0,1.08,129.0,0.0,2000.0,0.0,0.0,0.0,0.0,0.0,0.0,0.0,1.0,0.0,0.0,0.0,0.0,0.0,0.0,0.0,0.0,0.0,0.0,0.0,0.0,0.0,0.0,0.0,0.0,0.0,0.0,0.0,0.0,0.0,0.0,0.0,0.0,0.0,0.0,0.0,0.0,0.0,0.0,0.0,0.0,0.0,0.0,0.0,0.0,0.0,0.0,0.0,0.0,0.0,0.0,0.0,0.0,0.0,0.0,0.0,0.0,0.0,0.0,0.0,0.0,0.0,0.0,0.0,0.0,0.0,0.0,0.0,0.0,0.0,0.0,0.0,0.0,0.0,0.0,0.0,0.0,0.0,0.0,0.0,0.0,1.0,0.0,0.0,0.0,0.0,0.0,0.0,0.0,0.0,0.0,0.0,
634,0.0,0.0,0.0,0.0,0.0,0.0,3.0,1.0,1.0,1.0,3.0,1.0,1.0,1.0,4.0,1275.0,3408965.0,65543.0,0.0,2.0,1537.0,1409.0,5.0,513.0,255.0,0.0,0.0,0.0,2.0,1644167432.0,1644167688.0,5.0,417.0,254.0,0.0,0.0,0.0,5.0,449.0,254.0,0.0,0.0,0.0,5.0,481.0,254.0,0.0,0.0,0.0,5.0,673.0,254.0,0.0,0.0,0.0,5.0,705.0,254.0,0.0,0.0,0.0,5.0,737.0,254.0,0.0,0.0,0.0,4.0,1342177544.0,1342177800.0,1342178056.0,1342178312.0,8.0,1342243080.0,1342243336.0,1342243592.0,1342243848.0,1342244104.0,1342244360.0,1342244616.0,1342244872.0,4.0,1342308624.0,1342308880.0,1342309136.0,1342309392.0,8.0,1342374152.0,1342374408.0,1342374664.0,1342374920.0,1342375176.0,1342375432.0,1342375688.0,1342375944.0,8.0,1342376200.0,1342376456.0,1342376712.0,1342376968.0,1342377224.0,1342377480.0,1342377736.0,1342377992.0,8.0,1342439688.0,1342439944.0,1342440200.0,1342440456.0,1342440712.0,1342440968.0,1342441224.0,1342441480.0,3.0,1.0,0.0,0.0,2.0,45.0,45.0,4.0,80.0,244.0,0.0,0.0,8.0,0.0,252.0,170.0,170.0,170.0,170.0,85.0,4.0,5.0,146.0,1813.0,5.0,6.0,2.0,16.0,0.0,0.0,0.0,0.0,0.0,0.0,0.0,0.0,0.0,0.0,0.0,0.0,0.0,0.0,0.0,0.0,8.0,0.0,0.0,0.0,2.0,0.0,0.0,0.0,0.0,2.0,0.0,0.0,0.0,0.0,0.0,131473.0,0.0,340445200.0,34044205.0,1.08,129.0,0.0,2000.0,0.0,0.0,0.0,0.0,0.0,0.0,0.0,1.0,0.0,0.0,0.0,0.0,0.0,0.0,0.0,0.0,0.0,0.0,0.0,0.0,0.0,0.0,0.0,0.0,0.0,0.0,0.0,0.0,0.0,0.0,0.0,0.0,0.0,0.0,0.0,0.0,0.0,0.0,0.0,0.0,0.0,0.0,0.0,0.0,0.0,0.0,0.0,0.0,0.0,0.0,0.0,0.0,0.0,0.0,0.0,0.0,0.0,0.0,0.0,0.0,0.0,0.0,0.0,0.0,0.0,0.0,0.0,0.0,0.0,0.0,0.0,0.0,0.0,0.0,0.0,0.0,0.0,0.0,0.0,0.0,1.0,0.0,0.0,0.0,0.0,0.0,0.0,0.0,0.0,0.0,0.0,
635,0.0,0.0,0.0,0.0,0.0,0.0,3.0,1.0,1.0,1.0,3.0,1.0,1.0,1.0,4.0,1275.0,3408965.0,65543.0,0.0,2.0,1537.0,1409.0,5.0,513.0,255.0,0.0,0.0,0.0,2.0,1644167432.0,1644167688.0,5.0,417.0,254.0,0.0,0.0,0.0,5.0,449.0,254.0,0.0,0.0,0.0,5.0,481.0,254.0,0.0,0.0,0.0,5.0,673.0,254.0,0.0,0.0,0.0,5.0,705.0,254.0,0.0,0.0,0.0,5.0,737.0,254.0,0.0,0.0,0.0,4.0,1342177544.0,1342177800.0,1342178056.0,1342178312.0,8.0,1342243080.0,1342243336.0,1342243592.0,1342243848.0,1342244104.0,1342244360.0,1342244616.0,1342244872.0,4.0,1342308624.0,1342308880.0,1342309136.0,1342309392.0,8.0,1342374152.0,1342374408.0,1342374664.0,1342374920.0,1342375176.0,1342375432.0,1342375688.0,1342375944.0,8.0,1342376200.0,1342376456.0,1342376712.0,1342376968.0,1342377224.0,1342377480.0,1342377736.0,1342377992.0,8.0,1342439688.0,1342439944.0,1342440200.0,1342440456.0,1342440712.0,1342440968.0,1342441224.0,1342441480.0,3.0,1.0,0.0,0.0,2.0,45.0,45.0,4.0,80.0,244.0,0.0,0.0,8.0,0.0,252.0,170.0,170.0,170.0,170.0,85.0,4.0,5.0,146.0,1813.0,5.0,6.0,2.0,16.0,0.0,0.0,0.0,0.0,0.0,0.0,0.0,0.0,0.0,0.0,0.0,0.0,0.0,0.0,0.0,0.0,8.0,0.0,0.0,0.0,2.0,0.0,0.0,0.0,0.0,2.0,0.0,0.0,0.0,0.0,0.0,131473.0,0.0,340445200.0,34044205.0,1.08,129.0,0.0,2000.0,0.0,0.0,0.0,0.0,0.0,0.0,0.0,1.0,0.0,0.0,0.0,0.0,0.0,0.0,0.0,0.0,0.0,0.0,0.0,0.0,0.0,0.0,0.0,0.0,0.0,0.0,0.0,0.0,0.0,0.0,0.0,0.0,0.0,0.0,0.0,0.0,0.0,0.0,0.0,0.0,0.0,0.0,0.0,0.0,0.0,0.0,0.0,0.0,0.0,0.0,0.0,0.0,0.0,0.0,0.0,0.0,0.0,0.0,0.0,0.0,0.0,0.0,0.0,0.0,0.0,0.0,0.0,0.0,0.0,0.0,0.0,0.0,0.0,0.0,0.0,0.0,0.0,0.0,0.0,0.0,1.0,0.0,0.0,0.0,0.0,0.0,0.0,0.0,0.0,0.0,0.0,
636,0.0,0.0,0.0,0.0,0.0,0.0,3.0,1.0,1.0,1.0,3.0,1.0,1.0,1.0,4.0,1275.0,3408965.0,65543.0,0.0,2.0,1537.0,1409.0,5.0,513.0,255.0,0.0,0.0,0.0,2.0,1644167432.0,1644167688.0,5.0,417.0,254.0,0.0,0.0,0.0,5.0,449.0,254.0,0.0,0.0,0.0,5.0,481.0,254.0,0.0,0.0,0.0,5.0,673.0,254.0,0.0,0.0,0.0,5.0,705.0,254.0,0.0,0.0,0.0,5.0,737.0,254.0,0.0,0.0,0.0,4.0,1342177544.0,1342177800.0,1342178056.0,1342178312.0,8.0,1342243080.0,1342243336.0,1342243592.0,1342243848.0,1342244104.0,1342244360.0,1342244616.0,1342244872.0,4.0,1342308624.0,1342308880.0,1342309136.0,1342309392.0,8.0,1342374152.0,1342374408.0,1342374664.0,1342374920.0,1342375176.0,1342375432.0,1342375688.0,1342375944.0,8.0,1342376200.0,1342376456.0,1342376712.0,1342376968.0,1342377224.0,1342377480.0,1342377736.0,1342377992.0,8.0,1342439688.0,1342439944.0,1342440200.0,1342440456.0,1342440712.0,1342440968.0,1342441224.0,1342441480.0,3.0,1.0,0.0,0.0,2.0,45.0,45.0,4.0,80.0,244.0,0.0,0.0,8.0,0.0,252.0,170.0,170.0,170.0,170.0,85.0,4.0,5.0,146.0,1813.0,5.0,6.0,2.0,16.0,0.0,0.0,0.0,0.0,0.0,0.0,0.0,0.0,0.0,0.0,0.0,0.0,0.0,0.0,0.0,0.0,8.0,0.0,0.0,0.0,2.0,0.0,0.0,0.0,0.0,2.0,0.0,0.0,0.0,0.0,0.0,131473.0,0.0,340445200.0,34044205.0,1.08,129.0,0.0,2000.0,0.0,0.0,0.0,0.0,0.0,0.0,0.0,1.0,0.0,0.0,0.0,0.0,0.0,0.0,0.0,0.0,0.0,0.0,0.0,0.0,0.0,0.0,0.0,0.0,0.0,0.0,0.0,0.0,0.0,0.0,0.0,0.0,0.0,0.0,0.0,0.0,0.0,0.0,0.0,0.0,0.0,0.0,0.0,0.0,0.0,0.0,0.0,0.0,0.0,0.0,0.0,0.0,0.0,0.0,0.0,0.0,0.0,0.0,0.0,0.0,0.0,0.0,0.0,0.0,0.0,0.0,0.0,0.0,0.0,0.0,0.0,0.0,0.0,0.0,0.0,0.0,0.0,0.0,0.0,0.0,1.0,0.0,0.0,0.0,0.0,0.0,0.0,0.0,0.0,0.0,0.0,
