Started on: 2025-08-16-17:18:01
00000 #37000-1
00000 #Verion 0.0
00000 #PWMi h-bridge test with a 'red coil' 6.4 ohm inductive load. (2.27 amps @ 14.5 VDC)
00000 UUT_EDS = 37000-561.eds
00000 UUT_DATANAME = 37000-1-CANOPEN-OUTPUT-PWMI-NORMAL
00000 
00000 #cycle IGN to clean slate
00000 RLY_K1 = 1 : NULL : WAIT = 1
00001 RLY_K1 = 0 : NULL : WAIT = 1
00002 PRE_OPERATIONAL
00002 #-----configure PWMi-----
00002 sdo[0x2002][1] = 30.0, sdo[0x2002][2] = 20.0, sdo[0x2002][3] = 30.0, sdo[0x2002][4] = 20.0, sdo[0x2002][5] = 30.0, sdo[0x2002][6] = 20.0 : NULL : WAIT = 0.5
00003 sdo[0x2002][7] = 30.0, sdo[0x2002][8] = 20.0, sdo[0x2002][9] = 30.0, sdo[0x2002][10] = 20.0, sdo[0x2002][11] = 30.0, sdo[0x2002][12] = 20.0 : NULL : WAIT = 0.5
00004 sdo[0x2002][13] = 30.0, sdo[0x2002][14] = 20.0, sdo[0x2002][15] = 30.0, sdo[0x2002][16] = 20.0 : NULL : WAIT = 0.5
00005 #-----set freq-----
00005 sdo[0x3000] = 200 : NULL : WAIT = 0.2
00006 J4_01 = 1, J4_03 = 1 : NULL : WAIT = 1
00007 #-----setup 37000-----
00007 sdo[0x2000][1] = 0 : NULL : WAIT = 0.2
00008 sdo[0x2000][3] = 0 : NULL : WAIT = 0.2
00009 sdo[0x2000][4] = 0 : NULL : WAIT = 0.2
00010 sdo[0x2001][1] = 68 : NULL : WAIT = 0.2
00011 #switch in load line, set current
00011 J2_01 = 1 : NULL : WAIT = 0.5
00012 OPERATIONAL
00012 
00012 sdo[0x6411][1] = 0 : MeterAmps = 0.0 | 0.155 | 0.5
00012 TEST: MeterAmps 0.0 +/- 0.155
00012 PASS: MeterAmps 0.0
00013 sdo[0x6411][1] = 0 : sdo[0x5003][1] = 0 | 155 | 0.5
00013 TEST: Status Message Amp.Port_1A 0.0 +/- 155.0
00013 PASS: Status Message Amp.Port_1A 0.0
00014 sdo[0x6411][1] = 10 : MeterAmps = 0.01 | 0.155 | 0.5
00014 PASS: MeterAmps 0.0
00015 sdo[0x6411][1] = 10 : sdo[0x5003][1] = 10 | 155 | 0.5
00015 TEST: Status Message Amp.Port_1A 10.0 +/- 155.0
00015 PASS: Status Message Amp.Port_1A 35.0
00016 sdo[0x6411][1] = 20 : MeterAmps = 0.02 | 0.155 | 0.5
00016 PASS: MeterAmps 0.044
00017 sdo[0x6411][1] = 20 : sdo[0x5003][1] = 20 | 155 | 0.5
00017 TEST: Status Message Amp.Port_1A 20.0 +/- 155.0
00017 PASS: Status Message Amp.Port_1A 35.0
00018 sdo[0x6411][1] = 30 : MeterAmps = 0.03 | 0.155 | 0.5
00018 PASS: MeterAmps 0.044
00019 sdo[0x6411][1] = 30 : sdo[0x5003][1] = 30 | 155 | 0.5
00019 TEST: Status Message Amp.Port_1A 30.0 +/- 155.0
00019 PASS: Status Message Amp.Port_1A 31.0
00020 sdo[0x6411][1] = 40 : MeterAmps = 0.04 | 0.155 | 0.5
00020 PASS: MeterAmps 0.044
00021 sdo[0x6411][1] = 40 : sdo[0x5003][1] = 40 | 155 | 0.5
00021 TEST: Status Message Amp.Port_1A 40.0 +/- 155.0
00021 PASS: Status Message Amp.Port_1A 35.0
00022 sdo[0x6411][1] = 50 : MeterAmps = 0.05 | 0.155 | 0.5
00022 PASS: MeterAmps 0.044
00023 sdo[0x6411][1] = 50 : sdo[0x5003][1] = 50 | 155 | 0.5
00023 TEST: Status Message Amp.Port_1A 50.0 +/- 155.0
00023 PASS: Status Message Amp.Port_1A 35.0
00024 sdo[0x6411][1] = 60 : MeterAmps = 0.06 | 0.155 | 0.5
00024 PASS: MeterAmps 0.044
00025 sdo[0x6411][1] = 60 : sdo[0x5003][1] = 60 | 155 | 0.5
00025 TEST: Status Message Amp.Port_1A 60.0 +/- 155.0
00025 PASS: Status Message Amp.Port_1A 35.0
00026 sdo[0x6411][1] = 70 : MeterAmps = 0.07 | 0.155 | 0.5
00026 PASS: MeterAmps 0.044
00027 sdo[0x6411][1] = 70 : sdo[0x5003][1] = 70 | 155 | 0.5
00027 TEST: Status Message Amp.Port_1A 70.0 +/- 155.0
00027 PASS: Status Message Amp.Port_1A 39.0
00028 sdo[0x6411][1] = 80 : MeterAmps = 0.08 | 0.155 | 0.5
00028 PASS: MeterAmps 0.075
00029 sdo[0x6411][1] = 80 : sdo[0x5003][1] = 80 | 155 | 0.5
00029 TEST: Status Message Amp.Port_1A 80.0 +/- 155.0
00029 PASS: Status Message Amp.Port_1A 79.0
00030 sdo[0x6411][1] = 90 : MeterAmps = 0.09 | 0.155 | 0.5
00030 PASS: MeterAmps 0.086
00031 sdo[0x6411][1] = 90 : sdo[0x5003][1] = 90 | 155 | 0.5
00031 TEST: Status Message Amp.Port_1A 90.0 +/- 155.0
00031 PASS: Status Message Amp.Port_1A 83.0
00032 sdo[0x6411][1] = 100 : MeterAmps = 0.1 | 0.155 | 0.5
00032 PASS: MeterAmps 0.092
00033 sdo[0x6411][1] = 100 : sdo[0x5003][1] = 100 | 155 | 0.5
00033 TEST: Status Message Amp.Port_1A 100.0 +/- 155.0
00033 PASS: Status Message Amp.Port_1A 95.0
00034 sdo[0x6411][1] = 110 : MeterAmps = 0.11 | 0.155 | 0.5
00034 PASS: MeterAmps 0.105
00035 sdo[0x6411][1] = 110 : sdo[0x5003][1] = 110 | 155 | 0.5
00035 TEST: Status Message Amp.Port_1A 110.0 +/- 155.0
00035 PASS: Status Message Amp.Port_1A 103.0
00036 sdo[0x6411][1] = 120 : MeterAmps = 0.12 | 0.155 | 0.5
00036 PASS: MeterAmps 0.114
00037 sdo[0x6411][1] = 120 : sdo[0x5003][1] = 120 | 155 | 0.5
00037 TEST: Status Message Amp.Port_1A 120.0 +/- 155.0
00037 PASS: Status Message Amp.Port_1A 115.0
00038 sdo[0x6411][1] = 130 : MeterAmps = 0.13 | 0.155 | 0.5
00038 PASS: MeterAmps 0.124
00039 sdo[0x6411][1] = 130 : sdo[0x5003][1] = 130 | 155 | 0.5
00039 TEST: Status Message Amp.Port_1A 130.0 +/- 155.0
00039 PASS: Status Message Amp.Port_1A 127.0
00040 sdo[0x6411][1] = 140 : MeterAmps = 0.14 | 0.155 | 0.5
00040 PASS: MeterAmps 0.132
00041 sdo[0x6411][1] = 140 : sdo[0x5003][1] = 140 | 155 | 0.5
00041 TEST: Status Message Amp.Port_1A 140.0 +/- 155.0
00041 PASS: Status Message Amp.Port_1A 135.0
00042 sdo[0x6411][1] = 150 : MeterAmps = 0.15 | 0.155 | 0.5
00042 PASS: MeterAmps 0.144
00043 sdo[0x6411][1] = 150 : sdo[0x5003][1] = 150 | 155 | 0.5
00043 TEST: Status Message Amp.Port_1A 150.0 +/- 155.0
00043 PASS: Status Message Amp.Port_1A 147.0
00044 sdo[0x6411][1] = 160 : MeterAmps = 0.16 | 0.155 | 0.5
00044 PASS: MeterAmps 0.15
00045 sdo[0x6411][1] = 160 : sdo[0x5003][1] = 160 | 155 | 0.5
00045 TEST: Status Message Amp.Port_1A 160.0 +/- 155.0
00045 PASS: Status Message Amp.Port_1A 155.0
00046 sdo[0x6411][1] = 170 : MeterAmps = 0.17 | 0.155 | 0.5
00046 PASS: MeterAmps 0.162
00047 sdo[0x6411][1] = 170 : sdo[0x5003][1] = 170 | 155 | 0.5
00047 TEST: Status Message Amp.Port_1A 170.0 +/- 155.0
00047 PASS: Status Message Amp.Port_1A 167.0
00048 sdo[0x6411][1] = 180 : MeterAmps = 0.18 | 0.155 | 0.5
00048 PASS: MeterAmps 0.17
00049 sdo[0x6411][1] = 180 : sdo[0x5003][1] = 180 | 155 | 0.5
00049 TEST: Status Message Amp.Port_1A 180.0 +/- 155.0
00049 PASS: Status Message Amp.Port_1A 175.0
00050 sdo[0x6411][1] = 190 : MeterAmps = 0.19 | 0.155 | 0.5
00050 PASS: MeterAmps 0.181
00051 sdo[0x6411][1] = 190 : sdo[0x5003][1] = 190 | 155 | 0.5
00051 TEST: Status Message Amp.Port_1A 190.0 +/- 155.0
00051 PASS: Status Message Amp.Port_1A 183.0
00052 sdo[0x6411][1] = 200 : MeterAmps = 0.2 | 0.155 | 0.5
00052 PASS: MeterAmps 0.19
00053 sdo[0x6411][1] = 200 : sdo[0x5003][1] = 200 | 155 | 0.5
00053 TEST: Status Message Amp.Port_1A 200.0 +/- 155.0
00053 PASS: Status Message Amp.Port_1A 199.0
00054 sdo[0x6411][1] = 210 : MeterAmps = 0.21 | 0.155 | 0.5
00054 PASS: MeterAmps 0.2
00055 sdo[0x6411][1] = 210 : sdo[0x5003][1] = 210 | 155 | 0.5
00055 TEST: Status Message Amp.Port_1A 210.0 +/- 155.0
00055 PASS: Status Message Amp.Port_1A 211.0
00056 sdo[0x6411][1] = 220 : MeterAmps = 0.22 | 0.155 | 0.5
00056 PASS: MeterAmps 0.204
00057 sdo[0x6411][1] = 220 : sdo[0x5003][1] = 220 | 155 | 0.5
00057 TEST: Status Message Amp.Port_1A 220.0 +/- 155.0
00057 PASS: Status Message Amp.Port_1A 215.0
00058 sdo[0x6411][1] = 230 : MeterAmps = 0.23 | 0.155 | 0.5
00058 PASS: MeterAmps 0.216
00059 sdo[0x6411][1] = 230 : sdo[0x5003][1] = 230 | 155 | 0.5
00059 TEST: Status Message Amp.Port_1A 230.0 +/- 155.0
00059 PASS: Status Message Amp.Port_1A 222.0
00060 sdo[0x6411][1] = 240 : MeterAmps = 0.24 | 0.155 | 0.5
00060 PASS: MeterAmps 0.225
00061 sdo[0x6411][1] = 240 : sdo[0x5003][1] = 240 | 155 | 0.5
00061 TEST: Status Message Amp.Port_1A 240.0 +/- 155.0
00061 PASS: Status Message Amp.Port_1A 238.0
00062 sdo[0x6411][1] = 250 : MeterAmps = 0.25 | 0.155 | 0.5
00062 PASS: MeterAmps 0.234
00063 sdo[0x6411][1] = 250 : sdo[0x5003][1] = 250 | 155 | 0.5
00063 TEST: Status Message Amp.Port_1A 250.0 +/- 155.0
00063 PASS: Status Message Amp.Port_1A 242.0
00064 sdo[0x6411][1] = 260 : MeterAmps = 0.26 | 0.155 | 0.5
00064 PASS: MeterAmps 0.244
00065 sdo[0x6411][1] = 260 : sdo[0x5003][1] = 260 | 155 | 0.5
00065 TEST: Status Message Amp.Port_1A 260.0 +/- 155.0
00065 PASS: Status Message Amp.Port_1A 254.0
00066 sdo[0x6411][1] = 270 : MeterAmps = 0.27 | 0.155 | 0.5
00066 PASS: MeterAmps 0.256
00067 sdo[0x6411][1] = 270 : sdo[0x5003][1] = 270 | 155 | 0.5
00067 TEST: Status Message Amp.Port_1A 270.0 +/- 155.0
00067 PASS: Status Message Amp.Port_1A 262.0
00068 sdo[0x6411][1] = 280 : MeterAmps = 0.28 | 0.155 | 0.5
00068 PASS: MeterAmps 0.262
00069 sdo[0x6411][1] = 280 : sdo[0x5003][1] = 280 | 155 | 0.5
00069 TEST: Status Message Amp.Port_1A 280.0 +/- 155.0
00069 PASS: Status Message Amp.Port_1A 274.0
00070 sdo[0x6411][1] = 290 : MeterAmps = 0.29 | 0.155 | 0.5
00070 PASS: MeterAmps 0.273
00071 sdo[0x6411][1] = 290 : sdo[0x5003][1] = 290 | 155 | 0.5
00071 TEST: Status Message Amp.Port_1A 290.0 +/- 155.0
00071 PASS: Status Message Amp.Port_1A 282.0
00072 sdo[0x6411][1] = 300 : MeterAmps = 0.3 | 0.155 | 0.5
00072 PASS: MeterAmps 0.281
00073 sdo[0x6411][1] = 300 : sdo[0x5003][1] = 300 | 155 | 0.5
00073 TEST: Status Message Amp.Port_1A 300.0 +/- 155.0
00073 PASS: Status Message Amp.Port_1A 294.0
00074 sdo[0x6411][1] = 310 : MeterAmps = 0.31 | 0.155 | 0.5
00074 PASS: MeterAmps 0.293
00075 sdo[0x6411][1] = 310 : sdo[0x5003][1] = 310 | 155 | 0.5
00075 TEST: Status Message Amp.Port_1A 310.0 +/- 155.0
00075 PASS: Status Message Amp.Port_1A 306.0
00076 sdo[0x6411][1] = 320 : MeterAmps = 0.32 | 0.155 | 0.5
00076 PASS: MeterAmps 0.301
00077 sdo[0x6411][1] = 320 : sdo[0x5003][1] = 320 | 155 | 0.5
00077 TEST: Status Message Amp.Port_1A 320.0 +/- 155.0
00077 PASS: Status Message Amp.Port_1A 314.0
00078 sdo[0x6411][1] = 330 : MeterAmps = 0.33 | 0.155 | 0.5
00078 PASS: MeterAmps 0.313
00079 sdo[0x6411][1] = 330 : sdo[0x5003][1] = 330 | 155 | 0.5
00079 TEST: Status Message Amp.Port_1A 330.0 +/- 155.0
00079 PASS: Status Message Amp.Port_1A 322.0
00080 sdo[0x6411][1] = 340 : MeterAmps = 0.34 | 0.155 | 0.5
00080 PASS: MeterAmps 0.32
00081 sdo[0x6411][1] = 340 : sdo[0x5003][1] = 340 | 155 | 0.5
00081 TEST: Status Message Amp.Port_1A 340.0 +/- 155.0
00081 PASS: Status Message Amp.Port_1A 338.0
00082 sdo[0x6411][1] = 350 : MeterAmps = 0.35 | 0.155 | 0.5
00082 PASS: MeterAmps 0.331
00083 sdo[0x6411][1] = 350 : sdo[0x5003][1] = 350 | 155 | 0.5
00083 TEST: Status Message Amp.Port_1A 350.0 +/- 155.0
00083 PASS: Status Message Amp.Port_1A 342.0
00084 sdo[0x6411][1] = 360 : MeterAmps = 0.36 | 0.155 | 0.5
00084 PASS: MeterAmps 0.339
00085 sdo[0x6411][1] = 360 : sdo[0x5003][1] = 360 | 155 | 0.5
00085 TEST: Status Message Amp.Port_1A 360.0 +/- 155.0
00085 PASS: Status Message Amp.Port_1A 354.0
00086 sdo[0x6411][1] = 370 : MeterAmps = 0.37 | 0.155 | 0.5
00086 PASS: MeterAmps 0.35
00087 sdo[0x6411][1] = 370 : sdo[0x5003][1] = 370 | 155 | 0.5
00087 TEST: Status Message Amp.Port_1A 370.0 +/- 155.0
00087 PASS: Status Message Amp.Port_1A 366.0
00088 sdo[0x6411][1] = 380 : MeterAmps = 0.38 | 0.155 | 0.5
00088 PASS: MeterAmps 0.358
00089 sdo[0x6411][1] = 380 : sdo[0x5003][1] = 380 | 155 | 0.5
00089 TEST: Status Message Amp.Port_1A 380.0 +/- 155.0
00089 PASS: Status Message Amp.Port_1A 374.0
00090 sdo[0x6411][1] = 390 : MeterAmps = 0.39 | 0.155 | 0.5
00090 PASS: MeterAmps 0.371
00091 sdo[0x6411][1] = 390 : sdo[0x5003][1] = 390 | 155 | 0.5
00091 TEST: Status Message Amp.Port_1A 390.0 +/- 155.0
00091 PASS: Status Message Amp.Port_1A 382.0
00092 sdo[0x6411][1] = 400 : MeterAmps = 0.4 | 0.155 | 0.5
00092 PASS: MeterAmps 0.378
00093 sdo[0x6411][1] = 400 : sdo[0x5003][1] = 400 | 155 | 0.5
00093 TEST: Status Message Amp.Port_1A 400.0 +/- 155.0
00093 PASS: Status Message Amp.Port_1A 394.0
00094 sdo[0x6411][1] = 410 : MeterAmps = 0.41 | 0.155 | 0.5
00094 PASS: MeterAmps 0.388
00095 sdo[0x6411][1] = 410 : sdo[0x5003][1] = 410 | 155 | 0.5
00095 TEST: Status Message Amp.Port_1A 410.0 +/- 155.0
00095 PASS: Status Message Amp.Port_1A 402.0
00096 sdo[0x6411][1] = 420 : MeterAmps = 0.42 | 0.155 | 0.5
00096 PASS: MeterAmps 0.395
00097 sdo[0x6411][1] = 420 : sdo[0x5003][1] = 420 | 155 | 0.5
00097 TEST: Status Message Amp.Port_1A 420.0 +/- 155.0
00097 PASS: Status Message Amp.Port_1A 414.0
00098 sdo[0x6411][1] = 430 : MeterAmps = 0.43 | 0.155 | 0.5
00098 PASS: MeterAmps 0.408
00099 sdo[0x6411][1] = 430 : sdo[0x5003][1] = 430 | 155 | 0.5
00099 TEST: Status Message Amp.Port_1A 430.0 +/- 155.0
00099 PASS: Status Message Amp.Port_1A 422.0
00100 sdo[0x6411][1] = 440 : MeterAmps = 0.44 | 0.155 | 0.5
00100 PASS: MeterAmps 0.418
00101 sdo[0x6411][1] = 440 : sdo[0x5003][1] = 440 | 155 | 0.5
00101 TEST: Status Message Amp.Port_1A 440.0 +/- 155.0
00101 PASS: Status Message Amp.Port_1A 434.0
00102 sdo[0x6411][1] = 450 : MeterAmps = 0.45 | 0.155 | 0.5
00102 PASS: MeterAmps 0.427
00103 sdo[0x6411][1] = 450 : sdo[0x5003][1] = 450 | 155 | 0.5
00103 TEST: Status Message Amp.Port_1A 450.0 +/- 155.0
00103 PASS: Status Message Amp.Port_1A 445.0
00104 sdo[0x6411][1] = 460 : MeterAmps = 0.46 | 0.155 | 0.5
00104 PASS: MeterAmps 0.439
00105 sdo[0x6411][1] = 460 : sdo[0x5003][1] = 460 | 155 | 0.5
00105 TEST: Status Message Amp.Port_1A 460.0 +/- 155.0
00105 PASS: Status Message Amp.Port_1A 453.0
00106 sdo[0x6411][1] = 470 : MeterAmps = 0.47 | 0.155 | 0.5
00106 PASS: MeterAmps 0.448
00107 sdo[0x6411][1] = 470 : sdo[0x5003][1] = 470 | 155 | 0.5
00107 TEST: Status Message Amp.Port_1A 470.0 +/- 155.0
00107 PASS: Status Message Amp.Port_1A 469.0
00108 sdo[0x6411][1] = 480 : MeterAmps = 0.48 | 0.155 | 0.5
00108 PASS: MeterAmps 0.455
00109 sdo[0x6411][1] = 480 : sdo[0x5003][1] = 480 | 155 | 0.5
00109 TEST: Status Message Amp.Port_1A 480.0 +/- 155.0
00109 PASS: Status Message Amp.Port_1A 477.0
00110 sdo[0x6411][1] = 490 : MeterAmps = 0.49 | 0.155 | 0.5
00110 PASS: MeterAmps 0.462
00111 sdo[0x6411][1] = 490 : sdo[0x5003][1] = 490 | 155 | 0.5
00111 TEST: Status Message Amp.Port_1A 490.0 +/- 155.0
00111 PASS: Status Message Amp.Port_1A 485.0
00112 sdo[0x6411][1] = 500 : MeterAmps = 0.5 | 0.155 | 0.5
00112 PASS: MeterAmps 0.475
00113 sdo[0x6411][1] = 500 : sdo[0x5003][1] = 500 | 155 | 0.5
00113 TEST: Status Message Amp.Port_1A 500.0 +/- 155.0
00113 PASS: Status Message Amp.Port_1A 493.0
00114 sdo[0x6411][1] = 510 : MeterAmps = 0.51 | 0.155 | 0.5
00114 PASS: MeterAmps 0.482
00115 sdo[0x6411][1] = 510 : sdo[0x5003][1] = 510 | 155 | 0.5
00115 TEST: Status Message Amp.Port_1A 510.0 +/- 155.0
00115 PASS: Status Message Amp.Port_1A 509.0
00116 sdo[0x6411][1] = 520 : MeterAmps = 0.52 | 0.155 | 0.5
00116 PASS: MeterAmps 0.493
00117 sdo[0x6411][1] = 520 : sdo[0x5003][1] = 520 | 155 | 0.5
00117 TEST: Status Message Amp.Port_1A 520.0 +/- 155.0
00117 PASS: Status Message Amp.Port_1A 513.0
00118 sdo[0x6411][1] = 530 : MeterAmps = 0.53 | 0.155 | 0.5
00118 PASS: MeterAmps 0.502
00119 sdo[0x6411][1] = 530 : sdo[0x5003][1] = 530 | 155 | 0.5
00119 TEST: Status Message Amp.Port_1A 530.0 +/- 155.0
00119 PASS: Status Message Amp.Port_1A 525.0
00120 sdo[0x6411][1] = 540 : MeterAmps = 0.54 | 0.155 | 0.5
00120 PASS: MeterAmps 0.511
00121 sdo[0x6411][1] = 540 : sdo[0x5003][1] = 540 | 155 | 0.5
00121 TEST: Status Message Amp.Port_1A 540.0 +/- 155.0
00121 PASS: Status Message Amp.Port_1A 533.0
00122 sdo[0x6411][1] = 550 : MeterAmps = 0.55 | 0.155 | 0.5
00122 PASS: MeterAmps 0.52
00123 sdo[0x6411][1] = 550 : sdo[0x5003][1] = 550 | 155 | 0.5
00123 TEST: Status Message Amp.Port_1A 550.0 +/- 155.0
00123 PASS: Status Message Amp.Port_1A 549.0
00124 sdo[0x6411][1] = 560 : MeterAmps = 0.56 | 0.155 | 0.5
00124 PASS: MeterAmps 0.531
00125 sdo[0x6411][1] = 560 : sdo[0x5003][1] = 560 | 155 | 0.5
00125 TEST: Status Message Amp.Port_1A 560.0 +/- 155.0
00125 PASS: Status Message Amp.Port_1A 557.0
00126 sdo[0x6411][1] = 570 : MeterAmps = 0.57 | 0.155 | 0.5
00126 PASS: MeterAmps 0.54
00127 sdo[0x6411][1] = 570 : sdo[0x5003][1] = 570 | 155 | 0.5
00127 TEST: Status Message Amp.Port_1A 570.0 +/- 155.0
00127 PASS: Status Message Amp.Port_1A 565.0
00128 sdo[0x6411][1] = 580 : MeterAmps = 0.58 | 0.155 | 0.5
00128 PASS: MeterAmps 0.552
00129 sdo[0x6411][1] = 580 : sdo[0x5003][1] = 580 | 155 | 0.5
00129 TEST: Status Message Amp.Port_1A 580.0 +/- 155.0
00129 PASS: Status Message Amp.Port_1A 573.0
00130 sdo[0x6411][1] = 590 : MeterAmps = 0.59 | 0.155 | 0.5
00130 PASS: MeterAmps 0.56
00131 sdo[0x6411][1] = 590 : sdo[0x5003][1] = 590 | 155 | 0.5
00131 TEST: Status Message Amp.Port_1A 590.0 +/- 155.0
00131 PASS: Status Message Amp.Port_1A 581.0
00132 sdo[0x6411][1] = 600 : MeterAmps = 0.6 | 0.155 | 0.5
00132 PASS: MeterAmps 0.571
00133 sdo[0x6411][1] = 600 : sdo[0x5003][1] = 600 | 155 | 0.5
00133 TEST: Status Message Amp.Port_1A 600.0 +/- 155.0
00133 PASS: Status Message Amp.Port_1A 593.0
00134 sdo[0x6411][1] = 610 : MeterAmps = 0.61 | 0.155 | 0.5
00134 PASS: MeterAmps 0.576
00135 sdo[0x6411][1] = 610 : sdo[0x5003][1] = 610 | 155 | 0.5
00135 TEST: Status Message Amp.Port_1A 610.0 +/- 155.0
00135 PASS: Status Message Amp.Port_1A 605.0
00136 sdo[0x6411][1] = 620 : MeterAmps = 0.62 | 0.155 | 0.5
00136 PASS: MeterAmps 0.589
00137 sdo[0x6411][1] = 620 : sdo[0x5003][1] = 620 | 155 | 0.5
00137 TEST: Status Message Amp.Port_1A 620.0 +/- 155.0
00137 PASS: Status Message Amp.Port_1A 613.0
00138 sdo[0x6411][1] = 630 : MeterAmps = 0.63 | 0.155 | 0.5
00138 PASS: MeterAmps 0.597
00139 sdo[0x6411][1] = 630 : sdo[0x5003][1] = 630 | 155 | 0.5
00139 TEST: Status Message Amp.Port_1A 630.0 +/- 155.0
00139 PASS: Status Message Amp.Port_1A 625.0
00140 sdo[0x6411][1] = 640 : MeterAmps = 0.64 | 0.155 | 0.5
00140 PASS: MeterAmps 0.607
00141 sdo[0x6411][1] = 640 : sdo[0x5003][1] = 640 | 155 | 0.5
00141 TEST: Status Message Amp.Port_1A 640.0 +/- 155.0
00141 PASS: Status Message Amp.Port_1A 637.0
00142 sdo[0x6411][1] = 650 : MeterAmps = 0.65 | 0.155 | 0.5
00142 PASS: MeterAmps 0.615
00143 sdo[0x6411][1] = 650 : sdo[0x5003][1] = 650 | 155 | 0.5
00143 TEST: Status Message Amp.Port_1A 650.0 +/- 155.0
00143 PASS: Status Message Amp.Port_1A 645.0
00144 sdo[0x6411][1] = 660 : MeterAmps = 0.66 | 0.155 | 0.5
00144 PASS: MeterAmps 0.629
00145 sdo[0x6411][1] = 660 : sdo[0x5003][1] = 660 | 155 | 0.5
00145 TEST: Status Message Amp.Port_1A 660.0 +/- 155.0
00145 PASS: Status Message Amp.Port_1A 657.0
00146 sdo[0x6411][1] = 670 : MeterAmps = 0.67 | 0.155 | 0.5
00146 PASS: MeterAmps 0.633
00147 sdo[0x6411][1] = 670 : sdo[0x5003][1] = 670 | 155 | 0.5
00147 TEST: Status Message Amp.Port_1A 670.0 +/- 155.0
00147 PASS: Status Message Amp.Port_1A 661.0
00148 sdo[0x6411][1] = 680 : MeterAmps = 0.68 | 0.155 | 0.5
00148 PASS: MeterAmps 0.645
00149 sdo[0x6411][1] = 680 : sdo[0x5003][1] = 680 | 155 | 0.5
00149 TEST: Status Message Amp.Port_1A 680.0 +/- 155.0
00149 PASS: Status Message Amp.Port_1A 672.0
00150 sdo[0x6411][1] = 690 : MeterAmps = 0.69 | 0.155 | 0.5
00150 PASS: MeterAmps 0.654
00151 sdo[0x6411][1] = 690 : sdo[0x5003][1] = 690 | 155 | 0.5
00151 TEST: Status Message Amp.Port_1A 690.0 +/- 155.0
00151 PASS: Status Message Amp.Port_1A 688.0
00152 sdo[0x6411][1] = 700 : MeterAmps = 0.7 | 0.155 | 0.5
00152 PASS: MeterAmps 0.665
00153 sdo[0x6411][1] = 700 : sdo[0x5003][1] = 700 | 155 | 0.5
00153 TEST: Status Message Amp.Port_1A 700.0 +/- 155.0
00153 PASS: Status Message Amp.Port_1A 692.0
00154 sdo[0x6411][1] = 710 : MeterAmps = 0.71 | 0.155 | 0.5
00154 PASS: MeterAmps 0.675
00155 sdo[0x6411][1] = 710 : sdo[0x5003][1] = 710 | 155 | 0.5
00155 TEST: Status Message Amp.Port_1A 710.0 +/- 155.0
00155 PASS: Status Message Amp.Port_1A 704.0
00156 sdo[0x6411][1] = 720 : MeterAmps = 0.72 | 0.155 | 0.5
00156 PASS: MeterAmps 0.684
00157 sdo[0x6411][1] = 720 : sdo[0x5003][1] = 720 | 155 | 0.5
00157 TEST: Status Message Amp.Port_1A 720.0 +/- 155.0
00157 PASS: Status Message Amp.Port_1A 716.0
00158 sdo[0x6411][1] = 730 : MeterAmps = 0.73 | 0.155 | 0.5
00158 PASS: MeterAmps 0.687
00159 sdo[0x6411][1] = 730 : sdo[0x5003][1] = 730 | 155 | 0.5
00159 TEST: Status Message Amp.Port_1A 730.0 +/- 155.0
00159 PASS: Status Message Amp.Port_1A 724.0
00160 sdo[0x6411][1] = 740 : MeterAmps = 0.74 | 0.155 | 0.5
00160 PASS: MeterAmps 0.699
00161 sdo[0x6411][1] = 740 : sdo[0x5003][1] = 740 | 155 | 0.5
00161 TEST: Status Message Amp.Port_1A 740.0 +/- 155.0
00161 PASS: Status Message Amp.Port_1A 732.0
00162 sdo[0x6411][1] = 750 : MeterAmps = 0.75 | 0.155 | 0.5
00162 PASS: MeterAmps 0.708
00163 sdo[0x6411][1] = 750 : sdo[0x5003][1] = 750 | 155 | 0.5
00163 TEST: Status Message Amp.Port_1A 750.0 +/- 155.0
00163 PASS: Status Message Amp.Port_1A 744.0
00164 sdo[0x6411][1] = 760 : MeterAmps = 0.76 | 0.155 | 0.5
00164 PASS: MeterAmps 0.72
00165 sdo[0x6411][1] = 760 : sdo[0x5003][1] = 760 | 155 | 0.5
00165 TEST: Status Message Amp.Port_1A 760.0 +/- 155.0
00165 PASS: Status Message Amp.Port_1A 752.0
00166 sdo[0x6411][1] = 770 : MeterAmps = 0.77 | 0.155 | 0.5
00166 PASS: MeterAmps 0.729
00167 sdo[0x6411][1] = 770 : sdo[0x5003][1] = 770 | 155 | 0.5
00167 TEST: Status Message Amp.Port_1A 770.0 +/- 155.0
00167 PASS: Status Message Amp.Port_1A 764.0
00168 sdo[0x6411][1] = 780 : MeterAmps = 0.78 | 0.155 | 0.5
00168 PASS: MeterAmps 0.74
00169 sdo[0x6411][1] = 780 : sdo[0x5003][1] = 780 | 155 | 0.5
00169 TEST: Status Message Amp.Port_1A 780.0 +/- 155.0
00169 PASS: Status Message Amp.Port_1A 776.0
00170 sdo[0x6411][1] = 790 : MeterAmps = 0.79 | 0.155 | 0.5
00170 PASS: MeterAmps 0.746
00171 sdo[0x6411][1] = 790 : sdo[0x5003][1] = 790 | 155 | 0.5
00171 TEST: Status Message Amp.Port_1A 790.0 +/- 155.0
00171 PASS: Status Message Amp.Port_1A 784.0
00172 sdo[0x6411][1] = 800 : MeterAmps = 0.8 | 0.155 | 0.5
00172 PASS: MeterAmps 0.759
00173 sdo[0x6411][1] = 800 : sdo[0x5003][1] = 800 | 155 | 0.5
00173 TEST: Status Message Amp.Port_1A 800.0 +/- 155.0
00173 PASS: Status Message Amp.Port_1A 792.0
00174 sdo[0x6411][1] = 810 : MeterAmps = 0.81 | 0.155 | 0.5
00174 PASS: MeterAmps 0.766
00175 sdo[0x6411][1] = 810 : sdo[0x5003][1] = 810 | 155 | 0.5
00175 TEST: Status Message Amp.Port_1A 810.0 +/- 155.0
00175 PASS: Status Message Amp.Port_1A 804.0
00176 sdo[0x6411][1] = 820 : MeterAmps = 0.82 | 0.155 | 0.5
00176 PASS: MeterAmps 0.777
00177 sdo[0x6411][1] = 820 : sdo[0x5003][1] = 820 | 155 | 0.5
00177 TEST: Status Message Amp.Port_1A 820.0 +/- 155.0
00177 PASS: Status Message Amp.Port_1A 812.0
00178 sdo[0x6411][1] = 830 : MeterAmps = 0.83 | 0.155 | 0.5
00178 PASS: MeterAmps 0.785
00179 sdo[0x6411][1] = 830 : sdo[0x5003][1] = 830 | 155 | 0.5
00179 TEST: Status Message Amp.Port_1A 830.0 +/- 155.0
00179 PASS: Status Message Amp.Port_1A 824.0
00180 sdo[0x6411][1] = 840 : MeterAmps = 0.84 | 0.155 | 0.5
00180 PASS: MeterAmps 0.797
00181 sdo[0x6411][1] = 840 : sdo[0x5003][1] = 840 | 155 | 0.5
00181 TEST: Status Message Amp.Port_1A 840.0 +/- 155.0
00181 PASS: Status Message Amp.Port_1A 836.0
00182 sdo[0x6411][1] = 850 : MeterAmps = 0.85 | 0.155 | 0.5
00182 PASS: MeterAmps 0.803
00183 sdo[0x6411][1] = 850 : sdo[0x5003][1] = 850 | 155 | 0.5
00183 TEST: Status Message Amp.Port_1A 850.0 +/- 155.0
00183 PASS: Status Message Amp.Port_1A 844.0
00184 sdo[0x6411][1] = 860 : MeterAmps = 0.86 | 0.155 | 0.5
00184 PASS: MeterAmps 0.813
00185 sdo[0x6411][1] = 860 : sdo[0x5003][1] = 860 | 155 | 0.5
00185 TEST: Status Message Amp.Port_1A 860.0 +/- 155.0
00185 PASS: Status Message Amp.Port_1A 852.0
00186 sdo[0x6411][1] = 870 : MeterAmps = 0.87 | 0.155 | 0.5
00186 PASS: MeterAmps 0.822
00187 sdo[0x6411][1] = 870 : sdo[0x5003][1] = 870 | 155 | 0.5
00187 TEST: Status Message Amp.Port_1A 870.0 +/- 155.0
00187 PASS: Status Message Amp.Port_1A 864.0
00188 sdo[0x6411][1] = 880 : MeterAmps = 0.88 | 0.155 | 0.5
00188 PASS: MeterAmps 0.835
00189 sdo[0x6411][1] = 880 : sdo[0x5003][1] = 880 | 155 | 0.5
00189 TEST: Status Message Amp.Port_1A 880.0 +/- 155.0
00189 PASS: Status Message Amp.Port_1A 872.0
00190 sdo[0x6411][1] = 890 : MeterAmps = 0.89 | 0.155 | 0.5
00190 PASS: MeterAmps 0.842
00191 sdo[0x6411][1] = 890 : sdo[0x5003][1] = 890 | 155 | 0.5
00191 TEST: Status Message Amp.Port_1A 890.0 +/- 155.0
00191 PASS: Status Message Amp.Port_1A 884.0
00192 sdo[0x6411][1] = 900 : MeterAmps = 0.9 | 0.155 | 0.5
00192 PASS: MeterAmps 0.854
00193 sdo[0x6411][1] = 900 : sdo[0x5003][1] = 900 | 155 | 0.5
00193 TEST: Status Message Amp.Port_1A 900.0 +/- 155.0
00193 PASS: Status Message Amp.Port_1A 895.0
00194 sdo[0x6411][1] = 910 : MeterAmps = 0.91 | 0.155 | 0.5
00194 PASS: MeterAmps 0.865
00195 sdo[0x6411][1] = 910 : sdo[0x5003][1] = 910 | 155 | 0.5
00195 TEST: Status Message Amp.Port_1A 910.0 +/- 155.0
00195 PASS: Status Message Amp.Port_1A 907.0
00196 sdo[0x6411][1] = 920 : MeterAmps = 0.92 | 0.155 | 0.5
00196 PASS: MeterAmps 0.872
00197 sdo[0x6411][1] = 920 : sdo[0x5003][1] = 920 | 155 | 0.5
00197 TEST: Status Message Amp.Port_1A 920.0 +/- 155.0
00197 PASS: Status Message Amp.Port_1A 915.0
00198 sdo[0x6411][1] = 930 : MeterAmps = 0.93 | 0.155 | 0.5
00198 PASS: MeterAmps 0.883
00199 sdo[0x6411][1] = 930 : sdo[0x5003][1] = 930 | 155 | 0.5
00199 TEST: Status Message Amp.Port_1A 930.0 +/- 155.0
00199 PASS: Status Message Amp.Port_1A 923.0
00200 sdo[0x6411][1] = 940 : MeterAmps = 0.94 | 0.155 | 0.5
00200 PASS: MeterAmps 0.892
00201 sdo[0x6411][1] = 940 : sdo[0x5003][1] = 940 | 155 | 0.5
00201 TEST: Status Message Amp.Port_1A 940.0 +/- 155.0
00201 PASS: Status Message Amp.Port_1A 935.0
00202 sdo[0x6411][1] = 950 : MeterAmps = 0.95 | 0.155 | 0.5
00202 PASS: MeterAmps 0.902
00203 sdo[0x6411][1] = 950 : sdo[0x5003][1] = 950 | 155 | 0.5
00203 TEST: Status Message Amp.Port_1A 950.0 +/- 155.0
00203 PASS: Status Message Amp.Port_1A 943.0
00204 sdo[0x6411][1] = 960 : MeterAmps = 0.96 | 0.155 | 0.5
00204 PASS: MeterAmps 0.911
00205 sdo[0x6411][1] = 960 : sdo[0x5003][1] = 960 | 155 | 0.5
00205 TEST: Status Message Amp.Port_1A 960.0 +/- 155.0
00205 PASS: Status Message Amp.Port_1A 955.0
00206 sdo[0x6411][1] = 970 : MeterAmps = 0.97 | 0.155 | 0.5
00206 PASS: MeterAmps 0.923
00207 sdo[0x6411][1] = 970 : sdo[0x5003][1] = 970 | 155 | 0.5
00207 TEST: Status Message Amp.Port_1A 970.0 +/- 155.0
00207 PASS: Status Message Amp.Port_1A 967.0
00208 sdo[0x6411][1] = 980 : MeterAmps = 0.98 | 0.155 | 0.5
00208 PASS: MeterAmps 0.927
00209 sdo[0x6411][1] = 980 : sdo[0x5003][1] = 980 | 155 | 0.5
00209 TEST: Status Message Amp.Port_1A 980.0 +/- 155.0
00209 PASS: Status Message Amp.Port_1A 975.0
00210 sdo[0x6411][1] = 990 : MeterAmps = 0.99 | 0.155 | 0.5
00210 PASS: MeterAmps 0.94
00211 sdo[0x6411][1] = 990 : sdo[0x5003][1] = 990 | 155 | 0.5
00211 TEST: Status Message Amp.Port_1A 990.0 +/- 155.0
00211 PASS: Status Message Amp.Port_1A 983.0
00212 sdo[0x6411][1] = 1000 : MeterAmps = 1.0 | 0.155 | 0.5
00212 PASS: MeterAmps 0.947
00213 sdo[0x6411][1] = 1000 : sdo[0x5003][1] = 1000 | 155 | 0.5
00213 TEST: Status Message Amp.Port_1A 1000.0 +/- 155.0
00213 PASS: Status Message Amp.Port_1A 995.0
00214 sdo[0x6411][1] = 1010 : MeterAmps = 1.01 | 0.155 | 0.5
00214 PASS: MeterAmps 0.958
00215 sdo[0x6411][1] = 1010 : sdo[0x5003][1] = 1010 | 155 | 0.5
00215 TEST: Status Message Amp.Port_1A 1010.0 +/- 155.0
00215 PASS: Status Message Amp.Port_1A 1003.0
00216 sdo[0x6411][1] = 1020 : MeterAmps = 1.02 | 0.155 | 0.5
00216 PASS: MeterAmps 0.966
00217 sdo[0x6411][1] = 1020 : sdo[0x5003][1] = 1020 | 155 | 0.5
00217 TEST: Status Message Amp.Port_1A 1020.0 +/- 155.0
00217 PASS: Status Message Amp.Port_1A 1015.0
00218 sdo[0x6411][1] = 1030 : MeterAmps = 1.03 | 0.155 | 0.5
00218 PASS: MeterAmps 0.978
00219 sdo[0x6411][1] = 1030 : sdo[0x5003][1] = 1030 | 155 | 0.5
00219 TEST: Status Message Amp.Port_1A 1030.0 +/- 155.0
00219 PASS: Status Message Amp.Port_1A 1027.0
00220 sdo[0x6411][1] = 1040 : MeterAmps = 1.04 | 0.155 | 0.5
00220 PASS: MeterAmps 0.986
00221 sdo[0x6411][1] = 1040 : sdo[0x5003][1] = 1040 | 155 | 0.5
00221 TEST: Status Message Amp.Port_1A 1040.0 +/- 155.0
00221 PASS: Status Message Amp.Port_1A 1035.0
00222 sdo[0x6411][1] = 1050 : MeterAmps = 1.05 | 0.155 | 0.5
00222 PASS: MeterAmps 0.995
00223 sdo[0x6411][1] = 1050 : sdo[0x5003][1] = 1050 | 155 | 0.5
00223 TEST: Status Message Amp.Port_1A 1050.0 +/- 155.0
00223 PASS: Status Message Amp.Port_1A 1043.0
00224 sdo[0x6411][1] = 1060 : MeterAmps = 1.06 | 0.155 | 0.5
00224 PASS: MeterAmps 1.004
00225 sdo[0x6411][1] = 1060 : sdo[0x5003][1] = 1060 | 155 | 0.5
00225 TEST: Status Message Amp.Port_1A 1060.0 +/- 155.0
00225 PASS: Status Message Amp.Port_1A 1055.0
00226 sdo[0x6411][1] = 1070 : MeterAmps = 1.07 | 0.155 | 0.5
00226 PASS: MeterAmps 1.017
00227 sdo[0x6411][1] = 1070 : sdo[0x5003][1] = 1070 | 155 | 0.5
00227 TEST: Status Message Amp.Port_1A 1070.0 +/- 155.0
00227 PASS: Status Message Amp.Port_1A 1067.0
00228 sdo[0x6411][1] = 1080 : MeterAmps = 1.08 | 0.155 | 0.5
00228 PASS: MeterAmps 1.023
00229 sdo[0x6411][1] = 1080 : sdo[0x5003][1] = 1080 | 155 | 0.5
00229 TEST: Status Message Amp.Port_1A 1080.0 +/- 155.0
00229 PASS: Status Message Amp.Port_1A 1075.0
00230 sdo[0x6411][1] = 1090 : MeterAmps = 1.09 | 0.155 | 0.5
00230 PASS: MeterAmps 1.036
00231 sdo[0x6411][1] = 1090 : sdo[0x5003][1] = 1090 | 155 | 0.5
00231 TEST: Status Message Amp.Port_1A 1090.0 +/- 155.0
00231 PASS: Status Message Amp.Port_1A 1083.0
00232 sdo[0x6411][1] = 1100 : MeterAmps = 1.1 | 0.155 | 0.5
00232 PASS: MeterAmps 1.043
00233 sdo[0x6411][1] = 1100 : sdo[0x5003][1] = 1100 | 155 | 0.5
00233 TEST: Status Message Amp.Port_1A 1100.0 +/- 155.0
00233 PASS: Status Message Amp.Port_1A 1099.0
00234 sdo[0x6411][1] = 1110 : MeterAmps = 1.11 | 0.155 | 0.5
00234 PASS: MeterAmps 1.052
00235 sdo[0x6411][1] = 1110 : sdo[0x5003][1] = 1110 | 155 | 0.5
00235 TEST: Status Message Amp.Port_1A 1110.0 +/- 155.0
00235 PASS: Status Message Amp.Port_1A 1103.0
00236 sdo[0x6411][1] = 1120 : MeterAmps = 1.12 | 0.155 | 0.5
00236 PASS: MeterAmps 1.061
00237 sdo[0x6411][1] = 1120 : sdo[0x5003][1] = 1120 | 155 | 0.5
00237 TEST: Status Message Amp.Port_1A 1120.0 +/- 155.0
00237 PASS: Status Message Amp.Port_1A 1114.0
00238 sdo[0x6411][1] = 1130 : MeterAmps = 1.13 | 0.155 | 0.5
00238 PASS: MeterAmps 1.072
00239 sdo[0x6411][1] = 1130 : sdo[0x5003][1] = 1130 | 155 | 0.5
00239 TEST: Status Message Amp.Port_1A 1130.0 +/- 155.0
00239 PASS: Status Message Amp.Port_1A 1126.0
00240 sdo[0x6411][1] = 1140 : MeterAmps = 1.14 | 0.155 | 0.5
00240 PASS: MeterAmps 1.08
00241 sdo[0x6411][1] = 1140 : sdo[0x5003][1] = 1140 | 155 | 0.5
00241 TEST: Status Message Amp.Port_1A 1140.0 +/- 155.0
00241 PASS: Status Message Amp.Port_1A 1134.0
00242 sdo[0x6411][1] = 1150 : MeterAmps = 1.15 | 0.155 | 0.5
00242 PASS: MeterAmps 1.093
00243 sdo[0x6411][1] = 1150 : sdo[0x5003][1] = 1150 | 155 | 0.5
00243 TEST: Status Message Amp.Port_1A 1150.0 +/- 155.0
00243 PASS: Status Message Amp.Port_1A 1146.0
00244 sdo[0x6411][1] = 1160 : MeterAmps = 1.16 | 0.155 | 0.5
00244 PASS: MeterAmps 1.1
00245 sdo[0x6411][1] = 1160 : sdo[0x5003][1] = 1160 | 155 | 0.5
00245 TEST: Status Message Amp.Port_1A 1160.0 +/- 155.0
00245 PASS: Status Message Amp.Port_1A 1154.0
00246 sdo[0x6411][1] = 1170 : MeterAmps = 1.17 | 0.155 | 0.5
00246 PASS: MeterAmps 1.11
00247 sdo[0x6411][1] = 1170 : sdo[0x5003][1] = 1170 | 155 | 0.5
00247 TEST: Status Message Amp.Port_1A 1170.0 +/- 155.0
00247 PASS: Status Message Amp.Port_1A 1162.0
00248 sdo[0x6411][1] = 1180 : MeterAmps = 1.18 | 0.155 | 0.5
00248 PASS: MeterAmps 1.119
00249 sdo[0x6411][1] = 1180 : sdo[0x5003][1] = 1180 | 155 | 0.5
00249 TEST: Status Message Amp.Port_1A 1180.0 +/- 155.0
00249 PASS: Status Message Amp.Port_1A 1174.0
00250 sdo[0x6411][1] = 1190 : MeterAmps = 1.19 | 0.155 | 0.5
00250 PASS: MeterAmps 1.129
00251 sdo[0x6411][1] = 1190 : sdo[0x5003][1] = 1190 | 155 | 0.5
00251 TEST: Status Message Amp.Port_1A 1190.0 +/- 155.0
00251 PASS: Status Message Amp.Port_1A 1182.0
00252 sdo[0x6411][1] = 1200 : MeterAmps = 1.2 | 0.155 | 0.5
00252 PASS: MeterAmps 1.138
00253 sdo[0x6411][1] = 1200 : sdo[0x5003][1] = 1200 | 155 | 0.5
00253 TEST: Status Message Amp.Port_1A 1200.0 +/- 155.0
00253 PASS: Status Message Amp.Port_1A 1194.0
00254 sdo[0x6411][1] = 1210 : MeterAmps = 1.21 | 0.155 | 0.5
00254 PASS: MeterAmps 1.149
00255 sdo[0x6411][1] = 1210 : sdo[0x5003][1] = 1210 | 155 | 0.5
00255 TEST: Status Message Amp.Port_1A 1210.0 +/- 155.0
00255 PASS: Status Message Amp.Port_1A 1202.0
00256 sdo[0x6411][1] = 1220 : MeterAmps = 1.22 | 0.155 | 0.5
00256 PASS: MeterAmps 1.159
00257 sdo[0x6411][1] = 1220 : sdo[0x5003][1] = 1220 | 155 | 0.5
00257 TEST: Status Message Amp.Port_1A 1220.0 +/- 155.0
00257 PASS: Status Message Amp.Port_1A 1218.0
00258 sdo[0x6411][1] = 1230 : MeterAmps = 1.23 | 0.155 | 0.5
00258 PASS: MeterAmps 1.167
00259 sdo[0x6411][1] = 1230 : sdo[0x5003][1] = 1230 | 155 | 0.5
00259 TEST: Status Message Amp.Port_1A 1230.0 +/- 155.0
00259 PASS: Status Message Amp.Port_1A 1226.0
00260 sdo[0x6411][1] = 1240 : MeterAmps = 1.24 | 0.155 | 0.5
00260 PASS: MeterAmps 1.171
00261 sdo[0x6411][1] = 1240 : sdo[0x5003][1] = 1240 | 155 | 0.5
00261 TEST: Status Message Amp.Port_1A 1240.0 +/- 155.0
00261 PASS: Status Message Amp.Port_1A 1234.0
00262 sdo[0x6411][1] = 1250 : MeterAmps = 1.25 | 0.155 | 0.5
00262 PASS: MeterAmps 1.183
00263 sdo[0x6411][1] = 1250 : sdo[0x5003][1] = 1250 | 155 | 0.5
00263 TEST: Status Message Amp.Port_1A 1250.0 +/- 155.0
00263 PASS: Status Message Amp.Port_1A 1242.0
00264 sdo[0x6411][1] = 1260 : MeterAmps = 1.26 | 0.155 | 0.5
00264 PASS: MeterAmps 1.193
00265 sdo[0x6411][1] = 1260 : sdo[0x5003][1] = 1260 | 155 | 0.5
00265 TEST: Status Message Amp.Port_1A 1260.0 +/- 155.0
00265 PASS: Status Message Amp.Port_1A 1254.0
00266 sdo[0x6411][1] = 1270 : MeterAmps = 1.27 | 0.155 | 0.5
00266 PASS: MeterAmps 1.203
00267 sdo[0x6411][1] = 1270 : sdo[0x5003][1] = 1270 | 155 | 0.5
00267 TEST: Status Message Amp.Port_1A 1270.0 +/- 155.0
00267 PASS: Status Message Amp.Port_1A 1262.0
00268 sdo[0x6411][1] = 1280 : MeterAmps = 1.28 | 0.155 | 0.5
00268 PASS: MeterAmps 1.211
00269 sdo[0x6411][1] = 1280 : sdo[0x5003][1] = 1280 | 155 | 0.5
00269 TEST: Status Message Amp.Port_1A 1280.0 +/- 155.0
00269 PASS: Status Message Amp.Port_1A 1274.0
00270 sdo[0x6411][1] = 1290 : MeterAmps = 1.29 | 0.155 | 0.5
00270 PASS: MeterAmps 1.223
00271 sdo[0x6411][1] = 1290 : sdo[0x5003][1] = 1290 | 155 | 0.5
00271 TEST: Status Message Amp.Port_1A 1290.0 +/- 155.0
00271 PASS: Status Message Amp.Port_1A 1286.0
00272 sdo[0x6411][1] = 1300 : MeterAmps = 1.3 | 0.155 | 0.5
00272 PASS: MeterAmps 1.23
00273 sdo[0x6411][1] = 1300 : sdo[0x5003][1] = 1300 | 155 | 0.5
00273 TEST: Status Message Amp.Port_1A 1300.0 +/- 155.0
00273 PASS: Status Message Amp.Port_1A 1294.0
00274 sdo[0x6411][1] = 1310 : MeterAmps = 1.31 | 0.155 | 0.5
00274 PASS: MeterAmps 1.241
00275 sdo[0x6411][1] = 1310 : sdo[0x5003][1] = 1310 | 155 | 0.5
00275 TEST: Status Message Amp.Port_1A 1310.0 +/- 155.0
00275 PASS: Status Message Amp.Port_1A 1302.0
00276 sdo[0x6411][1] = 1320 : MeterAmps = 1.32 | 0.155 | 0.5
00276 PASS: MeterAmps 1.249
00277 sdo[0x6411][1] = 1320 : sdo[0x5003][1] = 1320 | 155 | 0.5
00277 TEST: Status Message Amp.Port_1A 1320.0 +/- 155.0
00277 PASS: Status Message Amp.Port_1A 1314.0
00278 sdo[0x6411][1] = 1330 : MeterAmps = 1.33 | 0.155 | 0.5
00278 PASS: MeterAmps 1.26
00279 sdo[0x6411][1] = 1330 : sdo[0x5003][1] = 1330 | 155 | 0.5
00279 TEST: Status Message Amp.Port_1A 1330.0 +/- 155.0
00279 PASS: Status Message Amp.Port_1A 1326.0
00280 sdo[0x6411][1] = 1340 : MeterAmps = 1.34 | 0.155 | 0.5
00280 PASS: MeterAmps 1.273
00281 sdo[0x6411][1] = 1340 : sdo[0x5003][1] = 1340 | 155 | 0.5
00281 TEST: Status Message Amp.Port_1A 1340.0 +/- 155.0
00281 PASS: Status Message Amp.Port_1A 1333.0
00282 sdo[0x6411][1] = 1350 : MeterAmps = 1.35 | 0.155 | 0.5
00282 PASS: MeterAmps 1.28
00283 sdo[0x6411][1] = 1350 : sdo[0x5003][1] = 1350 | 155 | 0.5
00283 TEST: Status Message Amp.Port_1A 1350.0 +/- 155.0
00283 PASS: Status Message Amp.Port_1A 1345.0
00284 sdo[0x6411][1] = 1360 : MeterAmps = 1.36 | 0.155 | 0.5
00284 PASS: MeterAmps 1.291
00285 sdo[0x6411][1] = 1360 : sdo[0x5003][1] = 1360 | 155 | 0.5
00285 TEST: Status Message Amp.Port_1A 1360.0 +/- 155.0
00285 PASS: Status Message Amp.Port_1A 1353.0
00286 sdo[0x6411][1] = 1370 : MeterAmps = 1.37 | 0.155 | 0.5
00286 PASS: MeterAmps 1.297
00287 sdo[0x6411][1] = 1370 : sdo[0x5003][1] = 1370 | 155 | 0.5
00287 TEST: Status Message Amp.Port_1A 1370.0 +/- 155.0
00287 PASS: Status Message Amp.Port_1A 1365.0
00288 sdo[0x6411][1] = 1380 : MeterAmps = 1.38 | 0.155 | 0.5
00288 PASS: MeterAmps 1.31
00289 sdo[0x6411][1] = 1380 : sdo[0x5003][1] = 1380 | 155 | 0.5
00289 TEST: Status Message Amp.Port_1A 1380.0 +/- 155.0
00289 PASS: Status Message Amp.Port_1A 1373.0
00290 sdo[0x6411][1] = 1390 : MeterAmps = 1.39 | 0.155 | 0.5
00290 PASS: MeterAmps 1.319
00291 sdo[0x6411][1] = 1390 : sdo[0x5003][1] = 1390 | 155 | 0.5
00291 TEST: Status Message Amp.Port_1A 1390.0 +/- 155.0
00291 PASS: Status Message Amp.Port_1A 1385.0
00292 sdo[0x6411][1] = 1400 : MeterAmps = 1.4 | 0.155 | 0.5
00292 PASS: MeterAmps 1.329
00293 sdo[0x6411][1] = 1400 : sdo[0x5003][1] = 1400 | 155 | 0.5
00293 TEST: Status Message Amp.Port_1A 1400.0 +/- 155.0
00293 PASS: Status Message Amp.Port_1A 1393.0
00294 sdo[0x6411][1] = 1410 : MeterAmps = 1.41 | 0.155 | 0.5
00294 PASS: MeterAmps 1.338
00295 sdo[0x6411][1] = 1410 : sdo[0x5003][1] = 1410 | 155 | 0.5
00295 TEST: Status Message Amp.Port_1A 1410.0 +/- 155.0
00295 PASS: Status Message Amp.Port_1A 1405.0
00296 sdo[0x6411][1] = 1420 : MeterAmps = 1.42 | 0.155 | 0.5
00296 PASS: MeterAmps 1.348
00297 sdo[0x6411][1] = 1420 : sdo[0x5003][1] = 1420 | 155 | 0.5
00297 TEST: Status Message Amp.Port_1A 1420.0 +/- 155.0
00297 PASS: Status Message Amp.Port_1A 1417.0
00298 sdo[0x6411][1] = 1430 : MeterAmps = 1.43 | 0.155 | 0.5
00298 PASS: MeterAmps 1.354
00299 sdo[0x6411][1] = 1430 : sdo[0x5003][1] = 1430 | 155 | 0.5
00299 TEST: Status Message Amp.Port_1A 1430.0 +/- 155.0
00299 PASS: Status Message Amp.Port_1A 1425.0
00300 sdo[0x6411][1] = 1440 : MeterAmps = 1.44 | 0.155 | 0.5
00300 PASS: MeterAmps 1.367
00301 sdo[0x6411][1] = 1440 : sdo[0x5003][1] = 1440 | 155 | 0.5
00301 TEST: Status Message Amp.Port_1A 1440.0 +/- 155.0
00301 PASS: Status Message Amp.Port_1A 1433.0
00302 sdo[0x6411][1] = 1450 : MeterAmps = 1.45 | 0.155 | 0.5
00302 PASS: MeterAmps 1.375
00303 sdo[0x6411][1] = 1450 : sdo[0x5003][1] = 1450 | 155 | 0.5
00303 TEST: Status Message Amp.Port_1A 1450.0 +/- 155.0
00303 PASS: Status Message Amp.Port_1A 1445.0
00304 sdo[0x6411][1] = 1460 : MeterAmps = 1.46 | 0.155 | 0.5
00304 PASS: MeterAmps 1.385
00305 sdo[0x6411][1] = 1460 : sdo[0x5003][1] = 1460 | 155 | 0.5
00305 TEST: Status Message Amp.Port_1A 1460.0 +/- 155.0
00305 PASS: Status Message Amp.Port_1A 1453.0
00306 sdo[0x6411][1] = 1470 : MeterAmps = 1.47 | 0.155 | 0.5
00306 PASS: MeterAmps 1.394
00307 sdo[0x6411][1] = 1470 : sdo[0x5003][1] = 1470 | 155 | 0.5
00307 TEST: Status Message Amp.Port_1A 1470.0 +/- 155.0
00307 PASS: Status Message Amp.Port_1A 1465.0
00308 sdo[0x6411][1] = 1480 : MeterAmps = 1.48 | 0.155 | 0.5
00308 PASS: MeterAmps 1.407
00309 sdo[0x6411][1] = 1480 : sdo[0x5003][1] = 1480 | 155 | 0.5
00309 TEST: Status Message Amp.Port_1A 1480.0 +/- 155.0
00309 PASS: Status Message Amp.Port_1A 1477.0
00310 sdo[0x6411][1] = 1490 : MeterAmps = 1.49 | 0.155 | 0.5
00310 PASS: MeterAmps 1.411
00311 sdo[0x6411][1] = 1490 : sdo[0x5003][1] = 1490 | 155 | 0.5
00311 TEST: Status Message Amp.Port_1A 1490.0 +/- 155.0
00311 PASS: Status Message Amp.Port_1A 1485.0
00312 sdo[0x6411][1] = 1500 : MeterAmps = 1.5 | 0.155 | 0.5
00312 PASS: MeterAmps 1.423
00313 sdo[0x6411][1] = 1500 : sdo[0x5003][1] = 1500 | 155 | 0.5
00313 TEST: Status Message Amp.Port_1A 1500.0 +/- 155.0
00313 PASS: Status Message Amp.Port_1A 1493.0
00314 #switch out load line, switch coil
00314 sdo[0x6411][1] = 0 : NULL : WAIT = 1
00315 J2_01 = 0 : NULL : WAIT = 1
00316 #read signal value to update
00316 NULL : sdo[0x5003][1] = 0 | 155 | 0.5
00316 TEST: Status Message Amp.Port_1A 0.0 +/- 155.0
00316 PASS: Status Message Amp.Port_1A 0.0
00317 J4_01 = 0, J4_03 = 1 : NULL : WAIT = 0.5
00318 J4_02 = 1, J4_03 = 1 : NULL : WAIT = 1
00319 #-----setup 37000-----
00319 sdo[0x2000][1] = 0 : NULL : WAIT = 0.2
00320 sdo[0x2000][3] = 0 : NULL : WAIT = 0.2
00321 sdo[0x2000][4] = 0 : NULL : WAIT = 0.2
00322 sdo[0x2001][1] = 68 : NULL : WAIT = 0.2
00323 #switch in load line, set current
00323 J2_02 = 1 : NULL : WAIT = 0.5
00324 OPERATIONAL
00324 
00324 sdo[0x6411][2] = 0 : MeterAmps = 0.0 | 0.155 | 0.5
00324 TEST: MeterAmps 0.0 +/- 0.155
00324 PASS: MeterAmps 0.0
00325 sdo[0x6411][2] = 0 : sdo[0x5003][2] = 0 | 155 | 0.5
00325 TEST: Status Message Amp.Port_1B 0.0 +/- 155.0
00325 PASS: Status Message Amp.Port_1B 0.0
00326 sdo[0x6411][2] = 10 : MeterAmps = 0.01 | 0.155 | 0.5
00326 PASS: MeterAmps 0.0
00327 sdo[0x6411][2] = 10 : sdo[0x5003][2] = 10 | 155 | 0.5
00327 TEST: Status Message Amp.Port_1B 10.0 +/- 155.0
00327 PASS: Status Message Amp.Port_1B 31.0
00328 sdo[0x6411][2] = 20 : MeterAmps = 0.02 | 0.155 | 0.5
00328 PASS: MeterAmps 0.042
00329 sdo[0x6411][2] = 20 : sdo[0x5003][2] = 20 | 155 | 0.5
00329 TEST: Status Message Amp.Port_1B 20.0 +/- 155.0
00329 PASS: Status Message Amp.Port_1B 31.0
00330 sdo[0x6411][2] = 30 : MeterAmps = 0.03 | 0.155 | 0.5
00330 PASS: MeterAmps 0.042
00331 sdo[0x6411][2] = 30 : sdo[0x5003][2] = 30 | 155 | 0.5
00331 TEST: Status Message Amp.Port_1B 30.0 +/- 155.0
00331 PASS: Status Message Amp.Port_1B 35.0
00332 sdo[0x6411][2] = 40 : MeterAmps = 0.04 | 0.155 | 0.5
00332 PASS: MeterAmps 0.043
00333 sdo[0x6411][2] = 40 : sdo[0x5003][2] = 40 | 155 | 0.5
00333 TEST: Status Message Amp.Port_1B 40.0 +/- 155.0
00333 PASS: Status Message Amp.Port_1B 35.0
00334 sdo[0x6411][2] = 50 : MeterAmps = 0.05 | 0.155 | 0.5
00334 PASS: MeterAmps 0.043
00335 sdo[0x6411][2] = 50 : sdo[0x5003][2] = 50 | 155 | 0.5
00335 TEST: Status Message Amp.Port_1B 50.0 +/- 155.0
00335 PASS: Status Message Amp.Port_1B 35.0
00336 sdo[0x6411][2] = 60 : MeterAmps = 0.06 | 0.155 | 0.5
00336 PASS: MeterAmps 0.043
00337 sdo[0x6411][2] = 60 : sdo[0x5003][2] = 60 | 155 | 0.5
00337 TEST: Status Message Amp.Port_1B 60.0 +/- 155.0
00337 PASS: Status Message Amp.Port_1B 35.0
00338 sdo[0x6411][2] = 70 : MeterAmps = 0.07 | 0.155 | 0.5
00338 PASS: MeterAmps 0.044
00339 sdo[0x6411][2] = 70 : sdo[0x5003][2] = 70 | 155 | 0.5
00339 TEST: Status Message Amp.Port_1B 70.0 +/- 155.0
00339 PASS: Status Message Amp.Port_1B 55.0
00340 sdo[0x6411][2] = 80 : MeterAmps = 0.08 | 0.155 | 0.5
00340 PASS: MeterAmps 0.075
00341 sdo[0x6411][2] = 80 : sdo[0x5003][2] = 80 | 155 | 0.5
00341 TEST: Status Message Amp.Port_1B 80.0 +/- 155.0
00341 PASS: Status Message Amp.Port_1B 71.0
00342 sdo[0x6411][2] = 90 : MeterAmps = 0.09 | 0.155 | 0.5
00342 PASS: MeterAmps 0.086
00343 sdo[0x6411][2] = 90 : sdo[0x5003][2] = 90 | 155 | 0.5
00343 TEST: Status Message Amp.Port_1B 90.0 +/- 155.0
00343 PASS: Status Message Amp.Port_1B 87.0
00344 sdo[0x6411][2] = 100 : MeterAmps = 0.1 | 0.155 | 0.5
00344 PASS: MeterAmps 0.092
00345 sdo[0x6411][2] = 100 : sdo[0x5003][2] = 100 | 155 | 0.5
00345 TEST: Status Message Amp.Port_1B 100.0 +/- 155.0
00345 PASS: Status Message Amp.Port_1B 95.0
00346 sdo[0x6411][2] = 110 : MeterAmps = 0.11 | 0.155 | 0.5
00346 PASS: MeterAmps 0.106
00347 sdo[0x6411][2] = 110 : sdo[0x5003][2] = 110 | 155 | 0.5
00347 TEST: Status Message Amp.Port_1B 110.0 +/- 155.0
00347 PASS: Status Message Amp.Port_1B 103.0
00348 sdo[0x6411][2] = 120 : MeterAmps = 0.12 | 0.155 | 0.5
00348 PASS: MeterAmps 0.113
00349 sdo[0x6411][2] = 120 : sdo[0x5003][2] = 120 | 155 | 0.5
00349 TEST: Status Message Amp.Port_1B 120.0 +/- 155.0
00349 PASS: Status Message Amp.Port_1B 115.0
00350 sdo[0x6411][2] = 130 : MeterAmps = 0.13 | 0.155 | 0.5
00350 PASS: MeterAmps 0.123
00351 sdo[0x6411][2] = 130 : sdo[0x5003][2] = 130 | 155 | 0.5
00351 TEST: Status Message Amp.Port_1B 130.0 +/- 155.0
00351 PASS: Status Message Amp.Port_1B 127.0
00352 sdo[0x6411][2] = 140 : MeterAmps = 0.14 | 0.155 | 0.5
00352 PASS: MeterAmps 0.131
00353 sdo[0x6411][2] = 140 : sdo[0x5003][2] = 140 | 155 | 0.5
00353 TEST: Status Message Amp.Port_1B 140.0 +/- 155.0
00353 PASS: Status Message Amp.Port_1B 135.0
00354 sdo[0x6411][2] = 150 : MeterAmps = 0.15 | 0.155 | 0.5
00354 PASS: MeterAmps 0.145
00355 sdo[0x6411][2] = 150 : sdo[0x5003][2] = 150 | 155 | 0.5
00355 TEST: Status Message Amp.Port_1B 150.0 +/- 155.0
00355 PASS: Status Message Amp.Port_1B 147.0
00356 sdo[0x6411][2] = 160 : MeterAmps = 0.16 | 0.155 | 0.5
00356 PASS: MeterAmps 0.15
00357 sdo[0x6411][2] = 160 : sdo[0x5003][2] = 160 | 155 | 0.5
00357 TEST: Status Message Amp.Port_1B 160.0 +/- 155.0
00357 PASS: Status Message Amp.Port_1B 155.0
00358 sdo[0x6411][2] = 170 : MeterAmps = 0.17 | 0.155 | 0.5
00358 PASS: MeterAmps 0.162
00359 sdo[0x6411][2] = 170 : sdo[0x5003][2] = 170 | 155 | 0.5
00359 TEST: Status Message Amp.Port_1B 170.0 +/- 155.0
00359 PASS: Status Message Amp.Port_1B 167.0
00360 sdo[0x6411][2] = 180 : MeterAmps = 0.18 | 0.155 | 0.5
00360 PASS: MeterAmps 0.17
00361 sdo[0x6411][2] = 180 : sdo[0x5003][2] = 180 | 155 | 0.5
00361 TEST: Status Message Amp.Port_1B 180.0 +/- 155.0
00361 PASS: Status Message Amp.Port_1B 175.0
00362 sdo[0x6411][2] = 190 : MeterAmps = 0.19 | 0.155 | 0.5
00362 PASS: MeterAmps 0.182
00363 sdo[0x6411][2] = 190 : sdo[0x5003][2] = 190 | 155 | 0.5
00363 TEST: Status Message Amp.Port_1B 190.0 +/- 155.0
00363 PASS: Status Message Amp.Port_1B 183.0
00364 sdo[0x6411][2] = 200 : MeterAmps = 0.2 | 0.155 | 0.5
00364 PASS: MeterAmps 0.191
00365 sdo[0x6411][2] = 200 : sdo[0x5003][2] = 200 | 155 | 0.5
00365 TEST: Status Message Amp.Port_1B 200.0 +/- 155.0
00365 PASS: Status Message Amp.Port_1B 199.0
00366 sdo[0x6411][2] = 210 : MeterAmps = 0.21 | 0.155 | 0.5
00366 PASS: MeterAmps 0.201
00367 sdo[0x6411][2] = 210 : sdo[0x5003][2] = 210 | 155 | 0.5
00367 TEST: Status Message Amp.Port_1B 210.0 +/- 155.0
00367 PASS: Status Message Amp.Port_1B 207.0
00368 sdo[0x6411][2] = 220 : MeterAmps = 0.22 | 0.155 | 0.5
00368 PASS: MeterAmps 0.208
00369 sdo[0x6411][2] = 220 : sdo[0x5003][2] = 220 | 155 | 0.5
00369 TEST: Status Message Amp.Port_1B 220.0 +/- 155.0
00369 PASS: Status Message Amp.Port_1B 215.0
00370 sdo[0x6411][2] = 230 : MeterAmps = 0.23 | 0.155 | 0.5
00370 PASS: MeterAmps 0.218
00371 sdo[0x6411][2] = 230 : sdo[0x5003][2] = 230 | 155 | 0.5
00371 TEST: Status Message Amp.Port_1B 230.0 +/- 155.0
00371 PASS: Status Message Amp.Port_1B 222.0
00372 sdo[0x6411][2] = 240 : MeterAmps = 0.24 | 0.155 | 0.5
00372 PASS: MeterAmps 0.226
00373 sdo[0x6411][2] = 240 : sdo[0x5003][2] = 240 | 155 | 0.5
00373 TEST: Status Message Amp.Port_1B 240.0 +/- 155.0
00373 PASS: Status Message Amp.Port_1B 238.0
00374 sdo[0x6411][2] = 250 : MeterAmps = 0.25 | 0.155 | 0.5
00374 PASS: MeterAmps 0.238
00375 sdo[0x6411][2] = 250 : sdo[0x5003][2] = 250 | 155 | 0.5
00375 TEST: Status Message Amp.Port_1B 250.0 +/- 155.0
00375 PASS: Status Message Amp.Port_1B 246.0
00376 sdo[0x6411][2] = 260 : MeterAmps = 0.26 | 0.155 | 0.5
00376 PASS: MeterAmps 0.246
00377 sdo[0x6411][2] = 260 : sdo[0x5003][2] = 260 | 155 | 0.5
00377 TEST: Status Message Amp.Port_1B 260.0 +/- 155.0
00377 PASS: Status Message Amp.Port_1B 254.0
00378 sdo[0x6411][2] = 270 : MeterAmps = 0.27 | 0.155 | 0.5
00378 PASS: MeterAmps 0.259
00379 sdo[0x6411][2] = 270 : sdo[0x5003][2] = 270 | 155 | 0.5
00379 TEST: Status Message Amp.Port_1B 270.0 +/- 155.0
00379 PASS: Status Message Amp.Port_1B 262.0
00380 sdo[0x6411][2] = 280 : MeterAmps = 0.28 | 0.155 | 0.5
00380 PASS: MeterAmps 0.266
00381 sdo[0x6411][2] = 280 : sdo[0x5003][2] = 280 | 155 | 0.5
00381 TEST: Status Message Amp.Port_1B 280.0 +/- 155.0
00381 PASS: Status Message Amp.Port_1B 278.0
00382 sdo[0x6411][2] = 290 : MeterAmps = 0.29 | 0.155 | 0.5
00382 PASS: MeterAmps 0.275
00383 sdo[0x6411][2] = 290 : sdo[0x5003][2] = 290 | 155 | 0.5
00383 TEST: Status Message Amp.Port_1B 290.0 +/- 155.0
00383 PASS: Status Message Amp.Port_1B 286.0
00384 sdo[0x6411][2] = 300 : MeterAmps = 0.3 | 0.155 | 0.5
00384 PASS: MeterAmps 0.283
00385 sdo[0x6411][2] = 300 : sdo[0x5003][2] = 300 | 155 | 0.5
00385 TEST: Status Message Amp.Port_1B 300.0 +/- 155.0
00385 PASS: Status Message Amp.Port_1B 294.0
00386 sdo[0x6411][2] = 310 : MeterAmps = 0.31 | 0.155 | 0.5
00386 PASS: MeterAmps 0.297
00387 sdo[0x6411][2] = 310 : sdo[0x5003][2] = 310 | 155 | 0.5
00387 TEST: Status Message Amp.Port_1B 310.0 +/- 155.0
00387 PASS: Status Message Amp.Port_1B 306.0
00388 sdo[0x6411][2] = 320 : MeterAmps = 0.32 | 0.155 | 0.5
00388 PASS: MeterAmps 0.304
00389 sdo[0x6411][2] = 320 : sdo[0x5003][2] = 320 | 155 | 0.5
00389 TEST: Status Message Amp.Port_1B 320.0 +/- 155.0
00389 PASS: Status Message Amp.Port_1B 318.0
00390 sdo[0x6411][2] = 330 : MeterAmps = 0.33 | 0.155 | 0.5
00390 PASS: MeterAmps 0.315
00391 sdo[0x6411][2] = 330 : sdo[0x5003][2] = 330 | 155 | 0.5
00391 TEST: Status Message Amp.Port_1B 330.0 +/- 155.0
00391 PASS: Status Message Amp.Port_1B 322.0
00392 sdo[0x6411][2] = 340 : MeterAmps = 0.34 | 0.155 | 0.5
00392 PASS: MeterAmps 0.323
00393 sdo[0x6411][2] = 340 : sdo[0x5003][2] = 340 | 155 | 0.5
00393 TEST: Status Message Amp.Port_1B 340.0 +/- 155.0
00393 PASS: Status Message Amp.Port_1B 338.0
00394 sdo[0x6411][2] = 350 : MeterAmps = 0.35 | 0.155 | 0.5
00394 PASS: MeterAmps 0.335
00395 sdo[0x6411][2] = 350 : sdo[0x5003][2] = 350 | 155 | 0.5
00395 TEST: Status Message Amp.Port_1B 350.0 +/- 155.0
00395 PASS: Status Message Amp.Port_1B 342.0
00396 sdo[0x6411][2] = 360 : MeterAmps = 0.36 | 0.155 | 0.5
00396 PASS: MeterAmps 0.342
00397 sdo[0x6411][2] = 360 : sdo[0x5003][2] = 360 | 155 | 0.5
00397 TEST: Status Message Amp.Port_1B 360.0 +/- 155.0
00397 PASS: Status Message Amp.Port_1B 358.0
00398 sdo[0x6411][2] = 370 : MeterAmps = 0.37 | 0.155 | 0.5
00398 PASS: MeterAmps 0.354
00399 sdo[0x6411][2] = 370 : sdo[0x5003][2] = 370 | 155 | 0.5
00399 TEST: Status Message Amp.Port_1B 370.0 +/- 155.0
00399 PASS: Status Message Amp.Port_1B 366.0
00400 sdo[0x6411][2] = 380 : MeterAmps = 0.38 | 0.155 | 0.5
00400 PASS: MeterAmps 0.362
00401 sdo[0x6411][2] = 380 : sdo[0x5003][2] = 380 | 155 | 0.5
00401 TEST: Status Message Amp.Port_1B 380.0 +/- 155.0
00401 PASS: Status Message Amp.Port_1B 374.0
00402 sdo[0x6411][2] = 390 : MeterAmps = 0.39 | 0.155 | 0.5
00402 PASS: MeterAmps 0.372
00403 sdo[0x6411][2] = 390 : sdo[0x5003][2] = 390 | 155 | 0.5
00403 TEST: Status Message Amp.Port_1B 390.0 +/- 155.0
00403 PASS: Status Message Amp.Port_1B 382.0
00404 sdo[0x6411][2] = 400 : MeterAmps = 0.4 | 0.155 | 0.5
00404 PASS: MeterAmps 0.381
00405 sdo[0x6411][2] = 400 : sdo[0x5003][2] = 400 | 155 | 0.5
00405 TEST: Status Message Amp.Port_1B 400.0 +/- 155.0
00405 PASS: Status Message Amp.Port_1B 398.0
00406 sdo[0x6411][2] = 410 : MeterAmps = 0.41 | 0.155 | 0.5
00406 PASS: MeterAmps 0.392
00407 sdo[0x6411][2] = 410 : sdo[0x5003][2] = 410 | 155 | 0.5
00407 TEST: Status Message Amp.Port_1B 410.0 +/- 155.0
00407 PASS: Status Message Amp.Port_1B 402.0
00408 sdo[0x6411][2] = 420 : MeterAmps = 0.42 | 0.155 | 0.5
00408 PASS: MeterAmps 0.399
00409 sdo[0x6411][2] = 420 : sdo[0x5003][2] = 420 | 155 | 0.5
00409 TEST: Status Message Amp.Port_1B 420.0 +/- 155.0
00409 PASS: Status Message Amp.Port_1B 414.0
00410 sdo[0x6411][2] = 430 : MeterAmps = 0.43 | 0.155 | 0.5
00410 PASS: MeterAmps 0.41
00411 sdo[0x6411][2] = 430 : sdo[0x5003][2] = 430 | 155 | 0.5
00411 TEST: Status Message Amp.Port_1B 430.0 +/- 155.0
00411 PASS: Status Message Amp.Port_1B 422.0
00412 sdo[0x6411][2] = 440 : MeterAmps = 0.44 | 0.155 | 0.5
00412 PASS: MeterAmps 0.419
00413 sdo[0x6411][2] = 440 : sdo[0x5003][2] = 440 | 155 | 0.5
00413 TEST: Status Message Amp.Port_1B 440.0 +/- 155.0
00413 PASS: Status Message Amp.Port_1B 434.0
00414 sdo[0x6411][2] = 450 : MeterAmps = 0.45 | 0.155 | 0.5
00414 PASS: MeterAmps 0.43
00415 sdo[0x6411][2] = 450 : sdo[0x5003][2] = 450 | 155 | 0.5
00415 TEST: Status Message Amp.Port_1B 450.0 +/- 155.0
00415 PASS: Status Message Amp.Port_1B 445.0
00416 sdo[0x6411][2] = 460 : MeterAmps = 0.46 | 0.155 | 0.5
00416 PASS: MeterAmps 0.443
00417 sdo[0x6411][2] = 460 : sdo[0x5003][2] = 460 | 155 | 0.5
00417 TEST: Status Message Amp.Port_1B 460.0 +/- 155.0
00417 PASS: Status Message Amp.Port_1B 453.0
00418 sdo[0x6411][2] = 470 : MeterAmps = 0.47 | 0.155 | 0.5
00418 PASS: MeterAmps 0.454
00419 sdo[0x6411][2] = 470 : sdo[0x5003][2] = 470 | 155 | 0.5
00419 TEST: Status Message Amp.Port_1B 470.0 +/- 155.0
00419 PASS: Status Message Amp.Port_1B 469.0
00420 sdo[0x6411][2] = 480 : MeterAmps = 0.48 | 0.155 | 0.5
00420 PASS: MeterAmps 0.46
00421 sdo[0x6411][2] = 480 : sdo[0x5003][2] = 480 | 155 | 0.5
00421 TEST: Status Message Amp.Port_1B 480.0 +/- 155.0
00421 PASS: Status Message Amp.Port_1B 477.0
00422 sdo[0x6411][2] = 490 : MeterAmps = 0.49 | 0.155 | 0.5
00422 PASS: MeterAmps 0.467
00423 sdo[0x6411][2] = 490 : sdo[0x5003][2] = 490 | 155 | 0.5
00423 TEST: Status Message Amp.Port_1B 490.0 +/- 155.0
00423 PASS: Status Message Amp.Port_1B 485.0
00424 sdo[0x6411][2] = 500 : MeterAmps = 0.5 | 0.155 | 0.5
00424 PASS: MeterAmps 0.481
00425 sdo[0x6411][2] = 500 : sdo[0x5003][2] = 500 | 155 | 0.5
00425 TEST: Status Message Amp.Port_1B 500.0 +/- 155.0
00425 PASS: Status Message Amp.Port_1B 497.0
00426 sdo[0x6411][2] = 510 : MeterAmps = 0.51 | 0.155 | 0.5
00426 PASS: MeterAmps 0.487
00427 sdo[0x6411][2] = 510 : sdo[0x5003][2] = 510 | 155 | 0.5
00427 TEST: Status Message Amp.Port_1B 510.0 +/- 155.0
00427 PASS: Status Message Amp.Port_1B 509.0
00428 sdo[0x6411][2] = 520 : MeterAmps = 0.52 | 0.155 | 0.5
00428 PASS: MeterAmps 0.499
00429 sdo[0x6411][2] = 520 : sdo[0x5003][2] = 520 | 155 | 0.5
00429 TEST: Status Message Amp.Port_1B 520.0 +/- 155.0
00429 PASS: Status Message Amp.Port_1B 513.0
00430 sdo[0x6411][2] = 530 : MeterAmps = 0.53 | 0.155 | 0.5
00430 PASS: MeterAmps 0.507
00431 sdo[0x6411][2] = 530 : sdo[0x5003][2] = 530 | 155 | 0.5
00431 TEST: Status Message Amp.Port_1B 530.0 +/- 155.0
00431 PASS: Status Message Amp.Port_1B 529.0
00432 sdo[0x6411][2] = 540 : MeterAmps = 0.54 | 0.155 | 0.5
00432 PASS: MeterAmps 0.518
00433 sdo[0x6411][2] = 540 : sdo[0x5003][2] = 540 | 155 | 0.5
00433 TEST: Status Message Amp.Port_1B 540.0 +/- 155.0
00433 PASS: Status Message Amp.Port_1B 533.0
00434 sdo[0x6411][2] = 550 : MeterAmps = 0.55 | 0.155 | 0.5
00434 PASS: MeterAmps 0.526
00435 sdo[0x6411][2] = 550 : sdo[0x5003][2] = 550 | 155 | 0.5
00435 TEST: Status Message Amp.Port_1B 550.0 +/- 155.0
00435 PASS: Status Message Amp.Port_1B 549.0
00436 sdo[0x6411][2] = 560 : MeterAmps = 0.56 | 0.155 | 0.5
00436 PASS: MeterAmps 0.536
00437 sdo[0x6411][2] = 560 : sdo[0x5003][2] = 560 | 155 | 0.5
00437 TEST: Status Message Amp.Port_1B 560.0 +/- 155.0
00437 PASS: Status Message Amp.Port_1B 557.0
00438 sdo[0x6411][2] = 570 : MeterAmps = 0.57 | 0.155 | 0.5
00438 PASS: MeterAmps 0.543
00439 sdo[0x6411][2] = 570 : sdo[0x5003][2] = 570 | 155 | 0.5
00439 TEST: Status Message Amp.Port_1B 570.0 +/- 155.0
00439 PASS: Status Message Amp.Port_1B 565.0
00440 sdo[0x6411][2] = 580 : MeterAmps = 0.58 | 0.155 | 0.5
00440 PASS: MeterAmps 0.557
00441 sdo[0x6411][2] = 580 : sdo[0x5003][2] = 580 | 155 | 0.5
00441 TEST: Status Message Amp.Port_1B 580.0 +/- 155.0
00441 PASS: Status Message Amp.Port_1B 573.0
00442 sdo[0x6411][2] = 590 : MeterAmps = 0.59 | 0.155 | 0.5
00442 PASS: MeterAmps 0.565
00443 sdo[0x6411][2] = 590 : sdo[0x5003][2] = 590 | 155 | 0.5
00443 TEST: Status Message Amp.Port_1B 590.0 +/- 155.0
00443 PASS: Status Message Amp.Port_1B 581.0
00444 sdo[0x6411][2] = 600 : MeterAmps = 0.6 | 0.155 | 0.5
00444 PASS: MeterAmps 0.576
00445 sdo[0x6411][2] = 600 : sdo[0x5003][2] = 600 | 155 | 0.5
00445 TEST: Status Message Amp.Port_1B 600.0 +/- 155.0
00445 PASS: Status Message Amp.Port_1B 597.0
00446 sdo[0x6411][2] = 610 : MeterAmps = 0.61 | 0.155 | 0.5
00446 PASS: MeterAmps 0.582
00447 sdo[0x6411][2] = 610 : sdo[0x5003][2] = 610 | 155 | 0.5
00447 TEST: Status Message Amp.Port_1B 610.0 +/- 155.0
00447 PASS: Status Message Amp.Port_1B 605.0
00448 sdo[0x6411][2] = 620 : MeterAmps = 0.62 | 0.155 | 0.5
00448 PASS: MeterAmps 0.595
00449 sdo[0x6411][2] = 620 : sdo[0x5003][2] = 620 | 155 | 0.5
00449 TEST: Status Message Amp.Port_1B 620.0 +/- 155.0
00449 PASS: Status Message Amp.Port_1B 613.0
00450 sdo[0x6411][2] = 630 : MeterAmps = 0.63 | 0.155 | 0.5
00450 PASS: MeterAmps 0.603
00451 sdo[0x6411][2] = 630 : sdo[0x5003][2] = 630 | 155 | 0.5
00451 TEST: Status Message Amp.Port_1B 630.0 +/- 155.0
00451 PASS: Status Message Amp.Port_1B 625.0
00452 sdo[0x6411][2] = 640 : MeterAmps = 0.64 | 0.155 | 0.5
00452 PASS: MeterAmps 0.613
00453 sdo[0x6411][2] = 640 : sdo[0x5003][2] = 640 | 155 | 0.5
00453 TEST: Status Message Amp.Port_1B 640.0 +/- 155.0
00453 PASS: Status Message Amp.Port_1B 637.0
00454 sdo[0x6411][2] = 650 : MeterAmps = 0.65 | 0.155 | 0.5
00454 PASS: MeterAmps 0.622
00455 sdo[0x6411][2] = 650 : sdo[0x5003][2] = 650 | 155 | 0.5
00455 TEST: Status Message Amp.Port_1B 650.0 +/- 155.0
00455 PASS: Status Message Amp.Port_1B 645.0
00456 sdo[0x6411][2] = 660 : MeterAmps = 0.66 | 0.155 | 0.5
00456 PASS: MeterAmps 0.635
00457 sdo[0x6411][2] = 660 : sdo[0x5003][2] = 660 | 155 | 0.5
00457 TEST: Status Message Amp.Port_1B 660.0 +/- 155.0
00457 PASS: Status Message Amp.Port_1B 657.0
00458 sdo[0x6411][2] = 670 : MeterAmps = 0.67 | 0.155 | 0.5
00458 PASS: MeterAmps 0.64
00459 sdo[0x6411][2] = 670 : sdo[0x5003][2] = 670 | 155 | 0.5
00459 TEST: Status Message Amp.Port_1B 670.0 +/- 155.0
00459 PASS: Status Message Amp.Port_1B 661.0
00460 sdo[0x6411][2] = 680 : MeterAmps = 0.68 | 0.155 | 0.5
00460 PASS: MeterAmps 0.651
00461 sdo[0x6411][2] = 680 : sdo[0x5003][2] = 680 | 155 | 0.5
00461 TEST: Status Message Amp.Port_1B 680.0 +/- 155.0
00461 PASS: Status Message Amp.Port_1B 676.0
00462 sdo[0x6411][2] = 690 : MeterAmps = 0.69 | 0.155 | 0.5
00462 PASS: MeterAmps 0.659
00463 sdo[0x6411][2] = 690 : sdo[0x5003][2] = 690 | 155 | 0.5
00463 TEST: Status Message Amp.Port_1B 690.0 +/- 155.0
00463 PASS: Status Message Amp.Port_1B 684.0
00464 sdo[0x6411][2] = 700 : MeterAmps = 0.7 | 0.155 | 0.5
00464 PASS: MeterAmps 0.672
00465 sdo[0x6411][2] = 700 : sdo[0x5003][2] = 700 | 155 | 0.5
00465 TEST: Status Message Amp.Port_1B 700.0 +/- 155.0
00465 PASS: Status Message Amp.Port_1B 692.0
00466 sdo[0x6411][2] = 710 : MeterAmps = 0.71 | 0.155 | 0.5
00466 PASS: MeterAmps 0.681
00467 sdo[0x6411][2] = 710 : sdo[0x5003][2] = 710 | 155 | 0.5
00467 TEST: Status Message Amp.Port_1B 710.0 +/- 155.0
00467 PASS: Status Message Amp.Port_1B 704.0
00468 sdo[0x6411][2] = 720 : MeterAmps = 0.72 | 0.155 | 0.5
00468 PASS: MeterAmps 0.69
00469 sdo[0x6411][2] = 720 : sdo[0x5003][2] = 720 | 155 | 0.5
00469 TEST: Status Message Amp.Port_1B 720.0 +/- 155.0
00469 PASS: Status Message Amp.Port_1B 712.0
00470 sdo[0x6411][2] = 730 : MeterAmps = 0.73 | 0.155 | 0.5
00470 PASS: MeterAmps 0.697
00471 sdo[0x6411][2] = 730 : sdo[0x5003][2] = 730 | 155 | 0.5
00471 TEST: Status Message Amp.Port_1B 730.0 +/- 155.0
00471 PASS: Status Message Amp.Port_1B 724.0
00472 sdo[0x6411][2] = 740 : MeterAmps = 0.74 | 0.155 | 0.5
00472 PASS: MeterAmps 0.71
00473 sdo[0x6411][2] = 740 : sdo[0x5003][2] = 740 | 155 | 0.5
00473 TEST: Status Message Amp.Port_1B 740.0 +/- 155.0
00473 PASS: Status Message Amp.Port_1B 732.0
00474 sdo[0x6411][2] = 750 : MeterAmps = 0.75 | 0.155 | 0.5
00474 PASS: MeterAmps 0.717
00475 sdo[0x6411][2] = 750 : sdo[0x5003][2] = 750 | 155 | 0.5
00475 TEST: Status Message Amp.Port_1B 750.0 +/- 155.0
00475 PASS: Status Message Amp.Port_1B 744.0
00476 sdo[0x6411][2] = 760 : MeterAmps = 0.76 | 0.155 | 0.5
00476 PASS: MeterAmps 0.729
00477 sdo[0x6411][2] = 760 : sdo[0x5003][2] = 760 | 155 | 0.5
00477 TEST: Status Message Amp.Port_1B 760.0 +/- 155.0
00477 PASS: Status Message Amp.Port_1B 752.0
00478 sdo[0x6411][2] = 770 : MeterAmps = 0.77 | 0.155 | 0.5
00478 PASS: MeterAmps 0.738
00479 sdo[0x6411][2] = 770 : sdo[0x5003][2] = 770 | 155 | 0.5
00479 TEST: Status Message Amp.Port_1B 770.0 +/- 155.0
00479 PASS: Status Message Amp.Port_1B 764.0
00480 sdo[0x6411][2] = 780 : MeterAmps = 0.78 | 0.155 | 0.5
00480 PASS: MeterAmps 0.748
00481 sdo[0x6411][2] = 780 : sdo[0x5003][2] = 780 | 155 | 0.5
00481 TEST: Status Message Amp.Port_1B 780.0 +/- 155.0
00481 PASS: Status Message Amp.Port_1B 776.0
00482 sdo[0x6411][2] = 790 : MeterAmps = 0.79 | 0.155 | 0.5
00482 PASS: MeterAmps 0.755
00483 sdo[0x6411][2] = 790 : sdo[0x5003][2] = 790 | 155 | 0.5
00483 TEST: Status Message Amp.Port_1B 790.0 +/- 155.0
00483 PASS: Status Message Amp.Port_1B 784.0
00484 sdo[0x6411][2] = 800 : MeterAmps = 0.8 | 0.155 | 0.5
00484 PASS: MeterAmps 0.768
00485 sdo[0x6411][2] = 800 : sdo[0x5003][2] = 800 | 155 | 0.5
00485 TEST: Status Message Amp.Port_1B 800.0 +/- 155.0
00485 PASS: Status Message Amp.Port_1B 796.0
00486 sdo[0x6411][2] = 810 : MeterAmps = 0.81 | 0.155 | 0.5
00486 PASS: MeterAmps 0.774
00487 sdo[0x6411][2] = 810 : sdo[0x5003][2] = 810 | 155 | 0.5
00487 TEST: Status Message Amp.Port_1B 810.0 +/- 155.0
00487 PASS: Status Message Amp.Port_1B 804.0
00488 sdo[0x6411][2] = 820 : MeterAmps = 0.82 | 0.155 | 0.5
00488 PASS: MeterAmps 0.786
00489 sdo[0x6411][2] = 820 : sdo[0x5003][2] = 820 | 155 | 0.5
00489 TEST: Status Message Amp.Port_1B 820.0 +/- 155.0
00489 PASS: Status Message Amp.Port_1B 816.0
00490 sdo[0x6411][2] = 830 : MeterAmps = 0.83 | 0.155 | 0.5
00490 PASS: MeterAmps 0.794
00491 sdo[0x6411][2] = 830 : sdo[0x5003][2] = 830 | 155 | 0.5
00491 TEST: Status Message Amp.Port_1B 830.0 +/- 155.0
00491 PASS: Status Message Amp.Port_1B 828.0
00492 sdo[0x6411][2] = 840 : MeterAmps = 0.84 | 0.155 | 0.5
00492 PASS: MeterAmps 0.805
00493 sdo[0x6411][2] = 840 : sdo[0x5003][2] = 840 | 155 | 0.5
00493 TEST: Status Message Amp.Port_1B 840.0 +/- 155.0
00493 PASS: Status Message Amp.Port_1B 832.0
00494 sdo[0x6411][2] = 850 : MeterAmps = 0.85 | 0.155 | 0.5
00494 PASS: MeterAmps 0.814
00495 sdo[0x6411][2] = 850 : sdo[0x5003][2] = 850 | 155 | 0.5
00495 TEST: Status Message Amp.Port_1B 850.0 +/- 155.0
00495 PASS: Status Message Amp.Port_1B 844.0
00496 sdo[0x6411][2] = 860 : MeterAmps = 0.86 | 0.155 | 0.5
00496 PASS: MeterAmps 0.825
00497 sdo[0x6411][2] = 860 : sdo[0x5003][2] = 860 | 155 | 0.5
00497 TEST: Status Message Amp.Port_1B 860.0 +/- 155.0
00497 PASS: Status Message Amp.Port_1B 852.0
00498 sdo[0x6411][2] = 870 : MeterAmps = 0.87 | 0.155 | 0.5
00498 PASS: MeterAmps 0.832
00499 sdo[0x6411][2] = 870 : sdo[0x5003][2] = 870 | 155 | 0.5
00499 TEST: Status Message Amp.Port_1B 870.0 +/- 155.0
00499 PASS: Status Message Amp.Port_1B 864.0
00500 sdo[0x6411][2] = 880 : MeterAmps = 0.88 | 0.155 | 0.5
00500 PASS: MeterAmps 0.844
00501 sdo[0x6411][2] = 880 : sdo[0x5003][2] = 880 | 155 | 0.5
00501 TEST: Status Message Amp.Port_1B 880.0 +/- 155.0
00501 PASS: Status Message Amp.Port_1B 876.0
00502 sdo[0x6411][2] = 890 : MeterAmps = 0.89 | 0.155 | 0.5
00502 PASS: MeterAmps 0.851
00503 sdo[0x6411][2] = 890 : sdo[0x5003][2] = 890 | 155 | 0.5
00503 TEST: Status Message Amp.Port_1B 890.0 +/- 155.0
00503 PASS: Status Message Amp.Port_1B 884.0
00504 sdo[0x6411][2] = 900 : MeterAmps = 0.9 | 0.155 | 0.5
00504 PASS: MeterAmps 0.864
00505 sdo[0x6411][2] = 900 : sdo[0x5003][2] = 900 | 155 | 0.5
00505 TEST: Status Message Amp.Port_1B 900.0 +/- 155.0
00505 PASS: Status Message Amp.Port_1B 895.0
00506 sdo[0x6411][2] = 910 : MeterAmps = 0.91 | 0.155 | 0.5
00506 PASS: MeterAmps 0.876
00507 sdo[0x6411][2] = 910 : sdo[0x5003][2] = 910 | 155 | 0.5
00507 TEST: Status Message Amp.Port_1B 910.0 +/- 155.0
00507 PASS: Status Message Amp.Port_1B 907.0
00508 sdo[0x6411][2] = 920 : MeterAmps = 0.92 | 0.155 | 0.5
00508 PASS: MeterAmps 0.882
00509 sdo[0x6411][2] = 920 : sdo[0x5003][2] = 920 | 155 | 0.5
00509 TEST: Status Message Amp.Port_1B 920.0 +/- 155.0
00509 PASS: Status Message Amp.Port_1B 915.0
00510 sdo[0x6411][2] = 930 : MeterAmps = 0.93 | 0.155 | 0.5
00510 PASS: MeterAmps 0.894
00511 sdo[0x6411][2] = 930 : sdo[0x5003][2] = 930 | 155 | 0.5
00511 TEST: Status Message Amp.Port_1B 930.0 +/- 155.0
00511 PASS: Status Message Amp.Port_1B 923.0
00512 sdo[0x6411][2] = 940 : MeterAmps = 0.94 | 0.155 | 0.5
00512 PASS: MeterAmps 0.902
00513 sdo[0x6411][2] = 940 : sdo[0x5003][2] = 940 | 155 | 0.5
00513 TEST: Status Message Amp.Port_1B 940.0 +/- 155.0
00513 PASS: Status Message Amp.Port_1B 939.0
00514 sdo[0x6411][2] = 950 : MeterAmps = 0.95 | 0.155 | 0.5
00514 PASS: MeterAmps 0.912
00515 sdo[0x6411][2] = 950 : sdo[0x5003][2] = 950 | 155 | 0.5
00515 TEST: Status Message Amp.Port_1B 950.0 +/- 155.0
00515 PASS: Status Message Amp.Port_1B 947.0
00516 sdo[0x6411][2] = 960 : MeterAmps = 0.96 | 0.155 | 0.5
00516 PASS: MeterAmps 0.92
00517 sdo[0x6411][2] = 960 : sdo[0x5003][2] = 960 | 155 | 0.5
00517 TEST: Status Message Amp.Port_1B 960.0 +/- 155.0
00517 PASS: Status Message Amp.Port_1B 955.0
00518 sdo[0x6411][2] = 970 : MeterAmps = 0.97 | 0.155 | 0.5
00518 PASS: MeterAmps 0.933
00519 sdo[0x6411][2] = 970 : sdo[0x5003][2] = 970 | 155 | 0.5
00519 TEST: Status Message Amp.Port_1B 970.0 +/- 155.0
00519 PASS: Status Message Amp.Port_1B 963.0
00520 sdo[0x6411][2] = 980 : MeterAmps = 0.98 | 0.155 | 0.5
00520 PASS: MeterAmps 0.94
00521 sdo[0x6411][2] = 980 : sdo[0x5003][2] = 980 | 155 | 0.5
00521 TEST: Status Message Amp.Port_1B 980.0 +/- 155.0
00521 PASS: Status Message Amp.Port_1B 975.0
00522 sdo[0x6411][2] = 990 : MeterAmps = 0.99 | 0.155 | 0.5
00522 PASS: MeterAmps 0.951
00523 sdo[0x6411][2] = 990 : sdo[0x5003][2] = 990 | 155 | 0.5
00523 TEST: Status Message Amp.Port_1B 990.0 +/- 155.0
00523 PASS: Status Message Amp.Port_1B 983.0
00524 sdo[0x6411][2] = 1000 : MeterAmps = 1.0 | 0.155 | 0.5
00524 PASS: MeterAmps 0.958
00525 sdo[0x6411][2] = 1000 : sdo[0x5003][2] = 1000 | 155 | 0.5
00525 TEST: Status Message Amp.Port_1B 1000.0 +/- 155.0
00525 PASS: Status Message Amp.Port_1B 995.0
00526 sdo[0x6411][2] = 1010 : MeterAmps = 1.01 | 0.155 | 0.5
00526 PASS: MeterAmps 0.97
00527 sdo[0x6411][2] = 1010 : sdo[0x5003][2] = 1010 | 155 | 0.5
00527 TEST: Status Message Amp.Port_1B 1010.0 +/- 155.0
00527 PASS: Status Message Amp.Port_1B 1003.0
00528 sdo[0x6411][2] = 1020 : MeterAmps = 1.02 | 0.155 | 0.5
00528 PASS: MeterAmps 0.978
00529 sdo[0x6411][2] = 1020 : sdo[0x5003][2] = 1020 | 155 | 0.5
00529 TEST: Status Message Amp.Port_1B 1020.0 +/- 155.0
00529 PASS: Status Message Amp.Port_1B 1015.0
00530 sdo[0x6411][2] = 1030 : MeterAmps = 1.03 | 0.155 | 0.5
00530 PASS: MeterAmps 0.989
00531 sdo[0x6411][2] = 1030 : sdo[0x5003][2] = 1030 | 155 | 0.5
00531 TEST: Status Message Amp.Port_1B 1030.0 +/- 155.0
00531 PASS: Status Message Amp.Port_1B 1023.0
00532 sdo[0x6411][2] = 1040 : MeterAmps = 1.04 | 0.155 | 0.5
00532 PASS: MeterAmps 0.998
00533 sdo[0x6411][2] = 1040 : sdo[0x5003][2] = 1040 | 155 | 0.5
00533 TEST: Status Message Amp.Port_1B 1040.0 +/- 155.0
00533 PASS: Status Message Amp.Port_1B 1035.0
00534 sdo[0x6411][2] = 1050 : MeterAmps = 1.05 | 0.155 | 0.5
00534 PASS: MeterAmps 1.007
00535 sdo[0x6411][2] = 1050 : sdo[0x5003][2] = 1050 | 155 | 0.5
00535 TEST: Status Message Amp.Port_1B 1050.0 +/- 155.0
00535 PASS: Status Message Amp.Port_1B 1043.0
00536 sdo[0x6411][2] = 1060 : MeterAmps = 1.06 | 0.155 | 0.5
00536 PASS: MeterAmps 1.017
00537 sdo[0x6411][2] = 1060 : sdo[0x5003][2] = 1060 | 155 | 0.5
00537 TEST: Status Message Amp.Port_1B 1060.0 +/- 155.0
00537 PASS: Status Message Amp.Port_1B 1055.0
00538 sdo[0x6411][2] = 1070 : MeterAmps = 1.07 | 0.155 | 0.5
00538 PASS: MeterAmps 1.027
00539 sdo[0x6411][2] = 1070 : sdo[0x5003][2] = 1070 | 155 | 0.5
00539 TEST: Status Message Amp.Port_1B 1070.0 +/- 155.0
00539 PASS: Status Message Amp.Port_1B 1067.0
00540 sdo[0x6411][2] = 1080 : MeterAmps = 1.08 | 0.155 | 0.5
00540 PASS: MeterAmps 1.034
00541 sdo[0x6411][2] = 1080 : sdo[0x5003][2] = 1080 | 155 | 0.5
00541 TEST: Status Message Amp.Port_1B 1080.0 +/- 155.0
00541 PASS: Status Message Amp.Port_1B 1075.0
00542 sdo[0x6411][2] = 1090 : MeterAmps = 1.09 | 0.155 | 0.5
00542 PASS: MeterAmps 1.048
00543 sdo[0x6411][2] = 1090 : sdo[0x5003][2] = 1090 | 155 | 0.5
00543 TEST: Status Message Amp.Port_1B 1090.0 +/- 155.0
00543 PASS: Status Message Amp.Port_1B 1083.0
00544 sdo[0x6411][2] = 1100 : MeterAmps = 1.1 | 0.155 | 0.5
00544 PASS: MeterAmps 1.055
00545 sdo[0x6411][2] = 1100 : sdo[0x5003][2] = 1100 | 155 | 0.5
00545 TEST: Status Message Amp.Port_1B 1100.0 +/- 155.0
00545 PASS: Status Message Amp.Port_1B 1099.0
00546 sdo[0x6411][2] = 1110 : MeterAmps = 1.11 | 0.155 | 0.5
00546 PASS: MeterAmps 1.065
00547 sdo[0x6411][2] = 1110 : sdo[0x5003][2] = 1110 | 155 | 0.5
00547 TEST: Status Message Amp.Port_1B 1110.0 +/- 155.0
00547 PASS: Status Message Amp.Port_1B 1103.0
00548 sdo[0x6411][2] = 1120 : MeterAmps = 1.12 | 0.155 | 0.5
00548 PASS: MeterAmps 1.073
00549 sdo[0x6411][2] = 1120 : sdo[0x5003][2] = 1120 | 155 | 0.5
00549 TEST: Status Message Amp.Port_1B 1120.0 +/- 155.0
00549 PASS: Status Message Amp.Port_1B 1114.0
00550 sdo[0x6411][2] = 1130 : MeterAmps = 1.13 | 0.155 | 0.5
00550 PASS: MeterAmps 1.085
00551 sdo[0x6411][2] = 1130 : sdo[0x5003][2] = 1130 | 155 | 0.5
00551 TEST: Status Message Amp.Port_1B 1130.0 +/- 155.0
00551 PASS: Status Message Amp.Port_1B 1122.0
00552 sdo[0x6411][2] = 1140 : MeterAmps = 1.14 | 0.155 | 0.5
00552 PASS: MeterAmps 1.094
00553 sdo[0x6411][2] = 1140 : sdo[0x5003][2] = 1140 | 155 | 0.5
00553 TEST: Status Message Amp.Port_1B 1140.0 +/- 155.0
00553 PASS: Status Message Amp.Port_1B 1134.0
00554 sdo[0x6411][2] = 1150 : MeterAmps = 1.15 | 0.155 | 0.5
00554 PASS: MeterAmps 1.104
00555 sdo[0x6411][2] = 1150 : sdo[0x5003][2] = 1150 | 155 | 0.5
00555 TEST: Status Message Amp.Port_1B 1150.0 +/- 155.0
00555 PASS: Status Message Amp.Port_1B 1146.0
00556 sdo[0x6411][2] = 1160 : MeterAmps = 1.16 | 0.155 | 0.5
00556 PASS: MeterAmps 1.111
00557 sdo[0x6411][2] = 1160 : sdo[0x5003][2] = 1160 | 155 | 0.5
00557 TEST: Status Message Amp.Port_1B 1160.0 +/- 155.0
00557 PASS: Status Message Amp.Port_1B 1154.0
00558 sdo[0x6411][2] = 1170 : MeterAmps = 1.17 | 0.155 | 0.5
00558 PASS: MeterAmps 1.124
00559 sdo[0x6411][2] = 1170 : sdo[0x5003][2] = 1170 | 155 | 0.5
00559 TEST: Status Message Amp.Port_1B 1170.0 +/- 155.0
00559 PASS: Status Message Amp.Port_1B 1162.0
00560 sdo[0x6411][2] = 1180 : MeterAmps = 1.18 | 0.155 | 0.5
00560 PASS: MeterAmps 1.131
00561 sdo[0x6411][2] = 1180 : sdo[0x5003][2] = 1180 | 155 | 0.5
00561 TEST: Status Message Amp.Port_1B 1180.0 +/- 155.0
00561 PASS: Status Message Amp.Port_1B 1174.0
00562 sdo[0x6411][2] = 1190 : MeterAmps = 1.19 | 0.155 | 0.5
00562 PASS: MeterAmps 1.141
00563 sdo[0x6411][2] = 1190 : sdo[0x5003][2] = 1190 | 155 | 0.5
00563 TEST: Status Message Amp.Port_1B 1190.0 +/- 155.0
00563 PASS: Status Message Amp.Port_1B 1182.0
00564 sdo[0x6411][2] = 1200 : MeterAmps = 1.2 | 0.155 | 0.5
00564 PASS: MeterAmps 1.149
00565 sdo[0x6411][2] = 1200 : sdo[0x5003][2] = 1200 | 155 | 0.5
00565 TEST: Status Message Amp.Port_1B 1200.0 +/- 155.0
00565 PASS: Status Message Amp.Port_1B 1194.0
00566 sdo[0x6411][2] = 1210 : MeterAmps = 1.21 | 0.155 | 0.5
00566 PASS: MeterAmps 1.161
00567 sdo[0x6411][2] = 1210 : sdo[0x5003][2] = 1210 | 155 | 0.5
00567 TEST: Status Message Amp.Port_1B 1210.0 +/- 155.0
00567 PASS: Status Message Amp.Port_1B 1202.0
00568 sdo[0x6411][2] = 1220 : MeterAmps = 1.22 | 0.155 | 0.5
00568 PASS: MeterAmps 1.17
00569 sdo[0x6411][2] = 1220 : sdo[0x5003][2] = 1220 | 155 | 0.5
00569 TEST: Status Message Amp.Port_1B 1220.0 +/- 155.0
00569 PASS: Status Message Amp.Port_1B 1214.0
00570 sdo[0x6411][2] = 1230 : MeterAmps = 1.23 | 0.155 | 0.5
00570 PASS: MeterAmps 1.181
00571 sdo[0x6411][2] = 1230 : sdo[0x5003][2] = 1230 | 155 | 0.5
00571 TEST: Status Message Amp.Port_1B 1230.0 +/- 155.0
00571 PASS: Status Message Amp.Port_1B 1226.0
00572 sdo[0x6411][2] = 1240 : MeterAmps = 1.24 | 0.155 | 0.5
00572 PASS: MeterAmps 1.187
00573 sdo[0x6411][2] = 1240 : sdo[0x5003][2] = 1240 | 155 | 0.5
00573 TEST: Status Message Amp.Port_1B 1240.0 +/- 155.0
00573 PASS: Status Message Amp.Port_1B 1234.0
00574 sdo[0x6411][2] = 1250 : MeterAmps = 1.25 | 0.155 | 0.5
00574 PASS: MeterAmps 1.199
00575 sdo[0x6411][2] = 1250 : sdo[0x5003][2] = 1250 | 155 | 0.5
00575 TEST: Status Message Amp.Port_1B 1250.0 +/- 155.0
00575 PASS: Status Message Amp.Port_1B 1242.0
00576 sdo[0x6411][2] = 1260 : MeterAmps = 1.26 | 0.155 | 0.5
00576 PASS: MeterAmps 1.207
00577 sdo[0x6411][2] = 1260 : sdo[0x5003][2] = 1260 | 155 | 0.5
00577 TEST: Status Message Amp.Port_1B 1260.0 +/- 155.0
00577 PASS: Status Message Amp.Port_1B 1254.0
00578 sdo[0x6411][2] = 1270 : MeterAmps = 1.27 | 0.155 | 0.5
00578 PASS: MeterAmps 1.217
00579 sdo[0x6411][2] = 1270 : sdo[0x5003][2] = 1270 | 155 | 0.5
00579 TEST: Status Message Amp.Port_1B 1270.0 +/- 155.0
00579 PASS: Status Message Amp.Port_1B 1262.0
00580 sdo[0x6411][2] = 1280 : MeterAmps = 1.28 | 0.155 | 0.5
00580 PASS: MeterAmps 1.227
00581 sdo[0x6411][2] = 1280 : sdo[0x5003][2] = 1280 | 155 | 0.5
00581 TEST: Status Message Amp.Port_1B 1280.0 +/- 155.0
00581 PASS: Status Message Amp.Port_1B 1274.0
00582 sdo[0x6411][2] = 1290 : MeterAmps = 1.29 | 0.155 | 0.5
00582 PASS: MeterAmps 1.239
00583 sdo[0x6411][2] = 1290 : sdo[0x5003][2] = 1290 | 155 | 0.5
00583 TEST: Status Message Amp.Port_1B 1290.0 +/- 155.0
00583 PASS: Status Message Amp.Port_1B 1282.0
00584 sdo[0x6411][2] = 1300 : MeterAmps = 1.3 | 0.155 | 0.5
00584 PASS: MeterAmps 1.247
00585 sdo[0x6411][2] = 1300 : sdo[0x5003][2] = 1300 | 155 | 0.5
00585 TEST: Status Message Amp.Port_1B 1300.0 +/- 155.0
00585 PASS: Status Message Amp.Port_1B 1294.0
00586 sdo[0x6411][2] = 1310 : MeterAmps = 1.31 | 0.155 | 0.5
00586 PASS: MeterAmps 1.256
00587 sdo[0x6411][2] = 1310 : sdo[0x5003][2] = 1310 | 155 | 0.5
00587 TEST: Status Message Amp.Port_1B 1310.0 +/- 155.0
00587 PASS: Status Message Amp.Port_1B 1302.0
00588 sdo[0x6411][2] = 1320 : MeterAmps = 1.32 | 0.155 | 0.5
00588 PASS: MeterAmps 1.263
00589 sdo[0x6411][2] = 1320 : sdo[0x5003][2] = 1320 | 155 | 0.5
00589 TEST: Status Message Amp.Port_1B 1320.0 +/- 155.0
00589 PASS: Status Message Amp.Port_1B 1314.0
00590 sdo[0x6411][2] = 1330 : MeterAmps = 1.33 | 0.155 | 0.5
00590 PASS: MeterAmps 1.276
00591 sdo[0x6411][2] = 1330 : sdo[0x5003][2] = 1330 | 155 | 0.5
00591 TEST: Status Message Amp.Port_1B 1330.0 +/- 155.0
00591 PASS: Status Message Amp.Port_1B 1326.0
00592 sdo[0x6411][2] = 1340 : MeterAmps = 1.34 | 0.155 | 0.5
00592 PASS: MeterAmps 1.287
00593 sdo[0x6411][2] = 1340 : sdo[0x5003][2] = 1340 | 155 | 0.5
00593 TEST: Status Message Amp.Port_1B 1340.0 +/- 155.0
00593 PASS: Status Message Amp.Port_1B 1337.0
00594 sdo[0x6411][2] = 1350 : MeterAmps = 1.35 | 0.155 | 0.5
00594 PASS: MeterAmps 1.295
00595 sdo[0x6411][2] = 1350 : sdo[0x5003][2] = 1350 | 155 | 0.5
00595 TEST: Status Message Amp.Port_1B 1350.0 +/- 155.0
00595 PASS: Status Message Amp.Port_1B 1345.0
00596 sdo[0x6411][2] = 1360 : MeterAmps = 1.36 | 0.155 | 0.5
00596 PASS: MeterAmps 1.307
00597 sdo[0x6411][2] = 1360 : sdo[0x5003][2] = 1360 | 155 | 0.5
00597 TEST: Status Message Amp.Port_1B 1360.0 +/- 155.0
00597 PASS: Status Message Amp.Port_1B 1357.0
00598 sdo[0x6411][2] = 1370 : MeterAmps = 1.37 | 0.155 | 0.5
00598 PASS: MeterAmps 1.313
00599 sdo[0x6411][2] = 1370 : sdo[0x5003][2] = 1370 | 155 | 0.5
00599 TEST: Status Message Amp.Port_1B 1370.0 +/- 155.0
00599 PASS: Status Message Amp.Port_1B 1365.0
00600 sdo[0x6411][2] = 1380 : MeterAmps = 1.38 | 0.155 | 0.5
00600 PASS: MeterAmps 1.325
00601 sdo[0x6411][2] = 1380 : sdo[0x5003][2] = 1380 | 155 | 0.5
00601 TEST: Status Message Amp.Port_1B 1380.0 +/- 155.0
00601 PASS: Status Message Amp.Port_1B 1373.0
00602 sdo[0x6411][2] = 1390 : MeterAmps = 1.39 | 0.155 | 0.5
00602 PASS: MeterAmps 1.333
00603 sdo[0x6411][2] = 1390 : sdo[0x5003][2] = 1390 | 155 | 0.5
00603 TEST: Status Message Amp.Port_1B 1390.0 +/- 155.0
00603 PASS: Status Message Amp.Port_1B 1385.0
00604 sdo[0x6411][2] = 1400 : MeterAmps = 1.4 | 0.155 | 0.5
00604 PASS: MeterAmps 1.345
00605 sdo[0x6411][2] = 1400 : sdo[0x5003][2] = 1400 | 155 | 0.5
00605 TEST: Status Message Amp.Port_1B 1400.0 +/- 155.0
00605 PASS: Status Message Amp.Port_1B 1393.0
00606 sdo[0x6411][2] = 1410 : MeterAmps = 1.41 | 0.155 | 0.5
00606 PASS: MeterAmps 1.353
00607 sdo[0x6411][2] = 1410 : sdo[0x5003][2] = 1410 | 155 | 0.5
00607 TEST: Status Message Amp.Port_1B 1410.0 +/- 155.0
00607 PASS: Status Message Amp.Port_1B 1405.0
00608 sdo[0x6411][2] = 1420 : MeterAmps = 1.42 | 0.155 | 0.5
00608 PASS: MeterAmps 1.366
00609 sdo[0x6411][2] = 1420 : sdo[0x5003][2] = 1420 | 155 | 0.5
00609 TEST: Status Message Amp.Port_1B 1420.0 +/- 155.0
00609 PASS: Status Message Amp.Port_1B 1417.0
00610 sdo[0x6411][2] = 1430 : MeterAmps = 1.43 | 0.155 | 0.5
00610 PASS: MeterAmps 1.37
00611 sdo[0x6411][2] = 1430 : sdo[0x5003][2] = 1430 | 155 | 0.5
00611 TEST: Status Message Amp.Port_1B 1430.0 +/- 155.0
00611 PASS: Status Message Amp.Port_1B 1425.0
00612 sdo[0x6411][2] = 1440 : MeterAmps = 1.44 | 0.155 | 0.5
00612 PASS: MeterAmps 1.383
00613 sdo[0x6411][2] = 1440 : sdo[0x5003][2] = 1440 | 155 | 0.5
00613 TEST: Status Message Amp.Port_1B 1440.0 +/- 155.0
00613 PASS: Status Message Amp.Port_1B 1433.0
00614 sdo[0x6411][2] = 1450 : MeterAmps = 1.45 | 0.155 | 0.5
00614 PASS: MeterAmps 1.391
00615 sdo[0x6411][2] = 1450 : sdo[0x5003][2] = 1450 | 155 | 0.5
00615 TEST: Status Message Amp.Port_1B 1450.0 +/- 155.0
00615 PASS: Status Message Amp.Port_1B 1445.0
00616 sdo[0x6411][2] = 1460 : MeterAmps = 1.46 | 0.155 | 0.5
00616 PASS: MeterAmps 1.401
00617 sdo[0x6411][2] = 1460 : sdo[0x5003][2] = 1460 | 155 | 0.5
00617 TEST: Status Message Amp.Port_1B 1460.0 +/- 155.0
00617 PASS: Status Message Amp.Port_1B 1453.0
00618 sdo[0x6411][2] = 1470 : MeterAmps = 1.47 | 0.155 | 0.5
00618 PASS: MeterAmps 1.41
00619 sdo[0x6411][2] = 1470 : sdo[0x5003][2] = 1470 | 155 | 0.5
00619 TEST: Status Message Amp.Port_1B 1470.0 +/- 155.0
00619 PASS: Status Message Amp.Port_1B 1465.0
00620 sdo[0x6411][2] = 1480 : MeterAmps = 1.48 | 0.155 | 0.5
00620 PASS: MeterAmps 1.422
00621 sdo[0x6411][2] = 1480 : sdo[0x5003][2] = 1480 | 155 | 0.5
00621 TEST: Status Message Amp.Port_1B 1480.0 +/- 155.0
00621 PASS: Status Message Amp.Port_1B 1473.0
00622 sdo[0x6411][2] = 1490 : MeterAmps = 1.49 | 0.155 | 0.5
00622 PASS: MeterAmps 1.429
00623 sdo[0x6411][2] = 1490 : sdo[0x5003][2] = 1490 | 155 | 0.5
00623 TEST: Status Message Amp.Port_1B 1490.0 +/- 155.0
00623 PASS: Status Message Amp.Port_1B 1485.0
00624 sdo[0x6411][2] = 1500 : MeterAmps = 1.5 | 0.155 | 0.5
00624 PASS: MeterAmps 1.439
00625 sdo[0x6411][2] = 1500 : sdo[0x5003][2] = 1500 | 155 | 0.5
00625 TEST: Status Message Amp.Port_1B 1500.0 +/- 155.0
00625 PASS: Status Message Amp.Port_1B 1493.0
00626 #switch out load line, switch coil
00626 sdo[0x6411][2] = 0 : NULL : WAIT = 1
00627 J2_02 = 0 : NULL : WAIT = 1
00628 #read signal value to update
00628 NULL : sdo[0x5003][2] = 0 | 155 | 0.5
00628 TEST: Status Message Amp.Port_1B 0.0 +/- 155.0
00628 PASS: Status Message Amp.Port_1B 0.0
00629 J4_02 = 0, J4_03 = 1 : NULL : WAIT = 0.5
00630 J4_01 = 1, J4_03 = 1 : NULL : WAIT = 1
00631 #-----setup 37000-----
00631 sdo[0x2000][1] = 0 : NULL : WAIT = 0.2
00632 sdo[0x2000][3] = 0 : NULL : WAIT = 0.2
00633 sdo[0x2000][4] = 0 : NULL : WAIT = 0.2
00634 sdo[0x2001][2] = 68 : NULL : WAIT = 0.2
00635 #switch in load line, set current
00635 J2_03 = 1 : NULL : WAIT = 0.5
00636 OPERATIONAL
00636 
00636 sdo[0x6411][3] = 0 : MeterAmps = 0.0 | 0.155 | 0.5
00636 TEST: MeterAmps 0.0 +/- 0.155
00636 PASS: MeterAmps 0.0
00637 sdo[0x6411][3] = 0 : sdo[0x5003][3] = 0 | 155 | 0.5
00637 TEST: Status Message Amp.Port_2A 0.0 +/- 155.0
00637 PASS: Status Message Amp.Port_2A 0.0
00638 sdo[0x6411][3] = 10 : MeterAmps = 0.01 | 0.155 | 0.5
00638 PASS: MeterAmps 0.0
00639 sdo[0x6411][3] = 10 : sdo[0x5003][3] = 10 | 155 | 0.5
00639 TEST: Status Message Amp.Port_2A 10.0 +/- 155.0
00639 PASS: Status Message Amp.Port_2A 31.0
00640 sdo[0x6411][3] = 20 : MeterAmps = 0.02 | 0.155 | 0.5
00640 PASS: MeterAmps 0.044
00641 sdo[0x6411][3] = 20 : sdo[0x5003][3] = 20 | 155 | 0.5
00641 TEST: Status Message Amp.Port_2A 20.0 +/- 155.0
00641 PASS: Status Message Amp.Port_2A 35.0
00642 sdo[0x6411][3] = 30 : MeterAmps = 0.03 | 0.155 | 0.5
00642 PASS: MeterAmps 0.044
00643 sdo[0x6411][3] = 30 : sdo[0x5003][3] = 30 | 155 | 0.5
00643 TEST: Status Message Amp.Port_2A 30.0 +/- 155.0
00643 PASS: Status Message Amp.Port_2A 35.0
00644 sdo[0x6411][3] = 40 : MeterAmps = 0.04 | 0.155 | 0.5
00644 PASS: MeterAmps 0.044
00645 sdo[0x6411][3] = 40 : sdo[0x5003][3] = 40 | 155 | 0.5
00645 TEST: Status Message Amp.Port_2A 40.0 +/- 155.0
00645 PASS: Status Message Amp.Port_2A 31.0
00646 sdo[0x6411][3] = 50 : MeterAmps = 0.05 | 0.155 | 0.5
00646 PASS: MeterAmps 0.044
00647 sdo[0x6411][3] = 50 : sdo[0x5003][3] = 50 | 155 | 0.5
00647 TEST: Status Message Amp.Port_2A 50.0 +/- 155.0
00647 PASS: Status Message Amp.Port_2A 35.0
00648 sdo[0x6411][3] = 60 : MeterAmps = 0.06 | 0.155 | 0.5
00648 PASS: MeterAmps 0.044
00649 sdo[0x6411][3] = 60 : sdo[0x5003][3] = 60 | 155 | 0.5
00649 TEST: Status Message Amp.Port_2A 60.0 +/- 155.0
00649 PASS: Status Message Amp.Port_2A 35.0
00650 sdo[0x6411][3] = 70 : MeterAmps = 0.07 | 0.155 | 0.5
00650 PASS: MeterAmps 0.044
00651 sdo[0x6411][3] = 70 : sdo[0x5003][3] = 70 | 155 | 0.5
00651 TEST: Status Message Amp.Port_2A 70.0 +/- 155.0
00651 PASS: Status Message Amp.Port_2A 59.0
00652 sdo[0x6411][3] = 80 : MeterAmps = 0.08 | 0.155 | 0.5
00652 PASS: MeterAmps 0.077
00653 sdo[0x6411][3] = 80 : sdo[0x5003][3] = 80 | 155 | 0.5
00653 TEST: Status Message Amp.Port_2A 80.0 +/- 155.0
00653 PASS: Status Message Amp.Port_2A 79.0
00654 sdo[0x6411][3] = 90 : MeterAmps = 0.09 | 0.155 | 0.5
00654 PASS: MeterAmps 0.087
00655 sdo[0x6411][3] = 90 : sdo[0x5003][3] = 90 | 155 | 0.5
00655 TEST: Status Message Amp.Port_2A 90.0 +/- 155.0
00655 PASS: Status Message Amp.Port_2A 83.0
00656 sdo[0x6411][3] = 100 : MeterAmps = 0.1 | 0.155 | 0.5
00656 PASS: MeterAmps 0.095
00657 sdo[0x6411][3] = 100 : sdo[0x5003][3] = 100 | 155 | 0.5
00657 TEST: Status Message Amp.Port_2A 100.0 +/- 155.0
00657 PASS: Status Message Amp.Port_2A 95.0
00658 sdo[0x6411][3] = 110 : MeterAmps = 0.11 | 0.155 | 0.5
00658 PASS: MeterAmps 0.106
00659 sdo[0x6411][3] = 110 : sdo[0x5003][3] = 110 | 155 | 0.5
00659 TEST: Status Message Amp.Port_2A 110.0 +/- 155.0
00659 PASS: Status Message Amp.Port_2A 107.0
00660 sdo[0x6411][3] = 120 : MeterAmps = 0.12 | 0.155 | 0.5
00660 PASS: MeterAmps 0.112
00661 sdo[0x6411][3] = 120 : sdo[0x5003][3] = 120 | 155 | 0.5
00661 TEST: Status Message Amp.Port_2A 120.0 +/- 155.0
00661 PASS: Status Message Amp.Port_2A 115.0
00662 sdo[0x6411][3] = 130 : MeterAmps = 0.13 | 0.155 | 0.5
00662 PASS: MeterAmps 0.127
00663 sdo[0x6411][3] = 130 : sdo[0x5003][3] = 130 | 155 | 0.5
00663 TEST: Status Message Amp.Port_2A 130.0 +/- 155.0
00663 PASS: Status Message Amp.Port_2A 123.0
00664 sdo[0x6411][3] = 140 : MeterAmps = 0.14 | 0.155 | 0.5
00664 PASS: MeterAmps 0.135
00665 sdo[0x6411][3] = 140 : sdo[0x5003][3] = 140 | 155 | 0.5
00665 TEST: Status Message Amp.Port_2A 140.0 +/- 155.0
00665 PASS: Status Message Amp.Port_2A 139.0
00666 sdo[0x6411][3] = 150 : MeterAmps = 0.15 | 0.155 | 0.5
00666 PASS: MeterAmps 0.144
00667 sdo[0x6411][3] = 150 : sdo[0x5003][3] = 150 | 155 | 0.5
00667 TEST: Status Message Amp.Port_2A 150.0 +/- 155.0
00667 PASS: Status Message Amp.Port_2A 147.0
00668 sdo[0x6411][3] = 160 : MeterAmps = 0.16 | 0.155 | 0.5
00668 PASS: MeterAmps 0.151
00669 sdo[0x6411][3] = 160 : sdo[0x5003][3] = 160 | 155 | 0.5
00669 TEST: Status Message Amp.Port_2A 160.0 +/- 155.0
00669 PASS: Status Message Amp.Port_2A 155.0
00670 sdo[0x6411][3] = 170 : MeterAmps = 0.17 | 0.155 | 0.5
00670 PASS: MeterAmps 0.164
00671 sdo[0x6411][3] = 170 : sdo[0x5003][3] = 170 | 155 | 0.5
00671 TEST: Status Message Amp.Port_2A 170.0 +/- 155.0
00671 PASS: Status Message Amp.Port_2A 163.0
00672 sdo[0x6411][3] = 180 : MeterAmps = 0.18 | 0.155 | 0.5
00672 PASS: MeterAmps 0.172
00673 sdo[0x6411][3] = 180 : sdo[0x5003][3] = 180 | 155 | 0.5
00673 TEST: Status Message Amp.Port_2A 180.0 +/- 155.0
00673 PASS: Status Message Amp.Port_2A 179.0
00674 sdo[0x6411][3] = 190 : MeterAmps = 0.19 | 0.155 | 0.5
00674 PASS: MeterAmps 0.182
00675 sdo[0x6411][3] = 190 : sdo[0x5003][3] = 190 | 155 | 0.5
00675 TEST: Status Message Amp.Port_2A 190.0 +/- 155.0
00675 PASS: Status Message Amp.Port_2A 187.0
00676 sdo[0x6411][3] = 200 : MeterAmps = 0.2 | 0.155 | 0.5
00676 PASS: MeterAmps 0.189
00677 sdo[0x6411][3] = 200 : sdo[0x5003][3] = 200 | 155 | 0.5
00677 TEST: Status Message Amp.Port_2A 200.0 +/- 155.0
00677 PASS: Status Message Amp.Port_2A 195.0
00678 sdo[0x6411][3] = 210 : MeterAmps = 0.21 | 0.155 | 0.5
00678 PASS: MeterAmps 0.2
00679 sdo[0x6411][3] = 210 : sdo[0x5003][3] = 210 | 155 | 0.5
00679 TEST: Status Message Amp.Port_2A 210.0 +/- 155.0
00679 PASS: Status Message Amp.Port_2A 207.0
00680 sdo[0x6411][3] = 220 : MeterAmps = 0.22 | 0.155 | 0.5
00680 PASS: MeterAmps 0.205
00681 sdo[0x6411][3] = 220 : sdo[0x5003][3] = 220 | 155 | 0.5
00681 TEST: Status Message Amp.Port_2A 220.0 +/- 155.0
00681 PASS: Status Message Amp.Port_2A 215.0
00682 sdo[0x6411][3] = 230 : MeterAmps = 0.23 | 0.155 | 0.5
00682 PASS: MeterAmps 0.217
00683 sdo[0x6411][3] = 230 : sdo[0x5003][3] = 230 | 155 | 0.5
00683 TEST: Status Message Amp.Port_2A 230.0 +/- 155.0
00683 PASS: Status Message Amp.Port_2A 222.0
00684 sdo[0x6411][3] = 240 : MeterAmps = 0.24 | 0.155 | 0.5
00684 PASS: MeterAmps 0.225
00685 sdo[0x6411][3] = 240 : sdo[0x5003][3] = 240 | 155 | 0.5
00685 TEST: Status Message Amp.Port_2A 240.0 +/- 155.0
00685 PASS: Status Message Amp.Port_2A 238.0
00686 sdo[0x6411][3] = 250 : MeterAmps = 0.25 | 0.155 | 0.5
00686 PASS: MeterAmps 0.236
00687 sdo[0x6411][3] = 250 : sdo[0x5003][3] = 250 | 155 | 0.5
00687 TEST: Status Message Amp.Port_2A 250.0 +/- 155.0
00687 PASS: Status Message Amp.Port_2A 242.0
00688 sdo[0x6411][3] = 260 : MeterAmps = 0.26 | 0.155 | 0.5
00688 PASS: MeterAmps 0.245
00689 sdo[0x6411][3] = 260 : sdo[0x5003][3] = 260 | 155 | 0.5
00689 TEST: Status Message Amp.Port_2A 260.0 +/- 155.0
00689 PASS: Status Message Amp.Port_2A 254.0
00690 sdo[0x6411][3] = 270 : MeterAmps = 0.27 | 0.155 | 0.5
00690 PASS: MeterAmps 0.257
00691 sdo[0x6411][3] = 270 : sdo[0x5003][3] = 270 | 155 | 0.5
00691 TEST: Status Message Amp.Port_2A 270.0 +/- 155.0
00691 PASS: Status Message Amp.Port_2A 266.0
00692 sdo[0x6411][3] = 280 : MeterAmps = 0.28 | 0.155 | 0.5
00692 PASS: MeterAmps 0.263
00693 sdo[0x6411][3] = 280 : sdo[0x5003][3] = 280 | 155 | 0.5
00693 TEST: Status Message Amp.Port_2A 280.0 +/- 155.0
00693 PASS: Status Message Amp.Port_2A 274.0
00694 sdo[0x6411][3] = 290 : MeterAmps = 0.29 | 0.155 | 0.5
00694 PASS: MeterAmps 0.276
00695 sdo[0x6411][3] = 290 : sdo[0x5003][3] = 290 | 155 | 0.5
00695 TEST: Status Message Amp.Port_2A 290.0 +/- 155.0
00695 PASS: Status Message Amp.Port_2A 282.0
00696 sdo[0x6411][3] = 300 : MeterAmps = 0.3 | 0.155 | 0.5
00696 PASS: MeterAmps 0.284
00697 sdo[0x6411][3] = 300 : sdo[0x5003][3] = 300 | 155 | 0.5
00697 TEST: Status Message Amp.Port_2A 300.0 +/- 155.0
00697 PASS: Status Message Amp.Port_2A 298.0
00698 sdo[0x6411][3] = 310 : MeterAmps = 0.31 | 0.155 | 0.5
00698 PASS: MeterAmps 0.293
00699 sdo[0x6411][3] = 310 : sdo[0x5003][3] = 310 | 155 | 0.5
00699 TEST: Status Message Amp.Port_2A 310.0 +/- 155.0
00699 PASS: Status Message Amp.Port_2A 302.0
00700 sdo[0x6411][3] = 320 : MeterAmps = 0.32 | 0.155 | 0.5
00700 PASS: MeterAmps 0.301
00701 sdo[0x6411][3] = 320 : sdo[0x5003][3] = 320 | 155 | 0.5
00701 TEST: Status Message Amp.Port_2A 320.0 +/- 155.0
00701 PASS: Status Message Amp.Port_2A 314.0
00702 sdo[0x6411][3] = 330 : MeterAmps = 0.33 | 0.155 | 0.5
00702 PASS: MeterAmps 0.315
00703 sdo[0x6411][3] = 330 : sdo[0x5003][3] = 330 | 155 | 0.5
00703 TEST: Status Message Amp.Port_2A 330.0 +/- 155.0
00703 PASS: Status Message Amp.Port_2A 322.0
00704 sdo[0x6411][3] = 340 : MeterAmps = 0.34 | 0.155 | 0.5
00704 PASS: MeterAmps 0.323
00705 sdo[0x6411][3] = 340 : sdo[0x5003][3] = 340 | 155 | 0.5
00705 TEST: Status Message Amp.Port_2A 340.0 +/- 155.0
00705 PASS: Status Message Amp.Port_2A 334.0
00706 sdo[0x6411][3] = 350 : MeterAmps = 0.35 | 0.155 | 0.5
00706 PASS: MeterAmps 0.331
00707 sdo[0x6411][3] = 350 : sdo[0x5003][3] = 350 | 155 | 0.5
00707 TEST: Status Message Amp.Port_2A 350.0 +/- 155.0
00707 PASS: Status Message Amp.Port_2A 342.0
00708 sdo[0x6411][3] = 360 : MeterAmps = 0.36 | 0.155 | 0.5
00708 PASS: MeterAmps 0.339
00709 sdo[0x6411][3] = 360 : sdo[0x5003][3] = 360 | 155 | 0.5
00709 TEST: Status Message Amp.Port_2A 360.0 +/- 155.0
00709 PASS: Status Message Amp.Port_2A 354.0
00710 sdo[0x6411][3] = 370 : MeterAmps = 0.37 | 0.155 | 0.5
00710 PASS: MeterAmps 0.353
00711 sdo[0x6411][3] = 370 : sdo[0x5003][3] = 370 | 155 | 0.5
00711 TEST: Status Message Amp.Port_2A 370.0 +/- 155.0
00711 PASS: Status Message Amp.Port_2A 362.0
00712 sdo[0x6411][3] = 380 : MeterAmps = 0.38 | 0.155 | 0.5
00712 PASS: MeterAmps 0.36
00713 sdo[0x6411][3] = 380 : sdo[0x5003][3] = 380 | 155 | 0.5
00713 TEST: Status Message Amp.Port_2A 380.0 +/- 155.0
00713 PASS: Status Message Amp.Port_2A 378.0
00714 sdo[0x6411][3] = 390 : MeterAmps = 0.39 | 0.155 | 0.5
00714 PASS: MeterAmps 0.369
00715 sdo[0x6411][3] = 390 : sdo[0x5003][3] = 390 | 155 | 0.5
00715 TEST: Status Message Amp.Port_2A 390.0 +/- 155.0
00715 PASS: Status Message Amp.Port_2A 382.0
00716 sdo[0x6411][3] = 400 : MeterAmps = 0.4 | 0.155 | 0.5
00716 PASS: MeterAmps 0.379
00717 sdo[0x6411][3] = 400 : sdo[0x5003][3] = 400 | 155 | 0.5
00717 TEST: Status Message Amp.Port_2A 400.0 +/- 155.0
00717 PASS: Status Message Amp.Port_2A 398.0
00718 sdo[0x6411][3] = 410 : MeterAmps = 0.41 | 0.155 | 0.5
00718 PASS: MeterAmps 0.389
00719 sdo[0x6411][3] = 410 : sdo[0x5003][3] = 410 | 155 | 0.5
00719 TEST: Status Message Amp.Port_2A 410.0 +/- 155.0
00719 PASS: Status Message Amp.Port_2A 402.0
00720 sdo[0x6411][3] = 420 : MeterAmps = 0.42 | 0.155 | 0.5
00720 PASS: MeterAmps 0.397
00721 sdo[0x6411][3] = 420 : sdo[0x5003][3] = 420 | 155 | 0.5
00721 TEST: Status Message Amp.Port_2A 420.0 +/- 155.0
00721 PASS: Status Message Amp.Port_2A 418.0
00722 sdo[0x6411][3] = 430 : MeterAmps = 0.43 | 0.155 | 0.5
00722 PASS: MeterAmps 0.408
00723 sdo[0x6411][3] = 430 : sdo[0x5003][3] = 430 | 155 | 0.5
00723 TEST: Status Message Amp.Port_2A 430.0 +/- 155.0
00723 PASS: Status Message Amp.Port_2A 426.0
00724 sdo[0x6411][3] = 440 : MeterAmps = 0.44 | 0.155 | 0.5
00724 PASS: MeterAmps 0.415
00725 sdo[0x6411][3] = 440 : sdo[0x5003][3] = 440 | 155 | 0.5
00725 TEST: Status Message Amp.Port_2A 440.0 +/- 155.0
00725 PASS: Status Message Amp.Port_2A 434.0
00726 sdo[0x6411][3] = 450 : MeterAmps = 0.45 | 0.155 | 0.5
00726 PASS: MeterAmps 0.428
00727 sdo[0x6411][3] = 450 : sdo[0x5003][3] = 450 | 155 | 0.5
00727 TEST: Status Message Amp.Port_2A 450.0 +/- 155.0
00727 PASS: Status Message Amp.Port_2A 445.0
00728 sdo[0x6411][3] = 460 : MeterAmps = 0.46 | 0.155 | 0.5
00728 PASS: MeterAmps 0.44
00729 sdo[0x6411][3] = 460 : sdo[0x5003][3] = 460 | 155 | 0.5
00729 TEST: Status Message Amp.Port_2A 460.0 +/- 155.0
00729 PASS: Status Message Amp.Port_2A 461.0
00730 sdo[0x6411][3] = 470 : MeterAmps = 0.47 | 0.155 | 0.5
00730 PASS: MeterAmps 0.446
00731 sdo[0x6411][3] = 470 : sdo[0x5003][3] = 470 | 155 | 0.5
00731 TEST: Status Message Amp.Port_2A 470.0 +/- 155.0
00731 PASS: Status Message Amp.Port_2A 465.0
00732 sdo[0x6411][3] = 480 : MeterAmps = 0.48 | 0.155 | 0.5
00732 PASS: MeterAmps 0.457
00733 sdo[0x6411][3] = 480 : sdo[0x5003][3] = 480 | 155 | 0.5
00733 TEST: Status Message Amp.Port_2A 480.0 +/- 155.0
00733 PASS: Status Message Amp.Port_2A 473.0
00734 sdo[0x6411][3] = 490 : MeterAmps = 0.49 | 0.155 | 0.5
00734 PASS: MeterAmps 0.465
00735 sdo[0x6411][3] = 490 : sdo[0x5003][3] = 490 | 155 | 0.5
00735 TEST: Status Message Amp.Port_2A 490.0 +/- 155.0
00735 PASS: Status Message Amp.Port_2A 489.0
00736 sdo[0x6411][3] = 500 : MeterAmps = 0.5 | 0.155 | 0.5
00736 PASS: MeterAmps 0.474
00737 sdo[0x6411][3] = 500 : sdo[0x5003][3] = 500 | 155 | 0.5
00737 TEST: Status Message Amp.Port_2A 500.0 +/- 155.0
00737 PASS: Status Message Amp.Port_2A 493.0
00738 sdo[0x6411][3] = 510 : MeterAmps = 0.51 | 0.155 | 0.5
00738 PASS: MeterAmps 0.483
00739 sdo[0x6411][3] = 510 : sdo[0x5003][3] = 510 | 155 | 0.5
00739 TEST: Status Message Amp.Port_2A 510.0 +/- 155.0
00739 PASS: Status Message Amp.Port_2A 505.0
00740 sdo[0x6411][3] = 520 : MeterAmps = 0.52 | 0.155 | 0.5
00740 PASS: MeterAmps 0.496
00741 sdo[0x6411][3] = 520 : sdo[0x5003][3] = 520 | 155 | 0.5
00741 TEST: Status Message Amp.Port_2A 520.0 +/- 155.0
00741 PASS: Status Message Amp.Port_2A 513.0
00742 sdo[0x6411][3] = 530 : MeterAmps = 0.53 | 0.155 | 0.5
00742 PASS: MeterAmps 0.505
00743 sdo[0x6411][3] = 530 : sdo[0x5003][3] = 530 | 155 | 0.5
00743 TEST: Status Message Amp.Port_2A 530.0 +/- 155.0
00743 PASS: Status Message Amp.Port_2A 525.0
00744 sdo[0x6411][3] = 540 : MeterAmps = 0.54 | 0.155 | 0.5
00744 PASS: MeterAmps 0.513
00745 sdo[0x6411][3] = 540 : sdo[0x5003][3] = 540 | 155 | 0.5
00745 TEST: Status Message Amp.Port_2A 540.0 +/- 155.0
00745 PASS: Status Message Amp.Port_2A 537.0
00746 sdo[0x6411][3] = 550 : MeterAmps = 0.55 | 0.155 | 0.5
00746 PASS: MeterAmps 0.521
00747 sdo[0x6411][3] = 550 : sdo[0x5003][3] = 550 | 155 | 0.5
00747 TEST: Status Message Amp.Port_2A 550.0 +/- 155.0
00747 PASS: Status Message Amp.Port_2A 545.0
00748 sdo[0x6411][3] = 560 : MeterAmps = 0.56 | 0.155 | 0.5
00748 PASS: MeterAmps 0.533
00749 sdo[0x6411][3] = 560 : sdo[0x5003][3] = 560 | 155 | 0.5
00749 TEST: Status Message Amp.Port_2A 560.0 +/- 155.0
00749 PASS: Status Message Amp.Port_2A 557.0
00750 sdo[0x6411][3] = 570 : MeterAmps = 0.57 | 0.155 | 0.5
00750 PASS: MeterAmps 0.541
00751 sdo[0x6411][3] = 570 : sdo[0x5003][3] = 570 | 155 | 0.5
00751 TEST: Status Message Amp.Port_2A 570.0 +/- 155.0
00751 PASS: Status Message Amp.Port_2A 565.0
00752 sdo[0x6411][3] = 580 : MeterAmps = 0.58 | 0.155 | 0.5
00752 PASS: MeterAmps 0.552
00753 sdo[0x6411][3] = 580 : sdo[0x5003][3] = 580 | 155 | 0.5
00753 TEST: Status Message Amp.Port_2A 580.0 +/- 155.0
00753 PASS: Status Message Amp.Port_2A 573.0
00754 sdo[0x6411][3] = 590 : MeterAmps = 0.59 | 0.155 | 0.5
00754 PASS: MeterAmps 0.56
00755 sdo[0x6411][3] = 590 : sdo[0x5003][3] = 590 | 155 | 0.5
00755 TEST: Status Message Amp.Port_2A 590.0 +/- 155.0
00755 PASS: Status Message Amp.Port_2A 589.0
00756 sdo[0x6411][3] = 600 : MeterAmps = 0.6 | 0.155 | 0.5
00756 PASS: MeterAmps 0.57
00757 sdo[0x6411][3] = 600 : sdo[0x5003][3] = 600 | 155 | 0.5
00757 TEST: Status Message Amp.Port_2A 600.0 +/- 155.0
00757 PASS: Status Message Amp.Port_2A 593.0
00758 sdo[0x6411][3] = 610 : MeterAmps = 0.61 | 0.155 | 0.5
00758 PASS: MeterAmps 0.579
00759 sdo[0x6411][3] = 610 : sdo[0x5003][3] = 610 | 155 | 0.5
00759 TEST: Status Message Amp.Port_2A 610.0 +/- 155.0
00759 PASS: Status Message Amp.Port_2A 609.0
00760 sdo[0x6411][3] = 620 : MeterAmps = 0.62 | 0.155 | 0.5
00760 PASS: MeterAmps 0.59
00761 sdo[0x6411][3] = 620 : sdo[0x5003][3] = 620 | 155 | 0.5
00761 TEST: Status Message Amp.Port_2A 620.0 +/- 155.0
00761 PASS: Status Message Amp.Port_2A 617.0
00762 sdo[0x6411][3] = 630 : MeterAmps = 0.63 | 0.155 | 0.5
00762 PASS: MeterAmps 0.597
00763 sdo[0x6411][3] = 630 : sdo[0x5003][3] = 630 | 155 | 0.5
00763 TEST: Status Message Amp.Port_2A 630.0 +/- 155.0
00763 PASS: Status Message Amp.Port_2A 625.0
00764 sdo[0x6411][3] = 640 : MeterAmps = 0.64 | 0.155 | 0.5
00764 PASS: MeterAmps 0.61
00765 sdo[0x6411][3] = 640 : sdo[0x5003][3] = 640 | 155 | 0.5
00765 TEST: Status Message Amp.Port_2A 640.0 +/- 155.0
00765 PASS: Status Message Amp.Port_2A 633.0
00766 sdo[0x6411][3] = 650 : MeterAmps = 0.65 | 0.155 | 0.5
00766 PASS: MeterAmps 0.618
00767 sdo[0x6411][3] = 650 : sdo[0x5003][3] = 650 | 155 | 0.5
00767 TEST: Status Message Amp.Port_2A 650.0 +/- 155.0
00767 PASS: Status Message Amp.Port_2A 649.0
00768 sdo[0x6411][3] = 660 : MeterAmps = 0.66 | 0.155 | 0.5
00768 PASS: MeterAmps 0.627
00769 sdo[0x6411][3] = 660 : sdo[0x5003][3] = 660 | 155 | 0.5
00769 TEST: Status Message Amp.Port_2A 660.0 +/- 155.0
00769 PASS: Status Message Amp.Port_2A 653.0
00770 sdo[0x6411][3] = 670 : MeterAmps = 0.67 | 0.155 | 0.5
00770 PASS: MeterAmps 0.635
00771 sdo[0x6411][3] = 670 : sdo[0x5003][3] = 670 | 155 | 0.5
00771 TEST: Status Message Amp.Port_2A 670.0 +/- 155.0
00771 PASS: Status Message Amp.Port_2A 664.0
00772 sdo[0x6411][3] = 680 : MeterAmps = 0.68 | 0.155 | 0.5
00772 PASS: MeterAmps 0.648
00773 sdo[0x6411][3] = 680 : sdo[0x5003][3] = 680 | 155 | 0.5
00773 TEST: Status Message Amp.Port_2A 680.0 +/- 155.0
00773 PASS: Status Message Amp.Port_2A 672.0
00774 sdo[0x6411][3] = 690 : MeterAmps = 0.69 | 0.155 | 0.5
00774 PASS: MeterAmps 0.656
00775 sdo[0x6411][3] = 690 : sdo[0x5003][3] = 690 | 155 | 0.5
00775 TEST: Status Message Amp.Port_2A 690.0 +/- 155.0
00775 PASS: Status Message Amp.Port_2A 688.0
00776 sdo[0x6411][3] = 700 : MeterAmps = 0.7 | 0.155 | 0.5
00776 PASS: MeterAmps 0.665
00777 sdo[0x6411][3] = 700 : sdo[0x5003][3] = 700 | 155 | 0.5
00777 TEST: Status Message Amp.Port_2A 700.0 +/- 155.0
00777 PASS: Status Message Amp.Port_2A 696.0
00778 sdo[0x6411][3] = 710 : MeterAmps = 0.71 | 0.155 | 0.5
00778 PASS: MeterAmps 0.673
00779 sdo[0x6411][3] = 710 : sdo[0x5003][3] = 710 | 155 | 0.5
00779 TEST: Status Message Amp.Port_2A 710.0 +/- 155.0
00779 PASS: Status Message Amp.Port_2A 708.0
00780 sdo[0x6411][3] = 720 : MeterAmps = 0.72 | 0.155 | 0.5
00780 PASS: MeterAmps 0.683
00781 sdo[0x6411][3] = 720 : sdo[0x5003][3] = 720 | 155 | 0.5
00781 TEST: Status Message Amp.Port_2A 720.0 +/- 155.0
00781 PASS: Status Message Amp.Port_2A 712.0
00782 sdo[0x6411][3] = 730 : MeterAmps = 0.73 | 0.155 | 0.5
00782 PASS: MeterAmps 0.688
00783 sdo[0x6411][3] = 730 : sdo[0x5003][3] = 730 | 155 | 0.5
00783 TEST: Status Message Amp.Port_2A 730.0 +/- 155.0
00783 PASS: Status Message Amp.Port_2A 724.0
00784 sdo[0x6411][3] = 740 : MeterAmps = 0.74 | 0.155 | 0.5
00784 PASS: MeterAmps 0.702
00785 sdo[0x6411][3] = 740 : sdo[0x5003][3] = 740 | 155 | 0.5
00785 TEST: Status Message Amp.Port_2A 740.0 +/- 155.0
00785 PASS: Status Message Amp.Port_2A 732.0
00786 sdo[0x6411][3] = 750 : MeterAmps = 0.75 | 0.155 | 0.5
00786 PASS: MeterAmps 0.71
00787 sdo[0x6411][3] = 750 : sdo[0x5003][3] = 750 | 155 | 0.5
00787 TEST: Status Message Amp.Port_2A 750.0 +/- 155.0
00787 PASS: Status Message Amp.Port_2A 744.0
00788 sdo[0x6411][3] = 760 : MeterAmps = 0.76 | 0.155 | 0.5
00788 PASS: MeterAmps 0.721
00789 sdo[0x6411][3] = 760 : sdo[0x5003][3] = 760 | 155 | 0.5
00789 TEST: Status Message Amp.Port_2A 760.0 +/- 155.0
00789 PASS: Status Message Amp.Port_2A 752.0
00790 sdo[0x6411][3] = 770 : MeterAmps = 0.77 | 0.155 | 0.5
00790 PASS: MeterAmps 0.729
00791 sdo[0x6411][3] = 770 : sdo[0x5003][3] = 770 | 155 | 0.5
00791 TEST: Status Message Amp.Port_2A 770.0 +/- 155.0
00791 PASS: Status Message Amp.Port_2A 764.0
00792 sdo[0x6411][3] = 780 : MeterAmps = 0.78 | 0.155 | 0.5
00792 PASS: MeterAmps 0.741
00793 sdo[0x6411][3] = 780 : sdo[0x5003][3] = 780 | 155 | 0.5
00793 TEST: Status Message Amp.Port_2A 780.0 +/- 155.0
00793 PASS: Status Message Amp.Port_2A 772.0
00794 sdo[0x6411][3] = 790 : MeterAmps = 0.79 | 0.155 | 0.5
00794 PASS: MeterAmps 0.746
00795 sdo[0x6411][3] = 790 : sdo[0x5003][3] = 790 | 155 | 0.5
00795 TEST: Status Message Amp.Port_2A 790.0 +/- 155.0
00795 PASS: Status Message Amp.Port_2A 784.0
00796 sdo[0x6411][3] = 800 : MeterAmps = 0.8 | 0.155 | 0.5
00796 PASS: MeterAmps 0.759
00797 sdo[0x6411][3] = 800 : sdo[0x5003][3] = 800 | 155 | 0.5
00797 TEST: Status Message Amp.Port_2A 800.0 +/- 155.0
00797 PASS: Status Message Amp.Port_2A 792.0
00798 sdo[0x6411][3] = 810 : MeterAmps = 0.81 | 0.155 | 0.5
00798 PASS: MeterAmps 0.767
00799 sdo[0x6411][3] = 810 : sdo[0x5003][3] = 810 | 155 | 0.5
00799 TEST: Status Message Amp.Port_2A 810.0 +/- 155.0
00799 PASS: Status Message Amp.Port_2A 804.0
00800 sdo[0x6411][3] = 820 : MeterAmps = 0.82 | 0.155 | 0.5
00800 PASS: MeterAmps 0.777
00801 sdo[0x6411][3] = 820 : sdo[0x5003][3] = 820 | 155 | 0.5
00801 TEST: Status Message Amp.Port_2A 820.0 +/- 155.0
00801 PASS: Status Message Amp.Port_2A 812.0
00802 sdo[0x6411][3] = 830 : MeterAmps = 0.83 | 0.155 | 0.5
00802 PASS: MeterAmps 0.787
00803 sdo[0x6411][3] = 830 : sdo[0x5003][3] = 830 | 155 | 0.5
00803 TEST: Status Message Amp.Port_2A 830.0 +/- 155.0
00803 PASS: Status Message Amp.Port_2A 824.0
00804 sdo[0x6411][3] = 840 : MeterAmps = 0.84 | 0.155 | 0.5
00804 PASS: MeterAmps 0.799
00805 sdo[0x6411][3] = 840 : sdo[0x5003][3] = 840 | 155 | 0.5
00805 TEST: Status Message Amp.Port_2A 840.0 +/- 155.0
00805 PASS: Status Message Amp.Port_2A 836.0
00806 sdo[0x6411][3] = 850 : MeterAmps = 0.85 | 0.155 | 0.5
00806 PASS: MeterAmps 0.805
00807 sdo[0x6411][3] = 850 : sdo[0x5003][3] = 850 | 155 | 0.5
00807 TEST: Status Message Amp.Port_2A 850.0 +/- 155.0
00807 PASS: Status Message Amp.Port_2A 844.0
00808 sdo[0x6411][3] = 860 : MeterAmps = 0.86 | 0.155 | 0.5
00808 PASS: MeterAmps 0.816
00809 sdo[0x6411][3] = 860 : sdo[0x5003][3] = 860 | 155 | 0.5
00809 TEST: Status Message Amp.Port_2A 860.0 +/- 155.0
00809 PASS: Status Message Amp.Port_2A 852.0
00810 sdo[0x6411][3] = 870 : MeterAmps = 0.87 | 0.155 | 0.5
00810 PASS: MeterAmps 0.824
00811 sdo[0x6411][3] = 870 : sdo[0x5003][3] = 870 | 155 | 0.5
00811 TEST: Status Message Amp.Port_2A 870.0 +/- 155.0
00811 PASS: Status Message Amp.Port_2A 864.0
00812 sdo[0x6411][3] = 880 : MeterAmps = 0.88 | 0.155 | 0.5
00812 PASS: MeterAmps 0.835
00813 sdo[0x6411][3] = 880 : sdo[0x5003][3] = 880 | 155 | 0.5
00813 TEST: Status Message Amp.Port_2A 880.0 +/- 155.0
00813 PASS: Status Message Amp.Port_2A 872.0
00814 sdo[0x6411][3] = 890 : MeterAmps = 0.89 | 0.155 | 0.5
00814 PASS: MeterAmps 0.844
00815 sdo[0x6411][3] = 890 : sdo[0x5003][3] = 890 | 155 | 0.5
00815 TEST: Status Message Amp.Port_2A 890.0 +/- 155.0
00815 PASS: Status Message Amp.Port_2A 884.0
00816 sdo[0x6411][3] = 900 : MeterAmps = 0.9 | 0.155 | 0.5
00816 PASS: MeterAmps 0.855
00817 sdo[0x6411][3] = 900 : sdo[0x5003][3] = 900 | 155 | 0.5
00817 TEST: Status Message Amp.Port_2A 900.0 +/- 155.0
00817 PASS: Status Message Amp.Port_2A 895.0
00818 sdo[0x6411][3] = 910 : MeterAmps = 0.91 | 0.155 | 0.5
00818 PASS: MeterAmps 0.865
00819 sdo[0x6411][3] = 910 : sdo[0x5003][3] = 910 | 155 | 0.5
00819 TEST: Status Message Amp.Port_2A 910.0 +/- 155.0
00819 PASS: Status Message Amp.Port_2A 907.0
00820 sdo[0x6411][3] = 920 : MeterAmps = 0.92 | 0.155 | 0.5
00820 PASS: MeterAmps 0.872
00821 sdo[0x6411][3] = 920 : sdo[0x5003][3] = 920 | 155 | 0.5
00821 TEST: Status Message Amp.Port_2A 920.0 +/- 155.0
00821 PASS: Status Message Amp.Port_2A 915.0
00822 sdo[0x6411][3] = 930 : MeterAmps = 0.93 | 0.155 | 0.5
00822 PASS: MeterAmps 0.884
00823 sdo[0x6411][3] = 930 : sdo[0x5003][3] = 930 | 155 | 0.5
00823 TEST: Status Message Amp.Port_2A 930.0 +/- 155.0
00823 PASS: Status Message Amp.Port_2A 923.0
00824 sdo[0x6411][3] = 940 : MeterAmps = 0.94 | 0.155 | 0.5
00824 PASS: MeterAmps 0.893
00825 sdo[0x6411][3] = 940 : sdo[0x5003][3] = 940 | 155 | 0.5
00825 TEST: Status Message Amp.Port_2A 940.0 +/- 155.0
00825 PASS: Status Message Amp.Port_2A 935.0
00826 sdo[0x6411][3] = 950 : MeterAmps = 0.95 | 0.155 | 0.5
00826 PASS: MeterAmps 0.904
00827 sdo[0x6411][3] = 950 : sdo[0x5003][3] = 950 | 155 | 0.5
00827 TEST: Status Message Amp.Port_2A 950.0 +/- 155.0
00827 PASS: Status Message Amp.Port_2A 943.0
00828 sdo[0x6411][3] = 960 : MeterAmps = 0.96 | 0.155 | 0.5
00828 PASS: MeterAmps 0.914
00829 sdo[0x6411][3] = 960 : sdo[0x5003][3] = 960 | 155 | 0.5
00829 TEST: Status Message Amp.Port_2A 960.0 +/- 155.0
00829 PASS: Status Message Amp.Port_2A 955.0
00830 sdo[0x6411][3] = 970 : MeterAmps = 0.97 | 0.155 | 0.5
00830 PASS: MeterAmps 0.925
00831 sdo[0x6411][3] = 970 : sdo[0x5003][3] = 970 | 155 | 0.5
00831 TEST: Status Message Amp.Port_2A 970.0 +/- 155.0
00831 PASS: Status Message Amp.Port_2A 967.0
00832 sdo[0x6411][3] = 980 : MeterAmps = 0.98 | 0.155 | 0.5
00832 PASS: MeterAmps 0.928
00833 sdo[0x6411][3] = 980 : sdo[0x5003][3] = 980 | 155 | 0.5
00833 TEST: Status Message Amp.Port_2A 980.0 +/- 155.0
00833 PASS: Status Message Amp.Port_2A 975.0
00834 sdo[0x6411][3] = 990 : MeterAmps = 0.99 | 0.155 | 0.5
00834 PASS: MeterAmps 0.94
00835 sdo[0x6411][3] = 990 : sdo[0x5003][3] = 990 | 155 | 0.5
00835 TEST: Status Message Amp.Port_2A 990.0 +/- 155.0
00835 PASS: Status Message Amp.Port_2A 983.0
00836 sdo[0x6411][3] = 1000 : MeterAmps = 1.0 | 0.155 | 0.5
00836 PASS: MeterAmps 0.948
00837 sdo[0x6411][3] = 1000 : sdo[0x5003][3] = 1000 | 155 | 0.5
00837 TEST: Status Message Amp.Port_2A 1000.0 +/- 155.0
00837 PASS: Status Message Amp.Port_2A 995.0
00838 sdo[0x6411][3] = 1010 : MeterAmps = 1.01 | 0.155 | 0.5
00838 PASS: MeterAmps 0.959
00839 sdo[0x6411][3] = 1010 : sdo[0x5003][3] = 1010 | 155 | 0.5
00839 TEST: Status Message Amp.Port_2A 1010.0 +/- 155.0
00839 PASS: Status Message Amp.Port_2A 1003.0
00840 sdo[0x6411][3] = 1020 : MeterAmps = 1.02 | 0.155 | 0.5
00840 PASS: MeterAmps 0.968
00841 sdo[0x6411][3] = 1020 : sdo[0x5003][3] = 1020 | 155 | 0.5
00841 TEST: Status Message Amp.Port_2A 1020.0 +/- 155.0
00841 PASS: Status Message Amp.Port_2A 1015.0
00842 sdo[0x6411][3] = 1030 : MeterAmps = 1.03 | 0.155 | 0.5
00842 PASS: MeterAmps 0.981
00843 sdo[0x6411][3] = 1030 : sdo[0x5003][3] = 1030 | 155 | 0.5
00843 TEST: Status Message Amp.Port_2A 1030.0 +/- 155.0
00843 PASS: Status Message Amp.Port_2A 1027.0
00844 sdo[0x6411][3] = 1040 : MeterAmps = 1.04 | 0.155 | 0.5
00844 PASS: MeterAmps 0.986
00845 sdo[0x6411][3] = 1040 : sdo[0x5003][3] = 1040 | 155 | 0.5
00845 TEST: Status Message Amp.Port_2A 1040.0 +/- 155.0
00845 PASS: Status Message Amp.Port_2A 1035.0
00846 sdo[0x6411][3] = 1050 : MeterAmps = 1.05 | 0.155 | 0.5
00846 PASS: MeterAmps 0.997
00847 sdo[0x6411][3] = 1050 : sdo[0x5003][3] = 1050 | 155 | 0.5
00847 TEST: Status Message Amp.Port_2A 1050.0 +/- 155.0
00847 PASS: Status Message Amp.Port_2A 1043.0
00848 sdo[0x6411][3] = 1060 : MeterAmps = 1.06 | 0.155 | 0.5
00848 PASS: MeterAmps 1.005
00849 sdo[0x6411][3] = 1060 : sdo[0x5003][3] = 1060 | 155 | 0.5
00849 TEST: Status Message Amp.Port_2A 1060.0 +/- 155.0
00849 PASS: Status Message Amp.Port_2A 1055.0
00850 sdo[0x6411][3] = 1070 : MeterAmps = 1.07 | 0.155 | 0.5
00850 PASS: MeterAmps 1.017
00851 sdo[0x6411][3] = 1070 : sdo[0x5003][3] = 1070 | 155 | 0.5
00851 TEST: Status Message Amp.Port_2A 1070.0 +/- 155.0
00851 PASS: Status Message Amp.Port_2A 1063.0
00852 sdo[0x6411][3] = 1080 : MeterAmps = 1.08 | 0.155 | 0.5
00852 PASS: MeterAmps 1.025
00853 sdo[0x6411][3] = 1080 : sdo[0x5003][3] = 1080 | 155 | 0.5
00853 TEST: Status Message Amp.Port_2A 1080.0 +/- 155.0
00853 PASS: Status Message Amp.Port_2A 1075.0
00854 sdo[0x6411][3] = 1090 : MeterAmps = 1.09 | 0.155 | 0.5
00854 PASS: MeterAmps 1.036
00855 sdo[0x6411][3] = 1090 : sdo[0x5003][3] = 1090 | 155 | 0.5
00855 TEST: Status Message Amp.Port_2A 1090.0 +/- 155.0
00855 PASS: Status Message Amp.Port_2A 1083.0
00856 sdo[0x6411][3] = 1100 : MeterAmps = 1.1 | 0.155 | 0.5
00856 PASS: MeterAmps 1.045
00857 sdo[0x6411][3] = 1100 : sdo[0x5003][3] = 1100 | 155 | 0.5
00857 TEST: Status Message Amp.Port_2A 1100.0 +/- 155.0
00857 PASS: Status Message Amp.Port_2A 1095.0
00858 sdo[0x6411][3] = 1110 : MeterAmps = 1.11 | 0.155 | 0.5
00858 PASS: MeterAmps 1.053
00859 sdo[0x6411][3] = 1110 : sdo[0x5003][3] = 1110 | 155 | 0.5
00859 TEST: Status Message Amp.Port_2A 1110.0 +/- 155.0
00859 PASS: Status Message Amp.Port_2A 1103.0
00860 sdo[0x6411][3] = 1120 : MeterAmps = 1.12 | 0.155 | 0.5
00860 PASS: MeterAmps 1.061
00861 sdo[0x6411][3] = 1120 : sdo[0x5003][3] = 1120 | 155 | 0.5
00861 TEST: Status Message Amp.Port_2A 1120.0 +/- 155.0
00861 PASS: Status Message Amp.Port_2A 1114.0
00862 sdo[0x6411][3] = 1130 : MeterAmps = 1.13 | 0.155 | 0.5
00862 PASS: MeterAmps 1.074
00863 sdo[0x6411][3] = 1130 : sdo[0x5003][3] = 1130 | 155 | 0.5
00863 TEST: Status Message Amp.Port_2A 1130.0 +/- 155.0
00863 PASS: Status Message Amp.Port_2A 1126.0
00864 sdo[0x6411][3] = 1140 : MeterAmps = 1.14 | 0.155 | 0.5
00864 PASS: MeterAmps 1.08
00865 sdo[0x6411][3] = 1140 : sdo[0x5003][3] = 1140 | 155 | 0.5
00865 TEST: Status Message Amp.Port_2A 1140.0 +/- 155.0
00865 PASS: Status Message Amp.Port_2A 1134.0
00866 sdo[0x6411][3] = 1150 : MeterAmps = 1.15 | 0.155 | 0.5
00866 PASS: MeterAmps 1.094
00867 sdo[0x6411][3] = 1150 : sdo[0x5003][3] = 1150 | 155 | 0.5
00867 TEST: Status Message Amp.Port_2A 1150.0 +/- 155.0
00867 PASS: Status Message Amp.Port_2A 1142.0
00868 sdo[0x6411][3] = 1160 : MeterAmps = 1.16 | 0.155 | 0.5
00868 PASS: MeterAmps 1.101
00869 sdo[0x6411][3] = 1160 : sdo[0x5003][3] = 1160 | 155 | 0.5
00869 TEST: Status Message Amp.Port_2A 1160.0 +/- 155.0
00869 PASS: Status Message Amp.Port_2A 1158.0
00870 sdo[0x6411][3] = 1170 : MeterAmps = 1.17 | 0.155 | 0.5
00870 PASS: MeterAmps 1.111
00871 sdo[0x6411][3] = 1170 : sdo[0x5003][3] = 1170 | 155 | 0.5
00871 TEST: Status Message Amp.Port_2A 1170.0 +/- 155.0
00871 PASS: Status Message Amp.Port_2A 1162.0
00872 sdo[0x6411][3] = 1180 : MeterAmps = 1.18 | 0.155 | 0.5
00872 PASS: MeterAmps 1.118
00873 sdo[0x6411][3] = 1180 : sdo[0x5003][3] = 1180 | 155 | 0.5
00873 TEST: Status Message Amp.Port_2A 1180.0 +/- 155.0
00873 PASS: Status Message Amp.Port_2A 1174.0
00874 sdo[0x6411][3] = 1190 : MeterAmps = 1.19 | 0.155 | 0.5
00874 PASS: MeterAmps 1.131
00875 sdo[0x6411][3] = 1190 : sdo[0x5003][3] = 1190 | 155 | 0.5
00875 TEST: Status Message Amp.Port_2A 1190.0 +/- 155.0
00875 PASS: Status Message Amp.Port_2A 1182.0
00876 sdo[0x6411][3] = 1200 : MeterAmps = 1.2 | 0.155 | 0.5
00876 PASS: MeterAmps 1.14
00877 sdo[0x6411][3] = 1200 : sdo[0x5003][3] = 1200 | 155 | 0.5
00877 TEST: Status Message Amp.Port_2A 1200.0 +/- 155.0
00877 PASS: Status Message Amp.Port_2A 1194.0
00878 sdo[0x6411][3] = 1210 : MeterAmps = 1.21 | 0.155 | 0.5
00878 PASS: MeterAmps 1.149
00879 sdo[0x6411][3] = 1210 : sdo[0x5003][3] = 1210 | 155 | 0.5
00879 TEST: Status Message Amp.Port_2A 1210.0 +/- 155.0
00879 PASS: Status Message Amp.Port_2A 1206.0
00880 sdo[0x6411][3] = 1220 : MeterAmps = 1.22 | 0.155 | 0.5
00880 PASS: MeterAmps 1.157
00881 sdo[0x6411][3] = 1220 : sdo[0x5003][3] = 1220 | 155 | 0.5
00881 TEST: Status Message Amp.Port_2A 1220.0 +/- 155.0
00881 PASS: Status Message Amp.Port_2A 1214.0
00882 sdo[0x6411][3] = 1230 : MeterAmps = 1.23 | 0.155 | 0.5
00882 PASS: MeterAmps 1.167
00883 sdo[0x6411][3] = 1230 : sdo[0x5003][3] = 1230 | 155 | 0.5
00883 TEST: Status Message Amp.Port_2A 1230.0 +/- 155.0
00883 PASS: Status Message Amp.Port_2A 1226.0
00884 sdo[0x6411][3] = 1240 : MeterAmps = 1.24 | 0.155 | 0.5
00884 PASS: MeterAmps 1.171
00885 sdo[0x6411][3] = 1240 : sdo[0x5003][3] = 1240 | 155 | 0.5
00885 TEST: Status Message Amp.Port_2A 1240.0 +/- 155.0
00885 PASS: Status Message Amp.Port_2A 1234.0
00886 sdo[0x6411][3] = 1250 : MeterAmps = 1.25 | 0.155 | 0.5
00886 PASS: MeterAmps 1.184
00887 sdo[0x6411][3] = 1250 : sdo[0x5003][3] = 1250 | 155 | 0.5
00887 TEST: Status Message Amp.Port_2A 1250.0 +/- 155.0
00887 PASS: Status Message Amp.Port_2A 1242.0
00888 sdo[0x6411][3] = 1260 : MeterAmps = 1.26 | 0.155 | 0.5
00888 PASS: MeterAmps 1.193
00889 sdo[0x6411][3] = 1260 : sdo[0x5003][3] = 1260 | 155 | 0.5
00889 TEST: Status Message Amp.Port_2A 1260.0 +/- 155.0
00889 PASS: Status Message Amp.Port_2A 1254.0
00890 sdo[0x6411][3] = 1270 : MeterAmps = 1.27 | 0.155 | 0.5
00890 PASS: MeterAmps 1.203
00891 sdo[0x6411][3] = 1270 : sdo[0x5003][3] = 1270 | 155 | 0.5
00891 TEST: Status Message Amp.Port_2A 1270.0 +/- 155.0
00891 PASS: Status Message Amp.Port_2A 1262.0
00892 sdo[0x6411][3] = 1280 : MeterAmps = 1.28 | 0.155 | 0.5
00892 PASS: MeterAmps 1.212
00893 sdo[0x6411][3] = 1280 : sdo[0x5003][3] = 1280 | 155 | 0.5
00893 TEST: Status Message Amp.Port_2A 1280.0 +/- 155.0
00893 PASS: Status Message Amp.Port_2A 1270.0
00894 sdo[0x6411][3] = 1290 : MeterAmps = 1.29 | 0.155 | 0.5
00894 PASS: MeterAmps 1.224
00895 sdo[0x6411][3] = 1290 : sdo[0x5003][3] = 1290 | 155 | 0.5
00895 TEST: Status Message Amp.Port_2A 1290.0 +/- 155.0
00895 PASS: Status Message Amp.Port_2A 1286.0
00896 sdo[0x6411][3] = 1300 : MeterAmps = 1.3 | 0.155 | 0.5
00896 PASS: MeterAmps 1.229
00897 sdo[0x6411][3] = 1300 : sdo[0x5003][3] = 1300 | 155 | 0.5
00897 TEST: Status Message Amp.Port_2A 1300.0 +/- 155.0
00897 PASS: Status Message Amp.Port_2A 1290.0
00898 sdo[0x6411][3] = 1310 : MeterAmps = 1.31 | 0.155 | 0.5
00898 PASS: MeterAmps 1.242
00899 sdo[0x6411][3] = 1310 : sdo[0x5003][3] = 1310 | 155 | 0.5
00899 TEST: Status Message Amp.Port_2A 1310.0 +/- 155.0
00899 PASS: Status Message Amp.Port_2A 1302.0
00900 sdo[0x6411][3] = 1320 : MeterAmps = 1.32 | 0.155 | 0.5
00900 PASS: MeterAmps 1.25
00901 sdo[0x6411][3] = 1320 : sdo[0x5003][3] = 1320 | 155 | 0.5
00901 TEST: Status Message Amp.Port_2A 1320.0 +/- 155.0
00901 PASS: Status Message Amp.Port_2A 1314.0
00902 sdo[0x6411][3] = 1330 : MeterAmps = 1.33 | 0.155 | 0.5
00902 PASS: MeterAmps 1.26
00903 sdo[0x6411][3] = 1330 : sdo[0x5003][3] = 1330 | 155 | 0.5
00903 TEST: Status Message Amp.Port_2A 1330.0 +/- 155.0
00903 PASS: Status Message Amp.Port_2A 1326.0
00904 sdo[0x6411][3] = 1340 : MeterAmps = 1.34 | 0.155 | 0.5
00904 PASS: MeterAmps 1.274
00905 sdo[0x6411][3] = 1340 : sdo[0x5003][3] = 1340 | 155 | 0.5
00905 TEST: Status Message Amp.Port_2A 1340.0 +/- 155.0
00905 PASS: Status Message Amp.Port_2A 1333.0
00906 sdo[0x6411][3] = 1350 : MeterAmps = 1.35 | 0.155 | 0.5
00906 PASS: MeterAmps 1.282
00907 sdo[0x6411][3] = 1350 : sdo[0x5003][3] = 1350 | 155 | 0.5
00907 TEST: Status Message Amp.Port_2A 1350.0 +/- 155.0
00907 PASS: Status Message Amp.Port_2A 1349.0
00908 sdo[0x6411][3] = 1360 : MeterAmps = 1.36 | 0.155 | 0.5
00908 PASS: MeterAmps 1.29
00909 sdo[0x6411][3] = 1360 : sdo[0x5003][3] = 1360 | 155 | 0.5
00909 TEST: Status Message Amp.Port_2A 1360.0 +/- 155.0
00909 PASS: Status Message Amp.Port_2A 1353.0
00910 sdo[0x6411][3] = 1370 : MeterAmps = 1.37 | 0.155 | 0.5
00910 PASS: MeterAmps 1.298
00911 sdo[0x6411][3] = 1370 : sdo[0x5003][3] = 1370 | 155 | 0.5
00911 TEST: Status Message Amp.Port_2A 1370.0 +/- 155.0
00911 PASS: Status Message Amp.Port_2A 1365.0
00912 sdo[0x6411][3] = 1380 : MeterAmps = 1.38 | 0.155 | 0.5
00912 PASS: MeterAmps 1.311
00913 sdo[0x6411][3] = 1380 : sdo[0x5003][3] = 1380 | 155 | 0.5
00913 TEST: Status Message Amp.Port_2A 1380.0 +/- 155.0
00913 PASS: Status Message Amp.Port_2A 1373.0
00914 sdo[0x6411][3] = 1390 : MeterAmps = 1.39 | 0.155 | 0.5
00914 PASS: MeterAmps 1.318
00915 sdo[0x6411][3] = 1390 : sdo[0x5003][3] = 1390 | 155 | 0.5
00915 TEST: Status Message Amp.Port_2A 1390.0 +/- 155.0
00915 PASS: Status Message Amp.Port_2A 1385.0
00916 sdo[0x6411][3] = 1400 : MeterAmps = 1.4 | 0.155 | 0.5
00916 PASS: MeterAmps 1.329
00917 sdo[0x6411][3] = 1400 : sdo[0x5003][3] = 1400 | 155 | 0.5
00917 TEST: Status Message Amp.Port_2A 1400.0 +/- 155.0
00917 PASS: Status Message Amp.Port_2A 1393.0
00918 sdo[0x6411][3] = 1410 : MeterAmps = 1.41 | 0.155 | 0.5
00918 PASS: MeterAmps 1.337
00919 sdo[0x6411][3] = 1410 : sdo[0x5003][3] = 1410 | 155 | 0.5
00919 TEST: Status Message Amp.Port_2A 1410.0 +/- 155.0
00919 PASS: Status Message Amp.Port_2A 1405.0
00920 sdo[0x6411][3] = 1420 : MeterAmps = 1.42 | 0.155 | 0.5
00920 PASS: MeterAmps 1.349
00921 sdo[0x6411][3] = 1420 : sdo[0x5003][3] = 1420 | 155 | 0.5
00921 TEST: Status Message Amp.Port_2A 1420.0 +/- 155.0
00921 PASS: Status Message Amp.Port_2A 1417.0
00922 sdo[0x6411][3] = 1430 : MeterAmps = 1.43 | 0.155 | 0.5
00922 PASS: MeterAmps 1.356
00923 sdo[0x6411][3] = 1430 : sdo[0x5003][3] = 1430 | 155 | 0.5
00923 TEST: Status Message Amp.Port_2A 1430.0 +/- 155.0
00923 PASS: Status Message Amp.Port_2A 1421.0
00924 sdo[0x6411][3] = 1440 : MeterAmps = 1.44 | 0.155 | 0.5
00924 PASS: MeterAmps 1.367
00925 sdo[0x6411][3] = 1440 : sdo[0x5003][3] = 1440 | 155 | 0.5
00925 TEST: Status Message Amp.Port_2A 1440.0 +/- 155.0
00925 PASS: Status Message Amp.Port_2A 1429.0
00926 sdo[0x6411][3] = 1450 : MeterAmps = 1.45 | 0.155 | 0.5
00926 PASS: MeterAmps 1.376
00927 sdo[0x6411][3] = 1450 : sdo[0x5003][3] = 1450 | 155 | 0.5
00927 TEST: Status Message Amp.Port_2A 1450.0 +/- 155.0
00927 PASS: Status Message Amp.Port_2A 1445.0
00928 sdo[0x6411][3] = 1460 : MeterAmps = 1.46 | 0.155 | 0.5
00928 PASS: MeterAmps 1.388
00929 sdo[0x6411][3] = 1460 : sdo[0x5003][3] = 1460 | 155 | 0.5
00929 TEST: Status Message Amp.Port_2A 1460.0 +/- 155.0
00929 PASS: Status Message Amp.Port_2A 1453.0
00930 sdo[0x6411][3] = 1470 : MeterAmps = 1.47 | 0.155 | 0.5
00930 PASS: MeterAmps 1.396
00931 sdo[0x6411][3] = 1470 : sdo[0x5003][3] = 1470 | 155 | 0.5
00931 TEST: Status Message Amp.Port_2A 1470.0 +/- 155.0
00931 PASS: Status Message Amp.Port_2A 1465.0
00932 sdo[0x6411][3] = 1480 : MeterAmps = 1.48 | 0.155 | 0.5
00932 PASS: MeterAmps 1.406
00933 sdo[0x6411][3] = 1480 : sdo[0x5003][3] = 1480 | 155 | 0.5
00933 TEST: Status Message Amp.Port_2A 1480.0 +/- 155.0
00933 PASS: Status Message Amp.Port_2A 1477.0
00934 sdo[0x6411][3] = 1490 : MeterAmps = 1.49 | 0.155 | 0.5
00934 PASS: MeterAmps 1.41
00935 sdo[0x6411][3] = 1490 : sdo[0x5003][3] = 1490 | 155 | 0.5
00935 TEST: Status Message Amp.Port_2A 1490.0 +/- 155.0
00935 PASS: Status Message Amp.Port_2A 1485.0
00936 sdo[0x6411][3] = 1500 : MeterAmps = 1.5 | 0.155 | 0.5
00936 PASS: MeterAmps 1.422
00937 sdo[0x6411][3] = 1500 : sdo[0x5003][3] = 1500 | 155 | 0.5
00937 TEST: Status Message Amp.Port_2A 1500.0 +/- 155.0
00937 PASS: Status Message Amp.Port_2A 1493.0
00938 #switch out load line, switch coil
00938 sdo[0x6411][3] = 0 : NULL : WAIT = 1
00939 J2_03 = 0 : NULL : WAIT = 1
00940 #read signal value to update
00940 NULL : sdo[0x5003][3] = 0 | 155 | 0.5
00940 TEST: Status Message Amp.Port_2A 0.0 +/- 155.0
00940 PASS: Status Message Amp.Port_2A 0.0
00941 J4_01 = 0, J4_03 = 1 : NULL : WAIT = 0.5
00942 J4_02 = 1, J4_03 = 1 : NULL : WAIT = 1
00943 #-----setup 37000-----
00943 sdo[0x2000][1] = 0 : NULL : WAIT = 0.2
00944 sdo[0x2000][3] = 0 : NULL : WAIT = 0.2
00945 sdo[0x2000][4] = 0 : NULL : WAIT = 0.2
00946 sdo[0x2001][2] = 68 : NULL : WAIT = 0.2
00947 #switch in load line, set current
00947 J2_04 = 1 : NULL : WAIT = 0.5
00948 OPERATIONAL
00948 
00948 sdo[0x6411][4] = 0 : MeterAmps = 0.0 | 0.155 | 0.5
00948 TEST: MeterAmps 0.0 +/- 0.155
00948 PASS: MeterAmps 0.0
00949 sdo[0x6411][4] = 0 : sdo[0x5003][4] = 0 | 155 | 0.5
00949 TEST: Status Message Amp.Port_2B 0.0 +/- 155.0
00949 PASS: Status Message Amp.Port_2B 0.0
00950 sdo[0x6411][4] = 10 : MeterAmps = 0.01 | 0.155 | 0.5
00950 PASS: MeterAmps 0.0
00951 sdo[0x6411][4] = 10 : sdo[0x5003][4] = 10 | 155 | 0.5
00951 TEST: Status Message Amp.Port_2B 10.0 +/- 155.0
00951 PASS: Status Message Amp.Port_2B 31.0
00952 sdo[0x6411][4] = 20 : MeterAmps = 0.02 | 0.155 | 0.5
00952 PASS: MeterAmps 0.042
00953 sdo[0x6411][4] = 20 : sdo[0x5003][4] = 20 | 155 | 0.5
00953 TEST: Status Message Amp.Port_2B 20.0 +/- 155.0
00953 PASS: Status Message Amp.Port_2B 35.0
00954 sdo[0x6411][4] = 30 : MeterAmps = 0.03 | 0.155 | 0.5
00954 PASS: MeterAmps 0.042
00955 sdo[0x6411][4] = 30 : sdo[0x5003][4] = 30 | 155 | 0.5
00955 TEST: Status Message Amp.Port_2B 30.0 +/- 155.0
00955 PASS: Status Message Amp.Port_2B 31.0
00956 sdo[0x6411][4] = 40 : MeterAmps = 0.04 | 0.155 | 0.5
00956 PASS: MeterAmps 0.042
00957 sdo[0x6411][4] = 40 : sdo[0x5003][4] = 40 | 155 | 0.5
00957 TEST: Status Message Amp.Port_2B 40.0 +/- 155.0
00957 PASS: Status Message Amp.Port_2B 35.0
00958 sdo[0x6411][4] = 50 : MeterAmps = 0.05 | 0.155 | 0.5
00958 PASS: MeterAmps 0.042
00959 sdo[0x6411][4] = 50 : sdo[0x5003][4] = 50 | 155 | 0.5
00959 TEST: Status Message Amp.Port_2B 50.0 +/- 155.0
00959 PASS: Status Message Amp.Port_2B 31.0
00960 sdo[0x6411][4] = 60 : MeterAmps = 0.06 | 0.155 | 0.5
00960 PASS: MeterAmps 0.042
00961 sdo[0x6411][4] = 60 : sdo[0x5003][4] = 60 | 155 | 0.5
00961 TEST: Status Message Amp.Port_2B 60.0 +/- 155.0
00961 PASS: Status Message Amp.Port_2B 35.0
00962 sdo[0x6411][4] = 70 : MeterAmps = 0.07 | 0.155 | 0.5
00962 PASS: MeterAmps 0.045
00963 sdo[0x6411][4] = 70 : sdo[0x5003][4] = 70 | 155 | 0.5
00963 TEST: Status Message Amp.Port_2B 70.0 +/- 155.0
00963 PASS: Status Message Amp.Port_2B 63.0
00964 sdo[0x6411][4] = 80 : MeterAmps = 0.08 | 0.155 | 0.5
00964 PASS: MeterAmps 0.076
00965 sdo[0x6411][4] = 80 : sdo[0x5003][4] = 80 | 155 | 0.5
00965 TEST: Status Message Amp.Port_2B 80.0 +/- 155.0
00965 PASS: Status Message Amp.Port_2B 79.0
00966 sdo[0x6411][4] = 90 : MeterAmps = 0.09 | 0.155 | 0.5
00966 PASS: MeterAmps 0.086
00967 sdo[0x6411][4] = 90 : sdo[0x5003][4] = 90 | 155 | 0.5
00967 TEST: Status Message Amp.Port_2B 90.0 +/- 155.0
00967 PASS: Status Message Amp.Port_2B 87.0
00968 sdo[0x6411][4] = 100 : MeterAmps = 0.1 | 0.155 | 0.5
00968 PASS: MeterAmps 0.093
00969 sdo[0x6411][4] = 100 : sdo[0x5003][4] = 100 | 155 | 0.5
00969 TEST: Status Message Amp.Port_2B 100.0 +/- 155.0
00969 PASS: Status Message Amp.Port_2B 95.0
00970 sdo[0x6411][4] = 110 : MeterAmps = 0.11 | 0.155 | 0.5
00970 PASS: MeterAmps 0.106
00971 sdo[0x6411][4] = 110 : sdo[0x5003][4] = 110 | 155 | 0.5
00971 TEST: Status Message Amp.Port_2B 110.0 +/- 155.0
00971 PASS: Status Message Amp.Port_2B 103.0
00972 sdo[0x6411][4] = 120 : MeterAmps = 0.12 | 0.155 | 0.5
00972 PASS: MeterAmps 0.115
00973 sdo[0x6411][4] = 120 : sdo[0x5003][4] = 120 | 155 | 0.5
00973 TEST: Status Message Amp.Port_2B 120.0 +/- 155.0
00973 PASS: Status Message Amp.Port_2B 115.0
00974 sdo[0x6411][4] = 130 : MeterAmps = 0.13 | 0.155 | 0.5
00974 PASS: MeterAmps 0.125
00975 sdo[0x6411][4] = 130 : sdo[0x5003][4] = 130 | 155 | 0.5
00975 TEST: Status Message Amp.Port_2B 130.0 +/- 155.0
00975 PASS: Status Message Amp.Port_2B 127.0
00976 sdo[0x6411][4] = 140 : MeterAmps = 0.14 | 0.155 | 0.5
00976 PASS: MeterAmps 0.132
00977 sdo[0x6411][4] = 140 : sdo[0x5003][4] = 140 | 155 | 0.5
00977 TEST: Status Message Amp.Port_2B 140.0 +/- 155.0
00977 PASS: Status Message Amp.Port_2B 135.0
00978 sdo[0x6411][4] = 150 : MeterAmps = 0.15 | 0.155 | 0.5
00978 PASS: MeterAmps 0.146
00979 sdo[0x6411][4] = 150 : sdo[0x5003][4] = 150 | 155 | 0.5
00979 TEST: Status Message Amp.Port_2B 150.0 +/- 155.0
00979 PASS: Status Message Amp.Port_2B 147.0
00980 sdo[0x6411][4] = 160 : MeterAmps = 0.16 | 0.155 | 0.5
00980 PASS: MeterAmps 0.151
00981 sdo[0x6411][4] = 160 : sdo[0x5003][4] = 160 | 155 | 0.5
00981 TEST: Status Message Amp.Port_2B 160.0 +/- 155.0
00981 PASS: Status Message Amp.Port_2B 155.0
00982 sdo[0x6411][4] = 170 : MeterAmps = 0.17 | 0.155 | 0.5
00982 PASS: MeterAmps 0.162
00983 sdo[0x6411][4] = 170 : sdo[0x5003][4] = 170 | 155 | 0.5
00983 TEST: Status Message Amp.Port_2B 170.0 +/- 155.0
00983 PASS: Status Message Amp.Port_2B 163.0
00984 sdo[0x6411][4] = 180 : MeterAmps = 0.18 | 0.155 | 0.5
00984 PASS: MeterAmps 0.17
00985 sdo[0x6411][4] = 180 : sdo[0x5003][4] = 180 | 155 | 0.5
00985 TEST: Status Message Amp.Port_2B 180.0 +/- 155.0
00985 PASS: Status Message Amp.Port_2B 175.0
00986 sdo[0x6411][4] = 190 : MeterAmps = 0.19 | 0.155 | 0.5
00986 PASS: MeterAmps 0.183
00987 sdo[0x6411][4] = 190 : sdo[0x5003][4] = 190 | 155 | 0.5
00987 TEST: Status Message Amp.Port_2B 190.0 +/- 155.0
00987 PASS: Status Message Amp.Port_2B 183.0
00988 sdo[0x6411][4] = 200 : MeterAmps = 0.2 | 0.155 | 0.5
00988 PASS: MeterAmps 0.191
00989 sdo[0x6411][4] = 200 : sdo[0x5003][4] = 200 | 155 | 0.5
00989 TEST: Status Message Amp.Port_2B 200.0 +/- 155.0
00989 PASS: Status Message Amp.Port_2B 199.0
00990 sdo[0x6411][4] = 210 : MeterAmps = 0.21 | 0.155 | 0.5
00990 PASS: MeterAmps 0.201
00991 sdo[0x6411][4] = 210 : sdo[0x5003][4] = 210 | 155 | 0.5
00991 TEST: Status Message Amp.Port_2B 210.0 +/- 155.0
00991 PASS: Status Message Amp.Port_2B 207.0
00992 sdo[0x6411][4] = 220 : MeterAmps = 0.22 | 0.155 | 0.5
00992 PASS: MeterAmps 0.208
00993 sdo[0x6411][4] = 220 : sdo[0x5003][4] = 220 | 155 | 0.5
00993 TEST: Status Message Amp.Port_2B 220.0 +/- 155.0
00993 PASS: Status Message Amp.Port_2B 215.0
00994 sdo[0x6411][4] = 230 : MeterAmps = 0.23 | 0.155 | 0.5
00994 PASS: MeterAmps 0.22
00995 sdo[0x6411][4] = 230 : sdo[0x5003][4] = 230 | 155 | 0.5
00995 TEST: Status Message Amp.Port_2B 230.0 +/- 155.0
00995 PASS: Status Message Amp.Port_2B 222.0
00996 sdo[0x6411][4] = 240 : MeterAmps = 0.24 | 0.155 | 0.5
00996 PASS: MeterAmps 0.228
00997 sdo[0x6411][4] = 240 : sdo[0x5003][4] = 240 | 155 | 0.5
00997 TEST: Status Message Amp.Port_2B 240.0 +/- 155.0
00997 PASS: Status Message Amp.Port_2B 238.0
00998 sdo[0x6411][4] = 250 : MeterAmps = 0.25 | 0.155 | 0.5
00998 PASS: MeterAmps 0.238
00999 sdo[0x6411][4] = 250 : sdo[0x5003][4] = 250 | 155 | 0.5
00999 TEST: Status Message Amp.Port_2B 250.0 +/- 155.0
00999 PASS: Status Message Amp.Port_2B 246.0
01000 sdo[0x6411][4] = 260 : MeterAmps = 0.26 | 0.155 | 0.5
01000 PASS: MeterAmps 0.246
01001 sdo[0x6411][4] = 260 : sdo[0x5003][4] = 260 | 155 | 0.5
01001 TEST: Status Message Amp.Port_2B 260.0 +/- 155.0
01001 PASS: Status Message Amp.Port_2B 254.0
01002 sdo[0x6411][4] = 270 : MeterAmps = 0.27 | 0.155 | 0.5
01002 PASS: MeterAmps 0.259
01003 sdo[0x6411][4] = 270 : sdo[0x5003][4] = 270 | 155 | 0.5
01003 TEST: Status Message Amp.Port_2B 270.0 +/- 155.0
01003 PASS: Status Message Amp.Port_2B 262.0
01004 sdo[0x6411][4] = 280 : MeterAmps = 0.28 | 0.155 | 0.5
01004 PASS: MeterAmps 0.267
01005 sdo[0x6411][4] = 280 : sdo[0x5003][4] = 280 | 155 | 0.5
01005 TEST: Status Message Amp.Port_2B 280.0 +/- 155.0
01005 PASS: Status Message Amp.Port_2B 274.0
01006 sdo[0x6411][4] = 290 : MeterAmps = 0.29 | 0.155 | 0.5
01006 PASS: MeterAmps 0.277
01007 sdo[0x6411][4] = 290 : sdo[0x5003][4] = 290 | 155 | 0.5
01007 TEST: Status Message Amp.Port_2B 290.0 +/- 155.0
01007 PASS: Status Message Amp.Port_2B 286.0
01008 sdo[0x6411][4] = 300 : MeterAmps = 0.3 | 0.155 | 0.5
01008 PASS: MeterAmps 0.285
01009 sdo[0x6411][4] = 300 : sdo[0x5003][4] = 300 | 155 | 0.5
01009 TEST: Status Message Amp.Port_2B 300.0 +/- 155.0
01009 PASS: Status Message Amp.Port_2B 294.0
01010 sdo[0x6411][4] = 310 : MeterAmps = 0.31 | 0.155 | 0.5
01010 PASS: MeterAmps 0.298
01011 sdo[0x6411][4] = 310 : sdo[0x5003][4] = 310 | 155 | 0.5
01011 TEST: Status Message Amp.Port_2B 310.0 +/- 155.0
01011 PASS: Status Message Amp.Port_2B 302.0
01012 sdo[0x6411][4] = 320 : MeterAmps = 0.32 | 0.155 | 0.5
01012 PASS: MeterAmps 0.305
01013 sdo[0x6411][4] = 320 : sdo[0x5003][4] = 320 | 155 | 0.5
01013 TEST: Status Message Amp.Port_2B 320.0 +/- 155.0
01013 PASS: Status Message Amp.Port_2B 318.0
01014 sdo[0x6411][4] = 330 : MeterAmps = 0.33 | 0.155 | 0.5
01014 PASS: MeterAmps 0.316
01015 sdo[0x6411][4] = 330 : sdo[0x5003][4] = 330 | 155 | 0.5
01015 TEST: Status Message Amp.Port_2B 330.0 +/- 155.0
01015 PASS: Status Message Amp.Port_2B 322.0
01016 sdo[0x6411][4] = 340 : MeterAmps = 0.34 | 0.155 | 0.5
01016 PASS: MeterAmps 0.325
01017 sdo[0x6411][4] = 340 : sdo[0x5003][4] = 340 | 155 | 0.5
01017 TEST: Status Message Amp.Port_2B 340.0 +/- 155.0
01017 PASS: Status Message Amp.Port_2B 338.0
01018 sdo[0x6411][4] = 350 : MeterAmps = 0.35 | 0.155 | 0.5
01018 PASS: MeterAmps 0.336
01019 sdo[0x6411][4] = 350 : sdo[0x5003][4] = 350 | 155 | 0.5
01019 TEST: Status Message Amp.Port_2B 350.0 +/- 155.0
01019 PASS: Status Message Amp.Port_2B 342.0
01020 sdo[0x6411][4] = 360 : MeterAmps = 0.36 | 0.155 | 0.5
01020 PASS: MeterAmps 0.344
01021 sdo[0x6411][4] = 360 : sdo[0x5003][4] = 360 | 155 | 0.5
01021 TEST: Status Message Amp.Port_2B 360.0 +/- 155.0
01021 PASS: Status Message Amp.Port_2B 354.0
01022 sdo[0x6411][4] = 370 : MeterAmps = 0.37 | 0.155 | 0.5
01022 PASS: MeterAmps 0.356
01023 sdo[0x6411][4] = 370 : sdo[0x5003][4] = 370 | 155 | 0.5
01023 TEST: Status Message Amp.Port_2B 370.0 +/- 155.0
01023 PASS: Status Message Amp.Port_2B 366.0
01024 sdo[0x6411][4] = 380 : MeterAmps = 0.38 | 0.155 | 0.5
01024 PASS: MeterAmps 0.363
01025 sdo[0x6411][4] = 380 : sdo[0x5003][4] = 380 | 155 | 0.5
01025 TEST: Status Message Amp.Port_2B 380.0 +/- 155.0
01025 PASS: Status Message Amp.Port_2B 374.0
01026 sdo[0x6411][4] = 390 : MeterAmps = 0.39 | 0.155 | 0.5
01026 PASS: MeterAmps 0.376
01027 sdo[0x6411][4] = 390 : sdo[0x5003][4] = 390 | 155 | 0.5
01027 TEST: Status Message Amp.Port_2B 390.0 +/- 155.0
01027 PASS: Status Message Amp.Port_2B 382.0
01028 sdo[0x6411][4] = 400 : MeterAmps = 0.4 | 0.155 | 0.5
01028 PASS: MeterAmps 0.383
01029 sdo[0x6411][4] = 400 : sdo[0x5003][4] = 400 | 155 | 0.5
01029 TEST: Status Message Amp.Port_2B 400.0 +/- 155.0
01029 PASS: Status Message Amp.Port_2B 394.0
01030 sdo[0x6411][4] = 410 : MeterAmps = 0.41 | 0.155 | 0.5
01030 PASS: MeterAmps 0.395
01031 sdo[0x6411][4] = 410 : sdo[0x5003][4] = 410 | 155 | 0.5
01031 TEST: Status Message Amp.Port_2B 410.0 +/- 155.0
01031 PASS: Status Message Amp.Port_2B 406.0
01032 sdo[0x6411][4] = 420 : MeterAmps = 0.42 | 0.155 | 0.5
01032 PASS: MeterAmps 0.401
01033 sdo[0x6411][4] = 420 : sdo[0x5003][4] = 420 | 155 | 0.5
01033 TEST: Status Message Amp.Port_2B 420.0 +/- 155.0
01033 PASS: Status Message Amp.Port_2B 414.0
01034 sdo[0x6411][4] = 430 : MeterAmps = 0.43 | 0.155 | 0.5
01034 PASS: MeterAmps 0.415
01035 sdo[0x6411][4] = 430 : sdo[0x5003][4] = 430 | 155 | 0.5
01035 TEST: Status Message Amp.Port_2B 430.0 +/- 155.0
01035 PASS: Status Message Amp.Port_2B 422.0
01036 sdo[0x6411][4] = 440 : MeterAmps = 0.44 | 0.155 | 0.5
01036 PASS: MeterAmps 0.422
01037 sdo[0x6411][4] = 440 : sdo[0x5003][4] = 440 | 155 | 0.5
01037 TEST: Status Message Amp.Port_2B 440.0 +/- 155.0
01037 PASS: Status Message Amp.Port_2B 438.0
01038 sdo[0x6411][4] = 450 : MeterAmps = 0.45 | 0.155 | 0.5
01038 PASS: MeterAmps 0.433
01039 sdo[0x6411][4] = 450 : sdo[0x5003][4] = 450 | 155 | 0.5
01039 TEST: Status Message Amp.Port_2B 450.0 +/- 155.0
01039 PASS: Status Message Amp.Port_2B 445.0
01040 sdo[0x6411][4] = 460 : MeterAmps = 0.46 | 0.155 | 0.5
01040 PASS: MeterAmps 0.445
01041 sdo[0x6411][4] = 460 : sdo[0x5003][4] = 460 | 155 | 0.5
01041 TEST: Status Message Amp.Port_2B 460.0 +/- 155.0
01041 PASS: Status Message Amp.Port_2B 453.0
01042 sdo[0x6411][4] = 470 : MeterAmps = 0.47 | 0.155 | 0.5
01042 PASS: MeterAmps 0.455
01043 sdo[0x6411][4] = 470 : sdo[0x5003][4] = 470 | 155 | 0.5
01043 TEST: Status Message Amp.Port_2B 470.0 +/- 155.0
01043 PASS: Status Message Amp.Port_2B 465.0
01044 sdo[0x6411][4] = 480 : MeterAmps = 0.48 | 0.155 | 0.5
01044 PASS: MeterAmps 0.463
01045 sdo[0x6411][4] = 480 : sdo[0x5003][4] = 480 | 155 | 0.5
01045 TEST: Status Message Amp.Port_2B 480.0 +/- 155.0
01045 PASS: Status Message Amp.Port_2B 477.0
01046 sdo[0x6411][4] = 490 : MeterAmps = 0.49 | 0.155 | 0.5
01046 PASS: MeterAmps 0.471
01047 sdo[0x6411][4] = 490 : sdo[0x5003][4] = 490 | 155 | 0.5
01047 TEST: Status Message Amp.Port_2B 490.0 +/- 155.0
01047 PASS: Status Message Amp.Port_2B 485.0
01048 sdo[0x6411][4] = 500 : MeterAmps = 0.5 | 0.155 | 0.5
01048 PASS: MeterAmps 0.483
01049 sdo[0x6411][4] = 500 : sdo[0x5003][4] = 500 | 155 | 0.5
01049 TEST: Status Message Amp.Port_2B 500.0 +/- 155.0
01049 PASS: Status Message Amp.Port_2B 497.0
01050 sdo[0x6411][4] = 510 : MeterAmps = 0.51 | 0.155 | 0.5
01050 PASS: MeterAmps 0.491
01051 sdo[0x6411][4] = 510 : sdo[0x5003][4] = 510 | 155 | 0.5
01051 TEST: Status Message Amp.Port_2B 510.0 +/- 155.0
01051 PASS: Status Message Amp.Port_2B 509.0
01052 sdo[0x6411][4] = 520 : MeterAmps = 0.52 | 0.155 | 0.5
01052 PASS: MeterAmps 0.502
01053 sdo[0x6411][4] = 520 : sdo[0x5003][4] = 520 | 155 | 0.5
01053 TEST: Status Message Amp.Port_2B 520.0 +/- 155.0
01053 PASS: Status Message Amp.Port_2B 517.0
01054 sdo[0x6411][4] = 530 : MeterAmps = 0.53 | 0.155 | 0.5
01054 PASS: MeterAmps 0.511
01055 sdo[0x6411][4] = 530 : sdo[0x5003][4] = 530 | 155 | 0.5
01055 TEST: Status Message Amp.Port_2B 530.0 +/- 155.0
01055 PASS: Status Message Amp.Port_2B 525.0
01056 sdo[0x6411][4] = 540 : MeterAmps = 0.54 | 0.155 | 0.5
01056 PASS: MeterAmps 0.522
01057 sdo[0x6411][4] = 540 : sdo[0x5003][4] = 540 | 155 | 0.5
01057 TEST: Status Message Amp.Port_2B 540.0 +/- 155.0
01057 PASS: Status Message Amp.Port_2B 533.0
01058 sdo[0x6411][4] = 550 : MeterAmps = 0.55 | 0.155 | 0.5
01058 PASS: MeterAmps 0.53
01059 sdo[0x6411][4] = 550 : sdo[0x5003][4] = 550 | 155 | 0.5
01059 TEST: Status Message Amp.Port_2B 550.0 +/- 155.0
01059 PASS: Status Message Amp.Port_2B 545.0
01060 sdo[0x6411][4] = 560 : MeterAmps = 0.56 | 0.155 | 0.5
01060 PASS: MeterAmps 0.541
01061 sdo[0x6411][4] = 560 : sdo[0x5003][4] = 560 | 155 | 0.5
01061 TEST: Status Message Amp.Port_2B 560.0 +/- 155.0
01061 PASS: Status Message Amp.Port_2B 557.0
01062 sdo[0x6411][4] = 570 : MeterAmps = 0.57 | 0.155 | 0.5
01062 PASS: MeterAmps 0.548
01063 sdo[0x6411][4] = 570 : sdo[0x5003][4] = 570 | 155 | 0.5
01063 TEST: Status Message Amp.Port_2B 570.0 +/- 155.0
01063 PASS: Status Message Amp.Port_2B 565.0
01064 sdo[0x6411][4] = 580 : MeterAmps = 0.58 | 0.155 | 0.5
01064 PASS: MeterAmps 0.561
01065 sdo[0x6411][4] = 580 : sdo[0x5003][4] = 580 | 155 | 0.5
01065 TEST: Status Message Amp.Port_2B 580.0 +/- 155.0
01065 PASS: Status Message Amp.Port_2B 573.0
01066 sdo[0x6411][4] = 590 : MeterAmps = 0.59 | 0.155 | 0.5
01066 PASS: MeterAmps 0.57
01067 sdo[0x6411][4] = 590 : sdo[0x5003][4] = 590 | 155 | 0.5
01067 TEST: Status Message Amp.Port_2B 590.0 +/- 155.0
01067 PASS: Status Message Amp.Port_2B 581.0
01068 sdo[0x6411][4] = 600 : MeterAmps = 0.6 | 0.155 | 0.5
01068 PASS: MeterAmps 0.581
01069 sdo[0x6411][4] = 600 : sdo[0x5003][4] = 600 | 155 | 0.5
01069 TEST: Status Message Amp.Port_2B 600.0 +/- 155.0
01069 PASS: Status Message Amp.Port_2B 597.0
01070 sdo[0x6411][4] = 610 : MeterAmps = 0.61 | 0.155 | 0.5
01070 PASS: MeterAmps 0.586
01071 sdo[0x6411][4] = 610 : sdo[0x5003][4] = 610 | 155 | 0.5
01071 TEST: Status Message Amp.Port_2B 610.0 +/- 155.0
01071 PASS: Status Message Amp.Port_2B 605.0
01072 sdo[0x6411][4] = 620 : MeterAmps = 0.62 | 0.155 | 0.5
01072 PASS: MeterAmps 0.599
01073 sdo[0x6411][4] = 620 : sdo[0x5003][4] = 620 | 155 | 0.5
01073 TEST: Status Message Amp.Port_2B 620.0 +/- 155.0
01073 PASS: Status Message Amp.Port_2B 613.0
01074 sdo[0x6411][4] = 630 : MeterAmps = 0.63 | 0.155 | 0.5
01074 PASS: MeterAmps 0.608
01075 sdo[0x6411][4] = 630 : sdo[0x5003][4] = 630 | 155 | 0.5
01075 TEST: Status Message Amp.Port_2B 630.0 +/- 155.0
01075 PASS: Status Message Amp.Port_2B 625.0
01076 sdo[0x6411][4] = 640 : MeterAmps = 0.64 | 0.155 | 0.5
01076 PASS: MeterAmps 0.618
01077 sdo[0x6411][4] = 640 : sdo[0x5003][4] = 640 | 155 | 0.5
01077 TEST: Status Message Amp.Port_2B 640.0 +/- 155.0
01077 PASS: Status Message Amp.Port_2B 633.0
01078 sdo[0x6411][4] = 650 : MeterAmps = 0.65 | 0.155 | 0.5
01078 PASS: MeterAmps 0.626
01079 sdo[0x6411][4] = 650 : sdo[0x5003][4] = 650 | 155 | 0.5
01079 TEST: Status Message Amp.Port_2B 650.0 +/- 155.0
01079 PASS: Status Message Amp.Port_2B 645.0
01080 sdo[0x6411][4] = 660 : MeterAmps = 0.66 | 0.155 | 0.5
01080 PASS: MeterAmps 0.639
01081 sdo[0x6411][4] = 660 : sdo[0x5003][4] = 660 | 155 | 0.5
01081 TEST: Status Message Amp.Port_2B 660.0 +/- 155.0
01081 PASS: Status Message Amp.Port_2B 657.0
01082 sdo[0x6411][4] = 670 : MeterAmps = 0.67 | 0.155 | 0.5
01082 PASS: MeterAmps 0.645
01083 sdo[0x6411][4] = 670 : sdo[0x5003][4] = 670 | 155 | 0.5
01083 TEST: Status Message Amp.Port_2B 670.0 +/- 155.0
01083 PASS: Status Message Amp.Port_2B 664.0
01084 sdo[0x6411][4] = 680 : MeterAmps = 0.68 | 0.155 | 0.5
01084 PASS: MeterAmps 0.655
01085 sdo[0x6411][4] = 680 : sdo[0x5003][4] = 680 | 155 | 0.5
01085 TEST: Status Message Amp.Port_2B 680.0 +/- 155.0
01085 PASS: Status Message Amp.Port_2B 672.0
01086 sdo[0x6411][4] = 690 : MeterAmps = 0.69 | 0.155 | 0.5
01086 PASS: MeterAmps 0.663
01087 sdo[0x6411][4] = 690 : sdo[0x5003][4] = 690 | 155 | 0.5
01087 TEST: Status Message Amp.Port_2B 690.0 +/- 155.0
01087 PASS: Status Message Amp.Port_2B 684.0
01088 sdo[0x6411][4] = 700 : MeterAmps = 0.7 | 0.155 | 0.5
01088 PASS: MeterAmps 0.675
01089 sdo[0x6411][4] = 700 : sdo[0x5003][4] = 700 | 155 | 0.5
01089 TEST: Status Message Amp.Port_2B 700.0 +/- 155.0
01089 PASS: Status Message Amp.Port_2B 692.0
01090 sdo[0x6411][4] = 710 : MeterAmps = 0.71 | 0.155 | 0.5
01090 PASS: MeterAmps 0.684
01091 sdo[0x6411][4] = 710 : sdo[0x5003][4] = 710 | 155 | 0.5
01091 TEST: Status Message Amp.Port_2B 710.0 +/- 155.0
01091 PASS: Status Message Amp.Port_2B 704.0
01092 sdo[0x6411][4] = 720 : MeterAmps = 0.72 | 0.155 | 0.5
01092 PASS: MeterAmps 0.694
01093 sdo[0x6411][4] = 720 : sdo[0x5003][4] = 720 | 155 | 0.5
01093 TEST: Status Message Amp.Port_2B 720.0 +/- 155.0
01093 PASS: Status Message Amp.Port_2B 712.0
01094 sdo[0x6411][4] = 730 : MeterAmps = 0.73 | 0.155 | 0.5
01094 PASS: MeterAmps 0.702
01095 sdo[0x6411][4] = 730 : sdo[0x5003][4] = 730 | 155 | 0.5
01095 TEST: Status Message Amp.Port_2B 730.0 +/- 155.0
01095 PASS: Status Message Amp.Port_2B 724.0
01096 sdo[0x6411][4] = 740 : MeterAmps = 0.74 | 0.155 | 0.5
01096 PASS: MeterAmps 0.714
01097 sdo[0x6411][4] = 740 : sdo[0x5003][4] = 740 | 155 | 0.5
01097 TEST: Status Message Amp.Port_2B 740.0 +/- 155.0
01097 PASS: Status Message Amp.Port_2B 732.0
01098 sdo[0x6411][4] = 750 : MeterAmps = 0.75 | 0.155 | 0.5
01098 PASS: MeterAmps 0.722
01099 sdo[0x6411][4] = 750 : sdo[0x5003][4] = 750 | 155 | 0.5
01099 TEST: Status Message Amp.Port_2B 750.0 +/- 155.0
01099 PASS: Status Message Amp.Port_2B 744.0
01100 sdo[0x6411][4] = 760 : MeterAmps = 0.76 | 0.155 | 0.5
01100 PASS: MeterAmps 0.734
01101 sdo[0x6411][4] = 760 : sdo[0x5003][4] = 760 | 155 | 0.5
01101 TEST: Status Message Amp.Port_2B 760.0 +/- 155.0
01101 PASS: Status Message Amp.Port_2B 752.0
01102 sdo[0x6411][4] = 770 : MeterAmps = 0.77 | 0.155 | 0.5
01102 PASS: MeterAmps 0.743
01103 sdo[0x6411][4] = 770 : sdo[0x5003][4] = 770 | 155 | 0.5
01103 TEST: Status Message Amp.Port_2B 770.0 +/- 155.0
01103 PASS: Status Message Amp.Port_2B 764.0
01104 sdo[0x6411][4] = 780 : MeterAmps = 0.78 | 0.155 | 0.5
01104 PASS: MeterAmps 0.754
01105 sdo[0x6411][4] = 780 : sdo[0x5003][4] = 780 | 155 | 0.5
01105 TEST: Status Message Amp.Port_2B 780.0 +/- 155.0
01105 PASS: Status Message Amp.Port_2B 776.0
01106 sdo[0x6411][4] = 790 : MeterAmps = 0.79 | 0.155 | 0.5
01106 PASS: MeterAmps 0.761
01107 sdo[0x6411][4] = 790 : sdo[0x5003][4] = 790 | 155 | 0.5
01107 TEST: Status Message Amp.Port_2B 790.0 +/- 155.0
01107 PASS: Status Message Amp.Port_2B 784.0
01108 sdo[0x6411][4] = 800 : MeterAmps = 0.8 | 0.155 | 0.5
01108 PASS: MeterAmps 0.773
01109 sdo[0x6411][4] = 800 : sdo[0x5003][4] = 800 | 155 | 0.5
01109 TEST: Status Message Amp.Port_2B 800.0 +/- 155.0
01109 PASS: Status Message Amp.Port_2B 792.0
01110 sdo[0x6411][4] = 810 : MeterAmps = 0.81 | 0.155 | 0.5
01110 PASS: MeterAmps 0.781
01111 sdo[0x6411][4] = 810 : sdo[0x5003][4] = 810 | 155 | 0.5
01111 TEST: Status Message Amp.Port_2B 810.0 +/- 155.0
01111 PASS: Status Message Amp.Port_2B 804.0
01112 sdo[0x6411][4] = 820 : MeterAmps = 0.82 | 0.155 | 0.5
01112 PASS: MeterAmps 0.793
01113 sdo[0x6411][4] = 820 : sdo[0x5003][4] = 820 | 155 | 0.5
01113 TEST: Status Message Amp.Port_2B 820.0 +/- 155.0
01113 PASS: Status Message Amp.Port_2B 812.0
01114 sdo[0x6411][4] = 830 : MeterAmps = 0.83 | 0.155 | 0.5
01114 PASS: MeterAmps 0.8
01115 sdo[0x6411][4] = 830 : sdo[0x5003][4] = 830 | 155 | 0.5
01115 TEST: Status Message Amp.Port_2B 830.0 +/- 155.0
01115 PASS: Status Message Amp.Port_2B 824.0
01116 sdo[0x6411][4] = 840 : MeterAmps = 0.84 | 0.155 | 0.5
01116 PASS: MeterAmps 0.812
01117 sdo[0x6411][4] = 840 : sdo[0x5003][4] = 840 | 155 | 0.5
01117 TEST: Status Message Amp.Port_2B 840.0 +/- 155.0
01117 PASS: Status Message Amp.Port_2B 832.0
01118 sdo[0x6411][4] = 850 : MeterAmps = 0.85 | 0.155 | 0.5
01118 PASS: MeterAmps 0.821
01119 sdo[0x6411][4] = 850 : sdo[0x5003][4] = 850 | 155 | 0.5
01119 TEST: Status Message Amp.Port_2B 850.0 +/- 155.0
01119 PASS: Status Message Amp.Port_2B 844.0
01120 sdo[0x6411][4] = 860 : MeterAmps = 0.86 | 0.155 | 0.5
01120 PASS: MeterAmps 0.831
01121 sdo[0x6411][4] = 860 : sdo[0x5003][4] = 860 | 155 | 0.5
01121 TEST: Status Message Amp.Port_2B 860.0 +/- 155.0
01121 PASS: Status Message Amp.Port_2B 852.0
01122 sdo[0x6411][4] = 870 : MeterAmps = 0.87 | 0.155 | 0.5
01122 PASS: MeterAmps 0.839
01123 sdo[0x6411][4] = 870 : sdo[0x5003][4] = 870 | 155 | 0.5
01123 TEST: Status Message Amp.Port_2B 870.0 +/- 155.0
01123 PASS: Status Message Amp.Port_2B 864.0
01124 sdo[0x6411][4] = 880 : MeterAmps = 0.88 | 0.155 | 0.5
01124 PASS: MeterAmps 0.851
01125 sdo[0x6411][4] = 880 : sdo[0x5003][4] = 880 | 155 | 0.5
01125 TEST: Status Message Amp.Port_2B 880.0 +/- 155.0
01125 PASS: Status Message Amp.Port_2B 872.0
01126 sdo[0x6411][4] = 890 : MeterAmps = 0.89 | 0.155 | 0.5
01126 PASS: MeterAmps 0.857
01127 sdo[0x6411][4] = 890 : sdo[0x5003][4] = 890 | 155 | 0.5
01127 TEST: Status Message Amp.Port_2B 890.0 +/- 155.0
01127 PASS: Status Message Amp.Port_2B 884.0
01128 sdo[0x6411][4] = 900 : MeterAmps = 0.9 | 0.155 | 0.5
01128 PASS: MeterAmps 0.87
01129 sdo[0x6411][4] = 900 : sdo[0x5003][4] = 900 | 155 | 0.5
01129 TEST: Status Message Amp.Port_2B 900.0 +/- 155.0
01129 PASS: Status Message Amp.Port_2B 895.0
01130 sdo[0x6411][4] = 910 : MeterAmps = 0.91 | 0.155 | 0.5
01130 PASS: MeterAmps 0.882
01131 sdo[0x6411][4] = 910 : sdo[0x5003][4] = 910 | 155 | 0.5
01131 TEST: Status Message Amp.Port_2B 910.0 +/- 155.0
01131 PASS: Status Message Amp.Port_2B 907.0
01132 sdo[0x6411][4] = 920 : MeterAmps = 0.92 | 0.155 | 0.5
01132 PASS: MeterAmps 0.889
01133 sdo[0x6411][4] = 920 : sdo[0x5003][4] = 920 | 155 | 0.5
01133 TEST: Status Message Amp.Port_2B 920.0 +/- 155.0
01133 PASS: Status Message Amp.Port_2B 915.0
01134 sdo[0x6411][4] = 930 : MeterAmps = 0.93 | 0.155 | 0.5
01134 PASS: MeterAmps 0.901
01135 sdo[0x6411][4] = 930 : sdo[0x5003][4] = 930 | 155 | 0.5
01135 TEST: Status Message Amp.Port_2B 930.0 +/- 155.0
01135 PASS: Status Message Amp.Port_2B 923.0
01136 sdo[0x6411][4] = 940 : MeterAmps = 0.94 | 0.155 | 0.5
01136 PASS: MeterAmps 0.909
01137 sdo[0x6411][4] = 940 : sdo[0x5003][4] = 940 | 155 | 0.5
01137 TEST: Status Message Amp.Port_2B 940.0 +/- 155.0
01137 PASS: Status Message Amp.Port_2B 939.0
01138 sdo[0x6411][4] = 950 : MeterAmps = 0.95 | 0.155 | 0.5
01138 PASS: MeterAmps 0.919
01139 sdo[0x6411][4] = 950 : sdo[0x5003][4] = 950 | 155 | 0.5
01139 TEST: Status Message Amp.Port_2B 950.0 +/- 155.0
01139 PASS: Status Message Amp.Port_2B 943.0
01140 sdo[0x6411][4] = 960 : MeterAmps = 0.96 | 0.155 | 0.5
01140 PASS: MeterAmps 0.929
01141 sdo[0x6411][4] = 960 : sdo[0x5003][4] = 960 | 155 | 0.5
01141 TEST: Status Message Amp.Port_2B 960.0 +/- 155.0
01141 PASS: Status Message Amp.Port_2B 955.0
01142 sdo[0x6411][4] = 970 : MeterAmps = 0.97 | 0.155 | 0.5
01142 PASS: MeterAmps 0.94
01143 sdo[0x6411][4] = 970 : sdo[0x5003][4] = 970 | 155 | 0.5
01143 TEST: Status Message Amp.Port_2B 970.0 +/- 155.0
01143 PASS: Status Message Amp.Port_2B 963.0
01144 sdo[0x6411][4] = 980 : MeterAmps = 0.98 | 0.155 | 0.5
01144 PASS: MeterAmps 0.948
01145 sdo[0x6411][4] = 980 : sdo[0x5003][4] = 980 | 155 | 0.5
01145 TEST: Status Message Amp.Port_2B 980.0 +/- 155.0
01145 PASS: Status Message Amp.Port_2B 975.0
01146 sdo[0x6411][4] = 990 : MeterAmps = 0.99 | 0.155 | 0.5
01146 PASS: MeterAmps 0.959
01147 sdo[0x6411][4] = 990 : sdo[0x5003][4] = 990 | 155 | 0.5
01147 TEST: Status Message Amp.Port_2B 990.0 +/- 155.0
01147 PASS: Status Message Amp.Port_2B 987.0
01148 sdo[0x6411][4] = 1000 : MeterAmps = 1.0 | 0.155 | 0.5
01148 PASS: MeterAmps 0.966
01149 sdo[0x6411][4] = 1000 : sdo[0x5003][4] = 1000 | 155 | 0.5
01149 TEST: Status Message Amp.Port_2B 1000.0 +/- 155.0
01149 PASS: Status Message Amp.Port_2B 995.0
01150 sdo[0x6411][4] = 1010 : MeterAmps = 1.01 | 0.155 | 0.5
01150 PASS: MeterAmps 0.978
01151 sdo[0x6411][4] = 1010 : sdo[0x5003][4] = 1010 | 155 | 0.5
01151 TEST: Status Message Amp.Port_2B 1010.0 +/- 155.0
01151 PASS: Status Message Amp.Port_2B 1003.0
01152 sdo[0x6411][4] = 1020 : MeterAmps = 1.02 | 0.155 | 0.5
01152 PASS: MeterAmps 0.985
01153 sdo[0x6411][4] = 1020 : sdo[0x5003][4] = 1020 | 155 | 0.5
01153 TEST: Status Message Amp.Port_2B 1020.0 +/- 155.0
01153 PASS: Status Message Amp.Port_2B 1015.0
01154 sdo[0x6411][4] = 1030 : MeterAmps = 1.03 | 0.155 | 0.5
01154 PASS: MeterAmps 0.997
01155 sdo[0x6411][4] = 1030 : sdo[0x5003][4] = 1030 | 155 | 0.5
01155 TEST: Status Message Amp.Port_2B 1030.0 +/- 155.0
01155 PASS: Status Message Amp.Port_2B 1023.0
01156 sdo[0x6411][4] = 1040 : MeterAmps = 1.04 | 0.155 | 0.5
01156 PASS: MeterAmps 1.005
01157 sdo[0x6411][4] = 1040 : sdo[0x5003][4] = 1040 | 155 | 0.5
01157 TEST: Status Message Amp.Port_2B 1040.0 +/- 155.0
01157 PASS: Status Message Amp.Port_2B 1035.0
01158 sdo[0x6411][4] = 1050 : MeterAmps = 1.05 | 0.155 | 0.5
01158 PASS: MeterAmps 1.015
01159 sdo[0x6411][4] = 1050 : sdo[0x5003][4] = 1050 | 155 | 0.5
01159 TEST: Status Message Amp.Port_2B 1050.0 +/- 155.0
01159 PASS: Status Message Amp.Port_2B 1043.0
01160 sdo[0x6411][4] = 1060 : MeterAmps = 1.06 | 0.155 | 0.5
01160 PASS: MeterAmps 1.024
01161 sdo[0x6411][4] = 1060 : sdo[0x5003][4] = 1060 | 155 | 0.5
01161 TEST: Status Message Amp.Port_2B 1060.0 +/- 155.0
01161 PASS: Status Message Amp.Port_2B 1055.0
01162 sdo[0x6411][4] = 1070 : MeterAmps = 1.07 | 0.155 | 0.5
01162 PASS: MeterAmps 1.036
01163 sdo[0x6411][4] = 1070 : sdo[0x5003][4] = 1070 | 155 | 0.5
01163 TEST: Status Message Amp.Port_2B 1070.0 +/- 155.0
01163 PASS: Status Message Amp.Port_2B 1067.0
01164 sdo[0x6411][4] = 1080 : MeterAmps = 1.08 | 0.155 | 0.5
01164 PASS: MeterAmps 1.043
01165 sdo[0x6411][4] = 1080 : sdo[0x5003][4] = 1080 | 155 | 0.5
01165 TEST: Status Message Amp.Port_2B 1080.0 +/- 155.0
01165 PASS: Status Message Amp.Port_2B 1075.0
01166 sdo[0x6411][4] = 1090 : MeterAmps = 1.09 | 0.155 | 0.5
01166 PASS: MeterAmps 1.055
01167 sdo[0x6411][4] = 1090 : sdo[0x5003][4] = 1090 | 155 | 0.5
01167 TEST: Status Message Amp.Port_2B 1090.0 +/- 155.0
01167 PASS: Status Message Amp.Port_2B 1083.0
01168 sdo[0x6411][4] = 1100 : MeterAmps = 1.1 | 0.155 | 0.5
01168 PASS: MeterAmps 1.064
01169 sdo[0x6411][4] = 1100 : sdo[0x5003][4] = 1100 | 155 | 0.5
01169 TEST: Status Message Amp.Port_2B 1100.0 +/- 155.0
01169 PASS: Status Message Amp.Port_2B 1099.0
01170 sdo[0x6411][4] = 1110 : MeterAmps = 1.11 | 0.155 | 0.5
01170 PASS: MeterAmps 1.073
01171 sdo[0x6411][4] = 1110 : sdo[0x5003][4] = 1110 | 155 | 0.5
01171 TEST: Status Message Amp.Port_2B 1110.0 +/- 155.0
01171 PASS: Status Message Amp.Port_2B 1103.0
01172 sdo[0x6411][4] = 1120 : MeterAmps = 1.12 | 0.155 | 0.5
01172 PASS: MeterAmps 1.082
01173 sdo[0x6411][4] = 1120 : sdo[0x5003][4] = 1120 | 155 | 0.5
01173 TEST: Status Message Amp.Port_2B 1120.0 +/- 155.0
01173 PASS: Status Message Amp.Port_2B 1114.0
01174 sdo[0x6411][4] = 1130 : MeterAmps = 1.13 | 0.155 | 0.5
01174 PASS: MeterAmps 1.094
01175 sdo[0x6411][4] = 1130 : sdo[0x5003][4] = 1130 | 155 | 0.5
01175 TEST: Status Message Amp.Port_2B 1130.0 +/- 155.0
01175 PASS: Status Message Amp.Port_2B 1122.0
01176 sdo[0x6411][4] = 1140 : MeterAmps = 1.14 | 0.155 | 0.5
01176 PASS: MeterAmps 1.102
01177 sdo[0x6411][4] = 1140 : sdo[0x5003][4] = 1140 | 155 | 0.5
01177 TEST: Status Message Amp.Port_2B 1140.0 +/- 155.0
01177 PASS: Status Message Amp.Port_2B 1134.0
01178 sdo[0x6411][4] = 1150 : MeterAmps = 1.15 | 0.155 | 0.5
01178 PASS: MeterAmps 1.113
01179 sdo[0x6411][4] = 1150 : sdo[0x5003][4] = 1150 | 155 | 0.5
01179 TEST: Status Message Amp.Port_2B 1150.0 +/- 155.0
01179 PASS: Status Message Amp.Port_2B 1146.0
01180 sdo[0x6411][4] = 1160 : MeterAmps = 1.16 | 0.155 | 0.5
01180 PASS: MeterAmps 1.12
01181 sdo[0x6411][4] = 1160 : sdo[0x5003][4] = 1160 | 155 | 0.5
01181 TEST: Status Message Amp.Port_2B 1160.0 +/- 155.0
01181 PASS: Status Message Amp.Port_2B 1154.0
01182 sdo[0x6411][4] = 1170 : MeterAmps = 1.17 | 0.155 | 0.5
01182 PASS: MeterAmps 1.132
01183 sdo[0x6411][4] = 1170 : sdo[0x5003][4] = 1170 | 155 | 0.5
01183 TEST: Status Message Amp.Port_2B 1170.0 +/- 155.0
01183 PASS: Status Message Amp.Port_2B 1162.0
01184 sdo[0x6411][4] = 1180 : MeterAmps = 1.18 | 0.155 | 0.5
01184 PASS: MeterAmps 1.139
01185 sdo[0x6411][4] = 1180 : sdo[0x5003][4] = 1180 | 155 | 0.5
01185 TEST: Status Message Amp.Port_2B 1180.0 +/- 155.0
01185 PASS: Status Message Amp.Port_2B 1174.0
01186 sdo[0x6411][4] = 1190 : MeterAmps = 1.19 | 0.155 | 0.5
01186 PASS: MeterAmps 1.151
01187 sdo[0x6411][4] = 1190 : sdo[0x5003][4] = 1190 | 155 | 0.5
01187 TEST: Status Message Amp.Port_2B 1190.0 +/- 155.0
01187 PASS: Status Message Amp.Port_2B 1182.0
01188 sdo[0x6411][4] = 1200 : MeterAmps = 1.2 | 0.155 | 0.5
01188 PASS: MeterAmps 1.159
01189 sdo[0x6411][4] = 1200 : sdo[0x5003][4] = 1200 | 155 | 0.5
01189 TEST: Status Message Amp.Port_2B 1200.0 +/- 155.0
01189 PASS: Status Message Amp.Port_2B 1194.0
01190 sdo[0x6411][4] = 1210 : MeterAmps = 1.21 | 0.155 | 0.5
01190 PASS: MeterAmps 1.171
01191 sdo[0x6411][4] = 1210 : sdo[0x5003][4] = 1210 | 155 | 0.5
01191 TEST: Status Message Amp.Port_2B 1210.0 +/- 155.0
01191 PASS: Status Message Amp.Port_2B 1202.0
01192 sdo[0x6411][4] = 1220 : MeterAmps = 1.22 | 0.155 | 0.5
01192 PASS: MeterAmps 1.181
01193 sdo[0x6411][4] = 1220 : sdo[0x5003][4] = 1220 | 155 | 0.5
01193 TEST: Status Message Amp.Port_2B 1220.0 +/- 155.0
01193 PASS: Status Message Amp.Port_2B 1214.0
01194 sdo[0x6411][4] = 1230 : MeterAmps = 1.23 | 0.155 | 0.5
01194 PASS: MeterAmps 1.191
01195 sdo[0x6411][4] = 1230 : sdo[0x5003][4] = 1230 | 155 | 0.5
01195 TEST: Status Message Amp.Port_2B 1230.0 +/- 155.0
01195 PASS: Status Message Amp.Port_2B 1226.0
01196 sdo[0x6411][4] = 1240 : MeterAmps = 1.24 | 0.155 | 0.5
01196 PASS: MeterAmps 1.196
01197 sdo[0x6411][4] = 1240 : sdo[0x5003][4] = 1240 | 155 | 0.5
01197 TEST: Status Message Amp.Port_2B 1240.0 +/- 155.0
01197 PASS: Status Message Amp.Port_2B 1234.0
01198 sdo[0x6411][4] = 1250 : MeterAmps = 1.25 | 0.155 | 0.5
01198 PASS: MeterAmps 1.208
01199 sdo[0x6411][4] = 1250 : sdo[0x5003][4] = 1250 | 155 | 0.5
01199 TEST: Status Message Amp.Port_2B 1250.0 +/- 155.0
01199 PASS: Status Message Amp.Port_2B 1242.0
01200 sdo[0x6411][4] = 1260 : MeterAmps = 1.26 | 0.155 | 0.5
01200 PASS: MeterAmps 1.217
01201 sdo[0x6411][4] = 1260 : sdo[0x5003][4] = 1260 | 155 | 0.5
01201 TEST: Status Message Amp.Port_2B 1260.0 +/- 155.0
01201 PASS: Status Message Amp.Port_2B 1258.0
01202 sdo[0x6411][4] = 1270 : MeterAmps = 1.27 | 0.155 | 0.5
01202 PASS: MeterAmps 1.226
01203 sdo[0x6411][4] = 1270 : sdo[0x5003][4] = 1270 | 155 | 0.5
01203 TEST: Status Message Amp.Port_2B 1270.0 +/- 155.0
01203 PASS: Status Message Amp.Port_2B 1262.0
01204 sdo[0x6411][4] = 1280 : MeterAmps = 1.28 | 0.155 | 0.5
01204 PASS: MeterAmps 1.236
01205 sdo[0x6411][4] = 1280 : sdo[0x5003][4] = 1280 | 155 | 0.5
01205 TEST: Status Message Amp.Port_2B 1280.0 +/- 155.0
01205 PASS: Status Message Amp.Port_2B 1274.0
01206 sdo[0x6411][4] = 1290 : MeterAmps = 1.29 | 0.155 | 0.5
01206 PASS: MeterAmps 1.248
01207 sdo[0x6411][4] = 1290 : sdo[0x5003][4] = 1290 | 155 | 0.5
01207 TEST: Status Message Amp.Port_2B 1290.0 +/- 155.0
01207 PASS: Status Message Amp.Port_2B 1282.0
01208 sdo[0x6411][4] = 1300 : MeterAmps = 1.3 | 0.155 | 0.5
01208 PASS: MeterAmps 1.255
01209 sdo[0x6411][4] = 1300 : sdo[0x5003][4] = 1300 | 155 | 0.5
01209 TEST: Status Message Amp.Port_2B 1300.0 +/- 155.0
01209 PASS: Status Message Amp.Port_2B 1294.0
01210 sdo[0x6411][4] = 1310 : MeterAmps = 1.31 | 0.155 | 0.5
01210 PASS: MeterAmps 1.267
01211 sdo[0x6411][4] = 1310 : sdo[0x5003][4] = 1310 | 155 | 0.5
01211 TEST: Status Message Amp.Port_2B 1310.0 +/- 155.0
01211 PASS: Status Message Amp.Port_2B 1302.0
01212 sdo[0x6411][4] = 1320 : MeterAmps = 1.32 | 0.155 | 0.5
01212 PASS: MeterAmps 1.274
01213 sdo[0x6411][4] = 1320 : sdo[0x5003][4] = 1320 | 155 | 0.5
01213 TEST: Status Message Amp.Port_2B 1320.0 +/- 155.0
01213 PASS: Status Message Amp.Port_2B 1314.0
01214 sdo[0x6411][4] = 1330 : MeterAmps = 1.33 | 0.155 | 0.5
01214 PASS: MeterAmps 1.286
01215 sdo[0x6411][4] = 1330 : sdo[0x5003][4] = 1330 | 155 | 0.5
01215 TEST: Status Message Amp.Port_2B 1330.0 +/- 155.0
01215 PASS: Status Message Amp.Port_2B 1326.0
01216 sdo[0x6411][4] = 1340 : MeterAmps = 1.34 | 0.155 | 0.5
01216 PASS: MeterAmps 1.297
01217 sdo[0x6411][4] = 1340 : sdo[0x5003][4] = 1340 | 155 | 0.5
01217 TEST: Status Message Amp.Port_2B 1340.0 +/- 155.0
01217 PASS: Status Message Amp.Port_2B 1333.0
01218 sdo[0x6411][4] = 1350 : MeterAmps = 1.35 | 0.155 | 0.5
01218 PASS: MeterAmps 1.305
01219 sdo[0x6411][4] = 1350 : sdo[0x5003][4] = 1350 | 155 | 0.5
01219 TEST: Status Message Amp.Port_2B 1350.0 +/- 155.0
01219 PASS: Status Message Amp.Port_2B 1345.0
01220 sdo[0x6411][4] = 1360 : MeterAmps = 1.36 | 0.155 | 0.5
01220 PASS: MeterAmps 1.318
01221 sdo[0x6411][4] = 1360 : sdo[0x5003][4] = 1360 | 155 | 0.5
01221 TEST: Status Message Amp.Port_2B 1360.0 +/- 155.0
01221 PASS: Status Message Amp.Port_2B 1353.0
01222 sdo[0x6411][4] = 1370 : MeterAmps = 1.37 | 0.155 | 0.5
01222 PASS: MeterAmps 1.325
01223 sdo[0x6411][4] = 1370 : sdo[0x5003][4] = 1370 | 155 | 0.5
01223 TEST: Status Message Amp.Port_2B 1370.0 +/- 155.0
01223 PASS: Status Message Amp.Port_2B 1365.0
01224 sdo[0x6411][4] = 1380 : MeterAmps = 1.38 | 0.155 | 0.5
01224 PASS: MeterAmps 1.337
01225 sdo[0x6411][4] = 1380 : sdo[0x5003][4] = 1380 | 155 | 0.5
01225 TEST: Status Message Amp.Port_2B 1380.0 +/- 155.0
01225 PASS: Status Message Amp.Port_2B 1373.0
01226 sdo[0x6411][4] = 1390 : MeterAmps = 1.39 | 0.155 | 0.5
01226 PASS: MeterAmps 1.345
01227 sdo[0x6411][4] = 1390 : sdo[0x5003][4] = 1390 | 155 | 0.5
01227 TEST: Status Message Amp.Port_2B 1390.0 +/- 155.0
01227 PASS: Status Message Amp.Port_2B 1385.0
01228 sdo[0x6411][4] = 1400 : MeterAmps = 1.4 | 0.155 | 0.5
01228 PASS: MeterAmps 1.356
01229 sdo[0x6411][4] = 1400 : sdo[0x5003][4] = 1400 | 155 | 0.5
01229 TEST: Status Message Amp.Port_2B 1400.0 +/- 155.0
01229 PASS: Status Message Amp.Port_2B 1393.0
01230 sdo[0x6411][4] = 1410 : MeterAmps = 1.41 | 0.155 | 0.5
01230 PASS: MeterAmps 1.364
01231 sdo[0x6411][4] = 1410 : sdo[0x5003][4] = 1410 | 155 | 0.5
01231 TEST: Status Message Amp.Port_2B 1410.0 +/- 155.0
01231 PASS: Status Message Amp.Port_2B 1405.0
01232 sdo[0x6411][4] = 1420 : MeterAmps = 1.42 | 0.155 | 0.5
01232 PASS: MeterAmps 1.376
01233 sdo[0x6411][4] = 1420 : sdo[0x5003][4] = 1420 | 155 | 0.5
01233 TEST: Status Message Amp.Port_2B 1420.0 +/- 155.0
01233 PASS: Status Message Amp.Port_2B 1413.0
01234 sdo[0x6411][4] = 1430 : MeterAmps = 1.43 | 0.155 | 0.5
01234 PASS: MeterAmps 1.382
01235 sdo[0x6411][4] = 1430 : sdo[0x5003][4] = 1430 | 155 | 0.5
01235 TEST: Status Message Amp.Port_2B 1430.0 +/- 155.0
01235 PASS: Status Message Amp.Port_2B 1425.0
01236 sdo[0x6411][4] = 1440 : MeterAmps = 1.44 | 0.155 | 0.5
01236 PASS: MeterAmps 1.396
01237 sdo[0x6411][4] = 1440 : sdo[0x5003][4] = 1440 | 155 | 0.5
01237 TEST: Status Message Amp.Port_2B 1440.0 +/- 155.0
01237 PASS: Status Message Amp.Port_2B 1433.0
01238 sdo[0x6411][4] = 1450 : MeterAmps = 1.45 | 0.155 | 0.5
01238 PASS: MeterAmps 1.403
01239 sdo[0x6411][4] = 1450 : sdo[0x5003][4] = 1450 | 155 | 0.5
01239 TEST: Status Message Amp.Port_2B 1450.0 +/- 155.0
01239 PASS: Status Message Amp.Port_2B 1441.0
01240 sdo[0x6411][4] = 1460 : MeterAmps = 1.46 | 0.155 | 0.5
01240 PASS: MeterAmps 1.414
01241 sdo[0x6411][4] = 1460 : sdo[0x5003][4] = 1460 | 155 | 0.5
01241 TEST: Status Message Amp.Port_2B 1460.0 +/- 155.0
01241 PASS: Status Message Amp.Port_2B 1453.0
01242 sdo[0x6411][4] = 1470 : MeterAmps = 1.47 | 0.155 | 0.5
01242 PASS: MeterAmps 1.421
01243 sdo[0x6411][4] = 1470 : sdo[0x5003][4] = 1470 | 155 | 0.5
01243 TEST: Status Message Amp.Port_2B 1470.0 +/- 155.0
01243 PASS: Status Message Amp.Port_2B 1465.0
01244 sdo[0x6411][4] = 1480 : MeterAmps = 1.48 | 0.155 | 0.5
01244 PASS: MeterAmps 1.434
01245 sdo[0x6411][4] = 1480 : sdo[0x5003][4] = 1480 | 155 | 0.5
01245 TEST: Status Message Amp.Port_2B 1480.0 +/- 155.0
01245 PASS: Status Message Amp.Port_2B 1473.0
01246 sdo[0x6411][4] = 1490 : MeterAmps = 1.49 | 0.155 | 0.5
01246 PASS: MeterAmps 1.441
01247 sdo[0x6411][4] = 1490 : sdo[0x5003][4] = 1490 | 155 | 0.5
01247 TEST: Status Message Amp.Port_2B 1490.0 +/- 155.0
01247 PASS: Status Message Amp.Port_2B 1485.0
01248 sdo[0x6411][4] = 1500 : MeterAmps = 1.5 | 0.155 | 0.5
01248 PASS: MeterAmps 1.452
01249 sdo[0x6411][4] = 1500 : sdo[0x5003][4] = 1500 | 155 | 0.5
01249 TEST: Status Message Amp.Port_2B 1500.0 +/- 155.0
01249 PASS: Status Message Amp.Port_2B 1493.0
01250 #switch out load line, switch coil
01250 sdo[0x6411][4] = 0 : NULL : WAIT = 1
01251 J2_04 = 0 : NULL : WAIT = 1
01252 #read signal value to update
01252 NULL : sdo[0x5003][4] = 0 | 155 | 0.5
01252 TEST: Status Message Amp.Port_2B 0.0 +/- 155.0
01252 PASS: Status Message Amp.Port_2B 0.0
01253 J4_02 = 0, J4_03 = 1 : NULL : WAIT = 0.5
01254 J4_01 = 1, J4_03 = 1 : NULL : WAIT = 1
01255 #-----setup 37000-----
01255 sdo[0x2000][1] = 0 : NULL : WAIT = 0.2
01256 sdo[0x2000][3] = 0 : NULL : WAIT = 0.2
01257 sdo[0x2000][4] = 0 : NULL : WAIT = 0.2
01258 sdo[0x2001][3] = 68 : NULL : WAIT = 0.2
01259 #switch in load line, set current
01259 J2_05 = 1 : NULL : WAIT = 0.5
01260 OPERATIONAL
01260 
01260 sdo[0x6411][5] = 0 : MeterAmps = 0.0 | 0.155 | 0.5
01260 TEST: MeterAmps 0.0 +/- 0.155
01260 PASS: MeterAmps 0.0
01261 sdo[0x6411][5] = 0 : sdo[0x5003][5] = 0 | 155 | 0.5
01261 TEST: Status Message Amp.Port_3A 0.0 +/- 155.0
01261 PASS: Status Message Amp.Port_3A 0.0
01262 sdo[0x6411][5] = 10 : MeterAmps = 0.01 | 0.155 | 0.5
01262 PASS: MeterAmps 0.0
01263 sdo[0x6411][5] = 10 : sdo[0x5003][5] = 10 | 155 | 0.5
01263 TEST: Status Message Amp.Port_3A 10.0 +/- 155.0
01263 PASS: Status Message Amp.Port_3A 31.0
01264 sdo[0x6411][5] = 20 : MeterAmps = 0.02 | 0.155 | 0.5
01264 PASS: MeterAmps 0.042
01265 sdo[0x6411][5] = 20 : sdo[0x5003][5] = 20 | 155 | 0.5
01265 TEST: Status Message Amp.Port_3A 20.0 +/- 155.0
01265 PASS: Status Message Amp.Port_3A 31.0
01266 sdo[0x6411][5] = 30 : MeterAmps = 0.03 | 0.155 | 0.5
01266 PASS: MeterAmps 0.042
01267 sdo[0x6411][5] = 30 : sdo[0x5003][5] = 30 | 155 | 0.5
01267 TEST: Status Message Amp.Port_3A 30.0 +/- 155.0
01267 PASS: Status Message Amp.Port_3A 31.0
01268 sdo[0x6411][5] = 40 : MeterAmps = 0.04 | 0.155 | 0.5
01268 PASS: MeterAmps 0.042
01269 sdo[0x6411][5] = 40 : sdo[0x5003][5] = 40 | 155 | 0.5
01269 TEST: Status Message Amp.Port_3A 40.0 +/- 155.0
01269 PASS: Status Message Amp.Port_3A 31.0
01270 sdo[0x6411][5] = 50 : MeterAmps = 0.05 | 0.155 | 0.5
01270 PASS: MeterAmps 0.043
01271 sdo[0x6411][5] = 50 : sdo[0x5003][5] = 50 | 155 | 0.5
01271 TEST: Status Message Amp.Port_3A 50.0 +/- 155.0
01271 PASS: Status Message Amp.Port_3A 31.0
01272 sdo[0x6411][5] = 60 : MeterAmps = 0.06 | 0.155 | 0.5
01272 PASS: MeterAmps 0.043
01273 sdo[0x6411][5] = 60 : sdo[0x5003][5] = 60 | 155 | 0.5
01273 TEST: Status Message Amp.Port_3A 60.0 +/- 155.0
01273 PASS: Status Message Amp.Port_3A 35.0
01274 sdo[0x6411][5] = 70 : MeterAmps = 0.07 | 0.155 | 0.5
01274 PASS: MeterAmps 0.067
01275 sdo[0x6411][5] = 70 : sdo[0x5003][5] = 70 | 155 | 0.5
01275 TEST: Status Message Amp.Port_3A 70.0 +/- 155.0
01275 PASS: Status Message Amp.Port_3A 67.0
01276 sdo[0x6411][5] = 80 : MeterAmps = 0.08 | 0.155 | 0.5
01276 PASS: MeterAmps 0.076
01277 sdo[0x6411][5] = 80 : sdo[0x5003][5] = 80 | 155 | 0.5
01277 TEST: Status Message Amp.Port_3A 80.0 +/- 155.0
01277 PASS: Status Message Amp.Port_3A 75.0
01278 sdo[0x6411][5] = 90 : MeterAmps = 0.09 | 0.155 | 0.5
01278 PASS: MeterAmps 0.091
01279 sdo[0x6411][5] = 90 : sdo[0x5003][5] = 90 | 155 | 0.5
01279 TEST: Status Message Amp.Port_3A 90.0 +/- 155.0
01279 PASS: Status Message Amp.Port_3A 87.0
01280 sdo[0x6411][5] = 100 : MeterAmps = 0.1 | 0.155 | 0.5
01280 PASS: MeterAmps 0.095
01281 sdo[0x6411][5] = 100 : sdo[0x5003][5] = 100 | 155 | 0.5
01281 TEST: Status Message Amp.Port_3A 100.0 +/- 155.0
01281 PASS: Status Message Amp.Port_3A 95.0
01282 sdo[0x6411][5] = 110 : MeterAmps = 0.11 | 0.155 | 0.5
01282 PASS: MeterAmps 0.106
01283 sdo[0x6411][5] = 110 : sdo[0x5003][5] = 110 | 155 | 0.5
01283 TEST: Status Message Amp.Port_3A 110.0 +/- 155.0
01283 PASS: Status Message Amp.Port_3A 103.0
01284 sdo[0x6411][5] = 120 : MeterAmps = 0.12 | 0.155 | 0.5
01284 PASS: MeterAmps 0.116
01285 sdo[0x6411][5] = 120 : sdo[0x5003][5] = 120 | 155 | 0.5
01285 TEST: Status Message Amp.Port_3A 120.0 +/- 155.0
01285 PASS: Status Message Amp.Port_3A 115.0
01286 sdo[0x6411][5] = 130 : MeterAmps = 0.13 | 0.155 | 0.5
01286 PASS: MeterAmps 0.127
01287 sdo[0x6411][5] = 130 : sdo[0x5003][5] = 130 | 155 | 0.5
01287 TEST: Status Message Amp.Port_3A 130.0 +/- 155.0
01287 PASS: Status Message Amp.Port_3A 123.0
01288 sdo[0x6411][5] = 140 : MeterAmps = 0.14 | 0.155 | 0.5
01288 PASS: MeterAmps 0.134
01289 sdo[0x6411][5] = 140 : sdo[0x5003][5] = 140 | 155 | 0.5
01289 TEST: Status Message Amp.Port_3A 140.0 +/- 155.0
01289 PASS: Status Message Amp.Port_3A 135.0
01290 sdo[0x6411][5] = 150 : MeterAmps = 0.15 | 0.155 | 0.5
01290 PASS: MeterAmps 0.146
01291 sdo[0x6411][5] = 150 : sdo[0x5003][5] = 150 | 155 | 0.5
01291 TEST: Status Message Amp.Port_3A 150.0 +/- 155.0
01291 PASS: Status Message Amp.Port_3A 147.0
01292 sdo[0x6411][5] = 160 : MeterAmps = 0.16 | 0.155 | 0.5
01292 PASS: MeterAmps 0.153
01293 sdo[0x6411][5] = 160 : sdo[0x5003][5] = 160 | 155 | 0.5
01293 TEST: Status Message Amp.Port_3A 160.0 +/- 155.0
01293 PASS: Status Message Amp.Port_3A 155.0
01294 sdo[0x6411][5] = 170 : MeterAmps = 0.17 | 0.155 | 0.5
01294 PASS: MeterAmps 0.164
01295 sdo[0x6411][5] = 170 : sdo[0x5003][5] = 170 | 155 | 0.5
01295 TEST: Status Message Amp.Port_3A 170.0 +/- 155.0
01295 PASS: Status Message Amp.Port_3A 163.0
01296 sdo[0x6411][5] = 180 : MeterAmps = 0.18 | 0.155 | 0.5
01296 PASS: MeterAmps 0.172
01297 sdo[0x6411][5] = 180 : sdo[0x5003][5] = 180 | 155 | 0.5
01297 TEST: Status Message Amp.Port_3A 180.0 +/- 155.0
01297 PASS: Status Message Amp.Port_3A 171.0
01298 sdo[0x6411][5] = 190 : MeterAmps = 0.19 | 0.155 | 0.5
01298 PASS: MeterAmps 0.184
01299 sdo[0x6411][5] = 190 : sdo[0x5003][5] = 190 | 155 | 0.5
01299 TEST: Status Message Amp.Port_3A 190.0 +/- 155.0
01299 PASS: Status Message Amp.Port_3A 187.0
01300 sdo[0x6411][5] = 200 : MeterAmps = 0.2 | 0.155 | 0.5
01300 PASS: MeterAmps 0.19
01301 sdo[0x6411][5] = 200 : sdo[0x5003][5] = 200 | 155 | 0.5
01301 TEST: Status Message Amp.Port_3A 200.0 +/- 155.0
01301 PASS: Status Message Amp.Port_3A 195.0
01302 sdo[0x6411][5] = 210 : MeterAmps = 0.21 | 0.155 | 0.5
01302 PASS: MeterAmps 0.203
01303 sdo[0x6411][5] = 210 : sdo[0x5003][5] = 210 | 155 | 0.5
01303 TEST: Status Message Amp.Port_3A 210.0 +/- 155.0
01303 PASS: Status Message Amp.Port_3A 203.0
01304 sdo[0x6411][5] = 220 : MeterAmps = 0.22 | 0.155 | 0.5
01304 PASS: MeterAmps 0.213
01305 sdo[0x6411][5] = 220 : sdo[0x5003][5] = 220 | 155 | 0.5
01305 TEST: Status Message Amp.Port_3A 220.0 +/- 155.0
01305 PASS: Status Message Amp.Port_3A 219.0
01306 sdo[0x6411][5] = 230 : MeterAmps = 0.23 | 0.155 | 0.5
01306 PASS: MeterAmps 0.219
01307 sdo[0x6411][5] = 230 : sdo[0x5003][5] = 230 | 155 | 0.5
01307 TEST: Status Message Amp.Port_3A 230.0 +/- 155.0
01307 PASS: Status Message Amp.Port_3A 226.0
01308 sdo[0x6411][5] = 240 : MeterAmps = 0.24 | 0.155 | 0.5
01308 PASS: MeterAmps 0.227
01309 sdo[0x6411][5] = 240 : sdo[0x5003][5] = 240 | 155 | 0.5
01309 TEST: Status Message Amp.Port_3A 240.0 +/- 155.0
01309 PASS: Status Message Amp.Port_3A 234.0
01310 sdo[0x6411][5] = 250 : MeterAmps = 0.25 | 0.155 | 0.5
01310 PASS: MeterAmps 0.241
01311 sdo[0x6411][5] = 250 : sdo[0x5003][5] = 250 | 155 | 0.5
01311 TEST: Status Message Amp.Port_3A 250.0 +/- 155.0
01311 PASS: Status Message Amp.Port_3A 242.0
01312 sdo[0x6411][5] = 260 : MeterAmps = 0.26 | 0.155 | 0.5
01312 PASS: MeterAmps 0.247
01313 sdo[0x6411][5] = 260 : sdo[0x5003][5] = 260 | 155 | 0.5
01313 TEST: Status Message Amp.Port_3A 260.0 +/- 155.0
01313 PASS: Status Message Amp.Port_3A 254.0
01314 sdo[0x6411][5] = 270 : MeterAmps = 0.27 | 0.155 | 0.5
01314 PASS: MeterAmps 0.258
01315 sdo[0x6411][5] = 270 : sdo[0x5003][5] = 270 | 155 | 0.5
01315 TEST: Status Message Amp.Port_3A 270.0 +/- 155.0
01315 PASS: Status Message Amp.Port_3A 262.0
01316 sdo[0x6411][5] = 280 : MeterAmps = 0.28 | 0.155 | 0.5
01316 PASS: MeterAmps 0.266
01317 sdo[0x6411][5] = 280 : sdo[0x5003][5] = 280 | 155 | 0.5
01317 TEST: Status Message Amp.Port_3A 280.0 +/- 155.0
01317 PASS: Status Message Amp.Port_3A 278.0
01318 sdo[0x6411][5] = 290 : MeterAmps = 0.29 | 0.155 | 0.5
01318 PASS: MeterAmps 0.277
01319 sdo[0x6411][5] = 290 : sdo[0x5003][5] = 290 | 155 | 0.5
01319 TEST: Status Message Amp.Port_3A 290.0 +/- 155.0
01319 PASS: Status Message Amp.Port_3A 282.0
01320 sdo[0x6411][5] = 300 : MeterAmps = 0.3 | 0.155 | 0.5
01320 PASS: MeterAmps 0.285
01321 sdo[0x6411][5] = 300 : sdo[0x5003][5] = 300 | 155 | 0.5
01321 TEST: Status Message Amp.Port_3A 300.0 +/- 155.0
01321 PASS: Status Message Amp.Port_3A 294.0
01322 sdo[0x6411][5] = 310 : MeterAmps = 0.31 | 0.155 | 0.5
01322 PASS: MeterAmps 0.297
01323 sdo[0x6411][5] = 310 : sdo[0x5003][5] = 310 | 155 | 0.5
01323 TEST: Status Message Amp.Port_3A 310.0 +/- 155.0
01323 PASS: Status Message Amp.Port_3A 306.0
01324 sdo[0x6411][5] = 320 : MeterAmps = 0.32 | 0.155 | 0.5
01324 PASS: MeterAmps 0.304
01325 sdo[0x6411][5] = 320 : sdo[0x5003][5] = 320 | 155 | 0.5
01325 TEST: Status Message Amp.Port_3A 320.0 +/- 155.0
01325 PASS: Status Message Amp.Port_3A 314.0
01326 sdo[0x6411][5] = 330 : MeterAmps = 0.33 | 0.155 | 0.5
01326 PASS: MeterAmps 0.317
01327 sdo[0x6411][5] = 330 : sdo[0x5003][5] = 330 | 155 | 0.5
01327 TEST: Status Message Amp.Port_3A 330.0 +/- 155.0
01327 PASS: Status Message Amp.Port_3A 322.0
01328 sdo[0x6411][5] = 340 : MeterAmps = 0.34 | 0.155 | 0.5
01328 PASS: MeterAmps 0.324
01329 sdo[0x6411][5] = 340 : sdo[0x5003][5] = 340 | 155 | 0.5
01329 TEST: Status Message Amp.Port_3A 340.0 +/- 155.0
01329 PASS: Status Message Amp.Port_3A 334.0
01330 sdo[0x6411][5] = 350 : MeterAmps = 0.35 | 0.155 | 0.5
01330 PASS: MeterAmps 0.336
01331 sdo[0x6411][5] = 350 : sdo[0x5003][5] = 350 | 155 | 0.5
01331 TEST: Status Message Amp.Port_3A 350.0 +/- 155.0
01331 PASS: Status Message Amp.Port_3A 346.0
01332 sdo[0x6411][5] = 360 : MeterAmps = 0.36 | 0.155 | 0.5
01332 PASS: MeterAmps 0.341
01333 sdo[0x6411][5] = 360 : sdo[0x5003][5] = 360 | 155 | 0.5
01333 TEST: Status Message Amp.Port_3A 360.0 +/- 155.0
01333 PASS: Status Message Amp.Port_3A 354.0
01334 sdo[0x6411][5] = 370 : MeterAmps = 0.37 | 0.155 | 0.5
01334 PASS: MeterAmps 0.353
01335 sdo[0x6411][5] = 370 : sdo[0x5003][5] = 370 | 155 | 0.5
01335 TEST: Status Message Amp.Port_3A 370.0 +/- 155.0
01335 PASS: Status Message Amp.Port_3A 362.0
01336 sdo[0x6411][5] = 380 : MeterAmps = 0.38 | 0.155 | 0.5
01336 PASS: MeterAmps 0.362
01337 sdo[0x6411][5] = 380 : sdo[0x5003][5] = 380 | 155 | 0.5
01337 TEST: Status Message Amp.Port_3A 380.0 +/- 155.0
01337 PASS: Status Message Amp.Port_3A 374.0
01338 sdo[0x6411][5] = 390 : MeterAmps = 0.39 | 0.155 | 0.5
01338 PASS: MeterAmps 0.373
01339 sdo[0x6411][5] = 390 : sdo[0x5003][5] = 390 | 155 | 0.5
01339 TEST: Status Message Amp.Port_3A 390.0 +/- 155.0
01339 PASS: Status Message Amp.Port_3A 386.0
01340 sdo[0x6411][5] = 400 : MeterAmps = 0.4 | 0.155 | 0.5
01340 PASS: MeterAmps 0.38
01341 sdo[0x6411][5] = 400 : sdo[0x5003][5] = 400 | 155 | 0.5
01341 TEST: Status Message Amp.Port_3A 400.0 +/- 155.0
01341 PASS: Status Message Amp.Port_3A 394.0
01342 sdo[0x6411][5] = 410 : MeterAmps = 0.41 | 0.155 | 0.5
01342 PASS: MeterAmps 0.394
01343 sdo[0x6411][5] = 410 : sdo[0x5003][5] = 410 | 155 | 0.5
01343 TEST: Status Message Amp.Port_3A 410.0 +/- 155.0
01343 PASS: Status Message Amp.Port_3A 406.0
01344 sdo[0x6411][5] = 420 : MeterAmps = 0.42 | 0.155 | 0.5
01344 PASS: MeterAmps 0.399
01345 sdo[0x6411][5] = 420 : sdo[0x5003][5] = 420 | 155 | 0.5
01345 TEST: Status Message Amp.Port_3A 420.0 +/- 155.0
01345 PASS: Status Message Amp.Port_3A 418.0
01346 sdo[0x6411][5] = 430 : MeterAmps = 0.43 | 0.155 | 0.5
01346 PASS: MeterAmps 0.41
01347 sdo[0x6411][5] = 430 : sdo[0x5003][5] = 430 | 155 | 0.5
01347 TEST: Status Message Amp.Port_3A 430.0 +/- 155.0
01347 PASS: Status Message Amp.Port_3A 422.0
01348 sdo[0x6411][5] = 440 : MeterAmps = 0.44 | 0.155 | 0.5
01348 PASS: MeterAmps 0.418
01349 sdo[0x6411][5] = 440 : sdo[0x5003][5] = 440 | 155 | 0.5
01349 TEST: Status Message Amp.Port_3A 440.0 +/- 155.0
01349 PASS: Status Message Amp.Port_3A 438.0
01350 sdo[0x6411][5] = 450 : MeterAmps = 0.45 | 0.155 | 0.5
01350 PASS: MeterAmps 0.429
01351 sdo[0x6411][5] = 450 : sdo[0x5003][5] = 450 | 155 | 0.5
01351 TEST: Status Message Amp.Port_3A 450.0 +/- 155.0
01351 PASS: Status Message Amp.Port_3A 445.0
01352 sdo[0x6411][5] = 460 : MeterAmps = 0.46 | 0.155 | 0.5
01352 PASS: MeterAmps 0.44
01353 sdo[0x6411][5] = 460 : sdo[0x5003][5] = 460 | 155 | 0.5
01353 TEST: Status Message Amp.Port_3A 460.0 +/- 155.0
01353 PASS: Status Message Amp.Port_3A 453.0
01354 sdo[0x6411][5] = 470 : MeterAmps = 0.47 | 0.155 | 0.5
01354 PASS: MeterAmps 0.448
01355 sdo[0x6411][5] = 470 : sdo[0x5003][5] = 470 | 155 | 0.5
01355 TEST: Status Message Amp.Port_3A 470.0 +/- 155.0
01355 PASS: Status Message Amp.Port_3A 469.0
01356 sdo[0x6411][5] = 480 : MeterAmps = 0.48 | 0.155 | 0.5
01356 PASS: MeterAmps 0.461
01357 sdo[0x6411][5] = 480 : sdo[0x5003][5] = 480 | 155 | 0.5
01357 TEST: Status Message Amp.Port_3A 480.0 +/- 155.0
01357 PASS: Status Message Amp.Port_3A 473.0
01358 sdo[0x6411][5] = 490 : MeterAmps = 0.49 | 0.155 | 0.5
01358 PASS: MeterAmps 0.468
01359 sdo[0x6411][5] = 490 : sdo[0x5003][5] = 490 | 155 | 0.5
01359 TEST: Status Message Amp.Port_3A 490.0 +/- 155.0
01359 PASS: Status Message Amp.Port_3A 485.0
01360 sdo[0x6411][5] = 500 : MeterAmps = 0.5 | 0.155 | 0.5
01360 PASS: MeterAmps 0.479
01361 sdo[0x6411][5] = 500 : sdo[0x5003][5] = 500 | 155 | 0.5
01361 TEST: Status Message Amp.Port_3A 500.0 +/- 155.0
01361 PASS: Status Message Amp.Port_3A 497.0
01362 sdo[0x6411][5] = 510 : MeterAmps = 0.51 | 0.155 | 0.5
01362 PASS: MeterAmps 0.485
01363 sdo[0x6411][5] = 510 : sdo[0x5003][5] = 510 | 155 | 0.5
01363 TEST: Status Message Amp.Port_3A 510.0 +/- 155.0
01363 PASS: Status Message Amp.Port_3A 505.0
01364 sdo[0x6411][5] = 520 : MeterAmps = 0.52 | 0.155 | 0.5
01364 PASS: MeterAmps 0.497
01365 sdo[0x6411][5] = 520 : sdo[0x5003][5] = 520 | 155 | 0.5
01365 TEST: Status Message Amp.Port_3A 520.0 +/- 155.0
01365 PASS: Status Message Amp.Port_3A 513.0
01366 sdo[0x6411][5] = 530 : MeterAmps = 0.53 | 0.155 | 0.5
01366 PASS: MeterAmps 0.507
01367 sdo[0x6411][5] = 530 : sdo[0x5003][5] = 530 | 155 | 0.5
01367 TEST: Status Message Amp.Port_3A 530.0 +/- 155.0
01367 PASS: Status Message Amp.Port_3A 529.0
01368 sdo[0x6411][5] = 540 : MeterAmps = 0.54 | 0.155 | 0.5
01368 PASS: MeterAmps 0.516
01369 sdo[0x6411][5] = 540 : sdo[0x5003][5] = 540 | 155 | 0.5
01369 TEST: Status Message Amp.Port_3A 540.0 +/- 155.0
01369 PASS: Status Message Amp.Port_3A 537.0
01370 sdo[0x6411][5] = 550 : MeterAmps = 0.55 | 0.155 | 0.5
01370 PASS: MeterAmps 0.523
01371 sdo[0x6411][5] = 550 : sdo[0x5003][5] = 550 | 155 | 0.5
01371 TEST: Status Message Amp.Port_3A 550.0 +/- 155.0
01371 PASS: Status Message Amp.Port_3A 545.0
01372 sdo[0x6411][5] = 560 : MeterAmps = 0.56 | 0.155 | 0.5
01372 PASS: MeterAmps 0.536
01373 sdo[0x6411][5] = 560 : sdo[0x5003][5] = 560 | 155 | 0.5
01373 TEST: Status Message Amp.Port_3A 560.0 +/- 155.0
01373 PASS: Status Message Amp.Port_3A 553.0
01374 sdo[0x6411][5] = 570 : MeterAmps = 0.57 | 0.155 | 0.5
01374 PASS: MeterAmps 0.545
01375 sdo[0x6411][5] = 570 : sdo[0x5003][5] = 570 | 155 | 0.5
01375 TEST: Status Message Amp.Port_3A 570.0 +/- 155.0
01375 PASS: Status Message Amp.Port_3A 565.0
01376 sdo[0x6411][5] = 580 : MeterAmps = 0.58 | 0.155 | 0.5
01376 PASS: MeterAmps 0.554
01377 sdo[0x6411][5] = 580 : sdo[0x5003][5] = 580 | 155 | 0.5
01377 TEST: Status Message Amp.Port_3A 580.0 +/- 155.0
01377 PASS: Status Message Amp.Port_3A 577.0
01378 sdo[0x6411][5] = 590 : MeterAmps = 0.59 | 0.155 | 0.5
01378 PASS: MeterAmps 0.561
01379 sdo[0x6411][5] = 590 : sdo[0x5003][5] = 590 | 155 | 0.5
01379 TEST: Status Message Amp.Port_3A 590.0 +/- 155.0
01379 PASS: Status Message Amp.Port_3A 585.0
01380 sdo[0x6411][5] = 600 : MeterAmps = 0.6 | 0.155 | 0.5
01380 PASS: MeterAmps 0.579
01381 sdo[0x6411][5] = 600 : sdo[0x5003][5] = 600 | 155 | 0.5
01381 TEST: Status Message Amp.Port_3A 600.0 +/- 155.0
01381 PASS: Status Message Amp.Port_3A 597.0
01382 sdo[0x6411][5] = 610 : MeterAmps = 0.61 | 0.155 | 0.5
01382 PASS: MeterAmps 0.581
01383 sdo[0x6411][5] = 610 : sdo[0x5003][5] = 610 | 155 | 0.5
01383 TEST: Status Message Amp.Port_3A 610.0 +/- 155.0
01383 PASS: Status Message Amp.Port_3A 605.0
01384 sdo[0x6411][5] = 620 : MeterAmps = 0.62 | 0.155 | 0.5
01384 PASS: MeterAmps 0.592
01385 sdo[0x6411][5] = 620 : sdo[0x5003][5] = 620 | 155 | 0.5
01385 TEST: Status Message Amp.Port_3A 620.0 +/- 155.0
01385 PASS: Status Message Amp.Port_3A 617.0
01386 sdo[0x6411][5] = 630 : MeterAmps = 0.63 | 0.155 | 0.5
01386 PASS: MeterAmps 0.601
01387 sdo[0x6411][5] = 630 : sdo[0x5003][5] = 630 | 155 | 0.5
01387 TEST: Status Message Amp.Port_3A 630.0 +/- 155.0
01387 PASS: Status Message Amp.Port_3A 625.0
01388 sdo[0x6411][5] = 640 : MeterAmps = 0.64 | 0.155 | 0.5
01388 PASS: MeterAmps 0.613
01389 sdo[0x6411][5] = 640 : sdo[0x5003][5] = 640 | 155 | 0.5
01389 TEST: Status Message Amp.Port_3A 640.0 +/- 155.0
01389 PASS: Status Message Amp.Port_3A 633.0
01390 sdo[0x6411][5] = 650 : MeterAmps = 0.65 | 0.155 | 0.5
01390 PASS: MeterAmps 0.621
01391 sdo[0x6411][5] = 650 : sdo[0x5003][5] = 650 | 155 | 0.5
01391 TEST: Status Message Amp.Port_3A 650.0 +/- 155.0
01391 PASS: Status Message Amp.Port_3A 645.0
01392 sdo[0x6411][5] = 660 : MeterAmps = 0.66 | 0.155 | 0.5
01392 PASS: MeterAmps 0.631
01393 sdo[0x6411][5] = 660 : sdo[0x5003][5] = 660 | 155 | 0.5
01393 TEST: Status Message Amp.Port_3A 660.0 +/- 155.0
01393 PASS: Status Message Amp.Port_3A 649.0
01394 sdo[0x6411][5] = 670 : MeterAmps = 0.67 | 0.155 | 0.5
01394 PASS: MeterAmps 0.639
01395 sdo[0x6411][5] = 670 : sdo[0x5003][5] = 670 | 155 | 0.5
01395 TEST: Status Message Amp.Port_3A 670.0 +/- 155.0
01395 PASS: Status Message Amp.Port_3A 664.0
01396 sdo[0x6411][5] = 680 : MeterAmps = 0.68 | 0.155 | 0.5
01396 PASS: MeterAmps 0.652
01397 sdo[0x6411][5] = 680 : sdo[0x5003][5] = 680 | 155 | 0.5
01397 TEST: Status Message Amp.Port_3A 680.0 +/- 155.0
01397 PASS: Status Message Amp.Port_3A 672.0
01398 sdo[0x6411][5] = 690 : MeterAmps = 0.69 | 0.155 | 0.5
01398 PASS: MeterAmps 0.659
01399 sdo[0x6411][5] = 690 : sdo[0x5003][5] = 690 | 155 | 0.5
01399 TEST: Status Message Amp.Port_3A 690.0 +/- 155.0
01399 PASS: Status Message Amp.Port_3A 688.0
01400 sdo[0x6411][5] = 700 : MeterAmps = 0.7 | 0.155 | 0.5
01400 PASS: MeterAmps 0.669
01401 sdo[0x6411][5] = 700 : sdo[0x5003][5] = 700 | 155 | 0.5
01401 TEST: Status Message Amp.Port_3A 700.0 +/- 155.0
01401 PASS: Status Message Amp.Port_3A 696.0
01402 sdo[0x6411][5] = 710 : MeterAmps = 0.71 | 0.155 | 0.5
01402 PASS: MeterAmps 0.676
01403 sdo[0x6411][5] = 710 : sdo[0x5003][5] = 710 | 155 | 0.5
01403 TEST: Status Message Amp.Port_3A 710.0 +/- 155.0
01403 PASS: Status Message Amp.Port_3A 704.0
01404 sdo[0x6411][5] = 720 : MeterAmps = 0.72 | 0.155 | 0.5
01404 PASS: MeterAmps 0.688
01405 sdo[0x6411][5] = 720 : sdo[0x5003][5] = 720 | 155 | 0.5
01405 TEST: Status Message Amp.Port_3A 720.0 +/- 155.0
01405 PASS: Status Message Amp.Port_3A 716.0
01406 sdo[0x6411][5] = 730 : MeterAmps = 0.73 | 0.155 | 0.5
01406 PASS: MeterAmps 0.695
01407 sdo[0x6411][5] = 730 : sdo[0x5003][5] = 730 | 155 | 0.5
01407 TEST: Status Message Amp.Port_3A 730.0 +/- 155.0
01407 PASS: Status Message Amp.Port_3A 724.0
01408 sdo[0x6411][5] = 740 : MeterAmps = 0.74 | 0.155 | 0.5
01408 PASS: MeterAmps 0.707
01409 sdo[0x6411][5] = 740 : sdo[0x5003][5] = 740 | 155 | 0.5
01409 TEST: Status Message Amp.Port_3A 740.0 +/- 155.0
01409 PASS: Status Message Amp.Port_3A 732.0
01410 sdo[0x6411][5] = 750 : MeterAmps = 0.75 | 0.155 | 0.5
01410 PASS: MeterAmps 0.714
01411 sdo[0x6411][5] = 750 : sdo[0x5003][5] = 750 | 155 | 0.5
01411 TEST: Status Message Amp.Port_3A 750.0 +/- 155.0
01411 PASS: Status Message Amp.Port_3A 744.0
01412 sdo[0x6411][5] = 760 : MeterAmps = 0.76 | 0.155 | 0.5
01412 PASS: MeterAmps 0.726
01413 sdo[0x6411][5] = 760 : sdo[0x5003][5] = 760 | 155 | 0.5
01413 TEST: Status Message Amp.Port_3A 760.0 +/- 155.0
01413 PASS: Status Message Amp.Port_3A 752.0
01414 sdo[0x6411][5] = 770 : MeterAmps = 0.77 | 0.155 | 0.5
01414 PASS: MeterAmps 0.734
01415 sdo[0x6411][5] = 770 : sdo[0x5003][5] = 770 | 155 | 0.5
01415 TEST: Status Message Amp.Port_3A 770.0 +/- 155.0
01415 PASS: Status Message Amp.Port_3A 764.0
01416 sdo[0x6411][5] = 780 : MeterAmps = 0.78 | 0.155 | 0.5
01416 PASS: MeterAmps 0.745
01417 sdo[0x6411][5] = 780 : sdo[0x5003][5] = 780 | 155 | 0.5
01417 TEST: Status Message Amp.Port_3A 780.0 +/- 155.0
01417 PASS: Status Message Amp.Port_3A 772.0
01418 sdo[0x6411][5] = 790 : MeterAmps = 0.79 | 0.155 | 0.5
01418 PASS: MeterAmps 0.754
01419 sdo[0x6411][5] = 790 : sdo[0x5003][5] = 790 | 155 | 0.5
01419 TEST: Status Message Amp.Port_3A 790.0 +/- 155.0
01419 PASS: Status Message Amp.Port_3A 784.0
01420 sdo[0x6411][5] = 800 : MeterAmps = 0.8 | 0.155 | 0.5
01420 PASS: MeterAmps 0.764
01421 sdo[0x6411][5] = 800 : sdo[0x5003][5] = 800 | 155 | 0.5
01421 TEST: Status Message Amp.Port_3A 800.0 +/- 155.0
01421 PASS: Status Message Amp.Port_3A 796.0
01422 sdo[0x6411][5] = 810 : MeterAmps = 0.81 | 0.155 | 0.5
01422 PASS: MeterAmps 0.771
01423 sdo[0x6411][5] = 810 : sdo[0x5003][5] = 810 | 155 | 0.5
01423 TEST: Status Message Amp.Port_3A 810.0 +/- 155.0
01423 PASS: Status Message Amp.Port_3A 804.0
01424 sdo[0x6411][5] = 820 : MeterAmps = 0.82 | 0.155 | 0.5
01424 PASS: MeterAmps 0.783
01425 sdo[0x6411][5] = 820 : sdo[0x5003][5] = 820 | 155 | 0.5
01425 TEST: Status Message Amp.Port_3A 820.0 +/- 155.0
01425 PASS: Status Message Amp.Port_3A 816.0
01426 sdo[0x6411][5] = 830 : MeterAmps = 0.83 | 0.155 | 0.5
01426 PASS: MeterAmps 0.79
01427 sdo[0x6411][5] = 830 : sdo[0x5003][5] = 830 | 155 | 0.5
01427 TEST: Status Message Amp.Port_3A 830.0 +/- 155.0
01427 PASS: Status Message Amp.Port_3A 824.0
01428 sdo[0x6411][5] = 840 : MeterAmps = 0.84 | 0.155 | 0.5
01428 PASS: MeterAmps 0.803
01429 sdo[0x6411][5] = 840 : sdo[0x5003][5] = 840 | 155 | 0.5
01429 TEST: Status Message Amp.Port_3A 840.0 +/- 155.0
01429 PASS: Status Message Amp.Port_3A 832.0
01430 sdo[0x6411][5] = 850 : MeterAmps = 0.85 | 0.155 | 0.5
01430 PASS: MeterAmps 0.811
01431 sdo[0x6411][5] = 850 : sdo[0x5003][5] = 850 | 155 | 0.5
01431 TEST: Status Message Amp.Port_3A 850.0 +/- 155.0
01431 PASS: Status Message Amp.Port_3A 844.0
01432 sdo[0x6411][5] = 860 : MeterAmps = 0.86 | 0.155 | 0.5
01432 PASS: MeterAmps 0.82
01433 sdo[0x6411][5] = 860 : sdo[0x5003][5] = 860 | 155 | 0.5
01433 TEST: Status Message Amp.Port_3A 860.0 +/- 155.0
01433 PASS: Status Message Amp.Port_3A 852.0
01434 sdo[0x6411][5] = 870 : MeterAmps = 0.87 | 0.155 | 0.5
01434 PASS: MeterAmps 0.829
01435 sdo[0x6411][5] = 870 : sdo[0x5003][5] = 870 | 155 | 0.5
01435 TEST: Status Message Amp.Port_3A 870.0 +/- 155.0
01435 PASS: Status Message Amp.Port_3A 864.0
01436 sdo[0x6411][5] = 880 : MeterAmps = 0.88 | 0.155 | 0.5
01436 PASS: MeterAmps 0.842
01437 sdo[0x6411][5] = 880 : sdo[0x5003][5] = 880 | 155 | 0.5
01437 TEST: Status Message Amp.Port_3A 880.0 +/- 155.0
01437 PASS: Status Message Amp.Port_3A 872.0
01438 sdo[0x6411][5] = 890 : MeterAmps = 0.89 | 0.155 | 0.5
01438 PASS: MeterAmps 0.849
01439 sdo[0x6411][5] = 890 : sdo[0x5003][5] = 890 | 155 | 0.5
01439 TEST: Status Message Amp.Port_3A 890.0 +/- 155.0
01439 PASS: Status Message Amp.Port_3A 884.0
01440 sdo[0x6411][5] = 900 : MeterAmps = 0.9 | 0.155 | 0.5
01440 PASS: MeterAmps 0.86
01441 sdo[0x6411][5] = 900 : sdo[0x5003][5] = 900 | 155 | 0.5
01441 TEST: Status Message Amp.Port_3A 900.0 +/- 155.0
01441 PASS: Status Message Amp.Port_3A 895.0
01442 sdo[0x6411][5] = 910 : MeterAmps = 0.91 | 0.155 | 0.5
01442 PASS: MeterAmps 0.872
01443 sdo[0x6411][5] = 910 : sdo[0x5003][5] = 910 | 155 | 0.5
01443 TEST: Status Message Amp.Port_3A 910.0 +/- 155.0
01443 PASS: Status Message Amp.Port_3A 911.0
01444 sdo[0x6411][5] = 920 : MeterAmps = 0.92 | 0.155 | 0.5
01444 PASS: MeterAmps 0.879
01445 sdo[0x6411][5] = 920 : sdo[0x5003][5] = 920 | 155 | 0.5
01445 TEST: Status Message Amp.Port_3A 920.0 +/- 155.0
01445 PASS: Status Message Amp.Port_3A 915.0
01446 sdo[0x6411][5] = 930 : MeterAmps = 0.93 | 0.155 | 0.5
01446 PASS: MeterAmps 0.889
01447 sdo[0x6411][5] = 930 : sdo[0x5003][5] = 930 | 155 | 0.5
01447 TEST: Status Message Amp.Port_3A 930.0 +/- 155.0
01447 PASS: Status Message Amp.Port_3A 923.0
01448 sdo[0x6411][5] = 940 : MeterAmps = 0.94 | 0.155 | 0.5
01448 PASS: MeterAmps 0.897
01449 sdo[0x6411][5] = 940 : sdo[0x5003][5] = 940 | 155 | 0.5
01449 TEST: Status Message Amp.Port_3A 940.0 +/- 155.0
01449 PASS: Status Message Amp.Port_3A 935.0
01450 sdo[0x6411][5] = 950 : MeterAmps = 0.95 | 0.155 | 0.5
01450 PASS: MeterAmps 0.909
01451 sdo[0x6411][5] = 950 : sdo[0x5003][5] = 950 | 155 | 0.5
01451 TEST: Status Message Amp.Port_3A 950.0 +/- 155.0
01451 PASS: Status Message Amp.Port_3A 943.0
01452 sdo[0x6411][5] = 960 : MeterAmps = 0.96 | 0.155 | 0.5
01452 PASS: MeterAmps 0.916
01453 sdo[0x6411][5] = 960 : sdo[0x5003][5] = 960 | 155 | 0.5
01453 TEST: Status Message Amp.Port_3A 960.0 +/- 155.0
01453 PASS: Status Message Amp.Port_3A 955.0
01454 sdo[0x6411][5] = 970 : MeterAmps = 0.97 | 0.155 | 0.5
01454 PASS: MeterAmps 0.927
01455 sdo[0x6411][5] = 970 : sdo[0x5003][5] = 970 | 155 | 0.5
01455 TEST: Status Message Amp.Port_3A 970.0 +/- 155.0
01455 PASS: Status Message Amp.Port_3A 963.0
01456 sdo[0x6411][5] = 980 : MeterAmps = 0.98 | 0.155 | 0.5
01456 PASS: MeterAmps 0.936
01457 sdo[0x6411][5] = 980 : sdo[0x5003][5] = 980 | 155 | 0.5
01457 TEST: Status Message Amp.Port_3A 980.0 +/- 155.0
01457 PASS: Status Message Amp.Port_3A 975.0
01458 sdo[0x6411][5] = 990 : MeterAmps = 0.99 | 0.155 | 0.5
01458 PASS: MeterAmps 0.946
01459 sdo[0x6411][5] = 990 : sdo[0x5003][5] = 990 | 155 | 0.5
01459 TEST: Status Message Amp.Port_3A 990.0 +/- 155.0
01459 PASS: Status Message Amp.Port_3A 987.0
01460 sdo[0x6411][5] = 1000 : MeterAmps = 1.0 | 0.155 | 0.5
01460 PASS: MeterAmps 0.954
01461 sdo[0x6411][5] = 1000 : sdo[0x5003][5] = 1000 | 155 | 0.5
01461 TEST: Status Message Amp.Port_3A 1000.0 +/- 155.0
01461 PASS: Status Message Amp.Port_3A 995.0
01462 sdo[0x6411][5] = 1010 : MeterAmps = 1.01 | 0.155 | 0.5
01462 PASS: MeterAmps 0.966
01463 sdo[0x6411][5] = 1010 : sdo[0x5003][5] = 1010 | 155 | 0.5
01463 TEST: Status Message Amp.Port_3A 1010.0 +/- 155.0
01463 PASS: Status Message Amp.Port_3A 1007.0
01464 sdo[0x6411][5] = 1020 : MeterAmps = 1.02 | 0.155 | 0.5
01464 PASS: MeterAmps 0.972
01465 sdo[0x6411][5] = 1020 : sdo[0x5003][5] = 1020 | 155 | 0.5
01465 TEST: Status Message Amp.Port_3A 1020.0 +/- 155.0
01465 PASS: Status Message Amp.Port_3A 1015.0
01466 sdo[0x6411][5] = 1030 : MeterAmps = 1.03 | 0.155 | 0.5
01466 PASS: MeterAmps 0.985
01467 sdo[0x6411][5] = 1030 : sdo[0x5003][5] = 1030 | 155 | 0.5
01467 TEST: Status Message Amp.Port_3A 1030.0 +/- 155.0
01467 PASS: Status Message Amp.Port_3A 1023.0
01468 sdo[0x6411][5] = 1040 : MeterAmps = 1.04 | 0.155 | 0.5
01468 PASS: MeterAmps 0.992
01469 sdo[0x6411][5] = 1040 : sdo[0x5003][5] = 1040 | 155 | 0.5
01469 TEST: Status Message Amp.Port_3A 1040.0 +/- 155.0
01469 PASS: Status Message Amp.Port_3A 1035.0
01470 sdo[0x6411][5] = 1050 : MeterAmps = 1.05 | 0.155 | 0.5
01470 PASS: MeterAmps 1.002
01471 sdo[0x6411][5] = 1050 : sdo[0x5003][5] = 1050 | 155 | 0.5
01471 TEST: Status Message Amp.Port_3A 1050.0 +/- 155.0
01471 PASS: Status Message Amp.Port_3A 1043.0
01472 sdo[0x6411][5] = 1060 : MeterAmps = 1.06 | 0.155 | 0.5
01472 PASS: MeterAmps 1.01
01473 sdo[0x6411][5] = 1060 : sdo[0x5003][5] = 1060 | 155 | 0.5
01473 TEST: Status Message Amp.Port_3A 1060.0 +/- 155.0
01473 PASS: Status Message Amp.Port_3A 1055.0
01474 sdo[0x6411][5] = 1070 : MeterAmps = 1.07 | 0.155 | 0.5
01474 PASS: MeterAmps 1.022
01475 sdo[0x6411][5] = 1070 : sdo[0x5003][5] = 1070 | 155 | 0.5
01475 TEST: Status Message Amp.Port_3A 1070.0 +/- 155.0
01475 PASS: Status Message Amp.Port_3A 1063.0
01476 sdo[0x6411][5] = 1080 : MeterAmps = 1.08 | 0.155 | 0.5
01476 PASS: MeterAmps 1.032
01477 sdo[0x6411][5] = 1080 : sdo[0x5003][5] = 1080 | 155 | 0.5
01477 TEST: Status Message Amp.Port_3A 1080.0 +/- 155.0
01477 PASS: Status Message Amp.Port_3A 1075.0
01478 sdo[0x6411][5] = 1090 : MeterAmps = 1.09 | 0.155 | 0.5
01478 PASS: MeterAmps 1.041
01479 sdo[0x6411][5] = 1090 : sdo[0x5003][5] = 1090 | 155 | 0.5
01479 TEST: Status Message Amp.Port_3A 1090.0 +/- 155.0
01479 PASS: Status Message Amp.Port_3A 1083.0
01480 sdo[0x6411][5] = 1100 : MeterAmps = 1.1 | 0.155 | 0.5
01480 PASS: MeterAmps 1.048
01481 sdo[0x6411][5] = 1100 : sdo[0x5003][5] = 1100 | 155 | 0.5
01481 TEST: Status Message Amp.Port_3A 1100.0 +/- 155.0
01481 PASS: Status Message Amp.Port_3A 1095.0
01482 sdo[0x6411][5] = 1110 : MeterAmps = 1.11 | 0.155 | 0.5
01482 PASS: MeterAmps 1.061
01483 sdo[0x6411][5] = 1110 : sdo[0x5003][5] = 1110 | 155 | 0.5
01483 TEST: Status Message Amp.Port_3A 1110.0 +/- 155.0
01483 PASS: Status Message Amp.Port_3A 1106.0
01484 sdo[0x6411][5] = 1120 : MeterAmps = 1.12 | 0.155 | 0.5
01484 PASS: MeterAmps 1.067
01485 sdo[0x6411][5] = 1120 : sdo[0x5003][5] = 1120 | 155 | 0.5
01485 TEST: Status Message Amp.Port_3A 1120.0 +/- 155.0
01485 PASS: Status Message Amp.Port_3A 1114.0
01486 sdo[0x6411][5] = 1130 : MeterAmps = 1.13 | 0.155 | 0.5
01486 PASS: MeterAmps 1.078
01487 sdo[0x6411][5] = 1130 : sdo[0x5003][5] = 1130 | 155 | 0.5
01487 TEST: Status Message Amp.Port_3A 1130.0 +/- 155.0
01487 PASS: Status Message Amp.Port_3A 1122.0
01488 sdo[0x6411][5] = 1140 : MeterAmps = 1.14 | 0.155 | 0.5
01488 PASS: MeterAmps 1.087
01489 sdo[0x6411][5] = 1140 : sdo[0x5003][5] = 1140 | 155 | 0.5
01489 TEST: Status Message Amp.Port_3A 1140.0 +/- 155.0
01489 PASS: Status Message Amp.Port_3A 1134.0
01490 sdo[0x6411][5] = 1150 : MeterAmps = 1.15 | 0.155 | 0.5
01490 PASS: MeterAmps 1.098
01491 sdo[0x6411][5] = 1150 : sdo[0x5003][5] = 1150 | 155 | 0.5
01491 TEST: Status Message Amp.Port_3A 1150.0 +/- 155.0
01491 PASS: Status Message Amp.Port_3A 1142.0
01492 sdo[0x6411][5] = 1160 : MeterAmps = 1.16 | 0.155 | 0.5
01492 PASS: MeterAmps 1.106
01493 sdo[0x6411][5] = 1160 : sdo[0x5003][5] = 1160 | 155 | 0.5
01493 TEST: Status Message Amp.Port_3A 1160.0 +/- 155.0
01493 PASS: Status Message Amp.Port_3A 1154.0
01494 sdo[0x6411][5] = 1170 : MeterAmps = 1.17 | 0.155 | 0.5
01494 PASS: MeterAmps 1.117
01495 sdo[0x6411][5] = 1170 : sdo[0x5003][5] = 1170 | 155 | 0.5
01495 TEST: Status Message Amp.Port_3A 1170.0 +/- 155.0
01495 PASS: Status Message Amp.Port_3A 1166.0
01496 sdo[0x6411][5] = 1180 : MeterAmps = 1.18 | 0.155 | 0.5
01496 PASS: MeterAmps 1.123
01497 sdo[0x6411][5] = 1180 : sdo[0x5003][5] = 1180 | 155 | 0.5
01497 TEST: Status Message Amp.Port_3A 1180.0 +/- 155.0
01497 PASS: Status Message Amp.Port_3A 1174.0
01498 sdo[0x6411][5] = 1190 : MeterAmps = 1.19 | 0.155 | 0.5
01498 PASS: MeterAmps 1.136
01499 sdo[0x6411][5] = 1190 : sdo[0x5003][5] = 1190 | 155 | 0.5
01499 TEST: Status Message Amp.Port_3A 1190.0 +/- 155.0
01499 PASS: Status Message Amp.Port_3A 1182.0
01500 sdo[0x6411][5] = 1200 : MeterAmps = 1.2 | 0.155 | 0.5
01500 PASS: MeterAmps 1.144
01501 sdo[0x6411][5] = 1200 : sdo[0x5003][5] = 1200 | 155 | 0.5
01501 TEST: Status Message Amp.Port_3A 1200.0 +/- 155.0
01501 PASS: Status Message Amp.Port_3A 1198.0
01502 sdo[0x6411][5] = 1210 : MeterAmps = 1.21 | 0.155 | 0.5
01502 PASS: MeterAmps 1.154
01503 sdo[0x6411][5] = 1210 : sdo[0x5003][5] = 1210 | 155 | 0.5
01503 TEST: Status Message Amp.Port_3A 1210.0 +/- 155.0
01503 PASS: Status Message Amp.Port_3A 1202.0
01504 sdo[0x6411][5] = 1220 : MeterAmps = 1.22 | 0.155 | 0.5
01504 PASS: MeterAmps 1.162
01505 sdo[0x6411][5] = 1220 : sdo[0x5003][5] = 1220 | 155 | 0.5
01505 TEST: Status Message Amp.Port_3A 1220.0 +/- 155.0
01505 PASS: Status Message Amp.Port_3A 1214.0
01506 sdo[0x6411][5] = 1230 : MeterAmps = 1.23 | 0.155 | 0.5
01506 PASS: MeterAmps 1.174
01507 sdo[0x6411][5] = 1230 : sdo[0x5003][5] = 1230 | 155 | 0.5
01507 TEST: Status Message Amp.Port_3A 1230.0 +/- 155.0
01507 PASS: Status Message Amp.Port_3A 1222.0
01508 sdo[0x6411][5] = 1240 : MeterAmps = 1.24 | 0.155 | 0.5
01508 PASS: MeterAmps 1.181
01509 sdo[0x6411][5] = 1240 : sdo[0x5003][5] = 1240 | 155 | 0.5
01509 TEST: Status Message Amp.Port_3A 1240.0 +/- 155.0
01509 PASS: Status Message Amp.Port_3A 1234.0
01510 sdo[0x6411][5] = 1250 : MeterAmps = 1.25 | 0.155 | 0.5
01510 PASS: MeterAmps 1.191
01511 sdo[0x6411][5] = 1250 : sdo[0x5003][5] = 1250 | 155 | 0.5
01511 TEST: Status Message Amp.Port_3A 1250.0 +/- 155.0
01511 PASS: Status Message Amp.Port_3A 1242.0
01512 sdo[0x6411][5] = 1260 : MeterAmps = 1.26 | 0.155 | 0.5
01512 PASS: MeterAmps 1.199
01513 sdo[0x6411][5] = 1260 : sdo[0x5003][5] = 1260 | 155 | 0.5
01513 TEST: Status Message Amp.Port_3A 1260.0 +/- 155.0
01513 PASS: Status Message Amp.Port_3A 1254.0
01514 sdo[0x6411][5] = 1270 : MeterAmps = 1.27 | 0.155 | 0.5
01514 PASS: MeterAmps 1.212
01515 sdo[0x6411][5] = 1270 : sdo[0x5003][5] = 1270 | 155 | 0.5
01515 TEST: Status Message Amp.Port_3A 1270.0 +/- 155.0
01515 PASS: Status Message Amp.Port_3A 1262.0
01516 sdo[0x6411][5] = 1280 : MeterAmps = 1.28 | 0.155 | 0.5
01516 PASS: MeterAmps 1.218
01517 sdo[0x6411][5] = 1280 : sdo[0x5003][5] = 1280 | 155 | 0.5
01517 TEST: Status Message Amp.Port_3A 1280.0 +/- 155.0
01517 PASS: Status Message Amp.Port_3A 1270.0
01518 sdo[0x6411][5] = 1290 : MeterAmps = 1.29 | 0.155 | 0.5
01518 PASS: MeterAmps 1.229
01519 sdo[0x6411][5] = 1290 : sdo[0x5003][5] = 1290 | 155 | 0.5
01519 TEST: Status Message Amp.Port_3A 1290.0 +/- 155.0
01519 PASS: Status Message Amp.Port_3A 1282.0
01520 sdo[0x6411][5] = 1300 : MeterAmps = 1.3 | 0.155 | 0.5
01520 PASS: MeterAmps 1.238
01521 sdo[0x6411][5] = 1300 : sdo[0x5003][5] = 1300 | 155 | 0.5
01521 TEST: Status Message Amp.Port_3A 1300.0 +/- 155.0
01521 PASS: Status Message Amp.Port_3A 1294.0
01522 sdo[0x6411][5] = 1310 : MeterAmps = 1.31 | 0.155 | 0.5
01522 PASS: MeterAmps 1.248
01523 sdo[0x6411][5] = 1310 : sdo[0x5003][5] = 1310 | 155 | 0.5
01523 TEST: Status Message Amp.Port_3A 1310.0 +/- 155.0
01523 PASS: Status Message Amp.Port_3A 1302.0
01524 sdo[0x6411][5] = 1320 : MeterAmps = 1.32 | 0.155 | 0.5
01524 PASS: MeterAmps 1.257
01525 sdo[0x6411][5] = 1320 : sdo[0x5003][5] = 1320 | 155 | 0.5
01525 TEST: Status Message Amp.Port_3A 1320.0 +/- 155.0
01525 PASS: Status Message Amp.Port_3A 1314.0
01526 sdo[0x6411][5] = 1330 : MeterAmps = 1.33 | 0.155 | 0.5
01526 PASS: MeterAmps 1.268
01527 sdo[0x6411][5] = 1330 : sdo[0x5003][5] = 1330 | 155 | 0.5
01527 TEST: Status Message Amp.Port_3A 1330.0 +/- 155.0
01527 PASS: Status Message Amp.Port_3A 1326.0
01528 sdo[0x6411][5] = 1340 : MeterAmps = 1.34 | 0.155 | 0.5
01528 PASS: MeterAmps 1.279
01529 sdo[0x6411][5] = 1340 : sdo[0x5003][5] = 1340 | 155 | 0.5
01529 TEST: Status Message Amp.Port_3A 1340.0 +/- 155.0
01529 PASS: Status Message Amp.Port_3A 1333.0
01530 sdo[0x6411][5] = 1350 : MeterAmps = 1.35 | 0.155 | 0.5
01530 PASS: MeterAmps 1.288
01531 sdo[0x6411][5] = 1350 : sdo[0x5003][5] = 1350 | 155 | 0.5
01531 TEST: Status Message Amp.Port_3A 1350.0 +/- 155.0
01531 PASS: Status Message Amp.Port_3A 1345.0
01532 sdo[0x6411][5] = 1360 : MeterAmps = 1.36 | 0.155 | 0.5
01532 PASS: MeterAmps 1.298
01533 sdo[0x6411][5] = 1360 : sdo[0x5003][5] = 1360 | 155 | 0.5
01533 TEST: Status Message Amp.Port_3A 1360.0 +/- 155.0
01533 PASS: Status Message Amp.Port_3A 1357.0
01534 sdo[0x6411][5] = 1370 : MeterAmps = 1.37 | 0.155 | 0.5
01534 PASS: MeterAmps 1.305
01535 sdo[0x6411][5] = 1370 : sdo[0x5003][5] = 1370 | 155 | 0.5
01535 TEST: Status Message Amp.Port_3A 1370.0 +/- 155.0
01535 PASS: Status Message Amp.Port_3A 1365.0
01536 sdo[0x6411][5] = 1380 : MeterAmps = 1.38 | 0.155 | 0.5
01536 PASS: MeterAmps 1.319
01537 sdo[0x6411][5] = 1380 : sdo[0x5003][5] = 1380 | 155 | 0.5
01537 TEST: Status Message Amp.Port_3A 1380.0 +/- 155.0
01537 PASS: Status Message Amp.Port_3A 1373.0
01538 sdo[0x6411][5] = 1390 : MeterAmps = 1.39 | 0.155 | 0.5
01538 PASS: MeterAmps 1.326
01539 sdo[0x6411][5] = 1390 : sdo[0x5003][5] = 1390 | 155 | 0.5
01539 TEST: Status Message Amp.Port_3A 1390.0 +/- 155.0
01539 PASS: Status Message Amp.Port_3A 1389.0
01540 sdo[0x6411][5] = 1400 : MeterAmps = 1.4 | 0.155 | 0.5
01540 PASS: MeterAmps 1.336
01541 sdo[0x6411][5] = 1400 : sdo[0x5003][5] = 1400 | 155 | 0.5
01541 TEST: Status Message Amp.Port_3A 1400.0 +/- 155.0
01541 PASS: Status Message Amp.Port_3A 1393.0
01542 sdo[0x6411][5] = 1410 : MeterAmps = 1.41 | 0.155 | 0.5
01542 PASS: MeterAmps 1.343
01543 sdo[0x6411][5] = 1410 : sdo[0x5003][5] = 1410 | 155 | 0.5
01543 TEST: Status Message Amp.Port_3A 1410.0 +/- 155.0
01543 PASS: Status Message Amp.Port_3A 1405.0
01544 sdo[0x6411][5] = 1420 : MeterAmps = 1.42 | 0.155 | 0.5
01544 PASS: MeterAmps 1.358
01545 sdo[0x6411][5] = 1420 : sdo[0x5003][5] = 1420 | 155 | 0.5
01545 TEST: Status Message Amp.Port_3A 1420.0 +/- 155.0
01545 PASS: Status Message Amp.Port_3A 1413.0
01546 sdo[0x6411][5] = 1430 : MeterAmps = 1.43 | 0.155 | 0.5
01546 PASS: MeterAmps 1.365
01547 sdo[0x6411][5] = 1430 : sdo[0x5003][5] = 1430 | 155 | 0.5
01547 TEST: Status Message Amp.Port_3A 1430.0 +/- 155.0
01547 PASS: Status Message Amp.Port_3A 1425.0
01548 sdo[0x6411][5] = 1440 : MeterAmps = 1.44 | 0.155 | 0.5
01548 PASS: MeterAmps 1.374
01549 sdo[0x6411][5] = 1440 : sdo[0x5003][5] = 1440 | 155 | 0.5
01549 TEST: Status Message Amp.Port_3A 1440.0 +/- 155.0
01549 PASS: Status Message Amp.Port_3A 1433.0
01550 sdo[0x6411][5] = 1450 : MeterAmps = 1.45 | 0.155 | 0.5
01550 PASS: MeterAmps 1.381
01551 sdo[0x6411][5] = 1450 : sdo[0x5003][5] = 1450 | 155 | 0.5
01551 TEST: Status Message Amp.Port_3A 1450.0 +/- 155.0
01551 PASS: Status Message Amp.Port_3A 1445.0
01552 sdo[0x6411][5] = 1460 : MeterAmps = 1.46 | 0.155 | 0.5
01552 PASS: MeterAmps 1.393
01553 sdo[0x6411][5] = 1460 : sdo[0x5003][5] = 1460 | 155 | 0.5
01553 TEST: Status Message Amp.Port_3A 1460.0 +/- 155.0
01553 PASS: Status Message Amp.Port_3A 1453.0
01554 sdo[0x6411][5] = 1470 : MeterAmps = 1.47 | 0.155 | 0.5
01554 PASS: MeterAmps 1.401
01555 sdo[0x6411][5] = 1470 : sdo[0x5003][5] = 1470 | 155 | 0.5
01555 TEST: Status Message Amp.Port_3A 1470.0 +/- 155.0
01555 PASS: Status Message Amp.Port_3A 1465.0
01556 sdo[0x6411][5] = 1480 : MeterAmps = 1.48 | 0.155 | 0.5
01556 PASS: MeterAmps 1.411
01557 sdo[0x6411][5] = 1480 : sdo[0x5003][5] = 1480 | 155 | 0.5
01557 TEST: Status Message Amp.Port_3A 1480.0 +/- 155.0
01557 PASS: Status Message Amp.Port_3A 1477.0
01558 sdo[0x6411][5] = 1490 : MeterAmps = 1.49 | 0.155 | 0.5
01558 PASS: MeterAmps 1.42
01559 sdo[0x6411][5] = 1490 : sdo[0x5003][5] = 1490 | 155 | 0.5
01559 TEST: Status Message Amp.Port_3A 1490.0 +/- 155.0
01559 PASS: Status Message Amp.Port_3A 1485.0
01560 sdo[0x6411][5] = 1500 : MeterAmps = 1.5 | 0.155 | 0.5
01560 PASS: MeterAmps 1.431
01561 sdo[0x6411][5] = 1500 : sdo[0x5003][5] = 1500 | 155 | 0.5
01561 TEST: Status Message Amp.Port_3A 1500.0 +/- 155.0
01561 PASS: Status Message Amp.Port_3A 1493.0
01562 #switch out load line, switch coil
01562 sdo[0x6411][5] = 0 : NULL : WAIT = 1
01563 J2_05 = 0 : NULL : WAIT = 1
01564 #read signal value to update
01564 NULL : sdo[0x5003][5] = 0 | 155 | 0.5
01564 TEST: Status Message Amp.Port_3A 0.0 +/- 155.0
01564 PASS: Status Message Amp.Port_3A 0.0
01565 J4_01 = 0, J4_03 = 1 : NULL : WAIT = 0.5
01566 J4_02 = 1, J4_03 = 1 : NULL : WAIT = 1
01567 #-----setup 37000-----
01567 sdo[0x2000][1] = 0 : NULL : WAIT = 0.2
01568 sdo[0x2000][3] = 0 : NULL : WAIT = 0.2
01569 sdo[0x2000][4] = 0 : NULL : WAIT = 0.2
01570 sdo[0x2001][3] = 68 : NULL : WAIT = 0.2
01571 #switch in load line, set current
01571 J2_06 = 1 : NULL : WAIT = 0.5
01572 OPERATIONAL
01572 
01572 sdo[0x6411][6] = 0 : MeterAmps = 0.0 | 0.155 | 0.5
01572 TEST: MeterAmps 0.0 +/- 0.155
01572 PASS: MeterAmps 0.0
01573 sdo[0x6411][6] = 0 : sdo[0x5003][6] = 0 | 155 | 0.5
01573 TEST: Status Message Amp.Port_3B 0.0 +/- 155.0
01573 PASS: Status Message Amp.Port_3B 0.0
01574 sdo[0x6411][6] = 10 : MeterAmps = 0.01 | 0.155 | 0.5
01574 PASS: MeterAmps 0.0
01575 sdo[0x6411][6] = 10 : sdo[0x5003][6] = 10 | 155 | 0.5
01575 TEST: Status Message Amp.Port_3B 10.0 +/- 155.0
01575 PASS: Status Message Amp.Port_3B 27.0
01576 sdo[0x6411][6] = 20 : MeterAmps = 0.02 | 0.155 | 0.5
01576 PASS: MeterAmps 0.04
01577 sdo[0x6411][6] = 20 : sdo[0x5003][6] = 20 | 155 | 0.5
01577 TEST: Status Message Amp.Port_3B 20.0 +/- 155.0
01577 PASS: Status Message Amp.Port_3B 27.0
01578 sdo[0x6411][6] = 30 : MeterAmps = 0.03 | 0.155 | 0.5
01578 PASS: MeterAmps 0.04
01579 sdo[0x6411][6] = 30 : sdo[0x5003][6] = 30 | 155 | 0.5
01579 TEST: Status Message Amp.Port_3B 30.0 +/- 155.0
01579 PASS: Status Message Amp.Port_3B 27.0
01580 sdo[0x6411][6] = 40 : MeterAmps = 0.04 | 0.155 | 0.5
01580 PASS: MeterAmps 0.04
01581 sdo[0x6411][6] = 40 : sdo[0x5003][6] = 40 | 155 | 0.5
01581 TEST: Status Message Amp.Port_3B 40.0 +/- 155.0
01581 PASS: Status Message Amp.Port_3B 27.0
01582 sdo[0x6411][6] = 50 : MeterAmps = 0.05 | 0.155 | 0.5
01582 PASS: MeterAmps 0.041
01583 sdo[0x6411][6] = 50 : sdo[0x5003][6] = 50 | 155 | 0.5
01583 TEST: Status Message Amp.Port_3B 50.0 +/- 155.0
01583 PASS: Status Message Amp.Port_3B 27.0
01584 sdo[0x6411][6] = 60 : MeterAmps = 0.06 | 0.155 | 0.5
01584 PASS: MeterAmps 0.051
01585 sdo[0x6411][6] = 60 : sdo[0x5003][6] = 60 | 155 | 0.5
01585 TEST: Status Message Amp.Port_3B 60.0 +/- 155.0
01585 PASS: Status Message Amp.Port_3B 59.0
01586 sdo[0x6411][6] = 70 : MeterAmps = 0.07 | 0.155 | 0.5
01586 PASS: MeterAmps 0.07
01587 sdo[0x6411][6] = 70 : sdo[0x5003][6] = 70 | 155 | 0.5
01587 TEST: Status Message Amp.Port_3B 70.0 +/- 155.0
01587 PASS: Status Message Amp.Port_3B 67.0
01588 sdo[0x6411][6] = 80 : MeterAmps = 0.08 | 0.155 | 0.5
01588 PASS: MeterAmps 0.077
01589 sdo[0x6411][6] = 80 : sdo[0x5003][6] = 80 | 155 | 0.5
01589 TEST: Status Message Amp.Port_3B 80.0 +/- 155.0
01589 PASS: Status Message Amp.Port_3B 75.0
01590 sdo[0x6411][6] = 90 : MeterAmps = 0.09 | 0.155 | 0.5
01590 PASS: MeterAmps 0.093
01591 sdo[0x6411][6] = 90 : sdo[0x5003][6] = 90 | 155 | 0.5
01591 TEST: Status Message Amp.Port_3B 90.0 +/- 155.0
01591 PASS: Status Message Amp.Port_3B 87.0
01592 sdo[0x6411][6] = 100 : MeterAmps = 0.1 | 0.155 | 0.5
01592 PASS: MeterAmps 0.096
01593 sdo[0x6411][6] = 100 : sdo[0x5003][6] = 100 | 155 | 0.5
01593 TEST: Status Message Amp.Port_3B 100.0 +/- 155.0
01593 PASS: Status Message Amp.Port_3B 95.0
01594 sdo[0x6411][6] = 110 : MeterAmps = 0.11 | 0.155 | 0.5
01594 PASS: MeterAmps 0.108
01595 sdo[0x6411][6] = 110 : sdo[0x5003][6] = 110 | 155 | 0.5
01595 TEST: Status Message Amp.Port_3B 110.0 +/- 155.0
01595 PASS: Status Message Amp.Port_3B 103.0
01596 sdo[0x6411][6] = 120 : MeterAmps = 0.12 | 0.155 | 0.5
01596 PASS: MeterAmps 0.118
01597 sdo[0x6411][6] = 120 : sdo[0x5003][6] = 120 | 155 | 0.5
01597 TEST: Status Message Amp.Port_3B 120.0 +/- 155.0
01597 PASS: Status Message Amp.Port_3B 115.0
01598 sdo[0x6411][6] = 130 : MeterAmps = 0.13 | 0.155 | 0.5
01598 PASS: MeterAmps 0.128
01599 sdo[0x6411][6] = 130 : sdo[0x5003][6] = 130 | 155 | 0.5
01599 TEST: Status Message Amp.Port_3B 130.0 +/- 155.0
01599 PASS: Status Message Amp.Port_3B 123.0
01600 sdo[0x6411][6] = 140 : MeterAmps = 0.14 | 0.155 | 0.5
01600 PASS: MeterAmps 0.138
01601 sdo[0x6411][6] = 140 : sdo[0x5003][6] = 140 | 155 | 0.5
01601 TEST: Status Message Amp.Port_3B 140.0 +/- 155.0
01601 PASS: Status Message Amp.Port_3B 135.0
01602 sdo[0x6411][6] = 150 : MeterAmps = 0.15 | 0.155 | 0.5
01602 PASS: MeterAmps 0.148
01603 sdo[0x6411][6] = 150 : sdo[0x5003][6] = 150 | 155 | 0.5
01603 TEST: Status Message Amp.Port_3B 150.0 +/- 155.0
01603 PASS: Status Message Amp.Port_3B 147.0
01604 sdo[0x6411][6] = 160 : MeterAmps = 0.16 | 0.155 | 0.5
01604 PASS: MeterAmps 0.156
01605 sdo[0x6411][6] = 160 : sdo[0x5003][6] = 160 | 155 | 0.5
01605 TEST: Status Message Amp.Port_3B 160.0 +/- 155.0
01605 PASS: Status Message Amp.Port_3B 155.0
01606 sdo[0x6411][6] = 170 : MeterAmps = 0.17 | 0.155 | 0.5
01606 PASS: MeterAmps 0.167
01607 sdo[0x6411][6] = 170 : sdo[0x5003][6] = 170 | 155 | 0.5
01607 TEST: Status Message Amp.Port_3B 170.0 +/- 155.0
01607 PASS: Status Message Amp.Port_3B 163.0
01608 sdo[0x6411][6] = 180 : MeterAmps = 0.18 | 0.155 | 0.5
01608 PASS: MeterAmps 0.175
01609 sdo[0x6411][6] = 180 : sdo[0x5003][6] = 180 | 155 | 0.5
01609 TEST: Status Message Amp.Port_3B 180.0 +/- 155.0
01609 PASS: Status Message Amp.Port_3B 179.0
01610 sdo[0x6411][6] = 190 : MeterAmps = 0.19 | 0.155 | 0.5
01610 PASS: MeterAmps 0.184
01611 sdo[0x6411][6] = 190 : sdo[0x5003][6] = 190 | 155 | 0.5
01611 TEST: Status Message Amp.Port_3B 190.0 +/- 155.0
01611 PASS: Status Message Amp.Port_3B 183.0
01612 sdo[0x6411][6] = 200 : MeterAmps = 0.2 | 0.155 | 0.5
01612 PASS: MeterAmps 0.193
01613 sdo[0x6411][6] = 200 : sdo[0x5003][6] = 200 | 155 | 0.5
01613 TEST: Status Message Amp.Port_3B 200.0 +/- 155.0
01613 PASS: Status Message Amp.Port_3B 195.0
01614 sdo[0x6411][6] = 210 : MeterAmps = 0.21 | 0.155 | 0.5
01614 PASS: MeterAmps 0.205
01615 sdo[0x6411][6] = 210 : sdo[0x5003][6] = 210 | 155 | 0.5
01615 TEST: Status Message Amp.Port_3B 210.0 +/- 155.0
01615 PASS: Status Message Amp.Port_3B 203.0
01616 sdo[0x6411][6] = 220 : MeterAmps = 0.22 | 0.155 | 0.5
01616 PASS: MeterAmps 0.214
01617 sdo[0x6411][6] = 220 : sdo[0x5003][6] = 220 | 155 | 0.5
01617 TEST: Status Message Amp.Port_3B 220.0 +/- 155.0
01617 PASS: Status Message Amp.Port_3B 215.0
01618 sdo[0x6411][6] = 230 : MeterAmps = 0.23 | 0.155 | 0.5
01618 PASS: MeterAmps 0.222
01619 sdo[0x6411][6] = 230 : sdo[0x5003][6] = 230 | 155 | 0.5
01619 TEST: Status Message Amp.Port_3B 230.0 +/- 155.0
01619 PASS: Status Message Amp.Port_3B 226.0
01620 sdo[0x6411][6] = 240 : MeterAmps = 0.24 | 0.155 | 0.5
01620 PASS: MeterAmps 0.229
01621 sdo[0x6411][6] = 240 : sdo[0x5003][6] = 240 | 155 | 0.5
01621 TEST: Status Message Amp.Port_3B 240.0 +/- 155.0
01621 PASS: Status Message Amp.Port_3B 234.0
01622 sdo[0x6411][6] = 250 : MeterAmps = 0.25 | 0.155 | 0.5
01622 PASS: MeterAmps 0.242
01623 sdo[0x6411][6] = 250 : sdo[0x5003][6] = 250 | 155 | 0.5
01623 TEST: Status Message Amp.Port_3B 250.0 +/- 155.0
01623 PASS: Status Message Amp.Port_3B 242.0
01624 sdo[0x6411][6] = 260 : MeterAmps = 0.26 | 0.155 | 0.5
01624 PASS: MeterAmps 0.249
01625 sdo[0x6411][6] = 260 : sdo[0x5003][6] = 260 | 155 | 0.5
01625 TEST: Status Message Amp.Port_3B 260.0 +/- 155.0
01625 PASS: Status Message Amp.Port_3B 254.0
01626 sdo[0x6411][6] = 270 : MeterAmps = 0.27 | 0.155 | 0.5
01626 PASS: MeterAmps 0.261
01627 sdo[0x6411][6] = 270 : sdo[0x5003][6] = 270 | 155 | 0.5
01627 TEST: Status Message Amp.Port_3B 270.0 +/- 155.0
01627 PASS: Status Message Amp.Port_3B 262.0
01628 sdo[0x6411][6] = 280 : MeterAmps = 0.28 | 0.155 | 0.5
01628 PASS: MeterAmps 0.269
01629 sdo[0x6411][6] = 280 : sdo[0x5003][6] = 280 | 155 | 0.5
01629 TEST: Status Message Amp.Port_3B 280.0 +/- 155.0
01629 PASS: Status Message Amp.Port_3B 274.0
01630 sdo[0x6411][6] = 290 : MeterAmps = 0.29 | 0.155 | 0.5
01630 PASS: MeterAmps 0.28
01631 sdo[0x6411][6] = 290 : sdo[0x5003][6] = 290 | 155 | 0.5
01631 TEST: Status Message Amp.Port_3B 290.0 +/- 155.0
01631 PASS: Status Message Amp.Port_3B 282.0
01632 sdo[0x6411][6] = 300 : MeterAmps = 0.3 | 0.155 | 0.5
01632 PASS: MeterAmps 0.288
01633 sdo[0x6411][6] = 300 : sdo[0x5003][6] = 300 | 155 | 0.5
01633 TEST: Status Message Amp.Port_3B 300.0 +/- 155.0
01633 PASS: Status Message Amp.Port_3B 294.0
01634 sdo[0x6411][6] = 310 : MeterAmps = 0.31 | 0.155 | 0.5
01634 PASS: MeterAmps 0.3
01635 sdo[0x6411][6] = 310 : sdo[0x5003][6] = 310 | 155 | 0.5
01635 TEST: Status Message Amp.Port_3B 310.0 +/- 155.0
01635 PASS: Status Message Amp.Port_3B 306.0
01636 sdo[0x6411][6] = 320 : MeterAmps = 0.32 | 0.155 | 0.5
01636 PASS: MeterAmps 0.307
01637 sdo[0x6411][6] = 320 : sdo[0x5003][6] = 320 | 155 | 0.5
01637 TEST: Status Message Amp.Port_3B 320.0 +/- 155.0
01637 PASS: Status Message Amp.Port_3B 314.0
01638 sdo[0x6411][6] = 330 : MeterAmps = 0.33 | 0.155 | 0.5
01638 PASS: MeterAmps 0.319
01639 sdo[0x6411][6] = 330 : sdo[0x5003][6] = 330 | 155 | 0.5
01639 TEST: Status Message Amp.Port_3B 330.0 +/- 155.0
01639 PASS: Status Message Amp.Port_3B 326.0
01640 sdo[0x6411][6] = 340 : MeterAmps = 0.34 | 0.155 | 0.5
01640 PASS: MeterAmps 0.327
01641 sdo[0x6411][6] = 340 : sdo[0x5003][6] = 340 | 155 | 0.5
01641 TEST: Status Message Amp.Port_3B 340.0 +/- 155.0
01641 PASS: Status Message Amp.Port_3B 330.0
01642 sdo[0x6411][6] = 350 : MeterAmps = 0.35 | 0.155 | 0.5
01642 PASS: MeterAmps 0.338
01643 sdo[0x6411][6] = 350 : sdo[0x5003][6] = 350 | 155 | 0.5
01643 TEST: Status Message Amp.Port_3B 350.0 +/- 155.0
01643 PASS: Status Message Amp.Port_3B 342.0
01644 sdo[0x6411][6] = 360 : MeterAmps = 0.36 | 0.155 | 0.5
01644 PASS: MeterAmps 0.346
01645 sdo[0x6411][6] = 360 : sdo[0x5003][6] = 360 | 155 | 0.5
01645 TEST: Status Message Amp.Port_3B 360.0 +/- 155.0
01645 PASS: Status Message Amp.Port_3B 354.0
01646 sdo[0x6411][6] = 370 : MeterAmps = 0.37 | 0.155 | 0.5
01646 PASS: MeterAmps 0.358
01647 sdo[0x6411][6] = 370 : sdo[0x5003][6] = 370 | 155 | 0.5
01647 TEST: Status Message Amp.Port_3B 370.0 +/- 155.0
01647 PASS: Status Message Amp.Port_3B 362.0
01648 sdo[0x6411][6] = 380 : MeterAmps = 0.38 | 0.155 | 0.5
01648 PASS: MeterAmps 0.367
01649 sdo[0x6411][6] = 380 : sdo[0x5003][6] = 380 | 155 | 0.5
01649 TEST: Status Message Amp.Port_3B 380.0 +/- 155.0
01649 PASS: Status Message Amp.Port_3B 374.0
01650 sdo[0x6411][6] = 390 : MeterAmps = 0.39 | 0.155 | 0.5
01650 PASS: MeterAmps 0.376
01651 sdo[0x6411][6] = 390 : sdo[0x5003][6] = 390 | 155 | 0.5
01651 TEST: Status Message Amp.Port_3B 390.0 +/- 155.0
01651 PASS: Status Message Amp.Port_3B 382.0
01652 sdo[0x6411][6] = 400 : MeterAmps = 0.4 | 0.155 | 0.5
01652 PASS: MeterAmps 0.384
01653 sdo[0x6411][6] = 400 : sdo[0x5003][6] = 400 | 155 | 0.5
01653 TEST: Status Message Amp.Port_3B 400.0 +/- 155.0
01653 PASS: Status Message Amp.Port_3B 394.0
01654 sdo[0x6411][6] = 410 : MeterAmps = 0.41 | 0.155 | 0.5
01654 PASS: MeterAmps 0.398
01655 sdo[0x6411][6] = 410 : sdo[0x5003][6] = 410 | 155 | 0.5
01655 TEST: Status Message Amp.Port_3B 410.0 +/- 155.0
01655 PASS: Status Message Amp.Port_3B 406.0
01656 sdo[0x6411][6] = 420 : MeterAmps = 0.42 | 0.155 | 0.5
01656 PASS: MeterAmps 0.403
01657 sdo[0x6411][6] = 420 : sdo[0x5003][6] = 420 | 155 | 0.5
01657 TEST: Status Message Amp.Port_3B 420.0 +/- 155.0
01657 PASS: Status Message Amp.Port_3B 414.0
01658 sdo[0x6411][6] = 430 : MeterAmps = 0.43 | 0.155 | 0.5
01658 PASS: MeterAmps 0.414
01659 sdo[0x6411][6] = 430 : sdo[0x5003][6] = 430 | 155 | 0.5
01659 TEST: Status Message Amp.Port_3B 430.0 +/- 155.0
01659 PASS: Status Message Amp.Port_3B 422.0
01660 sdo[0x6411][6] = 440 : MeterAmps = 0.44 | 0.155 | 0.5
01660 PASS: MeterAmps 0.423
01661 sdo[0x6411][6] = 440 : sdo[0x5003][6] = 440 | 155 | 0.5
01661 TEST: Status Message Amp.Port_3B 440.0 +/- 155.0
01661 PASS: Status Message Amp.Port_3B 434.0
01662 sdo[0x6411][6] = 450 : MeterAmps = 0.45 | 0.155 | 0.5
01662 PASS: MeterAmps 0.434
01663 sdo[0x6411][6] = 450 : sdo[0x5003][6] = 450 | 155 | 0.5
01663 TEST: Status Message Amp.Port_3B 450.0 +/- 155.0
01663 PASS: Status Message Amp.Port_3B 445.0
01664 sdo[0x6411][6] = 460 : MeterAmps = 0.46 | 0.155 | 0.5
01664 PASS: MeterAmps 0.445
01665 sdo[0x6411][6] = 460 : sdo[0x5003][6] = 460 | 155 | 0.5
01665 TEST: Status Message Amp.Port_3B 460.0 +/- 155.0
01665 PASS: Status Message Amp.Port_3B 453.0
01666 sdo[0x6411][6] = 470 : MeterAmps = 0.47 | 0.155 | 0.5
01666 PASS: MeterAmps 0.454
01667 sdo[0x6411][6] = 470 : sdo[0x5003][6] = 470 | 155 | 0.5
01667 TEST: Status Message Amp.Port_3B 470.0 +/- 155.0
01667 PASS: Status Message Amp.Port_3B 469.0
01668 sdo[0x6411][6] = 480 : MeterAmps = 0.48 | 0.155 | 0.5
01668 PASS: MeterAmps 0.463
01669 sdo[0x6411][6] = 480 : sdo[0x5003][6] = 480 | 155 | 0.5
01669 TEST: Status Message Amp.Port_3B 480.0 +/- 155.0
01669 PASS: Status Message Amp.Port_3B 473.0
01670 sdo[0x6411][6] = 490 : MeterAmps = 0.49 | 0.155 | 0.5
01670 PASS: MeterAmps 0.472
01671 sdo[0x6411][6] = 490 : sdo[0x5003][6] = 490 | 155 | 0.5
01671 TEST: Status Message Amp.Port_3B 490.0 +/- 155.0
01671 PASS: Status Message Amp.Port_3B 485.0
01672 sdo[0x6411][6] = 500 : MeterAmps = 0.5 | 0.155 | 0.5
01672 PASS: MeterAmps 0.484
01673 sdo[0x6411][6] = 500 : sdo[0x5003][6] = 500 | 155 | 0.5
01673 TEST: Status Message Amp.Port_3B 500.0 +/- 155.0
01673 PASS: Status Message Amp.Port_3B 497.0
01674 sdo[0x6411][6] = 510 : MeterAmps = 0.51 | 0.155 | 0.5
01674 PASS: MeterAmps 0.49
01675 sdo[0x6411][6] = 510 : sdo[0x5003][6] = 510 | 155 | 0.5
01675 TEST: Status Message Amp.Port_3B 510.0 +/- 155.0
01675 PASS: Status Message Amp.Port_3B 505.0
01676 sdo[0x6411][6] = 520 : MeterAmps = 0.52 | 0.155 | 0.5
01676 PASS: MeterAmps 0.503
01677 sdo[0x6411][6] = 520 : sdo[0x5003][6] = 520 | 155 | 0.5
01677 TEST: Status Message Amp.Port_3B 520.0 +/- 155.0
01677 PASS: Status Message Amp.Port_3B 513.0
01678 sdo[0x6411][6] = 530 : MeterAmps = 0.53 | 0.155 | 0.5
01678 PASS: MeterAmps 0.511
01679 sdo[0x6411][6] = 530 : sdo[0x5003][6] = 530 | 155 | 0.5
01679 TEST: Status Message Amp.Port_3B 530.0 +/- 155.0
01679 PASS: Status Message Amp.Port_3B 521.0
01680 sdo[0x6411][6] = 540 : MeterAmps = 0.54 | 0.155 | 0.5
01680 PASS: MeterAmps 0.522
01681 sdo[0x6411][6] = 540 : sdo[0x5003][6] = 540 | 155 | 0.5
01681 TEST: Status Message Amp.Port_3B 540.0 +/- 155.0
01681 PASS: Status Message Amp.Port_3B 537.0
01682 sdo[0x6411][6] = 550 : MeterAmps = 0.55 | 0.155 | 0.5
01682 PASS: MeterAmps 0.529
01683 sdo[0x6411][6] = 550 : sdo[0x5003][6] = 550 | 155 | 0.5
01683 TEST: Status Message Amp.Port_3B 550.0 +/- 155.0
01683 PASS: Status Message Amp.Port_3B 545.0
01684 sdo[0x6411][6] = 560 : MeterAmps = 0.56 | 0.155 | 0.5
01684 PASS: MeterAmps 0.542
01685 sdo[0x6411][6] = 560 : sdo[0x5003][6] = 560 | 155 | 0.5
01685 TEST: Status Message Amp.Port_3B 560.0 +/- 155.0
01685 PASS: Status Message Amp.Port_3B 553.0
01686 sdo[0x6411][6] = 570 : MeterAmps = 0.57 | 0.155 | 0.5
01686 PASS: MeterAmps 0.551
01687 sdo[0x6411][6] = 570 : sdo[0x5003][6] = 570 | 155 | 0.5
01687 TEST: Status Message Amp.Port_3B 570.0 +/- 155.0
01687 PASS: Status Message Amp.Port_3B 569.0
01688 sdo[0x6411][6] = 580 : MeterAmps = 0.58 | 0.155 | 0.5
01688 PASS: MeterAmps 0.559
01689 sdo[0x6411][6] = 580 : sdo[0x5003][6] = 580 | 155 | 0.5
01689 TEST: Status Message Amp.Port_3B 580.0 +/- 155.0
01689 PASS: Status Message Amp.Port_3B 569.0
01690 sdo[0x6411][6] = 590 : MeterAmps = 0.59 | 0.155 | 0.5
01690 PASS: MeterAmps 0.568
01691 sdo[0x6411][6] = 590 : sdo[0x5003][6] = 590 | 155 | 0.5
01691 TEST: Status Message Amp.Port_3B 590.0 +/- 155.0
01691 PASS: Status Message Amp.Port_3B 585.0
01692 sdo[0x6411][6] = 600 : MeterAmps = 0.6 | 0.155 | 0.5
01692 PASS: MeterAmps 0.584
01693 sdo[0x6411][6] = 600 : sdo[0x5003][6] = 600 | 155 | 0.5
01693 TEST: Status Message Amp.Port_3B 600.0 +/- 155.0
01693 PASS: Status Message Amp.Port_3B 597.0
01694 sdo[0x6411][6] = 610 : MeterAmps = 0.61 | 0.155 | 0.5
01694 PASS: MeterAmps 0.587
01695 sdo[0x6411][6] = 610 : sdo[0x5003][6] = 610 | 155 | 0.5
01695 TEST: Status Message Amp.Port_3B 610.0 +/- 155.0
01695 PASS: Status Message Amp.Port_3B 601.0
01696 sdo[0x6411][6] = 620 : MeterAmps = 0.62 | 0.155 | 0.5
01696 PASS: MeterAmps 0.598
01697 sdo[0x6411][6] = 620 : sdo[0x5003][6] = 620 | 155 | 0.5
01697 TEST: Status Message Amp.Port_3B 620.0 +/- 155.0
01697 PASS: Status Message Amp.Port_3B 613.0
01698 sdo[0x6411][6] = 630 : MeterAmps = 0.63 | 0.155 | 0.5
01698 PASS: MeterAmps 0.607
01699 sdo[0x6411][6] = 630 : sdo[0x5003][6] = 630 | 155 | 0.5
01699 TEST: Status Message Amp.Port_3B 630.0 +/- 155.0
01699 PASS: Status Message Amp.Port_3B 625.0
01700 sdo[0x6411][6] = 640 : MeterAmps = 0.64 | 0.155 | 0.5
01700 PASS: MeterAmps 0.618
01701 sdo[0x6411][6] = 640 : sdo[0x5003][6] = 640 | 155 | 0.5
01701 TEST: Status Message Amp.Port_3B 640.0 +/- 155.0
01701 PASS: Status Message Amp.Port_3B 633.0
01702 sdo[0x6411][6] = 650 : MeterAmps = 0.65 | 0.155 | 0.5
01702 PASS: MeterAmps 0.627
01703 sdo[0x6411][6] = 650 : sdo[0x5003][6] = 650 | 155 | 0.5
01703 TEST: Status Message Amp.Port_3B 650.0 +/- 155.0
01703 PASS: Status Message Amp.Port_3B 645.0
01704 sdo[0x6411][6] = 660 : MeterAmps = 0.66 | 0.155 | 0.5
01704 PASS: MeterAmps 0.638
01705 sdo[0x6411][6] = 660 : sdo[0x5003][6] = 660 | 155 | 0.5
01705 TEST: Status Message Amp.Port_3B 660.0 +/- 155.0
01705 PASS: Status Message Amp.Port_3B 657.0
01706 sdo[0x6411][6] = 670 : MeterAmps = 0.67 | 0.155 | 0.5
01706 PASS: MeterAmps 0.646
01707 sdo[0x6411][6] = 670 : sdo[0x5003][6] = 670 | 155 | 0.5
01707 TEST: Status Message Amp.Port_3B 670.0 +/- 155.0
01707 PASS: Status Message Amp.Port_3B 664.0
01708 sdo[0x6411][6] = 680 : MeterAmps = 0.68 | 0.155 | 0.5
01708 PASS: MeterAmps 0.657
01709 sdo[0x6411][6] = 680 : sdo[0x5003][6] = 680 | 155 | 0.5
01709 TEST: Status Message Amp.Port_3B 680.0 +/- 155.0
01709 PASS: Status Message Amp.Port_3B 672.0
01710 sdo[0x6411][6] = 690 : MeterAmps = 0.69 | 0.155 | 0.5
01710 PASS: MeterAmps 0.664
01711 sdo[0x6411][6] = 690 : sdo[0x5003][6] = 690 | 155 | 0.5
01711 TEST: Status Message Amp.Port_3B 690.0 +/- 155.0
01711 PASS: Status Message Amp.Port_3B 680.0
01712 sdo[0x6411][6] = 700 : MeterAmps = 0.7 | 0.155 | 0.5
01712 PASS: MeterAmps 0.676
01713 sdo[0x6411][6] = 700 : sdo[0x5003][6] = 700 | 155 | 0.5
01713 TEST: Status Message Amp.Port_3B 700.0 +/- 155.0
01713 PASS: Status Message Amp.Port_3B 696.0
01714 sdo[0x6411][6] = 710 : MeterAmps = 0.71 | 0.155 | 0.5
01714 PASS: MeterAmps 0.683
01715 sdo[0x6411][6] = 710 : sdo[0x5003][6] = 710 | 155 | 0.5
01715 TEST: Status Message Amp.Port_3B 710.0 +/- 155.0
01715 PASS: Status Message Amp.Port_3B 704.0
01716 sdo[0x6411][6] = 720 : MeterAmps = 0.72 | 0.155 | 0.5
01716 PASS: MeterAmps 0.695
01717 sdo[0x6411][6] = 720 : sdo[0x5003][6] = 720 | 155 | 0.5
01717 TEST: Status Message Amp.Port_3B 720.0 +/- 155.0
01717 PASS: Status Message Amp.Port_3B 716.0
01718 sdo[0x6411][6] = 730 : MeterAmps = 0.73 | 0.155 | 0.5
01718 PASS: MeterAmps 0.701
01719 sdo[0x6411][6] = 730 : sdo[0x5003][6] = 730 | 155 | 0.5
01719 TEST: Status Message Amp.Port_3B 730.0 +/- 155.0
01719 PASS: Status Message Amp.Port_3B 724.0
01720 sdo[0x6411][6] = 740 : MeterAmps = 0.74 | 0.155 | 0.5
01720 PASS: MeterAmps 0.714
01721 sdo[0x6411][6] = 740 : sdo[0x5003][6] = 740 | 155 | 0.5
01721 TEST: Status Message Amp.Port_3B 740.0 +/- 155.0
01721 PASS: Status Message Amp.Port_3B 732.0
01722 sdo[0x6411][6] = 750 : MeterAmps = 0.75 | 0.155 | 0.5
01722 PASS: MeterAmps 0.721
01723 sdo[0x6411][6] = 750 : sdo[0x5003][6] = 750 | 155 | 0.5
01723 TEST: Status Message Amp.Port_3B 750.0 +/- 155.0
01723 PASS: Status Message Amp.Port_3B 744.0
01724 sdo[0x6411][6] = 760 : MeterAmps = 0.76 | 0.155 | 0.5
01724 PASS: MeterAmps 0.733
01725 sdo[0x6411][6] = 760 : sdo[0x5003][6] = 760 | 155 | 0.5
01725 TEST: Status Message Amp.Port_3B 760.0 +/- 155.0
01725 PASS: Status Message Amp.Port_3B 752.0
01726 sdo[0x6411][6] = 770 : MeterAmps = 0.77 | 0.155 | 0.5
01726 PASS: MeterAmps 0.741
01727 sdo[0x6411][6] = 770 : sdo[0x5003][6] = 770 | 155 | 0.5
01727 TEST: Status Message Amp.Port_3B 770.0 +/- 155.0
01727 PASS: Status Message Amp.Port_3B 764.0
01728 sdo[0x6411][6] = 780 : MeterAmps = 0.78 | 0.155 | 0.5
01728 PASS: MeterAmps 0.752
01729 sdo[0x6411][6] = 780 : sdo[0x5003][6] = 780 | 155 | 0.5
01729 TEST: Status Message Amp.Port_3B 780.0 +/- 155.0
01729 PASS: Status Message Amp.Port_3B 772.0
01730 sdo[0x6411][6] = 790 : MeterAmps = 0.79 | 0.155 | 0.5
01730 PASS: MeterAmps 0.761
01731 sdo[0x6411][6] = 790 : sdo[0x5003][6] = 790 | 155 | 0.5
01731 TEST: Status Message Amp.Port_3B 790.0 +/- 155.0
01731 PASS: Status Message Amp.Port_3B 784.0
01732 sdo[0x6411][6] = 800 : MeterAmps = 0.8 | 0.155 | 0.5
01732 PASS: MeterAmps 0.77
01733 sdo[0x6411][6] = 800 : sdo[0x5003][6] = 800 | 155 | 0.5
01733 TEST: Status Message Amp.Port_3B 800.0 +/- 155.0
01733 PASS: Status Message Amp.Port_3B 792.0
01734 sdo[0x6411][6] = 810 : MeterAmps = 0.81 | 0.155 | 0.5
01734 PASS: MeterAmps 0.778
01735 sdo[0x6411][6] = 810 : sdo[0x5003][6] = 810 | 155 | 0.5
01735 TEST: Status Message Amp.Port_3B 810.0 +/- 155.0
01735 PASS: Status Message Amp.Port_3B 804.0
01736 sdo[0x6411][6] = 820 : MeterAmps = 0.82 | 0.155 | 0.5
01736 PASS: MeterAmps 0.792
01737 sdo[0x6411][6] = 820 : sdo[0x5003][6] = 820 | 155 | 0.5
01737 TEST: Status Message Amp.Port_3B 820.0 +/- 155.0
01737 PASS: Status Message Amp.Port_3B 816.0
01738 sdo[0x6411][6] = 830 : MeterAmps = 0.83 | 0.155 | 0.5
01738 PASS: MeterAmps 0.797
01739 sdo[0x6411][6] = 830 : sdo[0x5003][6] = 830 | 155 | 0.5
01739 TEST: Status Message Amp.Port_3B 830.0 +/- 155.0
01739 PASS: Status Message Amp.Port_3B 824.0
01740 sdo[0x6411][6] = 840 : MeterAmps = 0.84 | 0.155 | 0.5
01740 PASS: MeterAmps 0.809
01741 sdo[0x6411][6] = 840 : sdo[0x5003][6] = 840 | 155 | 0.5
01741 TEST: Status Message Amp.Port_3B 840.0 +/- 155.0
01741 PASS: Status Message Amp.Port_3B 832.0
01742 sdo[0x6411][6] = 850 : MeterAmps = 0.85 | 0.155 | 0.5
01742 PASS: MeterAmps 0.818
01743 sdo[0x6411][6] = 850 : sdo[0x5003][6] = 850 | 155 | 0.5
01743 TEST: Status Message Amp.Port_3B 850.0 +/- 155.0
01743 PASS: Status Message Amp.Port_3B 844.0
01744 sdo[0x6411][6] = 860 : MeterAmps = 0.86 | 0.155 | 0.5
01744 PASS: MeterAmps 0.828
01745 sdo[0x6411][6] = 860 : sdo[0x5003][6] = 860 | 155 | 0.5
01745 TEST: Status Message Amp.Port_3B 860.0 +/- 155.0
01745 PASS: Status Message Amp.Port_3B 852.0
01746 sdo[0x6411][6] = 870 : MeterAmps = 0.87 | 0.155 | 0.5
01746 PASS: MeterAmps 0.836
01747 sdo[0x6411][6] = 870 : sdo[0x5003][6] = 870 | 155 | 0.5
01747 TEST: Status Message Amp.Port_3B 870.0 +/- 155.0
01747 PASS: Status Message Amp.Port_3B 864.0
01748 sdo[0x6411][6] = 880 : MeterAmps = 0.88 | 0.155 | 0.5
01748 PASS: MeterAmps 0.848
01749 sdo[0x6411][6] = 880 : sdo[0x5003][6] = 880 | 155 | 0.5
01749 TEST: Status Message Amp.Port_3B 880.0 +/- 155.0
01749 PASS: Status Message Amp.Port_3B 872.0
01750 sdo[0x6411][6] = 890 : MeterAmps = 0.89 | 0.155 | 0.5
01750 PASS: MeterAmps 0.856
01751 sdo[0x6411][6] = 890 : sdo[0x5003][6] = 890 | 155 | 0.5
01751 TEST: Status Message Amp.Port_3B 890.0 +/- 155.0
01751 PASS: Status Message Amp.Port_3B 884.0
01752 sdo[0x6411][6] = 900 : MeterAmps = 0.9 | 0.155 | 0.5
01752 PASS: MeterAmps 0.867
01753 sdo[0x6411][6] = 900 : sdo[0x5003][6] = 900 | 155 | 0.5
01753 TEST: Status Message Amp.Port_3B 900.0 +/- 155.0
01753 PASS: Status Message Amp.Port_3B 895.0
01754 sdo[0x6411][6] = 910 : MeterAmps = 0.91 | 0.155 | 0.5
01754 PASS: MeterAmps 0.879
01755 sdo[0x6411][6] = 910 : sdo[0x5003][6] = 910 | 155 | 0.5
01755 TEST: Status Message Amp.Port_3B 910.0 +/- 155.0
01755 PASS: Status Message Amp.Port_3B 903.0
01756 sdo[0x6411][6] = 920 : MeterAmps = 0.92 | 0.155 | 0.5
01756 PASS: MeterAmps 0.887
01757 sdo[0x6411][6] = 920 : sdo[0x5003][6] = 920 | 155 | 0.5
01757 TEST: Status Message Amp.Port_3B 920.0 +/- 155.0
01757 PASS: Status Message Amp.Port_3B 915.0
01758 sdo[0x6411][6] = 930 : MeterAmps = 0.93 | 0.155 | 0.5
01758 PASS: MeterAmps 0.897
01759 sdo[0x6411][6] = 930 : sdo[0x5003][6] = 930 | 155 | 0.5
01759 TEST: Status Message Amp.Port_3B 930.0 +/- 155.0
01759 PASS: Status Message Amp.Port_3B 923.0
01760 sdo[0x6411][6] = 940 : MeterAmps = 0.94 | 0.155 | 0.5
01760 PASS: MeterAmps 0.905
01761 sdo[0x6411][6] = 940 : sdo[0x5003][6] = 940 | 155 | 0.5
01761 TEST: Status Message Amp.Port_3B 940.0 +/- 155.0
01761 PASS: Status Message Amp.Port_3B 935.0
01762 sdo[0x6411][6] = 950 : MeterAmps = 0.95 | 0.155 | 0.5
01762 PASS: MeterAmps 0.919
01763 sdo[0x6411][6] = 950 : sdo[0x5003][6] = 950 | 155 | 0.5
01763 TEST: Status Message Amp.Port_3B 950.0 +/- 155.0
01763 PASS: Status Message Amp.Port_3B 943.0
01764 sdo[0x6411][6] = 960 : MeterAmps = 0.96 | 0.155 | 0.5
01764 PASS: MeterAmps 0.925
01765 sdo[0x6411][6] = 960 : sdo[0x5003][6] = 960 | 155 | 0.5
01765 TEST: Status Message Amp.Port_3B 960.0 +/- 155.0
01765 PASS: Status Message Amp.Port_3B 951.0
01766 sdo[0x6411][6] = 970 : MeterAmps = 0.97 | 0.155 | 0.5
01766 PASS: MeterAmps 0.936
01767 sdo[0x6411][6] = 970 : sdo[0x5003][6] = 970 | 155 | 0.5
01767 TEST: Status Message Amp.Port_3B 970.0 +/- 155.0
01767 PASS: Status Message Amp.Port_3B 967.0
01768 sdo[0x6411][6] = 980 : MeterAmps = 0.98 | 0.155 | 0.5
01768 PASS: MeterAmps 0.944
01769 sdo[0x6411][6] = 980 : sdo[0x5003][6] = 980 | 155 | 0.5
01769 TEST: Status Message Amp.Port_3B 980.0 +/- 155.0
01769 PASS: Status Message Amp.Port_3B 975.0
01770 sdo[0x6411][6] = 990 : MeterAmps = 0.99 | 0.155 | 0.5
01770 PASS: MeterAmps 0.954
01771 sdo[0x6411][6] = 990 : sdo[0x5003][6] = 990 | 155 | 0.5
01771 TEST: Status Message Amp.Port_3B 990.0 +/- 155.0
01771 PASS: Status Message Amp.Port_3B 983.0
01772 sdo[0x6411][6] = 1000 : MeterAmps = 1.0 | 0.155 | 0.5
01772 PASS: MeterAmps 0.963
01773 sdo[0x6411][6] = 1000 : sdo[0x5003][6] = 1000 | 155 | 0.5
01773 TEST: Status Message Amp.Port_3B 1000.0 +/- 155.0
01773 PASS: Status Message Amp.Port_3B 995.0
01774 sdo[0x6411][6] = 1010 : MeterAmps = 1.01 | 0.155 | 0.5
01774 PASS: MeterAmps 0.974
01775 sdo[0x6411][6] = 1010 : sdo[0x5003][6] = 1010 | 155 | 0.5
01775 TEST: Status Message Amp.Port_3B 1010.0 +/- 155.0
01775 PASS: Status Message Amp.Port_3B 1007.0
01776 sdo[0x6411][6] = 1020 : MeterAmps = 1.02 | 0.155 | 0.5
01776 PASS: MeterAmps 0.98
01777 sdo[0x6411][6] = 1020 : sdo[0x5003][6] = 1020 | 155 | 0.5
01777 TEST: Status Message Amp.Port_3B 1020.0 +/- 155.0
01777 PASS: Status Message Amp.Port_3B 1015.0
01778 sdo[0x6411][6] = 1030 : MeterAmps = 1.03 | 0.155 | 0.5
01778 PASS: MeterAmps 0.994
01779 sdo[0x6411][6] = 1030 : sdo[0x5003][6] = 1030 | 155 | 0.5
01779 TEST: Status Message Amp.Port_3B 1030.0 +/- 155.0
01779 PASS: Status Message Amp.Port_3B 1023.0
01780 sdo[0x6411][6] = 1040 : MeterAmps = 1.04 | 0.155 | 0.5
01780 PASS: MeterAmps 1.002
01781 sdo[0x6411][6] = 1040 : sdo[0x5003][6] = 1040 | 155 | 0.5
01781 TEST: Status Message Amp.Port_3B 1040.0 +/- 155.0
01781 PASS: Status Message Amp.Port_3B 1039.0
01782 sdo[0x6411][6] = 1050 : MeterAmps = 1.05 | 0.155 | 0.5
01782 PASS: MeterAmps 1.01
01783 sdo[0x6411][6] = 1050 : sdo[0x5003][6] = 1050 | 155 | 0.5
01783 TEST: Status Message Amp.Port_3B 1050.0 +/- 155.0
01783 PASS: Status Message Amp.Port_3B 1043.0
01784 sdo[0x6411][6] = 1060 : MeterAmps = 1.06 | 0.155 | 0.5
01784 PASS: MeterAmps 1.019
01785 sdo[0x6411][6] = 1060 : sdo[0x5003][6] = 1060 | 155 | 0.5
01785 TEST: Status Message Amp.Port_3B 1060.0 +/- 155.0
01785 PASS: Status Message Amp.Port_3B 1055.0
01786 sdo[0x6411][6] = 1070 : MeterAmps = 1.07 | 0.155 | 0.5
01786 PASS: MeterAmps 1.032
01787 sdo[0x6411][6] = 1070 : sdo[0x5003][6] = 1070 | 155 | 0.5
01787 TEST: Status Message Amp.Port_3B 1070.0 +/- 155.0
01787 PASS: Status Message Amp.Port_3B 1063.0
01788 sdo[0x6411][6] = 1080 : MeterAmps = 1.08 | 0.155 | 0.5
01788 PASS: MeterAmps 1.039
01789 sdo[0x6411][6] = 1080 : sdo[0x5003][6] = 1080 | 155 | 0.5
01789 TEST: Status Message Amp.Port_3B 1080.0 +/- 155.0
01789 PASS: Status Message Amp.Port_3B 1075.0
01790 sdo[0x6411][6] = 1090 : MeterAmps = 1.09 | 0.155 | 0.5
01790 PASS: MeterAmps 1.05
01791 sdo[0x6411][6] = 1090 : sdo[0x5003][6] = 1090 | 155 | 0.5
01791 TEST: Status Message Amp.Port_3B 1090.0 +/- 155.0
01791 PASS: Status Message Amp.Port_3B 1083.0
01792 sdo[0x6411][6] = 1100 : MeterAmps = 1.1 | 0.155 | 0.5
01792 PASS: MeterAmps 1.058
01793 sdo[0x6411][6] = 1100 : sdo[0x5003][6] = 1100 | 155 | 0.5
01793 TEST: Status Message Amp.Port_3B 1100.0 +/- 155.0
01793 PASS: Status Message Amp.Port_3B 1095.0
01794 sdo[0x6411][6] = 1110 : MeterAmps = 1.11 | 0.155 | 0.5
01794 PASS: MeterAmps 1.07
01795 sdo[0x6411][6] = 1110 : sdo[0x5003][6] = 1110 | 155 | 0.5
01795 TEST: Status Message Amp.Port_3B 1110.0 +/- 155.0
01795 PASS: Status Message Amp.Port_3B 1103.0
01796 sdo[0x6411][6] = 1120 : MeterAmps = 1.12 | 0.155 | 0.5
01796 PASS: MeterAmps 1.077
01797 sdo[0x6411][6] = 1120 : sdo[0x5003][6] = 1120 | 155 | 0.5
01797 TEST: Status Message Amp.Port_3B 1120.0 +/- 155.0
01797 PASS: Status Message Amp.Port_3B 1114.0
01798 sdo[0x6411][6] = 1130 : MeterAmps = 1.13 | 0.155 | 0.5
01798 PASS: MeterAmps 1.089
01799 sdo[0x6411][6] = 1130 : sdo[0x5003][6] = 1130 | 155 | 0.5
01799 TEST: Status Message Amp.Port_3B 1130.0 +/- 155.0
01799 PASS: Status Message Amp.Port_3B 1122.0
01800 sdo[0x6411][6] = 1140 : MeterAmps = 1.14 | 0.155 | 0.5
01800 PASS: MeterAmps 1.098
01801 sdo[0x6411][6] = 1140 : sdo[0x5003][6] = 1140 | 155 | 0.5
01801 TEST: Status Message Amp.Port_3B 1140.0 +/- 155.0
01801 PASS: Status Message Amp.Port_3B 1134.0
01802 sdo[0x6411][6] = 1150 : MeterAmps = 1.15 | 0.155 | 0.5
01802 PASS: MeterAmps 1.109
01803 sdo[0x6411][6] = 1150 : sdo[0x5003][6] = 1150 | 155 | 0.5
01803 TEST: Status Message Amp.Port_3B 1150.0 +/- 155.0
01803 PASS: Status Message Amp.Port_3B 1142.0
01804 sdo[0x6411][6] = 1160 : MeterAmps = 1.16 | 0.155 | 0.5
01804 PASS: MeterAmps 1.116
01805 sdo[0x6411][6] = 1160 : sdo[0x5003][6] = 1160 | 155 | 0.5
01805 TEST: Status Message Amp.Port_3B 1160.0 +/- 155.0
01805 PASS: Status Message Amp.Port_3B 1154.0
01806 sdo[0x6411][6] = 1170 : MeterAmps = 1.17 | 0.155 | 0.5
01806 PASS: MeterAmps 1.128
01807 sdo[0x6411][6] = 1170 : sdo[0x5003][6] = 1170 | 155 | 0.5
01807 TEST: Status Message Amp.Port_3B 1170.0 +/- 155.0
01807 PASS: Status Message Amp.Port_3B 1166.0
01808 sdo[0x6411][6] = 1180 : MeterAmps = 1.18 | 0.155 | 0.5
01808 PASS: MeterAmps 1.133
01809 sdo[0x6411][6] = 1180 : sdo[0x5003][6] = 1180 | 155 | 0.5
01809 TEST: Status Message Amp.Port_3B 1180.0 +/- 155.0
01809 PASS: Status Message Amp.Port_3B 1174.0
01810 sdo[0x6411][6] = 1190 : MeterAmps = 1.19 | 0.155 | 0.5
01810 PASS: MeterAmps 1.146
01811 sdo[0x6411][6] = 1190 : sdo[0x5003][6] = 1190 | 155 | 0.5
01811 TEST: Status Message Amp.Port_3B 1190.0 +/- 155.0
01811 PASS: Status Message Amp.Port_3B 1182.0
01812 sdo[0x6411][6] = 1200 : MeterAmps = 1.2 | 0.155 | 0.5
01812 PASS: MeterAmps 1.155
01813 sdo[0x6411][6] = 1200 : sdo[0x5003][6] = 1200 | 155 | 0.5
01813 TEST: Status Message Amp.Port_3B 1200.0 +/- 155.0
01813 PASS: Status Message Amp.Port_3B 1198.0
01814 sdo[0x6411][6] = 1210 : MeterAmps = 1.21 | 0.155 | 0.5
01814 PASS: MeterAmps 1.163
01815 sdo[0x6411][6] = 1210 : sdo[0x5003][6] = 1210 | 155 | 0.5
01815 TEST: Status Message Amp.Port_3B 1210.0 +/- 155.0
01815 PASS: Status Message Amp.Port_3B 1202.0
01816 sdo[0x6411][6] = 1220 : MeterAmps = 1.22 | 0.155 | 0.5
01816 PASS: MeterAmps 1.173
01817 sdo[0x6411][6] = 1220 : sdo[0x5003][6] = 1220 | 155 | 0.5
01817 TEST: Status Message Amp.Port_3B 1220.0 +/- 155.0
01817 PASS: Status Message Amp.Port_3B 1214.0
01818 sdo[0x6411][6] = 1230 : MeterAmps = 1.23 | 0.155 | 0.5
01818 PASS: MeterAmps 1.185
01819 sdo[0x6411][6] = 1230 : sdo[0x5003][6] = 1230 | 155 | 0.5
01819 TEST: Status Message Amp.Port_3B 1230.0 +/- 155.0
01819 PASS: Status Message Amp.Port_3B 1222.0
01820 sdo[0x6411][6] = 1240 : MeterAmps = 1.24 | 0.155 | 0.5
01820 PASS: MeterAmps 1.191
01821 sdo[0x6411][6] = 1240 : sdo[0x5003][6] = 1240 | 155 | 0.5
01821 TEST: Status Message Amp.Port_3B 1240.0 +/- 155.0
01821 PASS: Status Message Amp.Port_3B 1234.0
01822 sdo[0x6411][6] = 1250 : MeterAmps = 1.25 | 0.155 | 0.5
01822 PASS: MeterAmps 1.202
01823 sdo[0x6411][6] = 1250 : sdo[0x5003][6] = 1250 | 155 | 0.5
01823 TEST: Status Message Amp.Port_3B 1250.0 +/- 155.0
01823 PASS: Status Message Amp.Port_3B 1242.0
01824 sdo[0x6411][6] = 1260 : MeterAmps = 1.26 | 0.155 | 0.5
01824 PASS: MeterAmps 1.209
01825 sdo[0x6411][6] = 1260 : sdo[0x5003][6] = 1260 | 155 | 0.5
01825 TEST: Status Message Amp.Port_3B 1260.0 +/- 155.0
01825 PASS: Status Message Amp.Port_3B 1250.0
01826 sdo[0x6411][6] = 1270 : MeterAmps = 1.27 | 0.155 | 0.5
01826 PASS: MeterAmps 1.222
01827 sdo[0x6411][6] = 1270 : sdo[0x5003][6] = 1270 | 155 | 0.5
01827 TEST: Status Message Amp.Port_3B 1270.0 +/- 155.0
01827 PASS: Status Message Amp.Port_3B 1262.0
01828 sdo[0x6411][6] = 1280 : MeterAmps = 1.28 | 0.155 | 0.5
01828 PASS: MeterAmps 1.229
01829 sdo[0x6411][6] = 1280 : sdo[0x5003][6] = 1280 | 155 | 0.5
01829 TEST: Status Message Amp.Port_3B 1280.0 +/- 155.0
01829 PASS: Status Message Amp.Port_3B 1270.0
01830 sdo[0x6411][6] = 1290 : MeterAmps = 1.29 | 0.155 | 0.5
01830 PASS: MeterAmps 1.24
01831 sdo[0x6411][6] = 1290 : sdo[0x5003][6] = 1290 | 155 | 0.5
01831 TEST: Status Message Amp.Port_3B 1290.0 +/- 155.0
01831 PASS: Status Message Amp.Port_3B 1282.0
01832 sdo[0x6411][6] = 1300 : MeterAmps = 1.3 | 0.155 | 0.5
01832 PASS: MeterAmps 1.25
01833 sdo[0x6411][6] = 1300 : sdo[0x5003][6] = 1300 | 155 | 0.5
01833 TEST: Status Message Amp.Port_3B 1300.0 +/- 155.0
01833 PASS: Status Message Amp.Port_3B 1294.0
01834 sdo[0x6411][6] = 1310 : MeterAmps = 1.31 | 0.155 | 0.5
01834 PASS: MeterAmps 1.26
01835 sdo[0x6411][6] = 1310 : sdo[0x5003][6] = 1310 | 155 | 0.5
01835 TEST: Status Message Amp.Port_3B 1310.0 +/- 155.0
01835 PASS: Status Message Amp.Port_3B 1302.0
01836 sdo[0x6411][6] = 1320 : MeterAmps = 1.32 | 0.155 | 0.5
01836 PASS: MeterAmps 1.267
01837 sdo[0x6411][6] = 1320 : sdo[0x5003][6] = 1320 | 155 | 0.5
01837 TEST: Status Message Amp.Port_3B 1320.0 +/- 155.0
01837 PASS: Status Message Amp.Port_3B 1314.0
01838 sdo[0x6411][6] = 1330 : MeterAmps = 1.33 | 0.155 | 0.5
01838 PASS: MeterAmps 1.279
01839 sdo[0x6411][6] = 1330 : sdo[0x5003][6] = 1330 | 155 | 0.5
01839 TEST: Status Message Amp.Port_3B 1330.0 +/- 155.0
01839 PASS: Status Message Amp.Port_3B 1326.0
01840 sdo[0x6411][6] = 1340 : MeterAmps = 1.34 | 0.155 | 0.5
01840 PASS: MeterAmps 1.29
01841 sdo[0x6411][6] = 1340 : sdo[0x5003][6] = 1340 | 155 | 0.5
01841 TEST: Status Message Amp.Port_3B 1340.0 +/- 155.0
01841 PASS: Status Message Amp.Port_3B 1333.0
01842 sdo[0x6411][6] = 1350 : MeterAmps = 1.35 | 0.155 | 0.5
01842 PASS: MeterAmps 1.299
01843 sdo[0x6411][6] = 1350 : sdo[0x5003][6] = 1350 | 155 | 0.5
01843 TEST: Status Message Amp.Port_3B 1350.0 +/- 155.0
01843 PASS: Status Message Amp.Port_3B 1345.0
01844 sdo[0x6411][6] = 1360 : MeterAmps = 1.36 | 0.155 | 0.5
01844 PASS: MeterAmps 1.31
01845 sdo[0x6411][6] = 1360 : sdo[0x5003][6] = 1360 | 155 | 0.5
01845 TEST: Status Message Amp.Port_3B 1360.0 +/- 155.0
01845 PASS: Status Message Amp.Port_3B 1353.0
01846 sdo[0x6411][6] = 1370 : MeterAmps = 1.37 | 0.155 | 0.5
01846 PASS: MeterAmps 1.318
01847 sdo[0x6411][6] = 1370 : sdo[0x5003][6] = 1370 | 155 | 0.5
01847 TEST: Status Message Amp.Port_3B 1370.0 +/- 155.0
01847 PASS: Status Message Amp.Port_3B 1365.0
01848 sdo[0x6411][6] = 1380 : MeterAmps = 1.38 | 0.155 | 0.5
01848 PASS: MeterAmps 1.33
01849 sdo[0x6411][6] = 1380 : sdo[0x5003][6] = 1380 | 155 | 0.5
01849 TEST: Status Message Amp.Port_3B 1380.0 +/- 155.0
01849 PASS: Status Message Amp.Port_3B 1373.0
01850 sdo[0x6411][6] = 1390 : MeterAmps = 1.39 | 0.155 | 0.5
01850 PASS: MeterAmps 1.337
01851 sdo[0x6411][6] = 1390 : sdo[0x5003][6] = 1390 | 155 | 0.5
01851 TEST: Status Message Amp.Port_3B 1390.0 +/- 155.0
01851 PASS: Status Message Amp.Port_3B 1385.0
01852 sdo[0x6411][6] = 1400 : MeterAmps = 1.4 | 0.155 | 0.5
01852 PASS: MeterAmps 1.347
01853 sdo[0x6411][6] = 1400 : sdo[0x5003][6] = 1400 | 155 | 0.5
01853 TEST: Status Message Amp.Port_3B 1400.0 +/- 155.0
01853 PASS: Status Message Amp.Port_3B 1393.0
01854 sdo[0x6411][6] = 1410 : MeterAmps = 1.41 | 0.155 | 0.5
01854 PASS: MeterAmps 1.356
01855 sdo[0x6411][6] = 1410 : sdo[0x5003][6] = 1410 | 155 | 0.5
01855 TEST: Status Message Amp.Port_3B 1410.0 +/- 155.0
01855 PASS: Status Message Amp.Port_3B 1405.0
01856 sdo[0x6411][6] = 1420 : MeterAmps = 1.42 | 0.155 | 0.5
01856 PASS: MeterAmps 1.368
01857 sdo[0x6411][6] = 1420 : sdo[0x5003][6] = 1420 | 155 | 0.5
01857 TEST: Status Message Amp.Port_3B 1420.0 +/- 155.0
01857 PASS: Status Message Amp.Port_3B 1413.0
01858 sdo[0x6411][6] = 1430 : MeterAmps = 1.43 | 0.155 | 0.5
01858 PASS: MeterAmps 1.377
01859 sdo[0x6411][6] = 1430 : sdo[0x5003][6] = 1430 | 155 | 0.5
01859 TEST: Status Message Amp.Port_3B 1430.0 +/- 155.0
01859 PASS: Status Message Amp.Port_3B 1425.0
01860 sdo[0x6411][6] = 1440 : MeterAmps = 1.44 | 0.155 | 0.5
01860 PASS: MeterAmps 1.387
01861 sdo[0x6411][6] = 1440 : sdo[0x5003][6] = 1440 | 155 | 0.5
01861 TEST: Status Message Amp.Port_3B 1440.0 +/- 155.0
01861 PASS: Status Message Amp.Port_3B 1437.0
01862 sdo[0x6411][6] = 1450 : MeterAmps = 1.45 | 0.155 | 0.5
01862 PASS: MeterAmps 1.393
01863 sdo[0x6411][6] = 1450 : sdo[0x5003][6] = 1450 | 155 | 0.5
01863 TEST: Status Message Amp.Port_3B 1450.0 +/- 155.0
01863 PASS: Status Message Amp.Port_3B 1445.0
01864 sdo[0x6411][6] = 1460 : MeterAmps = 1.46 | 0.155 | 0.5
01864 PASS: MeterAmps 1.407
01865 sdo[0x6411][6] = 1460 : sdo[0x5003][6] = 1460 | 155 | 0.5
01865 TEST: Status Message Amp.Port_3B 1460.0 +/- 155.0
01865 PASS: Status Message Amp.Port_3B 1453.0
01866 sdo[0x6411][6] = 1470 : MeterAmps = 1.47 | 0.155 | 0.5
01866 PASS: MeterAmps 1.413
01867 sdo[0x6411][6] = 1470 : sdo[0x5003][6] = 1470 | 155 | 0.5
01867 TEST: Status Message Amp.Port_3B 1470.0 +/- 155.0
01867 PASS: Status Message Amp.Port_3B 1465.0
01868 sdo[0x6411][6] = 1480 : MeterAmps = 1.48 | 0.155 | 0.5
01868 PASS: MeterAmps 1.424
01869 sdo[0x6411][6] = 1480 : sdo[0x5003][6] = 1480 | 155 | 0.5
01869 TEST: Status Message Amp.Port_3B 1480.0 +/- 155.0
01869 PASS: Status Message Amp.Port_3B 1473.0
01870 sdo[0x6411][6] = 1490 : MeterAmps = 1.49 | 0.155 | 0.5
01870 PASS: MeterAmps 1.432
01871 sdo[0x6411][6] = 1490 : sdo[0x5003][6] = 1490 | 155 | 0.5
01871 TEST: Status Message Amp.Port_3B 1490.0 +/- 155.0
01871 PASS: Status Message Amp.Port_3B 1485.0
01872 sdo[0x6411][6] = 1500 : MeterAmps = 1.5 | 0.155 | 0.5
01872 PASS: MeterAmps 1.443
01873 sdo[0x6411][6] = 1500 : sdo[0x5003][6] = 1500 | 155 | 0.5
01873 TEST: Status Message Amp.Port_3B 1500.0 +/- 155.0
01873 PASS: Status Message Amp.Port_3B 1493.0
01874 #switch out load line, switch coil
01874 sdo[0x6411][6] = 0 : NULL : WAIT = 1
01875 J2_06 = 0 : NULL : WAIT = 1
01876 #read signal value to update
01876 NULL : sdo[0x5003][6] = 0 | 155 | 0.5
01876 TEST: Status Message Amp.Port_3B 0.0 +/- 155.0
01876 PASS: Status Message Amp.Port_3B 0.0
01877 J4_02 = 0, J4_03 = 1 : NULL : WAIT = 0.5
01878 J4_01 = 1, J4_03 = 1 : NULL : WAIT = 1
01879 #-----setup 37000-----
01879 sdo[0x2000][1] = 0 : NULL : WAIT = 0.2
01880 sdo[0x2000][3] = 0 : NULL : WAIT = 0.2
01881 sdo[0x2000][4] = 0 : NULL : WAIT = 0.2
01882 sdo[0x2001][4] = 68 : NULL : WAIT = 0.2
01883 #switch in load line, set current
01883 J2_07 = 1 : NULL : WAIT = 0.5
01884 OPERATIONAL
01884 
01884 sdo[0x6411][7] = 0 : MeterAmps = 0.0 | 0.155 | 0.5
01884 TEST: MeterAmps 0.0 +/- 0.155
01884 PASS: MeterAmps 0.0
01885 sdo[0x6411][7] = 0 : sdo[0x5003][7] = 0 | 155 | 0.5
01885 TEST: Status Message Amp.Port_4A 0.0 +/- 155.0
01885 PASS: Status Message Amp.Port_4A 0.0
01886 sdo[0x6411][7] = 10 : MeterAmps = 0.01 | 0.155 | 0.5
01886 PASS: MeterAmps 0.0
01887 sdo[0x6411][7] = 10 : sdo[0x5003][7] = 10 | 155 | 0.5
01887 TEST: Status Message Amp.Port_4A 10.0 +/- 155.0
01887 PASS: Status Message Amp.Port_4A 31.0
01888 sdo[0x6411][7] = 20 : MeterAmps = 0.02 | 0.155 | 0.5
01888 PASS: MeterAmps 0.042
01889 sdo[0x6411][7] = 20 : sdo[0x5003][7] = 20 | 155 | 0.5
01889 TEST: Status Message Amp.Port_4A 20.0 +/- 155.0
01889 PASS: Status Message Amp.Port_4A 35.0
01890 sdo[0x6411][7] = 30 : MeterAmps = 0.03 | 0.155 | 0.5
01890 PASS: MeterAmps 0.042
01891 sdo[0x6411][7] = 30 : sdo[0x5003][7] = 30 | 155 | 0.5
01891 TEST: Status Message Amp.Port_4A 30.0 +/- 155.0
01891 PASS: Status Message Amp.Port_4A 35.0
01892 sdo[0x6411][7] = 40 : MeterAmps = 0.04 | 0.155 | 0.5
01892 PASS: MeterAmps 0.042
01893 sdo[0x6411][7] = 40 : sdo[0x5003][7] = 40 | 155 | 0.5
01893 TEST: Status Message Amp.Port_4A 40.0 +/- 155.0
01893 PASS: Status Message Amp.Port_4A 35.0
01894 sdo[0x6411][7] = 50 : MeterAmps = 0.05 | 0.155 | 0.5
01894 PASS: MeterAmps 0.042
01895 sdo[0x6411][7] = 50 : sdo[0x5003][7] = 50 | 155 | 0.5
01895 TEST: Status Message Amp.Port_4A 50.0 +/- 155.0
01895 PASS: Status Message Amp.Port_4A 35.0
01896 sdo[0x6411][7] = 60 : MeterAmps = 0.06 | 0.155 | 0.5
01896 PASS: MeterAmps 0.042
01897 sdo[0x6411][7] = 60 : sdo[0x5003][7] = 60 | 155 | 0.5
01897 TEST: Status Message Amp.Port_4A 60.0 +/- 155.0
01897 PASS: Status Message Amp.Port_4A 35.0
01898 sdo[0x6411][7] = 70 : MeterAmps = 0.07 | 0.155 | 0.5
01898 PASS: MeterAmps 0.043
01899 sdo[0x6411][7] = 70 : sdo[0x5003][7] = 70 | 155 | 0.5
01899 TEST: Status Message Amp.Port_4A 70.0 +/- 155.0
01899 PASS: Status Message Amp.Port_4A 59.0
01900 sdo[0x6411][7] = 80 : MeterAmps = 0.08 | 0.155 | 0.5
01900 PASS: MeterAmps 0.074
01901 sdo[0x6411][7] = 80 : sdo[0x5003][7] = 80 | 155 | 0.5
01901 TEST: Status Message Amp.Port_4A 80.0 +/- 155.0
01901 PASS: Status Message Amp.Port_4A 75.0
01902 sdo[0x6411][7] = 90 : MeterAmps = 0.09 | 0.155 | 0.5
01902 PASS: MeterAmps 0.089
01903 sdo[0x6411][7] = 90 : sdo[0x5003][7] = 90 | 155 | 0.5
01903 TEST: Status Message Amp.Port_4A 90.0 +/- 155.0
01903 PASS: Status Message Amp.Port_4A 87.0
01904 sdo[0x6411][7] = 100 : MeterAmps = 0.1 | 0.155 | 0.5
01904 PASS: MeterAmps 0.093
01905 sdo[0x6411][7] = 100 : sdo[0x5003][7] = 100 | 155 | 0.5
01905 TEST: Status Message Amp.Port_4A 100.0 +/- 155.0
01905 PASS: Status Message Amp.Port_4A 95.0
01906 sdo[0x6411][7] = 110 : MeterAmps = 0.11 | 0.155 | 0.5
01906 PASS: MeterAmps 0.105
01907 sdo[0x6411][7] = 110 : sdo[0x5003][7] = 110 | 155 | 0.5
01907 TEST: Status Message Amp.Port_4A 110.0 +/- 155.0
01907 PASS: Status Message Amp.Port_4A 103.0
01908 sdo[0x6411][7] = 120 : MeterAmps = 0.12 | 0.155 | 0.5
01908 PASS: MeterAmps 0.112
01909 sdo[0x6411][7] = 120 : sdo[0x5003][7] = 120 | 155 | 0.5
01909 TEST: Status Message Amp.Port_4A 120.0 +/- 155.0
01909 PASS: Status Message Amp.Port_4A 115.0
01910 sdo[0x6411][7] = 130 : MeterAmps = 0.13 | 0.155 | 0.5
01910 PASS: MeterAmps 0.124
01911 sdo[0x6411][7] = 130 : sdo[0x5003][7] = 130 | 155 | 0.5
01911 TEST: Status Message Amp.Port_4A 130.0 +/- 155.0
01911 PASS: Status Message Amp.Port_4A 123.0
01912 sdo[0x6411][7] = 140 : MeterAmps = 0.14 | 0.155 | 0.5
01912 PASS: MeterAmps 0.133
01913 sdo[0x6411][7] = 140 : sdo[0x5003][7] = 140 | 155 | 0.5
01913 TEST: Status Message Amp.Port_4A 140.0 +/- 155.0
01913 PASS: Status Message Amp.Port_4A 135.0
01914 sdo[0x6411][7] = 150 : MeterAmps = 0.15 | 0.155 | 0.5
01914 PASS: MeterAmps 0.143
01915 sdo[0x6411][7] = 150 : sdo[0x5003][7] = 150 | 155 | 0.5
01915 TEST: Status Message Amp.Port_4A 150.0 +/- 155.0
01915 PASS: Status Message Amp.Port_4A 147.0
01916 sdo[0x6411][7] = 160 : MeterAmps = 0.16 | 0.155 | 0.5
01916 PASS: MeterAmps 0.15
01917 sdo[0x6411][7] = 160 : sdo[0x5003][7] = 160 | 155 | 0.5
01917 TEST: Status Message Amp.Port_4A 160.0 +/- 155.0
01917 PASS: Status Message Amp.Port_4A 155.0
01918 sdo[0x6411][7] = 170 : MeterAmps = 0.17 | 0.155 | 0.5
01918 PASS: MeterAmps 0.162
01919 sdo[0x6411][7] = 170 : sdo[0x5003][7] = 170 | 155 | 0.5
01919 TEST: Status Message Amp.Port_4A 170.0 +/- 155.0
01919 PASS: Status Message Amp.Port_4A 167.0
01920 sdo[0x6411][7] = 180 : MeterAmps = 0.18 | 0.155 | 0.5
01920 PASS: MeterAmps 0.169
01921 sdo[0x6411][7] = 180 : sdo[0x5003][7] = 180 | 155 | 0.5
01921 TEST: Status Message Amp.Port_4A 180.0 +/- 155.0
01921 PASS: Status Message Amp.Port_4A 179.0
01922 sdo[0x6411][7] = 190 : MeterAmps = 0.19 | 0.155 | 0.5
01922 PASS: MeterAmps 0.18
01923 sdo[0x6411][7] = 190 : sdo[0x5003][7] = 190 | 155 | 0.5
01923 TEST: Status Message Amp.Port_4A 190.0 +/- 155.0
01923 PASS: Status Message Amp.Port_4A 183.0
01924 sdo[0x6411][7] = 200 : MeterAmps = 0.2 | 0.155 | 0.5
01924 PASS: MeterAmps 0.188
01925 sdo[0x6411][7] = 200 : sdo[0x5003][7] = 200 | 155 | 0.5
01925 TEST: Status Message Amp.Port_4A 200.0 +/- 155.0
01925 PASS: Status Message Amp.Port_4A 195.0
01926 sdo[0x6411][7] = 210 : MeterAmps = 0.21 | 0.155 | 0.5
01926 PASS: MeterAmps 0.201
01927 sdo[0x6411][7] = 210 : sdo[0x5003][7] = 210 | 155 | 0.5
01927 TEST: Status Message Amp.Port_4A 210.0 +/- 155.0
01927 PASS: Status Message Amp.Port_4A 203.0
01928 sdo[0x6411][7] = 220 : MeterAmps = 0.22 | 0.155 | 0.5
01928 PASS: MeterAmps 0.208
01929 sdo[0x6411][7] = 220 : sdo[0x5003][7] = 220 | 155 | 0.5
01929 TEST: Status Message Amp.Port_4A 220.0 +/- 155.0
01929 PASS: Status Message Amp.Port_4A 215.0
01930 sdo[0x6411][7] = 230 : MeterAmps = 0.23 | 0.155 | 0.5
01930 PASS: MeterAmps 0.217
01931 sdo[0x6411][7] = 230 : sdo[0x5003][7] = 230 | 155 | 0.5
01931 TEST: Status Message Amp.Port_4A 230.0 +/- 155.0
01931 PASS: Status Message Amp.Port_4A 226.0
01932 sdo[0x6411][7] = 240 : MeterAmps = 0.24 | 0.155 | 0.5
01932 PASS: MeterAmps 0.224
01933 sdo[0x6411][7] = 240 : sdo[0x5003][7] = 240 | 155 | 0.5
01933 TEST: Status Message Amp.Port_4A 240.0 +/- 155.0
01933 PASS: Status Message Amp.Port_4A 234.0
01934 sdo[0x6411][7] = 250 : MeterAmps = 0.25 | 0.155 | 0.5
01934 PASS: MeterAmps 0.237
01935 sdo[0x6411][7] = 250 : sdo[0x5003][7] = 250 | 155 | 0.5
01935 TEST: Status Message Amp.Port_4A 250.0 +/- 155.0
01935 PASS: Status Message Amp.Port_4A 242.0
01936 sdo[0x6411][7] = 260 : MeterAmps = 0.26 | 0.155 | 0.5
01936 PASS: MeterAmps 0.244
01937 sdo[0x6411][7] = 260 : sdo[0x5003][7] = 260 | 155 | 0.5
01937 TEST: Status Message Amp.Port_4A 260.0 +/- 155.0
01937 PASS: Status Message Amp.Port_4A 254.0
01938 sdo[0x6411][7] = 270 : MeterAmps = 0.27 | 0.155 | 0.5
01938 PASS: MeterAmps 0.256
01939 sdo[0x6411][7] = 270 : sdo[0x5003][7] = 270 | 155 | 0.5
01939 TEST: Status Message Amp.Port_4A 270.0 +/- 155.0
01939 PASS: Status Message Amp.Port_4A 262.0
01940 sdo[0x6411][7] = 280 : MeterAmps = 0.28 | 0.155 | 0.5
01940 PASS: MeterAmps 0.264
01941 sdo[0x6411][7] = 280 : sdo[0x5003][7] = 280 | 155 | 0.5
01941 TEST: Status Message Amp.Port_4A 280.0 +/- 155.0
01941 PASS: Status Message Amp.Port_4A 278.0
01942 sdo[0x6411][7] = 290 : MeterAmps = 0.29 | 0.155 | 0.5
01942 PASS: MeterAmps 0.274
01943 sdo[0x6411][7] = 290 : sdo[0x5003][7] = 290 | 155 | 0.5
01943 TEST: Status Message Amp.Port_4A 290.0 +/- 155.0
01943 PASS: Status Message Amp.Port_4A 282.0
01944 sdo[0x6411][7] = 300 : MeterAmps = 0.3 | 0.155 | 0.5
01944 PASS: MeterAmps 0.282
01945 sdo[0x6411][7] = 300 : sdo[0x5003][7] = 300 | 155 | 0.5
01945 TEST: Status Message Amp.Port_4A 300.0 +/- 155.0
01945 PASS: Status Message Amp.Port_4A 294.0
01946 sdo[0x6411][7] = 310 : MeterAmps = 0.31 | 0.155 | 0.5
01946 PASS: MeterAmps 0.293
01947 sdo[0x6411][7] = 310 : sdo[0x5003][7] = 310 | 155 | 0.5
01947 TEST: Status Message Amp.Port_4A 310.0 +/- 155.0
01947 PASS: Status Message Amp.Port_4A 306.0
01948 sdo[0x6411][7] = 320 : MeterAmps = 0.32 | 0.155 | 0.5
01948 PASS: MeterAmps 0.3
01949 sdo[0x6411][7] = 320 : sdo[0x5003][7] = 320 | 155 | 0.5
01949 TEST: Status Message Amp.Port_4A 320.0 +/- 155.0
01949 PASS: Status Message Amp.Port_4A 314.0
01950 sdo[0x6411][7] = 330 : MeterAmps = 0.33 | 0.155 | 0.5
01950 PASS: MeterAmps 0.313
01951 sdo[0x6411][7] = 330 : sdo[0x5003][7] = 330 | 155 | 0.5
01951 TEST: Status Message Amp.Port_4A 330.0 +/- 155.0
01951 PASS: Status Message Amp.Port_4A 322.0
01952 sdo[0x6411][7] = 340 : MeterAmps = 0.34 | 0.155 | 0.5
01952 PASS: MeterAmps 0.32
01953 sdo[0x6411][7] = 340 : sdo[0x5003][7] = 340 | 155 | 0.5
01953 TEST: Status Message Amp.Port_4A 340.0 +/- 155.0
01953 PASS: Status Message Amp.Port_4A 338.0
01954 sdo[0x6411][7] = 350 : MeterAmps = 0.35 | 0.155 | 0.5
01954 PASS: MeterAmps 0.331
01955 sdo[0x6411][7] = 350 : sdo[0x5003][7] = 350 | 155 | 0.5
01955 TEST: Status Message Amp.Port_4A 350.0 +/- 155.0
01955 PASS: Status Message Amp.Port_4A 342.0
01956 sdo[0x6411][7] = 360 : MeterAmps = 0.36 | 0.155 | 0.5
01956 PASS: MeterAmps 0.338
01957 sdo[0x6411][7] = 360 : sdo[0x5003][7] = 360 | 155 | 0.5
01957 TEST: Status Message Amp.Port_4A 360.0 +/- 155.0
01957 PASS: Status Message Amp.Port_4A 354.0
01958 sdo[0x6411][7] = 370 : MeterAmps = 0.37 | 0.155 | 0.5
01958 PASS: MeterAmps 0.351
01959 sdo[0x6411][7] = 370 : sdo[0x5003][7] = 370 | 155 | 0.5
01959 TEST: Status Message Amp.Port_4A 370.0 +/- 155.0
01959 PASS: Status Message Amp.Port_4A 366.0
01960 sdo[0x6411][7] = 380 : MeterAmps = 0.38 | 0.155 | 0.5
01960 PASS: MeterAmps 0.358
01961 sdo[0x6411][7] = 380 : sdo[0x5003][7] = 380 | 155 | 0.5
01961 TEST: Status Message Amp.Port_4A 380.0 +/- 155.0
01961 PASS: Status Message Amp.Port_4A 374.0
01962 sdo[0x6411][7] = 390 : MeterAmps = 0.39 | 0.155 | 0.5
01962 PASS: MeterAmps 0.369
01963 sdo[0x6411][7] = 390 : sdo[0x5003][7] = 390 | 155 | 0.5
01963 TEST: Status Message Amp.Port_4A 390.0 +/- 155.0
01963 PASS: Status Message Amp.Port_4A 386.0
01964 sdo[0x6411][7] = 400 : MeterAmps = 0.4 | 0.155 | 0.5
01964 PASS: MeterAmps 0.377
01965 sdo[0x6411][7] = 400 : sdo[0x5003][7] = 400 | 155 | 0.5
01965 TEST: Status Message Amp.Port_4A 400.0 +/- 155.0
01965 PASS: Status Message Amp.Port_4A 394.0
01966 sdo[0x6411][7] = 410 : MeterAmps = 0.41 | 0.155 | 0.5
01966 PASS: MeterAmps 0.39
01967 sdo[0x6411][7] = 410 : sdo[0x5003][7] = 410 | 155 | 0.5
01967 TEST: Status Message Amp.Port_4A 410.0 +/- 155.0
01967 PASS: Status Message Amp.Port_4A 406.0
01968 sdo[0x6411][7] = 420 : MeterAmps = 0.42 | 0.155 | 0.5
01968 PASS: MeterAmps 0.394
01969 sdo[0x6411][7] = 420 : sdo[0x5003][7] = 420 | 155 | 0.5
01969 TEST: Status Message Amp.Port_4A 420.0 +/- 155.0
01969 PASS: Status Message Amp.Port_4A 414.0
01970 sdo[0x6411][7] = 430 : MeterAmps = 0.43 | 0.155 | 0.5
01970 PASS: MeterAmps 0.407
01971 sdo[0x6411][7] = 430 : sdo[0x5003][7] = 430 | 155 | 0.5
01971 TEST: Status Message Amp.Port_4A 430.0 +/- 155.0
01971 PASS: Status Message Amp.Port_4A 426.0
01972 sdo[0x6411][7] = 440 : MeterAmps = 0.44 | 0.155 | 0.5
01972 PASS: MeterAmps 0.414
01973 sdo[0x6411][7] = 440 : sdo[0x5003][7] = 440 | 155 | 0.5
01973 TEST: Status Message Amp.Port_4A 440.0 +/- 155.0
01973 PASS: Status Message Amp.Port_4A 434.0
01974 sdo[0x6411][7] = 450 : MeterAmps = 0.45 | 0.155 | 0.5
01974 PASS: MeterAmps 0.427
01975 sdo[0x6411][7] = 450 : sdo[0x5003][7] = 450 | 155 | 0.5
01975 TEST: Status Message Amp.Port_4A 450.0 +/- 155.0
01975 PASS: Status Message Amp.Port_4A 449.0
01976 sdo[0x6411][7] = 460 : MeterAmps = 0.46 | 0.155 | 0.5
01976 PASS: MeterAmps 0.437
01977 sdo[0x6411][7] = 460 : sdo[0x5003][7] = 460 | 155 | 0.5
01977 TEST: Status Message Amp.Port_4A 460.0 +/- 155.0
01977 PASS: Status Message Amp.Port_4A 453.0
01978 sdo[0x6411][7] = 470 : MeterAmps = 0.47 | 0.155 | 0.5
01978 PASS: MeterAmps 0.446
01979 sdo[0x6411][7] = 470 : sdo[0x5003][7] = 470 | 155 | 0.5
01979 TEST: Status Message Amp.Port_4A 470.0 +/- 155.0
01979 PASS: Status Message Amp.Port_4A 469.0
01980 sdo[0x6411][7] = 480 : MeterAmps = 0.48 | 0.155 | 0.5
01980 PASS: MeterAmps 0.456
01981 sdo[0x6411][7] = 480 : sdo[0x5003][7] = 480 | 155 | 0.5
01981 TEST: Status Message Amp.Port_4A 480.0 +/- 155.0
01981 PASS: Status Message Amp.Port_4A 473.0
01982 sdo[0x6411][7] = 490 : MeterAmps = 0.49 | 0.155 | 0.5
01982 PASS: MeterAmps 0.464
01983 sdo[0x6411][7] = 490 : sdo[0x5003][7] = 490 | 155 | 0.5
01983 TEST: Status Message Amp.Port_4A 490.0 +/- 155.0
01983 PASS: Status Message Amp.Port_4A 485.0
01984 sdo[0x6411][7] = 500 : MeterAmps = 0.5 | 0.155 | 0.5
01984 PASS: MeterAmps 0.475
01985 sdo[0x6411][7] = 500 : sdo[0x5003][7] = 500 | 155 | 0.5
01985 TEST: Status Message Amp.Port_4A 500.0 +/- 155.0
01985 PASS: Status Message Amp.Port_4A 497.0
01986 sdo[0x6411][7] = 510 : MeterAmps = 0.51 | 0.155 | 0.5
01986 PASS: MeterAmps 0.483
01987 sdo[0x6411][7] = 510 : sdo[0x5003][7] = 510 | 155 | 0.5
01987 TEST: Status Message Amp.Port_4A 510.0 +/- 155.0
01987 PASS: Status Message Amp.Port_4A 505.0
01988 sdo[0x6411][7] = 520 : MeterAmps = 0.52 | 0.155 | 0.5
01988 PASS: MeterAmps 0.495
01989 sdo[0x6411][7] = 520 : sdo[0x5003][7] = 520 | 155 | 0.5
01989 TEST: Status Message Amp.Port_4A 520.0 +/- 155.0
01989 PASS: Status Message Amp.Port_4A 513.0
01990 sdo[0x6411][7] = 530 : MeterAmps = 0.53 | 0.155 | 0.5
01990 PASS: MeterAmps 0.503
01991 sdo[0x6411][7] = 530 : sdo[0x5003][7] = 530 | 155 | 0.5
01991 TEST: Status Message Amp.Port_4A 530.0 +/- 155.0
01991 PASS: Status Message Amp.Port_4A 529.0
01992 sdo[0x6411][7] = 540 : MeterAmps = 0.54 | 0.155 | 0.5
01992 PASS: MeterAmps 0.513
01993 sdo[0x6411][7] = 540 : sdo[0x5003][7] = 540 | 155 | 0.5
01993 TEST: Status Message Amp.Port_4A 540.0 +/- 155.0
01993 PASS: Status Message Amp.Port_4A 533.0
01994 sdo[0x6411][7] = 550 : MeterAmps = 0.55 | 0.155 | 0.5
01994 PASS: MeterAmps 0.519
01995 sdo[0x6411][7] = 550 : sdo[0x5003][7] = 550 | 155 | 0.5
01995 TEST: Status Message Amp.Port_4A 550.0 +/- 155.0
01995 PASS: Status Message Amp.Port_4A 545.0
01996 sdo[0x6411][7] = 560 : MeterAmps = 0.56 | 0.155 | 0.5
01996 PASS: MeterAmps 0.532
01997 sdo[0x6411][7] = 560 : sdo[0x5003][7] = 560 | 155 | 0.5
01997 TEST: Status Message Amp.Port_4A 560.0 +/- 155.0
01997 PASS: Status Message Amp.Port_4A 553.0
01998 sdo[0x6411][7] = 570 : MeterAmps = 0.57 | 0.155 | 0.5
01998 PASS: MeterAmps 0.541
01999 sdo[0x6411][7] = 570 : sdo[0x5003][7] = 570 | 155 | 0.5
01999 TEST: Status Message Amp.Port_4A 570.0 +/- 155.0
01999 PASS: Status Message Amp.Port_4A 565.0
02000 sdo[0x6411][7] = 580 : MeterAmps = 0.58 | 0.155 | 0.5
02000 PASS: MeterAmps 0.55
02001 sdo[0x6411][7] = 580 : sdo[0x5003][7] = 580 | 155 | 0.5
02001 TEST: Status Message Amp.Port_4A 580.0 +/- 155.0
02001 PASS: Status Message Amp.Port_4A 577.0
02002 sdo[0x6411][7] = 590 : MeterAmps = 0.59 | 0.155 | 0.5
02002 PASS: MeterAmps 0.558
02003 sdo[0x6411][7] = 590 : sdo[0x5003][7] = 590 | 155 | 0.5
02003 TEST: Status Message Amp.Port_4A 590.0 +/- 155.0
02003 PASS: Status Message Amp.Port_4A 585.0
02004 sdo[0x6411][7] = 600 : MeterAmps = 0.6 | 0.155 | 0.5
02004 PASS: MeterAmps 0.572
02005 sdo[0x6411][7] = 600 : sdo[0x5003][7] = 600 | 155 | 0.5
02005 TEST: Status Message Amp.Port_4A 600.0 +/- 155.0
02005 PASS: Status Message Amp.Port_4A 593.0
02006 sdo[0x6411][7] = 610 : MeterAmps = 0.61 | 0.155 | 0.5
02006 PASS: MeterAmps 0.577
02007 sdo[0x6411][7] = 610 : sdo[0x5003][7] = 610 | 155 | 0.5
02007 TEST: Status Message Amp.Port_4A 610.0 +/- 155.0
02007 PASS: Status Message Amp.Port_4A 605.0
02008 sdo[0x6411][7] = 620 : MeterAmps = 0.62 | 0.155 | 0.5
02008 PASS: MeterAmps 0.588
02009 sdo[0x6411][7] = 620 : sdo[0x5003][7] = 620 | 155 | 0.5
02009 TEST: Status Message Amp.Port_4A 620.0 +/- 155.0
02009 PASS: Status Message Amp.Port_4A 617.0
02010 sdo[0x6411][7] = 630 : MeterAmps = 0.63 | 0.155 | 0.5
02010 PASS: MeterAmps 0.596
02011 sdo[0x6411][7] = 630 : sdo[0x5003][7] = 630 | 155 | 0.5
02011 TEST: Status Message Amp.Port_4A 630.0 +/- 155.0
02011 PASS: Status Message Amp.Port_4A 625.0
02012 sdo[0x6411][7] = 640 : MeterAmps = 0.64 | 0.155 | 0.5
02012 PASS: MeterAmps 0.607
02013 sdo[0x6411][7] = 640 : sdo[0x5003][7] = 640 | 155 | 0.5
02013 TEST: Status Message Amp.Port_4A 640.0 +/- 155.0
02013 PASS: Status Message Amp.Port_4A 633.0
02014 sdo[0x6411][7] = 650 : MeterAmps = 0.65 | 0.155 | 0.5
02014 PASS: MeterAmps 0.615
02015 sdo[0x6411][7] = 650 : sdo[0x5003][7] = 650 | 155 | 0.5
02015 TEST: Status Message Amp.Port_4A 650.0 +/- 155.0
02015 PASS: Status Message Amp.Port_4A 645.0
02016 sdo[0x6411][7] = 660 : MeterAmps = 0.66 | 0.155 | 0.5
02016 PASS: MeterAmps 0.627
02017 sdo[0x6411][7] = 660 : sdo[0x5003][7] = 660 | 155 | 0.5
02017 TEST: Status Message Amp.Port_4A 660.0 +/- 155.0
02017 PASS: Status Message Amp.Port_4A 657.0
02018 sdo[0x6411][7] = 670 : MeterAmps = 0.67 | 0.155 | 0.5
02018 PASS: MeterAmps 0.635
02019 sdo[0x6411][7] = 670 : sdo[0x5003][7] = 670 | 155 | 0.5
02019 TEST: Status Message Amp.Port_4A 670.0 +/- 155.0
02019 PASS: Status Message Amp.Port_4A 664.0
02020 sdo[0x6411][7] = 680 : MeterAmps = 0.68 | 0.155 | 0.5
02020 PASS: MeterAmps 0.646
02021 sdo[0x6411][7] = 680 : sdo[0x5003][7] = 680 | 155 | 0.5
02021 TEST: Status Message Amp.Port_4A 680.0 +/- 155.0
02021 PASS: Status Message Amp.Port_4A 672.0
02022 sdo[0x6411][7] = 690 : MeterAmps = 0.69 | 0.155 | 0.5
02022 PASS: MeterAmps 0.654
02023 sdo[0x6411][7] = 690 : sdo[0x5003][7] = 690 | 155 | 0.5
02023 TEST: Status Message Amp.Port_4A 690.0 +/- 155.0
02023 PASS: Status Message Amp.Port_4A 688.0
02024 sdo[0x6411][7] = 700 : MeterAmps = 0.7 | 0.155 | 0.5
02024 PASS: MeterAmps 0.664
02025 sdo[0x6411][7] = 700 : sdo[0x5003][7] = 700 | 155 | 0.5
02025 TEST: Status Message Amp.Port_4A 700.0 +/- 155.0
02025 PASS: Status Message Amp.Port_4A 692.0
02026 sdo[0x6411][7] = 710 : MeterAmps = 0.71 | 0.155 | 0.5
02026 PASS: MeterAmps 0.672
02027 sdo[0x6411][7] = 710 : sdo[0x5003][7] = 710 | 155 | 0.5
02027 TEST: Status Message Amp.Port_4A 710.0 +/- 155.0
02027 PASS: Status Message Amp.Port_4A 704.0
02028 sdo[0x6411][7] = 720 : MeterAmps = 0.72 | 0.155 | 0.5
02028 PASS: MeterAmps 0.684
02029 sdo[0x6411][7] = 720 : sdo[0x5003][7] = 720 | 155 | 0.5
02029 TEST: Status Message Amp.Port_4A 720.0 +/- 155.0
02029 PASS: Status Message Amp.Port_4A 712.0
02030 sdo[0x6411][7] = 730 : MeterAmps = 0.73 | 0.155 | 0.5
02030 PASS: MeterAmps 0.69
02031 sdo[0x6411][7] = 730 : sdo[0x5003][7] = 730 | 155 | 0.5
02031 TEST: Status Message Amp.Port_4A 730.0 +/- 155.0
02031 PASS: Status Message Amp.Port_4A 724.0
02032 sdo[0x6411][7] = 740 : MeterAmps = 0.74 | 0.155 | 0.5
02032 PASS: MeterAmps 0.702
02033 sdo[0x6411][7] = 740 : sdo[0x5003][7] = 740 | 155 | 0.5
02033 TEST: Status Message Amp.Port_4A 740.0 +/- 155.0
02033 PASS: Status Message Amp.Port_4A 736.0
02034 sdo[0x6411][7] = 750 : MeterAmps = 0.75 | 0.155 | 0.5
02034 PASS: MeterAmps 0.71
02035 sdo[0x6411][7] = 750 : sdo[0x5003][7] = 750 | 155 | 0.5
02035 TEST: Status Message Amp.Port_4A 750.0 +/- 155.0
02035 PASS: Status Message Amp.Port_4A 744.0
02036 sdo[0x6411][7] = 760 : MeterAmps = 0.76 | 0.155 | 0.5
02036 PASS: MeterAmps 0.721
02037 sdo[0x6411][7] = 760 : sdo[0x5003][7] = 760 | 155 | 0.5
02037 TEST: Status Message Amp.Port_4A 760.0 +/- 155.0
02037 PASS: Status Message Amp.Port_4A 756.0
02038 sdo[0x6411][7] = 770 : MeterAmps = 0.77 | 0.155 | 0.5
02038 PASS: MeterAmps 0.729
02039 sdo[0x6411][7] = 770 : sdo[0x5003][7] = 770 | 155 | 0.5
02039 TEST: Status Message Amp.Port_4A 770.0 +/- 155.0
02039 PASS: Status Message Amp.Port_4A 764.0
02040 sdo[0x6411][7] = 780 : MeterAmps = 0.78 | 0.155 | 0.5
02040 PASS: MeterAmps 0.74
02041 sdo[0x6411][7] = 780 : sdo[0x5003][7] = 780 | 155 | 0.5
02041 TEST: Status Message Amp.Port_4A 780.0 +/- 155.0
02041 PASS: Status Message Amp.Port_4A 772.0
02042 sdo[0x6411][7] = 790 : MeterAmps = 0.79 | 0.155 | 0.5
02042 PASS: MeterAmps 0.748
02043 sdo[0x6411][7] = 790 : sdo[0x5003][7] = 790 | 155 | 0.5
02043 TEST: Status Message Amp.Port_4A 790.0 +/- 155.0
02043 PASS: Status Message Amp.Port_4A 784.0
02044 sdo[0x6411][7] = 800 : MeterAmps = 0.8 | 0.155 | 0.5
02044 PASS: MeterAmps 0.758
02045 sdo[0x6411][7] = 800 : sdo[0x5003][7] = 800 | 155 | 0.5
02045 TEST: Status Message Amp.Port_4A 800.0 +/- 155.0
02045 PASS: Status Message Amp.Port_4A 792.0
02046 sdo[0x6411][7] = 810 : MeterAmps = 0.81 | 0.155 | 0.5
02046 PASS: MeterAmps 0.766
02047 sdo[0x6411][7] = 810 : sdo[0x5003][7] = 810 | 155 | 0.5
02047 TEST: Status Message Amp.Port_4A 810.0 +/- 155.0
02047 PASS: Status Message Amp.Port_4A 804.0
02048 sdo[0x6411][7] = 820 : MeterAmps = 0.82 | 0.155 | 0.5
02048 PASS: MeterAmps 0.778
02049 sdo[0x6411][7] = 820 : sdo[0x5003][7] = 820 | 155 | 0.5
02049 TEST: Status Message Amp.Port_4A 820.0 +/- 155.0
02049 PASS: Status Message Amp.Port_4A 816.0
02050 sdo[0x6411][7] = 830 : MeterAmps = 0.83 | 0.155 | 0.5
02050 PASS: MeterAmps 0.785
02051 sdo[0x6411][7] = 830 : sdo[0x5003][7] = 830 | 155 | 0.5
02051 TEST: Status Message Amp.Port_4A 830.0 +/- 155.0
02051 PASS: Status Message Amp.Port_4A 824.0
02052 sdo[0x6411][7] = 840 : MeterAmps = 0.84 | 0.155 | 0.5
02052 PASS: MeterAmps 0.798
02053 sdo[0x6411][7] = 840 : sdo[0x5003][7] = 840 | 155 | 0.5
02053 TEST: Status Message Amp.Port_4A 840.0 +/- 155.0
02053 PASS: Status Message Amp.Port_4A 832.0
02054 sdo[0x6411][7] = 850 : MeterAmps = 0.85 | 0.155 | 0.5
02054 PASS: MeterAmps 0.805
02055 sdo[0x6411][7] = 850 : sdo[0x5003][7] = 850 | 155 | 0.5
02055 TEST: Status Message Amp.Port_4A 850.0 +/- 155.0
02055 PASS: Status Message Amp.Port_4A 848.0
02056 sdo[0x6411][7] = 860 : MeterAmps = 0.86 | 0.155 | 0.5
02056 PASS: MeterAmps 0.815
02057 sdo[0x6411][7] = 860 : sdo[0x5003][7] = 860 | 155 | 0.5
02057 TEST: Status Message Amp.Port_4A 860.0 +/- 155.0
02057 PASS: Status Message Amp.Port_4A 856.0
02058 sdo[0x6411][7] = 870 : MeterAmps = 0.87 | 0.155 | 0.5
02058 PASS: MeterAmps 0.824
02059 sdo[0x6411][7] = 870 : sdo[0x5003][7] = 870 | 155 | 0.5
02059 TEST: Status Message Amp.Port_4A 870.0 +/- 155.0
02059 PASS: Status Message Amp.Port_4A 864.0
02060 sdo[0x6411][7] = 880 : MeterAmps = 0.88 | 0.155 | 0.5
02060 PASS: MeterAmps 0.836
02061 sdo[0x6411][7] = 880 : sdo[0x5003][7] = 880 | 155 | 0.5
02061 TEST: Status Message Amp.Port_4A 880.0 +/- 155.0
02061 PASS: Status Message Amp.Port_4A 876.0
02062 sdo[0x6411][7] = 890 : MeterAmps = 0.89 | 0.155 | 0.5
02062 PASS: MeterAmps 0.842
02063 sdo[0x6411][7] = 890 : sdo[0x5003][7] = 890 | 155 | 0.5
02063 TEST: Status Message Amp.Port_4A 890.0 +/- 155.0
02063 PASS: Status Message Amp.Port_4A 884.0
02064 sdo[0x6411][7] = 900 : MeterAmps = 0.9 | 0.155 | 0.5
02064 PASS: MeterAmps 0.853
02065 sdo[0x6411][7] = 900 : sdo[0x5003][7] = 900 | 155 | 0.5
02065 TEST: Status Message Amp.Port_4A 900.0 +/- 155.0
02065 PASS: Status Message Amp.Port_4A 895.0
02066 sdo[0x6411][7] = 910 : MeterAmps = 0.91 | 0.155 | 0.5
02066 PASS: MeterAmps 0.865
02067 sdo[0x6411][7] = 910 : sdo[0x5003][7] = 910 | 155 | 0.5
02067 TEST: Status Message Amp.Port_4A 910.0 +/- 155.0
02067 PASS: Status Message Amp.Port_4A 903.0
02068 sdo[0x6411][7] = 920 : MeterAmps = 0.92 | 0.155 | 0.5
02068 PASS: MeterAmps 0.872
02069 sdo[0x6411][7] = 920 : sdo[0x5003][7] = 920 | 155 | 0.5
02069 TEST: Status Message Amp.Port_4A 920.0 +/- 155.0
02069 PASS: Status Message Amp.Port_4A 915.0
02070 sdo[0x6411][7] = 930 : MeterAmps = 0.93 | 0.155 | 0.5
02070 PASS: MeterAmps 0.884
02071 sdo[0x6411][7] = 930 : sdo[0x5003][7] = 930 | 155 | 0.5
02071 TEST: Status Message Amp.Port_4A 930.0 +/- 155.0
02071 PASS: Status Message Amp.Port_4A 923.0
02072 sdo[0x6411][7] = 940 : MeterAmps = 0.94 | 0.155 | 0.5
02072 PASS: MeterAmps 0.891
02073 sdo[0x6411][7] = 940 : sdo[0x5003][7] = 940 | 155 | 0.5
02073 TEST: Status Message Amp.Port_4A 940.0 +/- 155.0
02073 PASS: Status Message Amp.Port_4A 935.0
02074 sdo[0x6411][7] = 950 : MeterAmps = 0.95 | 0.155 | 0.5
02074 PASS: MeterAmps 0.903
02075 sdo[0x6411][7] = 950 : sdo[0x5003][7] = 950 | 155 | 0.5
02075 TEST: Status Message Amp.Port_4A 950.0 +/- 155.0
02075 PASS: Status Message Amp.Port_4A 943.0
02076 sdo[0x6411][7] = 960 : MeterAmps = 0.96 | 0.155 | 0.5
02076 PASS: MeterAmps 0.91
02077 sdo[0x6411][7] = 960 : sdo[0x5003][7] = 960 | 155 | 0.5
02077 TEST: Status Message Amp.Port_4A 960.0 +/- 155.0
02077 PASS: Status Message Amp.Port_4A 955.0
02078 sdo[0x6411][7] = 970 : MeterAmps = 0.97 | 0.155 | 0.5
02078 PASS: MeterAmps 0.922
02079 sdo[0x6411][7] = 970 : sdo[0x5003][7] = 970 | 155 | 0.5
02079 TEST: Status Message Amp.Port_4A 970.0 +/- 155.0
02079 PASS: Status Message Amp.Port_4A 963.0
02080 sdo[0x6411][7] = 980 : MeterAmps = 0.98 | 0.155 | 0.5
02080 PASS: MeterAmps 0.93
02081 sdo[0x6411][7] = 980 : sdo[0x5003][7] = 980 | 155 | 0.5
02081 TEST: Status Message Amp.Port_4A 980.0 +/- 155.0
02081 PASS: Status Message Amp.Port_4A 975.0
02082 sdo[0x6411][7] = 990 : MeterAmps = 0.99 | 0.155 | 0.5
02082 PASS: MeterAmps 0.939
02083 sdo[0x6411][7] = 990 : sdo[0x5003][7] = 990 | 155 | 0.5
02083 TEST: Status Message Amp.Port_4A 990.0 +/- 155.0
02083 PASS: Status Message Amp.Port_4A 983.0
02084 sdo[0x6411][7] = 1000 : MeterAmps = 1.0 | 0.155 | 0.5
02084 PASS: MeterAmps 0.949
02085 sdo[0x6411][7] = 1000 : sdo[0x5003][7] = 1000 | 155 | 0.5
02085 TEST: Status Message Amp.Port_4A 1000.0 +/- 155.0
02085 PASS: Status Message Amp.Port_4A 995.0
02086 sdo[0x6411][7] = 1010 : MeterAmps = 1.01 | 0.155 | 0.5
02086 PASS: MeterAmps 0.96
02087 sdo[0x6411][7] = 1010 : sdo[0x5003][7] = 1010 | 155 | 0.5
02087 TEST: Status Message Amp.Port_4A 1010.0 +/- 155.0
02087 PASS: Status Message Amp.Port_4A 1003.0
02088 sdo[0x6411][7] = 1020 : MeterAmps = 1.02 | 0.155 | 0.5
02088 PASS: MeterAmps 0.966
02089 sdo[0x6411][7] = 1020 : sdo[0x5003][7] = 1020 | 155 | 0.5
02089 TEST: Status Message Amp.Port_4A 1020.0 +/- 155.0
02089 PASS: Status Message Amp.Port_4A 1015.0
02090 sdo[0x6411][7] = 1030 : MeterAmps = 1.03 | 0.155 | 0.5
02090 PASS: MeterAmps 0.979
02091 sdo[0x6411][7] = 1030 : sdo[0x5003][7] = 1030 | 155 | 0.5
02091 TEST: Status Message Amp.Port_4A 1030.0 +/- 155.0
02091 PASS: Status Message Amp.Port_4A 1023.0
02092 sdo[0x6411][7] = 1040 : MeterAmps = 1.04 | 0.155 | 0.5
02092 PASS: MeterAmps 0.986
02093 sdo[0x6411][7] = 1040 : sdo[0x5003][7] = 1040 | 155 | 0.5
02093 TEST: Status Message Amp.Port_4A 1040.0 +/- 155.0
02093 PASS: Status Message Amp.Port_4A 1039.0
02094 sdo[0x6411][7] = 1050 : MeterAmps = 1.05 | 0.155 | 0.5
02094 PASS: MeterAmps 0.996
02095 sdo[0x6411][7] = 1050 : sdo[0x5003][7] = 1050 | 155 | 0.5
02095 TEST: Status Message Amp.Port_4A 1050.0 +/- 155.0
02095 PASS: Status Message Amp.Port_4A 1043.0
02096 sdo[0x6411][7] = 1060 : MeterAmps = 1.06 | 0.155 | 0.5
02096 PASS: MeterAmps 1.004
02097 sdo[0x6411][7] = 1060 : sdo[0x5003][7] = 1060 | 155 | 0.5
02097 TEST: Status Message Amp.Port_4A 1060.0 +/- 155.0
02097 PASS: Status Message Amp.Port_4A 1055.0
02098 sdo[0x6411][7] = 1070 : MeterAmps = 1.07 | 0.155 | 0.5
02098 PASS: MeterAmps 1.016
02099 sdo[0x6411][7] = 1070 : sdo[0x5003][7] = 1070 | 155 | 0.5
02099 TEST: Status Message Amp.Port_4A 1070.0 +/- 155.0
02099 PASS: Status Message Amp.Port_4A 1063.0
02100 sdo[0x6411][7] = 1080 : MeterAmps = 1.08 | 0.155 | 0.5
02100 PASS: MeterAmps 1.024
02101 sdo[0x6411][7] = 1080 : sdo[0x5003][7] = 1080 | 155 | 0.5
02101 TEST: Status Message Amp.Port_4A 1080.0 +/- 155.0
02101 PASS: Status Message Amp.Port_4A 1075.0
02102 sdo[0x6411][7] = 1090 : MeterAmps = 1.09 | 0.155 | 0.5
02102 PASS: MeterAmps 1.035
02103 sdo[0x6411][7] = 1090 : sdo[0x5003][7] = 1090 | 155 | 0.5
02103 TEST: Status Message Amp.Port_4A 1090.0 +/- 155.0
02103 PASS: Status Message Amp.Port_4A 1083.0
02104 sdo[0x6411][7] = 1100 : MeterAmps = 1.1 | 0.155 | 0.5
02104 PASS: MeterAmps 1.043
02105 sdo[0x6411][7] = 1100 : sdo[0x5003][7] = 1100 | 155 | 0.5
02105 TEST: Status Message Amp.Port_4A 1100.0 +/- 155.0
02105 PASS: Status Message Amp.Port_4A 1095.0
02106 sdo[0x6411][7] = 1110 : MeterAmps = 1.11 | 0.155 | 0.5
02106 PASS: MeterAmps 1.055
02107 sdo[0x6411][7] = 1110 : sdo[0x5003][7] = 1110 | 155 | 0.5
02107 TEST: Status Message Amp.Port_4A 1110.0 +/- 155.0
02107 PASS: Status Message Amp.Port_4A 1103.0
02108 sdo[0x6411][7] = 1120 : MeterAmps = 1.12 | 0.155 | 0.5
02108 PASS: MeterAmps 1.061
02109 sdo[0x6411][7] = 1120 : sdo[0x5003][7] = 1120 | 155 | 0.5
02109 TEST: Status Message Amp.Port_4A 1120.0 +/- 155.0
02109 PASS: Status Message Amp.Port_4A 1114.0
02110 sdo[0x6411][7] = 1130 : MeterAmps = 1.13 | 0.155 | 0.5
02110 PASS: MeterAmps 1.072
02111 sdo[0x6411][7] = 1130 : sdo[0x5003][7] = 1130 | 155 | 0.5
02111 TEST: Status Message Amp.Port_4A 1130.0 +/- 155.0
02111 PASS: Status Message Amp.Port_4A 1122.0
02112 sdo[0x6411][7] = 1140 : MeterAmps = 1.14 | 0.155 | 0.5
02112 PASS: MeterAmps 1.081
02113 sdo[0x6411][7] = 1140 : sdo[0x5003][7] = 1140 | 155 | 0.5
02113 TEST: Status Message Amp.Port_4A 1140.0 +/- 155.0
02113 PASS: Status Message Amp.Port_4A 1134.0
02114 sdo[0x6411][7] = 1150 : MeterAmps = 1.15 | 0.155 | 0.5
02114 PASS: MeterAmps 1.092
02115 sdo[0x6411][7] = 1150 : sdo[0x5003][7] = 1150 | 155 | 0.5
02115 TEST: Status Message Amp.Port_4A 1150.0 +/- 155.0
02115 PASS: Status Message Amp.Port_4A 1142.0
02116 sdo[0x6411][7] = 1160 : MeterAmps = 1.16 | 0.155 | 0.5
02116 PASS: MeterAmps 1.1
02117 sdo[0x6411][7] = 1160 : sdo[0x5003][7] = 1160 | 155 | 0.5
02117 TEST: Status Message Amp.Port_4A 1160.0 +/- 155.0
02117 PASS: Status Message Amp.Port_4A 1154.0
02118 sdo[0x6411][7] = 1170 : MeterAmps = 1.17 | 0.155 | 0.5
02118 PASS: MeterAmps 1.111
02119 sdo[0x6411][7] = 1170 : sdo[0x5003][7] = 1170 | 155 | 0.5
02119 TEST: Status Message Amp.Port_4A 1170.0 +/- 155.0
02119 PASS: Status Message Amp.Port_4A 1166.0
02120 sdo[0x6411][7] = 1180 : MeterAmps = 1.18 | 0.155 | 0.5
02120 PASS: MeterAmps 1.117
02121 sdo[0x6411][7] = 1180 : sdo[0x5003][7] = 1180 | 155 | 0.5
02121 TEST: Status Message Amp.Port_4A 1180.0 +/- 155.0
02121 PASS: Status Message Amp.Port_4A 1174.0
02122 sdo[0x6411][7] = 1190 : MeterAmps = 1.19 | 0.155 | 0.5
02122 PASS: MeterAmps 1.13
02123 sdo[0x6411][7] = 1190 : sdo[0x5003][7] = 1190 | 155 | 0.5
02123 TEST: Status Message Amp.Port_4A 1190.0 +/- 155.0
02123 PASS: Status Message Amp.Port_4A 1182.0
02124 sdo[0x6411][7] = 1200 : MeterAmps = 1.2 | 0.155 | 0.5
02124 PASS: MeterAmps 1.138
02125 sdo[0x6411][7] = 1200 : sdo[0x5003][7] = 1200 | 155 | 0.5
02125 TEST: Status Message Amp.Port_4A 1200.0 +/- 155.0
02125 PASS: Status Message Amp.Port_4A 1194.0
02126 sdo[0x6411][7] = 1210 : MeterAmps = 1.21 | 0.155 | 0.5
02126 PASS: MeterAmps 1.147
02127 sdo[0x6411][7] = 1210 : sdo[0x5003][7] = 1210 | 155 | 0.5
02127 TEST: Status Message Amp.Port_4A 1210.0 +/- 155.0
02127 PASS: Status Message Amp.Port_4A 1202.0
02128 sdo[0x6411][7] = 1220 : MeterAmps = 1.22 | 0.155 | 0.5
02128 PASS: MeterAmps 1.156
02129 sdo[0x6411][7] = 1220 : sdo[0x5003][7] = 1220 | 155 | 0.5
02129 TEST: Status Message Amp.Port_4A 1220.0 +/- 155.0
02129 PASS: Status Message Amp.Port_4A 1214.0
02130 sdo[0x6411][7] = 1230 : MeterAmps = 1.23 | 0.155 | 0.5
02130 PASS: MeterAmps 1.167
02131 sdo[0x6411][7] = 1230 : sdo[0x5003][7] = 1230 | 155 | 0.5
02131 TEST: Status Message Amp.Port_4A 1230.0 +/- 155.0
02131 PASS: Status Message Amp.Port_4A 1222.0
02132 sdo[0x6411][7] = 1240 : MeterAmps = 1.24 | 0.155 | 0.5
02132 PASS: MeterAmps 1.175
02133 sdo[0x6411][7] = 1240 : sdo[0x5003][7] = 1240 | 155 | 0.5
02133 TEST: Status Message Amp.Port_4A 1240.0 +/- 155.0
02133 PASS: Status Message Amp.Port_4A 1234.0
02134 sdo[0x6411][7] = 1250 : MeterAmps = 1.25 | 0.155 | 0.5
02134 PASS: MeterAmps 1.185
02135 sdo[0x6411][7] = 1250 : sdo[0x5003][7] = 1250 | 155 | 0.5
02135 TEST: Status Message Amp.Port_4A 1250.0 +/- 155.0
02135 PASS: Status Message Amp.Port_4A 1242.0
02136 sdo[0x6411][7] = 1260 : MeterAmps = 1.26 | 0.155 | 0.5
02136 PASS: MeterAmps 1.193
02137 sdo[0x6411][7] = 1260 : sdo[0x5003][7] = 1260 | 155 | 0.5
02137 TEST: Status Message Amp.Port_4A 1260.0 +/- 155.0
02137 PASS: Status Message Amp.Port_4A 1254.0
02138 sdo[0x6411][7] = 1270 : MeterAmps = 1.27 | 0.155 | 0.5
02138 PASS: MeterAmps 1.205
02139 sdo[0x6411][7] = 1270 : sdo[0x5003][7] = 1270 | 155 | 0.5
02139 TEST: Status Message Amp.Port_4A 1270.0 +/- 155.0
02139 PASS: Status Message Amp.Port_4A 1262.0
02140 sdo[0x6411][7] = 1280 : MeterAmps = 1.28 | 0.155 | 0.5
02140 PASS: MeterAmps 1.212
02141 sdo[0x6411][7] = 1280 : sdo[0x5003][7] = 1280 | 155 | 0.5
02141 TEST: Status Message Amp.Port_4A 1280.0 +/- 155.0
02141 PASS: Status Message Amp.Port_4A 1274.0
02142 sdo[0x6411][7] = 1290 : MeterAmps = 1.29 | 0.155 | 0.5
02142 PASS: MeterAmps 1.223
02143 sdo[0x6411][7] = 1290 : sdo[0x5003][7] = 1290 | 155 | 0.5
02143 TEST: Status Message Amp.Port_4A 1290.0 +/- 155.0
02143 PASS: Status Message Amp.Port_4A 1282.0
02144 sdo[0x6411][7] = 1300 : MeterAmps = 1.3 | 0.155 | 0.5
02144 PASS: MeterAmps 1.231
02145 sdo[0x6411][7] = 1300 : sdo[0x5003][7] = 1300 | 155 | 0.5
02145 TEST: Status Message Amp.Port_4A 1300.0 +/- 155.0
02145 PASS: Status Message Amp.Port_4A 1298.0
02146 sdo[0x6411][7] = 1310 : MeterAmps = 1.31 | 0.155 | 0.5
02146 PASS: MeterAmps 1.242
02147 sdo[0x6411][7] = 1310 : sdo[0x5003][7] = 1310 | 155 | 0.5
02147 TEST: Status Message Amp.Port_4A 1310.0 +/- 155.0
02147 PASS: Status Message Amp.Port_4A 1302.0
02148 sdo[0x6411][7] = 1320 : MeterAmps = 1.32 | 0.155 | 0.5
02148 PASS: MeterAmps 1.249
02149 sdo[0x6411][7] = 1320 : sdo[0x5003][7] = 1320 | 155 | 0.5
02149 TEST: Status Message Amp.Port_4A 1320.0 +/- 155.0
02149 PASS: Status Message Amp.Port_4A 1314.0
02150 sdo[0x6411][7] = 1330 : MeterAmps = 1.33 | 0.155 | 0.5
02150 PASS: MeterAmps 1.261
02151 sdo[0x6411][7] = 1330 : sdo[0x5003][7] = 1330 | 155 | 0.5
02151 TEST: Status Message Amp.Port_4A 1330.0 +/- 155.0
02151 PASS: Status Message Amp.Port_4A 1326.0
02152 sdo[0x6411][7] = 1340 : MeterAmps = 1.34 | 0.155 | 0.5
02152 PASS: MeterAmps 1.271
02153 sdo[0x6411][7] = 1340 : sdo[0x5003][7] = 1340 | 155 | 0.5
02153 TEST: Status Message Amp.Port_4A 1340.0 +/- 155.0
02153 PASS: Status Message Amp.Port_4A 1333.0
02154 sdo[0x6411][7] = 1350 : MeterAmps = 1.35 | 0.155 | 0.5
02154 PASS: MeterAmps 1.281
02155 sdo[0x6411][7] = 1350 : sdo[0x5003][7] = 1350 | 155 | 0.5
02155 TEST: Status Message Amp.Port_4A 1350.0 +/- 155.0
02155 PASS: Status Message Amp.Port_4A 1345.0
02156 sdo[0x6411][7] = 1360 : MeterAmps = 1.36 | 0.155 | 0.5
02156 PASS: MeterAmps 1.292
02157 sdo[0x6411][7] = 1360 : sdo[0x5003][7] = 1360 | 155 | 0.5
02157 TEST: Status Message Amp.Port_4A 1360.0 +/- 155.0
02157 PASS: Status Message Amp.Port_4A 1353.0
02158 sdo[0x6411][7] = 1370 : MeterAmps = 1.37 | 0.155 | 0.5
02158 PASS: MeterAmps 1.297
02159 sdo[0x6411][7] = 1370 : sdo[0x5003][7] = 1370 | 155 | 0.5
02159 TEST: Status Message Amp.Port_4A 1370.0 +/- 155.0
02159 PASS: Status Message Amp.Port_4A 1365.0
02160 sdo[0x6411][7] = 1380 : MeterAmps = 1.38 | 0.155 | 0.5
02160 PASS: MeterAmps 1.31
02161 sdo[0x6411][7] = 1380 : sdo[0x5003][7] = 1380 | 155 | 0.5
02161 TEST: Status Message Amp.Port_4A 1380.0 +/- 155.0
02161 PASS: Status Message Amp.Port_4A 1373.0
02162 sdo[0x6411][7] = 1390 : MeterAmps = 1.39 | 0.155 | 0.5
02162 PASS: MeterAmps 1.318
02163 sdo[0x6411][7] = 1390 : sdo[0x5003][7] = 1390 | 155 | 0.5
02163 TEST: Status Message Amp.Port_4A 1390.0 +/- 155.0
02163 PASS: Status Message Amp.Port_4A 1385.0
02164 sdo[0x6411][7] = 1400 : MeterAmps = 1.4 | 0.155 | 0.5
02164 PASS: MeterAmps 1.328
02165 sdo[0x6411][7] = 1400 : sdo[0x5003][7] = 1400 | 155 | 0.5
02165 TEST: Status Message Amp.Port_4A 1400.0 +/- 155.0
02165 PASS: Status Message Amp.Port_4A 1393.0
02166 sdo[0x6411][7] = 1410 : MeterAmps = 1.41 | 0.155 | 0.5
02166 PASS: MeterAmps 1.337
02167 sdo[0x6411][7] = 1410 : sdo[0x5003][7] = 1410 | 155 | 0.5
02167 TEST: Status Message Amp.Port_4A 1410.0 +/- 155.0
02167 PASS: Status Message Amp.Port_4A 1405.0
02168 sdo[0x6411][7] = 1420 : MeterAmps = 1.42 | 0.155 | 0.5
02168 PASS: MeterAmps 1.349
02169 sdo[0x6411][7] = 1420 : sdo[0x5003][7] = 1420 | 155 | 0.5
02169 TEST: Status Message Amp.Port_4A 1420.0 +/- 155.0
02169 PASS: Status Message Amp.Port_4A 1413.0
02170 sdo[0x6411][7] = 1430 : MeterAmps = 1.43 | 0.155 | 0.5
02170 PASS: MeterAmps 1.357
02171 sdo[0x6411][7] = 1430 : sdo[0x5003][7] = 1430 | 155 | 0.5
02171 TEST: Status Message Amp.Port_4A 1430.0 +/- 155.0
02171 PASS: Status Message Amp.Port_4A 1425.0
02172 sdo[0x6411][7] = 1440 : MeterAmps = 1.44 | 0.155 | 0.5
02172 PASS: MeterAmps 1.366
02173 sdo[0x6411][7] = 1440 : sdo[0x5003][7] = 1440 | 155 | 0.5
02173 TEST: Status Message Amp.Port_4A 1440.0 +/- 155.0
02173 PASS: Status Message Amp.Port_4A 1433.0
02174 sdo[0x6411][7] = 1450 : MeterAmps = 1.45 | 0.155 | 0.5
02174 PASS: MeterAmps 1.373
02175 sdo[0x6411][7] = 1450 : sdo[0x5003][7] = 1450 | 155 | 0.5
02175 TEST: Status Message Amp.Port_4A 1450.0 +/- 155.0
02175 PASS: Status Message Amp.Port_4A 1445.0
02176 sdo[0x6411][7] = 1460 : MeterAmps = 1.46 | 0.155 | 0.5
02176 PASS: MeterAmps 1.387
02177 sdo[0x6411][7] = 1460 : sdo[0x5003][7] = 1460 | 155 | 0.5
02177 TEST: Status Message Amp.Port_4A 1460.0 +/- 155.0
02177 PASS: Status Message Amp.Port_4A 1453.0
02178 sdo[0x6411][7] = 1470 : MeterAmps = 1.47 | 0.155 | 0.5
02178 PASS: MeterAmps 1.393
02179 sdo[0x6411][7] = 1470 : sdo[0x5003][7] = 1470 | 155 | 0.5
02179 TEST: Status Message Amp.Port_4A 1470.0 +/- 155.0
02179 PASS: Status Message Amp.Port_4A 1461.0
02180 sdo[0x6411][7] = 1480 : MeterAmps = 1.48 | 0.155 | 0.5
02180 PASS: MeterAmps 1.404
02181 sdo[0x6411][7] = 1480 : sdo[0x5003][7] = 1480 | 155 | 0.5
02181 TEST: Status Message Amp.Port_4A 1480.0 +/- 155.0
02181 PASS: Status Message Amp.Port_4A 1473.0
02182 sdo[0x6411][7] = 1490 : MeterAmps = 1.49 | 0.155 | 0.5
02182 PASS: MeterAmps 1.412
02183 sdo[0x6411][7] = 1490 : sdo[0x5003][7] = 1490 | 155 | 0.5
02183 TEST: Status Message Amp.Port_4A 1490.0 +/- 155.0
02183 PASS: Status Message Amp.Port_4A 1485.0
02184 sdo[0x6411][7] = 1500 : MeterAmps = 1.5 | 0.155 | 0.5
02184 PASS: MeterAmps 1.423
02185 sdo[0x6411][7] = 1500 : sdo[0x5003][7] = 1500 | 155 | 0.5
02185 TEST: Status Message Amp.Port_4A 1500.0 +/- 155.0
02185 PASS: Status Message Amp.Port_4A 1493.0
02186 #switch out load line, switch coil
02186 sdo[0x6411][7] = 0 : NULL : WAIT = 1
02187 J2_07 = 0 : NULL : WAIT = 1
02188 #read signal value to update
02188 NULL : sdo[0x5003][7] = 0 | 155 | 0.5
02188 TEST: Status Message Amp.Port_4A 0.0 +/- 155.0
02188 PASS: Status Message Amp.Port_4A 0.0
02189 J4_01 = 0, J4_03 = 1 : NULL : WAIT = 0.5
02190 J4_02 = 1, J4_03 = 1 : NULL : WAIT = 1
02191 #-----setup 37000-----
02191 sdo[0x2000][1] = 0 : NULL : WAIT = 0.2
02192 sdo[0x2000][3] = 0 : NULL : WAIT = 0.2
02193 sdo[0x2000][4] = 0 : NULL : WAIT = 0.2
02194 sdo[0x2001][4] = 68 : NULL : WAIT = 0.2
02195 #switch in load line, set current
02195 J2_08 = 1 : NULL : WAIT = 0.5
02196 OPERATIONAL
02196 
02196 sdo[0x6411][8] = 0 : MeterAmps = 0.0 | 0.155 | 0.5
02196 TEST: MeterAmps 0.0 +/- 0.155
02196 PASS: MeterAmps 0.0
02197 sdo[0x6411][8] = 0 : sdo[0x5003][8] = 0 | 155 | 0.5
02197 TEST: Status Message Amp.Port_4B 0.0 +/- 155.0
02197 PASS: Status Message Amp.Port_4B 0.0
02198 sdo[0x6411][8] = 10 : MeterAmps = 0.01 | 0.155 | 0.5
02198 PASS: MeterAmps 0.0
02199 sdo[0x6411][8] = 10 : sdo[0x5003][8] = 10 | 155 | 0.5
02199 TEST: Status Message Amp.Port_4B 10.0 +/- 155.0
02199 PASS: Status Message Amp.Port_4B 31.0
02200 sdo[0x6411][8] = 20 : MeterAmps = 0.02 | 0.155 | 0.5
02200 PASS: MeterAmps 0.04
02201 sdo[0x6411][8] = 20 : sdo[0x5003][8] = 20 | 155 | 0.5
02201 TEST: Status Message Amp.Port_4B 20.0 +/- 155.0
02201 PASS: Status Message Amp.Port_4B 31.0
02202 sdo[0x6411][8] = 30 : MeterAmps = 0.03 | 0.155 | 0.5
02202 PASS: MeterAmps 0.04
02203 sdo[0x6411][8] = 30 : sdo[0x5003][8] = 30 | 155 | 0.5
02203 TEST: Status Message Amp.Port_4B 30.0 +/- 155.0
02203 PASS: Status Message Amp.Port_4B 31.0
02204 sdo[0x6411][8] = 40 : MeterAmps = 0.04 | 0.155 | 0.5
02204 PASS: MeterAmps 0.04
02205 sdo[0x6411][8] = 40 : sdo[0x5003][8] = 40 | 155 | 0.5
02205 TEST: Status Message Amp.Port_4B 40.0 +/- 155.0
02205 PASS: Status Message Amp.Port_4B 31.0
02206 sdo[0x6411][8] = 50 : MeterAmps = 0.05 | 0.155 | 0.5
02206 PASS: MeterAmps 0.04
02207 sdo[0x6411][8] = 50 : sdo[0x5003][8] = 50 | 155 | 0.5
02207 TEST: Status Message Amp.Port_4B 50.0 +/- 155.0
02207 PASS: Status Message Amp.Port_4B 31.0
02208 sdo[0x6411][8] = 60 : MeterAmps = 0.06 | 0.155 | 0.5
02208 PASS: MeterAmps 0.04
02209 sdo[0x6411][8] = 60 : sdo[0x5003][8] = 60 | 155 | 0.5
02209 TEST: Status Message Amp.Port_4B 60.0 +/- 155.0
02209 PASS: Status Message Amp.Port_4B 31.0
02210 sdo[0x6411][8] = 70 : MeterAmps = 0.07 | 0.155 | 0.5
02210 PASS: MeterAmps 0.064
02211 sdo[0x6411][8] = 70 : sdo[0x5003][8] = 70 | 155 | 0.5
02211 TEST: Status Message Amp.Port_4B 70.0 +/- 155.0
02211 PASS: Status Message Amp.Port_4B 63.0
02212 sdo[0x6411][8] = 80 : MeterAmps = 0.08 | 0.155 | 0.5
02212 PASS: MeterAmps 0.075
02213 sdo[0x6411][8] = 80 : sdo[0x5003][8] = 80 | 155 | 0.5
02213 TEST: Status Message Amp.Port_4B 80.0 +/- 155.0
02213 PASS: Status Message Amp.Port_4B 79.0
02214 sdo[0x6411][8] = 90 : MeterAmps = 0.09 | 0.155 | 0.5
02214 PASS: MeterAmps 0.086
02215 sdo[0x6411][8] = 90 : sdo[0x5003][8] = 90 | 155 | 0.5
02215 TEST: Status Message Amp.Port_4B 90.0 +/- 155.0
02215 PASS: Status Message Amp.Port_4B 87.0
02216 sdo[0x6411][8] = 100 : MeterAmps = 0.1 | 0.155 | 0.5
02216 PASS: MeterAmps 0.093
02217 sdo[0x6411][8] = 100 : sdo[0x5003][8] = 100 | 155 | 0.5
02217 TEST: Status Message Amp.Port_4B 100.0 +/- 155.0
02217 PASS: Status Message Amp.Port_4B 95.0
02218 sdo[0x6411][8] = 110 : MeterAmps = 0.11 | 0.155 | 0.5
02218 PASS: MeterAmps 0.105
02219 sdo[0x6411][8] = 110 : sdo[0x5003][8] = 110 | 155 | 0.5
02219 TEST: Status Message Amp.Port_4B 110.0 +/- 155.0
02219 PASS: Status Message Amp.Port_4B 103.0
02220 sdo[0x6411][8] = 120 : MeterAmps = 0.12 | 0.155 | 0.5
02220 PASS: MeterAmps 0.113
02221 sdo[0x6411][8] = 120 : sdo[0x5003][8] = 120 | 155 | 0.5
02221 TEST: Status Message Amp.Port_4B 120.0 +/- 155.0
02221 PASS: Status Message Amp.Port_4B 115.0
02222 sdo[0x6411][8] = 130 : MeterAmps = 0.13 | 0.155 | 0.5
02222 PASS: MeterAmps 0.123
02223 sdo[0x6411][8] = 130 : sdo[0x5003][8] = 130 | 155 | 0.5
02223 TEST: Status Message Amp.Port_4B 130.0 +/- 155.0
02223 PASS: Status Message Amp.Port_4B 127.0
02224 sdo[0x6411][8] = 140 : MeterAmps = 0.14 | 0.155 | 0.5
02224 PASS: MeterAmps 0.132
02225 sdo[0x6411][8] = 140 : sdo[0x5003][8] = 140 | 155 | 0.5
02225 TEST: Status Message Amp.Port_4B 140.0 +/- 155.0
02225 PASS: Status Message Amp.Port_4B 135.0
02226 sdo[0x6411][8] = 150 : MeterAmps = 0.15 | 0.155 | 0.5
02226 PASS: MeterAmps 0.147
02227 sdo[0x6411][8] = 150 : sdo[0x5003][8] = 150 | 155 | 0.5
02227 TEST: Status Message Amp.Port_4B 150.0 +/- 155.0
02227 PASS: Status Message Amp.Port_4B 143.0
02228 sdo[0x6411][8] = 160 : MeterAmps = 0.16 | 0.155 | 0.5
02228 PASS: MeterAmps 0.15
02229 sdo[0x6411][8] = 160 : sdo[0x5003][8] = 160 | 155 | 0.5
02229 TEST: Status Message Amp.Port_4B 160.0 +/- 155.0
02229 PASS: Status Message Amp.Port_4B 155.0
02230 sdo[0x6411][8] = 170 : MeterAmps = 0.17 | 0.155 | 0.5
02230 PASS: MeterAmps 0.161
02231 sdo[0x6411][8] = 170 : sdo[0x5003][8] = 170 | 155 | 0.5
02231 TEST: Status Message Amp.Port_4B 170.0 +/- 155.0
02231 PASS: Status Message Amp.Port_4B 163.0
02232 sdo[0x6411][8] = 180 : MeterAmps = 0.18 | 0.155 | 0.5
02232 PASS: MeterAmps 0.17
02233 sdo[0x6411][8] = 180 : sdo[0x5003][8] = 180 | 155 | 0.5
02233 TEST: Status Message Amp.Port_4B 180.0 +/- 155.0
02233 PASS: Status Message Amp.Port_4B 175.0
02234 sdo[0x6411][8] = 190 : MeterAmps = 0.19 | 0.155 | 0.5
02234 PASS: MeterAmps 0.182
02235 sdo[0x6411][8] = 190 : sdo[0x5003][8] = 190 | 155 | 0.5
02235 TEST: Status Message Amp.Port_4B 190.0 +/- 155.0
02235 PASS: Status Message Amp.Port_4B 183.0
02236 sdo[0x6411][8] = 200 : MeterAmps = 0.2 | 0.155 | 0.5
02236 PASS: MeterAmps 0.19
02237 sdo[0x6411][8] = 200 : sdo[0x5003][8] = 200 | 155 | 0.5
02237 TEST: Status Message Amp.Port_4B 200.0 +/- 155.0
02237 PASS: Status Message Amp.Port_4B 199.0
02238 sdo[0x6411][8] = 210 : MeterAmps = 0.21 | 0.155 | 0.5
02238 PASS: MeterAmps 0.201
02239 sdo[0x6411][8] = 210 : sdo[0x5003][8] = 210 | 155 | 0.5
02239 TEST: Status Message Amp.Port_4B 210.0 +/- 155.0
02239 PASS: Status Message Amp.Port_4B 207.0
02240 sdo[0x6411][8] = 220 : MeterAmps = 0.22 | 0.155 | 0.5
02240 PASS: MeterAmps 0.207
02241 sdo[0x6411][8] = 220 : sdo[0x5003][8] = 220 | 155 | 0.5
02241 TEST: Status Message Amp.Port_4B 220.0 +/- 155.0
02241 PASS: Status Message Amp.Port_4B 215.0
02242 sdo[0x6411][8] = 230 : MeterAmps = 0.23 | 0.155 | 0.5
02242 PASS: MeterAmps 0.219
02243 sdo[0x6411][8] = 230 : sdo[0x5003][8] = 230 | 155 | 0.5
02243 TEST: Status Message Amp.Port_4B 230.0 +/- 155.0
02243 PASS: Status Message Amp.Port_4B 222.0
02244 sdo[0x6411][8] = 240 : MeterAmps = 0.24 | 0.155 | 0.5
02244 PASS: MeterAmps 0.227
02245 sdo[0x6411][8] = 240 : sdo[0x5003][8] = 240 | 155 | 0.5
02245 TEST: Status Message Amp.Port_4B 240.0 +/- 155.0
02245 PASS: Status Message Amp.Port_4B 238.0
02246 sdo[0x6411][8] = 250 : MeterAmps = 0.25 | 0.155 | 0.5
02246 PASS: MeterAmps 0.237
02247 sdo[0x6411][8] = 250 : sdo[0x5003][8] = 250 | 155 | 0.5
02247 TEST: Status Message Amp.Port_4B 250.0 +/- 155.0
02247 PASS: Status Message Amp.Port_4B 242.0
02248 sdo[0x6411][8] = 260 : MeterAmps = 0.26 | 0.155 | 0.5
02248 PASS: MeterAmps 0.245
02249 sdo[0x6411][8] = 260 : sdo[0x5003][8] = 260 | 155 | 0.5
02249 TEST: Status Message Amp.Port_4B 260.0 +/- 155.0
02249 PASS: Status Message Amp.Port_4B 254.0
02250 sdo[0x6411][8] = 270 : MeterAmps = 0.27 | 0.155 | 0.5
02250 PASS: MeterAmps 0.259
02251 sdo[0x6411][8] = 270 : sdo[0x5003][8] = 270 | 155 | 0.5
02251 TEST: Status Message Amp.Port_4B 270.0 +/- 155.0
02251 PASS: Status Message Amp.Port_4B 262.0
02252 sdo[0x6411][8] = 280 : MeterAmps = 0.28 | 0.155 | 0.5
02252 PASS: MeterAmps 0.265
02253 sdo[0x6411][8] = 280 : sdo[0x5003][8] = 280 | 155 | 0.5
02253 TEST: Status Message Amp.Port_4B 280.0 +/- 155.0
02253 PASS: Status Message Amp.Port_4B 274.0
02254 sdo[0x6411][8] = 290 : MeterAmps = 0.29 | 0.155 | 0.5
02254 PASS: MeterAmps 0.276
02255 sdo[0x6411][8] = 290 : sdo[0x5003][8] = 290 | 155 | 0.5
02255 TEST: Status Message Amp.Port_4B 290.0 +/- 155.0
02255 PASS: Status Message Amp.Port_4B 286.0
02256 sdo[0x6411][8] = 300 : MeterAmps = 0.3 | 0.155 | 0.5
02256 PASS: MeterAmps 0.283
02257 sdo[0x6411][8] = 300 : sdo[0x5003][8] = 300 | 155 | 0.5
02257 TEST: Status Message Amp.Port_4B 300.0 +/- 155.0
02257 PASS: Status Message Amp.Port_4B 294.0
02258 sdo[0x6411][8] = 310 : MeterAmps = 0.31 | 0.155 | 0.5
02258 PASS: MeterAmps 0.298
02259 sdo[0x6411][8] = 310 : sdo[0x5003][8] = 310 | 155 | 0.5
02259 TEST: Status Message Amp.Port_4B 310.0 +/- 155.0
02259 PASS: Status Message Amp.Port_4B 302.0
02260 sdo[0x6411][8] = 320 : MeterAmps = 0.32 | 0.155 | 0.5
02260 PASS: MeterAmps 0.304
02261 sdo[0x6411][8] = 320 : sdo[0x5003][8] = 320 | 155 | 0.5
02261 TEST: Status Message Amp.Port_4B 320.0 +/- 155.0
02261 PASS: Status Message Amp.Port_4B 318.0
02262 sdo[0x6411][8] = 330 : MeterAmps = 0.33 | 0.155 | 0.5
02262 PASS: MeterAmps 0.315
02263 sdo[0x6411][8] = 330 : sdo[0x5003][8] = 330 | 155 | 0.5
02263 TEST: Status Message Amp.Port_4B 330.0 +/- 155.0
02263 PASS: Status Message Amp.Port_4B 326.0
02264 sdo[0x6411][8] = 340 : MeterAmps = 0.34 | 0.155 | 0.5
02264 PASS: MeterAmps 0.323
02265 sdo[0x6411][8] = 340 : sdo[0x5003][8] = 340 | 155 | 0.5
02265 TEST: Status Message Amp.Port_4B 340.0 +/- 155.0
02265 PASS: Status Message Amp.Port_4B 334.0
02266 sdo[0x6411][8] = 350 : MeterAmps = 0.35 | 0.155 | 0.5
02266 PASS: MeterAmps 0.335
02267 sdo[0x6411][8] = 350 : sdo[0x5003][8] = 350 | 155 | 0.5
02267 TEST: Status Message Amp.Port_4B 350.0 +/- 155.0
02267 PASS: Status Message Amp.Port_4B 342.0
02268 sdo[0x6411][8] = 360 : MeterAmps = 0.36 | 0.155 | 0.5
02268 PASS: MeterAmps 0.343
02269 sdo[0x6411][8] = 360 : sdo[0x5003][8] = 360 | 155 | 0.5
02269 TEST: Status Message Amp.Port_4B 360.0 +/- 155.0
02269 PASS: Status Message Amp.Port_4B 354.0
02270 sdo[0x6411][8] = 370 : MeterAmps = 0.37 | 0.155 | 0.5
02270 PASS: MeterAmps 0.355
02271 sdo[0x6411][8] = 370 : sdo[0x5003][8] = 370 | 155 | 0.5
02271 TEST: Status Message Amp.Port_4B 370.0 +/- 155.0
02271 PASS: Status Message Amp.Port_4B 366.0
02272 sdo[0x6411][8] = 380 : MeterAmps = 0.38 | 0.155 | 0.5
02272 PASS: MeterAmps 0.361
02273 sdo[0x6411][8] = 380 : sdo[0x5003][8] = 380 | 155 | 0.5
02273 TEST: Status Message Amp.Port_4B 380.0 +/- 155.0
02273 PASS: Status Message Amp.Port_4B 374.0
02274 sdo[0x6411][8] = 390 : MeterAmps = 0.39 | 0.155 | 0.5
02274 PASS: MeterAmps 0.374
02275 sdo[0x6411][8] = 390 : sdo[0x5003][8] = 390 | 155 | 0.5
02275 TEST: Status Message Amp.Port_4B 390.0 +/- 155.0
02275 PASS: Status Message Amp.Port_4B 386.0
02276 sdo[0x6411][8] = 400 : MeterAmps = 0.4 | 0.155 | 0.5
02276 PASS: MeterAmps 0.382
02277 sdo[0x6411][8] = 400 : sdo[0x5003][8] = 400 | 155 | 0.5
02277 TEST: Status Message Amp.Port_4B 400.0 +/- 155.0
02277 PASS: Status Message Amp.Port_4B 398.0
02278 sdo[0x6411][8] = 410 : MeterAmps = 0.41 | 0.155 | 0.5
02278 PASS: MeterAmps 0.393
02279 sdo[0x6411][8] = 410 : sdo[0x5003][8] = 410 | 155 | 0.5
02279 TEST: Status Message Amp.Port_4B 410.0 +/- 155.0
02279 PASS: Status Message Amp.Port_4B 406.0
02280 sdo[0x6411][8] = 420 : MeterAmps = 0.42 | 0.155 | 0.5
02280 PASS: MeterAmps 0.399
02281 sdo[0x6411][8] = 420 : sdo[0x5003][8] = 420 | 155 | 0.5
02281 TEST: Status Message Amp.Port_4B 420.0 +/- 155.0
02281 PASS: Status Message Amp.Port_4B 414.0
02282 sdo[0x6411][8] = 430 : MeterAmps = 0.43 | 0.155 | 0.5
02282 PASS: MeterAmps 0.411
02283 sdo[0x6411][8] = 430 : sdo[0x5003][8] = 430 | 155 | 0.5
02283 TEST: Status Message Amp.Port_4B 430.0 +/- 155.0
02283 PASS: Status Message Amp.Port_4B 422.0
02284 sdo[0x6411][8] = 440 : MeterAmps = 0.44 | 0.155 | 0.5
02284 PASS: MeterAmps 0.421
02285 sdo[0x6411][8] = 440 : sdo[0x5003][8] = 440 | 155 | 0.5
02285 TEST: Status Message Amp.Port_4B 440.0 +/- 155.0
02285 PASS: Status Message Amp.Port_4B 434.0
02286 sdo[0x6411][8] = 450 : MeterAmps = 0.45 | 0.155 | 0.5
02286 PASS: MeterAmps 0.43
02287 sdo[0x6411][8] = 450 : sdo[0x5003][8] = 450 | 155 | 0.5
02287 TEST: Status Message Amp.Port_4B 450.0 +/- 155.0
02287 PASS: Status Message Amp.Port_4B 445.0
02288 sdo[0x6411][8] = 460 : MeterAmps = 0.46 | 0.155 | 0.5
02288 PASS: MeterAmps 0.443
02289 sdo[0x6411][8] = 460 : sdo[0x5003][8] = 460 | 155 | 0.5
02289 TEST: Status Message Amp.Port_4B 460.0 +/- 155.0
02289 PASS: Status Message Amp.Port_4B 453.0
02290 sdo[0x6411][8] = 470 : MeterAmps = 0.47 | 0.155 | 0.5
02290 PASS: MeterAmps 0.453
02291 sdo[0x6411][8] = 470 : sdo[0x5003][8] = 470 | 155 | 0.5
02291 TEST: Status Message Amp.Port_4B 470.0 +/- 155.0
02291 PASS: Status Message Amp.Port_4B 469.0
02292 sdo[0x6411][8] = 480 : MeterAmps = 0.48 | 0.155 | 0.5
02292 PASS: MeterAmps 0.461
02293 sdo[0x6411][8] = 480 : sdo[0x5003][8] = 480 | 155 | 0.5
02293 TEST: Status Message Amp.Port_4B 480.0 +/- 155.0
02293 PASS: Status Message Amp.Port_4B 477.0
02294 sdo[0x6411][8] = 490 : MeterAmps = 0.49 | 0.155 | 0.5
02294 PASS: MeterAmps 0.468
02295 sdo[0x6411][8] = 490 : sdo[0x5003][8] = 490 | 155 | 0.5
02295 TEST: Status Message Amp.Port_4B 490.0 +/- 155.0
02295 PASS: Status Message Amp.Port_4B 485.0
02296 sdo[0x6411][8] = 500 : MeterAmps = 0.5 | 0.155 | 0.5
02296 PASS: MeterAmps 0.481
02297 sdo[0x6411][8] = 500 : sdo[0x5003][8] = 500 | 155 | 0.5
02297 TEST: Status Message Amp.Port_4B 500.0 +/- 155.0
02297 PASS: Status Message Amp.Port_4B 497.0
02298 sdo[0x6411][8] = 510 : MeterAmps = 0.51 | 0.155 | 0.5
02298 PASS: MeterAmps 0.488
02299 sdo[0x6411][8] = 510 : sdo[0x5003][8] = 510 | 155 | 0.5
02299 TEST: Status Message Amp.Port_4B 510.0 +/- 155.0
02299 PASS: Status Message Amp.Port_4B 505.0
02300 sdo[0x6411][8] = 520 : MeterAmps = 0.52 | 0.155 | 0.5
02300 PASS: MeterAmps 0.499
02301 sdo[0x6411][8] = 520 : sdo[0x5003][8] = 520 | 155 | 0.5
02301 TEST: Status Message Amp.Port_4B 520.0 +/- 155.0
02301 PASS: Status Message Amp.Port_4B 513.0
02302 sdo[0x6411][8] = 530 : MeterAmps = 0.53 | 0.155 | 0.5
02302 PASS: MeterAmps 0.508
02303 sdo[0x6411][8] = 530 : sdo[0x5003][8] = 530 | 155 | 0.5
02303 TEST: Status Message Amp.Port_4B 530.0 +/- 155.0
02303 PASS: Status Message Amp.Port_4B 525.0
02304 sdo[0x6411][8] = 540 : MeterAmps = 0.54 | 0.155 | 0.5
02304 PASS: MeterAmps 0.518
02305 sdo[0x6411][8] = 540 : sdo[0x5003][8] = 540 | 155 | 0.5
02305 TEST: Status Message Amp.Port_4B 540.0 +/- 155.0
02305 PASS: Status Message Amp.Port_4B 533.0
02306 sdo[0x6411][8] = 550 : MeterAmps = 0.55 | 0.155 | 0.5
02306 PASS: MeterAmps 0.527
02307 sdo[0x6411][8] = 550 : sdo[0x5003][8] = 550 | 155 | 0.5
02307 TEST: Status Message Amp.Port_4B 550.0 +/- 155.0
02307 PASS: Status Message Amp.Port_4B 545.0
02308 sdo[0x6411][8] = 560 : MeterAmps = 0.56 | 0.155 | 0.5
02308 PASS: MeterAmps 0.538
02309 sdo[0x6411][8] = 560 : sdo[0x5003][8] = 560 | 155 | 0.5
02309 TEST: Status Message Amp.Port_4B 560.0 +/- 155.0
02309 PASS: Status Message Amp.Port_4B 557.0
02310 sdo[0x6411][8] = 570 : MeterAmps = 0.57 | 0.155 | 0.5
02310 PASS: MeterAmps 0.545
02311 sdo[0x6411][8] = 570 : sdo[0x5003][8] = 570 | 155 | 0.5
02311 TEST: Status Message Amp.Port_4B 570.0 +/- 155.0
02311 PASS: Status Message Amp.Port_4B 565.0
02312 sdo[0x6411][8] = 580 : MeterAmps = 0.58 | 0.155 | 0.5
02312 PASS: MeterAmps 0.557
02313 sdo[0x6411][8] = 580 : sdo[0x5003][8] = 580 | 155 | 0.5
02313 TEST: Status Message Amp.Port_4B 580.0 +/- 155.0
02313 PASS: Status Message Amp.Port_4B 573.0
02314 sdo[0x6411][8] = 590 : MeterAmps = 0.59 | 0.155 | 0.5
02314 PASS: MeterAmps 0.567
02315 sdo[0x6411][8] = 590 : sdo[0x5003][8] = 590 | 155 | 0.5
02315 TEST: Status Message Amp.Port_4B 590.0 +/- 155.0
02315 PASS: Status Message Amp.Port_4B 581.0
02316 sdo[0x6411][8] = 600 : MeterAmps = 0.6 | 0.155 | 0.5
02316 PASS: MeterAmps 0.578
02317 sdo[0x6411][8] = 600 : sdo[0x5003][8] = 600 | 155 | 0.5
02317 TEST: Status Message Amp.Port_4B 600.0 +/- 155.0
02317 PASS: Status Message Amp.Port_4B 597.0
02318 sdo[0x6411][8] = 610 : MeterAmps = 0.61 | 0.155 | 0.5
02318 PASS: MeterAmps 0.584
02319 sdo[0x6411][8] = 610 : sdo[0x5003][8] = 610 | 155 | 0.5
02319 TEST: Status Message Amp.Port_4B 610.0 +/- 155.0
02319 PASS: Status Message Amp.Port_4B 605.0
02320 sdo[0x6411][8] = 620 : MeterAmps = 0.62 | 0.155 | 0.5
02320 PASS: MeterAmps 0.596
02321 sdo[0x6411][8] = 620 : sdo[0x5003][8] = 620 | 155 | 0.5
02321 TEST: Status Message Amp.Port_4B 620.0 +/- 155.0
02321 PASS: Status Message Amp.Port_4B 613.0
02322 sdo[0x6411][8] = 630 : MeterAmps = 0.63 | 0.155 | 0.5
02322 PASS: MeterAmps 0.604
02323 sdo[0x6411][8] = 630 : sdo[0x5003][8] = 630 | 155 | 0.5
02323 TEST: Status Message Amp.Port_4B 630.0 +/- 155.0
02323 PASS: Status Message Amp.Port_4B 629.0
02324 sdo[0x6411][8] = 640 : MeterAmps = 0.64 | 0.155 | 0.5
02324 PASS: MeterAmps 0.614
02325 sdo[0x6411][8] = 640 : sdo[0x5003][8] = 640 | 155 | 0.5
02325 TEST: Status Message Amp.Port_4B 640.0 +/- 155.0
02325 PASS: Status Message Amp.Port_4B 637.0
02326 sdo[0x6411][8] = 650 : MeterAmps = 0.65 | 0.155 | 0.5
02326 PASS: MeterAmps 0.622
02327 sdo[0x6411][8] = 650 : sdo[0x5003][8] = 650 | 155 | 0.5
02327 TEST: Status Message Amp.Port_4B 650.0 +/- 155.0
02327 PASS: Status Message Amp.Port_4B 645.0
02328 sdo[0x6411][8] = 660 : MeterAmps = 0.66 | 0.155 | 0.5
02328 PASS: MeterAmps 0.635
02329 sdo[0x6411][8] = 660 : sdo[0x5003][8] = 660 | 155 | 0.5
02329 TEST: Status Message Amp.Port_4B 660.0 +/- 155.0
02329 PASS: Status Message Amp.Port_4B 657.0
02330 sdo[0x6411][8] = 670 : MeterAmps = 0.67 | 0.155 | 0.5
02330 PASS: MeterAmps 0.642
02331 sdo[0x6411][8] = 670 : sdo[0x5003][8] = 670 | 155 | 0.5
02331 TEST: Status Message Amp.Port_4B 670.0 +/- 155.0
02331 PASS: Status Message Amp.Port_4B 668.0
02332 sdo[0x6411][8] = 680 : MeterAmps = 0.68 | 0.155 | 0.5
02332 PASS: MeterAmps 0.652
02333 sdo[0x6411][8] = 680 : sdo[0x5003][8] = 680 | 155 | 0.5
02333 TEST: Status Message Amp.Port_4B 680.0 +/- 155.0
02333 PASS: Status Message Amp.Port_4B 676.0
02334 sdo[0x6411][8] = 690 : MeterAmps = 0.69 | 0.155 | 0.5
02334 PASS: MeterAmps 0.661
02335 sdo[0x6411][8] = 690 : sdo[0x5003][8] = 690 | 155 | 0.5
02335 TEST: Status Message Amp.Port_4B 690.0 +/- 155.0
02335 PASS: Status Message Amp.Port_4B 684.0
02336 sdo[0x6411][8] = 700 : MeterAmps = 0.7 | 0.155 | 0.5
02336 PASS: MeterAmps 0.673
02337 sdo[0x6411][8] = 700 : sdo[0x5003][8] = 700 | 155 | 0.5
02337 TEST: Status Message Amp.Port_4B 700.0 +/- 155.0
02337 PASS: Status Message Amp.Port_4B 692.0
02338 sdo[0x6411][8] = 710 : MeterAmps = 0.71 | 0.155 | 0.5
02338 PASS: MeterAmps 0.682
02339 sdo[0x6411][8] = 710 : sdo[0x5003][8] = 710 | 155 | 0.5
02339 TEST: Status Message Amp.Port_4B 710.0 +/- 155.0
02339 PASS: Status Message Amp.Port_4B 704.0
02340 sdo[0x6411][8] = 720 : MeterAmps = 0.72 | 0.155 | 0.5
02340 PASS: MeterAmps 0.691
02341 sdo[0x6411][8] = 720 : sdo[0x5003][8] = 720 | 155 | 0.5
02341 TEST: Status Message Amp.Port_4B 720.0 +/- 155.0
02341 PASS: Status Message Amp.Port_4B 712.0
02342 sdo[0x6411][8] = 730 : MeterAmps = 0.73 | 0.155 | 0.5
02342 PASS: MeterAmps 0.698
02343 sdo[0x6411][8] = 730 : sdo[0x5003][8] = 730 | 155 | 0.5
02343 TEST: Status Message Amp.Port_4B 730.0 +/- 155.0
02343 PASS: Status Message Amp.Port_4B 720.0
02344 sdo[0x6411][8] = 740 : MeterAmps = 0.74 | 0.155 | 0.5
02344 PASS: MeterAmps 0.711
02345 sdo[0x6411][8] = 740 : sdo[0x5003][8] = 740 | 155 | 0.5
02345 TEST: Status Message Amp.Port_4B 740.0 +/- 155.0
02345 PASS: Status Message Amp.Port_4B 732.0
02346 sdo[0x6411][8] = 750 : MeterAmps = 0.75 | 0.155 | 0.5
02346 PASS: MeterAmps 0.719
02347 sdo[0x6411][8] = 750 : sdo[0x5003][8] = 750 | 155 | 0.5
02347 TEST: Status Message Amp.Port_4B 750.0 +/- 155.0
02347 PASS: Status Message Amp.Port_4B 744.0
02348 sdo[0x6411][8] = 760 : MeterAmps = 0.76 | 0.155 | 0.5
02348 PASS: MeterAmps 0.73
02349 sdo[0x6411][8] = 760 : sdo[0x5003][8] = 760 | 155 | 0.5
02349 TEST: Status Message Amp.Port_4B 760.0 +/- 155.0
02349 PASS: Status Message Amp.Port_4B 752.0
02350 sdo[0x6411][8] = 770 : MeterAmps = 0.77 | 0.155 | 0.5
02350 PASS: MeterAmps 0.739
02351 sdo[0x6411][8] = 770 : sdo[0x5003][8] = 770 | 155 | 0.5
02351 TEST: Status Message Amp.Port_4B 770.0 +/- 155.0
02351 PASS: Status Message Amp.Port_4B 764.0
02352 sdo[0x6411][8] = 780 : MeterAmps = 0.78 | 0.155 | 0.5
02352 PASS: MeterAmps 0.75
02353 sdo[0x6411][8] = 780 : sdo[0x5003][8] = 780 | 155 | 0.5
02353 TEST: Status Message Amp.Port_4B 780.0 +/- 155.0
02353 PASS: Status Message Amp.Port_4B 772.0
02354 sdo[0x6411][8] = 790 : MeterAmps = 0.79 | 0.155 | 0.5
02354 PASS: MeterAmps 0.757
02355 sdo[0x6411][8] = 790 : sdo[0x5003][8] = 790 | 155 | 0.5
02355 TEST: Status Message Amp.Port_4B 790.0 +/- 155.0
02355 PASS: Status Message Amp.Port_4B 784.0
02356 sdo[0x6411][8] = 800 : MeterAmps = 0.8 | 0.155 | 0.5
02356 PASS: MeterAmps 0.769
02357 sdo[0x6411][8] = 800 : sdo[0x5003][8] = 800 | 155 | 0.5
02357 TEST: Status Message Amp.Port_4B 800.0 +/- 155.0
02357 PASS: Status Message Amp.Port_4B 792.0
02358 sdo[0x6411][8] = 810 : MeterAmps = 0.81 | 0.155 | 0.5
02358 PASS: MeterAmps 0.776
02359 sdo[0x6411][8] = 810 : sdo[0x5003][8] = 810 | 155 | 0.5
02359 TEST: Status Message Amp.Port_4B 810.0 +/- 155.0
02359 PASS: Status Message Amp.Port_4B 804.0
02360 sdo[0x6411][8] = 820 : MeterAmps = 0.82 | 0.155 | 0.5
02360 PASS: MeterAmps 0.789
02361 sdo[0x6411][8] = 820 : sdo[0x5003][8] = 820 | 155 | 0.5
02361 TEST: Status Message Amp.Port_4B 820.0 +/- 155.0
02361 PASS: Status Message Amp.Port_4B 812.0
02362 sdo[0x6411][8] = 830 : MeterAmps = 0.83 | 0.155 | 0.5
02362 PASS: MeterAmps 0.795
02363 sdo[0x6411][8] = 830 : sdo[0x5003][8] = 830 | 155 | 0.5
02363 TEST: Status Message Amp.Port_4B 830.0 +/- 155.0
02363 PASS: Status Message Amp.Port_4B 824.0
02364 sdo[0x6411][8] = 840 : MeterAmps = 0.84 | 0.155 | 0.5
02364 PASS: MeterAmps 0.807
02365 sdo[0x6411][8] = 840 : sdo[0x5003][8] = 840 | 155 | 0.5
02365 TEST: Status Message Amp.Port_4B 840.0 +/- 155.0
02365 PASS: Status Message Amp.Port_4B 832.0
02366 sdo[0x6411][8] = 850 : MeterAmps = 0.85 | 0.155 | 0.5
02366 PASS: MeterAmps 0.816
02367 sdo[0x6411][8] = 850 : sdo[0x5003][8] = 850 | 155 | 0.5
02367 TEST: Status Message Amp.Port_4B 850.0 +/- 155.0
02367 PASS: Status Message Amp.Port_4B 844.0
02368 sdo[0x6411][8] = 860 : MeterAmps = 0.86 | 0.155 | 0.5
02368 PASS: MeterAmps 0.826
02369 sdo[0x6411][8] = 860 : sdo[0x5003][8] = 860 | 155 | 0.5
02369 TEST: Status Message Amp.Port_4B 860.0 +/- 155.0
02369 PASS: Status Message Amp.Port_4B 852.0
02370 sdo[0x6411][8] = 870 : MeterAmps = 0.87 | 0.155 | 0.5
02370 PASS: MeterAmps 0.834
02371 sdo[0x6411][8] = 870 : sdo[0x5003][8] = 870 | 155 | 0.5
02371 TEST: Status Message Amp.Port_4B 870.0 +/- 155.0
02371 PASS: Status Message Amp.Port_4B 864.0
02372 sdo[0x6411][8] = 880 : MeterAmps = 0.88 | 0.155 | 0.5
02372 PASS: MeterAmps 0.847
02373 sdo[0x6411][8] = 880 : sdo[0x5003][8] = 880 | 155 | 0.5
02373 TEST: Status Message Amp.Port_4B 880.0 +/- 155.0
02373 PASS: Status Message Amp.Port_4B 876.0
02374 sdo[0x6411][8] = 890 : MeterAmps = 0.89 | 0.155 | 0.5
02374 PASS: MeterAmps 0.853
02375 sdo[0x6411][8] = 890 : sdo[0x5003][8] = 890 | 155 | 0.5
02375 TEST: Status Message Amp.Port_4B 890.0 +/- 155.0
02375 PASS: Status Message Amp.Port_4B 884.0
02376 sdo[0x6411][8] = 900 : MeterAmps = 0.9 | 0.155 | 0.5
02376 PASS: MeterAmps 0.866
02377 sdo[0x6411][8] = 900 : sdo[0x5003][8] = 900 | 155 | 0.5
02377 TEST: Status Message Amp.Port_4B 900.0 +/- 155.0
02377 PASS: Status Message Amp.Port_4B 895.0
02378 sdo[0x6411][8] = 910 : MeterAmps = 0.91 | 0.155 | 0.5
02378 PASS: MeterAmps 0.877
02379 sdo[0x6411][8] = 910 : sdo[0x5003][8] = 910 | 155 | 0.5
02379 TEST: Status Message Amp.Port_4B 910.0 +/- 155.0
02379 PASS: Status Message Amp.Port_4B 907.0
02380 sdo[0x6411][8] = 920 : MeterAmps = 0.92 | 0.155 | 0.5
02380 PASS: MeterAmps 0.883
02381 sdo[0x6411][8] = 920 : sdo[0x5003][8] = 920 | 155 | 0.5
02381 TEST: Status Message Amp.Port_4B 920.0 +/- 155.0
02381 PASS: Status Message Amp.Port_4B 915.0
02382 sdo[0x6411][8] = 930 : MeterAmps = 0.93 | 0.155 | 0.5
02382 PASS: MeterAmps 0.896
02383 sdo[0x6411][8] = 930 : sdo[0x5003][8] = 930 | 155 | 0.5
02383 TEST: Status Message Amp.Port_4B 930.0 +/- 155.0
02383 PASS: Status Message Amp.Port_4B 923.0
02384 sdo[0x6411][8] = 940 : MeterAmps = 0.94 | 0.155 | 0.5
02384 PASS: MeterAmps 0.904
02385 sdo[0x6411][8] = 940 : sdo[0x5003][8] = 940 | 155 | 0.5
02385 TEST: Status Message Amp.Port_4B 940.0 +/- 155.0
02385 PASS: Status Message Amp.Port_4B 935.0
02386 sdo[0x6411][8] = 950 : MeterAmps = 0.95 | 0.155 | 0.5
02386 PASS: MeterAmps 0.915
02387 sdo[0x6411][8] = 950 : sdo[0x5003][8] = 950 | 155 | 0.5
02387 TEST: Status Message Amp.Port_4B 950.0 +/- 155.0
02387 PASS: Status Message Amp.Port_4B 943.0
02388 sdo[0x6411][8] = 960 : MeterAmps = 0.96 | 0.155 | 0.5
02388 PASS: MeterAmps 0.923
02389 sdo[0x6411][8] = 960 : sdo[0x5003][8] = 960 | 155 | 0.5
02389 TEST: Status Message Amp.Port_4B 960.0 +/- 155.0
02389 PASS: Status Message Amp.Port_4B 955.0
02390 sdo[0x6411][8] = 970 : MeterAmps = 0.97 | 0.155 | 0.5
02390 PASS: MeterAmps 0.935
02391 sdo[0x6411][8] = 970 : sdo[0x5003][8] = 970 | 155 | 0.5
02391 TEST: Status Message Amp.Port_4B 970.0 +/- 155.0
02391 PASS: Status Message Amp.Port_4B 963.0
02392 sdo[0x6411][8] = 980 : MeterAmps = 0.98 | 0.155 | 0.5
02392 PASS: MeterAmps 0.942
02393 sdo[0x6411][8] = 980 : sdo[0x5003][8] = 980 | 155 | 0.5
02393 TEST: Status Message Amp.Port_4B 980.0 +/- 155.0
02393 PASS: Status Message Amp.Port_4B 975.0
02394 sdo[0x6411][8] = 990 : MeterAmps = 0.99 | 0.155 | 0.5
02394 PASS: MeterAmps 0.954
02395 sdo[0x6411][8] = 990 : sdo[0x5003][8] = 990 | 155 | 0.5
02395 TEST: Status Message Amp.Port_4B 990.0 +/- 155.0
02395 PASS: Status Message Amp.Port_4B 983.0
02396 sdo[0x6411][8] = 1000 : MeterAmps = 1.0 | 0.155 | 0.5
02396 PASS: MeterAmps 0.96
02397 sdo[0x6411][8] = 1000 : sdo[0x5003][8] = 1000 | 155 | 0.5
02397 TEST: Status Message Amp.Port_4B 1000.0 +/- 155.0
02397 PASS: Status Message Amp.Port_4B 995.0
02398 sdo[0x6411][8] = 1010 : MeterAmps = 1.01 | 0.155 | 0.5
02398 PASS: MeterAmps 0.972
02399 sdo[0x6411][8] = 1010 : sdo[0x5003][8] = 1010 | 155 | 0.5
02399 TEST: Status Message Amp.Port_4B 1010.0 +/- 155.0
02399 PASS: Status Message Amp.Port_4B 1003.0
02400 sdo[0x6411][8] = 1020 : MeterAmps = 1.02 | 0.155 | 0.5
02400 PASS: MeterAmps 0.981
02401 sdo[0x6411][8] = 1020 : sdo[0x5003][8] = 1020 | 155 | 0.5
02401 TEST: Status Message Amp.Port_4B 1020.0 +/- 155.0
02401 PASS: Status Message Amp.Port_4B 1015.0
02402 sdo[0x6411][8] = 1030 : MeterAmps = 1.03 | 0.155 | 0.5
02402 PASS: MeterAmps 0.991
02403 sdo[0x6411][8] = 1030 : sdo[0x5003][8] = 1030 | 155 | 0.5
02403 TEST: Status Message Amp.Port_4B 1030.0 +/- 155.0
02403 PASS: Status Message Amp.Port_4B 1023.0
02404 sdo[0x6411][8] = 1040 : MeterAmps = 1.04 | 0.155 | 0.5
02404 PASS: MeterAmps 1.0
02405 sdo[0x6411][8] = 1040 : sdo[0x5003][8] = 1040 | 155 | 0.5
02405 TEST: Status Message Amp.Port_4B 1040.0 +/- 155.0
02405 PASS: Status Message Amp.Port_4B 1035.0
02406 sdo[0x6411][8] = 1050 : MeterAmps = 1.05 | 0.155 | 0.5
02406 PASS: MeterAmps 1.01
02407 sdo[0x6411][8] = 1050 : sdo[0x5003][8] = 1050 | 155 | 0.5
02407 TEST: Status Message Amp.Port_4B 1050.0 +/- 155.0
02407 PASS: Status Message Amp.Port_4B 1043.0
02408 sdo[0x6411][8] = 1060 : MeterAmps = 1.06 | 0.155 | 0.5
02408 PASS: MeterAmps 1.018
02409 sdo[0x6411][8] = 1060 : sdo[0x5003][8] = 1060 | 155 | 0.5
02409 TEST: Status Message Amp.Port_4B 1060.0 +/- 155.0
02409 PASS: Status Message Amp.Port_4B 1055.0
02410 sdo[0x6411][8] = 1070 : MeterAmps = 1.07 | 0.155 | 0.5
02410 PASS: MeterAmps 1.03
02411 sdo[0x6411][8] = 1070 : sdo[0x5003][8] = 1070 | 155 | 0.5
02411 TEST: Status Message Amp.Port_4B 1070.0 +/- 155.0
02411 PASS: Status Message Amp.Port_4B 1067.0
02412 sdo[0x6411][8] = 1080 : MeterAmps = 1.08 | 0.155 | 0.5
02412 PASS: MeterAmps 1.037
02413 sdo[0x6411][8] = 1080 : sdo[0x5003][8] = 1080 | 155 | 0.5
02413 TEST: Status Message Amp.Port_4B 1080.0 +/- 155.0
02413 PASS: Status Message Amp.Port_4B 1075.0
02414 sdo[0x6411][8] = 1090 : MeterAmps = 1.09 | 0.155 | 0.5
02414 PASS: MeterAmps 1.05
02415 sdo[0x6411][8] = 1090 : sdo[0x5003][8] = 1090 | 155 | 0.5
02415 TEST: Status Message Amp.Port_4B 1090.0 +/- 155.0
02415 PASS: Status Message Amp.Port_4B 1083.0
02416 sdo[0x6411][8] = 1100 : MeterAmps = 1.1 | 0.155 | 0.5
02416 PASS: MeterAmps 1.058
02417 sdo[0x6411][8] = 1100 : sdo[0x5003][8] = 1100 | 155 | 0.5
02417 TEST: Status Message Amp.Port_4B 1100.0 +/- 155.0
02417 PASS: Status Message Amp.Port_4B 1095.0
02418 sdo[0x6411][8] = 1110 : MeterAmps = 1.11 | 0.155 | 0.5
02418 PASS: MeterAmps 1.068
02419 sdo[0x6411][8] = 1110 : sdo[0x5003][8] = 1110 | 155 | 0.5
02419 TEST: Status Message Amp.Port_4B 1110.0 +/- 155.0
02419 PASS: Status Message Amp.Port_4B 1103.0
02420 sdo[0x6411][8] = 1120 : MeterAmps = 1.12 | 0.155 | 0.5
02420 PASS: MeterAmps 1.077
02421 sdo[0x6411][8] = 1120 : sdo[0x5003][8] = 1120 | 155 | 0.5
02421 TEST: Status Message Amp.Port_4B 1120.0 +/- 155.0
02421 PASS: Status Message Amp.Port_4B 1114.0
02422 sdo[0x6411][8] = 1130 : MeterAmps = 1.13 | 0.155 | 0.5
02422 PASS: MeterAmps 1.088
02423 sdo[0x6411][8] = 1130 : sdo[0x5003][8] = 1130 | 155 | 0.5
02423 TEST: Status Message Amp.Port_4B 1130.0 +/- 155.0
02423 PASS: Status Message Amp.Port_4B 1122.0
02424 sdo[0x6411][8] = 1140 : MeterAmps = 1.14 | 0.155 | 0.5
02424 PASS: MeterAmps 1.096
02425 sdo[0x6411][8] = 1140 : sdo[0x5003][8] = 1140 | 155 | 0.5
02425 TEST: Status Message Amp.Port_4B 1140.0 +/- 155.0
02425 PASS: Status Message Amp.Port_4B 1134.0
02426 sdo[0x6411][8] = 1150 : MeterAmps = 1.15 | 0.155 | 0.5
02426 PASS: MeterAmps 1.107
02427 sdo[0x6411][8] = 1150 : sdo[0x5003][8] = 1150 | 155 | 0.5
02427 TEST: Status Message Amp.Port_4B 1150.0 +/- 155.0
02427 PASS: Status Message Amp.Port_4B 1142.0
02428 sdo[0x6411][8] = 1160 : MeterAmps = 1.16 | 0.155 | 0.5
02428 PASS: MeterAmps 1.114
02429 sdo[0x6411][8] = 1160 : sdo[0x5003][8] = 1160 | 155 | 0.5
02429 TEST: Status Message Amp.Port_4B 1160.0 +/- 155.0
02429 PASS: Status Message Amp.Port_4B 1154.0
02430 sdo[0x6411][8] = 1170 : MeterAmps = 1.17 | 0.155 | 0.5
02430 PASS: MeterAmps 1.127
02431 sdo[0x6411][8] = 1170 : sdo[0x5003][8] = 1170 | 155 | 0.5
02431 TEST: Status Message Amp.Port_4B 1170.0 +/- 155.0
02431 PASS: Status Message Amp.Port_4B 1162.0
02432 sdo[0x6411][8] = 1180 : MeterAmps = 1.18 | 0.155 | 0.5
02432 PASS: MeterAmps 1.133
02433 sdo[0x6411][8] = 1180 : sdo[0x5003][8] = 1180 | 155 | 0.5
02433 TEST: Status Message Amp.Port_4B 1180.0 +/- 155.0
02433 PASS: Status Message Amp.Port_4B 1174.0
02434 sdo[0x6411][8] = 1190 : MeterAmps = 1.19 | 0.155 | 0.5
02434 PASS: MeterAmps 1.145
02435 sdo[0x6411][8] = 1190 : sdo[0x5003][8] = 1190 | 155 | 0.5
02435 TEST: Status Message Amp.Port_4B 1190.0 +/- 155.0
02435 PASS: Status Message Amp.Port_4B 1182.0
02436 sdo[0x6411][8] = 1200 : MeterAmps = 1.2 | 0.155 | 0.5
02436 PASS: MeterAmps 1.153
02437 sdo[0x6411][8] = 1200 : sdo[0x5003][8] = 1200 | 155 | 0.5
02437 TEST: Status Message Amp.Port_4B 1200.0 +/- 155.0
02437 PASS: Status Message Amp.Port_4B 1194.0
02438 sdo[0x6411][8] = 1210 : MeterAmps = 1.21 | 0.155 | 0.5
02438 PASS: MeterAmps 1.165
02439 sdo[0x6411][8] = 1210 : sdo[0x5003][8] = 1210 | 155 | 0.5
02439 TEST: Status Message Amp.Port_4B 1210.0 +/- 155.0
02439 PASS: Status Message Amp.Port_4B 1202.0
02440 sdo[0x6411][8] = 1220 : MeterAmps = 1.22 | 0.155 | 0.5
02440 PASS: MeterAmps 1.173
02441 sdo[0x6411][8] = 1220 : sdo[0x5003][8] = 1220 | 155 | 0.5
02441 TEST: Status Message Amp.Port_4B 1220.0 +/- 155.0
02441 PASS: Status Message Amp.Port_4B 1214.0
02442 sdo[0x6411][8] = 1230 : MeterAmps = 1.23 | 0.155 | 0.5
02442 PASS: MeterAmps 1.183
02443 sdo[0x6411][8] = 1230 : sdo[0x5003][8] = 1230 | 155 | 0.5
02443 TEST: Status Message Amp.Port_4B 1230.0 +/- 155.0
02443 PASS: Status Message Amp.Port_4B 1226.0
02444 sdo[0x6411][8] = 1240 : MeterAmps = 1.24 | 0.155 | 0.5
02444 PASS: MeterAmps 1.189
02445 sdo[0x6411][8] = 1240 : sdo[0x5003][8] = 1240 | 155 | 0.5
02445 TEST: Status Message Amp.Port_4B 1240.0 +/- 155.0
02445 PASS: Status Message Amp.Port_4B 1230.0
02446 sdo[0x6411][8] = 1250 : MeterAmps = 1.25 | 0.155 | 0.5
02446 PASS: MeterAmps 1.202
02447 sdo[0x6411][8] = 1250 : sdo[0x5003][8] = 1250 | 155 | 0.5
02447 TEST: Status Message Amp.Port_4B 1250.0 +/- 155.0
02447 PASS: Status Message Amp.Port_4B 1242.0
02448 sdo[0x6411][8] = 1260 : MeterAmps = 1.26 | 0.155 | 0.5
02448 PASS: MeterAmps 1.209
02449 sdo[0x6411][8] = 1260 : sdo[0x5003][8] = 1260 | 155 | 0.5
02449 TEST: Status Message Amp.Port_4B 1260.0 +/- 155.0
02449 PASS: Status Message Amp.Port_4B 1254.0
02450 sdo[0x6411][8] = 1270 : MeterAmps = 1.27 | 0.155 | 0.5
02450 PASS: MeterAmps 1.222
02451 sdo[0x6411][8] = 1270 : sdo[0x5003][8] = 1270 | 155 | 0.5
02451 TEST: Status Message Amp.Port_4B 1270.0 +/- 155.0
02451 PASS: Status Message Amp.Port_4B 1262.0
02452 sdo[0x6411][8] = 1280 : MeterAmps = 1.28 | 0.155 | 0.5
02452 PASS: MeterAmps 1.229
02453 sdo[0x6411][8] = 1280 : sdo[0x5003][8] = 1280 | 155 | 0.5
02453 TEST: Status Message Amp.Port_4B 1280.0 +/- 155.0
02453 PASS: Status Message Amp.Port_4B 1274.0
02454 sdo[0x6411][8] = 1290 : MeterAmps = 1.29 | 0.155 | 0.5
02454 PASS: MeterAmps 1.241
02455 sdo[0x6411][8] = 1290 : sdo[0x5003][8] = 1290 | 155 | 0.5
02455 TEST: Status Message Amp.Port_4B 1290.0 +/- 155.0
02455 PASS: Status Message Amp.Port_4B 1282.0
02456 sdo[0x6411][8] = 1300 : MeterAmps = 1.3 | 0.155 | 0.5
02456 PASS: MeterAmps 1.249
02457 sdo[0x6411][8] = 1300 : sdo[0x5003][8] = 1300 | 155 | 0.5
02457 TEST: Status Message Amp.Port_4B 1300.0 +/- 155.0
02457 PASS: Status Message Amp.Port_4B 1294.0
02458 sdo[0x6411][8] = 1310 : MeterAmps = 1.31 | 0.155 | 0.5
02458 PASS: MeterAmps 1.259
02459 sdo[0x6411][8] = 1310 : sdo[0x5003][8] = 1310 | 155 | 0.5
02459 TEST: Status Message Amp.Port_4B 1310.0 +/- 155.0
02459 PASS: Status Message Amp.Port_4B 1302.0
02460 sdo[0x6411][8] = 1320 : MeterAmps = 1.32 | 0.155 | 0.5
02460 PASS: MeterAmps 1.266
02461 sdo[0x6411][8] = 1320 : sdo[0x5003][8] = 1320 | 155 | 0.5
02461 TEST: Status Message Amp.Port_4B 1320.0 +/- 155.0
02461 PASS: Status Message Amp.Port_4B 1314.0
02462 sdo[0x6411][8] = 1330 : MeterAmps = 1.33 | 0.155 | 0.5
02462 PASS: MeterAmps 1.279
02463 sdo[0x6411][8] = 1330 : sdo[0x5003][8] = 1330 | 155 | 0.5
02463 TEST: Status Message Amp.Port_4B 1330.0 +/- 155.0
02463 PASS: Status Message Amp.Port_4B 1326.0
02464 sdo[0x6411][8] = 1340 : MeterAmps = 1.34 | 0.155 | 0.5
02464 PASS: MeterAmps 1.291
02465 sdo[0x6411][8] = 1340 : sdo[0x5003][8] = 1340 | 155 | 0.5
02465 TEST: Status Message Amp.Port_4B 1340.0 +/- 155.0
02465 PASS: Status Message Amp.Port_4B 1333.0
02466 sdo[0x6411][8] = 1350 : MeterAmps = 1.35 | 0.155 | 0.5
02466 PASS: MeterAmps 1.297
02467 sdo[0x6411][8] = 1350 : sdo[0x5003][8] = 1350 | 155 | 0.5
02467 TEST: Status Message Amp.Port_4B 1350.0 +/- 155.0
02467 PASS: Status Message Amp.Port_4B 1345.0
02468 sdo[0x6411][8] = 1360 : MeterAmps = 1.36 | 0.155 | 0.5
02468 PASS: MeterAmps 1.31
02469 sdo[0x6411][8] = 1360 : sdo[0x5003][8] = 1360 | 155 | 0.5
02469 TEST: Status Message Amp.Port_4B 1360.0 +/- 155.0
02469 PASS: Status Message Amp.Port_4B 1353.0
02470 sdo[0x6411][8] = 1370 : MeterAmps = 1.37 | 0.155 | 0.5
02470 PASS: MeterAmps 1.317
02471 sdo[0x6411][8] = 1370 : sdo[0x5003][8] = 1370 | 155 | 0.5
02471 TEST: Status Message Amp.Port_4B 1370.0 +/- 155.0
02471 PASS: Status Message Amp.Port_4B 1365.0
02472 sdo[0x6411][8] = 1380 : MeterAmps = 1.38 | 0.155 | 0.5
02472 PASS: MeterAmps 1.329
02473 sdo[0x6411][8] = 1380 : sdo[0x5003][8] = 1380 | 155 | 0.5
02473 TEST: Status Message Amp.Port_4B 1380.0 +/- 155.0
02473 PASS: Status Message Amp.Port_4B 1373.0
02474 sdo[0x6411][8] = 1390 : MeterAmps = 1.39 | 0.155 | 0.5
02474 PASS: MeterAmps 1.336
02475 sdo[0x6411][8] = 1390 : sdo[0x5003][8] = 1390 | 155 | 0.5
02475 TEST: Status Message Amp.Port_4B 1390.0 +/- 155.0
02475 PASS: Status Message Amp.Port_4B 1385.0
02476 sdo[0x6411][8] = 1400 : MeterAmps = 1.4 | 0.155 | 0.5
02476 PASS: MeterAmps 1.348
02477 sdo[0x6411][8] = 1400 : sdo[0x5003][8] = 1400 | 155 | 0.5
02477 TEST: Status Message Amp.Port_4B 1400.0 +/- 155.0
02477 PASS: Status Message Amp.Port_4B 1393.0
02478 sdo[0x6411][8] = 1410 : MeterAmps = 1.41 | 0.155 | 0.5
02478 PASS: MeterAmps 1.356
02479 sdo[0x6411][8] = 1410 : sdo[0x5003][8] = 1410 | 155 | 0.5
02479 TEST: Status Message Amp.Port_4B 1410.0 +/- 155.0
02479 PASS: Status Message Amp.Port_4B 1405.0
02480 sdo[0x6411][8] = 1420 : MeterAmps = 1.42 | 0.155 | 0.5
02480 PASS: MeterAmps 1.368
02481 sdo[0x6411][8] = 1420 : sdo[0x5003][8] = 1420 | 155 | 0.5
02481 TEST: Status Message Amp.Port_4B 1420.0 +/- 155.0
02481 PASS: Status Message Amp.Port_4B 1417.0
02482 sdo[0x6411][8] = 1430 : MeterAmps = 1.43 | 0.155 | 0.5
02482 PASS: MeterAmps 1.374
02483 sdo[0x6411][8] = 1430 : sdo[0x5003][8] = 1430 | 155 | 0.5
02483 TEST: Status Message Amp.Port_4B 1430.0 +/- 155.0
02483 PASS: Status Message Amp.Port_4B 1425.0
02484 sdo[0x6411][8] = 1440 : MeterAmps = 1.44 | 0.155 | 0.5
02484 PASS: MeterAmps 1.387
02485 sdo[0x6411][8] = 1440 : sdo[0x5003][8] = 1440 | 155 | 0.5
02485 TEST: Status Message Amp.Port_4B 1440.0 +/- 155.0
02485 PASS: Status Message Amp.Port_4B 1433.0
02486 sdo[0x6411][8] = 1450 : MeterAmps = 1.45 | 0.155 | 0.5
02486 PASS: MeterAmps 1.394
02487 sdo[0x6411][8] = 1450 : sdo[0x5003][8] = 1450 | 155 | 0.5
02487 TEST: Status Message Amp.Port_4B 1450.0 +/- 155.0
02487 PASS: Status Message Amp.Port_4B 1441.0
02488 sdo[0x6411][8] = 1460 : MeterAmps = 1.46 | 0.155 | 0.5
02488 PASS: MeterAmps 1.405
02489 sdo[0x6411][8] = 1460 : sdo[0x5003][8] = 1460 | 155 | 0.5
02489 TEST: Status Message Amp.Port_4B 1460.0 +/- 155.0
02489 PASS: Status Message Amp.Port_4B 1453.0
02490 sdo[0x6411][8] = 1470 : MeterAmps = 1.47 | 0.155 | 0.5
02490 PASS: MeterAmps 1.414
02491 sdo[0x6411][8] = 1470 : sdo[0x5003][8] = 1470 | 155 | 0.5
02491 TEST: Status Message Amp.Port_4B 1470.0 +/- 155.0
02491 PASS: Status Message Amp.Port_4B 1465.0
02492 sdo[0x6411][8] = 1480 : MeterAmps = 1.48 | 0.155 | 0.5
02492 PASS: MeterAmps 1.426
02493 sdo[0x6411][8] = 1480 : sdo[0x5003][8] = 1480 | 155 | 0.5
02493 TEST: Status Message Amp.Port_4B 1480.0 +/- 155.0
02493 PASS: Status Message Amp.Port_4B 1473.0
02494 sdo[0x6411][8] = 1490 : MeterAmps = 1.49 | 0.155 | 0.5
02494 PASS: MeterAmps 1.433
02495 sdo[0x6411][8] = 1490 : sdo[0x5003][8] = 1490 | 155 | 0.5
02495 TEST: Status Message Amp.Port_4B 1490.0 +/- 155.0
02495 PASS: Status Message Amp.Port_4B 1485.0
02496 sdo[0x6411][8] = 1500 : MeterAmps = 1.5 | 0.155 | 0.5
02496 PASS: MeterAmps 1.444
02497 sdo[0x6411][8] = 1500 : sdo[0x5003][8] = 1500 | 155 | 0.5
02497 TEST: Status Message Amp.Port_4B 1500.0 +/- 155.0
02497 PASS: Status Message Amp.Port_4B 1493.0
02498 #switch out load line, switch coil
02498 sdo[0x6411][8] = 0 : NULL : WAIT = 1
02499 J2_08 = 0 : NULL : WAIT = 1
02500 #read signal value to update
02500 NULL : sdo[0x5003][8] = 0 | 155 | 0.5
02500 TEST: Status Message Amp.Port_4B 0.0 +/- 155.0
02500 PASS: Status Message Amp.Port_4B 0.0
02501 J4_02 = 0, J4_03 = 1 : NULL : WAIT = 0.5
02502 PRE_OPERATIONAL
02502 SAVE
02502 END
Fail count: 0
Finished on: 2025-08-16-17:51:08
elapsed time: 0:33:03.875123
