Started on: 2025-10-23-05:32:51
00000 #37000-1
00000 #Verion 0.0
00000 #input test
00000 UUT_EDS = 37000-561.eds
00000 UUT_DATANAME = 37000-1-CANOPEN-INPUT-ADC
00000 
00000 
00000 #-----setup pat-----
00000 #setup meter
00000 LdRemote = 1 : NULL : WAIT = 0.1
00001 LdCurrentSet = 0 : NULL : WAIT = 0.1
00002 LdEnable = 0 : NULL : WAIT = 0.1
00003 J0_08_METER_LOAD = 1 : NULL : WAIT = 1
00004 
00004 #setup PS1
00004 PwrRemote = 1 : NULL : WAIT = 0.1
00005 PwrSetCurrent = 100 : NULL : WAIT = 0.1
00006 PwrSetVoltage = 0 : NULL : WAIT = 0.1
00007 PwrEnable = 1 : NULL : WAIT = 0.1
00008 J0_09_TEST_SUPPLY = 1 : NULL : WAIT = 1
00009 
00009 J4_03 = 1 : NULL : WAIT = 0.2
00010 #cycle IGN to clear any faults
00010 RLY_K1 = 1 : NULL : WAIT = 1
00011 RLY_K1 = 0 : NULL : WAIT = 0.2
00012 #-----setup 34044-----
00012 sdo[0x2000][1] = 0, sdo[0x2000][2] = 0 : NULL : WAIT = 0.1
00013 #disable global modes
00013 sdo[0x2000][3] = 0 : NULL : WAIT = 0.1
00014 sdo[0x2000][4] = 0 : NULL : WAIT = 0.1
00015 #configure Port Modes
00015 sdo[0x2001][5] = 64 : NULL : WAIT = 0.1
00016 sdo[0x2001][6] = 64 : NULL : WAIT = 0.1
00017 sdo[0x2001][7] = 64 : NULL : WAIT = 0.1
00018 sdo[0x2001][8] = 64 : NULL : WAIT = 0.1
00019 #verify fault clear
00019 NULL : sdo[0x1001] = 0 | 0.1 | 0.1
00019 TEST: Error Register 0.0 +/- 0.1
00019 PASS: Error Register 0.0
00020 #set power supply and wait
00020 PwrSetVoltage = 10 : NULL : WAIT = 0.1
00021 #test power supply
00021 NULL : MeterVolts = 1 | 0.155 | 0.1
00021 TEST: MeterVolts 1.0 +/- 0.155
00021 PASS: MeterVolts 0.998
00022 #switch input to load line
00022 J2_10 = 1 : NULL : WAIT = 0.1
00023 
00023 #Sweep of Input_5B from 1 to 5 in 0.5 increments
00023 
00023 #set power supply
00023 PwrSetVoltage = 10 : NULL : WAIT = 0.1
00024 #test power supply
00024 NULL : MeterVolts = 1 | 0.05 | 0.1
00024 TEST: MeterVolts 1.0 +/- 0.05
00024 PASS: MeterVolts 0.997
00025 #test feedback
00025 NULL : sdo[0x6401][2] = 1000 | 50 | 0.01
00025 PASS: Read Analogue Input 16-Bit.Port 5B 978.0
00026 NULL : sdo[0x1001] = 0 | 0.1 | 0.1
00026 PASS: Error Register 0.0
00027 NULL : sdo[0x1003][0] = 0 | 0.1 | 0.1
00027 PASS: Pre-defined Error Field.Number of Errors 0.0
00028 #set power supply
00028 PwrSetVoltage = 15 : NULL : WAIT = 0.1
00029 #test power supply
00029 NULL : MeterVolts = 1.5 | 0.05 | 0.1
00029 TEST: MeterVolts 1.5 +/- 0.05
00029 PASS: MeterVolts 1.51
00030 #test feedback
00030 NULL : sdo[0x6401][2] = 1500 | 50 | 0.01
00030 PASS: Read Analogue Input 16-Bit.Port 5B 1496.0
00031 NULL : sdo[0x1001] = 0 | 0.1 | 0.1
00031 PASS: Error Register 0.0
00032 NULL : sdo[0x1003][0] = 0 | 0.1 | 0.1
00032 PASS: Pre-defined Error Field.Number of Errors 0.0
00033 #set power supply
00033 PwrSetVoltage = 20 : NULL : WAIT = 0.1
00034 #test power supply
00034 NULL : MeterVolts = 2.0 | 0.05 | 0.1
00034 TEST: MeterVolts 2.0 +/- 0.05
00034 PASS: MeterVolts 2.007
00035 #test feedback
00035 NULL : sdo[0x6401][2] = 2000 | 50 | 0.01
00035 PASS: Read Analogue Input 16-Bit.Port 5B 1994.0
00036 NULL : sdo[0x1001] = 0 | 0.1 | 0.1
00036 PASS: Error Register 0.0
00037 NULL : sdo[0x1003][0] = 0 | 0.1 | 0.1
00037 PASS: Pre-defined Error Field.Number of Errors 0.0
00038 #set power supply
00038 PwrSetVoltage = 25 : NULL : WAIT = 0.1
00039 #test power supply
00039 NULL : MeterVolts = 2.5 | 0.05 | 0.1
00039 TEST: MeterVolts 2.5 +/- 0.05
00039 PASS: MeterVolts 2.506
00040 #test feedback
00040 NULL : sdo[0x6401][2] = 2500 | 50 | 0.01
00040 PASS: Read Analogue Input 16-Bit.Port 5B 2492.0
00041 NULL : sdo[0x1001] = 0 | 0.1 | 0.1
00041 PASS: Error Register 0.0
00042 NULL : sdo[0x1003][0] = 0 | 0.1 | 0.1
00042 PASS: Pre-defined Error Field.Number of Errors 0.0
00043 #set power supply
00043 PwrSetVoltage = 30 : NULL : WAIT = 0.1
00044 #test power supply
00044 NULL : MeterVolts = 3.0 | 0.05 | 0.1
00044 TEST: MeterVolts 3.0 +/- 0.05
00044 PASS: MeterVolts 2.993
00045 #test feedback
00045 NULL : sdo[0x6401][2] = 3000 | 50 | 0.01
00045 PASS: Read Analogue Input 16-Bit.Port 5B 2978.0
00046 NULL : sdo[0x1001] = 0 | 0.1 | 0.1
00046 PASS: Error Register 0.0
00047 NULL : sdo[0x1003][0] = 0 | 0.1 | 0.1
00047 PASS: Pre-defined Error Field.Number of Errors 0.0
00048 #set power supply
00048 PwrSetVoltage = 35 : NULL : WAIT = 0.1
00049 #test power supply
00049 NULL : MeterVolts = 3.5 | 0.05 | 0.1
00049 TEST: MeterVolts 3.5 +/- 0.05
00049 PASS: MeterVolts 3.49
00050 #test feedback
00050 NULL : sdo[0x6401][2] = 3500 | 50 | 0.01
00050 PASS: Read Analogue Input 16-Bit.Port 5B 3476.0
00051 NULL : sdo[0x1001] = 0 | 0.1 | 0.1
00051 PASS: Error Register 0.0
00052 NULL : sdo[0x1003][0] = 0 | 0.1 | 0.1
00052 PASS: Pre-defined Error Field.Number of Errors 0.0
00053 #set power supply
00053 PwrSetVoltage = 40 : NULL : WAIT = 0.1
00054 #test power supply
00054 NULL : MeterVolts = 4.0 | 0.05 | 0.1
00054 TEST: MeterVolts 4.0 +/- 0.05
00054 PASS: MeterVolts 3.989
00055 #test feedback
00055 NULL : sdo[0x6401][2] = 4000 | 50 | 0.01
00055 PASS: Read Analogue Input 16-Bit.Port 5B 3974.0
00056 NULL : sdo[0x1001] = 0 | 0.1 | 0.1
00056 PASS: Error Register 0.0
00057 NULL : sdo[0x1003][0] = 0 | 0.1 | 0.1
00057 PASS: Pre-defined Error Field.Number of Errors 0.0
00058 #set power supply
00058 PwrSetVoltage = 45 : NULL : WAIT = 0.1
00059 #test power supply
00059 NULL : MeterVolts = 4.5 | 0.05 | 0.1
00059 TEST: MeterVolts 4.5 +/- 0.05
00059 PASS: MeterVolts 4.483
00060 #test feedback
00060 NULL : sdo[0x6401][2] = 4500 | 50 | 0.01
00060 PASS: Read Analogue Input 16-Bit.Port 5B 4467.0
00061 NULL : sdo[0x1001] = 0 | 0.1 | 0.1
00061 PASS: Error Register 0.0
00062 NULL : sdo[0x1003][0] = 0 | 0.1 | 0.1
00062 PASS: Pre-defined Error Field.Number of Errors 0.0
00063 #set power supply
00063 PwrSetVoltage = 50 : NULL : WAIT = 0.1
00064 #test power supply
00064 NULL : MeterVolts = 5.0 | 0.05 | 0.1
00064 TEST: MeterVolts 5.0 +/- 0.05
00064 PASS: MeterVolts 4.983
00065 #test feedback
00065 NULL : sdo[0x6401][2] = 5000 | 50 | 0.01
00065 PASS: Read Analogue Input 16-Bit.Port 5B 4966.0
00066 NULL : sdo[0x1001] = 0 | 0.1 | 0.1
00066 PASS: Error Register 0.0
00067 NULL : sdo[0x1003][0] = 0 | 0.1 | 0.1
00067 PASS: Pre-defined Error Field.Number of Errors 0.0
00068 #set power supply
00068 PwrSetVoltage = 55 : NULL : WAIT = 0.1
00069 #test power supply
00069 NULL : MeterVolts = 5.5 | 0.05 | 0.1
00069 TEST: MeterVolts 5.5 +/- 0.05
00069 PASS: MeterVolts 5.474
00070 #test feedback
00070 NULL : sdo[0x6401][2] = 0 | 0.1 | 0.1
00070 TEST: Read Analogue Input 16-Bit.Port 5B 0.0 +/- 0.1
00070 PASS: Read Analogue Input 16-Bit.Port 5B 0.0
00071 NULL : sdo[0x1001] = 1 | 0.1 | 0.1
00071 PASS: Error Register 1.0
00072 NULL : sdo[0x1003][0] = 1 | 0.1 | 0.1
00072 PASS: Pre-defined Error Field.Number of Errors 1.0
00073 #set power supply
00073 PwrSetVoltage = 56 : NULL : WAIT = 0.1
00074 #test power supply
00074 NULL : MeterVolts = 5.6 | 0.05 | 0.1
00074 TEST: MeterVolts 5.6 +/- 0.05
00074 PASS: MeterVolts 5.575
00075 #test feedback
00075 NULL : sdo[0x6401][2] = 0 | 0.1 | 0.1
00075 TEST: Read Analogue Input 16-Bit.Port 5B 0.0 +/- 0.1
00075 PASS: Read Analogue Input 16-Bit.Port 5B 0.0
00076 NULL : sdo[0x1001] = 1 | 0.1 | 0.1
00076 PASS: Error Register 1.0
00077 NULL : sdo[0x1003][0] = 1 | 0.1 | 0.1
00077 PASS: Pre-defined Error Field.Number of Errors 1.0
00078 
00078 #Finished with port
00078 #switch out input
00078 J2_10 = 0 : NULL : WAIT = 0.1
00079 
00079 #cycle IGN to clear any faults
00079 RLY_K1 = 1 : NULL : WAIT = 1
00080 RLY_K1 = 0 : NULL : WAIT = 0.2
00081 #-----setup 34044-----
00081 sdo[0x2000][1] = 0, sdo[0x2000][2] = 0 : NULL : WAIT = 0.1
00082 #disable global modes
00082 sdo[0x2000][3] = 0 : NULL : WAIT = 0.1
00083 sdo[0x2000][4] = 0 : NULL : WAIT = 0.1
00084 #configure Port Modes
00084 sdo[0x2001][5] = 64 : NULL : WAIT = 0.1
00085 sdo[0x2001][6] = 64 : NULL : WAIT = 0.1
00086 sdo[0x2001][7] = 64 : NULL : WAIT = 0.1
00087 sdo[0x2001][8] = 64 : NULL : WAIT = 0.1
00088 #verify fault clear
00088 NULL : sdo[0x1001] = 0 | 0.1 | 0.1
00088 TEST: Error Register 0.0 +/- 0.1
00088 PASS: Error Register 0.0
00089 #set power supply and wait
00089 PwrSetVoltage = 10 : NULL : WAIT = 0.1
00090 #test power supply
00090 NULL : MeterVolts = 1 | 0.155 | 0.1
00090 TEST: MeterVolts 1.0 +/- 0.155
00090 PASS: MeterVolts 1.036
00091 #switch input to load line
00091 J2_12 = 1 : NULL : WAIT = 0.1
00092 
00092 #Sweep of Input_6B from 1 to 5 in 0.5 increments
00092 
00092 #set power supply
00092 PwrSetVoltage = 10 : NULL : WAIT = 0.1
00093 #test power supply
00093 NULL : MeterVolts = 1 | 0.05 | 0.1
00093 TEST: MeterVolts 1.0 +/- 0.05
00093 PASS: MeterVolts 0.997
00094 #test feedback
00094 NULL : sdo[0x6401][4] = 1000 | 50 | 0.01
00094 PASS: Read Analogue Input 16-Bit.Port 6B 986.0
00095 NULL : sdo[0x1001] = 0 | 0.1 | 0.1
00095 PASS: Error Register 0.0
00096 NULL : sdo[0x1003][0] = 0 | 0.1 | 0.1
00096 PASS: Pre-defined Error Field.Number of Errors 0.0
00097 #set power supply
00097 PwrSetVoltage = 15 : NULL : WAIT = 0.1
00098 #test power supply
00098 NULL : MeterVolts = 1.5 | 0.05 | 0.1
00098 TEST: MeterVolts 1.5 +/- 0.05
00098 PASS: MeterVolts 1.51
00099 #test feedback
00099 NULL : sdo[0x6401][4] = 1500 | 50 | 0.01
00099 PASS: Read Analogue Input 16-Bit.Port 6B 1498.0
00100 NULL : sdo[0x1001] = 0 | 0.1 | 0.1
00100 PASS: Error Register 0.0
00101 NULL : sdo[0x1003][0] = 0 | 0.1 | 0.1
00101 PASS: Pre-defined Error Field.Number of Errors 0.0
00102 #set power supply
00102 PwrSetVoltage = 20 : NULL : WAIT = 0.1
00103 #test power supply
00103 NULL : MeterVolts = 2.0 | 0.05 | 0.1
00103 TEST: MeterVolts 2.0 +/- 0.05
00103 PASS: MeterVolts 2.006
00104 #test feedback
00104 NULL : sdo[0x6401][4] = 2000 | 50 | 0.01
00104 PASS: Read Analogue Input 16-Bit.Port 6B 1993.0
00105 NULL : sdo[0x1001] = 0 | 0.1 | 0.1
00105 PASS: Error Register 0.0
00106 NULL : sdo[0x1003][0] = 0 | 0.1 | 0.1
00106 PASS: Pre-defined Error Field.Number of Errors 0.0
00107 #set power supply
00107 PwrSetVoltage = 25 : NULL : WAIT = 0.1
00108 #test power supply
00108 NULL : MeterVolts = 2.5 | 0.05 | 0.1
00108 TEST: MeterVolts 2.5 +/- 0.05
00108 PASS: MeterVolts 2.505
00109 #test feedback
00109 NULL : sdo[0x6401][4] = 2500 | 50 | 0.01
00109 PASS: Read Analogue Input 16-Bit.Port 6B 2491.0
00110 NULL : sdo[0x1001] = 0 | 0.1 | 0.1
00110 PASS: Error Register 0.0
00111 NULL : sdo[0x1003][0] = 0 | 0.1 | 0.1
00111 PASS: Pre-defined Error Field.Number of Errors 0.0
00112 #set power supply
00112 PwrSetVoltage = 30 : NULL : WAIT = 0.1
00113 #test power supply
00113 NULL : MeterVolts = 3.0 | 0.05 | 0.1
00113 TEST: MeterVolts 3.0 +/- 0.05
00113 PASS: MeterVolts 2.995
00114 #test feedback
00114 NULL : sdo[0x6401][4] = 3000 | 50 | 0.01
00114 PASS: Read Analogue Input 16-Bit.Port 6B 2978.0
00115 NULL : sdo[0x1001] = 0 | 0.1 | 0.1
00115 PASS: Error Register 0.0
00116 NULL : sdo[0x1003][0] = 0 | 0.1 | 0.1
00116 PASS: Pre-defined Error Field.Number of Errors 0.0
00117 #set power supply
00117 PwrSetVoltage = 35 : NULL : WAIT = 0.1
00118 #test power supply
00118 NULL : MeterVolts = 3.5 | 0.05 | 0.1
00118 TEST: MeterVolts 3.5 +/- 0.05
00118 PASS: MeterVolts 3.491
00119 #test feedback
00119 NULL : sdo[0x6401][4] = 3500 | 50 | 0.01
00119 PASS: Read Analogue Input 16-Bit.Port 6B 3474.0
00120 NULL : sdo[0x1001] = 0 | 0.1 | 0.1
00120 PASS: Error Register 0.0
00121 NULL : sdo[0x1003][0] = 0 | 0.1 | 0.1
00121 PASS: Pre-defined Error Field.Number of Errors 0.0
00122 #set power supply
00122 PwrSetVoltage = 40 : NULL : WAIT = 0.1
00123 #test power supply
00123 NULL : MeterVolts = 4.0 | 0.05 | 0.1
00123 TEST: MeterVolts 4.0 +/- 0.05
00123 PASS: MeterVolts 3.99
00124 #test feedback
00124 NULL : sdo[0x6401][4] = 4000 | 50 | 0.01
00124 PASS: Read Analogue Input 16-Bit.Port 6B 3974.0
00125 NULL : sdo[0x1001] = 0 | 0.1 | 0.1
00125 PASS: Error Register 0.0
00126 NULL : sdo[0x1003][0] = 0 | 0.1 | 0.1
00126 PASS: Pre-defined Error Field.Number of Errors 0.0
00127 #set power supply
00127 PwrSetVoltage = 45 : NULL : WAIT = 0.1
00128 #test power supply
00128 NULL : MeterVolts = 4.5 | 0.05 | 0.1
00128 TEST: MeterVolts 4.5 +/- 0.05
00128 PASS: MeterVolts 4.483
00129 #test feedback
00129 NULL : sdo[0x6401][4] = 4500 | 50 | 0.01
00129 PASS: Read Analogue Input 16-Bit.Port 6B 4466.0
00130 NULL : sdo[0x1001] = 0 | 0.1 | 0.1
00130 PASS: Error Register 0.0
00131 NULL : sdo[0x1003][0] = 0 | 0.1 | 0.1
00131 PASS: Pre-defined Error Field.Number of Errors 0.0
00132 #set power supply
00132 PwrSetVoltage = 50 : NULL : WAIT = 0.1
00133 #test power supply
00133 NULL : MeterVolts = 5.0 | 0.05 | 0.1
00133 TEST: MeterVolts 5.0 +/- 0.05
00133 PASS: MeterVolts 4.982
00134 #test feedback
00134 NULL : sdo[0x6401][4] = 5000 | 50 | 0.01
00134 PASS: Read Analogue Input 16-Bit.Port 6B 4964.0
00135 NULL : sdo[0x1001] = 0 | 0.1 | 0.1
00135 PASS: Error Register 0.0
00136 NULL : sdo[0x1003][0] = 0 | 0.1 | 0.1
00136 PASS: Pre-defined Error Field.Number of Errors 0.0
00137 #set power supply
00137 PwrSetVoltage = 55 : NULL : WAIT = 0.1
00138 #test power supply
00138 NULL : MeterVolts = 5.5 | 0.05 | 0.1
00138 TEST: MeterVolts 5.5 +/- 0.05
00138 PASS: MeterVolts 5.476
00139 #test feedback
00139 NULL : sdo[0x6401][4] = 0 | 0.1 | 0.1
00139 TEST: Read Analogue Input 16-Bit.Port 6B 0.0 +/- 0.1
00139 PASS: Read Analogue Input 16-Bit.Port 6B 0.0
00140 NULL : sdo[0x1001] = 1 | 0.1 | 0.1
00140 PASS: Error Register 1.0
00141 NULL : sdo[0x1003][0] = 1 | 0.1 | 0.1
00141 PASS: Pre-defined Error Field.Number of Errors 1.0
00142 #set power supply
00142 PwrSetVoltage = 56 : NULL : WAIT = 0.1
00143 #test power supply
00143 NULL : MeterVolts = 5.6 | 0.05 | 0.1
00143 TEST: MeterVolts 5.6 +/- 0.05
00143 PASS: MeterVolts 5.575
00144 #test feedback
00144 NULL : sdo[0x6401][4] = 0 | 0.1 | 0.1
00144 TEST: Read Analogue Input 16-Bit.Port 6B 0.0 +/- 0.1
00144 PASS: Read Analogue Input 16-Bit.Port 6B 0.0
00145 NULL : sdo[0x1001] = 1 | 0.1 | 0.1
00145 PASS: Error Register 1.0
00146 NULL : sdo[0x1003][0] = 1 | 0.1 | 0.1
00146 PASS: Pre-defined Error Field.Number of Errors 1.0
00147 
00147 #Finished with port
00147 #switch out input
00147 J2_12 = 0 : NULL : WAIT = 0.1
00148 
00148 #cycle IGN to clear any faults
00148 RLY_K1 = 1 : NULL : WAIT = 1
00149 RLY_K1 = 0 : NULL : WAIT = 0.2
00150 #-----setup 34044-----
00150 sdo[0x2000][1] = 0, sdo[0x2000][2] = 0 : NULL : WAIT = 0.1
00151 #disable global modes
00151 sdo[0x2000][3] = 0 : NULL : WAIT = 0.1
00152 sdo[0x2000][4] = 0 : NULL : WAIT = 0.1
00153 #configure Port Modes
00153 sdo[0x2001][5] = 64 : NULL : WAIT = 0.1
00154 sdo[0x2001][6] = 64 : NULL : WAIT = 0.1
00155 sdo[0x2001][7] = 64 : NULL : WAIT = 0.1
00156 sdo[0x2001][8] = 64 : NULL : WAIT = 0.1
00157 #verify fault clear
00157 NULL : sdo[0x1001] = 0 | 0.1 | 0.1
00157 TEST: Error Register 0.0 +/- 0.1
00157 PASS: Error Register 0.0
00158 #set power supply and wait
00158 PwrSetVoltage = 10 : NULL : WAIT = 0.1
00159 #test power supply
00159 NULL : MeterVolts = 1 | 0.155 | 0.1
00159 TEST: MeterVolts 1.0 +/- 0.155
00159 PASS: MeterVolts 1.127
00160 #switch input to load line
00160 J3_02 = 1 : NULL : WAIT = 0.1
00161 
00161 #Sweep of Input_7B from 1 to 5 in 0.5 increments
00161 
00161 #set power supply
00161 PwrSetVoltage = 10 : NULL : WAIT = 0.1
00162 #test power supply
00162 NULL : MeterVolts = 1 | 0.05 | 0.1
00162 TEST: MeterVolts 1.0 +/- 0.05
00162 PASS: MeterVolts 0.998
00163 #test feedback
00163 NULL : sdo[0x6401][6] = 1000 | 50 | 0.01
00163 PASS: Read Analogue Input 16-Bit.Port 7B 986.0
00164 NULL : sdo[0x1001] = 0 | 0.1 | 0.1
00164 PASS: Error Register 0.0
00165 NULL : sdo[0x1003][0] = 0 | 0.1 | 0.1
00165 PASS: Pre-defined Error Field.Number of Errors 0.0
00166 #set power supply
00166 PwrSetVoltage = 15 : NULL : WAIT = 0.1
00167 #test power supply
00167 NULL : MeterVolts = 1.5 | 0.05 | 0.1
00167 TEST: MeterVolts 1.5 +/- 0.05
00167 PASS: MeterVolts 1.51
00168 #test feedback
00168 NULL : sdo[0x6401][6] = 1500 | 50 | 0.01
00168 PASS: Read Analogue Input 16-Bit.Port 7B 1494.0
00169 NULL : sdo[0x1001] = 0 | 0.1 | 0.1
00169 PASS: Error Register 0.0
00170 NULL : sdo[0x1003][0] = 0 | 0.1 | 0.1
00170 PASS: Pre-defined Error Field.Number of Errors 0.0
00171 #set power supply
00171 PwrSetVoltage = 20 : NULL : WAIT = 0.1
00172 #test power supply
00172 NULL : MeterVolts = 2.0 | 0.05 | 0.1
00172 TEST: MeterVolts 2.0 +/- 0.05
00172 PASS: MeterVolts 2.006
00173 #test feedback
00173 NULL : sdo[0x6401][6] = 2000 | 50 | 0.01
00173 PASS: Read Analogue Input 16-Bit.Port 7B 1991.0
00174 NULL : sdo[0x1001] = 0 | 0.1 | 0.1
00174 PASS: Error Register 0.0
00175 NULL : sdo[0x1003][0] = 0 | 0.1 | 0.1
00175 PASS: Pre-defined Error Field.Number of Errors 0.0
00176 #set power supply
00176 PwrSetVoltage = 25 : NULL : WAIT = 0.1
00177 #test power supply
00177 NULL : MeterVolts = 2.5 | 0.05 | 0.1
00177 TEST: MeterVolts 2.5 +/- 0.05
00177 PASS: MeterVolts 2.506
00178 #test feedback
00178 NULL : sdo[0x6401][6] = 2500 | 50 | 0.01
00178 PASS: Read Analogue Input 16-Bit.Port 7B 2486.0
00179 NULL : sdo[0x1001] = 0 | 0.1 | 0.1
00179 PASS: Error Register 0.0
00180 NULL : sdo[0x1003][0] = 0 | 0.1 | 0.1
00180 PASS: Pre-defined Error Field.Number of Errors 0.0
00181 #set power supply
00181 PwrSetVoltage = 30 : NULL : WAIT = 0.1
00182 #test power supply
00182 NULL : MeterVolts = 3.0 | 0.05 | 0.1
00182 TEST: MeterVolts 3.0 +/- 0.05
00182 PASS: MeterVolts 2.995
00183 #test feedback
00183 NULL : sdo[0x6401][6] = 3000 | 50 | 0.01
00183 PASS: Read Analogue Input 16-Bit.Port 7B 2976.0
00184 NULL : sdo[0x1001] = 0 | 0.1 | 0.1
00184 PASS: Error Register 0.0
00185 NULL : sdo[0x1003][0] = 0 | 0.1 | 0.1
00185 PASS: Pre-defined Error Field.Number of Errors 0.0
00186 #set power supply
00186 PwrSetVoltage = 35 : NULL : WAIT = 0.1
00187 #test power supply
00187 NULL : MeterVolts = 3.5 | 0.05 | 0.1
00187 TEST: MeterVolts 3.5 +/- 0.05
00187 PASS: MeterVolts 3.49
00188 #test feedback
00188 NULL : sdo[0x6401][6] = 3500 | 50 | 0.01
00188 PASS: Read Analogue Input 16-Bit.Port 7B 3468.0
00189 NULL : sdo[0x1001] = 0 | 0.1 | 0.1
00189 PASS: Error Register 0.0
00190 NULL : sdo[0x1003][0] = 0 | 0.1 | 0.1
00190 PASS: Pre-defined Error Field.Number of Errors 0.0
00191 #set power supply
00191 PwrSetVoltage = 40 : NULL : WAIT = 0.1
00192 #test power supply
00192 NULL : MeterVolts = 4.0 | 0.05 | 0.1
00192 TEST: MeterVolts 4.0 +/- 0.05
00192 PASS: MeterVolts 3.989
00193 #test feedback
00193 NULL : sdo[0x6401][6] = 4000 | 50 | 0.01
00193 PASS: Read Analogue Input 16-Bit.Port 7B 3966.0
00194 NULL : sdo[0x1001] = 0 | 0.1 | 0.1
00194 PASS: Error Register 0.0
00195 NULL : sdo[0x1003][0] = 0 | 0.1 | 0.1
00195 PASS: Pre-defined Error Field.Number of Errors 0.0
00196 #set power supply
00196 PwrSetVoltage = 45 : NULL : WAIT = 0.1
00197 #test power supply
00197 NULL : MeterVolts = 4.5 | 0.05 | 0.1
00197 TEST: MeterVolts 4.5 +/- 0.05
00197 PASS: MeterVolts 4.483
00198 #test feedback
00198 NULL : sdo[0x6401][6] = 4500 | 50 | 0.01
00198 PASS: Read Analogue Input 16-Bit.Port 7B 4454.0
00199 NULL : sdo[0x1001] = 0 | 0.1 | 0.1
00199 PASS: Error Register 0.0
00200 NULL : sdo[0x1003][0] = 0 | 0.1 | 0.1
00200 PASS: Pre-defined Error Field.Number of Errors 0.0
00201 #set power supply
00201 PwrSetVoltage = 50 : NULL : WAIT = 0.1
00202 #test power supply
00202 NULL : MeterVolts = 5.0 | 0.05 | 0.1
00202 TEST: MeterVolts 5.0 +/- 0.05
00202 PASS: MeterVolts 4.983
00203 #test feedback
00203 NULL : sdo[0x6401][6] = 5000 | 50 | 0.01
00203 PASS: Read Analogue Input 16-Bit.Port 7B 4954.0
00204 NULL : sdo[0x1001] = 0 | 0.1 | 0.1
00204 PASS: Error Register 0.0
00205 NULL : sdo[0x1003][0] = 0 | 0.1 | 0.1
00205 PASS: Pre-defined Error Field.Number of Errors 0.0
00206 #set power supply
00206 PwrSetVoltage = 55 : NULL : WAIT = 0.1
00207 #test power supply
00207 NULL : MeterVolts = 5.5 | 0.05 | 0.1
00207 TEST: MeterVolts 5.5 +/- 0.05
00207 PASS: MeterVolts 5.474
00208 #test feedback
00208 NULL : sdo[0x6401][6] = 0 | 0.1 | 0.1
00208 TEST: Read Analogue Input 16-Bit.Port 7B 0.0 +/- 0.1
00208 PASS: Read Analogue Input 16-Bit.Port 7B 0.0
00209 NULL : sdo[0x1001] = 1 | 0.1 | 0.1
00209 PASS: Error Register 1.0
00210 NULL : sdo[0x1003][0] = 1 | 0.1 | 0.1
00210 PASS: Pre-defined Error Field.Number of Errors 1.0
00211 #set power supply
00211 PwrSetVoltage = 56 : NULL : WAIT = 0.1
00212 #test power supply
00212 NULL : MeterVolts = 5.6 | 0.05 | 0.1
00212 TEST: MeterVolts 5.6 +/- 0.05
00212 PASS: MeterVolts 5.574
00213 #test feedback
00213 NULL : sdo[0x6401][6] = 0 | 0.1 | 0.1
00213 TEST: Read Analogue Input 16-Bit.Port 7B 0.0 +/- 0.1
00213 PASS: Read Analogue Input 16-Bit.Port 7B 0.0
00214 NULL : sdo[0x1001] = 1 | 0.1 | 0.1
00214 PASS: Error Register 1.0
00215 NULL : sdo[0x1003][0] = 1 | 0.1 | 0.1
00215 PASS: Pre-defined Error Field.Number of Errors 1.0
00216 
00216 #Finished with port
00216 #switch out input
00216 J3_02 = 0 : NULL : WAIT = 0.1
00217 
00217 #cycle IGN to clear any faults
00217 RLY_K1 = 1 : NULL : WAIT = 1
00218 RLY_K1 = 0 : NULL : WAIT = 0.2
00219 #-----setup 34044-----
00219 sdo[0x2000][1] = 0, sdo[0x2000][2] = 0 : NULL : WAIT = 0.1
00220 #disable global modes
00220 sdo[0x2000][3] = 0 : NULL : WAIT = 0.1
00221 sdo[0x2000][4] = 0 : NULL : WAIT = 0.1
00222 #configure Port Modes
00222 sdo[0x2001][5] = 64 : NULL : WAIT = 0.1
00223 sdo[0x2001][6] = 64 : NULL : WAIT = 0.1
00224 sdo[0x2001][7] = 64 : NULL : WAIT = 0.1
00225 sdo[0x2001][8] = 64 : NULL : WAIT = 0.1
00226 #verify fault clear
00226 NULL : sdo[0x1001] = 0 | 0.1 | 0.1
00226 TEST: Error Register 0.0 +/- 0.1
00226 PASS: Error Register 0.0
00227 #set power supply and wait
00227 PwrSetVoltage = 10 : NULL : WAIT = 0.1
00228 #test power supply
00228 NULL : MeterVolts = 1 | 0.155 | 0.1
00228 TEST: MeterVolts 1.0 +/- 0.155
00228 PASS: MeterVolts 1.04
00229 #switch input to load line
00229 J3_04 = 1 : NULL : WAIT = 0.1
00230 
00230 #Sweep of Input_8B from 1 to 5 in 0.5 increments
00230 
00230 #set power supply
00230 PwrSetVoltage = 10 : NULL : WAIT = 0.1
00231 #test power supply
00231 NULL : MeterVolts = 1 | 0.05 | 0.1
00231 TEST: MeterVolts 1.0 +/- 0.05
00231 PASS: MeterVolts 0.997
00232 #test feedback
00232 NULL : sdo[0x6401][8] = 1000 | 50 | 0.01
00232 PASS: Read Analogue Input 16-Bit.Port 8B 985.0
00233 NULL : sdo[0x1001] = 0 | 0.1 | 0.1
00233 PASS: Error Register 0.0
00234 NULL : sdo[0x1003][0] = 0 | 0.1 | 0.1
00234 PASS: Pre-defined Error Field.Number of Errors 0.0
00235 #set power supply
00235 PwrSetVoltage = 15 : NULL : WAIT = 0.1
00236 #test power supply
00236 NULL : MeterVolts = 1.5 | 0.05 | 0.1
00236 TEST: MeterVolts 1.5 +/- 0.05
00236 PASS: MeterVolts 1.512
00237 #test feedback
00237 NULL : sdo[0x6401][8] = 1500 | 50 | 0.01
00237 PASS: Read Analogue Input 16-Bit.Port 8B 1499.0
00238 NULL : sdo[0x1001] = 0 | 0.1 | 0.1
00238 PASS: Error Register 0.0
00239 NULL : sdo[0x1003][0] = 0 | 0.1 | 0.1
00239 PASS: Pre-defined Error Field.Number of Errors 0.0
00240 #set power supply
00240 PwrSetVoltage = 20 : NULL : WAIT = 0.1
00241 #test power supply
00241 NULL : MeterVolts = 2.0 | 0.05 | 0.1
00241 TEST: MeterVolts 2.0 +/- 0.05
00241 PASS: MeterVolts 2.007
00242 #test feedback
00242 NULL : sdo[0x6401][8] = 2000 | 50 | 0.01
00242 PASS: Read Analogue Input 16-Bit.Port 8B 1993.0
00243 NULL : sdo[0x1001] = 0 | 0.1 | 0.1
00243 PASS: Error Register 0.0
00244 NULL : sdo[0x1003][0] = 0 | 0.1 | 0.1
00244 PASS: Pre-defined Error Field.Number of Errors 0.0
00245 #set power supply
00245 PwrSetVoltage = 25 : NULL : WAIT = 0.1
00246 #test power supply
00246 NULL : MeterVolts = 2.5 | 0.05 | 0.1
00246 TEST: MeterVolts 2.5 +/- 0.05
00246 PASS: MeterVolts 2.506
00247 #test feedback
00247 NULL : sdo[0x6401][8] = 2500 | 50 | 0.01
00247 PASS: Read Analogue Input 16-Bit.Port 8B 2488.0
00248 NULL : sdo[0x1001] = 0 | 0.1 | 0.1
00248 PASS: Error Register 0.0
00249 NULL : sdo[0x1003][0] = 0 | 0.1 | 0.1
00249 PASS: Pre-defined Error Field.Number of Errors 0.0
00250 #set power supply
00250 PwrSetVoltage = 30 : NULL : WAIT = 0.1
00251 #test power supply
00251 NULL : MeterVolts = 3.0 | 0.05 | 0.1
00251 TEST: MeterVolts 3.0 +/- 0.05
00251 PASS: MeterVolts 2.994
00252 #test feedback
00252 NULL : sdo[0x6401][8] = 3000 | 50 | 0.01
00252 PASS: Read Analogue Input 16-Bit.Port 8B 2977.0
00253 NULL : sdo[0x1001] = 0 | 0.1 | 0.1
00253 PASS: Error Register 0.0
00254 NULL : sdo[0x1003][0] = 0 | 0.1 | 0.1
00254 PASS: Pre-defined Error Field.Number of Errors 0.0
00255 #set power supply
00255 PwrSetVoltage = 35 : NULL : WAIT = 0.1
00256 #test power supply
00256 NULL : MeterVolts = 3.5 | 0.05 | 0.1
00256 TEST: MeterVolts 3.5 +/- 0.05
00256 PASS: MeterVolts 3.49
00257 #test feedback
00257 NULL : sdo[0x6401][8] = 3500 | 50 | 0.01
00257 PASS: Read Analogue Input 16-Bit.Port 8B 3474.0
00258 NULL : sdo[0x1001] = 0 | 0.1 | 0.1
00258 PASS: Error Register 0.0
00259 NULL : sdo[0x1003][0] = 0 | 0.1 | 0.1
00259 PASS: Pre-defined Error Field.Number of Errors 0.0
00260 #set power supply
00260 PwrSetVoltage = 40 : NULL : WAIT = 0.1
00261 #test power supply
00261 NULL : MeterVolts = 4.0 | 0.05 | 0.1
00261 TEST: MeterVolts 4.0 +/- 0.05
00261 PASS: MeterVolts 3.989
00262 #test feedback
00262 NULL : sdo[0x6401][8] = 4000 | 50 | 0.01
00262 PASS: Read Analogue Input 16-Bit.Port 8B 3972.0
00263 NULL : sdo[0x1001] = 0 | 0.1 | 0.1
00263 PASS: Error Register 0.0
00264 NULL : sdo[0x1003][0] = 0 | 0.1 | 0.1
00264 PASS: Pre-defined Error Field.Number of Errors 0.0
00265 #set power supply
00265 PwrSetVoltage = 45 : NULL : WAIT = 0.1
00266 #test power supply
00266 NULL : MeterVolts = 4.5 | 0.05 | 0.1
00266 TEST: MeterVolts 4.5 +/- 0.05
00266 PASS: MeterVolts 4.482
00267 #test feedback
00267 NULL : sdo[0x6401][8] = 4500 | 50 | 0.01
00267 PASS: Read Analogue Input 16-Bit.Port 8B 4463.0
00268 NULL : sdo[0x1001] = 0 | 0.1 | 0.1
00268 PASS: Error Register 0.0
00269 NULL : sdo[0x1003][0] = 0 | 0.1 | 0.1
00269 PASS: Pre-defined Error Field.Number of Errors 0.0
00270 #set power supply
00270 PwrSetVoltage = 50 : NULL : WAIT = 0.1
00271 #test power supply
00271 NULL : MeterVolts = 5.0 | 0.05 | 0.1
00271 TEST: MeterVolts 5.0 +/- 0.05
00271 PASS: MeterVolts 4.984
00272 #test feedback
00272 NULL : sdo[0x6401][8] = 5000 | 50 | 0.01
00272 PASS: Read Analogue Input 16-Bit.Port 8B 4961.0
00273 NULL : sdo[0x1001] = 0 | 0.1 | 0.1
00273 PASS: Error Register 0.0
00274 NULL : sdo[0x1003][0] = 0 | 0.1 | 0.1
00274 PASS: Pre-defined Error Field.Number of Errors 0.0
00275 #set power supply
00275 PwrSetVoltage = 55 : NULL : WAIT = 0.1
00276 #test power supply
00276 NULL : MeterVolts = 5.5 | 0.05 | 0.1
00276 TEST: MeterVolts 5.5 +/- 0.05
00276 PASS: MeterVolts 5.474
00277 #test feedback
00277 NULL : sdo[0x6401][8] = 0 | 0.1 | 0.1
00277 TEST: Read Analogue Input 16-Bit.Port 8B 0.0 +/- 0.1
00277 PASS: Read Analogue Input 16-Bit.Port 8B 0.0
00278 NULL : sdo[0x1001] = 1 | 0.1 | 0.1
00278 PASS: Error Register 1.0
00279 NULL : sdo[0x1003][0] = 1 | 0.1 | 0.1
00279 PASS: Pre-defined Error Field.Number of Errors 1.0
00280 #set power supply
00280 PwrSetVoltage = 56 : NULL : WAIT = 0.1
00281 #test power supply
00281 NULL : MeterVolts = 5.6 | 0.05 | 0.1
00281 TEST: MeterVolts 5.6 +/- 0.05
00281 PASS: MeterVolts 5.574
00282 #test feedback
00282 NULL : sdo[0x6401][8] = 0 | 0.1 | 0.1
00282 TEST: Read Analogue Input 16-Bit.Port 8B 0.0 +/- 0.1
00282 PASS: Read Analogue Input 16-Bit.Port 8B 0.0
00283 NULL : sdo[0x1001] = 1 | 0.1 | 0.1
00283 PASS: Error Register 1.0
00284 NULL : sdo[0x1003][0] = 1 | 0.1 | 0.1
00284 PASS: Pre-defined Error Field.Number of Errors 1.0
00285 
00285 #Finished with port
00285 #switch out input
00285 J3_04 = 0 : NULL : WAIT = 0.1
00286 
00286 
00286 #Finished with mode
00286 #cycle IGN to clear any faults
00286 RLY_K1 = 1 : NULL : WAIT = 1
00287 RLY_K1 = 0 : NULL : WAIT = 0.2
00288 #-----setup 34044-----
00288 sdo[0x2000][1] = 0, sdo[0x2000][2] = 0 : NULL : WAIT = 0.1
00289 #disable global modes
00289 sdo[0x2000][3] = 0 : NULL : WAIT = 0.1
00290 sdo[0x2000][4] = 0 : NULL : WAIT = 0.1
00291 #configure Port Modes
00291 sdo[0x2001][5] = 80 : NULL : WAIT = 0.1
00292 sdo[0x2001][6] = 80 : NULL : WAIT = 0.1
00293 sdo[0x2001][7] = 80 : NULL : WAIT = 0.1
00294 sdo[0x2001][8] = 80 : NULL : WAIT = 0.1
00295 #verify fault clear
00295 NULL : sdo[0x1001] = 0 | 0.1 | 0.1
00295 TEST: Error Register 0.0 +/- 0.1
00295 PASS: Error Register 0.0
00296 #set power supply and wait
00296 PwrSetVoltage = 10 : NULL : WAIT = 0.1
00297 #test power supply
00297 NULL : MeterVolts = 1 | 0.155 | 0.1
00297 TEST: MeterVolts 1.0 +/- 0.155
00297 PASS: MeterVolts 1.056
00298 #switch input to load line
00298 J2_10 = 1 : NULL : WAIT = 0.1
00299 
00299 #Sweep of Input_5B from 1 to 10 in 0.5 increments
00299 
00299 #set power supply
00299 PwrSetVoltage = 10 : NULL : WAIT = 0.1
00300 #test power supply
00300 NULL : MeterVolts = 1 | 0.1 | 0.1
00300 TEST: MeterVolts 1.0 +/- 0.1
00300 PASS: MeterVolts 0.997
00301 #test feedback
00301 NULL : sdo[0x6401][2] = 1000 | 100 | 0.01
00301 PASS: Read Analogue Input 16-Bit.Port 5B 986.0
00302 NULL : sdo[0x1001] = 0 | 0.1 | 0.1
00302 PASS: Error Register 0.0
00303 NULL : sdo[0x1003][0] = 0 | 0.1 | 0.1
00303 PASS: Pre-defined Error Field.Number of Errors 0.0
00304 #set power supply
00304 PwrSetVoltage = 15 : NULL : WAIT = 0.1
00305 #test power supply
00305 NULL : MeterVolts = 1.5 | 0.1 | 0.1
00305 TEST: MeterVolts 1.5 +/- 0.1
00305 PASS: MeterVolts 1.511
00306 #test feedback
00306 NULL : sdo[0x6401][2] = 1500 | 100 | 0.01
00306 PASS: Read Analogue Input 16-Bit.Port 5B 1497.0
00307 NULL : sdo[0x1001] = 0 | 0.1 | 0.1
00307 PASS: Error Register 0.0
00308 NULL : sdo[0x1003][0] = 0 | 0.1 | 0.1
00308 PASS: Pre-defined Error Field.Number of Errors 0.0
00309 #set power supply
00309 PwrSetVoltage = 20 : NULL : WAIT = 0.1
00310 #test power supply
00310 NULL : MeterVolts = 2.0 | 0.1 | 0.1
00310 TEST: MeterVolts 2.0 +/- 0.1
00310 PASS: MeterVolts 2.006
00311 #test feedback
00311 NULL : sdo[0x6401][2] = 2000 | 100 | 0.01
00311 PASS: Read Analogue Input 16-Bit.Port 5B 1990.0
00312 NULL : sdo[0x1001] = 0 | 0.1 | 0.1
00312 PASS: Error Register 0.0
00313 NULL : sdo[0x1003][0] = 0 | 0.1 | 0.1
00313 PASS: Pre-defined Error Field.Number of Errors 0.0
00314 #set power supply
00314 PwrSetVoltage = 25 : NULL : WAIT = 0.1
00315 #test power supply
00315 NULL : MeterVolts = 2.5 | 0.1 | 0.1
00315 TEST: MeterVolts 2.5 +/- 0.1
00315 PASS: MeterVolts 2.503
00316 #test feedback
00316 NULL : sdo[0x6401][2] = 2500 | 100 | 0.01
00316 PASS: Read Analogue Input 16-Bit.Port 5B 2488.0
00317 NULL : sdo[0x1001] = 0 | 0.1 | 0.1
00317 PASS: Error Register 0.0
00318 NULL : sdo[0x1003][0] = 0 | 0.1 | 0.1
00318 PASS: Pre-defined Error Field.Number of Errors 0.0
00319 #set power supply
00319 PwrSetVoltage = 30 : NULL : WAIT = 0.1
00320 #test power supply
00320 NULL : MeterVolts = 3.0 | 0.1 | 0.1
00320 TEST: MeterVolts 3.0 +/- 0.1
00320 PASS: MeterVolts 2.993
00321 #test feedback
00321 NULL : sdo[0x6401][2] = 3000 | 100 | 0.01
00321 PASS: Read Analogue Input 16-Bit.Port 5B 2974.0
00322 NULL : sdo[0x1001] = 0 | 0.1 | 0.1
00322 PASS: Error Register 0.0
00323 NULL : sdo[0x1003][0] = 0 | 0.1 | 0.1
00323 PASS: Pre-defined Error Field.Number of Errors 0.0
00324 #set power supply
00324 PwrSetVoltage = 35 : NULL : WAIT = 0.1
00325 #test power supply
00325 NULL : MeterVolts = 3.5 | 0.1 | 0.1
00325 TEST: MeterVolts 3.5 +/- 0.1
00325 PASS: MeterVolts 3.49
00326 #test feedback
00326 NULL : sdo[0x6401][2] = 3500 | 100 | 0.01
00326 PASS: Read Analogue Input 16-Bit.Port 5B 3475.0
00327 NULL : sdo[0x1001] = 0 | 0.1 | 0.1
00327 PASS: Error Register 0.0
00328 NULL : sdo[0x1003][0] = 0 | 0.1 | 0.1
00328 PASS: Pre-defined Error Field.Number of Errors 0.0
00329 #set power supply
00329 PwrSetVoltage = 40 : NULL : WAIT = 0.1
00330 #test power supply
00330 NULL : MeterVolts = 4.0 | 0.1 | 0.1
00330 TEST: MeterVolts 4.0 +/- 0.1
00330 PASS: MeterVolts 3.99
00331 #test feedback
00331 NULL : sdo[0x6401][2] = 4000 | 100 | 0.01
00331 PASS: Read Analogue Input 16-Bit.Port 5B 3971.0
00332 NULL : sdo[0x1001] = 0 | 0.1 | 0.1
00332 PASS: Error Register 0.0
00333 NULL : sdo[0x1003][0] = 0 | 0.1 | 0.1
00333 PASS: Pre-defined Error Field.Number of Errors 0.0
00334 #set power supply
00334 PwrSetVoltage = 45 : NULL : WAIT = 0.1
00335 #test power supply
00335 NULL : MeterVolts = 4.5 | 0.1 | 0.1
00335 TEST: MeterVolts 4.5 +/- 0.1
00335 PASS: MeterVolts 4.482
00336 #test feedback
00336 NULL : sdo[0x6401][2] = 4500 | 100 | 0.01
00336 PASS: Read Analogue Input 16-Bit.Port 5B 4462.0
00337 NULL : sdo[0x1001] = 0 | 0.1 | 0.1
00337 PASS: Error Register 0.0
00338 NULL : sdo[0x1003][0] = 0 | 0.1 | 0.1
00338 PASS: Pre-defined Error Field.Number of Errors 0.0
00339 #set power supply
00339 PwrSetVoltage = 50 : NULL : WAIT = 0.1
00340 #test power supply
00340 NULL : MeterVolts = 5.0 | 0.1 | 0.1
00340 TEST: MeterVolts 5.0 +/- 0.1
00340 PASS: MeterVolts 4.984
00341 #test feedback
00341 NULL : sdo[0x6401][2] = 5000 | 100 | 0.01
00341 PASS: Read Analogue Input 16-Bit.Port 5B 4965.0
00342 NULL : sdo[0x1001] = 0 | 0.1 | 0.1
00342 PASS: Error Register 0.0
00343 NULL : sdo[0x1003][0] = 0 | 0.1 | 0.1
00343 PASS: Pre-defined Error Field.Number of Errors 0.0
00344 #set power supply
00344 PwrSetVoltage = 55 : NULL : WAIT = 0.1
00345 #test power supply
00345 NULL : MeterVolts = 5.5 | 0.1 | 0.1
00345 TEST: MeterVolts 5.5 +/- 0.1
00345 PASS: MeterVolts 5.477
00346 #test feedback
00346 NULL : sdo[0x6401][2] = 5500 | 100 | 0.01
00346 PASS: Read Analogue Input 16-Bit.Port 5B 5456.0
00347 NULL : sdo[0x1001] = 0 | 0.1 | 0.1
00347 PASS: Error Register 0.0
00348 NULL : sdo[0x1003][0] = 0 | 0.1 | 0.1
00348 PASS: Pre-defined Error Field.Number of Errors 0.0
00349 #set power supply
00349 PwrSetVoltage = 60 : NULL : WAIT = 0.1
00350 #test power supply
00350 NULL : MeterVolts = 6.0 | 0.1 | 0.1
00350 TEST: MeterVolts 6.0 +/- 0.1
00350 PASS: MeterVolts 5.975
00351 #test feedback
00351 NULL : sdo[0x6401][2] = 6000 | 100 | 0.01
00351 PASS: Read Analogue Input 16-Bit.Port 5B 5956.0
00352 NULL : sdo[0x1001] = 0 | 0.1 | 0.1
00352 PASS: Error Register 0.0
00353 NULL : sdo[0x1003][0] = 0 | 0.1 | 0.1
00353 PASS: Pre-defined Error Field.Number of Errors 0.0
00354 #set power supply
00354 PwrSetVoltage = 65 : NULL : WAIT = 0.1
00355 #test power supply
00355 NULL : MeterVolts = 6.5 | 0.1 | 0.1
00355 TEST: MeterVolts 6.5 +/- 0.1
00355 PASS: MeterVolts 6.476
00356 #test feedback
00356 NULL : sdo[0x6401][2] = 6500 | 100 | 0.01
00356 PASS: Read Analogue Input 16-Bit.Port 5B 6457.0
00357 NULL : sdo[0x1001] = 0 | 0.1 | 0.1
00357 PASS: Error Register 0.0
00358 NULL : sdo[0x1003][0] = 0 | 0.1 | 0.1
00358 PASS: Pre-defined Error Field.Number of Errors 0.0
00359 #set power supply
00359 PwrSetVoltage = 70 : NULL : WAIT = 0.1
00360 #test power supply
00360 NULL : MeterVolts = 7.0 | 0.1 | 0.1
00360 TEST: MeterVolts 7.0 +/- 0.1
00360 PASS: MeterVolts 6.971
00361 #test feedback
00361 NULL : sdo[0x6401][2] = 7000 | 100 | 0.01
00361 PASS: Read Analogue Input 16-Bit.Port 5B 6945.0
00362 NULL : sdo[0x1001] = 0 | 0.1 | 0.1
00362 PASS: Error Register 0.0
00363 NULL : sdo[0x1003][0] = 0 | 0.1 | 0.1
00363 PASS: Pre-defined Error Field.Number of Errors 0.0
00364 #set power supply
00364 PwrSetVoltage = 75 : NULL : WAIT = 0.1
00365 #test power supply
00365 NULL : MeterVolts = 7.5 | 0.1 | 0.1
00365 TEST: MeterVolts 7.5 +/- 0.1
00365 PASS: MeterVolts 7.477
00366 #test feedback
00366 NULL : sdo[0x6401][2] = 7500 | 100 | 0.01
00366 PASS: Read Analogue Input 16-Bit.Port 5B 7454.0
00367 NULL : sdo[0x1001] = 0 | 0.1 | 0.1
00367 PASS: Error Register 0.0
00368 NULL : sdo[0x1003][0] = 0 | 0.1 | 0.1
00368 PASS: Pre-defined Error Field.Number of Errors 0.0
00369 #set power supply
00369 PwrSetVoltage = 80 : NULL : WAIT = 0.1
00370 #test power supply
00370 NULL : MeterVolts = 8.0 | 0.1 | 0.1
00370 TEST: MeterVolts 8.0 +/- 0.1
00370 PASS: MeterVolts 7.918
00371 #test feedback
00371 NULL : sdo[0x6401][2] = 8000 | 100 | 0.01
00371 PASS: Read Analogue Input 16-Bit.Port 5B 7957.0
00372 NULL : sdo[0x1001] = 0 | 0.1 | 0.1
00372 PASS: Error Register 0.0
00373 NULL : sdo[0x1003][0] = 0 | 0.1 | 0.1
00373 PASS: Pre-defined Error Field.Number of Errors 0.0
00374 #set power supply
00374 PwrSetVoltage = 85 : NULL : WAIT = 0.1
00375 #test power supply
00375 NULL : MeterVolts = 8.5 | 0.1 | 0.1
00375 TEST: MeterVolts 8.5 +/- 0.1
00375 PASS: MeterVolts 8.47
00376 #test feedback
00376 NULL : sdo[0x6401][2] = 8500 | 100 | 0.01
00376 PASS: Read Analogue Input 16-Bit.Port 5B 8448.0
00377 NULL : sdo[0x1001] = 0 | 0.1 | 0.1
00377 PASS: Error Register 0.0
00378 NULL : sdo[0x1003][0] = 0 | 0.1 | 0.1
00378 PASS: Pre-defined Error Field.Number of Errors 0.0
00379 #set power supply
00379 PwrSetVoltage = 90 : NULL : WAIT = 0.1
00380 #test power supply
00380 NULL : MeterVolts = 9.0 | 0.1 | 0.1
00380 TEST: MeterVolts 9.0 +/- 0.1
00380 PASS: MeterVolts 8.97
00381 #test feedback
00381 NULL : sdo[0x6401][2] = 9000 | 100 | 0.01
00381 PASS: Read Analogue Input 16-Bit.Port 5B 8946.0
00382 NULL : sdo[0x1001] = 0 | 0.1 | 0.1
00382 PASS: Error Register 0.0
00383 NULL : sdo[0x1003][0] = 0 | 0.1 | 0.1
00383 PASS: Pre-defined Error Field.Number of Errors 0.0
00384 #set power supply
00384 PwrSetVoltage = 95 : NULL : WAIT = 0.1
00385 #test power supply
00385 NULL : MeterVolts = 9.5 | 0.1 | 0.1
00385 TEST: MeterVolts 9.5 +/- 0.1
00385 PASS: MeterVolts 9.462
00386 #test feedback
00386 NULL : sdo[0x6401][2] = 9500 | 100 | 0.01
00386 PASS: Read Analogue Input 16-Bit.Port 5B 9432.0
00387 NULL : sdo[0x1001] = 0 | 0.1 | 0.1
00387 PASS: Error Register 0.0
00388 NULL : sdo[0x1003][0] = 0 | 0.1 | 0.1
00388 PASS: Pre-defined Error Field.Number of Errors 0.0
00389 #set power supply
00389 PwrSetVoltage = 100 : NULL : WAIT = 0.1
00390 #test power supply
00390 NULL : MeterVolts = 10.0 | 0.1 | 0.1
00390 TEST: MeterVolts 10.0 +/- 0.1
00390 PASS: MeterVolts 9.964
00391 #test feedback
00391 NULL : sdo[0x6401][2] = 10000 | 100 | 0.01
00391 PASS: Read Analogue Input 16-Bit.Port 5B 9935.0
00392 NULL : sdo[0x1001] = 0 | 0.1 | 0.1
00392 PASS: Error Register 0.0
00393 NULL : sdo[0x1003][0] = 0 | 0.1 | 0.1
00393 PASS: Pre-defined Error Field.Number of Errors 0.0
00394 #set power supply
00394 PwrSetVoltage = 105 : NULL : WAIT = 0.1
00395 #test power supply
00395 NULL : MeterVolts = 10.5 | 0.1 | 0.1
00395 TEST: MeterVolts 10.5 +/- 0.1
00395 PASS: MeterVolts 10.465
00396 #test feedback
00396 NULL : sdo[0x6401][2] = 0 | 0.1 | 0.1
00396 TEST: Read Analogue Input 16-Bit.Port 5B 0.0 +/- 0.1
00396 PASS: Read Analogue Input 16-Bit.Port 5B 0.0
00397 NULL : sdo[0x1001] = 1 | 0.1 | 0.1
00397 PASS: Error Register 1.0
00398 NULL : sdo[0x1003][0] = 1 | 0.1 | 0.1
00398 PASS: Pre-defined Error Field.Number of Errors 1.0
00399 #set power supply
00399 PwrSetVoltage = 106 : NULL : WAIT = 0.1
00400 #test power supply
00400 NULL : MeterVolts = 10.6 | 0.1 | 0.1
00400 TEST: MeterVolts 10.6 +/- 0.1
00400 PASS: MeterVolts 10.509
00401 #test feedback
00401 NULL : sdo[0x6401][2] = 0 | 0.1 | 0.1
00401 TEST: Read Analogue Input 16-Bit.Port 5B 0.0 +/- 0.1
00401 PASS: Read Analogue Input 16-Bit.Port 5B 0.0
00402 NULL : sdo[0x1001] = 1 | 0.1 | 0.1
00402 PASS: Error Register 1.0
00403 NULL : sdo[0x1003][0] = 1 | 0.1 | 0.1
00403 PASS: Pre-defined Error Field.Number of Errors 1.0
00404 
00404 #Finished with port
00404 #switch out input
00404 J2_10 = 0 : NULL : WAIT = 0.1
00405 
00405 #cycle IGN to clear any faults
00405 RLY_K1 = 1 : NULL : WAIT = 1
00406 RLY_K1 = 0 : NULL : WAIT = 0.2
00407 #-----setup 34044-----
00407 sdo[0x2000][1] = 0, sdo[0x2000][2] = 0 : NULL : WAIT = 0.1
00408 #disable global modes
00408 sdo[0x2000][3] = 0 : NULL : WAIT = 0.1
00409 sdo[0x2000][4] = 0 : NULL : WAIT = 0.1
00410 #configure Port Modes
00410 sdo[0x2001][5] = 80 : NULL : WAIT = 0.1
00411 sdo[0x2001][6] = 80 : NULL : WAIT = 0.1
00412 sdo[0x2001][7] = 80 : NULL : WAIT = 0.1
00413 sdo[0x2001][8] = 80 : NULL : WAIT = 0.1
00414 #verify fault clear
00414 NULL : sdo[0x1001] = 0 | 0.1 | 0.1
00414 TEST: Error Register 0.0 +/- 0.1
00414 PASS: Error Register 0.0
00415 #set power supply and wait
00415 PwrSetVoltage = 10 : NULL : WAIT = 0.1
00416 #test power supply
00416 NULL : MeterVolts = 1 | 0.155 | 0.1
00416 TEST: MeterVolts 1.0 +/- 0.155
00416 PASS: MeterVolts 1.0
00417 #switch input to load line
00417 J2_12 = 1 : NULL : WAIT = 0.1
00418 
00418 #Sweep of Input_6B from 1 to 10 in 0.5 increments
00418 
00418 #set power supply
00418 PwrSetVoltage = 10 : NULL : WAIT = 0.1
00419 #test power supply
00419 NULL : MeterVolts = 1 | 0.1 | 0.1
00419 TEST: MeterVolts 1.0 +/- 0.1
00419 PASS: MeterVolts 0.997
00420 #test feedback
00420 NULL : sdo[0x6401][4] = 1000 | 100 | 0.01
00420 PASS: Read Analogue Input 16-Bit.Port 6B 986.0
00421 NULL : sdo[0x1001] = 0 | 0.1 | 0.1
00421 PASS: Error Register 0.0
00422 NULL : sdo[0x1003][0] = 0 | 0.1 | 0.1
00422 PASS: Pre-defined Error Field.Number of Errors 0.0
00423 #set power supply
00423 PwrSetVoltage = 15 : NULL : WAIT = 0.1
00424 #test power supply
00424 NULL : MeterVolts = 1.5 | 0.1 | 0.1
00424 TEST: MeterVolts 1.5 +/- 0.1
00424 PASS: MeterVolts 1.508
00425 #test feedback
00425 NULL : sdo[0x6401][4] = 1500 | 100 | 0.01
00425 PASS: Read Analogue Input 16-Bit.Port 6B 1502.0
00426 NULL : sdo[0x1001] = 0 | 0.1 | 0.1
00426 PASS: Error Register 0.0
00427 NULL : sdo[0x1003][0] = 0 | 0.1 | 0.1
00427 PASS: Pre-defined Error Field.Number of Errors 0.0
00428 #set power supply
00428 PwrSetVoltage = 20 : NULL : WAIT = 0.1
00429 #test power supply
00429 NULL : MeterVolts = 2.0 | 0.1 | 0.1
00429 TEST: MeterVolts 2.0 +/- 0.1
00429 PASS: MeterVolts 2.008
00430 #test feedback
00430 NULL : sdo[0x6401][4] = 2000 | 100 | 0.01
00430 PASS: Read Analogue Input 16-Bit.Port 6B 1995.0
00431 NULL : sdo[0x1001] = 0 | 0.1 | 0.1
00431 PASS: Error Register 0.0
00432 NULL : sdo[0x1003][0] = 0 | 0.1 | 0.1
00432 PASS: Pre-defined Error Field.Number of Errors 0.0
00433 #set power supply
00433 PwrSetVoltage = 25 : NULL : WAIT = 0.1
00434 #test power supply
00434 NULL : MeterVolts = 2.5 | 0.1 | 0.1
00434 TEST: MeterVolts 2.5 +/- 0.1
00434 PASS: MeterVolts 2.506
00435 #test feedback
00435 NULL : sdo[0x6401][4] = 2500 | 100 | 0.01
00435 PASS: Read Analogue Input 16-Bit.Port 6B 2493.0
00436 NULL : sdo[0x1001] = 0 | 0.1 | 0.1
00436 PASS: Error Register 0.0
00437 NULL : sdo[0x1003][0] = 0 | 0.1 | 0.1
00437 PASS: Pre-defined Error Field.Number of Errors 0.0
00438 #set power supply
00438 PwrSetVoltage = 30 : NULL : WAIT = 0.1
00439 #test power supply
00439 NULL : MeterVolts = 3.0 | 0.1 | 0.1
00439 TEST: MeterVolts 3.0 +/- 0.1
00439 PASS: MeterVolts 2.994
00440 #test feedback
00440 NULL : sdo[0x6401][4] = 3000 | 100 | 0.01
00440 PASS: Read Analogue Input 16-Bit.Port 6B 2982.0
00441 NULL : sdo[0x1001] = 0 | 0.1 | 0.1
00441 PASS: Error Register 0.0
00442 NULL : sdo[0x1003][0] = 0 | 0.1 | 0.1
00442 PASS: Pre-defined Error Field.Number of Errors 0.0
00443 #set power supply
00443 PwrSetVoltage = 35 : NULL : WAIT = 0.1
00444 #test power supply
00444 NULL : MeterVolts = 3.5 | 0.1 | 0.1
00444 TEST: MeterVolts 3.5 +/- 0.1
00444 PASS: MeterVolts 3.491
00445 #test feedback
00445 NULL : sdo[0x6401][4] = 3500 | 100 | 0.01
00445 PASS: Read Analogue Input 16-Bit.Port 6B 3477.0
00446 NULL : sdo[0x1001] = 0 | 0.1 | 0.1
00446 PASS: Error Register 0.0
00447 NULL : sdo[0x1003][0] = 0 | 0.1 | 0.1
00447 PASS: Pre-defined Error Field.Number of Errors 0.0
00448 #set power supply
00448 PwrSetVoltage = 40 : NULL : WAIT = 0.1
00449 #test power supply
00449 NULL : MeterVolts = 4.0 | 0.1 | 0.1
00449 TEST: MeterVolts 4.0 +/- 0.1
00449 PASS: MeterVolts 3.989
00450 #test feedback
00450 NULL : sdo[0x6401][4] = 4000 | 100 | 0.01
00450 PASS: Read Analogue Input 16-Bit.Port 6B 3973.0
00451 NULL : sdo[0x1001] = 0 | 0.1 | 0.1
00451 PASS: Error Register 0.0
00452 NULL : sdo[0x1003][0] = 0 | 0.1 | 0.1
00452 PASS: Pre-defined Error Field.Number of Errors 0.0
00453 #set power supply
00453 PwrSetVoltage = 45 : NULL : WAIT = 0.1
00454 #test power supply
00454 NULL : MeterVolts = 4.5 | 0.1 | 0.1
00454 TEST: MeterVolts 4.5 +/- 0.1
00454 PASS: MeterVolts 4.483
00455 #test feedback
00455 NULL : sdo[0x6401][4] = 4500 | 100 | 0.01
00455 PASS: Read Analogue Input 16-Bit.Port 6B 4464.0
00456 NULL : sdo[0x1001] = 0 | 0.1 | 0.1
00456 PASS: Error Register 0.0
00457 NULL : sdo[0x1003][0] = 0 | 0.1 | 0.1
00457 PASS: Pre-defined Error Field.Number of Errors 0.0
00458 #set power supply
00458 PwrSetVoltage = 50 : NULL : WAIT = 0.1
00459 #test power supply
00459 NULL : MeterVolts = 5.0 | 0.1 | 0.1
00459 TEST: MeterVolts 5.0 +/- 0.1
00459 PASS: MeterVolts 4.984
00460 #test feedback
00460 NULL : sdo[0x6401][4] = 5000 | 100 | 0.01
00460 PASS: Read Analogue Input 16-Bit.Port 6B 4965.0
00461 NULL : sdo[0x1001] = 0 | 0.1 | 0.1
00461 PASS: Error Register 0.0
00462 NULL : sdo[0x1003][0] = 0 | 0.1 | 0.1
00462 PASS: Pre-defined Error Field.Number of Errors 0.0
00463 #set power supply
00463 PwrSetVoltage = 55 : NULL : WAIT = 0.1
00464 #test power supply
00464 NULL : MeterVolts = 5.5 | 0.1 | 0.1
00464 TEST: MeterVolts 5.5 +/- 0.1
00464 PASS: MeterVolts 5.475
00465 #test feedback
00465 NULL : sdo[0x6401][4] = 5500 | 100 | 0.01
00465 PASS: Read Analogue Input 16-Bit.Port 6B 5458.0
00466 NULL : sdo[0x1001] = 0 | 0.1 | 0.1
00466 PASS: Error Register 0.0
00467 NULL : sdo[0x1003][0] = 0 | 0.1 | 0.1
00467 PASS: Pre-defined Error Field.Number of Errors 0.0
00468 #set power supply
00468 PwrSetVoltage = 60 : NULL : WAIT = 0.1
00469 #test power supply
00469 NULL : MeterVolts = 6.0 | 0.1 | 0.1
00469 TEST: MeterVolts 6.0 +/- 0.1
00469 PASS: MeterVolts 5.974
00470 #test feedback
00470 NULL : sdo[0x6401][4] = 6000 | 100 | 0.01
00470 PASS: Read Analogue Input 16-Bit.Port 6B 5959.0
00471 NULL : sdo[0x1001] = 0 | 0.1 | 0.1
00471 PASS: Error Register 0.0
00472 NULL : sdo[0x1003][0] = 0 | 0.1 | 0.1
00472 PASS: Pre-defined Error Field.Number of Errors 0.0
00473 #set power supply
00473 PwrSetVoltage = 65 : NULL : WAIT = 0.1
00474 #test power supply
00474 NULL : MeterVolts = 6.5 | 0.1 | 0.1
00474 TEST: MeterVolts 6.5 +/- 0.1
00474 PASS: MeterVolts 6.474
00475 #test feedback
00475 NULL : sdo[0x6401][4] = 6500 | 100 | 0.01
00475 PASS: Read Analogue Input 16-Bit.Port 6B 6457.0
00476 NULL : sdo[0x1001] = 0 | 0.1 | 0.1
00476 PASS: Error Register 0.0
00477 NULL : sdo[0x1003][0] = 0 | 0.1 | 0.1
00477 PASS: Pre-defined Error Field.Number of Errors 0.0
00478 #set power supply
00478 PwrSetVoltage = 70 : NULL : WAIT = 0.1
00479 #test power supply
00479 NULL : MeterVolts = 7.0 | 0.1 | 0.1
00479 TEST: MeterVolts 7.0 +/- 0.1
00479 PASS: MeterVolts 6.971
00480 #test feedback
00480 NULL : sdo[0x6401][4] = 7000 | 100 | 0.01
00480 PASS: Read Analogue Input 16-Bit.Port 6B 6953.0
00481 NULL : sdo[0x1001] = 0 | 0.1 | 0.1
00481 PASS: Error Register 0.0
00482 NULL : sdo[0x1003][0] = 0 | 0.1 | 0.1
00482 PASS: Pre-defined Error Field.Number of Errors 0.0
00483 #set power supply
00483 PwrSetVoltage = 75 : NULL : WAIT = 0.1
00484 #test power supply
00484 NULL : MeterVolts = 7.5 | 0.1 | 0.1
00484 TEST: MeterVolts 7.5 +/- 0.1
00484 PASS: MeterVolts 7.477
00485 #test feedback
00485 NULL : sdo[0x6401][4] = 7500 | 100 | 0.01
00485 PASS: Read Analogue Input 16-Bit.Port 6B 7456.0
00486 NULL : sdo[0x1001] = 0 | 0.1 | 0.1
00486 PASS: Error Register 0.0
00487 NULL : sdo[0x1003][0] = 0 | 0.1 | 0.1
00487 PASS: Pre-defined Error Field.Number of Errors 0.0
00488 #set power supply
00488 PwrSetVoltage = 80 : NULL : WAIT = 0.1
00489 #test power supply
00489 NULL : MeterVolts = 8.0 | 0.1 | 0.1
00489 TEST: MeterVolts 8.0 +/- 0.1
00489 PASS: MeterVolts 7.909
00490 #test feedback
00490 NULL : sdo[0x6401][4] = 8000 | 100 | 0.01
00490 PASS: Read Analogue Input 16-Bit.Port 6B 7959.0
00491 NULL : sdo[0x1001] = 0 | 0.1 | 0.1
00491 PASS: Error Register 0.0
00492 NULL : sdo[0x1003][0] = 0 | 0.1 | 0.1
00492 PASS: Pre-defined Error Field.Number of Errors 0.0
00493 #set power supply
00493 PwrSetVoltage = 85 : NULL : WAIT = 0.1
00494 #test power supply
00494 NULL : MeterVolts = 8.5 | 0.1 | 0.1
00494 TEST: MeterVolts 8.5 +/- 0.1
00494 PASS: MeterVolts 8.469
00495 #test feedback
00495 NULL : sdo[0x6401][4] = 8500 | 100 | 0.01
00495 PASS: Read Analogue Input 16-Bit.Port 6B 8453.0
00496 NULL : sdo[0x1001] = 0 | 0.1 | 0.1
00496 PASS: Error Register 0.0
00497 NULL : sdo[0x1003][0] = 0 | 0.1 | 0.1
00497 PASS: Pre-defined Error Field.Number of Errors 0.0
00498 #set power supply
00498 PwrSetVoltage = 90 : NULL : WAIT = 0.1
00499 #test power supply
00499 NULL : MeterVolts = 9.0 | 0.1 | 0.1
00499 TEST: MeterVolts 9.0 +/- 0.1
00499 PASS: MeterVolts 8.969
00500 #test feedback
00500 NULL : sdo[0x6401][4] = 9000 | 100 | 0.01
00500 PASS: Read Analogue Input 16-Bit.Port 6B 8946.0
00501 NULL : sdo[0x1001] = 0 | 0.1 | 0.1
00501 PASS: Error Register 0.0
00502 NULL : sdo[0x1003][0] = 0 | 0.1 | 0.1
00502 PASS: Pre-defined Error Field.Number of Errors 0.0
00503 #set power supply
00503 PwrSetVoltage = 95 : NULL : WAIT = 0.1
00504 #test power supply
00504 NULL : MeterVolts = 9.5 | 0.1 | 0.1
00504 TEST: MeterVolts 9.5 +/- 0.1
00504 PASS: MeterVolts 9.461
00505 #test feedback
00505 NULL : sdo[0x6401][4] = 9500 | 100 | 0.01
00505 PASS: Read Analogue Input 16-Bit.Port 6B 9439.0
00506 NULL : sdo[0x1001] = 0 | 0.1 | 0.1
00506 PASS: Error Register 0.0
00507 NULL : sdo[0x1003][0] = 0 | 0.1 | 0.1
00507 PASS: Pre-defined Error Field.Number of Errors 0.0
00508 #set power supply
00508 PwrSetVoltage = 100 : NULL : WAIT = 0.1
00509 #test power supply
00509 NULL : MeterVolts = 10.0 | 0.1 | 0.1
00509 TEST: MeterVolts 10.0 +/- 0.1
00509 PASS: MeterVolts 9.964
00510 #test feedback
00510 NULL : sdo[0x6401][4] = 10000 | 100 | 0.01
00510 PASS: Read Analogue Input 16-Bit.Port 6B 9943.0
00511 NULL : sdo[0x1001] = 0 | 0.1 | 0.1
00511 PASS: Error Register 0.0
00512 NULL : sdo[0x1003][0] = 0 | 0.1 | 0.1
00512 PASS: Pre-defined Error Field.Number of Errors 0.0
00513 #set power supply
00513 PwrSetVoltage = 105 : NULL : WAIT = 0.1
00514 #test power supply
00514 NULL : MeterVolts = 10.5 | 0.1 | 0.1
00514 TEST: MeterVolts 10.5 +/- 0.1
00514 PASS: MeterVolts 10.464
00515 #test feedback
00515 NULL : sdo[0x6401][4] = 0 | 0.1 | 0.1
00515 TEST: Read Analogue Input 16-Bit.Port 6B 0.0 +/- 0.1
00515 PASS: Read Analogue Input 16-Bit.Port 6B 0.0
00516 NULL : sdo[0x1001] = 1 | 0.1 | 0.1
00516 PASS: Error Register 1.0
00517 NULL : sdo[0x1003][0] = 1 | 0.1 | 0.1
00517 PASS: Pre-defined Error Field.Number of Errors 1.0
00518 #set power supply
00518 PwrSetVoltage = 106 : NULL : WAIT = 0.1
00519 #test power supply
00519 NULL : MeterVolts = 10.6 | 0.1 | 0.1
00519 TEST: MeterVolts 10.6 +/- 0.1
00519 PASS: MeterVolts 10.538
00520 #test feedback
00520 NULL : sdo[0x6401][4] = 0 | 0.1 | 0.1
00520 TEST: Read Analogue Input 16-Bit.Port 6B 0.0 +/- 0.1
00520 PASS: Read Analogue Input 16-Bit.Port 6B 0.0
00521 NULL : sdo[0x1001] = 1 | 0.1 | 0.1
00521 PASS: Error Register 1.0
00522 NULL : sdo[0x1003][0] = 1 | 0.1 | 0.1
00522 PASS: Pre-defined Error Field.Number of Errors 1.0
00523 
00523 #Finished with port
00523 #switch out input
00523 J2_12 = 0 : NULL : WAIT = 0.1
00524 
00524 #cycle IGN to clear any faults
00524 RLY_K1 = 1 : NULL : WAIT = 1
00525 RLY_K1 = 0 : NULL : WAIT = 0.2
00526 #-----setup 34044-----
00526 sdo[0x2000][1] = 0, sdo[0x2000][2] = 0 : NULL : WAIT = 0.1
00527 #disable global modes
00527 sdo[0x2000][3] = 0 : NULL : WAIT = 0.1
00528 sdo[0x2000][4] = 0 : NULL : WAIT = 0.1
00529 #configure Port Modes
00529 sdo[0x2001][5] = 80 : NULL : WAIT = 0.1
00530 sdo[0x2001][6] = 80 : NULL : WAIT = 0.1
00531 sdo[0x2001][7] = 80 : NULL : WAIT = 0.1
00532 sdo[0x2001][8] = 80 : NULL : WAIT = 0.1
00533 #verify fault clear
00533 NULL : sdo[0x1001] = 0 | 0.1 | 0.1
00533 TEST: Error Register 0.0 +/- 0.1
00533 PASS: Error Register 0.0
00534 #set power supply and wait
00534 PwrSetVoltage = 10 : NULL : WAIT = 0.1
00535 #test power supply
00535 NULL : MeterVolts = 1 | 0.155 | 0.1
00535 TEST: MeterVolts 1.0 +/- 0.155
00535 PASS: MeterVolts 1.13
00536 #switch input to load line
00536 J3_02 = 1 : NULL : WAIT = 0.1
00537 
00537 #Sweep of Input_7B from 1 to 10 in 0.5 increments
00537 
00537 #set power supply
00537 PwrSetVoltage = 10 : NULL : WAIT = 0.1
00538 #test power supply
00538 NULL : MeterVolts = 1 | 0.1 | 0.1
00538 TEST: MeterVolts 1.0 +/- 0.1
00538 PASS: MeterVolts 0.999
00539 #test feedback
00539 NULL : sdo[0x6401][6] = 1000 | 100 | 0.01
00539 PASS: Read Analogue Input 16-Bit.Port 7B 984.0
00540 NULL : sdo[0x1001] = 0 | 0.1 | 0.1
00540 PASS: Error Register 0.0
00541 NULL : sdo[0x1003][0] = 0 | 0.1 | 0.1
00541 PASS: Pre-defined Error Field.Number of Errors 0.0
00542 #set power supply
00542 PwrSetVoltage = 15 : NULL : WAIT = 0.1
00543 #test power supply
00543 NULL : MeterVolts = 1.5 | 0.1 | 0.1
00543 TEST: MeterVolts 1.5 +/- 0.1
00543 PASS: MeterVolts 1.511
00544 #test feedback
00544 NULL : sdo[0x6401][6] = 1500 | 100 | 0.01
00544 PASS: Read Analogue Input 16-Bit.Port 7B 1497.0
00545 NULL : sdo[0x1001] = 0 | 0.1 | 0.1
00545 PASS: Error Register 0.0
00546 NULL : sdo[0x1003][0] = 0 | 0.1 | 0.1
00546 PASS: Pre-defined Error Field.Number of Errors 0.0
00547 #set power supply
00547 PwrSetVoltage = 20 : NULL : WAIT = 0.1
00548 #test power supply
00548 NULL : MeterVolts = 2.0 | 0.1 | 0.1
00548 TEST: MeterVolts 2.0 +/- 0.1
00548 PASS: MeterVolts 2.007
00549 #test feedback
00549 NULL : sdo[0x6401][6] = 2000 | 100 | 0.01
00549 PASS: Read Analogue Input 16-Bit.Port 7B 1988.0
00550 NULL : sdo[0x1001] = 0 | 0.1 | 0.1
00550 PASS: Error Register 0.0
00551 NULL : sdo[0x1003][0] = 0 | 0.1 | 0.1
00551 PASS: Pre-defined Error Field.Number of Errors 0.0
00552 #set power supply
00552 PwrSetVoltage = 25 : NULL : WAIT = 0.1
00553 #test power supply
00553 NULL : MeterVolts = 2.5 | 0.1 | 0.1
00553 TEST: MeterVolts 2.5 +/- 0.1
00553 PASS: MeterVolts 2.506
00554 #test feedback
00554 NULL : sdo[0x6401][6] = 2500 | 100 | 0.01
00554 PASS: Read Analogue Input 16-Bit.Port 7B 2481.0
00555 NULL : sdo[0x1001] = 0 | 0.1 | 0.1
00555 PASS: Error Register 0.0
00556 NULL : sdo[0x1003][0] = 0 | 0.1 | 0.1
00556 PASS: Pre-defined Error Field.Number of Errors 0.0
00557 #set power supply
00557 PwrSetVoltage = 30 : NULL : WAIT = 0.1
00558 #test power supply
00558 NULL : MeterVolts = 3.0 | 0.1 | 0.1
00558 TEST: MeterVolts 3.0 +/- 0.1
00558 PASS: MeterVolts 2.994
00559 #test feedback
00559 NULL : sdo[0x6401][6] = 3000 | 100 | 0.01
00559 PASS: Read Analogue Input 16-Bit.Port 7B 2969.0
00560 NULL : sdo[0x1001] = 0 | 0.1 | 0.1
00560 PASS: Error Register 0.0
00561 NULL : sdo[0x1003][0] = 0 | 0.1 | 0.1
00561 PASS: Pre-defined Error Field.Number of Errors 0.0
00562 #set power supply
00562 PwrSetVoltage = 35 : NULL : WAIT = 0.1
00563 #test power supply
00563 NULL : MeterVolts = 3.5 | 0.1 | 0.1
00563 TEST: MeterVolts 3.5 +/- 0.1
00563 PASS: MeterVolts 3.491
00564 #test feedback
00564 NULL : sdo[0x6401][6] = 3500 | 100 | 0.01
00564 PASS: Read Analogue Input 16-Bit.Port 7B 3468.0
00565 NULL : sdo[0x1001] = 0 | 0.1 | 0.1
00565 PASS: Error Register 0.0
00566 NULL : sdo[0x1003][0] = 0 | 0.1 | 0.1
00566 PASS: Pre-defined Error Field.Number of Errors 0.0
00567 #set power supply
00567 PwrSetVoltage = 40 : NULL : WAIT = 0.1
00568 #test power supply
00568 NULL : MeterVolts = 4.0 | 0.1 | 0.1
00568 TEST: MeterVolts 4.0 +/- 0.1
00568 PASS: MeterVolts 3.989
00569 #test feedback
00569 NULL : sdo[0x6401][6] = 4000 | 100 | 0.01
00569 PASS: Read Analogue Input 16-Bit.Port 7B 3961.0
00570 NULL : sdo[0x1001] = 0 | 0.1 | 0.1
00570 PASS: Error Register 0.0
00571 NULL : sdo[0x1003][0] = 0 | 0.1 | 0.1
00571 PASS: Pre-defined Error Field.Number of Errors 0.0
00572 #set power supply
00572 PwrSetVoltage = 45 : NULL : WAIT = 0.1
00573 #test power supply
00573 NULL : MeterVolts = 4.5 | 0.1 | 0.1
00573 TEST: MeterVolts 4.5 +/- 0.1
00573 PASS: MeterVolts 4.482
00574 #test feedback
00574 NULL : sdo[0x6401][6] = 4500 | 100 | 0.01
00574 PASS: Read Analogue Input 16-Bit.Port 7B 4457.0
00575 NULL : sdo[0x1001] = 0 | 0.1 | 0.1
00575 PASS: Error Register 0.0
00576 NULL : sdo[0x1003][0] = 0 | 0.1 | 0.1
00576 PASS: Pre-defined Error Field.Number of Errors 0.0
00577 #set power supply
00577 PwrSetVoltage = 50 : NULL : WAIT = 0.1
00578 #test power supply
00578 NULL : MeterVolts = 5.0 | 0.1 | 0.1
00578 TEST: MeterVolts 5.0 +/- 0.1
00578 PASS: MeterVolts 4.983
00579 #test feedback
00579 NULL : sdo[0x6401][6] = 5000 | 100 | 0.01
00579 PASS: Read Analogue Input 16-Bit.Port 7B 4950.0
00580 NULL : sdo[0x1001] = 0 | 0.1 | 0.1
00580 PASS: Error Register 0.0
00581 NULL : sdo[0x1003][0] = 0 | 0.1 | 0.1
00581 PASS: Pre-defined Error Field.Number of Errors 0.0
00582 #set power supply
00582 PwrSetVoltage = 55 : NULL : WAIT = 0.1
00583 #test power supply
00583 NULL : MeterVolts = 5.5 | 0.1 | 0.1
00583 TEST: MeterVolts 5.5 +/- 0.1
00583 PASS: MeterVolts 5.475
00584 #test feedback
00584 NULL : sdo[0x6401][6] = 5500 | 100 | 0.01
00584 PASS: Read Analogue Input 16-Bit.Port 7B 5446.0
00585 NULL : sdo[0x1001] = 0 | 0.1 | 0.1
00585 PASS: Error Register 0.0
00586 NULL : sdo[0x1003][0] = 0 | 0.1 | 0.1
00586 PASS: Pre-defined Error Field.Number of Errors 0.0
00587 #set power supply
00587 PwrSetVoltage = 60 : NULL : WAIT = 0.1
00588 #test power supply
00588 NULL : MeterVolts = 6.0 | 0.1 | 0.1
00588 TEST: MeterVolts 6.0 +/- 0.1
00588 PASS: MeterVolts 5.975
00589 #test feedback
00589 NULL : sdo[0x6401][6] = 6000 | 100 | 0.01
00589 PASS: Read Analogue Input 16-Bit.Port 7B 5941.0
00590 NULL : sdo[0x1001] = 0 | 0.1 | 0.1
00590 PASS: Error Register 0.0
00591 NULL : sdo[0x1003][0] = 0 | 0.1 | 0.1
00591 PASS: Pre-defined Error Field.Number of Errors 0.0
00592 #set power supply
00592 PwrSetVoltage = 65 : NULL : WAIT = 0.1
00593 #test power supply
00593 NULL : MeterVolts = 6.5 | 0.1 | 0.1
00593 TEST: MeterVolts 6.5 +/- 0.1
00593 PASS: MeterVolts 6.475
00594 #test feedback
00594 NULL : sdo[0x6401][6] = 6500 | 100 | 0.01
00594 PASS: Read Analogue Input 16-Bit.Port 7B 6442.0
00595 NULL : sdo[0x1001] = 0 | 0.1 | 0.1
00595 PASS: Error Register 0.0
00596 NULL : sdo[0x1003][0] = 0 | 0.1 | 0.1
00596 PASS: Pre-defined Error Field.Number of Errors 0.0
00597 #set power supply
00597 PwrSetVoltage = 70 : NULL : WAIT = 0.1
00598 #test power supply
00598 NULL : MeterVolts = 7.0 | 0.1 | 0.1
00598 TEST: MeterVolts 7.0 +/- 0.1
00598 PASS: MeterVolts 6.971
00599 #test feedback
00599 NULL : sdo[0x6401][6] = 7000 | 100 | 0.01
00599 PASS: Read Analogue Input 16-Bit.Port 7B 6936.0
00600 NULL : sdo[0x1001] = 0 | 0.1 | 0.1
00600 PASS: Error Register 0.0
00601 NULL : sdo[0x1003][0] = 0 | 0.1 | 0.1
00601 PASS: Pre-defined Error Field.Number of Errors 0.0
00602 #set power supply
00602 PwrSetVoltage = 75 : NULL : WAIT = 0.1
00603 #test power supply
00603 NULL : MeterVolts = 7.5 | 0.1 | 0.1
00603 TEST: MeterVolts 7.5 +/- 0.1
00603 PASS: MeterVolts 7.477
00604 #test feedback
00604 NULL : sdo[0x6401][6] = 7500 | 100 | 0.01
00604 PASS: Read Analogue Input 16-Bit.Port 7B 7441.0
00605 NULL : sdo[0x1001] = 0 | 0.1 | 0.1
00605 PASS: Error Register 0.0
00606 NULL : sdo[0x1003][0] = 0 | 0.1 | 0.1
00606 PASS: Pre-defined Error Field.Number of Errors 0.0
00607 #set power supply
00607 PwrSetVoltage = 80 : NULL : WAIT = 0.1
00608 #test power supply
00608 NULL : MeterVolts = 8.0 | 0.1 | 0.1
00608 TEST: MeterVolts 8.0 +/- 0.1
00608 PASS: MeterVolts 7.902
00609 #test feedback
00609 NULL : sdo[0x6401][6] = 8000 | 100 | 0.01
00609 PASS: Read Analogue Input 16-Bit.Port 7B 7940.0
00610 NULL : sdo[0x1001] = 0 | 0.1 | 0.1
00610 PASS: Error Register 0.0
00611 NULL : sdo[0x1003][0] = 0 | 0.1 | 0.1
00611 PASS: Pre-defined Error Field.Number of Errors 0.0
00612 #set power supply
00612 PwrSetVoltage = 85 : NULL : WAIT = 0.1
00613 #test power supply
00613 NULL : MeterVolts = 8.5 | 0.1 | 0.1
00613 TEST: MeterVolts 8.5 +/- 0.1
00613 PASS: MeterVolts 8.418
00614 #test feedback
00614 NULL : sdo[0x6401][6] = 8500 | 100 | 0.01
00614 PASS: Read Analogue Input 16-Bit.Port 7B 8428.0
00615 NULL : sdo[0x1001] = 0 | 0.1 | 0.1
00615 PASS: Error Register 0.0
00616 NULL : sdo[0x1003][0] = 0 | 0.1 | 0.1
00616 PASS: Pre-defined Error Field.Number of Errors 0.0
00617 #set power supply
00617 PwrSetVoltage = 90 : NULL : WAIT = 0.1
00618 #test power supply
00618 NULL : MeterVolts = 9.0 | 0.1 | 0.1
00618 TEST: MeterVolts 9.0 +/- 0.1
00618 PASS: MeterVolts 8.968
00619 #test feedback
00619 NULL : sdo[0x6401][6] = 9000 | 100 | 0.01
00619 PASS: Read Analogue Input 16-Bit.Port 7B 8924.0
00620 NULL : sdo[0x1001] = 0 | 0.1 | 0.1
00620 PASS: Error Register 0.0
00621 NULL : sdo[0x1003][0] = 0 | 0.1 | 0.1
00621 PASS: Pre-defined Error Field.Number of Errors 0.0
00622 #set power supply
00622 PwrSetVoltage = 95 : NULL : WAIT = 0.1
00623 #test power supply
00623 NULL : MeterVolts = 9.5 | 0.1 | 0.1
00623 TEST: MeterVolts 9.5 +/- 0.1
00623 PASS: MeterVolts 9.461
00624 #test feedback
00624 NULL : sdo[0x6401][6] = 9500 | 100 | 0.01
00624 PASS: Read Analogue Input 16-Bit.Port 7B 9412.0
00625 NULL : sdo[0x1001] = 0 | 0.1 | 0.1
00625 PASS: Error Register 0.0
00626 NULL : sdo[0x1003][0] = 0 | 0.1 | 0.1
00626 PASS: Pre-defined Error Field.Number of Errors 0.0
00627 #set power supply
00627 PwrSetVoltage = 100 : NULL : WAIT = 0.1
00628 #test power supply
00628 NULL : MeterVolts = 10.0 | 0.1 | 0.1
00628 TEST: MeterVolts 10.0 +/- 0.1
00628 PASS: MeterVolts 9.963
00629 #test feedback
00629 NULL : sdo[0x6401][6] = 10000 | 100 | 0.01
00629 PASS: Read Analogue Input 16-Bit.Port 7B 9915.0
00630 NULL : sdo[0x1001] = 0 | 0.1 | 0.1
00630 PASS: Error Register 0.0
00631 NULL : sdo[0x1003][0] = 0 | 0.1 | 0.1
00631 PASS: Pre-defined Error Field.Number of Errors 0.0
00632 #set power supply
00632 PwrSetVoltage = 105 : NULL : WAIT = 0.1
00633 #test power supply
00633 NULL : MeterVolts = 10.5 | 0.1 | 0.1
00633 TEST: MeterVolts 10.5 +/- 0.1
00633 PASS: MeterVolts 10.465
00634 #test feedback
00634 NULL : sdo[0x6401][6] = 0 | 0.1 | 0.1
00634 TEST: Read Analogue Input 16-Bit.Port 7B 0.0 +/- 0.1
00634 PASS: Read Analogue Input 16-Bit.Port 7B 0.0
00635 NULL : sdo[0x1001] = 1 | 0.1 | 0.1
00635 PASS: Error Register 1.0
00636 NULL : sdo[0x1003][0] = 1 | 0.1 | 0.1
00636 PASS: Pre-defined Error Field.Number of Errors 1.0
00637 #set power supply
00637 PwrSetVoltage = 106 : NULL : WAIT = 0.1
00638 #test power supply
00638 NULL : MeterVolts = 10.6 | 0.1 | 0.1
00638 TEST: MeterVolts 10.6 +/- 0.1
00638 PASS: MeterVolts 10.536
00639 #test feedback
00639 NULL : sdo[0x6401][6] = 0 | 0.1 | 0.1
00639 TEST: Read Analogue Input 16-Bit.Port 7B 0.0 +/- 0.1
00639 PASS: Read Analogue Input 16-Bit.Port 7B 0.0
00640 NULL : sdo[0x1001] = 1 | 0.1 | 0.1
00640 PASS: Error Register 1.0
00641 NULL : sdo[0x1003][0] = 1 | 0.1 | 0.1
00641 PASS: Pre-defined Error Field.Number of Errors 1.0
00642 
00642 #Finished with port
00642 #switch out input
00642 J3_02 = 0 : NULL : WAIT = 0.1
00643 
00643 #cycle IGN to clear any faults
00643 RLY_K1 = 1 : NULL : WAIT = 1
00644 RLY_K1 = 0 : NULL : WAIT = 0.2
00645 #-----setup 34044-----
00645 sdo[0x2000][1] = 0, sdo[0x2000][2] = 0 : NULL : WAIT = 0.1
00646 #disable global modes
00646 sdo[0x2000][3] = 0 : NULL : WAIT = 0.1
00647 sdo[0x2000][4] = 0 : NULL : WAIT = 0.1
00648 #configure Port Modes
00648 sdo[0x2001][5] = 80 : NULL : WAIT = 0.1
00649 sdo[0x2001][6] = 80 : NULL : WAIT = 0.1
00650 sdo[0x2001][7] = 80 : NULL : WAIT = 0.1
00651 sdo[0x2001][8] = 80 : NULL : WAIT = 0.1
00652 #verify fault clear
00652 NULL : sdo[0x1001] = 0 | 0.1 | 0.1
00652 TEST: Error Register 0.0 +/- 0.1
00652 PASS: Error Register 0.0
00653 #set power supply and wait
00653 PwrSetVoltage = 10 : NULL : WAIT = 0.1
00654 #test power supply
00654 NULL : MeterVolts = 1 | 0.155 | 0.1
00654 TEST: MeterVolts 1.0 +/- 0.155
00654 PASS: MeterVolts 1.002
00655 #switch input to load line
00655 J3_04 = 1 : NULL : WAIT = 0.1
00656 
00656 #Sweep of Input_8B from 1 to 10 in 0.5 increments
00656 
00656 #set power supply
00656 PwrSetVoltage = 10 : NULL : WAIT = 0.1
00657 #test power supply
00657 NULL : MeterVolts = 1 | 0.1 | 0.1
00657 TEST: MeterVolts 1.0 +/- 0.1
00657 PASS: MeterVolts 0.998
00658 #test feedback
00658 NULL : sdo[0x6401][8] = 1000 | 100 | 0.01
00658 PASS: Read Analogue Input 16-Bit.Port 8B 984.0
00659 NULL : sdo[0x1001] = 0 | 0.1 | 0.1
00659 PASS: Error Register 0.0
00660 NULL : sdo[0x1003][0] = 0 | 0.1 | 0.1
00660 PASS: Pre-defined Error Field.Number of Errors 0.0
00661 #set power supply
00661 PwrSetVoltage = 15 : NULL : WAIT = 0.1
00662 #test power supply
00662 NULL : MeterVolts = 1.5 | 0.1 | 0.1
00662 TEST: MeterVolts 1.5 +/- 0.1
00662 PASS: MeterVolts 1.489
00663 #test feedback
00663 NULL : sdo[0x6401][8] = 1500 | 100 | 0.01
00663 PASS: Read Analogue Input 16-Bit.Port 8B 1494.0
00664 NULL : sdo[0x1001] = 0 | 0.1 | 0.1
00664 PASS: Error Register 0.0
00665 NULL : sdo[0x1003][0] = 0 | 0.1 | 0.1
00665 PASS: Pre-defined Error Field.Number of Errors 0.0
00666 #set power supply
00666 PwrSetVoltage = 20 : NULL : WAIT = 0.1
00667 #test power supply
00667 NULL : MeterVolts = 2.0 | 0.1 | 0.1
00667 TEST: MeterVolts 2.0 +/- 0.1
00667 PASS: MeterVolts 2.007
00668 #test feedback
00668 NULL : sdo[0x6401][8] = 2000 | 100 | 0.01
00668 PASS: Read Analogue Input 16-Bit.Port 8B 1993.0
00669 NULL : sdo[0x1001] = 0 | 0.1 | 0.1
00669 PASS: Error Register 0.0
00670 NULL : sdo[0x1003][0] = 0 | 0.1 | 0.1
00670 PASS: Pre-defined Error Field.Number of Errors 0.0
00671 #set power supply
00671 PwrSetVoltage = 25 : NULL : WAIT = 0.1
00672 #test power supply
00672 NULL : MeterVolts = 2.5 | 0.1 | 0.1
00672 TEST: MeterVolts 2.5 +/- 0.1
00672 PASS: MeterVolts 2.506
00673 #test feedback
00673 NULL : sdo[0x6401][8] = 2500 | 100 | 0.01
00673 PASS: Read Analogue Input 16-Bit.Port 8B 2486.0
00674 NULL : sdo[0x1001] = 0 | 0.1 | 0.1
00674 PASS: Error Register 0.0
00675 NULL : sdo[0x1003][0] = 0 | 0.1 | 0.1
00675 PASS: Pre-defined Error Field.Number of Errors 0.0
00676 #set power supply
00676 PwrSetVoltage = 30 : NULL : WAIT = 0.1
00677 #test power supply
00677 NULL : MeterVolts = 3.0 | 0.1 | 0.1
00677 TEST: MeterVolts 3.0 +/- 0.1
00677 PASS: MeterVolts 2.994
00678 #test feedback
00678 NULL : sdo[0x6401][8] = 3000 | 100 | 0.01
00678 PASS: Read Analogue Input 16-Bit.Port 8B 2974.0
00679 NULL : sdo[0x1001] = 0 | 0.1 | 0.1
00679 PASS: Error Register 0.0
00680 NULL : sdo[0x1003][0] = 0 | 0.1 | 0.1
00680 PASS: Pre-defined Error Field.Number of Errors 0.0
00681 #set power supply
00681 PwrSetVoltage = 35 : NULL : WAIT = 0.1
00682 #test power supply
00682 NULL : MeterVolts = 3.5 | 0.1 | 0.1
00682 TEST: MeterVolts 3.5 +/- 0.1
00682 PASS: MeterVolts 3.49
00683 #test feedback
00683 NULL : sdo[0x6401][8] = 3500 | 100 | 0.01
00683 PASS: Read Analogue Input 16-Bit.Port 8B 3468.0
00684 NULL : sdo[0x1001] = 0 | 0.1 | 0.1
00684 PASS: Error Register 0.0
00685 NULL : sdo[0x1003][0] = 0 | 0.1 | 0.1
00685 PASS: Pre-defined Error Field.Number of Errors 0.0
00686 #set power supply
00686 PwrSetVoltage = 40 : NULL : WAIT = 0.1
00687 #test power supply
00687 NULL : MeterVolts = 4.0 | 0.1 | 0.1
00687 TEST: MeterVolts 4.0 +/- 0.1
00687 PASS: MeterVolts 3.989
00688 #test feedback
00688 NULL : sdo[0x6401][8] = 4000 | 100 | 0.01
00688 PASS: Read Analogue Input 16-Bit.Port 8B 3963.0
00689 NULL : sdo[0x1001] = 0 | 0.1 | 0.1
00689 PASS: Error Register 0.0
00690 NULL : sdo[0x1003][0] = 0 | 0.1 | 0.1
00690 PASS: Pre-defined Error Field.Number of Errors 0.0
00691 #set power supply
00691 PwrSetVoltage = 45 : NULL : WAIT = 0.1
00692 #test power supply
00692 NULL : MeterVolts = 4.5 | 0.1 | 0.1
00692 TEST: MeterVolts 4.5 +/- 0.1
00692 PASS: MeterVolts 4.483
00693 #test feedback
00693 NULL : sdo[0x6401][8] = 4500 | 100 | 0.01
00693 PASS: Read Analogue Input 16-Bit.Port 8B 4459.0
00694 NULL : sdo[0x1001] = 0 | 0.1 | 0.1
00694 PASS: Error Register 0.0
00695 NULL : sdo[0x1003][0] = 0 | 0.1 | 0.1
00695 PASS: Pre-defined Error Field.Number of Errors 0.0
00696 #set power supply
00696 PwrSetVoltage = 50 : NULL : WAIT = 0.1
00697 #test power supply
00697 NULL : MeterVolts = 5.0 | 0.1 | 0.1
00697 TEST: MeterVolts 5.0 +/- 0.1
00697 PASS: MeterVolts 4.983
00698 #test feedback
00698 NULL : sdo[0x6401][8] = 5000 | 100 | 0.01
00698 PASS: Read Analogue Input 16-Bit.Port 8B 4955.0
00699 NULL : sdo[0x1001] = 0 | 0.1 | 0.1
00699 PASS: Error Register 0.0
00700 NULL : sdo[0x1003][0] = 0 | 0.1 | 0.1
00700 PASS: Pre-defined Error Field.Number of Errors 0.0
00701 #set power supply
00701 PwrSetVoltage = 55 : NULL : WAIT = 0.1
00702 #test power supply
00702 NULL : MeterVolts = 5.5 | 0.1 | 0.1
00702 TEST: MeterVolts 5.5 +/- 0.1
00702 PASS: MeterVolts 5.475
00703 #test feedback
00703 NULL : sdo[0x6401][8] = 5500 | 100 | 0.01
00703 PASS: Read Analogue Input 16-Bit.Port 8B 5448.0
00704 NULL : sdo[0x1001] = 0 | 0.1 | 0.1
00704 PASS: Error Register 0.0
00705 NULL : sdo[0x1003][0] = 0 | 0.1 | 0.1
00705 PASS: Pre-defined Error Field.Number of Errors 0.0
00706 #set power supply
00706 PwrSetVoltage = 60 : NULL : WAIT = 0.1
00707 #test power supply
00707 NULL : MeterVolts = 6.0 | 0.1 | 0.1
00707 TEST: MeterVolts 6.0 +/- 0.1
00707 PASS: MeterVolts 5.974
00708 #test feedback
00708 NULL : sdo[0x6401][8] = 6000 | 100 | 0.01
00708 PASS: Read Analogue Input 16-Bit.Port 8B 5949.0
00709 NULL : sdo[0x1001] = 0 | 0.1 | 0.1
00709 PASS: Error Register 0.0
00710 NULL : sdo[0x1003][0] = 0 | 0.1 | 0.1
00710 PASS: Pre-defined Error Field.Number of Errors 0.0
00711 #set power supply
00711 PwrSetVoltage = 65 : NULL : WAIT = 0.1
00712 #test power supply
00712 NULL : MeterVolts = 6.5 | 0.1 | 0.1
00712 TEST: MeterVolts 6.5 +/- 0.1
00712 PASS: MeterVolts 6.475
00713 #test feedback
00713 NULL : sdo[0x6401][8] = 6500 | 100 | 0.01
00713 PASS: Read Analogue Input 16-Bit.Port 8B 6447.0
00714 NULL : sdo[0x1001] = 0 | 0.1 | 0.1
00714 PASS: Error Register 0.0
00715 NULL : sdo[0x1003][0] = 0 | 0.1 | 0.1
00715 PASS: Pre-defined Error Field.Number of Errors 0.0
00716 #set power supply
00716 PwrSetVoltage = 70 : NULL : WAIT = 0.1
00717 #test power supply
00717 NULL : MeterVolts = 7.0 | 0.1 | 0.1
00717 TEST: MeterVolts 7.0 +/- 0.1
00717 PASS: MeterVolts 6.969
00718 #test feedback
00718 NULL : sdo[0x6401][8] = 7000 | 100 | 0.01
00718 PASS: Read Analogue Input 16-Bit.Port 8B 6938.0
00719 NULL : sdo[0x1001] = 0 | 0.1 | 0.1
00719 PASS: Error Register 0.0
00720 NULL : sdo[0x1003][0] = 0 | 0.1 | 0.1
00720 PASS: Pre-defined Error Field.Number of Errors 0.0
00721 #set power supply
00721 PwrSetVoltage = 75 : NULL : WAIT = 0.1
00722 #test power supply
00722 NULL : MeterVolts = 7.5 | 0.1 | 0.1
00722 TEST: MeterVolts 7.5 +/- 0.1
00722 PASS: MeterVolts 7.476
00723 #test feedback
00723 NULL : sdo[0x6401][8] = 7500 | 100 | 0.01
00723 PASS: Read Analogue Input 16-Bit.Port 8B 7441.0
00724 NULL : sdo[0x1001] = 0 | 0.1 | 0.1
00724 PASS: Error Register 0.0
00725 NULL : sdo[0x1003][0] = 0 | 0.1 | 0.1
00725 PASS: Pre-defined Error Field.Number of Errors 0.0
00726 #set power supply
00726 PwrSetVoltage = 80 : NULL : WAIT = 0.1
00727 #test power supply
00727 NULL : MeterVolts = 8.0 | 0.1 | 0.1
00727 TEST: MeterVolts 8.0 +/- 0.1
00727 PASS: MeterVolts 7.978
00728 #test feedback
00728 NULL : sdo[0x6401][8] = 8000 | 100 | 0.01
00728 PASS: Read Analogue Input 16-Bit.Port 8B 7947.0
00729 NULL : sdo[0x1001] = 0 | 0.1 | 0.1
00729 PASS: Error Register 0.0
00730 NULL : sdo[0x1003][0] = 0 | 0.1 | 0.1
00730 PASS: Pre-defined Error Field.Number of Errors 0.0
00731 #set power supply
00731 PwrSetVoltage = 85 : NULL : WAIT = 0.1
00732 #test power supply
00732 NULL : MeterVolts = 8.5 | 0.1 | 0.1
00732 TEST: MeterVolts 8.5 +/- 0.1
00732 PASS: MeterVolts 8.406
00733 #test feedback
00733 NULL : sdo[0x6401][8] = 8500 | 100 | 0.01
00733 PASS: Read Analogue Input 16-Bit.Port 8B 8435.0
00734 NULL : sdo[0x1001] = 0 | 0.1 | 0.1
00734 PASS: Error Register 0.0
00735 NULL : sdo[0x1003][0] = 0 | 0.1 | 0.1
00735 PASS: Pre-defined Error Field.Number of Errors 0.0
00736 #set power supply
00736 PwrSetVoltage = 90 : NULL : WAIT = 0.1
00737 #test power supply
00737 NULL : MeterVolts = 9.0 | 0.1 | 0.1
00737 TEST: MeterVolts 9.0 +/- 0.1
00737 PASS: MeterVolts 8.966
00738 #test feedback
00738 NULL : sdo[0x6401][8] = 9000 | 100 | 0.01
00738 PASS: Read Analogue Input 16-Bit.Port 8B 8929.0
00739 NULL : sdo[0x1001] = 0 | 0.1 | 0.1
00739 PASS: Error Register 0.0
00740 NULL : sdo[0x1003][0] = 0 | 0.1 | 0.1
00740 PASS: Pre-defined Error Field.Number of Errors 0.0
00741 #set power supply
00741 PwrSetVoltage = 95 : NULL : WAIT = 0.1
00742 #test power supply
00742 NULL : MeterVolts = 9.5 | 0.1 | 0.1
00742 TEST: MeterVolts 9.5 +/- 0.1
00742 PASS: MeterVolts 9.459
00743 #test feedback
00743 NULL : sdo[0x6401][8] = 9500 | 100 | 0.01
00743 PASS: Read Analogue Input 16-Bit.Port 8B 9419.0
00744 NULL : sdo[0x1001] = 0 | 0.1 | 0.1
00744 PASS: Error Register 0.0
00745 NULL : sdo[0x1003][0] = 0 | 0.1 | 0.1
00745 PASS: Pre-defined Error Field.Number of Errors 0.0
00746 #set power supply
00746 PwrSetVoltage = 100 : NULL : WAIT = 0.1
00747 #test power supply
00747 NULL : MeterVolts = 10.0 | 0.1 | 0.1
00747 TEST: MeterVolts 10.0 +/- 0.1
00747 PASS: MeterVolts 9.963
00748 #test feedback
00748 NULL : sdo[0x6401][8] = 10000 | 100 | 0.01
00748 PASS: Read Analogue Input 16-Bit.Port 8B 9923.0
00749 NULL : sdo[0x1001] = 0 | 0.1 | 0.1
00749 PASS: Error Register 0.0
00750 NULL : sdo[0x1003][0] = 0 | 0.1 | 0.1
00750 PASS: Pre-defined Error Field.Number of Errors 0.0
00751 #set power supply
00751 PwrSetVoltage = 105 : NULL : WAIT = 0.1
00752 #test power supply
00752 NULL : MeterVolts = 10.5 | 0.1 | 0.1
00752 TEST: MeterVolts 10.5 +/- 0.1
00752 PASS: MeterVolts 10.463
00753 #test feedback
00753 NULL : sdo[0x6401][8] = 0 | 0.1 | 0.1
00753 TEST: Read Analogue Input 16-Bit.Port 8B 0.0 +/- 0.1
00753 PASS: Read Analogue Input 16-Bit.Port 8B 0.0
00754 NULL : sdo[0x1001] = 1 | 0.1 | 0.1
00754 PASS: Error Register 1.0
00755 NULL : sdo[0x1003][0] = 1 | 0.1 | 0.1
00755 PASS: Pre-defined Error Field.Number of Errors 1.0
00756 #set power supply
00756 PwrSetVoltage = 106 : NULL : WAIT = 0.1
00757 #test power supply
00757 NULL : MeterVolts = 10.6 | 0.1 | 0.1
00757 TEST: MeterVolts 10.6 +/- 0.1
00757 PASS: MeterVolts 10.504
00758 #test feedback
00758 NULL : sdo[0x6401][8] = 0 | 0.1 | 0.1
00758 TEST: Read Analogue Input 16-Bit.Port 8B 0.0 +/- 0.1
00758 PASS: Read Analogue Input 16-Bit.Port 8B 0.0
00759 NULL : sdo[0x1001] = 1 | 0.1 | 0.1
00759 PASS: Error Register 1.0
00760 NULL : sdo[0x1003][0] = 1 | 0.1 | 0.1
00760 PASS: Pre-defined Error Field.Number of Errors 1.0
00761 
00761 #Finished with port
00761 #switch out input
00761 J3_04 = 0 : NULL : WAIT = 0.1
00762 
00762 
00762 #Finished with mode
00762 #cycle IGN to clear any faults
00762 RLY_K1 = 1 : NULL : WAIT = 1
00763 RLY_K1 = 0 : NULL : WAIT = 0.2
00764 #-----setup 34044-----
00764 sdo[0x2000][1] = 0, sdo[0x2000][2] = 0 : NULL : WAIT = 0.1
00765 #disable global modes
00765 sdo[0x2000][3] = 0 : NULL : WAIT = 0.1
00766 sdo[0x2000][4] = 0 : NULL : WAIT = 0.1
00767 #configure Port Modes
00767 sdo[0x2001][5] = 96 : NULL : WAIT = 0.1
00768 sdo[0x2001][6] = 96 : NULL : WAIT = 0.1
00769 sdo[0x2001][7] = 96 : NULL : WAIT = 0.1
00770 sdo[0x2001][8] = 96 : NULL : WAIT = 0.1
00771 #verify fault clear
00771 NULL : sdo[0x1001] = 0 | 0.1 | 0.1
00771 TEST: Error Register 0.0 +/- 0.1
00771 PASS: Error Register 0.0
00772 #set power supply and wait
00772 PwrSetVoltage = 10 : NULL : WAIT = 0.1
00773 #test power supply
00773 NULL : MeterVolts = 1 | 0.155 | 0.1
00773 TEST: MeterVolts 1.0 +/- 0.155
00773 PASS: MeterVolts 1.003
00774 #switch input to load line
00774 J2_10 = 1 : NULL : WAIT = 0.1
00775 
00775 #Sweep of Input_5B from 1 to 32 in 0.5 increments
00775 
00775 #set power supply
00775 PwrSetVoltage = 10 : NULL : WAIT = 0.1
00776 #test power supply
00776 NULL : MeterVolts = 1 | 0.32 | 0.1
00776 TEST: MeterVolts 1.0 +/- 0.32
00776 PASS: MeterVolts 0.998
00777 #test feedback
00777 NULL : sdo[0x6401][2] = 1000 | 320 | 0.01
00777 PASS: Read Analogue Input 16-Bit.Port 5B 982.0
00778 NULL : sdo[0x1001] = 0 | 0.1 | 0.1
00778 PASS: Error Register 0.0
00779 NULL : sdo[0x1003][0] = 0 | 0.1 | 0.1
00779 PASS: Pre-defined Error Field.Number of Errors 0.0
00780 #set power supply
00780 PwrSetVoltage = 15 : NULL : WAIT = 0.1
00781 #test power supply
00781 NULL : MeterVolts = 1.5 | 0.32 | 0.1
00781 TEST: MeterVolts 1.5 +/- 0.32
00781 PASS: MeterVolts 1.478
00782 #test feedback
00782 NULL : sdo[0x6401][2] = 1500 | 320 | 0.01
00782 PASS: Read Analogue Input 16-Bit.Port 5B 1494.0
00783 NULL : sdo[0x1001] = 0 | 0.1 | 0.1
00783 PASS: Error Register 0.0
00784 NULL : sdo[0x1003][0] = 0 | 0.1 | 0.1
00784 PASS: Pre-defined Error Field.Number of Errors 0.0
00785 #set power supply
00785 PwrSetVoltage = 20 : NULL : WAIT = 0.1
00786 #test power supply
00786 NULL : MeterVolts = 2.0 | 0.32 | 0.1
00786 TEST: MeterVolts 2.0 +/- 0.32
00786 PASS: MeterVolts 1.996
00787 #test feedback
00787 NULL : sdo[0x6401][2] = 2000 | 320 | 0.01
00787 PASS: Read Analogue Input 16-Bit.Port 5B 1982.0
00788 NULL : sdo[0x1001] = 0 | 0.1 | 0.1
00788 PASS: Error Register 0.0
00789 NULL : sdo[0x1003][0] = 0 | 0.1 | 0.1
00789 PASS: Pre-defined Error Field.Number of Errors 0.0
00790 #set power supply
00790 PwrSetVoltage = 25 : NULL : WAIT = 0.1
00791 #test power supply
00791 NULL : MeterVolts = 2.5 | 0.32 | 0.1
00791 TEST: MeterVolts 2.5 +/- 0.32
00791 PASS: MeterVolts 2.506
00792 #test feedback
00792 NULL : sdo[0x6401][2] = 2500 | 320 | 0.01
00792 PASS: Read Analogue Input 16-Bit.Port 5B 2485.0
00793 NULL : sdo[0x1001] = 0 | 0.1 | 0.1
00793 PASS: Error Register 0.0
00794 NULL : sdo[0x1003][0] = 0 | 0.1 | 0.1
00794 PASS: Pre-defined Error Field.Number of Errors 0.0
00795 #set power supply
00795 PwrSetVoltage = 30 : NULL : WAIT = 0.1
00796 #test power supply
00796 NULL : MeterVolts = 3.0 | 0.32 | 0.1
00796 TEST: MeterVolts 3.0 +/- 0.32
00796 PASS: MeterVolts 2.995
00797 #test feedback
00797 NULL : sdo[0x6401][2] = 3000 | 320 | 0.01
00797 PASS: Read Analogue Input 16-Bit.Port 5B 2973.0
00798 NULL : sdo[0x1001] = 0 | 0.1 | 0.1
00798 PASS: Error Register 0.0
00799 NULL : sdo[0x1003][0] = 0 | 0.1 | 0.1
00799 PASS: Pre-defined Error Field.Number of Errors 0.0
00800 #set power supply
00800 PwrSetVoltage = 35 : NULL : WAIT = 0.1
00801 #test power supply
00801 NULL : MeterVolts = 3.5 | 0.32 | 0.1
00801 TEST: MeterVolts 3.5 +/- 0.32
00801 PASS: MeterVolts 3.192
00802 #test feedback
00802 NULL : sdo[0x6401][2] = 3500 | 320 | 0.01
00802 PASS: Read Analogue Input 16-Bit.Port 5B 3468.0
00803 NULL : sdo[0x1001] = 0 | 0.1 | 0.1
00803 PASS: Error Register 0.0
00804 NULL : sdo[0x1003][0] = 0 | 0.1 | 0.1
00804 PASS: Pre-defined Error Field.Number of Errors 0.0
00805 #set power supply
00805 PwrSetVoltage = 40 : NULL : WAIT = 0.1
00806 #test power supply
00806 NULL : MeterVolts = 4.0 | 0.32 | 0.1
00806 TEST: MeterVolts 4.0 +/- 0.32
00806 PASS: MeterVolts 3.856
00807 #test feedback
00807 NULL : sdo[0x6401][2] = 4000 | 320 | 0.01
00807 PASS: Read Analogue Input 16-Bit.Port 5B 3964.0
00808 NULL : sdo[0x1001] = 0 | 0.1 | 0.1
00808 PASS: Error Register 0.0
00809 NULL : sdo[0x1003][0] = 0 | 0.1 | 0.1
00809 PASS: Pre-defined Error Field.Number of Errors 0.0
00810 #set power supply
00810 PwrSetVoltage = 45 : NULL : WAIT = 0.1
00811 #test power supply
00811 NULL : MeterVolts = 4.5 | 0.32 | 0.1
00811 TEST: MeterVolts 4.5 +/- 0.32
00811 PASS: MeterVolts 4.481
00812 #test feedback
00812 NULL : sdo[0x6401][2] = 4500 | 320 | 0.01
00812 PASS: Read Analogue Input 16-Bit.Port 5B 4459.0
00813 NULL : sdo[0x1001] = 0 | 0.1 | 0.1
00813 PASS: Error Register 0.0
00814 NULL : sdo[0x1003][0] = 0 | 0.1 | 0.1
00814 PASS: Pre-defined Error Field.Number of Errors 0.0
00815 #set power supply
00815 PwrSetVoltage = 50 : NULL : WAIT = 0.1
00816 #test power supply
00816 NULL : MeterVolts = 5.0 | 0.32 | 0.1
00816 TEST: MeterVolts 5.0 +/- 0.32
00816 PASS: MeterVolts 4.684
00817 #test feedback
00817 NULL : sdo[0x6401][2] = 5000 | 320 | 0.01
00817 PASS: Read Analogue Input 16-Bit.Port 5B 4963.0
00818 NULL : sdo[0x1001] = 0 | 0.1 | 0.1
00818 PASS: Error Register 0.0
00819 NULL : sdo[0x1003][0] = 0 | 0.1 | 0.1
00819 PASS: Pre-defined Error Field.Number of Errors 0.0
00820 #set power supply
00820 PwrSetVoltage = 55 : NULL : WAIT = 0.1
00821 #test power supply
00821 NULL : MeterVolts = 5.5 | 0.32 | 0.1
00821 TEST: MeterVolts 5.5 +/- 0.32
00821 PASS: MeterVolts 5.35
00822 #test feedback
00822 NULL : sdo[0x6401][2] = 5500 | 320 | 0.01
00822 PASS: Read Analogue Input 16-Bit.Port 5B 5450.0
00823 NULL : sdo[0x1001] = 0 | 0.1 | 0.1
00823 PASS: Error Register 0.0
00824 NULL : sdo[0x1003][0] = 0 | 0.1 | 0.1
00824 PASS: Pre-defined Error Field.Number of Errors 0.0
00825 #set power supply
00825 PwrSetVoltage = 60 : NULL : WAIT = 0.1
00826 #test power supply
00826 NULL : MeterVolts = 6.0 | 0.32 | 0.1
00826 TEST: MeterVolts 6.0 +/- 0.32
00826 PASS: MeterVolts 5.973
00827 #test feedback
00827 NULL : sdo[0x6401][2] = 6000 | 320 | 0.01
00827 PASS: Read Analogue Input 16-Bit.Port 5B 5938.0
00828 NULL : sdo[0x1001] = 0 | 0.1 | 0.1
00828 PASS: Error Register 0.0
00829 NULL : sdo[0x1003][0] = 0 | 0.1 | 0.1
00829 PASS: Pre-defined Error Field.Number of Errors 0.0
00830 #set power supply
00830 PwrSetVoltage = 65 : NULL : WAIT = 0.1
00831 #test power supply
00831 NULL : MeterVolts = 6.5 | 0.32 | 0.1
00831 TEST: MeterVolts 6.5 +/- 0.32
00831 PASS: MeterVolts 6.474
00832 #test feedback
00832 NULL : sdo[0x6401][2] = 6500 | 320 | 0.01
00832 PASS: Read Analogue Input 16-Bit.Port 5B 6442.0
00833 NULL : sdo[0x1001] = 0 | 0.1 | 0.1
00833 PASS: Error Register 0.0
00834 NULL : sdo[0x1003][0] = 0 | 0.1 | 0.1
00834 PASS: Pre-defined Error Field.Number of Errors 0.0
00835 #set power supply
00835 PwrSetVoltage = 70 : NULL : WAIT = 0.1
00836 #test power supply
00836 NULL : MeterVolts = 7.0 | 0.32 | 0.1
00836 TEST: MeterVolts 7.0 +/- 0.32
00836 PASS: MeterVolts 6.97
00837 #test feedback
00837 NULL : sdo[0x6401][2] = 7000 | 320 | 0.01
00837 PASS: Read Analogue Input 16-Bit.Port 5B 6945.0
00838 NULL : sdo[0x1001] = 0 | 0.1 | 0.1
00838 PASS: Error Register 0.0
00839 NULL : sdo[0x1003][0] = 0 | 0.1 | 0.1
00839 PASS: Pre-defined Error Field.Number of Errors 0.0
00840 #set power supply
00840 PwrSetVoltage = 75 : NULL : WAIT = 0.1
00841 #test power supply
00841 NULL : MeterVolts = 7.5 | 0.32 | 0.1
00841 TEST: MeterVolts 7.5 +/- 0.32
00841 PASS: MeterVolts 7.476
00842 #test feedback
00842 NULL : sdo[0x6401][2] = 7500 | 320 | 0.01
00842 PASS: Read Analogue Input 16-Bit.Port 5B 7449.0
00843 NULL : sdo[0x1001] = 0 | 0.1 | 0.1
00843 PASS: Error Register 0.0
00844 NULL : sdo[0x1003][0] = 0 | 0.1 | 0.1
00844 PASS: Pre-defined Error Field.Number of Errors 0.0
00845 #set power supply
00845 PwrSetVoltage = 80 : NULL : WAIT = 0.1
00846 #test power supply
00846 NULL : MeterVolts = 8.0 | 0.32 | 0.1
00846 TEST: MeterVolts 8.0 +/- 0.32
00846 PASS: MeterVolts 7.98
00847 #test feedback
00847 NULL : sdo[0x6401][2] = 8000 | 320 | 0.01
00847 PASS: Read Analogue Input 16-Bit.Port 5B 7953.0
00848 NULL : sdo[0x1001] = 0 | 0.1 | 0.1
00848 PASS: Error Register 0.0
00849 NULL : sdo[0x1003][0] = 0 | 0.1 | 0.1
00849 PASS: Pre-defined Error Field.Number of Errors 0.0
00850 #set power supply
00850 PwrSetVoltage = 85 : NULL : WAIT = 0.1
00851 #test power supply
00851 NULL : MeterVolts = 8.5 | 0.32 | 0.1
00851 TEST: MeterVolts 8.5 +/- 0.32
00851 PASS: MeterVolts 8.47
00852 #test feedback
00852 NULL : sdo[0x6401][2] = 8500 | 320 | 0.01
00852 PASS: Read Analogue Input 16-Bit.Port 5B 8440.0
00853 NULL : sdo[0x1001] = 0 | 0.1 | 0.1
00853 PASS: Error Register 0.0
00854 NULL : sdo[0x1003][0] = 0 | 0.1 | 0.1
00854 PASS: Pre-defined Error Field.Number of Errors 0.0
00855 #set power supply
00855 PwrSetVoltage = 90 : NULL : WAIT = 0.1
00856 #test power supply
00856 NULL : MeterVolts = 9.0 | 0.32 | 0.1
00856 TEST: MeterVolts 9.0 +/- 0.32
00856 PASS: MeterVolts 8.968
00857 #test feedback
00857 NULL : sdo[0x6401][2] = 9000 | 320 | 0.01
00857 PASS: Read Analogue Input 16-Bit.Port 5B 8936.0
00858 NULL : sdo[0x1001] = 0 | 0.1 | 0.1
00858 PASS: Error Register 0.0
00859 NULL : sdo[0x1003][0] = 0 | 0.1 | 0.1
00859 PASS: Pre-defined Error Field.Number of Errors 0.0
00860 #set power supply
00860 PwrSetVoltage = 95 : NULL : WAIT = 0.1
00861 #test power supply
00861 NULL : MeterVolts = 9.5 | 0.32 | 0.1
00861 TEST: MeterVolts 9.5 +/- 0.32
00861 PASS: MeterVolts 9.461
00862 #test feedback
00862 NULL : sdo[0x6401][2] = 9500 | 320 | 0.01
00862 PASS: Read Analogue Input 16-Bit.Port 5B 9431.0
00863 NULL : sdo[0x1001] = 0 | 0.1 | 0.1
00863 PASS: Error Register 0.0
00864 NULL : sdo[0x1003][0] = 0 | 0.1 | 0.1
00864 PASS: Pre-defined Error Field.Number of Errors 0.0
00865 #set power supply
00865 PwrSetVoltage = 100 : NULL : WAIT = 0.1
00866 #test power supply
00866 NULL : MeterVolts = 10.0 | 0.32 | 0.1
00866 TEST: MeterVolts 10.0 +/- 0.32
00866 PASS: MeterVolts 9.695
00867 #test feedback
00867 NULL : sdo[0x6401][2] = 10000 | 320 | 0.01
00867 PASS: Read Analogue Input 16-Bit.Port 5B 9927.0
00868 NULL : sdo[0x1001] = 0 | 0.1 | 0.1
00868 PASS: Error Register 0.0
00869 NULL : sdo[0x1003][0] = 0 | 0.1 | 0.1
00869 PASS: Pre-defined Error Field.Number of Errors 0.0
00870 #set power supply
00870 PwrSetVoltage = 105 : NULL : WAIT = 0.1
00871 #test power supply
00871 NULL : MeterVolts = 10.5 | 0.32 | 0.1
00871 TEST: MeterVolts 10.5 +/- 0.32
00871 PASS: MeterVolts 10.367
00872 #test feedback
00872 NULL : sdo[0x6401][2] = 10500 | 320 | 0.01
00872 PASS: Read Analogue Input 16-Bit.Port 5B 10431.0
00873 NULL : sdo[0x1001] = 0 | 0.1 | 0.1
00873 PASS: Error Register 0.0
00874 NULL : sdo[0x1003][0] = 0 | 0.1 | 0.1
00874 PASS: Pre-defined Error Field.Number of Errors 0.0
00875 #set power supply
00875 PwrSetVoltage = 110 : NULL : WAIT = 0.1
00876 #test power supply
00876 NULL : MeterVolts = 11.0 | 0.32 | 0.1
00876 TEST: MeterVolts 11.0 +/- 0.32
00876 PASS: MeterVolts 10.955
00877 #test feedback
00877 NULL : sdo[0x6401][2] = 11000 | 320 | 0.01
00877 PASS: Read Analogue Input 16-Bit.Port 5B 10918.0
00878 NULL : sdo[0x1001] = 0 | 0.1 | 0.1
00878 PASS: Error Register 0.0
00879 NULL : sdo[0x1003][0] = 0 | 0.1 | 0.1
00879 PASS: Pre-defined Error Field.Number of Errors 0.0
00880 #set power supply
00880 PwrSetVoltage = 115 : NULL : WAIT = 0.1
00881 #test power supply
00881 NULL : MeterVolts = 11.5 | 0.32 | 0.1
00881 TEST: MeterVolts 11.5 +/- 0.32
00881 PASS: MeterVolts 11.455
00882 #test feedback
00882 NULL : sdo[0x6401][2] = 11500 | 320 | 0.01
00882 PASS: Read Analogue Input 16-Bit.Port 5B 11422.0
00883 NULL : sdo[0x1001] = 0 | 0.1 | 0.1
00883 PASS: Error Register 0.0
00884 NULL : sdo[0x1003][0] = 0 | 0.1 | 0.1
00884 PASS: Pre-defined Error Field.Number of Errors 0.0
00885 #set power supply
00885 PwrSetVoltage = 120 : NULL : WAIT = 0.1
00886 #test power supply
00886 NULL : MeterVolts = 12.0 | 0.32 | 0.1
00886 TEST: MeterVolts 12.0 +/- 0.32
00886 PASS: MeterVolts 11.948
00887 #test feedback
00887 NULL : sdo[0x6401][2] = 12000 | 320 | 0.01
00887 PASS: Read Analogue Input 16-Bit.Port 5B 11917.0
00888 NULL : sdo[0x1001] = 0 | 0.1 | 0.1
00888 PASS: Error Register 0.0
00889 NULL : sdo[0x1003][0] = 0 | 0.1 | 0.1
00889 PASS: Pre-defined Error Field.Number of Errors 0.0
00890 #set power supply
00890 PwrSetVoltage = 125 : NULL : WAIT = 0.1
00891 #test power supply
00891 NULL : MeterVolts = 12.5 | 0.32 | 0.1
00891 TEST: MeterVolts 12.5 +/- 0.32
00891 PASS: MeterVolts 12.242
00892 #test feedback
00892 NULL : sdo[0x6401][2] = 12500 | 320 | 0.01
00892 PASS: Read Analogue Input 16-Bit.Port 5B 12413.0
00893 NULL : sdo[0x1001] = 0 | 0.1 | 0.1
00893 PASS: Error Register 0.0
00894 NULL : sdo[0x1003][0] = 0 | 0.1 | 0.1
00894 PASS: Pre-defined Error Field.Number of Errors 0.0
00895 #set power supply
00895 PwrSetVoltage = 130 : NULL : WAIT = 0.1
00896 #test power supply
00896 NULL : MeterVolts = 13.0 | 0.32 | 0.1
00896 TEST: MeterVolts 13.0 +/- 0.32
00896 PASS: MeterVolts 12.914
00897 #test feedback
00897 NULL : sdo[0x6401][2] = 13000 | 320 | 0.01
00897 PASS: Read Analogue Input 16-Bit.Port 5B 12917.0
00898 NULL : sdo[0x1001] = 0 | 0.1 | 0.1
00898 PASS: Error Register 0.0
00899 NULL : sdo[0x1003][0] = 0 | 0.1 | 0.1
00899 PASS: Pre-defined Error Field.Number of Errors 0.0
00900 #set power supply
00900 PwrSetVoltage = 135 : NULL : WAIT = 0.1
00901 #test power supply
00901 NULL : MeterVolts = 13.5 | 0.32 | 0.1
00901 TEST: MeterVolts 13.5 +/- 0.32
00901 PASS: MeterVolts 13.43
00902 #test feedback
00902 NULL : sdo[0x6401][2] = 13500 | 320 | 0.01
00902 PASS: Read Analogue Input 16-Bit.Port 5B 13412.0
00903 NULL : sdo[0x1001] = 0 | 0.1 | 0.1
00903 PASS: Error Register 0.0
00904 NULL : sdo[0x1003][0] = 0 | 0.1 | 0.1
00904 PASS: Pre-defined Error Field.Number of Errors 0.0
00905 #set power supply
00905 PwrSetVoltage = 140 : NULL : WAIT = 0.1
00906 #test power supply
00906 NULL : MeterVolts = 14.0 | 0.32 | 0.1
00906 TEST: MeterVolts 14.0 +/- 0.32
00906 PASS: MeterVolts 13.945
00907 #test feedback
00907 NULL : sdo[0x6401][2] = 14000 | 320 | 0.01
00907 PASS: Read Analogue Input 16-Bit.Port 5B 13908.0
00908 NULL : sdo[0x1001] = 0 | 0.1 | 0.1
00908 PASS: Error Register 0.0
00909 NULL : sdo[0x1003][0] = 0 | 0.1 | 0.1
00909 PASS: Pre-defined Error Field.Number of Errors 0.0
00910 #set power supply
00910 PwrSetVoltage = 145 : NULL : WAIT = 0.1
00911 #test power supply
00911 NULL : MeterVolts = 14.5 | 0.32 | 0.1
00911 TEST: MeterVolts 14.5 +/- 0.32
00911 PASS: MeterVolts 14.441
00912 #test feedback
00912 NULL : sdo[0x6401][2] = 14500 | 320 | 0.01
00912 PASS: Read Analogue Input 16-Bit.Port 5B 14395.0
00913 NULL : sdo[0x1001] = 0 | 0.1 | 0.1
00913 PASS: Error Register 0.0
00914 NULL : sdo[0x1003][0] = 0 | 0.1 | 0.1
00914 PASS: Pre-defined Error Field.Number of Errors 0.0
00915 #set power supply
00915 PwrSetVoltage = 150 : NULL : WAIT = 0.1
00916 #test power supply
00916 NULL : MeterVolts = 15.0 | 0.32 | 0.1
00916 TEST: MeterVolts 15.0 +/- 0.32
00916 PASS: MeterVolts 14.936
00917 #test feedback
00917 NULL : sdo[0x6401][2] = 15000 | 320 | 0.01
00917 PASS: Read Analogue Input 16-Bit.Port 5B 14899.0
00918 NULL : sdo[0x1001] = 0 | 0.1 | 0.1
00918 PASS: Error Register 0.0
00919 NULL : sdo[0x1003][0] = 0 | 0.1 | 0.1
00919 PASS: Pre-defined Error Field.Number of Errors 0.0
00920 #set power supply
00920 PwrSetVoltage = 155 : NULL : WAIT = 0.1
00921 #test power supply
00921 NULL : MeterVolts = 15.5 | 0.32 | 0.1
00921 TEST: MeterVolts 15.5 +/- 0.32
00921 PASS: MeterVolts 15.427
00922 #test feedback
00922 NULL : sdo[0x6401][2] = 15500 | 320 | 0.01
00922 PASS: Read Analogue Input 16-Bit.Port 5B 15394.0
00923 NULL : sdo[0x1001] = 0 | 0.1 | 0.1
00923 PASS: Error Register 0.0
00924 NULL : sdo[0x1003][0] = 0 | 0.1 | 0.1
00924 PASS: Pre-defined Error Field.Number of Errors 0.0
00925 #set power supply
00925 PwrSetVoltage = 160 : NULL : WAIT = 0.1
00926 #test power supply
00926 NULL : MeterVolts = 16.0 | 0.32 | 0.1
00926 TEST: MeterVolts 16.0 +/- 0.32
00926 PASS: MeterVolts 15.684
00927 #test feedback
00927 NULL : sdo[0x6401][2] = 16000 | 320 | 0.01
00927 PASS: Read Analogue Input 16-Bit.Port 5B 15915.0
00928 NULL : sdo[0x1001] = 0 | 0.1 | 0.1
00928 PASS: Error Register 0.0
00929 NULL : sdo[0x1003][0] = 0 | 0.1 | 0.1
00929 PASS: Pre-defined Error Field.Number of Errors 0.0
00930 #set power supply
00930 PwrSetVoltage = 165 : NULL : WAIT = 0.1
00931 #test power supply
00931 NULL : MeterVolts = 16.5 | 0.32 | 0.1
00931 TEST: MeterVolts 16.5 +/- 0.32
00931 PASS: MeterVolts 16.375
00932 #test feedback
00932 NULL : sdo[0x6401][2] = 16500 | 320 | 0.01
00932 PASS: Read Analogue Input 16-Bit.Port 5B 16418.0
00933 NULL : sdo[0x1001] = 0 | 0.1 | 0.1
00933 PASS: Error Register 0.0
00934 NULL : sdo[0x1003][0] = 0 | 0.1 | 0.1
00934 PASS: Pre-defined Error Field.Number of Errors 0.0
00935 #set power supply
00935 PwrSetVoltage = 170 : NULL : WAIT = 0.1
00936 #test power supply
00936 NULL : MeterVolts = 17.0 | 0.32 | 0.1
00936 TEST: MeterVolts 17.0 +/- 0.32
00936 PASS: MeterVolts 16.962
00937 #test feedback
00937 NULL : sdo[0x6401][2] = 17000 | 320 | 0.01
00937 PASS: Read Analogue Input 16-Bit.Port 5B 16922.0
00938 NULL : sdo[0x1001] = 0 | 0.1 | 0.1
00938 PASS: Error Register 0.0
00939 NULL : sdo[0x1003][0] = 0 | 0.1 | 0.1
00939 PASS: Pre-defined Error Field.Number of Errors 0.0
00940 #set power supply
00940 PwrSetVoltage = 175 : NULL : WAIT = 0.1
00941 #test power supply
00941 NULL : MeterVolts = 17.5 | 0.32 | 0.1
00941 TEST: MeterVolts 17.5 +/- 0.32
00941 PASS: MeterVolts 17.464
00942 #test feedback
00942 NULL : sdo[0x6401][2] = 17500 | 320 | 0.01
00942 PASS: Read Analogue Input 16-Bit.Port 5B 17418.0
00943 NULL : sdo[0x1001] = 0 | 0.1 | 0.1
00943 PASS: Error Register 0.0
00944 NULL : sdo[0x1003][0] = 0 | 0.1 | 0.1
00944 PASS: Pre-defined Error Field.Number of Errors 0.0
00945 #set power supply
00945 PwrSetVoltage = 180 : NULL : WAIT = 0.1
00946 #test power supply
00946 NULL : MeterVolts = 18.0 | 0.32 | 0.1
00946 TEST: MeterVolts 18.0 +/- 0.32
00946 PASS: MeterVolts 17.963
00947 #test feedback
00947 NULL : sdo[0x6401][2] = 18000 | 320 | 0.01
00947 PASS: Read Analogue Input 16-Bit.Port 5B 17921.0
00948 NULL : sdo[0x1001] = 0 | 0.1 | 0.1
00948 PASS: Error Register 0.0
00949 NULL : sdo[0x1003][0] = 0 | 0.1 | 0.1
00949 PASS: Pre-defined Error Field.Number of Errors 0.0
00950 #set power supply
00950 PwrSetVoltage = 185 : NULL : WAIT = 0.1
00951 #test power supply
00951 NULL : MeterVolts = 18.5 | 0.32 | 0.1
00951 TEST: MeterVolts 18.5 +/- 0.32
00951 PASS: MeterVolts 18.457
00952 #test feedback
00952 NULL : sdo[0x6401][2] = 18500 | 320 | 0.01
00952 PASS: Read Analogue Input 16-Bit.Port 5B 18409.0
00953 NULL : sdo[0x1001] = 0 | 0.1 | 0.1
00953 PASS: Error Register 0.0
00954 NULL : sdo[0x1003][0] = 0 | 0.1 | 0.1
00954 PASS: Pre-defined Error Field.Number of Errors 0.0
00955 #set power supply
00955 PwrSetVoltage = 190 : NULL : WAIT = 0.1
00956 #test power supply
00956 NULL : MeterVolts = 19.0 | 0.32 | 0.1
00956 TEST: MeterVolts 19.0 +/- 0.32
00956 PASS: MeterVolts 18.957
00957 #test feedback
00957 NULL : sdo[0x6401][2] = 19000 | 320 | 0.01
00957 PASS: Read Analogue Input 16-Bit.Port 5B 18913.0
00958 NULL : sdo[0x1001] = 0 | 0.1 | 0.1
00958 PASS: Error Register 0.0
00959 NULL : sdo[0x1003][0] = 0 | 0.1 | 0.1
00959 PASS: Pre-defined Error Field.Number of Errors 0.0
00960 #set power supply
00960 PwrSetVoltage = 195 : NULL : WAIT = 0.1
00961 #test power supply
00961 NULL : MeterVolts = 19.5 | 0.32 | 0.1
00961 TEST: MeterVolts 19.5 +/- 0.32
00961 PASS: MeterVolts 19.458
00962 #test feedback
00962 NULL : sdo[0x6401][2] = 19500 | 320 | 0.01
00962 PASS: Read Analogue Input 16-Bit.Port 5B 19416.0
00963 NULL : sdo[0x1001] = 0 | 0.1 | 0.1
00963 PASS: Error Register 0.0
00964 NULL : sdo[0x1003][0] = 0 | 0.1 | 0.1
00964 PASS: Pre-defined Error Field.Number of Errors 0.0
00965 #set power supply
00965 PwrSetVoltage = 200 : NULL : WAIT = 0.1
00966 #test power supply
00966 NULL : MeterVolts = 20.0 | 0.32 | 0.1
00966 TEST: MeterVolts 20.0 +/- 0.32
00966 PASS: MeterVolts 19.953
00967 #test feedback
00967 NULL : sdo[0x6401][2] = 20000 | 320 | 0.01
00967 PASS: Read Analogue Input 16-Bit.Port 5B 19904.0
00968 NULL : sdo[0x1001] = 0 | 0.1 | 0.1
00968 PASS: Error Register 0.0
00969 NULL : sdo[0x1003][0] = 0 | 0.1 | 0.1
00969 PASS: Pre-defined Error Field.Number of Errors 0.0
00970 #set power supply
00970 PwrSetVoltage = 205 : NULL : WAIT = 0.1
00971 #test power supply
00971 NULL : MeterVolts = 20.5 | 0.32 | 0.1
00971 TEST: MeterVolts 20.5 +/- 0.32
00971 PASS: MeterVolts 20.451
00972 #test feedback
00972 NULL : sdo[0x6401][2] = 20500 | 320 | 0.01
00972 PASS: Read Analogue Input 16-Bit.Port 5B 20407.0
00973 NULL : sdo[0x1001] = 0 | 0.1 | 0.1
00973 PASS: Error Register 0.0
00974 NULL : sdo[0x1003][0] = 0 | 0.1 | 0.1
00974 PASS: Pre-defined Error Field.Number of Errors 0.0
00975 #set power supply
00975 PwrSetVoltage = 210 : NULL : WAIT = 0.1
00976 #test power supply
00976 NULL : MeterVolts = 21.0 | 0.32 | 0.1
00976 TEST: MeterVolts 21.0 +/- 0.32
00976 PASS: MeterVolts 20.942
00977 #test feedback
00977 NULL : sdo[0x6401][2] = 21000 | 320 | 0.01
00977 PASS: Read Analogue Input 16-Bit.Port 5B 20895.0
00978 NULL : sdo[0x1001] = 0 | 0.1 | 0.1
00978 PASS: Error Register 0.0
00979 NULL : sdo[0x1003][0] = 0 | 0.1 | 0.1
00979 PASS: Pre-defined Error Field.Number of Errors 0.0
00980 #set power supply
00980 PwrSetVoltage = 215 : NULL : WAIT = 0.1
00981 #test power supply
00981 NULL : MeterVolts = 21.5 | 0.32 | 0.1
00981 TEST: MeterVolts 21.5 +/- 0.32
00981 PASS: MeterVolts 21.439
00982 #test feedback
00982 NULL : sdo[0x6401][2] = 21500 | 320 | 0.01
00982 PASS: Read Analogue Input 16-Bit.Port 5B 21399.0
00983 NULL : sdo[0x1001] = 0 | 0.1 | 0.1
00983 PASS: Error Register 0.0
00984 NULL : sdo[0x1003][0] = 0 | 0.1 | 0.1
00984 PASS: Pre-defined Error Field.Number of Errors 0.0
00985 #set power supply
00985 PwrSetVoltage = 220 : NULL : WAIT = 0.1
00986 #test power supply
00986 NULL : MeterVolts = 22.0 | 0.32 | 0.1
00986 TEST: MeterVolts 22.0 +/- 0.32
00986 PASS: MeterVolts 21.937
00987 #test feedback
00987 NULL : sdo[0x6401][2] = 22000 | 320 | 0.01
00987 PASS: Read Analogue Input 16-Bit.Port 5B 21894.0
00988 NULL : sdo[0x1001] = 0 | 0.1 | 0.1
00988 PASS: Error Register 0.0
00989 NULL : sdo[0x1003][0] = 0 | 0.1 | 0.1
00989 PASS: Pre-defined Error Field.Number of Errors 0.0
00990 #set power supply
00990 PwrSetVoltage = 225 : NULL : WAIT = 0.1
00991 #test power supply
00991 NULL : MeterVolts = 22.5 | 0.32 | 0.1
00991 TEST: MeterVolts 22.5 +/- 0.32
00991 PASS: MeterVolts 22.429
00992 #test feedback
00992 NULL : sdo[0x6401][2] = 22500 | 320 | 0.01
00992 PASS: Read Analogue Input 16-Bit.Port 5B 22381.0
00993 NULL : sdo[0x1001] = 0 | 0.1 | 0.1
00993 PASS: Error Register 0.0
00994 NULL : sdo[0x1003][0] = 0 | 0.1 | 0.1
00994 PASS: Pre-defined Error Field.Number of Errors 0.0
00995 #set power supply
00995 PwrSetVoltage = 230 : NULL : WAIT = 0.1
00996 #test power supply
00996 NULL : MeterVolts = 23.0 | 0.32 | 0.1
00996 TEST: MeterVolts 23.0 +/- 0.32
00996 PASS: MeterVolts 22.93
00997 #test feedback
00997 NULL : sdo[0x6401][2] = 23000 | 320 | 0.01
00997 PASS: Read Analogue Input 16-Bit.Port 5B 22885.0
00998 NULL : sdo[0x1001] = 0 | 0.1 | 0.1
00998 PASS: Error Register 0.0
00999 NULL : sdo[0x1003][0] = 0 | 0.1 | 0.1
00999 PASS: Pre-defined Error Field.Number of Errors 0.0
01000 #set power supply
01000 PwrSetVoltage = 235 : NULL : WAIT = 0.1
01001 #test power supply
01001 NULL : MeterVolts = 23.5 | 0.32 | 0.1
01001 TEST: MeterVolts 23.5 +/- 0.32
01001 PASS: MeterVolts 23.421
01002 #test feedback
01002 NULL : sdo[0x6401][2] = 23500 | 320 | 0.01
01002 PASS: Read Analogue Input 16-Bit.Port 5B 23372.0
01003 NULL : sdo[0x1001] = 0 | 0.1 | 0.1
01003 PASS: Error Register 0.0
01004 NULL : sdo[0x1003][0] = 0 | 0.1 | 0.1
01004 PASS: Pre-defined Error Field.Number of Errors 0.0
01005 #set power supply
01005 PwrSetVoltage = 240 : NULL : WAIT = 0.1
01006 #test power supply
01006 NULL : MeterVolts = 24.0 | 0.32 | 0.1
01006 TEST: MeterVolts 24.0 +/- 0.32
01006 PASS: MeterVolts 23.941
01007 #test feedback
01007 NULL : sdo[0x6401][2] = 24000 | 320 | 0.01
01007 PASS: Read Analogue Input 16-Bit.Port 5B 23901.0
01008 NULL : sdo[0x1001] = 0 | 0.1 | 0.1
01008 PASS: Error Register 0.0
01009 NULL : sdo[0x1003][0] = 0 | 0.1 | 0.1
01009 PASS: Pre-defined Error Field.Number of Errors 0.0
01010 #set power supply
01010 PwrSetVoltage = 245 : NULL : WAIT = 0.1
01011 #test power supply
01011 NULL : MeterVolts = 24.5 | 0.32 | 0.1
01011 TEST: MeterVolts 24.5 +/- 0.32
01011 PASS: MeterVolts 24.443
01012 #test feedback
01012 NULL : sdo[0x6401][2] = 24500 | 320 | 0.01
01012 PASS: Read Analogue Input 16-Bit.Port 5B 24405.0
01013 NULL : sdo[0x1001] = 0 | 0.1 | 0.1
01013 PASS: Error Register 0.0
01014 NULL : sdo[0x1003][0] = 0 | 0.1 | 0.1
01014 PASS: Pre-defined Error Field.Number of Errors 0.0
01015 #set power supply
01015 PwrSetVoltage = 250 : NULL : WAIT = 0.1
01016 #test power supply
01016 NULL : MeterVolts = 25.0 | 0.32 | 0.1
01016 TEST: MeterVolts 25.0 +/- 0.32
01016 PASS: MeterVolts 24.943
01017 #test feedback
01017 NULL : sdo[0x6401][2] = 25000 | 320 | 0.01
01017 PASS: Read Analogue Input 16-Bit.Port 5B 24892.0
01018 NULL : sdo[0x1001] = 0 | 0.1 | 0.1
01018 PASS: Error Register 0.0
01019 NULL : sdo[0x1003][0] = 0 | 0.1 | 0.1
01019 PASS: Pre-defined Error Field.Number of Errors 0.0
01020 #set power supply
01020 PwrSetVoltage = 255 : NULL : WAIT = 0.1
01021 #test power supply
01021 NULL : MeterVolts = 25.5 | 0.32 | 0.1
01021 TEST: MeterVolts 25.5 +/- 0.32
01021 PASS: MeterVolts 25.449
01022 #test feedback
01022 NULL : sdo[0x6401][2] = 25500 | 320 | 0.01
01022 PASS: Read Analogue Input 16-Bit.Port 5B 25404.0
01023 NULL : sdo[0x1001] = 0 | 0.1 | 0.1
01023 PASS: Error Register 0.0
01024 NULL : sdo[0x1003][0] = 0 | 0.1 | 0.1
01024 PASS: Pre-defined Error Field.Number of Errors 0.0
01025 #set power supply
01025 PwrSetVoltage = 260 : NULL : WAIT = 0.1
01026 #test power supply
01026 NULL : MeterVolts = 26.0 | 0.32 | 0.1
01026 TEST: MeterVolts 26.0 +/- 0.32
01026 PASS: MeterVolts 25.924
01027 #test feedback
01027 NULL : sdo[0x6401][2] = 26000 | 320 | 0.01
01027 PASS: Read Analogue Input 16-Bit.Port 5B 25883.0
01028 NULL : sdo[0x1001] = 0 | 0.1 | 0.1
01028 PASS: Error Register 0.0
01029 NULL : sdo[0x1003][0] = 0 | 0.1 | 0.1
01029 PASS: Pre-defined Error Field.Number of Errors 0.0
01030 #set power supply
01030 PwrSetVoltage = 265 : NULL : WAIT = 0.1
01031 #test power supply
01031 NULL : MeterVolts = 26.5 | 0.32 | 0.1
01031 TEST: MeterVolts 26.5 +/- 0.32
01031 PASS: MeterVolts 26.429
01032 #test feedback
01032 NULL : sdo[0x6401][2] = 26500 | 320 | 0.01
01032 PASS: Read Analogue Input 16-Bit.Port 5B 26379.0
01033 NULL : sdo[0x1001] = 0 | 0.1 | 0.1
01033 PASS: Error Register 0.0
01034 NULL : sdo[0x1003][0] = 0 | 0.1 | 0.1
01034 PASS: Pre-defined Error Field.Number of Errors 0.0
01035 #set power supply
01035 PwrSetVoltage = 270 : NULL : WAIT = 0.1
01036 #test power supply
01036 NULL : MeterVolts = 27.0 | 0.32 | 0.1
01036 TEST: MeterVolts 27.0 +/- 0.32
01036 PASS: MeterVolts 26.936
01037 #test feedback
01037 NULL : sdo[0x6401][2] = 27000 | 320 | 0.01
01037 PASS: Read Analogue Input 16-Bit.Port 5B 26891.0
01038 NULL : sdo[0x1001] = 0 | 0.1 | 0.1
01038 PASS: Error Register 0.0
01039 NULL : sdo[0x1003][0] = 0 | 0.1 | 0.1
01039 PASS: Pre-defined Error Field.Number of Errors 0.0
01040 #set power supply
01040 PwrSetVoltage = 275 : NULL : WAIT = 0.1
01041 #test power supply
01041 NULL : MeterVolts = 27.5 | 0.32 | 0.1
01041 TEST: MeterVolts 27.5 +/- 0.32
01041 PASS: MeterVolts 27.433
01042 #test feedback
01042 NULL : sdo[0x6401][2] = 27500 | 320 | 0.01
01042 PASS: Read Analogue Input 16-Bit.Port 5B 27386.0
01043 NULL : sdo[0x1001] = 0 | 0.1 | 0.1
01043 PASS: Error Register 0.0
01044 NULL : sdo[0x1003][0] = 0 | 0.1 | 0.1
01044 PASS: Pre-defined Error Field.Number of Errors 0.0
01045 #set power supply
01045 PwrSetVoltage = 280 : NULL : WAIT = 0.1
01046 #test power supply
01046 NULL : MeterVolts = 28.0 | 0.32 | 0.1
01046 TEST: MeterVolts 28.0 +/- 0.32
01046 PASS: MeterVolts 27.684
01047 #test feedback
01047 NULL : sdo[0x6401][2] = 28000 | 320 | 0.01
01047 PASS: Read Analogue Input 16-Bit.Port 5B 27890.0
01048 NULL : sdo[0x1001] = 0 | 0.1 | 0.1
01048 PASS: Error Register 0.0
01049 NULL : sdo[0x1003][0] = 0 | 0.1 | 0.1
01049 PASS: Pre-defined Error Field.Number of Errors 0.0
01050 #set power supply
01050 PwrSetVoltage = 285 : NULL : WAIT = 0.1
01051 #test power supply
01051 NULL : MeterVolts = 28.5 | 0.32 | 0.1
01051 TEST: MeterVolts 28.5 +/- 0.32
01051 PASS: MeterVolts 28.333
01052 #test feedback
01052 NULL : sdo[0x6401][2] = 28500 | 320 | 0.01
01052 PASS: Read Analogue Input 16-Bit.Port 5B 28377.0
01053 NULL : sdo[0x1001] = 0 | 0.1 | 0.1
01053 PASS: Error Register 0.0
01054 NULL : sdo[0x1003][0] = 0 | 0.1 | 0.1
01054 PASS: Pre-defined Error Field.Number of Errors 0.0
01055 #set power supply
01055 PwrSetVoltage = 290 : NULL : WAIT = 0.1
01056 #test power supply
01056 NULL : MeterVolts = 29.0 | 0.32 | 0.1
01056 TEST: MeterVolts 29.0 +/- 0.32
01056 PASS: MeterVolts 28.928
01057 #test feedback
01057 NULL : sdo[0x6401][2] = 29000 | 320 | 0.01
01057 PASS: Read Analogue Input 16-Bit.Port 5B 28873.0
01058 NULL : sdo[0x1001] = 0 | 0.1 | 0.1
01058 PASS: Error Register 0.0
01059 NULL : sdo[0x1003][0] = 0 | 0.1 | 0.1
01059 PASS: Pre-defined Error Field.Number of Errors 0.0
01060 #set power supply
01060 PwrSetVoltage = 295 : NULL : WAIT = 0.1
01061 #test power supply
01061 NULL : MeterVolts = 29.5 | 0.32 | 0.1
01061 TEST: MeterVolts 29.5 +/- 0.32
01061 PASS: MeterVolts 29.432
01062 #test feedback
01062 NULL : sdo[0x6401][2] = 29500 | 320 | 0.01
01062 PASS: Read Analogue Input 16-Bit.Port 5B 29385.0
01063 NULL : sdo[0x1001] = 0 | 0.1 | 0.1
01063 PASS: Error Register 0.0
01064 NULL : sdo[0x1003][0] = 0 | 0.1 | 0.1
01064 PASS: Pre-defined Error Field.Number of Errors 0.0
01065 #set power supply
01065 PwrSetVoltage = 300 : NULL : WAIT = 0.1
01066 #test power supply
01066 NULL : MeterVolts = 30.0 | 0.32 | 0.1
01066 TEST: MeterVolts 30.0 +/- 0.32
01066 PASS: MeterVolts 29.933
01067 #test feedback
01067 NULL : sdo[0x6401][2] = 30000 | 320 | 0.01
01067 PASS: Read Analogue Input 16-Bit.Port 5B 29889.0
01068 NULL : sdo[0x1001] = 0 | 0.1 | 0.1
01068 PASS: Error Register 0.0
01069 NULL : sdo[0x1003][0] = 0 | 0.1 | 0.1
01069 PASS: Pre-defined Error Field.Number of Errors 0.0
01070 #set power supply
01070 PwrSetVoltage = 305 : NULL : WAIT = 0.1
01071 #test power supply
01071 NULL : MeterVolts = 30.5 | 0.32 | 0.1
01071 TEST: MeterVolts 30.5 +/- 0.32
01071 PASS: MeterVolts 30.437
01072 #test feedback
01072 NULL : sdo[0x6401][2] = 30500 | 320 | 0.01
01072 PASS: Read Analogue Input 16-Bit.Port 5B 30384.0
01073 NULL : sdo[0x1001] = 0 | 0.1 | 0.1
01073 PASS: Error Register 0.0
01074 NULL : sdo[0x1003][0] = 0 | 0.1 | 0.1
01074 PASS: Pre-defined Error Field.Number of Errors 0.0
01075 #set power supply
01075 PwrSetVoltage = 310 : NULL : WAIT = 0.1
01076 #test power supply
01076 NULL : MeterVolts = 31.0 | 0.32 | 0.1
01076 TEST: MeterVolts 31.0 +/- 0.32
01076 PASS: MeterVolts 30.941
01077 #test feedback
01077 NULL : sdo[0x6401][2] = 31000 | 320 | 0.01
01077 PASS: Read Analogue Input 16-Bit.Port 5B 30896.0
01078 NULL : sdo[0x1001] = 0 | 0.1 | 0.1
01078 PASS: Error Register 0.0
01079 NULL : sdo[0x1003][0] = 0 | 0.1 | 0.1
01079 PASS: Pre-defined Error Field.Number of Errors 0.0
01080 #set power supply
01080 PwrSetVoltage = 315 : NULL : WAIT = 0.1
01081 #test power supply
01081 NULL : MeterVolts = 31.5 | 0.32 | 0.1
01081 TEST: MeterVolts 31.5 +/- 0.32
01081 PASS: MeterVolts 31.434
01082 #test feedback
01082 NULL : sdo[0x6401][2] = 31500 | 320 | 0.01
01082 PASS: Read Analogue Input 16-Bit.Port 5B 31375.0
01083 NULL : sdo[0x1001] = 0 | 0.1 | 0.1
01083 PASS: Error Register 0.0
01084 NULL : sdo[0x1003][0] = 0 | 0.1 | 0.1
01084 PASS: Pre-defined Error Field.Number of Errors 0.0
01085 #set power supply
01085 PwrSetVoltage = 320 : NULL : WAIT = 0.1
01086 #test power supply
01086 NULL : MeterVolts = 32.0 | 0.32 | 0.1
01086 TEST: MeterVolts 32.0 +/- 0.32
01086 PASS: MeterVolts 31.937
01087 #test feedback
01087 NULL : sdo[0x6401][2] = 32000 | 320 | 0.01
01087 PASS: Read Analogue Input 16-Bit.Port 5B 31887.0
01088 NULL : sdo[0x1001] = 0 | 0.1 | 0.1
01088 PASS: Error Register 0.0
01089 NULL : sdo[0x1003][0] = 0 | 0.1 | 0.1
01089 PASS: Pre-defined Error Field.Number of Errors 0.0
01090 #set power supply
01090 PwrSetVoltage = 325 : NULL : WAIT = 0.1
01091 #test power supply
01091 NULL : MeterVolts = 32.5 | 0.32 | 0.1
01091 TEST: MeterVolts 32.5 +/- 0.32
01091 PASS: MeterVolts 32.431
01092 #test feedback
01092 NULL : sdo[0x1001] = 0 | 0.1 | 0.1
01092 TEST: Error Register 0.0 +/- 0.1
01092 PASS: Error Register 0.0
01093 NULL : sdo[0x1003][0] = 0 | 0.1 | 0.1
01093 PASS: Pre-defined Error Field.Number of Errors 0.0
01094 #set power supply
01094 PwrSetVoltage = 330 : NULL : WAIT = 0.1
01095 #test power supply
01095 NULL : MeterVolts = 33.0 | 0.32 | 0.1
01095 TEST: MeterVolts 33.0 +/- 0.32
01095 PASS: MeterVolts 32.939
01096 #test feedback
01096 NULL : sdo[0x1001] = 0 | 0.1 | 0.1
01096 TEST: Error Register 0.0 +/- 0.1
01096 PASS: Error Register 0.0
01097 NULL : sdo[0x1003][0] = 0 | 0.1 | 0.1
01097 PASS: Pre-defined Error Field.Number of Errors 0.0
01098 #set power supply
01098 PwrSetVoltage = 335 : NULL : WAIT = 0.1
01099 #test power supply
01099 NULL : MeterVolts = 33.5 | 0.32 | 0.1
01099 TEST: MeterVolts 33.5 +/- 0.32
01099 PASS: MeterVolts 33.44
01100 #test feedback
01100 NULL : sdo[0x1001] = 0 | 0.1 | 0.1
01100 TEST: Error Register 0.0 +/- 0.1
01100 PASS: Error Register 0.0
01101 NULL : sdo[0x1003][0] = 0 | 0.1 | 0.1
01101 PASS: Pre-defined Error Field.Number of Errors 0.0
01102 #set power supply
01102 PwrSetVoltage = 340 : NULL : WAIT = 0.1
01103 #test power supply
01103 NULL : MeterVolts = 34.0 | 0.32 | 0.1
01103 TEST: MeterVolts 34.0 +/- 0.32
01103 PASS: MeterVolts 33.934
01104 #test feedback
01104 NULL : sdo[0x6401][2] = 0 | 0.1 | 0.1
01104 TEST: Read Analogue Input 16-Bit.Port 5B 0.0 +/- 0.1
01104 PASS: Read Analogue Input 16-Bit.Port 5B 0.0
01105 NULL : sdo[0x1001] = 1 | 0.1 | 0.1
01105 PASS: Error Register 1.0
01106 NULL : sdo[0x1003][0] = 1 | 0.1 | 0.1
01106 PASS: Pre-defined Error Field.Number of Errors 1.0
01107 #set power supply
01107 PwrSetVoltage = 341 : NULL : WAIT = 0.1
01108 #test power supply
01108 NULL : MeterVolts = 34.1 | 0.32 | 0.1
01108 TEST: MeterVolts 34.1 +/- 0.32
01108 PASS: MeterVolts 33.933
01109 #test feedback
01109 NULL : sdo[0x6401][2] = 0 | 0.1 | 0.1
01109 TEST: Read Analogue Input 16-Bit.Port 5B 0.0 +/- 0.1
01109 PASS: Read Analogue Input 16-Bit.Port 5B 0.0
01110 NULL : sdo[0x1001] = 1 | 0.1 | 0.1
01110 PASS: Error Register 1.0
01111 NULL : sdo[0x1003][0] = 1 | 0.1 | 0.1
01111 PASS: Pre-defined Error Field.Number of Errors 1.0
01112 
01112 #Finished with port
01112 #switch out input
01112 J2_10 = 0 : NULL : WAIT = 0.1
01113 
01113 #cycle IGN to clear any faults
01113 RLY_K1 = 1 : NULL : WAIT = 1
01114 RLY_K1 = 0 : NULL : WAIT = 0.2
01115 #-----setup 34044-----
01115 sdo[0x2000][1] = 0, sdo[0x2000][2] = 0 : NULL : WAIT = 0.1
01116 #disable global modes
01116 sdo[0x2000][3] = 0 : NULL : WAIT = 0.1
01117 sdo[0x2000][4] = 0 : NULL : WAIT = 0.1
01118 #configure Port Modes
01118 sdo[0x2001][5] = 96 : NULL : WAIT = 0.1
01119 sdo[0x2001][6] = 96 : NULL : WAIT = 0.1
01120 sdo[0x2001][7] = 96 : NULL : WAIT = 0.1
01121 sdo[0x2001][8] = 96 : NULL : WAIT = 0.1
01122 #verify fault clear
01122 NULL : sdo[0x1001] = 0 | 0.1 | 0.1
01122 TEST: Error Register 0.0 +/- 0.1
01122 PASS: Error Register 0.0
01123 #set power supply and wait
01123 PwrSetVoltage = 10 : NULL : WAIT = 0.1
01124 #test power supply
01124 NULL : MeterVolts = 1 | 0.155 | 0.1
01124 TEST: MeterVolts 1.0 +/- 0.155
01124 PASS: MeterVolts 1.057
01125 #switch input to load line
01125 J2_12 = 1 : NULL : WAIT = 0.1
01126 
01126 #Sweep of Input_6B from 1 to 32 in 0.5 increments
01126 
01126 #set power supply
01126 PwrSetVoltage = 10 : NULL : WAIT = 0.1
01127 #test power supply
01127 NULL : MeterVolts = 1 | 0.32 | 0.1
01127 TEST: MeterVolts 1.0 +/- 0.32
01127 PASS: MeterVolts 0.998
01128 #test feedback
01128 NULL : sdo[0x6401][4] = 1000 | 320 | 0.01
01128 PASS: Read Analogue Input 16-Bit.Port 6B 982.0
01129 NULL : sdo[0x1001] = 0 | 0.1 | 0.1
01129 PASS: Error Register 0.0
01130 NULL : sdo[0x1003][0] = 0 | 0.1 | 0.1
01130 PASS: Pre-defined Error Field.Number of Errors 0.0
01131 #set power supply
01131 PwrSetVoltage = 15 : NULL : WAIT = 0.1
01132 #test power supply
01132 NULL : MeterVolts = 1.5 | 0.32 | 0.1
01132 TEST: MeterVolts 1.5 +/- 0.32
01132 PASS: MeterVolts 1.205
01133 #test feedback
01133 NULL : sdo[0x6401][4] = 1500 | 320 | 0.01
01133 PASS: Read Analogue Input 16-Bit.Port 6B 1486.0
01134 NULL : sdo[0x1001] = 0 | 0.1 | 0.1
01134 PASS: Error Register 0.0
01135 NULL : sdo[0x1003][0] = 0 | 0.1 | 0.1
01135 PASS: Pre-defined Error Field.Number of Errors 0.0
01136 #set power supply
01136 PwrSetVoltage = 20 : NULL : WAIT = 0.1
01137 #test power supply
01137 NULL : MeterVolts = 2.0 | 0.32 | 0.1
01137 TEST: MeterVolts 2.0 +/- 0.32
01137 PASS: MeterVolts 1.878
01138 #test feedback
01138 NULL : sdo[0x6401][4] = 2000 | 320 | 0.01
01138 PASS: Read Analogue Input 16-Bit.Port 6B 1982.0
01139 NULL : sdo[0x1001] = 0 | 0.1 | 0.1
01139 PASS: Error Register 0.0
01140 NULL : sdo[0x1003][0] = 0 | 0.1 | 0.1
01140 PASS: Pre-defined Error Field.Number of Errors 0.0
01141 #set power supply
01141 PwrSetVoltage = 25 : NULL : WAIT = 0.1
01142 #test power supply
01142 NULL : MeterVolts = 2.5 | 0.32 | 0.1
01142 TEST: MeterVolts 2.5 +/- 0.32
01142 PASS: MeterVolts 2.396
01143 #test feedback
01143 NULL : sdo[0x6401][4] = 2500 | 320 | 0.01
01143 PASS: Read Analogue Input 16-Bit.Port 6B 2477.0
01144 NULL : sdo[0x1001] = 0 | 0.1 | 0.1
01144 PASS: Error Register 0.0
01145 NULL : sdo[0x1003][0] = 0 | 0.1 | 0.1
01145 PASS: Pre-defined Error Field.Number of Errors 0.0
01146 #set power supply
01146 PwrSetVoltage = 30 : NULL : WAIT = 0.1
01147 #test power supply
01147 NULL : MeterVolts = 3.0 | 0.32 | 0.1
01147 TEST: MeterVolts 3.0 +/- 0.32
01147 PASS: MeterVolts 2.994
01148 #test feedback
01148 NULL : sdo[0x6401][4] = 3000 | 320 | 0.01
01148 PASS: Read Analogue Input 16-Bit.Port 6B 2964.0
01149 NULL : sdo[0x1001] = 0 | 0.1 | 0.1
01149 PASS: Error Register 0.0
01150 NULL : sdo[0x1003][0] = 0 | 0.1 | 0.1
01150 PASS: Pre-defined Error Field.Number of Errors 0.0
01151 #set power supply
01151 PwrSetVoltage = 35 : NULL : WAIT = 0.1
01152 #test power supply
01152 NULL : MeterVolts = 3.5 | 0.32 | 0.1
01152 TEST: MeterVolts 3.5 +/- 0.32
01152 PASS: MeterVolts 3.22
01153 #test feedback
01153 NULL : sdo[0x6401][4] = 3500 | 320 | 0.01
01153 PASS: Read Analogue Input 16-Bit.Port 6B 3452.0
01154 NULL : sdo[0x1001] = 0 | 0.1 | 0.1
01154 PASS: Error Register 0.0
01155 NULL : sdo[0x1003][0] = 0 | 0.1 | 0.1
01155 PASS: Pre-defined Error Field.Number of Errors 0.0
01156 #set power supply
01156 PwrSetVoltage = 40 : NULL : WAIT = 0.1
01157 #test power supply
01157 NULL : MeterVolts = 4.0 | 0.32 | 0.1
01157 TEST: MeterVolts 4.0 +/- 0.32
01157 PASS: MeterVolts 3.738
01158 #test feedback
01158 NULL : sdo[0x6401][4] = 4000 | 320 | 0.01
01158 PASS: Read Analogue Input 16-Bit.Port 6B 3956.0
01159 NULL : sdo[0x1001] = 0 | 0.1 | 0.1
01159 PASS: Error Register 0.0
01160 NULL : sdo[0x1003][0] = 0 | 0.1 | 0.1
01160 PASS: Pre-defined Error Field.Number of Errors 0.0
01161 #set power supply
01161 PwrSetVoltage = 45 : NULL : WAIT = 0.1
01162 #test power supply
01162 NULL : MeterVolts = 4.5 | 0.32 | 0.1
01162 TEST: MeterVolts 4.5 +/- 0.32
01162 PASS: MeterVolts 4.398
01163 #test feedback
01163 NULL : sdo[0x6401][4] = 4500 | 320 | 0.01
01163 PASS: Read Analogue Input 16-Bit.Port 6B 4451.0
01164 NULL : sdo[0x1001] = 0 | 0.1 | 0.1
01164 PASS: Error Register 0.0
01165 NULL : sdo[0x1003][0] = 0 | 0.1 | 0.1
01165 PASS: Pre-defined Error Field.Number of Errors 0.0
01166 #set power supply
01166 PwrSetVoltage = 50 : NULL : WAIT = 0.1
01167 #test power supply
01167 NULL : MeterVolts = 5.0 | 0.32 | 0.1
01167 TEST: MeterVolts 5.0 +/- 0.32
01167 PASS: MeterVolts 4.981
01168 #test feedback
01168 NULL : sdo[0x6401][4] = 5000 | 320 | 0.01
01168 PASS: Read Analogue Input 16-Bit.Port 6B 4947.0
01169 NULL : sdo[0x1001] = 0 | 0.1 | 0.1
01169 PASS: Error Register 0.0
01170 NULL : sdo[0x1003][0] = 0 | 0.1 | 0.1
01170 PASS: Pre-defined Error Field.Number of Errors 0.0
01171 #set power supply
01171 PwrSetVoltage = 55 : NULL : WAIT = 0.1
01172 #test power supply
01172 NULL : MeterVolts = 5.5 | 0.32 | 0.1
01172 TEST: MeterVolts 5.5 +/- 0.32
01172 PASS: MeterVolts 5.233
01173 #test feedback
01173 NULL : sdo[0x6401][4] = 5500 | 320 | 0.01
01173 PASS: Read Analogue Input 16-Bit.Port 6B 5450.0
01174 NULL : sdo[0x1001] = 0 | 0.1 | 0.1
01174 PASS: Error Register 0.0
01175 NULL : sdo[0x1003][0] = 0 | 0.1 | 0.1
01175 PASS: Pre-defined Error Field.Number of Errors 0.0
01176 #set power supply
01176 PwrSetVoltage = 60 : NULL : WAIT = 0.1
01177 #test power supply
01177 NULL : MeterVolts = 6.0 | 0.32 | 0.1
01177 TEST: MeterVolts 6.0 +/- 0.32
01177 PASS: MeterVolts 5.901
01178 #test feedback
01178 NULL : sdo[0x6401][4] = 6000 | 320 | 0.01
01178 PASS: Read Analogue Input 16-Bit.Port 6B 5929.0
01179 NULL : sdo[0x1001] = 0 | 0.1 | 0.1
01179 PASS: Error Register 0.0
01180 NULL : sdo[0x1003][0] = 0 | 0.1 | 0.1
01180 PASS: Pre-defined Error Field.Number of Errors 0.0
01181 #set power supply
01181 PwrSetVoltage = 65 : NULL : WAIT = 0.1
01182 #test power supply
01182 NULL : MeterVolts = 6.5 | 0.32 | 0.1
01182 TEST: MeterVolts 6.5 +/- 0.32
01182 PASS: MeterVolts 6.473
01183 #test feedback
01183 NULL : sdo[0x6401][4] = 6500 | 320 | 0.01
01183 PASS: Read Analogue Input 16-Bit.Port 6B 6442.0
01184 NULL : sdo[0x1001] = 0 | 0.1 | 0.1
01184 PASS: Error Register 0.0
01185 NULL : sdo[0x1003][0] = 0 | 0.1 | 0.1
01185 PASS: Pre-defined Error Field.Number of Errors 0.0
01186 #set power supply
01186 PwrSetVoltage = 70 : NULL : WAIT = 0.1
01187 #test power supply
01187 NULL : MeterVolts = 7.0 | 0.32 | 0.1
01187 TEST: MeterVolts 7.0 +/- 0.32
01187 PASS: MeterVolts 6.969
01188 #test feedback
01188 NULL : sdo[0x6401][4] = 7000 | 320 | 0.01
01188 PASS: Read Analogue Input 16-Bit.Port 6B 6929.0
01189 NULL : sdo[0x1001] = 0 | 0.1 | 0.1
01189 PASS: Error Register 0.0
01190 NULL : sdo[0x1003][0] = 0 | 0.1 | 0.1
01190 PASS: Pre-defined Error Field.Number of Errors 0.0
01191 #set power supply
01191 PwrSetVoltage = 75 : NULL : WAIT = 0.1
01192 #test power supply
01192 NULL : MeterVolts = 7.5 | 0.32 | 0.1
01192 TEST: MeterVolts 7.5 +/- 0.32
01192 PASS: MeterVolts 7.475
01193 #test feedback
01193 NULL : sdo[0x6401][4] = 7500 | 320 | 0.01
01193 PASS: Read Analogue Input 16-Bit.Port 6B 7433.0
01194 NULL : sdo[0x1001] = 0 | 0.1 | 0.1
01194 PASS: Error Register 0.0
01195 NULL : sdo[0x1003][0] = 0 | 0.1 | 0.1
01195 PASS: Pre-defined Error Field.Number of Errors 0.0
01196 #set power supply
01196 PwrSetVoltage = 80 : NULL : WAIT = 0.1
01197 #test power supply
01197 NULL : MeterVolts = 8.0 | 0.32 | 0.1
01197 TEST: MeterVolts 8.0 +/- 0.32
01197 PASS: MeterVolts 7.979
01198 #test feedback
01198 NULL : sdo[0x6401][4] = 8000 | 320 | 0.01
01198 PASS: Read Analogue Input 16-Bit.Port 6B 7936.0
01199 NULL : sdo[0x1001] = 0 | 0.1 | 0.1
01199 PASS: Error Register 0.0
01200 NULL : sdo[0x1003][0] = 0 | 0.1 | 0.1
01200 PASS: Pre-defined Error Field.Number of Errors 0.0
01201 #set power supply
01201 PwrSetVoltage = 85 : NULL : WAIT = 0.1
01202 #test power supply
01202 NULL : MeterVolts = 8.5 | 0.32 | 0.1
01202 TEST: MeterVolts 8.5 +/- 0.32
01202 PASS: MeterVolts 8.469
01203 #test feedback
01203 NULL : sdo[0x6401][4] = 8500 | 320 | 0.01
01203 PASS: Read Analogue Input 16-Bit.Port 6B 8424.0
01204 NULL : sdo[0x1001] = 0 | 0.1 | 0.1
01204 PASS: Error Register 0.0
01205 NULL : sdo[0x1003][0] = 0 | 0.1 | 0.1
01205 PASS: Pre-defined Error Field.Number of Errors 0.0
01206 #set power supply
01206 PwrSetVoltage = 90 : NULL : WAIT = 0.1
01207 #test power supply
01207 NULL : MeterVolts = 9.0 | 0.32 | 0.1
01207 TEST: MeterVolts 9.0 +/- 0.32
01207 PASS: MeterVolts 8.688
01208 #test feedback
01208 NULL : sdo[0x6401][4] = 9000 | 320 | 0.01
01208 PASS: Read Analogue Input 16-Bit.Port 6B 8927.0
01209 NULL : sdo[0x1001] = 0 | 0.1 | 0.1
01209 PASS: Error Register 0.0
01210 NULL : sdo[0x1003][0] = 0 | 0.1 | 0.1
01210 PASS: Pre-defined Error Field.Number of Errors 0.0
01211 #set power supply
01211 PwrSetVoltage = 95 : NULL : WAIT = 0.1
01212 #test power supply
01212 NULL : MeterVolts = 9.5 | 0.32 | 0.1
01212 TEST: MeterVolts 9.5 +/- 0.32
01212 PASS: MeterVolts 9.352
01213 #test feedback
01213 NULL : sdo[0x6401][4] = 9500 | 320 | 0.01
01213 PASS: Read Analogue Input 16-Bit.Port 6B 9406.0
01214 NULL : sdo[0x1001] = 0 | 0.1 | 0.1
01214 PASS: Error Register 0.0
01215 NULL : sdo[0x1003][0] = 0 | 0.1 | 0.1
01215 PASS: Pre-defined Error Field.Number of Errors 0.0
01216 #set power supply
01216 PwrSetVoltage = 100 : NULL : WAIT = 0.1
01217 #test power supply
01217 NULL : MeterVolts = 10.0 | 0.32 | 0.1
01217 TEST: MeterVolts 10.0 +/- 0.32
01217 PASS: MeterVolts 9.962
01218 #test feedback
01218 NULL : sdo[0x6401][4] = 10000 | 320 | 0.01
01218 PASS: Read Analogue Input 16-Bit.Port 6B 9910.0
01219 NULL : sdo[0x1001] = 0 | 0.1 | 0.1
01219 PASS: Error Register 0.0
01220 NULL : sdo[0x1003][0] = 0 | 0.1 | 0.1
01220 PASS: Pre-defined Error Field.Number of Errors 0.0
01221 #set power supply
01221 PwrSetVoltage = 105 : NULL : WAIT = 0.1
01222 #test power supply
01222 NULL : MeterVolts = 10.5 | 0.32 | 0.1
01222 TEST: MeterVolts 10.5 +/- 0.32
01222 PASS: MeterVolts 10.462
01223 #test feedback
01223 NULL : sdo[0x6401][4] = 10500 | 320 | 0.01
01223 PASS: Read Analogue Input 16-Bit.Port 6B 10406.0
01224 NULL : sdo[0x1001] = 0 | 0.1 | 0.1
01224 PASS: Error Register 0.0
01225 NULL : sdo[0x1003][0] = 0 | 0.1 | 0.1
01225 PASS: Pre-defined Error Field.Number of Errors 0.0
01226 #set power supply
01226 PwrSetVoltage = 110 : NULL : WAIT = 0.1
01227 #test power supply
01227 NULL : MeterVolts = 11.0 | 0.32 | 0.1
01227 TEST: MeterVolts 11.0 +/- 0.32
01227 PASS: MeterVolts 10.954
01228 #test feedback
01228 NULL : sdo[0x6401][4] = 11000 | 320 | 0.01
01228 PASS: Read Analogue Input 16-Bit.Port 6B 10901.0
01229 NULL : sdo[0x1001] = 0 | 0.1 | 0.1
01229 PASS: Error Register 0.0
01230 NULL : sdo[0x1003][0] = 0 | 0.1 | 0.1
01230 PASS: Pre-defined Error Field.Number of Errors 0.0
01231 #set power supply
01231 PwrSetVoltage = 115 : NULL : WAIT = 0.1
01232 #test power supply
01232 NULL : MeterVolts = 11.5 | 0.32 | 0.1
01232 TEST: MeterVolts 11.5 +/- 0.32
01232 PASS: MeterVolts 11.233
01233 #test feedback
01233 NULL : sdo[0x6401][4] = 11500 | 320 | 0.01
01233 PASS: Read Analogue Input 16-Bit.Port 6B 11397.0
01234 NULL : sdo[0x1001] = 0 | 0.1 | 0.1
01234 PASS: Error Register 0.0
01235 NULL : sdo[0x1003][0] = 0 | 0.1 | 0.1
01235 PASS: Pre-defined Error Field.Number of Errors 0.0
01236 #set power supply
01236 PwrSetVoltage = 120 : NULL : WAIT = 0.1
01237 #test power supply
01237 NULL : MeterVolts = 12.0 | 0.32 | 0.1
01237 TEST: MeterVolts 12.0 +/- 0.32
01237 PASS: MeterVolts 11.899
01238 #test feedback
01238 NULL : sdo[0x6401][4] = 12000 | 320 | 0.01
01238 PASS: Read Analogue Input 16-Bit.Port 6B 11892.0
01239 NULL : sdo[0x1001] = 0 | 0.1 | 0.1
01239 PASS: Error Register 0.0
01240 NULL : sdo[0x1003][0] = 0 | 0.1 | 0.1
01240 PASS: Pre-defined Error Field.Number of Errors 0.0
01241 #set power supply
01241 PwrSetVoltage = 125 : NULL : WAIT = 0.1
01242 #test power supply
01242 NULL : MeterVolts = 12.5 | 0.32 | 0.1
01242 TEST: MeterVolts 12.5 +/- 0.32
01242 PASS: MeterVolts 12.422
01243 #test feedback
01243 NULL : sdo[0x6401][4] = 12500 | 320 | 0.01
01243 PASS: Read Analogue Input 16-Bit.Port 6B 12396.0
01244 NULL : sdo[0x1001] = 0 | 0.1 | 0.1
01244 PASS: Error Register 0.0
01245 NULL : sdo[0x1003][0] = 0 | 0.1 | 0.1
01245 PASS: Pre-defined Error Field.Number of Errors 0.0
01246 #set power supply
01246 PwrSetVoltage = 130 : NULL : WAIT = 0.1
01247 #test power supply
01247 NULL : MeterVolts = 13.0 | 0.32 | 0.1
01247 TEST: MeterVolts 13.0 +/- 0.32
01247 PASS: MeterVolts 12.951
01248 #test feedback
01248 NULL : sdo[0x6401][4] = 13000 | 320 | 0.01
01248 PASS: Read Analogue Input 16-Bit.Port 6B 12900.0
01249 NULL : sdo[0x1001] = 0 | 0.1 | 0.1
01249 PASS: Error Register 0.0
01250 NULL : sdo[0x1003][0] = 0 | 0.1 | 0.1
01250 PASS: Pre-defined Error Field.Number of Errors 0.0
01251 #set power supply
01251 PwrSetVoltage = 135 : NULL : WAIT = 0.1
01252 #test power supply
01252 NULL : MeterVolts = 13.5 | 0.32 | 0.1
01252 TEST: MeterVolts 13.5 +/- 0.32
01252 PASS: MeterVolts 13.445
01253 #test feedback
01253 NULL : sdo[0x6401][4] = 13500 | 320 | 0.01
01253 PASS: Read Analogue Input 16-Bit.Port 6B 13379.0
01254 NULL : sdo[0x1001] = 0 | 0.1 | 0.1
01254 PASS: Error Register 0.0
01255 NULL : sdo[0x1003][0] = 0 | 0.1 | 0.1
01255 PASS: Pre-defined Error Field.Number of Errors 0.0
01256 #set power supply
01256 PwrSetVoltage = 140 : NULL : WAIT = 0.1
01257 #test power supply
01257 NULL : MeterVolts = 14.0 | 0.32 | 0.1
01257 TEST: MeterVolts 14.0 +/- 0.32
01257 PASS: MeterVolts 13.946
01258 #test feedback
01258 NULL : sdo[0x6401][4] = 14000 | 320 | 0.01
01258 PASS: Read Analogue Input 16-Bit.Port 6B 13891.0
01259 NULL : sdo[0x1001] = 0 | 0.1 | 0.1
01259 PASS: Error Register 0.0
01260 NULL : sdo[0x1003][0] = 0 | 0.1 | 0.1
01260 PASS: Pre-defined Error Field.Number of Errors 0.0
01261 #set power supply
01261 PwrSetVoltage = 145 : NULL : WAIT = 0.1
01262 #test power supply
01262 NULL : MeterVolts = 14.5 | 0.32 | 0.1
01262 TEST: MeterVolts 14.5 +/- 0.32
01262 PASS: MeterVolts 14.44
01263 #test feedback
01263 NULL : sdo[0x6401][4] = 14500 | 320 | 0.01
01263 PASS: Read Analogue Input 16-Bit.Port 6B 14378.0
01264 NULL : sdo[0x1001] = 0 | 0.1 | 0.1
01264 PASS: Error Register 0.0
01265 NULL : sdo[0x1003][0] = 0 | 0.1 | 0.1
01265 PASS: Pre-defined Error Field.Number of Errors 0.0
01266 #set power supply
01266 PwrSetVoltage = 150 : NULL : WAIT = 0.1
01267 #test power supply
01267 NULL : MeterVolts = 15.0 | 0.32 | 0.1
01267 TEST: MeterVolts 15.0 +/- 0.32
01267 PASS: MeterVolts 14.935
01268 #test feedback
01268 NULL : sdo[0x6401][4] = 15000 | 320 | 0.01
01268 PASS: Read Analogue Input 16-Bit.Port 6B 14866.0
01269 NULL : sdo[0x1001] = 0 | 0.1 | 0.1
01269 PASS: Error Register 0.0
01270 NULL : sdo[0x1003][0] = 0 | 0.1 | 0.1
01270 PASS: Pre-defined Error Field.Number of Errors 0.0
01271 #set power supply
01271 PwrSetVoltage = 155 : NULL : WAIT = 0.1
01272 #test power supply
01272 NULL : MeterVolts = 15.5 | 0.32 | 0.1
01272 TEST: MeterVolts 15.5 +/- 0.32
01272 PASS: MeterVolts 15.182
01273 #test feedback
01273 NULL : sdo[0x6401][4] = 15500 | 320 | 0.01
01273 PASS: Read Analogue Input 16-Bit.Port 6B 15361.0
01274 NULL : sdo[0x1001] = 0 | 0.1 | 0.1
01274 PASS: Error Register 0.0
01275 NULL : sdo[0x1003][0] = 0 | 0.1 | 0.1
01275 PASS: Pre-defined Error Field.Number of Errors 0.0
01276 #set power supply
01276 PwrSetVoltage = 160 : NULL : WAIT = 0.1
01277 #test power supply
01277 NULL : MeterVolts = 16.0 | 0.32 | 0.1
01277 TEST: MeterVolts 16.0 +/- 0.32
01277 PASS: MeterVolts 15.878
01278 #test feedback
01278 NULL : sdo[0x6401][4] = 16000 | 320 | 0.01
01278 PASS: Read Analogue Input 16-Bit.Port 6B 15890.0
01279 NULL : sdo[0x1001] = 0 | 0.1 | 0.1
01279 PASS: Error Register 0.0
01280 NULL : sdo[0x1003][0] = 0 | 0.1 | 0.1
01280 PASS: Pre-defined Error Field.Number of Errors 0.0
01281 #set power supply
01281 PwrSetVoltage = 165 : NULL : WAIT = 0.1
01282 #test power supply
01282 NULL : MeterVolts = 16.5 | 0.32 | 0.1
01282 TEST: MeterVolts 16.5 +/- 0.32
01282 PASS: MeterVolts 16.408
01283 #test feedback
01283 NULL : sdo[0x6401][4] = 16500 | 320 | 0.01
01283 PASS: Read Analogue Input 16-Bit.Port 6B 16385.0
01284 NULL : sdo[0x1001] = 0 | 0.1 | 0.1
01284 PASS: Error Register 0.0
01285 NULL : sdo[0x1003][0] = 0 | 0.1 | 0.1
01285 PASS: Pre-defined Error Field.Number of Errors 0.0
01286 #set power supply
01286 PwrSetVoltage = 170 : NULL : WAIT = 0.1
01287 #test power supply
01287 NULL : MeterVolts = 17.0 | 0.32 | 0.1
01287 TEST: MeterVolts 17.0 +/- 0.32
01287 PASS: MeterVolts 16.93
01288 #test feedback
01288 NULL : sdo[0x6401][4] = 17000 | 320 | 0.01
01288 PASS: Read Analogue Input 16-Bit.Port 6B 16889.0
01289 NULL : sdo[0x1001] = 0 | 0.1 | 0.1
01289 PASS: Error Register 0.0
01290 NULL : sdo[0x1003][0] = 0 | 0.1 | 0.1
01290 PASS: Pre-defined Error Field.Number of Errors 0.0
01291 #set power supply
01291 PwrSetVoltage = 175 : NULL : WAIT = 0.1
01292 #test power supply
01292 NULL : MeterVolts = 17.5 | 0.32 | 0.1
01292 TEST: MeterVolts 17.5 +/- 0.32
01292 PASS: MeterVolts 17.464
01293 #test feedback
01293 NULL : sdo[0x6401][4] = 17500 | 320 | 0.01
01293 PASS: Read Analogue Input 16-Bit.Port 6B 17393.0
01294 NULL : sdo[0x1001] = 0 | 0.1 | 0.1
01294 PASS: Error Register 0.0
01295 NULL : sdo[0x1003][0] = 0 | 0.1 | 0.1
01295 PASS: Pre-defined Error Field.Number of Errors 0.0
01296 #set power supply
01296 PwrSetVoltage = 180 : NULL : WAIT = 0.1
01297 #test power supply
01297 NULL : MeterVolts = 18.0 | 0.32 | 0.1
01297 TEST: MeterVolts 18.0 +/- 0.32
01297 PASS: MeterVolts 17.964
01298 #test feedback
01298 NULL : sdo[0x6401][4] = 18000 | 320 | 0.01
01298 PASS: Read Analogue Input 16-Bit.Port 6B 17888.0
01299 NULL : sdo[0x1001] = 0 | 0.1 | 0.1
01299 PASS: Error Register 0.0
01300 NULL : sdo[0x1003][0] = 0 | 0.1 | 0.1
01300 PASS: Pre-defined Error Field.Number of Errors 0.0
01301 #set power supply
01301 PwrSetVoltage = 185 : NULL : WAIT = 0.1
01302 #test power supply
01302 NULL : MeterVolts = 18.5 | 0.32 | 0.1
01302 TEST: MeterVolts 18.5 +/- 0.32
01302 PASS: MeterVolts 18.457
01303 #test feedback
01303 NULL : sdo[0x6401][4] = 18500 | 320 | 0.01
01303 PASS: Read Analogue Input 16-Bit.Port 6B 18384.0
01304 NULL : sdo[0x1001] = 0 | 0.1 | 0.1
01304 PASS: Error Register 0.0
01305 NULL : sdo[0x1003][0] = 0 | 0.1 | 0.1
01305 PASS: Pre-defined Error Field.Number of Errors 0.0
01306 #set power supply
01306 PwrSetVoltage = 190 : NULL : WAIT = 0.1
01307 #test power supply
01307 NULL : MeterVolts = 19.0 | 0.32 | 0.1
01307 TEST: MeterVolts 19.0 +/- 0.32
01307 PASS: MeterVolts 18.955
01308 #test feedback
01308 NULL : sdo[0x6401][4] = 19000 | 320 | 0.01
01308 PASS: Read Analogue Input 16-Bit.Port 6B 18880.0
01309 NULL : sdo[0x1001] = 0 | 0.1 | 0.1
01309 PASS: Error Register 0.0
01310 NULL : sdo[0x1003][0] = 0 | 0.1 | 0.1
01310 PASS: Pre-defined Error Field.Number of Errors 0.0
01311 #set power supply
01311 PwrSetVoltage = 195 : NULL : WAIT = 0.1
01312 #test power supply
01312 NULL : MeterVolts = 19.5 | 0.32 | 0.1
01312 TEST: MeterVolts 19.5 +/- 0.32
01312 PASS: MeterVolts 19.457
01313 #test feedback
01313 NULL : sdo[0x6401][4] = 19500 | 320 | 0.01
01313 PASS: Read Analogue Input 16-Bit.Port 6B 19383.0
01314 NULL : sdo[0x1001] = 0 | 0.1 | 0.1
01314 PASS: Error Register 0.0
01315 NULL : sdo[0x1003][0] = 0 | 0.1 | 0.1
01315 PASS: Pre-defined Error Field.Number of Errors 0.0
01316 #set power supply
01316 PwrSetVoltage = 200 : NULL : WAIT = 0.1
01317 #test power supply
01317 NULL : MeterVolts = 20.0 | 0.32 | 0.1
01317 TEST: MeterVolts 20.0 +/- 0.32
01317 PASS: MeterVolts 19.951
01318 #test feedback
01318 NULL : sdo[0x6401][4] = 20000 | 320 | 0.01
01318 PASS: Read Analogue Input 16-Bit.Port 6B 19871.0
01319 NULL : sdo[0x1001] = 0 | 0.1 | 0.1
01319 PASS: Error Register 0.0
01320 NULL : sdo[0x1003][0] = 0 | 0.1 | 0.1
01320 PASS: Pre-defined Error Field.Number of Errors 0.0
01321 #set power supply
01321 PwrSetVoltage = 205 : NULL : WAIT = 0.1
01322 #test power supply
01322 NULL : MeterVolts = 20.5 | 0.32 | 0.1
01322 TEST: MeterVolts 20.5 +/- 0.32
01322 PASS: MeterVolts 20.45
01323 #test feedback
01323 NULL : sdo[0x6401][4] = 20500 | 320 | 0.01
01323 PASS: Read Analogue Input 16-Bit.Port 6B 20374.0
01324 NULL : sdo[0x1001] = 0 | 0.1 | 0.1
01324 PASS: Error Register 0.0
01325 NULL : sdo[0x1003][0] = 0 | 0.1 | 0.1
01325 PASS: Pre-defined Error Field.Number of Errors 0.0
01326 #set power supply
01326 PwrSetVoltage = 210 : NULL : WAIT = 0.1
01327 #test power supply
01327 NULL : MeterVolts = 21.0 | 0.32 | 0.1
01327 TEST: MeterVolts 21.0 +/- 0.32
01327 PASS: MeterVolts 20.942
01328 #test feedback
01328 NULL : sdo[0x6401][4] = 21000 | 320 | 0.01
01328 PASS: Read Analogue Input 16-Bit.Port 6B 20862.0
01329 NULL : sdo[0x1001] = 0 | 0.1 | 0.1
01329 PASS: Error Register 0.0
01330 NULL : sdo[0x1003][0] = 0 | 0.1 | 0.1
01330 PASS: Pre-defined Error Field.Number of Errors 0.0
01331 #set power supply
01331 PwrSetVoltage = 215 : NULL : WAIT = 0.1
01332 #test power supply
01332 NULL : MeterVolts = 21.5 | 0.32 | 0.1
01332 TEST: MeterVolts 21.5 +/- 0.32
01332 PASS: MeterVolts 21.437
01333 #test feedback
01333 NULL : sdo[0x6401][4] = 21500 | 320 | 0.01
01333 PASS: Read Analogue Input 16-Bit.Port 6B 21357.0
01334 NULL : sdo[0x1001] = 0 | 0.1 | 0.1
01334 PASS: Error Register 0.0
01335 NULL : sdo[0x1003][0] = 0 | 0.1 | 0.1
01335 PASS: Pre-defined Error Field.Number of Errors 0.0
01336 #set power supply
01336 PwrSetVoltage = 220 : NULL : WAIT = 0.1
01337 #test power supply
01337 NULL : MeterVolts = 22.0 | 0.32 | 0.1
01337 TEST: MeterVolts 22.0 +/- 0.32
01337 PASS: MeterVolts 21.939
01338 #test feedback
01338 NULL : sdo[0x6401][4] = 22000 | 320 | 0.01
01338 PASS: Read Analogue Input 16-Bit.Port 6B 21853.0
01339 NULL : sdo[0x1001] = 0 | 0.1 | 0.1
01339 PASS: Error Register 0.0
01340 NULL : sdo[0x1003][0] = 0 | 0.1 | 0.1
01340 PASS: Pre-defined Error Field.Number of Errors 0.0
01341 #set power supply
01341 PwrSetVoltage = 225 : NULL : WAIT = 0.1
01342 #test power supply
01342 NULL : MeterVolts = 22.5 | 0.32 | 0.1
01342 TEST: MeterVolts 22.5 +/- 0.32
01342 PASS: MeterVolts 22.431
01343 #test feedback
01343 NULL : sdo[0x6401][4] = 22500 | 320 | 0.01
01343 PASS: Read Analogue Input 16-Bit.Port 6B 22348.0
01344 NULL : sdo[0x1001] = 0 | 0.1 | 0.1
01344 PASS: Error Register 0.0
01345 NULL : sdo[0x1003][0] = 0 | 0.1 | 0.1
01345 PASS: Pre-defined Error Field.Number of Errors 0.0
01346 #set power supply
01346 PwrSetVoltage = 230 : NULL : WAIT = 0.1
01347 #test power supply
01347 NULL : MeterVolts = 23.0 | 0.32 | 0.1
01347 TEST: MeterVolts 23.0 +/- 0.32
01347 PASS: MeterVolts 22.932
01348 #test feedback
01348 NULL : sdo[0x6401][4] = 23000 | 320 | 0.01
01348 PASS: Read Analogue Input 16-Bit.Port 6B 22844.0
01349 NULL : sdo[0x1001] = 0 | 0.1 | 0.1
01349 PASS: Error Register 0.0
01350 NULL : sdo[0x1003][0] = 0 | 0.1 | 0.1
01350 PASS: Pre-defined Error Field.Number of Errors 0.0
01351 #set power supply
01351 PwrSetVoltage = 235 : NULL : WAIT = 0.1
01352 #test power supply
01352 NULL : MeterVolts = 23.5 | 0.32 | 0.1
01352 TEST: MeterVolts 23.5 +/- 0.32
01352 PASS: MeterVolts 23.423
01353 #test feedback
01353 NULL : sdo[0x6401][4] = 23500 | 320 | 0.01
01353 PASS: Read Analogue Input 16-Bit.Port 6B 23339.0
01354 NULL : sdo[0x1001] = 0 | 0.1 | 0.1
01354 PASS: Error Register 0.0
01355 NULL : sdo[0x1003][0] = 0 | 0.1 | 0.1
01355 PASS: Pre-defined Error Field.Number of Errors 0.0
01356 #set power supply
01356 PwrSetVoltage = 240 : NULL : WAIT = 0.1
01357 #test power supply
01357 NULL : MeterVolts = 24.0 | 0.32 | 0.1
01357 TEST: MeterVolts 24.0 +/- 0.32
01357 PASS: MeterVolts 23.942
01358 #test feedback
01358 NULL : sdo[0x6401][4] = 24000 | 320 | 0.01
01358 PASS: Read Analogue Input 16-Bit.Port 6B 23851.0
01359 NULL : sdo[0x1001] = 0 | 0.1 | 0.1
01359 PASS: Error Register 0.0
01360 NULL : sdo[0x1003][0] = 0 | 0.1 | 0.1
01360 PASS: Pre-defined Error Field.Number of Errors 0.0
01361 #set power supply
01361 PwrSetVoltage = 245 : NULL : WAIT = 0.1
01362 #test power supply
01362 NULL : MeterVolts = 24.5 | 0.32 | 0.1
01362 TEST: MeterVolts 24.5 +/- 0.32
01362 PASS: MeterVolts 24.444
01363 #test feedback
01363 NULL : sdo[0x6401][4] = 24500 | 320 | 0.01
01363 PASS: Read Analogue Input 16-Bit.Port 6B 24355.0
01364 NULL : sdo[0x1001] = 0 | 0.1 | 0.1
01364 PASS: Error Register 0.0
01365 NULL : sdo[0x1003][0] = 0 | 0.1 | 0.1
01365 PASS: Pre-defined Error Field.Number of Errors 0.0
01366 #set power supply
01366 PwrSetVoltage = 250 : NULL : WAIT = 0.1
01367 #test power supply
01367 NULL : MeterVolts = 25.0 | 0.32 | 0.1
01367 TEST: MeterVolts 25.0 +/- 0.32
01367 PASS: MeterVolts 24.941
01368 #test feedback
01368 NULL : sdo[0x6401][4] = 25000 | 320 | 0.01
01368 PASS: Read Analogue Input 16-Bit.Port 6B 24851.0
01369 NULL : sdo[0x1001] = 0 | 0.1 | 0.1
01369 PASS: Error Register 0.0
01370 NULL : sdo[0x1003][0] = 0 | 0.1 | 0.1
01370 PASS: Pre-defined Error Field.Number of Errors 0.0
01371 #set power supply
01371 PwrSetVoltage = 255 : NULL : WAIT = 0.1
01372 #test power supply
01372 NULL : MeterVolts = 25.5 | 0.32 | 0.1
01372 TEST: MeterVolts 25.5 +/- 0.32
01372 PASS: MeterVolts 25.446
01373 #test feedback
01373 NULL : sdo[0x6401][4] = 25500 | 320 | 0.01
01373 PASS: Read Analogue Input 16-Bit.Port 6B 25355.0
01374 NULL : sdo[0x1001] = 0 | 0.1 | 0.1
01374 PASS: Error Register 0.0
01375 NULL : sdo[0x1003][0] = 0 | 0.1 | 0.1
01375 PASS: Pre-defined Error Field.Number of Errors 0.0
01376 #set power supply
01376 PwrSetVoltage = 260 : NULL : WAIT = 0.1
01377 #test power supply
01377 NULL : MeterVolts = 26.0 | 0.32 | 0.1
01377 TEST: MeterVolts 26.0 +/- 0.32
01377 PASS: MeterVolts 25.923
01378 #test feedback
01378 NULL : sdo[0x6401][4] = 26000 | 320 | 0.01
01378 PASS: Read Analogue Input 16-Bit.Port 6B 25834.0
01379 NULL : sdo[0x1001] = 0 | 0.1 | 0.1
01379 PASS: Error Register 0.0
01380 NULL : sdo[0x1003][0] = 0 | 0.1 | 0.1
01380 PASS: Pre-defined Error Field.Number of Errors 0.0
01381 #set power supply
01381 PwrSetVoltage = 265 : NULL : WAIT = 0.1
01382 #test power supply
01382 NULL : MeterVolts = 26.5 | 0.32 | 0.1
01382 TEST: MeterVolts 26.5 +/- 0.32
01382 PASS: MeterVolts 26.428
01383 #test feedback
01383 NULL : sdo[0x6401][4] = 26500 | 320 | 0.01
01383 PASS: Read Analogue Input 16-Bit.Port 6B 26337.0
01384 NULL : sdo[0x1001] = 0 | 0.1 | 0.1
01384 PASS: Error Register 0.0
01385 NULL : sdo[0x1003][0] = 0 | 0.1 | 0.1
01385 PASS: Pre-defined Error Field.Number of Errors 0.0
01386 #set power supply
01386 PwrSetVoltage = 270 : NULL : WAIT = 0.1
01387 #test power supply
01387 NULL : MeterVolts = 27.0 | 0.32 | 0.1
01387 TEST: MeterVolts 27.0 +/- 0.32
01387 PASS: MeterVolts 26.936
01388 #test feedback
01388 NULL : sdo[0x6401][4] = 27000 | 320 | 0.01
01388 PASS: Read Analogue Input 16-Bit.Port 6B 26849.0
01389 NULL : sdo[0x1001] = 0 | 0.1 | 0.1
01389 PASS: Error Register 0.0
01390 NULL : sdo[0x1003][0] = 0 | 0.1 | 0.1
01390 PASS: Pre-defined Error Field.Number of Errors 0.0
01391 #set power supply
01391 PwrSetVoltage = 275 : NULL : WAIT = 0.1
01392 #test power supply
01392 NULL : MeterVolts = 27.5 | 0.32 | 0.1
01392 TEST: MeterVolts 27.5 +/- 0.32
01392 PASS: MeterVolts 27.181
01393 #test feedback
01393 NULL : sdo[0x6401][4] = 27500 | 320 | 0.01
01393 PASS: Read Analogue Input 16-Bit.Port 6B 27345.0
01394 NULL : sdo[0x1001] = 0 | 0.1 | 0.1
01394 PASS: Error Register 0.0
01395 NULL : sdo[0x1003][0] = 0 | 0.1 | 0.1
01395 PASS: Pre-defined Error Field.Number of Errors 0.0
01396 #set power supply
01396 PwrSetVoltage = 280 : NULL : WAIT = 0.1
01397 #test power supply
01397 NULL : MeterVolts = 28.0 | 0.32 | 0.1
01397 TEST: MeterVolts 28.0 +/- 0.32
01397 PASS: MeterVolts 27.834
01398 #test feedback
01398 NULL : sdo[0x6401][4] = 28000 | 320 | 0.01
01398 PASS: Read Analogue Input 16-Bit.Port 6B 27841.0
01399 NULL : sdo[0x1001] = 0 | 0.1 | 0.1
01399 PASS: Error Register 0.0
01400 NULL : sdo[0x1003][0] = 0 | 0.1 | 0.1
01400 PASS: Pre-defined Error Field.Number of Errors 0.0
01401 #set power supply
01401 PwrSetVoltage = 285 : NULL : WAIT = 0.1
01402 #test power supply
01402 NULL : MeterVolts = 28.5 | 0.32 | 0.1
01402 TEST: MeterVolts 28.5 +/- 0.32
01402 PASS: MeterVolts 28.426
01403 #test feedback
01403 NULL : sdo[0x6401][4] = 28500 | 320 | 0.01
01403 PASS: Read Analogue Input 16-Bit.Port 6B 28328.0
01404 NULL : sdo[0x1001] = 0 | 0.1 | 0.1
01404 PASS: Error Register 0.0
01405 NULL : sdo[0x1003][0] = 0 | 0.1 | 0.1
01405 PASS: Pre-defined Error Field.Number of Errors 0.0
01406 #set power supply
01406 PwrSetVoltage = 290 : NULL : WAIT = 0.1
01407 #test power supply
01407 NULL : MeterVolts = 29.0 | 0.32 | 0.1
01407 TEST: MeterVolts 29.0 +/- 0.32
01407 PASS: MeterVolts 28.929
01408 #test feedback
01408 NULL : sdo[0x6401][4] = 29000 | 320 | 0.01
01408 PASS: Read Analogue Input 16-Bit.Port 6B 28832.0
01409 NULL : sdo[0x1001] = 0 | 0.1 | 0.1
01409 PASS: Error Register 0.0
01410 NULL : sdo[0x1003][0] = 0 | 0.1 | 0.1
01410 PASS: Pre-defined Error Field.Number of Errors 0.0
01411 #set power supply
01411 PwrSetVoltage = 295 : NULL : WAIT = 0.1
01412 #test power supply
01412 NULL : MeterVolts = 29.5 | 0.32 | 0.1
01412 TEST: MeterVolts 29.5 +/- 0.32
01412 PASS: MeterVolts 29.434
01413 #test feedback
01413 NULL : sdo[0x6401][4] = 29500 | 320 | 0.01
01413 PASS: Read Analogue Input 16-Bit.Port 6B 29335.0
01414 NULL : sdo[0x1001] = 0 | 0.1 | 0.1
01414 PASS: Error Register 0.0
01415 NULL : sdo[0x1003][0] = 0 | 0.1 | 0.1
01415 PASS: Pre-defined Error Field.Number of Errors 0.0
01416 #set power supply
01416 PwrSetVoltage = 300 : NULL : WAIT = 0.1
01417 #test power supply
01417 NULL : MeterVolts = 30.0 | 0.32 | 0.1
01417 TEST: MeterVolts 30.0 +/- 0.32
01417 PASS: MeterVolts 29.933
01418 #test feedback
01418 NULL : sdo[0x6401][4] = 30000 | 320 | 0.01
01418 PASS: Read Analogue Input 16-Bit.Port 6B 29831.0
01419 NULL : sdo[0x1001] = 0 | 0.1 | 0.1
01419 PASS: Error Register 0.0
01420 NULL : sdo[0x1003][0] = 0 | 0.1 | 0.1
01420 PASS: Pre-defined Error Field.Number of Errors 0.0
01421 #set power supply
01421 PwrSetVoltage = 305 : NULL : WAIT = 0.1
01422 #test power supply
01422 NULL : MeterVolts = 30.5 | 0.32 | 0.1
01422 TEST: MeterVolts 30.5 +/- 0.32
01422 PASS: MeterVolts 30.437
01423 #test feedback
01423 NULL : sdo[0x6401][4] = 30500 | 320 | 0.01
01423 PASS: Read Analogue Input 16-Bit.Port 6B 30343.0
01424 NULL : sdo[0x1001] = 0 | 0.1 | 0.1
01424 PASS: Error Register 0.0
01425 NULL : sdo[0x1003][0] = 0 | 0.1 | 0.1
01425 PASS: Pre-defined Error Field.Number of Errors 0.0
01426 #set power supply
01426 PwrSetVoltage = 310 : NULL : WAIT = 0.1
01427 #test power supply
01427 NULL : MeterVolts = 31.0 | 0.32 | 0.1
01427 TEST: MeterVolts 31.0 +/- 0.32
01427 PASS: MeterVolts 30.94
01428 #test feedback
01428 NULL : sdo[0x6401][4] = 31000 | 320 | 0.01
01428 PASS: Read Analogue Input 16-Bit.Port 6B 30839.0
01429 NULL : sdo[0x1001] = 0 | 0.1 | 0.1
01429 PASS: Error Register 0.0
01430 NULL : sdo[0x1003][0] = 0 | 0.1 | 0.1
01430 PASS: Pre-defined Error Field.Number of Errors 0.0
01431 #set power supply
01431 PwrSetVoltage = 315 : NULL : WAIT = 0.1
01432 #test power supply
01432 NULL : MeterVolts = 31.5 | 0.32 | 0.1
01432 TEST: MeterVolts 31.5 +/- 0.32
01432 PASS: MeterVolts 31.434
01433 #test feedback
01433 NULL : sdo[0x6401][4] = 31500 | 320 | 0.01
01433 PASS: Read Analogue Input 16-Bit.Port 6B 31334.0
01434 NULL : sdo[0x1001] = 0 | 0.1 | 0.1
01434 PASS: Error Register 0.0
01435 NULL : sdo[0x1003][0] = 0 | 0.1 | 0.1
01435 PASS: Pre-defined Error Field.Number of Errors 0.0
01436 #set power supply
01436 PwrSetVoltage = 320 : NULL : WAIT = 0.1
01437 #test power supply
01437 NULL : MeterVolts = 32.0 | 0.32 | 0.1
01437 TEST: MeterVolts 32.0 +/- 0.32
01437 PASS: MeterVolts 31.935
01438 #test feedback
01438 NULL : sdo[0x6401][4] = 32000 | 320 | 0.01
01438 PASS: Read Analogue Input 16-Bit.Port 6B 31838.0
01439 NULL : sdo[0x1001] = 0 | 0.1 | 0.1
01439 PASS: Error Register 0.0
01440 NULL : sdo[0x1003][0] = 0 | 0.1 | 0.1
01440 PASS: Pre-defined Error Field.Number of Errors 0.0
01441 #set power supply
01441 PwrSetVoltage = 325 : NULL : WAIT = 0.1
01442 #test power supply
01442 NULL : MeterVolts = 32.5 | 0.32 | 0.1
01442 TEST: MeterVolts 32.5 +/- 0.32
01442 PASS: MeterVolts 32.433
01443 #test feedback
01443 NULL : sdo[0x1001] = 0 | 0.1 | 0.1
01443 TEST: Error Register 0.0 +/- 0.1
01443 PASS: Error Register 0.0
01444 NULL : sdo[0x1003][0] = 0 | 0.1 | 0.1
01444 PASS: Pre-defined Error Field.Number of Errors 0.0
01445 #set power supply
01445 PwrSetVoltage = 330 : NULL : WAIT = 0.1
01446 #test power supply
01446 NULL : MeterVolts = 33.0 | 0.32 | 0.1
01446 TEST: MeterVolts 33.0 +/- 0.32
01446 PASS: MeterVolts 32.939
01447 #test feedback
01447 NULL : sdo[0x1001] = 0 | 0.1 | 0.1
01447 TEST: Error Register 0.0 +/- 0.1
01447 PASS: Error Register 0.0
01448 NULL : sdo[0x1003][0] = 0 | 0.1 | 0.1
01448 PASS: Pre-defined Error Field.Number of Errors 0.0
01449 #set power supply
01449 PwrSetVoltage = 335 : NULL : WAIT = 0.1
01450 #test power supply
01450 NULL : MeterVolts = 33.5 | 0.32 | 0.1
01450 TEST: MeterVolts 33.5 +/- 0.32
01450 PASS: MeterVolts 33.441
01451 #test feedback
01451 NULL : sdo[0x1001] = 0 | 0.1 | 0.1
01451 TEST: Error Register 0.0 +/- 0.1
01451 PASS: Error Register 0.0
01452 NULL : sdo[0x1003][0] = 0 | 0.1 | 0.1
01452 PASS: Pre-defined Error Field.Number of Errors 0.0
01453 #set power supply
01453 PwrSetVoltage = 340 : NULL : WAIT = 0.1
01454 #test power supply
01454 NULL : MeterVolts = 34.0 | 0.32 | 0.1
01454 TEST: MeterVolts 34.0 +/- 0.32
01454 PASS: MeterVolts 33.893
01455 #test feedback
01455 NULL : sdo[0x6401][4] = 0 | 0.1 | 0.1
01455 TEST: Read Analogue Input 16-Bit.Port 6B 0.0 +/- 0.1
01455 PASS: Read Analogue Input 16-Bit.Port 6B 0.0
01456 NULL : sdo[0x1001] = 1 | 0.1 | 0.1
01456 PASS: Error Register 1.0
01457 NULL : sdo[0x1003][0] = 1 | 0.1 | 0.1
01457 PASS: Pre-defined Error Field.Number of Errors 1.0
01458 #set power supply
01458 PwrSetVoltage = 341 : NULL : WAIT = 0.1
01459 #test power supply
01459 NULL : MeterVolts = 34.1 | 0.32 | 0.1
01459 TEST: MeterVolts 34.1 +/- 0.32
01459 PASS: MeterVolts 33.934
01460 #test feedback
01460 NULL : sdo[0x6401][4] = 0 | 0.1 | 0.1
01460 TEST: Read Analogue Input 16-Bit.Port 6B 0.0 +/- 0.1
01460 PASS: Read Analogue Input 16-Bit.Port 6B 0.0
01461 NULL : sdo[0x1001] = 1 | 0.1 | 0.1
01461 PASS: Error Register 1.0
01462 NULL : sdo[0x1003][0] = 1 | 0.1 | 0.1
01462 PASS: Pre-defined Error Field.Number of Errors 1.0
01463 
01463 #Finished with port
01463 #switch out input
01463 J2_12 = 0 : NULL : WAIT = 0.1
01464 
01464 #cycle IGN to clear any faults
01464 RLY_K1 = 1 : NULL : WAIT = 1
01465 RLY_K1 = 0 : NULL : WAIT = 0.2
01466 #-----setup 34044-----
01466 sdo[0x2000][1] = 0, sdo[0x2000][2] = 0 : NULL : WAIT = 0.1
01467 #disable global modes
01467 sdo[0x2000][3] = 0 : NULL : WAIT = 0.1
01468 sdo[0x2000][4] = 0 : NULL : WAIT = 0.1
01469 #configure Port Modes
01469 sdo[0x2001][5] = 96 : NULL : WAIT = 0.1
01470 sdo[0x2001][6] = 96 : NULL : WAIT = 0.1
01471 sdo[0x2001][7] = 96 : NULL : WAIT = 0.1
01472 sdo[0x2001][8] = 96 : NULL : WAIT = 0.1
01473 #verify fault clear
01473 NULL : sdo[0x1001] = 0 | 0.1 | 0.1
01473 TEST: Error Register 0.0 +/- 0.1
01473 PASS: Error Register 0.0
01474 #set power supply and wait
01474 PwrSetVoltage = 10 : NULL : WAIT = 0.1
01475 #test power supply
01475 NULL : MeterVolts = 1 | 0.155 | 0.1
01475 TEST: MeterVolts 1.0 +/- 0.155
01475 PASS: MeterVolts 1.059
01476 #switch input to load line
01476 J3_02 = 1 : NULL : WAIT = 0.1
01477 
01477 #Sweep of Input_7B from 1 to 32 in 0.5 increments
01477 
01477 #set power supply
01477 PwrSetVoltage = 10 : NULL : WAIT = 0.1
01478 #test power supply
01478 NULL : MeterVolts = 1 | 0.32 | 0.1
01478 TEST: MeterVolts 1.0 +/- 0.32
01478 PASS: MeterVolts 0.999
01479 #test feedback
01479 NULL : sdo[0x6401][6] = 1000 | 320 | 0.01
01479 PASS: Read Analogue Input 16-Bit.Port 7B 974.0
01480 NULL : sdo[0x1001] = 0 | 0.1 | 0.1
01480 PASS: Error Register 0.0
01481 NULL : sdo[0x1003][0] = 0 | 0.1 | 0.1
01481 PASS: Pre-defined Error Field.Number of Errors 0.0
01482 #set power supply
01482 PwrSetVoltage = 15 : NULL : WAIT = 0.1
01483 #test power supply
01483 NULL : MeterVolts = 1.5 | 0.32 | 0.1
01483 TEST: MeterVolts 1.5 +/- 0.32
01483 PASS: MeterVolts 1.206
01484 #test feedback
01484 NULL : sdo[0x6401][6] = 1500 | 320 | 0.01
01484 PASS: Read Analogue Input 16-Bit.Port 7B 1478.0
01485 NULL : sdo[0x1001] = 0 | 0.1 | 0.1
01485 PASS: Error Register 0.0
01486 NULL : sdo[0x1003][0] = 0 | 0.1 | 0.1
01486 PASS: Pre-defined Error Field.Number of Errors 0.0
01487 #set power supply
01487 PwrSetVoltage = 20 : NULL : WAIT = 0.1
01488 #test power supply
01488 NULL : MeterVolts = 2.0 | 0.32 | 0.1
01488 TEST: MeterVolts 2.0 +/- 0.32
01488 PASS: MeterVolts 1.879
01489 #test feedback
01489 NULL : sdo[0x6401][6] = 2000 | 320 | 0.01
01489 PASS: Read Analogue Input 16-Bit.Port 7B 1982.0
01490 NULL : sdo[0x1001] = 0 | 0.1 | 0.1
01490 PASS: Error Register 0.0
01491 NULL : sdo[0x1003][0] = 0 | 0.1 | 0.1
01491 PASS: Pre-defined Error Field.Number of Errors 0.0
01492 #set power supply
01492 PwrSetVoltage = 25 : NULL : WAIT = 0.1
01493 #test power supply
01493 NULL : MeterVolts = 2.5 | 0.32 | 0.1
01493 TEST: MeterVolts 2.5 +/- 0.32
01493 PASS: MeterVolts 2.506
01494 #test feedback
01494 NULL : sdo[0x6401][6] = 2500 | 320 | 0.01
01494 PASS: Read Analogue Input 16-Bit.Port 7B 2477.0
01495 NULL : sdo[0x1001] = 0 | 0.1 | 0.1
01495 PASS: Error Register 0.0
01496 NULL : sdo[0x1003][0] = 0 | 0.1 | 0.1
01496 PASS: Pre-defined Error Field.Number of Errors 0.0
01497 #set power supply
01497 PwrSetVoltage = 30 : NULL : WAIT = 0.1
01498 #test power supply
01498 NULL : MeterVolts = 3.0 | 0.32 | 0.1
01498 TEST: MeterVolts 3.0 +/- 0.32
01498 PASS: MeterVolts 2.995
01499 #test feedback
01499 NULL : sdo[0x6401][6] = 3000 | 320 | 0.01
01499 PASS: Read Analogue Input 16-Bit.Port 7B 2964.0
01500 NULL : sdo[0x1001] = 0 | 0.1 | 0.1
01500 PASS: Error Register 0.0
01501 NULL : sdo[0x1003][0] = 0 | 0.1 | 0.1
01501 PASS: Pre-defined Error Field.Number of Errors 0.0
01502 #set power supply
01502 PwrSetVoltage = 35 : NULL : WAIT = 0.1
01503 #test power supply
01503 NULL : MeterVolts = 3.5 | 0.32 | 0.1
01503 TEST: MeterVolts 3.5 +/- 0.32
01503 PASS: MeterVolts 3.218
01504 #test feedback
01504 NULL : sdo[0x6401][6] = 3500 | 320 | 0.01
01504 PASS: Read Analogue Input 16-Bit.Port 7B 3452.0
01505 NULL : sdo[0x1001] = 0 | 0.1 | 0.1
01505 PASS: Error Register 0.0
01506 NULL : sdo[0x1003][0] = 0 | 0.1 | 0.1
01506 PASS: Pre-defined Error Field.Number of Errors 0.0
01507 #set power supply
01507 PwrSetVoltage = 40 : NULL : WAIT = 0.1
01508 #test power supply
01508 NULL : MeterVolts = 4.0 | 0.32 | 0.1
01508 TEST: MeterVolts 4.0 +/- 0.32
01508 PASS: MeterVolts 3.884
01509 #test feedback
01509 NULL : sdo[0x6401][6] = 4000 | 320 | 0.01
01509 PASS: Read Analogue Input 16-Bit.Port 7B 3939.0
01510 NULL : sdo[0x1001] = 0 | 0.1 | 0.1
01510 PASS: Error Register 0.0
01511 NULL : sdo[0x1003][0] = 0 | 0.1 | 0.1
01511 PASS: Pre-defined Error Field.Number of Errors 0.0
01512 #set power supply
01512 PwrSetVoltage = 45 : NULL : WAIT = 0.1
01513 #test power supply
01513 NULL : MeterVolts = 4.5 | 0.32 | 0.1
01513 TEST: MeterVolts 4.5 +/- 0.32
01513 PASS: MeterVolts 4.483
01514 #test feedback
01514 NULL : sdo[0x6401][6] = 4500 | 320 | 0.01
01514 PASS: Read Analogue Input 16-Bit.Port 7B 4426.0
01515 NULL : sdo[0x1001] = 0 | 0.1 | 0.1
01515 PASS: Error Register 0.0
01516 NULL : sdo[0x1003][0] = 0 | 0.1 | 0.1
01516 PASS: Pre-defined Error Field.Number of Errors 0.0
01517 #set power supply
01517 PwrSetVoltage = 50 : NULL : WAIT = 0.1
01518 #test power supply
01518 NULL : MeterVolts = 5.0 | 0.32 | 0.1
01518 TEST: MeterVolts 5.0 +/- 0.32
01518 PASS: MeterVolts 4.984
01519 #test feedback
01519 NULL : sdo[0x6401][6] = 5000 | 320 | 0.01
01519 PASS: Read Analogue Input 16-Bit.Port 7B 4930.0
01520 NULL : sdo[0x1001] = 0 | 0.1 | 0.1
01520 PASS: Error Register 0.0
01521 NULL : sdo[0x1003][0] = 0 | 0.1 | 0.1
01521 PASS: Pre-defined Error Field.Number of Errors 0.0
01522 #set power supply
01522 PwrSetVoltage = 55 : NULL : WAIT = 0.1
01523 #test power supply
01523 NULL : MeterVolts = 5.5 | 0.32 | 0.1
01523 TEST: MeterVolts 5.5 +/- 0.32
01523 PASS: MeterVolts 5.473
01524 #test feedback
01524 NULL : sdo[0x6401][6] = 5500 | 320 | 0.01
01524 PASS: Read Analogue Input 16-Bit.Port 7B 5417.0
01525 NULL : sdo[0x1001] = 0 | 0.1 | 0.1
01525 PASS: Error Register 0.0
01526 NULL : sdo[0x1003][0] = 0 | 0.1 | 0.1
01526 PASS: Pre-defined Error Field.Number of Errors 0.0
01527 #set power supply
01527 PwrSetVoltage = 60 : NULL : WAIT = 0.1
01528 #test power supply
01528 NULL : MeterVolts = 6.0 | 0.32 | 0.1
01528 TEST: MeterVolts 6.0 +/- 0.32
01528 PASS: MeterVolts 5.974
01529 #test feedback
01529 NULL : sdo[0x6401][6] = 6000 | 320 | 0.01
01529 PASS: Read Analogue Input 16-Bit.Port 7B 5913.0
01530 NULL : sdo[0x1001] = 0 | 0.1 | 0.1
01530 PASS: Error Register 0.0
01531 NULL : sdo[0x1003][0] = 0 | 0.1 | 0.1
01531 PASS: Pre-defined Error Field.Number of Errors 0.0
01532 #set power supply
01532 PwrSetVoltage = 65 : NULL : WAIT = 0.1
01533 #test power supply
01533 NULL : MeterVolts = 6.5 | 0.32 | 0.1
01533 TEST: MeterVolts 6.5 +/- 0.32
01533 PASS: MeterVolts 6.475
01534 #test feedback
01534 NULL : sdo[0x6401][6] = 6500 | 320 | 0.01
01534 PASS: Read Analogue Input 16-Bit.Port 7B 6408.0
01535 NULL : sdo[0x1001] = 0 | 0.1 | 0.1
01535 PASS: Error Register 0.0
01536 NULL : sdo[0x1003][0] = 0 | 0.1 | 0.1
01536 PASS: Pre-defined Error Field.Number of Errors 0.0
01537 #set power supply
01537 PwrSetVoltage = 70 : NULL : WAIT = 0.1
01538 #test power supply
01538 NULL : MeterVolts = 7.0 | 0.32 | 0.1
01538 TEST: MeterVolts 7.0 +/- 0.32
01538 PASS: MeterVolts 6.971
01539 #test feedback
01539 NULL : sdo[0x6401][6] = 7000 | 320 | 0.01
01539 PASS: Read Analogue Input 16-Bit.Port 7B 6904.0
01540 NULL : sdo[0x1001] = 0 | 0.1 | 0.1
01540 PASS: Error Register 0.0
01541 NULL : sdo[0x1003][0] = 0 | 0.1 | 0.1
01541 PASS: Pre-defined Error Field.Number of Errors 0.0
01542 #set power supply
01542 PwrSetVoltage = 75 : NULL : WAIT = 0.1
01543 #test power supply
01543 NULL : MeterVolts = 7.5 | 0.32 | 0.1
01543 TEST: MeterVolts 7.5 +/- 0.32
01543 PASS: MeterVolts 7.476
01544 #test feedback
01544 NULL : sdo[0x6401][6] = 7500 | 320 | 0.01
01544 PASS: Read Analogue Input 16-Bit.Port 7B 7400.0
01545 NULL : sdo[0x1001] = 0 | 0.1 | 0.1
01545 PASS: Error Register 0.0
01546 NULL : sdo[0x1003][0] = 0 | 0.1 | 0.1
01546 PASS: Pre-defined Error Field.Number of Errors 0.0
01547 #set power supply
01547 PwrSetVoltage = 80 : NULL : WAIT = 0.1
01548 #test power supply
01548 NULL : MeterVolts = 8.0 | 0.32 | 0.1
01548 TEST: MeterVolts 8.0 +/- 0.32
01548 PASS: MeterVolts 7.703
01549 #test feedback
01549 NULL : sdo[0x6401][6] = 8000 | 320 | 0.01
01549 PASS: Read Analogue Input 16-Bit.Port 7B 7903.0
01550 NULL : sdo[0x1001] = 0 | 0.1 | 0.1
01550 PASS: Error Register 0.0
01551 NULL : sdo[0x1003][0] = 0 | 0.1 | 0.1
01551 PASS: Pre-defined Error Field.Number of Errors 0.0
01552 #set power supply
01552 PwrSetVoltage = 85 : NULL : WAIT = 0.1
01553 #test power supply
01553 NULL : MeterVolts = 8.5 | 0.32 | 0.1
01553 TEST: MeterVolts 8.5 +/- 0.32
01553 PASS: MeterVolts 8.367
01554 #test feedback
01554 NULL : sdo[0x6401][6] = 8500 | 320 | 0.01
01554 PASS: Read Analogue Input 16-Bit.Port 7B 8391.0
01555 NULL : sdo[0x1001] = 0 | 0.1 | 0.1
01555 PASS: Error Register 0.0
01556 NULL : sdo[0x1003][0] = 0 | 0.1 | 0.1
01556 PASS: Pre-defined Error Field.Number of Errors 0.0
01557 #set power supply
01557 PwrSetVoltage = 90 : NULL : WAIT = 0.1
01558 #test power supply
01558 NULL : MeterVolts = 9.0 | 0.32 | 0.1
01558 TEST: MeterVolts 9.0 +/- 0.32
01558 PASS: MeterVolts 8.968
01559 #test feedback
01559 NULL : sdo[0x6401][6] = 9000 | 320 | 0.01
01559 PASS: Read Analogue Input 16-Bit.Port 7B 8878.0
01560 NULL : sdo[0x1001] = 0 | 0.1 | 0.1
01560 PASS: Error Register 0.0
01561 NULL : sdo[0x1003][0] = 0 | 0.1 | 0.1
01561 PASS: Pre-defined Error Field.Number of Errors 0.0
01562 #set power supply
01562 PwrSetVoltage = 95 : NULL : WAIT = 0.1
01563 #test power supply
01563 NULL : MeterVolts = 9.5 | 0.32 | 0.1
01563 TEST: MeterVolts 9.5 +/- 0.32
01563 PASS: MeterVolts 9.203
01564 #test feedback
01564 NULL : sdo[0x6401][6] = 9500 | 320 | 0.01
01564 PASS: Read Analogue Input 16-Bit.Port 7B 9365.0
01565 NULL : sdo[0x1001] = 0 | 0.1 | 0.1
01565 PASS: Error Register 0.0
01566 NULL : sdo[0x1003][0] = 0 | 0.1 | 0.1
01566 PASS: Pre-defined Error Field.Number of Errors 0.0
01567 #set power supply
01567 PwrSetVoltage = 100 : NULL : WAIT = 0.1
01568 #test power supply
01568 NULL : MeterVolts = 10.0 | 0.32 | 0.1
01568 TEST: MeterVolts 10.0 +/- 0.32
01568 PASS: MeterVolts 9.869
01569 #test feedback
01569 NULL : sdo[0x6401][6] = 10000 | 320 | 0.01
01569 PASS: Read Analogue Input 16-Bit.Port 7B 9869.0
01570 NULL : sdo[0x1001] = 0 | 0.1 | 0.1
01570 PASS: Error Register 0.0
01571 NULL : sdo[0x1003][0] = 0 | 0.1 | 0.1
01571 PASS: Pre-defined Error Field.Number of Errors 0.0
01572 #set power supply
01572 PwrSetVoltage = 105 : NULL : WAIT = 0.1
01573 #test power supply
01573 NULL : MeterVolts = 10.5 | 0.32 | 0.1
01573 TEST: MeterVolts 10.5 +/- 0.32
01573 PASS: MeterVolts 10.394
01574 #test feedback
01574 NULL : sdo[0x6401][6] = 10500 | 320 | 0.01
01574 PASS: Read Analogue Input 16-Bit.Port 7B 10365.0
01575 NULL : sdo[0x1001] = 0 | 0.1 | 0.1
01575 PASS: Error Register 0.0
01576 NULL : sdo[0x1003][0] = 0 | 0.1 | 0.1
01576 PASS: Pre-defined Error Field.Number of Errors 0.0
01577 #set power supply
01577 PwrSetVoltage = 110 : NULL : WAIT = 0.1
01578 #test power supply
01578 NULL : MeterVolts = 11.0 | 0.32 | 0.1
01578 TEST: MeterVolts 11.0 +/- 0.32
01578 PASS: MeterVolts 10.954
01579 #test feedback
01579 NULL : sdo[0x6401][6] = 11000 | 320 | 0.01
01579 PASS: Read Analogue Input 16-Bit.Port 7B 10852.0
01580 NULL : sdo[0x1001] = 0 | 0.1 | 0.1
01580 PASS: Error Register 0.0
01581 NULL : sdo[0x1003][0] = 0 | 0.1 | 0.1
01581 PASS: Pre-defined Error Field.Number of Errors 0.0
01582 #set power supply
01582 PwrSetVoltage = 115 : NULL : WAIT = 0.1
01583 #test power supply
01583 NULL : MeterVolts = 11.5 | 0.32 | 0.1
01583 TEST: MeterVolts 11.5 +/- 0.32
01583 PASS: MeterVolts 11.229
01584 #test feedback
01584 NULL : sdo[0x6401][6] = 11500 | 320 | 0.01
01584 PASS: Read Analogue Input 16-Bit.Port 7B 11347.0
01585 NULL : sdo[0x1001] = 0 | 0.1 | 0.1
01585 PASS: Error Register 0.0
01586 NULL : sdo[0x1003][0] = 0 | 0.1 | 0.1
01586 PASS: Pre-defined Error Field.Number of Errors 0.0
01587 #set power supply
01587 PwrSetVoltage = 120 : NULL : WAIT = 0.1
01588 #test power supply
01588 NULL : MeterVolts = 12.0 | 0.32 | 0.1
01588 TEST: MeterVolts 12.0 +/- 0.32
01588 PASS: MeterVolts 11.892
01589 #test feedback
01589 NULL : sdo[0x6401][6] = 12000 | 320 | 0.01
01589 PASS: Read Analogue Input 16-Bit.Port 7B 11843.0
01590 NULL : sdo[0x1001] = 0 | 0.1 | 0.1
01590 PASS: Error Register 0.0
01591 NULL : sdo[0x1003][0] = 0 | 0.1 | 0.1
01591 PASS: Pre-defined Error Field.Number of Errors 0.0
01592 #set power supply
01592 PwrSetVoltage = 125 : NULL : WAIT = 0.1
01593 #test power supply
01593 NULL : MeterVolts = 12.5 | 0.32 | 0.1
01593 TEST: MeterVolts 12.5 +/- 0.32
01593 PASS: MeterVolts 12.419
01594 #test feedback
01594 NULL : sdo[0x6401][6] = 12500 | 320 | 0.01
01594 PASS: Read Analogue Input 16-Bit.Port 7B 12338.0
01595 NULL : sdo[0x1001] = 0 | 0.1 | 0.1
01595 PASS: Error Register 0.0
01596 NULL : sdo[0x1003][0] = 0 | 0.1 | 0.1
01596 PASS: Pre-defined Error Field.Number of Errors 0.0
01597 #set power supply
01597 PwrSetVoltage = 130 : NULL : WAIT = 0.1
01598 #test power supply
01598 NULL : MeterVolts = 13.0 | 0.32 | 0.1
01598 TEST: MeterVolts 13.0 +/- 0.32
01598 PASS: MeterVolts 12.951
01599 #test feedback
01599 NULL : sdo[0x6401][6] = 13000 | 320 | 0.01
01599 PASS: Read Analogue Input 16-Bit.Port 7B 12842.0
01600 NULL : sdo[0x1001] = 0 | 0.1 | 0.1
01600 PASS: Error Register 0.0
01601 NULL : sdo[0x1003][0] = 0 | 0.1 | 0.1
01601 PASS: Pre-defined Error Field.Number of Errors 0.0
01602 #set power supply
01602 PwrSetVoltage = 135 : NULL : WAIT = 0.1
01603 #test power supply
01603 NULL : MeterVolts = 13.5 | 0.32 | 0.1
01603 TEST: MeterVolts 13.5 +/- 0.32
01603 PASS: MeterVolts 13.444
01604 #test feedback
01604 NULL : sdo[0x6401][6] = 13500 | 320 | 0.01
01604 PASS: Read Analogue Input 16-Bit.Port 7B 13321.0
01605 NULL : sdo[0x1001] = 0 | 0.1 | 0.1
01605 PASS: Error Register 0.0
01606 NULL : sdo[0x1003][0] = 0 | 0.1 | 0.1
01606 PASS: Pre-defined Error Field.Number of Errors 0.0
01607 #set power supply
01607 PwrSetVoltage = 140 : NULL : WAIT = 0.1
01608 #test power supply
01608 NULL : MeterVolts = 14.0 | 0.32 | 0.1
01608 TEST: MeterVolts 14.0 +/- 0.32
01608 PASS: MeterVolts 13.946
01609 #test feedback
01609 NULL : sdo[0x6401][6] = 14000 | 320 | 0.01
01609 PASS: Read Analogue Input 16-Bit.Port 7B 13825.0
01610 NULL : sdo[0x1001] = 0 | 0.1 | 0.1
01610 PASS: Error Register 0.0
01611 NULL : sdo[0x1003][0] = 0 | 0.1 | 0.1
01611 PASS: Pre-defined Error Field.Number of Errors 0.0
01612 #set power supply
01612 PwrSetVoltage = 145 : NULL : WAIT = 0.1
01613 #test power supply
01613 NULL : MeterVolts = 14.5 | 0.32 | 0.1
01613 TEST: MeterVolts 14.5 +/- 0.32
01613 PASS: MeterVolts 14.442
01614 #test feedback
01614 NULL : sdo[0x6401][6] = 14500 | 320 | 0.01
01614 PASS: Read Analogue Input 16-Bit.Port 7B 14321.0
01615 NULL : sdo[0x1001] = 0 | 0.1 | 0.1
01615 PASS: Error Register 0.0
01616 NULL : sdo[0x1003][0] = 0 | 0.1 | 0.1
01616 PASS: Pre-defined Error Field.Number of Errors 0.0
01617 #set power supply
01617 PwrSetVoltage = 150 : NULL : WAIT = 0.1
01618 #test power supply
01618 NULL : MeterVolts = 15.0 | 0.32 | 0.1
01618 TEST: MeterVolts 15.0 +/- 0.32
01618 PASS: MeterVolts 14.936
01619 #test feedback
01619 NULL : sdo[0x6401][6] = 15000 | 320 | 0.01
01619 PASS: Read Analogue Input 16-Bit.Port 7B 14808.0
01620 NULL : sdo[0x1001] = 0 | 0.1 | 0.1
01620 PASS: Error Register 0.0
01621 NULL : sdo[0x1003][0] = 0 | 0.1 | 0.1
01621 PASS: Pre-defined Error Field.Number of Errors 0.0
01622 #set power supply
01622 PwrSetVoltage = 155 : NULL : WAIT = 0.1
01623 #test power supply
01623 NULL : MeterVolts = 15.5 | 0.32 | 0.1
01623 TEST: MeterVolts 15.5 +/- 0.32
01623 PASS: MeterVolts 15.181
01624 #test feedback
01624 NULL : sdo[0x6401][6] = 15500 | 320 | 0.01
01624 PASS: Read Analogue Input 16-Bit.Port 7B 15303.0
01625 NULL : sdo[0x1001] = 0 | 0.1 | 0.1
01625 PASS: Error Register 0.0
01626 NULL : sdo[0x1003][0] = 0 | 0.1 | 0.1
01626 PASS: Pre-defined Error Field.Number of Errors 0.0
01627 #set power supply
01627 PwrSetVoltage = 160 : NULL : WAIT = 0.1
01628 #test power supply
01628 NULL : MeterVolts = 16.0 | 0.32 | 0.1
01628 TEST: MeterVolts 16.0 +/- 0.32
01628 PASS: MeterVolts 15.872
01629 #test feedback
01629 NULL : sdo[0x6401][6] = 16000 | 320 | 0.01
01629 PASS: Read Analogue Input 16-Bit.Port 7B 15824.0
01630 NULL : sdo[0x1001] = 0 | 0.1 | 0.1
01630 PASS: Error Register 0.0
01631 NULL : sdo[0x1003][0] = 0 | 0.1 | 0.1
01631 PASS: Pre-defined Error Field.Number of Errors 0.0
01632 #set power supply
01632 PwrSetVoltage = 165 : NULL : WAIT = 0.1
01633 #test power supply
01633 NULL : MeterVolts = 16.5 | 0.32 | 0.1
01633 TEST: MeterVolts 16.5 +/- 0.32
01633 PASS: MeterVolts 16.402
01634 #test feedback
01634 NULL : sdo[0x6401][6] = 16500 | 320 | 0.01
01634 PASS: Read Analogue Input 16-Bit.Port 7B 16319.0
01635 NULL : sdo[0x1001] = 0 | 0.1 | 0.1
01635 PASS: Error Register 0.0
01636 NULL : sdo[0x1003][0] = 0 | 0.1 | 0.1
01636 PASS: Pre-defined Error Field.Number of Errors 0.0
01637 #set power supply
01637 PwrSetVoltage = 170 : NULL : WAIT = 0.1
01638 #test power supply
01638 NULL : MeterVolts = 17.0 | 0.32 | 0.1
01638 TEST: MeterVolts 17.0 +/- 0.32
01638 PASS: MeterVolts 16.963
01639 #test feedback
01639 NULL : sdo[0x6401][6] = 17000 | 320 | 0.01
01639 PASS: Read Analogue Input 16-Bit.Port 7B 16823.0
01640 NULL : sdo[0x1001] = 0 | 0.1 | 0.1
01640 PASS: Error Register 0.0
01641 NULL : sdo[0x1003][0] = 0 | 0.1 | 0.1
01641 PASS: Pre-defined Error Field.Number of Errors 0.0
01642 #set power supply
01642 PwrSetVoltage = 175 : NULL : WAIT = 0.1
01643 #test power supply
01643 NULL : MeterVolts = 17.5 | 0.32 | 0.1
01643 TEST: MeterVolts 17.5 +/- 0.32
01643 PASS: MeterVolts 17.244
01644 #test feedback
01644 NULL : sdo[0x6401][6] = 17500 | 320 | 0.01
01644 PASS: Read Analogue Input 16-Bit.Port 7B 17319.0
01645 NULL : sdo[0x1001] = 0 | 0.1 | 0.1
01645 PASS: Error Register 0.0
01646 NULL : sdo[0x1003][0] = 0 | 0.1 | 0.1
01646 PASS: Pre-defined Error Field.Number of Errors 0.0
01647 #set power supply
01647 PwrSetVoltage = 180 : NULL : WAIT = 0.1
01648 #test power supply
01648 NULL : MeterVolts = 18.0 | 0.32 | 0.1
01648 TEST: MeterVolts 18.0 +/- 0.32
01648 PASS: MeterVolts 17.914
01649 #test feedback
01649 NULL : sdo[0x6401][6] = 18000 | 320 | 0.01
01649 PASS: Read Analogue Input 16-Bit.Port 7B 17814.0
01650 NULL : sdo[0x1001] = 0 | 0.1 | 0.1
01650 PASS: Error Register 0.0
01651 NULL : sdo[0x1003][0] = 0 | 0.1 | 0.1
01651 PASS: Pre-defined Error Field.Number of Errors 0.0
01652 #set power supply
01652 PwrSetVoltage = 185 : NULL : WAIT = 0.1
01653 #test power supply
01653 NULL : MeterVolts = 18.5 | 0.32 | 0.1
01653 TEST: MeterVolts 18.5 +/- 0.32
01653 PASS: MeterVolts 18.457
01654 #test feedback
01654 NULL : sdo[0x6401][6] = 18500 | 320 | 0.01
01654 PASS: Read Analogue Input 16-Bit.Port 7B 18301.0
01655 NULL : sdo[0x1001] = 0 | 0.1 | 0.1
01655 PASS: Error Register 0.0
01656 NULL : sdo[0x1003][0] = 0 | 0.1 | 0.1
01656 PASS: Pre-defined Error Field.Number of Errors 0.0
01657 #set power supply
01657 PwrSetVoltage = 190 : NULL : WAIT = 0.1
01658 #test power supply
01658 NULL : MeterVolts = 19.0 | 0.32 | 0.1
01658 TEST: MeterVolts 19.0 +/- 0.32
01658 PASS: MeterVolts 18.957
01659 #test feedback
01659 NULL : sdo[0x6401][6] = 19000 | 320 | 0.01
01659 PASS: Read Analogue Input 16-Bit.Port 7B 18805.0
01660 NULL : sdo[0x1001] = 0 | 0.1 | 0.1
01660 PASS: Error Register 0.0
01661 NULL : sdo[0x1003][0] = 0 | 0.1 | 0.1
01661 PASS: Pre-defined Error Field.Number of Errors 0.0
01662 #set power supply
01662 PwrSetVoltage = 195 : NULL : WAIT = 0.1
01663 #test power supply
01663 NULL : MeterVolts = 19.5 | 0.32 | 0.1
01663 TEST: MeterVolts 19.5 +/- 0.32
01663 PASS: MeterVolts 19.459
01664 #test feedback
01664 NULL : sdo[0x6401][6] = 19500 | 320 | 0.01
01664 PASS: Read Analogue Input 16-Bit.Port 7B 19301.0
01665 NULL : sdo[0x1001] = 0 | 0.1 | 0.1
01665 PASS: Error Register 0.0
01666 NULL : sdo[0x1003][0] = 0 | 0.1 | 0.1
01666 PASS: Pre-defined Error Field.Number of Errors 0.0
01667 #set power supply
01667 PwrSetVoltage = 200 : NULL : WAIT = 0.1
01668 #test power supply
01668 NULL : MeterVolts = 20.0 | 0.32 | 0.1
01668 TEST: MeterVolts 20.0 +/- 0.32
01668 PASS: MeterVolts 19.952
01669 #test feedback
01669 NULL : sdo[0x6401][6] = 20000 | 320 | 0.01
01669 PASS: Read Analogue Input 16-Bit.Port 7B 19796.0
01670 NULL : sdo[0x1001] = 0 | 0.1 | 0.1
01670 PASS: Error Register 0.0
01671 NULL : sdo[0x1003][0] = 0 | 0.1 | 0.1
01671 PASS: Pre-defined Error Field.Number of Errors 0.0
01672 #set power supply
01672 PwrSetVoltage = 205 : NULL : WAIT = 0.1
01673 #test power supply
01673 NULL : MeterVolts = 20.5 | 0.32 | 0.1
01673 TEST: MeterVolts 20.5 +/- 0.32
01673 PASS: MeterVolts 20.452
01674 #test feedback
01674 NULL : sdo[0x6401][6] = 20500 | 320 | 0.01
01674 PASS: Read Analogue Input 16-Bit.Port 7B 20284.0
01675 NULL : sdo[0x1001] = 0 | 0.1 | 0.1
01675 PASS: Error Register 0.0
01676 NULL : sdo[0x1003][0] = 0 | 0.1 | 0.1
01676 PASS: Pre-defined Error Field.Number of Errors 0.0
01677 #set power supply
01677 PwrSetVoltage = 210 : NULL : WAIT = 0.1
01678 #test power supply
01678 NULL : MeterVolts = 21.0 | 0.32 | 0.1
01678 TEST: MeterVolts 21.0 +/- 0.32
01678 PASS: MeterVolts 20.77
01679 #test feedback
01679 NULL : sdo[0x6401][6] = 21000 | 320 | 0.01
01679 PASS: Read Analogue Input 16-Bit.Port 7B 20771.0
01680 NULL : sdo[0x1001] = 0 | 0.1 | 0.1
01680 PASS: Error Register 0.0
01681 NULL : sdo[0x1003][0] = 0 | 0.1 | 0.1
01681 PASS: Pre-defined Error Field.Number of Errors 0.0
01682 #set power supply
01682 PwrSetVoltage = 215 : NULL : WAIT = 0.1
01683 #test power supply
01683 NULL : MeterVolts = 21.5 | 0.32 | 0.1
01683 TEST: MeterVolts 21.5 +/- 0.32
01683 PASS: MeterVolts 21.271
01684 #test feedback
01684 NULL : sdo[0x6401][6] = 21500 | 320 | 0.01
01684 PASS: Read Analogue Input 16-Bit.Port 7B 21266.0
01685 NULL : sdo[0x1001] = 0 | 0.1 | 0.1
01685 PASS: Error Register 0.0
01686 NULL : sdo[0x1003][0] = 0 | 0.1 | 0.1
01686 PASS: Pre-defined Error Field.Number of Errors 0.0
01687 #set power supply
01687 PwrSetVoltage = 220 : NULL : WAIT = 0.1
01688 #test power supply
01688 NULL : MeterVolts = 22.0 | 0.32 | 0.1
01688 TEST: MeterVolts 22.0 +/- 0.32
01688 PASS: MeterVolts 21.923
01689 #test feedback
01689 NULL : sdo[0x6401][6] = 22000 | 320 | 0.01
01689 PASS: Read Analogue Input 16-Bit.Port 7B 21762.0
01690 NULL : sdo[0x1001] = 0 | 0.1 | 0.1
01690 PASS: Error Register 0.0
01691 NULL : sdo[0x1003][0] = 0 | 0.1 | 0.1
01691 PASS: Pre-defined Error Field.Number of Errors 0.0
01692 #set power supply
01692 PwrSetVoltage = 225 : NULL : WAIT = 0.1
01693 #test power supply
01693 NULL : MeterVolts = 22.5 | 0.32 | 0.1
01693 TEST: MeterVolts 22.5 +/- 0.32
01693 PASS: MeterVolts 22.432
01694 #test feedback
01694 NULL : sdo[0x6401][6] = 22500 | 320 | 0.01
01694 PASS: Read Analogue Input 16-Bit.Port 7B 22257.0
01695 NULL : sdo[0x1001] = 0 | 0.1 | 0.1
01695 PASS: Error Register 0.0
01696 NULL : sdo[0x1003][0] = 0 | 0.1 | 0.1
01696 PASS: Pre-defined Error Field.Number of Errors 0.0
01697 #set power supply
01697 PwrSetVoltage = 230 : NULL : WAIT = 0.1
01698 #test power supply
01698 NULL : MeterVolts = 23.0 | 0.32 | 0.1
01698 TEST: MeterVolts 23.0 +/- 0.32
01698 PASS: MeterVolts 22.725
01699 #test feedback
01699 NULL : sdo[0x6401][6] = 23000 | 320 | 0.01
01699 PASS: Read Analogue Input 16-Bit.Port 7B 22753.0
01700 NULL : sdo[0x1001] = 0 | 0.1 | 0.1
01700 PASS: Error Register 0.0
01701 NULL : sdo[0x1003][0] = 0 | 0.1 | 0.1
01701 PASS: Pre-defined Error Field.Number of Errors 0.0
01702 #set power supply
01702 PwrSetVoltage = 235 : NULL : WAIT = 0.1
01703 #test power supply
01703 NULL : MeterVolts = 23.5 | 0.32 | 0.1
01703 TEST: MeterVolts 23.5 +/- 0.32
01703 PASS: MeterVolts 23.225
01704 #test feedback
01704 NULL : sdo[0x6401][6] = 23500 | 320 | 0.01
01704 PASS: Read Analogue Input 16-Bit.Port 7B 23240.0
01705 NULL : sdo[0x1001] = 0 | 0.1 | 0.1
01705 PASS: Error Register 0.0
01706 NULL : sdo[0x1003][0] = 0 | 0.1 | 0.1
01706 PASS: Pre-defined Error Field.Number of Errors 0.0
01707 #set power supply
01707 PwrSetVoltage = 240 : NULL : WAIT = 0.1
01708 #test power supply
01708 NULL : MeterVolts = 24.0 | 0.32 | 0.1
01708 TEST: MeterVolts 24.0 +/- 0.32
01708 PASS: MeterVolts 23.89
01709 #test feedback
01709 NULL : sdo[0x6401][6] = 24000 | 320 | 0.01
01709 PASS: Read Analogue Input 16-Bit.Port 7B 23761.0
01710 NULL : sdo[0x1001] = 0 | 0.1 | 0.1
01710 PASS: Error Register 0.0
01711 NULL : sdo[0x1003][0] = 0 | 0.1 | 0.1
01711 PASS: Pre-defined Error Field.Number of Errors 0.0
01712 #set power supply
01712 PwrSetVoltage = 245 : NULL : WAIT = 0.1
01713 #test power supply
01713 NULL : MeterVolts = 24.5 | 0.32 | 0.1
01713 TEST: MeterVolts 24.5 +/- 0.32
01713 PASS: MeterVolts 24.443
01714 #test feedback
01714 NULL : sdo[0x6401][6] = 24500 | 320 | 0.01
01714 PASS: Read Analogue Input 16-Bit.Port 7B 24256.0
01715 NULL : sdo[0x1001] = 0 | 0.1 | 0.1
01715 PASS: Error Register 0.0
01716 NULL : sdo[0x1003][0] = 0 | 0.1 | 0.1
01716 PASS: Pre-defined Error Field.Number of Errors 0.0
01717 #set power supply
01717 PwrSetVoltage = 250 : NULL : WAIT = 0.1
01718 #test power supply
01718 NULL : MeterVolts = 25.0 | 0.32 | 0.1
01718 TEST: MeterVolts 25.0 +/- 0.32
01718 PASS: MeterVolts 24.704
01719 #test feedback
01719 NULL : sdo[0x6401][6] = 25000 | 320 | 0.01
01719 PASS: Read Analogue Input 16-Bit.Port 7B 24752.0
01720 NULL : sdo[0x1001] = 0 | 0.1 | 0.1
01720 PASS: Error Register 0.0
01721 NULL : sdo[0x1003][0] = 0 | 0.1 | 0.1
01721 PASS: Pre-defined Error Field.Number of Errors 0.0
01722 #set power supply
01722 PwrSetVoltage = 255 : NULL : WAIT = 0.1
01723 #test power supply
01723 NULL : MeterVolts = 25.5 | 0.32 | 0.1
01723 TEST: MeterVolts 25.5 +/- 0.32
01723 PASS: MeterVolts 25.209
01724 #test feedback
01724 NULL : sdo[0x6401][6] = 25500 | 320 | 0.01
01724 PASS: Read Analogue Input 16-Bit.Port 7B 25255.0
01725 NULL : sdo[0x1001] = 0 | 0.1 | 0.1
01725 PASS: Error Register 0.0
01726 NULL : sdo[0x1003][0] = 0 | 0.1 | 0.1
01726 PASS: Pre-defined Error Field.Number of Errors 0.0
01727 #set power supply
01727 PwrSetVoltage = 260 : NULL : WAIT = 0.1
01728 #test power supply
01728 NULL : MeterVolts = 26.0 | 0.32 | 0.1
01728 TEST: MeterVolts 26.0 +/- 0.32
01728 PASS: MeterVolts 25.847
01729 #test feedback
01729 NULL : sdo[0x6401][6] = 26000 | 320 | 0.01
01729 PASS: Read Analogue Input 16-Bit.Port 7B 25726.0
01730 NULL : sdo[0x1001] = 0 | 0.1 | 0.1
01730 PASS: Error Register 0.0
01731 NULL : sdo[0x1003][0] = 0 | 0.1 | 0.1
01731 PASS: Pre-defined Error Field.Number of Errors 0.0
01732 #set power supply
01732 PwrSetVoltage = 265 : NULL : WAIT = 0.1
01733 #test power supply
01733 NULL : MeterVolts = 26.5 | 0.32 | 0.1
01733 TEST: MeterVolts 26.5 +/- 0.32
01733 PASS: MeterVolts 26.427
01734 #test feedback
01734 NULL : sdo[0x6401][6] = 26500 | 320 | 0.01
01734 PASS: Read Analogue Input 16-Bit.Port 7B 26222.0
01735 NULL : sdo[0x1001] = 0 | 0.1 | 0.1
01735 PASS: Error Register 0.0
01736 NULL : sdo[0x1003][0] = 0 | 0.1 | 0.1
01736 PASS: Pre-defined Error Field.Number of Errors 0.0
01737 #set power supply
01737 PwrSetVoltage = 270 : NULL : WAIT = 0.1
01738 #test power supply
01738 NULL : MeterVolts = 27.0 | 0.32 | 0.1
01738 TEST: MeterVolts 27.0 +/- 0.32
01738 PASS: MeterVolts 26.936
01739 #test feedback
01739 NULL : sdo[0x6401][6] = 27000 | 320 | 0.01
01739 PASS: Read Analogue Input 16-Bit.Port 7B 26734.0
01740 NULL : sdo[0x1001] = 0 | 0.1 | 0.1
01740 PASS: Error Register 0.0
01741 NULL : sdo[0x1003][0] = 0 | 0.1 | 0.1
01741 PASS: Pre-defined Error Field.Number of Errors 0.0
01742 #set power supply
01742 PwrSetVoltage = 275 : NULL : WAIT = 0.1
01743 #test power supply
01743 NULL : MeterVolts = 27.5 | 0.32 | 0.1
01743 TEST: MeterVolts 27.5 +/- 0.32
01743 PASS: MeterVolts 27.434
01744 #test feedback
01744 NULL : sdo[0x6401][6] = 27500 | 320 | 0.01
01744 PASS: Read Analogue Input 16-Bit.Port 7B 27229.0
01745 NULL : sdo[0x1001] = 0 | 0.1 | 0.1
01745 PASS: Error Register 0.0
01746 NULL : sdo[0x1003][0] = 0 | 0.1 | 0.1
01746 PASS: Pre-defined Error Field.Number of Errors 0.0
01747 #set power supply
01747 PwrSetVoltage = 280 : NULL : WAIT = 0.1
01748 #test power supply
01748 NULL : MeterVolts = 28.0 | 0.32 | 0.1
01748 TEST: MeterVolts 28.0 +/- 0.32
01748 PASS: MeterVolts 27.934
01749 #test feedback
01749 NULL : sdo[0x6401][6] = 28000 | 320 | 0.01
01749 PASS: Read Analogue Input 16-Bit.Port 7B 27717.0
01750 NULL : sdo[0x1001] = 0 | 0.1 | 0.1
01750 PASS: Error Register 0.0
01751 NULL : sdo[0x1003][0] = 0 | 0.1 | 0.1
01751 PASS: Pre-defined Error Field.Number of Errors 0.0
01752 #set power supply
01752 PwrSetVoltage = 285 : NULL : WAIT = 0.1
01753 #test power supply
01753 NULL : MeterVolts = 28.5 | 0.32 | 0.1
01753 TEST: MeterVolts 28.5 +/- 0.32
01753 PASS: MeterVolts 28.426
01754 #test feedback
01754 NULL : sdo[0x6401][6] = 28500 | 320 | 0.01
01754 PASS: Read Analogue Input 16-Bit.Port 7B 28212.0
01755 NULL : sdo[0x1001] = 0 | 0.1 | 0.1
01755 PASS: Error Register 0.0
01756 NULL : sdo[0x1003][0] = 0 | 0.1 | 0.1
01756 PASS: Pre-defined Error Field.Number of Errors 0.0
01757 #set power supply
01757 PwrSetVoltage = 290 : NULL : WAIT = 0.1
01758 #test power supply
01758 NULL : MeterVolts = 29.0 | 0.32 | 0.1
01758 TEST: MeterVolts 29.0 +/- 0.32
01758 PASS: MeterVolts 28.927
01759 #test feedback
01759 NULL : sdo[0x6401][6] = 29000 | 320 | 0.01
01759 PASS: Read Analogue Input 16-Bit.Port 7B 28716.0
01760 NULL : sdo[0x1001] = 0 | 0.1 | 0.1
01760 PASS: Error Register 0.0
01761 NULL : sdo[0x1003][0] = 0 | 0.1 | 0.1
01761 PASS: Pre-defined Error Field.Number of Errors 0.0
01762 #set power supply
01762 PwrSetVoltage = 295 : NULL : WAIT = 0.1
01763 #test power supply
01763 NULL : MeterVolts = 29.5 | 0.32 | 0.1
01763 TEST: MeterVolts 29.5 +/- 0.32
01763 PASS: MeterVolts 29.184
01764 #test feedback
01764 NULL : sdo[0x6401][6] = 29500 | 320 | 0.01
01764 PASS: Read Analogue Input 16-Bit.Port 7B 29220.0
01765 NULL : sdo[0x1001] = 0 | 0.1 | 0.1
01765 PASS: Error Register 0.0
01766 NULL : sdo[0x1003][0] = 0 | 0.1 | 0.1
01766 PASS: Pre-defined Error Field.Number of Errors 0.0
01767 #set power supply
01767 PwrSetVoltage = 300 : NULL : WAIT = 0.1
01768 #test power supply
01768 NULL : MeterVolts = 30.0 | 0.32 | 0.1
01768 TEST: MeterVolts 30.0 +/- 0.32
01768 PASS: MeterVolts 29.84
01769 #test feedback
01769 NULL : sdo[0x6401][6] = 30000 | 320 | 0.01
01769 PASS: Read Analogue Input 16-Bit.Port 7B 29715.0
01770 NULL : sdo[0x1001] = 0 | 0.1 | 0.1
01770 PASS: Error Register 0.0
01771 NULL : sdo[0x1003][0] = 0 | 0.1 | 0.1
01771 PASS: Pre-defined Error Field.Number of Errors 0.0
01772 #set power supply
01772 PwrSetVoltage = 305 : NULL : WAIT = 0.1
01773 #test power supply
01773 NULL : MeterVolts = 30.5 | 0.32 | 0.1
01773 TEST: MeterVolts 30.5 +/- 0.32
01773 PASS: MeterVolts 30.437
01774 #test feedback
01774 NULL : sdo[0x6401][6] = 30500 | 320 | 0.01
01774 PASS: Read Analogue Input 16-Bit.Port 7B 30211.0
01775 NULL : sdo[0x1001] = 0 | 0.1 | 0.1
01775 PASS: Error Register 0.0
01776 NULL : sdo[0x1003][0] = 0 | 0.1 | 0.1
01776 PASS: Pre-defined Error Field.Number of Errors 0.0
01777 #set power supply
01777 PwrSetVoltage = 310 : NULL : WAIT = 0.1
01778 #test power supply
01778 NULL : MeterVolts = 31.0 | 0.32 | 0.1
01778 TEST: MeterVolts 31.0 +/- 0.32
01778 PASS: MeterVolts 30.94
01779 #test feedback
01779 NULL : sdo[0x6401][6] = 31000 | 320 | 0.01
01779 PASS: Read Analogue Input 16-Bit.Port 7B 30715.0
01780 NULL : sdo[0x1001] = 0 | 0.1 | 0.1
01780 PASS: Error Register 0.0
01781 NULL : sdo[0x1003][0] = 0 | 0.1 | 0.1
01781 PASS: Pre-defined Error Field.Number of Errors 0.0
01782 #set power supply
01782 PwrSetVoltage = 315 : NULL : WAIT = 0.1
01783 #test power supply
01783 NULL : MeterVolts = 31.5 | 0.32 | 0.1
01783 TEST: MeterVolts 31.5 +/- 0.32
01783 PASS: MeterVolts 31.433
01784 #test feedback
01784 NULL : sdo[0x6401][6] = 31500 | 320 | 0.01
01784 PASS: Read Analogue Input 16-Bit.Port 7B 31194.0
01785 NULL : sdo[0x1001] = 0 | 0.1 | 0.1
01785 PASS: Error Register 0.0
01786 NULL : sdo[0x1003][0] = 0 | 0.1 | 0.1
01786 PASS: Pre-defined Error Field.Number of Errors 0.0
01787 #set power supply
01787 PwrSetVoltage = 320 : NULL : WAIT = 0.1
01788 #test power supply
01788 NULL : MeterVolts = 32.0 | 0.32 | 0.1
01788 TEST: MeterVolts 32.0 +/- 0.32
01788 PASS: MeterVolts 31.935
01789 #test feedback
01789 NULL : sdo[0x6401][6] = 32000 | 320 | 0.01
01789 PASS: Read Analogue Input 16-Bit.Port 7B 31697.0
01790 NULL : sdo[0x1001] = 0 | 0.1 | 0.1
01790 PASS: Error Register 0.0
01791 NULL : sdo[0x1003][0] = 0 | 0.1 | 0.1
01791 PASS: Pre-defined Error Field.Number of Errors 0.0
01792 #set power supply
01792 PwrSetVoltage = 325 : NULL : WAIT = 0.1
01793 #test power supply
01793 NULL : MeterVolts = 32.5 | 0.32 | 0.1
01793 TEST: MeterVolts 32.5 +/- 0.32
01793 PASS: MeterVolts 32.432
01794 #test feedback
01794 NULL : sdo[0x1001] = 0 | 0.1 | 0.1
01794 TEST: Error Register 0.0 +/- 0.1
01794 PASS: Error Register 0.0
01795 NULL : sdo[0x1003][0] = 0 | 0.1 | 0.1
01795 PASS: Pre-defined Error Field.Number of Errors 0.0
01796 #set power supply
01796 PwrSetVoltage = 330 : NULL : WAIT = 0.1
01797 #test power supply
01797 NULL : MeterVolts = 33.0 | 0.32 | 0.1
01797 TEST: MeterVolts 33.0 +/- 0.32
01797 PASS: MeterVolts 32.937
01798 #test feedback
01798 NULL : sdo[0x1001] = 0 | 0.1 | 0.1
01798 TEST: Error Register 0.0 +/- 0.1
01798 PASS: Error Register 0.0
01799 NULL : sdo[0x1003][0] = 0 | 0.1 | 0.1
01799 PASS: Pre-defined Error Field.Number of Errors 0.0
01800 #set power supply
01800 PwrSetVoltage = 335 : NULL : WAIT = 0.1
01801 #test power supply
01801 NULL : MeterVolts = 33.5 | 0.32 | 0.1
01801 TEST: MeterVolts 33.5 +/- 0.32
01801 PASS: MeterVolts 33.427
01802 #test feedback
01802 NULL : sdo[0x1001] = 0 | 0.1 | 0.1
01802 TEST: Error Register 0.0 +/- 0.1
01802 PASS: Error Register 0.0
01803 NULL : sdo[0x1003][0] = 0 | 0.1 | 0.1
01803 PASS: Pre-defined Error Field.Number of Errors 0.0
01804 #set power supply
01804 PwrSetVoltage = 340 : NULL : WAIT = 0.1
01805 #test power supply
01805 NULL : MeterVolts = 34.0 | 0.32 | 0.1
01805 TEST: MeterVolts 34.0 +/- 0.32
01805 PASS: MeterVolts 33.875
01806 #test feedback
01806 NULL : sdo[0x6401][6] = 0 | 0.1 | 0.1
01806 TEST: Read Analogue Input 16-Bit.Port 7B 0.0 +/- 0.1
01806 FAIL: Read Analogue Input 16-Bit.Port 7B -31848.0
01807 NULL : sdo[0x1001] = 1 | 0.1 | 0.1
01807 TEST: Error Register 1.0 +/- 0.1
01807 FAIL: Error Register 0.0
01808 NULL : sdo[0x1003][0] = 1 | 0.1 | 0.1
01808 TEST: Pre-defined Error Field.Number of Errors 1.0 +/- 0.1
01808 FAIL: Pre-defined Error Field.Number of Errors 0.0
01809 #set power supply
01809 PwrSetVoltage = 341 : NULL : WAIT = 0.1
01810 #test power supply
01810 NULL : MeterVolts = 34.1 | 0.32 | 0.1
01810 TEST: MeterVolts 34.1 +/- 0.32
01810 PASS: MeterVolts 33.934
01811 #test feedback
01811 NULL : sdo[0x6401][6] = 0 | 0.1 | 0.1
01811 TEST: Read Analogue Input 16-Bit.Port 7B 0.0 +/- 0.1
01811 PASS: Read Analogue Input 16-Bit.Port 7B 0.0
01812 NULL : sdo[0x1001] = 1 | 0.1 | 0.1
01812 PASS: Error Register 1.0
01813 NULL : sdo[0x1003][0] = 1 | 0.1 | 0.1
01813 PASS: Pre-defined Error Field.Number of Errors 1.0
01814 
01814 #Finished with port
01814 #switch out input
01814 J3_02 = 0 : NULL : WAIT = 0.1
01815 
01815 #cycle IGN to clear any faults
01815 RLY_K1 = 1 : NULL : WAIT = 1
01816 RLY_K1 = 0 : NULL : WAIT = 0.2
01817 #-----setup 34044-----
01817 sdo[0x2000][1] = 0, sdo[0x2000][2] = 0 : NULL : WAIT = 0.1
01818 #disable global modes
01818 sdo[0x2000][3] = 0 : NULL : WAIT = 0.1
01819 sdo[0x2000][4] = 0 : NULL : WAIT = 0.1
01820 #configure Port Modes
01820 sdo[0x2001][5] = 96 : NULL : WAIT = 0.1
01821 sdo[0x2001][6] = 96 : NULL : WAIT = 0.1
01822 sdo[0x2001][7] = 96 : NULL : WAIT = 0.1
01823 sdo[0x2001][8] = 96 : NULL : WAIT = 0.1
01824 #verify fault clear
01824 NULL : sdo[0x1001] = 0 | 0.1 | 0.1
01824 TEST: Error Register 0.0 +/- 0.1
01824 PASS: Error Register 0.0
01825 #set power supply and wait
01825 PwrSetVoltage = 10 : NULL : WAIT = 0.1
01826 #test power supply
01826 NULL : MeterVolts = 1 | 0.155 | 0.1
01826 TEST: MeterVolts 1.0 +/- 0.155
01826 PASS: MeterVolts 1.064
01827 #switch input to load line
01827 J3_04 = 1 : NULL : WAIT = 0.1
01828 
01828 #Sweep of Input_8B from 1 to 32 in 0.5 increments
01828 
01828 #set power supply
01828 PwrSetVoltage = 10 : NULL : WAIT = 0.1
01829 #test power supply
01829 NULL : MeterVolts = 1 | 0.32 | 0.1
01829 TEST: MeterVolts 1.0 +/- 0.32
01829 PASS: MeterVolts 0.997
01830 #test feedback
01830 NULL : sdo[0x6401][8] = 1000 | 320 | 0.01
01830 PASS: Read Analogue Input 16-Bit.Port 8B 982.0
01831 NULL : sdo[0x1001] = 0 | 0.1 | 0.1
01831 PASS: Error Register 0.0
01832 NULL : sdo[0x1003][0] = 0 | 0.1 | 0.1
01832 PASS: Pre-defined Error Field.Number of Errors 0.0
01833 #set power supply
01833 PwrSetVoltage = 15 : NULL : WAIT = 0.1
01834 #test power supply
01834 NULL : MeterVolts = 1.5 | 0.32 | 0.1
01834 TEST: MeterVolts 1.5 +/- 0.32
01834 PASS: MeterVolts 1.204
01835 #test feedback
01835 NULL : sdo[0x6401][8] = 1500 | 320 | 0.01
01835 PASS: Read Analogue Input 16-Bit.Port 8B 1494.0
01836 NULL : sdo[0x1001] = 0 | 0.1 | 0.1
01836 PASS: Error Register 0.0
01837 NULL : sdo[0x1003][0] = 0 | 0.1 | 0.1
01837 PASS: Pre-defined Error Field.Number of Errors 0.0
01838 #set power supply
01838 PwrSetVoltage = 20 : NULL : WAIT = 0.1
01839 #test power supply
01839 NULL : MeterVolts = 2.0 | 0.32 | 0.1
01839 TEST: MeterVolts 2.0 +/- 0.32
01839 PASS: MeterVolts 1.878
01840 #test feedback
01840 NULL : sdo[0x6401][8] = 2000 | 320 | 0.01
01840 PASS: Read Analogue Input 16-Bit.Port 8B 1998.0
01841 NULL : sdo[0x1001] = 0 | 0.1 | 0.1
01841 PASS: Error Register 0.0
01842 NULL : sdo[0x1003][0] = 0 | 0.1 | 0.1
01842 PASS: Pre-defined Error Field.Number of Errors 0.0
01843 #set power supply
01843 PwrSetVoltage = 25 : NULL : WAIT = 0.1
01844 #test power supply
01844 NULL : MeterVolts = 2.5 | 0.32 | 0.1
01844 TEST: MeterVolts 2.5 +/- 0.32
01844 PASS: MeterVolts 2.504
01845 #test feedback
01845 NULL : sdo[0x6401][8] = 2500 | 320 | 0.01
01845 PASS: Read Analogue Input 16-Bit.Port 8B 2494.0
01846 NULL : sdo[0x1001] = 0 | 0.1 | 0.1
01846 PASS: Error Register 0.0
01847 NULL : sdo[0x1003][0] = 0 | 0.1 | 0.1
01847 PASS: Pre-defined Error Field.Number of Errors 0.0
01848 #set power supply
01848 PwrSetVoltage = 30 : NULL : WAIT = 0.1
01849 #test power supply
01849 NULL : MeterVolts = 3.0 | 0.32 | 0.1
01849 TEST: MeterVolts 3.0 +/- 0.32
01849 PASS: MeterVolts 2.708
01850 #test feedback
01850 NULL : sdo[0x6401][8] = 3000 | 320 | 0.01
01850 PASS: Read Analogue Input 16-Bit.Port 8B 2973.0
01851 NULL : sdo[0x1001] = 0 | 0.1 | 0.1
01851 PASS: Error Register 0.0
01852 NULL : sdo[0x1003][0] = 0 | 0.1 | 0.1
01852 PASS: Pre-defined Error Field.Number of Errors 0.0
01853 #set power supply
01853 PwrSetVoltage = 35 : NULL : WAIT = 0.1
01854 #test power supply
01854 NULL : MeterVolts = 3.5 | 0.32 | 0.1
01854 TEST: MeterVolts 3.5 +/- 0.32
01854 PASS: MeterVolts 3.363
01855 #test feedback
01855 NULL : sdo[0x6401][8] = 3500 | 320 | 0.01
01855 PASS: Read Analogue Input 16-Bit.Port 8B 3468.0
01856 NULL : sdo[0x1001] = 0 | 0.1 | 0.1
01856 PASS: Error Register 0.0
01857 NULL : sdo[0x1003][0] = 0 | 0.1 | 0.1
01857 PASS: Pre-defined Error Field.Number of Errors 0.0
01858 #set power supply
01858 PwrSetVoltage = 40 : NULL : WAIT = 0.1
01859 #test power supply
01859 NULL : MeterVolts = 4.0 | 0.32 | 0.1
01859 TEST: MeterVolts 4.0 +/- 0.32
01859 PASS: MeterVolts 3.885
01860 #test feedback
01860 NULL : sdo[0x6401][8] = 4000 | 320 | 0.01
01860 PASS: Read Analogue Input 16-Bit.Port 8B 3972.0
01861 NULL : sdo[0x1001] = 0 | 0.1 | 0.1
01861 PASS: Error Register 0.0
01862 NULL : sdo[0x1003][0] = 0 | 0.1 | 0.1
01862 PASS: Pre-defined Error Field.Number of Errors 0.0
01863 #set power supply
01863 PwrSetVoltage = 45 : NULL : WAIT = 0.1
01864 #test power supply
01864 NULL : MeterVolts = 4.5 | 0.32 | 0.1
01864 TEST: MeterVolts 4.5 +/- 0.32
01864 PASS: MeterVolts 4.482
01865 #test feedback
01865 NULL : sdo[0x6401][8] = 4500 | 320 | 0.01
01865 PASS: Read Analogue Input 16-Bit.Port 8B 4468.0
01866 NULL : sdo[0x1001] = 0 | 0.1 | 0.1
01866 PASS: Error Register 0.0
01867 NULL : sdo[0x1003][0] = 0 | 0.1 | 0.1
01867 PASS: Pre-defined Error Field.Number of Errors 0.0
01868 #set power supply
01868 PwrSetVoltage = 50 : NULL : WAIT = 0.1
01869 #test power supply
01869 NULL : MeterVolts = 5.0 | 0.32 | 0.1
01869 TEST: MeterVolts 5.0 +/- 0.32
01869 PASS: MeterVolts 4.713
01870 #test feedback
01870 NULL : sdo[0x6401][8] = 5000 | 320 | 0.01
01870 PASS: Read Analogue Input 16-Bit.Port 8B 4963.0
01871 NULL : sdo[0x1001] = 0 | 0.1 | 0.1
01871 PASS: Error Register 0.0
01872 NULL : sdo[0x1003][0] = 0 | 0.1 | 0.1
01872 PASS: Pre-defined Error Field.Number of Errors 0.0
01873 #set power supply
01873 PwrSetVoltage = 55 : NULL : WAIT = 0.1
01874 #test power supply
01874 NULL : MeterVolts = 5.5 | 0.32 | 0.1
01874 TEST: MeterVolts 5.5 +/- 0.32
01874 PASS: MeterVolts 5.234
01875 #test feedback
01875 NULL : sdo[0x6401][8] = 5500 | 320 | 0.01
01875 PASS: Read Analogue Input 16-Bit.Port 8B 5459.0
01876 NULL : sdo[0x1001] = 0 | 0.1 | 0.1
01876 PASS: Error Register 0.0
01877 NULL : sdo[0x1003][0] = 0 | 0.1 | 0.1
01877 PASS: Pre-defined Error Field.Number of Errors 0.0
01878 #set power supply
01878 PwrSetVoltage = 60 : NULL : WAIT = 0.1
01879 #test power supply
01879 NULL : MeterVolts = 6.0 | 0.32 | 0.1
01879 TEST: MeterVolts 6.0 +/- 0.32
01879 PASS: MeterVolts 5.901
01880 #test feedback
01880 NULL : sdo[0x6401][8] = 6000 | 320 | 0.01
01880 PASS: Read Analogue Input 16-Bit.Port 8B 5954.0
01881 NULL : sdo[0x1001] = 0 | 0.1 | 0.1
01881 PASS: Error Register 0.0
01882 NULL : sdo[0x1003][0] = 0 | 0.1 | 0.1
01882 PASS: Pre-defined Error Field.Number of Errors 0.0
01883 #set power supply
01883 PwrSetVoltage = 65 : NULL : WAIT = 0.1
01884 #test power supply
01884 NULL : MeterVolts = 6.5 | 0.32 | 0.1
01884 TEST: MeterVolts 6.5 +/- 0.32
01884 PASS: MeterVolts 6.473
01885 #test feedback
01885 NULL : sdo[0x6401][8] = 6500 | 320 | 0.01
01885 PASS: Read Analogue Input 16-Bit.Port 8B 6450.0
01886 NULL : sdo[0x1001] = 0 | 0.1 | 0.1
01886 PASS: Error Register 0.0
01887 NULL : sdo[0x1003][0] = 0 | 0.1 | 0.1
01887 PASS: Pre-defined Error Field.Number of Errors 0.0
01888 #set power supply
01888 PwrSetVoltage = 70 : NULL : WAIT = 0.1
01889 #test power supply
01889 NULL : MeterVolts = 7.0 | 0.32 | 0.1
01889 TEST: MeterVolts 7.0 +/- 0.32
01889 PASS: MeterVolts 6.741
01890 #test feedback
01890 NULL : sdo[0x6401][8] = 7000 | 320 | 0.01
01890 PASS: Read Analogue Input 16-Bit.Port 8B 6945.0
01891 NULL : sdo[0x1001] = 0 | 0.1 | 0.1
01891 PASS: Error Register 0.0
01892 NULL : sdo[0x1003][0] = 0 | 0.1 | 0.1
01892 PASS: Pre-defined Error Field.Number of Errors 0.0
01893 #set power supply
01893 PwrSetVoltage = 75 : NULL : WAIT = 0.1
01894 #test power supply
01894 NULL : MeterVolts = 7.5 | 0.32 | 0.1
01894 TEST: MeterVolts 7.5 +/- 0.32
01894 PASS: MeterVolts 7.264
01895 #test feedback
01895 NULL : sdo[0x6401][8] = 7500 | 320 | 0.01
01895 PASS: Read Analogue Input 16-Bit.Port 8B 7449.0
01896 NULL : sdo[0x1001] = 0 | 0.1 | 0.1
01896 PASS: Error Register 0.0
01897 NULL : sdo[0x1003][0] = 0 | 0.1 | 0.1
01897 PASS: Pre-defined Error Field.Number of Errors 0.0
01898 #set power supply
01898 PwrSetVoltage = 80 : NULL : WAIT = 0.1
01899 #test power supply
01899 NULL : MeterVolts = 8.0 | 0.32 | 0.1
01899 TEST: MeterVolts 8.0 +/- 0.32
01899 PASS: MeterVolts 7.945
01900 #test feedback
01900 NULL : sdo[0x6401][8] = 8000 | 320 | 0.01
01900 PASS: Read Analogue Input 16-Bit.Port 8B 7953.0
01901 NULL : sdo[0x1001] = 0 | 0.1 | 0.1
01901 PASS: Error Register 0.0
01902 NULL : sdo[0x1003][0] = 0 | 0.1 | 0.1
01902 PASS: Pre-defined Error Field.Number of Errors 0.0
01903 #set power supply
01903 PwrSetVoltage = 85 : NULL : WAIT = 0.1
01904 #test power supply
01904 NULL : MeterVolts = 8.5 | 0.32 | 0.1
01904 TEST: MeterVolts 8.5 +/- 0.32
01904 PASS: MeterVolts 8.468
01905 #test feedback
01905 NULL : sdo[0x6401][8] = 8500 | 320 | 0.01
01905 PASS: Read Analogue Input 16-Bit.Port 8B 8440.0
01906 NULL : sdo[0x1001] = 0 | 0.1 | 0.1
01906 PASS: Error Register 0.0
01907 NULL : sdo[0x1003][0] = 0 | 0.1 | 0.1
01907 PASS: Pre-defined Error Field.Number of Errors 0.0
01908 #set power supply
01908 PwrSetVoltage = 90 : NULL : WAIT = 0.1
01909 #test power supply
01909 NULL : MeterVolts = 9.0 | 0.32 | 0.1
01909 TEST: MeterVolts 9.0 +/- 0.32
01909 PASS: MeterVolts 8.967
01910 #test feedback
01910 NULL : sdo[0x6401][8] = 9000 | 320 | 0.01
01910 PASS: Read Analogue Input 16-Bit.Port 8B 8944.0
01911 NULL : sdo[0x1001] = 0 | 0.1 | 0.1
01911 PASS: Error Register 0.0
01912 NULL : sdo[0x1003][0] = 0 | 0.1 | 0.1
01912 PASS: Pre-defined Error Field.Number of Errors 0.0
01913 #set power supply
01913 PwrSetVoltage = 95 : NULL : WAIT = 0.1
01914 #test power supply
01914 NULL : MeterVolts = 9.5 | 0.32 | 0.1
01914 TEST: MeterVolts 9.5 +/- 0.32
01914 PASS: MeterVolts 9.461
01915 #test feedback
01915 NULL : sdo[0x6401][8] = 9500 | 320 | 0.01
01915 PASS: Read Analogue Input 16-Bit.Port 8B 9431.0
01916 NULL : sdo[0x1001] = 0 | 0.1 | 0.1
01916 PASS: Error Register 0.0
01917 NULL : sdo[0x1003][0] = 0 | 0.1 | 0.1
01917 PASS: Pre-defined Error Field.Number of Errors 0.0
01918 #set power supply
01918 PwrSetVoltage = 100 : NULL : WAIT = 0.1
01919 #test power supply
01919 NULL : MeterVolts = 10.0 | 0.32 | 0.1
01919 TEST: MeterVolts 10.0 +/- 0.32
01919 PASS: MeterVolts 9.963
01920 #test feedback
01920 NULL : sdo[0x6401][8] = 10000 | 320 | 0.01
01920 PASS: Read Analogue Input 16-Bit.Port 8B 9943.0
01921 NULL : sdo[0x1001] = 0 | 0.1 | 0.1
01921 PASS: Error Register 0.0
01922 NULL : sdo[0x1003][0] = 0 | 0.1 | 0.1
01922 PASS: Pre-defined Error Field.Number of Errors 0.0
01923 #set power supply
01923 PwrSetVoltage = 105 : NULL : WAIT = 0.1
01924 #test power supply
01924 NULL : MeterVolts = 10.5 | 0.32 | 0.1
01924 TEST: MeterVolts 10.5 +/- 0.32
01924 PASS: MeterVolts 10.191
01925 #test feedback
01925 NULL : sdo[0x6401][8] = 10500 | 320 | 0.01
01925 PASS: Read Analogue Input 16-Bit.Port 8B 10431.0
01926 NULL : sdo[0x1001] = 0 | 0.1 | 0.1
01926 PASS: Error Register 0.0
01927 NULL : sdo[0x1003][0] = 0 | 0.1 | 0.1
01927 PASS: Pre-defined Error Field.Number of Errors 0.0
01928 #set power supply
01928 PwrSetVoltage = 110 : NULL : WAIT = 0.1
01929 #test power supply
01929 NULL : MeterVolts = 11.0 | 0.32 | 0.1
01929 TEST: MeterVolts 11.0 +/- 0.32
01929 PASS: MeterVolts 10.856
01930 #test feedback
01930 NULL : sdo[0x6401][8] = 11000 | 320 | 0.01
01930 PASS: Read Analogue Input 16-Bit.Port 8B 10926.0
01931 NULL : sdo[0x1001] = 0 | 0.1 | 0.1
01931 PASS: Error Register 0.0
01932 NULL : sdo[0x1003][0] = 0 | 0.1 | 0.1
01932 PASS: Pre-defined Error Field.Number of Errors 0.0
01933 #set power supply
01933 PwrSetVoltage = 115 : NULL : WAIT = 0.1
01934 #test power supply
01934 NULL : MeterVolts = 11.5 | 0.32 | 0.1
01934 TEST: MeterVolts 11.5 +/- 0.32
01934 PASS: MeterVolts 11.455
01935 #test feedback
01935 NULL : sdo[0x6401][8] = 11500 | 320 | 0.01
01935 PASS: Read Analogue Input 16-Bit.Port 8B 11430.0
01936 NULL : sdo[0x1001] = 0 | 0.1 | 0.1
01936 PASS: Error Register 0.0
01937 NULL : sdo[0x1003][0] = 0 | 0.1 | 0.1
01937 PASS: Pre-defined Error Field.Number of Errors 0.0
01938 #set power supply
01938 PwrSetVoltage = 120 : NULL : WAIT = 0.1
01939 #test power supply
01939 NULL : MeterVolts = 12.0 | 0.32 | 0.1
01939 TEST: MeterVolts 12.0 +/- 0.32
01939 PASS: MeterVolts 11.949
01940 #test feedback
01940 NULL : sdo[0x6401][8] = 12000 | 320 | 0.01
01940 PASS: Read Analogue Input 16-Bit.Port 8B 11917.0
01941 NULL : sdo[0x1001] = 0 | 0.1 | 0.1
01941 PASS: Error Register 0.0
01942 NULL : sdo[0x1003][0] = 0 | 0.1 | 0.1
01942 PASS: Pre-defined Error Field.Number of Errors 0.0
01943 #set power supply
01943 PwrSetVoltage = 125 : NULL : WAIT = 0.1
01944 #test power supply
01944 NULL : MeterVolts = 12.5 | 0.32 | 0.1
01944 TEST: MeterVolts 12.5 +/- 0.32
01944 PASS: MeterVolts 12.453
01945 #test feedback
01945 NULL : sdo[0x6401][8] = 12500 | 320 | 0.01
01945 PASS: Read Analogue Input 16-Bit.Port 8B 12421.0
01946 NULL : sdo[0x1001] = 0 | 0.1 | 0.1
01946 PASS: Error Register 0.0
01947 NULL : sdo[0x1003][0] = 0 | 0.1 | 0.1
01947 PASS: Pre-defined Error Field.Number of Errors 0.0
01948 #set power supply
01948 PwrSetVoltage = 130 : NULL : WAIT = 0.1
01949 #test power supply
01949 NULL : MeterVolts = 13.0 | 0.32 | 0.1
01949 TEST: MeterVolts 13.0 +/- 0.32
01949 PASS: MeterVolts 12.723
01950 #test feedback
01950 NULL : sdo[0x6401][8] = 13000 | 320 | 0.01
01950 PASS: Read Analogue Input 16-Bit.Port 8B 12925.0
01951 NULL : sdo[0x1001] = 0 | 0.1 | 0.1
01951 PASS: Error Register 0.0
01952 NULL : sdo[0x1003][0] = 0 | 0.1 | 0.1
01952 PASS: Pre-defined Error Field.Number of Errors 0.0
01953 #set power supply
01953 PwrSetVoltage = 135 : NULL : WAIT = 0.1
01954 #test power supply
01954 NULL : MeterVolts = 13.5 | 0.32 | 0.1
01954 TEST: MeterVolts 13.5 +/- 0.32
01954 PASS: MeterVolts 13.241
01955 #test feedback
01955 NULL : sdo[0x6401][8] = 13500 | 320 | 0.01
01955 PASS: Read Analogue Input 16-Bit.Port 8B 13420.0
01956 NULL : sdo[0x1001] = 0 | 0.1 | 0.1
01956 PASS: Error Register 0.0
01957 NULL : sdo[0x1003][0] = 0 | 0.1 | 0.1
01957 PASS: Pre-defined Error Field.Number of Errors 0.0
01958 #set power supply
01958 PwrSetVoltage = 140 : NULL : WAIT = 0.1
01959 #test power supply
01959 NULL : MeterVolts = 14.0 | 0.32 | 0.1
01959 TEST: MeterVolts 14.0 +/- 0.32
01959 PASS: MeterVolts 13.91
01960 #test feedback
01960 NULL : sdo[0x6401][8] = 14000 | 320 | 0.01
01960 PASS: Read Analogue Input 16-Bit.Port 8B 13916.0
01961 NULL : sdo[0x1001] = 0 | 0.1 | 0.1
01961 PASS: Error Register 0.0
01962 NULL : sdo[0x1003][0] = 0 | 0.1 | 0.1
01962 PASS: Pre-defined Error Field.Number of Errors 0.0
01963 #set power supply
01963 PwrSetVoltage = 145 : NULL : WAIT = 0.1
01964 #test power supply
01964 NULL : MeterVolts = 14.5 | 0.32 | 0.1
01964 TEST: MeterVolts 14.5 +/- 0.32
01964 PASS: MeterVolts 14.443
01965 #test feedback
01965 NULL : sdo[0x6401][8] = 14500 | 320 | 0.01
01965 PASS: Read Analogue Input 16-Bit.Port 8B 14411.0
01966 NULL : sdo[0x1001] = 0 | 0.1 | 0.1
01966 PASS: Error Register 0.0
01967 NULL : sdo[0x1003][0] = 0 | 0.1 | 0.1
01967 PASS: Pre-defined Error Field.Number of Errors 0.0
01968 #set power supply
01968 PwrSetVoltage = 150 : NULL : WAIT = 0.1
01969 #test power supply
01969 NULL : MeterVolts = 15.0 | 0.32 | 0.1
01969 TEST: MeterVolts 15.0 +/- 0.32
01969 PASS: MeterVolts 14.741
01970 #test feedback
01970 NULL : sdo[0x6401][8] = 15000 | 320 | 0.01
01970 PASS: Read Analogue Input 16-Bit.Port 8B 14907.0
01971 NULL : sdo[0x1001] = 0 | 0.1 | 0.1
01971 PASS: Error Register 0.0
01972 NULL : sdo[0x1003][0] = 0 | 0.1 | 0.1
01972 PASS: Pre-defined Error Field.Number of Errors 0.0
01973 #set power supply
01973 PwrSetVoltage = 155 : NULL : WAIT = 0.1
01974 #test power supply
01974 NULL : MeterVolts = 15.5 | 0.32 | 0.1
01974 TEST: MeterVolts 15.5 +/- 0.32
01974 PASS: MeterVolts 15.254
01975 #test feedback
01975 NULL : sdo[0x6401][8] = 15500 | 320 | 0.01
01975 PASS: Read Analogue Input 16-Bit.Port 8B 15394.0
01976 NULL : sdo[0x1001] = 0 | 0.1 | 0.1
01976 PASS: Error Register 0.0
01977 NULL : sdo[0x1003][0] = 0 | 0.1 | 0.1
01977 PASS: Pre-defined Error Field.Number of Errors 0.0
01978 #set power supply
01978 PwrSetVoltage = 160 : NULL : WAIT = 0.1
01979 #test power supply
01979 NULL : MeterVolts = 16.0 | 0.32 | 0.1
01979 TEST: MeterVolts 16.0 +/- 0.32
01979 PASS: MeterVolts 15.95
01980 #test feedback
01980 NULL : sdo[0x6401][8] = 16000 | 320 | 0.01
01980 PASS: Read Analogue Input 16-Bit.Port 8B 15923.0
01981 NULL : sdo[0x1001] = 0 | 0.1 | 0.1
01981 PASS: Error Register 0.0
01982 NULL : sdo[0x1003][0] = 0 | 0.1 | 0.1
01982 PASS: Pre-defined Error Field.Number of Errors 0.0
01983 #set power supply
01983 PwrSetVoltage = 165 : NULL : WAIT = 0.1
01984 #test power supply
01984 NULL : MeterVolts = 16.5 | 0.32 | 0.1
01984 TEST: MeterVolts 16.5 +/- 0.32
01984 PASS: MeterVolts 16.463
01985 #test feedback
01985 NULL : sdo[0x6401][8] = 16500 | 320 | 0.01
01985 PASS: Read Analogue Input 16-Bit.Port 8B 16435.0
01986 NULL : sdo[0x1001] = 0 | 0.1 | 0.1
01986 PASS: Error Register 0.0
01987 NULL : sdo[0x1003][0] = 0 | 0.1 | 0.1
01987 PASS: Pre-defined Error Field.Number of Errors 0.0
01988 #set power supply
01988 PwrSetVoltage = 170 : NULL : WAIT = 0.1
01989 #test power supply
01989 NULL : MeterVolts = 17.0 | 0.32 | 0.1
01989 TEST: MeterVolts 17.0 +/- 0.32
01989 PASS: MeterVolts 16.962
01990 #test feedback
01990 NULL : sdo[0x6401][8] = 17000 | 320 | 0.01
01990 PASS: Read Analogue Input 16-Bit.Port 8B 16930.0
01991 NULL : sdo[0x1001] = 0 | 0.1 | 0.1
01991 PASS: Error Register 0.0
01992 NULL : sdo[0x1003][0] = 0 | 0.1 | 0.1
01992 PASS: Pre-defined Error Field.Number of Errors 0.0
01993 #set power supply
01993 PwrSetVoltage = 175 : NULL : WAIT = 0.1
01994 #test power supply
01994 NULL : MeterVolts = 17.5 | 0.32 | 0.1
01994 TEST: MeterVolts 17.5 +/- 0.32
01994 PASS: MeterVolts 17.463
01995 #test feedback
01995 NULL : sdo[0x6401][8] = 17500 | 320 | 0.01
01995 PASS: Read Analogue Input 16-Bit.Port 8B 17434.0
01996 NULL : sdo[0x1001] = 0 | 0.1 | 0.1
01996 PASS: Error Register 0.0
01997 NULL : sdo[0x1003][0] = 0 | 0.1 | 0.1
01997 PASS: Pre-defined Error Field.Number of Errors 0.0
01998 #set power supply
01998 PwrSetVoltage = 180 : NULL : WAIT = 0.1
01999 #test power supply
01999 NULL : MeterVolts = 18.0 | 0.32 | 0.1
01999 TEST: MeterVolts 18.0 +/- 0.32
01999 PASS: MeterVolts 17.692
02000 #test feedback
02000 NULL : sdo[0x6401][8] = 18000 | 320 | 0.01
02000 PASS: Read Analogue Input 16-Bit.Port 8B 17938.0
02001 NULL : sdo[0x1001] = 0 | 0.1 | 0.1
02001 PASS: Error Register 0.0
02002 NULL : sdo[0x1003][0] = 0 | 0.1 | 0.1
02002 PASS: Pre-defined Error Field.Number of Errors 0.0
02003 #set power supply
02003 PwrSetVoltage = 185 : NULL : WAIT = 0.1
02004 #test power supply
02004 NULL : MeterVolts = 18.5 | 0.32 | 0.1
02004 TEST: MeterVolts 18.5 +/- 0.32
02004 PASS: MeterVolts 18.456
02005 #test feedback
02005 NULL : sdo[0x6401][8] = 18500 | 320 | 0.01
02005 PASS: Read Analogue Input 16-Bit.Port 8B 18425.0
02006 NULL : sdo[0x1001] = 0 | 0.1 | 0.1
02006 PASS: Error Register 0.0
02007 NULL : sdo[0x1003][0] = 0 | 0.1 | 0.1
02007 PASS: Pre-defined Error Field.Number of Errors 0.0
02008 #set power supply
02008 PwrSetVoltage = 190 : NULL : WAIT = 0.1
02009 #test power supply
02009 NULL : MeterVolts = 19.0 | 0.32 | 0.1
02009 TEST: MeterVolts 19.0 +/- 0.32
02009 PASS: MeterVolts 18.955
02010 #test feedback
02010 NULL : sdo[0x6401][8] = 19000 | 320 | 0.01
02010 PASS: Read Analogue Input 16-Bit.Port 8B 18929.0
02011 NULL : sdo[0x1001] = 0 | 0.1 | 0.1
02011 PASS: Error Register 0.0
02012 NULL : sdo[0x1003][0] = 0 | 0.1 | 0.1
02012 PASS: Pre-defined Error Field.Number of Errors 0.0
02013 #set power supply
02013 PwrSetVoltage = 195 : NULL : WAIT = 0.1
02014 #test power supply
02014 NULL : MeterVolts = 19.5 | 0.32 | 0.1
02014 TEST: MeterVolts 19.5 +/- 0.32
02014 PASS: MeterVolts 19.457
02015 #test feedback
02015 NULL : sdo[0x6401][8] = 19500 | 320 | 0.01
02015 PASS: Read Analogue Input 16-Bit.Port 8B 19425.0
02016 NULL : sdo[0x1001] = 0 | 0.1 | 0.1
02016 PASS: Error Register 0.0
02017 NULL : sdo[0x1003][0] = 0 | 0.1 | 0.1
02017 PASS: Pre-defined Error Field.Number of Errors 0.0
02018 #set power supply
02018 PwrSetVoltage = 200 : NULL : WAIT = 0.1
02019 #test power supply
02019 NULL : MeterVolts = 20.0 | 0.32 | 0.1
02019 TEST: MeterVolts 20.0 +/- 0.32
02019 PASS: MeterVolts 19.95
02020 #test feedback
02020 NULL : sdo[0x6401][8] = 20000 | 320 | 0.01
02020 PASS: Read Analogue Input 16-Bit.Port 8B 19920.0
02021 NULL : sdo[0x1001] = 0 | 0.1 | 0.1
02021 PASS: Error Register 0.0
02022 NULL : sdo[0x1003][0] = 0 | 0.1 | 0.1
02022 PASS: Pre-defined Error Field.Number of Errors 0.0
02023 #set power supply
02023 PwrSetVoltage = 205 : NULL : WAIT = 0.1
02024 #test power supply
02024 NULL : MeterVolts = 20.5 | 0.32 | 0.1
02024 TEST: MeterVolts 20.5 +/- 0.32
02024 PASS: MeterVolts 20.45
02025 #test feedback
02025 NULL : sdo[0x6401][8] = 20500 | 320 | 0.01
02025 PASS: Read Analogue Input 16-Bit.Port 8B 20416.0
02026 NULL : sdo[0x1001] = 0 | 0.1 | 0.1
02026 PASS: Error Register 0.0
02027 NULL : sdo[0x1003][0] = 0 | 0.1 | 0.1
02027 PASS: Pre-defined Error Field.Number of Errors 0.0
02028 #set power supply
02028 PwrSetVoltage = 210 : NULL : WAIT = 0.1
02029 #test power supply
02029 NULL : MeterVolts = 21.0 | 0.32 | 0.1
02029 TEST: MeterVolts 21.0 +/- 0.32
02029 PASS: MeterVolts 20.941
02030 #test feedback
02030 NULL : sdo[0x6401][8] = 21000 | 320 | 0.01
02030 PASS: Read Analogue Input 16-Bit.Port 8B 20911.0
02031 NULL : sdo[0x1001] = 0 | 0.1 | 0.1
02031 PASS: Error Register 0.0
02032 NULL : sdo[0x1003][0] = 0 | 0.1 | 0.1
02032 PASS: Pre-defined Error Field.Number of Errors 0.0
02033 #set power supply
02033 PwrSetVoltage = 215 : NULL : WAIT = 0.1
02034 #test power supply
02034 NULL : MeterVolts = 21.5 | 0.32 | 0.1
02034 TEST: MeterVolts 21.5 +/- 0.32
02034 PASS: MeterVolts 21.437
02035 #test feedback
02035 NULL : sdo[0x6401][8] = 21500 | 320 | 0.01
02035 PASS: Read Analogue Input 16-Bit.Port 8B 21407.0
02036 NULL : sdo[0x1001] = 0 | 0.1 | 0.1
02036 PASS: Error Register 0.0
02037 NULL : sdo[0x1003][0] = 0 | 0.1 | 0.1
02037 PASS: Pre-defined Error Field.Number of Errors 0.0
02038 #set power supply
02038 PwrSetVoltage = 220 : NULL : WAIT = 0.1
02039 #test power supply
02039 NULL : MeterVolts = 22.0 | 0.32 | 0.1
02039 TEST: MeterVolts 22.0 +/- 0.32
02039 PASS: MeterVolts 21.936
02040 #test feedback
02040 NULL : sdo[0x6401][8] = 22000 | 320 | 0.01
02040 PASS: Read Analogue Input 16-Bit.Port 8B 21911.0
02041 NULL : sdo[0x1001] = 0 | 0.1 | 0.1
02041 PASS: Error Register 0.0
02042 NULL : sdo[0x1003][0] = 0 | 0.1 | 0.1
02042 PASS: Pre-defined Error Field.Number of Errors 0.0
02043 #set power supply
02043 PwrSetVoltage = 225 : NULL : WAIT = 0.1
02044 #test power supply
02044 NULL : MeterVolts = 22.5 | 0.32 | 0.1
02044 TEST: MeterVolts 22.5 +/- 0.32
02044 PASS: MeterVolts 22.428
02045 #test feedback
02045 NULL : sdo[0x6401][8] = 22500 | 320 | 0.01
02045 PASS: Read Analogue Input 16-Bit.Port 8B 22398.0
02046 NULL : sdo[0x1001] = 0 | 0.1 | 0.1
02046 PASS: Error Register 0.0
02047 NULL : sdo[0x1003][0] = 0 | 0.1 | 0.1
02047 PASS: Pre-defined Error Field.Number of Errors 0.0
02048 #set power supply
02048 PwrSetVoltage = 230 : NULL : WAIT = 0.1
02049 #test power supply
02049 NULL : MeterVolts = 23.0 | 0.32 | 0.1
02049 TEST: MeterVolts 23.0 +/- 0.32
02049 PASS: MeterVolts 22.928
02050 #test feedback
02050 NULL : sdo[0x6401][8] = 23000 | 320 | 0.01
02050 PASS: Read Analogue Input 16-Bit.Port 8B 22893.0
02051 NULL : sdo[0x1001] = 0 | 0.1 | 0.1
02051 PASS: Error Register 0.0
02052 NULL : sdo[0x1003][0] = 0 | 0.1 | 0.1
02052 PASS: Pre-defined Error Field.Number of Errors 0.0
02053 #set power supply
02053 PwrSetVoltage = 235 : NULL : WAIT = 0.1
02054 #test power supply
02054 NULL : MeterVolts = 23.5 | 0.32 | 0.1
02054 TEST: MeterVolts 23.5 +/- 0.32
02054 PASS: MeterVolts 23.419
02055 #test feedback
02055 NULL : sdo[0x6401][8] = 23500 | 320 | 0.01
02055 PASS: Read Analogue Input 16-Bit.Port 8B 23389.0
02056 NULL : sdo[0x1001] = 0 | 0.1 | 0.1
02056 PASS: Error Register 0.0
02057 NULL : sdo[0x1003][0] = 0 | 0.1 | 0.1
02057 PASS: Pre-defined Error Field.Number of Errors 0.0
02058 #set power supply
02058 PwrSetVoltage = 240 : NULL : WAIT = 0.1
02059 #test power supply
02059 NULL : MeterVolts = 24.0 | 0.32 | 0.1
02059 TEST: MeterVolts 24.0 +/- 0.32
02059 PASS: MeterVolts 23.938
02060 #test feedback
02060 NULL : sdo[0x6401][8] = 24000 | 320 | 0.01
02060 PASS: Read Analogue Input 16-Bit.Port 8B 23909.0
02061 NULL : sdo[0x1001] = 0 | 0.1 | 0.1
02061 PASS: Error Register 0.0
02062 NULL : sdo[0x1003][0] = 0 | 0.1 | 0.1
02062 PASS: Pre-defined Error Field.Number of Errors 0.0
02063 #set power supply
02063 PwrSetVoltage = 245 : NULL : WAIT = 0.1
02064 #test power supply
02064 NULL : MeterVolts = 24.5 | 0.32 | 0.1
02064 TEST: MeterVolts 24.5 +/- 0.32
02064 PASS: MeterVolts 24.442
02065 #test feedback
02065 NULL : sdo[0x6401][8] = 24500 | 320 | 0.01
02065 PASS: Read Analogue Input 16-Bit.Port 8B 24413.0
02066 NULL : sdo[0x1001] = 0 | 0.1 | 0.1
02066 PASS: Error Register 0.0
02067 NULL : sdo[0x1003][0] = 0 | 0.1 | 0.1
02067 PASS: Pre-defined Error Field.Number of Errors 0.0
02068 #set power supply
02068 PwrSetVoltage = 250 : NULL : WAIT = 0.1
02069 #test power supply
02069 NULL : MeterVolts = 25.0 | 0.32 | 0.1
02069 TEST: MeterVolts 25.0 +/- 0.32
02069 PASS: MeterVolts 24.939
02070 #test feedback
02070 NULL : sdo[0x6401][8] = 25000 | 320 | 0.01
02070 PASS: Read Analogue Input 16-Bit.Port 8B 24909.0
02071 NULL : sdo[0x1001] = 0 | 0.1 | 0.1
02071 PASS: Error Register 0.0
02072 NULL : sdo[0x1003][0] = 0 | 0.1 | 0.1
02072 PASS: Pre-defined Error Field.Number of Errors 0.0
02073 #set power supply
02073 PwrSetVoltage = 255 : NULL : WAIT = 0.1
02074 #test power supply
02074 NULL : MeterVolts = 25.5 | 0.32 | 0.1
02074 TEST: MeterVolts 25.5 +/- 0.32
02074 PASS: MeterVolts 25.444
02075 #test feedback
02075 NULL : sdo[0x6401][8] = 25500 | 320 | 0.01
02075 PASS: Read Analogue Input 16-Bit.Port 8B 25412.0
02076 NULL : sdo[0x1001] = 0 | 0.1 | 0.1
02076 PASS: Error Register 0.0
02077 NULL : sdo[0x1003][0] = 0 | 0.1 | 0.1
02077 PASS: Pre-defined Error Field.Number of Errors 0.0
02078 #set power supply
02078 PwrSetVoltage = 260 : NULL : WAIT = 0.1
02079 #test power supply
02079 NULL : MeterVolts = 26.0 | 0.32 | 0.1
02079 TEST: MeterVolts 26.0 +/- 0.32
02079 PASS: MeterVolts 25.92
02080 #test feedback
02080 NULL : sdo[0x6401][8] = 26000 | 320 | 0.01
02080 PASS: Read Analogue Input 16-Bit.Port 8B 25891.0
02081 NULL : sdo[0x1001] = 0 | 0.1 | 0.1
02081 PASS: Error Register 0.0
02082 NULL : sdo[0x1003][0] = 0 | 0.1 | 0.1
02082 PASS: Pre-defined Error Field.Number of Errors 0.0
02083 #set power supply
02083 PwrSetVoltage = 265 : NULL : WAIT = 0.1
02084 #test power supply
02084 NULL : MeterVolts = 26.5 | 0.32 | 0.1
02084 TEST: MeterVolts 26.5 +/- 0.32
02084 PASS: MeterVolts 26.427
02085 #test feedback
02085 NULL : sdo[0x6401][8] = 26500 | 320 | 0.01
02085 PASS: Read Analogue Input 16-Bit.Port 8B 26403.0
02086 NULL : sdo[0x1001] = 0 | 0.1 | 0.1
02086 PASS: Error Register 0.0
02087 NULL : sdo[0x1003][0] = 0 | 0.1 | 0.1
02087 PASS: Pre-defined Error Field.Number of Errors 0.0
02088 #set power supply
02088 PwrSetVoltage = 270 : NULL : WAIT = 0.1
02089 #test power supply
02089 NULL : MeterVolts = 27.0 | 0.32 | 0.1
02089 TEST: MeterVolts 27.0 +/- 0.32
02089 PASS: MeterVolts 26.934
02090 #test feedback
02090 NULL : sdo[0x6401][8] = 27000 | 320 | 0.01
02090 PASS: Read Analogue Input 16-Bit.Port 8B 26907.0
02091 NULL : sdo[0x1001] = 0 | 0.1 | 0.1
02091 PASS: Error Register 0.0
02092 NULL : sdo[0x1003][0] = 0 | 0.1 | 0.1
02092 PASS: Pre-defined Error Field.Number of Errors 0.0
02093 #set power supply
02093 PwrSetVoltage = 275 : NULL : WAIT = 0.1
02094 #test power supply
02094 NULL : MeterVolts = 27.5 | 0.32 | 0.1
02094 TEST: MeterVolts 27.5 +/- 0.32
02094 PASS: MeterVolts 27.432
02095 #test feedback
02095 NULL : sdo[0x6401][8] = 27500 | 320 | 0.01
02095 PASS: Read Analogue Input 16-Bit.Port 8B 27403.0
02096 NULL : sdo[0x1001] = 0 | 0.1 | 0.1
02096 PASS: Error Register 0.0
02097 NULL : sdo[0x1003][0] = 0 | 0.1 | 0.1
02097 PASS: Pre-defined Error Field.Number of Errors 0.0
02098 #set power supply
02098 PwrSetVoltage = 280 : NULL : WAIT = 0.1
02099 #test power supply
02099 NULL : MeterVolts = 28.0 | 0.32 | 0.1
02099 TEST: MeterVolts 28.0 +/- 0.32
02099 PASS: MeterVolts 27.681
02100 #test feedback
02100 NULL : sdo[0x6401][8] = 28000 | 320 | 0.01
02100 PASS: Read Analogue Input 16-Bit.Port 8B 27907.0
02101 NULL : sdo[0x1001] = 0 | 0.1 | 0.1
02101 PASS: Error Register 0.0
02102 NULL : sdo[0x1003][0] = 0 | 0.1 | 0.1
02102 PASS: Pre-defined Error Field.Number of Errors 0.0
02103 #set power supply
02103 PwrSetVoltage = 285 : NULL : WAIT = 0.1
02104 #test power supply
02104 NULL : MeterVolts = 28.5 | 0.32 | 0.1
02104 TEST: MeterVolts 28.5 +/- 0.32
02104 PASS: MeterVolts 28.33
02105 #test feedback
02105 NULL : sdo[0x6401][8] = 28500 | 320 | 0.01
02105 PASS: Read Analogue Input 16-Bit.Port 8B 28394.0
02106 NULL : sdo[0x1001] = 0 | 0.1 | 0.1
02106 PASS: Error Register 0.0
02107 NULL : sdo[0x1003][0] = 0 | 0.1 | 0.1
02107 PASS: Pre-defined Error Field.Number of Errors 0.0
02108 #set power supply
02108 PwrSetVoltage = 290 : NULL : WAIT = 0.1
02109 #test power supply
02109 NULL : MeterVolts = 29.0 | 0.32 | 0.1
02109 TEST: MeterVolts 29.0 +/- 0.32
02109 PASS: MeterVolts 28.834
02110 #test feedback
02110 NULL : sdo[0x6401][8] = 29000 | 320 | 0.01
02110 PASS: Read Analogue Input 16-Bit.Port 8B 28898.0
02111 NULL : sdo[0x1001] = 0 | 0.1 | 0.1
02111 PASS: Error Register 0.0
02112 NULL : sdo[0x1003][0] = 0 | 0.1 | 0.1
02112 PASS: Pre-defined Error Field.Number of Errors 0.0
02113 #set power supply
02113 PwrSetVoltage = 295 : NULL : WAIT = 0.1
02114 #test power supply
02114 NULL : MeterVolts = 29.5 | 0.32 | 0.1
02114 TEST: MeterVolts 29.5 +/- 0.32
02114 PASS: MeterVolts 29.434
02115 #test feedback
02115 NULL : sdo[0x6401][8] = 29500 | 320 | 0.01
02115 PASS: Read Analogue Input 16-Bit.Port 8B 29401.0
02116 NULL : sdo[0x1001] = 0 | 0.1 | 0.1
02116 PASS: Error Register 0.0
02117 NULL : sdo[0x1003][0] = 0 | 0.1 | 0.1
02117 PASS: Pre-defined Error Field.Number of Errors 0.0
02118 #set power supply
02118 PwrSetVoltage = 300 : NULL : WAIT = 0.1
02119 #test power supply
02119 NULL : MeterVolts = 30.0 | 0.32 | 0.1
02119 TEST: MeterVolts 30.0 +/- 0.32
02119 PASS: MeterVolts 29.93
02120 #test feedback
02120 NULL : sdo[0x6401][8] = 30000 | 320 | 0.01
02120 PASS: Read Analogue Input 16-Bit.Port 8B 29905.0
02121 NULL : sdo[0x1001] = 0 | 0.1 | 0.1
02121 PASS: Error Register 0.0
02122 NULL : sdo[0x1003][0] = 0 | 0.1 | 0.1
02122 PASS: Pre-defined Error Field.Number of Errors 0.0
02123 #set power supply
02123 PwrSetVoltage = 305 : NULL : WAIT = 0.1
02124 #test power supply
02124 NULL : MeterVolts = 30.5 | 0.32 | 0.1
02124 TEST: MeterVolts 30.5 +/- 0.32
02124 PASS: MeterVolts 30.437
02125 #test feedback
02125 NULL : sdo[0x6401][8] = 30500 | 320 | 0.01
02125 PASS: Read Analogue Input 16-Bit.Port 8B 30409.0
02126 NULL : sdo[0x1001] = 0 | 0.1 | 0.1
02126 PASS: Error Register 0.0
02127 NULL : sdo[0x1003][0] = 0 | 0.1 | 0.1
02127 PASS: Pre-defined Error Field.Number of Errors 0.0
02128 #set power supply
02128 PwrSetVoltage = 310 : NULL : WAIT = 0.1
02129 #test power supply
02129 NULL : MeterVolts = 31.0 | 0.32 | 0.1
02129 TEST: MeterVolts 31.0 +/- 0.32
02129 PASS: MeterVolts 30.937
02130 #test feedback
02130 NULL : sdo[0x6401][8] = 31000 | 320 | 0.01
02130 PASS: Read Analogue Input 16-Bit.Port 8B 30913.0
02131 NULL : sdo[0x1001] = 0 | 0.1 | 0.1
02131 PASS: Error Register 0.0
02132 NULL : sdo[0x1003][0] = 0 | 0.1 | 0.1
02132 PASS: Pre-defined Error Field.Number of Errors 0.0
02133 #set power supply
02133 PwrSetVoltage = 315 : NULL : WAIT = 0.1
02134 #test power supply
02134 NULL : MeterVolts = 31.5 | 0.32 | 0.1
02134 TEST: MeterVolts 31.5 +/- 0.32
02134 PASS: MeterVolts 31.433
02135 #test feedback
02135 NULL : sdo[0x6401][8] = 31500 | 320 | 0.01
02135 PASS: Read Analogue Input 16-Bit.Port 8B 31408.0
02136 NULL : sdo[0x1001] = 0 | 0.1 | 0.1
02136 PASS: Error Register 0.0
02137 NULL : sdo[0x1003][0] = 0 | 0.1 | 0.1
02137 PASS: Pre-defined Error Field.Number of Errors 0.0
02138 #set power supply
02138 PwrSetVoltage = 320 : NULL : WAIT = 0.1
02139 #test power supply
02139 NULL : MeterVolts = 32.0 | 0.32 | 0.1
02139 TEST: MeterVolts 32.0 +/- 0.32
02139 PASS: MeterVolts 31.933
02140 #test feedback
02140 NULL : sdo[0x6401][8] = 32000 | 320 | 0.01
02140 PASS: Read Analogue Input 16-Bit.Port 8B 31912.0
02141 NULL : sdo[0x1001] = 0 | 0.1 | 0.1
02141 PASS: Error Register 0.0
02142 NULL : sdo[0x1003][0] = 0 | 0.1 | 0.1
02142 PASS: Pre-defined Error Field.Number of Errors 0.0
02143 #set power supply
02143 PwrSetVoltage = 325 : NULL : WAIT = 0.1
02144 #test power supply
02144 NULL : MeterVolts = 32.5 | 0.32 | 0.1
02144 TEST: MeterVolts 32.5 +/- 0.32
02144 PASS: MeterVolts 32.431
02145 #test feedback
02145 NULL : sdo[0x1001] = 0 | 0.1 | 0.1
02145 TEST: Error Register 0.0 +/- 0.1
02145 PASS: Error Register 0.0
02146 NULL : sdo[0x1003][0] = 0 | 0.1 | 0.1
02146 PASS: Pre-defined Error Field.Number of Errors 0.0
02147 #set power supply
02147 PwrSetVoltage = 330 : NULL : WAIT = 0.1
02148 #test power supply
02148 NULL : MeterVolts = 33.0 | 0.32 | 0.1
02148 TEST: MeterVolts 33.0 +/- 0.32
02148 PASS: MeterVolts 32.937
02149 #test feedback
02149 NULL : sdo[0x1001] = 0 | 0.1 | 0.1
02149 TEST: Error Register 0.0 +/- 0.1
02149 PASS: Error Register 0.0
02150 NULL : sdo[0x1003][0] = 0 | 0.1 | 0.1
02150 PASS: Pre-defined Error Field.Number of Errors 0.0
02151 #set power supply
02151 PwrSetVoltage = 335 : NULL : WAIT = 0.1
02152 #test power supply
02152 NULL : MeterVolts = 33.5 | 0.32 | 0.1
02152 TEST: MeterVolts 33.5 +/- 0.32
02152 PASS: MeterVolts 33.435
02153 #test feedback
02153 NULL : sdo[0x1001] = 0 | 0.1 | 0.1
02153 TEST: Error Register 0.0 +/- 0.1
02153 PASS: Error Register 0.0
02154 NULL : sdo[0x1003][0] = 0 | 0.1 | 0.1
02154 PASS: Pre-defined Error Field.Number of Errors 0.0
02155 #set power supply
02155 PwrSetVoltage = 340 : NULL : WAIT = 0.1
02156 #test power supply
02156 NULL : MeterVolts = 34.0 | 0.32 | 0.1
02156 TEST: MeterVolts 34.0 +/- 0.32
02156 PASS: MeterVolts 33.887
02157 #test feedback
02157 NULL : sdo[0x6401][8] = 0 | 0.1 | 0.1
02157 TEST: Read Analogue Input 16-Bit.Port 8B 0.0 +/- 0.1
02157 PASS: Read Analogue Input 16-Bit.Port 8B 0.0
02158 NULL : sdo[0x1001] = 1 | 0.1 | 0.1
02158 PASS: Error Register 1.0
02159 NULL : sdo[0x1003][0] = 1 | 0.1 | 0.1
02159 PASS: Pre-defined Error Field.Number of Errors 1.0
02160 #set power supply
02160 PwrSetVoltage = 341 : NULL : WAIT = 0.1
02161 #test power supply
02161 NULL : MeterVolts = 34.1 | 0.32 | 0.1
02161 TEST: MeterVolts 34.1 +/- 0.32
02161 PASS: MeterVolts 33.932
02162 #test feedback
02162 NULL : sdo[0x6401][8] = 0 | 0.1 | 0.1
02162 TEST: Read Analogue Input 16-Bit.Port 8B 0.0 +/- 0.1
02162 PASS: Read Analogue Input 16-Bit.Port 8B 0.0
02163 NULL : sdo[0x1001] = 1 | 0.1 | 0.1
02163 PASS: Error Register 1.0
02164 NULL : sdo[0x1003][0] = 1 | 0.1 | 0.1
02164 PASS: Pre-defined Error Field.Number of Errors 1.0
02165 
02165 #Finished with port
02165 #switch out input
02165 J3_04 = 0 : NULL : WAIT = 0.1
02166 
02166 
02166 #Finished with mode
02166 #switch out load line, set current
02166 J3_04 = 0 : NULL : WAIT = 0.1
02167 LdRemote = 0 : NULL : WAIT = 0.1
02168 LdEnable = 0 : NULL : WAIT = 0.1
02169 LdCurrentSet = 0 : NULL : WAIT = 0.1
02170 J0_08_METER_LOAD = 0 : NULL : WAIT = 0.1
02171 #tear down PS1
02171 PwrSetCurrent = 0 : NULL : WAIT = 0.1
02172 PwrSetVoltage = 0 : NULL : WAIT = 0.1
02173 PwrEnable = 0 : NULL : WAIT = 0.1
02174 J0_09_TEST_SUPPLY = 0 : NULL : WAIT = 1
02175 PwrRemote = 0 : NULL : WAIT = 0.1
02176 J4_03 = 0 : NULL : WAIT = 0.2
02177 SAVE
02177 END
Fail count: 3
Finished on: 2025-10-23-06:00:02
elapsed time: 0:27:07.473112
