Started on: 2025-12-11-13:23:06
00000 #39009-1
00000 #Verion 0.0
00000 #input test
00000 UUT_DBC = 39009-561.dbc
00000 UUT_DATANAME = 39009-1-INPUT-ADC
00000 
00000 
00000 #-----setup pat-----
00000 #setup meter
00000 LdRemote = 1 : NULL : WAIT = 0.1
00001 LdCurrentSet = 0 : NULL : WAIT = 0.1
00002 LdEnable = 0 : NULL : WAIT = 0.1
00003 J0_08_METER_LOAD = 1 : NULL : WAIT = 1
00004 
00004 #setup PS1
00004 PwrRemote = 1 : NULL : WAIT = 0.1
00005 PwrSetCurrent = 20 : NULL : WAIT = 0.1
00006 PwrSetVoltage = 0 : NULL : WAIT = 0.1
00007 PwrEnable = 1 : NULL : WAIT = 0.1
00008 J0_09_TEST_SUPPLY = 1 : NULL : WAIT = 1
00009 
00009 J4_03 = 1 : NULL : WAIT = 0.2
00010 NULL : Input_1A = 0 | 0.1 | 0.1
00010 TEST: Input_1A 0.0 +/- 0.1
00010 PASS: Input_1A 0.0
00011 NULL : Input_1B = 0 | 0.1 | 0.1
00011 TEST: Input_1B 0.0 +/- 0.1
00011 PASS: Input_1B 0.0
00012 NULL : Input_3A = 0 | 0.1 | 0.1
00012 TEST: Input_3A 0.0 +/- 0.1
00012 PASS: Input_3A 0.0
00013 NULL : Input_3B = 0 | 0.1 | 0.1
00013 TEST: Input_3B 0.0 +/- 0.1
00013 PASS: Input_3B 0.0
00014 NULL : Input_5A = 0 | 0.1 | 0.1
00014 TEST: Input_5A 0.0 +/- 0.1
00014 PASS: Input_5A 0.0
00015 NULL : Input_5B = 0 | 0.1 | 0.1
00015 TEST: Input_5B 0.0 +/- 0.1
00015 PASS: Input_5B 0.0
00016 NULL : Input_7A = 0 | 0.1 | 0.1
00016 TEST: Input_7A 0.0 +/- 0.1
00016 PASS: Input_7A 0.0
00017 NULL : Input_7B = 0 | 0.1 | 0.1
00017 TEST: Input_7B 0.0 +/- 0.1
00017 PASS: Input_7B 0.0
00018 NULL : Input_9A = 0 | 0.1 | 0.1
00018 TEST: Input_9A 0.0 +/- 0.1
00018 PASS: Input_9A 0.0
00019 NULL : Input_9B = 0 | 0.1 | 0.1
00019 TEST: Input_9B 0.0 +/- 0.1
00019 PASS: Input_9B 0.0
00020 #-----setup 39009-----
00020 #configure as Output Digital ON/OFF
00020 Command = 82, MODE1 = 0, MODE2 = 0, Enable_24VDC = 0, ADRaw = 0 : NULL : WAIT = 0.5
00021 Command = 83, MODE1A = 4, MODE1B = 4, MODE2A = 1, MODE2B = 1, MODE3A = 4, MODE3B = 4, MODE4A = 1, MODE4B = 1, MODE5A = 4, MODE5B = 4, MODE6A = 1, MODE6B = 1, MODE7A = 4, MODE7B = 4 : NULL : WAIT = 0.5
00022 Command = 0, MODE1A = 0, MODE1B = 0, MODE2A = 0, MODE2B = 0, MODE3A = 0, MODE3B = 0, MODE4A = 0, MODE4B = 0, MODE5A = 0, MODE5B = 0, MODE6A = 0, MODE6B = 0, MODE7A = 0, MODE7B = 0 : NULL
00023 Command = 84, MODE8A = 1, MODE8B = 1, MODE9A = 4, MODE9B = 4, MODE10A = 1, MODE10B = 1, GLOBAL_KP = 255, GLOBAL_KI = 255 : NULL : WAIT = 0.5
00024 Command = 0, MODE8A = 0, MODE8B = 0, MODE9A = 0, MODE9B = 0, MODE10A = 0, MODE10B = 0, GLOBAL_KP = 0, GLOBAL_KI = 0 : NULL
00025 Command = 82, FaultReset = 1, SaveSettings = 1, Enable_DPLTx = 1, Enable_DPLF1 = 1, Enable_DPLF2 = 1 : NULL : WAIT = 0.5
00026 #clear multiplex
00026 Command = 0, FaultReset = 0, SaveSettings = 0, Enable_DPLTx = 0, Enable_DPLF1 = 0, Enable_DPLF2 = 0 : NULL
00027 #set power supply and wait
00027 PwrSetVoltage = 10 : NULL : WAIT = 0.1
00028 #test power supply
00028 NULL : MeterVolts = 1 | 0.155 | 0.1
00028 TEST: MeterVolts 1.0 +/- 0.155
00028 PASS: MeterVolts 0.996
00029 #switch input to load line
00029 J2_01 = 1 : NULL : WAIT = 0.1
00030 
00030 
00030 #Sweep of Port_1A from 1 to 5 in 0.5 increments
00030 
00030 #set power supply
00030 PwrSetVoltage = 10 : NULL : WAIT = 0.1
00031 #test power supply
00031 NULL : MeterVolts = 1 | 0.155 | 0.1
00031 TEST: MeterVolts 1.0 +/- 0.155
00031 PASS: MeterVolts 0.998
00032 #test feedback
00032 NULL : Port_1A = 1 | 0.155 | 0.1
00032 TEST: Port_1A 1.0 +/- 0.155
00032 PASS: Port_1A 0.981
00033 NULL : Input_1A = 0 | 0.1 | 0.1
00033 TEST: Input_1A 0.0 +/- 0.1
00033 PASS: Input_1A 0.0
00034 #set power supply
00034 PwrSetVoltage = 15 : NULL : WAIT = 0.1
00035 #test power supply
00035 NULL : MeterVolts = 1.5 | 0.155 | 0.1
00035 TEST: MeterVolts 1.5 +/- 0.155
00035 PASS: MeterVolts 1.377
00036 #test feedback
00036 NULL : Port_1A = 1.5 | 0.155 | 0.1
00036 TEST: Port_1A 1.5 +/- 0.155
00036 PASS: Port_1A 1.495
00037 NULL : Input_1A = 0 | 0.1 | 0.1
00037 TEST: Input_1A 0.0 +/- 0.1
00037 PASS: Input_1A 0.0
00038 #set power supply
00038 PwrSetVoltage = 20 : NULL : WAIT = 0.1
00039 #test power supply
00039 NULL : MeterVolts = 2.0 | 0.155 | 0.1
00039 TEST: MeterVolts 2.0 +/- 0.155
00039 PASS: MeterVolts 1.933
00040 #test feedback
00040 NULL : Port_1A = 2.0 | 0.155 | 0.1
00040 TEST: Port_1A 2.0 +/- 0.155
00040 PASS: Port_1A 1.99
00041 NULL : Input_1A = 0 | 0.1 | 0.1
00041 TEST: Input_1A 0.0 +/- 0.1
00041 PASS: Input_1A 0.0
00042 #set power supply
00042 PwrSetVoltage = 25 : NULL : WAIT = 0.1
00043 #test power supply
00043 NULL : MeterVolts = 2.5 | 0.155 | 0.1
00043 TEST: MeterVolts 2.5 +/- 0.155
00043 PASS: MeterVolts 2.504
00044 #test feedback
00044 NULL : Port_1A = 2.5 | 0.155 | 0.1
00044 TEST: Port_1A 2.5 +/- 0.155
00044 PASS: Port_1A 2.49
00045 NULL : Input_1A = 0 | 0.1 | 0.1
00045 TEST: Input_1A 0.0 +/- 0.1
00045 PASS: Input_1A 0.0
00046 #set power supply
00046 PwrSetVoltage = 30 : NULL : WAIT = 0.1
00047 #test power supply
00047 NULL : MeterVolts = 3.0 | 0.155 | 0.1
00047 TEST: MeterVolts 3.0 +/- 0.155
00047 PASS: MeterVolts 2.993
00048 #test feedback
00048 NULL : Port_1A = 3.0 | 0.155 | 0.1
00048 TEST: Port_1A 3.0 +/- 0.155
00048 PASS: Port_1A 2.976
00049 NULL : Input_1A = 0 | 0.1 | 0.1
00049 TEST: Input_1A 0.0 +/- 0.1
00049 PASS: Input_1A 0.0
00050 #set power supply
00050 PwrSetVoltage = 35 : NULL : WAIT = 0.1
00051 #test power supply
00051 NULL : MeterVolts = 3.5 | 0.155 | 0.1
00051 TEST: MeterVolts 3.5 +/- 0.155
00051 PASS: MeterVolts 3.489
00052 #test feedback
00052 NULL : Port_1A = 3.5 | 0.155 | 0.1
00052 TEST: Port_1A 3.5 +/- 0.155
00052 PASS: Port_1A 3.472
00053 NULL : Input_1A = 0 | 0.1 | 0.1
00053 TEST: Input_1A 0.0 +/- 0.1
00053 PASS: Input_1A 0.0
00054 #set power supply
00054 PwrSetVoltage = 40 : NULL : WAIT = 0.1
00055 #test power supply
00055 NULL : MeterVolts = 4.0 | 0.155 | 0.1
00055 TEST: MeterVolts 4.0 +/- 0.155
00055 PASS: MeterVolts 3.987
00056 #test feedback
00056 NULL : Port_1A = 4.0 | 0.155 | 0.1
00056 TEST: Port_1A 4.0 +/- 0.155
00056 PASS: Port_1A 3.969
00057 NULL : Input_1A = 0 | 0.1 | 0.1
00057 TEST: Input_1A 0.0 +/- 0.1
00057 PASS: Input_1A 0.0
00058 #set power supply
00058 PwrSetVoltage = 45 : NULL : WAIT = 0.1
00059 #test power supply
00059 NULL : MeterVolts = 4.5 | 0.155 | 0.1
00059 TEST: MeterVolts 4.5 +/- 0.155
00059 PASS: MeterVolts 4.481
00060 #test feedback
00060 NULL : Port_1A = 4.5 | 0.155 | 0.1
00060 TEST: Port_1A 4.5 +/- 0.155
00060 PASS: Port_1A 4.457
00061 NULL : Input_1A = 0 | 0.1 | 0.1
00061 TEST: Input_1A 0.0 +/- 0.1
00061 PASS: Input_1A 0.0
00062 #set power supply
00062 PwrSetVoltage = 50 : NULL : WAIT = 0.1
00063 #test power supply
00063 NULL : MeterVolts = 5.0 | 0.155 | 0.1
00063 TEST: MeterVolts 5.0 +/- 0.155
00063 PASS: MeterVolts 4.858
00064 #test feedback
00064 NULL : Port_1A = 5.0 | 0.155 | 0.1
00064 TEST: Port_1A 5.0 +/- 0.155
00064 PASS: Port_1A 4.96
00065 NULL : Input_1A = 0 | 0.1 | 0.1
00065 TEST: Input_1A 0.0 +/- 0.1
00065 PASS: Input_1A 0.0
00066 #set power supply
00066 PwrSetVoltage = 55 : NULL : WAIT = 0.1
00067 #test power supply
00067 NULL : MeterVolts = 5.5 | 0.155 | 0.1
00067 TEST: MeterVolts 5.5 +/- 0.155
00067 PASS: MeterVolts 5.472
00068 #test feedback
00068 NULL : Port_1A = 0 | 0.1 | 0.1
00068 TEST: Port_1A 0.0 +/- 0.1
00068 PASS: Port_1A 0.0
00069 NULL : Input_1A = 2 | 0.1 | 0.1
00069 TEST: Input_1A 2.0 +/- 0.1
00069 PASS: Input_1A 2.0
00070 #set power supply
00070 PwrSetVoltage = 56 : NULL : WAIT = 0.1
00071 #test power supply
00071 NULL : MeterVolts = 5.6 | 0.155 | 0.1
00071 TEST: MeterVolts 5.6 +/- 0.155
00071 PASS: MeterVolts 5.472
00072 #test feedback
00072 NULL : Port_1A = 0 | 0.1 | 0.1
00072 TEST: Port_1A 0.0 +/- 0.1
00072 PASS: Port_1A 0.0
00073 NULL : Input_1A = 2 | 0.1 | 0.1
00073 TEST: Input_1A 2.0 +/- 0.1
00073 PASS: Input_1A 2.0
00074 
00074 #Finished with port
00074 #switch out input
00074 J2_01 = 0 : NULL : WAIT = 0.1
00075 
00075 #-----setup 39009-----
00075 #configure as Output Digital ON/OFF
00075 Command = 82, MODE1 = 0, MODE2 = 0, Enable_24VDC = 0, ADRaw = 0 : NULL : WAIT = 0.5
00076 Command = 83, MODE1A = 4, MODE1B = 4, MODE2A = 1, MODE2B = 1, MODE3A = 4, MODE3B = 4, MODE4A = 1, MODE4B = 1, MODE5A = 4, MODE5B = 4, MODE6A = 1, MODE6B = 1, MODE7A = 4, MODE7B = 4 : NULL : WAIT = 0.5
00077 Command = 0, MODE1A = 0, MODE1B = 0, MODE2A = 0, MODE2B = 0, MODE3A = 0, MODE3B = 0, MODE4A = 0, MODE4B = 0, MODE5A = 0, MODE5B = 0, MODE6A = 0, MODE6B = 0, MODE7A = 0, MODE7B = 0 : NULL
00078 Command = 84, MODE8A = 1, MODE8B = 1, MODE9A = 4, MODE9B = 4, MODE10A = 1, MODE10B = 1, GLOBAL_KP = 255, GLOBAL_KI = 255 : NULL : WAIT = 0.5
00079 Command = 0, MODE8A = 0, MODE8B = 0, MODE9A = 0, MODE9B = 0, MODE10A = 0, MODE10B = 0, GLOBAL_KP = 0, GLOBAL_KI = 0 : NULL
00080 Command = 82, FaultReset = 1, SaveSettings = 1, Enable_DPLTx = 1, Enable_DPLF1 = 1, Enable_DPLF2 = 1 : NULL : WAIT = 0.5
00081 #clear multiplex
00081 Command = 0, FaultReset = 0, SaveSettings = 0, Enable_DPLTx = 0, Enable_DPLF1 = 0, Enable_DPLF2 = 0 : NULL
00082 #set power supply and wait
00082 PwrSetVoltage = 10 : NULL : WAIT = 0.1
00083 #test power supply
00083 NULL : MeterVolts = 1 | 0.155 | 0.1
00083 TEST: MeterVolts 1.0 +/- 0.155
00083 PASS: MeterVolts 1.057
00084 #switch input to load line
00084 J2_02 = 1 : NULL : WAIT = 0.1
00085 
00085 
00085 #Sweep of Port_1B from 1 to 5 in 0.5 increments
00085 
00085 #set power supply
00085 PwrSetVoltage = 10 : NULL : WAIT = 0.1
00086 #test power supply
00086 NULL : MeterVolts = 1 | 0.155 | 0.1
00086 TEST: MeterVolts 1.0 +/- 0.155
00086 PASS: MeterVolts 0.998
00087 #test feedback
00087 NULL : Port_1B = 1 | 0.155 | 0.1
00087 TEST: Port_1B 1.0 +/- 0.155
00087 PASS: Port_1B 0.988
00088 NULL : Input_1B = 0 | 0.1 | 0.1
00088 TEST: Input_1B 0.0 +/- 0.1
00088 PASS: Input_1B 0.0
00089 #set power supply
00089 PwrSetVoltage = 15 : NULL : WAIT = 0.1
00090 #test power supply
00090 NULL : MeterVolts = 1.5 | 0.155 | 0.1
00090 TEST: MeterVolts 1.5 +/- 0.155
00090 PASS: MeterVolts 1.51
00091 #test feedback
00091 NULL : Port_1B = 1.5 | 0.155 | 0.1
00091 TEST: Port_1B 1.5 +/- 0.155
00091 PASS: Port_1B 1.496
00092 NULL : Input_1B = 0 | 0.1 | 0.1
00092 TEST: Input_1B 0.0 +/- 0.1
00092 PASS: Input_1B 0.0
00093 #set power supply
00093 PwrSetVoltage = 20 : NULL : WAIT = 0.1
00094 #test power supply
00094 NULL : MeterVolts = 2.0 | 0.155 | 0.1
00094 TEST: MeterVolts 2.0 +/- 0.155
00094 PASS: MeterVolts 2.005
00095 #test feedback
00095 NULL : Port_1B = 2.0 | 0.155 | 0.1
00095 TEST: Port_1B 2.0 +/- 0.155
00095 PASS: Port_1B 1.994
00096 NULL : Input_1B = 0 | 0.1 | 0.1
00096 TEST: Input_1B 0.0 +/- 0.1
00096 PASS: Input_1B 0.0
00097 #set power supply
00097 PwrSetVoltage = 25 : NULL : WAIT = 0.1
00098 #test power supply
00098 NULL : MeterVolts = 2.5 | 0.155 | 0.1
00098 TEST: MeterVolts 2.5 +/- 0.155
00098 PASS: MeterVolts 2.504
00099 #test feedback
00099 NULL : Port_1B = 2.5 | 0.155 | 0.1
00099 TEST: Port_1B 2.5 +/- 0.155
00099 PASS: Port_1B 2.49
00100 NULL : Input_1B = 0 | 0.1 | 0.1
00100 TEST: Input_1B 0.0 +/- 0.1
00100 PASS: Input_1B 0.0
00101 #set power supply
00101 PwrSetVoltage = 30 : NULL : WAIT = 0.1
00102 #test power supply
00102 NULL : MeterVolts = 3.0 | 0.155 | 0.1
00102 TEST: MeterVolts 3.0 +/- 0.155
00102 PASS: MeterVolts 2.993
00103 #test feedback
00103 NULL : Port_1B = 3.0 | 0.155 | 0.1
00103 TEST: Port_1B 3.0 +/- 0.155
00103 PASS: Port_1B 2.978
00104 NULL : Input_1B = 0 | 0.1 | 0.1
00104 TEST: Input_1B 0.0 +/- 0.1
00104 PASS: Input_1B 0.0
00105 #set power supply
00105 PwrSetVoltage = 35 : NULL : WAIT = 0.1
00106 #test power supply
00106 NULL : MeterVolts = 3.5 | 0.155 | 0.1
00106 TEST: MeterVolts 3.5 +/- 0.155
00106 PASS: MeterVolts 3.489
00107 #test feedback
00107 NULL : Port_1B = 3.5 | 0.155 | 0.1
00107 TEST: Port_1B 3.5 +/- 0.155
00107 PASS: Port_1B 3.473
00108 NULL : Input_1B = 0 | 0.1 | 0.1
00108 TEST: Input_1B 0.0 +/- 0.1
00108 PASS: Input_1B 0.0
00109 #set power supply
00109 PwrSetVoltage = 40 : NULL : WAIT = 0.1
00110 #test power supply
00110 NULL : MeterVolts = 4.0 | 0.155 | 0.1
00110 TEST: MeterVolts 4.0 +/- 0.155
00110 PASS: MeterVolts 3.988
00111 #test feedback
00111 NULL : Port_1B = 4.0 | 0.155 | 0.1
00111 TEST: Port_1B 4.0 +/- 0.155
00111 PASS: Port_1B 3.972
00112 NULL : Input_1B = 0 | 0.1 | 0.1
00112 TEST: Input_1B 0.0 +/- 0.1
00112 PASS: Input_1B 0.0
00113 #set power supply
00113 PwrSetVoltage = 45 : NULL : WAIT = 0.1
00114 #test power supply
00114 NULL : MeterVolts = 4.5 | 0.155 | 0.1
00114 TEST: MeterVolts 4.5 +/- 0.155
00114 PASS: MeterVolts 4.48
00115 #test feedback
00115 NULL : Port_1B = 4.5 | 0.155 | 0.1
00115 TEST: Port_1B 4.5 +/- 0.155
00115 PASS: Port_1B 4.464
00116 NULL : Input_1B = 0 | 0.1 | 0.1
00116 TEST: Input_1B 0.0 +/- 0.1
00116 PASS: Input_1B 0.0
00117 #set power supply
00117 PwrSetVoltage = 50 : NULL : WAIT = 0.1
00118 #test power supply
00118 NULL : MeterVolts = 5.0 | 0.155 | 0.1
00118 TEST: MeterVolts 5.0 +/- 0.155
00118 PASS: MeterVolts 4.877
00119 #test feedback
00119 NULL : Port_1B = 5.0 | 0.155 | 0.1
00119 TEST: Port_1B 5.0 +/- 0.155
00119 PASS: Port_1B 4.966
00120 NULL : Input_1B = 0 | 0.1 | 0.1
00120 TEST: Input_1B 0.0 +/- 0.1
00120 PASS: Input_1B 0.0
00121 #set power supply
00121 PwrSetVoltage = 55 : NULL : WAIT = 0.1
00122 #test power supply
00122 NULL : MeterVolts = 5.5 | 0.155 | 0.1
00122 TEST: MeterVolts 5.5 +/- 0.155
00122 PASS: MeterVolts 5.473
00123 #test feedback
00123 NULL : Port_1B = 0 | 0.1 | 0.1
00123 TEST: Port_1B 0.0 +/- 0.1
00123 PASS: Port_1B 0.0
00124 NULL : Input_1B = 2 | 0.1 | 0.1
00124 TEST: Input_1B 2.0 +/- 0.1
00124 PASS: Input_1B 2.0
00125 #set power supply
00125 PwrSetVoltage = 56 : NULL : WAIT = 0.1
00126 #test power supply
00126 NULL : MeterVolts = 5.6 | 0.155 | 0.1
00126 TEST: MeterVolts 5.6 +/- 0.155
00126 PASS: MeterVolts 5.473
00127 #test feedback
00127 NULL : Port_1B = 0 | 0.1 | 0.1
00127 TEST: Port_1B 0.0 +/- 0.1
00127 PASS: Port_1B 0.0
00128 NULL : Input_1B = 2 | 0.1 | 0.1
00128 TEST: Input_1B 2.0 +/- 0.1
00128 PASS: Input_1B 2.0
00129 
00129 #Finished with port
00129 #switch out input
00129 J2_02 = 0 : NULL : WAIT = 0.1
00130 
00130 #-----setup 39009-----
00130 #configure as Output Digital ON/OFF
00130 Command = 82, MODE1 = 0, MODE2 = 0, Enable_24VDC = 0, ADRaw = 0 : NULL : WAIT = 0.5
00131 Command = 83, MODE1A = 4, MODE1B = 4, MODE2A = 1, MODE2B = 1, MODE3A = 4, MODE3B = 4, MODE4A = 1, MODE4B = 1, MODE5A = 4, MODE5B = 4, MODE6A = 1, MODE6B = 1, MODE7A = 4, MODE7B = 4 : NULL : WAIT = 0.5
00132 Command = 0, MODE1A = 0, MODE1B = 0, MODE2A = 0, MODE2B = 0, MODE3A = 0, MODE3B = 0, MODE4A = 0, MODE4B = 0, MODE5A = 0, MODE5B = 0, MODE6A = 0, MODE6B = 0, MODE7A = 0, MODE7B = 0 : NULL
00133 Command = 84, MODE8A = 1, MODE8B = 1, MODE9A = 4, MODE9B = 4, MODE10A = 1, MODE10B = 1, GLOBAL_KP = 255, GLOBAL_KI = 255 : NULL : WAIT = 0.5
00134 Command = 0, MODE8A = 0, MODE8B = 0, MODE9A = 0, MODE9B = 0, MODE10A = 0, MODE10B = 0, GLOBAL_KP = 0, GLOBAL_KI = 0 : NULL
00135 Command = 82, FaultReset = 1, SaveSettings = 1, Enable_DPLTx = 1, Enable_DPLF1 = 1, Enable_DPLF2 = 1 : NULL : WAIT = 0.5
00136 #clear multiplex
00136 Command = 0, FaultReset = 0, SaveSettings = 0, Enable_DPLTx = 0, Enable_DPLF1 = 0, Enable_DPLF2 = 0 : NULL
00137 #set power supply and wait
00137 PwrSetVoltage = 10 : NULL : WAIT = 0.1
00138 #test power supply
00138 NULL : MeterVolts = 1 | 0.155 | 0.1
00138 TEST: MeterVolts 1.0 +/- 0.155
00138 PASS: MeterVolts 1.013
00139 #switch input to load line
00139 J2_03 = 1 : NULL : WAIT = 0.1
00140 
00140 
00140 #Sweep of Port_3A from 1 to 5 in 0.5 increments
00140 
00140 #set power supply
00140 PwrSetVoltage = 10 : NULL : WAIT = 0.1
00141 #test power supply
00141 NULL : MeterVolts = 1 | 0.155 | 0.1
00141 TEST: MeterVolts 1.0 +/- 0.155
00141 PASS: MeterVolts 0.997
00142 #test feedback
00142 NULL : Port_3A = 1 | 0.155 | 0.1
00142 TEST: Port_3A 1.0 +/- 0.155
00142 PASS: Port_3A 0.988
00143 NULL : Input_3A = 0 | 0.1 | 0.1
00143 TEST: Input_3A 0.0 +/- 0.1
00143 PASS: Input_3A 0.0
00144 #set power supply
00144 PwrSetVoltage = 15 : NULL : WAIT = 0.1
00145 #test power supply
00145 NULL : MeterVolts = 1.5 | 0.155 | 0.1
00145 TEST: MeterVolts 1.5 +/- 0.155
00145 PASS: MeterVolts 1.511
00146 #test feedback
00146 NULL : Port_3A = 1.5 | 0.155 | 0.1
00146 TEST: Port_3A 1.5 +/- 0.155
00146 PASS: Port_3A 1.498
00147 NULL : Input_3A = 0 | 0.1 | 0.1
00147 TEST: Input_3A 0.0 +/- 0.1
00147 PASS: Input_3A 0.0
00148 #set power supply
00148 PwrSetVoltage = 20 : NULL : WAIT = 0.1
00149 #test power supply
00149 NULL : MeterVolts = 2.0 | 0.155 | 0.1
00149 TEST: MeterVolts 2.0 +/- 0.155
00149 PASS: MeterVolts 2.006
00150 #test feedback
00150 NULL : Port_3A = 2.0 | 0.155 | 0.1
00150 TEST: Port_3A 2.0 +/- 0.155
00150 PASS: Port_3A 1.994
00151 NULL : Input_3A = 0 | 0.1 | 0.1
00151 TEST: Input_3A 0.0 +/- 0.1
00151 PASS: Input_3A 0.0
00152 #set power supply
00152 PwrSetVoltage = 25 : NULL : WAIT = 0.1
00153 #test power supply
00153 NULL : MeterVolts = 2.5 | 0.155 | 0.1
00153 TEST: MeterVolts 2.5 +/- 0.155
00153 PASS: MeterVolts 2.504
00154 #test feedback
00154 NULL : Port_3A = 2.5 | 0.155 | 0.1
00154 TEST: Port_3A 2.5 +/- 0.155
00154 PASS: Port_3A 2.491
00155 NULL : Input_3A = 0 | 0.1 | 0.1
00155 TEST: Input_3A 0.0 +/- 0.1
00155 PASS: Input_3A 0.0
00156 #set power supply
00156 PwrSetVoltage = 30 : NULL : WAIT = 0.1
00157 #test power supply
00157 NULL : MeterVolts = 3.0 | 0.155 | 0.1
00157 TEST: MeterVolts 3.0 +/- 0.155
00157 PASS: MeterVolts 2.992
00158 #test feedback
00158 NULL : Port_3A = 3.0 | 0.155 | 0.1
00158 TEST: Port_3A 3.0 +/- 0.155
00158 PASS: Port_3A 2.979
00159 NULL : Input_3A = 0 | 0.1 | 0.1
00159 TEST: Input_3A 0.0 +/- 0.1
00159 PASS: Input_3A 0.0
00160 #set power supply
00160 PwrSetVoltage = 35 : NULL : WAIT = 0.1
00161 #test power supply
00161 NULL : MeterVolts = 3.5 | 0.155 | 0.1
00161 TEST: MeterVolts 3.5 +/- 0.155
00161 PASS: MeterVolts 3.372
00162 #test feedback
00162 NULL : Port_3A = 3.5 | 0.155 | 0.1
00162 TEST: Port_3A 3.5 +/- 0.155
00162 PASS: Port_3A 3.476
00163 NULL : Input_3A = 0 | 0.1 | 0.1
00163 TEST: Input_3A 0.0 +/- 0.1
00163 PASS: Input_3A 0.0
00164 #set power supply
00164 PwrSetVoltage = 40 : NULL : WAIT = 0.1
00165 #test power supply
00165 NULL : MeterVolts = 4.0 | 0.155 | 0.1
00165 TEST: MeterVolts 4.0 +/- 0.155
00165 PASS: MeterVolts 3.988
00166 #test feedback
00166 NULL : Port_3A = 4.0 | 0.155 | 0.1
00166 TEST: Port_3A 4.0 +/- 0.155
00166 PASS: Port_3A 3.974
00167 NULL : Input_3A = 0 | 0.1 | 0.1
00167 TEST: Input_3A 0.0 +/- 0.1
00167 PASS: Input_3A 0.0
00168 #set power supply
00168 PwrSetVoltage = 45 : NULL : WAIT = 0.1
00169 #test power supply
00169 NULL : MeterVolts = 4.5 | 0.155 | 0.1
00169 TEST: MeterVolts 4.5 +/- 0.155
00169 PASS: MeterVolts 4.481
00170 #test feedback
00170 NULL : Port_3A = 4.5 | 0.155 | 0.1
00170 TEST: Port_3A 4.5 +/- 0.155
00170 PASS: Port_3A 4.467
00171 NULL : Input_3A = 0 | 0.1 | 0.1
00171 TEST: Input_3A 0.0 +/- 0.1
00171 PASS: Input_3A 0.0
00172 #set power supply
00172 PwrSetVoltage = 50 : NULL : WAIT = 0.1
00173 #test power supply
00173 NULL : MeterVolts = 5.0 | 0.155 | 0.1
00173 TEST: MeterVolts 5.0 +/- 0.155
00173 PASS: MeterVolts 4.981
00174 #test feedback
00174 NULL : Port_3A = 5.0 | 0.155 | 0.1
00174 TEST: Port_3A 5.0 +/- 0.155
00174 PASS: Port_3A 4.963
00175 NULL : Input_3A = 0 | 0.1 | 0.1
00175 TEST: Input_3A 0.0 +/- 0.1
00175 PASS: Input_3A 0.0
00176 #set power supply
00176 PwrSetVoltage = 55 : NULL : WAIT = 0.1
00177 #test power supply
00177 NULL : MeterVolts = 5.5 | 0.155 | 0.1
00177 TEST: MeterVolts 5.5 +/- 0.155
00177 PASS: MeterVolts 5.345
00178 #test feedback
00178 NULL : Port_3A = 0 | 0.1 | 0.1
00178 TEST: Port_3A 0.0 +/- 0.1
00178 PASS: Port_3A 0.0
00179 NULL : Input_3A = 2 | 0.1 | 0.1
00179 TEST: Input_3A 2.0 +/- 0.1
00179 PASS: Input_3A 2.0
00180 #set power supply
00180 PwrSetVoltage = 56 : NULL : WAIT = 0.1
00181 #test power supply
00181 NULL : MeterVolts = 5.6 | 0.155 | 0.1
00181 TEST: MeterVolts 5.6 +/- 0.155
00181 PASS: MeterVolts 5.473
00182 #test feedback
00182 NULL : Port_3A = 0 | 0.1 | 0.1
00182 TEST: Port_3A 0.0 +/- 0.1
00182 PASS: Port_3A 0.0
00183 NULL : Input_3A = 2 | 0.1 | 0.1
00183 TEST: Input_3A 2.0 +/- 0.1
00183 PASS: Input_3A 2.0
00184 
00184 #Finished with port
00184 #switch out input
00184 J2_03 = 0 : NULL : WAIT = 0.1
00185 
00185 #-----setup 39009-----
00185 #configure as Output Digital ON/OFF
00185 Command = 82, MODE1 = 0, MODE2 = 0, Enable_24VDC = 0, ADRaw = 0 : NULL : WAIT = 0.5
00186 Command = 83, MODE1A = 4, MODE1B = 4, MODE2A = 1, MODE2B = 1, MODE3A = 4, MODE3B = 4, MODE4A = 1, MODE4B = 1, MODE5A = 4, MODE5B = 4, MODE6A = 1, MODE6B = 1, MODE7A = 4, MODE7B = 4 : NULL : WAIT = 0.5
00187 Command = 0, MODE1A = 0, MODE1B = 0, MODE2A = 0, MODE2B = 0, MODE3A = 0, MODE3B = 0, MODE4A = 0, MODE4B = 0, MODE5A = 0, MODE5B = 0, MODE6A = 0, MODE6B = 0, MODE7A = 0, MODE7B = 0 : NULL
00188 Command = 84, MODE8A = 1, MODE8B = 1, MODE9A = 4, MODE9B = 4, MODE10A = 1, MODE10B = 1, GLOBAL_KP = 255, GLOBAL_KI = 255 : NULL : WAIT = 0.5
00189 Command = 0, MODE8A = 0, MODE8B = 0, MODE9A = 0, MODE9B = 0, MODE10A = 0, MODE10B = 0, GLOBAL_KP = 0, GLOBAL_KI = 0 : NULL
00190 Command = 82, FaultReset = 1, SaveSettings = 1, Enable_DPLTx = 1, Enable_DPLF1 = 1, Enable_DPLF2 = 1 : NULL : WAIT = 0.5
00191 #clear multiplex
00191 Command = 0, FaultReset = 0, SaveSettings = 0, Enable_DPLTx = 0, Enable_DPLF1 = 0, Enable_DPLF2 = 0 : NULL
00192 #set power supply and wait
00192 PwrSetVoltage = 10 : NULL : WAIT = 0.1
00193 #test power supply
00193 NULL : MeterVolts = 1 | 0.155 | 0.1
00193 TEST: MeterVolts 1.0 +/- 0.155
00193 PASS: MeterVolts 1.109
00194 #switch input to load line
00194 J2_04 = 1 : NULL : WAIT = 0.1
00195 
00195 
00195 #Sweep of Port_3B from 1 to 5 in 0.5 increments
00195 
00195 #set power supply
00195 PwrSetVoltage = 10 : NULL : WAIT = 0.1
00196 #test power supply
00196 NULL : MeterVolts = 1 | 0.155 | 0.1
00196 TEST: MeterVolts 1.0 +/- 0.155
00196 PASS: MeterVolts 0.998
00197 #test feedback
00197 NULL : Port_3B = 1 | 0.155 | 0.1
00197 TEST: Port_3B 1.0 +/- 0.155
00197 PASS: Port_3B 0.987
00198 NULL : Input_3B = 0 | 0.1 | 0.1
00198 TEST: Input_3B 0.0 +/- 0.1
00198 PASS: Input_3B 0.0
00199 #set power supply
00199 PwrSetVoltage = 15 : NULL : WAIT = 0.1
00200 #test power supply
00200 NULL : MeterVolts = 1.5 | 0.155 | 0.1
00200 TEST: MeterVolts 1.5 +/- 0.155
00200 PASS: MeterVolts 1.448
00201 #test feedback
00201 NULL : Port_3B = 1.5 | 0.155 | 0.1
00201 TEST: Port_3B 1.5 +/- 0.155
00201 PASS: Port_3B 1.496
00202 NULL : Input_3B = 0 | 0.1 | 0.1
00202 TEST: Input_3B 0.0 +/- 0.1
00202 PASS: Input_3B 0.0
00203 #set power supply
00203 PwrSetVoltage = 20 : NULL : WAIT = 0.1
00204 #test power supply
00204 NULL : MeterVolts = 2.0 | 0.155 | 0.1
00204 TEST: MeterVolts 2.0 +/- 0.155
00204 PASS: MeterVolts 2.002
00205 #test feedback
00205 NULL : Port_3B = 2.0 | 0.155 | 0.1
00205 TEST: Port_3B 2.0 +/- 0.155
00205 PASS: Port_3B 1.992
00206 NULL : Input_3B = 0 | 0.1 | 0.1
00206 TEST: Input_3B 0.0 +/- 0.1
00206 PASS: Input_3B 0.0
00207 #set power supply
00207 PwrSetVoltage = 25 : NULL : WAIT = 0.1
00208 #test power supply
00208 NULL : MeterVolts = 2.5 | 0.155 | 0.1
00208 TEST: MeterVolts 2.5 +/- 0.155
00208 PASS: MeterVolts 2.504
00209 #test feedback
00209 NULL : Port_3B = 2.5 | 0.155 | 0.1
00209 TEST: Port_3B 2.5 +/- 0.155
00209 PASS: Port_3B 2.488
00210 NULL : Input_3B = 0 | 0.1 | 0.1
00210 TEST: Input_3B 0.0 +/- 0.1
00210 PASS: Input_3B 0.0
00211 #set power supply
00211 PwrSetVoltage = 30 : NULL : WAIT = 0.1
00212 #test power supply
00212 NULL : MeterVolts = 3.0 | 0.155 | 0.1
00212 TEST: MeterVolts 3.0 +/- 0.155
00212 PASS: MeterVolts 2.993
00213 #test feedback
00213 NULL : Port_3B = 3.0 | 0.155 | 0.1
00213 TEST: Port_3B 3.0 +/- 0.155
00213 PASS: Port_3B 2.978
00214 NULL : Input_3B = 0 | 0.1 | 0.1
00214 TEST: Input_3B 0.0 +/- 0.1
00214 PASS: Input_3B 0.0
00215 #set power supply
00215 PwrSetVoltage = 35 : NULL : WAIT = 0.1
00216 #test power supply
00216 NULL : MeterVolts = 3.5 | 0.155 | 0.1
00216 TEST: MeterVolts 3.5 +/- 0.155
00216 PASS: MeterVolts 3.489
00217 #test feedback
00217 NULL : Port_3B = 3.5 | 0.155 | 0.1
00217 TEST: Port_3B 3.5 +/- 0.155
00217 PASS: Port_3B 3.473
00218 NULL : Input_3B = 0 | 0.1 | 0.1
00218 TEST: Input_3B 0.0 +/- 0.1
00218 PASS: Input_3B 0.0
00219 #set power supply
00219 PwrSetVoltage = 40 : NULL : WAIT = 0.1
00220 #test power supply
00220 NULL : MeterVolts = 4.0 | 0.155 | 0.1
00220 TEST: MeterVolts 4.0 +/- 0.155
00220 PASS: MeterVolts 3.988
00221 #test feedback
00221 NULL : Port_3B = 4.0 | 0.155 | 0.1
00221 TEST: Port_3B 4.0 +/- 0.155
00221 PASS: Port_3B 3.969
00222 NULL : Input_3B = 0 | 0.1 | 0.1
00222 TEST: Input_3B 0.0 +/- 0.1
00222 PASS: Input_3B 0.0
00223 #set power supply
00223 PwrSetVoltage = 45 : NULL : WAIT = 0.1
00224 #test power supply
00224 NULL : MeterVolts = 4.5 | 0.155 | 0.1
00224 TEST: MeterVolts 4.5 +/- 0.155
00224 PASS: MeterVolts 4.48
00225 #test feedback
00225 NULL : Port_3B = 4.5 | 0.155 | 0.1
00225 TEST: Port_3B 4.5 +/- 0.155
00225 PASS: Port_3B 4.464
00226 NULL : Input_3B = 0 | 0.1 | 0.1
00226 TEST: Input_3B 0.0 +/- 0.1
00226 PASS: Input_3B 0.0
00227 #set power supply
00227 PwrSetVoltage = 50 : NULL : WAIT = 0.1
00228 #test power supply
00228 NULL : MeterVolts = 5.0 | 0.155 | 0.1
00228 TEST: MeterVolts 5.0 +/- 0.155
00228 PASS: MeterVolts 4.981
00229 #test feedback
00229 NULL : Port_3B = 5.0 | 0.155 | 0.1
00229 TEST: Port_3B 5.0 +/- 0.155
00229 PASS: Port_3B 4.963
00230 NULL : Input_3B = 0 | 0.1 | 0.1
00230 TEST: Input_3B 0.0 +/- 0.1
00230 PASS: Input_3B 0.0
00231 #set power supply
00231 PwrSetVoltage = 55 : NULL : WAIT = 0.1
00232 #test power supply
00232 NULL : MeterVolts = 5.5 | 0.155 | 0.1
00232 TEST: MeterVolts 5.5 +/- 0.155
00232 PASS: MeterVolts 5.472
00233 #test feedback
00233 NULL : Port_3B = 0 | 0.1 | 0.1
00233 TEST: Port_3B 0.0 +/- 0.1
00233 PASS: Port_3B 0.0
00234 NULL : Input_3B = 2 | 0.1 | 0.1
00234 TEST: Input_3B 2.0 +/- 0.1
00234 PASS: Input_3B 2.0
00235 #set power supply
00235 PwrSetVoltage = 56 : NULL : WAIT = 0.1
00236 #test power supply
00236 NULL : MeterVolts = 5.6 | 0.155 | 0.1
00236 TEST: MeterVolts 5.6 +/- 0.155
00236 PASS: MeterVolts 5.472
00237 #test feedback
00237 NULL : Port_3B = 0 | 0.1 | 0.1
00237 TEST: Port_3B 0.0 +/- 0.1
00237 PASS: Port_3B 0.0
00238 NULL : Input_3B = 2 | 0.1 | 0.1
00238 TEST: Input_3B 2.0 +/- 0.1
00238 PASS: Input_3B 2.0
00239 
00239 #Finished with port
00239 #switch out input
00239 J2_04 = 0 : NULL : WAIT = 0.1
00240 
00240 #-----setup 39009-----
00240 #configure as Output Digital ON/OFF
00240 Command = 82, MODE1 = 0, MODE2 = 0, Enable_24VDC = 0, ADRaw = 0 : NULL : WAIT = 0.5
00241 Command = 83, MODE1A = 4, MODE1B = 4, MODE2A = 1, MODE2B = 1, MODE3A = 4, MODE3B = 4, MODE4A = 1, MODE4B = 1, MODE5A = 4, MODE5B = 4, MODE6A = 1, MODE6B = 1, MODE7A = 4, MODE7B = 4 : NULL : WAIT = 0.5
00242 Command = 0, MODE1A = 0, MODE1B = 0, MODE2A = 0, MODE2B = 0, MODE3A = 0, MODE3B = 0, MODE4A = 0, MODE4B = 0, MODE5A = 0, MODE5B = 0, MODE6A = 0, MODE6B = 0, MODE7A = 0, MODE7B = 0 : NULL
00243 Command = 84, MODE8A = 1, MODE8B = 1, MODE9A = 4, MODE9B = 4, MODE10A = 1, MODE10B = 1, GLOBAL_KP = 255, GLOBAL_KI = 255 : NULL : WAIT = 0.5
00244 Command = 0, MODE8A = 0, MODE8B = 0, MODE9A = 0, MODE9B = 0, MODE10A = 0, MODE10B = 0, GLOBAL_KP = 0, GLOBAL_KI = 0 : NULL
00245 Command = 82, FaultReset = 1, SaveSettings = 1, Enable_DPLTx = 1, Enable_DPLF1 = 1, Enable_DPLF2 = 1 : NULL : WAIT = 0.5
00246 #clear multiplex
00246 Command = 0, FaultReset = 0, SaveSettings = 0, Enable_DPLTx = 0, Enable_DPLF1 = 0, Enable_DPLF2 = 0 : NULL
00247 #set power supply and wait
00247 PwrSetVoltage = 10 : NULL : WAIT = 0.1
00248 #test power supply
00248 NULL : MeterVolts = 1 | 0.155 | 0.1
00248 TEST: MeterVolts 1.0 +/- 0.155
00248 PASS: MeterVolts 0.995
00249 #switch input to load line
00249 J2_05 = 1 : NULL : WAIT = 0.1
00250 
00250 
00250 #Sweep of Port_5A from 1 to 5 in 0.5 increments
00250 
00250 #set power supply
00250 PwrSetVoltage = 10 : NULL : WAIT = 0.1
00251 #test power supply
00251 NULL : MeterVolts = 1 | 0.155 | 0.1
00251 TEST: MeterVolts 1.0 +/- 0.155
00251 PASS: MeterVolts 0.996
00252 #test feedback
00252 NULL : Port_5A = 1 | 0.155 | 0.1
00252 TEST: Port_5A 1.0 +/- 0.155
00252 PASS: Port_5A 0.987
00253 NULL : Input_5A = 0 | 0.1 | 0.1
00253 TEST: Input_5A 0.0 +/- 0.1
00253 PASS: Input_5A 0.0
00254 #set power supply
00254 PwrSetVoltage = 15 : NULL : WAIT = 0.1
00255 #test power supply
00255 NULL : MeterVolts = 1.5 | 0.155 | 0.1
00255 TEST: MeterVolts 1.5 +/- 0.155
00255 PASS: MeterVolts 1.51
00256 #test feedback
00256 NULL : Port_5A = 1.5 | 0.155 | 0.1
00256 TEST: Port_5A 1.5 +/- 0.155
00256 PASS: Port_5A 1.497
00257 NULL : Input_5A = 0 | 0.1 | 0.1
00257 TEST: Input_5A 0.0 +/- 0.1
00257 PASS: Input_5A 0.0
00258 #set power supply
00258 PwrSetVoltage = 20 : NULL : WAIT = 0.1
00259 #test power supply
00259 NULL : MeterVolts = 2.0 | 0.155 | 0.1
00259 TEST: MeterVolts 2.0 +/- 0.155
00259 PASS: MeterVolts 1.86
00260 #test feedback
00260 NULL : Port_5A = 2.0 | 0.155 | 0.1
00260 TEST: Port_5A 2.0 +/- 0.155
00260 PASS: Port_5A 1.993
00261 NULL : Input_5A = 0 | 0.1 | 0.1
00261 TEST: Input_5A 0.0 +/- 0.1
00261 PASS: Input_5A 0.0
00262 #set power supply
00262 PwrSetVoltage = 25 : NULL : WAIT = 0.1
00263 #test power supply
00263 NULL : MeterVolts = 2.5 | 0.155 | 0.1
00263 TEST: MeterVolts 2.5 +/- 0.155
00263 PASS: MeterVolts 2.4
00264 #test feedback
00264 NULL : Port_5A = 2.5 | 0.155 | 0.1
00264 TEST: Port_5A 2.5 +/- 0.155
00264 PASS: Port_5A 2.491
00265 NULL : Input_5A = 0 | 0.1 | 0.1
00265 TEST: Input_5A 0.0 +/- 0.1
00265 PASS: Input_5A 0.0
00266 #set power supply
00266 PwrSetVoltage = 30 : NULL : WAIT = 0.1
00267 #test power supply
00267 NULL : MeterVolts = 3.0 | 0.155 | 0.1
00267 TEST: MeterVolts 3.0 +/- 0.155
00267 PASS: MeterVolts 2.992
00268 #test feedback
00268 NULL : Port_5A = 3.0 | 0.155 | 0.1
00268 TEST: Port_5A 3.0 +/- 0.155
00268 PASS: Port_5A 2.98
00269 NULL : Input_5A = 0 | 0.1 | 0.1
00269 TEST: Input_5A 0.0 +/- 0.1
00269 PASS: Input_5A 0.0
00270 #set power supply
00270 PwrSetVoltage = 35 : NULL : WAIT = 0.1
00271 #test power supply
00271 NULL : MeterVolts = 3.5 | 0.155 | 0.1
00271 TEST: MeterVolts 3.5 +/- 0.155
00271 PASS: MeterVolts 3.488
00272 #test feedback
00272 NULL : Port_5A = 3.5 | 0.155 | 0.1
00272 TEST: Port_5A 3.5 +/- 0.155
00272 PASS: Port_5A 3.476
00273 NULL : Input_5A = 0 | 0.1 | 0.1
00273 TEST: Input_5A 0.0 +/- 0.1
00273 PASS: Input_5A 0.0
00274 #set power supply
00274 PwrSetVoltage = 40 : NULL : WAIT = 0.1
00275 #test power supply
00275 NULL : MeterVolts = 4.0 | 0.155 | 0.1
00275 TEST: MeterVolts 4.0 +/- 0.155
00275 PASS: MeterVolts 3.987
00276 #test feedback
00276 NULL : Port_5A = 4.0 | 0.155 | 0.1
00276 TEST: Port_5A 4.0 +/- 0.155
00276 PASS: Port_5A 3.975
00277 NULL : Input_5A = 0 | 0.1 | 0.1
00277 TEST: Input_5A 0.0 +/- 0.1
00277 PASS: Input_5A 0.0
00278 #set power supply
00278 PwrSetVoltage = 45 : NULL : WAIT = 0.1
00279 #test power supply
00279 NULL : MeterVolts = 4.5 | 0.155 | 0.1
00279 TEST: MeterVolts 4.5 +/- 0.155
00279 PASS: MeterVolts 4.48
00280 #test feedback
00280 NULL : Port_5A = 4.5 | 0.155 | 0.1
00280 TEST: Port_5A 4.5 +/- 0.155
00280 PASS: Port_5A 4.467
00281 NULL : Input_5A = 0 | 0.1 | 0.1
00281 TEST: Input_5A 0.0 +/- 0.1
00281 PASS: Input_5A 0.0
00282 #set power supply
00282 PwrSetVoltage = 50 : NULL : WAIT = 0.1
00283 #test power supply
00283 NULL : MeterVolts = 5.0 | 0.155 | 0.1
00283 TEST: MeterVolts 5.0 +/- 0.155
00283 PASS: MeterVolts 4.981
00284 #test feedback
00284 NULL : Port_5A = 5.0 | 0.155 | 0.1
00284 TEST: Port_5A 5.0 +/- 0.155
00284 PASS: Port_5A 4.968
00285 NULL : Input_5A = 0 | 0.1 | 0.1
00285 TEST: Input_5A 0.0 +/- 0.1
00285 PASS: Input_5A 0.0
00286 #set power supply
00286 PwrSetVoltage = 55 : NULL : WAIT = 0.1
00287 #test power supply
00287 NULL : MeterVolts = 5.5 | 0.155 | 0.1
00287 TEST: MeterVolts 5.5 +/- 0.155
00287 PASS: MeterVolts 5.356
00288 #test feedback
00288 NULL : Port_5A = 0 | 0.1 | 0.1
00288 TEST: Port_5A 0.0 +/- 0.1
00288 PASS: Port_5A 0.0
00289 NULL : Input_5A = 2 | 0.1 | 0.1
00289 TEST: Input_5A 2.0 +/- 0.1
00289 PASS: Input_5A 2.0
00290 #set power supply
00290 PwrSetVoltage = 56 : NULL : WAIT = 0.1
00291 #test power supply
00291 NULL : MeterVolts = 5.6 | 0.155 | 0.1
00291 TEST: MeterVolts 5.6 +/- 0.155
00291 PASS: MeterVolts 5.472
00292 #test feedback
00292 NULL : Port_5A = 0 | 0.1 | 0.1
00292 TEST: Port_5A 0.0 +/- 0.1
00292 PASS: Port_5A 0.0
00293 NULL : Input_5A = 2 | 0.1 | 0.1
00293 TEST: Input_5A 2.0 +/- 0.1
00293 PASS: Input_5A 2.0
00294 
00294 #Finished with port
00294 #switch out input
00294 J2_05 = 0 : NULL : WAIT = 0.1
00295 
00295 #-----setup 39009-----
00295 #configure as Output Digital ON/OFF
00295 Command = 82, MODE1 = 0, MODE2 = 0, Enable_24VDC = 0, ADRaw = 0 : NULL : WAIT = 0.5
00296 Command = 83, MODE1A = 4, MODE1B = 4, MODE2A = 1, MODE2B = 1, MODE3A = 4, MODE3B = 4, MODE4A = 1, MODE4B = 1, MODE5A = 4, MODE5B = 4, MODE6A = 1, MODE6B = 1, MODE7A = 4, MODE7B = 4 : NULL : WAIT = 0.5
00297 Command = 0, MODE1A = 0, MODE1B = 0, MODE2A = 0, MODE2B = 0, MODE3A = 0, MODE3B = 0, MODE4A = 0, MODE4B = 0, MODE5A = 0, MODE5B = 0, MODE6A = 0, MODE6B = 0, MODE7A = 0, MODE7B = 0 : NULL
00298 Command = 84, MODE8A = 1, MODE8B = 1, MODE9A = 4, MODE9B = 4, MODE10A = 1, MODE10B = 1, GLOBAL_KP = 255, GLOBAL_KI = 255 : NULL : WAIT = 0.5
00299 Command = 0, MODE8A = 0, MODE8B = 0, MODE9A = 0, MODE9B = 0, MODE10A = 0, MODE10B = 0, GLOBAL_KP = 0, GLOBAL_KI = 0 : NULL
00300 Command = 82, FaultReset = 1, SaveSettings = 1, Enable_DPLTx = 1, Enable_DPLF1 = 1, Enable_DPLF2 = 1 : NULL : WAIT = 0.5
00301 #clear multiplex
00301 Command = 0, FaultReset = 0, SaveSettings = 0, Enable_DPLTx = 0, Enable_DPLF1 = 0, Enable_DPLF2 = 0 : NULL
00302 #set power supply and wait
00302 PwrSetVoltage = 10 : NULL : WAIT = 0.1
00303 #test power supply
00303 NULL : MeterVolts = 1 | 0.155 | 0.1
00303 TEST: MeterVolts 1.0 +/- 0.155
00303 PASS: MeterVolts 1.082
00304 #switch input to load line
00304 J2_06 = 1 : NULL : WAIT = 0.1
00305 
00305 
00305 #Sweep of Port_5B from 1 to 5 in 0.5 increments
00305 
00305 #set power supply
00305 PwrSetVoltage = 10 : NULL : WAIT = 0.1
00306 #test power supply
00306 NULL : MeterVolts = 1 | 0.155 | 0.1
00306 TEST: MeterVolts 1.0 +/- 0.155
00306 PASS: MeterVolts 0.998
00307 #test feedback
00307 NULL : Port_5B = 1 | 0.155 | 0.1
00307 TEST: Port_5B 1.0 +/- 0.155
00307 PASS: Port_5B 0.986
00308 NULL : Input_5B = 0 | 0.1 | 0.1
00308 TEST: Input_5B 0.0 +/- 0.1
00308 PASS: Input_5B 0.0
00309 #set power supply
00309 PwrSetVoltage = 15 : NULL : WAIT = 0.1
00310 #test power supply
00310 NULL : MeterVolts = 1.5 | 0.155 | 0.1
00310 TEST: MeterVolts 1.5 +/- 0.155
00310 PASS: MeterVolts 1.511
00311 #test feedback
00311 NULL : Port_5B = 1.5 | 0.155 | 0.1
00311 TEST: Port_5B 1.5 +/- 0.155
00311 PASS: Port_5B 1.498
00312 NULL : Input_5B = 0 | 0.1 | 0.1
00312 TEST: Input_5B 0.0 +/- 0.1
00312 PASS: Input_5B 0.0
00313 #set power supply
00313 PwrSetVoltage = 20 : NULL : WAIT = 0.1
00314 #test power supply
00314 NULL : MeterVolts = 2.0 | 0.155 | 0.1
00314 TEST: MeterVolts 2.0 +/- 0.155
00314 PASS: MeterVolts 2.005
00315 #test feedback
00315 NULL : Port_5B = 2.0 | 0.155 | 0.1
00315 TEST: Port_5B 2.0 +/- 0.155
00315 PASS: Port_5B 1.993
00316 NULL : Input_5B = 0 | 0.1 | 0.1
00316 TEST: Input_5B 0.0 +/- 0.1
00316 PASS: Input_5B 0.0
00317 #set power supply
00317 PwrSetVoltage = 25 : NULL : WAIT = 0.1
00318 #test power supply
00318 NULL : MeterVolts = 2.5 | 0.155 | 0.1
00318 TEST: MeterVolts 2.5 +/- 0.155
00318 PASS: MeterVolts 2.504
00319 #test feedback
00319 NULL : Port_5B = 2.5 | 0.155 | 0.1
00319 TEST: Port_5B 2.5 +/- 0.155
00319 PASS: Port_5B 2.492
00320 NULL : Input_5B = 0 | 0.1 | 0.1
00320 TEST: Input_5B 0.0 +/- 0.1
00320 PASS: Input_5B 0.0
00321 #set power supply
00321 PwrSetVoltage = 30 : NULL : WAIT = 0.1
00322 #test power supply
00322 NULL : MeterVolts = 3.0 | 0.155 | 0.1
00322 TEST: MeterVolts 3.0 +/- 0.155
00322 PASS: MeterVolts 2.993
00323 #test feedback
00323 NULL : Port_5B = 3.0 | 0.155 | 0.1
00323 TEST: Port_5B 3.0 +/- 0.155
00323 PASS: Port_5B 2.979
00324 NULL : Input_5B = 0 | 0.1 | 0.1
00324 TEST: Input_5B 0.0 +/- 0.1
00324 PASS: Input_5B 0.0
00325 #set power supply
00325 PwrSetVoltage = 35 : NULL : WAIT = 0.1
00326 #test power supply
00326 NULL : MeterVolts = 3.5 | 0.155 | 0.1
00326 TEST: MeterVolts 3.5 +/- 0.155
00326 PASS: MeterVolts 3.489
00327 #test feedback
00327 NULL : Port_5B = 3.5 | 0.155 | 0.1
00327 TEST: Port_5B 3.5 +/- 0.155
00327 PASS: Port_5B 3.476
00328 NULL : Input_5B = 0 | 0.1 | 0.1
00328 TEST: Input_5B 0.0 +/- 0.1
00328 PASS: Input_5B 0.0
00329 #set power supply
00329 PwrSetVoltage = 40 : NULL : WAIT = 0.1
00330 #test power supply
00330 NULL : MeterVolts = 4.0 | 0.155 | 0.1
00330 TEST: MeterVolts 4.0 +/- 0.155
00330 PASS: MeterVolts 3.987
00331 #test feedback
00331 NULL : Port_5B = 4.0 | 0.155 | 0.1
00331 TEST: Port_5B 4.0 +/- 0.155
00331 PASS: Port_5B 3.976
00332 NULL : Input_5B = 0 | 0.1 | 0.1
00332 TEST: Input_5B 0.0 +/- 0.1
00332 PASS: Input_5B 0.0
00333 #set power supply
00333 PwrSetVoltage = 45 : NULL : WAIT = 0.1
00334 #test power supply
00334 NULL : MeterVolts = 4.5 | 0.155 | 0.1
00334 TEST: MeterVolts 4.5 +/- 0.155
00334 PASS: MeterVolts 4.48
00335 #test feedback
00335 NULL : Port_5B = 4.5 | 0.155 | 0.1
00335 TEST: Port_5B 4.5 +/- 0.155
00335 PASS: Port_5B 4.467
00336 NULL : Input_5B = 0 | 0.1 | 0.1
00336 TEST: Input_5B 0.0 +/- 0.1
00336 PASS: Input_5B 0.0
00337 #set power supply
00337 PwrSetVoltage = 50 : NULL : WAIT = 0.1
00338 #test power supply
00338 NULL : MeterVolts = 5.0 | 0.155 | 0.1
00338 TEST: MeterVolts 5.0 +/- 0.155
00338 PASS: MeterVolts 4.981
00339 #test feedback
00339 NULL : Port_5B = 5.0 | 0.155 | 0.1
00339 TEST: Port_5B 5.0 +/- 0.155
00339 PASS: Port_5B 4.966
00340 NULL : Input_5B = 0 | 0.1 | 0.1
00340 TEST: Input_5B 0.0 +/- 0.1
00340 PASS: Input_5B 0.0
00341 #set power supply
00341 PwrSetVoltage = 55 : NULL : WAIT = 0.1
00342 #test power supply
00342 NULL : MeterVolts = 5.5 | 0.155 | 0.1
00342 TEST: MeterVolts 5.5 +/- 0.155
00342 PASS: MeterVolts 5.391
00343 #test feedback
00343 NULL : Port_5B = 0 | 0.1 | 0.1
00343 TEST: Port_5B 0.0 +/- 0.1
00343 PASS: Port_5B 0.0
00344 NULL : Input_5B = 2 | 0.1 | 0.1
00344 TEST: Input_5B 2.0 +/- 0.1
00344 PASS: Input_5B 2.0
00345 #set power supply
00345 PwrSetVoltage = 56 : NULL : WAIT = 0.1
00346 #test power supply
00346 NULL : MeterVolts = 5.6 | 0.155 | 0.1
00346 TEST: MeterVolts 5.6 +/- 0.155
00346 PASS: MeterVolts 5.473
00347 #test feedback
00347 NULL : Port_5B = 0 | 0.1 | 0.1
00347 TEST: Port_5B 0.0 +/- 0.1
00347 PASS: Port_5B 0.0
00348 NULL : Input_5B = 2 | 0.1 | 0.1
00348 TEST: Input_5B 2.0 +/- 0.1
00348 PASS: Input_5B 2.0
00349 
00349 #Finished with port
00349 #switch out input
00349 J2_06 = 0 : NULL : WAIT = 0.1
00350 
00350 #-----setup 39009-----
00350 #configure as Output Digital ON/OFF
00350 Command = 82, MODE1 = 0, MODE2 = 0, Enable_24VDC = 0, ADRaw = 0 : NULL : WAIT = 0.5
00351 Command = 83, MODE1A = 4, MODE1B = 4, MODE2A = 1, MODE2B = 1, MODE3A = 4, MODE3B = 4, MODE4A = 1, MODE4B = 1, MODE5A = 4, MODE5B = 4, MODE6A = 1, MODE6B = 1, MODE7A = 4, MODE7B = 4 : NULL : WAIT = 0.5
00352 Command = 0, MODE1A = 0, MODE1B = 0, MODE2A = 0, MODE2B = 0, MODE3A = 0, MODE3B = 0, MODE4A = 0, MODE4B = 0, MODE5A = 0, MODE5B = 0, MODE6A = 0, MODE6B = 0, MODE7A = 0, MODE7B = 0 : NULL
00353 Command = 84, MODE8A = 1, MODE8B = 1, MODE9A = 4, MODE9B = 4, MODE10A = 1, MODE10B = 1, GLOBAL_KP = 255, GLOBAL_KI = 255 : NULL : WAIT = 0.5
00354 Command = 0, MODE8A = 0, MODE8B = 0, MODE9A = 0, MODE9B = 0, MODE10A = 0, MODE10B = 0, GLOBAL_KP = 0, GLOBAL_KI = 0 : NULL
00355 Command = 82, FaultReset = 1, SaveSettings = 1, Enable_DPLTx = 1, Enable_DPLF1 = 1, Enable_DPLF2 = 1 : NULL : WAIT = 0.5
00356 #clear multiplex
00356 Command = 0, FaultReset = 0, SaveSettings = 0, Enable_DPLTx = 0, Enable_DPLF1 = 0, Enable_DPLF2 = 0 : NULL
00357 #set power supply and wait
00357 PwrSetVoltage = 10 : NULL : WAIT = 0.1
00358 #test power supply
00358 NULL : MeterVolts = 1 | 0.155 | 0.1
00358 TEST: MeterVolts 1.0 +/- 0.155
00358 PASS: MeterVolts 1.071
00359 #switch input to load line
00359 J2_07 = 1 : NULL : WAIT = 0.1
00360 
00360 
00360 #Sweep of Port_7A from 1 to 5 in 0.5 increments
00360 
00360 #set power supply
00360 PwrSetVoltage = 10 : NULL : WAIT = 0.1
00361 #test power supply
00361 NULL : MeterVolts = 1 | 0.155 | 0.1
00361 TEST: MeterVolts 1.0 +/- 0.155
00361 PASS: MeterVolts 0.997
00362 #test feedback
00362 NULL : Port_7A = 1 | 0.155 | 0.1
00362 TEST: Port_7A 1.0 +/- 0.155
00362 PASS: Port_7A 0.984
00363 NULL : Input_7A = 0 | 0.1 | 0.1
00363 TEST: Input_7A 0.0 +/- 0.1
00363 PASS: Input_7A 0.0
00364 #set power supply
00364 PwrSetVoltage = 15 : NULL : WAIT = 0.1
00365 #test power supply
00365 NULL : MeterVolts = 1.5 | 0.155 | 0.1
00365 TEST: MeterVolts 1.5 +/- 0.155
00365 PASS: MeterVolts 1.511
00366 #test feedback
00366 NULL : Port_7A = 1.5 | 0.155 | 0.1
00366 TEST: Port_7A 1.5 +/- 0.155
00366 PASS: Port_7A 1.497
00367 NULL : Input_7A = 0 | 0.1 | 0.1
00367 TEST: Input_7A 0.0 +/- 0.1
00367 PASS: Input_7A 0.0
00368 #set power supply
00368 PwrSetVoltage = 20 : NULL : WAIT = 0.1
00369 #test power supply
00369 NULL : MeterVolts = 2.0 | 0.155 | 0.1
00369 TEST: MeterVolts 2.0 +/- 0.155
00369 PASS: MeterVolts 2.006
00370 #test feedback
00370 NULL : Port_7A = 2.0 | 0.155 | 0.1
00370 TEST: Port_7A 2.0 +/- 0.155
00370 PASS: Port_7A 1.99
00371 NULL : Input_7A = 0 | 0.1 | 0.1
00371 TEST: Input_7A 0.0 +/- 0.1
00371 PASS: Input_7A 0.0
00372 #set power supply
00372 PwrSetVoltage = 25 : NULL : WAIT = 0.1
00373 #test power supply
00373 NULL : MeterVolts = 2.5 | 0.155 | 0.1
00373 TEST: MeterVolts 2.5 +/- 0.155
00373 PASS: MeterVolts 2.504
00374 #test feedback
00374 NULL : Port_7A = 2.5 | 0.155 | 0.1
00374 TEST: Port_7A 2.5 +/- 0.155
00374 PASS: Port_7A 2.49
00375 NULL : Input_7A = 0 | 0.1 | 0.1
00375 TEST: Input_7A 0.0 +/- 0.1
00375 PASS: Input_7A 0.0
00376 #set power supply
00376 PwrSetVoltage = 30 : NULL : WAIT = 0.1
00377 #test power supply
00377 NULL : MeterVolts = 3.0 | 0.155 | 0.1
00377 TEST: MeterVolts 3.0 +/- 0.155
00377 PASS: MeterVolts 2.992
00378 #test feedback
00378 NULL : Port_7A = 3.0 | 0.155 | 0.1
00378 TEST: Port_7A 3.0 +/- 0.155
00378 PASS: Port_7A 2.98
00379 NULL : Input_7A = 0 | 0.1 | 0.1
00379 TEST: Input_7A 0.0 +/- 0.1
00379 PASS: Input_7A 0.0
00380 #set power supply
00380 PwrSetVoltage = 35 : NULL : WAIT = 0.1
00381 #test power supply
00381 NULL : MeterVolts = 3.5 | 0.155 | 0.1
00381 TEST: MeterVolts 3.5 +/- 0.155
00381 PASS: MeterVolts 3.49
00382 #test feedback
00382 NULL : Port_7A = 3.5 | 0.155 | 0.1
00382 TEST: Port_7A 3.5 +/- 0.155
00382 PASS: Port_7A 3.476
00383 NULL : Input_7A = 0 | 0.1 | 0.1
00383 TEST: Input_7A 0.0 +/- 0.1
00383 PASS: Input_7A 0.0
00384 #set power supply
00384 PwrSetVoltage = 40 : NULL : WAIT = 0.1
00385 #test power supply
00385 NULL : MeterVolts = 4.0 | 0.155 | 0.1
00385 TEST: MeterVolts 4.0 +/- 0.155
00385 PASS: MeterVolts 3.988
00386 #test feedback
00386 NULL : Port_7A = 4.0 | 0.155 | 0.1
00386 TEST: Port_7A 4.0 +/- 0.155
00386 PASS: Port_7A 3.974
00387 NULL : Input_7A = 0 | 0.1 | 0.1
00387 TEST: Input_7A 0.0 +/- 0.1
00387 PASS: Input_7A 0.0
00388 #set power supply
00388 PwrSetVoltage = 45 : NULL : WAIT = 0.1
00389 #test power supply
00389 NULL : MeterVolts = 4.5 | 0.155 | 0.1
00389 TEST: MeterVolts 4.5 +/- 0.155
00389 PASS: MeterVolts 4.358
00390 #test feedback
00390 NULL : Port_7A = 4.5 | 0.155 | 0.1
00390 TEST: Port_7A 4.5 +/- 0.155
00390 PASS: Port_7A 4.465
00391 NULL : Input_7A = 0 | 0.1 | 0.1
00391 TEST: Input_7A 0.0 +/- 0.1
00391 PASS: Input_7A 0.0
00392 #set power supply
00392 PwrSetVoltage = 50 : NULL : WAIT = 0.1
00393 #test power supply
00393 NULL : MeterVolts = 5.0 | 0.155 | 0.1
00393 TEST: MeterVolts 5.0 +/- 0.155
00393 PASS: MeterVolts 4.914
00394 #test feedback
00394 NULL : Port_7A = 5.0 | 0.155 | 0.1
00394 TEST: Port_7A 5.0 +/- 0.155
00394 PASS: Port_7A 4.968
00395 NULL : Input_7A = 0 | 0.1 | 0.1
00395 TEST: Input_7A 0.0 +/- 0.1
00395 PASS: Input_7A 0.0
00396 #set power supply
00396 PwrSetVoltage = 55 : NULL : WAIT = 0.1
00397 #test power supply
00397 NULL : MeterVolts = 5.5 | 0.155 | 0.1
00397 TEST: MeterVolts 5.5 +/- 0.155
00397 PASS: MeterVolts 5.473
00398 #test feedback
00398 NULL : Port_7A = 0 | 0.1 | 0.1
00398 TEST: Port_7A 0.0 +/- 0.1
00398 PASS: Port_7A 0.0
00399 NULL : Input_7A = 2 | 0.1 | 0.1
00399 TEST: Input_7A 2.0 +/- 0.1
00399 PASS: Input_7A 2.0
00400 #set power supply
00400 PwrSetVoltage = 56 : NULL : WAIT = 0.1
00401 #test power supply
00401 NULL : MeterVolts = 5.6 | 0.155 | 0.1
00401 TEST: MeterVolts 5.6 +/- 0.155
00401 PASS: MeterVolts 5.473
00402 #test feedback
00402 NULL : Port_7A = 0 | 0.1 | 0.1
00402 TEST: Port_7A 0.0 +/- 0.1
00402 PASS: Port_7A 0.0
00403 NULL : Input_7A = 2 | 0.1 | 0.1
00403 TEST: Input_7A 2.0 +/- 0.1
00403 PASS: Input_7A 2.0
00404 
00404 #Finished with port
00404 #switch out input
00404 J2_07 = 0 : NULL : WAIT = 0.1
00405 
00405 #-----setup 39009-----
00405 #configure as Output Digital ON/OFF
00405 Command = 82, MODE1 = 0, MODE2 = 0, Enable_24VDC = 0, ADRaw = 0 : NULL : WAIT = 0.5
00406 Command = 83, MODE1A = 4, MODE1B = 4, MODE2A = 1, MODE2B = 1, MODE3A = 4, MODE3B = 4, MODE4A = 1, MODE4B = 1, MODE5A = 4, MODE5B = 4, MODE6A = 1, MODE6B = 1, MODE7A = 4, MODE7B = 4 : NULL : WAIT = 0.5
00407 Command = 0, MODE1A = 0, MODE1B = 0, MODE2A = 0, MODE2B = 0, MODE3A = 0, MODE3B = 0, MODE4A = 0, MODE4B = 0, MODE5A = 0, MODE5B = 0, MODE6A = 0, MODE6B = 0, MODE7A = 0, MODE7B = 0 : NULL
00408 Command = 84, MODE8A = 1, MODE8B = 1, MODE9A = 4, MODE9B = 4, MODE10A = 1, MODE10B = 1, GLOBAL_KP = 255, GLOBAL_KI = 255 : NULL : WAIT = 0.5
00409 Command = 0, MODE8A = 0, MODE8B = 0, MODE9A = 0, MODE9B = 0, MODE10A = 0, MODE10B = 0, GLOBAL_KP = 0, GLOBAL_KI = 0 : NULL
00410 Command = 82, FaultReset = 1, SaveSettings = 1, Enable_DPLTx = 1, Enable_DPLF1 = 1, Enable_DPLF2 = 1 : NULL : WAIT = 0.5
00411 #clear multiplex
00411 Command = 0, FaultReset = 0, SaveSettings = 0, Enable_DPLTx = 0, Enable_DPLF1 = 0, Enable_DPLF2 = 0 : NULL
00412 #set power supply and wait
00412 PwrSetVoltage = 10 : NULL : WAIT = 0.1
00413 #test power supply
00413 NULL : MeterVolts = 1 | 0.155 | 0.1
00413 TEST: MeterVolts 1.0 +/- 0.155
00413 PASS: MeterVolts 1.013
00414 #switch input to load line
00414 J2_08 = 1 : NULL : WAIT = 0.1
00415 
00415 
00415 #Sweep of Port_7B from 1 to 5 in 0.5 increments
00415 
00415 #set power supply
00415 PwrSetVoltage = 10 : NULL : WAIT = 0.1
00416 #test power supply
00416 NULL : MeterVolts = 1 | 0.155 | 0.1
00416 TEST: MeterVolts 1.0 +/- 0.155
00416 PASS: MeterVolts 0.997
00417 #test feedback
00417 NULL : Port_7B = 1 | 0.155 | 0.1
00417 TEST: Port_7B 1.0 +/- 0.155
00417 PASS: Port_7B 0.983
00418 NULL : Input_7B = 0 | 0.1 | 0.1
00418 TEST: Input_7B 0.0 +/- 0.1
00418 PASS: Input_7B 0.0
00419 #set power supply
00419 PwrSetVoltage = 15 : NULL : WAIT = 0.1
00420 #test power supply
00420 NULL : MeterVolts = 1.5 | 0.155 | 0.1
00420 TEST: MeterVolts 1.5 +/- 0.155
00420 PASS: MeterVolts 1.51
00421 #test feedback
00421 NULL : Port_7B = 1.5 | 0.155 | 0.1
00421 TEST: Port_7B 1.5 +/- 0.155
00421 PASS: Port_7B 1.497
00422 NULL : Input_7B = 0 | 0.1 | 0.1
00422 TEST: Input_7B 0.0 +/- 0.1
00422 PASS: Input_7B 0.0
00423 #set power supply
00423 PwrSetVoltage = 20 : NULL : WAIT = 0.1
00424 #test power supply
00424 NULL : MeterVolts = 2.0 | 0.155 | 0.1
00424 TEST: MeterVolts 2.0 +/- 0.155
00424 PASS: MeterVolts 2.006
00425 #test feedback
00425 NULL : Port_7B = 2.0 | 0.155 | 0.1
00425 TEST: Port_7B 2.0 +/- 0.155
00425 PASS: Port_7B 1.995
00426 NULL : Input_7B = 0 | 0.1 | 0.1
00426 TEST: Input_7B 0.0 +/- 0.1
00426 PASS: Input_7B 0.0
00427 #set power supply
00427 PwrSetVoltage = 25 : NULL : WAIT = 0.1
00428 #test power supply
00428 NULL : MeterVolts = 2.5 | 0.155 | 0.1
00428 TEST: MeterVolts 2.5 +/- 0.155
00428 PASS: MeterVolts 2.504
00429 #test feedback
00429 NULL : Port_7B = 2.5 | 0.155 | 0.1
00429 TEST: Port_7B 2.5 +/- 0.155
00429 PASS: Port_7B 2.493
00430 NULL : Input_7B = 0 | 0.1 | 0.1
00430 TEST: Input_7B 0.0 +/- 0.1
00430 PASS: Input_7B 0.0
00431 #set power supply
00431 PwrSetVoltage = 30 : NULL : WAIT = 0.1
00432 #test power supply
00432 NULL : MeterVolts = 3.0 | 0.155 | 0.1
00432 TEST: MeterVolts 3.0 +/- 0.155
00432 PASS: MeterVolts 2.993
00433 #test feedback
00433 NULL : Port_7B = 3.0 | 0.155 | 0.1
00433 TEST: Port_7B 3.0 +/- 0.155
00433 PASS: Port_7B 2.981
00434 NULL : Input_7B = 0 | 0.1 | 0.1
00434 TEST: Input_7B 0.0 +/- 0.1
00434 PASS: Input_7B 0.0
00435 #set power supply
00435 PwrSetVoltage = 35 : NULL : WAIT = 0.1
00436 #test power supply
00436 NULL : MeterVolts = 3.5 | 0.155 | 0.1
00436 TEST: MeterVolts 3.5 +/- 0.155
00436 PASS: MeterVolts 3.489
00437 #test feedback
00437 NULL : Port_7B = 3.5 | 0.155 | 0.1
00437 TEST: Port_7B 3.5 +/- 0.155
00437 PASS: Port_7B 3.477
00438 NULL : Input_7B = 0 | 0.1 | 0.1
00438 TEST: Input_7B 0.0 +/- 0.1
00438 PASS: Input_7B 0.0
00439 #set power supply
00439 PwrSetVoltage = 40 : NULL : WAIT = 0.1
00440 #test power supply
00440 NULL : MeterVolts = 4.0 | 0.155 | 0.1
00440 TEST: MeterVolts 4.0 +/- 0.155
00440 PASS: MeterVolts 3.894
00441 #test feedback
00441 NULL : Port_7B = 4.0 | 0.155 | 0.1
00441 TEST: Port_7B 4.0 +/- 0.155
00441 PASS: Port_7B 3.976
00442 NULL : Input_7B = 0 | 0.1 | 0.1
00442 TEST: Input_7B 0.0 +/- 0.1
00442 PASS: Input_7B 0.0
00443 #set power supply
00443 PwrSetVoltage = 45 : NULL : WAIT = 0.1
00444 #test power supply
00444 NULL : MeterVolts = 4.5 | 0.155 | 0.1
00444 TEST: MeterVolts 4.5 +/- 0.155
00444 PASS: MeterVolts 4.444
00445 #test feedback
00445 NULL : Port_7B = 4.5 | 0.155 | 0.1
00445 TEST: Port_7B 4.5 +/- 0.155
00445 PASS: Port_7B 4.469
00446 NULL : Input_7B = 0 | 0.1 | 0.1
00446 TEST: Input_7B 0.0 +/- 0.1
00446 PASS: Input_7B 0.0
00447 #set power supply
00447 PwrSetVoltage = 50 : NULL : WAIT = 0.1
00448 #test power supply
00448 NULL : MeterVolts = 5.0 | 0.155 | 0.1
00448 TEST: MeterVolts 5.0 +/- 0.155
00448 PASS: MeterVolts 4.981
00449 #test feedback
00449 NULL : Port_7B = 5.0 | 0.155 | 0.1
00449 TEST: Port_7B 5.0 +/- 0.155
00449 PASS: Port_7B 4.971
00450 NULL : Input_7B = 0 | 0.1 | 0.1
00450 TEST: Input_7B 0.0 +/- 0.1
00450 PASS: Input_7B 0.0
00451 #set power supply
00451 PwrSetVoltage = 55 : NULL : WAIT = 0.1
00452 #test power supply
00452 NULL : MeterVolts = 5.5 | 0.155 | 0.1
00452 TEST: MeterVolts 5.5 +/- 0.155
00452 PASS: MeterVolts 5.473
00453 #test feedback
00453 NULL : Port_7B = 0 | 0.1 | 0.1
00453 TEST: Port_7B 0.0 +/- 0.1
00453 PASS: Port_7B 0.0
00454 NULL : Input_7B = 2 | 0.1 | 0.1
00454 TEST: Input_7B 2.0 +/- 0.1
00454 PASS: Input_7B 2.0
00455 #set power supply
00455 PwrSetVoltage = 56 : NULL : WAIT = 0.1
00456 #test power supply
00456 NULL : MeterVolts = 5.6 | 0.155 | 0.1
00456 TEST: MeterVolts 5.6 +/- 0.155
00456 PASS: MeterVolts 5.473
00457 #test feedback
00457 NULL : Port_7B = 0 | 0.1 | 0.1
00457 TEST: Port_7B 0.0 +/- 0.1
00457 PASS: Port_7B 0.0
00458 NULL : Input_7B = 2 | 0.1 | 0.1
00458 TEST: Input_7B 2.0 +/- 0.1
00458 PASS: Input_7B 2.0
00459 
00459 #Finished with port
00459 #switch out input
00459 J2_08 = 0 : NULL : WAIT = 0.1
00460 
00460 #-----setup 39009-----
00460 #configure as Output Digital ON/OFF
00460 Command = 82, MODE1 = 0, MODE2 = 0, Enable_24VDC = 0, ADRaw = 0 : NULL : WAIT = 0.5
00461 Command = 83, MODE1A = 4, MODE1B = 4, MODE2A = 1, MODE2B = 1, MODE3A = 4, MODE3B = 4, MODE4A = 1, MODE4B = 1, MODE5A = 4, MODE5B = 4, MODE6A = 1, MODE6B = 1, MODE7A = 4, MODE7B = 4 : NULL : WAIT = 0.5
00462 Command = 0, MODE1A = 0, MODE1B = 0, MODE2A = 0, MODE2B = 0, MODE3A = 0, MODE3B = 0, MODE4A = 0, MODE4B = 0, MODE5A = 0, MODE5B = 0, MODE6A = 0, MODE6B = 0, MODE7A = 0, MODE7B = 0 : NULL
00463 Command = 84, MODE8A = 1, MODE8B = 1, MODE9A = 4, MODE9B = 4, MODE10A = 1, MODE10B = 1, GLOBAL_KP = 255, GLOBAL_KI = 255 : NULL : WAIT = 0.5
00464 Command = 0, MODE8A = 0, MODE8B = 0, MODE9A = 0, MODE9B = 0, MODE10A = 0, MODE10B = 0, GLOBAL_KP = 0, GLOBAL_KI = 0 : NULL
00465 Command = 82, FaultReset = 1, SaveSettings = 1, Enable_DPLTx = 1, Enable_DPLF1 = 1, Enable_DPLF2 = 1 : NULL : WAIT = 0.5
00466 #clear multiplex
00466 Command = 0, FaultReset = 0, SaveSettings = 0, Enable_DPLTx = 0, Enable_DPLF1 = 0, Enable_DPLF2 = 0 : NULL
00467 #set power supply and wait
00467 PwrSetVoltage = 10 : NULL : WAIT = 0.1
00468 #test power supply
00468 NULL : MeterVolts = 1 | 0.155 | 0.1
00468 TEST: MeterVolts 1.0 +/- 0.155
00468 PASS: MeterVolts 1.023
00469 #switch input to load line
00469 J2_09 = 1 : NULL : WAIT = 0.1
00470 
00470 
00470 #Sweep of Port_9A from 1 to 5 in 0.5 increments
00470 
00470 #set power supply
00470 PwrSetVoltage = 10 : NULL : WAIT = 0.1
00471 #test power supply
00471 NULL : MeterVolts = 1 | 0.155 | 0.1
00471 TEST: MeterVolts 1.0 +/- 0.155
00471 PASS: MeterVolts 0.997
00472 #test feedback
00472 NULL : Port_9A = 1 | 0.155 | 0.1
00472 TEST: Port_9A 1.0 +/- 0.155
00472 PASS: Port_9A 0.983
00473 NULL : Input_9A = 0 | 0.1 | 0.1
00473 TEST: Input_9A 0.0 +/- 0.1
00473 PASS: Input_9A 0.0
00474 #set power supply
00474 PwrSetVoltage = 15 : NULL : WAIT = 0.1
00475 #test power supply
00475 NULL : MeterVolts = 1.5 | 0.155 | 0.1
00475 TEST: MeterVolts 1.5 +/- 0.155
00475 PASS: MeterVolts 1.511
00476 #test feedback
00476 NULL : Port_9A = 1.5 | 0.155 | 0.1
00476 TEST: Port_9A 1.5 +/- 0.155
00476 PASS: Port_9A 1.496
00477 NULL : Input_9A = 0 | 0.1 | 0.1
00477 TEST: Input_9A 0.0 +/- 0.1
00477 PASS: Input_9A 0.0
00478 #set power supply
00478 PwrSetVoltage = 20 : NULL : WAIT = 0.1
00479 #test power supply
00479 NULL : MeterVolts = 2.0 | 0.155 | 0.1
00479 TEST: MeterVolts 2.0 +/- 0.155
00479 PASS: MeterVolts 2.006
00480 #test feedback
00480 NULL : Port_9A = 2.0 | 0.155 | 0.1
00480 TEST: Port_9A 2.0 +/- 0.155
00480 PASS: Port_9A 1.992
00481 NULL : Input_9A = 0 | 0.1 | 0.1
00481 TEST: Input_9A 0.0 +/- 0.1
00481 PASS: Input_9A 0.0
00482 #set power supply
00482 PwrSetVoltage = 25 : NULL : WAIT = 0.1
00483 #test power supply
00483 NULL : MeterVolts = 2.5 | 0.155 | 0.1
00483 TEST: MeterVolts 2.5 +/- 0.155
00483 PASS: MeterVolts 2.504
00484 #test feedback
00484 NULL : Port_9A = 2.5 | 0.155 | 0.1
00484 TEST: Port_9A 2.5 +/- 0.155
00484 PASS: Port_9A 2.485
00485 NULL : Input_9A = 0 | 0.1 | 0.1
00485 TEST: Input_9A 0.0 +/- 0.1
00485 PASS: Input_9A 0.0
00486 #set power supply
00486 PwrSetVoltage = 30 : NULL : WAIT = 0.1
00487 #test power supply
00487 NULL : MeterVolts = 3.0 | 0.155 | 0.1
00487 TEST: MeterVolts 3.0 +/- 0.155
00487 PASS: MeterVolts 2.993
00488 #test feedback
00488 NULL : Port_9A = 3.0 | 0.155 | 0.1
00488 TEST: Port_9A 3.0 +/- 0.155
00488 PASS: Port_9A 2.976
00489 NULL : Input_9A = 0 | 0.1 | 0.1
00489 TEST: Input_9A 0.0 +/- 0.1
00489 PASS: Input_9A 0.0
00490 #set power supply
00490 PwrSetVoltage = 35 : NULL : WAIT = 0.1
00491 #test power supply
00491 NULL : MeterVolts = 3.5 | 0.155 | 0.1
00491 TEST: MeterVolts 3.5 +/- 0.155
00491 PASS: MeterVolts 3.49
00492 #test feedback
00492 NULL : Port_9A = 3.5 | 0.155 | 0.1
00492 TEST: Port_9A 3.5 +/- 0.155
00492 PASS: Port_9A 3.472
00493 NULL : Input_9A = 0 | 0.1 | 0.1
00493 TEST: Input_9A 0.0 +/- 0.1
00493 PASS: Input_9A 0.0
00494 #set power supply
00494 PwrSetVoltage = 40 : NULL : WAIT = 0.1
00495 #test power supply
00495 NULL : MeterVolts = 4.0 | 0.155 | 0.1
00495 TEST: MeterVolts 4.0 +/- 0.155
00495 PASS: MeterVolts 3.851
00496 #test feedback
00496 NULL : Port_9A = 4.0 | 0.155 | 0.1
00496 TEST: Port_9A 4.0 +/- 0.155
00496 PASS: Port_9A 3.971
00497 NULL : Input_9A = 0 | 0.1 | 0.1
00497 TEST: Input_9A 0.0 +/- 0.1
00497 PASS: Input_9A 0.0
00498 #set power supply
00498 PwrSetVoltage = 45 : NULL : WAIT = 0.1
00499 #test power supply
00499 NULL : MeterVolts = 4.5 | 0.155 | 0.1
00499 TEST: MeterVolts 4.5 +/- 0.155
00499 PASS: MeterVolts 4.48
00500 #test feedback
00500 NULL : Port_9A = 4.5 | 0.155 | 0.1
00500 TEST: Port_9A 4.5 +/- 0.155
00500 PASS: Port_9A 4.462
00501 NULL : Input_9A = 0 | 0.1 | 0.1
00501 TEST: Input_9A 0.0 +/- 0.1
00501 PASS: Input_9A 0.0
00502 #set power supply
00502 PwrSetVoltage = 50 : NULL : WAIT = 0.1
00503 #test power supply
00503 NULL : MeterVolts = 5.0 | 0.155 | 0.1
00503 TEST: MeterVolts 5.0 +/- 0.155
00503 PASS: MeterVolts 4.981
00504 #test feedback
00504 NULL : Port_9A = 5.0 | 0.155 | 0.1
00504 TEST: Port_9A 5.0 +/- 0.155
00504 PASS: Port_9A 4.96
00505 NULL : Input_9A = 0 | 0.1 | 0.1
00505 TEST: Input_9A 0.0 +/- 0.1
00505 PASS: Input_9A 0.0
00506 #set power supply
00506 PwrSetVoltage = 55 : NULL : WAIT = 0.1
00507 #test power supply
00507 NULL : MeterVolts = 5.5 | 0.155 | 0.1
00507 TEST: MeterVolts 5.5 +/- 0.155
00507 PASS: MeterVolts 5.473
00508 #test feedback
00508 NULL : Port_9A = 0 | 0.1 | 0.1
00508 TEST: Port_9A 0.0 +/- 0.1
00508 PASS: Port_9A 0.0
00509 NULL : Input_9A = 2 | 0.1 | 0.1
00509 TEST: Input_9A 2.0 +/- 0.1
00509 PASS: Input_9A 2.0
00510 #set power supply
00510 PwrSetVoltage = 56 : NULL : WAIT = 0.1
00511 #test power supply
00511 NULL : MeterVolts = 5.6 | 0.155 | 0.1
00511 TEST: MeterVolts 5.6 +/- 0.155
00511 PASS: MeterVolts 5.473
00512 #test feedback
00512 NULL : Port_9A = 0 | 0.1 | 0.1
00512 TEST: Port_9A 0.0 +/- 0.1
00512 PASS: Port_9A 0.0
00513 NULL : Input_9A = 2 | 0.1 | 0.1
00513 TEST: Input_9A 2.0 +/- 0.1
00513 PASS: Input_9A 2.0
00514 
00514 #Finished with port
00514 #switch out input
00514 J2_09 = 0 : NULL : WAIT = 0.1
00515 
00515 #-----setup 39009-----
00515 #configure as Output Digital ON/OFF
00515 Command = 82, MODE1 = 0, MODE2 = 0, Enable_24VDC = 0, ADRaw = 0 : NULL : WAIT = 0.5
00516 Command = 83, MODE1A = 4, MODE1B = 4, MODE2A = 1, MODE2B = 1, MODE3A = 4, MODE3B = 4, MODE4A = 1, MODE4B = 1, MODE5A = 4, MODE5B = 4, MODE6A = 1, MODE6B = 1, MODE7A = 4, MODE7B = 4 : NULL : WAIT = 0.5
00517 Command = 0, MODE1A = 0, MODE1B = 0, MODE2A = 0, MODE2B = 0, MODE3A = 0, MODE3B = 0, MODE4A = 0, MODE4B = 0, MODE5A = 0, MODE5B = 0, MODE6A = 0, MODE6B = 0, MODE7A = 0, MODE7B = 0 : NULL
00518 Command = 84, MODE8A = 1, MODE8B = 1, MODE9A = 4, MODE9B = 4, MODE10A = 1, MODE10B = 1, GLOBAL_KP = 255, GLOBAL_KI = 255 : NULL : WAIT = 0.5
00519 Command = 0, MODE8A = 0, MODE8B = 0, MODE9A = 0, MODE9B = 0, MODE10A = 0, MODE10B = 0, GLOBAL_KP = 0, GLOBAL_KI = 0 : NULL
00520 Command = 82, FaultReset = 1, SaveSettings = 1, Enable_DPLTx = 1, Enable_DPLF1 = 1, Enable_DPLF2 = 1 : NULL : WAIT = 0.5
00521 #clear multiplex
00521 Command = 0, FaultReset = 0, SaveSettings = 0, Enable_DPLTx = 0, Enable_DPLF1 = 0, Enable_DPLF2 = 0 : NULL
00522 #set power supply and wait
00522 PwrSetVoltage = 10 : NULL : WAIT = 0.1
00523 #test power supply
00523 NULL : MeterVolts = 1 | 0.155 | 0.1
00523 TEST: MeterVolts 1.0 +/- 0.155
00523 PASS: MeterVolts 1.003
00524 #switch input to load line
00524 J2_10 = 1 : NULL : WAIT = 0.1
00525 
00525 
00525 #Sweep of Port_9B from 1 to 5 in 0.5 increments
00525 
00525 #set power supply
00525 PwrSetVoltage = 10 : NULL : WAIT = 0.1
00526 #test power supply
00526 NULL : MeterVolts = 1 | 0.155 | 0.1
00526 TEST: MeterVolts 1.0 +/- 0.155
00526 PASS: MeterVolts 0.998
00527 #test feedback
00527 NULL : Port_9B = 1 | 0.155 | 0.1
00527 TEST: Port_9B 1.0 +/- 0.155
00527 PASS: Port_9B 0.984
00528 NULL : Input_9B = 0 | 0.1 | 0.1
00528 TEST: Input_9B 0.0 +/- 0.1
00528 PASS: Input_9B 0.0
00529 #set power supply
00529 PwrSetVoltage = 15 : NULL : WAIT = 0.1
00530 #test power supply
00530 NULL : MeterVolts = 1.5 | 0.155 | 0.1
00530 TEST: MeterVolts 1.5 +/- 0.155
00530 PASS: MeterVolts 1.51
00531 #test feedback
00531 NULL : Port_9B = 1.5 | 0.155 | 0.1
00531 TEST: Port_9B 1.5 +/- 0.155
00531 PASS: Port_9B 1.498
00532 NULL : Input_9B = 0 | 0.1 | 0.1
00532 TEST: Input_9B 0.0 +/- 0.1
00532 PASS: Input_9B 0.0
00533 #set power supply
00533 PwrSetVoltage = 20 : NULL : WAIT = 0.1
00534 #test power supply
00534 NULL : MeterVolts = 2.0 | 0.155 | 0.1
00534 TEST: MeterVolts 2.0 +/- 0.155
00534 PASS: MeterVolts 2.007
00535 #test feedback
00535 NULL : Port_9B = 2.0 | 0.155 | 0.1
00535 TEST: Port_9B 2.0 +/- 0.155
00535 PASS: Port_9B 1.994
00536 NULL : Input_9B = 0 | 0.1 | 0.1
00536 TEST: Input_9B 0.0 +/- 0.1
00536 PASS: Input_9B 0.0
00537 #set power supply
00537 PwrSetVoltage = 25 : NULL : WAIT = 0.1
00538 #test power supply
00538 NULL : MeterVolts = 2.5 | 0.155 | 0.1
00538 TEST: MeterVolts 2.5 +/- 0.155
00538 PASS: MeterVolts 2.504
00539 #test feedback
00539 NULL : Port_9B = 2.5 | 0.155 | 0.1
00539 TEST: Port_9B 2.5 +/- 0.155
00539 PASS: Port_9B 2.487
00540 NULL : Input_9B = 0 | 0.1 | 0.1
00540 TEST: Input_9B 0.0 +/- 0.1
00540 PASS: Input_9B 0.0
00541 #set power supply
00541 PwrSetVoltage = 30 : NULL : WAIT = 0.1
00542 #test power supply
00542 NULL : MeterVolts = 3.0 | 0.155 | 0.1
00542 TEST: MeterVolts 3.0 +/- 0.155
00542 PASS: MeterVolts 2.867
00543 #test feedback
00543 NULL : Port_9B = 3.0 | 0.155 | 0.1
00543 TEST: Port_9B 3.0 +/- 0.155
00543 PASS: Port_9B 2.978
00544 NULL : Input_9B = 0 | 0.1 | 0.1
00544 TEST: Input_9B 0.0 +/- 0.1
00544 PASS: Input_9B 0.0
00545 #set power supply
00545 PwrSetVoltage = 35 : NULL : WAIT = 0.1
00546 #test power supply
00546 NULL : MeterVolts = 3.5 | 0.155 | 0.1
00546 TEST: MeterVolts 3.5 +/- 0.155
00546 PASS: MeterVolts 3.416
00547 #test feedback
00547 NULL : Port_9B = 3.5 | 0.155 | 0.1
00547 TEST: Port_9B 3.5 +/- 0.155
00547 PASS: Port_9B 3.476
00548 NULL : Input_9B = 0 | 0.1 | 0.1
00548 TEST: Input_9B 0.0 +/- 0.1
00548 PASS: Input_9B 0.0
00549 #set power supply
00549 PwrSetVoltage = 40 : NULL : WAIT = 0.1
00550 #test power supply
00550 NULL : MeterVolts = 4.0 | 0.155 | 0.1
00550 TEST: MeterVolts 4.0 +/- 0.155
00550 PASS: MeterVolts 3.988
00551 #test feedback
00551 NULL : Port_9B = 4.0 | 0.155 | 0.1
00551 TEST: Port_9B 4.0 +/- 0.155
00551 PASS: Port_9B 3.97
00552 NULL : Input_9B = 0 | 0.1 | 0.1
00552 TEST: Input_9B 0.0 +/- 0.1
00552 PASS: Input_9B 0.0
00553 #set power supply
00553 PwrSetVoltage = 45 : NULL : WAIT = 0.1
00554 #test power supply
00554 NULL : MeterVolts = 4.5 | 0.155 | 0.1
00554 TEST: MeterVolts 4.5 +/- 0.155
00554 PASS: MeterVolts 4.481
00555 #test feedback
00555 NULL : Port_9B = 4.5 | 0.155 | 0.1
00555 TEST: Port_9B 4.5 +/- 0.155
00555 PASS: Port_9B 4.465
00556 NULL : Input_9B = 0 | 0.1 | 0.1
00556 TEST: Input_9B 0.0 +/- 0.1
00556 PASS: Input_9B 0.0
00557 #set power supply
00557 PwrSetVoltage = 50 : NULL : WAIT = 0.1
00558 #test power supply
00558 NULL : MeterVolts = 5.0 | 0.155 | 0.1
00558 TEST: MeterVolts 5.0 +/- 0.155
00558 PASS: MeterVolts 4.981
00559 #test feedback
00559 NULL : Port_9B = 5.0 | 0.155 | 0.1
00559 TEST: Port_9B 5.0 +/- 0.155
00559 PASS: Port_9B 4.962
00560 NULL : Input_9B = 0 | 0.1 | 0.1
00560 TEST: Input_9B 0.0 +/- 0.1
00560 PASS: Input_9B 0.0
00561 #set power supply
00561 PwrSetVoltage = 55 : NULL : WAIT = 0.1
00562 #test power supply
00562 NULL : MeterVolts = 5.5 | 0.155 | 0.1
00562 TEST: MeterVolts 5.5 +/- 0.155
00562 PASS: MeterVolts 5.372
00563 #test feedback
00563 NULL : Port_9B = 0 | 0.1 | 0.1
00563 TEST: Port_9B 0.0 +/- 0.1
00563 PASS: Port_9B 0.0
00564 NULL : Input_9B = 2 | 0.1 | 0.1
00564 TEST: Input_9B 2.0 +/- 0.1
00564 PASS: Input_9B 2.0
00565 #set power supply
00565 PwrSetVoltage = 56 : NULL : WAIT = 0.1
00566 #test power supply
00566 NULL : MeterVolts = 5.6 | 0.155 | 0.1
00566 TEST: MeterVolts 5.6 +/- 0.155
00566 PASS: MeterVolts 5.473
00567 #test feedback
00567 NULL : Port_9B = 0 | 0.1 | 0.1
00567 TEST: Port_9B 0.0 +/- 0.1
00567 PASS: Port_9B 0.0
00568 NULL : Input_9B = 2 | 0.1 | 0.1
00568 TEST: Input_9B 2.0 +/- 0.1
00568 PASS: Input_9B 2.0
00569 
00569 #Finished with port
00569 #switch out input
00569 J2_10 = 0 : NULL : WAIT = 0.1
00570 
00570 
00570 #Finished with mode
00570 #cycle IGN to clean slate
00570 RLY_K1 = 1 : NULL : WAIT = 1
00571 RLY_K1 = 0 : NULL : WAIT = 1
00572 #-----setup 39009-----
00572 #configure as Output Digital ON/OFF
00572 Command = 82, MODE1 = 0, MODE2 = 0, Enable_24VDC = 0, ADRaw = 0 : NULL : WAIT = 0.5
00573 Command = 83, MODE1A = 6, MODE1B = 6, MODE2A = 1, MODE2B = 1, MODE3A = 6, MODE3B = 6, MODE4A = 1, MODE4B = 1, MODE5A = 6, MODE5B = 6, MODE6A = 1, MODE6B = 1, MODE7A = 6, MODE7B = 6 : NULL : WAIT = 0.5
00574 Command = 0, MODE1A = 0, MODE1B = 0, MODE2A = 0, MODE2B = 0, MODE3A = 0, MODE3B = 0, MODE4A = 0, MODE4B = 0, MODE5A = 0, MODE5B = 0, MODE6A = 0, MODE6B = 0, MODE7A = 0, MODE7B = 0 : NULL
00575 Command = 84, MODE8A = 1, MODE8B = 1, MODE9A = 6, MODE9B = 6, MODE10A = 1, MODE10B = 1, GLOBAL_KP = 255, GLOBAL_KI = 255 : NULL : WAIT = 0.5
00576 Command = 0, MODE8A = 0, MODE8B = 0, MODE9A = 0, MODE9B = 0, MODE10A = 0, MODE10B = 0, GLOBAL_KP = 0, GLOBAL_KI = 0 : NULL
00577 Command = 82, FaultReset = 1, SaveSettings = 1, Enable_DPLTx = 1, Enable_DPLF1 = 1, Enable_DPLF2 = 1 : NULL : WAIT = 0.5
00578 #clear multiplex
00578 Command = 0, FaultReset = 0, SaveSettings = 0, Enable_DPLTx = 0, Enable_DPLF1 = 0, Enable_DPLF2 = 0 : NULL
00579 #set power supply and wait
00579 PwrSetVoltage = 10 : NULL : WAIT = 0.1
00580 #test power supply
00580 NULL : MeterVolts = 1 | 0.155 | 0.1
00580 TEST: MeterVolts 1.0 +/- 0.155
00580 PASS: MeterVolts 1.028
00581 #switch input to load line
00581 J2_01 = 1 : NULL : WAIT = 0.1
00582 
00582 
00582 #Sweep of Port_1A from 1 to 32 in 0.5 increments
00582 
00582 #set power supply
00582 PwrSetVoltage = 10 : NULL : WAIT = 0.1
00583 #test power supply
00583 NULL : MeterVolts = 1 | 0.155 | 0.1
00583 TEST: MeterVolts 1.0 +/- 0.155
00583 PASS: MeterVolts 0.998
00584 #test feedback
00584 NULL : Port_1A = 1 | 0.155 | 0.1
00584 TEST: Port_1A 1.0 +/- 0.155
00584 PASS: Port_1A 0.981
00585 NULL : Input_1A = 0 | 0.1 | 0.1
00585 TEST: Input_1A 0.0 +/- 0.1
00585 PASS: Input_1A 0.0
00586 #set power supply
00586 PwrSetVoltage = 15 : NULL : WAIT = 0.1
00587 #test power supply
00587 NULL : MeterVolts = 1.5 | 0.155 | 0.1
00587 TEST: MeterVolts 1.5 +/- 0.155
00587 PASS: MeterVolts 1.51
00588 #test feedback
00588 NULL : Port_1A = 1.5 | 0.155 | 0.1
00588 TEST: Port_1A 1.5 +/- 0.155
00588 PASS: Port_1A 1.484
00589 NULL : Input_1A = 0 | 0.1 | 0.1
00589 TEST: Input_1A 0.0 +/- 0.1
00589 PASS: Input_1A 0.0
00590 #set power supply
00590 PwrSetVoltage = 20 : NULL : WAIT = 0.1
00591 #test power supply
00591 NULL : MeterVolts = 2.0 | 0.155 | 0.1
00591 TEST: MeterVolts 2.0 +/- 0.155
00591 PASS: MeterVolts 2.007
00592 #test feedback
00592 NULL : Port_1A = 2.0 | 0.155 | 0.1
00592 TEST: Port_1A 2.0 +/- 0.155
00592 PASS: Port_1A 1.971
00593 NULL : Input_1A = 0 | 0.1 | 0.1
00593 TEST: Input_1A 0.0 +/- 0.1
00593 PASS: Input_1A 0.0
00594 #set power supply
00594 PwrSetVoltage = 25 : NULL : WAIT = 0.1
00595 #test power supply
00595 NULL : MeterVolts = 2.5 | 0.155 | 0.1
00595 TEST: MeterVolts 2.5 +/- 0.155
00595 PASS: MeterVolts 2.505
00596 #test feedback
00596 NULL : Port_1A = 2.5 | 0.155 | 0.1
00596 TEST: Port_1A 2.5 +/- 0.155
00596 PASS: Port_1A 2.482
00597 NULL : Input_1A = 0 | 0.1 | 0.1
00597 TEST: Input_1A 0.0 +/- 0.1
00597 PASS: Input_1A 0.0
00598 #set power supply
00598 PwrSetVoltage = 30 : NULL : WAIT = 0.1
00599 #test power supply
00599 NULL : MeterVolts = 3.0 | 0.155 | 0.1
00599 TEST: MeterVolts 3.0 +/- 0.155
00599 PASS: MeterVolts 2.993
00600 #test feedback
00600 NULL : Port_1A = 3.0 | 0.155 | 0.1
00600 TEST: Port_1A 3.0 +/- 0.155
00600 PASS: Port_1A 2.96
00601 NULL : Input_1A = 0 | 0.1 | 0.1
00601 TEST: Input_1A 0.0 +/- 0.1
00601 PASS: Input_1A 0.0
00602 #set power supply
00602 PwrSetVoltage = 35 : NULL : WAIT = 0.1
00603 #test power supply
00603 NULL : MeterVolts = 3.5 | 0.155 | 0.1
00603 TEST: MeterVolts 3.5 +/- 0.155
00603 PASS: MeterVolts 3.49
00604 #test feedback
00604 NULL : Port_1A = 3.5 | 0.155 | 0.1
00604 TEST: Port_1A 3.5 +/- 0.155
00604 PASS: Port_1A 3.455
00605 NULL : Input_1A = 0 | 0.1 | 0.1
00605 TEST: Input_1A 0.0 +/- 0.1
00605 PASS: Input_1A 0.0
00606 #set power supply
00606 PwrSetVoltage = 40 : NULL : WAIT = 0.1
00607 #test power supply
00607 NULL : MeterVolts = 4.0 | 0.155 | 0.1
00607 TEST: MeterVolts 4.0 +/- 0.155
00607 PASS: MeterVolts 3.855
00608 #test feedback
00608 NULL : Port_1A = 4.0 | 0.155 | 0.1
00608 TEST: Port_1A 4.0 +/- 0.155
00608 PASS: Port_1A 3.942
00609 NULL : Input_1A = 0 | 0.1 | 0.1
00609 TEST: Input_1A 0.0 +/- 0.1
00609 PASS: Input_1A 0.0
00610 #set power supply
00610 PwrSetVoltage = 45 : NULL : WAIT = 0.1
00611 #test power supply
00611 NULL : MeterVolts = 4.5 | 0.155 | 0.1
00611 TEST: MeterVolts 4.5 +/- 0.155
00611 PASS: MeterVolts 4.403
00612 #test feedback
00612 NULL : Port_1A = 4.5 | 0.155 | 0.1
00612 TEST: Port_1A 4.5 +/- 0.155
00612 PASS: Port_1A 4.453
00613 NULL : Input_1A = 0 | 0.1 | 0.1
00613 TEST: Input_1A 0.0 +/- 0.1
00613 PASS: Input_1A 0.0
00614 #set power supply
00614 PwrSetVoltage = 50 : NULL : WAIT = 0.1
00615 #test power supply
00615 NULL : MeterVolts = 5.0 | 0.155 | 0.1
00615 TEST: MeterVolts 5.0 +/- 0.155
00615 PASS: MeterVolts 4.959
00616 #test feedback
00616 NULL : Port_1A = 5.0 | 0.155 | 0.1
00616 TEST: Port_1A 5.0 +/- 0.155
00616 PASS: Port_1A 4.94
00617 NULL : Input_1A = 0 | 0.1 | 0.1
00617 TEST: Input_1A 0.0 +/- 0.1
00617 PASS: Input_1A 0.0
00618 #set power supply
00618 PwrSetVoltage = 55 : NULL : WAIT = 0.1
00619 #test power supply
00619 NULL : MeterVolts = 5.5 | 0.155 | 0.1
00619 TEST: MeterVolts 5.5 +/- 0.155
00619 PASS: MeterVolts 5.473
00620 #test feedback
00620 NULL : Port_1A = 5.5 | 0.155 | 0.1
00620 TEST: Port_1A 5.5 +/- 0.155
00620 PASS: Port_1A 5.435
00621 NULL : Input_1A = 0 | 0.1 | 0.1
00621 TEST: Input_1A 0.0 +/- 0.1
00621 PASS: Input_1A 0.0
00622 #set power supply
00622 PwrSetVoltage = 60 : NULL : WAIT = 0.1
00623 #test power supply
00623 NULL : MeterVolts = 6.0 | 0.155 | 0.1
00623 TEST: MeterVolts 6.0 +/- 0.155
00623 PASS: MeterVolts 5.971
00624 #test feedback
00624 NULL : Port_1A = 6.0 | 0.155 | 0.1
00624 TEST: Port_1A 6.0 +/- 0.155
00624 PASS: Port_1A 5.929
00625 NULL : Input_1A = 0 | 0.1 | 0.1
00625 TEST: Input_1A 0.0 +/- 0.1
00625 PASS: Input_1A 0.0
00626 #set power supply
00626 PwrSetVoltage = 65 : NULL : WAIT = 0.1
00627 #test power supply
00627 NULL : MeterVolts = 6.5 | 0.155 | 0.1
00627 TEST: MeterVolts 6.5 +/- 0.155
00627 PASS: MeterVolts 6.472
00628 #test feedback
00628 NULL : Port_1A = 6.5 | 0.155 | 0.1
00628 TEST: Port_1A 6.5 +/- 0.155
00628 PASS: Port_1A 6.432
00629 NULL : Input_1A = 0 | 0.1 | 0.1
00629 TEST: Input_1A 0.0 +/- 0.1
00629 PASS: Input_1A 0.0
00630 #set power supply
00630 PwrSetVoltage = 70 : NULL : WAIT = 0.1
00631 #test power supply
00631 NULL : MeterVolts = 7.0 | 0.155 | 0.1
00631 TEST: MeterVolts 7.0 +/- 0.155
00631 PASS: MeterVolts 6.969
00632 #test feedback
00632 NULL : Port_1A = 7.0 | 0.155 | 0.1
00632 TEST: Port_1A 7.0 +/- 0.155
00632 PASS: Port_1A 6.927
00633 NULL : Input_1A = 0 | 0.1 | 0.1
00633 TEST: Input_1A 0.0 +/- 0.1
00633 PASS: Input_1A 0.0
00634 #set power supply
00634 PwrSetVoltage = 75 : NULL : WAIT = 0.1
00635 #test power supply
00635 NULL : MeterVolts = 7.5 | 0.155 | 0.1
00635 TEST: MeterVolts 7.5 +/- 0.155
00635 PASS: MeterVolts 7.365
00636 #test feedback
00636 NULL : Port_1A = 7.5 | 0.155 | 0.1
00636 TEST: Port_1A 7.5 +/- 0.155
00636 PASS: Port_1A 7.43
00637 NULL : Input_1A = 0 | 0.1 | 0.1
00637 TEST: Input_1A 0.0 +/- 0.1
00637 PASS: Input_1A 0.0
00638 #set power supply
00638 PwrSetVoltage = 80 : NULL : WAIT = 0.1
00639 #test power supply
00639 NULL : MeterVolts = 8.0 | 0.155 | 0.1
00639 TEST: MeterVolts 8.0 +/- 0.155
00639 PASS: MeterVolts 7.976
00640 #test feedback
00640 NULL : Port_1A = 8.0 | 0.155 | 0.1
00640 TEST: Port_1A 8.0 +/- 0.155
00640 PASS: Port_1A 7.933
00641 NULL : Input_1A = 0 | 0.1 | 0.1
00641 TEST: Input_1A 0.0 +/- 0.1
00641 PASS: Input_1A 0.0
00642 #set power supply
00642 PwrSetVoltage = 85 : NULL : WAIT = 0.1
00643 #test power supply
00643 NULL : MeterVolts = 8.5 | 0.155 | 0.1
00643 TEST: MeterVolts 8.5 +/- 0.155
00643 PASS: MeterVolts 8.466
00644 #test feedback
00644 NULL : Port_1A = 8.5 | 0.155 | 0.1
00644 TEST: Port_1A 8.5 +/- 0.155
00644 PASS: Port_1A 8.42
00645 NULL : Input_1A = 0 | 0.1 | 0.1
00645 TEST: Input_1A 0.0 +/- 0.1
00645 PASS: Input_1A 0.0
00646 #set power supply
00646 PwrSetVoltage = 90 : NULL : WAIT = 0.1
00647 #test power supply
00647 NULL : MeterVolts = 9.0 | 0.155 | 0.1
00647 TEST: MeterVolts 9.0 +/- 0.155
00647 PASS: MeterVolts 8.965
00648 #test feedback
00648 NULL : Port_1A = 9.0 | 0.155 | 0.1
00648 TEST: Port_1A 9.0 +/- 0.155
00648 PASS: Port_1A 8.915
00649 NULL : Input_1A = 0 | 0.1 | 0.1
00649 TEST: Input_1A 0.0 +/- 0.1
00649 PASS: Input_1A 0.0
00650 #set power supply
00650 PwrSetVoltage = 95 : NULL : WAIT = 0.1
00651 #test power supply
00651 NULL : MeterVolts = 9.5 | 0.155 | 0.1
00651 TEST: MeterVolts 9.5 +/- 0.155
00651 PASS: MeterVolts 9.458
00652 #test feedback
00652 NULL : Port_1A = 9.5 | 0.155 | 0.1
00652 TEST: Port_1A 9.5 +/- 0.155
00652 PASS: Port_1A 9.41
00653 NULL : Input_1A = 0 | 0.1 | 0.1
00653 TEST: Input_1A 0.0 +/- 0.1
00653 PASS: Input_1A 0.0
00654 #set power supply
00654 PwrSetVoltage = 100 : NULL : WAIT = 0.1
00655 #test power supply
00655 NULL : MeterVolts = 10.0 | 0.155 | 0.1
00655 TEST: MeterVolts 10.0 +/- 0.155
00655 PASS: MeterVolts 9.959
00656 #test feedback
00656 NULL : Port_1A = 10.0 | 0.155 | 0.1
00656 TEST: Port_1A 10.0 +/- 0.155
00656 PASS: Port_1A 9.904
00657 NULL : Input_1A = 0 | 0.1 | 0.1
00657 TEST: Input_1A 0.0 +/- 0.1
00657 PASS: Input_1A 0.0
00658 #set power supply
00658 PwrSetVoltage = 105 : NULL : WAIT = 0.1
00659 #test power supply
00659 NULL : MeterVolts = 10.5 | 0.155 | 0.1
00659 TEST: MeterVolts 10.5 +/- 0.155
00659 PASS: MeterVolts 10.46
00660 #test feedback
00660 NULL : Port_1A = 10.5 | 0.155 | 0.1
00660 TEST: Port_1A 10.5 +/- 0.155
00660 PASS: Port_1A 10.399
00661 NULL : Input_1A = 0 | 0.1 | 0.1
00661 TEST: Input_1A 0.0 +/- 0.1
00661 PASS: Input_1A 0.0
00662 #set power supply
00662 PwrSetVoltage = 110 : NULL : WAIT = 0.1
00663 #test power supply
00663 NULL : MeterVolts = 11.0 | 0.155 | 0.1
00663 TEST: MeterVolts 11.0 +/- 0.155
00663 PASS: MeterVolts 10.951
00664 #test feedback
00664 NULL : Port_1A = 11.0 | 0.155 | 0.1
00664 TEST: Port_1A 11.0 +/- 0.155
00664 PASS: Port_1A 10.894
00665 NULL : Input_1A = 0 | 0.1 | 0.1
00665 TEST: Input_1A 0.0 +/- 0.1
00665 PASS: Input_1A 0.0
00666 #set power supply
00666 PwrSetVoltage = 115 : NULL : WAIT = 0.1
00667 #test power supply
00667 NULL : MeterVolts = 11.5 | 0.155 | 0.1
00667 TEST: MeterVolts 11.5 +/- 0.155
00667 PASS: MeterVolts 11.366
00668 #test feedback
00668 NULL : Port_1A = 11.5 | 0.155 | 0.1
00668 TEST: Port_1A 11.5 +/- 0.155
00668 PASS: Port_1A 11.389
00669 NULL : Input_1A = 0 | 0.1 | 0.1
00669 TEST: Input_1A 0.0 +/- 0.1
00669 PASS: Input_1A 0.0
00670 #set power supply
00670 PwrSetVoltage = 120 : NULL : WAIT = 0.1
00671 #test power supply
00671 NULL : MeterVolts = 12.0 | 0.155 | 0.1
00671 TEST: MeterVolts 12.0 +/- 0.155
00671 PASS: MeterVolts 11.902
00672 #test feedback
00672 NULL : Port_1A = 12.0 | 0.155 | 0.1
00672 TEST: Port_1A 12.0 +/- 0.155
00672 PASS: Port_1A 11.884
00673 NULL : Input_1A = 0 | 0.1 | 0.1
00673 TEST: Input_1A 0.0 +/- 0.1
00673 PASS: Input_1A 0.0
00674 #set power supply
00674 PwrSetVoltage = 125 : NULL : WAIT = 0.1
00675 #test power supply
00675 NULL : MeterVolts = 12.5 | 0.155 | 0.1
00675 TEST: MeterVolts 12.5 +/- 0.155
00675 PASS: MeterVolts 12.411
00676 #test feedback
00676 NULL : Port_1A = 12.5 | 0.155 | 0.1
00676 TEST: Port_1A 12.5 +/- 0.155
00676 PASS: Port_1A 12.379
00677 NULL : Input_1A = 0 | 0.1 | 0.1
00677 TEST: Input_1A 0.0 +/- 0.1
00677 PASS: Input_1A 0.0
00678 #set power supply
00678 PwrSetVoltage = 130 : NULL : WAIT = 0.1
00679 #test power supply
00679 NULL : MeterVolts = 13.0 | 0.155 | 0.1
00679 TEST: MeterVolts 13.0 +/- 0.155
00679 PASS: MeterVolts 12.948
00680 #test feedback
00680 NULL : Port_1A = 13.0 | 0.155 | 0.1
00680 TEST: Port_1A 13.0 +/- 0.155
00680 PASS: Port_1A 12.89
00681 NULL : Input_1A = 0 | 0.1 | 0.1
00681 TEST: Input_1A 0.0 +/- 0.1
00681 PASS: Input_1A 0.0
00682 #set power supply
00682 PwrSetVoltage = 135 : NULL : WAIT = 0.1
00683 #test power supply
00683 NULL : MeterVolts = 13.5 | 0.155 | 0.1
00683 TEST: MeterVolts 13.5 +/- 0.155
00683 PASS: MeterVolts 13.44
00684 #test feedback
00684 NULL : Port_1A = 13.5 | 0.155 | 0.1
00684 TEST: Port_1A 13.5 +/- 0.155
00684 PASS: Port_1A 13.376
00685 NULL : Input_1A = 0 | 0.1 | 0.1
00685 TEST: Input_1A 0.0 +/- 0.1
00685 PASS: Input_1A 0.0
00686 #set power supply
00686 PwrSetVoltage = 140 : NULL : WAIT = 0.1
00687 #test power supply
00687 NULL : MeterVolts = 14.0 | 0.155 | 0.1
00687 TEST: MeterVolts 14.0 +/- 0.155
00687 PASS: MeterVolts 13.942
00688 #test feedback
00688 NULL : Port_1A = 14.0 | 0.155 | 0.1
00688 TEST: Port_1A 14.0 +/- 0.155
00688 PASS: Port_1A 13.879
00689 NULL : Input_1A = 0 | 0.1 | 0.1
00689 TEST: Input_1A 0.0 +/- 0.1
00689 PASS: Input_1A 0.0
00690 #set power supply
00690 PwrSetVoltage = 145 : NULL : WAIT = 0.1
00691 #test power supply
00691 NULL : MeterVolts = 14.5 | 0.155 | 0.1
00691 TEST: MeterVolts 14.5 +/- 0.155
00691 PASS: MeterVolts 14.437
00692 #test feedback
00692 NULL : Port_1A = 14.5 | 0.155 | 0.1
00692 TEST: Port_1A 14.5 +/- 0.155
00692 PASS: Port_1A 14.366
00693 NULL : Input_1A = 0 | 0.1 | 0.1
00693 TEST: Input_1A 0.0 +/- 0.1
00693 PASS: Input_1A 0.0
00694 #set power supply
00694 PwrSetVoltage = 150 : NULL : WAIT = 0.1
00695 #test power supply
00695 NULL : MeterVolts = 15.0 | 0.155 | 0.1
00695 TEST: MeterVolts 15.0 +/- 0.155
00695 PASS: MeterVolts 14.931
00696 #test feedback
00696 NULL : Port_1A = 15.0 | 0.155 | 0.1
00696 TEST: Port_1A 15.0 +/- 0.155
00696 PASS: Port_1A 14.861
00697 NULL : Input_1A = 0 | 0.1 | 0.1
00697 TEST: Input_1A 0.0 +/- 0.1
00697 PASS: Input_1A 0.0
00698 #set power supply
00698 PwrSetVoltage = 155 : NULL : WAIT = 0.1
00699 #test power supply
00699 NULL : MeterVolts = 15.5 | 0.155 | 0.1
00699 TEST: MeterVolts 15.5 +/- 0.155
00699 PASS: MeterVolts 15.422
00700 #test feedback
00700 NULL : Port_1A = 15.5 | 0.155 | 0.1
00700 TEST: Port_1A 15.5 +/- 0.155
00700 PASS: Port_1A 15.348
00701 NULL : Input_1A = 0 | 0.1 | 0.1
00701 TEST: Input_1A 0.0 +/- 0.1
00701 PASS: Input_1A 0.0
00702 #set power supply
00702 PwrSetVoltage = 160 : NULL : WAIT = 0.1
00703 #test power supply
00703 NULL : MeterVolts = 16.0 | 0.155 | 0.1
00703 TEST: MeterVolts 16.0 +/- 0.155
00703 PASS: MeterVolts 15.911
00704 #test feedback
00704 NULL : Port_1A = 16.0 | 0.155 | 0.1
00704 TEST: Port_1A 16.0 +/- 0.155
00704 PASS: Port_1A 15.875
00705 NULL : Input_1A = 0 | 0.1 | 0.1
00705 TEST: Input_1A 0.0 +/- 0.1
00705 PASS: Input_1A 0.0
00706 #set power supply
00706 PwrSetVoltage = 165 : NULL : WAIT = 0.1
00707 #test power supply
00707 NULL : MeterVolts = 16.5 | 0.155 | 0.1
00707 TEST: MeterVolts 16.5 +/- 0.155
00707 PASS: MeterVolts 16.456
00708 #test feedback
00708 NULL : Port_1A = 16.5 | 0.155 | 0.1
00708 TEST: Port_1A 16.5 +/- 0.155
00708 PASS: Port_1A 16.386
00709 NULL : Input_1A = 0 | 0.1 | 0.1
00709 TEST: Input_1A 0.0 +/- 0.1
00709 PASS: Input_1A 0.0
00710 #set power supply
00710 PwrSetVoltage = 170 : NULL : WAIT = 0.1
00711 #test power supply
00711 NULL : MeterVolts = 17.0 | 0.155 | 0.1
00711 TEST: MeterVolts 17.0 +/- 0.155
00711 PASS: MeterVolts 16.956
00712 #test feedback
00712 NULL : Port_1A = 17.0 | 0.155 | 0.1
00712 TEST: Port_1A 17.0 +/- 0.155
00712 PASS: Port_1A 16.881
00713 NULL : Input_1A = 0 | 0.1 | 0.1
00713 TEST: Input_1A 0.0 +/- 0.1
00713 PASS: Input_1A 0.0
00714 #set power supply
00714 PwrSetVoltage = 175 : NULL : WAIT = 0.1
00715 #test power supply
00715 NULL : MeterVolts = 17.5 | 0.155 | 0.1
00715 TEST: MeterVolts 17.5 +/- 0.155
00715 PASS: MeterVolts 17.458
00716 #test feedback
00716 NULL : Port_1A = 17.5 | 0.155 | 0.1
00716 TEST: Port_1A 17.5 +/- 0.155
00716 PASS: Port_1A 17.384
00717 NULL : Input_1A = 0 | 0.1 | 0.1
00717 TEST: Input_1A 0.0 +/- 0.1
00717 PASS: Input_1A 0.0
00718 #set power supply
00718 PwrSetVoltage = 180 : NULL : WAIT = 0.1
00719 #test power supply
00719 NULL : MeterVolts = 18.0 | 0.155 | 0.1
00719 TEST: MeterVolts 18.0 +/- 0.155
00719 PASS: MeterVolts 17.958
00720 #test feedback
00720 NULL : Port_1A = 18.0 | 0.155 | 0.1
00720 TEST: Port_1A 18.0 +/- 0.155
00720 PASS: Port_1A 17.87
00721 NULL : Input_1A = 0 | 0.1 | 0.1
00721 TEST: Input_1A 0.0 +/- 0.1
00721 PASS: Input_1A 0.0
00722 #set power supply
00722 PwrSetVoltage = 185 : NULL : WAIT = 0.1
00723 #test power supply
00723 NULL : MeterVolts = 18.5 | 0.155 | 0.1
00723 TEST: MeterVolts 18.5 +/- 0.155
00723 PASS: MeterVolts 18.45
00724 #test feedback
00724 NULL : Port_1A = 18.5 | 0.155 | 0.1
00724 TEST: Port_1A 18.5 +/- 0.155
00724 PASS: Port_1A 18.373
00725 NULL : Input_1A = 0 | 0.1 | 0.1
00725 TEST: Input_1A 0.0 +/- 0.1
00725 PASS: Input_1A 0.0
00726 #set power supply
00726 PwrSetVoltage = 190 : NULL : WAIT = 0.1
00727 #test power supply
00727 NULL : MeterVolts = 19.0 | 0.155 | 0.1
00727 TEST: MeterVolts 19.0 +/- 0.155
00727 PASS: MeterVolts 18.95
00728 #test feedback
00728 NULL : Port_1A = 19.0 | 0.155 | 0.1
00728 TEST: Port_1A 19.0 +/- 0.155
00728 PASS: Port_1A 18.868
00729 NULL : Input_1A = 0 | 0.1 | 0.1
00729 TEST: Input_1A 0.0 +/- 0.1
00729 PASS: Input_1A 0.0
00730 #set power supply
00730 PwrSetVoltage = 195 : NULL : WAIT = 0.1
00731 #test power supply
00731 NULL : MeterVolts = 19.5 | 0.155 | 0.1
00731 TEST: MeterVolts 19.5 +/- 0.155
00731 PASS: MeterVolts 19.45
00732 #test feedback
00732 NULL : Port_1A = 19.5 | 0.155 | 0.1
00732 TEST: Port_1A 19.5 +/- 0.155
00732 PASS: Port_1A 19.371
00733 NULL : Input_1A = 0 | 0.1 | 0.1
00733 TEST: Input_1A 0.0 +/- 0.1
00733 PASS: Input_1A 0.0
00734 #set power supply
00734 PwrSetVoltage = 200 : NULL : WAIT = 0.1
00735 #test power supply
00735 NULL : MeterVolts = 20.0 | 0.155 | 0.1
00735 TEST: MeterVolts 20.0 +/- 0.155
00735 PASS: MeterVolts 19.944
00736 #test feedback
00736 NULL : Port_1A = 20.0 | 0.155 | 0.1
00736 TEST: Port_1A 20.0 +/- 0.155
00736 PASS: Port_1A 19.858
00737 NULL : Input_1A = 0 | 0.1 | 0.1
00737 TEST: Input_1A 0.0 +/- 0.1
00737 PASS: Input_1A 0.0
00738 #set power supply
00738 PwrSetVoltage = 205 : NULL : WAIT = 0.1
00739 #test power supply
00739 NULL : MeterVolts = 20.5 | 0.155 | 0.1
00739 TEST: MeterVolts 20.5 +/- 0.155
00739 PASS: MeterVolts 20.443
00740 #test feedback
00740 NULL : Port_1A = 20.5 | 0.155 | 0.1
00740 TEST: Port_1A 20.5 +/- 0.155
00740 PASS: Port_1A 20.353
00741 NULL : Input_1A = 0 | 0.1 | 0.1
00741 TEST: Input_1A 0.0 +/- 0.1
00741 PASS: Input_1A 0.0
00742 #set power supply
00742 PwrSetVoltage = 210 : NULL : WAIT = 0.1
00743 #test power supply
00743 NULL : MeterVolts = 21.0 | 0.155 | 0.1
00743 TEST: MeterVolts 21.0 +/- 0.155
00743 PASS: MeterVolts 20.846
00744 #test feedback
00744 NULL : Port_1A = 21.0 | 0.155 | 0.1
00744 TEST: Port_1A 21.0 +/- 0.155
00744 PASS: Port_1A 20.848
00745 NULL : Input_1A = 0 | 0.1 | 0.1
00745 TEST: Input_1A 0.0 +/- 0.1
00745 PASS: Input_1A 0.0
00746 #set power supply
00746 PwrSetVoltage = 215 : NULL : WAIT = 0.1
00747 #test power supply
00747 NULL : MeterVolts = 21.5 | 0.155 | 0.1
00747 TEST: MeterVolts 21.5 +/- 0.155
00747 PASS: MeterVolts 21.431
00748 #test feedback
00748 NULL : Port_1A = 21.5 | 0.155 | 0.1
00748 TEST: Port_1A 21.5 +/- 0.155
00748 PASS: Port_1A 21.35
00749 NULL : Input_1A = 0 | 0.1 | 0.1
00749 TEST: Input_1A 0.0 +/- 0.1
00749 PASS: Input_1A 0.0
00750 #set power supply
00750 PwrSetVoltage = 220 : NULL : WAIT = 0.1
00751 #test power supply
00751 NULL : MeterVolts = 22.0 | 0.155 | 0.1
00751 TEST: MeterVolts 22.0 +/- 0.155
00751 PASS: MeterVolts 21.931
00752 #test feedback
00752 NULL : Port_1A = 22.0 | 0.155 | 0.1
00752 TEST: Port_1A 22.0 +/- 0.155
00752 PASS: Port_1A 21.845
00753 NULL : Input_1A = 0 | 0.1 | 0.1
00753 TEST: Input_1A 0.0 +/- 0.1
00753 PASS: Input_1A 0.0
00754 #set power supply
00754 PwrSetVoltage = 225 : NULL : WAIT = 0.1
00755 #test power supply
00755 NULL : MeterVolts = 22.5 | 0.155 | 0.1
00755 TEST: MeterVolts 22.5 +/- 0.155
00755 PASS: MeterVolts 22.423
00756 #test feedback
00756 NULL : Port_1A = 22.5 | 0.155 | 0.1
00756 TEST: Port_1A 22.5 +/- 0.155
00756 FAIL: Port_1A 22.332
00757 NULL : Input_1A = 0 | 0.1 | 0.1
00757 TEST: Input_1A 0.0 +/- 0.1
00757 PASS: Input_1A 0.0
00758 #set power supply
00758 PwrSetVoltage = 230 : NULL : WAIT = 0.1
00759 #test power supply
00759 NULL : MeterVolts = 23.0 | 0.155 | 0.1
00759 TEST: MeterVolts 23.0 +/- 0.155
00759 PASS: MeterVolts 22.921
00760 #test feedback
00760 NULL : Port_1A = 23.0 | 0.155 | 0.1
00760 TEST: Port_1A 23.0 +/- 0.155
00760 FAIL: Port_1A 22.835
00761 NULL : Input_1A = 0 | 0.1 | 0.1
00761 TEST: Input_1A 0.0 +/- 0.1
00761 PASS: Input_1A 0.0
00762 #set power supply
00762 PwrSetVoltage = 235 : NULL : WAIT = 0.1
00763 #test power supply
00763 NULL : MeterVolts = 23.5 | 0.155 | 0.1
00763 TEST: MeterVolts 23.5 +/- 0.155
00763 PASS: MeterVolts 23.412
00764 #test feedback
00764 NULL : Port_1A = 23.5 | 0.155 | 0.1
00764 TEST: Port_1A 23.5 +/- 0.155
00764 FAIL: Port_1A 23.322
00765 NULL : Input_1A = 0 | 0.1 | 0.1
00765 TEST: Input_1A 0.0 +/- 0.1
00765 PASS: Input_1A 0.0
00766 #set power supply
00766 PwrSetVoltage = 240 : NULL : WAIT = 0.1
00767 #test power supply
00767 NULL : MeterVolts = 24.0 | 0.155 | 0.1
00767 TEST: MeterVolts 24.0 +/- 0.155
00767 PASS: MeterVolts 23.922
00768 #test feedback
00768 NULL : Port_1A = 24.0 | 0.155 | 0.1
00768 TEST: Port_1A 24.0 +/- 0.155
00768 FAIL: Port_1A 23.841
00769 NULL : Input_1A = 0 | 0.1 | 0.1
00769 TEST: Input_1A 0.0 +/- 0.1
00769 PASS: Input_1A 0.0
00770 #set power supply
00770 PwrSetVoltage = 245 : NULL : WAIT = 0.1
00771 #test power supply
00771 NULL : MeterVolts = 24.5 | 0.155 | 0.1
00771 TEST: MeterVolts 24.5 +/- 0.155
00771 PASS: MeterVolts 24.434
00772 #test feedback
00772 NULL : Port_1A = 24.5 | 0.155 | 0.1
00772 TEST: Port_1A 24.5 +/- 0.155
00772 FAIL: Port_1A 24.344
00773 NULL : Input_1A = 0 | 0.1 | 0.1
00773 TEST: Input_1A 0.0 +/- 0.1
00773 PASS: Input_1A 0.0
00774 #set power supply
00774 PwrSetVoltage = 250 : NULL : WAIT = 0.1
00775 #test power supply
00775 NULL : MeterVolts = 25.0 | 0.155 | 0.1
00775 TEST: MeterVolts 25.0 +/- 0.155
00775 PASS: MeterVolts 24.859
00776 #test feedback
00776 NULL : Port_1A = 25.0 | 0.155 | 0.1
00776 TEST: Port_1A 25.0 +/- 0.155
00776 PASS: Port_1A 24.847
00777 NULL : Input_1A = 0 | 0.1 | 0.1
00777 TEST: Input_1A 0.0 +/- 0.1
00777 PASS: Input_1A 0.0
00778 #set power supply
00778 PwrSetVoltage = 255 : NULL : WAIT = 0.1
00779 #test power supply
00779 NULL : MeterVolts = 25.5 | 0.155 | 0.1
00779 TEST: MeterVolts 25.5 +/- 0.155
00779 PASS: MeterVolts 25.436
00780 #test feedback
00780 NULL : Port_1A = 25.5 | 0.155 | 0.1
00780 TEST: Port_1A 25.5 +/- 0.155
00780 FAIL: Port_1A 25.342
00781 NULL : Input_1A = 0 | 0.1 | 0.1
00781 TEST: Input_1A 0.0 +/- 0.1
00781 PASS: Input_1A 0.0
00782 #set power supply
00782 PwrSetVoltage = 260 : NULL : WAIT = 0.1
00783 #test power supply
00783 NULL : MeterVolts = 26.0 | 0.155 | 0.1
00783 TEST: MeterVolts 26.0 +/- 0.155
00783 PASS: MeterVolts 25.912
00784 #test feedback
00784 NULL : Port_1A = 26.0 | 0.155 | 0.1
00784 TEST: Port_1A 26.0 +/- 0.155
00784 FAIL: Port_1A 25.812
00785 NULL : Input_1A = 0 | 0.1 | 0.1
00785 TEST: Input_1A 0.0 +/- 0.1
00785 PASS: Input_1A 0.0
00786 #set power supply
00786 PwrSetVoltage = 265 : NULL : WAIT = 0.1
00787 #test power supply
00787 NULL : MeterVolts = 26.5 | 0.155 | 0.1
00787 TEST: MeterVolts 26.5 +/- 0.155
00787 PASS: MeterVolts 26.418
00788 #test feedback
00788 NULL : Port_1A = 26.5 | 0.155 | 0.1
00788 TEST: Port_1A 26.5 +/- 0.155
00788 FAIL: Port_1A 26.315
00789 NULL : Input_1A = 0 | 0.1 | 0.1
00789 TEST: Input_1A 0.0 +/- 0.1
00789 PASS: Input_1A 0.0
00790 #set power supply
00790 PwrSetVoltage = 270 : NULL : WAIT = 0.1
00791 #test power supply
00791 NULL : MeterVolts = 27.0 | 0.155 | 0.1
00791 TEST: MeterVolts 27.0 +/- 0.155
00791 PASS: MeterVolts 26.925
00792 #test feedback
00792 NULL : Port_1A = 27.0 | 0.155 | 0.1
00792 TEST: Port_1A 27.0 +/- 0.155
00792 FAIL: Port_1A 26.826
00793 NULL : Input_1A = 0 | 0.1 | 0.1
00793 TEST: Input_1A 0.0 +/- 0.1
00793 PASS: Input_1A 0.0
00794 #set power supply
00794 PwrSetVoltage = 275 : NULL : WAIT = 0.1
00795 #test power supply
00795 NULL : MeterVolts = 27.5 | 0.155 | 0.1
00795 TEST: MeterVolts 27.5 +/- 0.155
00795 PASS: MeterVolts 27.423
00796 #test feedback
00796 NULL : Port_1A = 27.5 | 0.155 | 0.1
00796 TEST: Port_1A 27.5 +/- 0.155
00796 FAIL: Port_1A 27.321
00797 NULL : Input_1A = 0 | 0.1 | 0.1
00797 TEST: Input_1A 0.0 +/- 0.1
00797 PASS: Input_1A 0.0
00798 #set power supply
00798 PwrSetVoltage = 280 : NULL : WAIT = 0.1
00799 #test power supply
00799 NULL : MeterVolts = 28.0 | 0.155 | 0.1
00799 TEST: MeterVolts 28.0 +/- 0.155
00799 PASS: MeterVolts 27.922
00800 #test feedback
00800 NULL : Port_1A = 28.0 | 0.155 | 0.1
00800 TEST: Port_1A 28.0 +/- 0.155
00800 FAIL: Port_1A 27.824
00801 NULL : Input_1A = 0 | 0.1 | 0.1
00801 TEST: Input_1A 0.0 +/- 0.1
00801 PASS: Input_1A 0.0
00802 #set power supply
00802 PwrSetVoltage = 285 : NULL : WAIT = 0.1
00803 #test power supply
00803 NULL : MeterVolts = 28.5 | 0.155 | 0.1
00803 TEST: MeterVolts 28.5 +/- 0.155
00803 PASS: MeterVolts 28.396
00804 #test feedback
00804 NULL : Port_1A = 28.5 | 0.155 | 0.1
00804 TEST: Port_1A 28.5 +/- 0.155
00804 FAIL: Port_1A 28.319
00805 NULL : Input_1A = 0 | 0.1 | 0.1
00805 TEST: Input_1A 0.0 +/- 0.1
00805 PASS: Input_1A 0.0
00806 #set power supply
00806 PwrSetVoltage = 290 : NULL : WAIT = 0.1
00807 #test power supply
00807 NULL : MeterVolts = 29.0 | 0.155 | 0.1
00807 TEST: MeterVolts 29.0 +/- 0.155
00807 PASS: MeterVolts 28.918
00808 #test feedback
00808 NULL : Port_1A = 29.0 | 0.155 | 0.1
00808 TEST: Port_1A 29.0 +/- 0.155
00808 FAIL: Port_1A 28.814
00809 NULL : Input_1A = 0 | 0.1 | 0.1
00809 TEST: Input_1A 0.0 +/- 0.1
00809 PASS: Input_1A 0.0
00810 #set power supply
00810 PwrSetVoltage = 295 : NULL : WAIT = 0.1
00811 #test power supply
00811 NULL : MeterVolts = 29.5 | 0.155 | 0.1
00811 TEST: MeterVolts 29.5 +/- 0.155
00811 PASS: MeterVolts 29.384
00812 #test feedback
00812 NULL : Port_1A = 29.5 | 0.155 | 0.1
00812 TEST: Port_1A 29.5 +/- 0.155
00812 FAIL: Port_1A 29.325
00813 NULL : Input_1A = 0 | 0.1 | 0.1
00813 TEST: Input_1A 0.0 +/- 0.1
00813 PASS: Input_1A 0.0
00814 #set power supply
00814 PwrSetVoltage = 300 : NULL : WAIT = 0.1
00815 #test power supply
00815 NULL : MeterVolts = 30.0 | 0.155 | 0.1
00815 TEST: MeterVolts 30.0 +/- 0.155
00815 PASS: MeterVolts 29.92
00816 #test feedback
00816 NULL : Port_1A = 30.0 | 0.155 | 0.1
00816 TEST: Port_1A 30.0 +/- 0.155
00816 FAIL: Port_1A 29.819
00817 NULL : Input_1A = 0 | 0.1 | 0.1
00817 TEST: Input_1A 0.0 +/- 0.1
00817 PASS: Input_1A 0.0
00818 #set power supply
00818 PwrSetVoltage = 305 : NULL : WAIT = 0.1
00819 #test power supply
00819 NULL : MeterVolts = 30.5 | 0.155 | 0.1
00819 TEST: MeterVolts 30.5 +/- 0.155
00819 PASS: MeterVolts 30.426
00820 #test feedback
00820 NULL : Port_1A = 30.5 | 0.155 | 0.1
00820 TEST: Port_1A 30.5 +/- 0.155
00820 FAIL: Port_1A 30.314
00821 NULL : Input_1A = 0 | 0.1 | 0.1
00821 TEST: Input_1A 0.0 +/- 0.1
00821 PASS: Input_1A 0.0
00822 #set power supply
00822 PwrSetVoltage = 310 : NULL : WAIT = 0.1
00823 #test power supply
00823 NULL : MeterVolts = 31.0 | 0.155 | 0.1
00823 TEST: MeterVolts 31.0 +/- 0.155
00823 PASS: MeterVolts 30.929
00824 #test feedback
00824 NULL : Port_1A = 31.0 | 0.155 | 0.1
00824 TEST: Port_1A 31.0 +/- 0.155
00824 FAIL: Port_1A 30.833
00825 NULL : Input_1A = 0 | 0.1 | 0.1
00825 TEST: Input_1A 0.0 +/- 0.1
00825 PASS: Input_1A 0.0
00826 #set power supply
00826 PwrSetVoltage = 315 : NULL : WAIT = 0.1
00827 #test power supply
00827 NULL : MeterVolts = 31.5 | 0.155 | 0.1
00827 TEST: MeterVolts 31.5 +/- 0.155
00827 PASS: MeterVolts 31.42
00828 #test feedback
00828 NULL : Port_1A = 31.5 | 0.155 | 0.1
00828 TEST: Port_1A 31.5 +/- 0.155
00828 FAIL: Port_1A 31.32
00829 NULL : Input_1A = 0 | 0.1 | 0.1
00829 TEST: Input_1A 0.0 +/- 0.1
00829 PASS: Input_1A 0.0
00830 #set power supply
00830 PwrSetVoltage = 320 : NULL : WAIT = 0.1
00831 #test power supply
00831 NULL : MeterVolts = 32.0 | 0.155 | 0.1
00831 TEST: MeterVolts 32.0 +/- 0.155
00831 PASS: MeterVolts 31.924
00832 #test feedback
00832 NULL : Port_1A = 32.0 | 0.155 | 0.1
00832 TEST: Port_1A 32.0 +/- 0.155
00832 FAIL: Port_1A 31.831
00833 NULL : Input_1A = 0 | 0.1 | 0.1
00833 TEST: Input_1A 0.0 +/- 0.1
00833 PASS: Input_1A 0.0
00834 #set power supply
00834 PwrSetVoltage = 325 : NULL : WAIT = 0.1
00835 #test power supply
00835 NULL : MeterVolts = 32.5 | 0.155 | 0.1
00835 TEST: MeterVolts 32.5 +/- 0.155
00835 PASS: MeterVolts 32.389
00836 #test feedback
00836 NULL : Port_1A = 32.5 | 0.155 | 0.1
00836 TEST: Port_1A 32.5 +/- 0.155
00836 FAIL: Port_1A 32.31
00837 NULL : Input_1A = 0 | 0.1 | 0.1
00837 TEST: Input_1A 0.0 +/- 0.1
00837 PASS: Input_1A 0.0
00838 #set power supply
00838 PwrSetVoltage = 330 : NULL : WAIT = 0.1
00839 #test power supply
00839 NULL : MeterVolts = 33.0 | 0.155 | 0.1
00839 TEST: MeterVolts 33.0 +/- 0.155
00839 PASS: MeterVolts 32.924
00840 #test feedback
00840 NULL : Port_1A = 33.0 | 0.155 | 0.1
00840 TEST: Port_1A 33.0 +/- 0.155
00840 FAIL: Port_1A 32.829
00841 NULL : Input_1A = 0 | 0.1 | 0.1
00841 TEST: Input_1A 0.0 +/- 0.1
00841 PASS: Input_1A 0.0
00842 #set power supply
00842 PwrSetVoltage = 335 : NULL : WAIT = 0.1
00843 #test power supply
00843 NULL : MeterVolts = 33.5 | 0.155 | 0.1
00843 TEST: MeterVolts 33.5 +/- 0.155
00843 PASS: MeterVolts 33.428
00844 #test feedback
00844 NULL : Port_1A = 0 | 0.1 | 0.1
00844 TEST: Port_1A 0.0 +/- 0.1
00844 PASS: Port_1A 0.0
00845 NULL : Input_1A = 2 | 0.1 | 0.1
00845 TEST: Input_1A 2.0 +/- 0.1
00845 PASS: Input_1A 2.0
00846 #set power supply
00846 PwrSetVoltage = 336 : NULL : WAIT = 0.1
00847 #test power supply
00847 NULL : MeterVolts = 33.6 | 0.155 | 0.1
00847 TEST: MeterVolts 33.6 +/- 0.155
00847 PASS: MeterVolts 33.529
00848 #test feedback
00848 NULL : Port_1A = 0 | 0.1 | 0.1
00848 TEST: Port_1A 0.0 +/- 0.1
00848 PASS: Port_1A 0.0
00849 NULL : Input_1A = 2 | 0.1 | 0.1
00849 TEST: Input_1A 2.0 +/- 0.1
00849 PASS: Input_1A 2.0
00850 
00850 #Finished with port
00850 #switch out input
00850 J2_01 = 0 : NULL : WAIT = 0.1
00851 
00851 #-----setup 39009-----
00851 #configure as Output Digital ON/OFF
00851 Command = 82, MODE1 = 0, MODE2 = 0, Enable_24VDC = 0, ADRaw = 0 : NULL : WAIT = 0.5
00852 Command = 83, MODE1A = 6, MODE1B = 6, MODE2A = 1, MODE2B = 1, MODE3A = 6, MODE3B = 6, MODE4A = 1, MODE4B = 1, MODE5A = 6, MODE5B = 6, MODE6A = 1, MODE6B = 1, MODE7A = 6, MODE7B = 6 : NULL : WAIT = 0.5
00853 Command = 0, MODE1A = 0, MODE1B = 0, MODE2A = 0, MODE2B = 0, MODE3A = 0, MODE3B = 0, MODE4A = 0, MODE4B = 0, MODE5A = 0, MODE5B = 0, MODE6A = 0, MODE6B = 0, MODE7A = 0, MODE7B = 0 : NULL
00854 Command = 84, MODE8A = 1, MODE8B = 1, MODE9A = 6, MODE9B = 6, MODE10A = 1, MODE10B = 1, GLOBAL_KP = 255, GLOBAL_KI = 255 : NULL : WAIT = 0.5
00855 Command = 0, MODE8A = 0, MODE8B = 0, MODE9A = 0, MODE9B = 0, MODE10A = 0, MODE10B = 0, GLOBAL_KP = 0, GLOBAL_KI = 0 : NULL
00856 Command = 82, FaultReset = 1, SaveSettings = 1, Enable_DPLTx = 1, Enable_DPLF1 = 1, Enable_DPLF2 = 1 : NULL : WAIT = 0.5
00857 #clear multiplex
00857 Command = 0, FaultReset = 0, SaveSettings = 0, Enable_DPLTx = 0, Enable_DPLF1 = 0, Enable_DPLF2 = 0 : NULL
00858 #set power supply and wait
00858 PwrSetVoltage = 10 : NULL : WAIT = 0.1
00859 #test power supply
00859 NULL : MeterVolts = 1 | 0.155 | 0.1
00859 TEST: MeterVolts 1.0 +/- 0.155
00859 PASS: MeterVolts 1.069
00860 #switch input to load line
00860 J2_02 = 1 : NULL : WAIT = 0.1
00861 
00861 
00861 #Sweep of Port_1B from 1 to 32 in 0.5 increments
00861 
00861 #set power supply
00861 PwrSetVoltage = 10 : NULL : WAIT = 0.1
00862 #test power supply
00862 NULL : MeterVolts = 1 | 0.155 | 0.1
00862 TEST: MeterVolts 1.0 +/- 0.155
00862 PASS: MeterVolts 0.997
00863 #test feedback
00863 NULL : Port_1B = 1 | 0.155 | 0.1
00863 TEST: Port_1B 1.0 +/- 0.155
00863 PASS: Port_1B 0.981
00864 NULL : Input_1B = 0 | 0.1 | 0.1
00864 TEST: Input_1B 0.0 +/- 0.1
00864 PASS: Input_1B 0.0
00865 #set power supply
00865 PwrSetVoltage = 15 : NULL : WAIT = 0.1
00866 #test power supply
00866 NULL : MeterVolts = 1.5 | 0.155 | 0.1
00866 TEST: MeterVolts 1.5 +/- 0.155
00866 PASS: MeterVolts 1.51
00867 #test feedback
00867 NULL : Port_1B = 1.5 | 0.155 | 0.1
00867 TEST: Port_1B 1.5 +/- 0.155
00867 PASS: Port_1B 1.492
00868 NULL : Input_1B = 0 | 0.1 | 0.1
00868 TEST: Input_1B 0.0 +/- 0.1
00868 PASS: Input_1B 0.0
00869 #set power supply
00869 PwrSetVoltage = 20 : NULL : WAIT = 0.1
00870 #test power supply
00870 NULL : MeterVolts = 2.0 | 0.155 | 0.1
00870 TEST: MeterVolts 2.0 +/- 0.155
00870 PASS: MeterVolts 2.007
00871 #test feedback
00871 NULL : Port_1B = 2.0 | 0.155 | 0.1
00871 TEST: Port_1B 2.0 +/- 0.155
00871 PASS: Port_1B 1.979
00872 NULL : Input_1B = 0 | 0.1 | 0.1
00872 TEST: Input_1B 0.0 +/- 0.1
00872 PASS: Input_1B 0.0
00873 #set power supply
00873 PwrSetVoltage = 25 : NULL : WAIT = 0.1
00874 #test power supply
00874 NULL : MeterVolts = 2.5 | 0.155 | 0.1
00874 TEST: MeterVolts 2.5 +/- 0.155
00874 PASS: MeterVolts 2.504
00875 #test feedback
00875 NULL : Port_1B = 2.5 | 0.155 | 0.1
00875 TEST: Port_1B 2.5 +/- 0.155
00875 PASS: Port_1B 2.482
00876 NULL : Input_1B = 0 | 0.1 | 0.1
00876 TEST: Input_1B 0.0 +/- 0.1
00876 PASS: Input_1B 0.0
00877 #set power supply
00877 PwrSetVoltage = 30 : NULL : WAIT = 0.1
00878 #test power supply
00878 NULL : MeterVolts = 3.0 | 0.155 | 0.1
00878 TEST: MeterVolts 3.0 +/- 0.155
00878 PASS: MeterVolts 2.993
00879 #test feedback
00879 NULL : Port_1B = 3.0 | 0.155 | 0.1
00879 TEST: Port_1B 3.0 +/- 0.155
00879 PASS: Port_1B 2.969
00880 NULL : Input_1B = 0 | 0.1 | 0.1
00880 TEST: Input_1B 0.0 +/- 0.1
00880 PASS: Input_1B 0.0
00881 #set power supply
00881 PwrSetVoltage = 35 : NULL : WAIT = 0.1
00882 #test power supply
00882 NULL : MeterVolts = 3.5 | 0.155 | 0.1
00882 TEST: MeterVolts 3.5 +/- 0.155
00882 PASS: MeterVolts 3.489
00883 #test feedback
00883 NULL : Port_1B = 3.5 | 0.155 | 0.1
00883 TEST: Port_1B 3.5 +/- 0.155
00883 PASS: Port_1B 3.463
00884 NULL : Input_1B = 0 | 0.1 | 0.1
00884 TEST: Input_1B 0.0 +/- 0.1
00884 PASS: Input_1B 0.0
00885 #set power supply
00885 PwrSetVoltage = 40 : NULL : WAIT = 0.1
00886 #test power supply
00886 NULL : MeterVolts = 4.0 | 0.155 | 0.1
00886 TEST: MeterVolts 4.0 +/- 0.155
00886 PASS: MeterVolts 3.861
00887 #test feedback
00887 NULL : Port_1B = 4.0 | 0.155 | 0.1
00887 TEST: Port_1B 4.0 +/- 0.155
00887 PASS: Port_1B 3.966
00888 NULL : Input_1B = 0 | 0.1 | 0.1
00888 TEST: Input_1B 0.0 +/- 0.1
00888 PASS: Input_1B 0.0
00889 #set power supply
00889 PwrSetVoltage = 45 : NULL : WAIT = 0.1
00890 #test power supply
00890 NULL : MeterVolts = 4.5 | 0.155 | 0.1
00890 TEST: MeterVolts 4.5 +/- 0.155
00890 PASS: MeterVolts 4.392
00891 #test feedback
00891 NULL : Port_1B = 4.5 | 0.155 | 0.1
00891 TEST: Port_1B 4.5 +/- 0.155
00891 PASS: Port_1B 4.461
00892 NULL : Input_1B = 0 | 0.1 | 0.1
00892 TEST: Input_1B 0.0 +/- 0.1
00892 PASS: Input_1B 0.0
00893 #set power supply
00893 PwrSetVoltage = 50 : NULL : WAIT = 0.1
00894 #test power supply
00894 NULL : MeterVolts = 5.0 | 0.155 | 0.1
00894 TEST: MeterVolts 5.0 +/- 0.155
00894 PASS: MeterVolts 4.981
00895 #test feedback
00895 NULL : Port_1B = 5.0 | 0.155 | 0.1
00895 TEST: Port_1B 5.0 +/- 0.155
00895 PASS: Port_1B 4.956
00896 NULL : Input_1B = 0 | 0.1 | 0.1
00896 TEST: Input_1B 0.0 +/- 0.1
00896 PASS: Input_1B 0.0
00897 #set power supply
00897 PwrSetVoltage = 55 : NULL : WAIT = 0.1
00898 #test power supply
00898 NULL : MeterVolts = 5.5 | 0.155 | 0.1
00898 TEST: MeterVolts 5.5 +/- 0.155
00898 PASS: MeterVolts 5.472
00899 #test feedback
00899 NULL : Port_1B = 5.5 | 0.155 | 0.1
00899 TEST: Port_1B 5.5 +/- 0.155
00899 PASS: Port_1B 5.451
00900 NULL : Input_1B = 0 | 0.1 | 0.1
00900 TEST: Input_1B 0.0 +/- 0.1
00900 PASS: Input_1B 0.0
00901 #set power supply
00901 PwrSetVoltage = 60 : NULL : WAIT = 0.1
00902 #test power supply
00902 NULL : MeterVolts = 6.0 | 0.155 | 0.1
00902 TEST: MeterVolts 6.0 +/- 0.155
00902 PASS: MeterVolts 5.97
00903 #test feedback
00903 NULL : Port_1B = 6.0 | 0.155 | 0.1
00903 TEST: Port_1B 6.0 +/- 0.155
00903 PASS: Port_1B 5.954
00904 NULL : Input_1B = 0 | 0.1 | 0.1
00904 TEST: Input_1B 0.0 +/- 0.1
00904 PASS: Input_1B 0.0
00905 #set power supply
00905 PwrSetVoltage = 65 : NULL : WAIT = 0.1
00906 #test power supply
00906 NULL : MeterVolts = 6.5 | 0.155 | 0.1
00906 TEST: MeterVolts 6.5 +/- 0.155
00906 PASS: MeterVolts 6.471
00907 #test feedback
00907 NULL : Port_1B = 6.5 | 0.155 | 0.1
00907 TEST: Port_1B 6.5 +/- 0.155
00907 PASS: Port_1B 6.449
00908 NULL : Input_1B = 0 | 0.1 | 0.1
00908 TEST: Input_1B 0.0 +/- 0.1
00908 PASS: Input_1B 0.0
00909 #set power supply
00909 PwrSetVoltage = 70 : NULL : WAIT = 0.1
00910 #test power supply
00910 NULL : MeterVolts = 7.0 | 0.155 | 0.1
00910 TEST: MeterVolts 7.0 +/- 0.155
00910 PASS: MeterVolts 6.966
00911 #test feedback
00911 NULL : Port_1B = 7.0 | 0.155 | 0.1
00911 TEST: Port_1B 7.0 +/- 0.155
00911 PASS: Port_1B 6.943
00912 NULL : Input_1B = 0 | 0.1 | 0.1
00912 TEST: Input_1B 0.0 +/- 0.1
00912 PASS: Input_1B 0.0
00913 #set power supply
00913 PwrSetVoltage = 75 : NULL : WAIT = 0.1
00914 #test power supply
00914 NULL : MeterVolts = 7.5 | 0.155 | 0.1
00914 TEST: MeterVolts 7.5 +/- 0.155
00914 PASS: MeterVolts 7.472
00915 #test feedback
00915 NULL : Port_1B = 7.5 | 0.155 | 0.1
00915 TEST: Port_1B 7.5 +/- 0.155
00915 PASS: Port_1B 7.446
00916 NULL : Input_1B = 0 | 0.1 | 0.1
00916 TEST: Input_1B 0.0 +/- 0.1
00916 PASS: Input_1B 0.0
00917 #set power supply
00917 PwrSetVoltage = 80 : NULL : WAIT = 0.1
00918 #test power supply
00918 NULL : MeterVolts = 8.0 | 0.155 | 0.1
00918 TEST: MeterVolts 8.0 +/- 0.155
00918 PASS: MeterVolts 7.852
00919 #test feedback
00919 NULL : Port_1B = 8.0 | 0.155 | 0.1
00919 TEST: Port_1B 8.0 +/- 0.155
00919 PASS: Port_1B 7.949
00920 NULL : Input_1B = 0 | 0.1 | 0.1
00920 TEST: Input_1B 0.0 +/- 0.1
00920 PASS: Input_1B 0.0
00921 #set power supply
00921 PwrSetVoltage = 85 : NULL : WAIT = 0.1
00922 #test power supply
00922 NULL : MeterVolts = 8.5 | 0.155 | 0.1
00922 TEST: MeterVolts 8.5 +/- 0.155
00922 PASS: MeterVolts 8.466
00923 #test feedback
00923 NULL : Port_1B = 8.5 | 0.155 | 0.1
00923 TEST: Port_1B 8.5 +/- 0.155
00923 PASS: Port_1B 8.444
00924 NULL : Input_1B = 0 | 0.1 | 0.1
00924 TEST: Input_1B 0.0 +/- 0.1
00924 PASS: Input_1B 0.0
00925 #set power supply
00925 PwrSetVoltage = 90 : NULL : WAIT = 0.1
00926 #test power supply
00926 NULL : MeterVolts = 9.0 | 0.155 | 0.1
00926 TEST: MeterVolts 9.0 +/- 0.155
00926 PASS: MeterVolts 8.965
00927 #test feedback
00927 NULL : Port_1B = 9.0 | 0.155 | 0.1
00927 TEST: Port_1B 9.0 +/- 0.155
00927 PASS: Port_1B 8.947
00928 NULL : Input_1B = 0 | 0.1 | 0.1
00928 TEST: Input_1B 0.0 +/- 0.1
00928 PASS: Input_1B 0.0
00929 #set power supply
00929 PwrSetVoltage = 95 : NULL : WAIT = 0.1
00930 #test power supply
00930 NULL : MeterVolts = 9.5 | 0.155 | 0.1
00930 TEST: MeterVolts 9.5 +/- 0.155
00930 PASS: MeterVolts 9.457
00931 #test feedback
00931 NULL : Port_1B = 9.5 | 0.155 | 0.1
00931 TEST: Port_1B 9.5 +/- 0.155
00931 PASS: Port_1B 9.434
00932 NULL : Input_1B = 0 | 0.1 | 0.1
00932 TEST: Input_1B 0.0 +/- 0.1
00932 PASS: Input_1B 0.0
00933 #set power supply
00933 PwrSetVoltage = 100 : NULL : WAIT = 0.1
00934 #test power supply
00934 NULL : MeterVolts = 10.0 | 0.155 | 0.1
00934 TEST: MeterVolts 10.0 +/- 0.155
00934 PASS: MeterVolts 9.96
00935 #test feedback
00935 NULL : Port_1B = 10.0 | 0.155 | 0.1
00935 TEST: Port_1B 10.0 +/- 0.155
00935 PASS: Port_1B 9.937
00936 NULL : Input_1B = 0 | 0.1 | 0.1
00936 TEST: Input_1B 0.0 +/- 0.1
00936 PASS: Input_1B 0.0
00937 #set power supply
00937 PwrSetVoltage = 105 : NULL : WAIT = 0.1
00938 #test power supply
00938 NULL : MeterVolts = 10.5 | 0.155 | 0.1
00938 TEST: MeterVolts 10.5 +/- 0.155
00938 PASS: MeterVolts 10.458
00939 #test feedback
00939 NULL : Port_1B = 10.5 | 0.155 | 0.1
00939 TEST: Port_1B 10.5 +/- 0.155
00939 PASS: Port_1B 10.448
00940 NULL : Input_1B = 0 | 0.1 | 0.1
00940 TEST: Input_1B 0.0 +/- 0.1
00940 PASS: Input_1B 0.0
00941 #set power supply
00941 PwrSetVoltage = 110 : NULL : WAIT = 0.1
00942 #test power supply
00942 NULL : MeterVolts = 11.0 | 0.155 | 0.1
00942 TEST: MeterVolts 11.0 +/- 0.155
00942 PASS: MeterVolts 10.95
00943 #test feedback
00943 NULL : Port_1B = 11.0 | 0.155 | 0.1
00943 TEST: Port_1B 11.0 +/- 0.155
00943 PASS: Port_1B 10.935
00944 NULL : Input_1B = 0 | 0.1 | 0.1
00944 TEST: Input_1B 0.0 +/- 0.1
00944 PASS: Input_1B 0.0
00945 #set power supply
00945 PwrSetVoltage = 115 : NULL : WAIT = 0.1
00946 #test power supply
00946 NULL : MeterVolts = 11.5 | 0.155 | 0.1
00946 TEST: MeterVolts 11.5 +/- 0.155
00946 PASS: MeterVolts 11.361
00947 #test feedback
00947 NULL : Port_1B = 11.5 | 0.155 | 0.1
00947 TEST: Port_1B 11.5 +/- 0.155
00947 PASS: Port_1B 11.421
00948 NULL : Input_1B = 0 | 0.1 | 0.1
00948 TEST: Input_1B 0.0 +/- 0.1
00948 PASS: Input_1B 0.0
00949 #set power supply
00949 PwrSetVoltage = 120 : NULL : WAIT = 0.1
00950 #test power supply
00950 NULL : MeterVolts = 12.0 | 0.155 | 0.1
00950 TEST: MeterVolts 12.0 +/- 0.155
00950 PASS: MeterVolts 11.894
00951 #test feedback
00951 NULL : Port_1B = 12.0 | 0.155 | 0.1
00951 TEST: Port_1B 12.0 +/- 0.155
00951 PASS: Port_1B 11.924
00952 NULL : Input_1B = 0 | 0.1 | 0.1
00952 TEST: Input_1B 0.0 +/- 0.1
00952 PASS: Input_1B 0.0
00953 #set power supply
00953 PwrSetVoltage = 125 : NULL : WAIT = 0.1
00954 #test power supply
00954 NULL : MeterVolts = 12.5 | 0.155 | 0.1
00954 TEST: MeterVolts 12.5 +/- 0.155
00954 PASS: MeterVolts 12.446
00955 #test feedback
00955 NULL : Port_1B = 12.5 | 0.155 | 0.1
00955 TEST: Port_1B 12.5 +/- 0.155
00955 PASS: Port_1B 12.427
00956 NULL : Input_1B = 0 | 0.1 | 0.1
00956 TEST: Input_1B 0.0 +/- 0.1
00956 PASS: Input_1B 0.0
00957 #set power supply
00957 PwrSetVoltage = 130 : NULL : WAIT = 0.1
00958 #test power supply
00958 NULL : MeterVolts = 13.0 | 0.155 | 0.1
00958 TEST: MeterVolts 13.0 +/- 0.155
00958 PASS: MeterVolts 12.947
00959 #test feedback
00959 NULL : Port_1B = 13.0 | 0.155 | 0.1
00959 TEST: Port_1B 13.0 +/- 0.155
00959 PASS: Port_1B 12.922
00960 NULL : Input_1B = 0 | 0.1 | 0.1
00960 TEST: Input_1B 0.0 +/- 0.1
00960 PASS: Input_1B 0.0
00961 #set power supply
00961 PwrSetVoltage = 135 : NULL : WAIT = 0.1
00962 #test power supply
00962 NULL : MeterVolts = 13.5 | 0.155 | 0.1
00962 TEST: MeterVolts 13.5 +/- 0.155
00962 PASS: MeterVolts 13.438
00963 #test feedback
00963 NULL : Port_1B = 13.5 | 0.155 | 0.1
00963 TEST: Port_1B 13.5 +/- 0.155
00963 PASS: Port_1B 13.417
00964 NULL : Input_1B = 0 | 0.1 | 0.1
00964 TEST: Input_1B 0.0 +/- 0.1
00964 PASS: Input_1B 0.0
00965 #set power supply
00965 PwrSetVoltage = 140 : NULL : WAIT = 0.1
00966 #test power supply
00966 NULL : MeterVolts = 14.0 | 0.155 | 0.1
00966 TEST: MeterVolts 14.0 +/- 0.155
00966 PASS: MeterVolts 13.94
00967 #test feedback
00967 NULL : Port_1B = 14.0 | 0.155 | 0.1
00967 TEST: Port_1B 14.0 +/- 0.155
00967 PASS: Port_1B 13.928
00968 NULL : Input_1B = 0 | 0.1 | 0.1
00968 TEST: Input_1B 0.0 +/- 0.1
00968 PASS: Input_1B 0.0
00969 #set power supply
00969 PwrSetVoltage = 145 : NULL : WAIT = 0.1
00970 #test power supply
00970 NULL : MeterVolts = 14.5 | 0.155 | 0.1
00970 TEST: MeterVolts 14.5 +/- 0.155
00970 PASS: MeterVolts 14.434
00971 #test feedback
00971 NULL : Port_1B = 14.5 | 0.155 | 0.1
00971 TEST: Port_1B 14.5 +/- 0.155
00971 PASS: Port_1B 14.415
00972 NULL : Input_1B = 0 | 0.1 | 0.1
00972 TEST: Input_1B 0.0 +/- 0.1
00972 PASS: Input_1B 0.0
00973 #set power supply
00973 PwrSetVoltage = 150 : NULL : WAIT = 0.1
00974 #test power supply
00974 NULL : MeterVolts = 15.0 | 0.155 | 0.1
00974 TEST: MeterVolts 15.0 +/- 0.155
00974 PASS: MeterVolts 14.928
00975 #test feedback
00975 NULL : Port_1B = 15.0 | 0.155 | 0.1
00975 TEST: Port_1B 15.0 +/- 0.155
00975 PASS: Port_1B 14.909
00976 NULL : Input_1B = 0 | 0.1 | 0.1
00976 TEST: Input_1B 0.0 +/- 0.1
00976 PASS: Input_1B 0.0
00977 #set power supply
00977 PwrSetVoltage = 155 : NULL : WAIT = 0.1
00978 #test power supply
00978 NULL : MeterVolts = 15.5 | 0.155 | 0.1
00978 TEST: MeterVolts 15.5 +/- 0.155
00978 PASS: MeterVolts 15.42
00979 #test feedback
00979 NULL : Port_1B = 15.5 | 0.155 | 0.1
00979 TEST: Port_1B 15.5 +/- 0.155
00979 PASS: Port_1B 15.404
00980 NULL : Input_1B = 0 | 0.1 | 0.1
00980 TEST: Input_1B 0.0 +/- 0.1
00980 PASS: Input_1B 0.0
00981 #set power supply
00981 PwrSetVoltage = 160 : NULL : WAIT = 0.1
00982 #test power supply
00982 NULL : MeterVolts = 16.0 | 0.155 | 0.1
00982 TEST: MeterVolts 16.0 +/- 0.155
00982 PASS: MeterVolts 15.95
00983 #test feedback
00983 NULL : Port_1B = 16.0 | 0.155 | 0.1
00983 TEST: Port_1B 16.0 +/- 0.155
00983 PASS: Port_1B 15.94
00984 NULL : Input_1B = 0 | 0.1 | 0.1
00984 TEST: Input_1B 0.0 +/- 0.1
00984 PASS: Input_1B 0.0
00985 #set power supply
00985 PwrSetVoltage = 165 : NULL : WAIT = 0.1
00986 #test power supply
00986 NULL : MeterVolts = 16.5 | 0.155 | 0.1
00986 TEST: MeterVolts 16.5 +/- 0.155
00986 PASS: MeterVolts 16.455
00987 #test feedback
00987 NULL : Port_1B = 16.5 | 0.155 | 0.1
00987 TEST: Port_1B 16.5 +/- 0.155
00987 PASS: Port_1B 16.443
00988 NULL : Input_1B = 0 | 0.1 | 0.1
00988 TEST: Input_1B 0.0 +/- 0.1
00988 PASS: Input_1B 0.0
00989 #set power supply
00989 PwrSetVoltage = 170 : NULL : WAIT = 0.1
00990 #test power supply
00990 NULL : MeterVolts = 17.0 | 0.155 | 0.1
00990 TEST: MeterVolts 17.0 +/- 0.155
00990 PASS: MeterVolts 16.887
00991 #test feedback
00991 NULL : Port_1B = 17.0 | 0.155 | 0.1
00991 TEST: Port_1B 17.0 +/- 0.155
00991 PASS: Port_1B 16.938
00992 NULL : Input_1B = 0 | 0.1 | 0.1
00992 TEST: Input_1B 0.0 +/- 0.1
00992 PASS: Input_1B 0.0
00993 #set power supply
00993 PwrSetVoltage = 175 : NULL : WAIT = 0.1
00994 #test power supply
00994 NULL : MeterVolts = 17.5 | 0.155 | 0.1
00994 TEST: MeterVolts 17.5 +/- 0.155
00994 PASS: MeterVolts 17.454
00995 #test feedback
00995 NULL : Port_1B = 17.5 | 0.155 | 0.1
00995 TEST: Port_1B 17.5 +/- 0.155
00995 PASS: Port_1B 17.44
00996 NULL : Input_1B = 0 | 0.1 | 0.1
00996 TEST: Input_1B 0.0 +/- 0.1
00996 PASS: Input_1B 0.0
00997 #set power supply
00997 PwrSetVoltage = 180 : NULL : WAIT = 0.1
00998 #test power supply
00998 NULL : MeterVolts = 18.0 | 0.155 | 0.1
00998 TEST: MeterVolts 18.0 +/- 0.155
00998 PASS: MeterVolts 17.955
00999 #test feedback
00999 NULL : Port_1B = 18.0 | 0.155 | 0.1
00999 TEST: Port_1B 18.0 +/- 0.155
00999 PASS: Port_1B 17.935
01000 NULL : Input_1B = 0 | 0.1 | 0.1
01000 TEST: Input_1B 0.0 +/- 0.1
01000 PASS: Input_1B 0.0
01001 #set power supply
01001 PwrSetVoltage = 185 : NULL : WAIT = 0.1
01002 #test power supply
01002 NULL : MeterVolts = 18.5 | 0.155 | 0.1
01002 TEST: MeterVolts 18.5 +/- 0.155
01002 PASS: MeterVolts 18.447
01003 #test feedback
01003 NULL : Port_1B = 18.5 | 0.155 | 0.1
01003 TEST: Port_1B 18.5 +/- 0.155
01003 PASS: Port_1B 18.43
01004 NULL : Input_1B = 0 | 0.1 | 0.1
01004 TEST: Input_1B 0.0 +/- 0.1
01004 PASS: Input_1B 0.0
01005 #set power supply
01005 PwrSetVoltage = 190 : NULL : WAIT = 0.1
01006 #test power supply
01006 NULL : MeterVolts = 19.0 | 0.155 | 0.1
01006 TEST: MeterVolts 19.0 +/- 0.155
01006 PASS: MeterVolts 18.947
01007 #test feedback
01007 NULL : Port_1B = 19.0 | 0.155 | 0.1
01007 TEST: Port_1B 19.0 +/- 0.155
01007 PASS: Port_1B 18.933
01008 NULL : Input_1B = 0 | 0.1 | 0.1
01008 TEST: Input_1B 0.0 +/- 0.1
01008 PASS: Input_1B 0.0
01009 #set power supply
01009 PwrSetVoltage = 195 : NULL : WAIT = 0.1
01010 #test power supply
01010 NULL : MeterVolts = 19.5 | 0.155 | 0.1
01010 TEST: MeterVolts 19.5 +/- 0.155
01010 PASS: MeterVolts 19.447
01011 #test feedback
01011 NULL : Port_1B = 19.5 | 0.155 | 0.1
01011 TEST: Port_1B 19.5 +/- 0.155
01011 PASS: Port_1B 19.436
01012 NULL : Input_1B = 0 | 0.1 | 0.1
01012 TEST: Input_1B 0.0 +/- 0.1
01012 PASS: Input_1B 0.0
01013 #set power supply
01013 PwrSetVoltage = 200 : NULL : WAIT = 0.1
01014 #test power supply
01014 NULL : MeterVolts = 20.0 | 0.155 | 0.1
01014 TEST: MeterVolts 20.0 +/- 0.155
01014 PASS: MeterVolts 19.942
01015 #test feedback
01015 NULL : Port_1B = 20.0 | 0.155 | 0.1
01015 TEST: Port_1B 20.0 +/- 0.155
01015 PASS: Port_1B 19.939
01016 NULL : Input_1B = 0 | 0.1 | 0.1
01016 TEST: Input_1B 0.0 +/- 0.1
01016 PASS: Input_1B 0.0
01017 #set power supply
01017 PwrSetVoltage = 205 : NULL : WAIT = 0.1
01018 #test power supply
01018 NULL : MeterVolts = 20.5 | 0.155 | 0.1
01018 TEST: MeterVolts 20.5 +/- 0.155
01018 PASS: MeterVolts 20.442
01019 #test feedback
01019 NULL : Port_1B = 20.5 | 0.155 | 0.1
01019 TEST: Port_1B 20.5 +/- 0.155
01019 PASS: Port_1B 20.434
01020 NULL : Input_1B = 0 | 0.1 | 0.1
01020 TEST: Input_1B 0.0 +/- 0.1
01020 PASS: Input_1B 0.0
01021 #set power supply
01021 PwrSetVoltage = 210 : NULL : WAIT = 0.1
01022 #test power supply
01022 NULL : MeterVolts = 21.0 | 0.155 | 0.1
01022 TEST: MeterVolts 21.0 +/- 0.155
01022 PASS: MeterVolts 20.932
01023 #test feedback
01023 NULL : Port_1B = 21.0 | 0.155 | 0.1
01023 TEST: Port_1B 21.0 +/- 0.155
01023 PASS: Port_1B 20.921
01024 NULL : Input_1B = 0 | 0.1 | 0.1
01024 TEST: Input_1B 0.0 +/- 0.1
01024 PASS: Input_1B 0.0
01025 #set power supply
01025 PwrSetVoltage = 215 : NULL : WAIT = 0.1
01026 #test power supply
01026 NULL : MeterVolts = 21.5 | 0.155 | 0.1
01026 TEST: MeterVolts 21.5 +/- 0.155
01026 PASS: MeterVolts 21.428
01027 #test feedback
01027 NULL : Port_1B = 21.5 | 0.155 | 0.1
01027 TEST: Port_1B 21.5 +/- 0.155
01027 PASS: Port_1B 21.415
01028 NULL : Input_1B = 0 | 0.1 | 0.1
01028 TEST: Input_1B 0.0 +/- 0.1
01028 PASS: Input_1B 0.0
01029 #set power supply
01029 PwrSetVoltage = 220 : NULL : WAIT = 0.1
01030 #test power supply
01030 NULL : MeterVolts = 22.0 | 0.155 | 0.1
01030 TEST: MeterVolts 22.0 +/- 0.155
01030 PASS: MeterVolts 21.927
01031 #test feedback
01031 NULL : Port_1B = 22.0 | 0.155 | 0.1
01031 TEST: Port_1B 22.0 +/- 0.155
01031 PASS: Port_1B 21.918
01032 NULL : Input_1B = 0 | 0.1 | 0.1
01032 TEST: Input_1B 0.0 +/- 0.1
01032 PASS: Input_1B 0.0
01033 #set power supply
01033 PwrSetVoltage = 225 : NULL : WAIT = 0.1
01034 #test power supply
01034 NULL : MeterVolts = 22.5 | 0.155 | 0.1
01034 TEST: MeterVolts 22.5 +/- 0.155
01034 PASS: MeterVolts 22.419
01035 #test feedback
01035 NULL : Port_1B = 22.5 | 0.155 | 0.1
01035 TEST: Port_1B 22.5 +/- 0.155
01035 PASS: Port_1B 22.413
01036 NULL : Input_1B = 0 | 0.1 | 0.1
01036 TEST: Input_1B 0.0 +/- 0.1
01036 PASS: Input_1B 0.0
01037 #set power supply
01037 PwrSetVoltage = 230 : NULL : WAIT = 0.1
01038 #test power supply
01038 NULL : MeterVolts = 23.0 | 0.155 | 0.1
01038 TEST: MeterVolts 23.0 +/- 0.155
01038 PASS: MeterVolts 22.916
01039 #test feedback
01039 NULL : Port_1B = 23.0 | 0.155 | 0.1
01039 TEST: Port_1B 23.0 +/- 0.155
01039 PASS: Port_1B 22.908
01040 NULL : Input_1B = 0 | 0.1 | 0.1
01040 TEST: Input_1B 0.0 +/- 0.1
01040 PASS: Input_1B 0.0
01041 #set power supply
01041 PwrSetVoltage = 235 : NULL : WAIT = 0.1
01042 #test power supply
01042 NULL : MeterVolts = 23.5 | 0.155 | 0.1
01042 TEST: MeterVolts 23.5 +/- 0.155
01042 PASS: MeterVolts 23.408
01043 #test feedback
01043 NULL : Port_1B = 23.5 | 0.155 | 0.1
01043 TEST: Port_1B 23.5 +/- 0.155
01043 PASS: Port_1B 23.403
01044 NULL : Input_1B = 0 | 0.1 | 0.1
01044 TEST: Input_1B 0.0 +/- 0.1
01044 PASS: Input_1B 0.0
01045 #set power supply
01045 PwrSetVoltage = 240 : NULL : WAIT = 0.1
01046 #test power supply
01046 NULL : MeterVolts = 24.0 | 0.155 | 0.1
01046 TEST: MeterVolts 24.0 +/- 0.155
01046 PASS: MeterVolts 23.928
01047 #test feedback
01047 NULL : Port_1B = 24.0 | 0.155 | 0.1
01047 TEST: Port_1B 24.0 +/- 0.155
01047 PASS: Port_1B 23.922
01048 NULL : Input_1B = 0 | 0.1 | 0.1
01048 TEST: Input_1B 0.0 +/- 0.1
01048 PASS: Input_1B 0.0
01049 #set power supply
01049 PwrSetVoltage = 245 : NULL : WAIT = 0.1
01050 #test power supply
01050 NULL : MeterVolts = 24.5 | 0.155 | 0.1
01050 TEST: MeterVolts 24.5 +/- 0.155
01050 PASS: MeterVolts 24.43
01051 #test feedback
01051 NULL : Port_1B = 24.5 | 0.155 | 0.1
01051 TEST: Port_1B 24.5 +/- 0.155
01051 PASS: Port_1B 24.425
01052 NULL : Input_1B = 0 | 0.1 | 0.1
01052 TEST: Input_1B 0.0 +/- 0.1
01052 PASS: Input_1B 0.0
01053 #set power supply
01053 PwrSetVoltage = 250 : NULL : WAIT = 0.1
01054 #test power supply
01054 NULL : MeterVolts = 25.0 | 0.155 | 0.1
01054 TEST: MeterVolts 25.0 +/- 0.155
01054 PASS: MeterVolts 24.866
01055 #test feedback
01055 NULL : Port_1B = 25.0 | 0.155 | 0.1
01055 TEST: Port_1B 25.0 +/- 0.155
01055 PASS: Port_1B 24.912
01056 NULL : Input_1B = 0 | 0.1 | 0.1
01056 TEST: Input_1B 0.0 +/- 0.1
01056 PASS: Input_1B 0.0
01057 #set power supply
01057 PwrSetVoltage = 255 : NULL : WAIT = 0.1
01058 #test power supply
01058 NULL : MeterVolts = 25.5 | 0.155 | 0.1
01058 TEST: MeterVolts 25.5 +/- 0.155
01058 PASS: MeterVolts 25.431
01059 #test feedback
01059 NULL : Port_1B = 25.5 | 0.155 | 0.1
01059 TEST: Port_1B 25.5 +/- 0.155
01059 PASS: Port_1B 25.431
01060 NULL : Input_1B = 0 | 0.1 | 0.1
01060 TEST: Input_1B 0.0 +/- 0.1
01060 PASS: Input_1B 0.0
01061 #set power supply
01061 PwrSetVoltage = 260 : NULL : WAIT = 0.1
01062 #test power supply
01062 NULL : MeterVolts = 26.0 | 0.155 | 0.1
01062 TEST: MeterVolts 26.0 +/- 0.155
01062 PASS: MeterVolts 25.907
01063 #test feedback
01063 NULL : Port_1B = 26.0 | 0.155 | 0.1
01063 TEST: Port_1B 26.0 +/- 0.155
01063 PASS: Port_1B 25.901
01064 NULL : Input_1B = 0 | 0.1 | 0.1
01064 TEST: Input_1B 0.0 +/- 0.1
01064 PASS: Input_1B 0.0
01065 #set power supply
01065 PwrSetVoltage = 265 : NULL : WAIT = 0.1
01066 #test power supply
01066 NULL : MeterVolts = 26.5 | 0.155 | 0.1
01066 TEST: MeterVolts 26.5 +/- 0.155
01066 PASS: MeterVolts 26.411
01067 #test feedback
01067 NULL : Port_1B = 26.5 | 0.155 | 0.1
01067 TEST: Port_1B 26.5 +/- 0.155
01067 PASS: Port_1B 26.404
01068 NULL : Input_1B = 0 | 0.1 | 0.1
01068 TEST: Input_1B 0.0 +/- 0.1
01068 PASS: Input_1B 0.0
01069 #set power supply
01069 PwrSetVoltage = 270 : NULL : WAIT = 0.1
01070 #test power supply
01070 NULL : MeterVolts = 27.0 | 0.155 | 0.1
01070 TEST: MeterVolts 27.0 +/- 0.155
01070 PASS: MeterVolts 26.918
01071 #test feedback
01071 NULL : Port_1B = 27.0 | 0.155 | 0.1
01071 TEST: Port_1B 27.0 +/- 0.155
01071 PASS: Port_1B 26.923
01072 NULL : Input_1B = 0 | 0.1 | 0.1
01072 TEST: Input_1B 0.0 +/- 0.1
01072 PASS: Input_1B 0.0
01073 #set power supply
01073 PwrSetVoltage = 275 : NULL : WAIT = 0.1
01074 #test power supply
01074 NULL : MeterVolts = 27.5 | 0.155 | 0.1
01074 TEST: MeterVolts 27.5 +/- 0.155
01074 PASS: MeterVolts 27.415
01075 #test feedback
01075 NULL : Port_1B = 27.5 | 0.155 | 0.1
01075 TEST: Port_1B 27.5 +/- 0.155
01075 PASS: Port_1B 27.426
01076 NULL : Input_1B = 0 | 0.1 | 0.1
01076 TEST: Input_1B 0.0 +/- 0.1
01076 PASS: Input_1B 0.0
01077 #set power supply
01077 PwrSetVoltage = 280 : NULL : WAIT = 0.1
01078 #test power supply
01078 NULL : MeterVolts = 28.0 | 0.155 | 0.1
01078 TEST: MeterVolts 28.0 +/- 0.155
01078 PASS: MeterVolts 27.915
01079 #test feedback
01079 NULL : Port_1B = 28.0 | 0.155 | 0.1
01079 TEST: Port_1B 28.0 +/- 0.155
01079 PASS: Port_1B 27.921
01080 NULL : Input_1B = 0 | 0.1 | 0.1
01080 TEST: Input_1B 0.0 +/- 0.1
01080 PASS: Input_1B 0.0
01081 #set power supply
01081 PwrSetVoltage = 285 : NULL : WAIT = 0.1
01082 #test power supply
01082 NULL : MeterVolts = 28.5 | 0.155 | 0.1
01082 TEST: MeterVolts 28.5 +/- 0.155
01082 PASS: MeterVolts 28.407
01083 #test feedback
01083 NULL : Port_1B = 28.5 | 0.155 | 0.1
01083 TEST: Port_1B 28.5 +/- 0.155
01083 PASS: Port_1B 28.408
01084 NULL : Input_1B = 0 | 0.1 | 0.1
01084 TEST: Input_1B 0.0 +/- 0.1
01084 PASS: Input_1B 0.0
01085 #set power supply
01085 PwrSetVoltage = 290 : NULL : WAIT = 0.1
01086 #test power supply
01086 NULL : MeterVolts = 29.0 | 0.155 | 0.1
01086 TEST: MeterVolts 29.0 +/- 0.155
01086 PASS: MeterVolts 28.876
01087 #test feedback
01087 NULL : Port_1B = 29.0 | 0.155 | 0.1
01087 TEST: Port_1B 29.0 +/- 0.155
01087 PASS: Port_1B 28.919
01088 NULL : Input_1B = 0 | 0.1 | 0.1
01088 TEST: Input_1B 0.0 +/- 0.1
01088 PASS: Input_1B 0.0
01089 #set power supply
01089 PwrSetVoltage = 295 : NULL : WAIT = 0.1
01090 #test power supply
01090 NULL : MeterVolts = 29.5 | 0.155 | 0.1
01090 TEST: MeterVolts 29.5 +/- 0.155
01090 PASS: MeterVolts 29.415
01091 #test feedback
01091 NULL : Port_1B = 29.5 | 0.155 | 0.1
01091 TEST: Port_1B 29.5 +/- 0.155
01091 PASS: Port_1B 29.414
01092 NULL : Input_1B = 0 | 0.1 | 0.1
01092 TEST: Input_1B 0.0 +/- 0.1
01092 PASS: Input_1B 0.0
01093 #set power supply
01093 PwrSetVoltage = 300 : NULL : WAIT = 0.1
01094 #test power supply
01094 NULL : MeterVolts = 30.0 | 0.155 | 0.1
01094 TEST: MeterVolts 30.0 +/- 0.155
01094 PASS: MeterVolts 29.912
01095 #test feedback
01095 NULL : Port_1B = 30.0 | 0.155 | 0.1
01095 TEST: Port_1B 30.0 +/- 0.155
01095 PASS: Port_1B 29.925
01096 NULL : Input_1B = 0 | 0.1 | 0.1
01096 TEST: Input_1B 0.0 +/- 0.1
01096 PASS: Input_1B 0.0
01097 #set power supply
01097 PwrSetVoltage = 305 : NULL : WAIT = 0.1
01098 #test power supply
01098 NULL : MeterVolts = 30.5 | 0.155 | 0.1
01098 TEST: MeterVolts 30.5 +/- 0.155
01098 PASS: MeterVolts 30.416
01099 #test feedback
01099 NULL : Port_1B = 30.5 | 0.155 | 0.1
01099 TEST: Port_1B 30.5 +/- 0.155
01099 PASS: Port_1B 30.42
01100 NULL : Input_1B = 0 | 0.1 | 0.1
01100 TEST: Input_1B 0.0 +/- 0.1
01100 PASS: Input_1B 0.0
01101 #set power supply
01101 PwrSetVoltage = 310 : NULL : WAIT = 0.1
01102 #test power supply
01102 NULL : MeterVolts = 31.0 | 0.155 | 0.1
01102 TEST: MeterVolts 31.0 +/- 0.155
01102 PASS: MeterVolts 30.918
01103 #test feedback
01103 NULL : Port_1B = 31.0 | 0.155 | 0.1
01103 TEST: Port_1B 31.0 +/- 0.155
01103 PASS: Port_1B 30.931
01104 NULL : Input_1B = 0 | 0.1 | 0.1
01104 TEST: Input_1B 0.0 +/- 0.1
01104 PASS: Input_1B 0.0
01105 #set power supply
01105 PwrSetVoltage = 315 : NULL : WAIT = 0.1
01106 #test power supply
01106 NULL : MeterVolts = 31.5 | 0.155 | 0.1
01106 TEST: MeterVolts 31.5 +/- 0.155
01106 PASS: MeterVolts 31.411
01107 #test feedback
01107 NULL : Port_1B = 31.5 | 0.155 | 0.1
01107 TEST: Port_1B 31.5 +/- 0.155
01107 PASS: Port_1B 31.418
01108 NULL : Input_1B = 0 | 0.1 | 0.1
01108 TEST: Input_1B 0.0 +/- 0.1
01108 PASS: Input_1B 0.0
01109 #set power supply
01109 PwrSetVoltage = 320 : NULL : WAIT = 0.1
01110 #test power supply
01110 NULL : MeterVolts = 32.0 | 0.155 | 0.1
01110 TEST: MeterVolts 32.0 +/- 0.155
01110 PASS: MeterVolts 31.914
01111 #test feedback
01111 NULL : Port_1B = 32.0 | 0.155 | 0.1
01111 TEST: Port_1B 32.0 +/- 0.155
01111 PASS: Port_1B 31.921
01112 NULL : Input_1B = 0 | 0.1 | 0.1
01112 TEST: Input_1B 0.0 +/- 0.1
01112 PASS: Input_1B 0.0
01113 #set power supply
01113 PwrSetVoltage = 325 : NULL : WAIT = 0.1
01114 #test power supply
01114 NULL : MeterVolts = 32.5 | 0.155 | 0.1
01114 TEST: MeterVolts 32.5 +/- 0.155
01114 PASS: MeterVolts 32.367
01115 #test feedback
01115 NULL : Port_1B = 32.5 | 0.155 | 0.1
01115 TEST: Port_1B 32.5 +/- 0.155
01115 PASS: Port_1B 32.423
01116 NULL : Input_1B = 0 | 0.1 | 0.1
01116 TEST: Input_1B 0.0 +/- 0.1
01116 PASS: Input_1B 0.0
01117 #set power supply
01117 PwrSetVoltage = 330 : NULL : WAIT = 0.1
01118 #test power supply
01118 NULL : MeterVolts = 33.0 | 0.155 | 0.1
01118 TEST: MeterVolts 33.0 +/- 0.155
01118 PASS: MeterVolts 32.892
01119 #test feedback
01119 NULL : Port_1B = 33.0 | 0.155 | 0.1
01119 TEST: Port_1B 33.0 +/- 0.155
01119 PASS: Port_1B 32.918
01120 NULL : Input_1B = 0 | 0.1 | 0.1
01120 TEST: Input_1B 0.0 +/- 0.1
01120 PASS: Input_1B 0.0
01121 #set power supply
01121 PwrSetVoltage = 335 : NULL : WAIT = 0.1
01122 #test power supply
01122 NULL : MeterVolts = 33.5 | 0.155 | 0.1
01122 TEST: MeterVolts 33.5 +/- 0.155
01122 PASS: MeterVolts 33.417
01123 #test feedback
01123 NULL : Port_1B = 0 | 0.1 | 0.1
01123 TEST: Port_1B 0.0 +/- 0.1
01123 PASS: Port_1B 0.0
01124 NULL : Input_1B = 2 | 0.1 | 0.1
01124 TEST: Input_1B 2.0 +/- 0.1
01124 PASS: Input_1B 2.0
01125 #set power supply
01125 PwrSetVoltage = 336 : NULL : WAIT = 0.1
01126 #test power supply
01126 NULL : MeterVolts = 33.6 | 0.155 | 0.1
01126 TEST: MeterVolts 33.6 +/- 0.155
01126 PASS: MeterVolts 33.517
01127 #test feedback
01127 NULL : Port_1B = 0 | 0.1 | 0.1
01127 TEST: Port_1B 0.0 +/- 0.1
01127 PASS: Port_1B 0.0
01128 NULL : Input_1B = 2 | 0.1 | 0.1
01128 TEST: Input_1B 2.0 +/- 0.1
01128 PASS: Input_1B 2.0
01129 
01129 #Finished with port
01129 #switch out input
01129 J2_02 = 0 : NULL : WAIT = 0.1
01130 
01130 #-----setup 39009-----
01130 #configure as Output Digital ON/OFF
01130 Command = 82, MODE1 = 0, MODE2 = 0, Enable_24VDC = 0, ADRaw = 0 : NULL : WAIT = 0.5
01131 Command = 83, MODE1A = 6, MODE1B = 6, MODE2A = 1, MODE2B = 1, MODE3A = 6, MODE3B = 6, MODE4A = 1, MODE4B = 1, MODE5A = 6, MODE5B = 6, MODE6A = 1, MODE6B = 1, MODE7A = 6, MODE7B = 6 : NULL : WAIT = 0.5
01132 Command = 0, MODE1A = 0, MODE1B = 0, MODE2A = 0, MODE2B = 0, MODE3A = 0, MODE3B = 0, MODE4A = 0, MODE4B = 0, MODE5A = 0, MODE5B = 0, MODE6A = 0, MODE6B = 0, MODE7A = 0, MODE7B = 0 : NULL
01133 Command = 84, MODE8A = 1, MODE8B = 1, MODE9A = 6, MODE9B = 6, MODE10A = 1, MODE10B = 1, GLOBAL_KP = 255, GLOBAL_KI = 255 : NULL : WAIT = 0.5
01134 Command = 0, MODE8A = 0, MODE8B = 0, MODE9A = 0, MODE9B = 0, MODE10A = 0, MODE10B = 0, GLOBAL_KP = 0, GLOBAL_KI = 0 : NULL
01135 Command = 82, FaultReset = 1, SaveSettings = 1, Enable_DPLTx = 1, Enable_DPLF1 = 1, Enable_DPLF2 = 1 : NULL : WAIT = 0.5
01136 #clear multiplex
01136 Command = 0, FaultReset = 0, SaveSettings = 0, Enable_DPLTx = 0, Enable_DPLF1 = 0, Enable_DPLF2 = 0 : NULL
01137 #set power supply and wait
01137 PwrSetVoltage = 10 : NULL : WAIT = 0.1
01138 #test power supply
01138 NULL : MeterVolts = 1 | 0.155 | 0.1
01138 TEST: MeterVolts 1.0 +/- 0.155
01138 PASS: MeterVolts 1.058
01139 #switch input to load line
01139 J2_03 = 1 : NULL : WAIT = 0.1
01140 
01140 
01140 #Sweep of Port_3A from 1 to 32 in 0.5 increments
01140 
01140 #set power supply
01140 PwrSetVoltage = 10 : NULL : WAIT = 0.1
01141 #test power supply
01141 NULL : MeterVolts = 1 | 0.155 | 0.1
01141 TEST: MeterVolts 1.0 +/- 0.155
01141 PASS: MeterVolts 1.058
01142 #test feedback
01142 NULL : Port_3A = 1 | 0.155 | 0.1
01142 TEST: Port_3A 1.0 +/- 0.155
01142 PASS: Port_3A 0.973
01143 NULL : Input_3A = 0 | 0.1 | 0.1
01143 TEST: Input_3A 0.0 +/- 0.1
01143 PASS: Input_3A 0.0
01144 #set power supply
01144 PwrSetVoltage = 15 : NULL : WAIT = 0.1
01145 #test power supply
01145 NULL : MeterVolts = 1.5 | 0.155 | 0.1
01145 TEST: MeterVolts 1.5 +/- 0.155
01145 PASS: MeterVolts 1.51
01146 #test feedback
01146 NULL : Port_3A = 1.5 | 0.155 | 0.1
01146 TEST: Port_3A 1.5 +/- 0.155
01146 PASS: Port_3A 1.492
01147 NULL : Input_3A = 0 | 0.1 | 0.1
01147 TEST: Input_3A 0.0 +/- 0.1
01147 PASS: Input_3A 0.0
01148 #set power supply
01148 PwrSetVoltage = 20 : NULL : WAIT = 0.1
01149 #test power supply
01149 NULL : MeterVolts = 2.0 | 0.155 | 0.1
01149 TEST: MeterVolts 2.0 +/- 0.155
01149 PASS: MeterVolts 2.005
01150 #test feedback
01150 NULL : Port_3A = 2.0 | 0.155 | 0.1
01150 TEST: Port_3A 2.0 +/- 0.155
01150 PASS: Port_3A 1.987
01151 NULL : Input_3A = 0 | 0.1 | 0.1
01151 TEST: Input_3A 0.0 +/- 0.1
01151 PASS: Input_3A 0.0
01152 #set power supply
01152 PwrSetVoltage = 25 : NULL : WAIT = 0.1
01153 #test power supply
01153 NULL : MeterVolts = 2.5 | 0.155 | 0.1
01153 TEST: MeterVolts 2.5 +/- 0.155
01153 PASS: MeterVolts 2.503
01154 #test feedback
01154 NULL : Port_3A = 2.5 | 0.155 | 0.1
01154 TEST: Port_3A 2.5 +/- 0.155
01154 PASS: Port_3A 2.482
01155 NULL : Input_3A = 0 | 0.1 | 0.1
01155 TEST: Input_3A 0.0 +/- 0.1
01155 PASS: Input_3A 0.0
01156 #set power supply
01156 PwrSetVoltage = 30 : NULL : WAIT = 0.1
01157 #test power supply
01157 NULL : MeterVolts = 3.0 | 0.155 | 0.1
01157 TEST: MeterVolts 3.0 +/- 0.155
01157 PASS: MeterVolts 2.849
01158 #test feedback
01158 NULL : Port_3A = 3.0 | 0.155 | 0.1
01158 TEST: Port_3A 3.0 +/- 0.155
01158 PASS: Port_3A 2.977
01159 NULL : Input_3A = 0 | 0.1 | 0.1
01159 TEST: Input_3A 0.0 +/- 0.1
01159 PASS: Input_3A 0.0
01160 #set power supply
01160 PwrSetVoltage = 35 : NULL : WAIT = 0.1
01161 #test power supply
01161 NULL : MeterVolts = 3.5 | 0.155 | 0.1
01161 TEST: MeterVolts 3.5 +/- 0.155
01161 PASS: MeterVolts 3.489
01162 #test feedback
01162 NULL : Port_3A = 3.5 | 0.155 | 0.1
01162 TEST: Port_3A 3.5 +/- 0.155
01162 PASS: Port_3A 3.471
01163 NULL : Input_3A = 0 | 0.1 | 0.1
01163 TEST: Input_3A 0.0 +/- 0.1
01163 PASS: Input_3A 0.0
01164 #set power supply
01164 PwrSetVoltage = 40 : NULL : WAIT = 0.1
01165 #test power supply
01165 NULL : MeterVolts = 4.0 | 0.155 | 0.1
01165 TEST: MeterVolts 4.0 +/- 0.155
01165 PASS: MeterVolts 3.987
01166 #test feedback
01166 NULL : Port_3A = 4.0 | 0.155 | 0.1
01166 TEST: Port_3A 4.0 +/- 0.155
01166 PASS: Port_3A 3.966
01167 NULL : Input_3A = 0 | 0.1 | 0.1
01167 TEST: Input_3A 0.0 +/- 0.1
01167 PASS: Input_3A 0.0
01168 #set power supply
01168 PwrSetVoltage = 45 : NULL : WAIT = 0.1
01169 #test power supply
01169 NULL : MeterVolts = 4.5 | 0.155 | 0.1
01169 TEST: MeterVolts 4.5 +/- 0.155
01169 PASS: MeterVolts 4.48
01170 #test feedback
01170 NULL : Port_3A = 4.5 | 0.155 | 0.1
01170 TEST: Port_3A 4.5 +/- 0.155
01170 PASS: Port_3A 4.453
01171 NULL : Input_3A = 0 | 0.1 | 0.1
01171 TEST: Input_3A 0.0 +/- 0.1
01171 PASS: Input_3A 0.0
01172 #set power supply
01172 PwrSetVoltage = 50 : NULL : WAIT = 0.1
01173 #test power supply
01173 NULL : MeterVolts = 5.0 | 0.155 | 0.1
01173 TEST: MeterVolts 5.0 +/- 0.155
01173 PASS: MeterVolts 4.981
01174 #test feedback
01174 NULL : Port_3A = 5.0 | 0.155 | 0.1
01174 TEST: Port_3A 5.0 +/- 0.155
01174 PASS: Port_3A 4.956
01175 NULL : Input_3A = 0 | 0.1 | 0.1
01175 TEST: Input_3A 0.0 +/- 0.1
01175 PASS: Input_3A 0.0
01176 #set power supply
01176 PwrSetVoltage = 55 : NULL : WAIT = 0.1
01177 #test power supply
01177 NULL : MeterVolts = 5.5 | 0.155 | 0.1
01177 TEST: MeterVolts 5.5 +/- 0.155
01177 PASS: MeterVolts 5.36
01178 #test feedback
01178 NULL : Port_3A = 5.5 | 0.155 | 0.1
01178 TEST: Port_3A 5.5 +/- 0.155
01178 PASS: Port_3A 5.459
01179 NULL : Input_3A = 0 | 0.1 | 0.1
01179 TEST: Input_3A 0.0 +/- 0.1
01179 PASS: Input_3A 0.0
01180 #set power supply
01180 PwrSetVoltage = 60 : NULL : WAIT = 0.1
01181 #test power supply
01181 NULL : MeterVolts = 6.0 | 0.155 | 0.1
01181 TEST: MeterVolts 6.0 +/- 0.155
01181 PASS: MeterVolts 5.914
01182 #test feedback
01182 NULL : Port_3A = 6.0 | 0.155 | 0.1
01182 TEST: Port_3A 6.0 +/- 0.155
01182 PASS: Port_3A 5.954
01183 NULL : Input_3A = 0 | 0.1 | 0.1
01183 TEST: Input_3A 0.0 +/- 0.1
01183 PASS: Input_3A 0.0
01184 #set power supply
01184 PwrSetVoltage = 65 : NULL : WAIT = 0.1
01185 #test power supply
01185 NULL : MeterVolts = 6.5 | 0.155 | 0.1
01185 TEST: MeterVolts 6.5 +/- 0.155
01185 PASS: MeterVolts 6.472
01186 #test feedback
01186 NULL : Port_3A = 6.5 | 0.155 | 0.1
01186 TEST: Port_3A 6.5 +/- 0.155
01186 PASS: Port_3A 6.457
01187 NULL : Input_3A = 0 | 0.1 | 0.1
01187 TEST: Input_3A 0.0 +/- 0.1
01187 PASS: Input_3A 0.0
01188 #set power supply
01188 PwrSetVoltage = 70 : NULL : WAIT = 0.1
01189 #test power supply
01189 NULL : MeterVolts = 7.0 | 0.155 | 0.1
01189 TEST: MeterVolts 7.0 +/- 0.155
01189 PASS: MeterVolts 6.966
01190 #test feedback
01190 NULL : Port_3A = 7.0 | 0.155 | 0.1
01190 TEST: Port_3A 7.0 +/- 0.155
01190 PASS: Port_3A 6.952
01191 NULL : Input_3A = 0 | 0.1 | 0.1
01191 TEST: Input_3A 0.0 +/- 0.1
01191 PASS: Input_3A 0.0
01192 #set power supply
01192 PwrSetVoltage = 75 : NULL : WAIT = 0.1
01193 #test power supply
01193 NULL : MeterVolts = 7.5 | 0.155 | 0.1
01193 TEST: MeterVolts 7.5 +/- 0.155
01193 PASS: MeterVolts 7.472
01194 #test feedback
01194 NULL : Port_3A = 7.5 | 0.155 | 0.1
01194 TEST: Port_3A 7.5 +/- 0.155
01194 PASS: Port_3A 7.454
01195 NULL : Input_3A = 0 | 0.1 | 0.1
01195 TEST: Input_3A 0.0 +/- 0.1
01195 PASS: Input_3A 0.0
01196 #set power supply
01196 PwrSetVoltage = 80 : NULL : WAIT = 0.1
01197 #test power supply
01197 NULL : MeterVolts = 8.0 | 0.155 | 0.1
01197 TEST: MeterVolts 8.0 +/- 0.155
01197 PASS: MeterVolts 7.975
01198 #test feedback
01198 NULL : Port_3A = 8.0 | 0.155 | 0.1
01198 TEST: Port_3A 8.0 +/- 0.155
01198 PASS: Port_3A 7.949
01199 NULL : Input_3A = 0 | 0.1 | 0.1
01199 TEST: Input_3A 0.0 +/- 0.1
01199 PASS: Input_3A 0.0
01200 #set power supply
01200 PwrSetVoltage = 85 : NULL : WAIT = 0.1
01201 #test power supply
01201 NULL : MeterVolts = 8.5 | 0.155 | 0.1
01201 TEST: MeterVolts 8.5 +/- 0.155
01201 PASS: MeterVolts 8.465
01202 #test feedback
01202 NULL : Port_3A = 8.5 | 0.155 | 0.1
01202 TEST: Port_3A 8.5 +/- 0.155
01202 PASS: Port_3A 8.444
01203 NULL : Input_3A = 0 | 0.1 | 0.1
01203 TEST: Input_3A 0.0 +/- 0.1
01203 PASS: Input_3A 0.0
01204 #set power supply
01204 PwrSetVoltage = 90 : NULL : WAIT = 0.1
01205 #test power supply
01205 NULL : MeterVolts = 9.0 | 0.155 | 0.1
01205 TEST: MeterVolts 9.0 +/- 0.155
01205 PASS: MeterVolts 8.85
01206 #test feedback
01206 NULL : Port_3A = 9.0 | 0.155 | 0.1
01206 TEST: Port_3A 9.0 +/- 0.155
01206 PASS: Port_3A 8.939
01207 NULL : Input_3A = 0 | 0.1 | 0.1
01207 TEST: Input_3A 0.0 +/- 0.1
01207 PASS: Input_3A 0.0
01208 #set power supply
01208 PwrSetVoltage = 95 : NULL : WAIT = 0.1
01209 #test power supply
01209 NULL : MeterVolts = 9.5 | 0.155 | 0.1
01209 TEST: MeterVolts 9.5 +/- 0.155
01209 PASS: MeterVolts 9.381
01210 #test feedback
01210 NULL : Port_3A = 9.5 | 0.155 | 0.1
01210 TEST: Port_3A 9.5 +/- 0.155
01210 PASS: Port_3A 9.442
01211 NULL : Input_3A = 0 | 0.1 | 0.1
01211 TEST: Input_3A 0.0 +/- 0.1
01211 PASS: Input_3A 0.0
01212 #set power supply
01212 PwrSetVoltage = 100 : NULL : WAIT = 0.1
01213 #test power supply
01213 NULL : MeterVolts = 10.0 | 0.155 | 0.1
01213 TEST: MeterVolts 10.0 +/- 0.155
01213 PASS: MeterVolts 9.959
01214 #test feedback
01214 NULL : Port_3A = 10.0 | 0.155 | 0.1
01214 TEST: Port_3A 10.0 +/- 0.155
01214 PASS: Port_3A 9.945
01215 NULL : Input_3A = 0 | 0.1 | 0.1
01215 TEST: Input_3A 0.0 +/- 0.1
01215 PASS: Input_3A 0.0
01216 #set power supply
01216 PwrSetVoltage = 105 : NULL : WAIT = 0.1
01217 #test power supply
01217 NULL : MeterVolts = 10.5 | 0.155 | 0.1
01217 TEST: MeterVolts 10.5 +/- 0.155
01217 PASS: MeterVolts 10.458
01218 #test feedback
01218 NULL : Port_3A = 10.5 | 0.155 | 0.1
01218 TEST: Port_3A 10.5 +/- 0.155
01218 PASS: Port_3A 10.44
01219 NULL : Input_3A = 0 | 0.1 | 0.1
01219 TEST: Input_3A 0.0 +/- 0.1
01219 PASS: Input_3A 0.0
01220 #set power supply
01220 PwrSetVoltage = 110 : NULL : WAIT = 0.1
01221 #test power supply
01221 NULL : MeterVolts = 11.0 | 0.155 | 0.1
01221 TEST: MeterVolts 11.0 +/- 0.155
01221 PASS: MeterVolts 10.95
01222 #test feedback
01222 NULL : Port_3A = 11.0 | 0.155 | 0.1
01222 TEST: Port_3A 11.0 +/- 0.155
01222 PASS: Port_3A 10.943
01223 NULL : Input_3A = 0 | 0.1 | 0.1
01223 TEST: Input_3A 0.0 +/- 0.1
01223 PASS: Input_3A 0.0
01224 #set power supply
01224 PwrSetVoltage = 115 : NULL : WAIT = 0.1
01225 #test power supply
01225 NULL : MeterVolts = 11.5 | 0.155 | 0.1
01225 TEST: MeterVolts 11.5 +/- 0.155
01225 PASS: MeterVolts 11.45
01226 #test feedback
01226 NULL : Port_3A = 11.5 | 0.155 | 0.1
01226 TEST: Port_3A 11.5 +/- 0.155
01226 PASS: Port_3A 11.429
01227 NULL : Input_3A = 0 | 0.1 | 0.1
01227 TEST: Input_3A 0.0 +/- 0.1
01227 PASS: Input_3A 0.0
01228 #set power supply
01228 PwrSetVoltage = 120 : NULL : WAIT = 0.1
01229 #test power supply
01229 NULL : MeterVolts = 12.0 | 0.155 | 0.1
01229 TEST: MeterVolts 12.0 +/- 0.155
01229 PASS: MeterVolts 11.943
01230 #test feedback
01230 NULL : Port_3A = 12.0 | 0.155 | 0.1
01230 TEST: Port_3A 12.0 +/- 0.155
01230 PASS: Port_3A 11.932
01231 NULL : Input_3A = 0 | 0.1 | 0.1
01231 TEST: Input_3A 0.0 +/- 0.1
01231 PASS: Input_3A 0.0
01232 #set power supply
01232 PwrSetVoltage = 125 : NULL : WAIT = 0.1
01233 #test power supply
01233 NULL : MeterVolts = 12.5 | 0.155 | 0.1
01233 TEST: MeterVolts 12.5 +/- 0.155
01233 PASS: MeterVolts 12.447
01234 #test feedback
01234 NULL : Port_3A = 12.5 | 0.155 | 0.1
01234 TEST: Port_3A 12.5 +/- 0.155
01234 PASS: Port_3A 12.435
01235 NULL : Input_3A = 0 | 0.1 | 0.1
01235 TEST: Input_3A 0.0 +/- 0.1
01235 PASS: Input_3A 0.0
01236 #set power supply
01236 PwrSetVoltage = 130 : NULL : WAIT = 0.1
01237 #test power supply
01237 NULL : MeterVolts = 13.0 | 0.155 | 0.1
01237 TEST: MeterVolts 13.0 +/- 0.155
01237 PASS: MeterVolts 12.947
01238 #test feedback
01238 NULL : Port_3A = 13.0 | 0.155 | 0.1
01238 TEST: Port_3A 13.0 +/- 0.155
01238 PASS: Port_3A 12.93
01239 NULL : Input_3A = 0 | 0.1 | 0.1
01239 TEST: Input_3A 0.0 +/- 0.1
01239 PASS: Input_3A 0.0
01240 #set power supply
01240 PwrSetVoltage = 135 : NULL : WAIT = 0.1
01241 #test power supply
01241 NULL : MeterVolts = 13.5 | 0.155 | 0.1
01241 TEST: MeterVolts 13.5 +/- 0.155
01241 PASS: MeterVolts 13.37
01242 #test feedback
01242 NULL : Port_3A = 13.5 | 0.155 | 0.1
01242 TEST: Port_3A 13.5 +/- 0.155
01242 PASS: Port_3A 13.425
01243 NULL : Input_3A = 0 | 0.1 | 0.1
01243 TEST: Input_3A 0.0 +/- 0.1
01243 PASS: Input_3A 0.0
01244 #set power supply
01244 PwrSetVoltage = 140 : NULL : WAIT = 0.1
01245 #test power supply
01245 NULL : MeterVolts = 14.0 | 0.155 | 0.1
01245 TEST: MeterVolts 14.0 +/- 0.155
01245 PASS: MeterVolts 13.941
01246 #test feedback
01246 NULL : Port_3A = 14.0 | 0.155 | 0.1
01246 TEST: Port_3A 14.0 +/- 0.155
01246 PASS: Port_3A 13.928
01247 NULL : Input_3A = 0 | 0.1 | 0.1
01247 TEST: Input_3A 0.0 +/- 0.1
01247 PASS: Input_3A 0.0
01248 #set power supply
01248 PwrSetVoltage = 145 : NULL : WAIT = 0.1
01249 #test power supply
01249 NULL : MeterVolts = 14.5 | 0.155 | 0.1
01249 TEST: MeterVolts 14.5 +/- 0.155
01249 PASS: MeterVolts 14.437
01250 #test feedback
01250 NULL : Port_3A = 14.5 | 0.155 | 0.1
01250 TEST: Port_3A 14.5 +/- 0.155
01250 PASS: Port_3A 14.415
01251 NULL : Input_3A = 0 | 0.1 | 0.1
01251 TEST: Input_3A 0.0 +/- 0.1
01251 PASS: Input_3A 0.0
01252 #set power supply
01252 PwrSetVoltage = 150 : NULL : WAIT = 0.1
01253 #test power supply
01253 NULL : MeterVolts = 15.0 | 0.155 | 0.1
01253 TEST: MeterVolts 15.0 +/- 0.155
01253 PASS: MeterVolts 14.93
01254 #test feedback
01254 NULL : Port_3A = 15.0 | 0.155 | 0.1
01254 TEST: Port_3A 15.0 +/- 0.155
01254 PASS: Port_3A 14.918
01255 NULL : Input_3A = 0 | 0.1 | 0.1
01255 TEST: Input_3A 0.0 +/- 0.1
01255 PASS: Input_3A 0.0
01256 #set power supply
01256 PwrSetVoltage = 155 : NULL : WAIT = 0.1
01257 #test power supply
01257 NULL : MeterVolts = 15.5 | 0.155 | 0.1
01257 TEST: MeterVolts 15.5 +/- 0.155
01257 PASS: MeterVolts 15.421
01258 #test feedback
01258 NULL : Port_3A = 15.5 | 0.155 | 0.1
01258 TEST: Port_3A 15.5 +/- 0.155
01258 PASS: Port_3A 15.404
01259 NULL : Input_3A = 0 | 0.1 | 0.1
01259 TEST: Input_3A 0.0 +/- 0.1
01259 PASS: Input_3A 0.0
01260 #set power supply
01260 PwrSetVoltage = 160 : NULL : WAIT = 0.1
01261 #test power supply
01261 NULL : MeterVolts = 16.0 | 0.155 | 0.1
01261 TEST: MeterVolts 16.0 +/- 0.155
01261 PASS: MeterVolts 15.952
01262 #test feedback
01262 NULL : Port_3A = 16.0 | 0.155 | 0.1
01262 TEST: Port_3A 16.0 +/- 0.155
01262 PASS: Port_3A 15.932
01263 NULL : Input_3A = 0 | 0.1 | 0.1
01263 TEST: Input_3A 0.0 +/- 0.1
01263 PASS: Input_3A 0.0
01264 #set power supply
01264 PwrSetVoltage = 165 : NULL : WAIT = 0.1
01265 #test power supply
01265 NULL : MeterVolts = 16.5 | 0.155 | 0.1
01265 TEST: MeterVolts 16.5 +/- 0.155
01265 PASS: MeterVolts 16.357
01266 #test feedback
01266 NULL : Port_3A = 16.5 | 0.155 | 0.1
01266 TEST: Port_3A 16.5 +/- 0.155
01266 PASS: Port_3A 16.443
01267 NULL : Input_3A = 0 | 0.1 | 0.1
01267 TEST: Input_3A 0.0 +/- 0.1
01267 PASS: Input_3A 0.0
01268 #set power supply
01268 PwrSetVoltage = 170 : NULL : WAIT = 0.1
01269 #test power supply
01269 NULL : MeterVolts = 17.0 | 0.155 | 0.1
01269 TEST: MeterVolts 17.0 +/- 0.155
01269 PASS: MeterVolts 16.895
01270 #test feedback
01270 NULL : Port_3A = 17.0 | 0.155 | 0.1
01270 TEST: Port_3A 17.0 +/- 0.155
01270 PASS: Port_3A 16.946
01271 NULL : Input_3A = 0 | 0.1 | 0.1
01271 TEST: Input_3A 0.0 +/- 0.1
01271 PASS: Input_3A 0.0
01272 #set power supply
01272 PwrSetVoltage = 175 : NULL : WAIT = 0.1
01273 #test power supply
01273 NULL : MeterVolts = 17.5 | 0.155 | 0.1
01273 TEST: MeterVolts 17.5 +/- 0.155
01273 PASS: MeterVolts 17.458
01274 #test feedback
01274 NULL : Port_3A = 17.5 | 0.155 | 0.1
01274 TEST: Port_3A 17.5 +/- 0.155
01274 PASS: Port_3A 17.44
01275 NULL : Input_3A = 0 | 0.1 | 0.1
01275 TEST: Input_3A 0.0 +/- 0.1
01275 PASS: Input_3A 0.0
01276 #set power supply
01276 PwrSetVoltage = 180 : NULL : WAIT = 0.1
01277 #test power supply
01277 NULL : MeterVolts = 18.0 | 0.155 | 0.1
01277 TEST: MeterVolts 18.0 +/- 0.155
01277 PASS: MeterVolts 17.957
01278 #test feedback
01278 NULL : Port_3A = 18.0 | 0.155 | 0.1
01278 TEST: Port_3A 18.0 +/- 0.155
01278 PASS: Port_3A 17.935
01279 NULL : Input_3A = 0 | 0.1 | 0.1
01279 TEST: Input_3A 0.0 +/- 0.1
01279 PASS: Input_3A 0.0
01280 #set power supply
01280 PwrSetVoltage = 185 : NULL : WAIT = 0.1
01281 #test power supply
01281 NULL : MeterVolts = 18.5 | 0.155 | 0.1
01281 TEST: MeterVolts 18.5 +/- 0.155
01281 PASS: MeterVolts 18.45
01282 #test feedback
01282 NULL : Port_3A = 18.5 | 0.155 | 0.1
01282 TEST: Port_3A 18.5 +/- 0.155
01282 PASS: Port_3A 18.43
01283 NULL : Input_3A = 0 | 0.1 | 0.1
01283 TEST: Input_3A 0.0 +/- 0.1
01283 PASS: Input_3A 0.0
01284 #set power supply
01284 PwrSetVoltage = 190 : NULL : WAIT = 0.1
01285 #test power supply
01285 NULL : MeterVolts = 19.0 | 0.155 | 0.1
01285 TEST: MeterVolts 19.0 +/- 0.155
01285 PASS: MeterVolts 18.948
01286 #test feedback
01286 NULL : Port_3A = 19.0 | 0.155 | 0.1
01286 TEST: Port_3A 19.0 +/- 0.155
01286 PASS: Port_3A 18.933
01287 NULL : Input_3A = 0 | 0.1 | 0.1
01287 TEST: Input_3A 0.0 +/- 0.1
01287 PASS: Input_3A 0.0
01288 #set power supply
01288 PwrSetVoltage = 195 : NULL : WAIT = 0.1
01289 #test power supply
01289 NULL : MeterVolts = 19.5 | 0.155 | 0.1
01289 TEST: MeterVolts 19.5 +/- 0.155
01289 PASS: MeterVolts 19.45
01290 #test feedback
01290 NULL : Port_3A = 19.5 | 0.155 | 0.1
01290 TEST: Port_3A 19.5 +/- 0.155
01290 PASS: Port_3A 19.436
01291 NULL : Input_3A = 0 | 0.1 | 0.1
01291 TEST: Input_3A 0.0 +/- 0.1
01291 PASS: Input_3A 0.0
01292 #set power supply
01292 PwrSetVoltage = 200 : NULL : WAIT = 0.1
01293 #test power supply
01293 NULL : MeterVolts = 20.0 | 0.155 | 0.1
01293 TEST: MeterVolts 20.0 +/- 0.155
01293 PASS: MeterVolts 19.944
01294 #test feedback
01294 NULL : Port_3A = 20.0 | 0.155 | 0.1
01294 TEST: Port_3A 20.0 +/- 0.155
01294 PASS: Port_3A 19.939
01295 NULL : Input_3A = 0 | 0.1 | 0.1
01295 TEST: Input_3A 0.0 +/- 0.1
01295 PASS: Input_3A 0.0
01296 #set power supply
01296 PwrSetVoltage = 205 : NULL : WAIT = 0.1
01297 #test power supply
01297 NULL : MeterVolts = 20.5 | 0.155 | 0.1
01297 TEST: MeterVolts 20.5 +/- 0.155
01297 PASS: MeterVolts 20.444
01298 #test feedback
01298 NULL : Port_3A = 20.5 | 0.155 | 0.1
01298 TEST: Port_3A 20.5 +/- 0.155
01298 PASS: Port_3A 20.426
01299 NULL : Input_3A = 0 | 0.1 | 0.1
01299 TEST: Input_3A 0.0 +/- 0.1
01299 PASS: Input_3A 0.0
01300 #set power supply
01300 PwrSetVoltage = 210 : NULL : WAIT = 0.1
01301 #test power supply
01301 NULL : MeterVolts = 21.0 | 0.155 | 0.1
01301 TEST: MeterVolts 21.0 +/- 0.155
01301 PASS: MeterVolts 20.934
01302 #test feedback
01302 NULL : Port_3A = 21.0 | 0.155 | 0.1
01302 TEST: Port_3A 21.0 +/- 0.155
01302 PASS: Port_3A 20.921
01303 NULL : Input_3A = 0 | 0.1 | 0.1
01303 TEST: Input_3A 0.0 +/- 0.1
01303 PASS: Input_3A 0.0
01304 #set power supply
01304 PwrSetVoltage = 215 : NULL : WAIT = 0.1
01305 #test power supply
01305 NULL : MeterVolts = 21.5 | 0.155 | 0.1
01305 TEST: MeterVolts 21.5 +/- 0.155
01305 PASS: MeterVolts 21.429
01306 #test feedback
01306 NULL : Port_3A = 21.5 | 0.155 | 0.1
01306 TEST: Port_3A 21.5 +/- 0.155
01306 PASS: Port_3A 21.423
01307 NULL : Input_3A = 0 | 0.1 | 0.1
01307 TEST: Input_3A 0.0 +/- 0.1
01307 PASS: Input_3A 0.0
01308 #set power supply
01308 PwrSetVoltage = 220 : NULL : WAIT = 0.1
01309 #test power supply
01309 NULL : MeterVolts = 22.0 | 0.155 | 0.1
01309 TEST: MeterVolts 22.0 +/- 0.155
01309 PASS: MeterVolts 21.929
01310 #test feedback
01310 NULL : Port_3A = 22.0 | 0.155 | 0.1
01310 TEST: Port_3A 22.0 +/- 0.155
01310 PASS: Port_3A 21.918
01311 NULL : Input_3A = 0 | 0.1 | 0.1
01311 TEST: Input_3A 0.0 +/- 0.1
01311 PASS: Input_3A 0.0
01312 #set power supply
01312 PwrSetVoltage = 225 : NULL : WAIT = 0.1
01313 #test power supply
01313 NULL : MeterVolts = 22.5 | 0.155 | 0.1
01313 TEST: MeterVolts 22.5 +/- 0.155
01313 PASS: MeterVolts 22.422
01314 #test feedback
01314 NULL : Port_3A = 22.5 | 0.155 | 0.1
01314 TEST: Port_3A 22.5 +/- 0.155
01314 PASS: Port_3A 22.413
01315 NULL : Input_3A = 0 | 0.1 | 0.1
01315 TEST: Input_3A 0.0 +/- 0.1
01315 PASS: Input_3A 0.0
01316 #set power supply
01316 PwrSetVoltage = 230 : NULL : WAIT = 0.1
01317 #test power supply
01317 NULL : MeterVolts = 23.0 | 0.155 | 0.1
01317 TEST: MeterVolts 23.0 +/- 0.155
01317 PASS: MeterVolts 22.921
01318 #test feedback
01318 NULL : Port_3A = 23.0 | 0.155 | 0.1
01318 TEST: Port_3A 23.0 +/- 0.155
01318 PASS: Port_3A 22.9
01319 NULL : Input_3A = 0 | 0.1 | 0.1
01319 TEST: Input_3A 0.0 +/- 0.1
01319 PASS: Input_3A 0.0
01320 #set power supply
01320 PwrSetVoltage = 235 : NULL : WAIT = 0.1
01321 #test power supply
01321 NULL : MeterVolts = 23.5 | 0.155 | 0.1
01321 TEST: MeterVolts 23.5 +/- 0.155
01321 PASS: MeterVolts 23.412
01322 #test feedback
01322 NULL : Port_3A = 23.5 | 0.155 | 0.1
01322 TEST: Port_3A 23.5 +/- 0.155
01322 PASS: Port_3A 23.403
01323 NULL : Input_3A = 0 | 0.1 | 0.1
01323 TEST: Input_3A 0.0 +/- 0.1
01323 PASS: Input_3A 0.0
01324 #set power supply
01324 PwrSetVoltage = 240 : NULL : WAIT = 0.1
01325 #test power supply
01325 NULL : MeterVolts = 24.0 | 0.155 | 0.1
01325 TEST: MeterVolts 24.0 +/- 0.155
01325 PASS: MeterVolts 23.931
01326 #test feedback
01326 NULL : Port_3A = 24.0 | 0.155 | 0.1
01326 TEST: Port_3A 24.0 +/- 0.155
01326 PASS: Port_3A 23.922
01327 NULL : Input_3A = 0 | 0.1 | 0.1
01327 TEST: Input_3A 0.0 +/- 0.1
01327 PASS: Input_3A 0.0
01328 #set power supply
01328 PwrSetVoltage = 245 : NULL : WAIT = 0.1
01329 #test power supply
01329 NULL : MeterVolts = 24.5 | 0.155 | 0.1
01329 TEST: MeterVolts 24.5 +/- 0.155
01329 PASS: MeterVolts 24.39
01330 #test feedback
01330 NULL : Port_3A = 24.5 | 0.155 | 0.1
01330 TEST: Port_3A 24.5 +/- 0.155
01330 PASS: Port_3A 24.425
01331 NULL : Input_3A = 0 | 0.1 | 0.1
01331 TEST: Input_3A 0.0 +/- 0.1
01331 PASS: Input_3A 0.0
01332 #set power supply
01332 PwrSetVoltage = 250 : NULL : WAIT = 0.1
01333 #test power supply
01333 NULL : MeterVolts = 25.0 | 0.155 | 0.1
01333 TEST: MeterVolts 25.0 +/- 0.155
01333 PASS: MeterVolts 24.932
01334 #test feedback
01334 NULL : Port_3A = 25.0 | 0.155 | 0.1
01334 TEST: Port_3A 25.0 +/- 0.155
01334 PASS: Port_3A 24.928
01335 NULL : Input_3A = 0 | 0.1 | 0.1
01335 TEST: Input_3A 0.0 +/- 0.1
01335 PASS: Input_3A 0.0
01336 #set power supply
01336 PwrSetVoltage = 255 : NULL : WAIT = 0.1
01337 #test power supply
01337 NULL : MeterVolts = 25.5 | 0.155 | 0.1
01337 TEST: MeterVolts 25.5 +/- 0.155
01337 PASS: MeterVolts 25.437
01338 #test feedback
01338 NULL : Port_3A = 25.5 | 0.155 | 0.1
01338 TEST: Port_3A 25.5 +/- 0.155
01338 PASS: Port_3A 25.431
01339 NULL : Input_3A = 0 | 0.1 | 0.1
01339 TEST: Input_3A 0.0 +/- 0.1
01339 PASS: Input_3A 0.0
01340 #set power supply
01340 PwrSetVoltage = 260 : NULL : WAIT = 0.1
01341 #test power supply
01341 NULL : MeterVolts = 26.0 | 0.155 | 0.1
01341 TEST: MeterVolts 26.0 +/- 0.155
01341 PASS: MeterVolts 25.914
01342 #test feedback
01342 NULL : Port_3A = 26.0 | 0.155 | 0.1
01342 TEST: Port_3A 26.0 +/- 0.155
01342 PASS: Port_3A 25.901
01343 NULL : Input_3A = 0 | 0.1 | 0.1
01343 TEST: Input_3A 0.0 +/- 0.1
01343 PASS: Input_3A 0.0
01344 #set power supply
01344 PwrSetVoltage = 265 : NULL : WAIT = 0.1
01345 #test power supply
01345 NULL : MeterVolts = 26.5 | 0.155 | 0.1
01345 TEST: MeterVolts 26.5 +/- 0.155
01345 PASS: MeterVolts 26.42
01346 #test feedback
01346 NULL : Port_3A = 26.5 | 0.155 | 0.1
01346 TEST: Port_3A 26.5 +/- 0.155
01346 PASS: Port_3A 26.421
01347 NULL : Input_3A = 0 | 0.1 | 0.1
01347 TEST: Input_3A 0.0 +/- 0.1
01347 PASS: Input_3A 0.0
01348 #set power supply
01348 PwrSetVoltage = 270 : NULL : WAIT = 0.1
01349 #test power supply
01349 NULL : MeterVolts = 27.0 | 0.155 | 0.1
01349 TEST: MeterVolts 27.0 +/- 0.155
01349 PASS: MeterVolts 26.927
01350 #test feedback
01350 NULL : Port_3A = 27.0 | 0.155 | 0.1
01350 TEST: Port_3A 27.0 +/- 0.155
01350 PASS: Port_3A 26.923
01351 NULL : Input_3A = 0 | 0.1 | 0.1
01351 TEST: Input_3A 0.0 +/- 0.1
01351 PASS: Input_3A 0.0
01352 #set power supply
01352 PwrSetVoltage = 275 : NULL : WAIT = 0.1
01353 #test power supply
01353 NULL : MeterVolts = 27.5 | 0.155 | 0.1
01353 TEST: MeterVolts 27.5 +/- 0.155
01353 PASS: MeterVolts 27.424
01354 #test feedback
01354 NULL : Port_3A = 27.5 | 0.155 | 0.1
01354 TEST: Port_3A 27.5 +/- 0.155
01354 PASS: Port_3A 27.426
01355 NULL : Input_3A = 0 | 0.1 | 0.1
01355 TEST: Input_3A 0.0 +/- 0.1
01355 PASS: Input_3A 0.0
01356 #set power supply
01356 PwrSetVoltage = 280 : NULL : WAIT = 0.1
01357 #test power supply
01357 NULL : MeterVolts = 28.0 | 0.155 | 0.1
01357 TEST: MeterVolts 28.0 +/- 0.155
01357 PASS: MeterVolts 27.925
01358 #test feedback
01358 NULL : Port_3A = 28.0 | 0.155 | 0.1
01358 TEST: Port_3A 28.0 +/- 0.155
01358 PASS: Port_3A 27.921
01359 NULL : Input_3A = 0 | 0.1 | 0.1
01359 TEST: Input_3A 0.0 +/- 0.1
01359 PASS: Input_3A 0.0
01360 #set power supply
01360 PwrSetVoltage = 285 : NULL : WAIT = 0.1
01361 #test power supply
01361 NULL : MeterVolts = 28.5 | 0.155 | 0.1
01361 TEST: MeterVolts 28.5 +/- 0.155
01361 PASS: MeterVolts 28.416
01362 #test feedback
01362 NULL : Port_3A = 28.5 | 0.155 | 0.1
01362 TEST: Port_3A 28.5 +/- 0.155
01362 PASS: Port_3A 28.424
01363 NULL : Input_3A = 0 | 0.1 | 0.1
01363 TEST: Input_3A 0.0 +/- 0.1
01363 PASS: Input_3A 0.0
01364 #set power supply
01364 PwrSetVoltage = 290 : NULL : WAIT = 0.1
01365 #test power supply
01365 NULL : MeterVolts = 29.0 | 0.155 | 0.1
01365 TEST: MeterVolts 29.0 +/- 0.155
01365 PASS: MeterVolts 28.92
01366 #test feedback
01366 NULL : Port_3A = 29.0 | 0.155 | 0.1
01366 TEST: Port_3A 29.0 +/- 0.155
01366 PASS: Port_3A 28.927
01367 NULL : Input_3A = 0 | 0.1 | 0.1
01367 TEST: Input_3A 0.0 +/- 0.1
01367 PASS: Input_3A 0.0
01368 #set power supply
01368 PwrSetVoltage = 295 : NULL : WAIT = 0.1
01369 #test power supply
01369 NULL : MeterVolts = 29.5 | 0.155 | 0.1
01369 TEST: MeterVolts 29.5 +/- 0.155
01369 PASS: MeterVolts 29.424
01370 #test feedback
01370 NULL : Port_3A = 29.5 | 0.155 | 0.1
01370 TEST: Port_3A 29.5 +/- 0.155
01370 PASS: Port_3A 29.422
01371 NULL : Input_3A = 0 | 0.1 | 0.1
01371 TEST: Input_3A 0.0 +/- 0.1
01371 PASS: Input_3A 0.0
01372 #set power supply
01372 PwrSetVoltage = 300 : NULL : WAIT = 0.1
01373 #test power supply
01373 NULL : MeterVolts = 30.0 | 0.155 | 0.1
01373 TEST: MeterVolts 30.0 +/- 0.155
01373 PASS: MeterVolts 29.922
01374 #test feedback
01374 NULL : Port_3A = 30.0 | 0.155 | 0.1
01374 TEST: Port_3A 30.0 +/- 0.155
01374 PASS: Port_3A 29.933
01375 NULL : Input_3A = 0 | 0.1 | 0.1
01375 TEST: Input_3A 0.0 +/- 0.1
01375 PASS: Input_3A 0.0
01376 #set power supply
01376 PwrSetVoltage = 305 : NULL : WAIT = 0.1
01377 #test power supply
01377 NULL : MeterVolts = 30.5 | 0.155 | 0.1
01377 TEST: MeterVolts 30.5 +/- 0.155
01377 PASS: MeterVolts 30.427
01378 #test feedback
01378 NULL : Port_3A = 30.5 | 0.155 | 0.1
01378 TEST: Port_3A 30.5 +/- 0.155
01378 PASS: Port_3A 30.428
01379 NULL : Input_3A = 0 | 0.1 | 0.1
01379 TEST: Input_3A 0.0 +/- 0.1
01379 PASS: Input_3A 0.0
01380 #set power supply
01380 PwrSetVoltage = 310 : NULL : WAIT = 0.1
01381 #test power supply
01381 NULL : MeterVolts = 31.0 | 0.155 | 0.1
01381 TEST: MeterVolts 31.0 +/- 0.155
01381 PASS: MeterVolts 30.858
01382 #test feedback
01382 NULL : Port_3A = 31.0 | 0.155 | 0.1
01382 TEST: Port_3A 31.0 +/- 0.155
01382 PASS: Port_3A 30.931
01383 NULL : Input_3A = 0 | 0.1 | 0.1
01383 TEST: Input_3A 0.0 +/- 0.1
01383 PASS: Input_3A 0.0
01384 #set power supply
01384 PwrSetVoltage = 315 : NULL : WAIT = 0.1
01385 #test power supply
01385 NULL : MeterVolts = 31.5 | 0.155 | 0.1
01385 TEST: MeterVolts 31.5 +/- 0.155
01385 PASS: MeterVolts 31.399
01386 #test feedback
01386 NULL : Port_3A = 31.5 | 0.155 | 0.1
01386 TEST: Port_3A 31.5 +/- 0.155
01386 PASS: Port_3A 31.426
01387 NULL : Input_3A = 0 | 0.1 | 0.1
01387 TEST: Input_3A 0.0 +/- 0.1
01387 PASS: Input_3A 0.0
01388 #set power supply
01388 PwrSetVoltage = 320 : NULL : WAIT = 0.1
01389 #test power supply
01389 NULL : MeterVolts = 32.0 | 0.155 | 0.1
01389 TEST: MeterVolts 32.0 +/- 0.155
01389 PASS: MeterVolts 31.923
01390 #test feedback
01390 NULL : Port_3A = 32.0 | 0.155 | 0.1
01390 TEST: Port_3A 32.0 +/- 0.155
01390 PASS: Port_3A 31.929
01391 NULL : Input_3A = 0 | 0.1 | 0.1
01391 TEST: Input_3A 0.0 +/- 0.1
01391 PASS: Input_3A 0.0
01392 #set power supply
01392 PwrSetVoltage = 325 : NULL : WAIT = 0.1
01393 #test power supply
01393 NULL : MeterVolts = 32.5 | 0.155 | 0.1
01393 TEST: MeterVolts 32.5 +/- 0.155
01393 PASS: MeterVolts 32.419
01394 #test feedback
01394 NULL : Port_3A = 32.5 | 0.155 | 0.1
01394 TEST: Port_3A 32.5 +/- 0.155
01394 PASS: Port_3A 32.432
01395 NULL : Input_3A = 0 | 0.1 | 0.1
01395 TEST: Input_3A 0.0 +/- 0.1
01395 PASS: Input_3A 0.0
01396 #set power supply
01396 PwrSetVoltage = 330 : NULL : WAIT = 0.1
01397 #test power supply
01397 NULL : MeterVolts = 33.0 | 0.155 | 0.1
01397 TEST: MeterVolts 33.0 +/- 0.155
01397 PASS: MeterVolts 32.924
01398 #test feedback
01398 NULL : Port_3A = 33.0 | 0.155 | 0.1
01398 TEST: Port_3A 33.0 +/- 0.155
01398 PASS: Port_3A 32.935
01399 NULL : Input_3A = 0 | 0.1 | 0.1
01399 TEST: Input_3A 0.0 +/- 0.1
01399 PASS: Input_3A 0.0
01400 #set power supply
01400 PwrSetVoltage = 335 : NULL : WAIT = 0.1
01401 #test power supply
01401 NULL : MeterVolts = 33.5 | 0.155 | 0.1
01401 TEST: MeterVolts 33.5 +/- 0.155
01401 PASS: MeterVolts 33.427
01402 #test feedback
01402 NULL : Port_3A = 0 | 0.1 | 0.1
01402 TEST: Port_3A 0.0 +/- 0.1
01402 PASS: Port_3A 0.0
01403 NULL : Input_3A = 2 | 0.1 | 0.1
01403 TEST: Input_3A 2.0 +/- 0.1
01403 PASS: Input_3A 2.0
01404 #set power supply
01404 PwrSetVoltage = 336 : NULL : WAIT = 0.1
01405 #test power supply
01405 NULL : MeterVolts = 33.6 | 0.155 | 0.1
01405 TEST: MeterVolts 33.6 +/- 0.155
01405 PASS: MeterVolts 33.506
01406 #test feedback
01406 NULL : Port_3A = 0 | 0.1 | 0.1
01406 TEST: Port_3A 0.0 +/- 0.1
01406 PASS: Port_3A 0.0
01407 NULL : Input_3A = 2 | 0.1 | 0.1
01407 TEST: Input_3A 2.0 +/- 0.1
01407 PASS: Input_3A 2.0
01408 
01408 #Finished with port
01408 #switch out input
01408 J2_03 = 0 : NULL : WAIT = 0.1
01409 
01409 #-----setup 39009-----
01409 #configure as Output Digital ON/OFF
01409 Command = 82, MODE1 = 0, MODE2 = 0, Enable_24VDC = 0, ADRaw = 0 : NULL : WAIT = 0.5
01410 Command = 83, MODE1A = 6, MODE1B = 6, MODE2A = 1, MODE2B = 1, MODE3A = 6, MODE3B = 6, MODE4A = 1, MODE4B = 1, MODE5A = 6, MODE5B = 6, MODE6A = 1, MODE6B = 1, MODE7A = 6, MODE7B = 6 : NULL : WAIT = 0.5
01411 Command = 0, MODE1A = 0, MODE1B = 0, MODE2A = 0, MODE2B = 0, MODE3A = 0, MODE3B = 0, MODE4A = 0, MODE4B = 0, MODE5A = 0, MODE5B = 0, MODE6A = 0, MODE6B = 0, MODE7A = 0, MODE7B = 0 : NULL
01412 Command = 84, MODE8A = 1, MODE8B = 1, MODE9A = 6, MODE9B = 6, MODE10A = 1, MODE10B = 1, GLOBAL_KP = 255, GLOBAL_KI = 255 : NULL : WAIT = 0.5
01413 Command = 0, MODE8A = 0, MODE8B = 0, MODE9A = 0, MODE9B = 0, MODE10A = 0, MODE10B = 0, GLOBAL_KP = 0, GLOBAL_KI = 0 : NULL
01414 Command = 82, FaultReset = 1, SaveSettings = 1, Enable_DPLTx = 1, Enable_DPLF1 = 1, Enable_DPLF2 = 1 : NULL : WAIT = 0.5
01415 #clear multiplex
01415 Command = 0, FaultReset = 0, SaveSettings = 0, Enable_DPLTx = 0, Enable_DPLF1 = 0, Enable_DPLF2 = 0 : NULL
01416 #set power supply and wait
01416 PwrSetVoltage = 10 : NULL : WAIT = 0.1
01417 #test power supply
01417 NULL : MeterVolts = 1 | 0.155 | 0.1
01417 TEST: MeterVolts 1.0 +/- 0.155
01417 PASS: MeterVolts 1.058
01418 #switch input to load line
01418 J2_04 = 1 : NULL : WAIT = 0.1
01419 
01419 
01419 #Sweep of Port_3B from 1 to 32 in 0.5 increments
01419 
01419 #set power supply
01419 PwrSetVoltage = 10 : NULL : WAIT = 0.1
01420 #test power supply
01420 NULL : MeterVolts = 1 | 0.155 | 0.1
01420 TEST: MeterVolts 1.0 +/- 0.155
01420 PASS: MeterVolts 0.997
01421 #test feedback
01421 NULL : Port_3B = 1 | 0.155 | 0.1
01421 TEST: Port_3B 1.0 +/- 0.155
01421 PASS: Port_3B 0.973
01422 NULL : Input_3B = 0 | 0.1 | 0.1
01422 TEST: Input_3B 0.0 +/- 0.1
01422 PASS: Input_3B 0.0
01423 #set power supply
01423 PwrSetVoltage = 15 : NULL : WAIT = 0.1
01424 #test power supply
01424 NULL : MeterVolts = 1.5 | 0.155 | 0.1
01424 TEST: MeterVolts 1.5 +/- 0.155
01424 PASS: MeterVolts 1.509
01425 #test feedback
01425 NULL : Port_3B = 1.5 | 0.155 | 0.1
01425 TEST: Port_3B 1.5 +/- 0.155
01425 PASS: Port_3B 1.5
01426 NULL : Input_3B = 0 | 0.1 | 0.1
01426 TEST: Input_3B 0.0 +/- 0.1
01426 PASS: Input_3B 0.0
01427 #set power supply
01427 PwrSetVoltage = 20 : NULL : WAIT = 0.1
01428 #test power supply
01428 NULL : MeterVolts = 2.0 | 0.155 | 0.1
01428 TEST: MeterVolts 2.0 +/- 0.155
01428 PASS: MeterVolts 2.005
01429 #test feedback
01429 NULL : Port_3B = 2.0 | 0.155 | 0.1
01429 TEST: Port_3B 2.0 +/- 0.155
01429 PASS: Port_3B 1.987
01430 NULL : Input_3B = 0 | 0.1 | 0.1
01430 TEST: Input_3B 0.0 +/- 0.1
01430 PASS: Input_3B 0.0
01431 #set power supply
01431 PwrSetVoltage = 25 : NULL : WAIT = 0.1
01432 #test power supply
01432 NULL : MeterVolts = 2.5 | 0.155 | 0.1
01432 TEST: MeterVolts 2.5 +/- 0.155
01432 PASS: MeterVolts 2.502
01433 #test feedback
01433 NULL : Port_3B = 2.5 | 0.155 | 0.1
01433 TEST: Port_3B 2.5 +/- 0.155
01433 PASS: Port_3B 2.482
01434 NULL : Input_3B = 0 | 0.1 | 0.1
01434 TEST: Input_3B 0.0 +/- 0.1
01434 PASS: Input_3B 0.0
01435 #set power supply
01435 PwrSetVoltage = 30 : NULL : WAIT = 0.1
01436 #test power supply
01436 NULL : MeterVolts = 3.0 | 0.155 | 0.1
01436 TEST: MeterVolts 3.0 +/- 0.155
01436 PASS: MeterVolts 2.851
01437 #test feedback
01437 NULL : Port_3B = 3.0 | 0.155 | 0.1
01437 TEST: Port_3B 3.0 +/- 0.155
01437 PASS: Port_3B 2.969
01438 NULL : Input_3B = 0 | 0.1 | 0.1
01438 TEST: Input_3B 0.0 +/- 0.1
01438 PASS: Input_3B 0.0
01439 #set power supply
01439 PwrSetVoltage = 35 : NULL : WAIT = 0.1
01440 #test power supply
01440 NULL : MeterVolts = 3.5 | 0.155 | 0.1
01440 TEST: MeterVolts 3.5 +/- 0.155
01440 PASS: MeterVolts 3.487
01441 #test feedback
01441 NULL : Port_3B = 3.5 | 0.155 | 0.1
01441 TEST: Port_3B 3.5 +/- 0.155
01441 PASS: Port_3B 3.455
01442 NULL : Input_3B = 0 | 0.1 | 0.1
01442 TEST: Input_3B 0.0 +/- 0.1
01442 PASS: Input_3B 0.0
01443 #set power supply
01443 PwrSetVoltage = 40 : NULL : WAIT = 0.1
01444 #test power supply
01444 NULL : MeterVolts = 4.0 | 0.155 | 0.1
01444 TEST: MeterVolts 4.0 +/- 0.155
01444 PASS: MeterVolts 3.987
01445 #test feedback
01445 NULL : Port_3B = 4.0 | 0.155 | 0.1
01445 TEST: Port_3B 4.0 +/- 0.155
01445 PASS: Port_3B 3.966
01446 NULL : Input_3B = 0 | 0.1 | 0.1
01446 TEST: Input_3B 0.0 +/- 0.1
01446 PASS: Input_3B 0.0
01447 #set power supply
01447 PwrSetVoltage = 45 : NULL : WAIT = 0.1
01448 #test power supply
01448 NULL : MeterVolts = 4.5 | 0.155 | 0.1
01448 TEST: MeterVolts 4.5 +/- 0.155
01448 PASS: MeterVolts 4.48
01449 #test feedback
01449 NULL : Port_3B = 4.5 | 0.155 | 0.1
01449 TEST: Port_3B 4.5 +/- 0.155
01449 PASS: Port_3B 4.453
01450 NULL : Input_3B = 0 | 0.1 | 0.1
01450 TEST: Input_3B 0.0 +/- 0.1
01450 PASS: Input_3B 0.0
01451 #set power supply
01451 PwrSetVoltage = 50 : NULL : WAIT = 0.1
01452 #test power supply
01452 NULL : MeterVolts = 5.0 | 0.155 | 0.1
01452 TEST: MeterVolts 5.0 +/- 0.155
01452 PASS: MeterVolts 4.981
01453 #test feedback
01453 NULL : Port_3B = 5.0 | 0.155 | 0.1
01453 TEST: Port_3B 5.0 +/- 0.155
01453 PASS: Port_3B 4.964
01454 NULL : Input_3B = 0 | 0.1 | 0.1
01454 TEST: Input_3B 0.0 +/- 0.1
01454 PASS: Input_3B 0.0
01455 #set power supply
01455 PwrSetVoltage = 55 : NULL : WAIT = 0.1
01456 #test power supply
01456 NULL : MeterVolts = 5.5 | 0.155 | 0.1
01456 TEST: MeterVolts 5.5 +/- 0.155
01456 PASS: MeterVolts 5.473
01457 #test feedback
01457 NULL : Port_3B = 5.5 | 0.155 | 0.1
01457 TEST: Port_3B 5.5 +/- 0.155
01457 PASS: Port_3B 5.443
01458 NULL : Input_3B = 0 | 0.1 | 0.1
01458 TEST: Input_3B 0.0 +/- 0.1
01458 PASS: Input_3B 0.0
01459 #set power supply
01459 PwrSetVoltage = 60 : NULL : WAIT = 0.1
01460 #test power supply
01460 NULL : MeterVolts = 6.0 | 0.155 | 0.1
01460 TEST: MeterVolts 6.0 +/- 0.155
01460 PASS: MeterVolts 5.971
01461 #test feedback
01461 NULL : Port_3B = 6.0 | 0.155 | 0.1
01461 TEST: Port_3B 6.0 +/- 0.155
01461 PASS: Port_3B 5.946
01462 NULL : Input_3B = 0 | 0.1 | 0.1
01462 TEST: Input_3B 0.0 +/- 0.1
01462 PASS: Input_3B 0.0
01463 #set power supply
01463 PwrSetVoltage = 65 : NULL : WAIT = 0.1
01464 #test power supply
01464 NULL : MeterVolts = 6.5 | 0.155 | 0.1
01464 TEST: MeterVolts 6.5 +/- 0.155
01464 PASS: MeterVolts 6.472
01465 #test feedback
01465 NULL : Port_3B = 6.5 | 0.155 | 0.1
01465 TEST: Port_3B 6.5 +/- 0.155
01465 PASS: Port_3B 6.44
01466 NULL : Input_3B = 0 | 0.1 | 0.1
01466 TEST: Input_3B 0.0 +/- 0.1
01466 PASS: Input_3B 0.0
01467 #set power supply
01467 PwrSetVoltage = 70 : NULL : WAIT = 0.1
01468 #test power supply
01468 NULL : MeterVolts = 7.0 | 0.155 | 0.1
01468 TEST: MeterVolts 7.0 +/- 0.155
01468 PASS: MeterVolts 6.967
01469 #test feedback
01469 NULL : Port_3B = 7.0 | 0.155 | 0.1
01469 TEST: Port_3B 7.0 +/- 0.155
01469 PASS: Port_3B 6.935
01470 NULL : Input_3B = 0 | 0.1 | 0.1
01470 TEST: Input_3B 0.0 +/- 0.1
01470 PASS: Input_3B 0.0
01471 #set power supply
01471 PwrSetVoltage = 75 : NULL : WAIT = 0.1
01472 #test power supply
01472 NULL : MeterVolts = 7.5 | 0.155 | 0.1
01472 TEST: MeterVolts 7.5 +/- 0.155
01472 PASS: MeterVolts 7.376
01473 #test feedback
01473 NULL : Port_3B = 7.5 | 0.155 | 0.1
01473 TEST: Port_3B 7.5 +/- 0.155
01473 PASS: Port_3B 7.438
01474 NULL : Input_3B = 0 | 0.1 | 0.1
01474 TEST: Input_3B 0.0 +/- 0.1
01474 PASS: Input_3B 0.0
01475 #set power supply
01475 PwrSetVoltage = 80 : NULL : WAIT = 0.1
01476 #test power supply
01476 NULL : MeterVolts = 8.0 | 0.155 | 0.1
01476 TEST: MeterVolts 8.0 +/- 0.155
01476 PASS: MeterVolts 7.934
01477 #test feedback
01477 NULL : Port_3B = 8.0 | 0.155 | 0.1
01477 TEST: Port_3B 8.0 +/- 0.155
01477 PASS: Port_3B 7.941
01478 NULL : Input_3B = 0 | 0.1 | 0.1
01478 TEST: Input_3B 0.0 +/- 0.1
01478 PASS: Input_3B 0.0
01479 #set power supply
01479 PwrSetVoltage = 85 : NULL : WAIT = 0.1
01480 #test power supply
01480 NULL : MeterVolts = 8.5 | 0.155 | 0.1
01480 TEST: MeterVolts 8.5 +/- 0.155
01480 PASS: MeterVolts 8.467
01481 #test feedback
01481 NULL : Port_3B = 8.5 | 0.155 | 0.1
01481 TEST: Port_3B 8.5 +/- 0.155
01481 PASS: Port_3B 8.436
01482 NULL : Input_3B = 0 | 0.1 | 0.1
01482 TEST: Input_3B 0.0 +/- 0.1
01482 PASS: Input_3B 0.0
01483 #set power supply
01483 PwrSetVoltage = 90 : NULL : WAIT = 0.1
01484 #test power supply
01484 NULL : MeterVolts = 9.0 | 0.155 | 0.1
01484 TEST: MeterVolts 9.0 +/- 0.155
01484 PASS: MeterVolts 8.965
01485 #test feedback
01485 NULL : Port_3B = 9.0 | 0.155 | 0.1
01485 TEST: Port_3B 9.0 +/- 0.155
01485 PASS: Port_3B 8.939
01486 NULL : Input_3B = 0 | 0.1 | 0.1
01486 TEST: Input_3B 0.0 +/- 0.1
01486 PASS: Input_3B 0.0
01487 #set power supply
01487 PwrSetVoltage = 95 : NULL : WAIT = 0.1
01488 #test power supply
01488 NULL : MeterVolts = 9.5 | 0.155 | 0.1
01488 TEST: MeterVolts 9.5 +/- 0.155
01488 PASS: MeterVolts 9.457
01489 #test feedback
01489 NULL : Port_3B = 9.5 | 0.155 | 0.1
01489 TEST: Port_3B 9.5 +/- 0.155
01489 PASS: Port_3B 9.426
01490 NULL : Input_3B = 0 | 0.1 | 0.1
01490 TEST: Input_3B 0.0 +/- 0.1
01490 PASS: Input_3B 0.0
01491 #set power supply
01491 PwrSetVoltage = 100 : NULL : WAIT = 0.1
01492 #test power supply
01492 NULL : MeterVolts = 10.0 | 0.155 | 0.1
01492 TEST: MeterVolts 10.0 +/- 0.155
01492 PASS: MeterVolts 9.96
01493 #test feedback
01493 NULL : Port_3B = 10.0 | 0.155 | 0.1
01493 TEST: Port_3B 10.0 +/- 0.155
01493 PASS: Port_3B 9.929
01494 NULL : Input_3B = 0 | 0.1 | 0.1
01494 TEST: Input_3B 0.0 +/- 0.1
01494 PASS: Input_3B 0.0
01495 #set power supply
01495 PwrSetVoltage = 105 : NULL : WAIT = 0.1
01496 #test power supply
01496 NULL : MeterVolts = 10.5 | 0.155 | 0.1
01496 TEST: MeterVolts 10.5 +/- 0.155
01496 PASS: MeterVolts 10.458
01497 #test feedback
01497 NULL : Port_3B = 10.5 | 0.155 | 0.1
01497 TEST: Port_3B 10.5 +/- 0.155
01497 PASS: Port_3B 10.424
01498 NULL : Input_3B = 0 | 0.1 | 0.1
01498 TEST: Input_3B 0.0 +/- 0.1
01498 PASS: Input_3B 0.0
01499 #set power supply
01499 PwrSetVoltage = 110 : NULL : WAIT = 0.1
01500 #test power supply
01500 NULL : MeterVolts = 11.0 | 0.155 | 0.1
01500 TEST: MeterVolts 11.0 +/- 0.155
01500 PASS: MeterVolts 10.852
01501 #test feedback
01501 NULL : Port_3B = 11.0 | 0.155 | 0.1
01501 TEST: Port_3B 11.0 +/- 0.155
01501 PASS: Port_3B 10.926
01502 NULL : Input_3B = 0 | 0.1 | 0.1
01502 TEST: Input_3B 0.0 +/- 0.1
01502 PASS: Input_3B 0.0
01503 #set power supply
01503 PwrSetVoltage = 115 : NULL : WAIT = 0.1
01504 #test power supply
01504 NULL : MeterVolts = 11.5 | 0.155 | 0.1
01504 TEST: MeterVolts 11.5 +/- 0.155
01504 PASS: MeterVolts 11.408
01505 #test feedback
01505 NULL : Port_3B = 11.5 | 0.155 | 0.1
01505 TEST: Port_3B 11.5 +/- 0.155
01505 PASS: Port_3B 11.421
01506 NULL : Input_3B = 0 | 0.1 | 0.1
01506 TEST: Input_3B 0.0 +/- 0.1
01506 PASS: Input_3B 0.0
01507 #set power supply
01507 PwrSetVoltage = 120 : NULL : WAIT = 0.1
01508 #test power supply
01508 NULL : MeterVolts = 12.0 | 0.155 | 0.1
01508 TEST: MeterVolts 12.0 +/- 0.155
01508 PASS: MeterVolts 11.945
01509 #test feedback
01509 NULL : Port_3B = 12.0 | 0.155 | 0.1
01509 TEST: Port_3B 12.0 +/- 0.155
01509 PASS: Port_3B 11.908
01510 NULL : Input_3B = 0 | 0.1 | 0.1
01510 TEST: Input_3B 0.0 +/- 0.1
01510 PASS: Input_3B 0.0
01511 #set power supply
01511 PwrSetVoltage = 125 : NULL : WAIT = 0.1
01512 #test power supply
01512 NULL : MeterVolts = 12.5 | 0.155 | 0.1
01512 TEST: MeterVolts 12.5 +/- 0.155
01512 PASS: MeterVolts 12.447
01513 #test feedback
01513 NULL : Port_3B = 12.5 | 0.155 | 0.1
01513 TEST: Port_3B 12.5 +/- 0.155
01513 PASS: Port_3B 12.411
01514 NULL : Input_3B = 0 | 0.1 | 0.1
01514 TEST: Input_3B 0.0 +/- 0.1
01514 PASS: Input_3B 0.0
01515 #set power supply
01515 PwrSetVoltage = 130 : NULL : WAIT = 0.1
01516 #test power supply
01516 NULL : MeterVolts = 13.0 | 0.155 | 0.1
01516 TEST: MeterVolts 13.0 +/- 0.155
01516 PASS: MeterVolts 12.947
01517 #test feedback
01517 NULL : Port_3B = 13.0 | 0.155 | 0.1
01517 TEST: Port_3B 13.0 +/- 0.155
01517 PASS: Port_3B 12.914
01518 NULL : Input_3B = 0 | 0.1 | 0.1
01518 TEST: Input_3B 0.0 +/- 0.1
01518 PASS: Input_3B 0.0
01519 #set power supply
01519 PwrSetVoltage = 135 : NULL : WAIT = 0.1
01520 #test power supply
01520 NULL : MeterVolts = 13.5 | 0.155 | 0.1
01520 TEST: MeterVolts 13.5 +/- 0.155
01520 PASS: MeterVolts 13.44
01521 #test feedback
01521 NULL : Port_3B = 13.5 | 0.155 | 0.1
01521 TEST: Port_3B 13.5 +/- 0.155
01521 PASS: Port_3B 13.409
01522 NULL : Input_3B = 0 | 0.1 | 0.1
01522 TEST: Input_3B 0.0 +/- 0.1
01522 PASS: Input_3B 0.0
01523 #set power supply
01523 PwrSetVoltage = 140 : NULL : WAIT = 0.1
01524 #test power supply
01524 NULL : MeterVolts = 14.0 | 0.155 | 0.1
01524 TEST: MeterVolts 14.0 +/- 0.155
01524 PASS: MeterVolts 13.941
01525 #test feedback
01525 NULL : Port_3B = 14.0 | 0.155 | 0.1
01525 TEST: Port_3B 14.0 +/- 0.155
01525 PASS: Port_3B 13.904
01526 NULL : Input_3B = 0 | 0.1 | 0.1
01526 TEST: Input_3B 0.0 +/- 0.1
01526 PASS: Input_3B 0.0
01527 #set power supply
01527 PwrSetVoltage = 145 : NULL : WAIT = 0.1
01528 #test power supply
01528 NULL : MeterVolts = 14.5 | 0.155 | 0.1
01528 TEST: MeterVolts 14.5 +/- 0.155
01528 PASS: MeterVolts 14.35
01529 #test feedback
01529 NULL : Port_3B = 14.5 | 0.155 | 0.1
01529 TEST: Port_3B 14.5 +/- 0.155
01529 PASS: Port_3B 14.398
01530 NULL : Input_3B = 0 | 0.1 | 0.1
01530 TEST: Input_3B 0.0 +/- 0.1
01530 PASS: Input_3B 0.0
01531 #set power supply
01531 PwrSetVoltage = 150 : NULL : WAIT = 0.1
01532 #test power supply
01532 NULL : MeterVolts = 15.0 | 0.155 | 0.1
01532 TEST: MeterVolts 15.0 +/- 0.155
01532 PASS: MeterVolts 14.901
01533 #test feedback
01533 NULL : Port_3B = 15.0 | 0.155 | 0.1
01533 TEST: Port_3B 15.0 +/- 0.155
01533 PASS: Port_3B 14.901
01534 NULL : Input_3B = 0 | 0.1 | 0.1
01534 TEST: Input_3B 0.0 +/- 0.1
01534 PASS: Input_3B 0.0
01535 #set power supply
01535 PwrSetVoltage = 155 : NULL : WAIT = 0.1
01536 #test power supply
01536 NULL : MeterVolts = 15.5 | 0.155 | 0.1
01536 TEST: MeterVolts 15.5 +/- 0.155
01536 PASS: MeterVolts 15.422
01537 #test feedback
01537 NULL : Port_3B = 15.5 | 0.155 | 0.1
01537 TEST: Port_3B 15.5 +/- 0.155
01537 PASS: Port_3B 15.38
01538 NULL : Input_3B = 0 | 0.1 | 0.1
01538 TEST: Input_3B 0.0 +/- 0.1
01538 PASS: Input_3B 0.0
01539 #set power supply
01539 PwrSetVoltage = 160 : NULL : WAIT = 0.1
01540 #test power supply
01540 NULL : MeterVolts = 16.0 | 0.155 | 0.1
01540 TEST: MeterVolts 16.0 +/- 0.155
01540 PASS: MeterVolts 15.953
01541 #test feedback
01541 NULL : Port_3B = 16.0 | 0.155 | 0.1
01541 TEST: Port_3B 16.0 +/- 0.155
01541 PASS: Port_3B 15.915
01542 NULL : Input_3B = 0 | 0.1 | 0.1
01542 TEST: Input_3B 0.0 +/- 0.1
01542 PASS: Input_3B 0.0
01543 #set power supply
01543 PwrSetVoltage = 165 : NULL : WAIT = 0.1
01544 #test power supply
01544 NULL : MeterVolts = 16.5 | 0.155 | 0.1
01544 TEST: MeterVolts 16.5 +/- 0.155
01544 PASS: MeterVolts 16.457
01545 #test feedback
01545 NULL : Port_3B = 16.5 | 0.155 | 0.1
01545 TEST: Port_3B 16.5 +/- 0.155
01545 PASS: Port_3B 16.418
01546 NULL : Input_3B = 0 | 0.1 | 0.1
01546 TEST: Input_3B 0.0 +/- 0.1
01546 PASS: Input_3B 0.0
01547 #set power supply
01547 PwrSetVoltage = 170 : NULL : WAIT = 0.1
01548 #test power supply
01548 NULL : MeterVolts = 17.0 | 0.155 | 0.1
01548 TEST: MeterVolts 17.0 +/- 0.155
01548 PASS: MeterVolts 16.955
01549 #test feedback
01549 NULL : Port_3B = 17.0 | 0.155 | 0.1
01549 TEST: Port_3B 17.0 +/- 0.155
01549 PASS: Port_3B 16.921
01550 NULL : Input_3B = 0 | 0.1 | 0.1
01550 TEST: Input_3B 0.0 +/- 0.1
01550 PASS: Input_3B 0.0
01551 #set power supply
01551 PwrSetVoltage = 175 : NULL : WAIT = 0.1
01552 #test power supply
01552 NULL : MeterVolts = 17.5 | 0.155 | 0.1
01552 TEST: MeterVolts 17.5 +/- 0.155
01552 PASS: MeterVolts 17.457
01553 #test feedback
01553 NULL : Port_3B = 17.5 | 0.155 | 0.1
01553 TEST: Port_3B 17.5 +/- 0.155
01553 PASS: Port_3B 17.424
01554 NULL : Input_3B = 0 | 0.1 | 0.1
01554 TEST: Input_3B 0.0 +/- 0.1
01554 PASS: Input_3B 0.0
01555 #set power supply
01555 PwrSetVoltage = 180 : NULL : WAIT = 0.1
01556 #test power supply
01556 NULL : MeterVolts = 18.0 | 0.155 | 0.1
01556 TEST: MeterVolts 18.0 +/- 0.155
01556 PASS: MeterVolts 17.902
01557 #test feedback
01557 NULL : Port_3B = 18.0 | 0.155 | 0.1
01557 TEST: Port_3B 18.0 +/- 0.155
01557 PASS: Port_3B 17.919
01558 NULL : Input_3B = 0 | 0.1 | 0.1
01558 TEST: Input_3B 0.0 +/- 0.1
01558 PASS: Input_3B 0.0
01559 #set power supply
01559 PwrSetVoltage = 185 : NULL : WAIT = 0.1
01560 #test power supply
01560 NULL : MeterVolts = 18.5 | 0.155 | 0.1
01560 TEST: MeterVolts 18.5 +/- 0.155
01560 PASS: MeterVolts 18.451
01561 #test feedback
01561 NULL : Port_3B = 18.5 | 0.155 | 0.1
01561 TEST: Port_3B 18.5 +/- 0.155
01561 PASS: Port_3B 18.414
01562 NULL : Input_3B = 0 | 0.1 | 0.1
01562 TEST: Input_3B 0.0 +/- 0.1
01562 PASS: Input_3B 0.0
01563 #set power supply
01563 PwrSetVoltage = 190 : NULL : WAIT = 0.1
01564 #test power supply
01564 NULL : MeterVolts = 19.0 | 0.155 | 0.1
01564 TEST: MeterVolts 19.0 +/- 0.155
01564 PASS: MeterVolts 18.948
01565 #test feedback
01565 NULL : Port_3B = 19.0 | 0.155 | 0.1
01565 TEST: Port_3B 19.0 +/- 0.155
01565 PASS: Port_3B 18.909
01566 NULL : Input_3B = 0 | 0.1 | 0.1
01566 TEST: Input_3B 0.0 +/- 0.1
01566 PASS: Input_3B 0.0
01567 #set power supply
01567 PwrSetVoltage = 195 : NULL : WAIT = 0.1
01568 #test power supply
01568 NULL : MeterVolts = 19.5 | 0.155 | 0.1
01568 TEST: MeterVolts 19.5 +/- 0.155
01568 PASS: MeterVolts 19.45
01569 #test feedback
01569 NULL : Port_3B = 19.5 | 0.155 | 0.1
01569 TEST: Port_3B 19.5 +/- 0.155
01569 PASS: Port_3B 19.412
01570 NULL : Input_3B = 0 | 0.1 | 0.1
01570 TEST: Input_3B 0.0 +/- 0.1
01570 PASS: Input_3B 0.0
01571 #set power supply
01571 PwrSetVoltage = 200 : NULL : WAIT = 0.1
01572 #test power supply
01572 NULL : MeterVolts = 20.0 | 0.155 | 0.1
01572 TEST: MeterVolts 20.0 +/- 0.155
01572 PASS: MeterVolts 19.944
01573 #test feedback
01573 NULL : Port_3B = 20.0 | 0.155 | 0.1
01573 TEST: Port_3B 20.0 +/- 0.155
01573 PASS: Port_3B 19.907
01574 NULL : Input_3B = 0 | 0.1 | 0.1
01574 TEST: Input_3B 0.0 +/- 0.1
01574 PASS: Input_3B 0.0
01575 #set power supply
01575 PwrSetVoltage = 205 : NULL : WAIT = 0.1
01576 #test power supply
01576 NULL : MeterVolts = 20.5 | 0.155 | 0.1
01576 TEST: MeterVolts 20.5 +/- 0.155
01576 PASS: MeterVolts 20.444
01577 #test feedback
01577 NULL : Port_3B = 20.5 | 0.155 | 0.1
01577 TEST: Port_3B 20.5 +/- 0.155
01577 PASS: Port_3B 20.409
01578 NULL : Input_3B = 0 | 0.1 | 0.1
01578 TEST: Input_3B 0.0 +/- 0.1
01578 PASS: Input_3B 0.0
01579 #set power supply
01579 PwrSetVoltage = 210 : NULL : WAIT = 0.1
01580 #test power supply
01580 NULL : MeterVolts = 21.0 | 0.155 | 0.1
01580 TEST: MeterVolts 21.0 +/- 0.155
01580 PASS: MeterVolts 20.934
01581 #test feedback
01581 NULL : Port_3B = 21.0 | 0.155 | 0.1
01581 TEST: Port_3B 21.0 +/- 0.155
01581 PASS: Port_3B 20.896
01582 NULL : Input_3B = 0 | 0.1 | 0.1
01582 TEST: Input_3B 0.0 +/- 0.1
01582 PASS: Input_3B 0.0
01583 #set power supply
01583 PwrSetVoltage = 215 : NULL : WAIT = 0.1
01584 #test power supply
01584 NULL : MeterVolts = 21.5 | 0.155 | 0.1
01584 TEST: MeterVolts 21.5 +/- 0.155
01584 PASS: MeterVolts 21.352
01585 #test feedback
01585 NULL : Port_3B = 21.5 | 0.155 | 0.1
01585 TEST: Port_3B 21.5 +/- 0.155
01585 PASS: Port_3B 21.391
01586 NULL : Input_3B = 0 | 0.1 | 0.1
01586 TEST: Input_3B 0.0 +/- 0.1
01586 PASS: Input_3B 0.0
01587 #set power supply
01587 PwrSetVoltage = 220 : NULL : WAIT = 0.1
01588 #test power supply
01588 NULL : MeterVolts = 22.0 | 0.155 | 0.1
01588 TEST: MeterVolts 22.0 +/- 0.155
01588 PASS: MeterVolts 21.905
01589 #test feedback
01589 NULL : Port_3B = 22.0 | 0.155 | 0.1
01589 TEST: Port_3B 22.0 +/- 0.155
01589 PASS: Port_3B 21.886
01590 NULL : Input_3B = 0 | 0.1 | 0.1
01590 TEST: Input_3B 0.0 +/- 0.1
01590 PASS: Input_3B 0.0
01591 #set power supply
01591 PwrSetVoltage = 225 : NULL : WAIT = 0.1
01592 #test power supply
01592 NULL : MeterVolts = 22.5 | 0.155 | 0.1
01592 TEST: MeterVolts 22.5 +/- 0.155
01592 PASS: MeterVolts 22.421
01593 #test feedback
01593 NULL : Port_3B = 22.5 | 0.155 | 0.1
01593 TEST: Port_3B 22.5 +/- 0.155
01593 PASS: Port_3B 22.381
01594 NULL : Input_3B = 0 | 0.1 | 0.1
01594 TEST: Input_3B 0.0 +/- 0.1
01594 PASS: Input_3B 0.0
01595 #set power supply
01595 PwrSetVoltage = 230 : NULL : WAIT = 0.1
01596 #test power supply
01596 NULL : MeterVolts = 23.0 | 0.155 | 0.1
01596 TEST: MeterVolts 23.0 +/- 0.155
01596 PASS: MeterVolts 22.92
01597 #test feedback
01597 NULL : Port_3B = 23.0 | 0.155 | 0.1
01597 TEST: Port_3B 23.0 +/- 0.155
01597 PASS: Port_3B 22.884
01598 NULL : Input_3B = 0 | 0.1 | 0.1
01598 TEST: Input_3B 0.0 +/- 0.1
01598 PASS: Input_3B 0.0
01599 #set power supply
01599 PwrSetVoltage = 235 : NULL : WAIT = 0.1
01600 #test power supply
01600 NULL : MeterVolts = 23.5 | 0.155 | 0.1
01600 TEST: MeterVolts 23.5 +/- 0.155
01600 PASS: MeterVolts 23.411
01601 #test feedback
01601 NULL : Port_3B = 23.5 | 0.155 | 0.1
01601 TEST: Port_3B 23.5 +/- 0.155
01601 PASS: Port_3B 23.37
01602 NULL : Input_3B = 0 | 0.1 | 0.1
01602 TEST: Input_3B 0.0 +/- 0.1
01602 PASS: Input_3B 0.0
01603 #set power supply
01603 PwrSetVoltage = 240 : NULL : WAIT = 0.1
01604 #test power supply
01604 NULL : MeterVolts = 24.0 | 0.155 | 0.1
01604 TEST: MeterVolts 24.0 +/- 0.155
01604 PASS: MeterVolts 23.931
01605 #test feedback
01605 NULL : Port_3B = 24.0 | 0.155 | 0.1
01605 TEST: Port_3B 24.0 +/- 0.155
01605 PASS: Port_3B 23.89
01606 NULL : Input_3B = 0 | 0.1 | 0.1
01606 TEST: Input_3B 0.0 +/- 0.1
01606 PASS: Input_3B 0.0
01607 #set power supply
01607 PwrSetVoltage = 245 : NULL : WAIT = 0.1
01608 #test power supply
01608 NULL : MeterVolts = 24.5 | 0.155 | 0.1
01608 TEST: MeterVolts 24.5 +/- 0.155
01608 PASS: MeterVolts 24.434
01609 #test feedback
01609 NULL : Port_3B = 24.5 | 0.155 | 0.1
01609 TEST: Port_3B 24.5 +/- 0.155
01609 PASS: Port_3B 24.401
01610 NULL : Input_3B = 0 | 0.1 | 0.1
01610 TEST: Input_3B 0.0 +/- 0.1
01610 PASS: Input_3B 0.0
01611 #set power supply
01611 PwrSetVoltage = 250 : NULL : WAIT = 0.1
01612 #test power supply
01612 NULL : MeterVolts = 25.0 | 0.155 | 0.1
01612 TEST: MeterVolts 25.0 +/- 0.155
01612 PASS: MeterVolts 24.868
01613 #test feedback
01613 NULL : Port_3B = 25.0 | 0.155 | 0.1
01613 TEST: Port_3B 25.0 +/- 0.155
01613 PASS: Port_3B 24.895
01614 NULL : Input_3B = 0 | 0.1 | 0.1
01614 TEST: Input_3B 0.0 +/- 0.1
01614 PASS: Input_3B 0.0
01615 #set power supply
01615 PwrSetVoltage = 255 : NULL : WAIT = 0.1
01616 #test power supply
01616 NULL : MeterVolts = 25.5 | 0.155 | 0.1
01616 TEST: MeterVolts 25.5 +/- 0.155
01616 PASS: MeterVolts 25.436
01617 #test feedback
01617 NULL : Port_3B = 25.5 | 0.155 | 0.1
01617 TEST: Port_3B 25.5 +/- 0.155
01617 PASS: Port_3B 25.398
01618 NULL : Input_3B = 0 | 0.1 | 0.1
01618 TEST: Input_3B 0.0 +/- 0.1
01618 PASS: Input_3B 0.0
01619 #set power supply
01619 PwrSetVoltage = 260 : NULL : WAIT = 0.1
01620 #test power supply
01620 NULL : MeterVolts = 26.0 | 0.155 | 0.1
01620 TEST: MeterVolts 26.0 +/- 0.155
01620 PASS: MeterVolts 25.911
01621 #test feedback
01621 NULL : Port_3B = 26.0 | 0.155 | 0.1
01621 TEST: Port_3B 26.0 +/- 0.155
01621 PASS: Port_3B 25.885
01622 NULL : Input_3B = 0 | 0.1 | 0.1
01622 TEST: Input_3B 0.0 +/- 0.1
01622 PASS: Input_3B 0.0
01623 #set power supply
01623 PwrSetVoltage = 265 : NULL : WAIT = 0.1
01624 #test power supply
01624 NULL : MeterVolts = 26.5 | 0.155 | 0.1
01624 TEST: MeterVolts 26.5 +/- 0.155
01624 PASS: MeterVolts 26.417
01625 #test feedback
01625 NULL : Port_3B = 26.5 | 0.155 | 0.1
01625 TEST: Port_3B 26.5 +/- 0.155
01625 PASS: Port_3B 26.388
01626 NULL : Input_3B = 0 | 0.1 | 0.1
01626 TEST: Input_3B 0.0 +/- 0.1
01626 PASS: Input_3B 0.0
01627 #set power supply
01627 PwrSetVoltage = 270 : NULL : WAIT = 0.1
01628 #test power supply
01628 NULL : MeterVolts = 27.0 | 0.155 | 0.1
01628 TEST: MeterVolts 27.0 +/- 0.155
01628 PASS: MeterVolts 26.924
01629 #test feedback
01629 NULL : Port_3B = 27.0 | 0.155 | 0.1
01629 TEST: Port_3B 27.0 +/- 0.155
01629 PASS: Port_3B 26.899
01630 NULL : Input_3B = 0 | 0.1 | 0.1
01630 TEST: Input_3B 0.0 +/- 0.1
01630 PASS: Input_3B 0.0
01631 #set power supply
01631 PwrSetVoltage = 275 : NULL : WAIT = 0.1
01632 #test power supply
01632 NULL : MeterVolts = 27.5 | 0.155 | 0.1
01632 TEST: MeterVolts 27.5 +/- 0.155
01632 PASS: MeterVolts 27.422
01633 #test feedback
01633 NULL : Port_3B = 27.5 | 0.155 | 0.1
01633 TEST: Port_3B 27.5 +/- 0.155
01633 PASS: Port_3B 27.394
01634 NULL : Input_3B = 0 | 0.1 | 0.1
01634 TEST: Input_3B 0.0 +/- 0.1
01634 PASS: Input_3B 0.0
01635 #set power supply
01635 PwrSetVoltage = 280 : NULL : WAIT = 0.1
01636 #test power supply
01636 NULL : MeterVolts = 28.0 | 0.155 | 0.1
01636 TEST: MeterVolts 28.0 +/- 0.155
01636 PASS: MeterVolts 27.922
01637 #test feedback
01637 NULL : Port_3B = 28.0 | 0.155 | 0.1
01637 TEST: Port_3B 28.0 +/- 0.155
01637 PASS: Port_3B 27.889
01638 NULL : Input_3B = 0 | 0.1 | 0.1
01638 TEST: Input_3B 0.0 +/- 0.1
01638 PASS: Input_3B 0.0
01639 #set power supply
01639 PwrSetVoltage = 285 : NULL : WAIT = 0.1
01640 #test power supply
01640 NULL : MeterVolts = 28.5 | 0.155 | 0.1
01640 TEST: MeterVolts 28.5 +/- 0.155
01640 PASS: MeterVolts 28.347
01641 #test feedback
01641 NULL : Port_3B = 28.5 | 0.155 | 0.1
01641 TEST: Port_3B 28.5 +/- 0.155
01641 PASS: Port_3B 28.392
01642 NULL : Input_3B = 0 | 0.1 | 0.1
01642 TEST: Input_3B 0.0 +/- 0.1
01642 PASS: Input_3B 0.0
01643 #set power supply
01643 PwrSetVoltage = 290 : NULL : WAIT = 0.1
01644 #test power supply
01644 NULL : MeterVolts = 29.0 | 0.155 | 0.1
01644 TEST: MeterVolts 29.0 +/- 0.155
01644 PASS: MeterVolts 28.902
01645 #test feedback
01645 NULL : Port_3B = 29.0 | 0.155 | 0.1
01645 TEST: Port_3B 29.0 +/- 0.155
01645 PASS: Port_3B 28.887
01646 NULL : Input_3B = 0 | 0.1 | 0.1
01646 TEST: Input_3B 0.0 +/- 0.1
01646 PASS: Input_3B 0.0
01647 #set power supply
01647 PwrSetVoltage = 295 : NULL : WAIT = 0.1
01648 #test power supply
01648 NULL : MeterVolts = 29.5 | 0.155 | 0.1
01648 TEST: MeterVolts 29.5 +/- 0.155
01648 PASS: MeterVolts 29.423
01649 #test feedback
01649 NULL : Port_3B = 29.5 | 0.155 | 0.1
01649 TEST: Port_3B 29.5 +/- 0.155
01649 PASS: Port_3B 29.39
01650 NULL : Input_3B = 0 | 0.1 | 0.1
01650 TEST: Input_3B 0.0 +/- 0.1
01650 PASS: Input_3B 0.0
01651 #set power supply
01651 PwrSetVoltage = 300 : NULL : WAIT = 0.1
01652 #test power supply
01652 NULL : MeterVolts = 30.0 | 0.155 | 0.1
01652 TEST: MeterVolts 30.0 +/- 0.155
01652 PASS: MeterVolts 29.919
01653 #test feedback
01653 NULL : Port_3B = 30.0 | 0.155 | 0.1
01653 TEST: Port_3B 30.0 +/- 0.155
01653 PASS: Port_3B 29.892
01654 NULL : Input_3B = 0 | 0.1 | 0.1
01654 TEST: Input_3B 0.0 +/- 0.1
01654 PASS: Input_3B 0.0
01655 #set power supply
01655 PwrSetVoltage = 305 : NULL : WAIT = 0.1
01656 #test power supply
01656 NULL : MeterVolts = 30.5 | 0.155 | 0.1
01656 TEST: MeterVolts 30.5 +/- 0.155
01656 PASS: MeterVolts 30.425
01657 #test feedback
01657 NULL : Port_3B = 30.5 | 0.155 | 0.1
01657 TEST: Port_3B 30.5 +/- 0.155
01657 PASS: Port_3B 30.395
01658 NULL : Input_3B = 0 | 0.1 | 0.1
01658 TEST: Input_3B 0.0 +/- 0.1
01658 PASS: Input_3B 0.0
01659 #set power supply
01659 PwrSetVoltage = 310 : NULL : WAIT = 0.1
01660 #test power supply
01660 NULL : MeterVolts = 31.0 | 0.155 | 0.1
01660 TEST: MeterVolts 31.0 +/- 0.155
01660 PASS: MeterVolts 30.928
01661 #test feedback
01661 NULL : Port_3B = 31.0 | 0.155 | 0.1
01661 TEST: Port_3B 31.0 +/- 0.155
01661 PASS: Port_3B 30.898
01662 NULL : Input_3B = 0 | 0.1 | 0.1
01662 TEST: Input_3B 0.0 +/- 0.1
01662 PASS: Input_3B 0.0
01663 #set power supply
01663 PwrSetVoltage = 315 : NULL : WAIT = 0.1
01664 #test power supply
01664 NULL : MeterVolts = 31.5 | 0.155 | 0.1
01664 TEST: MeterVolts 31.5 +/- 0.155
01664 PASS: MeterVolts 31.421
01665 #test feedback
01665 NULL : Port_3B = 31.5 | 0.155 | 0.1
01665 TEST: Port_3B 31.5 +/- 0.155
01665 PASS: Port_3B 31.393
01666 NULL : Input_3B = 0 | 0.1 | 0.1
01666 TEST: Input_3B 0.0 +/- 0.1
01666 PASS: Input_3B 0.0
01667 #set power supply
01667 PwrSetVoltage = 320 : NULL : WAIT = 0.1
01668 #test power supply
01668 NULL : MeterVolts = 32.0 | 0.155 | 0.1
01668 TEST: MeterVolts 32.0 +/- 0.155
01668 PASS: MeterVolts 31.858
01669 #test feedback
01669 NULL : Port_3B = 32.0 | 0.155 | 0.1
01669 TEST: Port_3B 32.0 +/- 0.155
01669 PASS: Port_3B 31.896
01670 NULL : Input_3B = 0 | 0.1 | 0.1
01670 TEST: Input_3B 0.0 +/- 0.1
01670 PASS: Input_3B 0.0
01671 #set power supply
01671 PwrSetVoltage = 325 : NULL : WAIT = 0.1
01672 #test power supply
01672 NULL : MeterVolts = 32.5 | 0.155 | 0.1
01672 TEST: MeterVolts 32.5 +/- 0.155
01672 PASS: MeterVolts 32.38
01673 #test feedback
01673 NULL : Port_3B = 32.5 | 0.155 | 0.1
01673 TEST: Port_3B 32.5 +/- 0.155
01673 PASS: Port_3B 32.399
01674 NULL : Input_3B = 0 | 0.1 | 0.1
01674 TEST: Input_3B 0.0 +/- 0.1
01674 PASS: Input_3B 0.0
01675 #set power supply
01675 PwrSetVoltage = 330 : NULL : WAIT = 0.1
01676 #test power supply
01676 NULL : MeterVolts = 33.0 | 0.155 | 0.1
01676 TEST: MeterVolts 33.0 +/- 0.155
01676 PASS: MeterVolts 32.924
01677 #test feedback
01677 NULL : Port_3B = 33.0 | 0.155 | 0.1
01677 TEST: Port_3B 33.0 +/- 0.155
01677 PASS: Port_3B 32.902
01678 NULL : Input_3B = 0 | 0.1 | 0.1
01678 TEST: Input_3B 0.0 +/- 0.1
01678 PASS: Input_3B 0.0
01679 #set power supply
01679 PwrSetVoltage = 335 : NULL : WAIT = 0.1
01680 #test power supply
01680 NULL : MeterVolts = 33.5 | 0.155 | 0.1
01680 TEST: MeterVolts 33.5 +/- 0.155
01680 PASS: MeterVolts 33.427
01681 #test feedback
01681 NULL : Port_3B = 0 | 0.1 | 0.1
01681 TEST: Port_3B 0.0 +/- 0.1
01681 PASS: Port_3B 0.0
01682 NULL : Input_3B = 2 | 0.1 | 0.1
01682 TEST: Input_3B 2.0 +/- 0.1
01682 PASS: Input_3B 2.0
01683 #set power supply
01683 PwrSetVoltage = 336 : NULL : WAIT = 0.1
01684 #test power supply
01684 NULL : MeterVolts = 33.6 | 0.155 | 0.1
01684 TEST: MeterVolts 33.6 +/- 0.155
01684 PASS: MeterVolts 33.45
01685 #test feedback
01685 NULL : Port_3B = 0 | 0.1 | 0.1
01685 TEST: Port_3B 0.0 +/- 0.1
01685 PASS: Port_3B 0.0
01686 NULL : Input_3B = 2 | 0.1 | 0.1
01686 TEST: Input_3B 2.0 +/- 0.1
01686 PASS: Input_3B 2.0
01687 
01687 #Finished with port
01687 #switch out input
01687 J2_04 = 0 : NULL : WAIT = 0.1
01688 
01688 #-----setup 39009-----
01688 #configure as Output Digital ON/OFF
01688 Command = 82, MODE1 = 0, MODE2 = 0, Enable_24VDC = 0, ADRaw = 0 : NULL : WAIT = 0.5
01689 Command = 83, MODE1A = 6, MODE1B = 6, MODE2A = 1, MODE2B = 1, MODE3A = 6, MODE3B = 6, MODE4A = 1, MODE4B = 1, MODE5A = 6, MODE5B = 6, MODE6A = 1, MODE6B = 1, MODE7A = 6, MODE7B = 6 : NULL : WAIT = 0.5
01690 Command = 0, MODE1A = 0, MODE1B = 0, MODE2A = 0, MODE2B = 0, MODE3A = 0, MODE3B = 0, MODE4A = 0, MODE4B = 0, MODE5A = 0, MODE5B = 0, MODE6A = 0, MODE6B = 0, MODE7A = 0, MODE7B = 0 : NULL
01691 Command = 84, MODE8A = 1, MODE8B = 1, MODE9A = 6, MODE9B = 6, MODE10A = 1, MODE10B = 1, GLOBAL_KP = 255, GLOBAL_KI = 255 : NULL : WAIT = 0.5
01692 Command = 0, MODE8A = 0, MODE8B = 0, MODE9A = 0, MODE9B = 0, MODE10A = 0, MODE10B = 0, GLOBAL_KP = 0, GLOBAL_KI = 0 : NULL
01693 Command = 82, FaultReset = 1, SaveSettings = 1, Enable_DPLTx = 1, Enable_DPLF1 = 1, Enable_DPLF2 = 1 : NULL : WAIT = 0.5
01694 #clear multiplex
01694 Command = 0, FaultReset = 0, SaveSettings = 0, Enable_DPLTx = 0, Enable_DPLF1 = 0, Enable_DPLF2 = 0 : NULL
01695 #set power supply and wait
01695 PwrSetVoltage = 10 : NULL : WAIT = 0.1
01696 #test power supply
01696 NULL : MeterVolts = 1 | 0.155 | 0.1
01696 TEST: MeterVolts 1.0 +/- 0.155
01696 PASS: MeterVolts 1.058
01697 #switch input to load line
01697 J2_05 = 1 : NULL : WAIT = 0.1
01698 
01698 
01698 #Sweep of Port_5A from 1 to 32 in 0.5 increments
01698 
01698 #set power supply
01698 PwrSetVoltage = 10 : NULL : WAIT = 0.1
01699 #test power supply
01699 NULL : MeterVolts = 1 | 0.155 | 0.1
01699 TEST: MeterVolts 1.0 +/- 0.155
01699 PASS: MeterVolts 0.997
01700 #test feedback
01700 NULL : Port_5A = 1 | 0.155 | 0.1
01700 TEST: Port_5A 1.0 +/- 0.155
01700 PASS: Port_5A 0.981
01701 NULL : Input_5A = 0 | 0.1 | 0.1
01701 TEST: Input_5A 0.0 +/- 0.1
01701 PASS: Input_5A 0.0
01702 #set power supply
01702 PwrSetVoltage = 15 : NULL : WAIT = 0.1
01703 #test power supply
01703 NULL : MeterVolts = 1.5 | 0.155 | 0.1
01703 TEST: MeterVolts 1.5 +/- 0.155
01703 PASS: MeterVolts 1.51
01704 #test feedback
01704 NULL : Port_5A = 1.5 | 0.155 | 0.1
01704 TEST: Port_5A 1.5 +/- 0.155
01704 PASS: Port_5A 1.492
01705 NULL : Input_5A = 0 | 0.1 | 0.1
01705 TEST: Input_5A 0.0 +/- 0.1
01705 PASS: Input_5A 0.0
01706 #set power supply
01706 PwrSetVoltage = 20 : NULL : WAIT = 0.1
01707 #test power supply
01707 NULL : MeterVolts = 2.0 | 0.155 | 0.1
01707 TEST: MeterVolts 2.0 +/- 0.155
01707 PASS: MeterVolts 2.007
01708 #test feedback
01708 NULL : Port_5A = 2.0 | 0.155 | 0.1
01708 TEST: Port_5A 2.0 +/- 0.155
01708 PASS: Port_5A 1.995
01709 NULL : Input_5A = 0 | 0.1 | 0.1
01709 TEST: Input_5A 0.0 +/- 0.1
01709 PASS: Input_5A 0.0
01710 #set power supply
01710 PwrSetVoltage = 25 : NULL : WAIT = 0.1
01711 #test power supply
01711 NULL : MeterVolts = 2.5 | 0.155 | 0.1
01711 TEST: MeterVolts 2.5 +/- 0.155
01711 PASS: MeterVolts 2.505
01712 #test feedback
01712 NULL : Port_5A = 2.5 | 0.155 | 0.1
01712 TEST: Port_5A 2.5 +/- 0.155
01712 PASS: Port_5A 2.49
01713 NULL : Input_5A = 0 | 0.1 | 0.1
01713 TEST: Input_5A 0.0 +/- 0.1
01713 PASS: Input_5A 0.0
01714 #set power supply
01714 PwrSetVoltage = 30 : NULL : WAIT = 0.1
01715 #test power supply
01715 NULL : MeterVolts = 3.0 | 0.155 | 0.1
01715 TEST: MeterVolts 3.0 +/- 0.155
01715 PASS: MeterVolts 2.87
01716 #test feedback
01716 NULL : Port_5A = 3.0 | 0.155 | 0.1
01716 TEST: Port_5A 3.0 +/- 0.155
01716 PASS: Port_5A 2.977
01717 NULL : Input_5A = 0 | 0.1 | 0.1
01717 TEST: Input_5A 0.0 +/- 0.1
01717 PASS: Input_5A 0.0
01718 #set power supply
01718 PwrSetVoltage = 35 : NULL : WAIT = 0.1
01719 #test power supply
01719 NULL : MeterVolts = 3.5 | 0.155 | 0.1
01719 TEST: MeterVolts 3.5 +/- 0.155
01719 PASS: MeterVolts 3.421
01720 #test feedback
01720 NULL : Port_5A = 3.5 | 0.155 | 0.1
01720 TEST: Port_5A 3.5 +/- 0.155
01720 PASS: Port_5A 3.48
01721 NULL : Input_5A = 0 | 0.1 | 0.1
01721 TEST: Input_5A 0.0 +/- 0.1
01721 PASS: Input_5A 0.0
01722 #set power supply
01722 PwrSetVoltage = 40 : NULL : WAIT = 0.1
01723 #test power supply
01723 NULL : MeterVolts = 4.0 | 0.155 | 0.1
01723 TEST: MeterVolts 4.0 +/- 0.155
01723 PASS: MeterVolts 3.975
01724 #test feedback
01724 NULL : Port_5A = 4.0 | 0.155 | 0.1
01724 TEST: Port_5A 4.0 +/- 0.155
01724 PASS: Port_5A 3.974
01725 NULL : Input_5A = 0 | 0.1 | 0.1
01725 TEST: Input_5A 0.0 +/- 0.1
01725 PASS: Input_5A 0.0
01726 #set power supply
01726 PwrSetVoltage = 45 : NULL : WAIT = 0.1
01727 #test power supply
01727 NULL : MeterVolts = 4.5 | 0.155 | 0.1
01727 TEST: MeterVolts 4.5 +/- 0.155
01727 PASS: MeterVolts 4.48
01728 #test feedback
01728 NULL : Port_5A = 4.5 | 0.155 | 0.1
01728 TEST: Port_5A 4.5 +/- 0.155
01728 PASS: Port_5A 4.469
01729 NULL : Input_5A = 0 | 0.1 | 0.1
01729 TEST: Input_5A 0.0 +/- 0.1
01729 PASS: Input_5A 0.0
01730 #set power supply
01730 PwrSetVoltage = 50 : NULL : WAIT = 0.1
01731 #test power supply
01731 NULL : MeterVolts = 5.0 | 0.155 | 0.1
01731 TEST: MeterVolts 5.0 +/- 0.155
01731 PASS: MeterVolts 4.982
01732 #test feedback
01732 NULL : Port_5A = 5.0 | 0.155 | 0.1
01732 TEST: Port_5A 5.0 +/- 0.155
01732 PASS: Port_5A 4.98
01733 NULL : Input_5A = 0 | 0.1 | 0.1
01733 TEST: Input_5A 0.0 +/- 0.1
01733 PASS: Input_5A 0.0
01734 #set power supply
01734 PwrSetVoltage = 55 : NULL : WAIT = 0.1
01735 #test power supply
01735 NULL : MeterVolts = 5.5 | 0.155 | 0.1
01735 TEST: MeterVolts 5.5 +/- 0.155
01735 PASS: MeterVolts 5.473
01736 #test feedback
01736 NULL : Port_5A = 5.5 | 0.155 | 0.1
01736 TEST: Port_5A 5.5 +/- 0.155
01736 PASS: Port_5A 5.467
01737 NULL : Input_5A = 0 | 0.1 | 0.1
01737 TEST: Input_5A 0.0 +/- 0.1
01737 PASS: Input_5A 0.0
01738 #set power supply
01738 PwrSetVoltage = 60 : NULL : WAIT = 0.1
01739 #test power supply
01739 NULL : MeterVolts = 6.0 | 0.155 | 0.1
01739 TEST: MeterVolts 6.0 +/- 0.155
01739 PASS: MeterVolts 5.971
01740 #test feedback
01740 NULL : Port_5A = 6.0 | 0.155 | 0.1
01740 TEST: Port_5A 6.0 +/- 0.155
01740 PASS: Port_5A 5.962
01741 NULL : Input_5A = 0 | 0.1 | 0.1
01741 TEST: Input_5A 0.0 +/- 0.1
01741 PASS: Input_5A 0.0
01742 #set power supply
01742 PwrSetVoltage = 65 : NULL : WAIT = 0.1
01743 #test power supply
01743 NULL : MeterVolts = 6.5 | 0.155 | 0.1
01743 TEST: MeterVolts 6.5 +/- 0.155
01743 PASS: MeterVolts 6.391
01744 #test feedback
01744 NULL : Port_5A = 6.5 | 0.155 | 0.1
01744 TEST: Port_5A 6.5 +/- 0.155
01744 PASS: Port_5A 6.457
01745 NULL : Input_5A = 0 | 0.1 | 0.1
01745 TEST: Input_5A 0.0 +/- 0.1
01745 PASS: Input_5A 0.0
01746 #set power supply
01746 PwrSetVoltage = 70 : NULL : WAIT = 0.1
01747 #test power supply
01747 NULL : MeterVolts = 7.0 | 0.155 | 0.1
01747 TEST: MeterVolts 7.0 +/- 0.155
01747 PASS: MeterVolts 6.966
01748 #test feedback
01748 NULL : Port_5A = 7.0 | 0.155 | 0.1
01748 TEST: Port_5A 7.0 +/- 0.155
01748 PASS: Port_5A 6.96
01749 NULL : Input_5A = 0 | 0.1 | 0.1
01749 TEST: Input_5A 0.0 +/- 0.1
01749 PASS: Input_5A 0.0
01750 #set power supply
01750 PwrSetVoltage = 75 : NULL : WAIT = 0.1
01751 #test power supply
01751 NULL : MeterVolts = 7.5 | 0.155 | 0.1
01751 TEST: MeterVolts 7.5 +/- 0.155
01751 PASS: MeterVolts 7.472
01752 #test feedback
01752 NULL : Port_5A = 7.5 | 0.155 | 0.1
01752 TEST: Port_5A 7.5 +/- 0.155
01752 PASS: Port_5A 7.463
01753 NULL : Input_5A = 0 | 0.1 | 0.1
01753 TEST: Input_5A 0.0 +/- 0.1
01753 PASS: Input_5A 0.0
01754 #set power supply
01754 PwrSetVoltage = 80 : NULL : WAIT = 0.1
01755 #test power supply
01755 NULL : MeterVolts = 8.0 | 0.155 | 0.1
01755 TEST: MeterVolts 8.0 +/- 0.155
01755 PASS: MeterVolts 7.976
01756 #test feedback
01756 NULL : Port_5A = 8.0 | 0.155 | 0.1
01756 TEST: Port_5A 8.0 +/- 0.155
01756 PASS: Port_5A 7.974
01757 NULL : Input_5A = 0 | 0.1 | 0.1
01757 TEST: Input_5A 0.0 +/- 0.1
01757 PASS: Input_5A 0.0
01758 #set power supply
01758 PwrSetVoltage = 85 : NULL : WAIT = 0.1
01759 #test power supply
01759 NULL : MeterVolts = 8.5 | 0.155 | 0.1
01759 TEST: MeterVolts 8.5 +/- 0.155
01759 PASS: MeterVolts 8.466
01760 #test feedback
01760 NULL : Port_5A = 8.5 | 0.155 | 0.1
01760 TEST: Port_5A 8.5 +/- 0.155
01760 PASS: Port_5A 8.469
01761 NULL : Input_5A = 0 | 0.1 | 0.1
01761 TEST: Input_5A 0.0 +/- 0.1
01761 PASS: Input_5A 0.0
01762 #set power supply
01762 PwrSetVoltage = 90 : NULL : WAIT = 0.1
01763 #test power supply
01763 NULL : MeterVolts = 9.0 | 0.155 | 0.1
01763 TEST: MeterVolts 9.0 +/- 0.155
01763 PASS: MeterVolts 8.965
01764 #test feedback
01764 NULL : Port_5A = 9.0 | 0.155 | 0.1
01764 TEST: Port_5A 9.0 +/- 0.155
01764 PASS: Port_5A 8.963
01765 NULL : Input_5A = 0 | 0.1 | 0.1
01765 TEST: Input_5A 0.0 +/- 0.1
01765 PASS: Input_5A 0.0
01766 #set power supply
01766 PwrSetVoltage = 95 : NULL : WAIT = 0.1
01767 #test power supply
01767 NULL : MeterVolts = 9.5 | 0.155 | 0.1
01767 TEST: MeterVolts 9.5 +/- 0.155
01767 PASS: MeterVolts 9.351
01768 #test feedback
01768 NULL : Port_5A = 9.5 | 0.155 | 0.1
01768 TEST: Port_5A 9.5 +/- 0.155
01768 PASS: Port_5A 9.458
01769 NULL : Input_5A = 0 | 0.1 | 0.1
01769 TEST: Input_5A 0.0 +/- 0.1
01769 PASS: Input_5A 0.0
01770 #set power supply
01770 PwrSetVoltage = 100 : NULL : WAIT = 0.1
01771 #test power supply
01771 NULL : MeterVolts = 10.0 | 0.155 | 0.1
01771 TEST: MeterVolts 10.0 +/- 0.155
01771 PASS: MeterVolts 9.91
01772 #test feedback
01772 NULL : Port_5A = 10.0 | 0.155 | 0.1
01772 TEST: Port_5A 10.0 +/- 0.155
01772 PASS: Port_5A 9.961
01773 NULL : Input_5A = 0 | 0.1 | 0.1
01773 TEST: Input_5A 0.0 +/- 0.1
01773 PASS: Input_5A 0.0
01774 #set power supply
01774 PwrSetVoltage = 105 : NULL : WAIT = 0.1
01775 #test power supply
01775 NULL : MeterVolts = 10.5 | 0.155 | 0.1
01775 TEST: MeterVolts 10.5 +/- 0.155
01775 PASS: MeterVolts 10.459
01776 #test feedback
01776 NULL : Port_5A = 10.5 | 0.155 | 0.1
01776 TEST: Port_5A 10.5 +/- 0.155
01776 PASS: Port_5A 10.464
01777 NULL : Input_5A = 0 | 0.1 | 0.1
01777 TEST: Input_5A 0.0 +/- 0.1
01777 PASS: Input_5A 0.0
01778 #set power supply
01778 PwrSetVoltage = 110 : NULL : WAIT = 0.1
01779 #test power supply
01779 NULL : MeterVolts = 11.0 | 0.155 | 0.1
01779 TEST: MeterVolts 11.0 +/- 0.155
01779 PASS: MeterVolts 10.952
01780 #test feedback
01780 NULL : Port_5A = 11.0 | 0.155 | 0.1
01780 TEST: Port_5A 11.0 +/- 0.155
01780 PASS: Port_5A 10.951
01781 NULL : Input_5A = 0 | 0.1 | 0.1
01781 TEST: Input_5A 0.0 +/- 0.1
01781 PASS: Input_5A 0.0
01782 #set power supply
01782 PwrSetVoltage = 115 : NULL : WAIT = 0.1
01783 #test power supply
01783 NULL : MeterVolts = 11.5 | 0.155 | 0.1
01783 TEST: MeterVolts 11.5 +/- 0.155
01783 PASS: MeterVolts 11.451
01784 #test feedback
01784 NULL : Port_5A = 11.5 | 0.155 | 0.1
01784 TEST: Port_5A 11.5 +/- 0.155
01784 PASS: Port_5A 11.454
01785 NULL : Input_5A = 0 | 0.1 | 0.1
01785 TEST: Input_5A 0.0 +/- 0.1
01785 PASS: Input_5A 0.0
01786 #set power supply
01786 PwrSetVoltage = 120 : NULL : WAIT = 0.1
01787 #test power supply
01787 NULL : MeterVolts = 12.0 | 0.155 | 0.1
01787 TEST: MeterVolts 12.0 +/- 0.155
01787 PASS: MeterVolts 11.944
01788 #test feedback
01788 NULL : Port_5A = 12.0 | 0.155 | 0.1
01788 TEST: Port_5A 12.0 +/- 0.155
01788 PASS: Port_5A 11.957
01789 NULL : Input_5A = 0 | 0.1 | 0.1
01789 TEST: Input_5A 0.0 +/- 0.1
01789 PASS: Input_5A 0.0
01790 #set power supply
01790 PwrSetVoltage = 125 : NULL : WAIT = 0.1
01791 #test power supply
01791 NULL : MeterVolts = 12.5 | 0.155 | 0.1
01791 TEST: MeterVolts 12.5 +/- 0.155
01791 PASS: MeterVolts 12.447
01792 #test feedback
01792 NULL : Port_5A = 12.5 | 0.155 | 0.1
01792 TEST: Port_5A 12.5 +/- 0.155
01792 PASS: Port_5A 12.46
01793 NULL : Input_5A = 0 | 0.1 | 0.1
01793 TEST: Input_5A 0.0 +/- 0.1
01793 PASS: Input_5A 0.0
01794 #set power supply
01794 PwrSetVoltage = 130 : NULL : WAIT = 0.1
01795 #test power supply
01795 NULL : MeterVolts = 13.0 | 0.155 | 0.1
01795 TEST: MeterVolts 13.0 +/- 0.155
01795 PASS: MeterVolts 12.852
01796 #test feedback
01796 NULL : Port_5A = 13.0 | 0.155 | 0.1
01796 TEST: Port_5A 13.0 +/- 0.155
01796 PASS: Port_5A 12.954
01797 NULL : Input_5A = 0 | 0.1 | 0.1
01797 TEST: Input_5A 0.0 +/- 0.1
01797 PASS: Input_5A 0.0
01798 #set power supply
01798 PwrSetVoltage = 135 : NULL : WAIT = 0.1
01799 #test power supply
01799 NULL : MeterVolts = 13.5 | 0.155 | 0.1
01799 TEST: MeterVolts 13.5 +/- 0.155
01799 PASS: MeterVolts 13.441
01800 #test feedback
01800 NULL : Port_5A = 13.5 | 0.155 | 0.1
01800 TEST: Port_5A 13.5 +/- 0.155
01800 PASS: Port_5A 13.449
01801 NULL : Input_5A = 0 | 0.1 | 0.1
01801 TEST: Input_5A 0.0 +/- 0.1
01801 PASS: Input_5A 0.0
01802 #set power supply
01802 PwrSetVoltage = 140 : NULL : WAIT = 0.1
01803 #test power supply
01803 NULL : MeterVolts = 14.0 | 0.155 | 0.1
01803 TEST: MeterVolts 14.0 +/- 0.155
01803 PASS: MeterVolts 13.943
01804 #test feedback
01804 NULL : Port_5A = 14.0 | 0.155 | 0.1
01804 TEST: Port_5A 14.0 +/- 0.155
01804 PASS: Port_5A 13.952
01805 NULL : Input_5A = 0 | 0.1 | 0.1
01805 TEST: Input_5A 0.0 +/- 0.1
01805 PASS: Input_5A 0.0
01806 #set power supply
01806 PwrSetVoltage = 145 : NULL : WAIT = 0.1
01807 #test power supply
01807 NULL : MeterVolts = 14.5 | 0.155 | 0.1
01807 TEST: MeterVolts 14.5 +/- 0.155
01807 PASS: MeterVolts 14.437
01808 #test feedback
01808 NULL : Port_5A = 14.5 | 0.155 | 0.1
01808 TEST: Port_5A 14.5 +/- 0.155
01808 PASS: Port_5A 14.447
01809 NULL : Input_5A = 0 | 0.1 | 0.1
01809 TEST: Input_5A 0.0 +/- 0.1
01809 PASS: Input_5A 0.0
01810 #set power supply
01810 PwrSetVoltage = 150 : NULL : WAIT = 0.1
01811 #test power supply
01811 NULL : MeterVolts = 15.0 | 0.155 | 0.1
01811 TEST: MeterVolts 15.0 +/- 0.155
01811 PASS: MeterVolts 14.932
01812 #test feedback
01812 NULL : Port_5A = 15.0 | 0.155 | 0.1
01812 TEST: Port_5A 15.0 +/- 0.155
01812 PASS: Port_5A 14.942
01813 NULL : Input_5A = 0 | 0.1 | 0.1
01813 TEST: Input_5A 0.0 +/- 0.1
01813 PASS: Input_5A 0.0
01814 #set power supply
01814 PwrSetVoltage = 155 : NULL : WAIT = 0.1
01815 #test power supply
01815 NULL : MeterVolts = 15.5 | 0.155 | 0.1
01815 TEST: MeterVolts 15.5 +/- 0.155
01815 PASS: MeterVolts 15.421
01816 #test feedback
01816 NULL : Port_5A = 15.5 | 0.155 | 0.1
01816 TEST: Port_5A 15.5 +/- 0.155
01816 PASS: Port_5A 15.437
01817 NULL : Input_5A = 0 | 0.1 | 0.1
01817 TEST: Input_5A 0.0 +/- 0.1
01817 PASS: Input_5A 0.0
01818 #set power supply
01818 PwrSetVoltage = 160 : NULL : WAIT = 0.1
01819 #test power supply
01819 NULL : MeterVolts = 16.0 | 0.155 | 0.1
01819 TEST: MeterVolts 16.0 +/- 0.155
01819 PASS: MeterVolts 15.953
01820 #test feedback
01820 NULL : Port_5A = 16.0 | 0.155 | 0.1
01820 TEST: Port_5A 16.0 +/- 0.155
01820 PASS: Port_5A 15.972
01821 NULL : Input_5A = 0 | 0.1 | 0.1
01821 TEST: Input_5A 0.0 +/- 0.1
01821 PASS: Input_5A 0.0
01822 #set power supply
01822 PwrSetVoltage = 165 : NULL : WAIT = 0.1
01823 #test power supply
01823 NULL : MeterVolts = 16.5 | 0.155 | 0.1
01823 TEST: MeterVolts 16.5 +/- 0.155
01823 PASS: MeterVolts 16.403
01824 #test feedback
01824 NULL : Port_5A = 16.5 | 0.155 | 0.1
01824 TEST: Port_5A 16.5 +/- 0.155
01824 PASS: Port_5A 16.475
01825 NULL : Input_5A = 0 | 0.1 | 0.1
01825 TEST: Input_5A 0.0 +/- 0.1
01825 PASS: Input_5A 0.0
01826 #set power supply
01826 PwrSetVoltage = 170 : NULL : WAIT = 0.1
01827 #test power supply
01827 NULL : MeterVolts = 17.0 | 0.155 | 0.1
01827 TEST: MeterVolts 17.0 +/- 0.155
01827 PASS: MeterVolts 16.956
01828 #test feedback
01828 NULL : Port_5A = 17.0 | 0.155 | 0.1
01828 TEST: Port_5A 17.0 +/- 0.155
01828 PASS: Port_5A 16.97
01829 NULL : Input_5A = 0 | 0.1 | 0.1
01829 TEST: Input_5A 0.0 +/- 0.1
01829 PASS: Input_5A 0.0
01830 #set power supply
01830 PwrSetVoltage = 175 : NULL : WAIT = 0.1
01831 #test power supply
01831 NULL : MeterVolts = 17.5 | 0.155 | 0.1
01831 TEST: MeterVolts 17.5 +/- 0.155
01831 PASS: MeterVolts 17.458
01832 #test feedback
01832 NULL : Port_5A = 17.5 | 0.155 | 0.1
01832 TEST: Port_5A 17.5 +/- 0.155
01832 PASS: Port_5A 17.473
01833 NULL : Input_5A = 0 | 0.1 | 0.1
01833 TEST: Input_5A 0.0 +/- 0.1
01833 PASS: Input_5A 0.0
01834 #set power supply
01834 PwrSetVoltage = 180 : NULL : WAIT = 0.1
01835 #test power supply
01835 NULL : MeterVolts = 18.0 | 0.155 | 0.1
01835 TEST: MeterVolts 18.0 +/- 0.155
01835 PASS: MeterVolts 17.958
01836 #test feedback
01836 NULL : Port_5A = 18.0 | 0.155 | 0.1
01836 TEST: Port_5A 18.0 +/- 0.155
01836 PASS: Port_5A 17.976
01837 NULL : Input_5A = 0 | 0.1 | 0.1
01837 TEST: Input_5A 0.0 +/- 0.1
01837 PASS: Input_5A 0.0
01838 #set power supply
01838 PwrSetVoltage = 185 : NULL : WAIT = 0.1
01839 #test power supply
01839 NULL : MeterVolts = 18.5 | 0.155 | 0.1
01839 TEST: MeterVolts 18.5 +/- 0.155
01839 PASS: MeterVolts 18.45
01840 #test feedback
01840 NULL : Port_5A = 18.5 | 0.155 | 0.1
01840 TEST: Port_5A 18.5 +/- 0.155
01840 PASS: Port_5A 18.471
01841 NULL : Input_5A = 0 | 0.1 | 0.1
01841 TEST: Input_5A 0.0 +/- 0.1
01841 PASS: Input_5A 0.0
01842 #set power supply
01842 PwrSetVoltage = 190 : NULL : WAIT = 0.1
01843 #test power supply
01843 NULL : MeterVolts = 19.0 | 0.155 | 0.1
01843 TEST: MeterVolts 19.0 +/- 0.155
01843 PASS: MeterVolts 18.95
01844 #test feedback
01844 NULL : Port_5A = 19.0 | 0.155 | 0.1
01844 TEST: Port_5A 19.0 +/- 0.155
01844 PASS: Port_5A 18.974
01845 NULL : Input_5A = 0 | 0.1 | 0.1
01845 TEST: Input_5A 0.0 +/- 0.1
01845 PASS: Input_5A 0.0
01846 #set power supply
01846 PwrSetVoltage = 195 : NULL : WAIT = 0.1
01847 #test power supply
01847 NULL : MeterVolts = 19.5 | 0.155 | 0.1
01847 TEST: MeterVolts 19.5 +/- 0.155
01847 PASS: MeterVolts 19.451
01848 #test feedback
01848 NULL : Port_5A = 19.5 | 0.155 | 0.1
01848 TEST: Port_5A 19.5 +/- 0.155
01848 PASS: Port_5A 19.477
01849 NULL : Input_5A = 0 | 0.1 | 0.1
01849 TEST: Input_5A 0.0 +/- 0.1
01849 PASS: Input_5A 0.0
01850 #set power supply
01850 PwrSetVoltage = 200 : NULL : WAIT = 0.1
01851 #test power supply
01851 NULL : MeterVolts = 20.0 | 0.155 | 0.1
01851 TEST: MeterVolts 20.0 +/- 0.155
01851 PASS: MeterVolts 19.945
01852 #test feedback
01852 NULL : Port_5A = 20.0 | 0.155 | 0.1
01852 TEST: Port_5A 20.0 +/- 0.155
01852 PASS: Port_5A 19.971
01853 NULL : Input_5A = 0 | 0.1 | 0.1
01853 TEST: Input_5A 0.0 +/- 0.1
01853 PASS: Input_5A 0.0
01854 #set power supply
01854 PwrSetVoltage = 205 : NULL : WAIT = 0.1
01855 #test power supply
01855 NULL : MeterVolts = 20.5 | 0.155 | 0.1
01855 TEST: MeterVolts 20.5 +/- 0.155
01855 PASS: MeterVolts 20.445
01856 #test feedback
01856 NULL : Port_5A = 20.5 | 0.155 | 0.1
01856 TEST: Port_5A 20.5 +/- 0.155
01856 PASS: Port_5A 20.482
01857 NULL : Input_5A = 0 | 0.1 | 0.1
01857 TEST: Input_5A 0.0 +/- 0.1
01857 PASS: Input_5A 0.0
01858 #set power supply
01858 PwrSetVoltage = 210 : NULL : WAIT = 0.1
01859 #test power supply
01859 NULL : MeterVolts = 21.0 | 0.155 | 0.1
01859 TEST: MeterVolts 21.0 +/- 0.155
01859 PASS: MeterVolts 20.935
01860 #test feedback
01860 NULL : Port_5A = 21.0 | 0.155 | 0.1
01860 TEST: Port_5A 21.0 +/- 0.155
01860 PASS: Port_5A 20.961
01861 NULL : Input_5A = 0 | 0.1 | 0.1
01861 TEST: Input_5A 0.0 +/- 0.1
01861 PASS: Input_5A 0.0
01862 #set power supply
01862 PwrSetVoltage = 215 : NULL : WAIT = 0.1
01863 #test power supply
01863 NULL : MeterVolts = 21.5 | 0.155 | 0.1
01863 TEST: MeterVolts 21.5 +/- 0.155
01863 PASS: MeterVolts 21.432
01864 #test feedback
01864 NULL : Port_5A = 21.5 | 0.155 | 0.1
01864 TEST: Port_5A 21.5 +/- 0.155
01864 PASS: Port_5A 21.464
01865 NULL : Input_5A = 0 | 0.1 | 0.1
01865 TEST: Input_5A 0.0 +/- 0.1
01865 PASS: Input_5A 0.0
01866 #set power supply
01866 PwrSetVoltage = 220 : NULL : WAIT = 0.1
01867 #test power supply
01867 NULL : MeterVolts = 22.0 | 0.155 | 0.1
01867 TEST: MeterVolts 22.0 +/- 0.155
01867 PASS: MeterVolts 21.932
01868 #test feedback
01868 NULL : Port_5A = 22.0 | 0.155 | 0.1
01868 TEST: Port_5A 22.0 +/- 0.155
01868 PASS: Port_5A 21.967
01869 NULL : Input_5A = 0 | 0.1 | 0.1
01869 TEST: Input_5A 0.0 +/- 0.1
01869 PASS: Input_5A 0.0
01870 #set power supply
01870 PwrSetVoltage = 225 : NULL : WAIT = 0.1
01871 #test power supply
01871 NULL : MeterVolts = 22.5 | 0.155 | 0.1
01871 TEST: MeterVolts 22.5 +/- 0.155
01871 PASS: MeterVolts 22.423
01872 #test feedback
01872 NULL : Port_5A = 22.5 | 0.155 | 0.1
01872 TEST: Port_5A 22.5 +/- 0.155
01872 PASS: Port_5A 22.454
01873 NULL : Input_5A = 0 | 0.1 | 0.1
01873 TEST: Input_5A 0.0 +/- 0.1
01873 PASS: Input_5A 0.0
01874 #set power supply
01874 PwrSetVoltage = 230 : NULL : WAIT = 0.1
01875 #test power supply
01875 NULL : MeterVolts = 23.0 | 0.155 | 0.1
01875 TEST: MeterVolts 23.0 +/- 0.155
01875 PASS: MeterVolts 22.886
01876 #test feedback
01876 NULL : Port_5A = 23.0 | 0.155 | 0.1
01876 TEST: Port_5A 23.0 +/- 0.155
01876 PASS: Port_5A 22.957
01877 NULL : Input_5A = 0 | 0.1 | 0.1
01877 TEST: Input_5A 0.0 +/- 0.1
01877 PASS: Input_5A 0.0
01878 #set power supply
01878 PwrSetVoltage = 235 : NULL : WAIT = 0.1
01879 #test power supply
01879 NULL : MeterVolts = 23.5 | 0.155 | 0.1
01879 TEST: MeterVolts 23.5 +/- 0.155
01879 PASS: MeterVolts 23.412
01880 #test feedback
01880 NULL : Port_5A = 23.5 | 0.155 | 0.1
01880 TEST: Port_5A 23.5 +/- 0.155
01880 PASS: Port_5A 23.443
01881 NULL : Input_5A = 0 | 0.1 | 0.1
01881 TEST: Input_5A 0.0 +/- 0.1
01881 PASS: Input_5A 0.0
01882 #set power supply
01882 PwrSetVoltage = 240 : NULL : WAIT = 0.1
01883 #test power supply
01883 NULL : MeterVolts = 24.0 | 0.155 | 0.1
01883 TEST: MeterVolts 24.0 +/- 0.155
01883 PASS: MeterVolts 23.932
01884 #test feedback
01884 NULL : Port_5A = 24.0 | 0.155 | 0.1
01884 TEST: Port_5A 24.0 +/- 0.155
01884 PASS: Port_5A 23.979
01885 NULL : Input_5A = 0 | 0.1 | 0.1
01885 TEST: Input_5A 0.0 +/- 0.1
01885 PASS: Input_5A 0.0
01886 #set power supply
01886 PwrSetVoltage = 245 : NULL : WAIT = 0.1
01887 #test power supply
01887 NULL : MeterVolts = 24.5 | 0.155 | 0.1
01887 TEST: MeterVolts 24.5 +/- 0.155
01887 PASS: MeterVolts 24.435
01888 #test feedback
01888 NULL : Port_5A = 24.5 | 0.155 | 0.1
01888 TEST: Port_5A 24.5 +/- 0.155
01888 PASS: Port_5A 24.474
01889 NULL : Input_5A = 0 | 0.1 | 0.1
01889 TEST: Input_5A 0.0 +/- 0.1
01889 PASS: Input_5A 0.0
01890 #set power supply
01890 PwrSetVoltage = 250 : NULL : WAIT = 0.1
01891 #test power supply
01891 NULL : MeterVolts = 25.0 | 0.155 | 0.1
01891 TEST: MeterVolts 25.0 +/- 0.155
01891 PASS: MeterVolts 24.932
01892 #test feedback
01892 NULL : Port_5A = 25.0 | 0.155 | 0.1
01892 TEST: Port_5A 25.0 +/- 0.155
01892 PASS: Port_5A 24.977
01893 NULL : Input_5A = 0 | 0.1 | 0.1
01893 TEST: Input_5A 0.0 +/- 0.1
01893 PASS: Input_5A 0.0
01894 #set power supply
01894 PwrSetVoltage = 255 : NULL : WAIT = 0.1
01895 #test power supply
01895 NULL : MeterVolts = 25.5 | 0.155 | 0.1
01895 TEST: MeterVolts 25.5 +/- 0.155
01895 PASS: MeterVolts 25.437
01896 #test feedback
01896 NULL : Port_5A = 25.5 | 0.155 | 0.1
01896 TEST: Port_5A 25.5 +/- 0.155
01896 PASS: Port_5A 25.48
01897 NULL : Input_5A = 0 | 0.1 | 0.1
01897 TEST: Input_5A 0.0 +/- 0.1
01897 PASS: Input_5A 0.0
01898 #set power supply
01898 PwrSetVoltage = 260 : NULL : WAIT = 0.1
01899 #test power supply
01899 NULL : MeterVolts = 26.0 | 0.155 | 0.1
01899 TEST: MeterVolts 26.0 +/- 0.155
01899 PASS: MeterVolts 25.914
01900 #test feedback
01900 NULL : Port_5A = 26.0 | 0.155 | 0.1
01900 TEST: Port_5A 26.0 +/- 0.155
01900 PASS: Port_5A 25.958
01901 NULL : Input_5A = 0 | 0.1 | 0.1
01901 TEST: Input_5A 0.0 +/- 0.1
01901 PASS: Input_5A 0.0
01902 #set power supply
01902 PwrSetVoltage = 265 : NULL : WAIT = 0.1
01903 #test power supply
01903 NULL : MeterVolts = 26.5 | 0.155 | 0.1
01903 TEST: MeterVolts 26.5 +/- 0.155
01903 PASS: MeterVolts 26.418
01904 #test feedback
01904 NULL : Port_5A = 26.5 | 0.155 | 0.1
01904 TEST: Port_5A 26.5 +/- 0.155
01904 PASS: Port_5A 26.469
01905 NULL : Input_5A = 0 | 0.1 | 0.1
01905 TEST: Input_5A 0.0 +/- 0.1
01905 PASS: Input_5A 0.0
01906 #set power supply
01906 PwrSetVoltage = 270 : NULL : WAIT = 0.1
01907 #test power supply
01907 NULL : MeterVolts = 27.0 | 0.155 | 0.1
01907 TEST: MeterVolts 27.0 +/- 0.155
01907 PASS: MeterVolts 26.927
01908 #test feedback
01908 NULL : Port_5A = 27.0 | 0.155 | 0.1
01908 TEST: Port_5A 27.0 +/- 0.155
01908 PASS: Port_5A 26.972
01909 NULL : Input_5A = 0 | 0.1 | 0.1
01909 TEST: Input_5A 0.0 +/- 0.1
01909 PASS: Input_5A 0.0
01910 #set power supply
01910 PwrSetVoltage = 275 : NULL : WAIT = 0.1
01911 #test power supply
01911 NULL : MeterVolts = 27.5 | 0.155 | 0.1
01911 TEST: MeterVolts 27.5 +/- 0.155
01911 PASS: MeterVolts 27.423
01912 #test feedback
01912 NULL : Port_5A = 27.5 | 0.155 | 0.1
01912 TEST: Port_5A 27.5 +/- 0.155
01912 PASS: Port_5A 27.475
01913 NULL : Input_5A = 0 | 0.1 | 0.1
01913 TEST: Input_5A 0.0 +/- 0.1
01913 PASS: Input_5A 0.0
01914 #set power supply
01914 PwrSetVoltage = 280 : NULL : WAIT = 0.1
01915 #test power supply
01915 NULL : MeterVolts = 28.0 | 0.155 | 0.1
01915 TEST: MeterVolts 28.0 +/- 0.155
01915 PASS: MeterVolts 27.924
01916 #test feedback
01916 NULL : Port_5A = 28.0 | 0.155 | 0.1
01916 TEST: Port_5A 28.0 +/- 0.155
01916 PASS: Port_5A 27.978
01917 NULL : Input_5A = 0 | 0.1 | 0.1
01917 TEST: Input_5A 0.0 +/- 0.1
01917 PASS: Input_5A 0.0
01918 #set power supply
01918 PwrSetVoltage = 285 : NULL : WAIT = 0.1
01919 #test power supply
01919 NULL : MeterVolts = 28.5 | 0.155 | 0.1
01919 TEST: MeterVolts 28.5 +/- 0.155
01919 PASS: MeterVolts 28.38
01920 #test feedback
01920 NULL : Port_5A = 28.5 | 0.155 | 0.1
01920 TEST: Port_5A 28.5 +/- 0.155
01920 PASS: Port_5A 28.473
01921 NULL : Input_5A = 0 | 0.1 | 0.1
01921 TEST: Input_5A 0.0 +/- 0.1
01921 PASS: Input_5A 0.0
01922 #set power supply
01922 PwrSetVoltage = 290 : NULL : WAIT = 0.1
01923 #test power supply
01923 NULL : MeterVolts = 29.0 | 0.155 | 0.1
01923 TEST: MeterVolts 29.0 +/- 0.155
01923 PASS: MeterVolts 28.918
01924 #test feedback
01924 NULL : Port_5A = 29.0 | 0.155 | 0.1
01924 TEST: Port_5A 29.0 +/- 0.155
01924 PASS: Port_5A 28.984
01925 NULL : Input_5A = 0 | 0.1 | 0.1
01925 TEST: Input_5A 0.0 +/- 0.1
01925 PASS: Input_5A 0.0
01926 #set power supply
01926 PwrSetVoltage = 295 : NULL : WAIT = 0.1
01927 #test power supply
01927 NULL : MeterVolts = 29.5 | 0.155 | 0.1
01927 TEST: MeterVolts 29.5 +/- 0.155
01927 PASS: MeterVolts 29.424
01928 #test feedback
01928 NULL : Port_5A = 29.5 | 0.155 | 0.1
01928 TEST: Port_5A 29.5 +/- 0.155
01928 PASS: Port_5A 29.487
01929 NULL : Input_5A = 0 | 0.1 | 0.1
01929 TEST: Input_5A 0.0 +/- 0.1
01929 PASS: Input_5A 0.0
01930 #set power supply
01930 PwrSetVoltage = 300 : NULL : WAIT = 0.1
01931 #test power supply
01931 NULL : MeterVolts = 30.0 | 0.155 | 0.1
01931 TEST: MeterVolts 30.0 +/- 0.155
01931 PASS: MeterVolts 29.922
01932 #test feedback
01932 NULL : Port_5A = 30.0 | 0.155 | 0.1
01932 TEST: Port_5A 30.0 +/- 0.155
01932 PASS: Port_5A 29.982
01933 NULL : Input_5A = 0 | 0.1 | 0.1
01933 TEST: Input_5A 0.0 +/- 0.1
01933 PASS: Input_5A 0.0
01934 #set power supply
01934 PwrSetVoltage = 305 : NULL : WAIT = 0.1
01935 #test power supply
01935 NULL : MeterVolts = 30.5 | 0.155 | 0.1
01935 TEST: MeterVolts 30.5 +/- 0.155
01935 PASS: MeterVolts 30.426
01936 #test feedback
01936 NULL : Port_5A = 30.5 | 0.155 | 0.1
01936 TEST: Port_5A 30.5 +/- 0.155
01936 PASS: Port_5A 30.501
01937 NULL : Input_5A = 0 | 0.1 | 0.1
01937 TEST: Input_5A 0.0 +/- 0.1
01937 PASS: Input_5A 0.0
01938 #set power supply
01938 PwrSetVoltage = 310 : NULL : WAIT = 0.1
01939 #test power supply
01939 NULL : MeterVolts = 31.0 | 0.155 | 0.1
01939 TEST: MeterVolts 31.0 +/- 0.155
01939 PASS: MeterVolts 30.929
01940 #test feedback
01940 NULL : Port_5A = 31.0 | 0.155 | 0.1
01940 TEST: Port_5A 31.0 +/- 0.155
01940 PASS: Port_5A 30.996
01941 NULL : Input_5A = 0 | 0.1 | 0.1
01941 TEST: Input_5A 0.0 +/- 0.1
01941 PASS: Input_5A 0.0
01942 #set power supply
01942 PwrSetVoltage = 315 : NULL : WAIT = 0.1
01943 #test power supply
01943 NULL : MeterVolts = 31.5 | 0.155 | 0.1
01943 TEST: MeterVolts 31.5 +/- 0.155
01943 PASS: MeterVolts 31.422
01944 #test feedback
01944 NULL : Port_5A = 31.5 | 0.155 | 0.1
01944 TEST: Port_5A 31.5 +/- 0.155
01944 PASS: Port_5A 31.491
01945 NULL : Input_5A = 0 | 0.1 | 0.1
01945 TEST: Input_5A 0.0 +/- 0.1
01945 PASS: Input_5A 0.0
01946 #set power supply
01946 PwrSetVoltage = 320 : NULL : WAIT = 0.1
01947 #test power supply
01947 NULL : MeterVolts = 32.0 | 0.155 | 0.1
01947 TEST: MeterVolts 32.0 +/- 0.155
01947 PASS: MeterVolts 31.925
01948 #test feedback
01948 NULL : Port_5A = 32.0 | 0.155 | 0.1
01948 TEST: Port_5A 32.0 +/- 0.155
01948 PASS: Port_5A 31.994
01949 NULL : Input_5A = 0 | 0.1 | 0.1
01949 TEST: Input_5A 0.0 +/- 0.1
01949 PASS: Input_5A 0.0
01950 #set power supply
01950 PwrSetVoltage = 325 : NULL : WAIT = 0.1
01951 #test power supply
01951 NULL : MeterVolts = 32.5 | 0.155 | 0.1
01951 TEST: MeterVolts 32.5 +/- 0.155
01951 PASS: MeterVolts 32.421
01952 #test feedback
01952 NULL : Port_5A = 32.5 | 0.155 | 0.1
01952 TEST: Port_5A 32.5 +/- 0.155
01952 PASS: Port_5A 32.488
01953 NULL : Input_5A = 0 | 0.1 | 0.1
01953 TEST: Input_5A 0.0 +/- 0.1
01953 PASS: Input_5A 0.0
01954 #set power supply
01954 PwrSetVoltage = 330 : NULL : WAIT = 0.1
01955 #test power supply
01955 NULL : MeterVolts = 33.0 | 0.155 | 0.1
01955 TEST: MeterVolts 33.0 +/- 0.155
01955 PASS: MeterVolts 32.926
01956 #test feedback
01956 NULL : Port_5A = 33.0 | 0.155 | 0.1
01956 TEST: Port_5A 33.0 +/- 0.155
01956 PASS: Port_5A 33.016
01957 NULL : Input_5A = 0 | 0.1 | 0.1
01957 TEST: Input_5A 0.0 +/- 0.1
01957 PASS: Input_5A 0.0
01958 #set power supply
01958 PwrSetVoltage = 335 : NULL : WAIT = 0.1
01959 #test power supply
01959 NULL : MeterVolts = 33.5 | 0.155 | 0.1
01959 TEST: MeterVolts 33.5 +/- 0.155
01959 PASS: MeterVolts 33.428
01960 #test feedback
01960 NULL : Port_5A = 0 | 0.1 | 0.1
01960 TEST: Port_5A 0.0 +/- 0.1
01960 PASS: Port_5A 0.0
01961 NULL : Input_5A = 2 | 0.1 | 0.1
01961 TEST: Input_5A 2.0 +/- 0.1
01961 PASS: Input_5A 2.0
01962 #set power supply
01962 PwrSetVoltage = 336 : NULL : WAIT = 0.1
01963 #test power supply
01963 NULL : MeterVolts = 33.6 | 0.155 | 0.1
01963 TEST: MeterVolts 33.6 +/- 0.155
01963 PASS: MeterVolts 33.495
01964 #test feedback
01964 NULL : Port_5A = 0 | 0.1 | 0.1
01964 TEST: Port_5A 0.0 +/- 0.1
01964 PASS: Port_5A 0.0
01965 NULL : Input_5A = 2 | 0.1 | 0.1
01965 TEST: Input_5A 2.0 +/- 0.1
01965 PASS: Input_5A 2.0
01966 
01966 #Finished with port
01966 #switch out input
01966 J2_05 = 0 : NULL : WAIT = 0.1
01967 
01967 #-----setup 39009-----
01967 #configure as Output Digital ON/OFF
01967 Command = 82, MODE1 = 0, MODE2 = 0, Enable_24VDC = 0, ADRaw = 0 : NULL : WAIT = 0.5
01968 Command = 83, MODE1A = 6, MODE1B = 6, MODE2A = 1, MODE2B = 1, MODE3A = 6, MODE3B = 6, MODE4A = 1, MODE4B = 1, MODE5A = 6, MODE5B = 6, MODE6A = 1, MODE6B = 1, MODE7A = 6, MODE7B = 6 : NULL : WAIT = 0.5
01969 Command = 0, MODE1A = 0, MODE1B = 0, MODE2A = 0, MODE2B = 0, MODE3A = 0, MODE3B = 0, MODE4A = 0, MODE4B = 0, MODE5A = 0, MODE5B = 0, MODE6A = 0, MODE6B = 0, MODE7A = 0, MODE7B = 0 : NULL
01970 Command = 84, MODE8A = 1, MODE8B = 1, MODE9A = 6, MODE9B = 6, MODE10A = 1, MODE10B = 1, GLOBAL_KP = 255, GLOBAL_KI = 255 : NULL : WAIT = 0.5
01971 Command = 0, MODE8A = 0, MODE8B = 0, MODE9A = 0, MODE9B = 0, MODE10A = 0, MODE10B = 0, GLOBAL_KP = 0, GLOBAL_KI = 0 : NULL
01972 Command = 82, FaultReset = 1, SaveSettings = 1, Enable_DPLTx = 1, Enable_DPLF1 = 1, Enable_DPLF2 = 1 : NULL : WAIT = 0.5
01973 #clear multiplex
01973 Command = 0, FaultReset = 0, SaveSettings = 0, Enable_DPLTx = 0, Enable_DPLF1 = 0, Enable_DPLF2 = 0 : NULL
01974 #set power supply and wait
01974 PwrSetVoltage = 10 : NULL : WAIT = 0.1
01975 #test power supply
01975 NULL : MeterVolts = 1 | 0.155 | 0.1
01975 TEST: MeterVolts 1.0 +/- 0.155
01975 PASS: MeterVolts 1.058
01976 #switch input to load line
01976 J2_06 = 1 : NULL : WAIT = 0.1
01977 
01977 
01977 #Sweep of Port_5B from 1 to 32 in 0.5 increments
01977 
01977 #set power supply
01977 PwrSetVoltage = 10 : NULL : WAIT = 0.1
01978 #test power supply
01978 NULL : MeterVolts = 1 | 0.155 | 0.1
01978 TEST: MeterVolts 1.0 +/- 0.155
01978 PASS: MeterVolts 0.998
01979 #test feedback
01979 NULL : Port_5B = 1 | 0.155 | 0.1
01979 TEST: Port_5B 1.0 +/- 0.155
01979 PASS: Port_5B 0.989
01980 NULL : Input_5B = 0 | 0.1 | 0.1
01980 TEST: Input_5B 0.0 +/- 0.1
01980 PASS: Input_5B 0.0
01981 #set power supply
01981 PwrSetVoltage = 15 : NULL : WAIT = 0.1
01982 #test power supply
01982 NULL : MeterVolts = 1.5 | 0.155 | 0.1
01982 TEST: MeterVolts 1.5 +/- 0.155
01982 PASS: MeterVolts 1.511
01983 #test feedback
01983 NULL : Port_5B = 1.5 | 0.155 | 0.1
01983 TEST: Port_5B 1.5 +/- 0.155
01983 PASS: Port_5B 1.5
01984 NULL : Input_5B = 0 | 0.1 | 0.1
01984 TEST: Input_5B 0.0 +/- 0.1
01984 PASS: Input_5B 0.0
01985 #set power supply
01985 PwrSetVoltage = 20 : NULL : WAIT = 0.1
01986 #test power supply
01986 NULL : MeterVolts = 2.0 | 0.155 | 0.1
01986 TEST: MeterVolts 2.0 +/- 0.155
01986 PASS: MeterVolts 2.007
01987 #test feedback
01987 NULL : Port_5B = 2.0 | 0.155 | 0.1
01987 TEST: Port_5B 2.0 +/- 0.155
01987 PASS: Port_5B 1.979
01988 NULL : Input_5B = 0 | 0.1 | 0.1
01988 TEST: Input_5B 0.0 +/- 0.1
01988 PASS: Input_5B 0.0
01989 #set power supply
01989 PwrSetVoltage = 25 : NULL : WAIT = 0.1
01990 #test power supply
01990 NULL : MeterVolts = 2.5 | 0.155 | 0.1
01990 TEST: MeterVolts 2.5 +/- 0.155
01990 PASS: MeterVolts 2.504
01991 #test feedback
01991 NULL : Port_5B = 2.5 | 0.155 | 0.1
01991 TEST: Port_5B 2.5 +/- 0.155
01991 PASS: Port_5B 2.474
01992 NULL : Input_5B = 0 | 0.1 | 0.1
01992 TEST: Input_5B 0.0 +/- 0.1
01992 PASS: Input_5B 0.0
01993 #set power supply
01993 PwrSetVoltage = 30 : NULL : WAIT = 0.1
01994 #test power supply
01994 NULL : MeterVolts = 3.0 | 0.155 | 0.1
01994 TEST: MeterVolts 3.0 +/- 0.155
01994 PASS: MeterVolts 2.857
01995 #test feedback
01995 NULL : Port_5B = 3.0 | 0.155 | 0.1
01995 TEST: Port_5B 3.0 +/- 0.155
01995 PASS: Port_5B 2.977
01996 NULL : Input_5B = 0 | 0.1 | 0.1
01996 TEST: Input_5B 0.0 +/- 0.1
01996 PASS: Input_5B 0.0
01997 #set power supply
01997 PwrSetVoltage = 35 : NULL : WAIT = 0.1
01998 #test power supply
01998 NULL : MeterVolts = 3.5 | 0.155 | 0.1
01998 TEST: MeterVolts 3.5 +/- 0.155
01998 PASS: MeterVolts 3.489
01999 #test feedback
01999 NULL : Port_5B = 3.5 | 0.155 | 0.1
01999 TEST: Port_5B 3.5 +/- 0.155
01999 PASS: Port_5B 3.463
02000 NULL : Input_5B = 0 | 0.1 | 0.1
02000 TEST: Input_5B 0.0 +/- 0.1
02000 PASS: Input_5B 0.0
02001 #set power supply
02001 PwrSetVoltage = 40 : NULL : WAIT = 0.1
02002 #test power supply
02002 NULL : MeterVolts = 4.0 | 0.155 | 0.1
02002 TEST: MeterVolts 4.0 +/- 0.155
02002 PASS: MeterVolts 3.988
02003 #test feedback
02003 NULL : Port_5B = 4.0 | 0.155 | 0.1
02003 TEST: Port_5B 4.0 +/- 0.155
02003 PASS: Port_5B 3.958
02004 NULL : Input_5B = 0 | 0.1 | 0.1
02004 TEST: Input_5B 0.0 +/- 0.1
02004 PASS: Input_5B 0.0
02005 #set power supply
02005 PwrSetVoltage = 45 : NULL : WAIT = 0.1
02006 #test power supply
02006 NULL : MeterVolts = 4.5 | 0.155 | 0.1
02006 TEST: MeterVolts 4.5 +/- 0.155
02006 PASS: MeterVolts 4.482
02007 #test feedback
02007 NULL : Port_5B = 4.5 | 0.155 | 0.1
02007 TEST: Port_5B 4.5 +/- 0.155
02007 PASS: Port_5B 4.453
02008 NULL : Input_5B = 0 | 0.1 | 0.1
02008 TEST: Input_5B 0.0 +/- 0.1
02008 PASS: Input_5B 0.0
02009 #set power supply
02009 PwrSetVoltage = 50 : NULL : WAIT = 0.1
02010 #test power supply
02010 NULL : MeterVolts = 5.0 | 0.155 | 0.1
02010 TEST: MeterVolts 5.0 +/- 0.155
02010 PASS: MeterVolts 4.982
02011 #test feedback
02011 NULL : Port_5B = 5.0 | 0.155 | 0.1
02011 TEST: Port_5B 5.0 +/- 0.155
02011 PASS: Port_5B 4.956
02012 NULL : Input_5B = 0 | 0.1 | 0.1
02012 TEST: Input_5B 0.0 +/- 0.1
02012 PASS: Input_5B 0.0
02013 #set power supply
02013 PwrSetVoltage = 55 : NULL : WAIT = 0.1
02014 #test power supply
02014 NULL : MeterVolts = 5.5 | 0.155 | 0.1
02014 TEST: MeterVolts 5.5 +/- 0.155
02014 PASS: MeterVolts 5.474
02015 #test feedback
02015 NULL : Port_5B = 5.5 | 0.155 | 0.1
02015 TEST: Port_5B 5.5 +/- 0.155
02015 PASS: Port_5B 5.451
02016 NULL : Input_5B = 0 | 0.1 | 0.1
02016 TEST: Input_5B 0.0 +/- 0.1
02016 PASS: Input_5B 0.0
02017 #set power supply
02017 PwrSetVoltage = 60 : NULL : WAIT = 0.1
02018 #test power supply
02018 NULL : MeterVolts = 6.0 | 0.155 | 0.1
02018 TEST: MeterVolts 6.0 +/- 0.155
02018 PASS: MeterVolts 5.973
02019 #test feedback
02019 NULL : Port_5B = 6.0 | 0.155 | 0.1
02019 TEST: Port_5B 6.0 +/- 0.155
02019 PASS: Port_5B 5.946
02020 NULL : Input_5B = 0 | 0.1 | 0.1
02020 TEST: Input_5B 0.0 +/- 0.1
02020 PASS: Input_5B 0.0
02021 #set power supply
02021 PwrSetVoltage = 65 : NULL : WAIT = 0.1
02022 #test power supply
02022 NULL : MeterVolts = 6.5 | 0.155 | 0.1
02022 TEST: MeterVolts 6.5 +/- 0.155
02022 PASS: MeterVolts 6.472
02023 #test feedback
02023 NULL : Port_5B = 6.5 | 0.155 | 0.1
02023 TEST: Port_5B 6.5 +/- 0.155
02023 PASS: Port_5B 6.449
02024 NULL : Input_5B = 0 | 0.1 | 0.1
02024 TEST: Input_5B 0.0 +/- 0.1
02024 PASS: Input_5B 0.0
02025 #set power supply
02025 PwrSetVoltage = 70 : NULL : WAIT = 0.1
02026 #test power supply
02026 NULL : MeterVolts = 7.0 | 0.155 | 0.1
02026 TEST: MeterVolts 7.0 +/- 0.155
02026 PASS: MeterVolts 6.881
02027 #test feedback
02027 NULL : Port_5B = 7.0 | 0.155 | 0.1
02027 TEST: Port_5B 7.0 +/- 0.155
02027 PASS: Port_5B 6.943
02028 NULL : Input_5B = 0 | 0.1 | 0.1
02028 TEST: Input_5B 0.0 +/- 0.1
02028 PASS: Input_5B 0.0
02029 #set power supply
02029 PwrSetVoltage = 75 : NULL : WAIT = 0.1
02030 #test power supply
02030 NULL : MeterVolts = 7.5 | 0.155 | 0.1
02030 TEST: MeterVolts 7.5 +/- 0.155
02030 PASS: MeterVolts 7.474
02031 #test feedback
02031 NULL : Port_5B = 7.5 | 0.155 | 0.1
02031 TEST: Port_5B 7.5 +/- 0.155
02031 PASS: Port_5B 7.446
02032 NULL : Input_5B = 0 | 0.1 | 0.1
02032 TEST: Input_5B 0.0 +/- 0.1
02032 PASS: Input_5B 0.0
02033 #set power supply
02033 PwrSetVoltage = 80 : NULL : WAIT = 0.1
02034 #test power supply
02034 NULL : MeterVolts = 8.0 | 0.155 | 0.1
02034 TEST: MeterVolts 8.0 +/- 0.155
02034 PASS: MeterVolts 7.977
02035 #test feedback
02035 NULL : Port_5B = 8.0 | 0.155 | 0.1
02035 TEST: Port_5B 8.0 +/- 0.155
02035 PASS: Port_5B 7.957
02036 NULL : Input_5B = 0 | 0.1 | 0.1
02036 TEST: Input_5B 0.0 +/- 0.1
02036 PASS: Input_5B 0.0
02037 #set power supply
02037 PwrSetVoltage = 85 : NULL : WAIT = 0.1
02038 #test power supply
02038 NULL : MeterVolts = 8.5 | 0.155 | 0.1
02038 TEST: MeterVolts 8.5 +/- 0.155
02038 PASS: MeterVolts 8.467
02039 #test feedback
02039 NULL : Port_5B = 8.5 | 0.155 | 0.1
02039 TEST: Port_5B 8.5 +/- 0.155
02039 PASS: Port_5B 8.444
02040 NULL : Input_5B = 0 | 0.1 | 0.1
02040 TEST: Input_5B 0.0 +/- 0.1
02040 PASS: Input_5B 0.0
02041 #set power supply
02041 PwrSetVoltage = 90 : NULL : WAIT = 0.1
02042 #test power supply
02042 NULL : MeterVolts = 9.0 | 0.155 | 0.1
02042 TEST: MeterVolts 9.0 +/- 0.155
02042 PASS: MeterVolts 8.965
02043 #test feedback
02043 NULL : Port_5B = 9.0 | 0.155 | 0.1
02043 TEST: Port_5B 9.0 +/- 0.155
02043 PASS: Port_5B 8.947
02044 NULL : Input_5B = 0 | 0.1 | 0.1
02044 TEST: Input_5B 0.0 +/- 0.1
02044 PASS: Input_5B 0.0
02045 #set power supply
02045 PwrSetVoltage = 95 : NULL : WAIT = 0.1
02046 #test power supply
02046 NULL : MeterVolts = 9.5 | 0.155 | 0.1
02046 TEST: MeterVolts 9.5 +/- 0.155
02046 PASS: MeterVolts 9.459
02047 #test feedback
02047 NULL : Port_5B = 9.5 | 0.155 | 0.1
02047 TEST: Port_5B 9.5 +/- 0.155
02047 PASS: Port_5B 9.434
02048 NULL : Input_5B = 0 | 0.1 | 0.1
02048 TEST: Input_5B 0.0 +/- 0.1
02048 PASS: Input_5B 0.0
02049 #set power supply
02049 PwrSetVoltage = 100 : NULL : WAIT = 0.1
02050 #test power supply
02050 NULL : MeterVolts = 10.0 | 0.155 | 0.1
02050 TEST: MeterVolts 10.0 +/- 0.155
02050 PASS: MeterVolts 9.961
02051 #test feedback
02051 NULL : Port_5B = 10.0 | 0.155 | 0.1
02051 TEST: Port_5B 10.0 +/- 0.155
02051 PASS: Port_5B 9.937
02052 NULL : Input_5B = 0 | 0.1 | 0.1
02052 TEST: Input_5B 0.0 +/- 0.1
02052 PASS: Input_5B 0.0
02053 #set power supply
02053 PwrSetVoltage = 105 : NULL : WAIT = 0.1
02054 #test power supply
02054 NULL : MeterVolts = 10.5 | 0.155 | 0.1
02054 TEST: MeterVolts 10.5 +/- 0.155
02054 PASS: MeterVolts 10.388
02055 #test feedback
02055 NULL : Port_5B = 10.5 | 0.155 | 0.1
02055 TEST: Port_5B 10.5 +/- 0.155
02055 PASS: Port_5B 10.432
02056 NULL : Input_5B = 0 | 0.1 | 0.1
02056 TEST: Input_5B 0.0 +/- 0.1
02056 PASS: Input_5B 0.0
02057 #set power supply
02057 PwrSetVoltage = 110 : NULL : WAIT = 0.1
02058 #test power supply
02058 NULL : MeterVolts = 11.0 | 0.155 | 0.1
02058 TEST: MeterVolts 11.0 +/- 0.155
02058 PASS: MeterVolts 10.938
02059 #test feedback
02059 NULL : Port_5B = 11.0 | 0.155 | 0.1
02059 TEST: Port_5B 11.0 +/- 0.155
02059 PASS: Port_5B 10.926
02060 NULL : Input_5B = 0 | 0.1 | 0.1
02060 TEST: Input_5B 0.0 +/- 0.1
02060 PASS: Input_5B 0.0
02061 #set power supply
02061 PwrSetVoltage = 115 : NULL : WAIT = 0.1
02062 #test power supply
02062 NULL : MeterVolts = 11.5 | 0.155 | 0.1
02062 TEST: MeterVolts 11.5 +/- 0.155
02062 PASS: MeterVolts 11.452
02063 #test feedback
02063 NULL : Port_5B = 11.5 | 0.155 | 0.1
02063 TEST: Port_5B 11.5 +/- 0.155
02063 PASS: Port_5B 11.413
02064 NULL : Input_5B = 0 | 0.1 | 0.1
02064 TEST: Input_5B 0.0 +/- 0.1
02064 PASS: Input_5B 0.0
02065 #set power supply
02065 PwrSetVoltage = 120 : NULL : WAIT = 0.1
02066 #test power supply
02066 NULL : MeterVolts = 12.0 | 0.155 | 0.1
02066 TEST: MeterVolts 12.0 +/- 0.155
02066 PASS: MeterVolts 11.946
02067 #test feedback
02067 NULL : Port_5B = 12.0 | 0.155 | 0.1
02067 TEST: Port_5B 12.0 +/- 0.155
02067 PASS: Port_5B 11.908
02068 NULL : Input_5B = 0 | 0.1 | 0.1
02068 TEST: Input_5B 0.0 +/- 0.1
02068 PASS: Input_5B 0.0
02069 #set power supply
02069 PwrSetVoltage = 125 : NULL : WAIT = 0.1
02070 #test power supply
02070 NULL : MeterVolts = 12.5 | 0.155 | 0.1
02070 TEST: MeterVolts 12.5 +/- 0.155
02070 PASS: MeterVolts 12.448
02071 #test feedback
02071 NULL : Port_5B = 12.5 | 0.155 | 0.1
02071 TEST: Port_5B 12.5 +/- 0.155
02071 PASS: Port_5B 12.419
02072 NULL : Input_5B = 0 | 0.1 | 0.1
02072 TEST: Input_5B 0.0 +/- 0.1
02072 PASS: Input_5B 0.0
02073 #set power supply
02073 PwrSetVoltage = 130 : NULL : WAIT = 0.1
02074 #test power supply
02074 NULL : MeterVolts = 13.0 | 0.155 | 0.1
02074 TEST: MeterVolts 13.0 +/- 0.155
02074 PASS: MeterVolts 12.948
02075 #test feedback
02075 NULL : Port_5B = 13.0 | 0.155 | 0.1
02075 TEST: Port_5B 13.0 +/- 0.155
02075 PASS: Port_5B 12.922
02076 NULL : Input_5B = 0 | 0.1 | 0.1
02076 TEST: Input_5B 0.0 +/- 0.1
02076 PASS: Input_5B 0.0
02077 #set power supply
02077 PwrSetVoltage = 135 : NULL : WAIT = 0.1
02078 #test power supply
02078 NULL : MeterVolts = 13.5 | 0.155 | 0.1
02078 TEST: MeterVolts 13.5 +/- 0.155
02078 PASS: MeterVolts 13.359
02079 #test feedback
02079 NULL : Port_5B = 13.5 | 0.155 | 0.1
02079 TEST: Port_5B 13.5 +/- 0.155
02079 PASS: Port_5B 13.409
02080 NULL : Input_5B = 0 | 0.1 | 0.1
02080 TEST: Input_5B 0.0 +/- 0.1
02080 PASS: Input_5B 0.0
02081 #set power supply
02081 PwrSetVoltage = 140 : NULL : WAIT = 0.1
02082 #test power supply
02082 NULL : MeterVolts = 14.0 | 0.155 | 0.1
02082 TEST: MeterVolts 14.0 +/- 0.155
02082 PASS: MeterVolts 13.942
02083 #test feedback
02083 NULL : Port_5B = 14.0 | 0.155 | 0.1
02083 TEST: Port_5B 14.0 +/- 0.155
02083 PASS: Port_5B 13.904
02084 NULL : Input_5B = 0 | 0.1 | 0.1
02084 TEST: Input_5B 0.0 +/- 0.1
02084 PASS: Input_5B 0.0
02085 #set power supply
02085 PwrSetVoltage = 145 : NULL : WAIT = 0.1
02086 #test power supply
02086 NULL : MeterVolts = 14.5 | 0.155 | 0.1
02086 TEST: MeterVolts 14.5 +/- 0.155
02086 PASS: MeterVolts 14.437
02087 #test feedback
02087 NULL : Port_5B = 14.5 | 0.155 | 0.1
02087 TEST: Port_5B 14.5 +/- 0.155
02087 PASS: Port_5B 14.407
02088 NULL : Input_5B = 0 | 0.1 | 0.1
02088 TEST: Input_5B 0.0 +/- 0.1
02088 PASS: Input_5B 0.0
02089 #set power supply
02089 PwrSetVoltage = 150 : NULL : WAIT = 0.1
02090 #test power supply
02090 NULL : MeterVolts = 15.0 | 0.155 | 0.1
02090 TEST: MeterVolts 15.0 +/- 0.155
02090 PASS: MeterVolts 14.931
02091 #test feedback
02091 NULL : Port_5B = 15.0 | 0.155 | 0.1
02091 TEST: Port_5B 15.0 +/- 0.155
02091 PASS: Port_5B 14.901
02092 NULL : Input_5B = 0 | 0.1 | 0.1
02092 TEST: Input_5B 0.0 +/- 0.1
02092 PASS: Input_5B 0.0
02093 #set power supply
02093 PwrSetVoltage = 155 : NULL : WAIT = 0.1
02094 #test power supply
02094 NULL : MeterVolts = 15.5 | 0.155 | 0.1
02094 TEST: MeterVolts 15.5 +/- 0.155
02094 PASS: MeterVolts 15.422
02095 #test feedback
02095 NULL : Port_5B = 15.5 | 0.155 | 0.1
02095 TEST: Port_5B 15.5 +/- 0.155
02095 PASS: Port_5B 15.388
02096 NULL : Input_5B = 0 | 0.1 | 0.1
02096 TEST: Input_5B 0.0 +/- 0.1
02096 PASS: Input_5B 0.0
02097 #set power supply
02097 PwrSetVoltage = 160 : NULL : WAIT = 0.1
02098 #test power supply
02098 NULL : MeterVolts = 16.0 | 0.155 | 0.1
02098 TEST: MeterVolts 16.0 +/- 0.155
02098 PASS: MeterVolts 15.952
02099 #test feedback
02099 NULL : Port_5B = 16.0 | 0.155 | 0.1
02099 TEST: Port_5B 16.0 +/- 0.155
02099 PASS: Port_5B 15.924
02100 NULL : Input_5B = 0 | 0.1 | 0.1
02100 TEST: Input_5B 0.0 +/- 0.1
02100 PASS: Input_5B 0.0
02101 #set power supply
02101 PwrSetVoltage = 165 : NULL : WAIT = 0.1
02102 #test power supply
02102 NULL : MeterVolts = 16.5 | 0.155 | 0.1
02102 TEST: MeterVolts 16.5 +/- 0.155
02102 PASS: MeterVolts 16.457
02103 #test feedback
02103 NULL : Port_5B = 16.5 | 0.155 | 0.1
02103 TEST: Port_5B 16.5 +/- 0.155
02103 PASS: Port_5B 16.418
02104 NULL : Input_5B = 0 | 0.1 | 0.1
02104 TEST: Input_5B 0.0 +/- 0.1
02104 PASS: Input_5B 0.0
02105 #set power supply
02105 PwrSetVoltage = 170 : NULL : WAIT = 0.1
02106 #test power supply
02106 NULL : MeterVolts = 17.0 | 0.155 | 0.1
02106 TEST: MeterVolts 17.0 +/- 0.155
02106 PASS: MeterVolts 16.956
02107 #test feedback
02107 NULL : Port_5B = 17.0 | 0.155 | 0.1
02107 TEST: Port_5B 17.0 +/- 0.155
02107 PASS: Port_5B 16.921
02108 NULL : Input_5B = 0 | 0.1 | 0.1
02108 TEST: Input_5B 0.0 +/- 0.1
02108 PASS: Input_5B 0.0
02109 #set power supply
02109 PwrSetVoltage = 175 : NULL : WAIT = 0.1
02110 #test power supply
02110 NULL : MeterVolts = 17.5 | 0.155 | 0.1
02110 TEST: MeterVolts 17.5 +/- 0.155
02110 PASS: MeterVolts 17.395
02111 #test feedback
02111 NULL : Port_5B = 17.5 | 0.155 | 0.1
02111 TEST: Port_5B 17.5 +/- 0.155
02111 PASS: Port_5B 17.424
02112 NULL : Input_5B = 0 | 0.1 | 0.1
02112 TEST: Input_5B 0.0 +/- 0.1
02112 PASS: Input_5B 0.0
02113 #set power supply
02113 PwrSetVoltage = 180 : NULL : WAIT = 0.1
02114 #test power supply
02114 NULL : MeterVolts = 18.0 | 0.155 | 0.1
02114 TEST: MeterVolts 18.0 +/- 0.155
02114 PASS: MeterVolts 17.958
02115 #test feedback
02115 NULL : Port_5B = 18.0 | 0.155 | 0.1
02115 TEST: Port_5B 18.0 +/- 0.155
02115 PASS: Port_5B 17.927
02116 NULL : Input_5B = 0 | 0.1 | 0.1
02116 TEST: Input_5B 0.0 +/- 0.1
02116 PASS: Input_5B 0.0
02117 #set power supply
02117 PwrSetVoltage = 185 : NULL : WAIT = 0.1
02118 #test power supply
02118 NULL : MeterVolts = 18.5 | 0.155 | 0.1
02118 TEST: MeterVolts 18.5 +/- 0.155
02118 PASS: MeterVolts 18.45
02119 #test feedback
02119 NULL : Port_5B = 18.5 | 0.155 | 0.1
02119 TEST: Port_5B 18.5 +/- 0.155
02119 PASS: Port_5B 18.414
02120 NULL : Input_5B = 0 | 0.1 | 0.1
02120 TEST: Input_5B 0.0 +/- 0.1
02120 PASS: Input_5B 0.0
02121 #set power supply
02121 PwrSetVoltage = 190 : NULL : WAIT = 0.1
02122 #test power supply
02122 NULL : MeterVolts = 19.0 | 0.155 | 0.1
02122 TEST: MeterVolts 19.0 +/- 0.155
02122 PASS: MeterVolts 18.949
02123 #test feedback
02123 NULL : Port_5B = 19.0 | 0.155 | 0.1
02123 TEST: Port_5B 19.0 +/- 0.155
02123 PASS: Port_5B 18.925
02124 NULL : Input_5B = 0 | 0.1 | 0.1
02124 TEST: Input_5B 0.0 +/- 0.1
02124 PASS: Input_5B 0.0
02125 #set power supply
02125 PwrSetVoltage = 195 : NULL : WAIT = 0.1
02126 #test power supply
02126 NULL : MeterVolts = 19.5 | 0.155 | 0.1
02126 TEST: MeterVolts 19.5 +/- 0.155
02126 PASS: MeterVolts 19.451
02127 #test feedback
02127 NULL : Port_5B = 19.5 | 0.155 | 0.1
02127 TEST: Port_5B 19.5 +/- 0.155
02127 PASS: Port_5B 19.42
02128 NULL : Input_5B = 0 | 0.1 | 0.1
02128 TEST: Input_5B 0.0 +/- 0.1
02128 PASS: Input_5B 0.0
02129 #set power supply
02129 PwrSetVoltage = 200 : NULL : WAIT = 0.1
02130 #test power supply
02130 NULL : MeterVolts = 20.0 | 0.155 | 0.1
02130 TEST: MeterVolts 20.0 +/- 0.155
02130 PASS: MeterVolts 19.944
02131 #test feedback
02131 NULL : Port_5B = 20.0 | 0.155 | 0.1
02131 TEST: Port_5B 20.0 +/- 0.155
02131 PASS: Port_5B 19.915
02132 NULL : Input_5B = 0 | 0.1 | 0.1
02132 TEST: Input_5B 0.0 +/- 0.1
02132 PASS: Input_5B 0.0
02133 #set power supply
02133 PwrSetVoltage = 205 : NULL : WAIT = 0.1
02134 #test power supply
02134 NULL : MeterVolts = 20.5 | 0.155 | 0.1
02134 TEST: MeterVolts 20.5 +/- 0.155
02134 PASS: MeterVolts 20.444
02135 #test feedback
02135 NULL : Port_5B = 20.5 | 0.155 | 0.1
02135 TEST: Port_5B 20.5 +/- 0.155
02135 PASS: Port_5B 20.418
02136 NULL : Input_5B = 0 | 0.1 | 0.1
02136 TEST: Input_5B 0.0 +/- 0.1
02136 PASS: Input_5B 0.0
02137 #set power supply
02137 PwrSetVoltage = 210 : NULL : WAIT = 0.1
02138 #test power supply
02138 NULL : MeterVolts = 21.0 | 0.155 | 0.1
02138 TEST: MeterVolts 21.0 +/- 0.155
02138 PASS: MeterVolts 20.935
02139 #test feedback
02139 NULL : Port_5B = 21.0 | 0.155 | 0.1
02139 TEST: Port_5B 21.0 +/- 0.155
02139 PASS: Port_5B 20.904
02140 NULL : Input_5B = 0 | 0.1 | 0.1
02140 TEST: Input_5B 0.0 +/- 0.1
02140 PASS: Input_5B 0.0
02141 #set power supply
02141 PwrSetVoltage = 215 : NULL : WAIT = 0.1
02142 #test power supply
02142 NULL : MeterVolts = 21.5 | 0.155 | 0.1
02142 TEST: MeterVolts 21.5 +/- 0.155
02142 PASS: MeterVolts 21.431
02143 #test feedback
02143 NULL : Port_5B = 21.5 | 0.155 | 0.1
02143 TEST: Port_5B 21.5 +/- 0.155
02143 PASS: Port_5B 21.399
02144 NULL : Input_5B = 0 | 0.1 | 0.1
02144 TEST: Input_5B 0.0 +/- 0.1
02144 PASS: Input_5B 0.0
02145 #set power supply
02145 PwrSetVoltage = 220 : NULL : WAIT = 0.1
02146 #test power supply
02146 NULL : MeterVolts = 22.0 | 0.155 | 0.1
02146 TEST: MeterVolts 22.0 +/- 0.155
02146 PASS: MeterVolts 21.932
02147 #test feedback
02147 NULL : Port_5B = 22.0 | 0.155 | 0.1
02147 TEST: Port_5B 22.0 +/- 0.155
02147 PASS: Port_5B 21.902
02148 NULL : Input_5B = 0 | 0.1 | 0.1
02148 TEST: Input_5B 0.0 +/- 0.1
02148 PASS: Input_5B 0.0
02149 #set power supply
02149 PwrSetVoltage = 225 : NULL : WAIT = 0.1
02150 #test power supply
02150 NULL : MeterVolts = 22.5 | 0.155 | 0.1
02150 TEST: MeterVolts 22.5 +/- 0.155
02150 PASS: MeterVolts 22.423
02151 #test feedback
02151 NULL : Port_5B = 22.5 | 0.155 | 0.1
02151 TEST: Port_5B 22.5 +/- 0.155
02151 PASS: Port_5B 22.389
02152 NULL : Input_5B = 0 | 0.1 | 0.1
02152 TEST: Input_5B 0.0 +/- 0.1
02152 PASS: Input_5B 0.0
02153 #set power supply
02153 PwrSetVoltage = 230 : NULL : WAIT = 0.1
02154 #test power supply
02154 NULL : MeterVolts = 23.0 | 0.155 | 0.1
02154 TEST: MeterVolts 23.0 +/- 0.155
02154 PASS: MeterVolts 22.919
02155 #test feedback
02155 NULL : Port_5B = 23.0 | 0.155 | 0.1
02155 TEST: Port_5B 23.0 +/- 0.155
02155 PASS: Port_5B 22.884
02156 NULL : Input_5B = 0 | 0.1 | 0.1
02156 TEST: Input_5B 0.0 +/- 0.1
02156 PASS: Input_5B 0.0
02157 #set power supply
02157 PwrSetVoltage = 235 : NULL : WAIT = 0.1
02158 #test power supply
02158 NULL : MeterVolts = 23.5 | 0.155 | 0.1
02158 TEST: MeterVolts 23.5 +/- 0.155
02158 PASS: MeterVolts 23.412
02159 #test feedback
02159 NULL : Port_5B = 23.5 | 0.155 | 0.1
02159 TEST: Port_5B 23.5 +/- 0.155
02159 PASS: Port_5B 23.379
02160 NULL : Input_5B = 0 | 0.1 | 0.1
02160 TEST: Input_5B 0.0 +/- 0.1
02160 PASS: Input_5B 0.0
02161 #set power supply
02161 PwrSetVoltage = 240 : NULL : WAIT = 0.1
02162 #test power supply
02162 NULL : MeterVolts = 24.0 | 0.155 | 0.1
02162 TEST: MeterVolts 24.0 +/- 0.155
02162 PASS: MeterVolts 23.932
02163 #test feedback
02163 NULL : Port_5B = 24.0 | 0.155 | 0.1
02163 TEST: Port_5B 24.0 +/- 0.155
02163 PASS: Port_5B 23.89
02164 NULL : Input_5B = 0 | 0.1 | 0.1
02164 TEST: Input_5B 0.0 +/- 0.1
02164 PASS: Input_5B 0.0
02165 #set power supply
02165 PwrSetVoltage = 245 : NULL : WAIT = 0.1
02166 #test power supply
02166 NULL : MeterVolts = 24.5 | 0.155 | 0.1
02166 TEST: MeterVolts 24.5 +/- 0.155
02166 PASS: MeterVolts 24.435
02167 #test feedback
02167 NULL : Port_5B = 24.5 | 0.155 | 0.1
02167 TEST: Port_5B 24.5 +/- 0.155
02167 PASS: Port_5B 24.401
02168 NULL : Input_5B = 0 | 0.1 | 0.1
02168 TEST: Input_5B 0.0 +/- 0.1
02168 PASS: Input_5B 0.0
02169 #set power supply
02169 PwrSetVoltage = 250 : NULL : WAIT = 0.1
02170 #test power supply
02170 NULL : MeterVolts = 25.0 | 0.155 | 0.1
02170 TEST: MeterVolts 25.0 +/- 0.155
02170 PASS: MeterVolts 24.932
02171 #test feedback
02171 NULL : Port_5B = 25.0 | 0.155 | 0.1
02171 TEST: Port_5B 25.0 +/- 0.155
02171 PASS: Port_5B 24.904
02172 NULL : Input_5B = 0 | 0.1 | 0.1
02172 TEST: Input_5B 0.0 +/- 0.1
02172 PASS: Input_5B 0.0
02173 #set power supply
02173 PwrSetVoltage = 255 : NULL : WAIT = 0.1
02174 #test power supply
02174 NULL : MeterVolts = 25.5 | 0.155 | 0.1
02174 TEST: MeterVolts 25.5 +/- 0.155
02174 PASS: MeterVolts 25.437
02175 #test feedback
02175 NULL : Port_5B = 25.5 | 0.155 | 0.1
02175 TEST: Port_5B 25.5 +/- 0.155
02175 PASS: Port_5B 25.398
02176 NULL : Input_5B = 0 | 0.1 | 0.1
02176 TEST: Input_5B 0.0 +/- 0.1
02176 PASS: Input_5B 0.0
02177 #set power supply
02177 PwrSetVoltage = 260 : NULL : WAIT = 0.1
02178 #test power supply
02178 NULL : MeterVolts = 26.0 | 0.155 | 0.1
02178 TEST: MeterVolts 26.0 +/- 0.155
02178 PASS: MeterVolts 25.913
02179 #test feedback
02179 NULL : Port_5B = 26.0 | 0.155 | 0.1
02179 TEST: Port_5B 26.0 +/- 0.155
02179 PASS: Port_5B 25.885
02180 NULL : Input_5B = 0 | 0.1 | 0.1
02180 TEST: Input_5B 0.0 +/- 0.1
02180 PASS: Input_5B 0.0
02181 #set power supply
02181 PwrSetVoltage = 265 : NULL : WAIT = 0.1
02182 #test power supply
02182 NULL : MeterVolts = 26.5 | 0.155 | 0.1
02182 TEST: MeterVolts 26.5 +/- 0.155
02182 PASS: MeterVolts 26.419
02183 #test feedback
02183 NULL : Port_5B = 26.5 | 0.155 | 0.1
02183 TEST: Port_5B 26.5 +/- 0.155
02183 PASS: Port_5B 26.388
02184 NULL : Input_5B = 0 | 0.1 | 0.1
02184 TEST: Input_5B 0.0 +/- 0.1
02184 PASS: Input_5B 0.0
02185 #set power supply
02185 PwrSetVoltage = 270 : NULL : WAIT = 0.1
02186 #test power supply
02186 NULL : MeterVolts = 27.0 | 0.155 | 0.1
02186 TEST: MeterVolts 27.0 +/- 0.155
02186 PASS: MeterVolts 26.925
02187 #test feedback
02187 NULL : Port_5B = 27.0 | 0.155 | 0.1
02187 TEST: Port_5B 27.0 +/- 0.155
02187 PASS: Port_5B 26.891
02188 NULL : Input_5B = 0 | 0.1 | 0.1
02188 TEST: Input_5B 0.0 +/- 0.1
02188 PASS: Input_5B 0.0
02189 #set power supply
02189 PwrSetVoltage = 275 : NULL : WAIT = 0.1
02190 #test power supply
02190 NULL : MeterVolts = 27.5 | 0.155 | 0.1
02190 TEST: MeterVolts 27.5 +/- 0.155
02190 PASS: MeterVolts 27.423
02191 #test feedback
02191 NULL : Port_5B = 27.5 | 0.155 | 0.1
02191 TEST: Port_5B 27.5 +/- 0.155
02191 PASS: Port_5B 27.394
02192 NULL : Input_5B = 0 | 0.1 | 0.1
02192 TEST: Input_5B 0.0 +/- 0.1
02192 PASS: Input_5B 0.0
02193 #set power supply
02193 PwrSetVoltage = 280 : NULL : WAIT = 0.1
02194 #test power supply
02194 NULL : MeterVolts = 28.0 | 0.155 | 0.1
02194 TEST: MeterVolts 28.0 +/- 0.155
02194 PASS: MeterVolts 27.924
02195 #test feedback
02195 NULL : Port_5B = 28.0 | 0.155 | 0.1
02195 TEST: Port_5B 28.0 +/- 0.155
02195 PASS: Port_5B 27.897
02196 NULL : Input_5B = 0 | 0.1 | 0.1
02196 TEST: Input_5B 0.0 +/- 0.1
02196 PASS: Input_5B 0.0
02197 #set power supply
02197 PwrSetVoltage = 285 : NULL : WAIT = 0.1
02198 #test power supply
02198 NULL : MeterVolts = 28.5 | 0.155 | 0.1
02198 TEST: MeterVolts 28.5 +/- 0.155
02198 PASS: MeterVolts 28.415
02199 #test feedback
02199 NULL : Port_5B = 28.5 | 0.155 | 0.1
02199 TEST: Port_5B 28.5 +/- 0.155
02199 PASS: Port_5B 28.384
02200 NULL : Input_5B = 0 | 0.1 | 0.1
02200 TEST: Input_5B 0.0 +/- 0.1
02200 PASS: Input_5B 0.0
02201 #set power supply
02201 PwrSetVoltage = 290 : NULL : WAIT = 0.1
02202 #test power supply
02202 NULL : MeterVolts = 29.0 | 0.155 | 0.1
02202 TEST: MeterVolts 29.0 +/- 0.155
02202 PASS: MeterVolts 28.918
02203 #test feedback
02203 NULL : Port_5B = 29.0 | 0.155 | 0.1
02203 TEST: Port_5B 29.0 +/- 0.155
02203 PASS: Port_5B 28.887
02204 NULL : Input_5B = 0 | 0.1 | 0.1
02204 TEST: Input_5B 0.0 +/- 0.1
02204 PASS: Input_5B 0.0
02205 #set power supply
02205 PwrSetVoltage = 295 : NULL : WAIT = 0.1
02206 #test power supply
02206 NULL : MeterVolts = 29.5 | 0.155 | 0.1
02206 TEST: MeterVolts 29.5 +/- 0.155
02206 PASS: MeterVolts 29.423
02207 #test feedback
02207 NULL : Port_5B = 29.5 | 0.155 | 0.1
02207 TEST: Port_5B 29.5 +/- 0.155
02207 PASS: Port_5B 29.39
02208 NULL : Input_5B = 0 | 0.1 | 0.1
02208 TEST: Input_5B 0.0 +/- 0.1
02208 PASS: Input_5B 0.0
02209 #set power supply
02209 PwrSetVoltage = 300 : NULL : WAIT = 0.1
02210 #test power supply
02210 NULL : MeterVolts = 30.0 | 0.155 | 0.1
02210 TEST: MeterVolts 30.0 +/- 0.155
02210 PASS: MeterVolts 29.874
02211 #test feedback
02211 NULL : Port_5B = 30.0 | 0.155 | 0.1
02211 TEST: Port_5B 30.0 +/- 0.155
02211 PASS: Port_5B 29.892
02212 NULL : Input_5B = 0 | 0.1 | 0.1
02212 TEST: Input_5B 0.0 +/- 0.1
02212 PASS: Input_5B 0.0
02213 #set power supply
02213 PwrSetVoltage = 305 : NULL : WAIT = 0.1
02214 #test power supply
02214 NULL : MeterVolts = 30.5 | 0.155 | 0.1
02214 TEST: MeterVolts 30.5 +/- 0.155
02214 PASS: MeterVolts 30.426
02215 #test feedback
02215 NULL : Port_5B = 30.5 | 0.155 | 0.1
02215 TEST: Port_5B 30.5 +/- 0.155
02215 PASS: Port_5B 30.404
02216 NULL : Input_5B = 0 | 0.1 | 0.1
02216 TEST: Input_5B 0.0 +/- 0.1
02216 PASS: Input_5B 0.0
02217 #set power supply
02217 PwrSetVoltage = 310 : NULL : WAIT = 0.1
02218 #test power supply
02218 NULL : MeterVolts = 31.0 | 0.155 | 0.1
02218 TEST: MeterVolts 31.0 +/- 0.155
02218 PASS: MeterVolts 30.929
02219 #test feedback
02219 NULL : Port_5B = 31.0 | 0.155 | 0.1
02219 TEST: Port_5B 31.0 +/- 0.155
02219 PASS: Port_5B 30.898
02220 NULL : Input_5B = 0 | 0.1 | 0.1
02220 TEST: Input_5B 0.0 +/- 0.1
02220 PASS: Input_5B 0.0
02221 #set power supply
02221 PwrSetVoltage = 315 : NULL : WAIT = 0.1
02222 #test power supply
02222 NULL : MeterVolts = 31.5 | 0.155 | 0.1
02222 TEST: MeterVolts 31.5 +/- 0.155
02222 PASS: MeterVolts 31.423
02223 #test feedback
02223 NULL : Port_5B = 31.5 | 0.155 | 0.1
02223 TEST: Port_5B 31.5 +/- 0.155
02223 PASS: Port_5B 31.401
02224 NULL : Input_5B = 0 | 0.1 | 0.1
02224 TEST: Input_5B 0.0 +/- 0.1
02224 PASS: Input_5B 0.0
02225 #set power supply
02225 PwrSetVoltage = 320 : NULL : WAIT = 0.1
02226 #test power supply
02226 NULL : MeterVolts = 32.0 | 0.155 | 0.1
02226 TEST: MeterVolts 32.0 +/- 0.155
02226 PASS: MeterVolts 31.923
02227 #test feedback
02227 NULL : Port_5B = 32.0 | 0.155 | 0.1
02227 TEST: Port_5B 32.0 +/- 0.155
02227 PASS: Port_5B 31.896
02228 NULL : Input_5B = 0 | 0.1 | 0.1
02228 TEST: Input_5B 0.0 +/- 0.1
02228 PASS: Input_5B 0.0
02229 #set power supply
02229 PwrSetVoltage = 325 : NULL : WAIT = 0.1
02230 #test power supply
02230 NULL : MeterVolts = 32.5 | 0.155 | 0.1
02230 TEST: MeterVolts 32.5 +/- 0.155
02230 PASS: MeterVolts 32.419
02231 #test feedback
02231 NULL : Port_5B = 32.5 | 0.155 | 0.1
02231 TEST: Port_5B 32.5 +/- 0.155
02231 PASS: Port_5B 32.391
02232 NULL : Input_5B = 0 | 0.1 | 0.1
02232 TEST: Input_5B 0.0 +/- 0.1
02232 PASS: Input_5B 0.0
02233 #set power supply
02233 PwrSetVoltage = 330 : NULL : WAIT = 0.1
02234 #test power supply
02234 NULL : MeterVolts = 33.0 | 0.155 | 0.1
02234 TEST: MeterVolts 33.0 +/- 0.155
02234 PASS: MeterVolts 32.924
02235 #test feedback
02235 NULL : Port_5B = 33.0 | 0.155 | 0.1
02235 TEST: Port_5B 33.0 +/- 0.155
02235 PASS: Port_5B 32.91
02236 NULL : Input_5B = 0 | 0.1 | 0.1
02236 TEST: Input_5B 0.0 +/- 0.1
02236 PASS: Input_5B 0.0
02237 #set power supply
02237 PwrSetVoltage = 335 : NULL : WAIT = 0.1
02238 #test power supply
02238 NULL : MeterVolts = 33.5 | 0.155 | 0.1
02238 TEST: MeterVolts 33.5 +/- 0.155
02238 PASS: MeterVolts 33.354
02239 #test feedback
02239 NULL : Port_5B = 0 | 0.1 | 0.1
02239 TEST: Port_5B 0.0 +/- 0.1
02239 PASS: Port_5B 0.0
02240 NULL : Input_5B = 2 | 0.1 | 0.1
02240 TEST: Input_5B 2.0 +/- 0.1
02240 PASS: Input_5B 2.0
02241 #set power supply
02241 PwrSetVoltage = 336 : NULL : WAIT = 0.1
02242 #test power supply
02242 NULL : MeterVolts = 33.6 | 0.155 | 0.1
02242 TEST: MeterVolts 33.6 +/- 0.155
02242 PASS: MeterVolts 33.45
02243 #test feedback
02243 NULL : Port_5B = 0 | 0.1 | 0.1
02243 TEST: Port_5B 0.0 +/- 0.1
02243 PASS: Port_5B 0.0
02244 NULL : Input_5B = 2 | 0.1 | 0.1
02244 TEST: Input_5B 2.0 +/- 0.1
02244 PASS: Input_5B 2.0
02245 
02245 #Finished with port
02245 #switch out input
02245 J2_06 = 0 : NULL : WAIT = 0.1
02246 
02246 #-----setup 39009-----
02246 #configure as Output Digital ON/OFF
02246 Command = 82, MODE1 = 0, MODE2 = 0, Enable_24VDC = 0, ADRaw = 0 : NULL : WAIT = 0.5
02247 Command = 83, MODE1A = 6, MODE1B = 6, MODE2A = 1, MODE2B = 1, MODE3A = 6, MODE3B = 6, MODE4A = 1, MODE4B = 1, MODE5A = 6, MODE5B = 6, MODE6A = 1, MODE6B = 1, MODE7A = 6, MODE7B = 6 : NULL : WAIT = 0.5
02248 Command = 0, MODE1A = 0, MODE1B = 0, MODE2A = 0, MODE2B = 0, MODE3A = 0, MODE3B = 0, MODE4A = 0, MODE4B = 0, MODE5A = 0, MODE5B = 0, MODE6A = 0, MODE6B = 0, MODE7A = 0, MODE7B = 0 : NULL
02249 Command = 84, MODE8A = 1, MODE8B = 1, MODE9A = 6, MODE9B = 6, MODE10A = 1, MODE10B = 1, GLOBAL_KP = 255, GLOBAL_KI = 255 : NULL : WAIT = 0.5
02250 Command = 0, MODE8A = 0, MODE8B = 0, MODE9A = 0, MODE9B = 0, MODE10A = 0, MODE10B = 0, GLOBAL_KP = 0, GLOBAL_KI = 0 : NULL
02251 Command = 82, FaultReset = 1, SaveSettings = 1, Enable_DPLTx = 1, Enable_DPLF1 = 1, Enable_DPLF2 = 1 : NULL : WAIT = 0.5
02252 #clear multiplex
02252 Command = 0, FaultReset = 0, SaveSettings = 0, Enable_DPLTx = 0, Enable_DPLF1 = 0, Enable_DPLF2 = 0 : NULL
02253 #set power supply and wait
02253 PwrSetVoltage = 10 : NULL : WAIT = 0.1
02254 #test power supply
02254 NULL : MeterVolts = 1 | 0.155 | 0.1
02254 TEST: MeterVolts 1.0 +/- 0.155
02254 PASS: MeterVolts 1.058
02255 #switch input to load line
02255 J2_07 = 1 : NULL : WAIT = 0.1
02256 
02256 
02256 #Sweep of Port_7A from 1 to 32 in 0.5 increments
02256 
02256 #set power supply
02256 PwrSetVoltage = 10 : NULL : WAIT = 0.1
02257 #test power supply
02257 NULL : MeterVolts = 1 | 0.155 | 0.1
02257 TEST: MeterVolts 1.0 +/- 0.155
02257 PASS: MeterVolts 0.997
02258 #test feedback
02258 NULL : Port_7A = 1 | 0.155 | 0.1
02258 TEST: Port_7A 1.0 +/- 0.155
02258 PASS: Port_7A 0.973
02259 NULL : Input_7A = 0 | 0.1 | 0.1
02259 TEST: Input_7A 0.0 +/- 0.1
02259 PASS: Input_7A 0.0
02260 #set power supply
02260 PwrSetVoltage = 15 : NULL : WAIT = 0.1
02261 #test power supply
02261 NULL : MeterVolts = 1.5 | 0.155 | 0.1
02261 TEST: MeterVolts 1.5 +/- 0.155
02261 PASS: MeterVolts 1.511
02262 #test feedback
02262 NULL : Port_7A = 1.5 | 0.155 | 0.1
02262 TEST: Port_7A 1.5 +/- 0.155
02262 PASS: Port_7A 1.484
02263 NULL : Input_7A = 0 | 0.1 | 0.1
02263 TEST: Input_7A 0.0 +/- 0.1
02263 PASS: Input_7A 0.0
02264 #set power supply
02264 PwrSetVoltage = 20 : NULL : WAIT = 0.1
02265 #test power supply
02265 NULL : MeterVolts = 2.0 | 0.155 | 0.1
02265 TEST: MeterVolts 2.0 +/- 0.155
02265 PASS: MeterVolts 2.005
02266 #test feedback
02266 NULL : Port_7A = 2.0 | 0.155 | 0.1
02266 TEST: Port_7A 2.0 +/- 0.155
02266 PASS: Port_7A 1.987
02267 NULL : Input_7A = 0 | 0.1 | 0.1
02267 TEST: Input_7A 0.0 +/- 0.1
02267 PASS: Input_7A 0.0
02268 #set power supply
02268 PwrSetVoltage = 25 : NULL : WAIT = 0.1
02269 #test power supply
02269 NULL : MeterVolts = 2.5 | 0.155 | 0.1
02269 TEST: MeterVolts 2.5 +/- 0.155
02269 PASS: MeterVolts 2.503
02270 #test feedback
02270 NULL : Port_7A = 2.5 | 0.155 | 0.1
02270 TEST: Port_7A 2.5 +/- 0.155
02270 PASS: Port_7A 2.482
02271 NULL : Input_7A = 0 | 0.1 | 0.1
02271 TEST: Input_7A 0.0 +/- 0.1
02271 PASS: Input_7A 0.0
02272 #set power supply
02272 PwrSetVoltage = 30 : NULL : WAIT = 0.1
02273 #test power supply
02273 NULL : MeterVolts = 3.0 | 0.155 | 0.1
02273 TEST: MeterVolts 3.0 +/- 0.155
02273 PASS: MeterVolts 2.887
02274 #test feedback
02274 NULL : Port_7A = 3.0 | 0.155 | 0.1
02274 TEST: Port_7A 3.0 +/- 0.155
02274 PASS: Port_7A 2.96
02275 NULL : Input_7A = 0 | 0.1 | 0.1
02275 TEST: Input_7A 0.0 +/- 0.1
02275 PASS: Input_7A 0.0
02276 #set power supply
02276 PwrSetVoltage = 35 : NULL : WAIT = 0.1
02277 #test power supply
02277 NULL : MeterVolts = 3.5 | 0.155 | 0.1
02277 TEST: MeterVolts 3.5 +/- 0.155
02277 PASS: MeterVolts 3.436
02278 #test feedback
02278 NULL : Port_7A = 3.5 | 0.155 | 0.1
02278 TEST: Port_7A 3.5 +/- 0.155
02278 PASS: Port_7A 3.463
02279 NULL : Input_7A = 0 | 0.1 | 0.1
02279 TEST: Input_7A 0.0 +/- 0.1
02279 PASS: Input_7A 0.0
02280 #set power supply
02280 PwrSetVoltage = 40 : NULL : WAIT = 0.1
02281 #test power supply
02281 NULL : MeterVolts = 4.0 | 0.155 | 0.1
02281 TEST: MeterVolts 4.0 +/- 0.155
02281 PASS: MeterVolts 3.987
02282 #test feedback
02282 NULL : Port_7A = 4.0 | 0.155 | 0.1
02282 TEST: Port_7A 4.0 +/- 0.155
02282 PASS: Port_7A 3.95
02283 NULL : Input_7A = 0 | 0.1 | 0.1
02283 TEST: Input_7A 0.0 +/- 0.1
02283 PASS: Input_7A 0.0
02284 #set power supply
02284 PwrSetVoltage = 45 : NULL : WAIT = 0.1
02285 #test power supply
02285 NULL : MeterVolts = 4.5 | 0.155 | 0.1
02285 TEST: MeterVolts 4.5 +/- 0.155
02285 PASS: MeterVolts 4.481
02286 #test feedback
02286 NULL : Port_7A = 4.5 | 0.155 | 0.1
02286 TEST: Port_7A 4.5 +/- 0.155
02286 PASS: Port_7A 4.453
02287 NULL : Input_7A = 0 | 0.1 | 0.1
02287 TEST: Input_7A 0.0 +/- 0.1
02287 PASS: Input_7A 0.0
02288 #set power supply
02288 PwrSetVoltage = 50 : NULL : WAIT = 0.1
02289 #test power supply
02289 NULL : MeterVolts = 5.0 | 0.155 | 0.1
02289 TEST: MeterVolts 5.0 +/- 0.155
02289 PASS: MeterVolts 4.982
02290 #test feedback
02290 NULL : Port_7A = 5.0 | 0.155 | 0.1
02290 TEST: Port_7A 5.0 +/- 0.155
02290 PASS: Port_7A 4.948
02291 NULL : Input_7A = 0 | 0.1 | 0.1
02291 TEST: Input_7A 0.0 +/- 0.1
02291 PASS: Input_7A 0.0
02292 #set power supply
02292 PwrSetVoltage = 55 : NULL : WAIT = 0.1
02293 #test power supply
02293 NULL : MeterVolts = 5.5 | 0.155 | 0.1
02293 TEST: MeterVolts 5.5 +/- 0.155
02293 PASS: MeterVolts 5.473
02294 #test feedback
02294 NULL : Port_7A = 5.5 | 0.155 | 0.1
02294 TEST: Port_7A 5.5 +/- 0.155
02294 PASS: Port_7A 5.443
02295 NULL : Input_7A = 0 | 0.1 | 0.1
02295 TEST: Input_7A 0.0 +/- 0.1
02295 PASS: Input_7A 0.0
02296 #set power supply
02296 PwrSetVoltage = 60 : NULL : WAIT = 0.1
02297 #test power supply
02297 NULL : MeterVolts = 6.0 | 0.155 | 0.1
02297 TEST: MeterVolts 6.0 +/- 0.155
02297 PASS: MeterVolts 5.972
02298 #test feedback
02298 NULL : Port_7A = 6.0 | 0.155 | 0.1
02298 TEST: Port_7A 6.0 +/- 0.155
02298 PASS: Port_7A 5.929
02299 NULL : Input_7A = 0 | 0.1 | 0.1
02299 TEST: Input_7A 0.0 +/- 0.1
02299 PASS: Input_7A 0.0
02300 #set power supply
02300 PwrSetVoltage = 65 : NULL : WAIT = 0.1
02301 #test power supply
02301 NULL : MeterVolts = 6.5 | 0.155 | 0.1
02301 TEST: MeterVolts 6.5 +/- 0.155
02301 PASS: MeterVolts 6.472
02302 #test feedback
02302 NULL : Port_7A = 6.5 | 0.155 | 0.1
02302 TEST: Port_7A 6.5 +/- 0.155
02302 PASS: Port_7A 6.432
02303 NULL : Input_7A = 0 | 0.1 | 0.1
02303 TEST: Input_7A 0.0 +/- 0.1
02303 PASS: Input_7A 0.0
02304 #set power supply
02304 PwrSetVoltage = 70 : NULL : WAIT = 0.1
02305 #test power supply
02305 NULL : MeterVolts = 7.0 | 0.155 | 0.1
02305 TEST: MeterVolts 7.0 +/- 0.155
02305 PASS: MeterVolts 6.848
02306 #test feedback
02306 NULL : Port_7A = 7.0 | 0.155 | 0.1
02306 TEST: Port_7A 7.0 +/- 0.155
02306 PASS: Port_7A 6.919
02307 NULL : Input_7A = 0 | 0.1 | 0.1
02307 TEST: Input_7A 0.0 +/- 0.1
02307 PASS: Input_7A 0.0
02308 #set power supply
02308 PwrSetVoltage = 75 : NULL : WAIT = 0.1
02309 #test power supply
02309 NULL : MeterVolts = 7.5 | 0.155 | 0.1
02309 TEST: MeterVolts 7.5 +/- 0.155
02309 PASS: MeterVolts 7.409
02310 #test feedback
02310 NULL : Port_7A = 7.5 | 0.155 | 0.1
02310 TEST: Port_7A 7.5 +/- 0.155
02310 PASS: Port_7A 7.438
02311 NULL : Input_7A = 0 | 0.1 | 0.1
02311 TEST: Input_7A 0.0 +/- 0.1
02311 PASS: Input_7A 0.0
02312 #set power supply
02312 PwrSetVoltage = 80 : NULL : WAIT = 0.1
02313 #test power supply
02313 NULL : MeterVolts = 8.0 | 0.155 | 0.1
02313 TEST: MeterVolts 8.0 +/- 0.155
02313 PASS: MeterVolts 7.975
02314 #test feedback
02314 NULL : Port_7A = 8.0 | 0.155 | 0.1
02314 TEST: Port_7A 8.0 +/- 0.155
02314 PASS: Port_7A 7.933
02315 NULL : Input_7A = 0 | 0.1 | 0.1
02315 TEST: Input_7A 0.0 +/- 0.1
02315 PASS: Input_7A 0.0
02316 #set power supply
02316 PwrSetVoltage = 85 : NULL : WAIT = 0.1
02317 #test power supply
02317 NULL : MeterVolts = 8.5 | 0.155 | 0.1
02317 TEST: MeterVolts 8.5 +/- 0.155
02317 PASS: MeterVolts 8.467
02318 #test feedback
02318 NULL : Port_7A = 8.5 | 0.155 | 0.1
02318 TEST: Port_7A 8.5 +/- 0.155
02318 PASS: Port_7A 8.42
02319 NULL : Input_7A = 0 | 0.1 | 0.1
02319 TEST: Input_7A 0.0 +/- 0.1
02319 PASS: Input_7A 0.0
02320 #set power supply
02320 PwrSetVoltage = 90 : NULL : WAIT = 0.1
02321 #test power supply
02321 NULL : MeterVolts = 9.0 | 0.155 | 0.1
02321 TEST: MeterVolts 9.0 +/- 0.155
02321 PASS: MeterVolts 8.965
02322 #test feedback
02322 NULL : Port_7A = 9.0 | 0.155 | 0.1
02322 TEST: Port_7A 9.0 +/- 0.155
02322 PASS: Port_7A 8.923
02323 NULL : Input_7A = 0 | 0.1 | 0.1
02323 TEST: Input_7A 0.0 +/- 0.1
02323 PASS: Input_7A 0.0
02324 #set power supply
02324 PwrSetVoltage = 95 : NULL : WAIT = 0.1
02325 #test power supply
02325 NULL : MeterVolts = 9.5 | 0.155 | 0.1
02325 TEST: MeterVolts 9.5 +/- 0.155
02325 PASS: MeterVolts 9.458
02326 #test feedback
02326 NULL : Port_7A = 9.5 | 0.155 | 0.1
02326 TEST: Port_7A 9.5 +/- 0.155
02326 PASS: Port_7A 9.401
02327 NULL : Input_7A = 0 | 0.1 | 0.1
02327 TEST: Input_7A 0.0 +/- 0.1
02327 PASS: Input_7A 0.0
02328 #set power supply
02328 PwrSetVoltage = 100 : NULL : WAIT = 0.1
02329 #test power supply
02329 NULL : MeterVolts = 10.0 | 0.155 | 0.1
02329 TEST: MeterVolts 10.0 +/- 0.155
02329 PASS: MeterVolts 9.961
02330 #test feedback
02330 NULL : Port_7A = 10.0 | 0.155 | 0.1
02330 TEST: Port_7A 10.0 +/- 0.155
02330 PASS: Port_7A 9.912
02331 NULL : Input_7A = 0 | 0.1 | 0.1
02331 TEST: Input_7A 0.0 +/- 0.1
02331 PASS: Input_7A 0.0
02332 #set power supply
02332 PwrSetVoltage = 105 : NULL : WAIT = 0.1
02333 #test power supply
02333 NULL : MeterVolts = 10.5 | 0.155 | 0.1
02333 TEST: MeterVolts 10.5 +/- 0.155
02333 PASS: MeterVolts 10.46
02334 #test feedback
02334 NULL : Port_7A = 10.5 | 0.155 | 0.1
02334 TEST: Port_7A 10.5 +/- 0.155
02334 PASS: Port_7A 10.399
02335 NULL : Input_7A = 0 | 0.1 | 0.1
02335 TEST: Input_7A 0.0 +/- 0.1
02335 PASS: Input_7A 0.0
02336 #set power supply
02336 PwrSetVoltage = 110 : NULL : WAIT = 0.1
02337 #test power supply
02337 NULL : MeterVolts = 11.0 | 0.155 | 0.1
02337 TEST: MeterVolts 11.0 +/- 0.155
02337 PASS: MeterVolts 10.872
02338 #test feedback
02338 NULL : Port_7A = 11.0 | 0.155 | 0.1
02338 TEST: Port_7A 11.0 +/- 0.155
02338 PASS: Port_7A 10.902
02339 NULL : Input_7A = 0 | 0.1 | 0.1
02339 TEST: Input_7A 0.0 +/- 0.1
02339 PASS: Input_7A 0.0
02340 #set power supply
02340 PwrSetVoltage = 115 : NULL : WAIT = 0.1
02341 #test power supply
02341 NULL : MeterVolts = 11.5 | 0.155 | 0.1
02341 TEST: MeterVolts 11.5 +/- 0.155
02341 PASS: MeterVolts 11.427
02342 #test feedback
02342 NULL : Port_7A = 11.5 | 0.155 | 0.1
02342 TEST: Port_7A 11.5 +/- 0.155
02342 PASS: Port_7A 11.397
02343 NULL : Input_7A = 0 | 0.1 | 0.1
02343 TEST: Input_7A 0.0 +/- 0.1
02343 PASS: Input_7A 0.0
02344 #set power supply
02344 PwrSetVoltage = 120 : NULL : WAIT = 0.1
02345 #test power supply
02345 NULL : MeterVolts = 12.0 | 0.155 | 0.1
02345 TEST: MeterVolts 12.0 +/- 0.155
02345 PASS: MeterVolts 11.946
02346 #test feedback
02346 NULL : Port_7A = 12.0 | 0.155 | 0.1
02346 TEST: Port_7A 12.0 +/- 0.155
02346 PASS: Port_7A 11.892
02347 NULL : Input_7A = 0 | 0.1 | 0.1
02347 TEST: Input_7A 0.0 +/- 0.1
02347 PASS: Input_7A 0.0
02348 #set power supply
02348 PwrSetVoltage = 125 : NULL : WAIT = 0.1
02349 #test power supply
02349 NULL : MeterVolts = 12.5 | 0.155 | 0.1
02349 TEST: MeterVolts 12.5 +/- 0.155
02349 PASS: MeterVolts 12.448
02350 #test feedback
02350 NULL : Port_7A = 12.5 | 0.155 | 0.1
02350 TEST: Port_7A 12.5 +/- 0.155
02350 PASS: Port_7A 12.379
02351 NULL : Input_7A = 0 | 0.1 | 0.1
02351 TEST: Input_7A 0.0 +/- 0.1
02351 PASS: Input_7A 0.0
02352 #set power supply
02352 PwrSetVoltage = 130 : NULL : WAIT = 0.1
02353 #test power supply
02353 NULL : MeterVolts = 13.0 | 0.155 | 0.1
02353 TEST: MeterVolts 13.0 +/- 0.155
02353 PASS: MeterVolts 12.948
02354 #test feedback
02354 NULL : Port_7A = 13.0 | 0.155 | 0.1
02354 TEST: Port_7A 13.0 +/- 0.155
02354 PASS: Port_7A 12.89
02355 NULL : Input_7A = 0 | 0.1 | 0.1
02355 TEST: Input_7A 0.0 +/- 0.1
02355 PASS: Input_7A 0.0
02356 #set power supply
02356 PwrSetVoltage = 135 : NULL : WAIT = 0.1
02357 #test power supply
02357 NULL : MeterVolts = 13.5 | 0.155 | 0.1
02357 TEST: MeterVolts 13.5 +/- 0.155
02357 PASS: MeterVolts 13.441
02358 #test feedback
02358 NULL : Port_7A = 13.5 | 0.155 | 0.1
02358 TEST: Port_7A 13.5 +/- 0.155
02358 PASS: Port_7A 13.376
02359 NULL : Input_7A = 0 | 0.1 | 0.1
02359 TEST: Input_7A 0.0 +/- 0.1
02359 PASS: Input_7A 0.0
02360 #set power supply
02360 PwrSetVoltage = 140 : NULL : WAIT = 0.1
02361 #test power supply
02361 NULL : MeterVolts = 14.0 | 0.155 | 0.1
02361 TEST: MeterVolts 14.0 +/- 0.155
02361 PASS: MeterVolts 13.942
02362 #test feedback
02362 NULL : Port_7A = 14.0 | 0.155 | 0.1
02362 TEST: Port_7A 14.0 +/- 0.155
02362 PASS: Port_7A 13.887
02363 NULL : Input_7A = 0 | 0.1 | 0.1
02363 TEST: Input_7A 0.0 +/- 0.1
02363 PASS: Input_7A 0.0
02364 #set power supply
02364 PwrSetVoltage = 145 : NULL : WAIT = 0.1
02365 #test power supply
02365 NULL : MeterVolts = 14.5 | 0.155 | 0.1
02365 TEST: MeterVolts 14.5 +/- 0.155
02365 PASS: MeterVolts 14.435
02366 #test feedback
02366 NULL : Port_7A = 14.5 | 0.155 | 0.1
02366 TEST: Port_7A 14.5 +/- 0.155
02366 PASS: Port_7A 14.366
02367 NULL : Input_7A = 0 | 0.1 | 0.1
02367 TEST: Input_7A 0.0 +/- 0.1
02367 PASS: Input_7A 0.0
02368 #set power supply
02368 PwrSetVoltage = 150 : NULL : WAIT = 0.1
02369 #test power supply
02369 NULL : MeterVolts = 15.0 | 0.155 | 0.1
02369 TEST: MeterVolts 15.0 +/- 0.155
02369 PASS: MeterVolts 14.931
02370 #test feedback
02370 NULL : Port_7A = 15.0 | 0.155 | 0.1
02370 TEST: Port_7A 15.0 +/- 0.155
02370 PASS: Port_7A 14.861
02371 NULL : Input_7A = 0 | 0.1 | 0.1
02371 TEST: Input_7A 0.0 +/- 0.1
02371 PASS: Input_7A 0.0
02372 #set power supply
02372 PwrSetVoltage = 155 : NULL : WAIT = 0.1
02373 #test power supply
02373 NULL : MeterVolts = 15.5 | 0.155 | 0.1
02373 TEST: MeterVolts 15.5 +/- 0.155
02373 PASS: MeterVolts 15.421
02374 #test feedback
02374 NULL : Port_7A = 15.5 | 0.155 | 0.1
02374 TEST: Port_7A 15.5 +/- 0.155
02374 PASS: Port_7A 15.364
02375 NULL : Input_7A = 0 | 0.1 | 0.1
02375 TEST: Input_7A 0.0 +/- 0.1
02375 PASS: Input_7A 0.0
02376 #set power supply
02376 PwrSetVoltage = 160 : NULL : WAIT = 0.1
02377 #test power supply
02377 NULL : MeterVolts = 16.0 | 0.155 | 0.1
02377 TEST: MeterVolts 16.0 +/- 0.155
02377 PASS: MeterVolts 15.951
02378 #test feedback
02378 NULL : Port_7A = 16.0 | 0.155 | 0.1
02378 TEST: Port_7A 16.0 +/- 0.155
02378 PASS: Port_7A 15.883
02379 NULL : Input_7A = 0 | 0.1 | 0.1
02379 TEST: Input_7A 0.0 +/- 0.1
02379 PASS: Input_7A 0.0
02380 #set power supply
02380 PwrSetVoltage = 165 : NULL : WAIT = 0.1
02381 #test power supply
02381 NULL : MeterVolts = 16.5 | 0.155 | 0.1
02381 TEST: MeterVolts 16.5 +/- 0.155
02381 PASS: MeterVolts 16.4
02382 #test feedback
02382 NULL : Port_7A = 16.5 | 0.155 | 0.1
02382 TEST: Port_7A 16.5 +/- 0.155
02382 PASS: Port_7A 16.394
02383 NULL : Input_7A = 0 | 0.1 | 0.1
02383 TEST: Input_7A 0.0 +/- 0.1
02383 PASS: Input_7A 0.0
02384 #set power supply
02384 PwrSetVoltage = 170 : NULL : WAIT = 0.1
02385 #test power supply
02385 NULL : MeterVolts = 17.0 | 0.155 | 0.1
02385 TEST: MeterVolts 17.0 +/- 0.155
02385 PASS: MeterVolts 16.954
02386 #test feedback
02386 NULL : Port_7A = 17.0 | 0.155 | 0.1
02386 TEST: Port_7A 17.0 +/- 0.155
02386 PASS: Port_7A 16.889
02387 NULL : Input_7A = 0 | 0.1 | 0.1
02387 TEST: Input_7A 0.0 +/- 0.1
02387 PASS: Input_7A 0.0
02388 #set power supply
02388 PwrSetVoltage = 175 : NULL : WAIT = 0.1
02389 #test power supply
02389 NULL : MeterVolts = 17.5 | 0.155 | 0.1
02389 TEST: MeterVolts 17.5 +/- 0.155
02389 PASS: MeterVolts 17.457
02390 #test feedback
02390 NULL : Port_7A = 17.5 | 0.155 | 0.1
02390 TEST: Port_7A 17.5 +/- 0.155
02390 PASS: Port_7A 17.384
02391 NULL : Input_7A = 0 | 0.1 | 0.1
02391 TEST: Input_7A 0.0 +/- 0.1
02391 PASS: Input_7A 0.0
02392 #set power supply
02392 PwrSetVoltage = 180 : NULL : WAIT = 0.1
02393 #test power supply
02393 NULL : MeterVolts = 18.0 | 0.155 | 0.1
02393 TEST: MeterVolts 18.0 +/- 0.155
02393 PASS: MeterVolts 17.956
02394 #test feedback
02394 NULL : Port_7A = 18.0 | 0.155 | 0.1
02394 TEST: Port_7A 18.0 +/- 0.155
02394 PASS: Port_7A 17.887
02395 NULL : Input_7A = 0 | 0.1 | 0.1
02395 TEST: Input_7A 0.0 +/- 0.1
02395 PASS: Input_7A 0.0
02396 #set power supply
02396 PwrSetVoltage = 185 : NULL : WAIT = 0.1
02397 #test power supply
02397 NULL : MeterVolts = 18.5 | 0.155 | 0.1
02397 TEST: MeterVolts 18.5 +/- 0.155
02397 PASS: MeterVolts 18.449
02398 #test feedback
02398 NULL : Port_7A = 18.5 | 0.155 | 0.1
02398 TEST: Port_7A 18.5 +/- 0.155
02398 PASS: Port_7A 18.381
02399 NULL : Input_7A = 0 | 0.1 | 0.1
02399 TEST: Input_7A 0.0 +/- 0.1
02399 PASS: Input_7A 0.0
02400 #set power supply
02400 PwrSetVoltage = 190 : NULL : WAIT = 0.1
02401 #test power supply
02401 NULL : MeterVolts = 19.0 | 0.155 | 0.1
02401 TEST: MeterVolts 19.0 +/- 0.155
02401 PASS: MeterVolts 18.949
02402 #test feedback
02402 NULL : Port_7A = 19.0 | 0.155 | 0.1
02402 TEST: Port_7A 19.0 +/- 0.155
02402 PASS: Port_7A 18.876
02403 NULL : Input_7A = 0 | 0.1 | 0.1
02403 TEST: Input_7A 0.0 +/- 0.1
02403 PASS: Input_7A 0.0
02404 #set power supply
02404 PwrSetVoltage = 195 : NULL : WAIT = 0.1
02405 #test power supply
02405 NULL : MeterVolts = 19.5 | 0.155 | 0.1
02405 TEST: MeterVolts 19.5 +/- 0.155
02405 PASS: MeterVolts 19.449
02406 #test feedback
02406 NULL : Port_7A = 19.5 | 0.155 | 0.1
02406 TEST: Port_7A 19.5 +/- 0.155
02406 PASS: Port_7A 19.379
02407 NULL : Input_7A = 0 | 0.1 | 0.1
02407 TEST: Input_7A 0.0 +/- 0.1
02407 PASS: Input_7A 0.0
02408 #set power supply
02408 PwrSetVoltage = 200 : NULL : WAIT = 0.1
02409 #test power supply
02409 NULL : MeterVolts = 20.0 | 0.155 | 0.1
02409 TEST: MeterVolts 20.0 +/- 0.155
02409 PASS: MeterVolts 19.944
02410 #test feedback
02410 NULL : Port_7A = 20.0 | 0.155 | 0.1
02410 TEST: Port_7A 20.0 +/- 0.155
02410 PASS: Port_7A 19.858
02411 NULL : Input_7A = 0 | 0.1 | 0.1
02411 TEST: Input_7A 0.0 +/- 0.1
02411 PASS: Input_7A 0.0
02412 #set power supply
02412 PwrSetVoltage = 205 : NULL : WAIT = 0.1
02413 #test power supply
02413 NULL : MeterVolts = 20.5 | 0.155 | 0.1
02413 TEST: MeterVolts 20.5 +/- 0.155
02413 PASS: MeterVolts 20.442
02414 #test feedback
02414 NULL : Port_7A = 20.5 | 0.155 | 0.1
02414 TEST: Port_7A 20.5 +/- 0.155
02414 PASS: Port_7A 20.353
02415 NULL : Input_7A = 0 | 0.1 | 0.1
02415 TEST: Input_7A 0.0 +/- 0.1
02415 PASS: Input_7A 0.0
02416 #set power supply
02416 PwrSetVoltage = 210 : NULL : WAIT = 0.1
02417 #test power supply
02417 NULL : MeterVolts = 21.0 | 0.155 | 0.1
02417 TEST: MeterVolts 21.0 +/- 0.155
02417 PASS: MeterVolts 20.934
02418 #test feedback
02418 NULL : Port_7A = 21.0 | 0.155 | 0.1
02418 TEST: Port_7A 21.0 +/- 0.155
02418 PASS: Port_7A 20.872
02419 NULL : Input_7A = 0 | 0.1 | 0.1
02419 TEST: Input_7A 0.0 +/- 0.1
02419 PASS: Input_7A 0.0
02420 #set power supply
02420 PwrSetVoltage = 215 : NULL : WAIT = 0.1
02421 #test power supply
02421 NULL : MeterVolts = 21.5 | 0.155 | 0.1
02421 TEST: MeterVolts 21.5 +/- 0.155
02421 PASS: MeterVolts 21.375
02422 #test feedback
02422 NULL : Port_7A = 21.5 | 0.155 | 0.1
02422 TEST: Port_7A 21.5 +/- 0.155
02422 PASS: Port_7A 21.35
02423 NULL : Input_7A = 0 | 0.1 | 0.1
02423 TEST: Input_7A 0.0 +/- 0.1
02423 PASS: Input_7A 0.0
02424 #set power supply
02424 PwrSetVoltage = 220 : NULL : WAIT = 0.1
02425 #test power supply
02425 NULL : MeterVolts = 22.0 | 0.155 | 0.1
02425 TEST: MeterVolts 22.0 +/- 0.155
02425 PASS: MeterVolts 21.928
02426 #test feedback
02426 NULL : Port_7A = 22.0 | 0.155 | 0.1
02426 TEST: Port_7A 22.0 +/- 0.155
02426 PASS: Port_7A 21.853
02427 NULL : Input_7A = 0 | 0.1 | 0.1
02427 TEST: Input_7A 0.0 +/- 0.1
02427 PASS: Input_7A 0.0
02428 #set power supply
02428 PwrSetVoltage = 225 : NULL : WAIT = 0.1
02429 #test power supply
02429 NULL : MeterVolts = 22.5 | 0.155 | 0.1
02429 TEST: MeterVolts 22.5 +/- 0.155
02429 PASS: MeterVolts 22.422
02430 #test feedback
02430 NULL : Port_7A = 22.5 | 0.155 | 0.1
02430 TEST: Port_7A 22.5 +/- 0.155
02430 PASS: Port_7A 22.348
02431 NULL : Input_7A = 0 | 0.1 | 0.1
02431 TEST: Input_7A 0.0 +/- 0.1
02431 PASS: Input_7A 0.0
02432 #set power supply
02432 PwrSetVoltage = 230 : NULL : WAIT = 0.1
02433 #test power supply
02433 NULL : MeterVolts = 23.0 | 0.155 | 0.1
02433 TEST: MeterVolts 23.0 +/- 0.155
02433 PASS: MeterVolts 22.863
02434 #test feedback
02434 NULL : Port_7A = 23.0 | 0.155 | 0.1
02434 TEST: Port_7A 23.0 +/- 0.155
02434 FAIL: Port_7A 22.835
02435 NULL : Input_7A = 0 | 0.1 | 0.1
02435 TEST: Input_7A 0.0 +/- 0.1
02435 PASS: Input_7A 0.0
02436 #set power supply
02436 PwrSetVoltage = 235 : NULL : WAIT = 0.1
02437 #test power supply
02437 NULL : MeterVolts = 23.5 | 0.155 | 0.1
02437 TEST: MeterVolts 23.5 +/- 0.155
02437 PASS: MeterVolts 23.412
02438 #test feedback
02438 NULL : Port_7A = 23.5 | 0.155 | 0.1
02438 TEST: Port_7A 23.5 +/- 0.155
02438 FAIL: Port_7A 23.33
02439 NULL : Input_7A = 0 | 0.1 | 0.1
02439 TEST: Input_7A 0.0 +/- 0.1
02439 PASS: Input_7A 0.0
02440 #set power supply
02440 PwrSetVoltage = 240 : NULL : WAIT = 0.1
02441 #test power supply
02441 NULL : MeterVolts = 24.0 | 0.155 | 0.1
02441 TEST: MeterVolts 24.0 +/- 0.155
02441 PASS: MeterVolts 23.87
02442 #test feedback
02442 NULL : Port_7A = 24.0 | 0.155 | 0.1
02442 TEST: Port_7A 24.0 +/- 0.155
02442 PASS: Port_7A 23.849
02443 NULL : Input_7A = 0 | 0.1 | 0.1
02443 TEST: Input_7A 0.0 +/- 0.1
02443 PASS: Input_7A 0.0
02444 #set power supply
02444 PwrSetVoltage = 245 : NULL : WAIT = 0.1
02445 #test power supply
02445 NULL : MeterVolts = 24.5 | 0.155 | 0.1
02445 TEST: MeterVolts 24.5 +/- 0.155
02445 PASS: MeterVolts 24.422
02446 #test feedback
02446 NULL : Port_7A = 24.5 | 0.155 | 0.1
02446 TEST: Port_7A 24.5 +/- 0.155
02446 PASS: Port_7A 24.352
02447 NULL : Input_7A = 0 | 0.1 | 0.1
02447 TEST: Input_7A 0.0 +/- 0.1
02447 PASS: Input_7A 0.0
02448 #set power supply
02448 PwrSetVoltage = 250 : NULL : WAIT = 0.1
02449 #test power supply
02449 NULL : MeterVolts = 25.0 | 0.155 | 0.1
02449 TEST: MeterVolts 25.0 +/- 0.155
02449 PASS: MeterVolts 24.931
02450 #test feedback
02450 NULL : Port_7A = 25.0 | 0.155 | 0.1
02450 TEST: Port_7A 25.0 +/- 0.155
02450 PASS: Port_7A 24.847
02451 NULL : Input_7A = 0 | 0.1 | 0.1
02451 TEST: Input_7A 0.0 +/- 0.1
02451 PASS: Input_7A 0.0
02452 #set power supply
02452 PwrSetVoltage = 255 : NULL : WAIT = 0.1
02453 #test power supply
02453 NULL : MeterVolts = 25.5 | 0.155 | 0.1
02453 TEST: MeterVolts 25.5 +/- 0.155
02453 PASS: MeterVolts 25.436
02454 #test feedback
02454 NULL : Port_7A = 25.5 | 0.155 | 0.1
02454 TEST: Port_7A 25.5 +/- 0.155
02454 PASS: Port_7A 25.35
02455 NULL : Input_7A = 0 | 0.1 | 0.1
02455 TEST: Input_7A 0.0 +/- 0.1
02455 PASS: Input_7A 0.0
02456 #set power supply
02456 PwrSetVoltage = 260 : NULL : WAIT = 0.1
02457 #test power supply
02457 NULL : MeterVolts = 26.0 | 0.155 | 0.1
02457 TEST: MeterVolts 26.0 +/- 0.155
02457 PASS: MeterVolts 25.912
02458 #test feedback
02458 NULL : Port_7A = 26.0 | 0.155 | 0.1
02458 TEST: Port_7A 26.0 +/- 0.155
02458 FAIL: Port_7A 25.82
02459 NULL : Input_7A = 0 | 0.1 | 0.1
02459 TEST: Input_7A 0.0 +/- 0.1
02459 PASS: Input_7A 0.0
02460 #set power supply
02460 PwrSetVoltage = 265 : NULL : WAIT = 0.1
02461 #test power supply
02461 NULL : MeterVolts = 26.5 | 0.155 | 0.1
02461 TEST: MeterVolts 26.5 +/- 0.155
02461 PASS: MeterVolts 26.419
02462 #test feedback
02462 NULL : Port_7A = 26.5 | 0.155 | 0.1
02462 TEST: Port_7A 26.5 +/- 0.155
02462 FAIL: Port_7A 26.331
02463 NULL : Input_7A = 0 | 0.1 | 0.1
02463 TEST: Input_7A 0.0 +/- 0.1
02463 PASS: Input_7A 0.0
02464 #set power supply
02464 PwrSetVoltage = 270 : NULL : WAIT = 0.1
02465 #test power supply
02465 NULL : MeterVolts = 27.0 | 0.155 | 0.1
02465 TEST: MeterVolts 27.0 +/- 0.155
02465 PASS: MeterVolts 26.883
02466 #test feedback
02466 NULL : Port_7A = 27.0 | 0.155 | 0.1
02466 TEST: Port_7A 27.0 +/- 0.155
02466 FAIL: Port_7A 26.834
02467 NULL : Input_7A = 0 | 0.1 | 0.1
02467 TEST: Input_7A 0.0 +/- 0.1
02467 PASS: Input_7A 0.0
02468 #set power supply
02468 PwrSetVoltage = 275 : NULL : WAIT = 0.1
02469 #test power supply
02469 NULL : MeterVolts = 27.5 | 0.155 | 0.1
02469 TEST: MeterVolts 27.5 +/- 0.155
02469 PASS: MeterVolts 27.423
02470 #test feedback
02470 NULL : Port_7A = 27.5 | 0.155 | 0.1
02470 TEST: Port_7A 27.5 +/- 0.155
02470 FAIL: Port_7A 27.337
02471 NULL : Input_7A = 0 | 0.1 | 0.1
02471 TEST: Input_7A 0.0 +/- 0.1
02471 PASS: Input_7A 0.0
02472 #set power supply
02472 PwrSetVoltage = 280 : NULL : WAIT = 0.1
02473 #test power supply
02473 NULL : MeterVolts = 28.0 | 0.155 | 0.1
02473 TEST: MeterVolts 28.0 +/- 0.155
02473 PASS: MeterVolts 27.882
02474 #test feedback
02474 NULL : Port_7A = 28.0 | 0.155 | 0.1
02474 TEST: Port_7A 28.0 +/- 0.155
02474 FAIL: Port_7A 27.832
02475 NULL : Input_7A = 0 | 0.1 | 0.1
02475 TEST: Input_7A 0.0 +/- 0.1
02475 PASS: Input_7A 0.0
02476 #set power supply
02476 PwrSetVoltage = 285 : NULL : WAIT = 0.1
02477 #test power supply
02477 NULL : MeterVolts = 28.5 | 0.155 | 0.1
02477 TEST: MeterVolts 28.5 +/- 0.155
02477 PASS: MeterVolts 28.414
02478 #test feedback
02478 NULL : Port_7A = 28.5 | 0.155 | 0.1
02478 TEST: Port_7A 28.5 +/- 0.155
02478 FAIL: Port_7A 28.327
02479 NULL : Input_7A = 0 | 0.1 | 0.1
02479 TEST: Input_7A 0.0 +/- 0.1
02479 PASS: Input_7A 0.0
02480 #set power supply
02480 PwrSetVoltage = 290 : NULL : WAIT = 0.1
02481 #test power supply
02481 NULL : MeterVolts = 29.0 | 0.155 | 0.1
02481 TEST: MeterVolts 29.0 +/- 0.155
02481 PASS: MeterVolts 28.879
02482 #test feedback
02482 NULL : Port_7A = 29.0 | 0.155 | 0.1
02482 TEST: Port_7A 29.0 +/- 0.155
02482 PASS: Port_7A 28.846
02483 NULL : Input_7A = 0 | 0.1 | 0.1
02483 TEST: Input_7A 0.0 +/- 0.1
02483 PASS: Input_7A 0.0
02484 #set power supply
02484 PwrSetVoltage = 295 : NULL : WAIT = 0.1
02485 #test power supply
02485 NULL : MeterVolts = 29.5 | 0.155 | 0.1
02485 TEST: MeterVolts 29.5 +/- 0.155
02485 PASS: MeterVolts 29.424
02486 #test feedback
02486 NULL : Port_7A = 29.5 | 0.155 | 0.1
02486 TEST: Port_7A 29.5 +/- 0.155
02486 FAIL: Port_7A 29.333
02487 NULL : Input_7A = 0 | 0.1 | 0.1
02487 TEST: Input_7A 0.0 +/- 0.1
02487 PASS: Input_7A 0.0
02488 #set power supply
02488 PwrSetVoltage = 300 : NULL : WAIT = 0.1
02489 #test power supply
02489 NULL : MeterVolts = 30.0 | 0.155 | 0.1
02489 TEST: MeterVolts 30.0 +/- 0.155
02489 PASS: MeterVolts 29.889
02490 #test feedback
02490 NULL : Port_7A = 30.0 | 0.155 | 0.1
02490 TEST: Port_7A 30.0 +/- 0.155
02490 FAIL: Port_7A 29.836
02491 NULL : Input_7A = 0 | 0.1 | 0.1
02491 TEST: Input_7A 0.0 +/- 0.1
02491 PASS: Input_7A 0.0
02492 #set power supply
02492 PwrSetVoltage = 305 : NULL : WAIT = 0.1
02493 #test power supply
02493 NULL : MeterVolts = 30.5 | 0.155 | 0.1
02493 TEST: MeterVolts 30.5 +/- 0.155
02493 PASS: MeterVolts 30.428
02494 #test feedback
02494 NULL : Port_7A = 30.5 | 0.155 | 0.1
02494 TEST: Port_7A 30.5 +/- 0.155
02494 PASS: Port_7A 30.355
02495 NULL : Input_7A = 0 | 0.1 | 0.1
02495 TEST: Input_7A 0.0 +/- 0.1
02495 PASS: Input_7A 0.0
02496 #set power supply
02496 PwrSetVoltage = 310 : NULL : WAIT = 0.1
02497 #test power supply
02497 NULL : MeterVolts = 31.0 | 0.155 | 0.1
02497 TEST: MeterVolts 31.0 +/- 0.155
02497 PASS: MeterVolts 30.929
02498 #test feedback
02498 NULL : Port_7A = 31.0 | 0.155 | 0.1
02498 TEST: Port_7A 31.0 +/- 0.155
02498 PASS: Port_7A 30.85
02499 NULL : Input_7A = 0 | 0.1 | 0.1
02499 TEST: Input_7A 0.0 +/- 0.1
02499 PASS: Input_7A 0.0
02500 #set power supply
02500 PwrSetVoltage = 315 : NULL : WAIT = 0.1
02501 #test power supply
02501 NULL : MeterVolts = 31.5 | 0.155 | 0.1
02501 TEST: MeterVolts 31.5 +/- 0.155
02501 PASS: MeterVolts 31.422
02502 #test feedback
02502 NULL : Port_7A = 31.5 | 0.155 | 0.1
02502 TEST: Port_7A 31.5 +/- 0.155
02502 PASS: Port_7A 31.345
02503 NULL : Input_7A = 0 | 0.1 | 0.1
02503 TEST: Input_7A 0.0 +/- 0.1
02503 PASS: Input_7A 0.0
02504 #set power supply
02504 PwrSetVoltage = 320 : NULL : WAIT = 0.1
02505 #test power supply
02505 NULL : MeterVolts = 32.0 | 0.155 | 0.1
02505 TEST: MeterVolts 32.0 +/- 0.155
02505 PASS: MeterVolts 31.91
02506 #test feedback
02506 NULL : Port_7A = 32.0 | 0.155 | 0.1
02506 TEST: Port_7A 32.0 +/- 0.155
02506 PASS: Port_7A 31.864
02507 NULL : Input_7A = 0 | 0.1 | 0.1
02507 TEST: Input_7A 0.0 +/- 0.1
02507 PASS: Input_7A 0.0
02508 #set power supply
02508 PwrSetVoltage = 325 : NULL : WAIT = 0.1
02509 #test power supply
02509 NULL : MeterVolts = 32.5 | 0.155 | 0.1
02509 TEST: MeterVolts 32.5 +/- 0.155
02509 PASS: MeterVolts 32.42
02510 #test feedback
02510 NULL : Port_7A = 32.5 | 0.155 | 0.1
02510 TEST: Port_7A 32.5 +/- 0.155
02510 FAIL: Port_7A 32.326
02511 NULL : Input_7A = 0 | 0.1 | 0.1
02511 TEST: Input_7A 0.0 +/- 0.1
02511 PASS: Input_7A 0.0
02512 #set power supply
02512 PwrSetVoltage = 330 : NULL : WAIT = 0.1
02513 #test power supply
02513 NULL : MeterVolts = 33.0 | 0.155 | 0.1
02513 TEST: MeterVolts 33.0 +/- 0.155
02513 PASS: MeterVolts 32.927
02514 #test feedback
02514 NULL : Port_7A = 33.0 | 0.155 | 0.1
02514 TEST: Port_7A 33.0 +/- 0.155
02514 FAIL: Port_7A 32.837
02515 NULL : Input_7A = 0 | 0.1 | 0.1
02515 TEST: Input_7A 0.0 +/- 0.1
02515 PASS: Input_7A 0.0
02516 #set power supply
02516 PwrSetVoltage = 335 : NULL : WAIT = 0.1
02517 #test power supply
02517 NULL : MeterVolts = 33.5 | 0.155 | 0.1
02517 TEST: MeterVolts 33.5 +/- 0.155
02517 PASS: MeterVolts 33.428
02518 #test feedback
02518 NULL : Port_7A = 0 | 0.1 | 0.1
02518 TEST: Port_7A 0.0 +/- 0.1
02518 PASS: Port_7A 0.0
02519 NULL : Input_7A = 2 | 0.1 | 0.1
02519 TEST: Input_7A 2.0 +/- 0.1
02519 PASS: Input_7A 2.0
02520 #set power supply
02520 PwrSetVoltage = 336 : NULL : WAIT = 0.1
02521 #test power supply
02521 NULL : MeterVolts = 33.6 | 0.155 | 0.1
02521 TEST: MeterVolts 33.6 +/- 0.155
02521 PASS: MeterVolts 33.47
02522 #test feedback
02522 NULL : Port_7A = 0 | 0.1 | 0.1
02522 TEST: Port_7A 0.0 +/- 0.1
02522 PASS: Port_7A 0.0
02523 NULL : Input_7A = 2 | 0.1 | 0.1
02523 TEST: Input_7A 2.0 +/- 0.1
02523 PASS: Input_7A 2.0
02524 
02524 #Finished with port
02524 #switch out input
02524 J2_07 = 0 : NULL : WAIT = 0.1
02525 
02525 #-----setup 39009-----
02525 #configure as Output Digital ON/OFF
02525 Command = 82, MODE1 = 0, MODE2 = 0, Enable_24VDC = 0, ADRaw = 0 : NULL : WAIT = 0.5
02526 Command = 83, MODE1A = 6, MODE1B = 6, MODE2A = 1, MODE2B = 1, MODE3A = 6, MODE3B = 6, MODE4A = 1, MODE4B = 1, MODE5A = 6, MODE5B = 6, MODE6A = 1, MODE6B = 1, MODE7A = 6, MODE7B = 6 : NULL : WAIT = 0.5
02527 Command = 0, MODE1A = 0, MODE1B = 0, MODE2A = 0, MODE2B = 0, MODE3A = 0, MODE3B = 0, MODE4A = 0, MODE4B = 0, MODE5A = 0, MODE5B = 0, MODE6A = 0, MODE6B = 0, MODE7A = 0, MODE7B = 0 : NULL
02528 Command = 84, MODE8A = 1, MODE8B = 1, MODE9A = 6, MODE9B = 6, MODE10A = 1, MODE10B = 1, GLOBAL_KP = 255, GLOBAL_KI = 255 : NULL : WAIT = 0.5
02529 Command = 0, MODE8A = 0, MODE8B = 0, MODE9A = 0, MODE9B = 0, MODE10A = 0, MODE10B = 0, GLOBAL_KP = 0, GLOBAL_KI = 0 : NULL
02530 Command = 82, FaultReset = 1, SaveSettings = 1, Enable_DPLTx = 1, Enable_DPLF1 = 1, Enable_DPLF2 = 1 : NULL : WAIT = 0.5
02531 #clear multiplex
02531 Command = 0, FaultReset = 0, SaveSettings = 0, Enable_DPLTx = 0, Enable_DPLF1 = 0, Enable_DPLF2 = 0 : NULL
02532 #set power supply and wait
02532 PwrSetVoltage = 10 : NULL : WAIT = 0.1
02533 #test power supply
02533 NULL : MeterVolts = 1 | 0.155 | 0.1
02533 TEST: MeterVolts 1.0 +/- 0.155
02533 PASS: MeterVolts 1.069
02534 #switch input to load line
02534 J2_08 = 1 : NULL : WAIT = 0.1
02535 
02535 
02535 #Sweep of Port_7B from 1 to 32 in 0.5 increments
02535 
02535 #set power supply
02535 PwrSetVoltage = 10 : NULL : WAIT = 0.1
02536 #test power supply
02536 NULL : MeterVolts = 1 | 0.155 | 0.1
02536 TEST: MeterVolts 1.0 +/- 0.155
02536 PASS: MeterVolts 1.069
02537 #test feedback
02537 NULL : Port_7B = 1 | 0.155 | 0.1
02537 TEST: Port_7B 1.0 +/- 0.155
02537 PASS: Port_7B 0.989
02538 NULL : Input_7B = 0 | 0.1 | 0.1
02538 TEST: Input_7B 0.0 +/- 0.1
02538 PASS: Input_7B 0.0
02539 #set power supply
02539 PwrSetVoltage = 15 : NULL : WAIT = 0.1
02540 #test power supply
02540 NULL : MeterVolts = 1.5 | 0.155 | 0.1
02540 TEST: MeterVolts 1.5 +/- 0.155
02540 PASS: MeterVolts 1.511
02541 #test feedback
02541 NULL : Port_7B = 1.5 | 0.155 | 0.1
02541 TEST: Port_7B 1.5 +/- 0.155
02541 PASS: Port_7B 1.492
02542 NULL : Input_7B = 0 | 0.1 | 0.1
02542 TEST: Input_7B 0.0 +/- 0.1
02542 PASS: Input_7B 0.0
02543 #set power supply
02543 PwrSetVoltage = 20 : NULL : WAIT = 0.1
02544 #test power supply
02544 NULL : MeterVolts = 2.0 | 0.155 | 0.1
02544 TEST: MeterVolts 2.0 +/- 0.155
02544 PASS: MeterVolts 2.007
02545 #test feedback
02545 NULL : Port_7B = 2.0 | 0.155 | 0.1
02545 TEST: Port_7B 2.0 +/- 0.155
02545 PASS: Port_7B 1.987
02546 NULL : Input_7B = 0 | 0.1 | 0.1
02546 TEST: Input_7B 0.0 +/- 0.1
02546 PASS: Input_7B 0.0
02547 #set power supply
02547 PwrSetVoltage = 25 : NULL : WAIT = 0.1
02548 #test power supply
02548 NULL : MeterVolts = 2.5 | 0.155 | 0.1
02548 TEST: MeterVolts 2.5 +/- 0.155
02548 PASS: MeterVolts 2.505
02549 #test feedback
02549 NULL : Port_7B = 2.5 | 0.155 | 0.1
02549 TEST: Port_7B 2.5 +/- 0.155
02549 PASS: Port_7B 2.49
02550 NULL : Input_7B = 0 | 0.1 | 0.1
02550 TEST: Input_7B 0.0 +/- 0.1
02550 PASS: Input_7B 0.0
02551 #set power supply
02551 PwrSetVoltage = 30 : NULL : WAIT = 0.1
02552 #test power supply
02552 NULL : MeterVolts = 3.0 | 0.155 | 0.1
02552 TEST: MeterVolts 3.0 +/- 0.155
02552 PASS: MeterVolts 2.859
02553 #test feedback
02553 NULL : Port_7B = 3.0 | 0.155 | 0.1
02553 TEST: Port_7B 3.0 +/- 0.155
02553 PASS: Port_7B 2.969
02554 NULL : Input_7B = 0 | 0.1 | 0.1
02554 TEST: Input_7B 0.0 +/- 0.1
02554 PASS: Input_7B 0.0
02555 #set power supply
02555 PwrSetVoltage = 35 : NULL : WAIT = 0.1
02556 #test power supply
02556 NULL : MeterVolts = 3.5 | 0.155 | 0.1
02556 TEST: MeterVolts 3.5 +/- 0.155
02556 PASS: MeterVolts 3.491
02557 #test feedback
02557 NULL : Port_7B = 3.5 | 0.155 | 0.1
02557 TEST: Port_7B 3.5 +/- 0.155
02557 PASS: Port_7B 3.463
02558 NULL : Input_7B = 0 | 0.1 | 0.1
02558 TEST: Input_7B 0.0 +/- 0.1
02558 PASS: Input_7B 0.0
02559 #set power supply
02559 PwrSetVoltage = 40 : NULL : WAIT = 0.1
02560 #test power supply
02560 NULL : MeterVolts = 4.0 | 0.155 | 0.1
02560 TEST: MeterVolts 4.0 +/- 0.155
02560 PASS: MeterVolts 3.99
02561 #test feedback
02561 NULL : Port_7B = 4.0 | 0.155 | 0.1
02561 TEST: Port_7B 4.0 +/- 0.155
02561 PASS: Port_7B 3.974
02562 NULL : Input_7B = 0 | 0.1 | 0.1
02562 TEST: Input_7B 0.0 +/- 0.1
02562 PASS: Input_7B 0.0
02563 #set power supply
02563 PwrSetVoltage = 45 : NULL : WAIT = 0.1
02564 #test power supply
02564 NULL : MeterVolts = 4.5 | 0.155 | 0.1
02564 TEST: MeterVolts 4.5 +/- 0.155
02564 PASS: MeterVolts 4.483
02565 #test feedback
02565 NULL : Port_7B = 4.5 | 0.155 | 0.1
02565 TEST: Port_7B 4.5 +/- 0.155
02565 PASS: Port_7B 4.469
02566 NULL : Input_7B = 0 | 0.1 | 0.1
02566 TEST: Input_7B 0.0 +/- 0.1
02566 PASS: Input_7B 0.0
02567 #set power supply
02567 PwrSetVoltage = 50 : NULL : WAIT = 0.1
02568 #test power supply
02568 NULL : MeterVolts = 5.0 | 0.155 | 0.1
02568 TEST: MeterVolts 5.0 +/- 0.155
02568 PASS: MeterVolts 4.981
02569 #test feedback
02569 NULL : Port_7B = 5.0 | 0.155 | 0.1
02569 TEST: Port_7B 5.0 +/- 0.155
02569 PASS: Port_7B 4.972
02570 NULL : Input_7B = 0 | 0.1 | 0.1
02570 TEST: Input_7B 0.0 +/- 0.1
02570 PASS: Input_7B 0.0
02571 #set power supply
02571 PwrSetVoltage = 55 : NULL : WAIT = 0.1
02572 #test power supply
02572 NULL : MeterVolts = 5.5 | 0.155 | 0.1
02572 TEST: MeterVolts 5.5 +/- 0.155
02572 PASS: MeterVolts 5.473
02573 #test feedback
02573 NULL : Port_7B = 5.5 | 0.155 | 0.1
02573 TEST: Port_7B 5.5 +/- 0.155
02573 PASS: Port_7B 5.451
02574 NULL : Input_7B = 0 | 0.1 | 0.1
02574 TEST: Input_7B 0.0 +/- 0.1
02574 PASS: Input_7B 0.0
02575 #set power supply
02575 PwrSetVoltage = 60 : NULL : WAIT = 0.1
02576 #test power supply
02576 NULL : MeterVolts = 6.0 | 0.155 | 0.1
02576 TEST: MeterVolts 6.0 +/- 0.155
02576 PASS: MeterVolts 5.972
02577 #test feedback
02577 NULL : Port_7B = 6.0 | 0.155 | 0.1
02577 TEST: Port_7B 6.0 +/- 0.155
02577 PASS: Port_7B 5.954
02578 NULL : Input_7B = 0 | 0.1 | 0.1
02578 TEST: Input_7B 0.0 +/- 0.1
02578 PASS: Input_7B 0.0
02579 #set power supply
02579 PwrSetVoltage = 65 : NULL : WAIT = 0.1
02580 #test power supply
02580 NULL : MeterVolts = 6.5 | 0.155 | 0.1
02580 TEST: MeterVolts 6.5 +/- 0.155
02580 PASS: MeterVolts 6.376
02581 #test feedback
02581 NULL : Port_7B = 6.5 | 0.155 | 0.1
02581 TEST: Port_7B 6.5 +/- 0.155
02581 PASS: Port_7B 6.465
02582 NULL : Input_7B = 0 | 0.1 | 0.1
02582 TEST: Input_7B 0.0 +/- 0.1
02582 PASS: Input_7B 0.0
02583 #set power supply
02583 PwrSetVoltage = 70 : NULL : WAIT = 0.1
02584 #test power supply
02584 NULL : MeterVolts = 7.0 | 0.155 | 0.1
02584 TEST: MeterVolts 7.0 +/- 0.155
02584 PASS: MeterVolts 6.914
02585 #test feedback
02585 NULL : Port_7B = 7.0 | 0.155 | 0.1
02585 TEST: Port_7B 7.0 +/- 0.155
02585 PASS: Port_7B 6.943
02586 NULL : Input_7B = 0 | 0.1 | 0.1
02586 TEST: Input_7B 0.0 +/- 0.1
02586 PASS: Input_7B 0.0
02587 #set power supply
02587 PwrSetVoltage = 75 : NULL : WAIT = 0.1
02588 #test power supply
02588 NULL : MeterVolts = 7.5 | 0.155 | 0.1
02588 TEST: MeterVolts 7.5 +/- 0.155
02588 PASS: MeterVolts 7.473
02589 #test feedback
02589 NULL : Port_7B = 7.5 | 0.155 | 0.1
02589 TEST: Port_7B 7.5 +/- 0.155
02589 PASS: Port_7B 7.471
02590 NULL : Input_7B = 0 | 0.1 | 0.1
02590 TEST: Input_7B 0.0 +/- 0.1
02590 PASS: Input_7B 0.0
02591 #set power supply
02591 PwrSetVoltage = 80 : NULL : WAIT = 0.1
02592 #test power supply
02592 NULL : MeterVolts = 8.0 | 0.155 | 0.1
02592 TEST: MeterVolts 8.0 +/- 0.155
02592 PASS: MeterVolts 7.976
02593 #test feedback
02593 NULL : Port_7B = 8.0 | 0.155 | 0.1
02593 TEST: Port_7B 8.0 +/- 0.155
02593 PASS: Port_7B 7.957
02594 NULL : Input_7B = 0 | 0.1 | 0.1
02594 TEST: Input_7B 0.0 +/- 0.1
02594 PASS: Input_7B 0.0
02595 #set power supply
02595 PwrSetVoltage = 85 : NULL : WAIT = 0.1
02596 #test power supply
02596 NULL : MeterVolts = 8.5 | 0.155 | 0.1
02596 TEST: MeterVolts 8.5 +/- 0.155
02596 PASS: MeterVolts 8.466
02597 #test feedback
02597 NULL : Port_7B = 8.5 | 0.155 | 0.1
02597 TEST: Port_7B 8.5 +/- 0.155
02597 PASS: Port_7B 8.452
02598 NULL : Input_7B = 0 | 0.1 | 0.1
02598 TEST: Input_7B 0.0 +/- 0.1
02598 PASS: Input_7B 0.0
02599 #set power supply
02599 PwrSetVoltage = 90 : NULL : WAIT = 0.1
02600 #test power supply
02600 NULL : MeterVolts = 9.0 | 0.155 | 0.1
02600 TEST: MeterVolts 9.0 +/- 0.155
02600 PASS: MeterVolts 8.965
02601 #test feedback
02601 NULL : Port_7B = 9.0 | 0.155 | 0.1
02601 TEST: Port_7B 9.0 +/- 0.155
02601 PASS: Port_7B 8.939
02602 NULL : Input_7B = 0 | 0.1 | 0.1
02602 TEST: Input_7B 0.0 +/- 0.1
02602 PASS: Input_7B 0.0
02603 #set power supply
02603 PwrSetVoltage = 95 : NULL : WAIT = 0.1
02604 #test power supply
02604 NULL : MeterVolts = 9.5 | 0.155 | 0.1
02604 TEST: MeterVolts 9.5 +/- 0.155
02604 PASS: MeterVolts 9.459
02605 #test feedback
02605 NULL : Port_7B = 9.5 | 0.155 | 0.1
02605 TEST: Port_7B 9.5 +/- 0.155
02605 PASS: Port_7B 9.434
02606 NULL : Input_7B = 0 | 0.1 | 0.1
02606 TEST: Input_7B 0.0 +/- 0.1
02606 PASS: Input_7B 0.0
02607 #set power supply
02607 PwrSetVoltage = 100 : NULL : WAIT = 0.1
02608 #test power supply
02608 NULL : MeterVolts = 10.0 | 0.155 | 0.1
02608 TEST: MeterVolts 10.0 +/- 0.155
02608 PASS: MeterVolts 9.862
02609 #test feedback
02609 NULL : Port_7B = 10.0 | 0.155 | 0.1
02609 TEST: Port_7B 10.0 +/- 0.155
02609 PASS: Port_7B 9.945
02610 NULL : Input_7B = 0 | 0.1 | 0.1
02610 TEST: Input_7B 0.0 +/- 0.1
02610 PASS: Input_7B 0.0
02611 #set power supply
02611 PwrSetVoltage = 105 : NULL : WAIT = 0.1
02612 #test power supply
02612 NULL : MeterVolts = 10.5 | 0.155 | 0.1
02612 TEST: MeterVolts 10.5 +/- 0.155
02612 PASS: MeterVolts 10.419
02613 #test feedback
02613 NULL : Port_7B = 10.5 | 0.155 | 0.1
02613 TEST: Port_7B 10.5 +/- 0.155
02613 PASS: Port_7B 10.456
02614 NULL : Input_7B = 0 | 0.1 | 0.1
02614 TEST: Input_7B 0.0 +/- 0.1
02614 PASS: Input_7B 0.0
02615 #set power supply
02615 PwrSetVoltage = 110 : NULL : WAIT = 0.1
02616 #test power supply
02616 NULL : MeterVolts = 11.0 | 0.155 | 0.1
02616 TEST: MeterVolts 11.0 +/- 0.155
02616 PASS: MeterVolts 10.952
02617 #test feedback
02617 NULL : Port_7B = 11.0 | 0.155 | 0.1
02617 TEST: Port_7B 11.0 +/- 0.155
02617 PASS: Port_7B 10.926
02618 NULL : Input_7B = 0 | 0.1 | 0.1
02618 TEST: Input_7B 0.0 +/- 0.1
02618 PASS: Input_7B 0.0
02619 #set power supply
02619 PwrSetVoltage = 115 : NULL : WAIT = 0.1
02620 #test power supply
02620 NULL : MeterVolts = 11.5 | 0.155 | 0.1
02620 TEST: MeterVolts 11.5 +/- 0.155
02620 PASS: MeterVolts 11.452
02621 #test feedback
02621 NULL : Port_7B = 11.5 | 0.155 | 0.1
02621 TEST: Port_7B 11.5 +/- 0.155
02621 PASS: Port_7B 11.438
02622 NULL : Input_7B = 0 | 0.1 | 0.1
02622 TEST: Input_7B 0.0 +/- 0.1
02622 PASS: Input_7B 0.0
02623 #set power supply
02623 PwrSetVoltage = 120 : NULL : WAIT = 0.1
02624 #test power supply
02624 NULL : MeterVolts = 12.0 | 0.155 | 0.1
02624 TEST: MeterVolts 12.0 +/- 0.155
02624 PASS: MeterVolts 11.946
02625 #test feedback
02625 NULL : Port_7B = 12.0 | 0.155 | 0.1
02625 TEST: Port_7B 12.0 +/- 0.155
02625 PASS: Port_7B 11.932
02626 NULL : Input_7B = 0 | 0.1 | 0.1
02626 TEST: Input_7B 0.0 +/- 0.1
02626 PASS: Input_7B 0.0
02627 #set power supply
02627 PwrSetVoltage = 125 : NULL : WAIT = 0.1
02628 #test power supply
02628 NULL : MeterVolts = 12.5 | 0.155 | 0.1
02628 TEST: MeterVolts 12.5 +/- 0.155
02628 PASS: MeterVolts 12.448
02629 #test feedback
02629 NULL : Port_7B = 12.5 | 0.155 | 0.1
02629 TEST: Port_7B 12.5 +/- 0.155
02629 PASS: Port_7B 12.443
02630 NULL : Input_7B = 0 | 0.1 | 0.1
02630 TEST: Input_7B 0.0 +/- 0.1
02630 PASS: Input_7B 0.0
02631 #set power supply
02631 PwrSetVoltage = 130 : NULL : WAIT = 0.1
02632 #test power supply
02632 NULL : MeterVolts = 13.0 | 0.155 | 0.1
02632 TEST: MeterVolts 13.0 +/- 0.155
02632 PASS: MeterVolts 12.947
02633 #test feedback
02633 NULL : Port_7B = 13.0 | 0.155 | 0.1
02633 TEST: Port_7B 13.0 +/- 0.155
02633 PASS: Port_7B 12.938
02634 NULL : Input_7B = 0 | 0.1 | 0.1
02634 TEST: Input_7B 0.0 +/- 0.1
02634 PASS: Input_7B 0.0
02635 #set power supply
02635 PwrSetVoltage = 135 : NULL : WAIT = 0.1
02636 #test power supply
02636 NULL : MeterVolts = 13.5 | 0.155 | 0.1
02636 TEST: MeterVolts 13.5 +/- 0.155
02636 PASS: MeterVolts 13.441
02637 #test feedback
02637 NULL : Port_7B = 13.5 | 0.155 | 0.1
02637 TEST: Port_7B 13.5 +/- 0.155
02637 PASS: Port_7B 13.425
02638 NULL : Input_7B = 0 | 0.1 | 0.1
02638 TEST: Input_7B 0.0 +/- 0.1
02638 PASS: Input_7B 0.0
02639 #set power supply
02639 PwrSetVoltage = 140 : NULL : WAIT = 0.1
02640 #test power supply
02640 NULL : MeterVolts = 14.0 | 0.155 | 0.1
02640 TEST: MeterVolts 14.0 +/- 0.155
02640 PASS: MeterVolts 13.941
02641 #test feedback
02641 NULL : Port_7B = 14.0 | 0.155 | 0.1
02641 TEST: Port_7B 14.0 +/- 0.155
02641 PASS: Port_7B 13.928
02642 NULL : Input_7B = 0 | 0.1 | 0.1
02642 TEST: Input_7B 0.0 +/- 0.1
02642 PASS: Input_7B 0.0
02643 #set power supply
02643 PwrSetVoltage = 145 : NULL : WAIT = 0.1
02644 #test power supply
02644 NULL : MeterVolts = 14.5 | 0.155 | 0.1
02644 TEST: MeterVolts 14.5 +/- 0.155
02644 PASS: MeterVolts 14.437
02645 #test feedback
02645 NULL : Port_7B = 14.5 | 0.155 | 0.1
02645 TEST: Port_7B 14.5 +/- 0.155
02645 PASS: Port_7B 14.431
02646 NULL : Input_7B = 0 | 0.1 | 0.1
02646 TEST: Input_7B 0.0 +/- 0.1
02646 PASS: Input_7B 0.0
02647 #set power supply
02647 PwrSetVoltage = 150 : NULL : WAIT = 0.1
02648 #test power supply
02648 NULL : MeterVolts = 15.0 | 0.155 | 0.1
02648 TEST: MeterVolts 15.0 +/- 0.155
02648 PASS: MeterVolts 14.931
02649 #test feedback
02649 NULL : Port_7B = 15.0 | 0.155 | 0.1
02649 TEST: Port_7B 15.0 +/- 0.155
02649 PASS: Port_7B 14.909
02650 NULL : Input_7B = 0 | 0.1 | 0.1
02650 TEST: Input_7B 0.0 +/- 0.1
02650 PASS: Input_7B 0.0
02651 #set power supply
02651 PwrSetVoltage = 155 : NULL : WAIT = 0.1
02652 #test power supply
02652 NULL : MeterVolts = 15.5 | 0.155 | 0.1
02652 TEST: MeterVolts 15.5 +/- 0.155
02652 PASS: MeterVolts 15.422
02653 #test feedback
02653 NULL : Port_7B = 15.5 | 0.155 | 0.1
02653 TEST: Port_7B 15.5 +/- 0.155
02653 PASS: Port_7B 15.421
02654 NULL : Input_7B = 0 | 0.1 | 0.1
02654 TEST: Input_7B 0.0 +/- 0.1
02654 PASS: Input_7B 0.0
02655 #set power supply
02655 PwrSetVoltage = 160 : NULL : WAIT = 0.1
02656 #test power supply
02656 NULL : MeterVolts = 16.0 | 0.155 | 0.1
02656 TEST: MeterVolts 16.0 +/- 0.155
02656 PASS: MeterVolts 15.952
02657 #test feedback
02657 NULL : Port_7B = 16.0 | 0.155 | 0.1
02657 TEST: Port_7B 16.0 +/- 0.155
02657 PASS: Port_7B 15.948
02658 NULL : Input_7B = 0 | 0.1 | 0.1
02658 TEST: Input_7B 0.0 +/- 0.1
02658 PASS: Input_7B 0.0
02659 #set power supply
02659 PwrSetVoltage = 165 : NULL : WAIT = 0.1
02660 #test power supply
02660 NULL : MeterVolts = 16.5 | 0.155 | 0.1
02660 TEST: MeterVolts 16.5 +/- 0.155
02660 PASS: MeterVolts 16.397
02661 #test feedback
02661 NULL : Port_7B = 16.5 | 0.155 | 0.1
02661 TEST: Port_7B 16.5 +/- 0.155
02661 PASS: Port_7B 16.443
02662 NULL : Input_7B = 0 | 0.1 | 0.1
02662 TEST: Input_7B 0.0 +/- 0.1
02662 PASS: Input_7B 0.0
02663 #set power supply
02663 PwrSetVoltage = 170 : NULL : WAIT = 0.1
02664 #test power supply
02664 NULL : MeterVolts = 17.0 | 0.155 | 0.1
02664 TEST: MeterVolts 17.0 +/- 0.155
02664 PASS: MeterVolts 16.955
02665 #test feedback
02665 NULL : Port_7B = 17.0 | 0.155 | 0.1
02665 TEST: Port_7B 17.0 +/- 0.155
02665 PASS: Port_7B 16.946
02666 NULL : Input_7B = 0 | 0.1 | 0.1
02666 TEST: Input_7B 0.0 +/- 0.1
02666 PASS: Input_7B 0.0
02667 #set power supply
02667 PwrSetVoltage = 175 : NULL : WAIT = 0.1
02668 #test power supply
02668 NULL : MeterVolts = 17.5 | 0.155 | 0.1
02668 TEST: MeterVolts 17.5 +/- 0.155
02668 PASS: MeterVolts 17.456
02669 #test feedback
02669 NULL : Port_7B = 17.5 | 0.155 | 0.1
02669 TEST: Port_7B 17.5 +/- 0.155
02669 PASS: Port_7B 17.457
02670 NULL : Input_7B = 0 | 0.1 | 0.1
02670 TEST: Input_7B 0.0 +/- 0.1
02670 PASS: Input_7B 0.0
02671 #set power supply
02671 PwrSetVoltage = 180 : NULL : WAIT = 0.1
02672 #test power supply
02672 NULL : MeterVolts = 18.0 | 0.155 | 0.1
02672 TEST: MeterVolts 18.0 +/- 0.155
02672 PASS: MeterVolts 17.957
02673 #test feedback
02673 NULL : Port_7B = 18.0 | 0.155 | 0.1
02673 TEST: Port_7B 18.0 +/- 0.155
02673 PASS: Port_7B 17.952
02674 NULL : Input_7B = 0 | 0.1 | 0.1
02674 TEST: Input_7B 0.0 +/- 0.1
02674 PASS: Input_7B 0.0
02675 #set power supply
02675 PwrSetVoltage = 185 : NULL : WAIT = 0.1
02676 #test power supply
02676 NULL : MeterVolts = 18.5 | 0.155 | 0.1
02676 TEST: MeterVolts 18.5 +/- 0.155
02676 PASS: MeterVolts 18.45
02677 #test feedback
02677 NULL : Port_7B = 18.5 | 0.155 | 0.1
02677 TEST: Port_7B 18.5 +/- 0.155
02677 PASS: Port_7B 18.438
02678 NULL : Input_7B = 0 | 0.1 | 0.1
02678 TEST: Input_7B 0.0 +/- 0.1
02678 PASS: Input_7B 0.0
02679 #set power supply
02679 PwrSetVoltage = 190 : NULL : WAIT = 0.1
02680 #test power supply
02680 NULL : MeterVolts = 19.0 | 0.155 | 0.1
02680 TEST: MeterVolts 19.0 +/- 0.155
02680 PASS: MeterVolts 18.95
02681 #test feedback
02681 NULL : Port_7B = 19.0 | 0.155 | 0.1
02681 TEST: Port_7B 19.0 +/- 0.155
02681 PASS: Port_7B 18.941
02682 NULL : Input_7B = 0 | 0.1 | 0.1
02682 TEST: Input_7B 0.0 +/- 0.1
02682 PASS: Input_7B 0.0
02683 #set power supply
02683 PwrSetVoltage = 195 : NULL : WAIT = 0.1
02684 #test power supply
02684 NULL : MeterVolts = 19.5 | 0.155 | 0.1
02684 TEST: MeterVolts 19.5 +/- 0.155
02684 PASS: MeterVolts 19.45
02685 #test feedback
02685 NULL : Port_7B = 19.5 | 0.155 | 0.1
02685 TEST: Port_7B 19.5 +/- 0.155
02685 PASS: Port_7B 19.444
02686 NULL : Input_7B = 0 | 0.1 | 0.1
02686 TEST: Input_7B 0.0 +/- 0.1
02686 PASS: Input_7B 0.0
02687 #set power supply
02687 PwrSetVoltage = 200 : NULL : WAIT = 0.1
02688 #test power supply
02688 NULL : MeterVolts = 20.0 | 0.155 | 0.1
02688 TEST: MeterVolts 20.0 +/- 0.155
02688 PASS: MeterVolts 19.944
02689 #test feedback
02689 NULL : Port_7B = 20.0 | 0.155 | 0.1
02689 TEST: Port_7B 20.0 +/- 0.155
02689 PASS: Port_7B 19.947
02690 NULL : Input_7B = 0 | 0.1 | 0.1
02690 TEST: Input_7B 0.0 +/- 0.1
02690 PASS: Input_7B 0.0
02691 #set power supply
02691 PwrSetVoltage = 205 : NULL : WAIT = 0.1
02692 #test power supply
02692 NULL : MeterVolts = 20.5 | 0.155 | 0.1
02692 TEST: MeterVolts 20.5 +/- 0.155
02692 PASS: MeterVolts 20.442
02693 #test feedback
02693 NULL : Port_7B = 20.5 | 0.155 | 0.1
02693 TEST: Port_7B 20.5 +/- 0.155
02693 PASS: Port_7B 20.434
02694 NULL : Input_7B = 0 | 0.1 | 0.1
02694 TEST: Input_7B 0.0 +/- 0.1
02694 PASS: Input_7B 0.0
02695 #set power supply
02695 PwrSetVoltage = 210 : NULL : WAIT = 0.1
02696 #test power supply
02696 NULL : MeterVolts = 21.0 | 0.155 | 0.1
02696 TEST: MeterVolts 21.0 +/- 0.155
02696 PASS: MeterVolts 20.935
02697 #test feedback
02697 NULL : Port_7B = 21.0 | 0.155 | 0.1
02697 TEST: Port_7B 21.0 +/- 0.155
02697 PASS: Port_7B 20.929
02698 NULL : Input_7B = 0 | 0.1 | 0.1
02698 TEST: Input_7B 0.0 +/- 0.1
02698 PASS: Input_7B 0.0
02699 #set power supply
02699 PwrSetVoltage = 215 : NULL : WAIT = 0.1
02700 #test power supply
02700 NULL : MeterVolts = 21.5 | 0.155 | 0.1
02700 TEST: MeterVolts 21.5 +/- 0.155
02700 PASS: MeterVolts 21.431
02701 #test feedback
02701 NULL : Port_7B = 21.5 | 0.155 | 0.1
02701 TEST: Port_7B 21.5 +/- 0.155
02701 PASS: Port_7B 21.423
02702 NULL : Input_7B = 0 | 0.1 | 0.1
02702 TEST: Input_7B 0.0 +/- 0.1
02702 PASS: Input_7B 0.0
02703 #set power supply
02703 PwrSetVoltage = 220 : NULL : WAIT = 0.1
02704 #test power supply
02704 NULL : MeterVolts = 22.0 | 0.155 | 0.1
02704 TEST: MeterVolts 22.0 +/- 0.155
02704 PASS: MeterVolts 21.931
02705 #test feedback
02705 NULL : Port_7B = 22.0 | 0.155 | 0.1
02705 TEST: Port_7B 22.0 +/- 0.155
02705 PASS: Port_7B 21.926
02706 NULL : Input_7B = 0 | 0.1 | 0.1
02706 TEST: Input_7B 0.0 +/- 0.1
02706 PASS: Input_7B 0.0
02707 #set power supply
02707 PwrSetVoltage = 225 : NULL : WAIT = 0.1
02708 #test power supply
02708 NULL : MeterVolts = 22.5 | 0.155 | 0.1
02708 TEST: MeterVolts 22.5 +/- 0.155
02708 PASS: MeterVolts 22.422
02709 #test feedback
02709 NULL : Port_7B = 22.5 | 0.155 | 0.1
02709 TEST: Port_7B 22.5 +/- 0.155
02709 PASS: Port_7B 22.421
02710 NULL : Input_7B = 0 | 0.1 | 0.1
02710 TEST: Input_7B 0.0 +/- 0.1
02710 PASS: Input_7B 0.0
02711 #set power supply
02711 PwrSetVoltage = 230 : NULL : WAIT = 0.1
02712 #test power supply
02712 NULL : MeterVolts = 23.0 | 0.155 | 0.1
02712 TEST: MeterVolts 23.0 +/- 0.155
02712 PASS: MeterVolts 22.919
02713 #test feedback
02713 NULL : Port_7B = 23.0 | 0.155 | 0.1
02713 TEST: Port_7B 23.0 +/- 0.155
02713 PASS: Port_7B 22.932
02714 NULL : Input_7B = 0 | 0.1 | 0.1
02714 TEST: Input_7B 0.0 +/- 0.1
02714 PASS: Input_7B 0.0
02715 #set power supply
02715 PwrSetVoltage = 235 : NULL : WAIT = 0.1
02716 #test power supply
02716 NULL : MeterVolts = 23.5 | 0.155 | 0.1
02716 TEST: MeterVolts 23.5 +/- 0.155
02716 PASS: MeterVolts 23.412
02717 #test feedback
02717 NULL : Port_7B = 23.5 | 0.155 | 0.1
02717 TEST: Port_7B 23.5 +/- 0.155
02717 PASS: Port_7B 23.411
02718 NULL : Input_7B = 0 | 0.1 | 0.1
02718 TEST: Input_7B 0.0 +/- 0.1
02718 PASS: Input_7B 0.0
02719 #set power supply
02719 PwrSetVoltage = 240 : NULL : WAIT = 0.1
02720 #test power supply
02720 NULL : MeterVolts = 24.0 | 0.155 | 0.1
02720 TEST: MeterVolts 24.0 +/- 0.155
02720 PASS: MeterVolts 23.932
02721 #test feedback
02721 NULL : Port_7B = 24.0 | 0.155 | 0.1
02721 TEST: Port_7B 24.0 +/- 0.155
02721 PASS: Port_7B 23.938
02722 NULL : Input_7B = 0 | 0.1 | 0.1
02722 TEST: Input_7B 0.0 +/- 0.1
02722 PASS: Input_7B 0.0
02723 #set power supply
02723 PwrSetVoltage = 245 : NULL : WAIT = 0.1
02724 #test power supply
02724 NULL : MeterVolts = 24.5 | 0.155 | 0.1
02724 TEST: MeterVolts 24.5 +/- 0.155
02724 PASS: MeterVolts 24.358
02725 #test feedback
02725 NULL : Port_7B = 24.5 | 0.155 | 0.1
02725 TEST: Port_7B 24.5 +/- 0.155
02725 PASS: Port_7B 24.441
02726 NULL : Input_7B = 0 | 0.1 | 0.1
02726 TEST: Input_7B 0.0 +/- 0.1
02726 PASS: Input_7B 0.0
02727 #set power supply
02727 PwrSetVoltage = 250 : NULL : WAIT = 0.1
02728 #test power supply
02728 NULL : MeterVolts = 25.0 | 0.155 | 0.1
02728 TEST: MeterVolts 25.0 +/- 0.155
02728 PASS: MeterVolts 24.931
02729 #test feedback
02729 NULL : Port_7B = 25.0 | 0.155 | 0.1
02729 TEST: Port_7B 25.0 +/- 0.155
02729 PASS: Port_7B 24.928
02730 NULL : Input_7B = 0 | 0.1 | 0.1
02730 TEST: Input_7B 0.0 +/- 0.1
02730 PASS: Input_7B 0.0
02731 #set power supply
02731 PwrSetVoltage = 255 : NULL : WAIT = 0.1
02732 #test power supply
02732 NULL : MeterVolts = 25.5 | 0.155 | 0.1
02732 TEST: MeterVolts 25.5 +/- 0.155
02732 PASS: MeterVolts 25.437
02733 #test feedback
02733 NULL : Port_7B = 25.5 | 0.155 | 0.1
02733 TEST: Port_7B 25.5 +/- 0.155
02733 PASS: Port_7B 25.439
02734 NULL : Input_7B = 0 | 0.1 | 0.1
02734 TEST: Input_7B 0.0 +/- 0.1
02734 PASS: Input_7B 0.0
02735 #set power supply
02735 PwrSetVoltage = 260 : NULL : WAIT = 0.1
02736 #test power supply
02736 NULL : MeterVolts = 26.0 | 0.155 | 0.1
02736 TEST: MeterVolts 26.0 +/- 0.155
02736 PASS: MeterVolts 25.912
02737 #test feedback
02737 NULL : Port_7B = 26.0 | 0.155 | 0.1
02737 TEST: Port_7B 26.0 +/- 0.155
02737 PASS: Port_7B 25.926
02738 NULL : Input_7B = 0 | 0.1 | 0.1
02738 TEST: Input_7B 0.0 +/- 0.1
02738 PASS: Input_7B 0.0
02739 #set power supply
02739 PwrSetVoltage = 265 : NULL : WAIT = 0.1
02740 #test power supply
02740 NULL : MeterVolts = 26.5 | 0.155 | 0.1
02740 TEST: MeterVolts 26.5 +/- 0.155
02740 PASS: MeterVolts 26.417
02741 #test feedback
02741 NULL : Port_7B = 26.5 | 0.155 | 0.1
02741 TEST: Port_7B 26.5 +/- 0.155
02741 PASS: Port_7B 26.421
02742 NULL : Input_7B = 0 | 0.1 | 0.1
02742 TEST: Input_7B 0.0 +/- 0.1
02742 PASS: Input_7B 0.0
02743 #set power supply
02743 PwrSetVoltage = 270 : NULL : WAIT = 0.1
02744 #test power supply
02744 NULL : MeterVolts = 27.0 | 0.155 | 0.1
02744 TEST: MeterVolts 27.0 +/- 0.155
02744 PASS: MeterVolts 26.926
02745 #test feedback
02745 NULL : Port_7B = 27.0 | 0.155 | 0.1
02745 TEST: Port_7B 27.0 +/- 0.155
02745 PASS: Port_7B 26.932
02746 NULL : Input_7B = 0 | 0.1 | 0.1
02746 TEST: Input_7B 0.0 +/- 0.1
02746 PASS: Input_7B 0.0
02747 #set power supply
02747 PwrSetVoltage = 275 : NULL : WAIT = 0.1
02748 #test power supply
02748 NULL : MeterVolts = 27.5 | 0.155 | 0.1
02748 TEST: MeterVolts 27.5 +/- 0.155
02748 PASS: MeterVolts 27.423
02749 #test feedback
02749 NULL : Port_7B = 27.5 | 0.155 | 0.1
02749 TEST: Port_7B 27.5 +/- 0.155
02749 PASS: Port_7B 27.435
02750 NULL : Input_7B = 0 | 0.1 | 0.1
02750 TEST: Input_7B 0.0 +/- 0.1
02750 PASS: Input_7B 0.0
02751 #set power supply
02751 PwrSetVoltage = 280 : NULL : WAIT = 0.1
02752 #test power supply
02752 NULL : MeterVolts = 28.0 | 0.155 | 0.1
02752 TEST: MeterVolts 28.0 +/- 0.155
02752 PASS: MeterVolts 27.924
02753 #test feedback
02753 NULL : Port_7B = 28.0 | 0.155 | 0.1
02753 TEST: Port_7B 28.0 +/- 0.155
02753 PASS: Port_7B 27.937
02754 NULL : Input_7B = 0 | 0.1 | 0.1
02754 TEST: Input_7B 0.0 +/- 0.1
02754 PASS: Input_7B 0.0
02755 #set power supply
02755 PwrSetVoltage = 285 : NULL : WAIT = 0.1
02756 #test power supply
02756 NULL : MeterVolts = 28.5 | 0.155 | 0.1
02756 TEST: MeterVolts 28.5 +/- 0.155
02756 PASS: MeterVolts 28.414
02757 #test feedback
02757 NULL : Port_7B = 28.5 | 0.155 | 0.1
02757 TEST: Port_7B 28.5 +/- 0.155
02757 PASS: Port_7B 28.44
02758 NULL : Input_7B = 0 | 0.1 | 0.1
02758 TEST: Input_7B 0.0 +/- 0.1
02758 PASS: Input_7B 0.0
02759 #set power supply
02759 PwrSetVoltage = 290 : NULL : WAIT = 0.1
02760 #test power supply
02760 NULL : MeterVolts = 29.0 | 0.155 | 0.1
02760 TEST: MeterVolts 29.0 +/- 0.155
02760 PASS: MeterVolts 28.918
02761 #test feedback
02761 NULL : Port_7B = 29.0 | 0.155 | 0.1
02761 TEST: Port_7B 29.0 +/- 0.155
02761 PASS: Port_7B 28.935
02762 NULL : Input_7B = 0 | 0.1 | 0.1
02762 TEST: Input_7B 0.0 +/- 0.1
02762 PASS: Input_7B 0.0
02763 #set power supply
02763 PwrSetVoltage = 295 : NULL : WAIT = 0.1
02764 #test power supply
02764 NULL : MeterVolts = 29.5 | 0.155 | 0.1
02764 TEST: MeterVolts 29.5 +/- 0.155
02764 PASS: MeterVolts 29.423
02765 #test feedback
02765 NULL : Port_7B = 29.5 | 0.155 | 0.1
02765 TEST: Port_7B 29.5 +/- 0.155
02765 PASS: Port_7B 29.43
02766 NULL : Input_7B = 0 | 0.1 | 0.1
02766 TEST: Input_7B 0.0 +/- 0.1
02766 PASS: Input_7B 0.0
02767 #set power supply
02767 PwrSetVoltage = 300 : NULL : WAIT = 0.1
02768 #test power supply
02768 NULL : MeterVolts = 30.0 | 0.155 | 0.1
02768 TEST: MeterVolts 30.0 +/- 0.155
02768 PASS: MeterVolts 29.922
02769 #test feedback
02769 NULL : Port_7B = 30.0 | 0.155 | 0.1
02769 TEST: Port_7B 30.0 +/- 0.155
02769 PASS: Port_7B 29.941
02770 NULL : Input_7B = 0 | 0.1 | 0.1
02770 TEST: Input_7B 0.0 +/- 0.1
02770 PASS: Input_7B 0.0
02771 #set power supply
02771 PwrSetVoltage = 305 : NULL : WAIT = 0.1
02772 #test power supply
02772 NULL : MeterVolts = 30.5 | 0.155 | 0.1
02772 TEST: MeterVolts 30.5 +/- 0.155
02772 PASS: MeterVolts 30.371
02773 #test feedback
02773 NULL : Port_7B = 30.5 | 0.155 | 0.1
02773 TEST: Port_7B 30.5 +/- 0.155
02773 PASS: Port_7B 30.452
02774 NULL : Input_7B = 0 | 0.1 | 0.1
02774 TEST: Input_7B 0.0 +/- 0.1
02774 PASS: Input_7B 0.0
02775 #set power supply
02775 PwrSetVoltage = 310 : NULL : WAIT = 0.1
02776 #test power supply
02776 NULL : MeterVolts = 31.0 | 0.155 | 0.1
02776 TEST: MeterVolts 31.0 +/- 0.155
02776 PASS: MeterVolts 30.923
02777 #test feedback
02777 NULL : Port_7B = 31.0 | 0.155 | 0.1
02777 TEST: Port_7B 31.0 +/- 0.155
02777 PASS: Port_7B 30.955
02778 NULL : Input_7B = 0 | 0.1 | 0.1
02778 TEST: Input_7B 0.0 +/- 0.1
02778 PASS: Input_7B 0.0
02779 #set power supply
02779 PwrSetVoltage = 315 : NULL : WAIT = 0.1
02780 #test power supply
02780 NULL : MeterVolts = 31.5 | 0.155 | 0.1
02780 TEST: MeterVolts 31.5 +/- 0.155
02780 PASS: MeterVolts 31.422
02781 #test feedback
02781 NULL : Port_7B = 31.5 | 0.155 | 0.1
02781 TEST: Port_7B 31.5 +/- 0.155
02781 PASS: Port_7B 31.45
02782 NULL : Input_7B = 0 | 0.1 | 0.1
02782 TEST: Input_7B 0.0 +/- 0.1
02782 PASS: Input_7B 0.0
02783 #set power supply
02783 PwrSetVoltage = 320 : NULL : WAIT = 0.1
02784 #test power supply
02784 NULL : MeterVolts = 32.0 | 0.155 | 0.1
02784 TEST: MeterVolts 32.0 +/- 0.155
02784 PASS: MeterVolts 31.925
02785 #test feedback
02785 NULL : Port_7B = 32.0 | 0.155 | 0.1
02785 TEST: Port_7B 32.0 +/- 0.155
02785 PASS: Port_7B 31.945
02786 NULL : Input_7B = 0 | 0.1 | 0.1
02786 TEST: Input_7B 0.0 +/- 0.1
02786 PASS: Input_7B 0.0
02787 #set power supply
02787 PwrSetVoltage = 325 : NULL : WAIT = 0.1
02788 #test power supply
02788 NULL : MeterVolts = 32.5 | 0.155 | 0.1
02788 TEST: MeterVolts 32.5 +/- 0.155
02788 PASS: MeterVolts 32.42
02789 #test feedback
02789 NULL : Port_7B = 32.5 | 0.155 | 0.1
02789 TEST: Port_7B 32.5 +/- 0.155
02789 PASS: Port_7B 32.44
02790 NULL : Input_7B = 0 | 0.1 | 0.1
02790 TEST: Input_7B 0.0 +/- 0.1
02790 PASS: Input_7B 0.0
02791 #set power supply
02791 PwrSetVoltage = 330 : NULL : WAIT = 0.1
02792 #test power supply
02792 NULL : MeterVolts = 33.0 | 0.155 | 0.1
02792 TEST: MeterVolts 33.0 +/- 0.155
02792 PASS: MeterVolts 32.926
02793 #test feedback
02793 NULL : Port_7B = 33.0 | 0.155 | 0.1
02793 TEST: Port_7B 33.0 +/- 0.155
02793 PASS: Port_7B 32.959
02794 NULL : Input_7B = 0 | 0.1 | 0.1
02794 TEST: Input_7B 0.0 +/- 0.1
02794 PASS: Input_7B 0.0
02795 #set power supply
02795 PwrSetVoltage = 335 : NULL : WAIT = 0.1
02796 #test power supply
02796 NULL : MeterVolts = 33.5 | 0.155 | 0.1
02796 TEST: MeterVolts 33.5 +/- 0.155
02796 PASS: MeterVolts 33.429
02797 #test feedback
02797 NULL : Port_7B = 0 | 0.1 | 0.1
02797 TEST: Port_7B 0.0 +/- 0.1
02797 PASS: Port_7B 0.0
02798 NULL : Input_7B = 2 | 0.1 | 0.1
02798 TEST: Input_7B 2.0 +/- 0.1
02798 PASS: Input_7B 2.0
02799 #set power supply
02799 PwrSetVoltage = 336 : NULL : WAIT = 0.1
02800 #test power supply
02800 NULL : MeterVolts = 33.6 | 0.155 | 0.1
02800 TEST: MeterVolts 33.6 +/- 0.155
02800 PASS: MeterVolts 33.511
02801 #test feedback
02801 NULL : Port_7B = 0 | 0.1 | 0.1
02801 TEST: Port_7B 0.0 +/- 0.1
02801 PASS: Port_7B 0.0
02802 NULL : Input_7B = 2 | 0.1 | 0.1
02802 TEST: Input_7B 2.0 +/- 0.1
02802 PASS: Input_7B 2.0
02803 
02803 #Finished with port
02803 #switch out input
02803 J2_08 = 0 : NULL : WAIT = 0.1
02804 
02804 #-----setup 39009-----
02804 #configure as Output Digital ON/OFF
02804 Command = 82, MODE1 = 0, MODE2 = 0, Enable_24VDC = 0, ADRaw = 0 : NULL : WAIT = 0.5
02805 Command = 83, MODE1A = 6, MODE1B = 6, MODE2A = 1, MODE2B = 1, MODE3A = 6, MODE3B = 6, MODE4A = 1, MODE4B = 1, MODE5A = 6, MODE5B = 6, MODE6A = 1, MODE6B = 1, MODE7A = 6, MODE7B = 6 : NULL : WAIT = 0.5
02806 Command = 0, MODE1A = 0, MODE1B = 0, MODE2A = 0, MODE2B = 0, MODE3A = 0, MODE3B = 0, MODE4A = 0, MODE4B = 0, MODE5A = 0, MODE5B = 0, MODE6A = 0, MODE6B = 0, MODE7A = 0, MODE7B = 0 : NULL
02807 Command = 84, MODE8A = 1, MODE8B = 1, MODE9A = 6, MODE9B = 6, MODE10A = 1, MODE10B = 1, GLOBAL_KP = 255, GLOBAL_KI = 255 : NULL : WAIT = 0.5
02808 Command = 0, MODE8A = 0, MODE8B = 0, MODE9A = 0, MODE9B = 0, MODE10A = 0, MODE10B = 0, GLOBAL_KP = 0, GLOBAL_KI = 0 : NULL
02809 Command = 82, FaultReset = 1, SaveSettings = 1, Enable_DPLTx = 1, Enable_DPLF1 = 1, Enable_DPLF2 = 1 : NULL : WAIT = 0.5
02810 #clear multiplex
02810 Command = 0, FaultReset = 0, SaveSettings = 0, Enable_DPLTx = 0, Enable_DPLF1 = 0, Enable_DPLF2 = 0 : NULL
02811 #set power supply and wait
02811 PwrSetVoltage = 10 : NULL : WAIT = 0.1
02812 #test power supply
02812 NULL : MeterVolts = 1 | 0.155 | 0.1
02812 TEST: MeterVolts 1.0 +/- 0.155
02812 PASS: MeterVolts 1.06
02813 #switch input to load line
02813 J2_09 = 1 : NULL : WAIT = 0.1
02814 
02814 
02814 #Sweep of Port_9A from 1 to 32 in 0.5 increments
02814 
02814 #set power supply
02814 PwrSetVoltage = 10 : NULL : WAIT = 0.1
02815 #test power supply
02815 NULL : MeterVolts = 1 | 0.155 | 0.1
02815 TEST: MeterVolts 1.0 +/- 0.155
02815 PASS: MeterVolts 0.998
02816 #test feedback
02816 NULL : Port_9A = 1 | 0.155 | 0.1
02816 TEST: Port_9A 1.0 +/- 0.155
02816 PASS: Port_9A 0.965
02817 NULL : Input_9A = 0 | 0.1 | 0.1
02817 TEST: Input_9A 0.0 +/- 0.1
02817 PASS: Input_9A 0.0
02818 #set power supply
02818 PwrSetVoltage = 15 : NULL : WAIT = 0.1
02819 #test power supply
02819 NULL : MeterVolts = 1.5 | 0.155 | 0.1
02819 TEST: MeterVolts 1.5 +/- 0.155
02819 PASS: MeterVolts 1.511
02820 #test feedback
02820 NULL : Port_9A = 1.5 | 0.155 | 0.1
02820 TEST: Port_9A 1.5 +/- 0.155
02820 PASS: Port_9A 1.476
02821 NULL : Input_9A = 0 | 0.1 | 0.1
02821 TEST: Input_9A 0.0 +/- 0.1
02821 PASS: Input_9A 0.0
02822 #set power supply
02822 PwrSetVoltage = 20 : NULL : WAIT = 0.1
02823 #test power supply
02823 NULL : MeterVolts = 2.0 | 0.155 | 0.1
02823 TEST: MeterVolts 2.0 +/- 0.155
02823 PASS: MeterVolts 2.005
02824 #test feedback
02824 NULL : Port_9A = 2.0 | 0.155 | 0.1
02824 TEST: Port_9A 2.0 +/- 0.155
02824 PASS: Port_9A 1.979
02825 NULL : Input_9A = 0 | 0.1 | 0.1
02825 TEST: Input_9A 0.0 +/- 0.1
02825 PASS: Input_9A 0.0
02826 #set power supply
02826 PwrSetVoltage = 25 : NULL : WAIT = 0.1
02827 #test power supply
02827 NULL : MeterVolts = 2.5 | 0.155 | 0.1
02827 TEST: MeterVolts 2.5 +/- 0.155
02827 PASS: MeterVolts 2.504
02828 #test feedback
02828 NULL : Port_9A = 2.5 | 0.155 | 0.1
02828 TEST: Port_9A 2.5 +/- 0.155
02828 PASS: Port_9A 2.474
02829 NULL : Input_9A = 0 | 0.1 | 0.1
02829 TEST: Input_9A 0.0 +/- 0.1
02829 PASS: Input_9A 0.0
02830 #set power supply
02830 PwrSetVoltage = 30 : NULL : WAIT = 0.1
02831 #test power supply
02831 NULL : MeterVolts = 3.0 | 0.155 | 0.1
02831 TEST: MeterVolts 3.0 +/- 0.155
02831 PASS: MeterVolts 2.875
02832 #test feedback
02832 NULL : Port_9A = 3.0 | 0.155 | 0.1
02832 TEST: Port_9A 3.0 +/- 0.155
02832 PASS: Port_9A 2.952
02833 NULL : Input_9A = 0 | 0.1 | 0.1
02833 TEST: Input_9A 0.0 +/- 0.1
02833 PASS: Input_9A 0.0
02834 #set power supply
02834 PwrSetVoltage = 35 : NULL : WAIT = 0.1
02835 #test power supply
02835 NULL : MeterVolts = 3.5 | 0.155 | 0.1
02835 TEST: MeterVolts 3.5 +/- 0.155
02835 PASS: MeterVolts 3.408
02836 #test feedback
02836 NULL : Port_9A = 3.5 | 0.155 | 0.1
02836 TEST: Port_9A 3.5 +/- 0.155
02836 PASS: Port_9A 3.447
02837 NULL : Input_9A = 0 | 0.1 | 0.1
02837 TEST: Input_9A 0.0 +/- 0.1
02837 PASS: Input_9A 0.0
02838 #set power supply
02838 PwrSetVoltage = 40 : NULL : WAIT = 0.1
02839 #test power supply
02839 NULL : MeterVolts = 4.0 | 0.155 | 0.1
02839 TEST: MeterVolts 4.0 +/- 0.155
02839 PASS: MeterVolts 3.988
02840 #test feedback
02840 NULL : Port_9A = 4.0 | 0.155 | 0.1
02840 TEST: Port_9A 4.0 +/- 0.155
02840 PASS: Port_9A 3.934
02841 NULL : Input_9A = 0 | 0.1 | 0.1
02841 TEST: Input_9A 0.0 +/- 0.1
02841 PASS: Input_9A 0.0
02842 #set power supply
02842 PwrSetVoltage = 45 : NULL : WAIT = 0.1
02843 #test power supply
02843 NULL : MeterVolts = 4.5 | 0.155 | 0.1
02843 TEST: MeterVolts 4.5 +/- 0.155
02843 PASS: MeterVolts 4.479
02844 #test feedback
02844 NULL : Port_9A = 4.5 | 0.155 | 0.1
02844 TEST: Port_9A 4.5 +/- 0.155
02844 PASS: Port_9A 4.437
02845 NULL : Input_9A = 0 | 0.1 | 0.1
02845 TEST: Input_9A 0.0 +/- 0.1
02845 PASS: Input_9A 0.0
02846 #set power supply
02846 PwrSetVoltage = 50 : NULL : WAIT = 0.1
02847 #test power supply
02847 NULL : MeterVolts = 5.0 | 0.155 | 0.1
02847 TEST: MeterVolts 5.0 +/- 0.155
02847 PASS: MeterVolts 4.981
02848 #test feedback
02848 NULL : Port_9A = 5.0 | 0.155 | 0.1
02848 TEST: Port_9A 5.0 +/- 0.155
02848 PASS: Port_9A 4.932
02849 NULL : Input_9A = 0 | 0.1 | 0.1
02849 TEST: Input_9A 0.0 +/- 0.1
02849 PASS: Input_9A 0.0
02850 #set power supply
02850 PwrSetVoltage = 55 : NULL : WAIT = 0.1
02851 #test power supply
02851 NULL : MeterVolts = 5.5 | 0.155 | 0.1
02851 TEST: MeterVolts 5.5 +/- 0.155
02851 PASS: MeterVolts 5.473
02852 #test feedback
02852 NULL : Port_9A = 5.5 | 0.155 | 0.1
02852 TEST: Port_9A 5.5 +/- 0.155
02852 PASS: Port_9A 5.426
02853 NULL : Input_9A = 0 | 0.1 | 0.1
02853 TEST: Input_9A 0.0 +/- 0.1
02853 PASS: Input_9A 0.0
02854 #set power supply
02854 PwrSetVoltage = 60 : NULL : WAIT = 0.1
02855 #test power supply
02855 NULL : MeterVolts = 6.0 | 0.155 | 0.1
02855 TEST: MeterVolts 6.0 +/- 0.155
02855 PASS: MeterVolts 5.971
02856 #test feedback
02856 NULL : Port_9A = 6.0 | 0.155 | 0.1
02856 TEST: Port_9A 6.0 +/- 0.155
02856 PASS: Port_9A 5.913
02857 NULL : Input_9A = 0 | 0.1 | 0.1
02857 TEST: Input_9A 0.0 +/- 0.1
02857 PASS: Input_9A 0.0
02858 #set power supply
02858 PwrSetVoltage = 65 : NULL : WAIT = 0.1
02859 #test power supply
02859 NULL : MeterVolts = 6.5 | 0.155 | 0.1
02859 TEST: MeterVolts 6.5 +/- 0.155
02859 PASS: MeterVolts 6.471
02860 #test feedback
02860 NULL : Port_9A = 6.5 | 0.155 | 0.1
02860 TEST: Port_9A 6.5 +/- 0.155
02860 PASS: Port_9A 6.416
02861 NULL : Input_9A = 0 | 0.1 | 0.1
02861 TEST: Input_9A 0.0 +/- 0.1
02861 PASS: Input_9A 0.0
02862 #set power supply
02862 PwrSetVoltage = 70 : NULL : WAIT = 0.1
02863 #test power supply
02863 NULL : MeterVolts = 7.0 | 0.155 | 0.1
02863 TEST: MeterVolts 7.0 +/- 0.155
02863 PASS: MeterVolts 6.866
02864 #test feedback
02864 NULL : Port_9A = 7.0 | 0.155 | 0.1
02864 TEST: Port_9A 7.0 +/- 0.155
02864 PASS: Port_9A 6.911
02865 NULL : Input_9A = 0 | 0.1 | 0.1
02865 TEST: Input_9A 0.0 +/- 0.1
02865 PASS: Input_9A 0.0
02866 #set power supply
02866 PwrSetVoltage = 75 : NULL : WAIT = 0.1
02867 #test power supply
02867 NULL : MeterVolts = 7.5 | 0.155 | 0.1
02867 TEST: MeterVolts 7.5 +/- 0.155
02867 PASS: MeterVolts 7.472
02868 #test feedback
02868 NULL : Port_9A = 7.5 | 0.155 | 0.1
02868 TEST: Port_9A 7.5 +/- 0.155
02868 PASS: Port_9A 7.414
02869 NULL : Input_9A = 0 | 0.1 | 0.1
02869 TEST: Input_9A 0.0 +/- 0.1
02869 PASS: Input_9A 0.0
02870 #set power supply
02870 PwrSetVoltage = 80 : NULL : WAIT = 0.1
02871 #test power supply
02871 NULL : MeterVolts = 8.0 | 0.155 | 0.1
02871 TEST: MeterVolts 8.0 +/- 0.155
02871 PASS: MeterVolts 7.976
02872 #test feedback
02872 NULL : Port_9A = 8.0 | 0.155 | 0.1
02872 TEST: Port_9A 8.0 +/- 0.155
02872 PASS: Port_9A 7.909
02873 NULL : Input_9A = 0 | 0.1 | 0.1
02873 TEST: Input_9A 0.0 +/- 0.1
02873 PASS: Input_9A 0.0
02874 #set power supply
02874 PwrSetVoltage = 85 : NULL : WAIT = 0.1
02875 #test power supply
02875 NULL : MeterVolts = 8.5 | 0.155 | 0.1
02875 TEST: MeterVolts 8.5 +/- 0.155
02875 PASS: MeterVolts 8.466
02876 #test feedback
02876 NULL : Port_9A = 8.5 | 0.155 | 0.1
02876 TEST: Port_9A 8.5 +/- 0.155
02876 PASS: Port_9A 8.395
02877 NULL : Input_9A = 0 | 0.1 | 0.1
02877 TEST: Input_9A 0.0 +/- 0.1
02877 PASS: Input_9A 0.0
02878 #set power supply
02878 PwrSetVoltage = 90 : NULL : WAIT = 0.1
02879 #test power supply
02879 NULL : MeterVolts = 9.0 | 0.155 | 0.1
02879 TEST: MeterVolts 9.0 +/- 0.155
02879 PASS: MeterVolts 8.965
02880 #test feedback
02880 NULL : Port_9A = 9.0 | 0.155 | 0.1
02880 TEST: Port_9A 9.0 +/- 0.155
02880 PASS: Port_9A 8.882
02881 NULL : Input_9A = 0 | 0.1 | 0.1
02881 TEST: Input_9A 0.0 +/- 0.1
02881 PASS: Input_9A 0.0
02882 #set power supply
02882 PwrSetVoltage = 95 : NULL : WAIT = 0.1
02883 #test power supply
02883 NULL : MeterVolts = 9.5 | 0.155 | 0.1
02883 TEST: MeterVolts 9.5 +/- 0.155
02883 PASS: MeterVolts 9.458
02884 #test feedback
02884 NULL : Port_9A = 9.5 | 0.155 | 0.1
02884 TEST: Port_9A 9.5 +/- 0.155
02884 PASS: Port_9A 9.385
02885 NULL : Input_9A = 0 | 0.1 | 0.1
02885 TEST: Input_9A 0.0 +/- 0.1
02885 PASS: Input_9A 0.0
02886 #set power supply
02886 PwrSetVoltage = 100 : NULL : WAIT = 0.1
02887 #test power supply
02887 NULL : MeterVolts = 10.0 | 0.155 | 0.1
02887 TEST: MeterVolts 10.0 +/- 0.155
02887 PASS: MeterVolts 9.96
02888 #test feedback
02888 NULL : Port_9A = 10.0 | 0.155 | 0.1
02888 TEST: Port_9A 10.0 +/- 0.155
02888 PASS: Port_9A 9.88
02889 NULL : Input_9A = 0 | 0.1 | 0.1
02889 TEST: Input_9A 0.0 +/- 0.1
02889 PASS: Input_9A 0.0
02890 #set power supply
02890 PwrSetVoltage = 105 : NULL : WAIT = 0.1
02891 #test power supply
02891 NULL : MeterVolts = 10.5 | 0.155 | 0.1
02891 TEST: MeterVolts 10.5 +/- 0.155
02891 PASS: MeterVolts 10.459
02892 #test feedback
02892 NULL : Port_9A = 10.5 | 0.155 | 0.1
02892 TEST: Port_9A 10.5 +/- 0.155
02892 PASS: Port_9A 10.375
02893 NULL : Input_9A = 0 | 0.1 | 0.1
02893 TEST: Input_9A 0.0 +/- 0.1
02893 PASS: Input_9A 0.0
02894 #set power supply
02894 PwrSetVoltage = 110 : NULL : WAIT = 0.1
02895 #test power supply
02895 NULL : MeterVolts = 11.0 | 0.155 | 0.1
02895 TEST: MeterVolts 11.0 +/- 0.155
02895 PASS: MeterVolts 10.95
02896 #test feedback
02896 NULL : Port_9A = 11.0 | 0.155 | 0.1
02896 TEST: Port_9A 11.0 +/- 0.155
02896 PASS: Port_9A 10.87
02897 NULL : Input_9A = 0 | 0.1 | 0.1
02897 TEST: Input_9A 0.0 +/- 0.1
02897 PASS: Input_9A 0.0
02898 #set power supply
02898 PwrSetVoltage = 115 : NULL : WAIT = 0.1
02899 #test power supply
02899 NULL : MeterVolts = 11.5 | 0.155 | 0.1
02899 TEST: MeterVolts 11.5 +/- 0.155
02899 PASS: MeterVolts 11.364
02900 #test feedback
02900 NULL : Port_9A = 11.5 | 0.155 | 0.1
02900 TEST: Port_9A 11.5 +/- 0.155
02900 PASS: Port_9A 11.365
02901 NULL : Input_9A = 0 | 0.1 | 0.1
02901 TEST: Input_9A 0.0 +/- 0.1
02901 PASS: Input_9A 0.0
02902 #set power supply
02902 PwrSetVoltage = 120 : NULL : WAIT = 0.1
02903 #test power supply
02903 NULL : MeterVolts = 12.0 | 0.155 | 0.1
02903 TEST: MeterVolts 12.0 +/- 0.155
02903 PASS: MeterVolts 11.898
02904 #test feedback
02904 NULL : Port_9A = 12.0 | 0.155 | 0.1
02904 TEST: Port_9A 12.0 +/- 0.155
02904 PASS: Port_9A 11.859
02905 NULL : Input_9A = 0 | 0.1 | 0.1
02905 TEST: Input_9A 0.0 +/- 0.1
02905 PASS: Input_9A 0.0
02906 #set power supply
02906 PwrSetVoltage = 125 : NULL : WAIT = 0.1
02907 #test power supply
02907 NULL : MeterVolts = 12.5 | 0.155 | 0.1
02907 TEST: MeterVolts 12.5 +/- 0.155
02907 PASS: MeterVolts 12.446
02908 #test feedback
02908 NULL : Port_9A = 12.5 | 0.155 | 0.1
02908 TEST: Port_9A 12.5 +/- 0.155
02908 PASS: Port_9A 12.354
02909 NULL : Input_9A = 0 | 0.1 | 0.1
02909 TEST: Input_9A 0.0 +/- 0.1
02909 PASS: Input_9A 0.0
02910 #set power supply
02910 PwrSetVoltage = 130 : NULL : WAIT = 0.1
02911 #test power supply
02911 NULL : MeterVolts = 13.0 | 0.155 | 0.1
02911 TEST: MeterVolts 13.0 +/- 0.155
02911 PASS: MeterVolts 12.947
02912 #test feedback
02912 NULL : Port_9A = 13.0 | 0.155 | 0.1
02912 TEST: Port_9A 13.0 +/- 0.155
02912 PASS: Port_9A 12.857
02913 NULL : Input_9A = 0 | 0.1 | 0.1
02913 TEST: Input_9A 0.0 +/- 0.1
02913 PASS: Input_9A 0.0
02914 #set power supply
02914 PwrSetVoltage = 135 : NULL : WAIT = 0.1
02915 #test power supply
02915 NULL : MeterVolts = 13.5 | 0.155 | 0.1
02915 TEST: MeterVolts 13.5 +/- 0.155
02915 PASS: MeterVolts 13.438
02916 #test feedback
02916 NULL : Port_9A = 13.5 | 0.155 | 0.1
02916 TEST: Port_9A 13.5 +/- 0.155
02916 FAIL: Port_9A 13.344
02917 NULL : Input_9A = 0 | 0.1 | 0.1
02917 TEST: Input_9A 0.0 +/- 0.1
02917 PASS: Input_9A 0.0
02918 #set power supply
02918 PwrSetVoltage = 140 : NULL : WAIT = 0.1
02919 #test power supply
02919 NULL : MeterVolts = 14.0 | 0.155 | 0.1
02919 TEST: MeterVolts 14.0 +/- 0.155
02919 PASS: MeterVolts 13.941
02920 #test feedback
02920 NULL : Port_9A = 14.0 | 0.155 | 0.1
02920 TEST: Port_9A 14.0 +/- 0.155
02920 PASS: Port_9A 13.847
02921 NULL : Input_9A = 0 | 0.1 | 0.1
02921 TEST: Input_9A 0.0 +/- 0.1
02921 PASS: Input_9A 0.0
02922 #set power supply
02922 PwrSetVoltage = 145 : NULL : WAIT = 0.1
02923 #test power supply
02923 NULL : MeterVolts = 14.5 | 0.155 | 0.1
02923 TEST: MeterVolts 14.5 +/- 0.155
02923 PASS: MeterVolts 14.436
02924 #test feedback
02924 NULL : Port_9A = 14.5 | 0.155 | 0.1
02924 TEST: Port_9A 14.5 +/- 0.155
02924 FAIL: Port_9A 14.334
02925 NULL : Input_9A = 0 | 0.1 | 0.1
02925 TEST: Input_9A 0.0 +/- 0.1
02925 PASS: Input_9A 0.0
02926 #set power supply
02926 PwrSetVoltage = 150 : NULL : WAIT = 0.1
02927 #test power supply
02927 NULL : MeterVolts = 15.0 | 0.155 | 0.1
02927 TEST: MeterVolts 15.0 +/- 0.155
02927 PASS: MeterVolts 14.929
02928 #test feedback
02928 NULL : Port_9A = 15.0 | 0.155 | 0.1
02928 TEST: Port_9A 15.0 +/- 0.155
02928 FAIL: Port_9A 14.812
02929 NULL : Input_9A = 0 | 0.1 | 0.1
02929 TEST: Input_9A 0.0 +/- 0.1
02929 PASS: Input_9A 0.0
02930 #set power supply
02930 PwrSetVoltage = 155 : NULL : WAIT = 0.1
02931 #test power supply
02931 NULL : MeterVolts = 15.5 | 0.155 | 0.1
02931 TEST: MeterVolts 15.5 +/- 0.155
02931 PASS: MeterVolts 15.422
02932 #test feedback
02932 NULL : Port_9A = 15.5 | 0.155 | 0.1
02932 TEST: Port_9A 15.5 +/- 0.155
02932 FAIL: Port_9A 15.307
02933 NULL : Input_9A = 0 | 0.1 | 0.1
02933 TEST: Input_9A 0.0 +/- 0.1
02933 PASS: Input_9A 0.0
02934 #set power supply
02934 PwrSetVoltage = 160 : NULL : WAIT = 0.1
02935 #test power supply
02935 NULL : MeterVolts = 16.0 | 0.155 | 0.1
02935 TEST: MeterVolts 16.0 +/- 0.155
02935 PASS: MeterVolts 15.865
02936 #test feedback
02936 NULL : Port_9A = 16.0 | 0.155 | 0.1
02936 TEST: Port_9A 16.0 +/- 0.155
02936 PASS: Port_9A 15.85
02937 NULL : Input_9A = 0 | 0.1 | 0.1
02937 TEST: Input_9A 0.0 +/- 0.1
02937 PASS: Input_9A 0.0
02938 #set power supply
02938 PwrSetVoltage = 165 : NULL : WAIT = 0.1
02939 #test power supply
02939 NULL : MeterVolts = 16.5 | 0.155 | 0.1
02939 TEST: MeterVolts 16.5 +/- 0.155
02939 PASS: MeterVolts 16.457
02940 #test feedback
02940 NULL : Port_9A = 16.5 | 0.155 | 0.1
02940 TEST: Port_9A 16.5 +/- 0.155
02940 PASS: Port_9A 16.345
02941 NULL : Input_9A = 0 | 0.1 | 0.1
02941 TEST: Input_9A 0.0 +/- 0.1
02941 PASS: Input_9A 0.0
02942 #set power supply
02942 PwrSetVoltage = 170 : NULL : WAIT = 0.1
02943 #test power supply
02943 NULL : MeterVolts = 17.0 | 0.155 | 0.1
02943 TEST: MeterVolts 17.0 +/- 0.155
02943 PASS: MeterVolts 16.955
02944 #test feedback
02944 NULL : Port_9A = 17.0 | 0.155 | 0.1
02944 TEST: Port_9A 17.0 +/- 0.155
02944 FAIL: Port_9A 16.84
02945 NULL : Input_9A = 0 | 0.1 | 0.1
02945 TEST: Input_9A 0.0 +/- 0.1
02945 PASS: Input_9A 0.0
02946 #set power supply
02946 PwrSetVoltage = 175 : NULL : WAIT = 0.1
02947 #test power supply
02947 NULL : MeterVolts = 17.5 | 0.155 | 0.1
02947 TEST: MeterVolts 17.5 +/- 0.155
02947 PASS: MeterVolts 17.414
02948 #test feedback
02948 NULL : Port_9A = 17.5 | 0.155 | 0.1
02948 TEST: Port_9A 17.5 +/- 0.155
02948 FAIL: Port_9A 17.343
02949 NULL : Input_9A = 0 | 0.1 | 0.1
02949 TEST: Input_9A 0.0 +/- 0.1
02949 PASS: Input_9A 0.0
02950 #set power supply
02950 PwrSetVoltage = 180 : NULL : WAIT = 0.1
02951 #test power supply
02951 NULL : MeterVolts = 18.0 | 0.155 | 0.1
02951 TEST: MeterVolts 18.0 +/- 0.155
02951 PASS: MeterVolts 17.957
02952 #test feedback
02952 NULL : Port_9A = 18.0 | 0.155 | 0.1
02952 TEST: Port_9A 18.0 +/- 0.155
02952 FAIL: Port_9A 17.83
02953 NULL : Input_9A = 0 | 0.1 | 0.1
02953 TEST: Input_9A 0.0 +/- 0.1
02953 PASS: Input_9A 0.0
02954 #set power supply
02954 PwrSetVoltage = 185 : NULL : WAIT = 0.1
02955 #test power supply
02955 NULL : MeterVolts = 18.5 | 0.155 | 0.1
02955 TEST: MeterVolts 18.5 +/- 0.155
02955 PASS: MeterVolts 18.45
02956 #test feedback
02956 NULL : Port_9A = 18.5 | 0.155 | 0.1
02956 TEST: Port_9A 18.5 +/- 0.155
02956 FAIL: Port_9A 18.325
02957 NULL : Input_9A = 0 | 0.1 | 0.1
02957 TEST: Input_9A 0.0 +/- 0.1
02957 PASS: Input_9A 0.0
02958 #set power supply
02958 PwrSetVoltage = 190 : NULL : WAIT = 0.1
02959 #test power supply
02959 NULL : MeterVolts = 19.0 | 0.155 | 0.1
02959 TEST: MeterVolts 19.0 +/- 0.155
02959 PASS: MeterVolts 18.948
02960 #test feedback
02960 NULL : Port_9A = 19.0 | 0.155 | 0.1
02960 TEST: Port_9A 19.0 +/- 0.155
02960 FAIL: Port_9A 18.828
02961 NULL : Input_9A = 0 | 0.1 | 0.1
02961 TEST: Input_9A 0.0 +/- 0.1
02961 PASS: Input_9A 0.0
02962 #set power supply
02962 PwrSetVoltage = 195 : NULL : WAIT = 0.1
02963 #test power supply
02963 NULL : MeterVolts = 19.5 | 0.155 | 0.1
02963 TEST: MeterVolts 19.5 +/- 0.155
02963 PASS: MeterVolts 19.398
02964 #test feedback
02964 NULL : Port_9A = 19.5 | 0.155 | 0.1
02964 TEST: Port_9A 19.5 +/- 0.155
02964 FAIL: Port_9A 19.314
02965 NULL : Input_9A = 0 | 0.1 | 0.1
02965 TEST: Input_9A 0.0 +/- 0.1
02965 PASS: Input_9A 0.0
02966 #set power supply
02966 PwrSetVoltage = 200 : NULL : WAIT = 0.1
02967 #test power supply
02967 NULL : MeterVolts = 20.0 | 0.155 | 0.1
02967 TEST: MeterVolts 20.0 +/- 0.155
02967 PASS: MeterVolts 19.944
02968 #test feedback
02968 NULL : Port_9A = 20.0 | 0.155 | 0.1
02968 TEST: Port_9A 20.0 +/- 0.155
02968 FAIL: Port_9A 19.801
02969 NULL : Input_9A = 0 | 0.1 | 0.1
02969 TEST: Input_9A 0.0 +/- 0.1
02969 PASS: Input_9A 0.0
02970 #set power supply
02970 PwrSetVoltage = 205 : NULL : WAIT = 0.1
02971 #test power supply
02971 NULL : MeterVolts = 20.5 | 0.155 | 0.1
02971 TEST: MeterVolts 20.5 +/- 0.155
02971 PASS: MeterVolts 20.444
02972 #test feedback
02972 NULL : Port_9A = 20.5 | 0.155 | 0.1
02972 TEST: Port_9A 20.5 +/- 0.155
02972 FAIL: Port_9A 20.312
02973 NULL : Input_9A = 0 | 0.1 | 0.1
02973 TEST: Input_9A 0.0 +/- 0.1
02973 PASS: Input_9A 0.0
02974 #set power supply
02974 PwrSetVoltage = 210 : NULL : WAIT = 0.1
02975 #test power supply
02975 NULL : MeterVolts = 21.0 | 0.155 | 0.1
02975 TEST: MeterVolts 21.0 +/- 0.155
02975 PASS: MeterVolts 20.934
02976 #test feedback
02976 NULL : Port_9A = 21.0 | 0.155 | 0.1
02976 TEST: Port_9A 21.0 +/- 0.155
02976 FAIL: Port_9A 20.799
02977 NULL : Input_9A = 0 | 0.1 | 0.1
02977 TEST: Input_9A 0.0 +/- 0.1
02977 PASS: Input_9A 0.0
02978 #set power supply
02978 PwrSetVoltage = 215 : NULL : WAIT = 0.1
02979 #test power supply
02979 NULL : MeterVolts = 21.5 | 0.155 | 0.1
02979 TEST: MeterVolts 21.5 +/- 0.155
02979 PASS: MeterVolts 21.431
02980 #test feedback
02980 NULL : Port_9A = 21.5 | 0.155 | 0.1
02980 TEST: Port_9A 21.5 +/- 0.155
02980 FAIL: Port_9A 21.286
02981 NULL : Input_9A = 0 | 0.1 | 0.1
02981 TEST: Input_9A 0.0 +/- 0.1
02981 PASS: Input_9A 0.0
02982 #set power supply
02982 PwrSetVoltage = 220 : NULL : WAIT = 0.1
02983 #test power supply
02983 NULL : MeterVolts = 22.0 | 0.155 | 0.1
02983 TEST: MeterVolts 22.0 +/- 0.155
02983 PASS: MeterVolts 21.928
02984 #test feedback
02984 NULL : Port_9A = 22.0 | 0.155 | 0.1
02984 TEST: Port_9A 22.0 +/- 0.155
02984 FAIL: Port_9A 21.789
02985 NULL : Input_9A = 0 | 0.1 | 0.1
02985 TEST: Input_9A 0.0 +/- 0.1
02985 PASS: Input_9A 0.0
02986 #set power supply
02986 PwrSetVoltage = 225 : NULL : WAIT = 0.1
02987 #test power supply
02987 NULL : MeterVolts = 22.5 | 0.155 | 0.1
02987 TEST: MeterVolts 22.5 +/- 0.155
02987 PASS: MeterVolts 22.422
02988 #test feedback
02988 NULL : Port_9A = 22.5 | 0.155 | 0.1
02988 TEST: Port_9A 22.5 +/- 0.155
02988 FAIL: Port_9A 22.283
02989 NULL : Input_9A = 0 | 0.1 | 0.1
02989 TEST: Input_9A 0.0 +/- 0.1
02989 PASS: Input_9A 0.0
02990 #set power supply
02990 PwrSetVoltage = 230 : NULL : WAIT = 0.1
02991 #test power supply
02991 NULL : MeterVolts = 23.0 | 0.155 | 0.1
02991 TEST: MeterVolts 23.0 +/- 0.155
02991 PASS: MeterVolts 22.92
02992 #test feedback
02992 NULL : Port_9A = 23.0 | 0.155 | 0.1
02992 TEST: Port_9A 23.0 +/- 0.155
02992 FAIL: Port_9A 22.77
02993 NULL : Input_9A = 0 | 0.1 | 0.1
02993 TEST: Input_9A 0.0 +/- 0.1
02993 PASS: Input_9A 0.0
02994 #set power supply
02994 PwrSetVoltage = 235 : NULL : WAIT = 0.1
02995 #test power supply
02995 NULL : MeterVolts = 23.5 | 0.155 | 0.1
02995 TEST: MeterVolts 23.5 +/- 0.155
02995 PASS: MeterVolts 23.412
02996 #test feedback
02996 NULL : Port_9A = 23.5 | 0.155 | 0.1
02996 TEST: Port_9A 23.5 +/- 0.155
02996 FAIL: Port_9A 23.265
02997 NULL : Input_9A = 0 | 0.1 | 0.1
02997 TEST: Input_9A 0.0 +/- 0.1
02997 PASS: Input_9A 0.0
02998 #set power supply
02998 PwrSetVoltage = 240 : NULL : WAIT = 0.1
02999 #test power supply
02999 NULL : MeterVolts = 24.0 | 0.155 | 0.1
02999 TEST: MeterVolts 24.0 +/- 0.155
02999 PASS: MeterVolts 23.93
03000 #test feedback
03000 NULL : Port_9A = 24.0 | 0.155 | 0.1
03000 TEST: Port_9A 24.0 +/- 0.155
03000 FAIL: Port_9A 23.784
03001 NULL : Input_9A = 0 | 0.1 | 0.1
03001 TEST: Input_9A 0.0 +/- 0.1
03001 PASS: Input_9A 0.0
03002 #set power supply
03002 PwrSetVoltage = 245 : NULL : WAIT = 0.1
03003 #test power supply
03003 NULL : MeterVolts = 24.5 | 0.155 | 0.1
03003 TEST: MeterVolts 24.5 +/- 0.155
03003 PASS: MeterVolts 24.433
03004 #test feedback
03004 NULL : Port_9A = 24.5 | 0.155 | 0.1
03004 TEST: Port_9A 24.5 +/- 0.155
03004 FAIL: Port_9A 24.287
03005 NULL : Input_9A = 0 | 0.1 | 0.1
03005 TEST: Input_9A 0.0 +/- 0.1
03005 PASS: Input_9A 0.0
03006 #set power supply
03006 PwrSetVoltage = 250 : NULL : WAIT = 0.1
03007 #test power supply
03007 NULL : MeterVolts = 25.0 | 0.155 | 0.1
03007 TEST: MeterVolts 25.0 +/- 0.155
03007 PASS: MeterVolts 24.929
03008 #test feedback
03008 NULL : Port_9A = 25.0 | 0.155 | 0.1
03008 TEST: Port_9A 25.0 +/- 0.155
03008 FAIL: Port_9A 24.782
03009 NULL : Input_9A = 0 | 0.1 | 0.1
03009 TEST: Input_9A 0.0 +/- 0.1
03009 PASS: Input_9A 0.0
03010 #set power supply
03010 PwrSetVoltage = 255 : NULL : WAIT = 0.1
03011 #test power supply
03011 NULL : MeterVolts = 25.5 | 0.155 | 0.1
03011 TEST: MeterVolts 25.5 +/- 0.155
03011 PASS: MeterVolts 25.435
03012 #test feedback
03012 NULL : Port_9A = 25.5 | 0.155 | 0.1
03012 TEST: Port_9A 25.5 +/- 0.155
03012 FAIL: Port_9A 25.277
03013 NULL : Input_9A = 0 | 0.1 | 0.1
03013 TEST: Input_9A 0.0 +/- 0.1
03013 PASS: Input_9A 0.0
03014 #set power supply
03014 PwrSetVoltage = 260 : NULL : WAIT = 0.1
03015 #test power supply
03015 NULL : MeterVolts = 26.0 | 0.155 | 0.1
03015 TEST: MeterVolts 26.0 +/- 0.155
03015 PASS: MeterVolts 25.91
03016 #test feedback
03016 NULL : Port_9A = 26.0 | 0.155 | 0.1
03016 TEST: Port_9A 26.0 +/- 0.155
03016 FAIL: Port_9A 25.747
03017 NULL : Input_9A = 0 | 0.1 | 0.1
03017 TEST: Input_9A 0.0 +/- 0.1
03017 PASS: Input_9A 0.0
03018 #set power supply
03018 PwrSetVoltage = 265 : NULL : WAIT = 0.1
03019 #test power supply
03019 NULL : MeterVolts = 26.5 | 0.155 | 0.1
03019 TEST: MeterVolts 26.5 +/- 0.155
03019 PASS: MeterVolts 26.415
03020 #test feedback
03020 NULL : Port_9A = 26.5 | 0.155 | 0.1
03020 TEST: Port_9A 26.5 +/- 0.155
03020 FAIL: Port_9A 26.258
03021 NULL : Input_9A = 0 | 0.1 | 0.1
03021 TEST: Input_9A 0.0 +/- 0.1
03021 PASS: Input_9A 0.0
03022 #set power supply
03022 PwrSetVoltage = 270 : NULL : WAIT = 0.1
03023 #test power supply
03023 NULL : MeterVolts = 27.0 | 0.155 | 0.1
03023 TEST: MeterVolts 27.0 +/- 0.155
03023 PASS: MeterVolts 26.858
03024 #test feedback
03024 NULL : Port_9A = 27.0 | 0.155 | 0.1
03024 TEST: Port_9A 27.0 +/- 0.155
03024 FAIL: Port_9A 26.761
03025 NULL : Input_9A = 0 | 0.1 | 0.1
03025 TEST: Input_9A 0.0 +/- 0.1
03025 PASS: Input_9A 0.0
03026 #set power supply
03026 PwrSetVoltage = 275 : NULL : WAIT = 0.1
03027 #test power supply
03027 NULL : MeterVolts = 27.5 | 0.155 | 0.1
03027 TEST: MeterVolts 27.5 +/- 0.155
03027 PASS: MeterVolts 27.422
03028 #test feedback
03028 NULL : Port_9A = 27.5 | 0.155 | 0.1
03028 TEST: Port_9A 27.5 +/- 0.155
03028 FAIL: Port_9A 27.264
03029 NULL : Input_9A = 0 | 0.1 | 0.1
03029 TEST: Input_9A 0.0 +/- 0.1
03029 PASS: Input_9A 0.0
03030 #set power supply
03030 PwrSetVoltage = 280 : NULL : WAIT = 0.1
03031 #test power supply
03031 NULL : MeterVolts = 28.0 | 0.155 | 0.1
03031 TEST: MeterVolts 28.0 +/- 0.155
03031 PASS: MeterVolts 27.877
03032 #test feedback
03032 NULL : Port_9A = 28.0 | 0.155 | 0.1
03032 TEST: Port_9A 28.0 +/- 0.155
03032 FAIL: Port_9A 27.759
03033 NULL : Input_9A = 0 | 0.1 | 0.1
03033 TEST: Input_9A 0.0 +/- 0.1
03033 PASS: Input_9A 0.0
03034 #set power supply
03034 PwrSetVoltage = 285 : NULL : WAIT = 0.1
03035 #test power supply
03035 NULL : MeterVolts = 28.5 | 0.155 | 0.1
03035 TEST: MeterVolts 28.5 +/- 0.155
03035 PASS: MeterVolts 28.415
03036 #test feedback
03036 NULL : Port_9A = 28.5 | 0.155 | 0.1
03036 TEST: Port_9A 28.5 +/- 0.155
03036 FAIL: Port_9A 28.246
03037 NULL : Input_9A = 0 | 0.1 | 0.1
03037 TEST: Input_9A 0.0 +/- 0.1
03037 PASS: Input_9A 0.0
03038 #set power supply
03038 PwrSetVoltage = 290 : NULL : WAIT = 0.1
03039 #test power supply
03039 NULL : MeterVolts = 29.0 | 0.155 | 0.1
03039 TEST: MeterVolts 29.0 +/- 0.155
03039 PASS: MeterVolts 28.917
03040 #test feedback
03040 NULL : Port_9A = 29.0 | 0.155 | 0.1
03040 TEST: Port_9A 29.0 +/- 0.155
03040 FAIL: Port_9A 28.741
03041 NULL : Input_9A = 0 | 0.1 | 0.1
03041 TEST: Input_9A 0.0 +/- 0.1
03041 PASS: Input_9A 0.0
03042 #set power supply
03042 PwrSetVoltage = 295 : NULL : WAIT = 0.1
03043 #test power supply
03043 NULL : MeterVolts = 29.5 | 0.155 | 0.1
03043 TEST: MeterVolts 29.5 +/- 0.155
03043 PASS: MeterVolts 29.424
03044 #test feedback
03044 NULL : Port_9A = 29.5 | 0.155 | 0.1
03044 TEST: Port_9A 29.5 +/- 0.155
03044 FAIL: Port_9A 29.244
03045 NULL : Input_9A = 0 | 0.1 | 0.1
03045 TEST: Input_9A 0.0 +/- 0.1
03045 PASS: Input_9A 0.0
03046 #set power supply
03046 PwrSetVoltage = 300 : NULL : WAIT = 0.1
03047 #test power supply
03047 NULL : MeterVolts = 30.0 | 0.155 | 0.1
03047 TEST: MeterVolts 30.0 +/- 0.155
03047 PASS: MeterVolts 29.92
03048 #test feedback
03048 NULL : Port_9A = 30.0 | 0.155 | 0.1
03048 TEST: Port_9A 30.0 +/- 0.155
03048 FAIL: Port_9A 29.746
03049 NULL : Input_9A = 0 | 0.1 | 0.1
03049 TEST: Input_9A 0.0 +/- 0.1
03049 PASS: Input_9A 0.0
03050 #set power supply
03050 PwrSetVoltage = 305 : NULL : WAIT = 0.1
03051 #test power supply
03051 NULL : MeterVolts = 30.5 | 0.155 | 0.1
03051 TEST: MeterVolts 30.5 +/- 0.155
03051 PASS: MeterVolts 30.425
03052 #test feedback
03052 NULL : Port_9A = 30.5 | 0.155 | 0.1
03052 TEST: Port_9A 30.5 +/- 0.155
03052 FAIL: Port_9A 30.258
03053 NULL : Input_9A = 0 | 0.1 | 0.1
03053 TEST: Input_9A 0.0 +/- 0.1
03053 PASS: Input_9A 0.0
03054 #set power supply
03054 PwrSetVoltage = 310 : NULL : WAIT = 0.1
03055 #test power supply
03055 NULL : MeterVolts = 31.0 | 0.155 | 0.1
03055 TEST: MeterVolts 31.0 +/- 0.155
03055 PASS: MeterVolts 30.928
03056 #test feedback
03056 NULL : Port_9A = 31.0 | 0.155 | 0.1
03056 TEST: Port_9A 31.0 +/- 0.155
03056 FAIL: Port_9A 30.752
03057 NULL : Input_9A = 0 | 0.1 | 0.1
03057 TEST: Input_9A 0.0 +/- 0.1
03057 PASS: Input_9A 0.0
03058 #set power supply
03058 PwrSetVoltage = 315 : NULL : WAIT = 0.1
03059 #test power supply
03059 NULL : MeterVolts = 31.5 | 0.155 | 0.1
03059 TEST: MeterVolts 31.5 +/- 0.155
03059 PASS: MeterVolts 31.421
03060 #test feedback
03060 NULL : Port_9A = 31.5 | 0.155 | 0.1
03060 TEST: Port_9A 31.5 +/- 0.155
03060 FAIL: Port_9A 31.247
03061 NULL : Input_9A = 0 | 0.1 | 0.1
03061 TEST: Input_9A 0.0 +/- 0.1
03061 PASS: Input_9A 0.0
03062 #set power supply
03062 PwrSetVoltage = 320 : NULL : WAIT = 0.1
03063 #test power supply
03063 NULL : MeterVolts = 32.0 | 0.155 | 0.1
03063 TEST: MeterVolts 32.0 +/- 0.155
03063 PASS: MeterVolts 31.924
03064 #test feedback
03064 NULL : Port_9A = 32.0 | 0.155 | 0.1
03064 TEST: Port_9A 32.0 +/- 0.155
03064 FAIL: Port_9A 31.742
03065 NULL : Input_9A = 0 | 0.1 | 0.1
03065 TEST: Input_9A 0.0 +/- 0.1
03065 PASS: Input_9A 0.0
03066 #set power supply
03066 PwrSetVoltage = 325 : NULL : WAIT = 0.1
03067 #test power supply
03067 NULL : MeterVolts = 32.5 | 0.155 | 0.1
03067 TEST: MeterVolts 32.5 +/- 0.155
03067 PASS: MeterVolts 32.393
03068 #test feedback
03068 NULL : Port_9A = 32.5 | 0.155 | 0.1
03068 TEST: Port_9A 32.5 +/- 0.155
03068 FAIL: Port_9A 32.245
03069 NULL : Input_9A = 0 | 0.1 | 0.1
03069 TEST: Input_9A 0.0 +/- 0.1
03069 PASS: Input_9A 0.0
03070 #set power supply
03070 PwrSetVoltage = 330 : NULL : WAIT = 0.1
03071 #test power supply
03071 NULL : MeterVolts = 33.0 | 0.155 | 0.1
03071 TEST: MeterVolts 33.0 +/- 0.155
03071 PASS: MeterVolts 32.924
03072 #test feedback
03072 NULL : Port_9A = 33.0 | 0.155 | 0.1
03072 TEST: Port_9A 33.0 +/- 0.155
03072 FAIL: Port_9A 32.74
03073 NULL : Input_9A = 0 | 0.1 | 0.1
03073 TEST: Input_9A 0.0 +/- 0.1
03073 PASS: Input_9A 0.0
03074 #set power supply
03074 PwrSetVoltage = 335 : NULL : WAIT = 0.1
03075 #test power supply
03075 NULL : MeterVolts = 33.5 | 0.155 | 0.1
03075 TEST: MeterVolts 33.5 +/- 0.155
03075 PASS: MeterVolts 33.347
03076 #test feedback
03076 NULL : Port_9A = 0 | 0.1 | 0.1
03076 TEST: Port_9A 0.0 +/- 0.1
03076 PASS: Port_9A 0.0
03077 NULL : Input_9A = 2 | 0.1 | 0.1
03077 TEST: Input_9A 2.0 +/- 0.1
03077 PASS: Input_9A 2.0
03078 #set power supply
03078 PwrSetVoltage = 336 : NULL : WAIT = 0.1
03079 #test power supply
03079 NULL : MeterVolts = 33.6 | 0.155 | 0.1
03079 TEST: MeterVolts 33.6 +/- 0.155
03079 PASS: MeterVolts 33.522
03080 #test feedback
03080 NULL : Port_9A = 0 | 0.1 | 0.1
03080 TEST: Port_9A 0.0 +/- 0.1
03080 PASS: Port_9A 0.0
03081 NULL : Input_9A = 2 | 0.1 | 0.1
03081 TEST: Input_9A 2.0 +/- 0.1
03081 PASS: Input_9A 2.0
03082 
03082 #Finished with port
03082 #switch out input
03082 J2_09 = 0 : NULL : WAIT = 0.1
03083 
03083 #-----setup 39009-----
03083 #configure as Output Digital ON/OFF
03083 Command = 82, MODE1 = 0, MODE2 = 0, Enable_24VDC = 0, ADRaw = 0 : NULL : WAIT = 0.5
03084 Command = 83, MODE1A = 6, MODE1B = 6, MODE2A = 1, MODE2B = 1, MODE3A = 6, MODE3B = 6, MODE4A = 1, MODE4B = 1, MODE5A = 6, MODE5B = 6, MODE6A = 1, MODE6B = 1, MODE7A = 6, MODE7B = 6 : NULL : WAIT = 0.5
03085 Command = 0, MODE1A = 0, MODE1B = 0, MODE2A = 0, MODE2B = 0, MODE3A = 0, MODE3B = 0, MODE4A = 0, MODE4B = 0, MODE5A = 0, MODE5B = 0, MODE6A = 0, MODE6B = 0, MODE7A = 0, MODE7B = 0 : NULL
03086 Command = 84, MODE8A = 1, MODE8B = 1, MODE9A = 6, MODE9B = 6, MODE10A = 1, MODE10B = 1, GLOBAL_KP = 255, GLOBAL_KI = 255 : NULL : WAIT = 0.5
03087 Command = 0, MODE8A = 0, MODE8B = 0, MODE9A = 0, MODE9B = 0, MODE10A = 0, MODE10B = 0, GLOBAL_KP = 0, GLOBAL_KI = 0 : NULL
03088 Command = 82, FaultReset = 1, SaveSettings = 1, Enable_DPLTx = 1, Enable_DPLF1 = 1, Enable_DPLF2 = 1 : NULL : WAIT = 0.5
03089 #clear multiplex
03089 Command = 0, FaultReset = 0, SaveSettings = 0, Enable_DPLTx = 0, Enable_DPLF1 = 0, Enable_DPLF2 = 0 : NULL
03090 #set power supply and wait
03090 PwrSetVoltage = 10 : NULL : WAIT = 0.1
03091 #test power supply
03091 NULL : MeterVolts = 1 | 0.155 | 0.1
03091 TEST: MeterVolts 1.0 +/- 0.155
03091 PASS: MeterVolts 1.073
03092 #switch input to load line
03092 J2_10 = 1 : NULL : WAIT = 0.1
03093 
03093 
03093 #Sweep of Port_9B from 1 to 32 in 0.5 increments
03093 
03093 #set power supply
03093 PwrSetVoltage = 10 : NULL : WAIT = 0.1
03094 #test power supply
03094 NULL : MeterVolts = 1 | 0.155 | 0.1
03094 TEST: MeterVolts 1.0 +/- 0.155
03094 PASS: MeterVolts 0.998
03095 #test feedback
03095 NULL : Port_9B = 1 | 0.155 | 0.1
03095 TEST: Port_9B 1.0 +/- 0.155
03095 PASS: Port_9B 0.973
03096 NULL : Input_9B = 0 | 0.1 | 0.1
03096 TEST: Input_9B 0.0 +/- 0.1
03096 PASS: Input_9B 0.0
03097 #set power supply
03097 PwrSetVoltage = 15 : NULL : WAIT = 0.1
03098 #test power supply
03098 NULL : MeterVolts = 1.5 | 0.155 | 0.1
03098 TEST: MeterVolts 1.5 +/- 0.155
03098 PASS: MeterVolts 1.51
03099 #test feedback
03099 NULL : Port_9B = 1.5 | 0.155 | 0.1
03099 TEST: Port_9B 1.5 +/- 0.155
03099 PASS: Port_9B 1.476
03100 NULL : Input_9B = 0 | 0.1 | 0.1
03100 TEST: Input_9B 0.0 +/- 0.1
03100 PASS: Input_9B 0.0
03101 #set power supply
03101 PwrSetVoltage = 20 : NULL : WAIT = 0.1
03102 #test power supply
03102 NULL : MeterVolts = 2.0 | 0.155 | 0.1
03102 TEST: MeterVolts 2.0 +/- 0.155
03102 PASS: MeterVolts 2.007
03103 #test feedback
03103 NULL : Port_9B = 2.0 | 0.155 | 0.1
03103 TEST: Port_9B 2.0 +/- 0.155
03103 PASS: Port_9B 1.979
03104 NULL : Input_9B = 0 | 0.1 | 0.1
03104 TEST: Input_9B 0.0 +/- 0.1
03104 PASS: Input_9B 0.0
03105 #set power supply
03105 PwrSetVoltage = 25 : NULL : WAIT = 0.1
03106 #test power supply
03106 NULL : MeterVolts = 2.5 | 0.155 | 0.1
03106 TEST: MeterVolts 2.5 +/- 0.155
03106 PASS: MeterVolts 2.505
03107 #test feedback
03107 NULL : Port_9B = 2.5 | 0.155 | 0.1
03107 TEST: Port_9B 2.5 +/- 0.155
03107 PASS: Port_9B 2.474
03108 NULL : Input_9B = 0 | 0.1 | 0.1
03108 TEST: Input_9B 0.0 +/- 0.1
03108 PASS: Input_9B 0.0
03109 #set power supply
03109 PwrSetVoltage = 30 : NULL : WAIT = 0.1
03110 #test power supply
03110 NULL : MeterVolts = 3.0 | 0.155 | 0.1
03110 TEST: MeterVolts 3.0 +/- 0.155
03110 PASS: MeterVolts 2.852
03111 #test feedback
03111 NULL : Port_9B = 3.0 | 0.155 | 0.1
03111 TEST: Port_9B 3.0 +/- 0.155
03111 PASS: Port_9B 2.969
03112 NULL : Input_9B = 0 | 0.1 | 0.1
03112 TEST: Input_9B 0.0 +/- 0.1
03112 PASS: Input_9B 0.0
03113 #set power supply
03113 PwrSetVoltage = 35 : NULL : WAIT = 0.1
03114 #test power supply
03114 NULL : MeterVolts = 3.5 | 0.155 | 0.1
03114 TEST: MeterVolts 3.5 +/- 0.155
03114 PASS: MeterVolts 3.49
03115 #test feedback
03115 NULL : Port_9B = 3.5 | 0.155 | 0.1
03115 TEST: Port_9B 3.5 +/- 0.155
03115 PASS: Port_9B 3.455
03116 NULL : Input_9B = 0 | 0.1 | 0.1
03116 TEST: Input_9B 0.0 +/- 0.1
03116 PASS: Input_9B 0.0
03117 #set power supply
03117 PwrSetVoltage = 40 : NULL : WAIT = 0.1
03118 #test power supply
03118 NULL : MeterVolts = 4.0 | 0.155 | 0.1
03118 TEST: MeterVolts 4.0 +/- 0.155
03118 PASS: MeterVolts 3.988
03119 #test feedback
03119 NULL : Port_9B = 4.0 | 0.155 | 0.1
03119 TEST: Port_9B 4.0 +/- 0.155
03119 PASS: Port_9B 3.95
03120 NULL : Input_9B = 0 | 0.1 | 0.1
03120 TEST: Input_9B 0.0 +/- 0.1
03120 PASS: Input_9B 0.0
03121 #set power supply
03121 PwrSetVoltage = 45 : NULL : WAIT = 0.1
03122 #test power supply
03122 NULL : MeterVolts = 4.5 | 0.155 | 0.1
03122 TEST: MeterVolts 4.5 +/- 0.155
03122 PASS: MeterVolts 4.481
03123 #test feedback
03123 NULL : Port_9B = 4.5 | 0.155 | 0.1
03123 TEST: Port_9B 4.5 +/- 0.155
03123 PASS: Port_9B 4.453
03124 NULL : Input_9B = 0 | 0.1 | 0.1
03124 TEST: Input_9B 0.0 +/- 0.1
03124 PASS: Input_9B 0.0
03125 #set power supply
03125 PwrSetVoltage = 50 : NULL : WAIT = 0.1
03126 #test power supply
03126 NULL : MeterVolts = 5.0 | 0.155 | 0.1
03126 TEST: MeterVolts 5.0 +/- 0.155
03126 PASS: MeterVolts 4.982
03127 #test feedback
03127 NULL : Port_9B = 5.0 | 0.155 | 0.1
03127 TEST: Port_9B 5.0 +/- 0.155
03127 PASS: Port_9B 4.948
03128 NULL : Input_9B = 0 | 0.1 | 0.1
03128 TEST: Input_9B 0.0 +/- 0.1
03128 PASS: Input_9B 0.0
03129 #set power supply
03129 PwrSetVoltage = 55 : NULL : WAIT = 0.1
03130 #test power supply
03130 NULL : MeterVolts = 5.5 | 0.155 | 0.1
03130 TEST: MeterVolts 5.5 +/- 0.155
03130 PASS: MeterVolts 5.474
03131 #test feedback
03131 NULL : Port_9B = 5.5 | 0.155 | 0.1
03131 TEST: Port_9B 5.5 +/- 0.155
03131 PASS: Port_9B 5.435
03132 NULL : Input_9B = 0 | 0.1 | 0.1
03132 TEST: Input_9B 0.0 +/- 0.1
03132 PASS: Input_9B 0.0
03133 #set power supply
03133 PwrSetVoltage = 60 : NULL : WAIT = 0.1
03134 #test power supply
03134 NULL : MeterVolts = 6.0 | 0.155 | 0.1
03134 TEST: MeterVolts 6.0 +/- 0.155
03134 PASS: MeterVolts 5.972
03135 #test feedback
03135 NULL : Port_9B = 6.0 | 0.155 | 0.1
03135 TEST: Port_9B 6.0 +/- 0.155
03135 PASS: Port_9B 5.929
03136 NULL : Input_9B = 0 | 0.1 | 0.1
03136 TEST: Input_9B 0.0 +/- 0.1
03136 PASS: Input_9B 0.0
03137 #set power supply
03137 PwrSetVoltage = 65 : NULL : WAIT = 0.1
03138 #test power supply
03138 NULL : MeterVolts = 6.5 | 0.155 | 0.1
03138 TEST: MeterVolts 6.5 +/- 0.155
03138 PASS: MeterVolts 6.473
03139 #test feedback
03139 NULL : Port_9B = 6.5 | 0.155 | 0.1
03139 TEST: Port_9B 6.5 +/- 0.155
03139 PASS: Port_9B 6.432
03140 NULL : Input_9B = 0 | 0.1 | 0.1
03140 TEST: Input_9B 0.0 +/- 0.1
03140 PASS: Input_9B 0.0
03141 #set power supply
03141 PwrSetVoltage = 70 : NULL : WAIT = 0.1
03142 #test power supply
03142 NULL : MeterVolts = 7.0 | 0.155 | 0.1
03142 TEST: MeterVolts 7.0 +/- 0.155
03142 PASS: MeterVolts 6.877
03143 #test feedback
03143 NULL : Port_9B = 7.0 | 0.155 | 0.1
03143 TEST: Port_9B 7.0 +/- 0.155
03143 PASS: Port_9B 6.927
03144 NULL : Input_9B = 0 | 0.1 | 0.1
03144 TEST: Input_9B 0.0 +/- 0.1
03144 PASS: Input_9B 0.0
03145 #set power supply
03145 PwrSetVoltage = 75 : NULL : WAIT = 0.1
03146 #test power supply
03146 NULL : MeterVolts = 7.5 | 0.155 | 0.1
03146 TEST: MeterVolts 7.5 +/- 0.155
03146 PASS: MeterVolts 7.407
03147 #test feedback
03147 NULL : Port_9B = 7.5 | 0.155 | 0.1
03147 TEST: Port_9B 7.5 +/- 0.155
03147 PASS: Port_9B 7.43
03148 NULL : Input_9B = 0 | 0.1 | 0.1
03148 TEST: Input_9B 0.0 +/- 0.1
03148 PASS: Input_9B 0.0
03149 #set power supply
03149 PwrSetVoltage = 80 : NULL : WAIT = 0.1
03150 #test power supply
03150 NULL : MeterVolts = 8.0 | 0.155 | 0.1
03150 TEST: MeterVolts 8.0 +/- 0.155
03150 PASS: MeterVolts 7.97
03151 #test feedback
03151 NULL : Port_9B = 8.0 | 0.155 | 0.1
03151 TEST: Port_9B 8.0 +/- 0.155
03151 PASS: Port_9B 7.933
03152 NULL : Input_9B = 0 | 0.1 | 0.1
03152 TEST: Input_9B 0.0 +/- 0.1
03152 PASS: Input_9B 0.0
03153 #set power supply
03153 PwrSetVoltage = 85 : NULL : WAIT = 0.1
03154 #test power supply
03154 NULL : MeterVolts = 8.5 | 0.155 | 0.1
03154 TEST: MeterVolts 8.5 +/- 0.155
03154 PASS: MeterVolts 8.466
03155 #test feedback
03155 NULL : Port_9B = 8.5 | 0.155 | 0.1
03155 TEST: Port_9B 8.5 +/- 0.155
03155 PASS: Port_9B 8.42
03156 NULL : Input_9B = 0 | 0.1 | 0.1
03156 TEST: Input_9B 0.0 +/- 0.1
03156 PASS: Input_9B 0.0
03157 #set power supply
03157 PwrSetVoltage = 90 : NULL : WAIT = 0.1
03158 #test power supply
03158 NULL : MeterVolts = 9.0 | 0.155 | 0.1
03158 TEST: MeterVolts 9.0 +/- 0.155
03158 PASS: MeterVolts 8.965
03159 #test feedback
03159 NULL : Port_9B = 9.0 | 0.155 | 0.1
03159 TEST: Port_9B 9.0 +/- 0.155
03159 PASS: Port_9B 8.915
03160 NULL : Input_9B = 0 | 0.1 | 0.1
03160 TEST: Input_9B 0.0 +/- 0.1
03160 PASS: Input_9B 0.0
03161 #set power supply
03161 PwrSetVoltage = 95 : NULL : WAIT = 0.1
03162 #test power supply
03162 NULL : MeterVolts = 9.5 | 0.155 | 0.1
03162 TEST: MeterVolts 9.5 +/- 0.155
03162 PASS: MeterVolts 9.458
03163 #test feedback
03163 NULL : Port_9B = 9.5 | 0.155 | 0.1
03163 TEST: Port_9B 9.5 +/- 0.155
03163 PASS: Port_9B 9.418
03164 NULL : Input_9B = 0 | 0.1 | 0.1
03164 TEST: Input_9B 0.0 +/- 0.1
03164 PASS: Input_9B 0.0
03165 #set power supply
03165 PwrSetVoltage = 100 : NULL : WAIT = 0.1
03166 #test power supply
03166 NULL : MeterVolts = 10.0 | 0.155 | 0.1
03166 TEST: MeterVolts 10.0 +/- 0.155
03166 PASS: MeterVolts 9.959
03167 #test feedback
03167 NULL : Port_9B = 10.0 | 0.155 | 0.1
03167 TEST: Port_9B 10.0 +/- 0.155
03167 PASS: Port_9B 9.904
03168 NULL : Input_9B = 0 | 0.1 | 0.1
03168 TEST: Input_9B 0.0 +/- 0.1
03168 PASS: Input_9B 0.0
03169 #set power supply
03169 PwrSetVoltage = 105 : NULL : WAIT = 0.1
03170 #test power supply
03170 NULL : MeterVolts = 10.5 | 0.155 | 0.1
03170 TEST: MeterVolts 10.5 +/- 0.155
03170 PASS: MeterVolts 10.37
03171 #test feedback
03171 NULL : Port_9B = 10.5 | 0.155 | 0.1
03171 TEST: Port_9B 10.5 +/- 0.155
03171 PASS: Port_9B 10.415
03172 NULL : Input_9B = 0 | 0.1 | 0.1
03172 TEST: Input_9B 0.0 +/- 0.1
03172 PASS: Input_9B 0.0
03173 #set power supply
03173 PwrSetVoltage = 110 : NULL : WAIT = 0.1
03174 #test power supply
03174 NULL : MeterVolts = 11.0 | 0.155 | 0.1
03174 TEST: MeterVolts 11.0 +/- 0.155
03174 PASS: MeterVolts 10.951
03175 #test feedback
03175 NULL : Port_9B = 11.0 | 0.155 | 0.1
03175 TEST: Port_9B 11.0 +/- 0.155
03175 PASS: Port_9B 10.902
03176 NULL : Input_9B = 0 | 0.1 | 0.1
03176 TEST: Input_9B 0.0 +/- 0.1
03176 PASS: Input_9B 0.0
03177 #set power supply
03177 PwrSetVoltage = 115 : NULL : WAIT = 0.1
03178 #test power supply
03178 NULL : MeterVolts = 11.5 | 0.155 | 0.1
03178 TEST: MeterVolts 11.5 +/- 0.155
03178 PASS: MeterVolts 11.451
03179 #test feedback
03179 NULL : Port_9B = 11.5 | 0.155 | 0.1
03179 TEST: Port_9B 11.5 +/- 0.155
03179 PASS: Port_9B 11.405
03180 NULL : Input_9B = 0 | 0.1 | 0.1
03180 TEST: Input_9B 0.0 +/- 0.1
03180 PASS: Input_9B 0.0
03181 #set power supply
03181 PwrSetVoltage = 120 : NULL : WAIT = 0.1
03182 #test power supply
03182 NULL : MeterVolts = 12.0 | 0.155 | 0.1
03182 TEST: MeterVolts 12.0 +/- 0.155
03182 PASS: MeterVolts 11.946
03183 #test feedback
03183 NULL : Port_9B = 12.0 | 0.155 | 0.1
03183 TEST: Port_9B 12.0 +/- 0.155
03183 PASS: Port_9B 11.892
03184 NULL : Input_9B = 0 | 0.1 | 0.1
03184 TEST: Input_9B 0.0 +/- 0.1
03184 PASS: Input_9B 0.0
03185 #set power supply
03185 PwrSetVoltage = 125 : NULL : WAIT = 0.1
03186 #test power supply
03186 NULL : MeterVolts = 12.5 | 0.155 | 0.1
03186 TEST: MeterVolts 12.5 +/- 0.155
03186 PASS: MeterVolts 12.447
03187 #test feedback
03187 NULL : Port_9B = 12.5 | 0.155 | 0.1
03187 TEST: Port_9B 12.5 +/- 0.155
03187 PASS: Port_9B 12.395
03188 NULL : Input_9B = 0 | 0.1 | 0.1
03188 TEST: Input_9B 0.0 +/- 0.1
03188 PASS: Input_9B 0.0
03189 #set power supply
03189 PwrSetVoltage = 130 : NULL : WAIT = 0.1
03190 #test power supply
03190 NULL : MeterVolts = 13.0 | 0.155 | 0.1
03190 TEST: MeterVolts 13.0 +/- 0.155
03190 PASS: MeterVolts 12.949
03191 #test feedback
03191 NULL : Port_9B = 13.0 | 0.155 | 0.1
03191 TEST: Port_9B 13.0 +/- 0.155
03191 PASS: Port_9B 12.89
03192 NULL : Input_9B = 0 | 0.1 | 0.1
03192 TEST: Input_9B 0.0 +/- 0.1
03192 PASS: Input_9B 0.0
03193 #set power supply
03193 PwrSetVoltage = 135 : NULL : WAIT = 0.1
03194 #test power supply
03194 NULL : MeterVolts = 13.5 | 0.155 | 0.1
03194 TEST: MeterVolts 13.5 +/- 0.155
03194 PASS: MeterVolts 13.44
03195 #test feedback
03195 NULL : Port_9B = 13.5 | 0.155 | 0.1
03195 TEST: Port_9B 13.5 +/- 0.155
03195 PASS: Port_9B 13.384
03196 NULL : Input_9B = 0 | 0.1 | 0.1
03196 TEST: Input_9B 0.0 +/- 0.1
03196 PASS: Input_9B 0.0
03197 #set power supply
03197 PwrSetVoltage = 140 : NULL : WAIT = 0.1
03198 #test power supply
03198 NULL : MeterVolts = 14.0 | 0.155 | 0.1
03198 TEST: MeterVolts 14.0 +/- 0.155
03198 PASS: MeterVolts 13.942
03199 #test feedback
03199 NULL : Port_9B = 14.0 | 0.155 | 0.1
03199 TEST: Port_9B 14.0 +/- 0.155
03199 PASS: Port_9B 13.879
03200 NULL : Input_9B = 0 | 0.1 | 0.1
03200 TEST: Input_9B 0.0 +/- 0.1
03200 PASS: Input_9B 0.0
03201 #set power supply
03201 PwrSetVoltage = 145 : NULL : WAIT = 0.1
03202 #test power supply
03202 NULL : MeterVolts = 14.5 | 0.155 | 0.1
03202 TEST: MeterVolts 14.5 +/- 0.155
03202 PASS: MeterVolts 14.437
03203 #test feedback
03203 NULL : Port_9B = 14.5 | 0.155 | 0.1
03203 TEST: Port_9B 14.5 +/- 0.155
03203 PASS: Port_9B 14.366
03204 NULL : Input_9B = 0 | 0.1 | 0.1
03204 TEST: Input_9B 0.0 +/- 0.1
03204 PASS: Input_9B 0.0
03205 #set power supply
03205 PwrSetVoltage = 150 : NULL : WAIT = 0.1
03206 #test power supply
03206 NULL : MeterVolts = 15.0 | 0.155 | 0.1
03206 TEST: MeterVolts 15.0 +/- 0.155
03206 PASS: MeterVolts 14.931
03207 #test feedback
03207 NULL : Port_9B = 15.0 | 0.155 | 0.1
03207 TEST: Port_9B 15.0 +/- 0.155
03207 PASS: Port_9B 14.869
03208 NULL : Input_9B = 0 | 0.1 | 0.1
03208 TEST: Input_9B 0.0 +/- 0.1
03208 PASS: Input_9B 0.0
03209 #set power supply
03209 PwrSetVoltage = 155 : NULL : WAIT = 0.1
03210 #test power supply
03210 NULL : MeterVolts = 15.5 | 0.155 | 0.1
03210 TEST: MeterVolts 15.5 +/- 0.155
03210 PASS: MeterVolts 15.423
03211 #test feedback
03211 NULL : Port_9B = 15.5 | 0.155 | 0.1
03211 TEST: Port_9B 15.5 +/- 0.155
03211 PASS: Port_9B 15.364
03212 NULL : Input_9B = 0 | 0.1 | 0.1
03212 TEST: Input_9B 0.0 +/- 0.1
03212 PASS: Input_9B 0.0
03213 #set power supply
03213 PwrSetVoltage = 160 : NULL : WAIT = 0.1
03214 #test power supply
03214 NULL : MeterVolts = 16.0 | 0.155 | 0.1
03214 TEST: MeterVolts 16.0 +/- 0.155
03214 PASS: MeterVolts 15.954
03215 #test feedback
03215 NULL : Port_9B = 16.0 | 0.155 | 0.1
03215 TEST: Port_9B 16.0 +/- 0.155
03215 PASS: Port_9B 15.891
03216 NULL : Input_9B = 0 | 0.1 | 0.1
03216 TEST: Input_9B 0.0 +/- 0.1
03216 PASS: Input_9B 0.0
03217 #set power supply
03217 PwrSetVoltage = 165 : NULL : WAIT = 0.1
03218 #test power supply
03218 NULL : MeterVolts = 16.5 | 0.155 | 0.1
03218 TEST: MeterVolts 16.5 +/- 0.155
03218 PASS: MeterVolts 16.458
03219 #test feedback
03219 NULL : Port_9B = 16.5 | 0.155 | 0.1
03219 TEST: Port_9B 16.5 +/- 0.155
03219 PASS: Port_9B 16.386
03220 NULL : Input_9B = 0 | 0.1 | 0.1
03220 TEST: Input_9B 0.0 +/- 0.1
03220 PASS: Input_9B 0.0
03221 #set power supply
03221 PwrSetVoltage = 170 : NULL : WAIT = 0.1
03222 #test power supply
03222 NULL : MeterVolts = 17.0 | 0.155 | 0.1
03222 TEST: MeterVolts 17.0 +/- 0.155
03222 PASS: MeterVolts 16.957
03223 #test feedback
03223 NULL : Port_9B = 17.0 | 0.155 | 0.1
03223 TEST: Port_9B 17.0 +/- 0.155
03223 PASS: Port_9B 16.889
03224 NULL : Input_9B = 0 | 0.1 | 0.1
03224 TEST: Input_9B 0.0 +/- 0.1
03224 PASS: Input_9B 0.0
03225 #set power supply
03225 PwrSetVoltage = 175 : NULL : WAIT = 0.1
03226 #test power supply
03226 NULL : MeterVolts = 17.5 | 0.155 | 0.1
03226 TEST: MeterVolts 17.5 +/- 0.155
03226 PASS: MeterVolts 17.385
03227 #test feedback
03227 NULL : Port_9B = 17.5 | 0.155 | 0.1
03227 TEST: Port_9B 17.5 +/- 0.155
03227 PASS: Port_9B 17.392
03228 NULL : Input_9B = 0 | 0.1 | 0.1
03228 TEST: Input_9B 0.0 +/- 0.1
03228 PASS: Input_9B 0.0
03229 #set power supply
03229 PwrSetVoltage = 180 : NULL : WAIT = 0.1
03230 #test power supply
03230 NULL : MeterVolts = 18.0 | 0.155 | 0.1
03230 TEST: MeterVolts 18.0 +/- 0.155
03230 PASS: MeterVolts 17.96
03231 #test feedback
03231 NULL : Port_9B = 18.0 | 0.155 | 0.1
03231 TEST: Port_9B 18.0 +/- 0.155
03231 PASS: Port_9B 17.887
03232 NULL : Input_9B = 0 | 0.1 | 0.1
03232 TEST: Input_9B 0.0 +/- 0.1
03232 PASS: Input_9B 0.0
03233 #set power supply
03233 PwrSetVoltage = 185 : NULL : WAIT = 0.1
03234 #test power supply
03234 NULL : MeterVolts = 18.5 | 0.155 | 0.1
03234 TEST: MeterVolts 18.5 +/- 0.155
03234 PASS: MeterVolts 18.453
03235 #test feedback
03235 NULL : Port_9B = 18.5 | 0.155 | 0.1
03235 TEST: Port_9B 18.5 +/- 0.155
03235 PASS: Port_9B 18.381
03236 NULL : Input_9B = 0 | 0.1 | 0.1
03236 TEST: Input_9B 0.0 +/- 0.1
03236 PASS: Input_9B 0.0
03237 #set power supply
03237 PwrSetVoltage = 190 : NULL : WAIT = 0.1
03238 #test power supply
03238 NULL : MeterVolts = 19.0 | 0.155 | 0.1
03238 TEST: MeterVolts 19.0 +/- 0.155
03238 PASS: MeterVolts 18.95
03239 #test feedback
03239 NULL : Port_9B = 19.0 | 0.155 | 0.1
03239 TEST: Port_9B 19.0 +/- 0.155
03239 PASS: Port_9B 18.876
03240 NULL : Input_9B = 0 | 0.1 | 0.1
03240 TEST: Input_9B 0.0 +/- 0.1
03240 PASS: Input_9B 0.0
03241 #set power supply
03241 PwrSetVoltage = 195 : NULL : WAIT = 0.1
03242 #test power supply
03242 NULL : MeterVolts = 19.5 | 0.155 | 0.1
03242 TEST: MeterVolts 19.5 +/- 0.155
03242 PASS: MeterVolts 19.452
03243 #test feedback
03243 NULL : Port_9B = 19.5 | 0.155 | 0.1
03243 TEST: Port_9B 19.5 +/- 0.155
03243 PASS: Port_9B 19.379
03244 NULL : Input_9B = 0 | 0.1 | 0.1
03244 TEST: Input_9B 0.0 +/- 0.1
03244 PASS: Input_9B 0.0
03245 #set power supply
03245 PwrSetVoltage = 200 : NULL : WAIT = 0.1
03246 #test power supply
03246 NULL : MeterVolts = 20.0 | 0.155 | 0.1
03246 TEST: MeterVolts 20.0 +/- 0.155
03246 PASS: MeterVolts 19.946
03247 #test feedback
03247 NULL : Port_9B = 20.0 | 0.155 | 0.1
03247 TEST: Port_9B 20.0 +/- 0.155
03247 PASS: Port_9B 19.874
03248 NULL : Input_9B = 0 | 0.1 | 0.1
03248 TEST: Input_9B 0.0 +/- 0.1
03248 PASS: Input_9B 0.0
03249 #set power supply
03249 PwrSetVoltage = 205 : NULL : WAIT = 0.1
03250 #test power supply
03250 NULL : MeterVolts = 20.5 | 0.155 | 0.1
03250 TEST: MeterVolts 20.5 +/- 0.155
03250 PASS: MeterVolts 20.446
03251 #test feedback
03251 NULL : Port_9B = 20.5 | 0.155 | 0.1
03251 TEST: Port_9B 20.5 +/- 0.155
03251 PASS: Port_9B 20.369
03252 NULL : Input_9B = 0 | 0.1 | 0.1
03252 TEST: Input_9B 0.0 +/- 0.1
03252 PASS: Input_9B 0.0
03253 #set power supply
03253 PwrSetVoltage = 210 : NULL : WAIT = 0.1
03254 #test power supply
03254 NULL : MeterVolts = 21.0 | 0.155 | 0.1
03254 TEST: MeterVolts 21.0 +/- 0.155
03254 PASS: MeterVolts 20.936
03255 #test feedback
03255 NULL : Port_9B = 21.0 | 0.155 | 0.1
03255 TEST: Port_9B 21.0 +/- 0.155
03255 PASS: Port_9B 20.856
03256 NULL : Input_9B = 0 | 0.1 | 0.1
03256 TEST: Input_9B 0.0 +/- 0.1
03256 PASS: Input_9B 0.0
03257 #set power supply
03257 PwrSetVoltage = 215 : NULL : WAIT = 0.1
03258 #test power supply
03258 NULL : MeterVolts = 21.5 | 0.155 | 0.1
03258 TEST: MeterVolts 21.5 +/- 0.155
03258 PASS: MeterVolts 21.433
03259 #test feedback
03259 NULL : Port_9B = 21.5 | 0.155 | 0.1
03259 TEST: Port_9B 21.5 +/- 0.155
03259 PASS: Port_9B 21.367
03260 NULL : Input_9B = 0 | 0.1 | 0.1
03260 TEST: Input_9B 0.0 +/- 0.1
03260 PASS: Input_9B 0.0
03261 #set power supply
03261 PwrSetVoltage = 220 : NULL : WAIT = 0.1
03262 #test power supply
03262 NULL : MeterVolts = 22.0 | 0.155 | 0.1
03262 TEST: MeterVolts 22.0 +/- 0.155
03262 PASS: MeterVolts 21.931
03263 #test feedback
03263 NULL : Port_9B = 22.0 | 0.155 | 0.1
03263 TEST: Port_9B 22.0 +/- 0.155
03263 PASS: Port_9B 21.853
03264 NULL : Input_9B = 0 | 0.1 | 0.1
03264 TEST: Input_9B 0.0 +/- 0.1
03264 PASS: Input_9B 0.0
03265 #set power supply
03265 PwrSetVoltage = 225 : NULL : WAIT = 0.1
03266 #test power supply
03266 NULL : MeterVolts = 22.5 | 0.155 | 0.1
03266 TEST: MeterVolts 22.5 +/- 0.155
03266 PASS: MeterVolts 22.355
03267 #test feedback
03267 NULL : Port_9B = 22.5 | 0.155 | 0.1
03267 TEST: Port_9B 22.5 +/- 0.155
03267 PASS: Port_9B 22.348
03268 NULL : Input_9B = 0 | 0.1 | 0.1
03268 TEST: Input_9B 0.0 +/- 0.1
03268 PASS: Input_9B 0.0
03269 #set power supply
03269 PwrSetVoltage = 230 : NULL : WAIT = 0.1
03270 #test power supply
03270 NULL : MeterVolts = 23.0 | 0.155 | 0.1
03270 TEST: MeterVolts 23.0 +/- 0.155
03270 PASS: MeterVolts 22.906
03271 #test feedback
03271 NULL : Port_9B = 23.0 | 0.155 | 0.1
03271 TEST: Port_9B 23.0 +/- 0.155
03271 PASS: Port_9B 22.851
03272 NULL : Input_9B = 0 | 0.1 | 0.1
03272 TEST: Input_9B 0.0 +/- 0.1
03272 PASS: Input_9B 0.0
03273 #set power supply
03273 PwrSetVoltage = 235 : NULL : WAIT = 0.1
03274 #test power supply
03274 NULL : MeterVolts = 23.5 | 0.155 | 0.1
03274 TEST: MeterVolts 23.5 +/- 0.155
03274 PASS: MeterVolts 23.412
03275 #test feedback
03275 NULL : Port_9B = 23.5 | 0.155 | 0.1
03275 TEST: Port_9B 23.5 +/- 0.155
03275 PASS: Port_9B 23.346
03276 NULL : Input_9B = 0 | 0.1 | 0.1
03276 TEST: Input_9B 0.0 +/- 0.1
03276 PASS: Input_9B 0.0
03277 #set power supply
03277 PwrSetVoltage = 240 : NULL : WAIT = 0.1
03278 #test power supply
03278 NULL : MeterVolts = 24.0 | 0.155 | 0.1
03278 TEST: MeterVolts 24.0 +/- 0.155
03278 PASS: MeterVolts 23.932
03279 #test feedback
03279 NULL : Port_9B = 24.0 | 0.155 | 0.1
03279 TEST: Port_9B 24.0 +/- 0.155
03279 PASS: Port_9B 23.865
03280 NULL : Input_9B = 0 | 0.1 | 0.1
03280 TEST: Input_9B 0.0 +/- 0.1
03280 PASS: Input_9B 0.0
03281 #set power supply
03281 PwrSetVoltage = 245 : NULL : WAIT = 0.1
03282 #test power supply
03282 NULL : MeterVolts = 24.5 | 0.155 | 0.1
03282 TEST: MeterVolts 24.5 +/- 0.155
03282 PASS: MeterVolts 24.435
03283 #test feedback
03283 NULL : Port_9B = 24.5 | 0.155 | 0.1
03283 TEST: Port_9B 24.5 +/- 0.155
03283 PASS: Port_9B 24.36
03284 NULL : Input_9B = 0 | 0.1 | 0.1
03284 TEST: Input_9B 0.0 +/- 0.1
03284 PASS: Input_9B 0.0
03285 #set power supply
03285 PwrSetVoltage = 250 : NULL : WAIT = 0.1
03286 #test power supply
03286 NULL : MeterVolts = 25.0 | 0.155 | 0.1
03286 TEST: MeterVolts 25.0 +/- 0.155
03286 PASS: MeterVolts 24.933
03287 #test feedback
03287 NULL : Port_9B = 25.0 | 0.155 | 0.1
03287 TEST: Port_9B 25.0 +/- 0.155
03287 PASS: Port_9B 24.855
03288 NULL : Input_9B = 0 | 0.1 | 0.1
03288 TEST: Input_9B 0.0 +/- 0.1
03288 PASS: Input_9B 0.0
03289 #set power supply
03289 PwrSetVoltage = 255 : NULL : WAIT = 0.1
03290 #test power supply
03290 NULL : MeterVolts = 25.5 | 0.155 | 0.1
03290 TEST: MeterVolts 25.5 +/- 0.155
03290 PASS: MeterVolts 25.366
03291 #test feedback
03291 NULL : Port_9B = 25.5 | 0.155 | 0.1
03291 TEST: Port_9B 25.5 +/- 0.155
03291 PASS: Port_9B 25.358
03292 NULL : Input_9B = 0 | 0.1 | 0.1
03292 TEST: Input_9B 0.0 +/- 0.1
03292 PASS: Input_9B 0.0
03293 #set power supply
03293 PwrSetVoltage = 260 : NULL : WAIT = 0.1
03294 #test power supply
03294 NULL : MeterVolts = 26.0 | 0.155 | 0.1
03294 TEST: MeterVolts 26.0 +/- 0.155
03294 PASS: MeterVolts 25.896
03295 #test feedback
03295 NULL : Port_9B = 26.0 | 0.155 | 0.1
03295 TEST: Port_9B 26.0 +/- 0.155
03295 FAIL: Port_9B 25.828
03296 NULL : Input_9B = 0 | 0.1 | 0.1
03296 TEST: Input_9B 0.0 +/- 0.1
03296 PASS: Input_9B 0.0
03297 #set power supply
03297 PwrSetVoltage = 265 : NULL : WAIT = 0.1
03298 #test power supply
03298 NULL : MeterVolts = 26.5 | 0.155 | 0.1
03298 TEST: MeterVolts 26.5 +/- 0.155
03298 PASS: MeterVolts 26.419
03299 #test feedback
03299 NULL : Port_9B = 26.5 | 0.155 | 0.1
03299 TEST: Port_9B 26.5 +/- 0.155
03299 FAIL: Port_9B 26.323
03300 NULL : Input_9B = 0 | 0.1 | 0.1
03300 TEST: Input_9B 0.0 +/- 0.1
03300 PASS: Input_9B 0.0
03301 #set power supply
03301 PwrSetVoltage = 270 : NULL : WAIT = 0.1
03302 #test power supply
03302 NULL : MeterVolts = 27.0 | 0.155 | 0.1
03302 TEST: MeterVolts 27.0 +/- 0.155
03302 PASS: MeterVolts 26.886
03303 #test feedback
03303 NULL : Port_9B = 27.0 | 0.155 | 0.1
03303 TEST: Port_9B 27.0 +/- 0.155
03303 PASS: Port_9B 26.85
03304 NULL : Input_9B = 0 | 0.1 | 0.1
03304 TEST: Input_9B 0.0 +/- 0.1
03304 PASS: Input_9B 0.0
03305 #set power supply
03305 PwrSetVoltage = 275 : NULL : WAIT = 0.1
03306 #test power supply
03306 NULL : MeterVolts = 27.5 | 0.155 | 0.1
03306 TEST: MeterVolts 27.5 +/- 0.155
03306 PASS: MeterVolts 27.416
03307 #test feedback
03307 NULL : Port_9B = 27.5 | 0.155 | 0.1
03307 TEST: Port_9B 27.5 +/- 0.155
03307 PASS: Port_9B 27.345
03308 NULL : Input_9B = 0 | 0.1 | 0.1
03308 TEST: Input_9B 0.0 +/- 0.1
03308 PASS: Input_9B 0.0
03309 #set power supply
03309 PwrSetVoltage = 280 : NULL : WAIT = 0.1
03310 #test power supply
03310 NULL : MeterVolts = 28.0 | 0.155 | 0.1
03310 TEST: MeterVolts 28.0 +/- 0.155
03310 PASS: MeterVolts 27.922
03311 #test feedback
03311 NULL : Port_9B = 28.0 | 0.155 | 0.1
03311 TEST: Port_9B 28.0 +/- 0.155
03311 PASS: Port_9B 27.848
03312 NULL : Input_9B = 0 | 0.1 | 0.1
03312 TEST: Input_9B 0.0 +/- 0.1
03312 PASS: Input_9B 0.0
03313 #set power supply
03313 PwrSetVoltage = 285 : NULL : WAIT = 0.1
03314 #test power supply
03314 NULL : MeterVolts = 28.5 | 0.155 | 0.1
03314 TEST: MeterVolts 28.5 +/- 0.155
03314 PASS: MeterVolts 28.412
03315 #test feedback
03315 NULL : Port_9B = 28.5 | 0.155 | 0.1
03315 TEST: Port_9B 28.5 +/- 0.155
03315 FAIL: Port_9B 28.335
03316 NULL : Input_9B = 0 | 0.1 | 0.1
03316 TEST: Input_9B 0.0 +/- 0.1
03316 PASS: Input_9B 0.0
03317 #set power supply
03317 PwrSetVoltage = 290 : NULL : WAIT = 0.1
03318 #test power supply
03318 NULL : MeterVolts = 29.0 | 0.155 | 0.1
03318 TEST: MeterVolts 29.0 +/- 0.155
03318 PASS: MeterVolts 28.917
03319 #test feedback
03319 NULL : Port_9B = 29.0 | 0.155 | 0.1
03319 TEST: Port_9B 29.0 +/- 0.155
03319 FAIL: Port_9B 28.838
03320 NULL : Input_9B = 0 | 0.1 | 0.1
03320 TEST: Input_9B 0.0 +/- 0.1
03320 PASS: Input_9B 0.0
03321 #set power supply
03321 PwrSetVoltage = 295 : NULL : WAIT = 0.1
03322 #test power supply
03322 NULL : MeterVolts = 29.5 | 0.155 | 0.1
03322 TEST: MeterVolts 29.5 +/- 0.155
03322 PASS: MeterVolts 29.422
03323 #test feedback
03323 NULL : Port_9B = 29.5 | 0.155 | 0.1
03323 TEST: Port_9B 29.5 +/- 0.155
03323 FAIL: Port_9B 29.341
03324 NULL : Input_9B = 0 | 0.1 | 0.1
03324 TEST: Input_9B 0.0 +/- 0.1
03324 PASS: Input_9B 0.0
03325 #set power supply
03325 PwrSetVoltage = 300 : NULL : WAIT = 0.1
03326 #test power supply
03326 NULL : MeterVolts = 30.0 | 0.155 | 0.1
03326 TEST: MeterVolts 30.0 +/- 0.155
03326 PASS: MeterVolts 29.919
03327 #test feedback
03327 NULL : Port_9B = 30.0 | 0.155 | 0.1
03327 TEST: Port_9B 30.0 +/- 0.155
03327 FAIL: Port_9B 29.844
03328 NULL : Input_9B = 0 | 0.1 | 0.1
03328 TEST: Input_9B 0.0 +/- 0.1
03328 PASS: Input_9B 0.0
03329 #set power supply
03329 PwrSetVoltage = 305 : NULL : WAIT = 0.1
03330 #test power supply
03330 NULL : MeterVolts = 30.5 | 0.155 | 0.1
03330 TEST: MeterVolts 30.5 +/- 0.155
03330 PASS: MeterVolts 30.425
03331 #test feedback
03331 NULL : Port_9B = 30.5 | 0.155 | 0.1
03331 TEST: Port_9B 30.5 +/- 0.155
03331 PASS: Port_9B 30.347
03332 NULL : Input_9B = 0 | 0.1 | 0.1
03332 TEST: Input_9B 0.0 +/- 0.1
03332 PASS: Input_9B 0.0
03333 #set power supply
03333 PwrSetVoltage = 310 : NULL : WAIT = 0.1
03334 #test power supply
03334 NULL : MeterVolts = 31.0 | 0.155 | 0.1
03334 TEST: MeterVolts 31.0 +/- 0.155
03334 PASS: MeterVolts 30.927
03335 #test feedback
03335 NULL : Port_9B = 31.0 | 0.155 | 0.1
03335 TEST: Port_9B 31.0 +/- 0.155
03335 PASS: Port_9B 30.85
03336 NULL : Input_9B = 0 | 0.1 | 0.1
03336 TEST: Input_9B 0.0 +/- 0.1
03336 PASS: Input_9B 0.0
03337 #set power supply
03337 PwrSetVoltage = 315 : NULL : WAIT = 0.1
03338 #test power supply
03338 NULL : MeterVolts = 31.5 | 0.155 | 0.1
03338 TEST: MeterVolts 31.5 +/- 0.155
03338 PASS: MeterVolts 31.42
03339 #test feedback
03339 NULL : Port_9B = 31.5 | 0.155 | 0.1
03339 TEST: Port_9B 31.5 +/- 0.155
03339 PASS: Port_9B 31.345
03340 NULL : Input_9B = 0 | 0.1 | 0.1
03340 TEST: Input_9B 0.0 +/- 0.1
03340 PASS: Input_9B 0.0
03341 #set power supply
03341 PwrSetVoltage = 320 : NULL : WAIT = 0.1
03342 #test power supply
03342 NULL : MeterVolts = 32.0 | 0.155 | 0.1
03342 TEST: MeterVolts 32.0 +/- 0.155
03342 PASS: MeterVolts 31.923
03343 #test feedback
03343 NULL : Port_9B = 32.0 | 0.155 | 0.1
03343 TEST: Port_9B 32.0 +/- 0.155
03343 PASS: Port_9B 31.848
03344 NULL : Input_9B = 0 | 0.1 | 0.1
03344 TEST: Input_9B 0.0 +/- 0.1
03344 PASS: Input_9B 0.0
03345 #set power supply
03345 PwrSetVoltage = 325 : NULL : WAIT = 0.1
03346 #test power supply
03346 NULL : MeterVolts = 32.5 | 0.155 | 0.1
03346 TEST: MeterVolts 32.5 +/- 0.155
03346 PASS: MeterVolts 32.42
03347 #test feedback
03347 NULL : Port_9B = 32.5 | 0.155 | 0.1
03347 TEST: Port_9B 32.5 +/- 0.155
03347 FAIL: Port_9B 32.342
03348 NULL : Input_9B = 0 | 0.1 | 0.1
03348 TEST: Input_9B 0.0 +/- 0.1
03348 PASS: Input_9B 0.0
03349 #set power supply
03349 PwrSetVoltage = 330 : NULL : WAIT = 0.1
03350 #test power supply
03350 NULL : MeterVolts = 33.0 | 0.155 | 0.1
03350 TEST: MeterVolts 33.0 +/- 0.155
03350 PASS: MeterVolts 32.863
03351 #test feedback
03351 NULL : Port_9B = 33.0 | 0.155 | 0.1
03351 TEST: Port_9B 33.0 +/- 0.155
03351 PASS: Port_9B 32.845
03352 NULL : Input_9B = 0 | 0.1 | 0.1
03352 TEST: Input_9B 0.0 +/- 0.1
03352 PASS: Input_9B 0.0
03353 #set power supply
03353 PwrSetVoltage = 335 : NULL : WAIT = 0.1
03354 #test power supply
03354 NULL : MeterVolts = 33.5 | 0.155 | 0.1
03354 TEST: MeterVolts 33.5 +/- 0.155
03354 PASS: MeterVolts 33.417
03355 #test feedback
03355 NULL : Port_9B = 0 | 0.1 | 0.1
03355 TEST: Port_9B 0.0 +/- 0.1
03355 PASS: Port_9B 0.0
03356 NULL : Input_9B = 2 | 0.1 | 0.1
03356 TEST: Input_9B 2.0 +/- 0.1
03356 PASS: Input_9B 2.0
03357 #set power supply
03357 PwrSetVoltage = 336 : NULL : WAIT = 0.1
03358 #test power supply
03358 NULL : MeterVolts = 33.6 | 0.155 | 0.1
03358 TEST: MeterVolts 33.6 +/- 0.155
03358 PASS: MeterVolts 33.466
03359 #test feedback
03359 NULL : Port_9B = 0 | 0.1 | 0.1
03359 TEST: Port_9B 0.0 +/- 0.1
03359 PASS: Port_9B 0.0
03360 NULL : Input_9B = 2 | 0.1 | 0.1
03360 TEST: Input_9B 2.0 +/- 0.1
03360 PASS: Input_9B 2.0
03361 
03361 #Finished with port
03361 #switch out input
03361 J2_10 = 0 : NULL : WAIT = 0.1
03362 
03362 
03362 #Finished with mode
03362 #cycle IGN to clean slate
03362 RLY_K1 = 1 : NULL : WAIT = 1
03363 RLY_K1 = 0 : NULL : WAIT = 1
03364 #switch out load line, set current
03364 J2_10 = 0 : NULL : WAIT = 0.1
03365 LdRemote = 0 : NULL : WAIT = 0.1
03366 LdEnable = 0 : NULL : WAIT = 0.1
03367 LdCurrentSet = 0 : NULL : WAIT = 0.1
03368 J0_08_METER_LOAD = 0 : NULL : WAIT = 0.1
03369 #tear down PS1
03369 PwrSetCurrent = 0 : NULL : WAIT = 0.1
03370 PwrSetVoltage = 0 : NULL : WAIT = 0.1
03371 PwrEnable = 0 : NULL : WAIT = 0.1
03372 J0_09_TEST_SUPPLY = 0 : NULL : WAIT = 1
03373 PwrRemote = 0 : NULL : WAIT = 0.1
03374 NULL : Input_1A = 2 | 0.1 | 0.1
03374 TEST: Input_1A 2.0 +/- 0.1
03374 FAIL: Input_1A 0.0
03375 NULL : Input_1B = 2 | 0.1 | 0.1
03375 TEST: Input_1B 2.0 +/- 0.1
03375 FAIL: Input_1B 0.0
03376 NULL : Input_3A = 2 | 0.1 | 0.1
03376 TEST: Input_3A 2.0 +/- 0.1
03376 FAIL: Input_3A 0.0
03377 NULL : Input_3B = 2 | 0.1 | 0.1
03377 TEST: Input_3B 2.0 +/- 0.1
03377 FAIL: Input_3B 0.0
03378 NULL : Input_5A = 2 | 0.1 | 0.1
03378 TEST: Input_5A 2.0 +/- 0.1
03378 FAIL: Input_5A 0.0
03379 NULL : Input_5B = 2 | 0.1 | 0.1
03379 TEST: Input_5B 2.0 +/- 0.1
03379 FAIL: Input_5B 0.0
03380 NULL : Input_7A = 2 | 0.1 | 0.1
03380 TEST: Input_7A 2.0 +/- 0.1
03380 FAIL: Input_7A 0.0
03381 NULL : Input_7B = 2 | 0.1 | 0.1
03381 TEST: Input_7B 2.0 +/- 0.1
03381 FAIL: Input_7B 0.0
03382 NULL : Input_9A = 2 | 0.1 | 0.1
03382 TEST: Input_9A 2.0 +/- 0.1
03382 FAIL: Input_9A 0.0
03383 NULL : Input_9B = 2 | 0.1 | 0.1
03383 TEST: Input_9B 2.0 +/- 0.1
03383 FAIL: Input_9B 0.0
03384 J4_03 = 0 : NULL : WAIT = 0.2
03385 SAVE
03385 END
Fail count: 87
Finished on: 2025-12-11-13:47:26
elapsed time: 0:24:17.708637
