Step,Pre-defined Error Field.Number of Errors,Pre-defined Error Field.Standard Error Field,Pre-defined Error Field.Standard Error Field_2,Pre-defined Error Field.Standard Error Field_3,Pre-defined Error Field.Standard Error Field_4,Pre-defined Error Field.Standard Error Field_5,Store Parameter Field.Highest sub-index supported,Store Parameter Field.Save all Parameters,Store Parameter Field.Save Communication Parameters,Store Parameter Field.Save Application Parameters,Restore Default Parameters.Highest sub-index supported,Restore Default Parameters.Restore all Default Parameters,Restore Default Parameters.Restore Communication Default Parameters,Restore Default Parameters.Restore Application Default Parameters,Heartbeat Consumer Entries.Highest sub-index supported,Heartbeat Consumer Entries.Consumer Heartbeat Time 1,Heartbeat Consumer Entries.Consumer Heartbeat Time 2,Identity Object.number of entries,Identity Object.Vendor Id,Identity Object.Product Code,Identity Object.Revision number,Identity Object.Serial number,Server SDO Parameter 1.Highest sub-index supported,Server SDO Parameter 1.COB-ID Client -> Server,Server SDO Parameter 1.COB-ID Server -> Client,Receive PDO Communication Parameter 1.Highest sub-index supported,Receive PDO Communication Parameter 1.COB-ID,Receive PDO Communication Parameter 1.Transmission Type,Receive PDO Communication Parameter 1.Inhibit Time,Receive PDO Communication Parameter 1.Compatibility Entry,Receive PDO Communication Parameter 1.Event Timer,Receive PDO Communication Parameter 2.Highest sub-index supported,Receive PDO Communication Parameter 2.COB-ID,Receive PDO Communication Parameter 2.Transmission Type,Receive PDO Communication Parameter 2.Inhibit Time,Receive PDO Communication Parameter 2.Compatibility Entry,Receive PDO Communication Parameter 2.Event Timer,Receive PDO Communication Parameter 3.Highest sub-index supported,Receive PDO Communication Parameter 3.COB-ID,Receive PDO Communication Parameter 3.Transmission Type,Receive PDO Communication Parameter 3.Inhibit Time,Receive PDO Communication Parameter 3.Compatibility Entry,Receive PDO Communication Parameter 3.Event Timer,Receive PDO Mapping Parameter 1.Number of mapped objects,Receive PDO Mapping Parameter 1.Mapping Entry 1,Receive PDO Mapping Parameter 1.Mapping Entry 2,Receive PDO Mapping Parameter 1.Mapping Entry 3,Receive PDO Mapping Parameter 2.Number of mapped objects,Receive PDO Mapping Parameter 2.Mapping Entry 1,Receive PDO Mapping Parameter 2.Mapping Entry 2,Receive PDO Mapping Parameter 2.Mapping Entry 3,Receive PDO Mapping Parameter 2.Mapping Entry 4,Receive PDO Mapping Parameter 3.Number of mapped objects,Receive PDO Mapping Parameter 3.Mapping Entry 1,Receive PDO Mapping Parameter 3.Mapping Entry 2,Receive PDO Mapping Parameter 3.Mapping Entry 3,Receive PDO Mapping Parameter 3.Mapping Entry 4,Transmit PDO Communication Parameter 1.Highest sub-index supported,Transmit PDO Communication Parameter 1.COB-ID,Transmit PDO Communication Parameter 1.Transmission Type,Transmit PDO Communication Parameter 1.Inhibit Time,Transmit PDO Communication Parameter 1.Compatibility Entry,Transmit PDO Communication Parameter 1.Event Timer,Transmit PDO Communication Parameter 2.Highest sub-index supported,Transmit PDO Communication Parameter 2.COB-ID,Transmit PDO Communication Parameter 2.Transmission Type,Transmit PDO Communication Parameter 2.Inhibit Time,Transmit PDO Communication Parameter 2.Compatibility Entry,Transmit PDO Communication Parameter 2.Event Timer,Transmit PDO Communication Parameter 3.Highest sub-index supported,Transmit PDO Communication Parameter 3.COB-ID,Transmit PDO Communication Parameter 3.Transmission Type,Transmit PDO Communication Parameter 3.Inhibit Time,Transmit PDO Communication Parameter 3.Compatibility Entry,Transmit PDO Communication Parameter 3.Event Timer,Transmit PDO Communication Parameter 4.Highest sub-index supported,Transmit PDO Communication Parameter 4.COB-ID,Transmit PDO Communication Parameter 4.Transmission Type,Transmit PDO Communication Parameter 4.Inhibit Time,Transmit PDO Communication Parameter 4.Compatibility Entry,Transmit PDO Communication Parameter 4.Event Timer,Transmit PDO Communication Parameter 5.Highest sub-index supported,Transmit PDO Communication Parameter 5.COB-ID,Transmit PDO Communication Parameter 5.Transmission Type,Transmit PDO Communication Parameter 5.Inhibit Time,Transmit PDO Communication Parameter 5.Compatibility Entry,Transmit PDO Communication Parameter 5.Event Timer,Transmit PDO Communication Parameter 6.Highest sub-index supported,Transmit PDO Communication Parameter 6.COB-ID,Transmit PDO Communication Parameter 6.Transmission Type,Transmit PDO Communication Parameter 6.Inhibit Time,Transmit PDO Communication Parameter 6.Compatibility Entry,Transmit PDO Communication Parameter 6.Event Timer,Transmit PDO Communication Parameter 7.Highest sub-index supported,Transmit PDO Communication Parameter 7.COB-ID,Transmit PDO Communication Parameter 7.Transmission Type,Transmit PDO Communication Parameter 7.Inhibit Time,Transmit PDO Communication Parameter 7.Compatibility Entry,Transmit PDO Communication Parameter 7.Event Timer,Transmit PDO Communication Parameter 8.Highest sub-index supported,Transmit PDO Communication Parameter 8.COB-ID,Transmit PDO Communication Parameter 8.Transmission Type,Transmit PDO Communication Parameter 8.Inhibit Time,Transmit PDO Communication Parameter 8.Compatibility Entry,Transmit PDO Communication Parameter 8.Event Timer,Transmit PDO Communication Parameter 9.Highest sub-index supported,Transmit PDO Communication Parameter 9.COB-ID,Transmit PDO Communication Parameter 9.Transmission Type,Transmit PDO Communication Parameter 9.Inhibit Time,Transmit PDO Communication Parameter 9.Compatibility Entry,Transmit PDO Communication Parameter 9.Event Timer,Transmit PDO Communication Parameter 10.Highest sub-index supported,Transmit PDO Communication Parameter 10.COB-ID,Transmit PDO Communication Parameter 10.Transmission Type,Transmit PDO Communication Parameter 10.Inhibit Time,Transmit PDO Communication Parameter 10.Compatibility Entry,Transmit PDO Communication Parameter 10.Event Timer,Transmit PDO Mapping Parameter 1.Number of mapped objects,Transmit PDO Mapping Parameter 1.Mapping Entry 1,Transmit PDO Mapping Parameter 2.Number of mapped objects,Transmit PDO Mapping Parameter 2.Mapping Entry 1,Transmit PDO Mapping Parameter 2.Mapping Entry 2,Transmit PDO Mapping Parameter 2.Mapping Entry 3,Transmit PDO Mapping Parameter 2.Mapping Entry 4,Transmit PDO Mapping Parameter 3.Number of mapped objects,Transmit PDO Mapping Parameter 3.Mapping Entry 1,Transmit PDO Mapping Parameter 3.Mapping Entry 2,Transmit PDO Mapping Parameter 3.Mapping Entry 3,Transmit PDO Mapping Parameter 3.Mapping Entry 4,Transmit PDO Mapping Parameter 4.Number of mapped objects,Transmit PDO Mapping Parameter 4.Mapping Entry 1,Transmit PDO Mapping Parameter 4.Mapping Entry 2,Transmit PDO Mapping Parameter 4.Mapping Entry 3,Transmit PDO Mapping Parameter 4.Mapping Entry 4,Transmit PDO Mapping Parameter 5.Number of mapped objects,Transmit PDO Mapping Parameter 5.Mapping Entry 1,Transmit PDO Mapping Parameter 5.Mapping Entry 2,Transmit PDO Mapping Parameter 5.Mapping Entry 3,Transmit PDO Mapping Parameter 5.Mapping Entry 4,Transmit PDO Mapping Parameter 6.Number of mapped objects,Transmit PDO Mapping Parameter 6.Mapping Entry 1,Transmit PDO Mapping Parameter 6.Mapping Entry 2,Transmit PDO Mapping Parameter 6.Mapping Entry 3,Transmit PDO Mapping Parameter 6.Mapping Entry 4,Transmit PDO Mapping Parameter 6.Mapping Entry 5,Transmit PDO Mapping Parameter 6.Mapping Entry 6,Transmit PDO Mapping Parameter 6.Mapping Entry 7,Transmit PDO Mapping Parameter 6.Mapping Entry 8,Transmit PDO Mapping Parameter 7.Number of mapped objects,Transmit PDO Mapping Parameter 7.Mapping Entry 1,Transmit PDO Mapping Parameter 7.Mapping Entry 2,Transmit PDO Mapping Parameter 7.Mapping Entry 3,Transmit PDO Mapping Parameter 7.Mapping Entry 4,Transmit PDO Mapping Parameter 8.Number of mapped objects,Transmit PDO Mapping Parameter 8.Mapping Entry 1,Transmit PDO Mapping Parameter 8.Mapping Entry 2,Transmit PDO Mapping Parameter 8.Mapping Entry 3,Transmit PDO Mapping Parameter 8.Mapping Entry 4,Transmit PDO Mapping Parameter 9.Number of mapped objects,Transmit PDO Mapping Parameter 9.Mapping Entry 1,Transmit PDO Mapping Parameter 9.Mapping Entry 2,Transmit PDO Mapping Parameter 9.Mapping Entry 3,Transmit PDO Mapping Parameter 9.Mapping Entry 4,Transmit PDO Mapping Parameter 10.Number of mapped objects,Transmit PDO Mapping Parameter 10.Mapping Entry 1,Transmit PDO Mapping Parameter 10.Mapping Entry 2,Transmit PDO Mapping Parameter 10.Mapping Entry 3,Transmit PDO Mapping Parameter 10.Mapping Entry 4,Transmit PDO Mapping Parameter 10.Mapping Entry 5,Transmit PDO Mapping Parameter 10.Mapping Entry 6,Transmit PDO Mapping Parameter 10.Mapping Entry 7,Transmit PDO Mapping Parameter 10.Mapping Entry 8,Module Global Configuration.Highest sub-index supported,Module Global Configuration.d1 - d8_Enable,Module Global Configuration.d9 - d16_Enable,Module Global Configuration.Output_Mode,Module Global Configuration.Input_Mode,Module Global Configuration.ID,Module I/O Configuration.Highest sub-index supported,Module I/O Configuration.OUTMODE_1,Module I/O Configuration.OUTMODE_2,Module I/O Configuration.OUTMODE_3,Module I/O Configuration.OUTMODE_4,Module I/O Configuration.INMODE_5,Module I/O Configuration.INMODE_6,Module I/O Configuration.INMODE_7,Module I/O Configuration.INMODE_8,Module PWMi PID Configuration.Highest sub-index supported,Module PWMi PID Configuration.Port1A_Kp,Module PWMi PID Configuration.Port1A_Ki,Module PWMi PID Configuration.Port1B_Kp,Module PWMi PID Configuration.Port1B_Ki,Module PWMi PID Configuration.Port2A_Kp,Module PWMi PID Configuration.Port2A_Ki,Module PWMi PID Configuration.Port2B_Kp,Module PWMi PID Configuration.Port2B_Ki,Module PWMi PID Configuration.Port3A_Kp,Module PWMi PID Configuration.Port3A_Ki,Module PWMi PID Configuration.Port3B_Kp,Module PWMi PID Configuration.Port3B_Ki,Module PWMi PID Configuration.Port4A_Kp,Module PWMi PID Configuration.Port4A_Ki,Module PWMi PID Configuration.Port4B_Kp,Module PWMi PID Configuration.Port4B_Ki,Module Counter Configuration.Highest sub-index supported,Module Counter Configuration.d1 - d8,Module Counter Configuration.d9 - d16,Set Point.Highest sub-index supported,Set Point.Set_Point_7A,Set Point.Set_Point_8A,Response Message.Highest sub-index supported,Response Message.d1-d8,Response Message.d9-d16,Response Message.Active_Fault_Code,Response Message.Configuration_ID,Status Message F1.Highest sub-index supported,Status Message F1.d1-d8_Message,Status Message F1.d9-d16_Message,Status Message F1.Status_Output1-2,Status Message F1.Status_Output3-4,Status Message F1.Sensor_Power5-6,Status Message F1.Sensor_Power7-8,Status Message F1.Power,Status Message F1.Save_Counter,Status Message F2.Highest sub-index supported,Status Message F2.VBAT,Status Message F2.TEMP,Status Message F2.CNFG1,Status Message F2.CNFG2,Status Message F2.CNFG3,Status Message Amp.Highest sub-index supported,Status Message Amp.Port_1A,Status Message Amp.Port_1B,Status Message Amp.Port_2A,Status Message Amp.Port_2B,Status Message Amp.Port_3A,Status Message Amp.Port_3B,Status Message Amp.Port_4A,Status Message Amp.Port_4B,Fault Message.Highest sub-index supported,Fault Message.Counter_F1,Fault Message.Counter_F2,Fault Message.Counter_F3,Fault Message.Counter_F4,Fault Message.Counter_F5,Fault Message.Counter_F6,Fault Message.Counter_F7,Fault Message.Counter_F8,Read Input 8-Bit.Highest sub-index supported,Read Input 8-Bit.Input_1,Write Outputs 8-Bit.Highest sub-index supported,Write Outputs 8-Bit.Output_1,Write Outputs 8-Bit.Output_2,Write Outputs 8-Bit.Sensor_1,Read Analogue Input 16-Bit.Highest sub-index supported,Read Analogue Input 16-Bit.Port 5A,Read Analogue Input 16-Bit.Port 5B,Read Analogue Input 16-Bit.Port 6A,Read Analogue Input 16-Bit.Port 6B,Read Analogue Input 16-Bit.Port 7A,Read Analogue Input 16-Bit.Port 7B,Read Analogue Input 16-Bit.Port 8A,Read Analogue Input 16-Bit.Port 8B,Read Analogue Input 16-Bit.FREQ_1,Read Analogue Input 16-Bit.FREQ_2,Read Analogue Input 16-Bit.FREQ_3,Read Analogue Input 16-Bit.FREQ_4,Write Analogue Output 16-Bit.Highest sub-index supported,Write Analogue Output 16-Bit.Port_1A,Write Analogue Output 16-Bit.Port_1B,Write Analogue Output 16-Bit.Port_2A,Write Analogue Output 16-Bit.Port_2B,Write Analogue Output 16-Bit.Port_3A,Write Analogue Output 16-Bit.Port_3B,Write Analogue Output 16-Bit.Port_4A,Write Analogue Output 16-Bit.Port_4B,Analogue Input Interrupt Delta.Highest sub-index supported,Analogue Input Interrupt Delta.Port 5A,Analogue Input Interrupt Delta.Port 5B,Analogue Input Interrupt Delta.Port 6A,Analogue Input Interrupt Delta.Port 6B,Analogue Input Interrupt Delta.Port 7A,Analogue Input Interrupt Delta.Port 7B,Analogue Input Interrupt Delta.Port 8A,Analogue Input Interrupt Delta.Port 8B,Analogue Input Interrupt Delta.FREQ_1,Analogue Input Interrupt Delta.FREQ_2,Analogue Input Interrupt Delta.FREQ_3,Analogue Input Interrupt Delta.FREQ_4,Dummy0005,Dummy0006,Dummy0007,Device Type,Error Register,Manufacturer Device Name,Manufacturer Hardware Version,Manufacturer Software Version,COB-ID EMCY,Inhibit Time Emergency,Producer Heartbeat Time,Frequency,Analogue Input Global Interrupt Enable,Frequency,J0_01_3A_LOAD,J0_02_5A_LOAD,J0_03_7A_LOAD,J0_04_12A_LOAD,J0_05_200MA_PULLUP,J0_06_12MA_PULLUP,J0_07_GND_LOAD,J0_08_METER_LOAD,J0_09_TEST_SUPPLY,J0_10_MAIN_SUPPLY,J0_11_FREQ_GEN,J0_12_PROBE,J1_01,J1_02,J1_03,J1_04,J1_05,J1_06,J1_07,J1_08,J1_09,J1_10,J1_11,J1_12,J2_01,J2_02,J2_03,J2_04,J2_05,J2_06,J2_07,J2_08,J2_09,J2_10,J2_11,J2_12,J3_01,J3_02,J3_03,J3_04,J3_05,J3_06,J3_07,J3_08,J3_09,J3_10,J3_11,J3_12,J4_01,J4_02,J4_03,J4_04,J4_05,J4_06,J4_07,J4_08,J4_09,J4_10,J4_11,J4_12,J5_01,J5_02,J5_03,J5_04,J5_05,J5_06,J5_07,J5_08,J5_09,J5_10,J5_11,J5_12,MeterVolts,MeterCurrent,MeterAmps,MeterSpare,PwrRemote,PwrEnable,PwrSetVoltage,PwrSetCurrent,LdRemote,LdEnable,LdCurrentSet,RLY_K1,RLY_K2,RLY_K3,
13,5.0,2147492624.0,1073750800.0,536879888.0,268444432.0,134226704.0,3.0,1.0,1.0,1.0,3.0,1.0,1.0,1.0,0.0,0.0,0.0,4.0,1275.0,3408961.0,65554.0,0.0,2.0,1537.0,1409.0,5.0,513.0,255.0,0.0,0.0,0.0,5.0,769.0,255.0,0.0,0.0,0.0,5.0,1025.0,255.0,0.0,0.0,0.0,3.0,1644167432.0,1644167688.0,1644167944.0,4.0,1678835984.0,1678836240.0,1678836496.0,1678836752.0,4.0,1678837008.0,1678837264.0,1678837520.0,1678837776.0,5.0,385.0,255.0,0.0,0.0,0.0,5.0,641.0,255.0,0.0,0.0,0.0,5.0,897.0,255.0,0.0,0.0,0.0,5.0,1153.0,255.0,0.0,0.0,0.0,5.0,417.0,254.0,0.0,0.0,0.0,5.0,449.0,254.0,0.0,0.0,0.0,5.0,481.0,254.0,0.0,0.0,0.0,5.0,673.0,254.0,0.0,0.0,0.0,5.0,705.0,254.0,0.0,0.0,0.0,5.0,737.0,254.0,0.0,0.0,0.0,1.0,1610613000.0,4.0,1677787408.0,1677787664.0,1677787920.0,1677788176.0,4.0,1677788432.0,1677788688.0,1677788944.0,1677789200.0,4.0,1677789456.0,1677789712.0,1677789968.0,1677790224.0,4.0,1342177544.0,1342177800.0,1342178056.0,1342178312.0,8.0,1342243080.0,1342243336.0,1342243592.0,1342243848.0,1342244104.0,1342244360.0,1342244616.0,1342244872.0,4.0,1342308624.0,1342308880.0,1342309136.0,1342309392.0,4.0,1342374160.0,1342374416.0,1342374672.0,1342374928.0,4.0,1342375184.0,1342375440.0,1342375696.0,1342375952.0,8.0,1342439688.0,1342439944.0,1342440200.0,1342440456.0,1342440712.0,1342440968.0,1342441224.0,1342441480.0,5.0,1.0,0.0,0.0,0.0,0.0,8.0,51.0,51.0,51.0,51.0,17.0,17.0,17.0,17.0,16.0,80.0,50.0,80.0,50.0,80.0,50.0,80.0,50.0,80.0,50.0,80.0,50.0,80.0,50.0,80.0,50.0,2.0,0.0,0.0,2.0,0.0,0.0,4.0,80.0,244.0,0.0,0.0,8.0,0.0,252.0,0.0,0.0,221.0,221.0,245.0,0.0,5.0,145.0,1770.0,2.0,7.0,1.0,8.0,0.0,0.0,0.0,0.0,0.0,0.0,0.0,0.0,8.0,15.0,0.0,0.0,0.0,224.0,0.0,0.0,0.0,1.0,0.0,3.0,0.0,0.0,255.0,12.0,0.0,0.0,0.0,0.0,0.0,0.0,0.0,0.0,0.0,0.0,0.0,0.0,8.0,250.0,0.0,0.0,0.0,0.0,0.0,0.0,0.0,12.0,50.0,50.0,50.0,50.0,50.0,50.0,50.0,50.0,50.0,50.0,50.0,50.0,0.0,0.0,0.0,983441.0,1.0,340441200.0,34044201.0,1.15,129.0,0.0,2000.0,65.0,0.0,1000.0,0.0,0.0,0.0,0.0,0.0,0.0,0.0,0.0,0.0,0.0,0.0,0.0,0.0,0.0,0.0,0.0,0.0,0.0,0.0,0.0,0.0,0.0,0.0,0.0,1.0,0.0,0.0,0.0,0.0,0.0,0.0,0.0,0.0,0.0,0.0,0.0,0.0,0.0,0.0,0.0,0.0,0.0,0.0,0.0,0.0,0.0,0.0,0.0,1.0,0.0,1.0,0.0,0.0,0.0,0.0,0.0,0.0,0.0,0.0,0.0,0.0,0.0,0.0,0.0,0.0,0.0,0.0,0.0,0.0,0.0,0.0,0.0,0.0,0.0,0.868,0.0,0.0,0.0,0.0,0.0,0.0,0.0,0.0,0.0,0.0,0.0,
14,0.0,0.0,0.0,0.0,0.0,0.0,3.0,1.0,1.0,1.0,3.0,1.0,1.0,1.0,0.0,0.0,0.0,4.0,1275.0,3408961.0,65554.0,0.0,2.0,1537.0,1409.0,5.0,513.0,255.0,0.0,0.0,0.0,5.0,769.0,255.0,0.0,0.0,0.0,5.0,1025.0,255.0,0.0,0.0,0.0,3.0,1644167432.0,1644167688.0,1644167944.0,4.0,1678835984.0,1678836240.0,1678836496.0,1678836752.0,4.0,1678837008.0,1678837264.0,1678837520.0,1678837776.0,5.0,385.0,255.0,0.0,0.0,0.0,5.0,641.0,255.0,0.0,0.0,0.0,5.0,897.0,255.0,0.0,0.0,0.0,5.0,1153.0,255.0,0.0,0.0,0.0,5.0,417.0,254.0,0.0,0.0,0.0,5.0,449.0,254.0,0.0,0.0,0.0,5.0,481.0,254.0,0.0,0.0,0.0,5.0,673.0,254.0,0.0,0.0,0.0,5.0,705.0,254.0,0.0,0.0,0.0,5.0,737.0,254.0,0.0,0.0,0.0,1.0,1610613000.0,4.0,1677787408.0,1677787664.0,1677787920.0,1677788176.0,4.0,1677788432.0,1677788688.0,1677788944.0,1677789200.0,4.0,1677789456.0,1677789712.0,1677789968.0,1677790224.0,4.0,1342177544.0,1342177800.0,1342178056.0,1342178312.0,8.0,1342243080.0,1342243336.0,1342243592.0,1342243848.0,1342244104.0,1342244360.0,1342244616.0,1342244872.0,4.0,1342308624.0,1342308880.0,1342309136.0,1342309392.0,4.0,1342374160.0,1342374416.0,1342374672.0,1342374928.0,4.0,1342375184.0,1342375440.0,1342375696.0,1342375952.0,8.0,1342439688.0,1342439944.0,1342440200.0,1342440456.0,1342440712.0,1342440968.0,1342441224.0,1342441480.0,5.0,0.0,0.0,0.0,0.0,0.0,8.0,51.0,51.0,51.0,51.0,17.0,17.0,17.0,17.0,16.0,100.0,100.0,100.0,100.0,100.0,100.0,100.0,100.0,100.0,100.0,100.0,100.0,100.0,100.0,100.0,100.0,2.0,0.0,0.0,2.0,0.0,0.0,4.0,80.0,244.0,0.0,0.0,8.0,0.0,252.0,1.0,0.0,221.0,221.0,245.0,0.0,5.0,145.0,1775.0,2.0,7.0,1.0,8.0,975.0,0.0,0.0,0.0,0.0,0.0,0.0,0.0,8.0,15.0,0.0,0.0,0.0,224.0,0.0,0.0,0.0,1.0,0.0,3.0,0.0,0.0,255.0,12.0,0.0,0.0,0.0,0.0,0.0,0.0,0.0,0.0,0.0,0.0,0.0,0.0,8.0,250.0,0.0,0.0,0.0,0.0,0.0,0.0,0.0,12.0,50.0,50.0,50.0,50.0,50.0,50.0,50.0,50.0,50.0,50.0,50.0,50.0,0.0,0.0,0.0,983441.0,0.0,340441200.0,34044201.0,1.15,129.0,0.0,2000.0,1000.0,0.0,1000.0,0.0,0.0,0.0,0.0,0.0,0.0,0.0,0.0,0.0,0.0,0.0,0.0,0.0,0.0,0.0,0.0,0.0,0.0,0.0,0.0,0.0,0.0,0.0,0.0,1.0,0.0,0.0,0.0,0.0,0.0,0.0,0.0,0.0,0.0,0.0,0.0,0.0,0.0,0.0,0.0,0.0,0.0,0.0,0.0,0.0,0.0,0.0,0.0,1.0,0.0,1.0,0.0,0.0,0.0,0.0,0.0,0.0,0.0,0.0,0.0,0.0,0.0,0.0,0.0,0.0,0.0,0.0,0.0,0.0,0.0,0.0,0.0,0.0,0.0,0.869,0.0,0.0,0.0,0.0,0.0,0.0,0.0,0.0,0.0,0.0,0.0,
16,0.0,0.0,0.0,0.0,0.0,0.0,3.0,1.0,1.0,1.0,3.0,1.0,1.0,1.0,0.0,0.0,0.0,4.0,1275.0,3408961.0,65554.0,0.0,2.0,1537.0,1409.0,5.0,513.0,255.0,0.0,0.0,0.0,5.0,769.0,255.0,0.0,0.0,0.0,5.0,1025.0,255.0,0.0,0.0,0.0,3.0,1644167432.0,1644167688.0,1644167944.0,4.0,1678835984.0,1678836240.0,1678836496.0,1678836752.0,4.0,1678837008.0,1678837264.0,1678837520.0,1678837776.0,5.0,385.0,255.0,0.0,0.0,0.0,5.0,641.0,255.0,0.0,0.0,0.0,5.0,897.0,255.0,0.0,0.0,0.0,5.0,1153.0,255.0,0.0,0.0,0.0,5.0,417.0,254.0,0.0,0.0,0.0,5.0,449.0,254.0,0.0,0.0,0.0,5.0,481.0,254.0,0.0,0.0,0.0,5.0,673.0,254.0,0.0,0.0,0.0,5.0,705.0,254.0,0.0,0.0,0.0,5.0,737.0,254.0,0.0,0.0,0.0,1.0,1610613000.0,4.0,1677787408.0,1677787664.0,1677787920.0,1677788176.0,4.0,1677788432.0,1677788688.0,1677788944.0,1677789200.0,4.0,1677789456.0,1677789712.0,1677789968.0,1677790224.0,4.0,1342177544.0,1342177800.0,1342178056.0,1342178312.0,8.0,1342243080.0,1342243336.0,1342243592.0,1342243848.0,1342244104.0,1342244360.0,1342244616.0,1342244872.0,4.0,1342308624.0,1342308880.0,1342309136.0,1342309392.0,4.0,1342374160.0,1342374416.0,1342374672.0,1342374928.0,4.0,1342375184.0,1342375440.0,1342375696.0,1342375952.0,8.0,1342439688.0,1342439944.0,1342440200.0,1342440456.0,1342440712.0,1342440968.0,1342441224.0,1342441480.0,5.0,0.0,0.0,0.0,0.0,0.0,8.0,51.0,51.0,51.0,51.0,17.0,17.0,17.0,17.0,16.0,100.0,100.0,100.0,100.0,100.0,100.0,100.0,100.0,100.0,100.0,100.0,100.0,100.0,100.0,100.0,100.0,2.0,0.0,0.0,2.0,0.0,0.0,4.0,80.0,244.0,0.0,0.0,8.0,0.0,252.0,1.0,0.0,221.0,221.0,245.0,0.0,5.0,145.0,1775.0,2.0,7.0,1.0,8.0,975.0,0.0,0.0,0.0,0.0,0.0,0.0,0.0,8.0,15.0,0.0,0.0,0.0,224.0,0.0,0.0,0.0,1.0,0.0,3.0,0.0,0.0,255.0,12.0,0.0,0.0,0.0,0.0,0.0,0.0,0.0,0.0,0.0,0.0,0.0,0.0,8.0,500.0,0.0,0.0,0.0,0.0,0.0,0.0,0.0,12.0,50.0,50.0,50.0,50.0,50.0,50.0,50.0,50.0,50.0,50.0,50.0,50.0,0.0,0.0,0.0,983441.0,0.0,340441200.0,34044201.0,1.15,129.0,0.0,2000.0,1000.0,0.0,1000.0,0.0,0.0,0.0,0.0,0.0,0.0,0.0,0.0,0.0,0.0,0.0,0.0,0.0,0.0,0.0,0.0,0.0,0.0,0.0,0.0,0.0,0.0,0.0,0.0,1.0,0.0,0.0,0.0,0.0,0.0,0.0,0.0,0.0,0.0,0.0,0.0,0.0,0.0,0.0,0.0,0.0,0.0,0.0,0.0,0.0,0.0,0.0,0.0,1.0,0.0,1.0,0.0,0.0,0.0,0.0,0.0,0.0,0.0,0.0,0.0,0.0,0.0,0.0,0.0,0.0,0.0,0.0,0.0,0.0,0.0,0.0,0.0,0.0,0.0,1.68,0.0,0.0,0.0,0.0,0.0,0.0,0.0,0.0,0.0,0.0,0.0,
17,0.0,0.0,0.0,0.0,0.0,0.0,3.0,1.0,1.0,1.0,3.0,1.0,1.0,1.0,0.0,0.0,0.0,4.0,1275.0,3408961.0,65554.0,0.0,2.0,1537.0,1409.0,5.0,513.0,255.0,0.0,0.0,0.0,5.0,769.0,255.0,0.0,0.0,0.0,5.0,1025.0,255.0,0.0,0.0,0.0,3.0,1644167432.0,1644167688.0,1644167944.0,4.0,1678835984.0,1678836240.0,1678836496.0,1678836752.0,4.0,1678837008.0,1678837264.0,1678837520.0,1678837776.0,5.0,385.0,255.0,0.0,0.0,0.0,5.0,641.0,255.0,0.0,0.0,0.0,5.0,897.0,255.0,0.0,0.0,0.0,5.0,1153.0,255.0,0.0,0.0,0.0,5.0,417.0,254.0,0.0,0.0,0.0,5.0,449.0,254.0,0.0,0.0,0.0,5.0,481.0,254.0,0.0,0.0,0.0,5.0,673.0,254.0,0.0,0.0,0.0,5.0,705.0,254.0,0.0,0.0,0.0,5.0,737.0,254.0,0.0,0.0,0.0,1.0,1610613000.0,4.0,1677787408.0,1677787664.0,1677787920.0,1677788176.0,4.0,1677788432.0,1677788688.0,1677788944.0,1677789200.0,4.0,1677789456.0,1677789712.0,1677789968.0,1677790224.0,4.0,1342177544.0,1342177800.0,1342178056.0,1342178312.0,8.0,1342243080.0,1342243336.0,1342243592.0,1342243848.0,1342244104.0,1342244360.0,1342244616.0,1342244872.0,4.0,1342308624.0,1342308880.0,1342309136.0,1342309392.0,4.0,1342374160.0,1342374416.0,1342374672.0,1342374928.0,4.0,1342375184.0,1342375440.0,1342375696.0,1342375952.0,8.0,1342439688.0,1342439944.0,1342440200.0,1342440456.0,1342440712.0,1342440968.0,1342441224.0,1342441480.0,5.0,0.0,0.0,0.0,0.0,0.0,8.0,51.0,51.0,51.0,51.0,17.0,17.0,17.0,17.0,16.0,100.0,100.0,100.0,100.0,100.0,100.0,100.0,100.0,100.0,100.0,100.0,100.0,100.0,100.0,100.0,100.0,2.0,0.0,0.0,2.0,0.0,0.0,4.0,80.0,244.0,0.0,0.0,8.0,0.0,252.0,1.0,0.0,221.0,221.0,245.0,0.0,5.0,144.0,1775.0,2.0,7.0,1.0,8.0,1931.0,0.0,0.0,0.0,0.0,0.0,0.0,0.0,8.0,15.0,0.0,0.0,0.0,224.0,0.0,0.0,0.0,1.0,0.0,3.0,0.0,0.0,255.0,12.0,0.0,0.0,0.0,0.0,0.0,0.0,0.0,0.0,0.0,0.0,0.0,0.0,8.0,500.0,0.0,0.0,0.0,0.0,0.0,0.0,0.0,12.0,50.0,50.0,50.0,50.0,50.0,50.0,50.0,50.0,50.0,50.0,50.0,50.0,0.0,0.0,0.0,983441.0,0.0,340441200.0,34044201.0,1.15,129.0,0.0,2000.0,1000.0,0.0,1000.0,0.0,0.0,0.0,0.0,0.0,0.0,0.0,0.0,0.0,0.0,0.0,0.0,0.0,0.0,0.0,0.0,0.0,0.0,0.0,0.0,0.0,0.0,0.0,0.0,1.0,0.0,0.0,0.0,0.0,0.0,0.0,0.0,0.0,0.0,0.0,0.0,0.0,0.0,0.0,0.0,0.0,0.0,0.0,0.0,0.0,0.0,0.0,0.0,1.0,0.0,1.0,0.0,0.0,0.0,0.0,0.0,0.0,0.0,0.0,0.0,0.0,0.0,0.0,0.0,0.0,0.0,0.0,0.0,0.0,0.0,0.0,0.0,0.0,0.0,1.683,0.0,0.0,0.0,0.0,0.0,0.0,0.0,0.0,0.0,0.0,0.0,
19,0.0,0.0,0.0,0.0,0.0,0.0,3.0,1.0,1.0,1.0,3.0,1.0,1.0,1.0,0.0,0.0,0.0,4.0,1275.0,3408961.0,65554.0,0.0,2.0,1537.0,1409.0,5.0,513.0,255.0,0.0,0.0,0.0,5.0,769.0,255.0,0.0,0.0,0.0,5.0,1025.0,255.0,0.0,0.0,0.0,3.0,1644167432.0,1644167688.0,1644167944.0,4.0,1678835984.0,1678836240.0,1678836496.0,1678836752.0,4.0,1678837008.0,1678837264.0,1678837520.0,1678837776.0,5.0,385.0,255.0,0.0,0.0,0.0,5.0,641.0,255.0,0.0,0.0,0.0,5.0,897.0,255.0,0.0,0.0,0.0,5.0,1153.0,255.0,0.0,0.0,0.0,5.0,417.0,254.0,0.0,0.0,0.0,5.0,449.0,254.0,0.0,0.0,0.0,5.0,481.0,254.0,0.0,0.0,0.0,5.0,673.0,254.0,0.0,0.0,0.0,5.0,705.0,254.0,0.0,0.0,0.0,5.0,737.0,254.0,0.0,0.0,0.0,1.0,1610613000.0,4.0,1677787408.0,1677787664.0,1677787920.0,1677788176.0,4.0,1677788432.0,1677788688.0,1677788944.0,1677789200.0,4.0,1677789456.0,1677789712.0,1677789968.0,1677790224.0,4.0,1342177544.0,1342177800.0,1342178056.0,1342178312.0,8.0,1342243080.0,1342243336.0,1342243592.0,1342243848.0,1342244104.0,1342244360.0,1342244616.0,1342244872.0,4.0,1342308624.0,1342308880.0,1342309136.0,1342309392.0,4.0,1342374160.0,1342374416.0,1342374672.0,1342374928.0,4.0,1342375184.0,1342375440.0,1342375696.0,1342375952.0,8.0,1342439688.0,1342439944.0,1342440200.0,1342440456.0,1342440712.0,1342440968.0,1342441224.0,1342441480.0,5.0,0.0,0.0,0.0,0.0,0.0,8.0,51.0,51.0,51.0,51.0,17.0,17.0,17.0,17.0,16.0,100.0,100.0,100.0,100.0,100.0,100.0,100.0,100.0,100.0,100.0,100.0,100.0,100.0,100.0,100.0,100.0,2.0,0.0,0.0,2.0,0.0,0.0,4.0,80.0,244.0,0.0,0.0,8.0,0.0,252.0,1.0,0.0,221.0,221.0,245.0,0.0,5.0,144.0,1775.0,2.0,7.0,1.0,8.0,1931.0,0.0,0.0,0.0,0.0,0.0,0.0,0.0,8.0,15.0,0.0,0.0,0.0,224.0,0.0,0.0,0.0,1.0,0.0,3.0,0.0,0.0,255.0,12.0,0.0,0.0,0.0,0.0,0.0,0.0,0.0,0.0,0.0,0.0,0.0,0.0,8.0,1000.0,0.0,0.0,0.0,0.0,0.0,0.0,0.0,12.0,50.0,50.0,50.0,50.0,50.0,50.0,50.0,50.0,50.0,50.0,50.0,50.0,0.0,0.0,0.0,983441.0,0.0,340441200.0,34044201.0,1.15,129.0,0.0,2000.0,1000.0,0.0,1000.0,0.0,0.0,0.0,0.0,0.0,0.0,0.0,0.0,0.0,0.0,0.0,0.0,0.0,0.0,0.0,0.0,0.0,0.0,0.0,0.0,0.0,0.0,0.0,0.0,1.0,0.0,0.0,0.0,0.0,0.0,0.0,0.0,0.0,0.0,0.0,0.0,0.0,0.0,0.0,0.0,0.0,0.0,0.0,0.0,0.0,0.0,0.0,0.0,1.0,0.0,1.0,0.0,0.0,0.0,0.0,0.0,0.0,0.0,0.0,0.0,0.0,0.0,0.0,0.0,0.0,0.0,0.0,0.0,0.0,0.0,0.0,0.0,0.0,0.0,3.305,0.0,0.0,0.0,0.0,0.0,0.0,0.0,0.0,0.0,0.0,0.0,
20,0.0,0.0,0.0,0.0,0.0,0.0,3.0,1.0,1.0,1.0,3.0,1.0,1.0,1.0,0.0,0.0,0.0,4.0,1275.0,3408961.0,65554.0,0.0,2.0,1537.0,1409.0,5.0,513.0,255.0,0.0,0.0,0.0,5.0,769.0,255.0,0.0,0.0,0.0,5.0,1025.0,255.0,0.0,0.0,0.0,3.0,1644167432.0,1644167688.0,1644167944.0,4.0,1678835984.0,1678836240.0,1678836496.0,1678836752.0,4.0,1678837008.0,1678837264.0,1678837520.0,1678837776.0,5.0,385.0,255.0,0.0,0.0,0.0,5.0,641.0,255.0,0.0,0.0,0.0,5.0,897.0,255.0,0.0,0.0,0.0,5.0,1153.0,255.0,0.0,0.0,0.0,5.0,417.0,254.0,0.0,0.0,0.0,5.0,449.0,254.0,0.0,0.0,0.0,5.0,481.0,254.0,0.0,0.0,0.0,5.0,673.0,254.0,0.0,0.0,0.0,5.0,705.0,254.0,0.0,0.0,0.0,5.0,737.0,254.0,0.0,0.0,0.0,1.0,1610613000.0,4.0,1677787408.0,1677787664.0,1677787920.0,1677788176.0,4.0,1677788432.0,1677788688.0,1677788944.0,1677789200.0,4.0,1677789456.0,1677789712.0,1677789968.0,1677790224.0,4.0,1342177544.0,1342177800.0,1342178056.0,1342178312.0,8.0,1342243080.0,1342243336.0,1342243592.0,1342243848.0,1342244104.0,1342244360.0,1342244616.0,1342244872.0,4.0,1342308624.0,1342308880.0,1342309136.0,1342309392.0,4.0,1342374160.0,1342374416.0,1342374672.0,1342374928.0,4.0,1342375184.0,1342375440.0,1342375696.0,1342375952.0,8.0,1342439688.0,1342439944.0,1342440200.0,1342440456.0,1342440712.0,1342440968.0,1342441224.0,1342441480.0,5.0,0.0,0.0,0.0,0.0,0.0,8.0,51.0,51.0,51.0,51.0,17.0,17.0,17.0,17.0,16.0,100.0,100.0,100.0,100.0,100.0,100.0,100.0,100.0,100.0,100.0,100.0,100.0,100.0,100.0,100.0,100.0,2.0,0.0,0.0,2.0,0.0,0.0,4.0,80.0,244.0,0.0,0.0,8.0,0.0,252.0,1.0,0.0,221.0,221.0,245.0,0.0,5.0,143.0,1775.0,2.0,7.0,1.0,8.0,3480.0,0.0,0.0,0.0,0.0,0.0,0.0,0.0,8.0,15.0,0.0,0.0,0.0,224.0,0.0,0.0,0.0,1.0,0.0,3.0,0.0,0.0,255.0,12.0,0.0,0.0,0.0,0.0,0.0,0.0,0.0,0.0,0.0,0.0,0.0,0.0,8.0,1000.0,0.0,0.0,0.0,0.0,0.0,0.0,0.0,12.0,50.0,50.0,50.0,50.0,50.0,50.0,50.0,50.0,50.0,50.0,50.0,50.0,0.0,0.0,0.0,983441.0,0.0,340441200.0,34044201.0,1.15,129.0,0.0,2000.0,1000.0,0.0,1000.0,0.0,0.0,0.0,0.0,0.0,0.0,0.0,0.0,0.0,0.0,0.0,0.0,0.0,0.0,0.0,0.0,0.0,0.0,0.0,0.0,0.0,0.0,0.0,0.0,1.0,0.0,0.0,0.0,0.0,0.0,0.0,0.0,0.0,0.0,0.0,0.0,0.0,0.0,0.0,0.0,0.0,0.0,0.0,0.0,0.0,0.0,0.0,0.0,1.0,0.0,1.0,0.0,0.0,0.0,0.0,0.0,0.0,0.0,0.0,0.0,0.0,0.0,0.0,0.0,0.0,0.0,0.0,0.0,0.0,0.0,0.0,0.0,0.0,0.0,3.309,0.0,0.0,0.0,0.0,0.0,0.0,0.0,0.0,0.0,0.0,0.0,
25,0.0,0.0,0.0,0.0,0.0,0.0,3.0,1.0,1.0,1.0,3.0,1.0,1.0,1.0,0.0,0.0,0.0,4.0,1275.0,3408961.0,65554.0,0.0,2.0,1537.0,1409.0,5.0,513.0,255.0,0.0,0.0,0.0,5.0,769.0,255.0,0.0,0.0,0.0,5.0,1025.0,255.0,0.0,0.0,0.0,3.0,1644167432.0,1644167688.0,1644167944.0,4.0,1678835984.0,1678836240.0,1678836496.0,1678836752.0,4.0,1678837008.0,1678837264.0,1678837520.0,1678837776.0,5.0,385.0,255.0,0.0,0.0,0.0,5.0,641.0,255.0,0.0,0.0,0.0,5.0,897.0,255.0,0.0,0.0,0.0,5.0,1153.0,255.0,0.0,0.0,0.0,5.0,417.0,254.0,0.0,0.0,0.0,5.0,449.0,254.0,0.0,0.0,0.0,5.0,481.0,254.0,0.0,0.0,0.0,5.0,673.0,254.0,0.0,0.0,0.0,5.0,705.0,254.0,0.0,0.0,0.0,5.0,737.0,254.0,0.0,0.0,0.0,1.0,1610613000.0,4.0,1677787408.0,1677787664.0,1677787920.0,1677788176.0,4.0,1677788432.0,1677788688.0,1677788944.0,1677789200.0,4.0,1677789456.0,1677789712.0,1677789968.0,1677790224.0,4.0,1342177544.0,1342177800.0,1342178056.0,1342178312.0,8.0,1342243080.0,1342243336.0,1342243592.0,1342243848.0,1342244104.0,1342244360.0,1342244616.0,1342244872.0,4.0,1342308624.0,1342308880.0,1342309136.0,1342309392.0,4.0,1342374160.0,1342374416.0,1342374672.0,1342374928.0,4.0,1342375184.0,1342375440.0,1342375696.0,1342375952.0,8.0,1342439688.0,1342439944.0,1342440200.0,1342440456.0,1342440712.0,1342440968.0,1342441224.0,1342441480.0,5.0,0.0,0.0,0.0,0.0,0.0,8.0,51.0,51.0,51.0,51.0,17.0,17.0,17.0,17.0,16.0,100.0,100.0,100.0,100.0,100.0,100.0,100.0,100.0,100.0,100.0,100.0,100.0,100.0,100.0,100.0,100.0,2.0,0.0,0.0,2.0,0.0,0.0,4.0,80.0,244.0,0.0,0.0,8.0,0.0,252.0,1.0,0.0,221.0,221.0,245.0,0.0,5.0,143.0,1775.0,2.0,7.0,1.0,8.0,3480.0,0.0,0.0,0.0,0.0,0.0,0.0,0.0,8.0,15.0,0.0,0.0,0.0,224.0,0.0,0.0,0.0,1.0,0.0,3.0,0.0,0.0,255.0,12.0,0.0,0.0,0.0,0.0,0.0,0.0,0.0,0.0,0.0,0.0,0.0,0.0,8.0,0.0,250.0,0.0,0.0,0.0,0.0,0.0,0.0,12.0,50.0,50.0,50.0,50.0,50.0,50.0,50.0,50.0,50.0,50.0,50.0,50.0,0.0,0.0,0.0,983441.0,0.0,340441200.0,34044201.0,1.15,129.0,0.0,2000.0,1000.0,0.0,1000.0,0.0,0.0,0.0,0.0,0.0,0.0,0.0,0.0,0.0,0.0,0.0,0.0,0.0,0.0,0.0,0.0,0.0,0.0,0.0,0.0,0.0,0.0,0.0,0.0,0.0,1.0,0.0,0.0,0.0,0.0,0.0,0.0,0.0,0.0,0.0,0.0,0.0,0.0,0.0,0.0,0.0,0.0,0.0,0.0,0.0,0.0,0.0,0.0,1.0,0.0,1.0,0.0,0.0,0.0,0.0,0.0,0.0,0.0,0.0,0.0,0.0,0.0,0.0,0.0,0.0,0.0,0.0,0.0,0.0,0.0,0.0,0.0,0.0,0.0,0.864,0.0,0.0,0.0,0.0,0.0,0.0,0.0,0.0,0.0,0.0,0.0,
26,0.0,0.0,0.0,0.0,0.0,0.0,3.0,1.0,1.0,1.0,3.0,1.0,1.0,1.0,0.0,0.0,0.0,4.0,1275.0,3408961.0,65554.0,0.0,2.0,1537.0,1409.0,5.0,513.0,255.0,0.0,0.0,0.0,5.0,769.0,255.0,0.0,0.0,0.0,5.0,1025.0,255.0,0.0,0.0,0.0,3.0,1644167432.0,1644167688.0,1644167944.0,4.0,1678835984.0,1678836240.0,1678836496.0,1678836752.0,4.0,1678837008.0,1678837264.0,1678837520.0,1678837776.0,5.0,385.0,255.0,0.0,0.0,0.0,5.0,641.0,255.0,0.0,0.0,0.0,5.0,897.0,255.0,0.0,0.0,0.0,5.0,1153.0,255.0,0.0,0.0,0.0,5.0,417.0,254.0,0.0,0.0,0.0,5.0,449.0,254.0,0.0,0.0,0.0,5.0,481.0,254.0,0.0,0.0,0.0,5.0,673.0,254.0,0.0,0.0,0.0,5.0,705.0,254.0,0.0,0.0,0.0,5.0,737.0,254.0,0.0,0.0,0.0,1.0,1610613000.0,4.0,1677787408.0,1677787664.0,1677787920.0,1677788176.0,4.0,1677788432.0,1677788688.0,1677788944.0,1677789200.0,4.0,1677789456.0,1677789712.0,1677789968.0,1677790224.0,4.0,1342177544.0,1342177800.0,1342178056.0,1342178312.0,8.0,1342243080.0,1342243336.0,1342243592.0,1342243848.0,1342244104.0,1342244360.0,1342244616.0,1342244872.0,4.0,1342308624.0,1342308880.0,1342309136.0,1342309392.0,4.0,1342374160.0,1342374416.0,1342374672.0,1342374928.0,4.0,1342375184.0,1342375440.0,1342375696.0,1342375952.0,8.0,1342439688.0,1342439944.0,1342440200.0,1342440456.0,1342440712.0,1342440968.0,1342441224.0,1342441480.0,5.0,0.0,0.0,0.0,0.0,0.0,8.0,51.0,51.0,51.0,51.0,17.0,17.0,17.0,17.0,16.0,100.0,100.0,100.0,100.0,100.0,100.0,100.0,100.0,100.0,100.0,100.0,100.0,100.0,100.0,100.0,100.0,2.0,0.0,0.0,2.0,0.0,0.0,4.0,80.0,244.0,0.0,0.0,8.0,0.0,252.0,4.0,0.0,221.0,221.0,245.0,0.0,5.0,144.0,1775.0,2.0,7.0,1.0,8.0,0.0,931.0,0.0,0.0,0.0,0.0,0.0,0.0,8.0,15.0,0.0,0.0,0.0,224.0,0.0,0.0,0.0,1.0,0.0,3.0,0.0,0.0,255.0,12.0,0.0,0.0,0.0,0.0,0.0,0.0,0.0,0.0,0.0,0.0,0.0,0.0,8.0,0.0,250.0,0.0,0.0,0.0,0.0,0.0,0.0,12.0,50.0,50.0,50.0,50.0,50.0,50.0,50.0,50.0,50.0,50.0,50.0,50.0,0.0,0.0,0.0,983441.0,0.0,340441200.0,34044201.0,1.15,129.0,0.0,2000.0,1000.0,0.0,1000.0,0.0,0.0,0.0,0.0,0.0,0.0,0.0,0.0,0.0,0.0,0.0,0.0,0.0,0.0,0.0,0.0,0.0,0.0,0.0,0.0,0.0,0.0,0.0,0.0,0.0,1.0,0.0,0.0,0.0,0.0,0.0,0.0,0.0,0.0,0.0,0.0,0.0,0.0,0.0,0.0,0.0,0.0,0.0,0.0,0.0,0.0,0.0,0.0,1.0,0.0,1.0,0.0,0.0,0.0,0.0,0.0,0.0,0.0,0.0,0.0,0.0,0.0,0.0,0.0,0.0,0.0,0.0,0.0,0.0,0.0,0.0,0.0,0.0,0.0,0.864,0.0,0.0,0.0,0.0,0.0,0.0,0.0,0.0,0.0,0.0,0.0,
28,0.0,0.0,0.0,0.0,0.0,0.0,3.0,1.0,1.0,1.0,3.0,1.0,1.0,1.0,0.0,0.0,0.0,4.0,1275.0,3408961.0,65554.0,0.0,2.0,1537.0,1409.0,5.0,513.0,255.0,0.0,0.0,0.0,5.0,769.0,255.0,0.0,0.0,0.0,5.0,1025.0,255.0,0.0,0.0,0.0,3.0,1644167432.0,1644167688.0,1644167944.0,4.0,1678835984.0,1678836240.0,1678836496.0,1678836752.0,4.0,1678837008.0,1678837264.0,1678837520.0,1678837776.0,5.0,385.0,255.0,0.0,0.0,0.0,5.0,641.0,255.0,0.0,0.0,0.0,5.0,897.0,255.0,0.0,0.0,0.0,5.0,1153.0,255.0,0.0,0.0,0.0,5.0,417.0,254.0,0.0,0.0,0.0,5.0,449.0,254.0,0.0,0.0,0.0,5.0,481.0,254.0,0.0,0.0,0.0,5.0,673.0,254.0,0.0,0.0,0.0,5.0,705.0,254.0,0.0,0.0,0.0,5.0,737.0,254.0,0.0,0.0,0.0,1.0,1610613000.0,4.0,1677787408.0,1677787664.0,1677787920.0,1677788176.0,4.0,1677788432.0,1677788688.0,1677788944.0,1677789200.0,4.0,1677789456.0,1677789712.0,1677789968.0,1677790224.0,4.0,1342177544.0,1342177800.0,1342178056.0,1342178312.0,8.0,1342243080.0,1342243336.0,1342243592.0,1342243848.0,1342244104.0,1342244360.0,1342244616.0,1342244872.0,4.0,1342308624.0,1342308880.0,1342309136.0,1342309392.0,4.0,1342374160.0,1342374416.0,1342374672.0,1342374928.0,4.0,1342375184.0,1342375440.0,1342375696.0,1342375952.0,8.0,1342439688.0,1342439944.0,1342440200.0,1342440456.0,1342440712.0,1342440968.0,1342441224.0,1342441480.0,5.0,0.0,0.0,0.0,0.0,0.0,8.0,51.0,51.0,51.0,51.0,17.0,17.0,17.0,17.0,16.0,100.0,100.0,100.0,100.0,100.0,100.0,100.0,100.0,100.0,100.0,100.0,100.0,100.0,100.0,100.0,100.0,2.0,0.0,0.0,2.0,0.0,0.0,4.0,80.0,244.0,0.0,0.0,8.0,0.0,252.0,4.0,0.0,221.0,221.0,245.0,0.0,5.0,144.0,1775.0,2.0,7.0,1.0,8.0,0.0,931.0,0.0,0.0,0.0,0.0,0.0,0.0,8.0,15.0,0.0,0.0,0.0,224.0,0.0,0.0,0.0,1.0,0.0,3.0,0.0,0.0,255.0,12.0,0.0,0.0,0.0,0.0,0.0,0.0,0.0,0.0,0.0,0.0,0.0,0.0,8.0,0.0,500.0,0.0,0.0,0.0,0.0,0.0,0.0,12.0,50.0,50.0,50.0,50.0,50.0,50.0,50.0,50.0,50.0,50.0,50.0,50.0,0.0,0.0,0.0,983441.0,0.0,340441200.0,34044201.0,1.15,129.0,0.0,2000.0,1000.0,0.0,1000.0,0.0,0.0,0.0,0.0,0.0,0.0,0.0,0.0,0.0,0.0,0.0,0.0,0.0,0.0,0.0,0.0,0.0,0.0,0.0,0.0,0.0,0.0,0.0,0.0,0.0,1.0,0.0,0.0,0.0,0.0,0.0,0.0,0.0,0.0,0.0,0.0,0.0,0.0,0.0,0.0,0.0,0.0,0.0,0.0,0.0,0.0,0.0,0.0,1.0,0.0,1.0,0.0,0.0,0.0,0.0,0.0,0.0,0.0,0.0,0.0,0.0,0.0,0.0,0.0,0.0,0.0,0.0,0.0,0.0,0.0,0.0,0.0,0.0,0.0,1.671,0.0,0.0,0.0,0.0,0.0,0.0,0.0,0.0,0.0,0.0,0.0,
29,0.0,0.0,0.0,0.0,0.0,0.0,3.0,1.0,1.0,1.0,3.0,1.0,1.0,1.0,0.0,0.0,0.0,4.0,1275.0,3408961.0,65554.0,0.0,2.0,1537.0,1409.0,5.0,513.0,255.0,0.0,0.0,0.0,5.0,769.0,255.0,0.0,0.0,0.0,5.0,1025.0,255.0,0.0,0.0,0.0,3.0,1644167432.0,1644167688.0,1644167944.0,4.0,1678835984.0,1678836240.0,1678836496.0,1678836752.0,4.0,1678837008.0,1678837264.0,1678837520.0,1678837776.0,5.0,385.0,255.0,0.0,0.0,0.0,5.0,641.0,255.0,0.0,0.0,0.0,5.0,897.0,255.0,0.0,0.0,0.0,5.0,1153.0,255.0,0.0,0.0,0.0,5.0,417.0,254.0,0.0,0.0,0.0,5.0,449.0,254.0,0.0,0.0,0.0,5.0,481.0,254.0,0.0,0.0,0.0,5.0,673.0,254.0,0.0,0.0,0.0,5.0,705.0,254.0,0.0,0.0,0.0,5.0,737.0,254.0,0.0,0.0,0.0,1.0,1610613000.0,4.0,1677787408.0,1677787664.0,1677787920.0,1677788176.0,4.0,1677788432.0,1677788688.0,1677788944.0,1677789200.0,4.0,1677789456.0,1677789712.0,1677789968.0,1677790224.0,4.0,1342177544.0,1342177800.0,1342178056.0,1342178312.0,8.0,1342243080.0,1342243336.0,1342243592.0,1342243848.0,1342244104.0,1342244360.0,1342244616.0,1342244872.0,4.0,1342308624.0,1342308880.0,1342309136.0,1342309392.0,4.0,1342374160.0,1342374416.0,1342374672.0,1342374928.0,4.0,1342375184.0,1342375440.0,1342375696.0,1342375952.0,8.0,1342439688.0,1342439944.0,1342440200.0,1342440456.0,1342440712.0,1342440968.0,1342441224.0,1342441480.0,5.0,0.0,0.0,0.0,0.0,0.0,8.0,51.0,51.0,51.0,51.0,17.0,17.0,17.0,17.0,16.0,100.0,100.0,100.0,100.0,100.0,100.0,100.0,100.0,100.0,100.0,100.0,100.0,100.0,100.0,100.0,100.0,2.0,0.0,0.0,2.0,0.0,0.0,4.0,80.0,244.0,0.0,0.0,8.0,0.0,252.0,4.0,0.0,221.0,221.0,245.0,0.0,5.0,144.0,1770.0,2.0,7.0,1.0,8.0,0.0,1847.0,0.0,0.0,0.0,0.0,0.0,0.0,8.0,15.0,0.0,0.0,0.0,224.0,0.0,0.0,0.0,1.0,0.0,3.0,0.0,0.0,255.0,12.0,0.0,0.0,0.0,0.0,0.0,0.0,0.0,0.0,0.0,0.0,0.0,0.0,8.0,0.0,500.0,0.0,0.0,0.0,0.0,0.0,0.0,12.0,50.0,50.0,50.0,50.0,50.0,50.0,50.0,50.0,50.0,50.0,50.0,50.0,0.0,0.0,0.0,983441.0,0.0,340441200.0,34044201.0,1.15,129.0,0.0,2000.0,1000.0,0.0,1000.0,0.0,0.0,0.0,0.0,0.0,0.0,0.0,0.0,0.0,0.0,0.0,0.0,0.0,0.0,0.0,0.0,0.0,0.0,0.0,0.0,0.0,0.0,0.0,0.0,0.0,1.0,0.0,0.0,0.0,0.0,0.0,0.0,0.0,0.0,0.0,0.0,0.0,0.0,0.0,0.0,0.0,0.0,0.0,0.0,0.0,0.0,0.0,0.0,1.0,0.0,1.0,0.0,0.0,0.0,0.0,0.0,0.0,0.0,0.0,0.0,0.0,0.0,0.0,0.0,0.0,0.0,0.0,0.0,0.0,0.0,0.0,0.0,0.0,0.0,1.672,0.0,0.0,0.0,0.0,0.0,0.0,0.0,0.0,0.0,0.0,0.0,
31,0.0,0.0,0.0,0.0,0.0,0.0,3.0,1.0,1.0,1.0,3.0,1.0,1.0,1.0,0.0,0.0,0.0,4.0,1275.0,3408961.0,65554.0,0.0,2.0,1537.0,1409.0,5.0,513.0,255.0,0.0,0.0,0.0,5.0,769.0,255.0,0.0,0.0,0.0,5.0,1025.0,255.0,0.0,0.0,0.0,3.0,1644167432.0,1644167688.0,1644167944.0,4.0,1678835984.0,1678836240.0,1678836496.0,1678836752.0,4.0,1678837008.0,1678837264.0,1678837520.0,1678837776.0,5.0,385.0,255.0,0.0,0.0,0.0,5.0,641.0,255.0,0.0,0.0,0.0,5.0,897.0,255.0,0.0,0.0,0.0,5.0,1153.0,255.0,0.0,0.0,0.0,5.0,417.0,254.0,0.0,0.0,0.0,5.0,449.0,254.0,0.0,0.0,0.0,5.0,481.0,254.0,0.0,0.0,0.0,5.0,673.0,254.0,0.0,0.0,0.0,5.0,705.0,254.0,0.0,0.0,0.0,5.0,737.0,254.0,0.0,0.0,0.0,1.0,1610613000.0,4.0,1677787408.0,1677787664.0,1677787920.0,1677788176.0,4.0,1677788432.0,1677788688.0,1677788944.0,1677789200.0,4.0,1677789456.0,1677789712.0,1677789968.0,1677790224.0,4.0,1342177544.0,1342177800.0,1342178056.0,1342178312.0,8.0,1342243080.0,1342243336.0,1342243592.0,1342243848.0,1342244104.0,1342244360.0,1342244616.0,1342244872.0,4.0,1342308624.0,1342308880.0,1342309136.0,1342309392.0,4.0,1342374160.0,1342374416.0,1342374672.0,1342374928.0,4.0,1342375184.0,1342375440.0,1342375696.0,1342375952.0,8.0,1342439688.0,1342439944.0,1342440200.0,1342440456.0,1342440712.0,1342440968.0,1342441224.0,1342441480.0,5.0,0.0,0.0,0.0,0.0,0.0,8.0,51.0,51.0,51.0,51.0,17.0,17.0,17.0,17.0,16.0,100.0,100.0,100.0,100.0,100.0,100.0,100.0,100.0,100.0,100.0,100.0,100.0,100.0,100.0,100.0,100.0,2.0,0.0,0.0,2.0,0.0,0.0,4.0,80.0,244.0,0.0,0.0,8.0,0.0,252.0,4.0,0.0,221.0,221.0,245.0,0.0,5.0,144.0,1770.0,2.0,7.0,1.0,8.0,0.0,1847.0,0.0,0.0,0.0,0.0,0.0,0.0,8.0,15.0,0.0,0.0,0.0,224.0,0.0,0.0,0.0,1.0,0.0,3.0,0.0,0.0,255.0,12.0,0.0,0.0,0.0,0.0,0.0,0.0,0.0,0.0,0.0,0.0,0.0,0.0,8.0,0.0,1000.0,0.0,0.0,0.0,0.0,0.0,0.0,12.0,50.0,50.0,50.0,50.0,50.0,50.0,50.0,50.0,50.0,50.0,50.0,50.0,0.0,0.0,0.0,983441.0,0.0,340441200.0,34044201.0,1.15,129.0,0.0,2000.0,1000.0,0.0,1000.0,0.0,0.0,0.0,0.0,0.0,0.0,0.0,0.0,0.0,0.0,0.0,0.0,0.0,0.0,0.0,0.0,0.0,0.0,0.0,0.0,0.0,0.0,0.0,0.0,0.0,1.0,0.0,0.0,0.0,0.0,0.0,0.0,0.0,0.0,0.0,0.0,0.0,0.0,0.0,0.0,0.0,0.0,0.0,0.0,0.0,0.0,0.0,0.0,1.0,0.0,1.0,0.0,0.0,0.0,0.0,0.0,0.0,0.0,0.0,0.0,0.0,0.0,0.0,0.0,0.0,0.0,0.0,0.0,0.0,0.0,0.0,0.0,0.0,0.0,3.283,0.0,0.0,0.0,0.0,0.0,0.0,0.0,0.0,0.0,0.0,0.0,
32,0.0,0.0,0.0,0.0,0.0,0.0,3.0,1.0,1.0,1.0,3.0,1.0,1.0,1.0,0.0,0.0,0.0,4.0,1275.0,3408961.0,65554.0,0.0,2.0,1537.0,1409.0,5.0,513.0,255.0,0.0,0.0,0.0,5.0,769.0,255.0,0.0,0.0,0.0,5.0,1025.0,255.0,0.0,0.0,0.0,3.0,1644167432.0,1644167688.0,1644167944.0,4.0,1678835984.0,1678836240.0,1678836496.0,1678836752.0,4.0,1678837008.0,1678837264.0,1678837520.0,1678837776.0,5.0,385.0,255.0,0.0,0.0,0.0,5.0,641.0,255.0,0.0,0.0,0.0,5.0,897.0,255.0,0.0,0.0,0.0,5.0,1153.0,255.0,0.0,0.0,0.0,5.0,417.0,254.0,0.0,0.0,0.0,5.0,449.0,254.0,0.0,0.0,0.0,5.0,481.0,254.0,0.0,0.0,0.0,5.0,673.0,254.0,0.0,0.0,0.0,5.0,705.0,254.0,0.0,0.0,0.0,5.0,737.0,254.0,0.0,0.0,0.0,1.0,1610613000.0,4.0,1677787408.0,1677787664.0,1677787920.0,1677788176.0,4.0,1677788432.0,1677788688.0,1677788944.0,1677789200.0,4.0,1677789456.0,1677789712.0,1677789968.0,1677790224.0,4.0,1342177544.0,1342177800.0,1342178056.0,1342178312.0,8.0,1342243080.0,1342243336.0,1342243592.0,1342243848.0,1342244104.0,1342244360.0,1342244616.0,1342244872.0,4.0,1342308624.0,1342308880.0,1342309136.0,1342309392.0,4.0,1342374160.0,1342374416.0,1342374672.0,1342374928.0,4.0,1342375184.0,1342375440.0,1342375696.0,1342375952.0,8.0,1342439688.0,1342439944.0,1342440200.0,1342440456.0,1342440712.0,1342440968.0,1342441224.0,1342441480.0,5.0,0.0,0.0,0.0,0.0,0.0,8.0,51.0,51.0,51.0,51.0,17.0,17.0,17.0,17.0,16.0,100.0,100.0,100.0,100.0,100.0,100.0,100.0,100.0,100.0,100.0,100.0,100.0,100.0,100.0,100.0,100.0,2.0,0.0,0.0,2.0,0.0,0.0,4.0,80.0,244.0,0.0,0.0,8.0,0.0,252.0,4.0,0.0,221.0,221.0,245.0,0.0,5.0,143.0,1775.0,2.0,7.0,1.0,8.0,0.0,3416.0,0.0,0.0,0.0,0.0,0.0,0.0,8.0,15.0,0.0,0.0,0.0,224.0,0.0,0.0,0.0,1.0,0.0,3.0,0.0,0.0,255.0,12.0,0.0,0.0,0.0,0.0,0.0,0.0,0.0,0.0,0.0,0.0,0.0,0.0,8.0,0.0,1000.0,0.0,0.0,0.0,0.0,0.0,0.0,12.0,50.0,50.0,50.0,50.0,50.0,50.0,50.0,50.0,50.0,50.0,50.0,50.0,0.0,0.0,0.0,983441.0,0.0,340441200.0,34044201.0,1.15,129.0,0.0,2000.0,1000.0,0.0,1000.0,0.0,0.0,0.0,0.0,0.0,0.0,0.0,0.0,0.0,0.0,0.0,0.0,0.0,0.0,0.0,0.0,0.0,0.0,0.0,0.0,0.0,0.0,0.0,0.0,0.0,1.0,0.0,0.0,0.0,0.0,0.0,0.0,0.0,0.0,0.0,0.0,0.0,0.0,0.0,0.0,0.0,0.0,0.0,0.0,0.0,0.0,0.0,0.0,1.0,0.0,1.0,0.0,0.0,0.0,0.0,0.0,0.0,0.0,0.0,0.0,0.0,0.0,0.0,0.0,0.0,0.0,0.0,0.0,0.0,0.0,0.0,0.0,0.0,0.0,3.288,0.0,0.0,0.0,0.0,0.0,0.0,0.0,0.0,0.0,0.0,0.0,
37,0.0,0.0,0.0,0.0,0.0,0.0,3.0,1.0,1.0,1.0,3.0,1.0,1.0,1.0,0.0,0.0,0.0,4.0,1275.0,3408961.0,65554.0,0.0,2.0,1537.0,1409.0,5.0,513.0,255.0,0.0,0.0,0.0,5.0,769.0,255.0,0.0,0.0,0.0,5.0,1025.0,255.0,0.0,0.0,0.0,3.0,1644167432.0,1644167688.0,1644167944.0,4.0,1678835984.0,1678836240.0,1678836496.0,1678836752.0,4.0,1678837008.0,1678837264.0,1678837520.0,1678837776.0,5.0,385.0,255.0,0.0,0.0,0.0,5.0,641.0,255.0,0.0,0.0,0.0,5.0,897.0,255.0,0.0,0.0,0.0,5.0,1153.0,255.0,0.0,0.0,0.0,5.0,417.0,254.0,0.0,0.0,0.0,5.0,449.0,254.0,0.0,0.0,0.0,5.0,481.0,254.0,0.0,0.0,0.0,5.0,673.0,254.0,0.0,0.0,0.0,5.0,705.0,254.0,0.0,0.0,0.0,5.0,737.0,254.0,0.0,0.0,0.0,1.0,1610613000.0,4.0,1677787408.0,1677787664.0,1677787920.0,1677788176.0,4.0,1677788432.0,1677788688.0,1677788944.0,1677789200.0,4.0,1677789456.0,1677789712.0,1677789968.0,1677790224.0,4.0,1342177544.0,1342177800.0,1342178056.0,1342178312.0,8.0,1342243080.0,1342243336.0,1342243592.0,1342243848.0,1342244104.0,1342244360.0,1342244616.0,1342244872.0,4.0,1342308624.0,1342308880.0,1342309136.0,1342309392.0,4.0,1342374160.0,1342374416.0,1342374672.0,1342374928.0,4.0,1342375184.0,1342375440.0,1342375696.0,1342375952.0,8.0,1342439688.0,1342439944.0,1342440200.0,1342440456.0,1342440712.0,1342440968.0,1342441224.0,1342441480.0,5.0,0.0,0.0,0.0,0.0,0.0,8.0,51.0,51.0,51.0,51.0,17.0,17.0,17.0,17.0,16.0,100.0,100.0,100.0,100.0,100.0,100.0,100.0,100.0,100.0,100.0,100.0,100.0,100.0,100.0,100.0,100.0,2.0,0.0,0.0,2.0,0.0,0.0,4.0,80.0,244.0,0.0,0.0,8.0,0.0,252.0,4.0,0.0,221.0,221.0,245.0,0.0,5.0,143.0,1775.0,2.0,7.0,1.0,8.0,0.0,3416.0,0.0,0.0,0.0,0.0,0.0,0.0,8.0,15.0,0.0,0.0,0.0,224.0,0.0,0.0,0.0,1.0,0.0,3.0,0.0,0.0,255.0,12.0,0.0,0.0,0.0,0.0,0.0,0.0,0.0,0.0,0.0,0.0,0.0,0.0,8.0,0.0,0.0,250.0,0.0,0.0,0.0,0.0,0.0,12.0,50.0,50.0,50.0,50.0,50.0,50.0,50.0,50.0,50.0,50.0,50.0,50.0,0.0,0.0,0.0,983441.0,0.0,340441200.0,34044201.0,1.15,129.0,0.0,2000.0,1000.0,0.0,1000.0,0.0,0.0,0.0,0.0,0.0,0.0,0.0,0.0,0.0,0.0,0.0,0.0,0.0,0.0,0.0,0.0,0.0,0.0,0.0,0.0,0.0,0.0,0.0,0.0,0.0,0.0,1.0,0.0,0.0,0.0,0.0,0.0,0.0,0.0,0.0,0.0,0.0,0.0,0.0,0.0,0.0,0.0,0.0,0.0,0.0,0.0,0.0,0.0,1.0,0.0,1.0,0.0,0.0,0.0,0.0,0.0,0.0,0.0,0.0,0.0,0.0,0.0,0.0,0.0,0.0,0.0,0.0,0.0,0.0,0.0,0.0,0.0,0.0,0.0,0.871,0.0,0.0,0.0,0.0,0.0,0.0,0.0,0.0,0.0,0.0,0.0,
38,0.0,0.0,0.0,0.0,0.0,0.0,3.0,1.0,1.0,1.0,3.0,1.0,1.0,1.0,0.0,0.0,0.0,4.0,1275.0,3408961.0,65554.0,0.0,2.0,1537.0,1409.0,5.0,513.0,255.0,0.0,0.0,0.0,5.0,769.0,255.0,0.0,0.0,0.0,5.0,1025.0,255.0,0.0,0.0,0.0,3.0,1644167432.0,1644167688.0,1644167944.0,4.0,1678835984.0,1678836240.0,1678836496.0,1678836752.0,4.0,1678837008.0,1678837264.0,1678837520.0,1678837776.0,5.0,385.0,255.0,0.0,0.0,0.0,5.0,641.0,255.0,0.0,0.0,0.0,5.0,897.0,255.0,0.0,0.0,0.0,5.0,1153.0,255.0,0.0,0.0,0.0,5.0,417.0,254.0,0.0,0.0,0.0,5.0,449.0,254.0,0.0,0.0,0.0,5.0,481.0,254.0,0.0,0.0,0.0,5.0,673.0,254.0,0.0,0.0,0.0,5.0,705.0,254.0,0.0,0.0,0.0,5.0,737.0,254.0,0.0,0.0,0.0,1.0,1610613000.0,4.0,1677787408.0,1677787664.0,1677787920.0,1677788176.0,4.0,1677788432.0,1677788688.0,1677788944.0,1677789200.0,4.0,1677789456.0,1677789712.0,1677789968.0,1677790224.0,4.0,1342177544.0,1342177800.0,1342178056.0,1342178312.0,8.0,1342243080.0,1342243336.0,1342243592.0,1342243848.0,1342244104.0,1342244360.0,1342244616.0,1342244872.0,4.0,1342308624.0,1342308880.0,1342309136.0,1342309392.0,4.0,1342374160.0,1342374416.0,1342374672.0,1342374928.0,4.0,1342375184.0,1342375440.0,1342375696.0,1342375952.0,8.0,1342439688.0,1342439944.0,1342440200.0,1342440456.0,1342440712.0,1342440968.0,1342441224.0,1342441480.0,5.0,0.0,0.0,0.0,0.0,0.0,8.0,51.0,51.0,51.0,51.0,17.0,17.0,17.0,17.0,16.0,100.0,100.0,100.0,100.0,100.0,100.0,100.0,100.0,100.0,100.0,100.0,100.0,100.0,100.0,100.0,100.0,2.0,0.0,0.0,2.0,0.0,0.0,4.0,80.0,244.0,0.0,0.0,8.0,0.0,252.0,16.0,0.0,221.0,221.0,245.0,0.0,5.0,145.0,1775.0,2.0,7.0,1.0,8.0,0.0,0.0,931.0,0.0,0.0,0.0,0.0,0.0,8.0,15.0,0.0,0.0,0.0,224.0,0.0,0.0,0.0,1.0,0.0,3.0,0.0,0.0,255.0,12.0,0.0,0.0,0.0,0.0,0.0,0.0,0.0,0.0,0.0,0.0,0.0,0.0,8.0,0.0,0.0,250.0,0.0,0.0,0.0,0.0,0.0,12.0,50.0,50.0,50.0,50.0,50.0,50.0,50.0,50.0,50.0,50.0,50.0,50.0,0.0,0.0,0.0,983441.0,0.0,340441200.0,34044201.0,1.15,129.0,0.0,2000.0,1000.0,0.0,1000.0,0.0,0.0,0.0,0.0,0.0,0.0,0.0,0.0,0.0,0.0,0.0,0.0,0.0,0.0,0.0,0.0,0.0,0.0,0.0,0.0,0.0,0.0,0.0,0.0,0.0,0.0,1.0,0.0,0.0,0.0,0.0,0.0,0.0,0.0,0.0,0.0,0.0,0.0,0.0,0.0,0.0,0.0,0.0,0.0,0.0,0.0,0.0,0.0,1.0,0.0,1.0,0.0,0.0,0.0,0.0,0.0,0.0,0.0,0.0,0.0,0.0,0.0,0.0,0.0,0.0,0.0,0.0,0.0,0.0,0.0,0.0,0.0,0.0,0.0,0.871,0.0,0.0,0.0,0.0,0.0,0.0,0.0,0.0,0.0,0.0,0.0,
40,0.0,0.0,0.0,0.0,0.0,0.0,3.0,1.0,1.0,1.0,3.0,1.0,1.0,1.0,0.0,0.0,0.0,4.0,1275.0,3408961.0,65554.0,0.0,2.0,1537.0,1409.0,5.0,513.0,255.0,0.0,0.0,0.0,5.0,769.0,255.0,0.0,0.0,0.0,5.0,1025.0,255.0,0.0,0.0,0.0,3.0,1644167432.0,1644167688.0,1644167944.0,4.0,1678835984.0,1678836240.0,1678836496.0,1678836752.0,4.0,1678837008.0,1678837264.0,1678837520.0,1678837776.0,5.0,385.0,255.0,0.0,0.0,0.0,5.0,641.0,255.0,0.0,0.0,0.0,5.0,897.0,255.0,0.0,0.0,0.0,5.0,1153.0,255.0,0.0,0.0,0.0,5.0,417.0,254.0,0.0,0.0,0.0,5.0,449.0,254.0,0.0,0.0,0.0,5.0,481.0,254.0,0.0,0.0,0.0,5.0,673.0,254.0,0.0,0.0,0.0,5.0,705.0,254.0,0.0,0.0,0.0,5.0,737.0,254.0,0.0,0.0,0.0,1.0,1610613000.0,4.0,1677787408.0,1677787664.0,1677787920.0,1677788176.0,4.0,1677788432.0,1677788688.0,1677788944.0,1677789200.0,4.0,1677789456.0,1677789712.0,1677789968.0,1677790224.0,4.0,1342177544.0,1342177800.0,1342178056.0,1342178312.0,8.0,1342243080.0,1342243336.0,1342243592.0,1342243848.0,1342244104.0,1342244360.0,1342244616.0,1342244872.0,4.0,1342308624.0,1342308880.0,1342309136.0,1342309392.0,4.0,1342374160.0,1342374416.0,1342374672.0,1342374928.0,4.0,1342375184.0,1342375440.0,1342375696.0,1342375952.0,8.0,1342439688.0,1342439944.0,1342440200.0,1342440456.0,1342440712.0,1342440968.0,1342441224.0,1342441480.0,5.0,0.0,0.0,0.0,0.0,0.0,8.0,51.0,51.0,51.0,51.0,17.0,17.0,17.0,17.0,16.0,100.0,100.0,100.0,100.0,100.0,100.0,100.0,100.0,100.0,100.0,100.0,100.0,100.0,100.0,100.0,100.0,2.0,0.0,0.0,2.0,0.0,0.0,4.0,80.0,244.0,0.0,0.0,8.0,0.0,252.0,16.0,0.0,221.0,221.0,245.0,0.0,5.0,145.0,1775.0,2.0,7.0,1.0,8.0,0.0,0.0,931.0,0.0,0.0,0.0,0.0,0.0,8.0,15.0,0.0,0.0,0.0,224.0,0.0,0.0,0.0,1.0,0.0,3.0,0.0,0.0,255.0,12.0,0.0,0.0,0.0,0.0,0.0,0.0,0.0,0.0,0.0,0.0,0.0,0.0,8.0,0.0,0.0,500.0,0.0,0.0,0.0,0.0,0.0,12.0,50.0,50.0,50.0,50.0,50.0,50.0,50.0,50.0,50.0,50.0,50.0,50.0,0.0,0.0,0.0,983441.0,0.0,340441200.0,34044201.0,1.15,129.0,0.0,2000.0,1000.0,0.0,1000.0,0.0,0.0,0.0,0.0,0.0,0.0,0.0,0.0,0.0,0.0,0.0,0.0,0.0,0.0,0.0,0.0,0.0,0.0,0.0,0.0,0.0,0.0,0.0,0.0,0.0,0.0,1.0,0.0,0.0,0.0,0.0,0.0,0.0,0.0,0.0,0.0,0.0,0.0,0.0,0.0,0.0,0.0,0.0,0.0,0.0,0.0,0.0,0.0,1.0,0.0,1.0,0.0,0.0,0.0,0.0,0.0,0.0,0.0,0.0,0.0,0.0,0.0,0.0,0.0,0.0,0.0,0.0,0.0,0.0,0.0,0.0,0.0,0.0,0.0,1.683,0.0,0.0,0.0,0.0,0.0,0.0,0.0,0.0,0.0,0.0,0.0,
41,0.0,0.0,0.0,0.0,0.0,0.0,3.0,1.0,1.0,1.0,3.0,1.0,1.0,1.0,0.0,0.0,0.0,4.0,1275.0,3408961.0,65554.0,0.0,2.0,1537.0,1409.0,5.0,513.0,255.0,0.0,0.0,0.0,5.0,769.0,255.0,0.0,0.0,0.0,5.0,1025.0,255.0,0.0,0.0,0.0,3.0,1644167432.0,1644167688.0,1644167944.0,4.0,1678835984.0,1678836240.0,1678836496.0,1678836752.0,4.0,1678837008.0,1678837264.0,1678837520.0,1678837776.0,5.0,385.0,255.0,0.0,0.0,0.0,5.0,641.0,255.0,0.0,0.0,0.0,5.0,897.0,255.0,0.0,0.0,0.0,5.0,1153.0,255.0,0.0,0.0,0.0,5.0,417.0,254.0,0.0,0.0,0.0,5.0,449.0,254.0,0.0,0.0,0.0,5.0,481.0,254.0,0.0,0.0,0.0,5.0,673.0,254.0,0.0,0.0,0.0,5.0,705.0,254.0,0.0,0.0,0.0,5.0,737.0,254.0,0.0,0.0,0.0,1.0,1610613000.0,4.0,1677787408.0,1677787664.0,1677787920.0,1677788176.0,4.0,1677788432.0,1677788688.0,1677788944.0,1677789200.0,4.0,1677789456.0,1677789712.0,1677789968.0,1677790224.0,4.0,1342177544.0,1342177800.0,1342178056.0,1342178312.0,8.0,1342243080.0,1342243336.0,1342243592.0,1342243848.0,1342244104.0,1342244360.0,1342244616.0,1342244872.0,4.0,1342308624.0,1342308880.0,1342309136.0,1342309392.0,4.0,1342374160.0,1342374416.0,1342374672.0,1342374928.0,4.0,1342375184.0,1342375440.0,1342375696.0,1342375952.0,8.0,1342439688.0,1342439944.0,1342440200.0,1342440456.0,1342440712.0,1342440968.0,1342441224.0,1342441480.0,5.0,0.0,0.0,0.0,0.0,0.0,8.0,51.0,51.0,51.0,51.0,17.0,17.0,17.0,17.0,16.0,100.0,100.0,100.0,100.0,100.0,100.0,100.0,100.0,100.0,100.0,100.0,100.0,100.0,100.0,100.0,100.0,2.0,0.0,0.0,2.0,0.0,0.0,4.0,80.0,244.0,0.0,0.0,8.0,0.0,252.0,16.0,0.0,221.0,221.0,245.0,0.0,5.0,144.0,1775.0,2.0,7.0,1.0,8.0,0.0,0.0,1847.0,0.0,0.0,0.0,0.0,0.0,8.0,15.0,0.0,0.0,0.0,224.0,0.0,0.0,0.0,1.0,0.0,3.0,0.0,0.0,255.0,12.0,0.0,0.0,0.0,0.0,0.0,0.0,0.0,0.0,0.0,0.0,0.0,0.0,8.0,0.0,0.0,500.0,0.0,0.0,0.0,0.0,0.0,12.0,50.0,50.0,50.0,50.0,50.0,50.0,50.0,50.0,50.0,50.0,50.0,50.0,0.0,0.0,0.0,983441.0,0.0,340441200.0,34044201.0,1.15,129.0,0.0,2000.0,1000.0,0.0,1000.0,0.0,0.0,0.0,0.0,0.0,0.0,0.0,0.0,0.0,0.0,0.0,0.0,0.0,0.0,0.0,0.0,0.0,0.0,0.0,0.0,0.0,0.0,0.0,0.0,0.0,0.0,1.0,0.0,0.0,0.0,0.0,0.0,0.0,0.0,0.0,0.0,0.0,0.0,0.0,0.0,0.0,0.0,0.0,0.0,0.0,0.0,0.0,0.0,1.0,0.0,1.0,0.0,0.0,0.0,0.0,0.0,0.0,0.0,0.0,0.0,0.0,0.0,0.0,0.0,0.0,0.0,0.0,0.0,0.0,0.0,0.0,0.0,0.0,0.0,1.683,0.0,0.0,0.0,0.0,0.0,0.0,0.0,0.0,0.0,0.0,0.0,
43,0.0,0.0,0.0,0.0,0.0,0.0,3.0,1.0,1.0,1.0,3.0,1.0,1.0,1.0,0.0,0.0,0.0,4.0,1275.0,3408961.0,65554.0,0.0,2.0,1537.0,1409.0,5.0,513.0,255.0,0.0,0.0,0.0,5.0,769.0,255.0,0.0,0.0,0.0,5.0,1025.0,255.0,0.0,0.0,0.0,3.0,1644167432.0,1644167688.0,1644167944.0,4.0,1678835984.0,1678836240.0,1678836496.0,1678836752.0,4.0,1678837008.0,1678837264.0,1678837520.0,1678837776.0,5.0,385.0,255.0,0.0,0.0,0.0,5.0,641.0,255.0,0.0,0.0,0.0,5.0,897.0,255.0,0.0,0.0,0.0,5.0,1153.0,255.0,0.0,0.0,0.0,5.0,417.0,254.0,0.0,0.0,0.0,5.0,449.0,254.0,0.0,0.0,0.0,5.0,481.0,254.0,0.0,0.0,0.0,5.0,673.0,254.0,0.0,0.0,0.0,5.0,705.0,254.0,0.0,0.0,0.0,5.0,737.0,254.0,0.0,0.0,0.0,1.0,1610613000.0,4.0,1677787408.0,1677787664.0,1677787920.0,1677788176.0,4.0,1677788432.0,1677788688.0,1677788944.0,1677789200.0,4.0,1677789456.0,1677789712.0,1677789968.0,1677790224.0,4.0,1342177544.0,1342177800.0,1342178056.0,1342178312.0,8.0,1342243080.0,1342243336.0,1342243592.0,1342243848.0,1342244104.0,1342244360.0,1342244616.0,1342244872.0,4.0,1342308624.0,1342308880.0,1342309136.0,1342309392.0,4.0,1342374160.0,1342374416.0,1342374672.0,1342374928.0,4.0,1342375184.0,1342375440.0,1342375696.0,1342375952.0,8.0,1342439688.0,1342439944.0,1342440200.0,1342440456.0,1342440712.0,1342440968.0,1342441224.0,1342441480.0,5.0,0.0,0.0,0.0,0.0,0.0,8.0,51.0,51.0,51.0,51.0,17.0,17.0,17.0,17.0,16.0,100.0,100.0,100.0,100.0,100.0,100.0,100.0,100.0,100.0,100.0,100.0,100.0,100.0,100.0,100.0,100.0,2.0,0.0,0.0,2.0,0.0,0.0,4.0,80.0,244.0,0.0,0.0,8.0,0.0,252.0,16.0,0.0,221.0,221.0,245.0,0.0,5.0,144.0,1775.0,2.0,7.0,1.0,8.0,0.0,0.0,1847.0,0.0,0.0,0.0,0.0,0.0,8.0,15.0,0.0,0.0,0.0,224.0,0.0,0.0,0.0,1.0,0.0,3.0,0.0,0.0,255.0,12.0,0.0,0.0,0.0,0.0,0.0,0.0,0.0,0.0,0.0,0.0,0.0,0.0,8.0,0.0,0.0,1000.0,0.0,0.0,0.0,0.0,0.0,12.0,50.0,50.0,50.0,50.0,50.0,50.0,50.0,50.0,50.0,50.0,50.0,50.0,0.0,0.0,0.0,983441.0,0.0,340441200.0,34044201.0,1.15,129.0,0.0,2000.0,1000.0,0.0,1000.0,0.0,0.0,0.0,0.0,0.0,0.0,0.0,0.0,0.0,0.0,0.0,0.0,0.0,0.0,0.0,0.0,0.0,0.0,0.0,0.0,0.0,0.0,0.0,0.0,0.0,0.0,1.0,0.0,0.0,0.0,0.0,0.0,0.0,0.0,0.0,0.0,0.0,0.0,0.0,0.0,0.0,0.0,0.0,0.0,0.0,0.0,0.0,0.0,1.0,0.0,1.0,0.0,0.0,0.0,0.0,0.0,0.0,0.0,0.0,0.0,0.0,0.0,0.0,0.0,0.0,0.0,0.0,0.0,0.0,0.0,0.0,0.0,0.0,0.0,3.304,0.0,0.0,0.0,0.0,0.0,0.0,0.0,0.0,0.0,0.0,0.0,
44,0.0,0.0,0.0,0.0,0.0,0.0,3.0,1.0,1.0,1.0,3.0,1.0,1.0,1.0,0.0,0.0,0.0,4.0,1275.0,3408961.0,65554.0,0.0,2.0,1537.0,1409.0,5.0,513.0,255.0,0.0,0.0,0.0,5.0,769.0,255.0,0.0,0.0,0.0,5.0,1025.0,255.0,0.0,0.0,0.0,3.0,1644167432.0,1644167688.0,1644167944.0,4.0,1678835984.0,1678836240.0,1678836496.0,1678836752.0,4.0,1678837008.0,1678837264.0,1678837520.0,1678837776.0,5.0,385.0,255.0,0.0,0.0,0.0,5.0,641.0,255.0,0.0,0.0,0.0,5.0,897.0,255.0,0.0,0.0,0.0,5.0,1153.0,255.0,0.0,0.0,0.0,5.0,417.0,254.0,0.0,0.0,0.0,5.0,449.0,254.0,0.0,0.0,0.0,5.0,481.0,254.0,0.0,0.0,0.0,5.0,673.0,254.0,0.0,0.0,0.0,5.0,705.0,254.0,0.0,0.0,0.0,5.0,737.0,254.0,0.0,0.0,0.0,1.0,1610613000.0,4.0,1677787408.0,1677787664.0,1677787920.0,1677788176.0,4.0,1677788432.0,1677788688.0,1677788944.0,1677789200.0,4.0,1677789456.0,1677789712.0,1677789968.0,1677790224.0,4.0,1342177544.0,1342177800.0,1342178056.0,1342178312.0,8.0,1342243080.0,1342243336.0,1342243592.0,1342243848.0,1342244104.0,1342244360.0,1342244616.0,1342244872.0,4.0,1342308624.0,1342308880.0,1342309136.0,1342309392.0,4.0,1342374160.0,1342374416.0,1342374672.0,1342374928.0,4.0,1342375184.0,1342375440.0,1342375696.0,1342375952.0,8.0,1342439688.0,1342439944.0,1342440200.0,1342440456.0,1342440712.0,1342440968.0,1342441224.0,1342441480.0,5.0,0.0,0.0,0.0,0.0,0.0,8.0,51.0,51.0,51.0,51.0,17.0,17.0,17.0,17.0,16.0,100.0,100.0,100.0,100.0,100.0,100.0,100.0,100.0,100.0,100.0,100.0,100.0,100.0,100.0,100.0,100.0,2.0,0.0,0.0,2.0,0.0,0.0,4.0,80.0,244.0,0.0,0.0,8.0,0.0,252.0,16.0,0.0,221.0,221.0,245.0,0.0,5.0,143.0,1775.0,2.0,7.0,1.0,8.0,0.0,0.0,3476.0,0.0,0.0,0.0,0.0,0.0,8.0,15.0,0.0,0.0,0.0,224.0,0.0,0.0,0.0,1.0,0.0,3.0,0.0,0.0,255.0,12.0,0.0,0.0,0.0,0.0,0.0,0.0,0.0,0.0,0.0,0.0,0.0,0.0,8.0,0.0,0.0,1000.0,0.0,0.0,0.0,0.0,0.0,12.0,50.0,50.0,50.0,50.0,50.0,50.0,50.0,50.0,50.0,50.0,50.0,50.0,0.0,0.0,0.0,983441.0,0.0,340441200.0,34044201.0,1.15,129.0,0.0,2000.0,1000.0,0.0,1000.0,0.0,0.0,0.0,0.0,0.0,0.0,0.0,0.0,0.0,0.0,0.0,0.0,0.0,0.0,0.0,0.0,0.0,0.0,0.0,0.0,0.0,0.0,0.0,0.0,0.0,0.0,1.0,0.0,0.0,0.0,0.0,0.0,0.0,0.0,0.0,0.0,0.0,0.0,0.0,0.0,0.0,0.0,0.0,0.0,0.0,0.0,0.0,0.0,1.0,0.0,1.0,0.0,0.0,0.0,0.0,0.0,0.0,0.0,0.0,0.0,0.0,0.0,0.0,0.0,0.0,0.0,0.0,0.0,0.0,0.0,0.0,0.0,0.0,0.0,3.305,0.0,0.0,0.0,0.0,0.0,0.0,0.0,0.0,0.0,0.0,0.0,
49,0.0,0.0,0.0,0.0,0.0,0.0,3.0,1.0,1.0,1.0,3.0,1.0,1.0,1.0,0.0,0.0,0.0,4.0,1275.0,3408961.0,65554.0,0.0,2.0,1537.0,1409.0,5.0,513.0,255.0,0.0,0.0,0.0,5.0,769.0,255.0,0.0,0.0,0.0,5.0,1025.0,255.0,0.0,0.0,0.0,3.0,1644167432.0,1644167688.0,1644167944.0,4.0,1678835984.0,1678836240.0,1678836496.0,1678836752.0,4.0,1678837008.0,1678837264.0,1678837520.0,1678837776.0,5.0,385.0,255.0,0.0,0.0,0.0,5.0,641.0,255.0,0.0,0.0,0.0,5.0,897.0,255.0,0.0,0.0,0.0,5.0,1153.0,255.0,0.0,0.0,0.0,5.0,417.0,254.0,0.0,0.0,0.0,5.0,449.0,254.0,0.0,0.0,0.0,5.0,481.0,254.0,0.0,0.0,0.0,5.0,673.0,254.0,0.0,0.0,0.0,5.0,705.0,254.0,0.0,0.0,0.0,5.0,737.0,254.0,0.0,0.0,0.0,1.0,1610613000.0,4.0,1677787408.0,1677787664.0,1677787920.0,1677788176.0,4.0,1677788432.0,1677788688.0,1677788944.0,1677789200.0,4.0,1677789456.0,1677789712.0,1677789968.0,1677790224.0,4.0,1342177544.0,1342177800.0,1342178056.0,1342178312.0,8.0,1342243080.0,1342243336.0,1342243592.0,1342243848.0,1342244104.0,1342244360.0,1342244616.0,1342244872.0,4.0,1342308624.0,1342308880.0,1342309136.0,1342309392.0,4.0,1342374160.0,1342374416.0,1342374672.0,1342374928.0,4.0,1342375184.0,1342375440.0,1342375696.0,1342375952.0,8.0,1342439688.0,1342439944.0,1342440200.0,1342440456.0,1342440712.0,1342440968.0,1342441224.0,1342441480.0,5.0,0.0,0.0,0.0,0.0,0.0,8.0,51.0,51.0,51.0,51.0,17.0,17.0,17.0,17.0,16.0,100.0,100.0,100.0,100.0,100.0,100.0,100.0,100.0,100.0,100.0,100.0,100.0,100.0,100.0,100.0,100.0,2.0,0.0,0.0,2.0,0.0,0.0,4.0,80.0,244.0,0.0,0.0,8.0,0.0,252.0,16.0,0.0,221.0,221.0,245.0,0.0,5.0,143.0,1775.0,2.0,7.0,1.0,8.0,0.0,0.0,3476.0,0.0,0.0,0.0,0.0,0.0,8.0,15.0,0.0,0.0,0.0,224.0,0.0,0.0,0.0,1.0,0.0,3.0,0.0,0.0,255.0,12.0,0.0,0.0,0.0,0.0,0.0,0.0,0.0,0.0,0.0,0.0,0.0,0.0,8.0,0.0,0.0,0.0,250.0,0.0,0.0,0.0,0.0,12.0,50.0,50.0,50.0,50.0,50.0,50.0,50.0,50.0,50.0,50.0,50.0,50.0,0.0,0.0,0.0,983441.0,0.0,340441200.0,34044201.0,1.15,129.0,0.0,2000.0,1000.0,0.0,1000.0,0.0,0.0,0.0,0.0,0.0,0.0,0.0,0.0,0.0,0.0,0.0,0.0,0.0,0.0,0.0,0.0,0.0,0.0,0.0,0.0,0.0,0.0,0.0,0.0,0.0,0.0,0.0,1.0,0.0,0.0,0.0,0.0,0.0,0.0,0.0,0.0,0.0,0.0,0.0,0.0,0.0,0.0,0.0,0.0,0.0,0.0,0.0,0.0,1.0,0.0,1.0,0.0,0.0,0.0,0.0,0.0,0.0,0.0,0.0,0.0,0.0,0.0,0.0,0.0,0.0,0.0,0.0,0.0,0.0,0.0,0.0,0.0,0.0,0.0,0.869,0.0,0.0,0.0,0.0,0.0,0.0,0.0,0.0,0.0,0.0,0.0,
50,0.0,0.0,0.0,0.0,0.0,0.0,3.0,1.0,1.0,1.0,3.0,1.0,1.0,1.0,0.0,0.0,0.0,4.0,1275.0,3408961.0,65554.0,0.0,2.0,1537.0,1409.0,5.0,513.0,255.0,0.0,0.0,0.0,5.0,769.0,255.0,0.0,0.0,0.0,5.0,1025.0,255.0,0.0,0.0,0.0,3.0,1644167432.0,1644167688.0,1644167944.0,4.0,1678835984.0,1678836240.0,1678836496.0,1678836752.0,4.0,1678837008.0,1678837264.0,1678837520.0,1678837776.0,5.0,385.0,255.0,0.0,0.0,0.0,5.0,641.0,255.0,0.0,0.0,0.0,5.0,897.0,255.0,0.0,0.0,0.0,5.0,1153.0,255.0,0.0,0.0,0.0,5.0,417.0,254.0,0.0,0.0,0.0,5.0,449.0,254.0,0.0,0.0,0.0,5.0,481.0,254.0,0.0,0.0,0.0,5.0,673.0,254.0,0.0,0.0,0.0,5.0,705.0,254.0,0.0,0.0,0.0,5.0,737.0,254.0,0.0,0.0,0.0,1.0,1610613000.0,4.0,1677787408.0,1677787664.0,1677787920.0,1677788176.0,4.0,1677788432.0,1677788688.0,1677788944.0,1677789200.0,4.0,1677789456.0,1677789712.0,1677789968.0,1677790224.0,4.0,1342177544.0,1342177800.0,1342178056.0,1342178312.0,8.0,1342243080.0,1342243336.0,1342243592.0,1342243848.0,1342244104.0,1342244360.0,1342244616.0,1342244872.0,4.0,1342308624.0,1342308880.0,1342309136.0,1342309392.0,4.0,1342374160.0,1342374416.0,1342374672.0,1342374928.0,4.0,1342375184.0,1342375440.0,1342375696.0,1342375952.0,8.0,1342439688.0,1342439944.0,1342440200.0,1342440456.0,1342440712.0,1342440968.0,1342441224.0,1342441480.0,5.0,0.0,0.0,0.0,0.0,0.0,8.0,51.0,51.0,51.0,51.0,17.0,17.0,17.0,17.0,16.0,100.0,100.0,100.0,100.0,100.0,100.0,100.0,100.0,100.0,100.0,100.0,100.0,100.0,100.0,100.0,100.0,2.0,0.0,0.0,2.0,0.0,0.0,4.0,80.0,244.0,0.0,0.0,8.0,0.0,252.0,64.0,0.0,221.0,221.0,245.0,0.0,5.0,145.0,1775.0,2.0,7.0,1.0,8.0,0.0,0.0,0.0,959.0,0.0,0.0,0.0,0.0,8.0,15.0,0.0,0.0,0.0,224.0,0.0,0.0,0.0,1.0,0.0,3.0,0.0,0.0,255.0,12.0,0.0,0.0,0.0,0.0,0.0,0.0,0.0,0.0,0.0,0.0,0.0,0.0,8.0,0.0,0.0,0.0,250.0,0.0,0.0,0.0,0.0,12.0,50.0,50.0,50.0,50.0,50.0,50.0,50.0,50.0,50.0,50.0,50.0,50.0,0.0,0.0,0.0,983441.0,0.0,340441200.0,34044201.0,1.15,129.0,0.0,2000.0,1000.0,0.0,1000.0,0.0,0.0,0.0,0.0,0.0,0.0,0.0,0.0,0.0,0.0,0.0,0.0,0.0,0.0,0.0,0.0,0.0,0.0,0.0,0.0,0.0,0.0,0.0,0.0,0.0,0.0,0.0,1.0,0.0,0.0,0.0,0.0,0.0,0.0,0.0,0.0,0.0,0.0,0.0,0.0,0.0,0.0,0.0,0.0,0.0,0.0,0.0,0.0,1.0,0.0,1.0,0.0,0.0,0.0,0.0,0.0,0.0,0.0,0.0,0.0,0.0,0.0,0.0,0.0,0.0,0.0,0.0,0.0,0.0,0.0,0.0,0.0,0.0,0.0,0.87,0.0,0.0,0.0,0.0,0.0,0.0,0.0,0.0,0.0,0.0,0.0,
52,0.0,0.0,0.0,0.0,0.0,0.0,3.0,1.0,1.0,1.0,3.0,1.0,1.0,1.0,0.0,0.0,0.0,4.0,1275.0,3408961.0,65554.0,0.0,2.0,1537.0,1409.0,5.0,513.0,255.0,0.0,0.0,0.0,5.0,769.0,255.0,0.0,0.0,0.0,5.0,1025.0,255.0,0.0,0.0,0.0,3.0,1644167432.0,1644167688.0,1644167944.0,4.0,1678835984.0,1678836240.0,1678836496.0,1678836752.0,4.0,1678837008.0,1678837264.0,1678837520.0,1678837776.0,5.0,385.0,255.0,0.0,0.0,0.0,5.0,641.0,255.0,0.0,0.0,0.0,5.0,897.0,255.0,0.0,0.0,0.0,5.0,1153.0,255.0,0.0,0.0,0.0,5.0,417.0,254.0,0.0,0.0,0.0,5.0,449.0,254.0,0.0,0.0,0.0,5.0,481.0,254.0,0.0,0.0,0.0,5.0,673.0,254.0,0.0,0.0,0.0,5.0,705.0,254.0,0.0,0.0,0.0,5.0,737.0,254.0,0.0,0.0,0.0,1.0,1610613000.0,4.0,1677787408.0,1677787664.0,1677787920.0,1677788176.0,4.0,1677788432.0,1677788688.0,1677788944.0,1677789200.0,4.0,1677789456.0,1677789712.0,1677789968.0,1677790224.0,4.0,1342177544.0,1342177800.0,1342178056.0,1342178312.0,8.0,1342243080.0,1342243336.0,1342243592.0,1342243848.0,1342244104.0,1342244360.0,1342244616.0,1342244872.0,4.0,1342308624.0,1342308880.0,1342309136.0,1342309392.0,4.0,1342374160.0,1342374416.0,1342374672.0,1342374928.0,4.0,1342375184.0,1342375440.0,1342375696.0,1342375952.0,8.0,1342439688.0,1342439944.0,1342440200.0,1342440456.0,1342440712.0,1342440968.0,1342441224.0,1342441480.0,5.0,0.0,0.0,0.0,0.0,0.0,8.0,51.0,51.0,51.0,51.0,17.0,17.0,17.0,17.0,16.0,100.0,100.0,100.0,100.0,100.0,100.0,100.0,100.0,100.0,100.0,100.0,100.0,100.0,100.0,100.0,100.0,2.0,0.0,0.0,2.0,0.0,0.0,4.0,80.0,244.0,0.0,0.0,8.0,0.0,252.0,64.0,0.0,221.0,221.0,245.0,0.0,5.0,145.0,1775.0,2.0,7.0,1.0,8.0,0.0,0.0,0.0,959.0,0.0,0.0,0.0,0.0,8.0,15.0,0.0,0.0,0.0,224.0,0.0,0.0,0.0,1.0,0.0,3.0,0.0,0.0,255.0,12.0,0.0,0.0,0.0,0.0,0.0,0.0,0.0,0.0,0.0,0.0,0.0,0.0,8.0,0.0,0.0,0.0,500.0,0.0,0.0,0.0,0.0,12.0,50.0,50.0,50.0,50.0,50.0,50.0,50.0,50.0,50.0,50.0,50.0,50.0,0.0,0.0,0.0,983441.0,0.0,340441200.0,34044201.0,1.15,129.0,0.0,2000.0,1000.0,0.0,1000.0,0.0,0.0,0.0,0.0,0.0,0.0,0.0,0.0,0.0,0.0,0.0,0.0,0.0,0.0,0.0,0.0,0.0,0.0,0.0,0.0,0.0,0.0,0.0,0.0,0.0,0.0,0.0,1.0,0.0,0.0,0.0,0.0,0.0,0.0,0.0,0.0,0.0,0.0,0.0,0.0,0.0,0.0,0.0,0.0,0.0,0.0,0.0,0.0,1.0,0.0,1.0,0.0,0.0,0.0,0.0,0.0,0.0,0.0,0.0,0.0,0.0,0.0,0.0,0.0,0.0,0.0,0.0,0.0,0.0,0.0,0.0,0.0,0.0,0.0,1.681,0.0,0.0,0.0,0.0,0.0,0.0,0.0,0.0,0.0,0.0,0.0,
53,0.0,0.0,0.0,0.0,0.0,0.0,3.0,1.0,1.0,1.0,3.0,1.0,1.0,1.0,0.0,0.0,0.0,4.0,1275.0,3408961.0,65554.0,0.0,2.0,1537.0,1409.0,5.0,513.0,255.0,0.0,0.0,0.0,5.0,769.0,255.0,0.0,0.0,0.0,5.0,1025.0,255.0,0.0,0.0,0.0,3.0,1644167432.0,1644167688.0,1644167944.0,4.0,1678835984.0,1678836240.0,1678836496.0,1678836752.0,4.0,1678837008.0,1678837264.0,1678837520.0,1678837776.0,5.0,385.0,255.0,0.0,0.0,0.0,5.0,641.0,255.0,0.0,0.0,0.0,5.0,897.0,255.0,0.0,0.0,0.0,5.0,1153.0,255.0,0.0,0.0,0.0,5.0,417.0,254.0,0.0,0.0,0.0,5.0,449.0,254.0,0.0,0.0,0.0,5.0,481.0,254.0,0.0,0.0,0.0,5.0,673.0,254.0,0.0,0.0,0.0,5.0,705.0,254.0,0.0,0.0,0.0,5.0,737.0,254.0,0.0,0.0,0.0,1.0,1610613000.0,4.0,1677787408.0,1677787664.0,1677787920.0,1677788176.0,4.0,1677788432.0,1677788688.0,1677788944.0,1677789200.0,4.0,1677789456.0,1677789712.0,1677789968.0,1677790224.0,4.0,1342177544.0,1342177800.0,1342178056.0,1342178312.0,8.0,1342243080.0,1342243336.0,1342243592.0,1342243848.0,1342244104.0,1342244360.0,1342244616.0,1342244872.0,4.0,1342308624.0,1342308880.0,1342309136.0,1342309392.0,4.0,1342374160.0,1342374416.0,1342374672.0,1342374928.0,4.0,1342375184.0,1342375440.0,1342375696.0,1342375952.0,8.0,1342439688.0,1342439944.0,1342440200.0,1342440456.0,1342440712.0,1342440968.0,1342441224.0,1342441480.0,5.0,0.0,0.0,0.0,0.0,0.0,8.0,51.0,51.0,51.0,51.0,17.0,17.0,17.0,17.0,16.0,100.0,100.0,100.0,100.0,100.0,100.0,100.0,100.0,100.0,100.0,100.0,100.0,100.0,100.0,100.0,100.0,2.0,0.0,0.0,2.0,0.0,0.0,4.0,80.0,244.0,0.0,0.0,8.0,0.0,252.0,64.0,0.0,221.0,221.0,245.0,0.0,5.0,144.0,1775.0,2.0,7.0,1.0,8.0,0.0,0.0,0.0,1899.0,0.0,0.0,0.0,0.0,8.0,15.0,0.0,0.0,0.0,224.0,0.0,0.0,0.0,1.0,0.0,3.0,0.0,0.0,255.0,12.0,0.0,0.0,0.0,0.0,0.0,0.0,0.0,0.0,0.0,0.0,0.0,0.0,8.0,0.0,0.0,0.0,500.0,0.0,0.0,0.0,0.0,12.0,50.0,50.0,50.0,50.0,50.0,50.0,50.0,50.0,50.0,50.0,50.0,50.0,0.0,0.0,0.0,983441.0,0.0,340441200.0,34044201.0,1.15,129.0,0.0,2000.0,1000.0,0.0,1000.0,0.0,0.0,0.0,0.0,0.0,0.0,0.0,0.0,0.0,0.0,0.0,0.0,0.0,0.0,0.0,0.0,0.0,0.0,0.0,0.0,0.0,0.0,0.0,0.0,0.0,0.0,0.0,1.0,0.0,0.0,0.0,0.0,0.0,0.0,0.0,0.0,0.0,0.0,0.0,0.0,0.0,0.0,0.0,0.0,0.0,0.0,0.0,0.0,1.0,0.0,1.0,0.0,0.0,0.0,0.0,0.0,0.0,0.0,0.0,0.0,0.0,0.0,0.0,0.0,0.0,0.0,0.0,0.0,0.0,0.0,0.0,0.0,0.0,0.0,1.683,0.0,0.0,0.0,0.0,0.0,0.0,0.0,0.0,0.0,0.0,0.0,
55,0.0,0.0,0.0,0.0,0.0,0.0,3.0,1.0,1.0,1.0,3.0,1.0,1.0,1.0,0.0,0.0,0.0,4.0,1275.0,3408961.0,65554.0,0.0,2.0,1537.0,1409.0,5.0,513.0,255.0,0.0,0.0,0.0,5.0,769.0,255.0,0.0,0.0,0.0,5.0,1025.0,255.0,0.0,0.0,0.0,3.0,1644167432.0,1644167688.0,1644167944.0,4.0,1678835984.0,1678836240.0,1678836496.0,1678836752.0,4.0,1678837008.0,1678837264.0,1678837520.0,1678837776.0,5.0,385.0,255.0,0.0,0.0,0.0,5.0,641.0,255.0,0.0,0.0,0.0,5.0,897.0,255.0,0.0,0.0,0.0,5.0,1153.0,255.0,0.0,0.0,0.0,5.0,417.0,254.0,0.0,0.0,0.0,5.0,449.0,254.0,0.0,0.0,0.0,5.0,481.0,254.0,0.0,0.0,0.0,5.0,673.0,254.0,0.0,0.0,0.0,5.0,705.0,254.0,0.0,0.0,0.0,5.0,737.0,254.0,0.0,0.0,0.0,1.0,1610613000.0,4.0,1677787408.0,1677787664.0,1677787920.0,1677788176.0,4.0,1677788432.0,1677788688.0,1677788944.0,1677789200.0,4.0,1677789456.0,1677789712.0,1677789968.0,1677790224.0,4.0,1342177544.0,1342177800.0,1342178056.0,1342178312.0,8.0,1342243080.0,1342243336.0,1342243592.0,1342243848.0,1342244104.0,1342244360.0,1342244616.0,1342244872.0,4.0,1342308624.0,1342308880.0,1342309136.0,1342309392.0,4.0,1342374160.0,1342374416.0,1342374672.0,1342374928.0,4.0,1342375184.0,1342375440.0,1342375696.0,1342375952.0,8.0,1342439688.0,1342439944.0,1342440200.0,1342440456.0,1342440712.0,1342440968.0,1342441224.0,1342441480.0,5.0,0.0,0.0,0.0,0.0,0.0,8.0,51.0,51.0,51.0,51.0,17.0,17.0,17.0,17.0,16.0,100.0,100.0,100.0,100.0,100.0,100.0,100.0,100.0,100.0,100.0,100.0,100.0,100.0,100.0,100.0,100.0,2.0,0.0,0.0,2.0,0.0,0.0,4.0,80.0,244.0,0.0,0.0,8.0,0.0,252.0,64.0,0.0,221.0,221.0,245.0,0.0,5.0,144.0,1775.0,2.0,7.0,1.0,8.0,0.0,0.0,0.0,1899.0,0.0,0.0,0.0,0.0,8.0,15.0,0.0,0.0,0.0,224.0,0.0,0.0,0.0,1.0,0.0,3.0,0.0,0.0,255.0,12.0,0.0,0.0,0.0,0.0,0.0,0.0,0.0,0.0,0.0,0.0,0.0,0.0,8.0,0.0,0.0,0.0,1000.0,0.0,0.0,0.0,0.0,12.0,50.0,50.0,50.0,50.0,50.0,50.0,50.0,50.0,50.0,50.0,50.0,50.0,0.0,0.0,0.0,983441.0,0.0,340441200.0,34044201.0,1.15,129.0,0.0,2000.0,1000.0,0.0,1000.0,0.0,0.0,0.0,0.0,0.0,0.0,0.0,0.0,0.0,0.0,0.0,0.0,0.0,0.0,0.0,0.0,0.0,0.0,0.0,0.0,0.0,0.0,0.0,0.0,0.0,0.0,0.0,1.0,0.0,0.0,0.0,0.0,0.0,0.0,0.0,0.0,0.0,0.0,0.0,0.0,0.0,0.0,0.0,0.0,0.0,0.0,0.0,0.0,1.0,0.0,1.0,0.0,0.0,0.0,0.0,0.0,0.0,0.0,0.0,0.0,0.0,0.0,0.0,0.0,0.0,0.0,0.0,0.0,0.0,0.0,0.0,0.0,0.0,0.0,3.305,0.0,0.0,0.0,0.0,0.0,0.0,0.0,0.0,0.0,0.0,0.0,
56,0.0,0.0,0.0,0.0,0.0,0.0,3.0,1.0,1.0,1.0,3.0,1.0,1.0,1.0,0.0,0.0,0.0,4.0,1275.0,3408961.0,65554.0,0.0,2.0,1537.0,1409.0,5.0,513.0,255.0,0.0,0.0,0.0,5.0,769.0,255.0,0.0,0.0,0.0,5.0,1025.0,255.0,0.0,0.0,0.0,3.0,1644167432.0,1644167688.0,1644167944.0,4.0,1678835984.0,1678836240.0,1678836496.0,1678836752.0,4.0,1678837008.0,1678837264.0,1678837520.0,1678837776.0,5.0,385.0,255.0,0.0,0.0,0.0,5.0,641.0,255.0,0.0,0.0,0.0,5.0,897.0,255.0,0.0,0.0,0.0,5.0,1153.0,255.0,0.0,0.0,0.0,5.0,417.0,254.0,0.0,0.0,0.0,5.0,449.0,254.0,0.0,0.0,0.0,5.0,481.0,254.0,0.0,0.0,0.0,5.0,673.0,254.0,0.0,0.0,0.0,5.0,705.0,254.0,0.0,0.0,0.0,5.0,737.0,254.0,0.0,0.0,0.0,1.0,1610613000.0,4.0,1677787408.0,1677787664.0,1677787920.0,1677788176.0,4.0,1677788432.0,1677788688.0,1677788944.0,1677789200.0,4.0,1677789456.0,1677789712.0,1677789968.0,1677790224.0,4.0,1342177544.0,1342177800.0,1342178056.0,1342178312.0,8.0,1342243080.0,1342243336.0,1342243592.0,1342243848.0,1342244104.0,1342244360.0,1342244616.0,1342244872.0,4.0,1342308624.0,1342308880.0,1342309136.0,1342309392.0,4.0,1342374160.0,1342374416.0,1342374672.0,1342374928.0,4.0,1342375184.0,1342375440.0,1342375696.0,1342375952.0,8.0,1342439688.0,1342439944.0,1342440200.0,1342440456.0,1342440712.0,1342440968.0,1342441224.0,1342441480.0,5.0,0.0,0.0,0.0,0.0,0.0,8.0,51.0,51.0,51.0,51.0,17.0,17.0,17.0,17.0,16.0,100.0,100.0,100.0,100.0,100.0,100.0,100.0,100.0,100.0,100.0,100.0,100.0,100.0,100.0,100.0,100.0,2.0,0.0,0.0,2.0,0.0,0.0,4.0,80.0,244.0,0.0,0.0,8.0,0.0,252.0,64.0,0.0,221.0,221.0,245.0,0.0,5.0,143.0,1775.0,2.0,7.0,1.0,8.0,0.0,0.0,0.0,3404.0,0.0,0.0,0.0,0.0,8.0,15.0,0.0,0.0,0.0,224.0,0.0,0.0,0.0,1.0,0.0,3.0,0.0,0.0,255.0,12.0,0.0,0.0,0.0,0.0,0.0,0.0,0.0,0.0,0.0,0.0,0.0,0.0,8.0,0.0,0.0,0.0,1000.0,0.0,0.0,0.0,0.0,12.0,50.0,50.0,50.0,50.0,50.0,50.0,50.0,50.0,50.0,50.0,50.0,50.0,0.0,0.0,0.0,983441.0,0.0,340441200.0,34044201.0,1.15,129.0,0.0,2000.0,1000.0,0.0,1000.0,0.0,0.0,0.0,0.0,0.0,0.0,0.0,0.0,0.0,0.0,0.0,0.0,0.0,0.0,0.0,0.0,0.0,0.0,0.0,0.0,0.0,0.0,0.0,0.0,0.0,0.0,0.0,1.0,0.0,0.0,0.0,0.0,0.0,0.0,0.0,0.0,0.0,0.0,0.0,0.0,0.0,0.0,0.0,0.0,0.0,0.0,0.0,0.0,1.0,0.0,1.0,0.0,0.0,0.0,0.0,0.0,0.0,0.0,0.0,0.0,0.0,0.0,0.0,0.0,0.0,0.0,0.0,0.0,0.0,0.0,0.0,0.0,0.0,0.0,3.305,0.0,0.0,0.0,0.0,0.0,0.0,0.0,0.0,0.0,0.0,0.0,
61,0.0,0.0,0.0,0.0,0.0,0.0,3.0,1.0,1.0,1.0,3.0,1.0,1.0,1.0,0.0,0.0,0.0,4.0,1275.0,3408961.0,65554.0,0.0,2.0,1537.0,1409.0,5.0,513.0,255.0,0.0,0.0,0.0,5.0,769.0,255.0,0.0,0.0,0.0,5.0,1025.0,255.0,0.0,0.0,0.0,3.0,1644167432.0,1644167688.0,1644167944.0,4.0,1678835984.0,1678836240.0,1678836496.0,1678836752.0,4.0,1678837008.0,1678837264.0,1678837520.0,1678837776.0,5.0,385.0,255.0,0.0,0.0,0.0,5.0,641.0,255.0,0.0,0.0,0.0,5.0,897.0,255.0,0.0,0.0,0.0,5.0,1153.0,255.0,0.0,0.0,0.0,5.0,417.0,254.0,0.0,0.0,0.0,5.0,449.0,254.0,0.0,0.0,0.0,5.0,481.0,254.0,0.0,0.0,0.0,5.0,673.0,254.0,0.0,0.0,0.0,5.0,705.0,254.0,0.0,0.0,0.0,5.0,737.0,254.0,0.0,0.0,0.0,1.0,1610613000.0,4.0,1677787408.0,1677787664.0,1677787920.0,1677788176.0,4.0,1677788432.0,1677788688.0,1677788944.0,1677789200.0,4.0,1677789456.0,1677789712.0,1677789968.0,1677790224.0,4.0,1342177544.0,1342177800.0,1342178056.0,1342178312.0,8.0,1342243080.0,1342243336.0,1342243592.0,1342243848.0,1342244104.0,1342244360.0,1342244616.0,1342244872.0,4.0,1342308624.0,1342308880.0,1342309136.0,1342309392.0,4.0,1342374160.0,1342374416.0,1342374672.0,1342374928.0,4.0,1342375184.0,1342375440.0,1342375696.0,1342375952.0,8.0,1342439688.0,1342439944.0,1342440200.0,1342440456.0,1342440712.0,1342440968.0,1342441224.0,1342441480.0,5.0,0.0,0.0,0.0,0.0,0.0,8.0,51.0,51.0,51.0,51.0,17.0,17.0,17.0,17.0,16.0,100.0,100.0,100.0,100.0,100.0,100.0,100.0,100.0,100.0,100.0,100.0,100.0,100.0,100.0,100.0,100.0,2.0,0.0,0.0,2.0,0.0,0.0,4.0,80.0,244.0,0.0,0.0,8.0,0.0,252.0,64.0,0.0,221.0,221.0,245.0,0.0,5.0,143.0,1775.0,2.0,7.0,1.0,8.0,0.0,0.0,0.0,3404.0,0.0,0.0,0.0,0.0,8.0,15.0,0.0,0.0,0.0,224.0,0.0,0.0,0.0,1.0,0.0,3.0,0.0,0.0,255.0,12.0,0.0,0.0,0.0,0.0,0.0,0.0,0.0,0.0,0.0,0.0,0.0,0.0,8.0,0.0,0.0,0.0,0.0,250.0,0.0,0.0,0.0,12.0,50.0,50.0,50.0,50.0,50.0,50.0,50.0,50.0,50.0,50.0,50.0,50.0,0.0,0.0,0.0,983441.0,0.0,340441200.0,34044201.0,1.15,129.0,0.0,2000.0,1000.0,0.0,1000.0,0.0,0.0,0.0,0.0,0.0,0.0,0.0,0.0,0.0,0.0,0.0,0.0,0.0,0.0,0.0,0.0,0.0,0.0,0.0,0.0,0.0,0.0,0.0,0.0,0.0,0.0,0.0,0.0,1.0,0.0,0.0,0.0,0.0,0.0,0.0,0.0,0.0,0.0,0.0,0.0,0.0,0.0,0.0,0.0,0.0,0.0,0.0,0.0,1.0,0.0,1.0,0.0,0.0,0.0,0.0,0.0,0.0,0.0,0.0,0.0,0.0,0.0,0.0,0.0,0.0,0.0,0.0,0.0,0.0,0.0,0.0,0.0,0.0,0.0,0.873,0.0,0.0,0.0,0.0,0.0,0.0,0.0,0.0,0.0,0.0,0.0,
62,0.0,0.0,0.0,0.0,0.0,0.0,3.0,1.0,1.0,1.0,3.0,1.0,1.0,1.0,0.0,0.0,0.0,4.0,1275.0,3408961.0,65554.0,0.0,2.0,1537.0,1409.0,5.0,513.0,255.0,0.0,0.0,0.0,5.0,769.0,255.0,0.0,0.0,0.0,5.0,1025.0,255.0,0.0,0.0,0.0,3.0,1644167432.0,1644167688.0,1644167944.0,4.0,1678835984.0,1678836240.0,1678836496.0,1678836752.0,4.0,1678837008.0,1678837264.0,1678837520.0,1678837776.0,5.0,385.0,255.0,0.0,0.0,0.0,5.0,641.0,255.0,0.0,0.0,0.0,5.0,897.0,255.0,0.0,0.0,0.0,5.0,1153.0,255.0,0.0,0.0,0.0,5.0,417.0,254.0,0.0,0.0,0.0,5.0,449.0,254.0,0.0,0.0,0.0,5.0,481.0,254.0,0.0,0.0,0.0,5.0,673.0,254.0,0.0,0.0,0.0,5.0,705.0,254.0,0.0,0.0,0.0,5.0,737.0,254.0,0.0,0.0,0.0,1.0,1610613000.0,4.0,1677787408.0,1677787664.0,1677787920.0,1677788176.0,4.0,1677788432.0,1677788688.0,1677788944.0,1677789200.0,4.0,1677789456.0,1677789712.0,1677789968.0,1677790224.0,4.0,1342177544.0,1342177800.0,1342178056.0,1342178312.0,8.0,1342243080.0,1342243336.0,1342243592.0,1342243848.0,1342244104.0,1342244360.0,1342244616.0,1342244872.0,4.0,1342308624.0,1342308880.0,1342309136.0,1342309392.0,4.0,1342374160.0,1342374416.0,1342374672.0,1342374928.0,4.0,1342375184.0,1342375440.0,1342375696.0,1342375952.0,8.0,1342439688.0,1342439944.0,1342440200.0,1342440456.0,1342440712.0,1342440968.0,1342441224.0,1342441480.0,5.0,0.0,0.0,0.0,0.0,0.0,8.0,51.0,51.0,51.0,51.0,17.0,17.0,17.0,17.0,16.0,100.0,100.0,100.0,100.0,100.0,100.0,100.0,100.0,100.0,100.0,100.0,100.0,100.0,100.0,100.0,100.0,2.0,0.0,0.0,2.0,0.0,0.0,4.0,80.0,244.0,0.0,0.0,8.0,0.0,252.0,0.0,1.0,221.0,221.0,245.0,0.0,5.0,144.0,1770.0,2.0,7.0,1.0,8.0,0.0,0.0,0.0,0.0,931.0,0.0,0.0,0.0,8.0,15.0,0.0,0.0,0.0,224.0,0.0,0.0,0.0,1.0,0.0,3.0,0.0,0.0,255.0,12.0,0.0,0.0,0.0,0.0,0.0,0.0,0.0,0.0,0.0,0.0,0.0,0.0,8.0,0.0,0.0,0.0,0.0,250.0,0.0,0.0,0.0,12.0,50.0,50.0,50.0,50.0,50.0,50.0,50.0,50.0,50.0,50.0,50.0,50.0,0.0,0.0,0.0,983441.0,0.0,340441200.0,34044201.0,1.15,129.0,0.0,2000.0,1000.0,0.0,1000.0,0.0,0.0,0.0,0.0,0.0,0.0,0.0,0.0,0.0,0.0,0.0,0.0,0.0,0.0,0.0,0.0,0.0,0.0,0.0,0.0,0.0,0.0,0.0,0.0,0.0,0.0,0.0,0.0,1.0,0.0,0.0,0.0,0.0,0.0,0.0,0.0,0.0,0.0,0.0,0.0,0.0,0.0,0.0,0.0,0.0,0.0,0.0,0.0,1.0,0.0,1.0,0.0,0.0,0.0,0.0,0.0,0.0,0.0,0.0,0.0,0.0,0.0,0.0,0.0,0.0,0.0,0.0,0.0,0.0,0.0,0.0,0.0,0.0,0.0,0.873,0.0,0.0,0.0,0.0,0.0,0.0,0.0,0.0,0.0,0.0,0.0,
64,0.0,0.0,0.0,0.0,0.0,0.0,3.0,1.0,1.0,1.0,3.0,1.0,1.0,1.0,0.0,0.0,0.0,4.0,1275.0,3408961.0,65554.0,0.0,2.0,1537.0,1409.0,5.0,513.0,255.0,0.0,0.0,0.0,5.0,769.0,255.0,0.0,0.0,0.0,5.0,1025.0,255.0,0.0,0.0,0.0,3.0,1644167432.0,1644167688.0,1644167944.0,4.0,1678835984.0,1678836240.0,1678836496.0,1678836752.0,4.0,1678837008.0,1678837264.0,1678837520.0,1678837776.0,5.0,385.0,255.0,0.0,0.0,0.0,5.0,641.0,255.0,0.0,0.0,0.0,5.0,897.0,255.0,0.0,0.0,0.0,5.0,1153.0,255.0,0.0,0.0,0.0,5.0,417.0,254.0,0.0,0.0,0.0,5.0,449.0,254.0,0.0,0.0,0.0,5.0,481.0,254.0,0.0,0.0,0.0,5.0,673.0,254.0,0.0,0.0,0.0,5.0,705.0,254.0,0.0,0.0,0.0,5.0,737.0,254.0,0.0,0.0,0.0,1.0,1610613000.0,4.0,1677787408.0,1677787664.0,1677787920.0,1677788176.0,4.0,1677788432.0,1677788688.0,1677788944.0,1677789200.0,4.0,1677789456.0,1677789712.0,1677789968.0,1677790224.0,4.0,1342177544.0,1342177800.0,1342178056.0,1342178312.0,8.0,1342243080.0,1342243336.0,1342243592.0,1342243848.0,1342244104.0,1342244360.0,1342244616.0,1342244872.0,4.0,1342308624.0,1342308880.0,1342309136.0,1342309392.0,4.0,1342374160.0,1342374416.0,1342374672.0,1342374928.0,4.0,1342375184.0,1342375440.0,1342375696.0,1342375952.0,8.0,1342439688.0,1342439944.0,1342440200.0,1342440456.0,1342440712.0,1342440968.0,1342441224.0,1342441480.0,5.0,0.0,0.0,0.0,0.0,0.0,8.0,51.0,51.0,51.0,51.0,17.0,17.0,17.0,17.0,16.0,100.0,100.0,100.0,100.0,100.0,100.0,100.0,100.0,100.0,100.0,100.0,100.0,100.0,100.0,100.0,100.0,2.0,0.0,0.0,2.0,0.0,0.0,4.0,80.0,244.0,0.0,0.0,8.0,0.0,252.0,0.0,1.0,221.0,221.0,245.0,0.0,5.0,144.0,1770.0,2.0,7.0,1.0,8.0,0.0,0.0,0.0,0.0,931.0,0.0,0.0,0.0,8.0,15.0,0.0,0.0,0.0,224.0,0.0,0.0,0.0,1.0,0.0,3.0,0.0,0.0,255.0,12.0,0.0,0.0,0.0,0.0,0.0,0.0,0.0,0.0,0.0,0.0,0.0,0.0,8.0,0.0,0.0,0.0,0.0,500.0,0.0,0.0,0.0,12.0,50.0,50.0,50.0,50.0,50.0,50.0,50.0,50.0,50.0,50.0,50.0,50.0,0.0,0.0,0.0,983441.0,0.0,340441200.0,34044201.0,1.15,129.0,0.0,2000.0,1000.0,0.0,1000.0,0.0,0.0,0.0,0.0,0.0,0.0,0.0,0.0,0.0,0.0,0.0,0.0,0.0,0.0,0.0,0.0,0.0,0.0,0.0,0.0,0.0,0.0,0.0,0.0,0.0,0.0,0.0,0.0,1.0,0.0,0.0,0.0,0.0,0.0,0.0,0.0,0.0,0.0,0.0,0.0,0.0,0.0,0.0,0.0,0.0,0.0,0.0,0.0,1.0,0.0,1.0,0.0,0.0,0.0,0.0,0.0,0.0,0.0,0.0,0.0,0.0,0.0,0.0,0.0,0.0,0.0,0.0,0.0,0.0,0.0,0.0,0.0,0.0,0.0,1.687,0.0,0.0,0.0,0.0,0.0,0.0,0.0,0.0,0.0,0.0,0.0,
65,0.0,0.0,0.0,0.0,0.0,0.0,3.0,1.0,1.0,1.0,3.0,1.0,1.0,1.0,0.0,0.0,0.0,4.0,1275.0,3408961.0,65554.0,0.0,2.0,1537.0,1409.0,5.0,513.0,255.0,0.0,0.0,0.0,5.0,769.0,255.0,0.0,0.0,0.0,5.0,1025.0,255.0,0.0,0.0,0.0,3.0,1644167432.0,1644167688.0,1644167944.0,4.0,1678835984.0,1678836240.0,1678836496.0,1678836752.0,4.0,1678837008.0,1678837264.0,1678837520.0,1678837776.0,5.0,385.0,255.0,0.0,0.0,0.0,5.0,641.0,255.0,0.0,0.0,0.0,5.0,897.0,255.0,0.0,0.0,0.0,5.0,1153.0,255.0,0.0,0.0,0.0,5.0,417.0,254.0,0.0,0.0,0.0,5.0,449.0,254.0,0.0,0.0,0.0,5.0,481.0,254.0,0.0,0.0,0.0,5.0,673.0,254.0,0.0,0.0,0.0,5.0,705.0,254.0,0.0,0.0,0.0,5.0,737.0,254.0,0.0,0.0,0.0,1.0,1610613000.0,4.0,1677787408.0,1677787664.0,1677787920.0,1677788176.0,4.0,1677788432.0,1677788688.0,1677788944.0,1677789200.0,4.0,1677789456.0,1677789712.0,1677789968.0,1677790224.0,4.0,1342177544.0,1342177800.0,1342178056.0,1342178312.0,8.0,1342243080.0,1342243336.0,1342243592.0,1342243848.0,1342244104.0,1342244360.0,1342244616.0,1342244872.0,4.0,1342308624.0,1342308880.0,1342309136.0,1342309392.0,4.0,1342374160.0,1342374416.0,1342374672.0,1342374928.0,4.0,1342375184.0,1342375440.0,1342375696.0,1342375952.0,8.0,1342439688.0,1342439944.0,1342440200.0,1342440456.0,1342440712.0,1342440968.0,1342441224.0,1342441480.0,5.0,0.0,0.0,0.0,0.0,0.0,8.0,51.0,51.0,51.0,51.0,17.0,17.0,17.0,17.0,16.0,100.0,100.0,100.0,100.0,100.0,100.0,100.0,100.0,100.0,100.0,100.0,100.0,100.0,100.0,100.0,100.0,2.0,0.0,0.0,2.0,0.0,0.0,4.0,80.0,244.0,0.0,0.0,8.0,0.0,252.0,0.0,1.0,221.0,221.0,245.0,0.0,5.0,144.0,1775.0,2.0,7.0,1.0,8.0,0.0,0.0,0.0,0.0,1851.0,0.0,0.0,0.0,8.0,15.0,0.0,0.0,0.0,224.0,0.0,0.0,0.0,1.0,0.0,3.0,0.0,0.0,255.0,12.0,0.0,0.0,0.0,0.0,0.0,0.0,0.0,0.0,0.0,0.0,0.0,0.0,8.0,0.0,0.0,0.0,0.0,500.0,0.0,0.0,0.0,12.0,50.0,50.0,50.0,50.0,50.0,50.0,50.0,50.0,50.0,50.0,50.0,50.0,0.0,0.0,0.0,983441.0,0.0,340441200.0,34044201.0,1.15,129.0,0.0,2000.0,1000.0,0.0,1000.0,0.0,0.0,0.0,0.0,0.0,0.0,0.0,0.0,0.0,0.0,0.0,0.0,0.0,0.0,0.0,0.0,0.0,0.0,0.0,0.0,0.0,0.0,0.0,0.0,0.0,0.0,0.0,0.0,1.0,0.0,0.0,0.0,0.0,0.0,0.0,0.0,0.0,0.0,0.0,0.0,0.0,0.0,0.0,0.0,0.0,0.0,0.0,0.0,1.0,0.0,1.0,0.0,0.0,0.0,0.0,0.0,0.0,0.0,0.0,0.0,0.0,0.0,0.0,0.0,0.0,0.0,0.0,0.0,0.0,0.0,0.0,0.0,0.0,0.0,1.688,0.0,0.0,0.0,0.0,0.0,0.0,0.0,0.0,0.0,0.0,0.0,
67,0.0,0.0,0.0,0.0,0.0,0.0,3.0,1.0,1.0,1.0,3.0,1.0,1.0,1.0,0.0,0.0,0.0,4.0,1275.0,3408961.0,65554.0,0.0,2.0,1537.0,1409.0,5.0,513.0,255.0,0.0,0.0,0.0,5.0,769.0,255.0,0.0,0.0,0.0,5.0,1025.0,255.0,0.0,0.0,0.0,3.0,1644167432.0,1644167688.0,1644167944.0,4.0,1678835984.0,1678836240.0,1678836496.0,1678836752.0,4.0,1678837008.0,1678837264.0,1678837520.0,1678837776.0,5.0,385.0,255.0,0.0,0.0,0.0,5.0,641.0,255.0,0.0,0.0,0.0,5.0,897.0,255.0,0.0,0.0,0.0,5.0,1153.0,255.0,0.0,0.0,0.0,5.0,417.0,254.0,0.0,0.0,0.0,5.0,449.0,254.0,0.0,0.0,0.0,5.0,481.0,254.0,0.0,0.0,0.0,5.0,673.0,254.0,0.0,0.0,0.0,5.0,705.0,254.0,0.0,0.0,0.0,5.0,737.0,254.0,0.0,0.0,0.0,1.0,1610613000.0,4.0,1677787408.0,1677787664.0,1677787920.0,1677788176.0,4.0,1677788432.0,1677788688.0,1677788944.0,1677789200.0,4.0,1677789456.0,1677789712.0,1677789968.0,1677790224.0,4.0,1342177544.0,1342177800.0,1342178056.0,1342178312.0,8.0,1342243080.0,1342243336.0,1342243592.0,1342243848.0,1342244104.0,1342244360.0,1342244616.0,1342244872.0,4.0,1342308624.0,1342308880.0,1342309136.0,1342309392.0,4.0,1342374160.0,1342374416.0,1342374672.0,1342374928.0,4.0,1342375184.0,1342375440.0,1342375696.0,1342375952.0,8.0,1342439688.0,1342439944.0,1342440200.0,1342440456.0,1342440712.0,1342440968.0,1342441224.0,1342441480.0,5.0,0.0,0.0,0.0,0.0,0.0,8.0,51.0,51.0,51.0,51.0,17.0,17.0,17.0,17.0,16.0,100.0,100.0,100.0,100.0,100.0,100.0,100.0,100.0,100.0,100.0,100.0,100.0,100.0,100.0,100.0,100.0,2.0,0.0,0.0,2.0,0.0,0.0,4.0,80.0,244.0,0.0,0.0,8.0,0.0,252.0,0.0,1.0,221.0,221.0,245.0,0.0,5.0,144.0,1775.0,2.0,7.0,1.0,8.0,0.0,0.0,0.0,0.0,1851.0,0.0,0.0,0.0,8.0,15.0,0.0,0.0,0.0,224.0,0.0,0.0,0.0,1.0,0.0,3.0,0.0,0.0,255.0,12.0,0.0,0.0,0.0,0.0,0.0,0.0,0.0,0.0,0.0,0.0,0.0,0.0,8.0,0.0,0.0,0.0,0.0,1000.0,0.0,0.0,0.0,12.0,50.0,50.0,50.0,50.0,50.0,50.0,50.0,50.0,50.0,50.0,50.0,50.0,0.0,0.0,0.0,983441.0,0.0,340441200.0,34044201.0,1.15,129.0,0.0,2000.0,1000.0,0.0,1000.0,0.0,0.0,0.0,0.0,0.0,0.0,0.0,0.0,0.0,0.0,0.0,0.0,0.0,0.0,0.0,0.0,0.0,0.0,0.0,0.0,0.0,0.0,0.0,0.0,0.0,0.0,0.0,0.0,1.0,0.0,0.0,0.0,0.0,0.0,0.0,0.0,0.0,0.0,0.0,0.0,0.0,0.0,0.0,0.0,0.0,0.0,0.0,0.0,1.0,0.0,1.0,0.0,0.0,0.0,0.0,0.0,0.0,0.0,0.0,0.0,0.0,0.0,0.0,0.0,0.0,0.0,0.0,0.0,0.0,0.0,0.0,0.0,0.0,0.0,3.313,0.0,0.0,0.0,0.0,0.0,0.0,0.0,0.0,0.0,0.0,0.0,
68,0.0,0.0,0.0,0.0,0.0,0.0,3.0,1.0,1.0,1.0,3.0,1.0,1.0,1.0,0.0,0.0,0.0,4.0,1275.0,3408961.0,65554.0,0.0,2.0,1537.0,1409.0,5.0,513.0,255.0,0.0,0.0,0.0,5.0,769.0,255.0,0.0,0.0,0.0,5.0,1025.0,255.0,0.0,0.0,0.0,3.0,1644167432.0,1644167688.0,1644167944.0,4.0,1678835984.0,1678836240.0,1678836496.0,1678836752.0,4.0,1678837008.0,1678837264.0,1678837520.0,1678837776.0,5.0,385.0,255.0,0.0,0.0,0.0,5.0,641.0,255.0,0.0,0.0,0.0,5.0,897.0,255.0,0.0,0.0,0.0,5.0,1153.0,255.0,0.0,0.0,0.0,5.0,417.0,254.0,0.0,0.0,0.0,5.0,449.0,254.0,0.0,0.0,0.0,5.0,481.0,254.0,0.0,0.0,0.0,5.0,673.0,254.0,0.0,0.0,0.0,5.0,705.0,254.0,0.0,0.0,0.0,5.0,737.0,254.0,0.0,0.0,0.0,1.0,1610613000.0,4.0,1677787408.0,1677787664.0,1677787920.0,1677788176.0,4.0,1677788432.0,1677788688.0,1677788944.0,1677789200.0,4.0,1677789456.0,1677789712.0,1677789968.0,1677790224.0,4.0,1342177544.0,1342177800.0,1342178056.0,1342178312.0,8.0,1342243080.0,1342243336.0,1342243592.0,1342243848.0,1342244104.0,1342244360.0,1342244616.0,1342244872.0,4.0,1342308624.0,1342308880.0,1342309136.0,1342309392.0,4.0,1342374160.0,1342374416.0,1342374672.0,1342374928.0,4.0,1342375184.0,1342375440.0,1342375696.0,1342375952.0,8.0,1342439688.0,1342439944.0,1342440200.0,1342440456.0,1342440712.0,1342440968.0,1342441224.0,1342441480.0,5.0,0.0,0.0,0.0,0.0,0.0,8.0,51.0,51.0,51.0,51.0,17.0,17.0,17.0,17.0,16.0,100.0,100.0,100.0,100.0,100.0,100.0,100.0,100.0,100.0,100.0,100.0,100.0,100.0,100.0,100.0,100.0,2.0,0.0,0.0,2.0,0.0,0.0,4.0,80.0,244.0,0.0,0.0,8.0,0.0,252.0,0.0,1.0,221.0,221.0,245.0,0.0,5.0,143.0,1775.0,2.0,7.0,1.0,8.0,0.0,0.0,0.0,0.0,3468.0,0.0,0.0,0.0,8.0,15.0,0.0,0.0,0.0,224.0,0.0,0.0,0.0,1.0,0.0,3.0,0.0,0.0,255.0,12.0,0.0,0.0,0.0,0.0,0.0,0.0,0.0,0.0,0.0,0.0,0.0,0.0,8.0,0.0,0.0,0.0,0.0,1000.0,0.0,0.0,0.0,12.0,50.0,50.0,50.0,50.0,50.0,50.0,50.0,50.0,50.0,50.0,50.0,50.0,0.0,0.0,0.0,983441.0,0.0,340441200.0,34044201.0,1.15,129.0,0.0,2000.0,1000.0,0.0,1000.0,0.0,0.0,0.0,0.0,0.0,0.0,0.0,0.0,0.0,0.0,0.0,0.0,0.0,0.0,0.0,0.0,0.0,0.0,0.0,0.0,0.0,0.0,0.0,0.0,0.0,0.0,0.0,0.0,1.0,0.0,0.0,0.0,0.0,0.0,0.0,0.0,0.0,0.0,0.0,0.0,0.0,0.0,0.0,0.0,0.0,0.0,0.0,0.0,1.0,0.0,1.0,0.0,0.0,0.0,0.0,0.0,0.0,0.0,0.0,0.0,0.0,0.0,0.0,0.0,0.0,0.0,0.0,0.0,0.0,0.0,0.0,0.0,0.0,0.0,3.313,0.0,0.0,0.0,0.0,0.0,0.0,0.0,0.0,0.0,0.0,0.0,
73,0.0,0.0,0.0,0.0,0.0,0.0,3.0,1.0,1.0,1.0,3.0,1.0,1.0,1.0,0.0,0.0,0.0,4.0,1275.0,3408961.0,65554.0,0.0,2.0,1537.0,1409.0,5.0,513.0,255.0,0.0,0.0,0.0,5.0,769.0,255.0,0.0,0.0,0.0,5.0,1025.0,255.0,0.0,0.0,0.0,3.0,1644167432.0,1644167688.0,1644167944.0,4.0,1678835984.0,1678836240.0,1678836496.0,1678836752.0,4.0,1678837008.0,1678837264.0,1678837520.0,1678837776.0,5.0,385.0,255.0,0.0,0.0,0.0,5.0,641.0,255.0,0.0,0.0,0.0,5.0,897.0,255.0,0.0,0.0,0.0,5.0,1153.0,255.0,0.0,0.0,0.0,5.0,417.0,254.0,0.0,0.0,0.0,5.0,449.0,254.0,0.0,0.0,0.0,5.0,481.0,254.0,0.0,0.0,0.0,5.0,673.0,254.0,0.0,0.0,0.0,5.0,705.0,254.0,0.0,0.0,0.0,5.0,737.0,254.0,0.0,0.0,0.0,1.0,1610613000.0,4.0,1677787408.0,1677787664.0,1677787920.0,1677788176.0,4.0,1677788432.0,1677788688.0,1677788944.0,1677789200.0,4.0,1677789456.0,1677789712.0,1677789968.0,1677790224.0,4.0,1342177544.0,1342177800.0,1342178056.0,1342178312.0,8.0,1342243080.0,1342243336.0,1342243592.0,1342243848.0,1342244104.0,1342244360.0,1342244616.0,1342244872.0,4.0,1342308624.0,1342308880.0,1342309136.0,1342309392.0,4.0,1342374160.0,1342374416.0,1342374672.0,1342374928.0,4.0,1342375184.0,1342375440.0,1342375696.0,1342375952.0,8.0,1342439688.0,1342439944.0,1342440200.0,1342440456.0,1342440712.0,1342440968.0,1342441224.0,1342441480.0,5.0,0.0,0.0,0.0,0.0,0.0,8.0,51.0,51.0,51.0,51.0,17.0,17.0,17.0,17.0,16.0,100.0,100.0,100.0,100.0,100.0,100.0,100.0,100.0,100.0,100.0,100.0,100.0,100.0,100.0,100.0,100.0,2.0,0.0,0.0,2.0,0.0,0.0,4.0,80.0,244.0,0.0,0.0,8.0,0.0,252.0,0.0,1.0,221.0,221.0,245.0,0.0,5.0,143.0,1775.0,2.0,7.0,1.0,8.0,0.0,0.0,0.0,0.0,3468.0,0.0,0.0,0.0,8.0,15.0,0.0,0.0,0.0,224.0,0.0,0.0,0.0,1.0,0.0,3.0,0.0,0.0,255.0,12.0,0.0,0.0,0.0,0.0,0.0,0.0,0.0,0.0,0.0,0.0,0.0,0.0,8.0,0.0,0.0,0.0,0.0,0.0,250.0,0.0,0.0,12.0,50.0,50.0,50.0,50.0,50.0,50.0,50.0,50.0,50.0,50.0,50.0,50.0,0.0,0.0,0.0,983441.0,0.0,340441200.0,34044201.0,1.15,129.0,0.0,2000.0,1000.0,0.0,1000.0,0.0,0.0,0.0,0.0,0.0,0.0,0.0,0.0,0.0,0.0,0.0,0.0,0.0,0.0,0.0,0.0,0.0,0.0,0.0,0.0,0.0,0.0,0.0,0.0,0.0,0.0,0.0,0.0,0.0,1.0,0.0,0.0,0.0,0.0,0.0,0.0,0.0,0.0,0.0,0.0,0.0,0.0,0.0,0.0,0.0,0.0,0.0,0.0,1.0,0.0,1.0,0.0,0.0,0.0,0.0,0.0,0.0,0.0,0.0,0.0,0.0,0.0,0.0,0.0,0.0,0.0,0.0,0.0,0.0,0.0,0.0,0.0,0.0,0.0,0.867,0.0,0.0,0.0,0.0,0.0,0.0,0.0,0.0,0.0,0.0,0.0,
74,0.0,0.0,0.0,0.0,0.0,0.0,3.0,1.0,1.0,1.0,3.0,1.0,1.0,1.0,0.0,0.0,0.0,4.0,1275.0,3408961.0,65554.0,0.0,2.0,1537.0,1409.0,5.0,513.0,255.0,0.0,0.0,0.0,5.0,769.0,255.0,0.0,0.0,0.0,5.0,1025.0,255.0,0.0,0.0,0.0,3.0,1644167432.0,1644167688.0,1644167944.0,4.0,1678835984.0,1678836240.0,1678836496.0,1678836752.0,4.0,1678837008.0,1678837264.0,1678837520.0,1678837776.0,5.0,385.0,255.0,0.0,0.0,0.0,5.0,641.0,255.0,0.0,0.0,0.0,5.0,897.0,255.0,0.0,0.0,0.0,5.0,1153.0,255.0,0.0,0.0,0.0,5.0,417.0,254.0,0.0,0.0,0.0,5.0,449.0,254.0,0.0,0.0,0.0,5.0,481.0,254.0,0.0,0.0,0.0,5.0,673.0,254.0,0.0,0.0,0.0,5.0,705.0,254.0,0.0,0.0,0.0,5.0,737.0,254.0,0.0,0.0,0.0,1.0,1610613000.0,4.0,1677787408.0,1677787664.0,1677787920.0,1677788176.0,4.0,1677788432.0,1677788688.0,1677788944.0,1677789200.0,4.0,1677789456.0,1677789712.0,1677789968.0,1677790224.0,4.0,1342177544.0,1342177800.0,1342178056.0,1342178312.0,8.0,1342243080.0,1342243336.0,1342243592.0,1342243848.0,1342244104.0,1342244360.0,1342244616.0,1342244872.0,4.0,1342308624.0,1342308880.0,1342309136.0,1342309392.0,4.0,1342374160.0,1342374416.0,1342374672.0,1342374928.0,4.0,1342375184.0,1342375440.0,1342375696.0,1342375952.0,8.0,1342439688.0,1342439944.0,1342440200.0,1342440456.0,1342440712.0,1342440968.0,1342441224.0,1342441480.0,5.0,0.0,0.0,0.0,0.0,0.0,8.0,51.0,51.0,51.0,51.0,17.0,17.0,17.0,17.0,16.0,100.0,100.0,100.0,100.0,100.0,100.0,100.0,100.0,100.0,100.0,100.0,100.0,100.0,100.0,100.0,100.0,2.0,0.0,0.0,2.0,0.0,0.0,4.0,80.0,244.0,0.0,0.0,8.0,0.0,252.0,0.0,4.0,221.0,221.0,245.0,0.0,5.0,145.0,1775.0,2.0,7.0,1.0,8.0,0.0,0.0,0.0,0.0,0.0,943.0,0.0,0.0,8.0,15.0,0.0,0.0,0.0,224.0,0.0,0.0,0.0,1.0,0.0,3.0,0.0,0.0,255.0,12.0,0.0,0.0,0.0,0.0,0.0,0.0,0.0,0.0,0.0,0.0,0.0,0.0,8.0,0.0,0.0,0.0,0.0,0.0,250.0,0.0,0.0,12.0,50.0,50.0,50.0,50.0,50.0,50.0,50.0,50.0,50.0,50.0,50.0,50.0,0.0,0.0,0.0,983441.0,0.0,340441200.0,34044201.0,1.15,129.0,0.0,2000.0,1000.0,0.0,1000.0,0.0,0.0,0.0,0.0,0.0,0.0,0.0,0.0,0.0,0.0,0.0,0.0,0.0,0.0,0.0,0.0,0.0,0.0,0.0,0.0,0.0,0.0,0.0,0.0,0.0,0.0,0.0,0.0,0.0,1.0,0.0,0.0,0.0,0.0,0.0,0.0,0.0,0.0,0.0,0.0,0.0,0.0,0.0,0.0,0.0,0.0,0.0,0.0,1.0,0.0,1.0,0.0,0.0,0.0,0.0,0.0,0.0,0.0,0.0,0.0,0.0,0.0,0.0,0.0,0.0,0.0,0.0,0.0,0.0,0.0,0.0,0.0,0.0,0.0,0.868,0.0,0.0,0.0,0.0,0.0,0.0,0.0,0.0,0.0,0.0,0.0,
76,0.0,0.0,0.0,0.0,0.0,0.0,3.0,1.0,1.0,1.0,3.0,1.0,1.0,1.0,0.0,0.0,0.0,4.0,1275.0,3408961.0,65554.0,0.0,2.0,1537.0,1409.0,5.0,513.0,255.0,0.0,0.0,0.0,5.0,769.0,255.0,0.0,0.0,0.0,5.0,1025.0,255.0,0.0,0.0,0.0,3.0,1644167432.0,1644167688.0,1644167944.0,4.0,1678835984.0,1678836240.0,1678836496.0,1678836752.0,4.0,1678837008.0,1678837264.0,1678837520.0,1678837776.0,5.0,385.0,255.0,0.0,0.0,0.0,5.0,641.0,255.0,0.0,0.0,0.0,5.0,897.0,255.0,0.0,0.0,0.0,5.0,1153.0,255.0,0.0,0.0,0.0,5.0,417.0,254.0,0.0,0.0,0.0,5.0,449.0,254.0,0.0,0.0,0.0,5.0,481.0,254.0,0.0,0.0,0.0,5.0,673.0,254.0,0.0,0.0,0.0,5.0,705.0,254.0,0.0,0.0,0.0,5.0,737.0,254.0,0.0,0.0,0.0,1.0,1610613000.0,4.0,1677787408.0,1677787664.0,1677787920.0,1677788176.0,4.0,1677788432.0,1677788688.0,1677788944.0,1677789200.0,4.0,1677789456.0,1677789712.0,1677789968.0,1677790224.0,4.0,1342177544.0,1342177800.0,1342178056.0,1342178312.0,8.0,1342243080.0,1342243336.0,1342243592.0,1342243848.0,1342244104.0,1342244360.0,1342244616.0,1342244872.0,4.0,1342308624.0,1342308880.0,1342309136.0,1342309392.0,4.0,1342374160.0,1342374416.0,1342374672.0,1342374928.0,4.0,1342375184.0,1342375440.0,1342375696.0,1342375952.0,8.0,1342439688.0,1342439944.0,1342440200.0,1342440456.0,1342440712.0,1342440968.0,1342441224.0,1342441480.0,5.0,0.0,0.0,0.0,0.0,0.0,8.0,51.0,51.0,51.0,51.0,17.0,17.0,17.0,17.0,16.0,100.0,100.0,100.0,100.0,100.0,100.0,100.0,100.0,100.0,100.0,100.0,100.0,100.0,100.0,100.0,100.0,2.0,0.0,0.0,2.0,0.0,0.0,4.0,80.0,244.0,0.0,0.0,8.0,0.0,252.0,0.0,4.0,221.0,221.0,245.0,0.0,5.0,145.0,1775.0,2.0,7.0,1.0,8.0,0.0,0.0,0.0,0.0,0.0,943.0,0.0,0.0,8.0,15.0,0.0,0.0,0.0,224.0,0.0,0.0,0.0,1.0,0.0,3.0,0.0,0.0,255.0,12.0,0.0,0.0,0.0,0.0,0.0,0.0,0.0,0.0,0.0,0.0,0.0,0.0,8.0,0.0,0.0,0.0,0.0,0.0,500.0,0.0,0.0,12.0,50.0,50.0,50.0,50.0,50.0,50.0,50.0,50.0,50.0,50.0,50.0,50.0,0.0,0.0,0.0,983441.0,0.0,340441200.0,34044201.0,1.15,129.0,0.0,2000.0,1000.0,0.0,1000.0,0.0,0.0,0.0,0.0,0.0,0.0,0.0,0.0,0.0,0.0,0.0,0.0,0.0,0.0,0.0,0.0,0.0,0.0,0.0,0.0,0.0,0.0,0.0,0.0,0.0,0.0,0.0,0.0,0.0,1.0,0.0,0.0,0.0,0.0,0.0,0.0,0.0,0.0,0.0,0.0,0.0,0.0,0.0,0.0,0.0,0.0,0.0,0.0,1.0,0.0,1.0,0.0,0.0,0.0,0.0,0.0,0.0,0.0,0.0,0.0,0.0,0.0,0.0,0.0,0.0,0.0,0.0,0.0,0.0,0.0,0.0,0.0,0.0,0.0,1.677,0.0,0.0,0.0,0.0,0.0,0.0,0.0,0.0,0.0,0.0,0.0,
77,0.0,0.0,0.0,0.0,0.0,0.0,3.0,1.0,1.0,1.0,3.0,1.0,1.0,1.0,0.0,0.0,0.0,4.0,1275.0,3408961.0,65554.0,0.0,2.0,1537.0,1409.0,5.0,513.0,255.0,0.0,0.0,0.0,5.0,769.0,255.0,0.0,0.0,0.0,5.0,1025.0,255.0,0.0,0.0,0.0,3.0,1644167432.0,1644167688.0,1644167944.0,4.0,1678835984.0,1678836240.0,1678836496.0,1678836752.0,4.0,1678837008.0,1678837264.0,1678837520.0,1678837776.0,5.0,385.0,255.0,0.0,0.0,0.0,5.0,641.0,255.0,0.0,0.0,0.0,5.0,897.0,255.0,0.0,0.0,0.0,5.0,1153.0,255.0,0.0,0.0,0.0,5.0,417.0,254.0,0.0,0.0,0.0,5.0,449.0,254.0,0.0,0.0,0.0,5.0,481.0,254.0,0.0,0.0,0.0,5.0,673.0,254.0,0.0,0.0,0.0,5.0,705.0,254.0,0.0,0.0,0.0,5.0,737.0,254.0,0.0,0.0,0.0,1.0,1610613000.0,4.0,1677787408.0,1677787664.0,1677787920.0,1677788176.0,4.0,1677788432.0,1677788688.0,1677788944.0,1677789200.0,4.0,1677789456.0,1677789712.0,1677789968.0,1677790224.0,4.0,1342177544.0,1342177800.0,1342178056.0,1342178312.0,8.0,1342243080.0,1342243336.0,1342243592.0,1342243848.0,1342244104.0,1342244360.0,1342244616.0,1342244872.0,4.0,1342308624.0,1342308880.0,1342309136.0,1342309392.0,4.0,1342374160.0,1342374416.0,1342374672.0,1342374928.0,4.0,1342375184.0,1342375440.0,1342375696.0,1342375952.0,8.0,1342439688.0,1342439944.0,1342440200.0,1342440456.0,1342440712.0,1342440968.0,1342441224.0,1342441480.0,5.0,0.0,0.0,0.0,0.0,0.0,8.0,51.0,51.0,51.0,51.0,17.0,17.0,17.0,17.0,16.0,100.0,100.0,100.0,100.0,100.0,100.0,100.0,100.0,100.0,100.0,100.0,100.0,100.0,100.0,100.0,100.0,2.0,0.0,0.0,2.0,0.0,0.0,4.0,80.0,244.0,0.0,0.0,8.0,0.0,252.0,0.0,4.0,221.0,221.0,245.0,0.0,5.0,144.0,1775.0,2.0,7.0,1.0,8.0,0.0,0.0,0.0,0.0,0.0,1883.0,0.0,0.0,8.0,15.0,0.0,0.0,0.0,224.0,0.0,0.0,0.0,1.0,0.0,3.0,0.0,0.0,255.0,12.0,0.0,0.0,0.0,0.0,0.0,0.0,0.0,0.0,0.0,0.0,0.0,0.0,8.0,0.0,0.0,0.0,0.0,0.0,500.0,0.0,0.0,12.0,50.0,50.0,50.0,50.0,50.0,50.0,50.0,50.0,50.0,50.0,50.0,50.0,0.0,0.0,0.0,983441.0,0.0,340441200.0,34044201.0,1.15,129.0,0.0,2000.0,1000.0,0.0,1000.0,0.0,0.0,0.0,0.0,0.0,0.0,0.0,0.0,0.0,0.0,0.0,0.0,0.0,0.0,0.0,0.0,0.0,0.0,0.0,0.0,0.0,0.0,0.0,0.0,0.0,0.0,0.0,0.0,0.0,1.0,0.0,0.0,0.0,0.0,0.0,0.0,0.0,0.0,0.0,0.0,0.0,0.0,0.0,0.0,0.0,0.0,0.0,0.0,1.0,0.0,1.0,0.0,0.0,0.0,0.0,0.0,0.0,0.0,0.0,0.0,0.0,0.0,0.0,0.0,0.0,0.0,0.0,0.0,0.0,0.0,0.0,0.0,0.0,0.0,1.68,0.0,0.0,0.0,0.0,0.0,0.0,0.0,0.0,0.0,0.0,0.0,
79,0.0,0.0,0.0,0.0,0.0,0.0,3.0,1.0,1.0,1.0,3.0,1.0,1.0,1.0,0.0,0.0,0.0,4.0,1275.0,3408961.0,65554.0,0.0,2.0,1537.0,1409.0,5.0,513.0,255.0,0.0,0.0,0.0,5.0,769.0,255.0,0.0,0.0,0.0,5.0,1025.0,255.0,0.0,0.0,0.0,3.0,1644167432.0,1644167688.0,1644167944.0,4.0,1678835984.0,1678836240.0,1678836496.0,1678836752.0,4.0,1678837008.0,1678837264.0,1678837520.0,1678837776.0,5.0,385.0,255.0,0.0,0.0,0.0,5.0,641.0,255.0,0.0,0.0,0.0,5.0,897.0,255.0,0.0,0.0,0.0,5.0,1153.0,255.0,0.0,0.0,0.0,5.0,417.0,254.0,0.0,0.0,0.0,5.0,449.0,254.0,0.0,0.0,0.0,5.0,481.0,254.0,0.0,0.0,0.0,5.0,673.0,254.0,0.0,0.0,0.0,5.0,705.0,254.0,0.0,0.0,0.0,5.0,737.0,254.0,0.0,0.0,0.0,1.0,1610613000.0,4.0,1677787408.0,1677787664.0,1677787920.0,1677788176.0,4.0,1677788432.0,1677788688.0,1677788944.0,1677789200.0,4.0,1677789456.0,1677789712.0,1677789968.0,1677790224.0,4.0,1342177544.0,1342177800.0,1342178056.0,1342178312.0,8.0,1342243080.0,1342243336.0,1342243592.0,1342243848.0,1342244104.0,1342244360.0,1342244616.0,1342244872.0,4.0,1342308624.0,1342308880.0,1342309136.0,1342309392.0,4.0,1342374160.0,1342374416.0,1342374672.0,1342374928.0,4.0,1342375184.0,1342375440.0,1342375696.0,1342375952.0,8.0,1342439688.0,1342439944.0,1342440200.0,1342440456.0,1342440712.0,1342440968.0,1342441224.0,1342441480.0,5.0,0.0,0.0,0.0,0.0,0.0,8.0,51.0,51.0,51.0,51.0,17.0,17.0,17.0,17.0,16.0,100.0,100.0,100.0,100.0,100.0,100.0,100.0,100.0,100.0,100.0,100.0,100.0,100.0,100.0,100.0,100.0,2.0,0.0,0.0,2.0,0.0,0.0,4.0,80.0,244.0,0.0,0.0,8.0,0.0,252.0,0.0,4.0,221.0,221.0,245.0,0.0,5.0,144.0,1775.0,2.0,7.0,1.0,8.0,0.0,0.0,0.0,0.0,0.0,1883.0,0.0,0.0,8.0,15.0,0.0,0.0,0.0,224.0,0.0,0.0,0.0,1.0,0.0,3.0,0.0,0.0,255.0,12.0,0.0,0.0,0.0,0.0,0.0,0.0,0.0,0.0,0.0,0.0,0.0,0.0,8.0,0.0,0.0,0.0,0.0,0.0,1000.0,0.0,0.0,12.0,50.0,50.0,50.0,50.0,50.0,50.0,50.0,50.0,50.0,50.0,50.0,50.0,0.0,0.0,0.0,983441.0,0.0,340441200.0,34044201.0,1.15,129.0,0.0,2000.0,1000.0,0.0,1000.0,0.0,0.0,0.0,0.0,0.0,0.0,0.0,0.0,0.0,0.0,0.0,0.0,0.0,0.0,0.0,0.0,0.0,0.0,0.0,0.0,0.0,0.0,0.0,0.0,0.0,0.0,0.0,0.0,0.0,1.0,0.0,0.0,0.0,0.0,0.0,0.0,0.0,0.0,0.0,0.0,0.0,0.0,0.0,0.0,0.0,0.0,0.0,0.0,1.0,0.0,1.0,0.0,0.0,0.0,0.0,0.0,0.0,0.0,0.0,0.0,0.0,0.0,0.0,0.0,0.0,0.0,0.0,0.0,0.0,0.0,0.0,0.0,0.0,0.0,3.298,0.0,0.0,0.0,0.0,0.0,0.0,0.0,0.0,0.0,0.0,0.0,
80,0.0,0.0,0.0,0.0,0.0,0.0,3.0,1.0,1.0,1.0,3.0,1.0,1.0,1.0,0.0,0.0,0.0,4.0,1275.0,3408961.0,65554.0,0.0,2.0,1537.0,1409.0,5.0,513.0,255.0,0.0,0.0,0.0,5.0,769.0,255.0,0.0,0.0,0.0,5.0,1025.0,255.0,0.0,0.0,0.0,3.0,1644167432.0,1644167688.0,1644167944.0,4.0,1678835984.0,1678836240.0,1678836496.0,1678836752.0,4.0,1678837008.0,1678837264.0,1678837520.0,1678837776.0,5.0,385.0,255.0,0.0,0.0,0.0,5.0,641.0,255.0,0.0,0.0,0.0,5.0,897.0,255.0,0.0,0.0,0.0,5.0,1153.0,255.0,0.0,0.0,0.0,5.0,417.0,254.0,0.0,0.0,0.0,5.0,449.0,254.0,0.0,0.0,0.0,5.0,481.0,254.0,0.0,0.0,0.0,5.0,673.0,254.0,0.0,0.0,0.0,5.0,705.0,254.0,0.0,0.0,0.0,5.0,737.0,254.0,0.0,0.0,0.0,1.0,1610613000.0,4.0,1677787408.0,1677787664.0,1677787920.0,1677788176.0,4.0,1677788432.0,1677788688.0,1677788944.0,1677789200.0,4.0,1677789456.0,1677789712.0,1677789968.0,1677790224.0,4.0,1342177544.0,1342177800.0,1342178056.0,1342178312.0,8.0,1342243080.0,1342243336.0,1342243592.0,1342243848.0,1342244104.0,1342244360.0,1342244616.0,1342244872.0,4.0,1342308624.0,1342308880.0,1342309136.0,1342309392.0,4.0,1342374160.0,1342374416.0,1342374672.0,1342374928.0,4.0,1342375184.0,1342375440.0,1342375696.0,1342375952.0,8.0,1342439688.0,1342439944.0,1342440200.0,1342440456.0,1342440712.0,1342440968.0,1342441224.0,1342441480.0,5.0,0.0,0.0,0.0,0.0,0.0,8.0,51.0,51.0,51.0,51.0,17.0,17.0,17.0,17.0,16.0,100.0,100.0,100.0,100.0,100.0,100.0,100.0,100.0,100.0,100.0,100.0,100.0,100.0,100.0,100.0,100.0,2.0,0.0,0.0,2.0,0.0,0.0,4.0,80.0,244.0,0.0,0.0,8.0,0.0,252.0,0.0,4.0,221.0,221.0,245.0,0.0,5.0,143.0,1775.0,2.0,7.0,1.0,8.0,0.0,0.0,0.0,0.0,0.0,3428.0,0.0,0.0,8.0,15.0,0.0,0.0,0.0,224.0,0.0,0.0,0.0,1.0,0.0,3.0,0.0,0.0,255.0,12.0,0.0,0.0,0.0,0.0,0.0,0.0,0.0,0.0,0.0,0.0,0.0,0.0,8.0,0.0,0.0,0.0,0.0,0.0,1000.0,0.0,0.0,12.0,50.0,50.0,50.0,50.0,50.0,50.0,50.0,50.0,50.0,50.0,50.0,50.0,0.0,0.0,0.0,983441.0,0.0,340441200.0,34044201.0,1.15,129.0,0.0,2000.0,1000.0,0.0,1000.0,0.0,0.0,0.0,0.0,0.0,0.0,0.0,0.0,0.0,0.0,0.0,0.0,0.0,0.0,0.0,0.0,0.0,0.0,0.0,0.0,0.0,0.0,0.0,0.0,0.0,0.0,0.0,0.0,0.0,1.0,0.0,0.0,0.0,0.0,0.0,0.0,0.0,0.0,0.0,0.0,0.0,0.0,0.0,0.0,0.0,0.0,0.0,0.0,1.0,0.0,1.0,0.0,0.0,0.0,0.0,0.0,0.0,0.0,0.0,0.0,0.0,0.0,0.0,0.0,0.0,0.0,0.0,0.0,0.0,0.0,0.0,0.0,0.0,0.0,3.299,0.0,0.0,0.0,0.0,0.0,0.0,0.0,0.0,0.0,0.0,0.0,
85,0.0,0.0,0.0,0.0,0.0,0.0,3.0,1.0,1.0,1.0,3.0,1.0,1.0,1.0,0.0,0.0,0.0,4.0,1275.0,3408961.0,65554.0,0.0,2.0,1537.0,1409.0,5.0,513.0,255.0,0.0,0.0,0.0,5.0,769.0,255.0,0.0,0.0,0.0,5.0,1025.0,255.0,0.0,0.0,0.0,3.0,1644167432.0,1644167688.0,1644167944.0,4.0,1678835984.0,1678836240.0,1678836496.0,1678836752.0,4.0,1678837008.0,1678837264.0,1678837520.0,1678837776.0,5.0,385.0,255.0,0.0,0.0,0.0,5.0,641.0,255.0,0.0,0.0,0.0,5.0,897.0,255.0,0.0,0.0,0.0,5.0,1153.0,255.0,0.0,0.0,0.0,5.0,417.0,254.0,0.0,0.0,0.0,5.0,449.0,254.0,0.0,0.0,0.0,5.0,481.0,254.0,0.0,0.0,0.0,5.0,673.0,254.0,0.0,0.0,0.0,5.0,705.0,254.0,0.0,0.0,0.0,5.0,737.0,254.0,0.0,0.0,0.0,1.0,1610613000.0,4.0,1677787408.0,1677787664.0,1677787920.0,1677788176.0,4.0,1677788432.0,1677788688.0,1677788944.0,1677789200.0,4.0,1677789456.0,1677789712.0,1677789968.0,1677790224.0,4.0,1342177544.0,1342177800.0,1342178056.0,1342178312.0,8.0,1342243080.0,1342243336.0,1342243592.0,1342243848.0,1342244104.0,1342244360.0,1342244616.0,1342244872.0,4.0,1342308624.0,1342308880.0,1342309136.0,1342309392.0,4.0,1342374160.0,1342374416.0,1342374672.0,1342374928.0,4.0,1342375184.0,1342375440.0,1342375696.0,1342375952.0,8.0,1342439688.0,1342439944.0,1342440200.0,1342440456.0,1342440712.0,1342440968.0,1342441224.0,1342441480.0,5.0,0.0,0.0,0.0,0.0,0.0,8.0,51.0,51.0,51.0,51.0,17.0,17.0,17.0,17.0,16.0,100.0,100.0,100.0,100.0,100.0,100.0,100.0,100.0,100.0,100.0,100.0,100.0,100.0,100.0,100.0,100.0,2.0,0.0,0.0,2.0,0.0,0.0,4.0,80.0,244.0,0.0,0.0,8.0,0.0,252.0,0.0,4.0,221.0,221.0,245.0,0.0,5.0,143.0,1775.0,2.0,7.0,1.0,8.0,0.0,0.0,0.0,0.0,0.0,3428.0,0.0,0.0,8.0,15.0,0.0,0.0,0.0,224.0,0.0,0.0,0.0,1.0,0.0,3.0,0.0,0.0,255.0,12.0,0.0,0.0,0.0,0.0,0.0,0.0,0.0,0.0,0.0,0.0,0.0,0.0,8.0,0.0,0.0,0.0,0.0,0.0,0.0,250.0,0.0,12.0,50.0,50.0,50.0,50.0,50.0,50.0,50.0,50.0,50.0,50.0,50.0,50.0,0.0,0.0,0.0,983441.0,0.0,340441200.0,34044201.0,1.15,129.0,0.0,2000.0,1000.0,0.0,1000.0,0.0,0.0,0.0,0.0,0.0,0.0,0.0,0.0,0.0,0.0,0.0,0.0,0.0,0.0,0.0,0.0,0.0,0.0,0.0,0.0,0.0,0.0,0.0,0.0,0.0,0.0,0.0,0.0,0.0,0.0,1.0,0.0,0.0,0.0,0.0,0.0,0.0,0.0,0.0,0.0,0.0,0.0,0.0,0.0,0.0,0.0,0.0,0.0,1.0,0.0,1.0,0.0,0.0,0.0,0.0,0.0,0.0,0.0,0.0,0.0,0.0,0.0,0.0,0.0,0.0,0.0,0.0,0.0,0.0,0.0,0.0,0.0,0.0,0.0,0.872,0.0,0.0,0.0,0.0,0.0,0.0,0.0,0.0,0.0,0.0,0.0,
86,0.0,0.0,0.0,0.0,0.0,0.0,3.0,1.0,1.0,1.0,3.0,1.0,1.0,1.0,0.0,0.0,0.0,4.0,1275.0,3408961.0,65554.0,0.0,2.0,1537.0,1409.0,5.0,513.0,255.0,0.0,0.0,0.0,5.0,769.0,255.0,0.0,0.0,0.0,5.0,1025.0,255.0,0.0,0.0,0.0,3.0,1644167432.0,1644167688.0,1644167944.0,4.0,1678835984.0,1678836240.0,1678836496.0,1678836752.0,4.0,1678837008.0,1678837264.0,1678837520.0,1678837776.0,5.0,385.0,255.0,0.0,0.0,0.0,5.0,641.0,255.0,0.0,0.0,0.0,5.0,897.0,255.0,0.0,0.0,0.0,5.0,1153.0,255.0,0.0,0.0,0.0,5.0,417.0,254.0,0.0,0.0,0.0,5.0,449.0,254.0,0.0,0.0,0.0,5.0,481.0,254.0,0.0,0.0,0.0,5.0,673.0,254.0,0.0,0.0,0.0,5.0,705.0,254.0,0.0,0.0,0.0,5.0,737.0,254.0,0.0,0.0,0.0,1.0,1610613000.0,4.0,1677787408.0,1677787664.0,1677787920.0,1677788176.0,4.0,1677788432.0,1677788688.0,1677788944.0,1677789200.0,4.0,1677789456.0,1677789712.0,1677789968.0,1677790224.0,4.0,1342177544.0,1342177800.0,1342178056.0,1342178312.0,8.0,1342243080.0,1342243336.0,1342243592.0,1342243848.0,1342244104.0,1342244360.0,1342244616.0,1342244872.0,4.0,1342308624.0,1342308880.0,1342309136.0,1342309392.0,4.0,1342374160.0,1342374416.0,1342374672.0,1342374928.0,4.0,1342375184.0,1342375440.0,1342375696.0,1342375952.0,8.0,1342439688.0,1342439944.0,1342440200.0,1342440456.0,1342440712.0,1342440968.0,1342441224.0,1342441480.0,5.0,0.0,0.0,0.0,0.0,0.0,8.0,51.0,51.0,51.0,51.0,17.0,17.0,17.0,17.0,16.0,100.0,100.0,100.0,100.0,100.0,100.0,100.0,100.0,100.0,100.0,100.0,100.0,100.0,100.0,100.0,100.0,2.0,0.0,0.0,2.0,0.0,0.0,4.0,80.0,244.0,0.0,0.0,8.0,0.0,252.0,0.0,16.0,221.0,221.0,245.0,0.0,5.0,144.0,1775.0,2.0,7.0,1.0,8.0,0.0,0.0,0.0,0.0,0.0,0.0,947.0,0.0,8.0,15.0,0.0,0.0,0.0,224.0,0.0,0.0,0.0,1.0,0.0,3.0,0.0,0.0,255.0,12.0,0.0,0.0,0.0,0.0,0.0,0.0,0.0,0.0,0.0,0.0,0.0,0.0,8.0,0.0,0.0,0.0,0.0,0.0,0.0,250.0,0.0,12.0,50.0,50.0,50.0,50.0,50.0,50.0,50.0,50.0,50.0,50.0,50.0,50.0,0.0,0.0,0.0,983441.0,0.0,340441200.0,34044201.0,1.15,129.0,0.0,2000.0,1000.0,0.0,1000.0,0.0,0.0,0.0,0.0,0.0,0.0,0.0,0.0,0.0,0.0,0.0,0.0,0.0,0.0,0.0,0.0,0.0,0.0,0.0,0.0,0.0,0.0,0.0,0.0,0.0,0.0,0.0,0.0,0.0,0.0,1.0,0.0,0.0,0.0,0.0,0.0,0.0,0.0,0.0,0.0,0.0,0.0,0.0,0.0,0.0,0.0,0.0,0.0,1.0,0.0,1.0,0.0,0.0,0.0,0.0,0.0,0.0,0.0,0.0,0.0,0.0,0.0,0.0,0.0,0.0,0.0,0.0,0.0,0.0,0.0,0.0,0.0,0.0,0.0,0.873,0.0,0.0,0.0,0.0,0.0,0.0,0.0,0.0,0.0,0.0,0.0,
88,0.0,0.0,0.0,0.0,0.0,0.0,3.0,1.0,1.0,1.0,3.0,1.0,1.0,1.0,0.0,0.0,0.0,4.0,1275.0,3408961.0,65554.0,0.0,2.0,1537.0,1409.0,5.0,513.0,255.0,0.0,0.0,0.0,5.0,769.0,255.0,0.0,0.0,0.0,5.0,1025.0,255.0,0.0,0.0,0.0,3.0,1644167432.0,1644167688.0,1644167944.0,4.0,1678835984.0,1678836240.0,1678836496.0,1678836752.0,4.0,1678837008.0,1678837264.0,1678837520.0,1678837776.0,5.0,385.0,255.0,0.0,0.0,0.0,5.0,641.0,255.0,0.0,0.0,0.0,5.0,897.0,255.0,0.0,0.0,0.0,5.0,1153.0,255.0,0.0,0.0,0.0,5.0,417.0,254.0,0.0,0.0,0.0,5.0,449.0,254.0,0.0,0.0,0.0,5.0,481.0,254.0,0.0,0.0,0.0,5.0,673.0,254.0,0.0,0.0,0.0,5.0,705.0,254.0,0.0,0.0,0.0,5.0,737.0,254.0,0.0,0.0,0.0,1.0,1610613000.0,4.0,1677787408.0,1677787664.0,1677787920.0,1677788176.0,4.0,1677788432.0,1677788688.0,1677788944.0,1677789200.0,4.0,1677789456.0,1677789712.0,1677789968.0,1677790224.0,4.0,1342177544.0,1342177800.0,1342178056.0,1342178312.0,8.0,1342243080.0,1342243336.0,1342243592.0,1342243848.0,1342244104.0,1342244360.0,1342244616.0,1342244872.0,4.0,1342308624.0,1342308880.0,1342309136.0,1342309392.0,4.0,1342374160.0,1342374416.0,1342374672.0,1342374928.0,4.0,1342375184.0,1342375440.0,1342375696.0,1342375952.0,8.0,1342439688.0,1342439944.0,1342440200.0,1342440456.0,1342440712.0,1342440968.0,1342441224.0,1342441480.0,5.0,0.0,0.0,0.0,0.0,0.0,8.0,51.0,51.0,51.0,51.0,17.0,17.0,17.0,17.0,16.0,100.0,100.0,100.0,100.0,100.0,100.0,100.0,100.0,100.0,100.0,100.0,100.0,100.0,100.0,100.0,100.0,2.0,0.0,0.0,2.0,0.0,0.0,4.0,80.0,244.0,0.0,0.0,8.0,0.0,252.0,0.0,16.0,221.0,221.0,245.0,0.0,5.0,144.0,1775.0,2.0,7.0,1.0,8.0,0.0,0.0,0.0,0.0,0.0,0.0,947.0,0.0,8.0,15.0,0.0,0.0,0.0,224.0,0.0,0.0,0.0,1.0,0.0,3.0,0.0,0.0,255.0,12.0,0.0,0.0,0.0,0.0,0.0,0.0,0.0,0.0,0.0,0.0,0.0,0.0,8.0,0.0,0.0,0.0,0.0,0.0,0.0,500.0,0.0,12.0,50.0,50.0,50.0,50.0,50.0,50.0,50.0,50.0,50.0,50.0,50.0,50.0,0.0,0.0,0.0,983441.0,0.0,340441200.0,34044201.0,1.15,129.0,0.0,2000.0,1000.0,0.0,1000.0,0.0,0.0,0.0,0.0,0.0,0.0,0.0,0.0,0.0,0.0,0.0,0.0,0.0,0.0,0.0,0.0,0.0,0.0,0.0,0.0,0.0,0.0,0.0,0.0,0.0,0.0,0.0,0.0,0.0,0.0,1.0,0.0,0.0,0.0,0.0,0.0,0.0,0.0,0.0,0.0,0.0,0.0,0.0,0.0,0.0,0.0,0.0,0.0,1.0,0.0,1.0,0.0,0.0,0.0,0.0,0.0,0.0,0.0,0.0,0.0,0.0,0.0,0.0,0.0,0.0,0.0,0.0,0.0,0.0,0.0,0.0,0.0,0.0,0.0,1.689,0.0,0.0,0.0,0.0,0.0,0.0,0.0,0.0,0.0,0.0,0.0,
89,0.0,0.0,0.0,0.0,0.0,0.0,3.0,1.0,1.0,1.0,3.0,1.0,1.0,1.0,0.0,0.0,0.0,4.0,1275.0,3408961.0,65554.0,0.0,2.0,1537.0,1409.0,5.0,513.0,255.0,0.0,0.0,0.0,5.0,769.0,255.0,0.0,0.0,0.0,5.0,1025.0,255.0,0.0,0.0,0.0,3.0,1644167432.0,1644167688.0,1644167944.0,4.0,1678835984.0,1678836240.0,1678836496.0,1678836752.0,4.0,1678837008.0,1678837264.0,1678837520.0,1678837776.0,5.0,385.0,255.0,0.0,0.0,0.0,5.0,641.0,255.0,0.0,0.0,0.0,5.0,897.0,255.0,0.0,0.0,0.0,5.0,1153.0,255.0,0.0,0.0,0.0,5.0,417.0,254.0,0.0,0.0,0.0,5.0,449.0,254.0,0.0,0.0,0.0,5.0,481.0,254.0,0.0,0.0,0.0,5.0,673.0,254.0,0.0,0.0,0.0,5.0,705.0,254.0,0.0,0.0,0.0,5.0,737.0,254.0,0.0,0.0,0.0,1.0,1610613000.0,4.0,1677787408.0,1677787664.0,1677787920.0,1677788176.0,4.0,1677788432.0,1677788688.0,1677788944.0,1677789200.0,4.0,1677789456.0,1677789712.0,1677789968.0,1677790224.0,4.0,1342177544.0,1342177800.0,1342178056.0,1342178312.0,8.0,1342243080.0,1342243336.0,1342243592.0,1342243848.0,1342244104.0,1342244360.0,1342244616.0,1342244872.0,4.0,1342308624.0,1342308880.0,1342309136.0,1342309392.0,4.0,1342374160.0,1342374416.0,1342374672.0,1342374928.0,4.0,1342375184.0,1342375440.0,1342375696.0,1342375952.0,8.0,1342439688.0,1342439944.0,1342440200.0,1342440456.0,1342440712.0,1342440968.0,1342441224.0,1342441480.0,5.0,0.0,0.0,0.0,0.0,0.0,8.0,51.0,51.0,51.0,51.0,17.0,17.0,17.0,17.0,16.0,100.0,100.0,100.0,100.0,100.0,100.0,100.0,100.0,100.0,100.0,100.0,100.0,100.0,100.0,100.0,100.0,2.0,0.0,0.0,2.0,0.0,0.0,4.0,80.0,244.0,0.0,0.0,8.0,0.0,252.0,0.0,16.0,221.0,221.0,245.0,0.0,5.0,144.0,1775.0,2.0,7.0,1.0,8.0,0.0,0.0,0.0,0.0,0.0,0.0,1899.0,0.0,8.0,15.0,0.0,0.0,0.0,224.0,0.0,0.0,0.0,1.0,0.0,3.0,0.0,0.0,255.0,12.0,0.0,0.0,0.0,0.0,0.0,0.0,0.0,0.0,0.0,0.0,0.0,0.0,8.0,0.0,0.0,0.0,0.0,0.0,0.0,500.0,0.0,12.0,50.0,50.0,50.0,50.0,50.0,50.0,50.0,50.0,50.0,50.0,50.0,50.0,0.0,0.0,0.0,983441.0,0.0,340441200.0,34044201.0,1.15,129.0,0.0,2000.0,1000.0,0.0,1000.0,0.0,0.0,0.0,0.0,0.0,0.0,0.0,0.0,0.0,0.0,0.0,0.0,0.0,0.0,0.0,0.0,0.0,0.0,0.0,0.0,0.0,0.0,0.0,0.0,0.0,0.0,0.0,0.0,0.0,0.0,1.0,0.0,0.0,0.0,0.0,0.0,0.0,0.0,0.0,0.0,0.0,0.0,0.0,0.0,0.0,0.0,0.0,0.0,1.0,0.0,1.0,0.0,0.0,0.0,0.0,0.0,0.0,0.0,0.0,0.0,0.0,0.0,0.0,0.0,0.0,0.0,0.0,0.0,0.0,0.0,0.0,0.0,0.0,0.0,1.692,0.0,0.0,0.0,0.0,0.0,0.0,0.0,0.0,0.0,0.0,0.0,
91,0.0,0.0,0.0,0.0,0.0,0.0,3.0,1.0,1.0,1.0,3.0,1.0,1.0,1.0,0.0,0.0,0.0,4.0,1275.0,3408961.0,65554.0,0.0,2.0,1537.0,1409.0,5.0,513.0,255.0,0.0,0.0,0.0,5.0,769.0,255.0,0.0,0.0,0.0,5.0,1025.0,255.0,0.0,0.0,0.0,3.0,1644167432.0,1644167688.0,1644167944.0,4.0,1678835984.0,1678836240.0,1678836496.0,1678836752.0,4.0,1678837008.0,1678837264.0,1678837520.0,1678837776.0,5.0,385.0,255.0,0.0,0.0,0.0,5.0,641.0,255.0,0.0,0.0,0.0,5.0,897.0,255.0,0.0,0.0,0.0,5.0,1153.0,255.0,0.0,0.0,0.0,5.0,417.0,254.0,0.0,0.0,0.0,5.0,449.0,254.0,0.0,0.0,0.0,5.0,481.0,254.0,0.0,0.0,0.0,5.0,673.0,254.0,0.0,0.0,0.0,5.0,705.0,254.0,0.0,0.0,0.0,5.0,737.0,254.0,0.0,0.0,0.0,1.0,1610613000.0,4.0,1677787408.0,1677787664.0,1677787920.0,1677788176.0,4.0,1677788432.0,1677788688.0,1677788944.0,1677789200.0,4.0,1677789456.0,1677789712.0,1677789968.0,1677790224.0,4.0,1342177544.0,1342177800.0,1342178056.0,1342178312.0,8.0,1342243080.0,1342243336.0,1342243592.0,1342243848.0,1342244104.0,1342244360.0,1342244616.0,1342244872.0,4.0,1342308624.0,1342308880.0,1342309136.0,1342309392.0,4.0,1342374160.0,1342374416.0,1342374672.0,1342374928.0,4.0,1342375184.0,1342375440.0,1342375696.0,1342375952.0,8.0,1342439688.0,1342439944.0,1342440200.0,1342440456.0,1342440712.0,1342440968.0,1342441224.0,1342441480.0,5.0,0.0,0.0,0.0,0.0,0.0,8.0,51.0,51.0,51.0,51.0,17.0,17.0,17.0,17.0,16.0,100.0,100.0,100.0,100.0,100.0,100.0,100.0,100.0,100.0,100.0,100.0,100.0,100.0,100.0,100.0,100.0,2.0,0.0,0.0,2.0,0.0,0.0,4.0,80.0,244.0,0.0,0.0,8.0,0.0,252.0,0.0,16.0,221.0,221.0,245.0,0.0,5.0,144.0,1775.0,2.0,7.0,1.0,8.0,0.0,0.0,0.0,0.0,0.0,0.0,1899.0,0.0,8.0,15.0,0.0,0.0,0.0,224.0,0.0,0.0,0.0,1.0,0.0,3.0,0.0,0.0,255.0,12.0,0.0,0.0,0.0,0.0,0.0,0.0,0.0,0.0,0.0,0.0,0.0,0.0,8.0,0.0,0.0,0.0,0.0,0.0,0.0,1000.0,0.0,12.0,50.0,50.0,50.0,50.0,50.0,50.0,50.0,50.0,50.0,50.0,50.0,50.0,0.0,0.0,0.0,983441.0,0.0,340441200.0,34044201.0,1.15,129.0,0.0,2000.0,1000.0,0.0,1000.0,0.0,0.0,0.0,0.0,0.0,0.0,0.0,0.0,0.0,0.0,0.0,0.0,0.0,0.0,0.0,0.0,0.0,0.0,0.0,0.0,0.0,0.0,0.0,0.0,0.0,0.0,0.0,0.0,0.0,0.0,1.0,0.0,0.0,0.0,0.0,0.0,0.0,0.0,0.0,0.0,0.0,0.0,0.0,0.0,0.0,0.0,0.0,0.0,1.0,0.0,1.0,0.0,0.0,0.0,0.0,0.0,0.0,0.0,0.0,0.0,0.0,0.0,0.0,0.0,0.0,0.0,0.0,0.0,0.0,0.0,0.0,0.0,0.0,0.0,3.323,0.0,0.0,0.0,0.0,0.0,0.0,0.0,0.0,0.0,0.0,0.0,
92,0.0,0.0,0.0,0.0,0.0,0.0,3.0,1.0,1.0,1.0,3.0,1.0,1.0,1.0,0.0,0.0,0.0,4.0,1275.0,3408961.0,65554.0,0.0,2.0,1537.0,1409.0,5.0,513.0,255.0,0.0,0.0,0.0,5.0,769.0,255.0,0.0,0.0,0.0,5.0,1025.0,255.0,0.0,0.0,0.0,3.0,1644167432.0,1644167688.0,1644167944.0,4.0,1678835984.0,1678836240.0,1678836496.0,1678836752.0,4.0,1678837008.0,1678837264.0,1678837520.0,1678837776.0,5.0,385.0,255.0,0.0,0.0,0.0,5.0,641.0,255.0,0.0,0.0,0.0,5.0,897.0,255.0,0.0,0.0,0.0,5.0,1153.0,255.0,0.0,0.0,0.0,5.0,417.0,254.0,0.0,0.0,0.0,5.0,449.0,254.0,0.0,0.0,0.0,5.0,481.0,254.0,0.0,0.0,0.0,5.0,673.0,254.0,0.0,0.0,0.0,5.0,705.0,254.0,0.0,0.0,0.0,5.0,737.0,254.0,0.0,0.0,0.0,1.0,1610613000.0,4.0,1677787408.0,1677787664.0,1677787920.0,1677788176.0,4.0,1677788432.0,1677788688.0,1677788944.0,1677789200.0,4.0,1677789456.0,1677789712.0,1677789968.0,1677790224.0,4.0,1342177544.0,1342177800.0,1342178056.0,1342178312.0,8.0,1342243080.0,1342243336.0,1342243592.0,1342243848.0,1342244104.0,1342244360.0,1342244616.0,1342244872.0,4.0,1342308624.0,1342308880.0,1342309136.0,1342309392.0,4.0,1342374160.0,1342374416.0,1342374672.0,1342374928.0,4.0,1342375184.0,1342375440.0,1342375696.0,1342375952.0,8.0,1342439688.0,1342439944.0,1342440200.0,1342440456.0,1342440712.0,1342440968.0,1342441224.0,1342441480.0,5.0,0.0,0.0,0.0,0.0,0.0,8.0,51.0,51.0,51.0,51.0,17.0,17.0,17.0,17.0,16.0,100.0,100.0,100.0,100.0,100.0,100.0,100.0,100.0,100.0,100.0,100.0,100.0,100.0,100.0,100.0,100.0,2.0,0.0,0.0,2.0,0.0,0.0,4.0,80.0,244.0,0.0,0.0,8.0,0.0,252.0,0.0,16.0,221.0,221.0,245.0,0.0,5.0,143.0,1775.0,2.0,7.0,1.0,8.0,0.0,0.0,0.0,0.0,0.0,0.0,3496.0,0.0,8.0,15.0,0.0,0.0,0.0,224.0,0.0,0.0,0.0,1.0,0.0,3.0,0.0,0.0,255.0,12.0,0.0,0.0,0.0,0.0,0.0,0.0,0.0,0.0,0.0,0.0,0.0,0.0,8.0,0.0,0.0,0.0,0.0,0.0,0.0,1000.0,0.0,12.0,50.0,50.0,50.0,50.0,50.0,50.0,50.0,50.0,50.0,50.0,50.0,50.0,0.0,0.0,0.0,983441.0,0.0,340441200.0,34044201.0,1.15,129.0,0.0,2000.0,1000.0,0.0,1000.0,0.0,0.0,0.0,0.0,0.0,0.0,0.0,0.0,0.0,0.0,0.0,0.0,0.0,0.0,0.0,0.0,0.0,0.0,0.0,0.0,0.0,0.0,0.0,0.0,0.0,0.0,0.0,0.0,0.0,0.0,1.0,0.0,0.0,0.0,0.0,0.0,0.0,0.0,0.0,0.0,0.0,0.0,0.0,0.0,0.0,0.0,0.0,0.0,1.0,0.0,1.0,0.0,0.0,0.0,0.0,0.0,0.0,0.0,0.0,0.0,0.0,0.0,0.0,0.0,0.0,0.0,0.0,0.0,0.0,0.0,0.0,0.0,0.0,0.0,3.324,0.0,0.0,0.0,0.0,0.0,0.0,0.0,0.0,0.0,0.0,0.0,
97,0.0,0.0,0.0,0.0,0.0,0.0,3.0,1.0,1.0,1.0,3.0,1.0,1.0,1.0,0.0,0.0,0.0,4.0,1275.0,3408961.0,65554.0,0.0,2.0,1537.0,1409.0,5.0,513.0,255.0,0.0,0.0,0.0,5.0,769.0,255.0,0.0,0.0,0.0,5.0,1025.0,255.0,0.0,0.0,0.0,3.0,1644167432.0,1644167688.0,1644167944.0,4.0,1678835984.0,1678836240.0,1678836496.0,1678836752.0,4.0,1678837008.0,1678837264.0,1678837520.0,1678837776.0,5.0,385.0,255.0,0.0,0.0,0.0,5.0,641.0,255.0,0.0,0.0,0.0,5.0,897.0,255.0,0.0,0.0,0.0,5.0,1153.0,255.0,0.0,0.0,0.0,5.0,417.0,254.0,0.0,0.0,0.0,5.0,449.0,254.0,0.0,0.0,0.0,5.0,481.0,254.0,0.0,0.0,0.0,5.0,673.0,254.0,0.0,0.0,0.0,5.0,705.0,254.0,0.0,0.0,0.0,5.0,737.0,254.0,0.0,0.0,0.0,1.0,1610613000.0,4.0,1677787408.0,1677787664.0,1677787920.0,1677788176.0,4.0,1677788432.0,1677788688.0,1677788944.0,1677789200.0,4.0,1677789456.0,1677789712.0,1677789968.0,1677790224.0,4.0,1342177544.0,1342177800.0,1342178056.0,1342178312.0,8.0,1342243080.0,1342243336.0,1342243592.0,1342243848.0,1342244104.0,1342244360.0,1342244616.0,1342244872.0,4.0,1342308624.0,1342308880.0,1342309136.0,1342309392.0,4.0,1342374160.0,1342374416.0,1342374672.0,1342374928.0,4.0,1342375184.0,1342375440.0,1342375696.0,1342375952.0,8.0,1342439688.0,1342439944.0,1342440200.0,1342440456.0,1342440712.0,1342440968.0,1342441224.0,1342441480.0,5.0,0.0,0.0,0.0,0.0,0.0,8.0,51.0,51.0,51.0,51.0,17.0,17.0,17.0,17.0,16.0,100.0,100.0,100.0,100.0,100.0,100.0,100.0,100.0,100.0,100.0,100.0,100.0,100.0,100.0,100.0,100.0,2.0,0.0,0.0,2.0,0.0,0.0,4.0,80.0,244.0,0.0,0.0,8.0,0.0,252.0,0.0,16.0,221.0,221.0,245.0,0.0,5.0,143.0,1775.0,2.0,7.0,1.0,8.0,0.0,0.0,0.0,0.0,0.0,0.0,3496.0,0.0,8.0,15.0,0.0,0.0,0.0,224.0,0.0,0.0,0.0,1.0,0.0,3.0,0.0,0.0,255.0,12.0,0.0,0.0,0.0,0.0,0.0,0.0,0.0,0.0,0.0,0.0,0.0,0.0,8.0,0.0,0.0,0.0,0.0,0.0,0.0,0.0,250.0,12.0,50.0,50.0,50.0,50.0,50.0,50.0,50.0,50.0,50.0,50.0,50.0,50.0,0.0,0.0,0.0,983441.0,0.0,340441200.0,34044201.0,1.15,129.0,0.0,2000.0,1000.0,0.0,1000.0,0.0,0.0,0.0,0.0,0.0,0.0,0.0,0.0,0.0,0.0,0.0,0.0,0.0,0.0,0.0,0.0,0.0,0.0,0.0,0.0,0.0,0.0,0.0,0.0,0.0,0.0,0.0,0.0,0.0,0.0,0.0,1.0,0.0,0.0,0.0,0.0,0.0,0.0,0.0,0.0,0.0,0.0,0.0,0.0,0.0,0.0,0.0,0.0,1.0,0.0,1.0,0.0,0.0,0.0,0.0,0.0,0.0,0.0,0.0,0.0,0.0,0.0,0.0,0.0,0.0,0.0,0.0,0.0,0.0,0.0,0.0,0.0,0.0,0.0,0.878,0.0,0.0,0.0,0.0,0.0,0.0,0.0,0.0,0.0,0.0,0.0,
98,0.0,0.0,0.0,0.0,0.0,0.0,3.0,1.0,1.0,1.0,3.0,1.0,1.0,1.0,0.0,0.0,0.0,4.0,1275.0,3408961.0,65554.0,0.0,2.0,1537.0,1409.0,5.0,513.0,255.0,0.0,0.0,0.0,5.0,769.0,255.0,0.0,0.0,0.0,5.0,1025.0,255.0,0.0,0.0,0.0,3.0,1644167432.0,1644167688.0,1644167944.0,4.0,1678835984.0,1678836240.0,1678836496.0,1678836752.0,4.0,1678837008.0,1678837264.0,1678837520.0,1678837776.0,5.0,385.0,255.0,0.0,0.0,0.0,5.0,641.0,255.0,0.0,0.0,0.0,5.0,897.0,255.0,0.0,0.0,0.0,5.0,1153.0,255.0,0.0,0.0,0.0,5.0,417.0,254.0,0.0,0.0,0.0,5.0,449.0,254.0,0.0,0.0,0.0,5.0,481.0,254.0,0.0,0.0,0.0,5.0,673.0,254.0,0.0,0.0,0.0,5.0,705.0,254.0,0.0,0.0,0.0,5.0,737.0,254.0,0.0,0.0,0.0,1.0,1610613000.0,4.0,1677787408.0,1677787664.0,1677787920.0,1677788176.0,4.0,1677788432.0,1677788688.0,1677788944.0,1677789200.0,4.0,1677789456.0,1677789712.0,1677789968.0,1677790224.0,4.0,1342177544.0,1342177800.0,1342178056.0,1342178312.0,8.0,1342243080.0,1342243336.0,1342243592.0,1342243848.0,1342244104.0,1342244360.0,1342244616.0,1342244872.0,4.0,1342308624.0,1342308880.0,1342309136.0,1342309392.0,4.0,1342374160.0,1342374416.0,1342374672.0,1342374928.0,4.0,1342375184.0,1342375440.0,1342375696.0,1342375952.0,8.0,1342439688.0,1342439944.0,1342440200.0,1342440456.0,1342440712.0,1342440968.0,1342441224.0,1342441480.0,5.0,0.0,0.0,0.0,0.0,0.0,8.0,51.0,51.0,51.0,51.0,17.0,17.0,17.0,17.0,16.0,100.0,100.0,100.0,100.0,100.0,100.0,100.0,100.0,100.0,100.0,100.0,100.0,100.0,100.0,100.0,100.0,2.0,0.0,0.0,2.0,0.0,0.0,4.0,80.0,244.0,0.0,0.0,8.0,0.0,252.0,0.0,64.0,221.0,221.0,245.0,0.0,5.0,145.0,1770.0,2.0,7.0,1.0,8.0,0.0,0.0,0.0,0.0,0.0,0.0,0.0,959.0,8.0,15.0,0.0,0.0,0.0,224.0,0.0,0.0,0.0,1.0,0.0,3.0,0.0,0.0,255.0,12.0,0.0,0.0,0.0,0.0,0.0,0.0,0.0,0.0,0.0,0.0,0.0,0.0,8.0,0.0,0.0,0.0,0.0,0.0,0.0,0.0,250.0,12.0,50.0,50.0,50.0,50.0,50.0,50.0,50.0,50.0,50.0,50.0,50.0,50.0,0.0,0.0,0.0,983441.0,0.0,340441200.0,34044201.0,1.15,129.0,0.0,2000.0,1000.0,0.0,1000.0,0.0,0.0,0.0,0.0,0.0,0.0,0.0,0.0,0.0,0.0,0.0,0.0,0.0,0.0,0.0,0.0,0.0,0.0,0.0,0.0,0.0,0.0,0.0,0.0,0.0,0.0,0.0,0.0,0.0,0.0,0.0,1.0,0.0,0.0,0.0,0.0,0.0,0.0,0.0,0.0,0.0,0.0,0.0,0.0,0.0,0.0,0.0,0.0,1.0,0.0,1.0,0.0,0.0,0.0,0.0,0.0,0.0,0.0,0.0,0.0,0.0,0.0,0.0,0.0,0.0,0.0,0.0,0.0,0.0,0.0,0.0,0.0,0.0,0.0,0.879,0.0,0.0,0.0,0.0,0.0,0.0,0.0,0.0,0.0,0.0,0.0,
100,0.0,0.0,0.0,0.0,0.0,0.0,3.0,1.0,1.0,1.0,3.0,1.0,1.0,1.0,0.0,0.0,0.0,4.0,1275.0,3408961.0,65554.0,0.0,2.0,1537.0,1409.0,5.0,513.0,255.0,0.0,0.0,0.0,5.0,769.0,255.0,0.0,0.0,0.0,5.0,1025.0,255.0,0.0,0.0,0.0,3.0,1644167432.0,1644167688.0,1644167944.0,4.0,1678835984.0,1678836240.0,1678836496.0,1678836752.0,4.0,1678837008.0,1678837264.0,1678837520.0,1678837776.0,5.0,385.0,255.0,0.0,0.0,0.0,5.0,641.0,255.0,0.0,0.0,0.0,5.0,897.0,255.0,0.0,0.0,0.0,5.0,1153.0,255.0,0.0,0.0,0.0,5.0,417.0,254.0,0.0,0.0,0.0,5.0,449.0,254.0,0.0,0.0,0.0,5.0,481.0,254.0,0.0,0.0,0.0,5.0,673.0,254.0,0.0,0.0,0.0,5.0,705.0,254.0,0.0,0.0,0.0,5.0,737.0,254.0,0.0,0.0,0.0,1.0,1610613000.0,4.0,1677787408.0,1677787664.0,1677787920.0,1677788176.0,4.0,1677788432.0,1677788688.0,1677788944.0,1677789200.0,4.0,1677789456.0,1677789712.0,1677789968.0,1677790224.0,4.0,1342177544.0,1342177800.0,1342178056.0,1342178312.0,8.0,1342243080.0,1342243336.0,1342243592.0,1342243848.0,1342244104.0,1342244360.0,1342244616.0,1342244872.0,4.0,1342308624.0,1342308880.0,1342309136.0,1342309392.0,4.0,1342374160.0,1342374416.0,1342374672.0,1342374928.0,4.0,1342375184.0,1342375440.0,1342375696.0,1342375952.0,8.0,1342439688.0,1342439944.0,1342440200.0,1342440456.0,1342440712.0,1342440968.0,1342441224.0,1342441480.0,5.0,0.0,0.0,0.0,0.0,0.0,8.0,51.0,51.0,51.0,51.0,17.0,17.0,17.0,17.0,16.0,100.0,100.0,100.0,100.0,100.0,100.0,100.0,100.0,100.0,100.0,100.0,100.0,100.0,100.0,100.0,100.0,2.0,0.0,0.0,2.0,0.0,0.0,4.0,80.0,244.0,0.0,0.0,8.0,0.0,252.0,0.0,64.0,221.0,221.0,245.0,0.0,5.0,145.0,1770.0,2.0,7.0,1.0,8.0,0.0,0.0,0.0,0.0,0.0,0.0,0.0,959.0,8.0,15.0,0.0,0.0,0.0,224.0,0.0,0.0,0.0,1.0,0.0,3.0,0.0,0.0,255.0,12.0,0.0,0.0,0.0,0.0,0.0,0.0,0.0,0.0,0.0,0.0,0.0,0.0,8.0,0.0,0.0,0.0,0.0,0.0,0.0,0.0,500.0,12.0,50.0,50.0,50.0,50.0,50.0,50.0,50.0,50.0,50.0,50.0,50.0,50.0,0.0,0.0,0.0,983441.0,0.0,340441200.0,34044201.0,1.15,129.0,0.0,2000.0,1000.0,0.0,1000.0,0.0,0.0,0.0,0.0,0.0,0.0,0.0,0.0,0.0,0.0,0.0,0.0,0.0,0.0,0.0,0.0,0.0,0.0,0.0,0.0,0.0,0.0,0.0,0.0,0.0,0.0,0.0,0.0,0.0,0.0,0.0,1.0,0.0,0.0,0.0,0.0,0.0,0.0,0.0,0.0,0.0,0.0,0.0,0.0,0.0,0.0,0.0,0.0,1.0,0.0,1.0,0.0,0.0,0.0,0.0,0.0,0.0,0.0,0.0,0.0,0.0,0.0,0.0,0.0,0.0,0.0,0.0,0.0,0.0,0.0,0.0,0.0,0.0,0.0,1.698,0.0,0.0,0.0,0.0,0.0,0.0,0.0,0.0,0.0,0.0,0.0,
101,0.0,0.0,0.0,0.0,0.0,0.0,3.0,1.0,1.0,1.0,3.0,1.0,1.0,1.0,0.0,0.0,0.0,4.0,1275.0,3408961.0,65554.0,0.0,2.0,1537.0,1409.0,5.0,513.0,255.0,0.0,0.0,0.0,5.0,769.0,255.0,0.0,0.0,0.0,5.0,1025.0,255.0,0.0,0.0,0.0,3.0,1644167432.0,1644167688.0,1644167944.0,4.0,1678835984.0,1678836240.0,1678836496.0,1678836752.0,4.0,1678837008.0,1678837264.0,1678837520.0,1678837776.0,5.0,385.0,255.0,0.0,0.0,0.0,5.0,641.0,255.0,0.0,0.0,0.0,5.0,897.0,255.0,0.0,0.0,0.0,5.0,1153.0,255.0,0.0,0.0,0.0,5.0,417.0,254.0,0.0,0.0,0.0,5.0,449.0,254.0,0.0,0.0,0.0,5.0,481.0,254.0,0.0,0.0,0.0,5.0,673.0,254.0,0.0,0.0,0.0,5.0,705.0,254.0,0.0,0.0,0.0,5.0,737.0,254.0,0.0,0.0,0.0,1.0,1610613000.0,4.0,1677787408.0,1677787664.0,1677787920.0,1677788176.0,4.0,1677788432.0,1677788688.0,1677788944.0,1677789200.0,4.0,1677789456.0,1677789712.0,1677789968.0,1677790224.0,4.0,1342177544.0,1342177800.0,1342178056.0,1342178312.0,8.0,1342243080.0,1342243336.0,1342243592.0,1342243848.0,1342244104.0,1342244360.0,1342244616.0,1342244872.0,4.0,1342308624.0,1342308880.0,1342309136.0,1342309392.0,4.0,1342374160.0,1342374416.0,1342374672.0,1342374928.0,4.0,1342375184.0,1342375440.0,1342375696.0,1342375952.0,8.0,1342439688.0,1342439944.0,1342440200.0,1342440456.0,1342440712.0,1342440968.0,1342441224.0,1342441480.0,5.0,0.0,0.0,0.0,0.0,0.0,8.0,51.0,51.0,51.0,51.0,17.0,17.0,17.0,17.0,16.0,100.0,100.0,100.0,100.0,100.0,100.0,100.0,100.0,100.0,100.0,100.0,100.0,100.0,100.0,100.0,100.0,2.0,0.0,0.0,2.0,0.0,0.0,4.0,80.0,244.0,0.0,0.0,8.0,0.0,252.0,0.0,64.0,221.0,221.0,245.0,0.0,5.0,144.0,1775.0,2.0,7.0,1.0,8.0,0.0,0.0,0.0,0.0,0.0,0.0,0.0,1887.0,8.0,15.0,0.0,0.0,0.0,224.0,0.0,0.0,0.0,1.0,0.0,3.0,0.0,0.0,255.0,12.0,0.0,0.0,0.0,0.0,0.0,0.0,0.0,0.0,0.0,0.0,0.0,0.0,8.0,0.0,0.0,0.0,0.0,0.0,0.0,0.0,500.0,12.0,50.0,50.0,50.0,50.0,50.0,50.0,50.0,50.0,50.0,50.0,50.0,50.0,0.0,0.0,0.0,983441.0,0.0,340441200.0,34044201.0,1.15,129.0,0.0,2000.0,1000.0,0.0,1000.0,0.0,0.0,0.0,0.0,0.0,0.0,0.0,0.0,0.0,0.0,0.0,0.0,0.0,0.0,0.0,0.0,0.0,0.0,0.0,0.0,0.0,0.0,0.0,0.0,0.0,0.0,0.0,0.0,0.0,0.0,0.0,1.0,0.0,0.0,0.0,0.0,0.0,0.0,0.0,0.0,0.0,0.0,0.0,0.0,0.0,0.0,0.0,0.0,1.0,0.0,1.0,0.0,0.0,0.0,0.0,0.0,0.0,0.0,0.0,0.0,0.0,0.0,0.0,0.0,0.0,0.0,0.0,0.0,0.0,0.0,0.0,0.0,0.0,0.0,1.7,0.0,0.0,0.0,0.0,0.0,0.0,0.0,0.0,0.0,0.0,0.0,
103,0.0,0.0,0.0,0.0,0.0,0.0,3.0,1.0,1.0,1.0,3.0,1.0,1.0,1.0,0.0,0.0,0.0,4.0,1275.0,3408961.0,65554.0,0.0,2.0,1537.0,1409.0,5.0,513.0,255.0,0.0,0.0,0.0,5.0,769.0,255.0,0.0,0.0,0.0,5.0,1025.0,255.0,0.0,0.0,0.0,3.0,1644167432.0,1644167688.0,1644167944.0,4.0,1678835984.0,1678836240.0,1678836496.0,1678836752.0,4.0,1678837008.0,1678837264.0,1678837520.0,1678837776.0,5.0,385.0,255.0,0.0,0.0,0.0,5.0,641.0,255.0,0.0,0.0,0.0,5.0,897.0,255.0,0.0,0.0,0.0,5.0,1153.0,255.0,0.0,0.0,0.0,5.0,417.0,254.0,0.0,0.0,0.0,5.0,449.0,254.0,0.0,0.0,0.0,5.0,481.0,254.0,0.0,0.0,0.0,5.0,673.0,254.0,0.0,0.0,0.0,5.0,705.0,254.0,0.0,0.0,0.0,5.0,737.0,254.0,0.0,0.0,0.0,1.0,1610613000.0,4.0,1677787408.0,1677787664.0,1677787920.0,1677788176.0,4.0,1677788432.0,1677788688.0,1677788944.0,1677789200.0,4.0,1677789456.0,1677789712.0,1677789968.0,1677790224.0,4.0,1342177544.0,1342177800.0,1342178056.0,1342178312.0,8.0,1342243080.0,1342243336.0,1342243592.0,1342243848.0,1342244104.0,1342244360.0,1342244616.0,1342244872.0,4.0,1342308624.0,1342308880.0,1342309136.0,1342309392.0,4.0,1342374160.0,1342374416.0,1342374672.0,1342374928.0,4.0,1342375184.0,1342375440.0,1342375696.0,1342375952.0,8.0,1342439688.0,1342439944.0,1342440200.0,1342440456.0,1342440712.0,1342440968.0,1342441224.0,1342441480.0,5.0,0.0,0.0,0.0,0.0,0.0,8.0,51.0,51.0,51.0,51.0,17.0,17.0,17.0,17.0,16.0,100.0,100.0,100.0,100.0,100.0,100.0,100.0,100.0,100.0,100.0,100.0,100.0,100.0,100.0,100.0,100.0,2.0,0.0,0.0,2.0,0.0,0.0,4.0,80.0,244.0,0.0,0.0,8.0,0.0,252.0,0.0,64.0,221.0,221.0,245.0,0.0,5.0,144.0,1775.0,2.0,7.0,1.0,8.0,0.0,0.0,0.0,0.0,0.0,0.0,0.0,1887.0,8.0,15.0,0.0,0.0,0.0,224.0,0.0,0.0,0.0,1.0,0.0,3.0,0.0,0.0,255.0,12.0,0.0,0.0,0.0,0.0,0.0,0.0,0.0,0.0,0.0,0.0,0.0,0.0,8.0,0.0,0.0,0.0,0.0,0.0,0.0,0.0,1000.0,12.0,50.0,50.0,50.0,50.0,50.0,50.0,50.0,50.0,50.0,50.0,50.0,50.0,0.0,0.0,0.0,983441.0,0.0,340441200.0,34044201.0,1.15,129.0,0.0,2000.0,1000.0,0.0,1000.0,0.0,0.0,0.0,0.0,0.0,0.0,0.0,0.0,0.0,0.0,0.0,0.0,0.0,0.0,0.0,0.0,0.0,0.0,0.0,0.0,0.0,0.0,0.0,0.0,0.0,0.0,0.0,0.0,0.0,0.0,0.0,1.0,0.0,0.0,0.0,0.0,0.0,0.0,0.0,0.0,0.0,0.0,0.0,0.0,0.0,0.0,0.0,0.0,1.0,0.0,1.0,0.0,0.0,0.0,0.0,0.0,0.0,0.0,0.0,0.0,0.0,0.0,0.0,0.0,0.0,0.0,0.0,0.0,0.0,0.0,0.0,0.0,0.0,0.0,3.337,0.0,0.0,0.0,0.0,0.0,0.0,0.0,0.0,0.0,0.0,0.0,
104,0.0,0.0,0.0,0.0,0.0,0.0,3.0,1.0,1.0,1.0,3.0,1.0,1.0,1.0,0.0,0.0,0.0,4.0,1275.0,3408961.0,65554.0,0.0,2.0,1537.0,1409.0,5.0,513.0,255.0,0.0,0.0,0.0,5.0,769.0,255.0,0.0,0.0,0.0,5.0,1025.0,255.0,0.0,0.0,0.0,3.0,1644167432.0,1644167688.0,1644167944.0,4.0,1678835984.0,1678836240.0,1678836496.0,1678836752.0,4.0,1678837008.0,1678837264.0,1678837520.0,1678837776.0,5.0,385.0,255.0,0.0,0.0,0.0,5.0,641.0,255.0,0.0,0.0,0.0,5.0,897.0,255.0,0.0,0.0,0.0,5.0,1153.0,255.0,0.0,0.0,0.0,5.0,417.0,254.0,0.0,0.0,0.0,5.0,449.0,254.0,0.0,0.0,0.0,5.0,481.0,254.0,0.0,0.0,0.0,5.0,673.0,254.0,0.0,0.0,0.0,5.0,705.0,254.0,0.0,0.0,0.0,5.0,737.0,254.0,0.0,0.0,0.0,1.0,1610613000.0,4.0,1677787408.0,1677787664.0,1677787920.0,1677788176.0,4.0,1677788432.0,1677788688.0,1677788944.0,1677789200.0,4.0,1677789456.0,1677789712.0,1677789968.0,1677790224.0,4.0,1342177544.0,1342177800.0,1342178056.0,1342178312.0,8.0,1342243080.0,1342243336.0,1342243592.0,1342243848.0,1342244104.0,1342244360.0,1342244616.0,1342244872.0,4.0,1342308624.0,1342308880.0,1342309136.0,1342309392.0,4.0,1342374160.0,1342374416.0,1342374672.0,1342374928.0,4.0,1342375184.0,1342375440.0,1342375696.0,1342375952.0,8.0,1342439688.0,1342439944.0,1342440200.0,1342440456.0,1342440712.0,1342440968.0,1342441224.0,1342441480.0,5.0,0.0,0.0,0.0,0.0,0.0,8.0,51.0,51.0,51.0,51.0,17.0,17.0,17.0,17.0,16.0,100.0,100.0,100.0,100.0,100.0,100.0,100.0,100.0,100.0,100.0,100.0,100.0,100.0,100.0,100.0,100.0,2.0,0.0,0.0,2.0,0.0,0.0,4.0,80.0,244.0,0.0,0.0,8.0,0.0,252.0,0.0,64.0,221.0,221.0,245.0,0.0,5.0,143.0,1775.0,2.0,7.0,1.0,8.0,0.0,0.0,0.0,0.0,0.0,0.0,0.0,3460.0,8.0,15.0,0.0,0.0,0.0,224.0,0.0,0.0,0.0,1.0,0.0,3.0,0.0,0.0,255.0,12.0,0.0,0.0,0.0,0.0,0.0,0.0,0.0,0.0,0.0,0.0,0.0,0.0,8.0,0.0,0.0,0.0,0.0,0.0,0.0,0.0,1000.0,12.0,50.0,50.0,50.0,50.0,50.0,50.0,50.0,50.0,50.0,50.0,50.0,50.0,0.0,0.0,0.0,983441.0,0.0,340441200.0,34044201.0,1.15,129.0,0.0,2000.0,1000.0,0.0,1000.0,0.0,0.0,0.0,0.0,0.0,0.0,0.0,0.0,0.0,0.0,0.0,0.0,0.0,0.0,0.0,0.0,0.0,0.0,0.0,0.0,0.0,0.0,0.0,0.0,0.0,0.0,0.0,0.0,0.0,0.0,0.0,1.0,0.0,0.0,0.0,0.0,0.0,0.0,0.0,0.0,0.0,0.0,0.0,0.0,0.0,0.0,0.0,0.0,1.0,0.0,1.0,0.0,0.0,0.0,0.0,0.0,0.0,0.0,0.0,0.0,0.0,0.0,0.0,0.0,0.0,0.0,0.0,0.0,0.0,0.0,0.0,0.0,0.0,0.0,3.337,0.0,0.0,0.0,0.0,0.0,0.0,0.0,0.0,0.0,0.0,0.0,
112,0.0,0.0,0.0,0.0,0.0,0.0,3.0,1.0,1.0,1.0,3.0,1.0,1.0,1.0,0.0,0.0,0.0,4.0,1275.0,3408961.0,65554.0,0.0,2.0,1537.0,1409.0,5.0,513.0,255.0,0.0,0.0,0.0,5.0,769.0,255.0,0.0,0.0,0.0,5.0,1025.0,255.0,0.0,0.0,0.0,3.0,1644167432.0,1644167688.0,1644167944.0,4.0,1678835984.0,1678836240.0,1678836496.0,1678836752.0,4.0,1678837008.0,1678837264.0,1678837520.0,1678837776.0,5.0,385.0,255.0,0.0,0.0,0.0,5.0,641.0,255.0,0.0,0.0,0.0,5.0,897.0,255.0,0.0,0.0,0.0,5.0,1153.0,255.0,0.0,0.0,0.0,5.0,417.0,254.0,0.0,0.0,0.0,5.0,449.0,254.0,0.0,0.0,0.0,5.0,481.0,254.0,0.0,0.0,0.0,5.0,673.0,254.0,0.0,0.0,0.0,5.0,705.0,254.0,0.0,0.0,0.0,5.0,737.0,254.0,0.0,0.0,0.0,1.0,1610613000.0,4.0,1677787408.0,1677787664.0,1677787920.0,1677788176.0,4.0,1677788432.0,1677788688.0,1677788944.0,1677789200.0,4.0,1677789456.0,1677789712.0,1677789968.0,1677790224.0,4.0,1342177544.0,1342177800.0,1342178056.0,1342178312.0,8.0,1342243080.0,1342243336.0,1342243592.0,1342243848.0,1342244104.0,1342244360.0,1342244616.0,1342244872.0,4.0,1342308624.0,1342308880.0,1342309136.0,1342309392.0,4.0,1342374160.0,1342374416.0,1342374672.0,1342374928.0,4.0,1342375184.0,1342375440.0,1342375696.0,1342375952.0,8.0,1342439688.0,1342439944.0,1342440200.0,1342440456.0,1342440712.0,1342440968.0,1342441224.0,1342441480.0,5.0,0.0,0.0,0.0,0.0,0.0,8.0,51.0,51.0,51.0,51.0,17.0,17.0,17.0,17.0,16.0,100.0,100.0,100.0,100.0,100.0,100.0,100.0,100.0,100.0,100.0,100.0,100.0,100.0,100.0,100.0,100.0,2.0,0.0,0.0,2.0,0.0,0.0,4.0,80.0,244.0,0.0,0.0,8.0,0.0,252.0,0.0,64.0,221.0,221.0,245.0,0.0,5.0,143.0,1775.0,2.0,7.0,1.0,8.0,0.0,0.0,0.0,0.0,0.0,0.0,0.0,3460.0,8.0,15.0,0.0,0.0,0.0,224.0,0.0,0.0,0.0,1.0,0.0,3.0,0.0,0.0,255.0,12.0,0.0,0.0,0.0,0.0,0.0,0.0,0.0,0.0,0.0,0.0,0.0,0.0,8.0,250.0,0.0,0.0,0.0,0.0,0.0,0.0,0.0,12.0,50.0,50.0,50.0,50.0,50.0,50.0,50.0,50.0,50.0,50.0,50.0,50.0,0.0,0.0,0.0,983441.0,0.0,340441200.0,34044201.0,1.15,129.0,0.0,2000.0,1000.0,0.0,500.0,0.0,0.0,0.0,0.0,0.0,0.0,0.0,0.0,0.0,0.0,0.0,0.0,0.0,0.0,0.0,0.0,0.0,0.0,0.0,0.0,0.0,0.0,0.0,0.0,1.0,0.0,0.0,0.0,0.0,0.0,0.0,0.0,0.0,0.0,0.0,0.0,0.0,0.0,0.0,0.0,0.0,0.0,0.0,0.0,0.0,0.0,0.0,0.0,1.0,0.0,1.0,0.0,0.0,0.0,0.0,0.0,0.0,0.0,0.0,0.0,0.0,0.0,0.0,0.0,0.0,0.0,0.0,0.0,0.0,0.0,0.0,0.0,0.0,0.0,0.882,0.0,0.0,0.0,0.0,0.0,0.0,0.0,0.0,0.0,0.0,0.0,
113,0.0,0.0,0.0,0.0,0.0,0.0,3.0,1.0,1.0,1.0,3.0,1.0,1.0,1.0,0.0,0.0,0.0,4.0,1275.0,3408961.0,65554.0,0.0,2.0,1537.0,1409.0,5.0,513.0,255.0,0.0,0.0,0.0,5.0,769.0,255.0,0.0,0.0,0.0,5.0,1025.0,255.0,0.0,0.0,0.0,3.0,1644167432.0,1644167688.0,1644167944.0,4.0,1678835984.0,1678836240.0,1678836496.0,1678836752.0,4.0,1678837008.0,1678837264.0,1678837520.0,1678837776.0,5.0,385.0,255.0,0.0,0.0,0.0,5.0,641.0,255.0,0.0,0.0,0.0,5.0,897.0,255.0,0.0,0.0,0.0,5.0,1153.0,255.0,0.0,0.0,0.0,5.0,417.0,254.0,0.0,0.0,0.0,5.0,449.0,254.0,0.0,0.0,0.0,5.0,481.0,254.0,0.0,0.0,0.0,5.0,673.0,254.0,0.0,0.0,0.0,5.0,705.0,254.0,0.0,0.0,0.0,5.0,737.0,254.0,0.0,0.0,0.0,1.0,1610613000.0,4.0,1677787408.0,1677787664.0,1677787920.0,1677788176.0,4.0,1677788432.0,1677788688.0,1677788944.0,1677789200.0,4.0,1677789456.0,1677789712.0,1677789968.0,1677790224.0,4.0,1342177544.0,1342177800.0,1342178056.0,1342178312.0,8.0,1342243080.0,1342243336.0,1342243592.0,1342243848.0,1342244104.0,1342244360.0,1342244616.0,1342244872.0,4.0,1342308624.0,1342308880.0,1342309136.0,1342309392.0,4.0,1342374160.0,1342374416.0,1342374672.0,1342374928.0,4.0,1342375184.0,1342375440.0,1342375696.0,1342375952.0,8.0,1342439688.0,1342439944.0,1342440200.0,1342440456.0,1342440712.0,1342440968.0,1342441224.0,1342441480.0,5.0,0.0,0.0,0.0,0.0,0.0,8.0,51.0,51.0,51.0,51.0,17.0,17.0,17.0,17.0,16.0,100.0,100.0,100.0,100.0,100.0,100.0,100.0,100.0,100.0,100.0,100.0,100.0,100.0,100.0,100.0,100.0,2.0,0.0,0.0,2.0,0.0,0.0,4.0,80.0,244.0,0.0,0.0,8.0,0.0,252.0,1.0,0.0,221.0,221.0,245.0,0.0,5.0,145.0,1775.0,2.0,7.0,1.0,8.0,1003.0,0.0,0.0,0.0,0.0,0.0,0.0,0.0,8.0,15.0,0.0,0.0,0.0,224.0,0.0,0.0,0.0,1.0,0.0,3.0,0.0,0.0,255.0,12.0,0.0,0.0,0.0,0.0,0.0,0.0,0.0,0.0,0.0,0.0,0.0,0.0,8.0,250.0,0.0,0.0,0.0,0.0,0.0,0.0,0.0,12.0,50.0,50.0,50.0,50.0,50.0,50.0,50.0,50.0,50.0,50.0,50.0,50.0,0.0,0.0,0.0,983441.0,0.0,340441200.0,34044201.0,1.15,129.0,0.0,2000.0,500.0,0.0,500.0,0.0,0.0,0.0,0.0,0.0,0.0,0.0,0.0,0.0,0.0,0.0,0.0,0.0,0.0,0.0,0.0,0.0,0.0,0.0,0.0,0.0,0.0,0.0,0.0,1.0,0.0,0.0,0.0,0.0,0.0,0.0,0.0,0.0,0.0,0.0,0.0,0.0,0.0,0.0,0.0,0.0,0.0,0.0,0.0,0.0,0.0,0.0,0.0,1.0,0.0,1.0,0.0,0.0,0.0,0.0,0.0,0.0,0.0,0.0,0.0,0.0,0.0,0.0,0.0,0.0,0.0,0.0,0.0,0.0,0.0,0.0,0.0,0.0,0.0,0.885,0.0,0.0,0.0,0.0,0.0,0.0,0.0,0.0,0.0,0.0,0.0,
115,0.0,0.0,0.0,0.0,0.0,0.0,3.0,1.0,1.0,1.0,3.0,1.0,1.0,1.0,0.0,0.0,0.0,4.0,1275.0,3408961.0,65554.0,0.0,2.0,1537.0,1409.0,5.0,513.0,255.0,0.0,0.0,0.0,5.0,769.0,255.0,0.0,0.0,0.0,5.0,1025.0,255.0,0.0,0.0,0.0,3.0,1644167432.0,1644167688.0,1644167944.0,4.0,1678835984.0,1678836240.0,1678836496.0,1678836752.0,4.0,1678837008.0,1678837264.0,1678837520.0,1678837776.0,5.0,385.0,255.0,0.0,0.0,0.0,5.0,641.0,255.0,0.0,0.0,0.0,5.0,897.0,255.0,0.0,0.0,0.0,5.0,1153.0,255.0,0.0,0.0,0.0,5.0,417.0,254.0,0.0,0.0,0.0,5.0,449.0,254.0,0.0,0.0,0.0,5.0,481.0,254.0,0.0,0.0,0.0,5.0,673.0,254.0,0.0,0.0,0.0,5.0,705.0,254.0,0.0,0.0,0.0,5.0,737.0,254.0,0.0,0.0,0.0,1.0,1610613000.0,4.0,1677787408.0,1677787664.0,1677787920.0,1677788176.0,4.0,1677788432.0,1677788688.0,1677788944.0,1677789200.0,4.0,1677789456.0,1677789712.0,1677789968.0,1677790224.0,4.0,1342177544.0,1342177800.0,1342178056.0,1342178312.0,8.0,1342243080.0,1342243336.0,1342243592.0,1342243848.0,1342244104.0,1342244360.0,1342244616.0,1342244872.0,4.0,1342308624.0,1342308880.0,1342309136.0,1342309392.0,4.0,1342374160.0,1342374416.0,1342374672.0,1342374928.0,4.0,1342375184.0,1342375440.0,1342375696.0,1342375952.0,8.0,1342439688.0,1342439944.0,1342440200.0,1342440456.0,1342440712.0,1342440968.0,1342441224.0,1342441480.0,5.0,0.0,0.0,0.0,0.0,0.0,8.0,51.0,51.0,51.0,51.0,17.0,17.0,17.0,17.0,16.0,100.0,100.0,100.0,100.0,100.0,100.0,100.0,100.0,100.0,100.0,100.0,100.0,100.0,100.0,100.0,100.0,2.0,0.0,0.0,2.0,0.0,0.0,4.0,80.0,244.0,0.0,0.0,8.0,0.0,252.0,1.0,0.0,221.0,221.0,245.0,0.0,5.0,145.0,1775.0,2.0,7.0,1.0,8.0,1003.0,0.0,0.0,0.0,0.0,0.0,0.0,0.0,8.0,15.0,0.0,0.0,0.0,224.0,0.0,0.0,0.0,1.0,0.0,3.0,0.0,0.0,255.0,12.0,0.0,0.0,0.0,0.0,0.0,0.0,0.0,0.0,0.0,0.0,0.0,0.0,8.0,500.0,0.0,0.0,0.0,0.0,0.0,0.0,0.0,12.0,50.0,50.0,50.0,50.0,50.0,50.0,50.0,50.0,50.0,50.0,50.0,50.0,0.0,0.0,0.0,983441.0,0.0,340441200.0,34044201.0,1.15,129.0,0.0,2000.0,500.0,0.0,500.0,0.0,0.0,0.0,0.0,0.0,0.0,0.0,0.0,0.0,0.0,0.0,0.0,0.0,0.0,0.0,0.0,0.0,0.0,0.0,0.0,0.0,0.0,0.0,0.0,1.0,0.0,0.0,0.0,0.0,0.0,0.0,0.0,0.0,0.0,0.0,0.0,0.0,0.0,0.0,0.0,0.0,0.0,0.0,0.0,0.0,0.0,0.0,0.0,1.0,0.0,1.0,0.0,0.0,0.0,0.0,0.0,0.0,0.0,0.0,0.0,0.0,0.0,0.0,0.0,0.0,0.0,0.0,0.0,0.0,0.0,0.0,0.0,0.0,0.0,1.701,0.0,0.0,0.0,0.0,0.0,0.0,0.0,0.0,0.0,0.0,0.0,
116,0.0,0.0,0.0,0.0,0.0,0.0,3.0,1.0,1.0,1.0,3.0,1.0,1.0,1.0,0.0,0.0,0.0,4.0,1275.0,3408961.0,65554.0,0.0,2.0,1537.0,1409.0,5.0,513.0,255.0,0.0,0.0,0.0,5.0,769.0,255.0,0.0,0.0,0.0,5.0,1025.0,255.0,0.0,0.0,0.0,3.0,1644167432.0,1644167688.0,1644167944.0,4.0,1678835984.0,1678836240.0,1678836496.0,1678836752.0,4.0,1678837008.0,1678837264.0,1678837520.0,1678837776.0,5.0,385.0,255.0,0.0,0.0,0.0,5.0,641.0,255.0,0.0,0.0,0.0,5.0,897.0,255.0,0.0,0.0,0.0,5.0,1153.0,255.0,0.0,0.0,0.0,5.0,417.0,254.0,0.0,0.0,0.0,5.0,449.0,254.0,0.0,0.0,0.0,5.0,481.0,254.0,0.0,0.0,0.0,5.0,673.0,254.0,0.0,0.0,0.0,5.0,705.0,254.0,0.0,0.0,0.0,5.0,737.0,254.0,0.0,0.0,0.0,1.0,1610613000.0,4.0,1677787408.0,1677787664.0,1677787920.0,1677788176.0,4.0,1677788432.0,1677788688.0,1677788944.0,1677789200.0,4.0,1677789456.0,1677789712.0,1677789968.0,1677790224.0,4.0,1342177544.0,1342177800.0,1342178056.0,1342178312.0,8.0,1342243080.0,1342243336.0,1342243592.0,1342243848.0,1342244104.0,1342244360.0,1342244616.0,1342244872.0,4.0,1342308624.0,1342308880.0,1342309136.0,1342309392.0,4.0,1342374160.0,1342374416.0,1342374672.0,1342374928.0,4.0,1342375184.0,1342375440.0,1342375696.0,1342375952.0,8.0,1342439688.0,1342439944.0,1342440200.0,1342440456.0,1342440712.0,1342440968.0,1342441224.0,1342441480.0,5.0,0.0,0.0,0.0,0.0,0.0,8.0,51.0,51.0,51.0,51.0,17.0,17.0,17.0,17.0,16.0,100.0,100.0,100.0,100.0,100.0,100.0,100.0,100.0,100.0,100.0,100.0,100.0,100.0,100.0,100.0,100.0,2.0,0.0,0.0,2.0,0.0,0.0,4.0,80.0,244.0,0.0,0.0,8.0,0.0,252.0,1.0,0.0,221.0,221.0,245.0,0.0,5.0,144.0,1775.0,2.0,7.0,1.0,8.0,1879.0,0.0,0.0,0.0,0.0,0.0,0.0,0.0,8.0,15.0,0.0,0.0,0.0,224.0,0.0,0.0,0.0,1.0,0.0,3.0,0.0,0.0,255.0,12.0,0.0,0.0,0.0,0.0,0.0,0.0,0.0,0.0,0.0,0.0,0.0,0.0,8.0,500.0,0.0,0.0,0.0,0.0,0.0,0.0,0.0,12.0,50.0,50.0,50.0,50.0,50.0,50.0,50.0,50.0,50.0,50.0,50.0,50.0,0.0,0.0,0.0,983441.0,0.0,340441200.0,34044201.0,1.15,129.0,0.0,2000.0,500.0,0.0,500.0,0.0,0.0,0.0,0.0,0.0,0.0,0.0,0.0,0.0,0.0,0.0,0.0,0.0,0.0,0.0,0.0,0.0,0.0,0.0,0.0,0.0,0.0,0.0,0.0,1.0,0.0,0.0,0.0,0.0,0.0,0.0,0.0,0.0,0.0,0.0,0.0,0.0,0.0,0.0,0.0,0.0,0.0,0.0,0.0,0.0,0.0,0.0,0.0,1.0,0.0,1.0,0.0,0.0,0.0,0.0,0.0,0.0,0.0,0.0,0.0,0.0,0.0,0.0,0.0,0.0,0.0,0.0,0.0,0.0,0.0,0.0,0.0,0.0,0.0,1.703,0.0,0.0,0.0,0.0,0.0,0.0,0.0,0.0,0.0,0.0,0.0,
118,0.0,0.0,0.0,0.0,0.0,0.0,3.0,1.0,1.0,1.0,3.0,1.0,1.0,1.0,0.0,0.0,0.0,4.0,1275.0,3408961.0,65554.0,0.0,2.0,1537.0,1409.0,5.0,513.0,255.0,0.0,0.0,0.0,5.0,769.0,255.0,0.0,0.0,0.0,5.0,1025.0,255.0,0.0,0.0,0.0,3.0,1644167432.0,1644167688.0,1644167944.0,4.0,1678835984.0,1678836240.0,1678836496.0,1678836752.0,4.0,1678837008.0,1678837264.0,1678837520.0,1678837776.0,5.0,385.0,255.0,0.0,0.0,0.0,5.0,641.0,255.0,0.0,0.0,0.0,5.0,897.0,255.0,0.0,0.0,0.0,5.0,1153.0,255.0,0.0,0.0,0.0,5.0,417.0,254.0,0.0,0.0,0.0,5.0,449.0,254.0,0.0,0.0,0.0,5.0,481.0,254.0,0.0,0.0,0.0,5.0,673.0,254.0,0.0,0.0,0.0,5.0,705.0,254.0,0.0,0.0,0.0,5.0,737.0,254.0,0.0,0.0,0.0,1.0,1610613000.0,4.0,1677787408.0,1677787664.0,1677787920.0,1677788176.0,4.0,1677788432.0,1677788688.0,1677788944.0,1677789200.0,4.0,1677789456.0,1677789712.0,1677789968.0,1677790224.0,4.0,1342177544.0,1342177800.0,1342178056.0,1342178312.0,8.0,1342243080.0,1342243336.0,1342243592.0,1342243848.0,1342244104.0,1342244360.0,1342244616.0,1342244872.0,4.0,1342308624.0,1342308880.0,1342309136.0,1342309392.0,4.0,1342374160.0,1342374416.0,1342374672.0,1342374928.0,4.0,1342375184.0,1342375440.0,1342375696.0,1342375952.0,8.0,1342439688.0,1342439944.0,1342440200.0,1342440456.0,1342440712.0,1342440968.0,1342441224.0,1342441480.0,5.0,0.0,0.0,0.0,0.0,0.0,8.0,51.0,51.0,51.0,51.0,17.0,17.0,17.0,17.0,16.0,100.0,100.0,100.0,100.0,100.0,100.0,100.0,100.0,100.0,100.0,100.0,100.0,100.0,100.0,100.0,100.0,2.0,0.0,0.0,2.0,0.0,0.0,4.0,80.0,244.0,0.0,0.0,8.0,0.0,252.0,1.0,0.0,221.0,221.0,245.0,0.0,5.0,144.0,1775.0,2.0,7.0,1.0,8.0,1879.0,0.0,0.0,0.0,0.0,0.0,0.0,0.0,8.0,15.0,0.0,0.0,0.0,224.0,0.0,0.0,0.0,1.0,0.0,3.0,0.0,0.0,255.0,12.0,0.0,0.0,0.0,0.0,0.0,0.0,0.0,0.0,0.0,0.0,0.0,0.0,8.0,1000.0,0.0,0.0,0.0,0.0,0.0,0.0,0.0,12.0,50.0,50.0,50.0,50.0,50.0,50.0,50.0,50.0,50.0,50.0,50.0,50.0,0.0,0.0,0.0,983441.0,0.0,340441200.0,34044201.0,1.15,129.0,0.0,2000.0,500.0,0.0,500.0,0.0,0.0,0.0,0.0,0.0,0.0,0.0,0.0,0.0,0.0,0.0,0.0,0.0,0.0,0.0,0.0,0.0,0.0,0.0,0.0,0.0,0.0,0.0,0.0,1.0,0.0,0.0,0.0,0.0,0.0,0.0,0.0,0.0,0.0,0.0,0.0,0.0,0.0,0.0,0.0,0.0,0.0,0.0,0.0,0.0,0.0,0.0,0.0,1.0,0.0,1.0,0.0,0.0,0.0,0.0,0.0,0.0,0.0,0.0,0.0,0.0,0.0,0.0,0.0,0.0,0.0,0.0,0.0,0.0,0.0,0.0,0.0,0.0,0.0,3.335,0.0,0.0,0.0,0.0,0.0,0.0,0.0,0.0,0.0,0.0,0.0,
119,0.0,0.0,0.0,0.0,0.0,0.0,3.0,1.0,1.0,1.0,3.0,1.0,1.0,1.0,0.0,0.0,0.0,4.0,1275.0,3408961.0,65554.0,0.0,2.0,1537.0,1409.0,5.0,513.0,255.0,0.0,0.0,0.0,5.0,769.0,255.0,0.0,0.0,0.0,5.0,1025.0,255.0,0.0,0.0,0.0,3.0,1644167432.0,1644167688.0,1644167944.0,4.0,1678835984.0,1678836240.0,1678836496.0,1678836752.0,4.0,1678837008.0,1678837264.0,1678837520.0,1678837776.0,5.0,385.0,255.0,0.0,0.0,0.0,5.0,641.0,255.0,0.0,0.0,0.0,5.0,897.0,255.0,0.0,0.0,0.0,5.0,1153.0,255.0,0.0,0.0,0.0,5.0,417.0,254.0,0.0,0.0,0.0,5.0,449.0,254.0,0.0,0.0,0.0,5.0,481.0,254.0,0.0,0.0,0.0,5.0,673.0,254.0,0.0,0.0,0.0,5.0,705.0,254.0,0.0,0.0,0.0,5.0,737.0,254.0,0.0,0.0,0.0,1.0,1610613000.0,4.0,1677787408.0,1677787664.0,1677787920.0,1677788176.0,4.0,1677788432.0,1677788688.0,1677788944.0,1677789200.0,4.0,1677789456.0,1677789712.0,1677789968.0,1677790224.0,4.0,1342177544.0,1342177800.0,1342178056.0,1342178312.0,8.0,1342243080.0,1342243336.0,1342243592.0,1342243848.0,1342244104.0,1342244360.0,1342244616.0,1342244872.0,4.0,1342308624.0,1342308880.0,1342309136.0,1342309392.0,4.0,1342374160.0,1342374416.0,1342374672.0,1342374928.0,4.0,1342375184.0,1342375440.0,1342375696.0,1342375952.0,8.0,1342439688.0,1342439944.0,1342440200.0,1342440456.0,1342440712.0,1342440968.0,1342441224.0,1342441480.0,5.0,0.0,0.0,0.0,0.0,0.0,8.0,51.0,51.0,51.0,51.0,17.0,17.0,17.0,17.0,16.0,100.0,100.0,100.0,100.0,100.0,100.0,100.0,100.0,100.0,100.0,100.0,100.0,100.0,100.0,100.0,100.0,2.0,0.0,0.0,2.0,0.0,0.0,4.0,80.0,244.0,0.0,0.0,8.0,0.0,252.0,1.0,0.0,221.0,221.0,245.0,0.0,5.0,143.0,1775.0,2.0,7.0,1.0,8.0,3508.0,0.0,0.0,0.0,0.0,0.0,0.0,0.0,8.0,15.0,0.0,0.0,0.0,224.0,0.0,0.0,0.0,1.0,0.0,3.0,0.0,0.0,255.0,12.0,0.0,0.0,0.0,0.0,0.0,0.0,0.0,0.0,0.0,0.0,0.0,0.0,8.0,1000.0,0.0,0.0,0.0,0.0,0.0,0.0,0.0,12.0,50.0,50.0,50.0,50.0,50.0,50.0,50.0,50.0,50.0,50.0,50.0,50.0,0.0,0.0,0.0,983441.0,0.0,340441200.0,34044201.0,1.15,129.0,0.0,2000.0,500.0,0.0,500.0,0.0,0.0,0.0,0.0,0.0,0.0,0.0,0.0,0.0,0.0,0.0,0.0,0.0,0.0,0.0,0.0,0.0,0.0,0.0,0.0,0.0,0.0,0.0,0.0,1.0,0.0,0.0,0.0,0.0,0.0,0.0,0.0,0.0,0.0,0.0,0.0,0.0,0.0,0.0,0.0,0.0,0.0,0.0,0.0,0.0,0.0,0.0,0.0,1.0,0.0,1.0,0.0,0.0,0.0,0.0,0.0,0.0,0.0,0.0,0.0,0.0,0.0,0.0,0.0,0.0,0.0,0.0,0.0,0.0,0.0,0.0,0.0,0.0,0.0,3.336,0.0,0.0,0.0,0.0,0.0,0.0,0.0,0.0,0.0,0.0,0.0,
124,0.0,0.0,0.0,0.0,0.0,0.0,3.0,1.0,1.0,1.0,3.0,1.0,1.0,1.0,0.0,0.0,0.0,4.0,1275.0,3408961.0,65554.0,0.0,2.0,1537.0,1409.0,5.0,513.0,255.0,0.0,0.0,0.0,5.0,769.0,255.0,0.0,0.0,0.0,5.0,1025.0,255.0,0.0,0.0,0.0,3.0,1644167432.0,1644167688.0,1644167944.0,4.0,1678835984.0,1678836240.0,1678836496.0,1678836752.0,4.0,1678837008.0,1678837264.0,1678837520.0,1678837776.0,5.0,385.0,255.0,0.0,0.0,0.0,5.0,641.0,255.0,0.0,0.0,0.0,5.0,897.0,255.0,0.0,0.0,0.0,5.0,1153.0,255.0,0.0,0.0,0.0,5.0,417.0,254.0,0.0,0.0,0.0,5.0,449.0,254.0,0.0,0.0,0.0,5.0,481.0,254.0,0.0,0.0,0.0,5.0,673.0,254.0,0.0,0.0,0.0,5.0,705.0,254.0,0.0,0.0,0.0,5.0,737.0,254.0,0.0,0.0,0.0,1.0,1610613000.0,4.0,1677787408.0,1677787664.0,1677787920.0,1677788176.0,4.0,1677788432.0,1677788688.0,1677788944.0,1677789200.0,4.0,1677789456.0,1677789712.0,1677789968.0,1677790224.0,4.0,1342177544.0,1342177800.0,1342178056.0,1342178312.0,8.0,1342243080.0,1342243336.0,1342243592.0,1342243848.0,1342244104.0,1342244360.0,1342244616.0,1342244872.0,4.0,1342308624.0,1342308880.0,1342309136.0,1342309392.0,4.0,1342374160.0,1342374416.0,1342374672.0,1342374928.0,4.0,1342375184.0,1342375440.0,1342375696.0,1342375952.0,8.0,1342439688.0,1342439944.0,1342440200.0,1342440456.0,1342440712.0,1342440968.0,1342441224.0,1342441480.0,5.0,0.0,0.0,0.0,0.0,0.0,8.0,51.0,51.0,51.0,51.0,17.0,17.0,17.0,17.0,16.0,100.0,100.0,100.0,100.0,100.0,100.0,100.0,100.0,100.0,100.0,100.0,100.0,100.0,100.0,100.0,100.0,2.0,0.0,0.0,2.0,0.0,0.0,4.0,80.0,244.0,0.0,0.0,8.0,0.0,252.0,1.0,0.0,221.0,221.0,245.0,0.0,5.0,143.0,1775.0,2.0,7.0,1.0,8.0,3508.0,0.0,0.0,0.0,0.0,0.0,0.0,0.0,8.0,15.0,0.0,0.0,0.0,224.0,0.0,0.0,0.0,1.0,0.0,3.0,0.0,0.0,255.0,12.0,0.0,0.0,0.0,0.0,0.0,0.0,0.0,0.0,0.0,0.0,0.0,0.0,8.0,0.0,250.0,0.0,0.0,0.0,0.0,0.0,0.0,12.0,50.0,50.0,50.0,50.0,50.0,50.0,50.0,50.0,50.0,50.0,50.0,50.0,0.0,0.0,0.0,983441.0,0.0,340441200.0,34044201.0,1.15,129.0,0.0,2000.0,500.0,0.0,500.0,0.0,0.0,0.0,0.0,0.0,0.0,0.0,0.0,0.0,0.0,0.0,0.0,0.0,0.0,0.0,0.0,0.0,0.0,0.0,0.0,0.0,0.0,0.0,0.0,0.0,1.0,0.0,0.0,0.0,0.0,0.0,0.0,0.0,0.0,0.0,0.0,0.0,0.0,0.0,0.0,0.0,0.0,0.0,0.0,0.0,0.0,0.0,0.0,1.0,0.0,1.0,0.0,0.0,0.0,0.0,0.0,0.0,0.0,0.0,0.0,0.0,0.0,0.0,0.0,0.0,0.0,0.0,0.0,0.0,0.0,0.0,0.0,0.0,0.0,0.878,0.0,0.0,0.0,0.0,0.0,0.0,0.0,0.0,0.0,0.0,0.0,
125,0.0,0.0,0.0,0.0,0.0,0.0,3.0,1.0,1.0,1.0,3.0,1.0,1.0,1.0,0.0,0.0,0.0,4.0,1275.0,3408961.0,65554.0,0.0,2.0,1537.0,1409.0,5.0,513.0,255.0,0.0,0.0,0.0,5.0,769.0,255.0,0.0,0.0,0.0,5.0,1025.0,255.0,0.0,0.0,0.0,3.0,1644167432.0,1644167688.0,1644167944.0,4.0,1678835984.0,1678836240.0,1678836496.0,1678836752.0,4.0,1678837008.0,1678837264.0,1678837520.0,1678837776.0,5.0,385.0,255.0,0.0,0.0,0.0,5.0,641.0,255.0,0.0,0.0,0.0,5.0,897.0,255.0,0.0,0.0,0.0,5.0,1153.0,255.0,0.0,0.0,0.0,5.0,417.0,254.0,0.0,0.0,0.0,5.0,449.0,254.0,0.0,0.0,0.0,5.0,481.0,254.0,0.0,0.0,0.0,5.0,673.0,254.0,0.0,0.0,0.0,5.0,705.0,254.0,0.0,0.0,0.0,5.0,737.0,254.0,0.0,0.0,0.0,1.0,1610613000.0,4.0,1677787408.0,1677787664.0,1677787920.0,1677788176.0,4.0,1677788432.0,1677788688.0,1677788944.0,1677789200.0,4.0,1677789456.0,1677789712.0,1677789968.0,1677790224.0,4.0,1342177544.0,1342177800.0,1342178056.0,1342178312.0,8.0,1342243080.0,1342243336.0,1342243592.0,1342243848.0,1342244104.0,1342244360.0,1342244616.0,1342244872.0,4.0,1342308624.0,1342308880.0,1342309136.0,1342309392.0,4.0,1342374160.0,1342374416.0,1342374672.0,1342374928.0,4.0,1342375184.0,1342375440.0,1342375696.0,1342375952.0,8.0,1342439688.0,1342439944.0,1342440200.0,1342440456.0,1342440712.0,1342440968.0,1342441224.0,1342441480.0,5.0,0.0,0.0,0.0,0.0,0.0,8.0,51.0,51.0,51.0,51.0,17.0,17.0,17.0,17.0,16.0,100.0,100.0,100.0,100.0,100.0,100.0,100.0,100.0,100.0,100.0,100.0,100.0,100.0,100.0,100.0,100.0,2.0,0.0,0.0,2.0,0.0,0.0,4.0,80.0,244.0,0.0,0.0,8.0,0.0,252.0,4.0,0.0,221.0,221.0,245.0,0.0,5.0,144.0,1775.0,2.0,7.0,1.0,8.0,0.0,963.0,0.0,0.0,0.0,0.0,0.0,0.0,8.0,15.0,0.0,0.0,0.0,224.0,0.0,0.0,0.0,1.0,0.0,3.0,0.0,0.0,255.0,12.0,0.0,0.0,0.0,0.0,0.0,0.0,0.0,0.0,0.0,0.0,0.0,0.0,8.0,0.0,250.0,0.0,0.0,0.0,0.0,0.0,0.0,12.0,50.0,50.0,50.0,50.0,50.0,50.0,50.0,50.0,50.0,50.0,50.0,50.0,0.0,0.0,0.0,983441.0,0.0,340441200.0,34044201.0,1.15,129.0,0.0,2000.0,500.0,0.0,500.0,0.0,0.0,0.0,0.0,0.0,0.0,0.0,0.0,0.0,0.0,0.0,0.0,0.0,0.0,0.0,0.0,0.0,0.0,0.0,0.0,0.0,0.0,0.0,0.0,0.0,1.0,0.0,0.0,0.0,0.0,0.0,0.0,0.0,0.0,0.0,0.0,0.0,0.0,0.0,0.0,0.0,0.0,0.0,0.0,0.0,0.0,0.0,0.0,1.0,0.0,1.0,0.0,0.0,0.0,0.0,0.0,0.0,0.0,0.0,0.0,0.0,0.0,0.0,0.0,0.0,0.0,0.0,0.0,0.0,0.0,0.0,0.0,0.0,0.0,0.879,0.0,0.0,0.0,0.0,0.0,0.0,0.0,0.0,0.0,0.0,0.0,
127,0.0,0.0,0.0,0.0,0.0,0.0,3.0,1.0,1.0,1.0,3.0,1.0,1.0,1.0,0.0,0.0,0.0,4.0,1275.0,3408961.0,65554.0,0.0,2.0,1537.0,1409.0,5.0,513.0,255.0,0.0,0.0,0.0,5.0,769.0,255.0,0.0,0.0,0.0,5.0,1025.0,255.0,0.0,0.0,0.0,3.0,1644167432.0,1644167688.0,1644167944.0,4.0,1678835984.0,1678836240.0,1678836496.0,1678836752.0,4.0,1678837008.0,1678837264.0,1678837520.0,1678837776.0,5.0,385.0,255.0,0.0,0.0,0.0,5.0,641.0,255.0,0.0,0.0,0.0,5.0,897.0,255.0,0.0,0.0,0.0,5.0,1153.0,255.0,0.0,0.0,0.0,5.0,417.0,254.0,0.0,0.0,0.0,5.0,449.0,254.0,0.0,0.0,0.0,5.0,481.0,254.0,0.0,0.0,0.0,5.0,673.0,254.0,0.0,0.0,0.0,5.0,705.0,254.0,0.0,0.0,0.0,5.0,737.0,254.0,0.0,0.0,0.0,1.0,1610613000.0,4.0,1677787408.0,1677787664.0,1677787920.0,1677788176.0,4.0,1677788432.0,1677788688.0,1677788944.0,1677789200.0,4.0,1677789456.0,1677789712.0,1677789968.0,1677790224.0,4.0,1342177544.0,1342177800.0,1342178056.0,1342178312.0,8.0,1342243080.0,1342243336.0,1342243592.0,1342243848.0,1342244104.0,1342244360.0,1342244616.0,1342244872.0,4.0,1342308624.0,1342308880.0,1342309136.0,1342309392.0,4.0,1342374160.0,1342374416.0,1342374672.0,1342374928.0,4.0,1342375184.0,1342375440.0,1342375696.0,1342375952.0,8.0,1342439688.0,1342439944.0,1342440200.0,1342440456.0,1342440712.0,1342440968.0,1342441224.0,1342441480.0,5.0,0.0,0.0,0.0,0.0,0.0,8.0,51.0,51.0,51.0,51.0,17.0,17.0,17.0,17.0,16.0,100.0,100.0,100.0,100.0,100.0,100.0,100.0,100.0,100.0,100.0,100.0,100.0,100.0,100.0,100.0,100.0,2.0,0.0,0.0,2.0,0.0,0.0,4.0,80.0,244.0,0.0,0.0,8.0,0.0,252.0,4.0,0.0,221.0,221.0,245.0,0.0,5.0,144.0,1775.0,2.0,7.0,1.0,8.0,0.0,963.0,0.0,0.0,0.0,0.0,0.0,0.0,8.0,15.0,0.0,0.0,0.0,224.0,0.0,0.0,0.0,1.0,0.0,3.0,0.0,0.0,255.0,12.0,0.0,0.0,0.0,0.0,0.0,0.0,0.0,0.0,0.0,0.0,0.0,0.0,8.0,0.0,500.0,0.0,0.0,0.0,0.0,0.0,0.0,12.0,50.0,50.0,50.0,50.0,50.0,50.0,50.0,50.0,50.0,50.0,50.0,50.0,0.0,0.0,0.0,983441.0,0.0,340441200.0,34044201.0,1.15,129.0,0.0,2000.0,500.0,0.0,500.0,0.0,0.0,0.0,0.0,0.0,0.0,0.0,0.0,0.0,0.0,0.0,0.0,0.0,0.0,0.0,0.0,0.0,0.0,0.0,0.0,0.0,0.0,0.0,0.0,0.0,1.0,0.0,0.0,0.0,0.0,0.0,0.0,0.0,0.0,0.0,0.0,0.0,0.0,0.0,0.0,0.0,0.0,0.0,0.0,0.0,0.0,0.0,0.0,1.0,0.0,1.0,0.0,0.0,0.0,0.0,0.0,0.0,0.0,0.0,0.0,0.0,0.0,0.0,0.0,0.0,0.0,0.0,0.0,0.0,0.0,0.0,0.0,0.0,0.0,1.69,0.0,0.0,0.0,0.0,0.0,0.0,0.0,0.0,0.0,0.0,0.0,
128,0.0,0.0,0.0,0.0,0.0,0.0,3.0,1.0,1.0,1.0,3.0,1.0,1.0,1.0,0.0,0.0,0.0,4.0,1275.0,3408961.0,65554.0,0.0,2.0,1537.0,1409.0,5.0,513.0,255.0,0.0,0.0,0.0,5.0,769.0,255.0,0.0,0.0,0.0,5.0,1025.0,255.0,0.0,0.0,0.0,3.0,1644167432.0,1644167688.0,1644167944.0,4.0,1678835984.0,1678836240.0,1678836496.0,1678836752.0,4.0,1678837008.0,1678837264.0,1678837520.0,1678837776.0,5.0,385.0,255.0,0.0,0.0,0.0,5.0,641.0,255.0,0.0,0.0,0.0,5.0,897.0,255.0,0.0,0.0,0.0,5.0,1153.0,255.0,0.0,0.0,0.0,5.0,417.0,254.0,0.0,0.0,0.0,5.0,449.0,254.0,0.0,0.0,0.0,5.0,481.0,254.0,0.0,0.0,0.0,5.0,673.0,254.0,0.0,0.0,0.0,5.0,705.0,254.0,0.0,0.0,0.0,5.0,737.0,254.0,0.0,0.0,0.0,1.0,1610613000.0,4.0,1677787408.0,1677787664.0,1677787920.0,1677788176.0,4.0,1677788432.0,1677788688.0,1677788944.0,1677789200.0,4.0,1677789456.0,1677789712.0,1677789968.0,1677790224.0,4.0,1342177544.0,1342177800.0,1342178056.0,1342178312.0,8.0,1342243080.0,1342243336.0,1342243592.0,1342243848.0,1342244104.0,1342244360.0,1342244616.0,1342244872.0,4.0,1342308624.0,1342308880.0,1342309136.0,1342309392.0,4.0,1342374160.0,1342374416.0,1342374672.0,1342374928.0,4.0,1342375184.0,1342375440.0,1342375696.0,1342375952.0,8.0,1342439688.0,1342439944.0,1342440200.0,1342440456.0,1342440712.0,1342440968.0,1342441224.0,1342441480.0,5.0,0.0,0.0,0.0,0.0,0.0,8.0,51.0,51.0,51.0,51.0,17.0,17.0,17.0,17.0,16.0,100.0,100.0,100.0,100.0,100.0,100.0,100.0,100.0,100.0,100.0,100.0,100.0,100.0,100.0,100.0,100.0,2.0,0.0,0.0,2.0,0.0,0.0,4.0,80.0,244.0,0.0,0.0,8.0,0.0,252.0,4.0,0.0,221.0,221.0,245.0,0.0,5.0,144.0,1775.0,2.0,7.0,1.0,8.0,0.0,1819.0,0.0,0.0,0.0,0.0,0.0,0.0,8.0,15.0,0.0,0.0,0.0,224.0,0.0,0.0,0.0,1.0,0.0,3.0,0.0,0.0,255.0,12.0,0.0,0.0,0.0,0.0,0.0,0.0,0.0,0.0,0.0,0.0,0.0,0.0,8.0,0.0,500.0,0.0,0.0,0.0,0.0,0.0,0.0,12.0,50.0,50.0,50.0,50.0,50.0,50.0,50.0,50.0,50.0,50.0,50.0,50.0,0.0,0.0,0.0,983441.0,0.0,340441200.0,34044201.0,1.15,129.0,0.0,2000.0,500.0,0.0,500.0,0.0,0.0,0.0,0.0,0.0,0.0,0.0,0.0,0.0,0.0,0.0,0.0,0.0,0.0,0.0,0.0,0.0,0.0,0.0,0.0,0.0,0.0,0.0,0.0,0.0,1.0,0.0,0.0,0.0,0.0,0.0,0.0,0.0,0.0,0.0,0.0,0.0,0.0,0.0,0.0,0.0,0.0,0.0,0.0,0.0,0.0,0.0,0.0,1.0,0.0,1.0,0.0,0.0,0.0,0.0,0.0,0.0,0.0,0.0,0.0,0.0,0.0,0.0,0.0,0.0,0.0,0.0,0.0,0.0,0.0,0.0,0.0,0.0,0.0,1.691,0.0,0.0,0.0,0.0,0.0,0.0,0.0,0.0,0.0,0.0,0.0,
130,0.0,0.0,0.0,0.0,0.0,0.0,3.0,1.0,1.0,1.0,3.0,1.0,1.0,1.0,0.0,0.0,0.0,4.0,1275.0,3408961.0,65554.0,0.0,2.0,1537.0,1409.0,5.0,513.0,255.0,0.0,0.0,0.0,5.0,769.0,255.0,0.0,0.0,0.0,5.0,1025.0,255.0,0.0,0.0,0.0,3.0,1644167432.0,1644167688.0,1644167944.0,4.0,1678835984.0,1678836240.0,1678836496.0,1678836752.0,4.0,1678837008.0,1678837264.0,1678837520.0,1678837776.0,5.0,385.0,255.0,0.0,0.0,0.0,5.0,641.0,255.0,0.0,0.0,0.0,5.0,897.0,255.0,0.0,0.0,0.0,5.0,1153.0,255.0,0.0,0.0,0.0,5.0,417.0,254.0,0.0,0.0,0.0,5.0,449.0,254.0,0.0,0.0,0.0,5.0,481.0,254.0,0.0,0.0,0.0,5.0,673.0,254.0,0.0,0.0,0.0,5.0,705.0,254.0,0.0,0.0,0.0,5.0,737.0,254.0,0.0,0.0,0.0,1.0,1610613000.0,4.0,1677787408.0,1677787664.0,1677787920.0,1677788176.0,4.0,1677788432.0,1677788688.0,1677788944.0,1677789200.0,4.0,1677789456.0,1677789712.0,1677789968.0,1677790224.0,4.0,1342177544.0,1342177800.0,1342178056.0,1342178312.0,8.0,1342243080.0,1342243336.0,1342243592.0,1342243848.0,1342244104.0,1342244360.0,1342244616.0,1342244872.0,4.0,1342308624.0,1342308880.0,1342309136.0,1342309392.0,4.0,1342374160.0,1342374416.0,1342374672.0,1342374928.0,4.0,1342375184.0,1342375440.0,1342375696.0,1342375952.0,8.0,1342439688.0,1342439944.0,1342440200.0,1342440456.0,1342440712.0,1342440968.0,1342441224.0,1342441480.0,5.0,0.0,0.0,0.0,0.0,0.0,8.0,51.0,51.0,51.0,51.0,17.0,17.0,17.0,17.0,16.0,100.0,100.0,100.0,100.0,100.0,100.0,100.0,100.0,100.0,100.0,100.0,100.0,100.0,100.0,100.0,100.0,2.0,0.0,0.0,2.0,0.0,0.0,4.0,80.0,244.0,0.0,0.0,8.0,0.0,252.0,4.0,0.0,221.0,221.0,245.0,0.0,5.0,144.0,1775.0,2.0,7.0,1.0,8.0,0.0,1819.0,0.0,0.0,0.0,0.0,0.0,0.0,8.0,15.0,0.0,0.0,0.0,224.0,0.0,0.0,0.0,1.0,0.0,3.0,0.0,0.0,255.0,12.0,0.0,0.0,0.0,0.0,0.0,0.0,0.0,0.0,0.0,0.0,0.0,0.0,8.0,0.0,1000.0,0.0,0.0,0.0,0.0,0.0,0.0,12.0,50.0,50.0,50.0,50.0,50.0,50.0,50.0,50.0,50.0,50.0,50.0,50.0,0.0,0.0,0.0,983441.0,0.0,340441200.0,34044201.0,1.15,129.0,0.0,2000.0,500.0,0.0,500.0,0.0,0.0,0.0,0.0,0.0,0.0,0.0,0.0,0.0,0.0,0.0,0.0,0.0,0.0,0.0,0.0,0.0,0.0,0.0,0.0,0.0,0.0,0.0,0.0,0.0,1.0,0.0,0.0,0.0,0.0,0.0,0.0,0.0,0.0,0.0,0.0,0.0,0.0,0.0,0.0,0.0,0.0,0.0,0.0,0.0,0.0,0.0,0.0,1.0,0.0,1.0,0.0,0.0,0.0,0.0,0.0,0.0,0.0,0.0,0.0,0.0,0.0,0.0,0.0,0.0,0.0,0.0,0.0,0.0,0.0,0.0,0.0,0.0,0.0,3.312,0.0,0.0,0.0,0.0,0.0,0.0,0.0,0.0,0.0,0.0,0.0,
131,0.0,0.0,0.0,0.0,0.0,0.0,3.0,1.0,1.0,1.0,3.0,1.0,1.0,1.0,0.0,0.0,0.0,4.0,1275.0,3408961.0,65554.0,0.0,2.0,1537.0,1409.0,5.0,513.0,255.0,0.0,0.0,0.0,5.0,769.0,255.0,0.0,0.0,0.0,5.0,1025.0,255.0,0.0,0.0,0.0,3.0,1644167432.0,1644167688.0,1644167944.0,4.0,1678835984.0,1678836240.0,1678836496.0,1678836752.0,4.0,1678837008.0,1678837264.0,1678837520.0,1678837776.0,5.0,385.0,255.0,0.0,0.0,0.0,5.0,641.0,255.0,0.0,0.0,0.0,5.0,897.0,255.0,0.0,0.0,0.0,5.0,1153.0,255.0,0.0,0.0,0.0,5.0,417.0,254.0,0.0,0.0,0.0,5.0,449.0,254.0,0.0,0.0,0.0,5.0,481.0,254.0,0.0,0.0,0.0,5.0,673.0,254.0,0.0,0.0,0.0,5.0,705.0,254.0,0.0,0.0,0.0,5.0,737.0,254.0,0.0,0.0,0.0,1.0,1610613000.0,4.0,1677787408.0,1677787664.0,1677787920.0,1677788176.0,4.0,1677788432.0,1677788688.0,1677788944.0,1677789200.0,4.0,1677789456.0,1677789712.0,1677789968.0,1677790224.0,4.0,1342177544.0,1342177800.0,1342178056.0,1342178312.0,8.0,1342243080.0,1342243336.0,1342243592.0,1342243848.0,1342244104.0,1342244360.0,1342244616.0,1342244872.0,4.0,1342308624.0,1342308880.0,1342309136.0,1342309392.0,4.0,1342374160.0,1342374416.0,1342374672.0,1342374928.0,4.0,1342375184.0,1342375440.0,1342375696.0,1342375952.0,8.0,1342439688.0,1342439944.0,1342440200.0,1342440456.0,1342440712.0,1342440968.0,1342441224.0,1342441480.0,5.0,0.0,0.0,0.0,0.0,0.0,8.0,51.0,51.0,51.0,51.0,17.0,17.0,17.0,17.0,16.0,100.0,100.0,100.0,100.0,100.0,100.0,100.0,100.0,100.0,100.0,100.0,100.0,100.0,100.0,100.0,100.0,2.0,0.0,0.0,2.0,0.0,0.0,4.0,80.0,244.0,0.0,0.0,8.0,0.0,252.0,4.0,0.0,221.0,221.0,245.0,0.0,5.0,143.0,1775.0,2.0,7.0,1.0,8.0,0.0,3444.0,0.0,0.0,0.0,0.0,0.0,0.0,8.0,15.0,0.0,0.0,0.0,224.0,0.0,0.0,0.0,1.0,0.0,3.0,0.0,0.0,255.0,12.0,0.0,0.0,0.0,0.0,0.0,0.0,0.0,0.0,0.0,0.0,0.0,0.0,8.0,0.0,1000.0,0.0,0.0,0.0,0.0,0.0,0.0,12.0,50.0,50.0,50.0,50.0,50.0,50.0,50.0,50.0,50.0,50.0,50.0,50.0,0.0,0.0,0.0,983441.0,0.0,340441200.0,34044201.0,1.15,129.0,0.0,2000.0,500.0,0.0,500.0,0.0,0.0,0.0,0.0,0.0,0.0,0.0,0.0,0.0,0.0,0.0,0.0,0.0,0.0,0.0,0.0,0.0,0.0,0.0,0.0,0.0,0.0,0.0,0.0,0.0,1.0,0.0,0.0,0.0,0.0,0.0,0.0,0.0,0.0,0.0,0.0,0.0,0.0,0.0,0.0,0.0,0.0,0.0,0.0,0.0,0.0,0.0,0.0,1.0,0.0,1.0,0.0,0.0,0.0,0.0,0.0,0.0,0.0,0.0,0.0,0.0,0.0,0.0,0.0,0.0,0.0,0.0,0.0,0.0,0.0,0.0,0.0,0.0,0.0,3.316,0.0,0.0,0.0,0.0,0.0,0.0,0.0,0.0,0.0,0.0,0.0,
136,0.0,0.0,0.0,0.0,0.0,0.0,3.0,1.0,1.0,1.0,3.0,1.0,1.0,1.0,0.0,0.0,0.0,4.0,1275.0,3408961.0,65554.0,0.0,2.0,1537.0,1409.0,5.0,513.0,255.0,0.0,0.0,0.0,5.0,769.0,255.0,0.0,0.0,0.0,5.0,1025.0,255.0,0.0,0.0,0.0,3.0,1644167432.0,1644167688.0,1644167944.0,4.0,1678835984.0,1678836240.0,1678836496.0,1678836752.0,4.0,1678837008.0,1678837264.0,1678837520.0,1678837776.0,5.0,385.0,255.0,0.0,0.0,0.0,5.0,641.0,255.0,0.0,0.0,0.0,5.0,897.0,255.0,0.0,0.0,0.0,5.0,1153.0,255.0,0.0,0.0,0.0,5.0,417.0,254.0,0.0,0.0,0.0,5.0,449.0,254.0,0.0,0.0,0.0,5.0,481.0,254.0,0.0,0.0,0.0,5.0,673.0,254.0,0.0,0.0,0.0,5.0,705.0,254.0,0.0,0.0,0.0,5.0,737.0,254.0,0.0,0.0,0.0,1.0,1610613000.0,4.0,1677787408.0,1677787664.0,1677787920.0,1677788176.0,4.0,1677788432.0,1677788688.0,1677788944.0,1677789200.0,4.0,1677789456.0,1677789712.0,1677789968.0,1677790224.0,4.0,1342177544.0,1342177800.0,1342178056.0,1342178312.0,8.0,1342243080.0,1342243336.0,1342243592.0,1342243848.0,1342244104.0,1342244360.0,1342244616.0,1342244872.0,4.0,1342308624.0,1342308880.0,1342309136.0,1342309392.0,4.0,1342374160.0,1342374416.0,1342374672.0,1342374928.0,4.0,1342375184.0,1342375440.0,1342375696.0,1342375952.0,8.0,1342439688.0,1342439944.0,1342440200.0,1342440456.0,1342440712.0,1342440968.0,1342441224.0,1342441480.0,5.0,0.0,0.0,0.0,0.0,0.0,8.0,51.0,51.0,51.0,51.0,17.0,17.0,17.0,17.0,16.0,100.0,100.0,100.0,100.0,100.0,100.0,100.0,100.0,100.0,100.0,100.0,100.0,100.0,100.0,100.0,100.0,2.0,0.0,0.0,2.0,0.0,0.0,4.0,80.0,244.0,0.0,0.0,8.0,0.0,252.0,4.0,0.0,221.0,221.0,245.0,0.0,5.0,143.0,1775.0,2.0,7.0,1.0,8.0,0.0,3444.0,0.0,0.0,0.0,0.0,0.0,0.0,8.0,15.0,0.0,0.0,0.0,224.0,0.0,0.0,0.0,1.0,0.0,3.0,0.0,0.0,255.0,12.0,0.0,0.0,0.0,0.0,0.0,0.0,0.0,0.0,0.0,0.0,0.0,0.0,8.0,0.0,0.0,250.0,0.0,0.0,0.0,0.0,0.0,12.0,50.0,50.0,50.0,50.0,50.0,50.0,50.0,50.0,50.0,50.0,50.0,50.0,0.0,0.0,0.0,983441.0,0.0,340441200.0,34044201.0,1.15,129.0,0.0,2000.0,500.0,0.0,500.0,0.0,0.0,0.0,0.0,0.0,0.0,0.0,0.0,0.0,0.0,0.0,0.0,0.0,0.0,0.0,0.0,0.0,0.0,0.0,0.0,0.0,0.0,0.0,0.0,0.0,0.0,1.0,0.0,0.0,0.0,0.0,0.0,0.0,0.0,0.0,0.0,0.0,0.0,0.0,0.0,0.0,0.0,0.0,0.0,0.0,0.0,0.0,0.0,1.0,0.0,1.0,0.0,0.0,0.0,0.0,0.0,0.0,0.0,0.0,0.0,0.0,0.0,0.0,0.0,0.0,0.0,0.0,0.0,0.0,0.0,0.0,0.0,0.0,0.0,0.885,0.0,0.0,0.0,0.0,0.0,0.0,0.0,0.0,0.0,0.0,0.0,
137,0.0,0.0,0.0,0.0,0.0,0.0,3.0,1.0,1.0,1.0,3.0,1.0,1.0,1.0,0.0,0.0,0.0,4.0,1275.0,3408961.0,65554.0,0.0,2.0,1537.0,1409.0,5.0,513.0,255.0,0.0,0.0,0.0,5.0,769.0,255.0,0.0,0.0,0.0,5.0,1025.0,255.0,0.0,0.0,0.0,3.0,1644167432.0,1644167688.0,1644167944.0,4.0,1678835984.0,1678836240.0,1678836496.0,1678836752.0,4.0,1678837008.0,1678837264.0,1678837520.0,1678837776.0,5.0,385.0,255.0,0.0,0.0,0.0,5.0,641.0,255.0,0.0,0.0,0.0,5.0,897.0,255.0,0.0,0.0,0.0,5.0,1153.0,255.0,0.0,0.0,0.0,5.0,417.0,254.0,0.0,0.0,0.0,5.0,449.0,254.0,0.0,0.0,0.0,5.0,481.0,254.0,0.0,0.0,0.0,5.0,673.0,254.0,0.0,0.0,0.0,5.0,705.0,254.0,0.0,0.0,0.0,5.0,737.0,254.0,0.0,0.0,0.0,1.0,1610613000.0,4.0,1677787408.0,1677787664.0,1677787920.0,1677788176.0,4.0,1677788432.0,1677788688.0,1677788944.0,1677789200.0,4.0,1677789456.0,1677789712.0,1677789968.0,1677790224.0,4.0,1342177544.0,1342177800.0,1342178056.0,1342178312.0,8.0,1342243080.0,1342243336.0,1342243592.0,1342243848.0,1342244104.0,1342244360.0,1342244616.0,1342244872.0,4.0,1342308624.0,1342308880.0,1342309136.0,1342309392.0,4.0,1342374160.0,1342374416.0,1342374672.0,1342374928.0,4.0,1342375184.0,1342375440.0,1342375696.0,1342375952.0,8.0,1342439688.0,1342439944.0,1342440200.0,1342440456.0,1342440712.0,1342440968.0,1342441224.0,1342441480.0,5.0,0.0,0.0,0.0,0.0,0.0,8.0,51.0,51.0,51.0,51.0,17.0,17.0,17.0,17.0,16.0,100.0,100.0,100.0,100.0,100.0,100.0,100.0,100.0,100.0,100.0,100.0,100.0,100.0,100.0,100.0,100.0,2.0,0.0,0.0,2.0,0.0,0.0,4.0,80.0,244.0,0.0,0.0,8.0,0.0,252.0,16.0,0.0,221.0,221.0,245.0,0.0,5.0,145.0,1775.0,2.0,7.0,1.0,8.0,0.0,0.0,963.0,0.0,0.0,0.0,0.0,0.0,8.0,15.0,0.0,0.0,0.0,224.0,0.0,0.0,0.0,1.0,0.0,3.0,0.0,0.0,255.0,12.0,0.0,0.0,0.0,0.0,0.0,0.0,0.0,0.0,0.0,0.0,0.0,0.0,8.0,0.0,0.0,250.0,0.0,0.0,0.0,0.0,0.0,12.0,50.0,50.0,50.0,50.0,50.0,50.0,50.0,50.0,50.0,50.0,50.0,50.0,0.0,0.0,0.0,983441.0,0.0,340441200.0,34044201.0,1.15,129.0,0.0,2000.0,500.0,0.0,500.0,0.0,0.0,0.0,0.0,0.0,0.0,0.0,0.0,0.0,0.0,0.0,0.0,0.0,0.0,0.0,0.0,0.0,0.0,0.0,0.0,0.0,0.0,0.0,0.0,0.0,0.0,1.0,0.0,0.0,0.0,0.0,0.0,0.0,0.0,0.0,0.0,0.0,0.0,0.0,0.0,0.0,0.0,0.0,0.0,0.0,0.0,0.0,0.0,1.0,0.0,1.0,0.0,0.0,0.0,0.0,0.0,0.0,0.0,0.0,0.0,0.0,0.0,0.0,0.0,0.0,0.0,0.0,0.0,0.0,0.0,0.0,0.0,0.0,0.0,0.886,0.0,0.0,0.0,0.0,0.0,0.0,0.0,0.0,0.0,0.0,0.0,
139,0.0,0.0,0.0,0.0,0.0,0.0,3.0,1.0,1.0,1.0,3.0,1.0,1.0,1.0,0.0,0.0,0.0,4.0,1275.0,3408961.0,65554.0,0.0,2.0,1537.0,1409.0,5.0,513.0,255.0,0.0,0.0,0.0,5.0,769.0,255.0,0.0,0.0,0.0,5.0,1025.0,255.0,0.0,0.0,0.0,3.0,1644167432.0,1644167688.0,1644167944.0,4.0,1678835984.0,1678836240.0,1678836496.0,1678836752.0,4.0,1678837008.0,1678837264.0,1678837520.0,1678837776.0,5.0,385.0,255.0,0.0,0.0,0.0,5.0,641.0,255.0,0.0,0.0,0.0,5.0,897.0,255.0,0.0,0.0,0.0,5.0,1153.0,255.0,0.0,0.0,0.0,5.0,417.0,254.0,0.0,0.0,0.0,5.0,449.0,254.0,0.0,0.0,0.0,5.0,481.0,254.0,0.0,0.0,0.0,5.0,673.0,254.0,0.0,0.0,0.0,5.0,705.0,254.0,0.0,0.0,0.0,5.0,737.0,254.0,0.0,0.0,0.0,1.0,1610613000.0,4.0,1677787408.0,1677787664.0,1677787920.0,1677788176.0,4.0,1677788432.0,1677788688.0,1677788944.0,1677789200.0,4.0,1677789456.0,1677789712.0,1677789968.0,1677790224.0,4.0,1342177544.0,1342177800.0,1342178056.0,1342178312.0,8.0,1342243080.0,1342243336.0,1342243592.0,1342243848.0,1342244104.0,1342244360.0,1342244616.0,1342244872.0,4.0,1342308624.0,1342308880.0,1342309136.0,1342309392.0,4.0,1342374160.0,1342374416.0,1342374672.0,1342374928.0,4.0,1342375184.0,1342375440.0,1342375696.0,1342375952.0,8.0,1342439688.0,1342439944.0,1342440200.0,1342440456.0,1342440712.0,1342440968.0,1342441224.0,1342441480.0,5.0,0.0,0.0,0.0,0.0,0.0,8.0,51.0,51.0,51.0,51.0,17.0,17.0,17.0,17.0,16.0,100.0,100.0,100.0,100.0,100.0,100.0,100.0,100.0,100.0,100.0,100.0,100.0,100.0,100.0,100.0,100.0,2.0,0.0,0.0,2.0,0.0,0.0,4.0,80.0,244.0,0.0,0.0,8.0,0.0,252.0,16.0,0.0,221.0,221.0,245.0,0.0,5.0,145.0,1775.0,2.0,7.0,1.0,8.0,0.0,0.0,963.0,0.0,0.0,0.0,0.0,0.0,8.0,15.0,0.0,0.0,0.0,224.0,0.0,0.0,0.0,1.0,0.0,3.0,0.0,0.0,255.0,12.0,0.0,0.0,0.0,0.0,0.0,0.0,0.0,0.0,0.0,0.0,0.0,0.0,8.0,0.0,0.0,500.0,0.0,0.0,0.0,0.0,0.0,12.0,50.0,50.0,50.0,50.0,50.0,50.0,50.0,50.0,50.0,50.0,50.0,50.0,0.0,0.0,0.0,983441.0,0.0,340441200.0,34044201.0,1.15,129.0,0.0,2000.0,500.0,0.0,500.0,0.0,0.0,0.0,0.0,0.0,0.0,0.0,0.0,0.0,0.0,0.0,0.0,0.0,0.0,0.0,0.0,0.0,0.0,0.0,0.0,0.0,0.0,0.0,0.0,0.0,0.0,1.0,0.0,0.0,0.0,0.0,0.0,0.0,0.0,0.0,0.0,0.0,0.0,0.0,0.0,0.0,0.0,0.0,0.0,0.0,0.0,0.0,0.0,1.0,0.0,1.0,0.0,0.0,0.0,0.0,0.0,0.0,0.0,0.0,0.0,0.0,0.0,0.0,0.0,0.0,0.0,0.0,0.0,0.0,0.0,0.0,0.0,0.0,0.0,1.702,0.0,0.0,0.0,0.0,0.0,0.0,0.0,0.0,0.0,0.0,0.0,
140,0.0,0.0,0.0,0.0,0.0,0.0,3.0,1.0,1.0,1.0,3.0,1.0,1.0,1.0,0.0,0.0,0.0,4.0,1275.0,3408961.0,65554.0,0.0,2.0,1537.0,1409.0,5.0,513.0,255.0,0.0,0.0,0.0,5.0,769.0,255.0,0.0,0.0,0.0,5.0,1025.0,255.0,0.0,0.0,0.0,3.0,1644167432.0,1644167688.0,1644167944.0,4.0,1678835984.0,1678836240.0,1678836496.0,1678836752.0,4.0,1678837008.0,1678837264.0,1678837520.0,1678837776.0,5.0,385.0,255.0,0.0,0.0,0.0,5.0,641.0,255.0,0.0,0.0,0.0,5.0,897.0,255.0,0.0,0.0,0.0,5.0,1153.0,255.0,0.0,0.0,0.0,5.0,417.0,254.0,0.0,0.0,0.0,5.0,449.0,254.0,0.0,0.0,0.0,5.0,481.0,254.0,0.0,0.0,0.0,5.0,673.0,254.0,0.0,0.0,0.0,5.0,705.0,254.0,0.0,0.0,0.0,5.0,737.0,254.0,0.0,0.0,0.0,1.0,1610613000.0,4.0,1677787408.0,1677787664.0,1677787920.0,1677788176.0,4.0,1677788432.0,1677788688.0,1677788944.0,1677789200.0,4.0,1677789456.0,1677789712.0,1677789968.0,1677790224.0,4.0,1342177544.0,1342177800.0,1342178056.0,1342178312.0,8.0,1342243080.0,1342243336.0,1342243592.0,1342243848.0,1342244104.0,1342244360.0,1342244616.0,1342244872.0,4.0,1342308624.0,1342308880.0,1342309136.0,1342309392.0,4.0,1342374160.0,1342374416.0,1342374672.0,1342374928.0,4.0,1342375184.0,1342375440.0,1342375696.0,1342375952.0,8.0,1342439688.0,1342439944.0,1342440200.0,1342440456.0,1342440712.0,1342440968.0,1342441224.0,1342441480.0,5.0,0.0,0.0,0.0,0.0,0.0,8.0,51.0,51.0,51.0,51.0,17.0,17.0,17.0,17.0,16.0,100.0,100.0,100.0,100.0,100.0,100.0,100.0,100.0,100.0,100.0,100.0,100.0,100.0,100.0,100.0,100.0,2.0,0.0,0.0,2.0,0.0,0.0,4.0,80.0,244.0,0.0,0.0,8.0,0.0,252.0,16.0,0.0,221.0,221.0,245.0,0.0,5.0,144.0,1775.0,2.0,7.0,1.0,8.0,0.0,0.0,1835.0,0.0,0.0,0.0,0.0,0.0,8.0,15.0,0.0,0.0,0.0,224.0,0.0,0.0,0.0,1.0,0.0,3.0,0.0,0.0,255.0,12.0,0.0,0.0,0.0,0.0,0.0,0.0,0.0,0.0,0.0,0.0,0.0,0.0,8.0,0.0,0.0,500.0,0.0,0.0,0.0,0.0,0.0,12.0,50.0,50.0,50.0,50.0,50.0,50.0,50.0,50.0,50.0,50.0,50.0,50.0,0.0,0.0,0.0,983441.0,0.0,340441200.0,34044201.0,1.15,129.0,0.0,2000.0,500.0,0.0,500.0,0.0,0.0,0.0,0.0,0.0,0.0,0.0,0.0,0.0,0.0,0.0,0.0,0.0,0.0,0.0,0.0,0.0,0.0,0.0,0.0,0.0,0.0,0.0,0.0,0.0,0.0,1.0,0.0,0.0,0.0,0.0,0.0,0.0,0.0,0.0,0.0,0.0,0.0,0.0,0.0,0.0,0.0,0.0,0.0,0.0,0.0,0.0,0.0,1.0,0.0,1.0,0.0,0.0,0.0,0.0,0.0,0.0,0.0,0.0,0.0,0.0,0.0,0.0,0.0,0.0,0.0,0.0,0.0,0.0,0.0,0.0,0.0,0.0,0.0,1.702,0.0,0.0,0.0,0.0,0.0,0.0,0.0,0.0,0.0,0.0,0.0,
142,0.0,0.0,0.0,0.0,0.0,0.0,3.0,1.0,1.0,1.0,3.0,1.0,1.0,1.0,0.0,0.0,0.0,4.0,1275.0,3408961.0,65554.0,0.0,2.0,1537.0,1409.0,5.0,513.0,255.0,0.0,0.0,0.0,5.0,769.0,255.0,0.0,0.0,0.0,5.0,1025.0,255.0,0.0,0.0,0.0,3.0,1644167432.0,1644167688.0,1644167944.0,4.0,1678835984.0,1678836240.0,1678836496.0,1678836752.0,4.0,1678837008.0,1678837264.0,1678837520.0,1678837776.0,5.0,385.0,255.0,0.0,0.0,0.0,5.0,641.0,255.0,0.0,0.0,0.0,5.0,897.0,255.0,0.0,0.0,0.0,5.0,1153.0,255.0,0.0,0.0,0.0,5.0,417.0,254.0,0.0,0.0,0.0,5.0,449.0,254.0,0.0,0.0,0.0,5.0,481.0,254.0,0.0,0.0,0.0,5.0,673.0,254.0,0.0,0.0,0.0,5.0,705.0,254.0,0.0,0.0,0.0,5.0,737.0,254.0,0.0,0.0,0.0,1.0,1610613000.0,4.0,1677787408.0,1677787664.0,1677787920.0,1677788176.0,4.0,1677788432.0,1677788688.0,1677788944.0,1677789200.0,4.0,1677789456.0,1677789712.0,1677789968.0,1677790224.0,4.0,1342177544.0,1342177800.0,1342178056.0,1342178312.0,8.0,1342243080.0,1342243336.0,1342243592.0,1342243848.0,1342244104.0,1342244360.0,1342244616.0,1342244872.0,4.0,1342308624.0,1342308880.0,1342309136.0,1342309392.0,4.0,1342374160.0,1342374416.0,1342374672.0,1342374928.0,4.0,1342375184.0,1342375440.0,1342375696.0,1342375952.0,8.0,1342439688.0,1342439944.0,1342440200.0,1342440456.0,1342440712.0,1342440968.0,1342441224.0,1342441480.0,5.0,0.0,0.0,0.0,0.0,0.0,8.0,51.0,51.0,51.0,51.0,17.0,17.0,17.0,17.0,16.0,100.0,100.0,100.0,100.0,100.0,100.0,100.0,100.0,100.0,100.0,100.0,100.0,100.0,100.0,100.0,100.0,2.0,0.0,0.0,2.0,0.0,0.0,4.0,80.0,244.0,0.0,0.0,8.0,0.0,252.0,16.0,0.0,221.0,221.0,245.0,0.0,5.0,144.0,1775.0,2.0,7.0,1.0,8.0,0.0,0.0,1835.0,0.0,0.0,0.0,0.0,0.0,8.0,15.0,0.0,0.0,0.0,224.0,0.0,0.0,0.0,1.0,0.0,3.0,0.0,0.0,255.0,12.0,0.0,0.0,0.0,0.0,0.0,0.0,0.0,0.0,0.0,0.0,0.0,0.0,8.0,0.0,0.0,1000.0,0.0,0.0,0.0,0.0,0.0,12.0,50.0,50.0,50.0,50.0,50.0,50.0,50.0,50.0,50.0,50.0,50.0,50.0,0.0,0.0,0.0,983441.0,0.0,340441200.0,34044201.0,1.15,129.0,0.0,2000.0,500.0,0.0,500.0,0.0,0.0,0.0,0.0,0.0,0.0,0.0,0.0,0.0,0.0,0.0,0.0,0.0,0.0,0.0,0.0,0.0,0.0,0.0,0.0,0.0,0.0,0.0,0.0,0.0,0.0,1.0,0.0,0.0,0.0,0.0,0.0,0.0,0.0,0.0,0.0,0.0,0.0,0.0,0.0,0.0,0.0,0.0,0.0,0.0,0.0,0.0,0.0,1.0,0.0,1.0,0.0,0.0,0.0,0.0,0.0,0.0,0.0,0.0,0.0,0.0,0.0,0.0,0.0,0.0,0.0,0.0,0.0,0.0,0.0,0.0,0.0,0.0,0.0,3.333,0.0,0.0,0.0,0.0,0.0,0.0,0.0,0.0,0.0,0.0,0.0,
143,0.0,0.0,0.0,0.0,0.0,0.0,3.0,1.0,1.0,1.0,3.0,1.0,1.0,1.0,0.0,0.0,0.0,4.0,1275.0,3408961.0,65554.0,0.0,2.0,1537.0,1409.0,5.0,513.0,255.0,0.0,0.0,0.0,5.0,769.0,255.0,0.0,0.0,0.0,5.0,1025.0,255.0,0.0,0.0,0.0,3.0,1644167432.0,1644167688.0,1644167944.0,4.0,1678835984.0,1678836240.0,1678836496.0,1678836752.0,4.0,1678837008.0,1678837264.0,1678837520.0,1678837776.0,5.0,385.0,255.0,0.0,0.0,0.0,5.0,641.0,255.0,0.0,0.0,0.0,5.0,897.0,255.0,0.0,0.0,0.0,5.0,1153.0,255.0,0.0,0.0,0.0,5.0,417.0,254.0,0.0,0.0,0.0,5.0,449.0,254.0,0.0,0.0,0.0,5.0,481.0,254.0,0.0,0.0,0.0,5.0,673.0,254.0,0.0,0.0,0.0,5.0,705.0,254.0,0.0,0.0,0.0,5.0,737.0,254.0,0.0,0.0,0.0,1.0,1610613000.0,4.0,1677787408.0,1677787664.0,1677787920.0,1677788176.0,4.0,1677788432.0,1677788688.0,1677788944.0,1677789200.0,4.0,1677789456.0,1677789712.0,1677789968.0,1677790224.0,4.0,1342177544.0,1342177800.0,1342178056.0,1342178312.0,8.0,1342243080.0,1342243336.0,1342243592.0,1342243848.0,1342244104.0,1342244360.0,1342244616.0,1342244872.0,4.0,1342308624.0,1342308880.0,1342309136.0,1342309392.0,4.0,1342374160.0,1342374416.0,1342374672.0,1342374928.0,4.0,1342375184.0,1342375440.0,1342375696.0,1342375952.0,8.0,1342439688.0,1342439944.0,1342440200.0,1342440456.0,1342440712.0,1342440968.0,1342441224.0,1342441480.0,5.0,0.0,0.0,0.0,0.0,0.0,8.0,51.0,51.0,51.0,51.0,17.0,17.0,17.0,17.0,16.0,100.0,100.0,100.0,100.0,100.0,100.0,100.0,100.0,100.0,100.0,100.0,100.0,100.0,100.0,100.0,100.0,2.0,0.0,0.0,2.0,0.0,0.0,4.0,80.0,244.0,0.0,0.0,8.0,0.0,252.0,16.0,0.0,221.0,221.0,245.0,0.0,5.0,143.0,1775.0,2.0,7.0,1.0,8.0,0.0,0.0,3504.0,0.0,0.0,0.0,0.0,0.0,8.0,15.0,0.0,0.0,0.0,224.0,0.0,0.0,0.0,1.0,0.0,3.0,0.0,0.0,255.0,12.0,0.0,0.0,0.0,0.0,0.0,0.0,0.0,0.0,0.0,0.0,0.0,0.0,8.0,0.0,0.0,1000.0,0.0,0.0,0.0,0.0,0.0,12.0,50.0,50.0,50.0,50.0,50.0,50.0,50.0,50.0,50.0,50.0,50.0,50.0,0.0,0.0,0.0,983441.0,0.0,340441200.0,34044201.0,1.15,129.0,0.0,2000.0,500.0,0.0,500.0,0.0,0.0,0.0,0.0,0.0,0.0,0.0,0.0,0.0,0.0,0.0,0.0,0.0,0.0,0.0,0.0,0.0,0.0,0.0,0.0,0.0,0.0,0.0,0.0,0.0,0.0,1.0,0.0,0.0,0.0,0.0,0.0,0.0,0.0,0.0,0.0,0.0,0.0,0.0,0.0,0.0,0.0,0.0,0.0,0.0,0.0,0.0,0.0,1.0,0.0,1.0,0.0,0.0,0.0,0.0,0.0,0.0,0.0,0.0,0.0,0.0,0.0,0.0,0.0,0.0,0.0,0.0,0.0,0.0,0.0,0.0,0.0,0.0,0.0,3.331,0.0,0.0,0.0,0.0,0.0,0.0,0.0,0.0,0.0,0.0,0.0,
148,0.0,0.0,0.0,0.0,0.0,0.0,3.0,1.0,1.0,1.0,3.0,1.0,1.0,1.0,0.0,0.0,0.0,4.0,1275.0,3408961.0,65554.0,0.0,2.0,1537.0,1409.0,5.0,513.0,255.0,0.0,0.0,0.0,5.0,769.0,255.0,0.0,0.0,0.0,5.0,1025.0,255.0,0.0,0.0,0.0,3.0,1644167432.0,1644167688.0,1644167944.0,4.0,1678835984.0,1678836240.0,1678836496.0,1678836752.0,4.0,1678837008.0,1678837264.0,1678837520.0,1678837776.0,5.0,385.0,255.0,0.0,0.0,0.0,5.0,641.0,255.0,0.0,0.0,0.0,5.0,897.0,255.0,0.0,0.0,0.0,5.0,1153.0,255.0,0.0,0.0,0.0,5.0,417.0,254.0,0.0,0.0,0.0,5.0,449.0,254.0,0.0,0.0,0.0,5.0,481.0,254.0,0.0,0.0,0.0,5.0,673.0,254.0,0.0,0.0,0.0,5.0,705.0,254.0,0.0,0.0,0.0,5.0,737.0,254.0,0.0,0.0,0.0,1.0,1610613000.0,4.0,1677787408.0,1677787664.0,1677787920.0,1677788176.0,4.0,1677788432.0,1677788688.0,1677788944.0,1677789200.0,4.0,1677789456.0,1677789712.0,1677789968.0,1677790224.0,4.0,1342177544.0,1342177800.0,1342178056.0,1342178312.0,8.0,1342243080.0,1342243336.0,1342243592.0,1342243848.0,1342244104.0,1342244360.0,1342244616.0,1342244872.0,4.0,1342308624.0,1342308880.0,1342309136.0,1342309392.0,4.0,1342374160.0,1342374416.0,1342374672.0,1342374928.0,4.0,1342375184.0,1342375440.0,1342375696.0,1342375952.0,8.0,1342439688.0,1342439944.0,1342440200.0,1342440456.0,1342440712.0,1342440968.0,1342441224.0,1342441480.0,5.0,0.0,0.0,0.0,0.0,0.0,8.0,51.0,51.0,51.0,51.0,17.0,17.0,17.0,17.0,16.0,100.0,100.0,100.0,100.0,100.0,100.0,100.0,100.0,100.0,100.0,100.0,100.0,100.0,100.0,100.0,100.0,2.0,0.0,0.0,2.0,0.0,0.0,4.0,80.0,244.0,0.0,0.0,8.0,0.0,252.0,16.0,0.0,221.0,221.0,245.0,0.0,5.0,143.0,1775.0,2.0,7.0,1.0,8.0,0.0,0.0,3504.0,0.0,0.0,0.0,0.0,0.0,8.0,15.0,0.0,0.0,0.0,224.0,0.0,0.0,0.0,1.0,0.0,3.0,0.0,0.0,255.0,12.0,0.0,0.0,0.0,0.0,0.0,0.0,0.0,0.0,0.0,0.0,0.0,0.0,8.0,0.0,0.0,0.0,250.0,0.0,0.0,0.0,0.0,12.0,50.0,50.0,50.0,50.0,50.0,50.0,50.0,50.0,50.0,50.0,50.0,50.0,0.0,0.0,0.0,983441.0,0.0,340441200.0,34044201.0,1.15,129.0,0.0,2000.0,500.0,0.0,500.0,0.0,0.0,0.0,0.0,0.0,0.0,0.0,0.0,0.0,0.0,0.0,0.0,0.0,0.0,0.0,0.0,0.0,0.0,0.0,0.0,0.0,0.0,0.0,0.0,0.0,0.0,0.0,1.0,0.0,0.0,0.0,0.0,0.0,0.0,0.0,0.0,0.0,0.0,0.0,0.0,0.0,0.0,0.0,0.0,0.0,0.0,0.0,0.0,1.0,0.0,1.0,0.0,0.0,0.0,0.0,0.0,0.0,0.0,0.0,0.0,0.0,0.0,0.0,0.0,0.0,0.0,0.0,0.0,0.0,0.0,0.0,0.0,0.0,0.0,0.883,0.0,0.0,0.0,0.0,0.0,0.0,0.0,0.0,0.0,0.0,0.0,
149,0.0,0.0,0.0,0.0,0.0,0.0,3.0,1.0,1.0,1.0,3.0,1.0,1.0,1.0,0.0,0.0,0.0,4.0,1275.0,3408961.0,65554.0,0.0,2.0,1537.0,1409.0,5.0,513.0,255.0,0.0,0.0,0.0,5.0,769.0,255.0,0.0,0.0,0.0,5.0,1025.0,255.0,0.0,0.0,0.0,3.0,1644167432.0,1644167688.0,1644167944.0,4.0,1678835984.0,1678836240.0,1678836496.0,1678836752.0,4.0,1678837008.0,1678837264.0,1678837520.0,1678837776.0,5.0,385.0,255.0,0.0,0.0,0.0,5.0,641.0,255.0,0.0,0.0,0.0,5.0,897.0,255.0,0.0,0.0,0.0,5.0,1153.0,255.0,0.0,0.0,0.0,5.0,417.0,254.0,0.0,0.0,0.0,5.0,449.0,254.0,0.0,0.0,0.0,5.0,481.0,254.0,0.0,0.0,0.0,5.0,673.0,254.0,0.0,0.0,0.0,5.0,705.0,254.0,0.0,0.0,0.0,5.0,737.0,254.0,0.0,0.0,0.0,1.0,1610613000.0,4.0,1677787408.0,1677787664.0,1677787920.0,1677788176.0,4.0,1677788432.0,1677788688.0,1677788944.0,1677789200.0,4.0,1677789456.0,1677789712.0,1677789968.0,1677790224.0,4.0,1342177544.0,1342177800.0,1342178056.0,1342178312.0,8.0,1342243080.0,1342243336.0,1342243592.0,1342243848.0,1342244104.0,1342244360.0,1342244616.0,1342244872.0,4.0,1342308624.0,1342308880.0,1342309136.0,1342309392.0,4.0,1342374160.0,1342374416.0,1342374672.0,1342374928.0,4.0,1342375184.0,1342375440.0,1342375696.0,1342375952.0,8.0,1342439688.0,1342439944.0,1342440200.0,1342440456.0,1342440712.0,1342440968.0,1342441224.0,1342441480.0,5.0,0.0,0.0,0.0,0.0,0.0,8.0,51.0,51.0,51.0,51.0,17.0,17.0,17.0,17.0,16.0,100.0,100.0,100.0,100.0,100.0,100.0,100.0,100.0,100.0,100.0,100.0,100.0,100.0,100.0,100.0,100.0,2.0,0.0,0.0,2.0,0.0,0.0,4.0,80.0,244.0,0.0,0.0,8.0,0.0,252.0,64.0,0.0,221.0,221.0,245.0,0.0,5.0,144.0,1775.0,2.0,7.0,1.0,8.0,0.0,0.0,0.0,987.0,0.0,0.0,0.0,0.0,8.0,15.0,0.0,0.0,0.0,224.0,0.0,0.0,0.0,1.0,0.0,3.0,0.0,0.0,255.0,12.0,0.0,0.0,0.0,0.0,0.0,0.0,0.0,0.0,0.0,0.0,0.0,0.0,8.0,0.0,0.0,0.0,250.0,0.0,0.0,0.0,0.0,12.0,50.0,50.0,50.0,50.0,50.0,50.0,50.0,50.0,50.0,50.0,50.0,50.0,0.0,0.0,0.0,983441.0,0.0,340441200.0,34044201.0,1.15,129.0,0.0,2000.0,500.0,0.0,500.0,0.0,0.0,0.0,0.0,0.0,0.0,0.0,0.0,0.0,0.0,0.0,0.0,0.0,0.0,0.0,0.0,0.0,0.0,0.0,0.0,0.0,0.0,0.0,0.0,0.0,0.0,0.0,1.0,0.0,0.0,0.0,0.0,0.0,0.0,0.0,0.0,0.0,0.0,0.0,0.0,0.0,0.0,0.0,0.0,0.0,0.0,0.0,0.0,1.0,0.0,1.0,0.0,0.0,0.0,0.0,0.0,0.0,0.0,0.0,0.0,0.0,0.0,0.0,0.0,0.0,0.0,0.0,0.0,0.0,0.0,0.0,0.0,0.0,0.0,0.884,0.0,0.0,0.0,0.0,0.0,0.0,0.0,0.0,0.0,0.0,0.0,
151,0.0,0.0,0.0,0.0,0.0,0.0,3.0,1.0,1.0,1.0,3.0,1.0,1.0,1.0,0.0,0.0,0.0,4.0,1275.0,3408961.0,65554.0,0.0,2.0,1537.0,1409.0,5.0,513.0,255.0,0.0,0.0,0.0,5.0,769.0,255.0,0.0,0.0,0.0,5.0,1025.0,255.0,0.0,0.0,0.0,3.0,1644167432.0,1644167688.0,1644167944.0,4.0,1678835984.0,1678836240.0,1678836496.0,1678836752.0,4.0,1678837008.0,1678837264.0,1678837520.0,1678837776.0,5.0,385.0,255.0,0.0,0.0,0.0,5.0,641.0,255.0,0.0,0.0,0.0,5.0,897.0,255.0,0.0,0.0,0.0,5.0,1153.0,255.0,0.0,0.0,0.0,5.0,417.0,254.0,0.0,0.0,0.0,5.0,449.0,254.0,0.0,0.0,0.0,5.0,481.0,254.0,0.0,0.0,0.0,5.0,673.0,254.0,0.0,0.0,0.0,5.0,705.0,254.0,0.0,0.0,0.0,5.0,737.0,254.0,0.0,0.0,0.0,1.0,1610613000.0,4.0,1677787408.0,1677787664.0,1677787920.0,1677788176.0,4.0,1677788432.0,1677788688.0,1677788944.0,1677789200.0,4.0,1677789456.0,1677789712.0,1677789968.0,1677790224.0,4.0,1342177544.0,1342177800.0,1342178056.0,1342178312.0,8.0,1342243080.0,1342243336.0,1342243592.0,1342243848.0,1342244104.0,1342244360.0,1342244616.0,1342244872.0,4.0,1342308624.0,1342308880.0,1342309136.0,1342309392.0,4.0,1342374160.0,1342374416.0,1342374672.0,1342374928.0,4.0,1342375184.0,1342375440.0,1342375696.0,1342375952.0,8.0,1342439688.0,1342439944.0,1342440200.0,1342440456.0,1342440712.0,1342440968.0,1342441224.0,1342441480.0,5.0,0.0,0.0,0.0,0.0,0.0,8.0,51.0,51.0,51.0,51.0,17.0,17.0,17.0,17.0,16.0,100.0,100.0,100.0,100.0,100.0,100.0,100.0,100.0,100.0,100.0,100.0,100.0,100.0,100.0,100.0,100.0,2.0,0.0,0.0,2.0,0.0,0.0,4.0,80.0,244.0,0.0,0.0,8.0,0.0,252.0,64.0,0.0,221.0,221.0,245.0,0.0,5.0,144.0,1775.0,2.0,7.0,1.0,8.0,0.0,0.0,0.0,987.0,0.0,0.0,0.0,0.0,8.0,15.0,0.0,0.0,0.0,224.0,0.0,0.0,0.0,1.0,0.0,3.0,0.0,0.0,255.0,12.0,0.0,0.0,0.0,0.0,0.0,0.0,0.0,0.0,0.0,0.0,0.0,0.0,8.0,0.0,0.0,0.0,500.0,0.0,0.0,0.0,0.0,12.0,50.0,50.0,50.0,50.0,50.0,50.0,50.0,50.0,50.0,50.0,50.0,50.0,0.0,0.0,0.0,983441.0,0.0,340441200.0,34044201.0,1.15,129.0,0.0,2000.0,500.0,0.0,500.0,0.0,0.0,0.0,0.0,0.0,0.0,0.0,0.0,0.0,0.0,0.0,0.0,0.0,0.0,0.0,0.0,0.0,0.0,0.0,0.0,0.0,0.0,0.0,0.0,0.0,0.0,0.0,1.0,0.0,0.0,0.0,0.0,0.0,0.0,0.0,0.0,0.0,0.0,0.0,0.0,0.0,0.0,0.0,0.0,0.0,0.0,0.0,0.0,1.0,0.0,1.0,0.0,0.0,0.0,0.0,0.0,0.0,0.0,0.0,0.0,0.0,0.0,0.0,0.0,0.0,0.0,0.0,0.0,0.0,0.0,0.0,0.0,0.0,0.0,1.699,0.0,0.0,0.0,0.0,0.0,0.0,0.0,0.0,0.0,0.0,0.0,
152,0.0,0.0,0.0,0.0,0.0,0.0,3.0,1.0,1.0,1.0,3.0,1.0,1.0,1.0,0.0,0.0,0.0,4.0,1275.0,3408961.0,65554.0,0.0,2.0,1537.0,1409.0,5.0,513.0,255.0,0.0,0.0,0.0,5.0,769.0,255.0,0.0,0.0,0.0,5.0,1025.0,255.0,0.0,0.0,0.0,3.0,1644167432.0,1644167688.0,1644167944.0,4.0,1678835984.0,1678836240.0,1678836496.0,1678836752.0,4.0,1678837008.0,1678837264.0,1678837520.0,1678837776.0,5.0,385.0,255.0,0.0,0.0,0.0,5.0,641.0,255.0,0.0,0.0,0.0,5.0,897.0,255.0,0.0,0.0,0.0,5.0,1153.0,255.0,0.0,0.0,0.0,5.0,417.0,254.0,0.0,0.0,0.0,5.0,449.0,254.0,0.0,0.0,0.0,5.0,481.0,254.0,0.0,0.0,0.0,5.0,673.0,254.0,0.0,0.0,0.0,5.0,705.0,254.0,0.0,0.0,0.0,5.0,737.0,254.0,0.0,0.0,0.0,1.0,1610613000.0,4.0,1677787408.0,1677787664.0,1677787920.0,1677788176.0,4.0,1677788432.0,1677788688.0,1677788944.0,1677789200.0,4.0,1677789456.0,1677789712.0,1677789968.0,1677790224.0,4.0,1342177544.0,1342177800.0,1342178056.0,1342178312.0,8.0,1342243080.0,1342243336.0,1342243592.0,1342243848.0,1342244104.0,1342244360.0,1342244616.0,1342244872.0,4.0,1342308624.0,1342308880.0,1342309136.0,1342309392.0,4.0,1342374160.0,1342374416.0,1342374672.0,1342374928.0,4.0,1342375184.0,1342375440.0,1342375696.0,1342375952.0,8.0,1342439688.0,1342439944.0,1342440200.0,1342440456.0,1342440712.0,1342440968.0,1342441224.0,1342441480.0,5.0,0.0,0.0,0.0,0.0,0.0,8.0,51.0,51.0,51.0,51.0,17.0,17.0,17.0,17.0,16.0,100.0,100.0,100.0,100.0,100.0,100.0,100.0,100.0,100.0,100.0,100.0,100.0,100.0,100.0,100.0,100.0,2.0,0.0,0.0,2.0,0.0,0.0,4.0,80.0,244.0,0.0,0.0,8.0,0.0,252.0,64.0,0.0,221.0,221.0,245.0,0.0,5.0,144.0,1775.0,2.0,7.0,1.0,8.0,0.0,0.0,0.0,1847.0,0.0,0.0,0.0,0.0,8.0,15.0,0.0,0.0,0.0,224.0,0.0,0.0,0.0,1.0,0.0,3.0,0.0,0.0,255.0,12.0,0.0,0.0,0.0,0.0,0.0,0.0,0.0,0.0,0.0,0.0,0.0,0.0,8.0,0.0,0.0,0.0,500.0,0.0,0.0,0.0,0.0,12.0,50.0,50.0,50.0,50.0,50.0,50.0,50.0,50.0,50.0,50.0,50.0,50.0,0.0,0.0,0.0,983441.0,0.0,340441200.0,34044201.0,1.15,129.0,0.0,2000.0,500.0,0.0,500.0,0.0,0.0,0.0,0.0,0.0,0.0,0.0,0.0,0.0,0.0,0.0,0.0,0.0,0.0,0.0,0.0,0.0,0.0,0.0,0.0,0.0,0.0,0.0,0.0,0.0,0.0,0.0,1.0,0.0,0.0,0.0,0.0,0.0,0.0,0.0,0.0,0.0,0.0,0.0,0.0,0.0,0.0,0.0,0.0,0.0,0.0,0.0,0.0,1.0,0.0,1.0,0.0,0.0,0.0,0.0,0.0,0.0,0.0,0.0,0.0,0.0,0.0,0.0,0.0,0.0,0.0,0.0,0.0,0.0,0.0,0.0,0.0,0.0,0.0,1.702,0.0,0.0,0.0,0.0,0.0,0.0,0.0,0.0,0.0,0.0,0.0,
154,0.0,0.0,0.0,0.0,0.0,0.0,3.0,1.0,1.0,1.0,3.0,1.0,1.0,1.0,0.0,0.0,0.0,4.0,1275.0,3408961.0,65554.0,0.0,2.0,1537.0,1409.0,5.0,513.0,255.0,0.0,0.0,0.0,5.0,769.0,255.0,0.0,0.0,0.0,5.0,1025.0,255.0,0.0,0.0,0.0,3.0,1644167432.0,1644167688.0,1644167944.0,4.0,1678835984.0,1678836240.0,1678836496.0,1678836752.0,4.0,1678837008.0,1678837264.0,1678837520.0,1678837776.0,5.0,385.0,255.0,0.0,0.0,0.0,5.0,641.0,255.0,0.0,0.0,0.0,5.0,897.0,255.0,0.0,0.0,0.0,5.0,1153.0,255.0,0.0,0.0,0.0,5.0,417.0,254.0,0.0,0.0,0.0,5.0,449.0,254.0,0.0,0.0,0.0,5.0,481.0,254.0,0.0,0.0,0.0,5.0,673.0,254.0,0.0,0.0,0.0,5.0,705.0,254.0,0.0,0.0,0.0,5.0,737.0,254.0,0.0,0.0,0.0,1.0,1610613000.0,4.0,1677787408.0,1677787664.0,1677787920.0,1677788176.0,4.0,1677788432.0,1677788688.0,1677788944.0,1677789200.0,4.0,1677789456.0,1677789712.0,1677789968.0,1677790224.0,4.0,1342177544.0,1342177800.0,1342178056.0,1342178312.0,8.0,1342243080.0,1342243336.0,1342243592.0,1342243848.0,1342244104.0,1342244360.0,1342244616.0,1342244872.0,4.0,1342308624.0,1342308880.0,1342309136.0,1342309392.0,4.0,1342374160.0,1342374416.0,1342374672.0,1342374928.0,4.0,1342375184.0,1342375440.0,1342375696.0,1342375952.0,8.0,1342439688.0,1342439944.0,1342440200.0,1342440456.0,1342440712.0,1342440968.0,1342441224.0,1342441480.0,5.0,0.0,0.0,0.0,0.0,0.0,8.0,51.0,51.0,51.0,51.0,17.0,17.0,17.0,17.0,16.0,100.0,100.0,100.0,100.0,100.0,100.0,100.0,100.0,100.0,100.0,100.0,100.0,100.0,100.0,100.0,100.0,2.0,0.0,0.0,2.0,0.0,0.0,4.0,80.0,244.0,0.0,0.0,8.0,0.0,252.0,64.0,0.0,221.0,221.0,245.0,0.0,5.0,144.0,1775.0,2.0,7.0,1.0,8.0,0.0,0.0,0.0,1847.0,0.0,0.0,0.0,0.0,8.0,15.0,0.0,0.0,0.0,224.0,0.0,0.0,0.0,1.0,0.0,3.0,0.0,0.0,255.0,12.0,0.0,0.0,0.0,0.0,0.0,0.0,0.0,0.0,0.0,0.0,0.0,0.0,8.0,0.0,0.0,0.0,1000.0,0.0,0.0,0.0,0.0,12.0,50.0,50.0,50.0,50.0,50.0,50.0,50.0,50.0,50.0,50.0,50.0,50.0,0.0,0.0,0.0,983441.0,0.0,340441200.0,34044201.0,1.15,129.0,0.0,2000.0,500.0,0.0,500.0,0.0,0.0,0.0,0.0,0.0,0.0,0.0,0.0,0.0,0.0,0.0,0.0,0.0,0.0,0.0,0.0,0.0,0.0,0.0,0.0,0.0,0.0,0.0,0.0,0.0,0.0,0.0,1.0,0.0,0.0,0.0,0.0,0.0,0.0,0.0,0.0,0.0,0.0,0.0,0.0,0.0,0.0,0.0,0.0,0.0,0.0,0.0,0.0,1.0,0.0,1.0,0.0,0.0,0.0,0.0,0.0,0.0,0.0,0.0,0.0,0.0,0.0,0.0,0.0,0.0,0.0,0.0,0.0,0.0,0.0,0.0,0.0,0.0,0.0,3.334,0.0,0.0,0.0,0.0,0.0,0.0,0.0,0.0,0.0,0.0,0.0,
155,0.0,0.0,0.0,0.0,0.0,0.0,3.0,1.0,1.0,1.0,3.0,1.0,1.0,1.0,0.0,0.0,0.0,4.0,1275.0,3408961.0,65554.0,0.0,2.0,1537.0,1409.0,5.0,513.0,255.0,0.0,0.0,0.0,5.0,769.0,255.0,0.0,0.0,0.0,5.0,1025.0,255.0,0.0,0.0,0.0,3.0,1644167432.0,1644167688.0,1644167944.0,4.0,1678835984.0,1678836240.0,1678836496.0,1678836752.0,4.0,1678837008.0,1678837264.0,1678837520.0,1678837776.0,5.0,385.0,255.0,0.0,0.0,0.0,5.0,641.0,255.0,0.0,0.0,0.0,5.0,897.0,255.0,0.0,0.0,0.0,5.0,1153.0,255.0,0.0,0.0,0.0,5.0,417.0,254.0,0.0,0.0,0.0,5.0,449.0,254.0,0.0,0.0,0.0,5.0,481.0,254.0,0.0,0.0,0.0,5.0,673.0,254.0,0.0,0.0,0.0,5.0,705.0,254.0,0.0,0.0,0.0,5.0,737.0,254.0,0.0,0.0,0.0,1.0,1610613000.0,4.0,1677787408.0,1677787664.0,1677787920.0,1677788176.0,4.0,1677788432.0,1677788688.0,1677788944.0,1677789200.0,4.0,1677789456.0,1677789712.0,1677789968.0,1677790224.0,4.0,1342177544.0,1342177800.0,1342178056.0,1342178312.0,8.0,1342243080.0,1342243336.0,1342243592.0,1342243848.0,1342244104.0,1342244360.0,1342244616.0,1342244872.0,4.0,1342308624.0,1342308880.0,1342309136.0,1342309392.0,4.0,1342374160.0,1342374416.0,1342374672.0,1342374928.0,4.0,1342375184.0,1342375440.0,1342375696.0,1342375952.0,8.0,1342439688.0,1342439944.0,1342440200.0,1342440456.0,1342440712.0,1342440968.0,1342441224.0,1342441480.0,5.0,0.0,0.0,0.0,0.0,0.0,8.0,51.0,51.0,51.0,51.0,17.0,17.0,17.0,17.0,16.0,100.0,100.0,100.0,100.0,100.0,100.0,100.0,100.0,100.0,100.0,100.0,100.0,100.0,100.0,100.0,100.0,2.0,0.0,0.0,2.0,0.0,0.0,4.0,80.0,244.0,0.0,0.0,8.0,0.0,252.0,64.0,0.0,221.0,221.0,245.0,0.0,5.0,143.0,1775.0,2.0,7.0,1.0,8.0,0.0,0.0,0.0,3432.0,0.0,0.0,0.0,0.0,8.0,15.0,0.0,0.0,0.0,224.0,0.0,0.0,0.0,1.0,0.0,3.0,0.0,0.0,255.0,12.0,0.0,0.0,0.0,0.0,0.0,0.0,0.0,0.0,0.0,0.0,0.0,0.0,8.0,0.0,0.0,0.0,1000.0,0.0,0.0,0.0,0.0,12.0,50.0,50.0,50.0,50.0,50.0,50.0,50.0,50.0,50.0,50.0,50.0,50.0,0.0,0.0,0.0,983441.0,0.0,340441200.0,34044201.0,1.15,129.0,0.0,2000.0,500.0,0.0,500.0,0.0,0.0,0.0,0.0,0.0,0.0,0.0,0.0,0.0,0.0,0.0,0.0,0.0,0.0,0.0,0.0,0.0,0.0,0.0,0.0,0.0,0.0,0.0,0.0,0.0,0.0,0.0,1.0,0.0,0.0,0.0,0.0,0.0,0.0,0.0,0.0,0.0,0.0,0.0,0.0,0.0,0.0,0.0,0.0,0.0,0.0,0.0,0.0,1.0,0.0,1.0,0.0,0.0,0.0,0.0,0.0,0.0,0.0,0.0,0.0,0.0,0.0,0.0,0.0,0.0,0.0,0.0,0.0,0.0,0.0,0.0,0.0,0.0,0.0,3.334,0.0,0.0,0.0,0.0,0.0,0.0,0.0,0.0,0.0,0.0,0.0,
160,0.0,0.0,0.0,0.0,0.0,0.0,3.0,1.0,1.0,1.0,3.0,1.0,1.0,1.0,0.0,0.0,0.0,4.0,1275.0,3408961.0,65554.0,0.0,2.0,1537.0,1409.0,5.0,513.0,255.0,0.0,0.0,0.0,5.0,769.0,255.0,0.0,0.0,0.0,5.0,1025.0,255.0,0.0,0.0,0.0,3.0,1644167432.0,1644167688.0,1644167944.0,4.0,1678835984.0,1678836240.0,1678836496.0,1678836752.0,4.0,1678837008.0,1678837264.0,1678837520.0,1678837776.0,5.0,385.0,255.0,0.0,0.0,0.0,5.0,641.0,255.0,0.0,0.0,0.0,5.0,897.0,255.0,0.0,0.0,0.0,5.0,1153.0,255.0,0.0,0.0,0.0,5.0,417.0,254.0,0.0,0.0,0.0,5.0,449.0,254.0,0.0,0.0,0.0,5.0,481.0,254.0,0.0,0.0,0.0,5.0,673.0,254.0,0.0,0.0,0.0,5.0,705.0,254.0,0.0,0.0,0.0,5.0,737.0,254.0,0.0,0.0,0.0,1.0,1610613000.0,4.0,1677787408.0,1677787664.0,1677787920.0,1677788176.0,4.0,1677788432.0,1677788688.0,1677788944.0,1677789200.0,4.0,1677789456.0,1677789712.0,1677789968.0,1677790224.0,4.0,1342177544.0,1342177800.0,1342178056.0,1342178312.0,8.0,1342243080.0,1342243336.0,1342243592.0,1342243848.0,1342244104.0,1342244360.0,1342244616.0,1342244872.0,4.0,1342308624.0,1342308880.0,1342309136.0,1342309392.0,4.0,1342374160.0,1342374416.0,1342374672.0,1342374928.0,4.0,1342375184.0,1342375440.0,1342375696.0,1342375952.0,8.0,1342439688.0,1342439944.0,1342440200.0,1342440456.0,1342440712.0,1342440968.0,1342441224.0,1342441480.0,5.0,0.0,0.0,0.0,0.0,0.0,8.0,51.0,51.0,51.0,51.0,17.0,17.0,17.0,17.0,16.0,100.0,100.0,100.0,100.0,100.0,100.0,100.0,100.0,100.0,100.0,100.0,100.0,100.0,100.0,100.0,100.0,2.0,0.0,0.0,2.0,0.0,0.0,4.0,80.0,244.0,0.0,0.0,8.0,0.0,252.0,64.0,0.0,221.0,221.0,245.0,0.0,5.0,143.0,1775.0,2.0,7.0,1.0,8.0,0.0,0.0,0.0,3432.0,0.0,0.0,0.0,0.0,8.0,15.0,0.0,0.0,0.0,224.0,0.0,0.0,0.0,1.0,0.0,3.0,0.0,0.0,255.0,12.0,0.0,0.0,0.0,0.0,0.0,0.0,0.0,0.0,0.0,0.0,0.0,0.0,8.0,0.0,0.0,0.0,0.0,250.0,0.0,0.0,0.0,12.0,50.0,50.0,50.0,50.0,50.0,50.0,50.0,50.0,50.0,50.0,50.0,50.0,0.0,0.0,0.0,983441.0,0.0,340441200.0,34044201.0,1.15,129.0,0.0,2000.0,500.0,0.0,500.0,0.0,0.0,0.0,0.0,0.0,0.0,0.0,0.0,0.0,0.0,0.0,0.0,0.0,0.0,0.0,0.0,0.0,0.0,0.0,0.0,0.0,0.0,0.0,0.0,0.0,0.0,0.0,0.0,1.0,0.0,0.0,0.0,0.0,0.0,0.0,0.0,0.0,0.0,0.0,0.0,0.0,0.0,0.0,0.0,0.0,0.0,0.0,0.0,1.0,0.0,1.0,0.0,0.0,0.0,0.0,0.0,0.0,0.0,0.0,0.0,0.0,0.0,0.0,0.0,0.0,0.0,0.0,0.0,0.0,0.0,0.0,0.0,0.0,0.0,0.886,0.0,0.0,0.0,0.0,0.0,0.0,0.0,0.0,0.0,0.0,0.0,
161,0.0,0.0,0.0,0.0,0.0,0.0,3.0,1.0,1.0,1.0,3.0,1.0,1.0,1.0,0.0,0.0,0.0,4.0,1275.0,3408961.0,65554.0,0.0,2.0,1537.0,1409.0,5.0,513.0,255.0,0.0,0.0,0.0,5.0,769.0,255.0,0.0,0.0,0.0,5.0,1025.0,255.0,0.0,0.0,0.0,3.0,1644167432.0,1644167688.0,1644167944.0,4.0,1678835984.0,1678836240.0,1678836496.0,1678836752.0,4.0,1678837008.0,1678837264.0,1678837520.0,1678837776.0,5.0,385.0,255.0,0.0,0.0,0.0,5.0,641.0,255.0,0.0,0.0,0.0,5.0,897.0,255.0,0.0,0.0,0.0,5.0,1153.0,255.0,0.0,0.0,0.0,5.0,417.0,254.0,0.0,0.0,0.0,5.0,449.0,254.0,0.0,0.0,0.0,5.0,481.0,254.0,0.0,0.0,0.0,5.0,673.0,254.0,0.0,0.0,0.0,5.0,705.0,254.0,0.0,0.0,0.0,5.0,737.0,254.0,0.0,0.0,0.0,1.0,1610613000.0,4.0,1677787408.0,1677787664.0,1677787920.0,1677788176.0,4.0,1677788432.0,1677788688.0,1677788944.0,1677789200.0,4.0,1677789456.0,1677789712.0,1677789968.0,1677790224.0,4.0,1342177544.0,1342177800.0,1342178056.0,1342178312.0,8.0,1342243080.0,1342243336.0,1342243592.0,1342243848.0,1342244104.0,1342244360.0,1342244616.0,1342244872.0,4.0,1342308624.0,1342308880.0,1342309136.0,1342309392.0,4.0,1342374160.0,1342374416.0,1342374672.0,1342374928.0,4.0,1342375184.0,1342375440.0,1342375696.0,1342375952.0,8.0,1342439688.0,1342439944.0,1342440200.0,1342440456.0,1342440712.0,1342440968.0,1342441224.0,1342441480.0,5.0,0.0,0.0,0.0,0.0,0.0,8.0,51.0,51.0,51.0,51.0,17.0,17.0,17.0,17.0,16.0,100.0,100.0,100.0,100.0,100.0,100.0,100.0,100.0,100.0,100.0,100.0,100.0,100.0,100.0,100.0,100.0,2.0,0.0,0.0,2.0,0.0,0.0,4.0,80.0,244.0,0.0,0.0,8.0,0.0,252.0,0.0,1.0,221.0,221.0,245.0,0.0,5.0,145.0,1770.0,2.0,7.0,1.0,8.0,0.0,0.0,0.0,0.0,959.0,0.0,0.0,0.0,8.0,15.0,0.0,0.0,0.0,224.0,0.0,0.0,0.0,1.0,0.0,3.0,0.0,0.0,255.0,12.0,0.0,0.0,0.0,0.0,0.0,0.0,0.0,0.0,0.0,0.0,0.0,0.0,8.0,0.0,0.0,0.0,0.0,250.0,0.0,0.0,0.0,12.0,50.0,50.0,50.0,50.0,50.0,50.0,50.0,50.0,50.0,50.0,50.0,50.0,0.0,0.0,0.0,983441.0,0.0,340441200.0,34044201.0,1.15,129.0,0.0,2000.0,500.0,0.0,500.0,0.0,0.0,0.0,0.0,0.0,0.0,0.0,0.0,0.0,0.0,0.0,0.0,0.0,0.0,0.0,0.0,0.0,0.0,0.0,0.0,0.0,0.0,0.0,0.0,0.0,0.0,0.0,0.0,1.0,0.0,0.0,0.0,0.0,0.0,0.0,0.0,0.0,0.0,0.0,0.0,0.0,0.0,0.0,0.0,0.0,0.0,0.0,0.0,1.0,0.0,1.0,0.0,0.0,0.0,0.0,0.0,0.0,0.0,0.0,0.0,0.0,0.0,0.0,0.0,0.0,0.0,0.0,0.0,0.0,0.0,0.0,0.0,0.0,0.0,0.887,0.0,0.0,0.0,0.0,0.0,0.0,0.0,0.0,0.0,0.0,0.0,
163,0.0,0.0,0.0,0.0,0.0,0.0,3.0,1.0,1.0,1.0,3.0,1.0,1.0,1.0,0.0,0.0,0.0,4.0,1275.0,3408961.0,65554.0,0.0,2.0,1537.0,1409.0,5.0,513.0,255.0,0.0,0.0,0.0,5.0,769.0,255.0,0.0,0.0,0.0,5.0,1025.0,255.0,0.0,0.0,0.0,3.0,1644167432.0,1644167688.0,1644167944.0,4.0,1678835984.0,1678836240.0,1678836496.0,1678836752.0,4.0,1678837008.0,1678837264.0,1678837520.0,1678837776.0,5.0,385.0,255.0,0.0,0.0,0.0,5.0,641.0,255.0,0.0,0.0,0.0,5.0,897.0,255.0,0.0,0.0,0.0,5.0,1153.0,255.0,0.0,0.0,0.0,5.0,417.0,254.0,0.0,0.0,0.0,5.0,449.0,254.0,0.0,0.0,0.0,5.0,481.0,254.0,0.0,0.0,0.0,5.0,673.0,254.0,0.0,0.0,0.0,5.0,705.0,254.0,0.0,0.0,0.0,5.0,737.0,254.0,0.0,0.0,0.0,1.0,1610613000.0,4.0,1677787408.0,1677787664.0,1677787920.0,1677788176.0,4.0,1677788432.0,1677788688.0,1677788944.0,1677789200.0,4.0,1677789456.0,1677789712.0,1677789968.0,1677790224.0,4.0,1342177544.0,1342177800.0,1342178056.0,1342178312.0,8.0,1342243080.0,1342243336.0,1342243592.0,1342243848.0,1342244104.0,1342244360.0,1342244616.0,1342244872.0,4.0,1342308624.0,1342308880.0,1342309136.0,1342309392.0,4.0,1342374160.0,1342374416.0,1342374672.0,1342374928.0,4.0,1342375184.0,1342375440.0,1342375696.0,1342375952.0,8.0,1342439688.0,1342439944.0,1342440200.0,1342440456.0,1342440712.0,1342440968.0,1342441224.0,1342441480.0,5.0,0.0,0.0,0.0,0.0,0.0,8.0,51.0,51.0,51.0,51.0,17.0,17.0,17.0,17.0,16.0,100.0,100.0,100.0,100.0,100.0,100.0,100.0,100.0,100.0,100.0,100.0,100.0,100.0,100.0,100.0,100.0,2.0,0.0,0.0,2.0,0.0,0.0,4.0,80.0,244.0,0.0,0.0,8.0,0.0,252.0,0.0,1.0,221.0,221.0,245.0,0.0,5.0,145.0,1770.0,2.0,7.0,1.0,8.0,0.0,0.0,0.0,0.0,959.0,0.0,0.0,0.0,8.0,15.0,0.0,0.0,0.0,224.0,0.0,0.0,0.0,1.0,0.0,3.0,0.0,0.0,255.0,12.0,0.0,0.0,0.0,0.0,0.0,0.0,0.0,0.0,0.0,0.0,0.0,0.0,8.0,0.0,0.0,0.0,0.0,500.0,0.0,0.0,0.0,12.0,50.0,50.0,50.0,50.0,50.0,50.0,50.0,50.0,50.0,50.0,50.0,50.0,0.0,0.0,0.0,983441.0,0.0,340441200.0,34044201.0,1.15,129.0,0.0,2000.0,500.0,0.0,500.0,0.0,0.0,0.0,0.0,0.0,0.0,0.0,0.0,0.0,0.0,0.0,0.0,0.0,0.0,0.0,0.0,0.0,0.0,0.0,0.0,0.0,0.0,0.0,0.0,0.0,0.0,0.0,0.0,1.0,0.0,0.0,0.0,0.0,0.0,0.0,0.0,0.0,0.0,0.0,0.0,0.0,0.0,0.0,0.0,0.0,0.0,0.0,0.0,1.0,0.0,1.0,0.0,0.0,0.0,0.0,0.0,0.0,0.0,0.0,0.0,0.0,0.0,0.0,0.0,0.0,0.0,0.0,0.0,0.0,0.0,0.0,0.0,0.0,0.0,1.704,0.0,0.0,0.0,0.0,0.0,0.0,0.0,0.0,0.0,0.0,0.0,
164,0.0,0.0,0.0,0.0,0.0,0.0,3.0,1.0,1.0,1.0,3.0,1.0,1.0,1.0,0.0,0.0,0.0,4.0,1275.0,3408961.0,65554.0,0.0,2.0,1537.0,1409.0,5.0,513.0,255.0,0.0,0.0,0.0,5.0,769.0,255.0,0.0,0.0,0.0,5.0,1025.0,255.0,0.0,0.0,0.0,3.0,1644167432.0,1644167688.0,1644167944.0,4.0,1678835984.0,1678836240.0,1678836496.0,1678836752.0,4.0,1678837008.0,1678837264.0,1678837520.0,1678837776.0,5.0,385.0,255.0,0.0,0.0,0.0,5.0,641.0,255.0,0.0,0.0,0.0,5.0,897.0,255.0,0.0,0.0,0.0,5.0,1153.0,255.0,0.0,0.0,0.0,5.0,417.0,254.0,0.0,0.0,0.0,5.0,449.0,254.0,0.0,0.0,0.0,5.0,481.0,254.0,0.0,0.0,0.0,5.0,673.0,254.0,0.0,0.0,0.0,5.0,705.0,254.0,0.0,0.0,0.0,5.0,737.0,254.0,0.0,0.0,0.0,1.0,1610613000.0,4.0,1677787408.0,1677787664.0,1677787920.0,1677788176.0,4.0,1677788432.0,1677788688.0,1677788944.0,1677789200.0,4.0,1677789456.0,1677789712.0,1677789968.0,1677790224.0,4.0,1342177544.0,1342177800.0,1342178056.0,1342178312.0,8.0,1342243080.0,1342243336.0,1342243592.0,1342243848.0,1342244104.0,1342244360.0,1342244616.0,1342244872.0,4.0,1342308624.0,1342308880.0,1342309136.0,1342309392.0,4.0,1342374160.0,1342374416.0,1342374672.0,1342374928.0,4.0,1342375184.0,1342375440.0,1342375696.0,1342375952.0,8.0,1342439688.0,1342439944.0,1342440200.0,1342440456.0,1342440712.0,1342440968.0,1342441224.0,1342441480.0,5.0,0.0,0.0,0.0,0.0,0.0,8.0,51.0,51.0,51.0,51.0,17.0,17.0,17.0,17.0,16.0,100.0,100.0,100.0,100.0,100.0,100.0,100.0,100.0,100.0,100.0,100.0,100.0,100.0,100.0,100.0,100.0,2.0,0.0,0.0,2.0,0.0,0.0,4.0,80.0,244.0,0.0,0.0,8.0,0.0,252.0,0.0,1.0,221.0,221.0,245.0,0.0,5.0,144.0,1770.0,2.0,7.0,1.0,8.0,0.0,0.0,0.0,0.0,1831.0,0.0,0.0,0.0,8.0,15.0,0.0,0.0,0.0,224.0,0.0,0.0,0.0,1.0,0.0,3.0,0.0,0.0,255.0,12.0,0.0,0.0,0.0,0.0,0.0,0.0,0.0,0.0,0.0,0.0,0.0,0.0,8.0,0.0,0.0,0.0,0.0,500.0,0.0,0.0,0.0,12.0,50.0,50.0,50.0,50.0,50.0,50.0,50.0,50.0,50.0,50.0,50.0,50.0,0.0,0.0,0.0,983441.0,0.0,340441200.0,34044201.0,1.15,129.0,0.0,2000.0,500.0,0.0,500.0,0.0,0.0,0.0,0.0,0.0,0.0,0.0,0.0,0.0,0.0,0.0,0.0,0.0,0.0,0.0,0.0,0.0,0.0,0.0,0.0,0.0,0.0,0.0,0.0,0.0,0.0,0.0,0.0,1.0,0.0,0.0,0.0,0.0,0.0,0.0,0.0,0.0,0.0,0.0,0.0,0.0,0.0,0.0,0.0,0.0,0.0,0.0,0.0,1.0,0.0,1.0,0.0,0.0,0.0,0.0,0.0,0.0,0.0,0.0,0.0,0.0,0.0,0.0,0.0,0.0,0.0,0.0,0.0,0.0,0.0,0.0,0.0,0.0,0.0,1.705,0.0,0.0,0.0,0.0,0.0,0.0,0.0,0.0,0.0,0.0,0.0,
166,0.0,0.0,0.0,0.0,0.0,0.0,3.0,1.0,1.0,1.0,3.0,1.0,1.0,1.0,0.0,0.0,0.0,4.0,1275.0,3408961.0,65554.0,0.0,2.0,1537.0,1409.0,5.0,513.0,255.0,0.0,0.0,0.0,5.0,769.0,255.0,0.0,0.0,0.0,5.0,1025.0,255.0,0.0,0.0,0.0,3.0,1644167432.0,1644167688.0,1644167944.0,4.0,1678835984.0,1678836240.0,1678836496.0,1678836752.0,4.0,1678837008.0,1678837264.0,1678837520.0,1678837776.0,5.0,385.0,255.0,0.0,0.0,0.0,5.0,641.0,255.0,0.0,0.0,0.0,5.0,897.0,255.0,0.0,0.0,0.0,5.0,1153.0,255.0,0.0,0.0,0.0,5.0,417.0,254.0,0.0,0.0,0.0,5.0,449.0,254.0,0.0,0.0,0.0,5.0,481.0,254.0,0.0,0.0,0.0,5.0,673.0,254.0,0.0,0.0,0.0,5.0,705.0,254.0,0.0,0.0,0.0,5.0,737.0,254.0,0.0,0.0,0.0,1.0,1610613000.0,4.0,1677787408.0,1677787664.0,1677787920.0,1677788176.0,4.0,1677788432.0,1677788688.0,1677788944.0,1677789200.0,4.0,1677789456.0,1677789712.0,1677789968.0,1677790224.0,4.0,1342177544.0,1342177800.0,1342178056.0,1342178312.0,8.0,1342243080.0,1342243336.0,1342243592.0,1342243848.0,1342244104.0,1342244360.0,1342244616.0,1342244872.0,4.0,1342308624.0,1342308880.0,1342309136.0,1342309392.0,4.0,1342374160.0,1342374416.0,1342374672.0,1342374928.0,4.0,1342375184.0,1342375440.0,1342375696.0,1342375952.0,8.0,1342439688.0,1342439944.0,1342440200.0,1342440456.0,1342440712.0,1342440968.0,1342441224.0,1342441480.0,5.0,0.0,0.0,0.0,0.0,0.0,8.0,51.0,51.0,51.0,51.0,17.0,17.0,17.0,17.0,16.0,100.0,100.0,100.0,100.0,100.0,100.0,100.0,100.0,100.0,100.0,100.0,100.0,100.0,100.0,100.0,100.0,2.0,0.0,0.0,2.0,0.0,0.0,4.0,80.0,244.0,0.0,0.0,8.0,0.0,252.0,0.0,1.0,221.0,221.0,245.0,0.0,5.0,144.0,1770.0,2.0,7.0,1.0,8.0,0.0,0.0,0.0,0.0,1831.0,0.0,0.0,0.0,8.0,15.0,0.0,0.0,0.0,224.0,0.0,0.0,0.0,1.0,0.0,3.0,0.0,0.0,255.0,12.0,0.0,0.0,0.0,0.0,0.0,0.0,0.0,0.0,0.0,0.0,0.0,0.0,8.0,0.0,0.0,0.0,0.0,1000.0,0.0,0.0,0.0,12.0,50.0,50.0,50.0,50.0,50.0,50.0,50.0,50.0,50.0,50.0,50.0,50.0,0.0,0.0,0.0,983441.0,0.0,340441200.0,34044201.0,1.15,129.0,0.0,2000.0,500.0,0.0,500.0,0.0,0.0,0.0,0.0,0.0,0.0,0.0,0.0,0.0,0.0,0.0,0.0,0.0,0.0,0.0,0.0,0.0,0.0,0.0,0.0,0.0,0.0,0.0,0.0,0.0,0.0,0.0,0.0,1.0,0.0,0.0,0.0,0.0,0.0,0.0,0.0,0.0,0.0,0.0,0.0,0.0,0.0,0.0,0.0,0.0,0.0,0.0,0.0,1.0,0.0,1.0,0.0,0.0,0.0,0.0,0.0,0.0,0.0,0.0,0.0,0.0,0.0,0.0,0.0,0.0,0.0,0.0,0.0,0.0,0.0,0.0,0.0,0.0,0.0,3.338,0.0,0.0,0.0,0.0,0.0,0.0,0.0,0.0,0.0,0.0,0.0,
167,0.0,0.0,0.0,0.0,0.0,0.0,3.0,1.0,1.0,1.0,3.0,1.0,1.0,1.0,0.0,0.0,0.0,4.0,1275.0,3408961.0,65554.0,0.0,2.0,1537.0,1409.0,5.0,513.0,255.0,0.0,0.0,0.0,5.0,769.0,255.0,0.0,0.0,0.0,5.0,1025.0,255.0,0.0,0.0,0.0,3.0,1644167432.0,1644167688.0,1644167944.0,4.0,1678835984.0,1678836240.0,1678836496.0,1678836752.0,4.0,1678837008.0,1678837264.0,1678837520.0,1678837776.0,5.0,385.0,255.0,0.0,0.0,0.0,5.0,641.0,255.0,0.0,0.0,0.0,5.0,897.0,255.0,0.0,0.0,0.0,5.0,1153.0,255.0,0.0,0.0,0.0,5.0,417.0,254.0,0.0,0.0,0.0,5.0,449.0,254.0,0.0,0.0,0.0,5.0,481.0,254.0,0.0,0.0,0.0,5.0,673.0,254.0,0.0,0.0,0.0,5.0,705.0,254.0,0.0,0.0,0.0,5.0,737.0,254.0,0.0,0.0,0.0,1.0,1610613000.0,4.0,1677787408.0,1677787664.0,1677787920.0,1677788176.0,4.0,1677788432.0,1677788688.0,1677788944.0,1677789200.0,4.0,1677789456.0,1677789712.0,1677789968.0,1677790224.0,4.0,1342177544.0,1342177800.0,1342178056.0,1342178312.0,8.0,1342243080.0,1342243336.0,1342243592.0,1342243848.0,1342244104.0,1342244360.0,1342244616.0,1342244872.0,4.0,1342308624.0,1342308880.0,1342309136.0,1342309392.0,4.0,1342374160.0,1342374416.0,1342374672.0,1342374928.0,4.0,1342375184.0,1342375440.0,1342375696.0,1342375952.0,8.0,1342439688.0,1342439944.0,1342440200.0,1342440456.0,1342440712.0,1342440968.0,1342441224.0,1342441480.0,5.0,0.0,0.0,0.0,0.0,0.0,8.0,51.0,51.0,51.0,51.0,17.0,17.0,17.0,17.0,16.0,100.0,100.0,100.0,100.0,100.0,100.0,100.0,100.0,100.0,100.0,100.0,100.0,100.0,100.0,100.0,100.0,2.0,0.0,0.0,2.0,0.0,0.0,4.0,80.0,244.0,0.0,0.0,8.0,0.0,252.0,0.0,1.0,221.0,221.0,245.0,0.0,5.0,143.0,1775.0,2.0,7.0,1.0,8.0,0.0,0.0,0.0,0.0,3492.0,0.0,0.0,0.0,8.0,15.0,0.0,0.0,0.0,224.0,0.0,0.0,0.0,1.0,0.0,3.0,0.0,0.0,255.0,12.0,0.0,0.0,0.0,0.0,0.0,0.0,0.0,0.0,0.0,0.0,0.0,0.0,8.0,0.0,0.0,0.0,0.0,1000.0,0.0,0.0,0.0,12.0,50.0,50.0,50.0,50.0,50.0,50.0,50.0,50.0,50.0,50.0,50.0,50.0,0.0,0.0,0.0,983441.0,0.0,340441200.0,34044201.0,1.15,129.0,0.0,2000.0,500.0,0.0,500.0,0.0,0.0,0.0,0.0,0.0,0.0,0.0,0.0,0.0,0.0,0.0,0.0,0.0,0.0,0.0,0.0,0.0,0.0,0.0,0.0,0.0,0.0,0.0,0.0,0.0,0.0,0.0,0.0,1.0,0.0,0.0,0.0,0.0,0.0,0.0,0.0,0.0,0.0,0.0,0.0,0.0,0.0,0.0,0.0,0.0,0.0,0.0,0.0,1.0,0.0,1.0,0.0,0.0,0.0,0.0,0.0,0.0,0.0,0.0,0.0,0.0,0.0,0.0,0.0,0.0,0.0,0.0,0.0,0.0,0.0,0.0,0.0,0.0,0.0,3.338,0.0,0.0,0.0,0.0,0.0,0.0,0.0,0.0,0.0,0.0,0.0,
172,0.0,0.0,0.0,0.0,0.0,0.0,3.0,1.0,1.0,1.0,3.0,1.0,1.0,1.0,0.0,0.0,0.0,4.0,1275.0,3408961.0,65554.0,0.0,2.0,1537.0,1409.0,5.0,513.0,255.0,0.0,0.0,0.0,5.0,769.0,255.0,0.0,0.0,0.0,5.0,1025.0,255.0,0.0,0.0,0.0,3.0,1644167432.0,1644167688.0,1644167944.0,4.0,1678835984.0,1678836240.0,1678836496.0,1678836752.0,4.0,1678837008.0,1678837264.0,1678837520.0,1678837776.0,5.0,385.0,255.0,0.0,0.0,0.0,5.0,641.0,255.0,0.0,0.0,0.0,5.0,897.0,255.0,0.0,0.0,0.0,5.0,1153.0,255.0,0.0,0.0,0.0,5.0,417.0,254.0,0.0,0.0,0.0,5.0,449.0,254.0,0.0,0.0,0.0,5.0,481.0,254.0,0.0,0.0,0.0,5.0,673.0,254.0,0.0,0.0,0.0,5.0,705.0,254.0,0.0,0.0,0.0,5.0,737.0,254.0,0.0,0.0,0.0,1.0,1610613000.0,4.0,1677787408.0,1677787664.0,1677787920.0,1677788176.0,4.0,1677788432.0,1677788688.0,1677788944.0,1677789200.0,4.0,1677789456.0,1677789712.0,1677789968.0,1677790224.0,4.0,1342177544.0,1342177800.0,1342178056.0,1342178312.0,8.0,1342243080.0,1342243336.0,1342243592.0,1342243848.0,1342244104.0,1342244360.0,1342244616.0,1342244872.0,4.0,1342308624.0,1342308880.0,1342309136.0,1342309392.0,4.0,1342374160.0,1342374416.0,1342374672.0,1342374928.0,4.0,1342375184.0,1342375440.0,1342375696.0,1342375952.0,8.0,1342439688.0,1342439944.0,1342440200.0,1342440456.0,1342440712.0,1342440968.0,1342441224.0,1342441480.0,5.0,0.0,0.0,0.0,0.0,0.0,8.0,51.0,51.0,51.0,51.0,17.0,17.0,17.0,17.0,16.0,100.0,100.0,100.0,100.0,100.0,100.0,100.0,100.0,100.0,100.0,100.0,100.0,100.0,100.0,100.0,100.0,2.0,0.0,0.0,2.0,0.0,0.0,4.0,80.0,244.0,0.0,0.0,8.0,0.0,252.0,0.0,1.0,221.0,221.0,245.0,0.0,5.0,143.0,1775.0,2.0,7.0,1.0,8.0,0.0,0.0,0.0,0.0,3492.0,0.0,0.0,0.0,8.0,15.0,0.0,0.0,0.0,224.0,0.0,0.0,0.0,1.0,0.0,3.0,0.0,0.0,255.0,12.0,0.0,0.0,0.0,0.0,0.0,0.0,0.0,0.0,0.0,0.0,0.0,0.0,8.0,0.0,0.0,0.0,0.0,0.0,250.0,0.0,0.0,12.0,50.0,50.0,50.0,50.0,50.0,50.0,50.0,50.0,50.0,50.0,50.0,50.0,0.0,0.0,0.0,983441.0,0.0,340441200.0,34044201.0,1.15,129.0,0.0,2000.0,500.0,0.0,500.0,0.0,0.0,0.0,0.0,0.0,0.0,0.0,0.0,0.0,0.0,0.0,0.0,0.0,0.0,0.0,0.0,0.0,0.0,0.0,0.0,0.0,0.0,0.0,0.0,0.0,0.0,0.0,0.0,0.0,1.0,0.0,0.0,0.0,0.0,0.0,0.0,0.0,0.0,0.0,0.0,0.0,0.0,0.0,0.0,0.0,0.0,0.0,0.0,1.0,0.0,1.0,0.0,0.0,0.0,0.0,0.0,0.0,0.0,0.0,0.0,0.0,0.0,0.0,0.0,0.0,0.0,0.0,0.0,0.0,0.0,0.0,0.0,0.0,0.0,0.879,0.0,0.0,0.0,0.0,0.0,0.0,0.0,0.0,0.0,0.0,0.0,
173,0.0,0.0,0.0,0.0,0.0,0.0,3.0,1.0,1.0,1.0,3.0,1.0,1.0,1.0,0.0,0.0,0.0,4.0,1275.0,3408961.0,65554.0,0.0,2.0,1537.0,1409.0,5.0,513.0,255.0,0.0,0.0,0.0,5.0,769.0,255.0,0.0,0.0,0.0,5.0,1025.0,255.0,0.0,0.0,0.0,3.0,1644167432.0,1644167688.0,1644167944.0,4.0,1678835984.0,1678836240.0,1678836496.0,1678836752.0,4.0,1678837008.0,1678837264.0,1678837520.0,1678837776.0,5.0,385.0,255.0,0.0,0.0,0.0,5.0,641.0,255.0,0.0,0.0,0.0,5.0,897.0,255.0,0.0,0.0,0.0,5.0,1153.0,255.0,0.0,0.0,0.0,5.0,417.0,254.0,0.0,0.0,0.0,5.0,449.0,254.0,0.0,0.0,0.0,5.0,481.0,254.0,0.0,0.0,0.0,5.0,673.0,254.0,0.0,0.0,0.0,5.0,705.0,254.0,0.0,0.0,0.0,5.0,737.0,254.0,0.0,0.0,0.0,1.0,1610613000.0,4.0,1677787408.0,1677787664.0,1677787920.0,1677788176.0,4.0,1677788432.0,1677788688.0,1677788944.0,1677789200.0,4.0,1677789456.0,1677789712.0,1677789968.0,1677790224.0,4.0,1342177544.0,1342177800.0,1342178056.0,1342178312.0,8.0,1342243080.0,1342243336.0,1342243592.0,1342243848.0,1342244104.0,1342244360.0,1342244616.0,1342244872.0,4.0,1342308624.0,1342308880.0,1342309136.0,1342309392.0,4.0,1342374160.0,1342374416.0,1342374672.0,1342374928.0,4.0,1342375184.0,1342375440.0,1342375696.0,1342375952.0,8.0,1342439688.0,1342439944.0,1342440200.0,1342440456.0,1342440712.0,1342440968.0,1342441224.0,1342441480.0,5.0,0.0,0.0,0.0,0.0,0.0,8.0,51.0,51.0,51.0,51.0,17.0,17.0,17.0,17.0,16.0,100.0,100.0,100.0,100.0,100.0,100.0,100.0,100.0,100.0,100.0,100.0,100.0,100.0,100.0,100.0,100.0,2.0,0.0,0.0,2.0,0.0,0.0,4.0,80.0,244.0,0.0,0.0,8.0,0.0,252.0,0.0,4.0,221.0,221.0,245.0,0.0,5.0,145.0,1770.0,2.0,7.0,1.0,8.0,0.0,0.0,0.0,0.0,0.0,975.0,0.0,0.0,8.0,15.0,0.0,0.0,0.0,224.0,0.0,0.0,0.0,1.0,0.0,3.0,0.0,0.0,255.0,12.0,0.0,0.0,0.0,0.0,0.0,0.0,0.0,0.0,0.0,0.0,0.0,0.0,8.0,0.0,0.0,0.0,0.0,0.0,250.0,0.0,0.0,12.0,50.0,50.0,50.0,50.0,50.0,50.0,50.0,50.0,50.0,50.0,50.0,50.0,0.0,0.0,0.0,983441.0,0.0,340441200.0,34044201.0,1.15,129.0,0.0,2000.0,500.0,0.0,500.0,0.0,0.0,0.0,0.0,0.0,0.0,0.0,0.0,0.0,0.0,0.0,0.0,0.0,0.0,0.0,0.0,0.0,0.0,0.0,0.0,0.0,0.0,0.0,0.0,0.0,0.0,0.0,0.0,0.0,1.0,0.0,0.0,0.0,0.0,0.0,0.0,0.0,0.0,0.0,0.0,0.0,0.0,0.0,0.0,0.0,0.0,0.0,0.0,1.0,0.0,1.0,0.0,0.0,0.0,0.0,0.0,0.0,0.0,0.0,0.0,0.0,0.0,0.0,0.0,0.0,0.0,0.0,0.0,0.0,0.0,0.0,0.0,0.0,0.0,0.88,0.0,0.0,0.0,0.0,0.0,0.0,0.0,0.0,0.0,0.0,0.0,
175,0.0,0.0,0.0,0.0,0.0,0.0,3.0,1.0,1.0,1.0,3.0,1.0,1.0,1.0,0.0,0.0,0.0,4.0,1275.0,3408961.0,65554.0,0.0,2.0,1537.0,1409.0,5.0,513.0,255.0,0.0,0.0,0.0,5.0,769.0,255.0,0.0,0.0,0.0,5.0,1025.0,255.0,0.0,0.0,0.0,3.0,1644167432.0,1644167688.0,1644167944.0,4.0,1678835984.0,1678836240.0,1678836496.0,1678836752.0,4.0,1678837008.0,1678837264.0,1678837520.0,1678837776.0,5.0,385.0,255.0,0.0,0.0,0.0,5.0,641.0,255.0,0.0,0.0,0.0,5.0,897.0,255.0,0.0,0.0,0.0,5.0,1153.0,255.0,0.0,0.0,0.0,5.0,417.0,254.0,0.0,0.0,0.0,5.0,449.0,254.0,0.0,0.0,0.0,5.0,481.0,254.0,0.0,0.0,0.0,5.0,673.0,254.0,0.0,0.0,0.0,5.0,705.0,254.0,0.0,0.0,0.0,5.0,737.0,254.0,0.0,0.0,0.0,1.0,1610613000.0,4.0,1677787408.0,1677787664.0,1677787920.0,1677788176.0,4.0,1677788432.0,1677788688.0,1677788944.0,1677789200.0,4.0,1677789456.0,1677789712.0,1677789968.0,1677790224.0,4.0,1342177544.0,1342177800.0,1342178056.0,1342178312.0,8.0,1342243080.0,1342243336.0,1342243592.0,1342243848.0,1342244104.0,1342244360.0,1342244616.0,1342244872.0,4.0,1342308624.0,1342308880.0,1342309136.0,1342309392.0,4.0,1342374160.0,1342374416.0,1342374672.0,1342374928.0,4.0,1342375184.0,1342375440.0,1342375696.0,1342375952.0,8.0,1342439688.0,1342439944.0,1342440200.0,1342440456.0,1342440712.0,1342440968.0,1342441224.0,1342441480.0,5.0,0.0,0.0,0.0,0.0,0.0,8.0,51.0,51.0,51.0,51.0,17.0,17.0,17.0,17.0,16.0,100.0,100.0,100.0,100.0,100.0,100.0,100.0,100.0,100.0,100.0,100.0,100.0,100.0,100.0,100.0,100.0,2.0,0.0,0.0,2.0,0.0,0.0,4.0,80.0,244.0,0.0,0.0,8.0,0.0,252.0,0.0,4.0,221.0,221.0,245.0,0.0,5.0,145.0,1770.0,2.0,7.0,1.0,8.0,0.0,0.0,0.0,0.0,0.0,975.0,0.0,0.0,8.0,15.0,0.0,0.0,0.0,224.0,0.0,0.0,0.0,1.0,0.0,3.0,0.0,0.0,255.0,12.0,0.0,0.0,0.0,0.0,0.0,0.0,0.0,0.0,0.0,0.0,0.0,0.0,8.0,0.0,0.0,0.0,0.0,0.0,500.0,0.0,0.0,12.0,50.0,50.0,50.0,50.0,50.0,50.0,50.0,50.0,50.0,50.0,50.0,50.0,0.0,0.0,0.0,983441.0,0.0,340441200.0,34044201.0,1.15,129.0,0.0,2000.0,500.0,0.0,500.0,0.0,0.0,0.0,0.0,0.0,0.0,0.0,0.0,0.0,0.0,0.0,0.0,0.0,0.0,0.0,0.0,0.0,0.0,0.0,0.0,0.0,0.0,0.0,0.0,0.0,0.0,0.0,0.0,0.0,1.0,0.0,0.0,0.0,0.0,0.0,0.0,0.0,0.0,0.0,0.0,0.0,0.0,0.0,0.0,0.0,0.0,0.0,0.0,1.0,0.0,1.0,0.0,0.0,0.0,0.0,0.0,0.0,0.0,0.0,0.0,0.0,0.0,0.0,0.0,0.0,0.0,0.0,0.0,0.0,0.0,0.0,0.0,0.0,0.0,1.692,0.0,0.0,0.0,0.0,0.0,0.0,0.0,0.0,0.0,0.0,0.0,
176,0.0,0.0,0.0,0.0,0.0,0.0,3.0,1.0,1.0,1.0,3.0,1.0,1.0,1.0,0.0,0.0,0.0,4.0,1275.0,3408961.0,65554.0,0.0,2.0,1537.0,1409.0,5.0,513.0,255.0,0.0,0.0,0.0,5.0,769.0,255.0,0.0,0.0,0.0,5.0,1025.0,255.0,0.0,0.0,0.0,3.0,1644167432.0,1644167688.0,1644167944.0,4.0,1678835984.0,1678836240.0,1678836496.0,1678836752.0,4.0,1678837008.0,1678837264.0,1678837520.0,1678837776.0,5.0,385.0,255.0,0.0,0.0,0.0,5.0,641.0,255.0,0.0,0.0,0.0,5.0,897.0,255.0,0.0,0.0,0.0,5.0,1153.0,255.0,0.0,0.0,0.0,5.0,417.0,254.0,0.0,0.0,0.0,5.0,449.0,254.0,0.0,0.0,0.0,5.0,481.0,254.0,0.0,0.0,0.0,5.0,673.0,254.0,0.0,0.0,0.0,5.0,705.0,254.0,0.0,0.0,0.0,5.0,737.0,254.0,0.0,0.0,0.0,1.0,1610613000.0,4.0,1677787408.0,1677787664.0,1677787920.0,1677788176.0,4.0,1677788432.0,1677788688.0,1677788944.0,1677789200.0,4.0,1677789456.0,1677789712.0,1677789968.0,1677790224.0,4.0,1342177544.0,1342177800.0,1342178056.0,1342178312.0,8.0,1342243080.0,1342243336.0,1342243592.0,1342243848.0,1342244104.0,1342244360.0,1342244616.0,1342244872.0,4.0,1342308624.0,1342308880.0,1342309136.0,1342309392.0,4.0,1342374160.0,1342374416.0,1342374672.0,1342374928.0,4.0,1342375184.0,1342375440.0,1342375696.0,1342375952.0,8.0,1342439688.0,1342439944.0,1342440200.0,1342440456.0,1342440712.0,1342440968.0,1342441224.0,1342441480.0,5.0,0.0,0.0,0.0,0.0,0.0,8.0,51.0,51.0,51.0,51.0,17.0,17.0,17.0,17.0,16.0,100.0,100.0,100.0,100.0,100.0,100.0,100.0,100.0,100.0,100.0,100.0,100.0,100.0,100.0,100.0,100.0,2.0,0.0,0.0,2.0,0.0,0.0,4.0,80.0,244.0,0.0,0.0,8.0,0.0,252.0,0.0,4.0,221.0,221.0,245.0,0.0,5.0,144.0,1764.0,2.0,7.0,1.0,8.0,0.0,0.0,0.0,0.0,0.0,1835.0,0.0,0.0,8.0,15.0,0.0,0.0,0.0,224.0,0.0,0.0,0.0,1.0,0.0,3.0,0.0,0.0,255.0,12.0,0.0,0.0,0.0,0.0,0.0,0.0,0.0,0.0,0.0,0.0,0.0,0.0,8.0,0.0,0.0,0.0,0.0,0.0,500.0,0.0,0.0,12.0,50.0,50.0,50.0,50.0,50.0,50.0,50.0,50.0,50.0,50.0,50.0,50.0,0.0,0.0,0.0,983441.0,0.0,340441200.0,34044201.0,1.15,129.0,0.0,2000.0,500.0,0.0,500.0,0.0,0.0,0.0,0.0,0.0,0.0,0.0,0.0,0.0,0.0,0.0,0.0,0.0,0.0,0.0,0.0,0.0,0.0,0.0,0.0,0.0,0.0,0.0,0.0,0.0,0.0,0.0,0.0,0.0,1.0,0.0,0.0,0.0,0.0,0.0,0.0,0.0,0.0,0.0,0.0,0.0,0.0,0.0,0.0,0.0,0.0,0.0,0.0,1.0,0.0,1.0,0.0,0.0,0.0,0.0,0.0,0.0,0.0,0.0,0.0,0.0,0.0,0.0,0.0,0.0,0.0,0.0,0.0,0.0,0.0,0.0,0.0,0.0,0.0,1.694,0.0,0.0,0.0,0.0,0.0,0.0,0.0,0.0,0.0,0.0,0.0,
178,0.0,0.0,0.0,0.0,0.0,0.0,3.0,1.0,1.0,1.0,3.0,1.0,1.0,1.0,0.0,0.0,0.0,4.0,1275.0,3408961.0,65554.0,0.0,2.0,1537.0,1409.0,5.0,513.0,255.0,0.0,0.0,0.0,5.0,769.0,255.0,0.0,0.0,0.0,5.0,1025.0,255.0,0.0,0.0,0.0,3.0,1644167432.0,1644167688.0,1644167944.0,4.0,1678835984.0,1678836240.0,1678836496.0,1678836752.0,4.0,1678837008.0,1678837264.0,1678837520.0,1678837776.0,5.0,385.0,255.0,0.0,0.0,0.0,5.0,641.0,255.0,0.0,0.0,0.0,5.0,897.0,255.0,0.0,0.0,0.0,5.0,1153.0,255.0,0.0,0.0,0.0,5.0,417.0,254.0,0.0,0.0,0.0,5.0,449.0,254.0,0.0,0.0,0.0,5.0,481.0,254.0,0.0,0.0,0.0,5.0,673.0,254.0,0.0,0.0,0.0,5.0,705.0,254.0,0.0,0.0,0.0,5.0,737.0,254.0,0.0,0.0,0.0,1.0,1610613000.0,4.0,1677787408.0,1677787664.0,1677787920.0,1677788176.0,4.0,1677788432.0,1677788688.0,1677788944.0,1677789200.0,4.0,1677789456.0,1677789712.0,1677789968.0,1677790224.0,4.0,1342177544.0,1342177800.0,1342178056.0,1342178312.0,8.0,1342243080.0,1342243336.0,1342243592.0,1342243848.0,1342244104.0,1342244360.0,1342244616.0,1342244872.0,4.0,1342308624.0,1342308880.0,1342309136.0,1342309392.0,4.0,1342374160.0,1342374416.0,1342374672.0,1342374928.0,4.0,1342375184.0,1342375440.0,1342375696.0,1342375952.0,8.0,1342439688.0,1342439944.0,1342440200.0,1342440456.0,1342440712.0,1342440968.0,1342441224.0,1342441480.0,5.0,0.0,0.0,0.0,0.0,0.0,8.0,51.0,51.0,51.0,51.0,17.0,17.0,17.0,17.0,16.0,100.0,100.0,100.0,100.0,100.0,100.0,100.0,100.0,100.0,100.0,100.0,100.0,100.0,100.0,100.0,100.0,2.0,0.0,0.0,2.0,0.0,0.0,4.0,80.0,244.0,0.0,0.0,8.0,0.0,252.0,0.0,4.0,221.0,221.0,245.0,0.0,5.0,144.0,1764.0,2.0,7.0,1.0,8.0,0.0,0.0,0.0,0.0,0.0,1835.0,0.0,0.0,8.0,15.0,0.0,0.0,0.0,224.0,0.0,0.0,0.0,1.0,0.0,3.0,0.0,0.0,255.0,12.0,0.0,0.0,0.0,0.0,0.0,0.0,0.0,0.0,0.0,0.0,0.0,0.0,8.0,0.0,0.0,0.0,0.0,0.0,1000.0,0.0,0.0,12.0,50.0,50.0,50.0,50.0,50.0,50.0,50.0,50.0,50.0,50.0,50.0,50.0,0.0,0.0,0.0,983441.0,0.0,340441200.0,34044201.0,1.15,129.0,0.0,2000.0,500.0,0.0,500.0,0.0,0.0,0.0,0.0,0.0,0.0,0.0,0.0,0.0,0.0,0.0,0.0,0.0,0.0,0.0,0.0,0.0,0.0,0.0,0.0,0.0,0.0,0.0,0.0,0.0,0.0,0.0,0.0,0.0,1.0,0.0,0.0,0.0,0.0,0.0,0.0,0.0,0.0,0.0,0.0,0.0,0.0,0.0,0.0,0.0,0.0,0.0,0.0,1.0,0.0,1.0,0.0,0.0,0.0,0.0,0.0,0.0,0.0,0.0,0.0,0.0,0.0,0.0,0.0,0.0,0.0,0.0,0.0,0.0,0.0,0.0,0.0,0.0,0.0,3.316,0.0,0.0,0.0,0.0,0.0,0.0,0.0,0.0,0.0,0.0,0.0,
179,0.0,0.0,0.0,0.0,0.0,0.0,3.0,1.0,1.0,1.0,3.0,1.0,1.0,1.0,0.0,0.0,0.0,4.0,1275.0,3408961.0,65554.0,0.0,2.0,1537.0,1409.0,5.0,513.0,255.0,0.0,0.0,0.0,5.0,769.0,255.0,0.0,0.0,0.0,5.0,1025.0,255.0,0.0,0.0,0.0,3.0,1644167432.0,1644167688.0,1644167944.0,4.0,1678835984.0,1678836240.0,1678836496.0,1678836752.0,4.0,1678837008.0,1678837264.0,1678837520.0,1678837776.0,5.0,385.0,255.0,0.0,0.0,0.0,5.0,641.0,255.0,0.0,0.0,0.0,5.0,897.0,255.0,0.0,0.0,0.0,5.0,1153.0,255.0,0.0,0.0,0.0,5.0,417.0,254.0,0.0,0.0,0.0,5.0,449.0,254.0,0.0,0.0,0.0,5.0,481.0,254.0,0.0,0.0,0.0,5.0,673.0,254.0,0.0,0.0,0.0,5.0,705.0,254.0,0.0,0.0,0.0,5.0,737.0,254.0,0.0,0.0,0.0,1.0,1610613000.0,4.0,1677787408.0,1677787664.0,1677787920.0,1677788176.0,4.0,1677788432.0,1677788688.0,1677788944.0,1677789200.0,4.0,1677789456.0,1677789712.0,1677789968.0,1677790224.0,4.0,1342177544.0,1342177800.0,1342178056.0,1342178312.0,8.0,1342243080.0,1342243336.0,1342243592.0,1342243848.0,1342244104.0,1342244360.0,1342244616.0,1342244872.0,4.0,1342308624.0,1342308880.0,1342309136.0,1342309392.0,4.0,1342374160.0,1342374416.0,1342374672.0,1342374928.0,4.0,1342375184.0,1342375440.0,1342375696.0,1342375952.0,8.0,1342439688.0,1342439944.0,1342440200.0,1342440456.0,1342440712.0,1342440968.0,1342441224.0,1342441480.0,5.0,0.0,0.0,0.0,0.0,0.0,8.0,51.0,51.0,51.0,51.0,17.0,17.0,17.0,17.0,16.0,100.0,100.0,100.0,100.0,100.0,100.0,100.0,100.0,100.0,100.0,100.0,100.0,100.0,100.0,100.0,100.0,2.0,0.0,0.0,2.0,0.0,0.0,4.0,80.0,244.0,0.0,0.0,8.0,0.0,252.0,0.0,4.0,221.0,221.0,245.0,0.0,5.0,143.0,1775.0,2.0,7.0,1.0,8.0,0.0,0.0,0.0,0.0,0.0,3444.0,0.0,0.0,8.0,15.0,0.0,0.0,0.0,224.0,0.0,0.0,0.0,1.0,0.0,3.0,0.0,0.0,255.0,12.0,0.0,0.0,0.0,0.0,0.0,0.0,0.0,0.0,0.0,0.0,0.0,0.0,8.0,0.0,0.0,0.0,0.0,0.0,1000.0,0.0,0.0,12.0,50.0,50.0,50.0,50.0,50.0,50.0,50.0,50.0,50.0,50.0,50.0,50.0,0.0,0.0,0.0,983441.0,0.0,340441200.0,34044201.0,1.15,129.0,0.0,2000.0,500.0,0.0,500.0,0.0,0.0,0.0,0.0,0.0,0.0,0.0,0.0,0.0,0.0,0.0,0.0,0.0,0.0,0.0,0.0,0.0,0.0,0.0,0.0,0.0,0.0,0.0,0.0,0.0,0.0,0.0,0.0,0.0,1.0,0.0,0.0,0.0,0.0,0.0,0.0,0.0,0.0,0.0,0.0,0.0,0.0,0.0,0.0,0.0,0.0,0.0,0.0,1.0,0.0,1.0,0.0,0.0,0.0,0.0,0.0,0.0,0.0,0.0,0.0,0.0,0.0,0.0,0.0,0.0,0.0,0.0,0.0,0.0,0.0,0.0,0.0,0.0,0.0,3.317,0.0,0.0,0.0,0.0,0.0,0.0,0.0,0.0,0.0,0.0,0.0,
184,0.0,0.0,0.0,0.0,0.0,0.0,3.0,1.0,1.0,1.0,3.0,1.0,1.0,1.0,0.0,0.0,0.0,4.0,1275.0,3408961.0,65554.0,0.0,2.0,1537.0,1409.0,5.0,513.0,255.0,0.0,0.0,0.0,5.0,769.0,255.0,0.0,0.0,0.0,5.0,1025.0,255.0,0.0,0.0,0.0,3.0,1644167432.0,1644167688.0,1644167944.0,4.0,1678835984.0,1678836240.0,1678836496.0,1678836752.0,4.0,1678837008.0,1678837264.0,1678837520.0,1678837776.0,5.0,385.0,255.0,0.0,0.0,0.0,5.0,641.0,255.0,0.0,0.0,0.0,5.0,897.0,255.0,0.0,0.0,0.0,5.0,1153.0,255.0,0.0,0.0,0.0,5.0,417.0,254.0,0.0,0.0,0.0,5.0,449.0,254.0,0.0,0.0,0.0,5.0,481.0,254.0,0.0,0.0,0.0,5.0,673.0,254.0,0.0,0.0,0.0,5.0,705.0,254.0,0.0,0.0,0.0,5.0,737.0,254.0,0.0,0.0,0.0,1.0,1610613000.0,4.0,1677787408.0,1677787664.0,1677787920.0,1677788176.0,4.0,1677788432.0,1677788688.0,1677788944.0,1677789200.0,4.0,1677789456.0,1677789712.0,1677789968.0,1677790224.0,4.0,1342177544.0,1342177800.0,1342178056.0,1342178312.0,8.0,1342243080.0,1342243336.0,1342243592.0,1342243848.0,1342244104.0,1342244360.0,1342244616.0,1342244872.0,4.0,1342308624.0,1342308880.0,1342309136.0,1342309392.0,4.0,1342374160.0,1342374416.0,1342374672.0,1342374928.0,4.0,1342375184.0,1342375440.0,1342375696.0,1342375952.0,8.0,1342439688.0,1342439944.0,1342440200.0,1342440456.0,1342440712.0,1342440968.0,1342441224.0,1342441480.0,5.0,0.0,0.0,0.0,0.0,0.0,8.0,51.0,51.0,51.0,51.0,17.0,17.0,17.0,17.0,16.0,100.0,100.0,100.0,100.0,100.0,100.0,100.0,100.0,100.0,100.0,100.0,100.0,100.0,100.0,100.0,100.0,2.0,0.0,0.0,2.0,0.0,0.0,4.0,80.0,244.0,0.0,0.0,8.0,0.0,252.0,0.0,4.0,221.0,221.0,245.0,0.0,5.0,143.0,1775.0,2.0,7.0,1.0,8.0,0.0,0.0,0.0,0.0,0.0,3444.0,0.0,0.0,8.0,15.0,0.0,0.0,0.0,224.0,0.0,0.0,0.0,1.0,0.0,3.0,0.0,0.0,255.0,12.0,0.0,0.0,0.0,0.0,0.0,0.0,0.0,0.0,0.0,0.0,0.0,0.0,8.0,0.0,0.0,0.0,0.0,0.0,0.0,250.0,0.0,12.0,50.0,50.0,50.0,50.0,50.0,50.0,50.0,50.0,50.0,50.0,50.0,50.0,0.0,0.0,0.0,983441.0,0.0,340441200.0,34044201.0,1.15,129.0,0.0,2000.0,500.0,0.0,500.0,0.0,0.0,0.0,0.0,0.0,0.0,0.0,0.0,0.0,0.0,0.0,0.0,0.0,0.0,0.0,0.0,0.0,0.0,0.0,0.0,0.0,0.0,0.0,0.0,0.0,0.0,0.0,0.0,0.0,0.0,1.0,0.0,0.0,0.0,0.0,0.0,0.0,0.0,0.0,0.0,0.0,0.0,0.0,0.0,0.0,0.0,0.0,0.0,1.0,0.0,1.0,0.0,0.0,0.0,0.0,0.0,0.0,0.0,0.0,0.0,0.0,0.0,0.0,0.0,0.0,0.0,0.0,0.0,0.0,0.0,0.0,0.0,0.0,0.0,0.884,0.0,0.0,0.0,0.0,0.0,0.0,0.0,0.0,0.0,0.0,0.0,
185,0.0,0.0,0.0,0.0,0.0,0.0,3.0,1.0,1.0,1.0,3.0,1.0,1.0,1.0,0.0,0.0,0.0,4.0,1275.0,3408961.0,65554.0,0.0,2.0,1537.0,1409.0,5.0,513.0,255.0,0.0,0.0,0.0,5.0,769.0,255.0,0.0,0.0,0.0,5.0,1025.0,255.0,0.0,0.0,0.0,3.0,1644167432.0,1644167688.0,1644167944.0,4.0,1678835984.0,1678836240.0,1678836496.0,1678836752.0,4.0,1678837008.0,1678837264.0,1678837520.0,1678837776.0,5.0,385.0,255.0,0.0,0.0,0.0,5.0,641.0,255.0,0.0,0.0,0.0,5.0,897.0,255.0,0.0,0.0,0.0,5.0,1153.0,255.0,0.0,0.0,0.0,5.0,417.0,254.0,0.0,0.0,0.0,5.0,449.0,254.0,0.0,0.0,0.0,5.0,481.0,254.0,0.0,0.0,0.0,5.0,673.0,254.0,0.0,0.0,0.0,5.0,705.0,254.0,0.0,0.0,0.0,5.0,737.0,254.0,0.0,0.0,0.0,1.0,1610613000.0,4.0,1677787408.0,1677787664.0,1677787920.0,1677788176.0,4.0,1677788432.0,1677788688.0,1677788944.0,1677789200.0,4.0,1677789456.0,1677789712.0,1677789968.0,1677790224.0,4.0,1342177544.0,1342177800.0,1342178056.0,1342178312.0,8.0,1342243080.0,1342243336.0,1342243592.0,1342243848.0,1342244104.0,1342244360.0,1342244616.0,1342244872.0,4.0,1342308624.0,1342308880.0,1342309136.0,1342309392.0,4.0,1342374160.0,1342374416.0,1342374672.0,1342374928.0,4.0,1342375184.0,1342375440.0,1342375696.0,1342375952.0,8.0,1342439688.0,1342439944.0,1342440200.0,1342440456.0,1342440712.0,1342440968.0,1342441224.0,1342441480.0,5.0,0.0,0.0,0.0,0.0,0.0,8.0,51.0,51.0,51.0,51.0,17.0,17.0,17.0,17.0,16.0,100.0,100.0,100.0,100.0,100.0,100.0,100.0,100.0,100.0,100.0,100.0,100.0,100.0,100.0,100.0,100.0,2.0,0.0,0.0,2.0,0.0,0.0,4.0,80.0,244.0,0.0,0.0,8.0,0.0,252.0,0.0,16.0,221.0,221.0,245.0,0.0,5.0,144.0,1770.0,2.0,7.0,1.0,8.0,0.0,0.0,0.0,0.0,0.0,0.0,979.0,0.0,8.0,15.0,0.0,0.0,0.0,224.0,0.0,0.0,0.0,1.0,0.0,3.0,0.0,0.0,255.0,12.0,0.0,0.0,0.0,0.0,0.0,0.0,0.0,0.0,0.0,0.0,0.0,0.0,8.0,0.0,0.0,0.0,0.0,0.0,0.0,250.0,0.0,12.0,50.0,50.0,50.0,50.0,50.0,50.0,50.0,50.0,50.0,50.0,50.0,50.0,0.0,0.0,0.0,983441.0,0.0,340441200.0,34044201.0,1.15,129.0,0.0,2000.0,500.0,0.0,500.0,0.0,0.0,0.0,0.0,0.0,0.0,0.0,0.0,0.0,0.0,0.0,0.0,0.0,0.0,0.0,0.0,0.0,0.0,0.0,0.0,0.0,0.0,0.0,0.0,0.0,0.0,0.0,0.0,0.0,0.0,1.0,0.0,0.0,0.0,0.0,0.0,0.0,0.0,0.0,0.0,0.0,0.0,0.0,0.0,0.0,0.0,0.0,0.0,1.0,0.0,1.0,0.0,0.0,0.0,0.0,0.0,0.0,0.0,0.0,0.0,0.0,0.0,0.0,0.0,0.0,0.0,0.0,0.0,0.0,0.0,0.0,0.0,0.0,0.0,0.885,0.0,0.0,0.0,0.0,0.0,0.0,0.0,0.0,0.0,0.0,0.0,
187,0.0,0.0,0.0,0.0,0.0,0.0,3.0,1.0,1.0,1.0,3.0,1.0,1.0,1.0,0.0,0.0,0.0,4.0,1275.0,3408961.0,65554.0,0.0,2.0,1537.0,1409.0,5.0,513.0,255.0,0.0,0.0,0.0,5.0,769.0,255.0,0.0,0.0,0.0,5.0,1025.0,255.0,0.0,0.0,0.0,3.0,1644167432.0,1644167688.0,1644167944.0,4.0,1678835984.0,1678836240.0,1678836496.0,1678836752.0,4.0,1678837008.0,1678837264.0,1678837520.0,1678837776.0,5.0,385.0,255.0,0.0,0.0,0.0,5.0,641.0,255.0,0.0,0.0,0.0,5.0,897.0,255.0,0.0,0.0,0.0,5.0,1153.0,255.0,0.0,0.0,0.0,5.0,417.0,254.0,0.0,0.0,0.0,5.0,449.0,254.0,0.0,0.0,0.0,5.0,481.0,254.0,0.0,0.0,0.0,5.0,673.0,254.0,0.0,0.0,0.0,5.0,705.0,254.0,0.0,0.0,0.0,5.0,737.0,254.0,0.0,0.0,0.0,1.0,1610613000.0,4.0,1677787408.0,1677787664.0,1677787920.0,1677788176.0,4.0,1677788432.0,1677788688.0,1677788944.0,1677789200.0,4.0,1677789456.0,1677789712.0,1677789968.0,1677790224.0,4.0,1342177544.0,1342177800.0,1342178056.0,1342178312.0,8.0,1342243080.0,1342243336.0,1342243592.0,1342243848.0,1342244104.0,1342244360.0,1342244616.0,1342244872.0,4.0,1342308624.0,1342308880.0,1342309136.0,1342309392.0,4.0,1342374160.0,1342374416.0,1342374672.0,1342374928.0,4.0,1342375184.0,1342375440.0,1342375696.0,1342375952.0,8.0,1342439688.0,1342439944.0,1342440200.0,1342440456.0,1342440712.0,1342440968.0,1342441224.0,1342441480.0,5.0,0.0,0.0,0.0,0.0,0.0,8.0,51.0,51.0,51.0,51.0,17.0,17.0,17.0,17.0,16.0,100.0,100.0,100.0,100.0,100.0,100.0,100.0,100.0,100.0,100.0,100.0,100.0,100.0,100.0,100.0,100.0,2.0,0.0,0.0,2.0,0.0,0.0,4.0,80.0,244.0,0.0,0.0,8.0,0.0,252.0,0.0,16.0,221.0,221.0,245.0,0.0,5.0,144.0,1770.0,2.0,7.0,1.0,8.0,0.0,0.0,0.0,0.0,0.0,0.0,979.0,0.0,8.0,15.0,0.0,0.0,0.0,224.0,0.0,0.0,0.0,1.0,0.0,3.0,0.0,0.0,255.0,12.0,0.0,0.0,0.0,0.0,0.0,0.0,0.0,0.0,0.0,0.0,0.0,0.0,8.0,0.0,0.0,0.0,0.0,0.0,0.0,500.0,0.0,12.0,50.0,50.0,50.0,50.0,50.0,50.0,50.0,50.0,50.0,50.0,50.0,50.0,0.0,0.0,0.0,983441.0,0.0,340441200.0,34044201.0,1.15,129.0,0.0,2000.0,500.0,0.0,500.0,0.0,0.0,0.0,0.0,0.0,0.0,0.0,0.0,0.0,0.0,0.0,0.0,0.0,0.0,0.0,0.0,0.0,0.0,0.0,0.0,0.0,0.0,0.0,0.0,0.0,0.0,0.0,0.0,0.0,0.0,1.0,0.0,0.0,0.0,0.0,0.0,0.0,0.0,0.0,0.0,0.0,0.0,0.0,0.0,0.0,0.0,0.0,0.0,1.0,0.0,1.0,0.0,0.0,0.0,0.0,0.0,0.0,0.0,0.0,0.0,0.0,0.0,0.0,0.0,0.0,0.0,0.0,0.0,0.0,0.0,0.0,0.0,0.0,0.0,1.701,0.0,0.0,0.0,0.0,0.0,0.0,0.0,0.0,0.0,0.0,0.0,
188,0.0,0.0,0.0,0.0,0.0,0.0,3.0,1.0,1.0,1.0,3.0,1.0,1.0,1.0,0.0,0.0,0.0,4.0,1275.0,3408961.0,65554.0,0.0,2.0,1537.0,1409.0,5.0,513.0,255.0,0.0,0.0,0.0,5.0,769.0,255.0,0.0,0.0,0.0,5.0,1025.0,255.0,0.0,0.0,0.0,3.0,1644167432.0,1644167688.0,1644167944.0,4.0,1678835984.0,1678836240.0,1678836496.0,1678836752.0,4.0,1678837008.0,1678837264.0,1678837520.0,1678837776.0,5.0,385.0,255.0,0.0,0.0,0.0,5.0,641.0,255.0,0.0,0.0,0.0,5.0,897.0,255.0,0.0,0.0,0.0,5.0,1153.0,255.0,0.0,0.0,0.0,5.0,417.0,254.0,0.0,0.0,0.0,5.0,449.0,254.0,0.0,0.0,0.0,5.0,481.0,254.0,0.0,0.0,0.0,5.0,673.0,254.0,0.0,0.0,0.0,5.0,705.0,254.0,0.0,0.0,0.0,5.0,737.0,254.0,0.0,0.0,0.0,1.0,1610613000.0,4.0,1677787408.0,1677787664.0,1677787920.0,1677788176.0,4.0,1677788432.0,1677788688.0,1677788944.0,1677789200.0,4.0,1677789456.0,1677789712.0,1677789968.0,1677790224.0,4.0,1342177544.0,1342177800.0,1342178056.0,1342178312.0,8.0,1342243080.0,1342243336.0,1342243592.0,1342243848.0,1342244104.0,1342244360.0,1342244616.0,1342244872.0,4.0,1342308624.0,1342308880.0,1342309136.0,1342309392.0,4.0,1342374160.0,1342374416.0,1342374672.0,1342374928.0,4.0,1342375184.0,1342375440.0,1342375696.0,1342375952.0,8.0,1342439688.0,1342439944.0,1342440200.0,1342440456.0,1342440712.0,1342440968.0,1342441224.0,1342441480.0,5.0,0.0,0.0,0.0,0.0,0.0,8.0,51.0,51.0,51.0,51.0,17.0,17.0,17.0,17.0,16.0,100.0,100.0,100.0,100.0,100.0,100.0,100.0,100.0,100.0,100.0,100.0,100.0,100.0,100.0,100.0,100.0,2.0,0.0,0.0,2.0,0.0,0.0,4.0,80.0,244.0,0.0,0.0,8.0,0.0,252.0,0.0,16.0,221.0,221.0,245.0,0.0,5.0,144.0,1775.0,2.0,7.0,1.0,8.0,0.0,0.0,0.0,0.0,0.0,0.0,1859.0,0.0,8.0,15.0,0.0,0.0,0.0,224.0,0.0,0.0,0.0,1.0,0.0,3.0,0.0,0.0,255.0,12.0,0.0,0.0,0.0,0.0,0.0,0.0,0.0,0.0,0.0,0.0,0.0,0.0,8.0,0.0,0.0,0.0,0.0,0.0,0.0,500.0,0.0,12.0,50.0,50.0,50.0,50.0,50.0,50.0,50.0,50.0,50.0,50.0,50.0,50.0,0.0,0.0,0.0,983441.0,0.0,340441200.0,34044201.0,1.15,129.0,0.0,2000.0,500.0,0.0,500.0,0.0,0.0,0.0,0.0,0.0,0.0,0.0,0.0,0.0,0.0,0.0,0.0,0.0,0.0,0.0,0.0,0.0,0.0,0.0,0.0,0.0,0.0,0.0,0.0,0.0,0.0,0.0,0.0,0.0,0.0,1.0,0.0,0.0,0.0,0.0,0.0,0.0,0.0,0.0,0.0,0.0,0.0,0.0,0.0,0.0,0.0,0.0,0.0,1.0,0.0,1.0,0.0,0.0,0.0,0.0,0.0,0.0,0.0,0.0,0.0,0.0,0.0,0.0,0.0,0.0,0.0,0.0,0.0,0.0,0.0,0.0,0.0,0.0,0.0,1.703,0.0,0.0,0.0,0.0,0.0,0.0,0.0,0.0,0.0,0.0,0.0,
190,0.0,0.0,0.0,0.0,0.0,0.0,3.0,1.0,1.0,1.0,3.0,1.0,1.0,1.0,0.0,0.0,0.0,4.0,1275.0,3408961.0,65554.0,0.0,2.0,1537.0,1409.0,5.0,513.0,255.0,0.0,0.0,0.0,5.0,769.0,255.0,0.0,0.0,0.0,5.0,1025.0,255.0,0.0,0.0,0.0,3.0,1644167432.0,1644167688.0,1644167944.0,4.0,1678835984.0,1678836240.0,1678836496.0,1678836752.0,4.0,1678837008.0,1678837264.0,1678837520.0,1678837776.0,5.0,385.0,255.0,0.0,0.0,0.0,5.0,641.0,255.0,0.0,0.0,0.0,5.0,897.0,255.0,0.0,0.0,0.0,5.0,1153.0,255.0,0.0,0.0,0.0,5.0,417.0,254.0,0.0,0.0,0.0,5.0,449.0,254.0,0.0,0.0,0.0,5.0,481.0,254.0,0.0,0.0,0.0,5.0,673.0,254.0,0.0,0.0,0.0,5.0,705.0,254.0,0.0,0.0,0.0,5.0,737.0,254.0,0.0,0.0,0.0,1.0,1610613000.0,4.0,1677787408.0,1677787664.0,1677787920.0,1677788176.0,4.0,1677788432.0,1677788688.0,1677788944.0,1677789200.0,4.0,1677789456.0,1677789712.0,1677789968.0,1677790224.0,4.0,1342177544.0,1342177800.0,1342178056.0,1342178312.0,8.0,1342243080.0,1342243336.0,1342243592.0,1342243848.0,1342244104.0,1342244360.0,1342244616.0,1342244872.0,4.0,1342308624.0,1342308880.0,1342309136.0,1342309392.0,4.0,1342374160.0,1342374416.0,1342374672.0,1342374928.0,4.0,1342375184.0,1342375440.0,1342375696.0,1342375952.0,8.0,1342439688.0,1342439944.0,1342440200.0,1342440456.0,1342440712.0,1342440968.0,1342441224.0,1342441480.0,5.0,0.0,0.0,0.0,0.0,0.0,8.0,51.0,51.0,51.0,51.0,17.0,17.0,17.0,17.0,16.0,100.0,100.0,100.0,100.0,100.0,100.0,100.0,100.0,100.0,100.0,100.0,100.0,100.0,100.0,100.0,100.0,2.0,0.0,0.0,2.0,0.0,0.0,4.0,80.0,244.0,0.0,0.0,8.0,0.0,252.0,0.0,16.0,221.0,221.0,245.0,0.0,5.0,144.0,1775.0,2.0,7.0,1.0,8.0,0.0,0.0,0.0,0.0,0.0,0.0,1859.0,0.0,8.0,15.0,0.0,0.0,0.0,224.0,0.0,0.0,0.0,1.0,0.0,3.0,0.0,0.0,255.0,12.0,0.0,0.0,0.0,0.0,0.0,0.0,0.0,0.0,0.0,0.0,0.0,0.0,8.0,0.0,0.0,0.0,0.0,0.0,0.0,1000.0,0.0,12.0,50.0,50.0,50.0,50.0,50.0,50.0,50.0,50.0,50.0,50.0,50.0,50.0,0.0,0.0,0.0,983441.0,0.0,340441200.0,34044201.0,1.15,129.0,0.0,2000.0,500.0,0.0,500.0,0.0,0.0,0.0,0.0,0.0,0.0,0.0,0.0,0.0,0.0,0.0,0.0,0.0,0.0,0.0,0.0,0.0,0.0,0.0,0.0,0.0,0.0,0.0,0.0,0.0,0.0,0.0,0.0,0.0,0.0,1.0,0.0,0.0,0.0,0.0,0.0,0.0,0.0,0.0,0.0,0.0,0.0,0.0,0.0,0.0,0.0,0.0,0.0,1.0,0.0,1.0,0.0,0.0,0.0,0.0,0.0,0.0,0.0,0.0,0.0,0.0,0.0,0.0,0.0,0.0,0.0,0.0,0.0,0.0,0.0,0.0,0.0,0.0,0.0,3.335,0.0,0.0,0.0,0.0,0.0,0.0,0.0,0.0,0.0,0.0,0.0,
191,0.0,0.0,0.0,0.0,0.0,0.0,3.0,1.0,1.0,1.0,3.0,1.0,1.0,1.0,0.0,0.0,0.0,4.0,1275.0,3408961.0,65554.0,0.0,2.0,1537.0,1409.0,5.0,513.0,255.0,0.0,0.0,0.0,5.0,769.0,255.0,0.0,0.0,0.0,5.0,1025.0,255.0,0.0,0.0,0.0,3.0,1644167432.0,1644167688.0,1644167944.0,4.0,1678835984.0,1678836240.0,1678836496.0,1678836752.0,4.0,1678837008.0,1678837264.0,1678837520.0,1678837776.0,5.0,385.0,255.0,0.0,0.0,0.0,5.0,641.0,255.0,0.0,0.0,0.0,5.0,897.0,255.0,0.0,0.0,0.0,5.0,1153.0,255.0,0.0,0.0,0.0,5.0,417.0,254.0,0.0,0.0,0.0,5.0,449.0,254.0,0.0,0.0,0.0,5.0,481.0,254.0,0.0,0.0,0.0,5.0,673.0,254.0,0.0,0.0,0.0,5.0,705.0,254.0,0.0,0.0,0.0,5.0,737.0,254.0,0.0,0.0,0.0,1.0,1610613000.0,4.0,1677787408.0,1677787664.0,1677787920.0,1677788176.0,4.0,1677788432.0,1677788688.0,1677788944.0,1677789200.0,4.0,1677789456.0,1677789712.0,1677789968.0,1677790224.0,4.0,1342177544.0,1342177800.0,1342178056.0,1342178312.0,8.0,1342243080.0,1342243336.0,1342243592.0,1342243848.0,1342244104.0,1342244360.0,1342244616.0,1342244872.0,4.0,1342308624.0,1342308880.0,1342309136.0,1342309392.0,4.0,1342374160.0,1342374416.0,1342374672.0,1342374928.0,4.0,1342375184.0,1342375440.0,1342375696.0,1342375952.0,8.0,1342439688.0,1342439944.0,1342440200.0,1342440456.0,1342440712.0,1342440968.0,1342441224.0,1342441480.0,5.0,0.0,0.0,0.0,0.0,0.0,8.0,51.0,51.0,51.0,51.0,17.0,17.0,17.0,17.0,16.0,100.0,100.0,100.0,100.0,100.0,100.0,100.0,100.0,100.0,100.0,100.0,100.0,100.0,100.0,100.0,100.0,2.0,0.0,0.0,2.0,0.0,0.0,4.0,80.0,244.0,0.0,0.0,8.0,0.0,252.0,0.0,16.0,221.0,221.0,245.0,0.0,5.0,143.0,1770.0,2.0,7.0,1.0,8.0,0.0,0.0,0.0,0.0,0.0,0.0,3508.0,0.0,8.0,15.0,0.0,0.0,0.0,224.0,0.0,0.0,0.0,1.0,0.0,3.0,0.0,0.0,255.0,12.0,0.0,0.0,0.0,0.0,0.0,0.0,0.0,0.0,0.0,0.0,0.0,0.0,8.0,0.0,0.0,0.0,0.0,0.0,0.0,1000.0,0.0,12.0,50.0,50.0,50.0,50.0,50.0,50.0,50.0,50.0,50.0,50.0,50.0,50.0,0.0,0.0,0.0,983441.0,0.0,340441200.0,34044201.0,1.15,129.0,0.0,2000.0,500.0,0.0,500.0,0.0,0.0,0.0,0.0,0.0,0.0,0.0,0.0,0.0,0.0,0.0,0.0,0.0,0.0,0.0,0.0,0.0,0.0,0.0,0.0,0.0,0.0,0.0,0.0,0.0,0.0,0.0,0.0,0.0,0.0,1.0,0.0,0.0,0.0,0.0,0.0,0.0,0.0,0.0,0.0,0.0,0.0,0.0,0.0,0.0,0.0,0.0,0.0,1.0,0.0,1.0,0.0,0.0,0.0,0.0,0.0,0.0,0.0,0.0,0.0,0.0,0.0,0.0,0.0,0.0,0.0,0.0,0.0,0.0,0.0,0.0,0.0,0.0,0.0,3.335,0.0,0.0,0.0,0.0,0.0,0.0,0.0,0.0,0.0,0.0,0.0,
196,0.0,0.0,0.0,0.0,0.0,0.0,3.0,1.0,1.0,1.0,3.0,1.0,1.0,1.0,0.0,0.0,0.0,4.0,1275.0,3408961.0,65554.0,0.0,2.0,1537.0,1409.0,5.0,513.0,255.0,0.0,0.0,0.0,5.0,769.0,255.0,0.0,0.0,0.0,5.0,1025.0,255.0,0.0,0.0,0.0,3.0,1644167432.0,1644167688.0,1644167944.0,4.0,1678835984.0,1678836240.0,1678836496.0,1678836752.0,4.0,1678837008.0,1678837264.0,1678837520.0,1678837776.0,5.0,385.0,255.0,0.0,0.0,0.0,5.0,641.0,255.0,0.0,0.0,0.0,5.0,897.0,255.0,0.0,0.0,0.0,5.0,1153.0,255.0,0.0,0.0,0.0,5.0,417.0,254.0,0.0,0.0,0.0,5.0,449.0,254.0,0.0,0.0,0.0,5.0,481.0,254.0,0.0,0.0,0.0,5.0,673.0,254.0,0.0,0.0,0.0,5.0,705.0,254.0,0.0,0.0,0.0,5.0,737.0,254.0,0.0,0.0,0.0,1.0,1610613000.0,4.0,1677787408.0,1677787664.0,1677787920.0,1677788176.0,4.0,1677788432.0,1677788688.0,1677788944.0,1677789200.0,4.0,1677789456.0,1677789712.0,1677789968.0,1677790224.0,4.0,1342177544.0,1342177800.0,1342178056.0,1342178312.0,8.0,1342243080.0,1342243336.0,1342243592.0,1342243848.0,1342244104.0,1342244360.0,1342244616.0,1342244872.0,4.0,1342308624.0,1342308880.0,1342309136.0,1342309392.0,4.0,1342374160.0,1342374416.0,1342374672.0,1342374928.0,4.0,1342375184.0,1342375440.0,1342375696.0,1342375952.0,8.0,1342439688.0,1342439944.0,1342440200.0,1342440456.0,1342440712.0,1342440968.0,1342441224.0,1342441480.0,5.0,0.0,0.0,0.0,0.0,0.0,8.0,51.0,51.0,51.0,51.0,17.0,17.0,17.0,17.0,16.0,100.0,100.0,100.0,100.0,100.0,100.0,100.0,100.0,100.0,100.0,100.0,100.0,100.0,100.0,100.0,100.0,2.0,0.0,0.0,2.0,0.0,0.0,4.0,80.0,244.0,0.0,0.0,8.0,0.0,252.0,0.0,16.0,221.0,221.0,245.0,0.0,5.0,143.0,1770.0,2.0,7.0,1.0,8.0,0.0,0.0,0.0,0.0,0.0,0.0,3508.0,0.0,8.0,15.0,0.0,0.0,0.0,224.0,0.0,0.0,0.0,1.0,0.0,3.0,0.0,0.0,255.0,12.0,0.0,0.0,0.0,0.0,0.0,0.0,0.0,0.0,0.0,0.0,0.0,0.0,8.0,0.0,0.0,0.0,0.0,0.0,0.0,0.0,250.0,12.0,50.0,50.0,50.0,50.0,50.0,50.0,50.0,50.0,50.0,50.0,50.0,50.0,0.0,0.0,0.0,983441.0,0.0,340441200.0,34044201.0,1.15,129.0,0.0,2000.0,500.0,0.0,500.0,0.0,0.0,0.0,0.0,0.0,0.0,0.0,0.0,0.0,0.0,0.0,0.0,0.0,0.0,0.0,0.0,0.0,0.0,0.0,0.0,0.0,0.0,0.0,0.0,0.0,0.0,0.0,0.0,0.0,0.0,0.0,1.0,0.0,0.0,0.0,0.0,0.0,0.0,0.0,0.0,0.0,0.0,0.0,0.0,0.0,0.0,0.0,0.0,1.0,0.0,1.0,0.0,0.0,0.0,0.0,0.0,0.0,0.0,0.0,0.0,0.0,0.0,0.0,0.0,0.0,0.0,0.0,0.0,0.0,0.0,0.0,0.0,0.0,0.0,0.887,0.0,0.0,0.0,0.0,0.0,0.0,0.0,0.0,0.0,0.0,0.0,
197,0.0,0.0,0.0,0.0,0.0,0.0,3.0,1.0,1.0,1.0,3.0,1.0,1.0,1.0,0.0,0.0,0.0,4.0,1275.0,3408961.0,65554.0,0.0,2.0,1537.0,1409.0,5.0,513.0,255.0,0.0,0.0,0.0,5.0,769.0,255.0,0.0,0.0,0.0,5.0,1025.0,255.0,0.0,0.0,0.0,3.0,1644167432.0,1644167688.0,1644167944.0,4.0,1678835984.0,1678836240.0,1678836496.0,1678836752.0,4.0,1678837008.0,1678837264.0,1678837520.0,1678837776.0,5.0,385.0,255.0,0.0,0.0,0.0,5.0,641.0,255.0,0.0,0.0,0.0,5.0,897.0,255.0,0.0,0.0,0.0,5.0,1153.0,255.0,0.0,0.0,0.0,5.0,417.0,254.0,0.0,0.0,0.0,5.0,449.0,254.0,0.0,0.0,0.0,5.0,481.0,254.0,0.0,0.0,0.0,5.0,673.0,254.0,0.0,0.0,0.0,5.0,705.0,254.0,0.0,0.0,0.0,5.0,737.0,254.0,0.0,0.0,0.0,1.0,1610613000.0,4.0,1677787408.0,1677787664.0,1677787920.0,1677788176.0,4.0,1677788432.0,1677788688.0,1677788944.0,1677789200.0,4.0,1677789456.0,1677789712.0,1677789968.0,1677790224.0,4.0,1342177544.0,1342177800.0,1342178056.0,1342178312.0,8.0,1342243080.0,1342243336.0,1342243592.0,1342243848.0,1342244104.0,1342244360.0,1342244616.0,1342244872.0,4.0,1342308624.0,1342308880.0,1342309136.0,1342309392.0,4.0,1342374160.0,1342374416.0,1342374672.0,1342374928.0,4.0,1342375184.0,1342375440.0,1342375696.0,1342375952.0,8.0,1342439688.0,1342439944.0,1342440200.0,1342440456.0,1342440712.0,1342440968.0,1342441224.0,1342441480.0,5.0,0.0,0.0,0.0,0.0,0.0,8.0,51.0,51.0,51.0,51.0,17.0,17.0,17.0,17.0,16.0,100.0,100.0,100.0,100.0,100.0,100.0,100.0,100.0,100.0,100.0,100.0,100.0,100.0,100.0,100.0,100.0,2.0,0.0,0.0,2.0,0.0,0.0,4.0,80.0,244.0,0.0,0.0,8.0,0.0,252.0,0.0,64.0,221.0,221.0,245.0,0.0,5.0,145.0,1775.0,2.0,7.0,1.0,8.0,0.0,0.0,0.0,0.0,0.0,0.0,0.0,975.0,8.0,15.0,0.0,0.0,0.0,224.0,0.0,0.0,0.0,1.0,0.0,3.0,0.0,0.0,255.0,12.0,0.0,0.0,0.0,0.0,0.0,0.0,0.0,0.0,0.0,0.0,0.0,0.0,8.0,0.0,0.0,0.0,0.0,0.0,0.0,0.0,250.0,12.0,50.0,50.0,50.0,50.0,50.0,50.0,50.0,50.0,50.0,50.0,50.0,50.0,0.0,0.0,0.0,983441.0,0.0,340441200.0,34044201.0,1.15,129.0,0.0,2000.0,500.0,0.0,500.0,0.0,0.0,0.0,0.0,0.0,0.0,0.0,0.0,0.0,0.0,0.0,0.0,0.0,0.0,0.0,0.0,0.0,0.0,0.0,0.0,0.0,0.0,0.0,0.0,0.0,0.0,0.0,0.0,0.0,0.0,0.0,1.0,0.0,0.0,0.0,0.0,0.0,0.0,0.0,0.0,0.0,0.0,0.0,0.0,0.0,0.0,0.0,0.0,1.0,0.0,1.0,0.0,0.0,0.0,0.0,0.0,0.0,0.0,0.0,0.0,0.0,0.0,0.0,0.0,0.0,0.0,0.0,0.0,0.0,0.0,0.0,0.0,0.0,0.0,0.888,0.0,0.0,0.0,0.0,0.0,0.0,0.0,0.0,0.0,0.0,0.0,
199,0.0,0.0,0.0,0.0,0.0,0.0,3.0,1.0,1.0,1.0,3.0,1.0,1.0,1.0,0.0,0.0,0.0,4.0,1275.0,3408961.0,65554.0,0.0,2.0,1537.0,1409.0,5.0,513.0,255.0,0.0,0.0,0.0,5.0,769.0,255.0,0.0,0.0,0.0,5.0,1025.0,255.0,0.0,0.0,0.0,3.0,1644167432.0,1644167688.0,1644167944.0,4.0,1678835984.0,1678836240.0,1678836496.0,1678836752.0,4.0,1678837008.0,1678837264.0,1678837520.0,1678837776.0,5.0,385.0,255.0,0.0,0.0,0.0,5.0,641.0,255.0,0.0,0.0,0.0,5.0,897.0,255.0,0.0,0.0,0.0,5.0,1153.0,255.0,0.0,0.0,0.0,5.0,417.0,254.0,0.0,0.0,0.0,5.0,449.0,254.0,0.0,0.0,0.0,5.0,481.0,254.0,0.0,0.0,0.0,5.0,673.0,254.0,0.0,0.0,0.0,5.0,705.0,254.0,0.0,0.0,0.0,5.0,737.0,254.0,0.0,0.0,0.0,1.0,1610613000.0,4.0,1677787408.0,1677787664.0,1677787920.0,1677788176.0,4.0,1677788432.0,1677788688.0,1677788944.0,1677789200.0,4.0,1677789456.0,1677789712.0,1677789968.0,1677790224.0,4.0,1342177544.0,1342177800.0,1342178056.0,1342178312.0,8.0,1342243080.0,1342243336.0,1342243592.0,1342243848.0,1342244104.0,1342244360.0,1342244616.0,1342244872.0,4.0,1342308624.0,1342308880.0,1342309136.0,1342309392.0,4.0,1342374160.0,1342374416.0,1342374672.0,1342374928.0,4.0,1342375184.0,1342375440.0,1342375696.0,1342375952.0,8.0,1342439688.0,1342439944.0,1342440200.0,1342440456.0,1342440712.0,1342440968.0,1342441224.0,1342441480.0,5.0,0.0,0.0,0.0,0.0,0.0,8.0,51.0,51.0,51.0,51.0,17.0,17.0,17.0,17.0,16.0,100.0,100.0,100.0,100.0,100.0,100.0,100.0,100.0,100.0,100.0,100.0,100.0,100.0,100.0,100.0,100.0,2.0,0.0,0.0,2.0,0.0,0.0,4.0,80.0,244.0,0.0,0.0,8.0,0.0,252.0,0.0,64.0,221.0,221.0,245.0,0.0,5.0,145.0,1775.0,2.0,7.0,1.0,8.0,0.0,0.0,0.0,0.0,0.0,0.0,0.0,975.0,8.0,15.0,0.0,0.0,0.0,224.0,0.0,0.0,0.0,1.0,0.0,3.0,0.0,0.0,255.0,12.0,0.0,0.0,0.0,0.0,0.0,0.0,0.0,0.0,0.0,0.0,0.0,0.0,8.0,0.0,0.0,0.0,0.0,0.0,0.0,0.0,500.0,12.0,50.0,50.0,50.0,50.0,50.0,50.0,50.0,50.0,50.0,50.0,50.0,50.0,0.0,0.0,0.0,983441.0,0.0,340441200.0,34044201.0,1.15,129.0,0.0,2000.0,500.0,0.0,500.0,0.0,0.0,0.0,0.0,0.0,0.0,0.0,0.0,0.0,0.0,0.0,0.0,0.0,0.0,0.0,0.0,0.0,0.0,0.0,0.0,0.0,0.0,0.0,0.0,0.0,0.0,0.0,0.0,0.0,0.0,0.0,1.0,0.0,0.0,0.0,0.0,0.0,0.0,0.0,0.0,0.0,0.0,0.0,0.0,0.0,0.0,0.0,0.0,1.0,0.0,1.0,0.0,0.0,0.0,0.0,0.0,0.0,0.0,0.0,0.0,0.0,0.0,0.0,0.0,0.0,0.0,0.0,0.0,0.0,0.0,0.0,0.0,0.0,0.0,1.706,0.0,0.0,0.0,0.0,0.0,0.0,0.0,0.0,0.0,0.0,0.0,
200,0.0,0.0,0.0,0.0,0.0,0.0,3.0,1.0,1.0,1.0,3.0,1.0,1.0,1.0,0.0,0.0,0.0,4.0,1275.0,3408961.0,65554.0,0.0,2.0,1537.0,1409.0,5.0,513.0,255.0,0.0,0.0,0.0,5.0,769.0,255.0,0.0,0.0,0.0,5.0,1025.0,255.0,0.0,0.0,0.0,3.0,1644167432.0,1644167688.0,1644167944.0,4.0,1678835984.0,1678836240.0,1678836496.0,1678836752.0,4.0,1678837008.0,1678837264.0,1678837520.0,1678837776.0,5.0,385.0,255.0,0.0,0.0,0.0,5.0,641.0,255.0,0.0,0.0,0.0,5.0,897.0,255.0,0.0,0.0,0.0,5.0,1153.0,255.0,0.0,0.0,0.0,5.0,417.0,254.0,0.0,0.0,0.0,5.0,449.0,254.0,0.0,0.0,0.0,5.0,481.0,254.0,0.0,0.0,0.0,5.0,673.0,254.0,0.0,0.0,0.0,5.0,705.0,254.0,0.0,0.0,0.0,5.0,737.0,254.0,0.0,0.0,0.0,1.0,1610613000.0,4.0,1677787408.0,1677787664.0,1677787920.0,1677788176.0,4.0,1677788432.0,1677788688.0,1677788944.0,1677789200.0,4.0,1677789456.0,1677789712.0,1677789968.0,1677790224.0,4.0,1342177544.0,1342177800.0,1342178056.0,1342178312.0,8.0,1342243080.0,1342243336.0,1342243592.0,1342243848.0,1342244104.0,1342244360.0,1342244616.0,1342244872.0,4.0,1342308624.0,1342308880.0,1342309136.0,1342309392.0,4.0,1342374160.0,1342374416.0,1342374672.0,1342374928.0,4.0,1342375184.0,1342375440.0,1342375696.0,1342375952.0,8.0,1342439688.0,1342439944.0,1342440200.0,1342440456.0,1342440712.0,1342440968.0,1342441224.0,1342441480.0,5.0,0.0,0.0,0.0,0.0,0.0,8.0,51.0,51.0,51.0,51.0,17.0,17.0,17.0,17.0,16.0,100.0,100.0,100.0,100.0,100.0,100.0,100.0,100.0,100.0,100.0,100.0,100.0,100.0,100.0,100.0,100.0,2.0,0.0,0.0,2.0,0.0,0.0,4.0,80.0,244.0,0.0,0.0,8.0,0.0,252.0,0.0,64.0,221.0,221.0,245.0,0.0,5.0,143.0,1775.0,2.0,7.0,1.0,8.0,0.0,0.0,0.0,0.0,0.0,0.0,0.0,1835.0,8.0,15.0,0.0,0.0,0.0,224.0,0.0,0.0,0.0,1.0,0.0,3.0,0.0,0.0,255.0,12.0,0.0,0.0,0.0,0.0,0.0,0.0,0.0,0.0,0.0,0.0,0.0,0.0,8.0,0.0,0.0,0.0,0.0,0.0,0.0,0.0,500.0,12.0,50.0,50.0,50.0,50.0,50.0,50.0,50.0,50.0,50.0,50.0,50.0,50.0,0.0,0.0,0.0,983441.0,0.0,340441200.0,34044201.0,1.15,129.0,0.0,2000.0,500.0,0.0,500.0,0.0,0.0,0.0,0.0,0.0,0.0,0.0,0.0,0.0,0.0,0.0,0.0,0.0,0.0,0.0,0.0,0.0,0.0,0.0,0.0,0.0,0.0,0.0,0.0,0.0,0.0,0.0,0.0,0.0,0.0,0.0,1.0,0.0,0.0,0.0,0.0,0.0,0.0,0.0,0.0,0.0,0.0,0.0,0.0,0.0,0.0,0.0,0.0,1.0,0.0,1.0,0.0,0.0,0.0,0.0,0.0,0.0,0.0,0.0,0.0,0.0,0.0,0.0,0.0,0.0,0.0,0.0,0.0,0.0,0.0,0.0,0.0,0.0,0.0,1.706,0.0,0.0,0.0,0.0,0.0,0.0,0.0,0.0,0.0,0.0,0.0,
202,0.0,0.0,0.0,0.0,0.0,0.0,3.0,1.0,1.0,1.0,3.0,1.0,1.0,1.0,0.0,0.0,0.0,4.0,1275.0,3408961.0,65554.0,0.0,2.0,1537.0,1409.0,5.0,513.0,255.0,0.0,0.0,0.0,5.0,769.0,255.0,0.0,0.0,0.0,5.0,1025.0,255.0,0.0,0.0,0.0,3.0,1644167432.0,1644167688.0,1644167944.0,4.0,1678835984.0,1678836240.0,1678836496.0,1678836752.0,4.0,1678837008.0,1678837264.0,1678837520.0,1678837776.0,5.0,385.0,255.0,0.0,0.0,0.0,5.0,641.0,255.0,0.0,0.0,0.0,5.0,897.0,255.0,0.0,0.0,0.0,5.0,1153.0,255.0,0.0,0.0,0.0,5.0,417.0,254.0,0.0,0.0,0.0,5.0,449.0,254.0,0.0,0.0,0.0,5.0,481.0,254.0,0.0,0.0,0.0,5.0,673.0,254.0,0.0,0.0,0.0,5.0,705.0,254.0,0.0,0.0,0.0,5.0,737.0,254.0,0.0,0.0,0.0,1.0,1610613000.0,4.0,1677787408.0,1677787664.0,1677787920.0,1677788176.0,4.0,1677788432.0,1677788688.0,1677788944.0,1677789200.0,4.0,1677789456.0,1677789712.0,1677789968.0,1677790224.0,4.0,1342177544.0,1342177800.0,1342178056.0,1342178312.0,8.0,1342243080.0,1342243336.0,1342243592.0,1342243848.0,1342244104.0,1342244360.0,1342244616.0,1342244872.0,4.0,1342308624.0,1342308880.0,1342309136.0,1342309392.0,4.0,1342374160.0,1342374416.0,1342374672.0,1342374928.0,4.0,1342375184.0,1342375440.0,1342375696.0,1342375952.0,8.0,1342439688.0,1342439944.0,1342440200.0,1342440456.0,1342440712.0,1342440968.0,1342441224.0,1342441480.0,5.0,0.0,0.0,0.0,0.0,0.0,8.0,51.0,51.0,51.0,51.0,17.0,17.0,17.0,17.0,16.0,100.0,100.0,100.0,100.0,100.0,100.0,100.0,100.0,100.0,100.0,100.0,100.0,100.0,100.0,100.0,100.0,2.0,0.0,0.0,2.0,0.0,0.0,4.0,80.0,244.0,0.0,0.0,8.0,0.0,252.0,0.0,64.0,221.0,221.0,245.0,0.0,5.0,143.0,1775.0,2.0,7.0,1.0,8.0,0.0,0.0,0.0,0.0,0.0,0.0,0.0,1835.0,8.0,15.0,0.0,0.0,0.0,224.0,0.0,0.0,0.0,1.0,0.0,3.0,0.0,0.0,255.0,12.0,0.0,0.0,0.0,0.0,0.0,0.0,0.0,0.0,0.0,0.0,0.0,0.0,8.0,0.0,0.0,0.0,0.0,0.0,0.0,0.0,1000.0,12.0,50.0,50.0,50.0,50.0,50.0,50.0,50.0,50.0,50.0,50.0,50.0,50.0,0.0,0.0,0.0,983441.0,0.0,340441200.0,34044201.0,1.15,129.0,0.0,2000.0,500.0,0.0,500.0,0.0,0.0,0.0,0.0,0.0,0.0,0.0,0.0,0.0,0.0,0.0,0.0,0.0,0.0,0.0,0.0,0.0,0.0,0.0,0.0,0.0,0.0,0.0,0.0,0.0,0.0,0.0,0.0,0.0,0.0,0.0,1.0,0.0,0.0,0.0,0.0,0.0,0.0,0.0,0.0,0.0,0.0,0.0,0.0,0.0,0.0,0.0,0.0,1.0,0.0,1.0,0.0,0.0,0.0,0.0,0.0,0.0,0.0,0.0,0.0,0.0,0.0,0.0,0.0,0.0,0.0,0.0,0.0,0.0,0.0,0.0,0.0,0.0,0.0,3.341,0.0,0.0,0.0,0.0,0.0,0.0,0.0,0.0,0.0,0.0,0.0,
203,0.0,0.0,0.0,0.0,0.0,0.0,3.0,1.0,1.0,1.0,3.0,1.0,1.0,1.0,0.0,0.0,0.0,4.0,1275.0,3408961.0,65554.0,0.0,2.0,1537.0,1409.0,5.0,513.0,255.0,0.0,0.0,0.0,5.0,769.0,255.0,0.0,0.0,0.0,5.0,1025.0,255.0,0.0,0.0,0.0,3.0,1644167432.0,1644167688.0,1644167944.0,4.0,1678835984.0,1678836240.0,1678836496.0,1678836752.0,4.0,1678837008.0,1678837264.0,1678837520.0,1678837776.0,5.0,385.0,255.0,0.0,0.0,0.0,5.0,641.0,255.0,0.0,0.0,0.0,5.0,897.0,255.0,0.0,0.0,0.0,5.0,1153.0,255.0,0.0,0.0,0.0,5.0,417.0,254.0,0.0,0.0,0.0,5.0,449.0,254.0,0.0,0.0,0.0,5.0,481.0,254.0,0.0,0.0,0.0,5.0,673.0,254.0,0.0,0.0,0.0,5.0,705.0,254.0,0.0,0.0,0.0,5.0,737.0,254.0,0.0,0.0,0.0,1.0,1610613000.0,4.0,1677787408.0,1677787664.0,1677787920.0,1677788176.0,4.0,1677788432.0,1677788688.0,1677788944.0,1677789200.0,4.0,1677789456.0,1677789712.0,1677789968.0,1677790224.0,4.0,1342177544.0,1342177800.0,1342178056.0,1342178312.0,8.0,1342243080.0,1342243336.0,1342243592.0,1342243848.0,1342244104.0,1342244360.0,1342244616.0,1342244872.0,4.0,1342308624.0,1342308880.0,1342309136.0,1342309392.0,4.0,1342374160.0,1342374416.0,1342374672.0,1342374928.0,4.0,1342375184.0,1342375440.0,1342375696.0,1342375952.0,8.0,1342439688.0,1342439944.0,1342440200.0,1342440456.0,1342440712.0,1342440968.0,1342441224.0,1342441480.0,5.0,0.0,0.0,0.0,0.0,0.0,8.0,51.0,51.0,51.0,51.0,17.0,17.0,17.0,17.0,16.0,100.0,100.0,100.0,100.0,100.0,100.0,100.0,100.0,100.0,100.0,100.0,100.0,100.0,100.0,100.0,100.0,2.0,0.0,0.0,2.0,0.0,0.0,4.0,80.0,244.0,0.0,0.0,8.0,0.0,252.0,0.0,64.0,221.0,221.0,245.0,0.0,5.0,143.0,1775.0,2.0,7.0,1.0,8.0,0.0,0.0,0.0,0.0,0.0,0.0,0.0,3464.0,8.0,15.0,0.0,0.0,0.0,224.0,0.0,0.0,0.0,1.0,0.0,3.0,0.0,0.0,255.0,12.0,0.0,0.0,0.0,0.0,0.0,0.0,0.0,0.0,0.0,0.0,0.0,0.0,8.0,0.0,0.0,0.0,0.0,0.0,0.0,0.0,1000.0,12.0,50.0,50.0,50.0,50.0,50.0,50.0,50.0,50.0,50.0,50.0,50.0,50.0,0.0,0.0,0.0,983441.0,0.0,340441200.0,34044201.0,1.15,129.0,0.0,2000.0,500.0,0.0,500.0,0.0,0.0,0.0,0.0,0.0,0.0,0.0,0.0,0.0,0.0,0.0,0.0,0.0,0.0,0.0,0.0,0.0,0.0,0.0,0.0,0.0,0.0,0.0,0.0,0.0,0.0,0.0,0.0,0.0,0.0,0.0,1.0,0.0,0.0,0.0,0.0,0.0,0.0,0.0,0.0,0.0,0.0,0.0,0.0,0.0,0.0,0.0,0.0,1.0,0.0,1.0,0.0,0.0,0.0,0.0,0.0,0.0,0.0,0.0,0.0,0.0,0.0,0.0,0.0,0.0,0.0,0.0,0.0,0.0,0.0,0.0,0.0,0.0,0.0,3.342,0.0,0.0,0.0,0.0,0.0,0.0,0.0,0.0,0.0,0.0,0.0,
211,0.0,0.0,0.0,0.0,0.0,0.0,3.0,1.0,1.0,1.0,3.0,1.0,1.0,1.0,0.0,0.0,0.0,4.0,1275.0,3408961.0,65554.0,0.0,2.0,1537.0,1409.0,5.0,513.0,255.0,0.0,0.0,0.0,5.0,769.0,255.0,0.0,0.0,0.0,5.0,1025.0,255.0,0.0,0.0,0.0,3.0,1644167432.0,1644167688.0,1644167944.0,4.0,1678835984.0,1678836240.0,1678836496.0,1678836752.0,4.0,1678837008.0,1678837264.0,1678837520.0,1678837776.0,5.0,385.0,255.0,0.0,0.0,0.0,5.0,641.0,255.0,0.0,0.0,0.0,5.0,897.0,255.0,0.0,0.0,0.0,5.0,1153.0,255.0,0.0,0.0,0.0,5.0,417.0,254.0,0.0,0.0,0.0,5.0,449.0,254.0,0.0,0.0,0.0,5.0,481.0,254.0,0.0,0.0,0.0,5.0,673.0,254.0,0.0,0.0,0.0,5.0,705.0,254.0,0.0,0.0,0.0,5.0,737.0,254.0,0.0,0.0,0.0,1.0,1610613000.0,4.0,1677787408.0,1677787664.0,1677787920.0,1677788176.0,4.0,1677788432.0,1677788688.0,1677788944.0,1677789200.0,4.0,1677789456.0,1677789712.0,1677789968.0,1677790224.0,4.0,1342177544.0,1342177800.0,1342178056.0,1342178312.0,8.0,1342243080.0,1342243336.0,1342243592.0,1342243848.0,1342244104.0,1342244360.0,1342244616.0,1342244872.0,4.0,1342308624.0,1342308880.0,1342309136.0,1342309392.0,4.0,1342374160.0,1342374416.0,1342374672.0,1342374928.0,4.0,1342375184.0,1342375440.0,1342375696.0,1342375952.0,8.0,1342439688.0,1342439944.0,1342440200.0,1342440456.0,1342440712.0,1342440968.0,1342441224.0,1342441480.0,5.0,0.0,0.0,0.0,0.0,0.0,8.0,51.0,51.0,51.0,51.0,17.0,17.0,17.0,17.0,16.0,100.0,100.0,100.0,100.0,100.0,100.0,100.0,100.0,100.0,100.0,100.0,100.0,100.0,100.0,100.0,100.0,2.0,0.0,0.0,2.0,0.0,0.0,4.0,80.0,244.0,0.0,0.0,8.0,0.0,252.0,0.0,64.0,221.0,221.0,245.0,0.0,5.0,143.0,1775.0,2.0,7.0,1.0,8.0,0.0,0.0,0.0,0.0,0.0,0.0,0.0,3464.0,8.0,15.0,0.0,0.0,0.0,224.0,0.0,0.0,0.0,1.0,0.0,3.0,0.0,0.0,255.0,12.0,0.0,0.0,0.0,0.0,0.0,0.0,0.0,0.0,0.0,0.0,0.0,0.0,8.0,250.0,0.0,0.0,0.0,0.0,0.0,0.0,0.0,12.0,50.0,50.0,50.0,50.0,50.0,50.0,50.0,50.0,50.0,50.0,50.0,50.0,0.0,0.0,0.0,983441.0,0.0,340441200.0,34044201.0,1.15,129.0,0.0,2000.0,500.0,0.0,64.0,0.0,0.0,0.0,0.0,0.0,0.0,0.0,0.0,0.0,0.0,0.0,0.0,0.0,0.0,0.0,0.0,0.0,0.0,0.0,0.0,0.0,0.0,0.0,0.0,1.0,0.0,0.0,0.0,0.0,0.0,0.0,0.0,0.0,0.0,0.0,0.0,0.0,0.0,0.0,0.0,0.0,0.0,0.0,0.0,0.0,0.0,0.0,0.0,1.0,0.0,1.0,0.0,0.0,0.0,0.0,0.0,0.0,0.0,0.0,0.0,0.0,0.0,0.0,0.0,0.0,0.0,0.0,0.0,0.0,0.0,0.0,0.0,0.0,0.0,0.887,0.0,0.0,0.0,0.0,0.0,0.0,0.0,0.0,0.0,0.0,0.0,
212,0.0,0.0,0.0,0.0,0.0,0.0,3.0,1.0,1.0,1.0,3.0,1.0,1.0,1.0,0.0,0.0,0.0,4.0,1275.0,3408961.0,65554.0,0.0,2.0,1537.0,1409.0,5.0,513.0,255.0,0.0,0.0,0.0,5.0,769.0,255.0,0.0,0.0,0.0,5.0,1025.0,255.0,0.0,0.0,0.0,3.0,1644167432.0,1644167688.0,1644167944.0,4.0,1678835984.0,1678836240.0,1678836496.0,1678836752.0,4.0,1678837008.0,1678837264.0,1678837520.0,1678837776.0,5.0,385.0,255.0,0.0,0.0,0.0,5.0,641.0,255.0,0.0,0.0,0.0,5.0,897.0,255.0,0.0,0.0,0.0,5.0,1153.0,255.0,0.0,0.0,0.0,5.0,417.0,254.0,0.0,0.0,0.0,5.0,449.0,254.0,0.0,0.0,0.0,5.0,481.0,254.0,0.0,0.0,0.0,5.0,673.0,254.0,0.0,0.0,0.0,5.0,705.0,254.0,0.0,0.0,0.0,5.0,737.0,254.0,0.0,0.0,0.0,1.0,1610613000.0,4.0,1677787408.0,1677787664.0,1677787920.0,1677788176.0,4.0,1677788432.0,1677788688.0,1677788944.0,1677789200.0,4.0,1677789456.0,1677789712.0,1677789968.0,1677790224.0,4.0,1342177544.0,1342177800.0,1342178056.0,1342178312.0,8.0,1342243080.0,1342243336.0,1342243592.0,1342243848.0,1342244104.0,1342244360.0,1342244616.0,1342244872.0,4.0,1342308624.0,1342308880.0,1342309136.0,1342309392.0,4.0,1342374160.0,1342374416.0,1342374672.0,1342374928.0,4.0,1342375184.0,1342375440.0,1342375696.0,1342375952.0,8.0,1342439688.0,1342439944.0,1342440200.0,1342440456.0,1342440712.0,1342440968.0,1342441224.0,1342441480.0,5.0,0.0,0.0,0.0,0.0,0.0,8.0,51.0,51.0,51.0,51.0,17.0,17.0,17.0,17.0,16.0,100.0,100.0,100.0,100.0,100.0,100.0,100.0,100.0,100.0,100.0,100.0,100.0,100.0,100.0,100.0,100.0,2.0,0.0,0.0,2.0,0.0,0.0,4.0,80.0,244.0,0.0,0.0,8.0,0.0,252.0,1.0,0.0,221.0,221.0,245.0,0.0,5.0,145.0,1770.0,2.0,7.0,1.0,8.0,935.0,0.0,0.0,0.0,0.0,0.0,0.0,0.0,8.0,15.0,0.0,0.0,0.0,224.0,0.0,0.0,0.0,1.0,0.0,3.0,0.0,0.0,255.0,12.0,0.0,0.0,0.0,0.0,0.0,0.0,0.0,0.0,0.0,0.0,0.0,0.0,8.0,250.0,0.0,0.0,0.0,0.0,0.0,0.0,0.0,12.0,50.0,50.0,50.0,50.0,50.0,50.0,50.0,50.0,50.0,50.0,50.0,50.0,0.0,0.0,0.0,983441.0,0.0,340441200.0,34044201.0,1.15,129.0,0.0,2000.0,64.0,0.0,64.0,0.0,0.0,0.0,0.0,0.0,0.0,0.0,0.0,0.0,0.0,0.0,0.0,0.0,0.0,0.0,0.0,0.0,0.0,0.0,0.0,0.0,0.0,0.0,0.0,1.0,0.0,0.0,0.0,0.0,0.0,0.0,0.0,0.0,0.0,0.0,0.0,0.0,0.0,0.0,0.0,0.0,0.0,0.0,0.0,0.0,0.0,0.0,0.0,1.0,0.0,1.0,0.0,0.0,0.0,0.0,0.0,0.0,0.0,0.0,0.0,0.0,0.0,0.0,0.0,0.0,0.0,0.0,0.0,0.0,0.0,0.0,0.0,0.0,0.0,0.887,0.0,0.0,0.0,0.0,0.0,0.0,0.0,0.0,0.0,0.0,0.0,
214,0.0,0.0,0.0,0.0,0.0,0.0,3.0,1.0,1.0,1.0,3.0,1.0,1.0,1.0,0.0,0.0,0.0,4.0,1275.0,3408961.0,65554.0,0.0,2.0,1537.0,1409.0,5.0,513.0,255.0,0.0,0.0,0.0,5.0,769.0,255.0,0.0,0.0,0.0,5.0,1025.0,255.0,0.0,0.0,0.0,3.0,1644167432.0,1644167688.0,1644167944.0,4.0,1678835984.0,1678836240.0,1678836496.0,1678836752.0,4.0,1678837008.0,1678837264.0,1678837520.0,1678837776.0,5.0,385.0,255.0,0.0,0.0,0.0,5.0,641.0,255.0,0.0,0.0,0.0,5.0,897.0,255.0,0.0,0.0,0.0,5.0,1153.0,255.0,0.0,0.0,0.0,5.0,417.0,254.0,0.0,0.0,0.0,5.0,449.0,254.0,0.0,0.0,0.0,5.0,481.0,254.0,0.0,0.0,0.0,5.0,673.0,254.0,0.0,0.0,0.0,5.0,705.0,254.0,0.0,0.0,0.0,5.0,737.0,254.0,0.0,0.0,0.0,1.0,1610613000.0,4.0,1677787408.0,1677787664.0,1677787920.0,1677788176.0,4.0,1677788432.0,1677788688.0,1677788944.0,1677789200.0,4.0,1677789456.0,1677789712.0,1677789968.0,1677790224.0,4.0,1342177544.0,1342177800.0,1342178056.0,1342178312.0,8.0,1342243080.0,1342243336.0,1342243592.0,1342243848.0,1342244104.0,1342244360.0,1342244616.0,1342244872.0,4.0,1342308624.0,1342308880.0,1342309136.0,1342309392.0,4.0,1342374160.0,1342374416.0,1342374672.0,1342374928.0,4.0,1342375184.0,1342375440.0,1342375696.0,1342375952.0,8.0,1342439688.0,1342439944.0,1342440200.0,1342440456.0,1342440712.0,1342440968.0,1342441224.0,1342441480.0,5.0,0.0,0.0,0.0,0.0,0.0,8.0,51.0,51.0,51.0,51.0,17.0,17.0,17.0,17.0,16.0,100.0,100.0,100.0,100.0,100.0,100.0,100.0,100.0,100.0,100.0,100.0,100.0,100.0,100.0,100.0,100.0,2.0,0.0,0.0,2.0,0.0,0.0,4.0,80.0,244.0,0.0,0.0,8.0,0.0,252.0,1.0,0.0,221.0,221.0,245.0,0.0,5.0,145.0,1770.0,2.0,7.0,1.0,8.0,935.0,0.0,0.0,0.0,0.0,0.0,0.0,0.0,8.0,15.0,0.0,0.0,0.0,224.0,0.0,0.0,0.0,1.0,0.0,3.0,0.0,0.0,255.0,12.0,0.0,0.0,0.0,0.0,0.0,0.0,0.0,0.0,0.0,0.0,0.0,0.0,8.0,500.0,0.0,0.0,0.0,0.0,0.0,0.0,0.0,12.0,50.0,50.0,50.0,50.0,50.0,50.0,50.0,50.0,50.0,50.0,50.0,50.0,0.0,0.0,0.0,983441.0,0.0,340441200.0,34044201.0,1.15,129.0,0.0,2000.0,64.0,0.0,64.0,0.0,0.0,0.0,0.0,0.0,0.0,0.0,0.0,0.0,0.0,0.0,0.0,0.0,0.0,0.0,0.0,0.0,0.0,0.0,0.0,0.0,0.0,0.0,0.0,1.0,0.0,0.0,0.0,0.0,0.0,0.0,0.0,0.0,0.0,0.0,0.0,0.0,0.0,0.0,0.0,0.0,0.0,0.0,0.0,0.0,0.0,0.0,0.0,1.0,0.0,1.0,0.0,0.0,0.0,0.0,0.0,0.0,0.0,0.0,0.0,0.0,0.0,0.0,0.0,0.0,0.0,0.0,0.0,0.0,0.0,0.0,0.0,0.0,0.0,1.7,0.0,0.0,0.0,0.0,0.0,0.0,0.0,0.0,0.0,0.0,0.0,
215,0.0,0.0,0.0,0.0,0.0,0.0,3.0,1.0,1.0,1.0,3.0,1.0,1.0,1.0,0.0,0.0,0.0,4.0,1275.0,3408961.0,65554.0,0.0,2.0,1537.0,1409.0,5.0,513.0,255.0,0.0,0.0,0.0,5.0,769.0,255.0,0.0,0.0,0.0,5.0,1025.0,255.0,0.0,0.0,0.0,3.0,1644167432.0,1644167688.0,1644167944.0,4.0,1678835984.0,1678836240.0,1678836496.0,1678836752.0,4.0,1678837008.0,1678837264.0,1678837520.0,1678837776.0,5.0,385.0,255.0,0.0,0.0,0.0,5.0,641.0,255.0,0.0,0.0,0.0,5.0,897.0,255.0,0.0,0.0,0.0,5.0,1153.0,255.0,0.0,0.0,0.0,5.0,417.0,254.0,0.0,0.0,0.0,5.0,449.0,254.0,0.0,0.0,0.0,5.0,481.0,254.0,0.0,0.0,0.0,5.0,673.0,254.0,0.0,0.0,0.0,5.0,705.0,254.0,0.0,0.0,0.0,5.0,737.0,254.0,0.0,0.0,0.0,1.0,1610613000.0,4.0,1677787408.0,1677787664.0,1677787920.0,1677788176.0,4.0,1677788432.0,1677788688.0,1677788944.0,1677789200.0,4.0,1677789456.0,1677789712.0,1677789968.0,1677790224.0,4.0,1342177544.0,1342177800.0,1342178056.0,1342178312.0,8.0,1342243080.0,1342243336.0,1342243592.0,1342243848.0,1342244104.0,1342244360.0,1342244616.0,1342244872.0,4.0,1342308624.0,1342308880.0,1342309136.0,1342309392.0,4.0,1342374160.0,1342374416.0,1342374672.0,1342374928.0,4.0,1342375184.0,1342375440.0,1342375696.0,1342375952.0,8.0,1342439688.0,1342439944.0,1342440200.0,1342440456.0,1342440712.0,1342440968.0,1342441224.0,1342441480.0,5.0,0.0,0.0,0.0,0.0,0.0,8.0,51.0,51.0,51.0,51.0,17.0,17.0,17.0,17.0,16.0,100.0,100.0,100.0,100.0,100.0,100.0,100.0,100.0,100.0,100.0,100.0,100.0,100.0,100.0,100.0,100.0,2.0,0.0,0.0,2.0,0.0,0.0,4.0,80.0,244.0,0.0,0.0,8.0,0.0,252.0,1.0,0.0,221.0,221.0,245.0,0.0,5.0,143.0,1764.0,2.0,7.0,1.0,8.0,1799.0,0.0,0.0,0.0,0.0,0.0,0.0,0.0,8.0,15.0,0.0,0.0,0.0,224.0,0.0,0.0,0.0,1.0,0.0,3.0,0.0,0.0,255.0,12.0,0.0,0.0,0.0,0.0,0.0,0.0,0.0,0.0,0.0,0.0,0.0,0.0,8.0,500.0,0.0,0.0,0.0,0.0,0.0,0.0,0.0,12.0,50.0,50.0,50.0,50.0,50.0,50.0,50.0,50.0,50.0,50.0,50.0,50.0,0.0,0.0,0.0,983441.0,0.0,340441200.0,34044201.0,1.15,129.0,0.0,2000.0,64.0,0.0,64.0,0.0,0.0,0.0,0.0,0.0,0.0,0.0,0.0,0.0,0.0,0.0,0.0,0.0,0.0,0.0,0.0,0.0,0.0,0.0,0.0,0.0,0.0,0.0,0.0,1.0,0.0,0.0,0.0,0.0,0.0,0.0,0.0,0.0,0.0,0.0,0.0,0.0,0.0,0.0,0.0,0.0,0.0,0.0,0.0,0.0,0.0,0.0,0.0,1.0,0.0,1.0,0.0,0.0,0.0,0.0,0.0,0.0,0.0,0.0,0.0,0.0,0.0,0.0,0.0,0.0,0.0,0.0,0.0,0.0,0.0,0.0,0.0,0.0,0.0,1.702,0.0,0.0,0.0,0.0,0.0,0.0,0.0,0.0,0.0,0.0,0.0,
217,0.0,0.0,0.0,0.0,0.0,0.0,3.0,1.0,1.0,1.0,3.0,1.0,1.0,1.0,0.0,0.0,0.0,4.0,1275.0,3408961.0,65554.0,0.0,2.0,1537.0,1409.0,5.0,513.0,255.0,0.0,0.0,0.0,5.0,769.0,255.0,0.0,0.0,0.0,5.0,1025.0,255.0,0.0,0.0,0.0,3.0,1644167432.0,1644167688.0,1644167944.0,4.0,1678835984.0,1678836240.0,1678836496.0,1678836752.0,4.0,1678837008.0,1678837264.0,1678837520.0,1678837776.0,5.0,385.0,255.0,0.0,0.0,0.0,5.0,641.0,255.0,0.0,0.0,0.0,5.0,897.0,255.0,0.0,0.0,0.0,5.0,1153.0,255.0,0.0,0.0,0.0,5.0,417.0,254.0,0.0,0.0,0.0,5.0,449.0,254.0,0.0,0.0,0.0,5.0,481.0,254.0,0.0,0.0,0.0,5.0,673.0,254.0,0.0,0.0,0.0,5.0,705.0,254.0,0.0,0.0,0.0,5.0,737.0,254.0,0.0,0.0,0.0,1.0,1610613000.0,4.0,1677787408.0,1677787664.0,1677787920.0,1677788176.0,4.0,1677788432.0,1677788688.0,1677788944.0,1677789200.0,4.0,1677789456.0,1677789712.0,1677789968.0,1677790224.0,4.0,1342177544.0,1342177800.0,1342178056.0,1342178312.0,8.0,1342243080.0,1342243336.0,1342243592.0,1342243848.0,1342244104.0,1342244360.0,1342244616.0,1342244872.0,4.0,1342308624.0,1342308880.0,1342309136.0,1342309392.0,4.0,1342374160.0,1342374416.0,1342374672.0,1342374928.0,4.0,1342375184.0,1342375440.0,1342375696.0,1342375952.0,8.0,1342439688.0,1342439944.0,1342440200.0,1342440456.0,1342440712.0,1342440968.0,1342441224.0,1342441480.0,5.0,0.0,0.0,0.0,0.0,0.0,8.0,51.0,51.0,51.0,51.0,17.0,17.0,17.0,17.0,16.0,100.0,100.0,100.0,100.0,100.0,100.0,100.0,100.0,100.0,100.0,100.0,100.0,100.0,100.0,100.0,100.0,2.0,0.0,0.0,2.0,0.0,0.0,4.0,80.0,244.0,0.0,0.0,8.0,0.0,252.0,1.0,0.0,221.0,221.0,245.0,0.0,5.0,143.0,1764.0,2.0,7.0,1.0,8.0,1799.0,0.0,0.0,0.0,0.0,0.0,0.0,0.0,8.0,15.0,0.0,0.0,0.0,224.0,0.0,0.0,0.0,1.0,0.0,3.0,0.0,0.0,255.0,12.0,0.0,0.0,0.0,0.0,0.0,0.0,0.0,0.0,0.0,0.0,0.0,0.0,8.0,1000.0,0.0,0.0,0.0,0.0,0.0,0.0,0.0,12.0,50.0,50.0,50.0,50.0,50.0,50.0,50.0,50.0,50.0,50.0,50.0,50.0,0.0,0.0,0.0,983441.0,0.0,340441200.0,34044201.0,1.15,129.0,0.0,2000.0,64.0,0.0,64.0,0.0,0.0,0.0,0.0,0.0,0.0,0.0,0.0,0.0,0.0,0.0,0.0,0.0,0.0,0.0,0.0,0.0,0.0,0.0,0.0,0.0,0.0,0.0,0.0,1.0,0.0,0.0,0.0,0.0,0.0,0.0,0.0,0.0,0.0,0.0,0.0,0.0,0.0,0.0,0.0,0.0,0.0,0.0,0.0,0.0,0.0,0.0,0.0,1.0,0.0,1.0,0.0,0.0,0.0,0.0,0.0,0.0,0.0,0.0,0.0,0.0,0.0,0.0,0.0,0.0,0.0,0.0,0.0,0.0,0.0,0.0,0.0,0.0,0.0,3.325,0.0,0.0,0.0,0.0,0.0,0.0,0.0,0.0,0.0,0.0,0.0,
218,0.0,0.0,0.0,0.0,0.0,0.0,3.0,1.0,1.0,1.0,3.0,1.0,1.0,1.0,0.0,0.0,0.0,4.0,1275.0,3408961.0,65554.0,0.0,2.0,1537.0,1409.0,5.0,513.0,255.0,0.0,0.0,0.0,5.0,769.0,255.0,0.0,0.0,0.0,5.0,1025.0,255.0,0.0,0.0,0.0,3.0,1644167432.0,1644167688.0,1644167944.0,4.0,1678835984.0,1678836240.0,1678836496.0,1678836752.0,4.0,1678837008.0,1678837264.0,1678837520.0,1678837776.0,5.0,385.0,255.0,0.0,0.0,0.0,5.0,641.0,255.0,0.0,0.0,0.0,5.0,897.0,255.0,0.0,0.0,0.0,5.0,1153.0,255.0,0.0,0.0,0.0,5.0,417.0,254.0,0.0,0.0,0.0,5.0,449.0,254.0,0.0,0.0,0.0,5.0,481.0,254.0,0.0,0.0,0.0,5.0,673.0,254.0,0.0,0.0,0.0,5.0,705.0,254.0,0.0,0.0,0.0,5.0,737.0,254.0,0.0,0.0,0.0,1.0,1610613000.0,4.0,1677787408.0,1677787664.0,1677787920.0,1677788176.0,4.0,1677788432.0,1677788688.0,1677788944.0,1677789200.0,4.0,1677789456.0,1677789712.0,1677789968.0,1677790224.0,4.0,1342177544.0,1342177800.0,1342178056.0,1342178312.0,8.0,1342243080.0,1342243336.0,1342243592.0,1342243848.0,1342244104.0,1342244360.0,1342244616.0,1342244872.0,4.0,1342308624.0,1342308880.0,1342309136.0,1342309392.0,4.0,1342374160.0,1342374416.0,1342374672.0,1342374928.0,4.0,1342375184.0,1342375440.0,1342375696.0,1342375952.0,8.0,1342439688.0,1342439944.0,1342440200.0,1342440456.0,1342440712.0,1342440968.0,1342441224.0,1342441480.0,5.0,0.0,0.0,0.0,0.0,0.0,8.0,51.0,51.0,51.0,51.0,17.0,17.0,17.0,17.0,16.0,100.0,100.0,100.0,100.0,100.0,100.0,100.0,100.0,100.0,100.0,100.0,100.0,100.0,100.0,100.0,100.0,2.0,0.0,0.0,2.0,0.0,0.0,4.0,80.0,244.0,0.0,0.0,8.0,0.0,252.0,1.0,0.0,221.0,221.0,245.0,0.0,5.0,143.0,1770.0,2.0,7.0,1.0,8.0,3500.0,0.0,0.0,0.0,0.0,0.0,0.0,0.0,8.0,15.0,0.0,0.0,0.0,224.0,0.0,0.0,0.0,1.0,0.0,3.0,0.0,0.0,255.0,12.0,0.0,0.0,0.0,0.0,0.0,0.0,0.0,0.0,0.0,0.0,0.0,0.0,8.0,1000.0,0.0,0.0,0.0,0.0,0.0,0.0,0.0,12.0,50.0,50.0,50.0,50.0,50.0,50.0,50.0,50.0,50.0,50.0,50.0,50.0,0.0,0.0,0.0,983441.0,0.0,340441200.0,34044201.0,1.15,129.0,0.0,2000.0,64.0,0.0,64.0,0.0,0.0,0.0,0.0,0.0,0.0,0.0,0.0,0.0,0.0,0.0,0.0,0.0,0.0,0.0,0.0,0.0,0.0,0.0,0.0,0.0,0.0,0.0,0.0,1.0,0.0,0.0,0.0,0.0,0.0,0.0,0.0,0.0,0.0,0.0,0.0,0.0,0.0,0.0,0.0,0.0,0.0,0.0,0.0,0.0,0.0,0.0,0.0,1.0,0.0,1.0,0.0,0.0,0.0,0.0,0.0,0.0,0.0,0.0,0.0,0.0,0.0,0.0,0.0,0.0,0.0,0.0,0.0,0.0,0.0,0.0,0.0,0.0,0.0,3.327,0.0,0.0,0.0,0.0,0.0,0.0,0.0,0.0,0.0,0.0,0.0,
223,0.0,0.0,0.0,0.0,0.0,0.0,3.0,1.0,1.0,1.0,3.0,1.0,1.0,1.0,0.0,0.0,0.0,4.0,1275.0,3408961.0,65554.0,0.0,2.0,1537.0,1409.0,5.0,513.0,255.0,0.0,0.0,0.0,5.0,769.0,255.0,0.0,0.0,0.0,5.0,1025.0,255.0,0.0,0.0,0.0,3.0,1644167432.0,1644167688.0,1644167944.0,4.0,1678835984.0,1678836240.0,1678836496.0,1678836752.0,4.0,1678837008.0,1678837264.0,1678837520.0,1678837776.0,5.0,385.0,255.0,0.0,0.0,0.0,5.0,641.0,255.0,0.0,0.0,0.0,5.0,897.0,255.0,0.0,0.0,0.0,5.0,1153.0,255.0,0.0,0.0,0.0,5.0,417.0,254.0,0.0,0.0,0.0,5.0,449.0,254.0,0.0,0.0,0.0,5.0,481.0,254.0,0.0,0.0,0.0,5.0,673.0,254.0,0.0,0.0,0.0,5.0,705.0,254.0,0.0,0.0,0.0,5.0,737.0,254.0,0.0,0.0,0.0,1.0,1610613000.0,4.0,1677787408.0,1677787664.0,1677787920.0,1677788176.0,4.0,1677788432.0,1677788688.0,1677788944.0,1677789200.0,4.0,1677789456.0,1677789712.0,1677789968.0,1677790224.0,4.0,1342177544.0,1342177800.0,1342178056.0,1342178312.0,8.0,1342243080.0,1342243336.0,1342243592.0,1342243848.0,1342244104.0,1342244360.0,1342244616.0,1342244872.0,4.0,1342308624.0,1342308880.0,1342309136.0,1342309392.0,4.0,1342374160.0,1342374416.0,1342374672.0,1342374928.0,4.0,1342375184.0,1342375440.0,1342375696.0,1342375952.0,8.0,1342439688.0,1342439944.0,1342440200.0,1342440456.0,1342440712.0,1342440968.0,1342441224.0,1342441480.0,5.0,0.0,0.0,0.0,0.0,0.0,8.0,51.0,51.0,51.0,51.0,17.0,17.0,17.0,17.0,16.0,100.0,100.0,100.0,100.0,100.0,100.0,100.0,100.0,100.0,100.0,100.0,100.0,100.0,100.0,100.0,100.0,2.0,0.0,0.0,2.0,0.0,0.0,4.0,80.0,244.0,0.0,0.0,8.0,0.0,252.0,1.0,0.0,221.0,221.0,245.0,0.0,5.0,143.0,1770.0,2.0,7.0,1.0,8.0,3500.0,0.0,0.0,0.0,0.0,0.0,0.0,0.0,8.0,15.0,0.0,0.0,0.0,224.0,0.0,0.0,0.0,1.0,0.0,3.0,0.0,0.0,255.0,12.0,0.0,0.0,0.0,0.0,0.0,0.0,0.0,0.0,0.0,0.0,0.0,0.0,8.0,0.0,250.0,0.0,0.0,0.0,0.0,0.0,0.0,12.0,50.0,50.0,50.0,50.0,50.0,50.0,50.0,50.0,50.0,50.0,50.0,50.0,0.0,0.0,0.0,983441.0,0.0,340441200.0,34044201.0,1.15,129.0,0.0,2000.0,64.0,0.0,64.0,0.0,0.0,0.0,0.0,0.0,0.0,0.0,0.0,0.0,0.0,0.0,0.0,0.0,0.0,0.0,0.0,0.0,0.0,0.0,0.0,0.0,0.0,0.0,0.0,0.0,1.0,0.0,0.0,0.0,0.0,0.0,0.0,0.0,0.0,0.0,0.0,0.0,0.0,0.0,0.0,0.0,0.0,0.0,0.0,0.0,0.0,0.0,0.0,1.0,0.0,1.0,0.0,0.0,0.0,0.0,0.0,0.0,0.0,0.0,0.0,0.0,0.0,0.0,0.0,0.0,0.0,0.0,0.0,0.0,0.0,0.0,0.0,0.0,0.0,0.881,0.0,0.0,0.0,0.0,0.0,0.0,0.0,0.0,0.0,0.0,0.0,
224,0.0,0.0,0.0,0.0,0.0,0.0,3.0,1.0,1.0,1.0,3.0,1.0,1.0,1.0,0.0,0.0,0.0,4.0,1275.0,3408961.0,65554.0,0.0,2.0,1537.0,1409.0,5.0,513.0,255.0,0.0,0.0,0.0,5.0,769.0,255.0,0.0,0.0,0.0,5.0,1025.0,255.0,0.0,0.0,0.0,3.0,1644167432.0,1644167688.0,1644167944.0,4.0,1678835984.0,1678836240.0,1678836496.0,1678836752.0,4.0,1678837008.0,1678837264.0,1678837520.0,1678837776.0,5.0,385.0,255.0,0.0,0.0,0.0,5.0,641.0,255.0,0.0,0.0,0.0,5.0,897.0,255.0,0.0,0.0,0.0,5.0,1153.0,255.0,0.0,0.0,0.0,5.0,417.0,254.0,0.0,0.0,0.0,5.0,449.0,254.0,0.0,0.0,0.0,5.0,481.0,254.0,0.0,0.0,0.0,5.0,673.0,254.0,0.0,0.0,0.0,5.0,705.0,254.0,0.0,0.0,0.0,5.0,737.0,254.0,0.0,0.0,0.0,1.0,1610613000.0,4.0,1677787408.0,1677787664.0,1677787920.0,1677788176.0,4.0,1677788432.0,1677788688.0,1677788944.0,1677789200.0,4.0,1677789456.0,1677789712.0,1677789968.0,1677790224.0,4.0,1342177544.0,1342177800.0,1342178056.0,1342178312.0,8.0,1342243080.0,1342243336.0,1342243592.0,1342243848.0,1342244104.0,1342244360.0,1342244616.0,1342244872.0,4.0,1342308624.0,1342308880.0,1342309136.0,1342309392.0,4.0,1342374160.0,1342374416.0,1342374672.0,1342374928.0,4.0,1342375184.0,1342375440.0,1342375696.0,1342375952.0,8.0,1342439688.0,1342439944.0,1342440200.0,1342440456.0,1342440712.0,1342440968.0,1342441224.0,1342441480.0,5.0,0.0,0.0,0.0,0.0,0.0,8.0,51.0,51.0,51.0,51.0,17.0,17.0,17.0,17.0,16.0,100.0,100.0,100.0,100.0,100.0,100.0,100.0,100.0,100.0,100.0,100.0,100.0,100.0,100.0,100.0,100.0,2.0,0.0,0.0,2.0,0.0,0.0,4.0,80.0,244.0,0.0,0.0,8.0,0.0,252.0,4.0,0.0,221.0,221.0,245.0,0.0,5.0,145.0,1764.0,2.0,7.0,1.0,8.0,0.0,915.0,0.0,0.0,0.0,0.0,0.0,0.0,8.0,15.0,0.0,0.0,0.0,224.0,0.0,0.0,0.0,1.0,0.0,3.0,0.0,0.0,255.0,12.0,0.0,0.0,0.0,0.0,0.0,0.0,0.0,0.0,0.0,0.0,0.0,0.0,8.0,0.0,250.0,0.0,0.0,0.0,0.0,0.0,0.0,12.0,50.0,50.0,50.0,50.0,50.0,50.0,50.0,50.0,50.0,50.0,50.0,50.0,0.0,0.0,0.0,983441.0,0.0,340441200.0,34044201.0,1.15,129.0,0.0,2000.0,64.0,0.0,64.0,0.0,0.0,0.0,0.0,0.0,0.0,0.0,0.0,0.0,0.0,0.0,0.0,0.0,0.0,0.0,0.0,0.0,0.0,0.0,0.0,0.0,0.0,0.0,0.0,0.0,1.0,0.0,0.0,0.0,0.0,0.0,0.0,0.0,0.0,0.0,0.0,0.0,0.0,0.0,0.0,0.0,0.0,0.0,0.0,0.0,0.0,0.0,0.0,1.0,0.0,1.0,0.0,0.0,0.0,0.0,0.0,0.0,0.0,0.0,0.0,0.0,0.0,0.0,0.0,0.0,0.0,0.0,0.0,0.0,0.0,0.0,0.0,0.0,0.0,0.882,0.0,0.0,0.0,0.0,0.0,0.0,0.0,0.0,0.0,0.0,0.0,
226,0.0,0.0,0.0,0.0,0.0,0.0,3.0,1.0,1.0,1.0,3.0,1.0,1.0,1.0,0.0,0.0,0.0,4.0,1275.0,3408961.0,65554.0,0.0,2.0,1537.0,1409.0,5.0,513.0,255.0,0.0,0.0,0.0,5.0,769.0,255.0,0.0,0.0,0.0,5.0,1025.0,255.0,0.0,0.0,0.0,3.0,1644167432.0,1644167688.0,1644167944.0,4.0,1678835984.0,1678836240.0,1678836496.0,1678836752.0,4.0,1678837008.0,1678837264.0,1678837520.0,1678837776.0,5.0,385.0,255.0,0.0,0.0,0.0,5.0,641.0,255.0,0.0,0.0,0.0,5.0,897.0,255.0,0.0,0.0,0.0,5.0,1153.0,255.0,0.0,0.0,0.0,5.0,417.0,254.0,0.0,0.0,0.0,5.0,449.0,254.0,0.0,0.0,0.0,5.0,481.0,254.0,0.0,0.0,0.0,5.0,673.0,254.0,0.0,0.0,0.0,5.0,705.0,254.0,0.0,0.0,0.0,5.0,737.0,254.0,0.0,0.0,0.0,1.0,1610613000.0,4.0,1677787408.0,1677787664.0,1677787920.0,1677788176.0,4.0,1677788432.0,1677788688.0,1677788944.0,1677789200.0,4.0,1677789456.0,1677789712.0,1677789968.0,1677790224.0,4.0,1342177544.0,1342177800.0,1342178056.0,1342178312.0,8.0,1342243080.0,1342243336.0,1342243592.0,1342243848.0,1342244104.0,1342244360.0,1342244616.0,1342244872.0,4.0,1342308624.0,1342308880.0,1342309136.0,1342309392.0,4.0,1342374160.0,1342374416.0,1342374672.0,1342374928.0,4.0,1342375184.0,1342375440.0,1342375696.0,1342375952.0,8.0,1342439688.0,1342439944.0,1342440200.0,1342440456.0,1342440712.0,1342440968.0,1342441224.0,1342441480.0,5.0,0.0,0.0,0.0,0.0,0.0,8.0,51.0,51.0,51.0,51.0,17.0,17.0,17.0,17.0,16.0,100.0,100.0,100.0,100.0,100.0,100.0,100.0,100.0,100.0,100.0,100.0,100.0,100.0,100.0,100.0,100.0,2.0,0.0,0.0,2.0,0.0,0.0,4.0,80.0,244.0,0.0,0.0,8.0,0.0,252.0,4.0,0.0,221.0,221.0,245.0,0.0,5.0,145.0,1764.0,2.0,7.0,1.0,8.0,0.0,915.0,0.0,0.0,0.0,0.0,0.0,0.0,8.0,15.0,0.0,0.0,0.0,224.0,0.0,0.0,0.0,1.0,0.0,3.0,0.0,0.0,255.0,12.0,0.0,0.0,0.0,0.0,0.0,0.0,0.0,0.0,0.0,0.0,0.0,0.0,8.0,0.0,500.0,0.0,0.0,0.0,0.0,0.0,0.0,12.0,50.0,50.0,50.0,50.0,50.0,50.0,50.0,50.0,50.0,50.0,50.0,50.0,0.0,0.0,0.0,983441.0,0.0,340441200.0,34044201.0,1.15,129.0,0.0,2000.0,64.0,0.0,64.0,0.0,0.0,0.0,0.0,0.0,0.0,0.0,0.0,0.0,0.0,0.0,0.0,0.0,0.0,0.0,0.0,0.0,0.0,0.0,0.0,0.0,0.0,0.0,0.0,0.0,1.0,0.0,0.0,0.0,0.0,0.0,0.0,0.0,0.0,0.0,0.0,0.0,0.0,0.0,0.0,0.0,0.0,0.0,0.0,0.0,0.0,0.0,0.0,1.0,0.0,1.0,0.0,0.0,0.0,0.0,0.0,0.0,0.0,0.0,0.0,0.0,0.0,0.0,0.0,0.0,0.0,0.0,0.0,0.0,0.0,0.0,0.0,0.0,0.0,1.688,0.0,0.0,0.0,0.0,0.0,0.0,0.0,0.0,0.0,0.0,0.0,
227,0.0,0.0,0.0,0.0,0.0,0.0,3.0,1.0,1.0,1.0,3.0,1.0,1.0,1.0,0.0,0.0,0.0,4.0,1275.0,3408961.0,65554.0,0.0,2.0,1537.0,1409.0,5.0,513.0,255.0,0.0,0.0,0.0,5.0,769.0,255.0,0.0,0.0,0.0,5.0,1025.0,255.0,0.0,0.0,0.0,3.0,1644167432.0,1644167688.0,1644167944.0,4.0,1678835984.0,1678836240.0,1678836496.0,1678836752.0,4.0,1678837008.0,1678837264.0,1678837520.0,1678837776.0,5.0,385.0,255.0,0.0,0.0,0.0,5.0,641.0,255.0,0.0,0.0,0.0,5.0,897.0,255.0,0.0,0.0,0.0,5.0,1153.0,255.0,0.0,0.0,0.0,5.0,417.0,254.0,0.0,0.0,0.0,5.0,449.0,254.0,0.0,0.0,0.0,5.0,481.0,254.0,0.0,0.0,0.0,5.0,673.0,254.0,0.0,0.0,0.0,5.0,705.0,254.0,0.0,0.0,0.0,5.0,737.0,254.0,0.0,0.0,0.0,1.0,1610613000.0,4.0,1677787408.0,1677787664.0,1677787920.0,1677788176.0,4.0,1677788432.0,1677788688.0,1677788944.0,1677789200.0,4.0,1677789456.0,1677789712.0,1677789968.0,1677790224.0,4.0,1342177544.0,1342177800.0,1342178056.0,1342178312.0,8.0,1342243080.0,1342243336.0,1342243592.0,1342243848.0,1342244104.0,1342244360.0,1342244616.0,1342244872.0,4.0,1342308624.0,1342308880.0,1342309136.0,1342309392.0,4.0,1342374160.0,1342374416.0,1342374672.0,1342374928.0,4.0,1342375184.0,1342375440.0,1342375696.0,1342375952.0,8.0,1342439688.0,1342439944.0,1342440200.0,1342440456.0,1342440712.0,1342440968.0,1342441224.0,1342441480.0,5.0,0.0,0.0,0.0,0.0,0.0,8.0,51.0,51.0,51.0,51.0,17.0,17.0,17.0,17.0,16.0,100.0,100.0,100.0,100.0,100.0,100.0,100.0,100.0,100.0,100.0,100.0,100.0,100.0,100.0,100.0,100.0,2.0,0.0,0.0,2.0,0.0,0.0,4.0,80.0,244.0,0.0,0.0,8.0,0.0,252.0,4.0,0.0,221.0,221.0,245.0,0.0,5.0,143.0,1775.0,2.0,7.0,1.0,8.0,0.0,1760.0,0.0,0.0,0.0,0.0,0.0,0.0,8.0,15.0,0.0,0.0,0.0,224.0,0.0,0.0,0.0,1.0,0.0,3.0,0.0,0.0,255.0,12.0,0.0,0.0,0.0,0.0,0.0,0.0,0.0,0.0,0.0,0.0,0.0,0.0,8.0,0.0,500.0,0.0,0.0,0.0,0.0,0.0,0.0,12.0,50.0,50.0,50.0,50.0,50.0,50.0,50.0,50.0,50.0,50.0,50.0,50.0,0.0,0.0,0.0,983441.0,0.0,340441200.0,34044201.0,1.15,129.0,0.0,2000.0,64.0,0.0,64.0,0.0,0.0,0.0,0.0,0.0,0.0,0.0,0.0,0.0,0.0,0.0,0.0,0.0,0.0,0.0,0.0,0.0,0.0,0.0,0.0,0.0,0.0,0.0,0.0,0.0,1.0,0.0,0.0,0.0,0.0,0.0,0.0,0.0,0.0,0.0,0.0,0.0,0.0,0.0,0.0,0.0,0.0,0.0,0.0,0.0,0.0,0.0,0.0,1.0,0.0,1.0,0.0,0.0,0.0,0.0,0.0,0.0,0.0,0.0,0.0,0.0,0.0,0.0,0.0,0.0,0.0,0.0,0.0,0.0,0.0,0.0,0.0,0.0,0.0,1.69,0.0,0.0,0.0,0.0,0.0,0.0,0.0,0.0,0.0,0.0,0.0,
229,0.0,0.0,0.0,0.0,0.0,0.0,3.0,1.0,1.0,1.0,3.0,1.0,1.0,1.0,0.0,0.0,0.0,4.0,1275.0,3408961.0,65554.0,0.0,2.0,1537.0,1409.0,5.0,513.0,255.0,0.0,0.0,0.0,5.0,769.0,255.0,0.0,0.0,0.0,5.0,1025.0,255.0,0.0,0.0,0.0,3.0,1644167432.0,1644167688.0,1644167944.0,4.0,1678835984.0,1678836240.0,1678836496.0,1678836752.0,4.0,1678837008.0,1678837264.0,1678837520.0,1678837776.0,5.0,385.0,255.0,0.0,0.0,0.0,5.0,641.0,255.0,0.0,0.0,0.0,5.0,897.0,255.0,0.0,0.0,0.0,5.0,1153.0,255.0,0.0,0.0,0.0,5.0,417.0,254.0,0.0,0.0,0.0,5.0,449.0,254.0,0.0,0.0,0.0,5.0,481.0,254.0,0.0,0.0,0.0,5.0,673.0,254.0,0.0,0.0,0.0,5.0,705.0,254.0,0.0,0.0,0.0,5.0,737.0,254.0,0.0,0.0,0.0,1.0,1610613000.0,4.0,1677787408.0,1677787664.0,1677787920.0,1677788176.0,4.0,1677788432.0,1677788688.0,1677788944.0,1677789200.0,4.0,1677789456.0,1677789712.0,1677789968.0,1677790224.0,4.0,1342177544.0,1342177800.0,1342178056.0,1342178312.0,8.0,1342243080.0,1342243336.0,1342243592.0,1342243848.0,1342244104.0,1342244360.0,1342244616.0,1342244872.0,4.0,1342308624.0,1342308880.0,1342309136.0,1342309392.0,4.0,1342374160.0,1342374416.0,1342374672.0,1342374928.0,4.0,1342375184.0,1342375440.0,1342375696.0,1342375952.0,8.0,1342439688.0,1342439944.0,1342440200.0,1342440456.0,1342440712.0,1342440968.0,1342441224.0,1342441480.0,5.0,0.0,0.0,0.0,0.0,0.0,8.0,51.0,51.0,51.0,51.0,17.0,17.0,17.0,17.0,16.0,100.0,100.0,100.0,100.0,100.0,100.0,100.0,100.0,100.0,100.0,100.0,100.0,100.0,100.0,100.0,100.0,2.0,0.0,0.0,2.0,0.0,0.0,4.0,80.0,244.0,0.0,0.0,8.0,0.0,252.0,4.0,0.0,221.0,221.0,245.0,0.0,5.0,143.0,1775.0,2.0,7.0,1.0,8.0,0.0,1760.0,0.0,0.0,0.0,0.0,0.0,0.0,8.0,15.0,0.0,0.0,0.0,224.0,0.0,0.0,0.0,1.0,0.0,3.0,0.0,0.0,255.0,12.0,0.0,0.0,0.0,0.0,0.0,0.0,0.0,0.0,0.0,0.0,0.0,0.0,8.0,0.0,1000.0,0.0,0.0,0.0,0.0,0.0,0.0,12.0,50.0,50.0,50.0,50.0,50.0,50.0,50.0,50.0,50.0,50.0,50.0,50.0,0.0,0.0,0.0,983441.0,0.0,340441200.0,34044201.0,1.15,129.0,0.0,2000.0,64.0,0.0,64.0,0.0,0.0,0.0,0.0,0.0,0.0,0.0,0.0,0.0,0.0,0.0,0.0,0.0,0.0,0.0,0.0,0.0,0.0,0.0,0.0,0.0,0.0,0.0,0.0,0.0,1.0,0.0,0.0,0.0,0.0,0.0,0.0,0.0,0.0,0.0,0.0,0.0,0.0,0.0,0.0,0.0,0.0,0.0,0.0,0.0,0.0,0.0,0.0,1.0,0.0,1.0,0.0,0.0,0.0,0.0,0.0,0.0,0.0,0.0,0.0,0.0,0.0,0.0,0.0,0.0,0.0,0.0,0.0,0.0,0.0,0.0,0.0,0.0,0.0,3.3,0.0,0.0,0.0,0.0,0.0,0.0,0.0,0.0,0.0,0.0,0.0,
230,0.0,0.0,0.0,0.0,0.0,0.0,3.0,1.0,1.0,1.0,3.0,1.0,1.0,1.0,0.0,0.0,0.0,4.0,1275.0,3408961.0,65554.0,0.0,2.0,1537.0,1409.0,5.0,513.0,255.0,0.0,0.0,0.0,5.0,769.0,255.0,0.0,0.0,0.0,5.0,1025.0,255.0,0.0,0.0,0.0,3.0,1644167432.0,1644167688.0,1644167944.0,4.0,1678835984.0,1678836240.0,1678836496.0,1678836752.0,4.0,1678837008.0,1678837264.0,1678837520.0,1678837776.0,5.0,385.0,255.0,0.0,0.0,0.0,5.0,641.0,255.0,0.0,0.0,0.0,5.0,897.0,255.0,0.0,0.0,0.0,5.0,1153.0,255.0,0.0,0.0,0.0,5.0,417.0,254.0,0.0,0.0,0.0,5.0,449.0,254.0,0.0,0.0,0.0,5.0,481.0,254.0,0.0,0.0,0.0,5.0,673.0,254.0,0.0,0.0,0.0,5.0,705.0,254.0,0.0,0.0,0.0,5.0,737.0,254.0,0.0,0.0,0.0,1.0,1610613000.0,4.0,1677787408.0,1677787664.0,1677787920.0,1677788176.0,4.0,1677788432.0,1677788688.0,1677788944.0,1677789200.0,4.0,1677789456.0,1677789712.0,1677789968.0,1677790224.0,4.0,1342177544.0,1342177800.0,1342178056.0,1342178312.0,8.0,1342243080.0,1342243336.0,1342243592.0,1342243848.0,1342244104.0,1342244360.0,1342244616.0,1342244872.0,4.0,1342308624.0,1342308880.0,1342309136.0,1342309392.0,4.0,1342374160.0,1342374416.0,1342374672.0,1342374928.0,4.0,1342375184.0,1342375440.0,1342375696.0,1342375952.0,8.0,1342439688.0,1342439944.0,1342440200.0,1342440456.0,1342440712.0,1342440968.0,1342441224.0,1342441480.0,5.0,0.0,0.0,0.0,0.0,0.0,8.0,51.0,51.0,51.0,51.0,17.0,17.0,17.0,17.0,16.0,100.0,100.0,100.0,100.0,100.0,100.0,100.0,100.0,100.0,100.0,100.0,100.0,100.0,100.0,100.0,100.0,2.0,0.0,0.0,2.0,0.0,0.0,4.0,80.0,244.0,0.0,0.0,8.0,0.0,252.0,4.0,0.0,221.0,221.0,245.0,0.0,5.0,143.0,1770.0,2.0,7.0,1.0,8.0,0.0,3436.0,0.0,0.0,0.0,0.0,0.0,0.0,8.0,15.0,0.0,0.0,0.0,224.0,0.0,0.0,0.0,1.0,0.0,3.0,0.0,0.0,255.0,12.0,0.0,0.0,0.0,0.0,0.0,0.0,0.0,0.0,0.0,0.0,0.0,0.0,8.0,0.0,1000.0,0.0,0.0,0.0,0.0,0.0,0.0,12.0,50.0,50.0,50.0,50.0,50.0,50.0,50.0,50.0,50.0,50.0,50.0,50.0,0.0,0.0,0.0,983441.0,0.0,340441200.0,34044201.0,1.15,129.0,0.0,2000.0,64.0,0.0,64.0,0.0,0.0,0.0,0.0,0.0,0.0,0.0,0.0,0.0,0.0,0.0,0.0,0.0,0.0,0.0,0.0,0.0,0.0,0.0,0.0,0.0,0.0,0.0,0.0,0.0,1.0,0.0,0.0,0.0,0.0,0.0,0.0,0.0,0.0,0.0,0.0,0.0,0.0,0.0,0.0,0.0,0.0,0.0,0.0,0.0,0.0,0.0,0.0,1.0,0.0,1.0,0.0,0.0,0.0,0.0,0.0,0.0,0.0,0.0,0.0,0.0,0.0,0.0,0.0,0.0,0.0,0.0,0.0,0.0,0.0,0.0,0.0,0.0,0.0,3.303,0.0,0.0,0.0,0.0,0.0,0.0,0.0,0.0,0.0,0.0,0.0,
235,0.0,0.0,0.0,0.0,0.0,0.0,3.0,1.0,1.0,1.0,3.0,1.0,1.0,1.0,0.0,0.0,0.0,4.0,1275.0,3408961.0,65554.0,0.0,2.0,1537.0,1409.0,5.0,513.0,255.0,0.0,0.0,0.0,5.0,769.0,255.0,0.0,0.0,0.0,5.0,1025.0,255.0,0.0,0.0,0.0,3.0,1644167432.0,1644167688.0,1644167944.0,4.0,1678835984.0,1678836240.0,1678836496.0,1678836752.0,4.0,1678837008.0,1678837264.0,1678837520.0,1678837776.0,5.0,385.0,255.0,0.0,0.0,0.0,5.0,641.0,255.0,0.0,0.0,0.0,5.0,897.0,255.0,0.0,0.0,0.0,5.0,1153.0,255.0,0.0,0.0,0.0,5.0,417.0,254.0,0.0,0.0,0.0,5.0,449.0,254.0,0.0,0.0,0.0,5.0,481.0,254.0,0.0,0.0,0.0,5.0,673.0,254.0,0.0,0.0,0.0,5.0,705.0,254.0,0.0,0.0,0.0,5.0,737.0,254.0,0.0,0.0,0.0,1.0,1610613000.0,4.0,1677787408.0,1677787664.0,1677787920.0,1677788176.0,4.0,1677788432.0,1677788688.0,1677788944.0,1677789200.0,4.0,1677789456.0,1677789712.0,1677789968.0,1677790224.0,4.0,1342177544.0,1342177800.0,1342178056.0,1342178312.0,8.0,1342243080.0,1342243336.0,1342243592.0,1342243848.0,1342244104.0,1342244360.0,1342244616.0,1342244872.0,4.0,1342308624.0,1342308880.0,1342309136.0,1342309392.0,4.0,1342374160.0,1342374416.0,1342374672.0,1342374928.0,4.0,1342375184.0,1342375440.0,1342375696.0,1342375952.0,8.0,1342439688.0,1342439944.0,1342440200.0,1342440456.0,1342440712.0,1342440968.0,1342441224.0,1342441480.0,5.0,0.0,0.0,0.0,0.0,0.0,8.0,51.0,51.0,51.0,51.0,17.0,17.0,17.0,17.0,16.0,100.0,100.0,100.0,100.0,100.0,100.0,100.0,100.0,100.0,100.0,100.0,100.0,100.0,100.0,100.0,100.0,2.0,0.0,0.0,2.0,0.0,0.0,4.0,80.0,244.0,0.0,0.0,8.0,0.0,252.0,4.0,0.0,221.0,221.0,245.0,0.0,5.0,143.0,1770.0,2.0,7.0,1.0,8.0,0.0,3436.0,0.0,0.0,0.0,0.0,0.0,0.0,8.0,15.0,0.0,0.0,0.0,224.0,0.0,0.0,0.0,1.0,0.0,3.0,0.0,0.0,255.0,12.0,0.0,0.0,0.0,0.0,0.0,0.0,0.0,0.0,0.0,0.0,0.0,0.0,8.0,0.0,0.0,250.0,0.0,0.0,0.0,0.0,0.0,12.0,50.0,50.0,50.0,50.0,50.0,50.0,50.0,50.0,50.0,50.0,50.0,50.0,0.0,0.0,0.0,983441.0,0.0,340441200.0,34044201.0,1.15,129.0,0.0,2000.0,64.0,0.0,64.0,0.0,0.0,0.0,0.0,0.0,0.0,0.0,0.0,0.0,0.0,0.0,0.0,0.0,0.0,0.0,0.0,0.0,0.0,0.0,0.0,0.0,0.0,0.0,0.0,0.0,0.0,1.0,0.0,0.0,0.0,0.0,0.0,0.0,0.0,0.0,0.0,0.0,0.0,0.0,0.0,0.0,0.0,0.0,0.0,0.0,0.0,0.0,0.0,1.0,0.0,1.0,0.0,0.0,0.0,0.0,0.0,0.0,0.0,0.0,0.0,0.0,0.0,0.0,0.0,0.0,0.0,0.0,0.0,0.0,0.0,0.0,0.0,0.0,0.0,0.889,0.0,0.0,0.0,0.0,0.0,0.0,0.0,0.0,0.0,0.0,0.0,
236,0.0,0.0,0.0,0.0,0.0,0.0,3.0,1.0,1.0,1.0,3.0,1.0,1.0,1.0,0.0,0.0,0.0,4.0,1275.0,3408961.0,65554.0,0.0,2.0,1537.0,1409.0,5.0,513.0,255.0,0.0,0.0,0.0,5.0,769.0,255.0,0.0,0.0,0.0,5.0,1025.0,255.0,0.0,0.0,0.0,3.0,1644167432.0,1644167688.0,1644167944.0,4.0,1678835984.0,1678836240.0,1678836496.0,1678836752.0,4.0,1678837008.0,1678837264.0,1678837520.0,1678837776.0,5.0,385.0,255.0,0.0,0.0,0.0,5.0,641.0,255.0,0.0,0.0,0.0,5.0,897.0,255.0,0.0,0.0,0.0,5.0,1153.0,255.0,0.0,0.0,0.0,5.0,417.0,254.0,0.0,0.0,0.0,5.0,449.0,254.0,0.0,0.0,0.0,5.0,481.0,254.0,0.0,0.0,0.0,5.0,673.0,254.0,0.0,0.0,0.0,5.0,705.0,254.0,0.0,0.0,0.0,5.0,737.0,254.0,0.0,0.0,0.0,1.0,1610613000.0,4.0,1677787408.0,1677787664.0,1677787920.0,1677788176.0,4.0,1677788432.0,1677788688.0,1677788944.0,1677789200.0,4.0,1677789456.0,1677789712.0,1677789968.0,1677790224.0,4.0,1342177544.0,1342177800.0,1342178056.0,1342178312.0,8.0,1342243080.0,1342243336.0,1342243592.0,1342243848.0,1342244104.0,1342244360.0,1342244616.0,1342244872.0,4.0,1342308624.0,1342308880.0,1342309136.0,1342309392.0,4.0,1342374160.0,1342374416.0,1342374672.0,1342374928.0,4.0,1342375184.0,1342375440.0,1342375696.0,1342375952.0,8.0,1342439688.0,1342439944.0,1342440200.0,1342440456.0,1342440712.0,1342440968.0,1342441224.0,1342441480.0,5.0,0.0,0.0,0.0,0.0,0.0,8.0,51.0,51.0,51.0,51.0,17.0,17.0,17.0,17.0,16.0,100.0,100.0,100.0,100.0,100.0,100.0,100.0,100.0,100.0,100.0,100.0,100.0,100.0,100.0,100.0,100.0,2.0,0.0,0.0,2.0,0.0,0.0,4.0,80.0,244.0,0.0,0.0,8.0,0.0,252.0,16.0,0.0,221.0,221.0,245.0,0.0,5.0,145.0,1775.0,2.0,7.0,1.0,8.0,0.0,0.0,931.0,0.0,0.0,0.0,0.0,0.0,8.0,15.0,0.0,0.0,0.0,224.0,0.0,0.0,0.0,1.0,0.0,3.0,0.0,0.0,255.0,12.0,0.0,0.0,0.0,0.0,0.0,0.0,0.0,0.0,0.0,0.0,0.0,0.0,8.0,0.0,0.0,250.0,0.0,0.0,0.0,0.0,0.0,12.0,50.0,50.0,50.0,50.0,50.0,50.0,50.0,50.0,50.0,50.0,50.0,50.0,0.0,0.0,0.0,983441.0,0.0,340441200.0,34044201.0,1.15,129.0,0.0,2000.0,64.0,0.0,64.0,0.0,0.0,0.0,0.0,0.0,0.0,0.0,0.0,0.0,0.0,0.0,0.0,0.0,0.0,0.0,0.0,0.0,0.0,0.0,0.0,0.0,0.0,0.0,0.0,0.0,0.0,1.0,0.0,0.0,0.0,0.0,0.0,0.0,0.0,0.0,0.0,0.0,0.0,0.0,0.0,0.0,0.0,0.0,0.0,0.0,0.0,0.0,0.0,1.0,0.0,1.0,0.0,0.0,0.0,0.0,0.0,0.0,0.0,0.0,0.0,0.0,0.0,0.0,0.0,0.0,0.0,0.0,0.0,0.0,0.0,0.0,0.0,0.0,0.0,0.889,0.0,0.0,0.0,0.0,0.0,0.0,0.0,0.0,0.0,0.0,0.0,
238,0.0,0.0,0.0,0.0,0.0,0.0,3.0,1.0,1.0,1.0,3.0,1.0,1.0,1.0,0.0,0.0,0.0,4.0,1275.0,3408961.0,65554.0,0.0,2.0,1537.0,1409.0,5.0,513.0,255.0,0.0,0.0,0.0,5.0,769.0,255.0,0.0,0.0,0.0,5.0,1025.0,255.0,0.0,0.0,0.0,3.0,1644167432.0,1644167688.0,1644167944.0,4.0,1678835984.0,1678836240.0,1678836496.0,1678836752.0,4.0,1678837008.0,1678837264.0,1678837520.0,1678837776.0,5.0,385.0,255.0,0.0,0.0,0.0,5.0,641.0,255.0,0.0,0.0,0.0,5.0,897.0,255.0,0.0,0.0,0.0,5.0,1153.0,255.0,0.0,0.0,0.0,5.0,417.0,254.0,0.0,0.0,0.0,5.0,449.0,254.0,0.0,0.0,0.0,5.0,481.0,254.0,0.0,0.0,0.0,5.0,673.0,254.0,0.0,0.0,0.0,5.0,705.0,254.0,0.0,0.0,0.0,5.0,737.0,254.0,0.0,0.0,0.0,1.0,1610613000.0,4.0,1677787408.0,1677787664.0,1677787920.0,1677788176.0,4.0,1677788432.0,1677788688.0,1677788944.0,1677789200.0,4.0,1677789456.0,1677789712.0,1677789968.0,1677790224.0,4.0,1342177544.0,1342177800.0,1342178056.0,1342178312.0,8.0,1342243080.0,1342243336.0,1342243592.0,1342243848.0,1342244104.0,1342244360.0,1342244616.0,1342244872.0,4.0,1342308624.0,1342308880.0,1342309136.0,1342309392.0,4.0,1342374160.0,1342374416.0,1342374672.0,1342374928.0,4.0,1342375184.0,1342375440.0,1342375696.0,1342375952.0,8.0,1342439688.0,1342439944.0,1342440200.0,1342440456.0,1342440712.0,1342440968.0,1342441224.0,1342441480.0,5.0,0.0,0.0,0.0,0.0,0.0,8.0,51.0,51.0,51.0,51.0,17.0,17.0,17.0,17.0,16.0,100.0,100.0,100.0,100.0,100.0,100.0,100.0,100.0,100.0,100.0,100.0,100.0,100.0,100.0,100.0,100.0,2.0,0.0,0.0,2.0,0.0,0.0,4.0,80.0,244.0,0.0,0.0,8.0,0.0,252.0,16.0,0.0,221.0,221.0,245.0,0.0,5.0,145.0,1775.0,2.0,7.0,1.0,8.0,0.0,0.0,931.0,0.0,0.0,0.0,0.0,0.0,8.0,15.0,0.0,0.0,0.0,224.0,0.0,0.0,0.0,1.0,0.0,3.0,0.0,0.0,255.0,12.0,0.0,0.0,0.0,0.0,0.0,0.0,0.0,0.0,0.0,0.0,0.0,0.0,8.0,0.0,0.0,500.0,0.0,0.0,0.0,0.0,0.0,12.0,50.0,50.0,50.0,50.0,50.0,50.0,50.0,50.0,50.0,50.0,50.0,50.0,0.0,0.0,0.0,983441.0,0.0,340441200.0,34044201.0,1.15,129.0,0.0,2000.0,64.0,0.0,64.0,0.0,0.0,0.0,0.0,0.0,0.0,0.0,0.0,0.0,0.0,0.0,0.0,0.0,0.0,0.0,0.0,0.0,0.0,0.0,0.0,0.0,0.0,0.0,0.0,0.0,0.0,1.0,0.0,0.0,0.0,0.0,0.0,0.0,0.0,0.0,0.0,0.0,0.0,0.0,0.0,0.0,0.0,0.0,0.0,0.0,0.0,0.0,0.0,1.0,0.0,1.0,0.0,0.0,0.0,0.0,0.0,0.0,0.0,0.0,0.0,0.0,0.0,0.0,0.0,0.0,0.0,0.0,0.0,0.0,0.0,0.0,0.0,0.0,0.0,1.702,0.0,0.0,0.0,0.0,0.0,0.0,0.0,0.0,0.0,0.0,0.0,
239,0.0,0.0,0.0,0.0,0.0,0.0,3.0,1.0,1.0,1.0,3.0,1.0,1.0,1.0,0.0,0.0,0.0,4.0,1275.0,3408961.0,65554.0,0.0,2.0,1537.0,1409.0,5.0,513.0,255.0,0.0,0.0,0.0,5.0,769.0,255.0,0.0,0.0,0.0,5.0,1025.0,255.0,0.0,0.0,0.0,3.0,1644167432.0,1644167688.0,1644167944.0,4.0,1678835984.0,1678836240.0,1678836496.0,1678836752.0,4.0,1678837008.0,1678837264.0,1678837520.0,1678837776.0,5.0,385.0,255.0,0.0,0.0,0.0,5.0,641.0,255.0,0.0,0.0,0.0,5.0,897.0,255.0,0.0,0.0,0.0,5.0,1153.0,255.0,0.0,0.0,0.0,5.0,417.0,254.0,0.0,0.0,0.0,5.0,449.0,254.0,0.0,0.0,0.0,5.0,481.0,254.0,0.0,0.0,0.0,5.0,673.0,254.0,0.0,0.0,0.0,5.0,705.0,254.0,0.0,0.0,0.0,5.0,737.0,254.0,0.0,0.0,0.0,1.0,1610613000.0,4.0,1677787408.0,1677787664.0,1677787920.0,1677788176.0,4.0,1677788432.0,1677788688.0,1677788944.0,1677789200.0,4.0,1677789456.0,1677789712.0,1677789968.0,1677790224.0,4.0,1342177544.0,1342177800.0,1342178056.0,1342178312.0,8.0,1342243080.0,1342243336.0,1342243592.0,1342243848.0,1342244104.0,1342244360.0,1342244616.0,1342244872.0,4.0,1342308624.0,1342308880.0,1342309136.0,1342309392.0,4.0,1342374160.0,1342374416.0,1342374672.0,1342374928.0,4.0,1342375184.0,1342375440.0,1342375696.0,1342375952.0,8.0,1342439688.0,1342439944.0,1342440200.0,1342440456.0,1342440712.0,1342440968.0,1342441224.0,1342441480.0,5.0,0.0,0.0,0.0,0.0,0.0,8.0,51.0,51.0,51.0,51.0,17.0,17.0,17.0,17.0,16.0,100.0,100.0,100.0,100.0,100.0,100.0,100.0,100.0,100.0,100.0,100.0,100.0,100.0,100.0,100.0,100.0,2.0,0.0,0.0,2.0,0.0,0.0,4.0,80.0,244.0,0.0,0.0,8.0,0.0,252.0,16.0,0.0,221.0,221.0,245.0,0.0,5.0,145.0,1770.0,2.0,7.0,1.0,8.0,0.0,0.0,1795.0,0.0,0.0,0.0,0.0,0.0,8.0,15.0,0.0,0.0,0.0,224.0,0.0,0.0,0.0,1.0,0.0,3.0,0.0,0.0,255.0,12.0,0.0,0.0,0.0,0.0,0.0,0.0,0.0,0.0,0.0,0.0,0.0,0.0,8.0,0.0,0.0,500.0,0.0,0.0,0.0,0.0,0.0,12.0,50.0,50.0,50.0,50.0,50.0,50.0,50.0,50.0,50.0,50.0,50.0,50.0,0.0,0.0,0.0,983441.0,0.0,340441200.0,34044201.0,1.15,129.0,0.0,2000.0,64.0,0.0,64.0,0.0,0.0,0.0,0.0,0.0,0.0,0.0,0.0,0.0,0.0,0.0,0.0,0.0,0.0,0.0,0.0,0.0,0.0,0.0,0.0,0.0,0.0,0.0,0.0,0.0,0.0,1.0,0.0,0.0,0.0,0.0,0.0,0.0,0.0,0.0,0.0,0.0,0.0,0.0,0.0,0.0,0.0,0.0,0.0,0.0,0.0,0.0,0.0,1.0,0.0,1.0,0.0,0.0,0.0,0.0,0.0,0.0,0.0,0.0,0.0,0.0,0.0,0.0,0.0,0.0,0.0,0.0,0.0,0.0,0.0,0.0,0.0,0.0,0.0,1.703,0.0,0.0,0.0,0.0,0.0,0.0,0.0,0.0,0.0,0.0,0.0,
241,0.0,0.0,0.0,0.0,0.0,0.0,3.0,1.0,1.0,1.0,3.0,1.0,1.0,1.0,0.0,0.0,0.0,4.0,1275.0,3408961.0,65554.0,0.0,2.0,1537.0,1409.0,5.0,513.0,255.0,0.0,0.0,0.0,5.0,769.0,255.0,0.0,0.0,0.0,5.0,1025.0,255.0,0.0,0.0,0.0,3.0,1644167432.0,1644167688.0,1644167944.0,4.0,1678835984.0,1678836240.0,1678836496.0,1678836752.0,4.0,1678837008.0,1678837264.0,1678837520.0,1678837776.0,5.0,385.0,255.0,0.0,0.0,0.0,5.0,641.0,255.0,0.0,0.0,0.0,5.0,897.0,255.0,0.0,0.0,0.0,5.0,1153.0,255.0,0.0,0.0,0.0,5.0,417.0,254.0,0.0,0.0,0.0,5.0,449.0,254.0,0.0,0.0,0.0,5.0,481.0,254.0,0.0,0.0,0.0,5.0,673.0,254.0,0.0,0.0,0.0,5.0,705.0,254.0,0.0,0.0,0.0,5.0,737.0,254.0,0.0,0.0,0.0,1.0,1610613000.0,4.0,1677787408.0,1677787664.0,1677787920.0,1677788176.0,4.0,1677788432.0,1677788688.0,1677788944.0,1677789200.0,4.0,1677789456.0,1677789712.0,1677789968.0,1677790224.0,4.0,1342177544.0,1342177800.0,1342178056.0,1342178312.0,8.0,1342243080.0,1342243336.0,1342243592.0,1342243848.0,1342244104.0,1342244360.0,1342244616.0,1342244872.0,4.0,1342308624.0,1342308880.0,1342309136.0,1342309392.0,4.0,1342374160.0,1342374416.0,1342374672.0,1342374928.0,4.0,1342375184.0,1342375440.0,1342375696.0,1342375952.0,8.0,1342439688.0,1342439944.0,1342440200.0,1342440456.0,1342440712.0,1342440968.0,1342441224.0,1342441480.0,5.0,0.0,0.0,0.0,0.0,0.0,8.0,51.0,51.0,51.0,51.0,17.0,17.0,17.0,17.0,16.0,100.0,100.0,100.0,100.0,100.0,100.0,100.0,100.0,100.0,100.0,100.0,100.0,100.0,100.0,100.0,100.0,2.0,0.0,0.0,2.0,0.0,0.0,4.0,80.0,244.0,0.0,0.0,8.0,0.0,252.0,16.0,0.0,221.0,221.0,245.0,0.0,5.0,145.0,1770.0,2.0,7.0,1.0,8.0,0.0,0.0,1795.0,0.0,0.0,0.0,0.0,0.0,8.0,15.0,0.0,0.0,0.0,224.0,0.0,0.0,0.0,1.0,0.0,3.0,0.0,0.0,255.0,12.0,0.0,0.0,0.0,0.0,0.0,0.0,0.0,0.0,0.0,0.0,0.0,0.0,8.0,0.0,0.0,1000.0,0.0,0.0,0.0,0.0,0.0,12.0,50.0,50.0,50.0,50.0,50.0,50.0,50.0,50.0,50.0,50.0,50.0,50.0,0.0,0.0,0.0,983441.0,0.0,340441200.0,34044201.0,1.15,129.0,0.0,2000.0,64.0,0.0,64.0,0.0,0.0,0.0,0.0,0.0,0.0,0.0,0.0,0.0,0.0,0.0,0.0,0.0,0.0,0.0,0.0,0.0,0.0,0.0,0.0,0.0,0.0,0.0,0.0,0.0,0.0,1.0,0.0,0.0,0.0,0.0,0.0,0.0,0.0,0.0,0.0,0.0,0.0,0.0,0.0,0.0,0.0,0.0,0.0,0.0,0.0,0.0,0.0,1.0,0.0,1.0,0.0,0.0,0.0,0.0,0.0,0.0,0.0,0.0,0.0,0.0,0.0,0.0,0.0,0.0,0.0,0.0,0.0,0.0,0.0,0.0,0.0,0.0,0.0,3.326,0.0,0.0,0.0,0.0,0.0,0.0,0.0,0.0,0.0,0.0,0.0,
242,0.0,0.0,0.0,0.0,0.0,0.0,3.0,1.0,1.0,1.0,3.0,1.0,1.0,1.0,0.0,0.0,0.0,4.0,1275.0,3408961.0,65554.0,0.0,2.0,1537.0,1409.0,5.0,513.0,255.0,0.0,0.0,0.0,5.0,769.0,255.0,0.0,0.0,0.0,5.0,1025.0,255.0,0.0,0.0,0.0,3.0,1644167432.0,1644167688.0,1644167944.0,4.0,1678835984.0,1678836240.0,1678836496.0,1678836752.0,4.0,1678837008.0,1678837264.0,1678837520.0,1678837776.0,5.0,385.0,255.0,0.0,0.0,0.0,5.0,641.0,255.0,0.0,0.0,0.0,5.0,897.0,255.0,0.0,0.0,0.0,5.0,1153.0,255.0,0.0,0.0,0.0,5.0,417.0,254.0,0.0,0.0,0.0,5.0,449.0,254.0,0.0,0.0,0.0,5.0,481.0,254.0,0.0,0.0,0.0,5.0,673.0,254.0,0.0,0.0,0.0,5.0,705.0,254.0,0.0,0.0,0.0,5.0,737.0,254.0,0.0,0.0,0.0,1.0,1610613000.0,4.0,1677787408.0,1677787664.0,1677787920.0,1677788176.0,4.0,1677788432.0,1677788688.0,1677788944.0,1677789200.0,4.0,1677789456.0,1677789712.0,1677789968.0,1677790224.0,4.0,1342177544.0,1342177800.0,1342178056.0,1342178312.0,8.0,1342243080.0,1342243336.0,1342243592.0,1342243848.0,1342244104.0,1342244360.0,1342244616.0,1342244872.0,4.0,1342308624.0,1342308880.0,1342309136.0,1342309392.0,4.0,1342374160.0,1342374416.0,1342374672.0,1342374928.0,4.0,1342375184.0,1342375440.0,1342375696.0,1342375952.0,8.0,1342439688.0,1342439944.0,1342440200.0,1342440456.0,1342440712.0,1342440968.0,1342441224.0,1342441480.0,5.0,0.0,0.0,0.0,0.0,0.0,8.0,51.0,51.0,51.0,51.0,17.0,17.0,17.0,17.0,16.0,100.0,100.0,100.0,100.0,100.0,100.0,100.0,100.0,100.0,100.0,100.0,100.0,100.0,100.0,100.0,100.0,2.0,0.0,0.0,2.0,0.0,0.0,4.0,80.0,244.0,0.0,0.0,8.0,0.0,252.0,16.0,0.0,221.0,221.0,245.0,0.0,5.0,143.0,1770.0,2.0,7.0,1.0,8.0,0.0,0.0,3504.0,0.0,0.0,0.0,0.0,0.0,8.0,15.0,0.0,0.0,0.0,224.0,0.0,0.0,0.0,1.0,0.0,3.0,0.0,0.0,255.0,12.0,0.0,0.0,0.0,0.0,0.0,0.0,0.0,0.0,0.0,0.0,0.0,0.0,8.0,0.0,0.0,1000.0,0.0,0.0,0.0,0.0,0.0,12.0,50.0,50.0,50.0,50.0,50.0,50.0,50.0,50.0,50.0,50.0,50.0,50.0,0.0,0.0,0.0,983441.0,0.0,340441200.0,34044201.0,1.15,129.0,0.0,2000.0,64.0,0.0,64.0,0.0,0.0,0.0,0.0,0.0,0.0,0.0,0.0,0.0,0.0,0.0,0.0,0.0,0.0,0.0,0.0,0.0,0.0,0.0,0.0,0.0,0.0,0.0,0.0,0.0,0.0,1.0,0.0,0.0,0.0,0.0,0.0,0.0,0.0,0.0,0.0,0.0,0.0,0.0,0.0,0.0,0.0,0.0,0.0,0.0,0.0,0.0,0.0,1.0,0.0,1.0,0.0,0.0,0.0,0.0,0.0,0.0,0.0,0.0,0.0,0.0,0.0,0.0,0.0,0.0,0.0,0.0,0.0,0.0,0.0,0.0,0.0,0.0,0.0,3.327,0.0,0.0,0.0,0.0,0.0,0.0,0.0,0.0,0.0,0.0,0.0,
247,0.0,0.0,0.0,0.0,0.0,0.0,3.0,1.0,1.0,1.0,3.0,1.0,1.0,1.0,0.0,0.0,0.0,4.0,1275.0,3408961.0,65554.0,0.0,2.0,1537.0,1409.0,5.0,513.0,255.0,0.0,0.0,0.0,5.0,769.0,255.0,0.0,0.0,0.0,5.0,1025.0,255.0,0.0,0.0,0.0,3.0,1644167432.0,1644167688.0,1644167944.0,4.0,1678835984.0,1678836240.0,1678836496.0,1678836752.0,4.0,1678837008.0,1678837264.0,1678837520.0,1678837776.0,5.0,385.0,255.0,0.0,0.0,0.0,5.0,641.0,255.0,0.0,0.0,0.0,5.0,897.0,255.0,0.0,0.0,0.0,5.0,1153.0,255.0,0.0,0.0,0.0,5.0,417.0,254.0,0.0,0.0,0.0,5.0,449.0,254.0,0.0,0.0,0.0,5.0,481.0,254.0,0.0,0.0,0.0,5.0,673.0,254.0,0.0,0.0,0.0,5.0,705.0,254.0,0.0,0.0,0.0,5.0,737.0,254.0,0.0,0.0,0.0,1.0,1610613000.0,4.0,1677787408.0,1677787664.0,1677787920.0,1677788176.0,4.0,1677788432.0,1677788688.0,1677788944.0,1677789200.0,4.0,1677789456.0,1677789712.0,1677789968.0,1677790224.0,4.0,1342177544.0,1342177800.0,1342178056.0,1342178312.0,8.0,1342243080.0,1342243336.0,1342243592.0,1342243848.0,1342244104.0,1342244360.0,1342244616.0,1342244872.0,4.0,1342308624.0,1342308880.0,1342309136.0,1342309392.0,4.0,1342374160.0,1342374416.0,1342374672.0,1342374928.0,4.0,1342375184.0,1342375440.0,1342375696.0,1342375952.0,8.0,1342439688.0,1342439944.0,1342440200.0,1342440456.0,1342440712.0,1342440968.0,1342441224.0,1342441480.0,5.0,0.0,0.0,0.0,0.0,0.0,8.0,51.0,51.0,51.0,51.0,17.0,17.0,17.0,17.0,16.0,100.0,100.0,100.0,100.0,100.0,100.0,100.0,100.0,100.0,100.0,100.0,100.0,100.0,100.0,100.0,100.0,2.0,0.0,0.0,2.0,0.0,0.0,4.0,80.0,244.0,0.0,0.0,8.0,0.0,252.0,16.0,0.0,221.0,221.0,245.0,0.0,5.0,143.0,1770.0,2.0,7.0,1.0,8.0,0.0,0.0,3504.0,0.0,0.0,0.0,0.0,0.0,8.0,15.0,0.0,0.0,0.0,224.0,0.0,0.0,0.0,1.0,0.0,3.0,0.0,0.0,255.0,12.0,0.0,0.0,0.0,0.0,0.0,0.0,0.0,0.0,0.0,0.0,0.0,0.0,8.0,0.0,0.0,0.0,250.0,0.0,0.0,0.0,0.0,12.0,50.0,50.0,50.0,50.0,50.0,50.0,50.0,50.0,50.0,50.0,50.0,50.0,0.0,0.0,0.0,983441.0,0.0,340441200.0,34044201.0,1.15,129.0,0.0,2000.0,64.0,0.0,64.0,0.0,0.0,0.0,0.0,0.0,0.0,0.0,0.0,0.0,0.0,0.0,0.0,0.0,0.0,0.0,0.0,0.0,0.0,0.0,0.0,0.0,0.0,0.0,0.0,0.0,0.0,0.0,1.0,0.0,0.0,0.0,0.0,0.0,0.0,0.0,0.0,0.0,0.0,0.0,0.0,0.0,0.0,0.0,0.0,0.0,0.0,0.0,0.0,1.0,0.0,1.0,0.0,0.0,0.0,0.0,0.0,0.0,0.0,0.0,0.0,0.0,0.0,0.0,0.0,0.0,0.0,0.0,0.0,0.0,0.0,0.0,0.0,0.0,0.0,0.886,0.0,0.0,0.0,0.0,0.0,0.0,0.0,0.0,0.0,0.0,0.0,
248,0.0,0.0,0.0,0.0,0.0,0.0,3.0,1.0,1.0,1.0,3.0,1.0,1.0,1.0,0.0,0.0,0.0,4.0,1275.0,3408961.0,65554.0,0.0,2.0,1537.0,1409.0,5.0,513.0,255.0,0.0,0.0,0.0,5.0,769.0,255.0,0.0,0.0,0.0,5.0,1025.0,255.0,0.0,0.0,0.0,3.0,1644167432.0,1644167688.0,1644167944.0,4.0,1678835984.0,1678836240.0,1678836496.0,1678836752.0,4.0,1678837008.0,1678837264.0,1678837520.0,1678837776.0,5.0,385.0,255.0,0.0,0.0,0.0,5.0,641.0,255.0,0.0,0.0,0.0,5.0,897.0,255.0,0.0,0.0,0.0,5.0,1153.0,255.0,0.0,0.0,0.0,5.0,417.0,254.0,0.0,0.0,0.0,5.0,449.0,254.0,0.0,0.0,0.0,5.0,481.0,254.0,0.0,0.0,0.0,5.0,673.0,254.0,0.0,0.0,0.0,5.0,705.0,254.0,0.0,0.0,0.0,5.0,737.0,254.0,0.0,0.0,0.0,1.0,1610613000.0,4.0,1677787408.0,1677787664.0,1677787920.0,1677788176.0,4.0,1677788432.0,1677788688.0,1677788944.0,1677789200.0,4.0,1677789456.0,1677789712.0,1677789968.0,1677790224.0,4.0,1342177544.0,1342177800.0,1342178056.0,1342178312.0,8.0,1342243080.0,1342243336.0,1342243592.0,1342243848.0,1342244104.0,1342244360.0,1342244616.0,1342244872.0,4.0,1342308624.0,1342308880.0,1342309136.0,1342309392.0,4.0,1342374160.0,1342374416.0,1342374672.0,1342374928.0,4.0,1342375184.0,1342375440.0,1342375696.0,1342375952.0,8.0,1342439688.0,1342439944.0,1342440200.0,1342440456.0,1342440712.0,1342440968.0,1342441224.0,1342441480.0,5.0,0.0,0.0,0.0,0.0,0.0,8.0,51.0,51.0,51.0,51.0,17.0,17.0,17.0,17.0,16.0,100.0,100.0,100.0,100.0,100.0,100.0,100.0,100.0,100.0,100.0,100.0,100.0,100.0,100.0,100.0,100.0,2.0,0.0,0.0,2.0,0.0,0.0,4.0,80.0,244.0,0.0,0.0,8.0,0.0,252.0,64.0,0.0,221.0,221.0,245.0,0.0,5.0,145.0,1764.0,2.0,7.0,1.0,8.0,0.0,0.0,0.0,919.0,0.0,0.0,0.0,0.0,8.0,15.0,0.0,0.0,0.0,224.0,0.0,0.0,0.0,1.0,0.0,3.0,0.0,0.0,255.0,12.0,0.0,0.0,0.0,0.0,0.0,0.0,0.0,0.0,0.0,0.0,0.0,0.0,8.0,0.0,0.0,0.0,250.0,0.0,0.0,0.0,0.0,12.0,50.0,50.0,50.0,50.0,50.0,50.0,50.0,50.0,50.0,50.0,50.0,50.0,0.0,0.0,0.0,983441.0,0.0,340441200.0,34044201.0,1.15,129.0,0.0,2000.0,64.0,0.0,64.0,0.0,0.0,0.0,0.0,0.0,0.0,0.0,0.0,0.0,0.0,0.0,0.0,0.0,0.0,0.0,0.0,0.0,0.0,0.0,0.0,0.0,0.0,0.0,0.0,0.0,0.0,0.0,1.0,0.0,0.0,0.0,0.0,0.0,0.0,0.0,0.0,0.0,0.0,0.0,0.0,0.0,0.0,0.0,0.0,0.0,0.0,0.0,0.0,1.0,0.0,1.0,0.0,0.0,0.0,0.0,0.0,0.0,0.0,0.0,0.0,0.0,0.0,0.0,0.0,0.0,0.0,0.0,0.0,0.0,0.0,0.0,0.0,0.0,0.0,0.888,0.0,0.0,0.0,0.0,0.0,0.0,0.0,0.0,0.0,0.0,0.0,
250,0.0,0.0,0.0,0.0,0.0,0.0,3.0,1.0,1.0,1.0,3.0,1.0,1.0,1.0,0.0,0.0,0.0,4.0,1275.0,3408961.0,65554.0,0.0,2.0,1537.0,1409.0,5.0,513.0,255.0,0.0,0.0,0.0,5.0,769.0,255.0,0.0,0.0,0.0,5.0,1025.0,255.0,0.0,0.0,0.0,3.0,1644167432.0,1644167688.0,1644167944.0,4.0,1678835984.0,1678836240.0,1678836496.0,1678836752.0,4.0,1678837008.0,1678837264.0,1678837520.0,1678837776.0,5.0,385.0,255.0,0.0,0.0,0.0,5.0,641.0,255.0,0.0,0.0,0.0,5.0,897.0,255.0,0.0,0.0,0.0,5.0,1153.0,255.0,0.0,0.0,0.0,5.0,417.0,254.0,0.0,0.0,0.0,5.0,449.0,254.0,0.0,0.0,0.0,5.0,481.0,254.0,0.0,0.0,0.0,5.0,673.0,254.0,0.0,0.0,0.0,5.0,705.0,254.0,0.0,0.0,0.0,5.0,737.0,254.0,0.0,0.0,0.0,1.0,1610613000.0,4.0,1677787408.0,1677787664.0,1677787920.0,1677788176.0,4.0,1677788432.0,1677788688.0,1677788944.0,1677789200.0,4.0,1677789456.0,1677789712.0,1677789968.0,1677790224.0,4.0,1342177544.0,1342177800.0,1342178056.0,1342178312.0,8.0,1342243080.0,1342243336.0,1342243592.0,1342243848.0,1342244104.0,1342244360.0,1342244616.0,1342244872.0,4.0,1342308624.0,1342308880.0,1342309136.0,1342309392.0,4.0,1342374160.0,1342374416.0,1342374672.0,1342374928.0,4.0,1342375184.0,1342375440.0,1342375696.0,1342375952.0,8.0,1342439688.0,1342439944.0,1342440200.0,1342440456.0,1342440712.0,1342440968.0,1342441224.0,1342441480.0,5.0,0.0,0.0,0.0,0.0,0.0,8.0,51.0,51.0,51.0,51.0,17.0,17.0,17.0,17.0,16.0,100.0,100.0,100.0,100.0,100.0,100.0,100.0,100.0,100.0,100.0,100.0,100.0,100.0,100.0,100.0,100.0,2.0,0.0,0.0,2.0,0.0,0.0,4.0,80.0,244.0,0.0,0.0,8.0,0.0,252.0,64.0,0.0,221.0,221.0,245.0,0.0,5.0,145.0,1764.0,2.0,7.0,1.0,8.0,0.0,0.0,0.0,919.0,0.0,0.0,0.0,0.0,8.0,15.0,0.0,0.0,0.0,224.0,0.0,0.0,0.0,1.0,0.0,3.0,0.0,0.0,255.0,12.0,0.0,0.0,0.0,0.0,0.0,0.0,0.0,0.0,0.0,0.0,0.0,0.0,8.0,0.0,0.0,0.0,500.0,0.0,0.0,0.0,0.0,12.0,50.0,50.0,50.0,50.0,50.0,50.0,50.0,50.0,50.0,50.0,50.0,50.0,0.0,0.0,0.0,983441.0,0.0,340441200.0,34044201.0,1.15,129.0,0.0,2000.0,64.0,0.0,64.0,0.0,0.0,0.0,0.0,0.0,0.0,0.0,0.0,0.0,0.0,0.0,0.0,0.0,0.0,0.0,0.0,0.0,0.0,0.0,0.0,0.0,0.0,0.0,0.0,0.0,0.0,0.0,1.0,0.0,0.0,0.0,0.0,0.0,0.0,0.0,0.0,0.0,0.0,0.0,0.0,0.0,0.0,0.0,0.0,0.0,0.0,0.0,0.0,1.0,0.0,1.0,0.0,0.0,0.0,0.0,0.0,0.0,0.0,0.0,0.0,0.0,0.0,0.0,0.0,0.0,0.0,0.0,0.0,0.0,0.0,0.0,0.0,0.0,0.0,1.7,0.0,0.0,0.0,0.0,0.0,0.0,0.0,0.0,0.0,0.0,0.0,
251,0.0,0.0,0.0,0.0,0.0,0.0,3.0,1.0,1.0,1.0,3.0,1.0,1.0,1.0,0.0,0.0,0.0,4.0,1275.0,3408961.0,65554.0,0.0,2.0,1537.0,1409.0,5.0,513.0,255.0,0.0,0.0,0.0,5.0,769.0,255.0,0.0,0.0,0.0,5.0,1025.0,255.0,0.0,0.0,0.0,3.0,1644167432.0,1644167688.0,1644167944.0,4.0,1678835984.0,1678836240.0,1678836496.0,1678836752.0,4.0,1678837008.0,1678837264.0,1678837520.0,1678837776.0,5.0,385.0,255.0,0.0,0.0,0.0,5.0,641.0,255.0,0.0,0.0,0.0,5.0,897.0,255.0,0.0,0.0,0.0,5.0,1153.0,255.0,0.0,0.0,0.0,5.0,417.0,254.0,0.0,0.0,0.0,5.0,449.0,254.0,0.0,0.0,0.0,5.0,481.0,254.0,0.0,0.0,0.0,5.0,673.0,254.0,0.0,0.0,0.0,5.0,705.0,254.0,0.0,0.0,0.0,5.0,737.0,254.0,0.0,0.0,0.0,1.0,1610613000.0,4.0,1677787408.0,1677787664.0,1677787920.0,1677788176.0,4.0,1677788432.0,1677788688.0,1677788944.0,1677789200.0,4.0,1677789456.0,1677789712.0,1677789968.0,1677790224.0,4.0,1342177544.0,1342177800.0,1342178056.0,1342178312.0,8.0,1342243080.0,1342243336.0,1342243592.0,1342243848.0,1342244104.0,1342244360.0,1342244616.0,1342244872.0,4.0,1342308624.0,1342308880.0,1342309136.0,1342309392.0,4.0,1342374160.0,1342374416.0,1342374672.0,1342374928.0,4.0,1342375184.0,1342375440.0,1342375696.0,1342375952.0,8.0,1342439688.0,1342439944.0,1342440200.0,1342440456.0,1342440712.0,1342440968.0,1342441224.0,1342441480.0,5.0,0.0,0.0,0.0,0.0,0.0,8.0,51.0,51.0,51.0,51.0,17.0,17.0,17.0,17.0,16.0,100.0,100.0,100.0,100.0,100.0,100.0,100.0,100.0,100.0,100.0,100.0,100.0,100.0,100.0,100.0,100.0,2.0,0.0,0.0,2.0,0.0,0.0,4.0,80.0,244.0,0.0,0.0,8.0,0.0,252.0,64.0,0.0,221.0,221.0,245.0,0.0,5.0,143.0,1770.0,2.0,7.0,1.0,8.0,0.0,0.0,0.0,1760.0,0.0,0.0,0.0,0.0,8.0,15.0,0.0,0.0,0.0,224.0,0.0,0.0,0.0,1.0,0.0,3.0,0.0,0.0,255.0,12.0,0.0,0.0,0.0,0.0,0.0,0.0,0.0,0.0,0.0,0.0,0.0,0.0,8.0,0.0,0.0,0.0,500.0,0.0,0.0,0.0,0.0,12.0,50.0,50.0,50.0,50.0,50.0,50.0,50.0,50.0,50.0,50.0,50.0,50.0,0.0,0.0,0.0,983441.0,0.0,340441200.0,34044201.0,1.15,129.0,0.0,2000.0,64.0,0.0,64.0,0.0,0.0,0.0,0.0,0.0,0.0,0.0,0.0,0.0,0.0,0.0,0.0,0.0,0.0,0.0,0.0,0.0,0.0,0.0,0.0,0.0,0.0,0.0,0.0,0.0,0.0,0.0,1.0,0.0,0.0,0.0,0.0,0.0,0.0,0.0,0.0,0.0,0.0,0.0,0.0,0.0,0.0,0.0,0.0,0.0,0.0,0.0,0.0,1.0,0.0,1.0,0.0,0.0,0.0,0.0,0.0,0.0,0.0,0.0,0.0,0.0,0.0,0.0,0.0,0.0,0.0,0.0,0.0,0.0,0.0,0.0,0.0,0.0,0.0,1.701,0.0,0.0,0.0,0.0,0.0,0.0,0.0,0.0,0.0,0.0,0.0,
253,0.0,0.0,0.0,0.0,0.0,0.0,3.0,1.0,1.0,1.0,3.0,1.0,1.0,1.0,0.0,0.0,0.0,4.0,1275.0,3408961.0,65554.0,0.0,2.0,1537.0,1409.0,5.0,513.0,255.0,0.0,0.0,0.0,5.0,769.0,255.0,0.0,0.0,0.0,5.0,1025.0,255.0,0.0,0.0,0.0,3.0,1644167432.0,1644167688.0,1644167944.0,4.0,1678835984.0,1678836240.0,1678836496.0,1678836752.0,4.0,1678837008.0,1678837264.0,1678837520.0,1678837776.0,5.0,385.0,255.0,0.0,0.0,0.0,5.0,641.0,255.0,0.0,0.0,0.0,5.0,897.0,255.0,0.0,0.0,0.0,5.0,1153.0,255.0,0.0,0.0,0.0,5.0,417.0,254.0,0.0,0.0,0.0,5.0,449.0,254.0,0.0,0.0,0.0,5.0,481.0,254.0,0.0,0.0,0.0,5.0,673.0,254.0,0.0,0.0,0.0,5.0,705.0,254.0,0.0,0.0,0.0,5.0,737.0,254.0,0.0,0.0,0.0,1.0,1610613000.0,4.0,1677787408.0,1677787664.0,1677787920.0,1677788176.0,4.0,1677788432.0,1677788688.0,1677788944.0,1677789200.0,4.0,1677789456.0,1677789712.0,1677789968.0,1677790224.0,4.0,1342177544.0,1342177800.0,1342178056.0,1342178312.0,8.0,1342243080.0,1342243336.0,1342243592.0,1342243848.0,1342244104.0,1342244360.0,1342244616.0,1342244872.0,4.0,1342308624.0,1342308880.0,1342309136.0,1342309392.0,4.0,1342374160.0,1342374416.0,1342374672.0,1342374928.0,4.0,1342375184.0,1342375440.0,1342375696.0,1342375952.0,8.0,1342439688.0,1342439944.0,1342440200.0,1342440456.0,1342440712.0,1342440968.0,1342441224.0,1342441480.0,5.0,0.0,0.0,0.0,0.0,0.0,8.0,51.0,51.0,51.0,51.0,17.0,17.0,17.0,17.0,16.0,100.0,100.0,100.0,100.0,100.0,100.0,100.0,100.0,100.0,100.0,100.0,100.0,100.0,100.0,100.0,100.0,2.0,0.0,0.0,2.0,0.0,0.0,4.0,80.0,244.0,0.0,0.0,8.0,0.0,252.0,64.0,0.0,221.0,221.0,245.0,0.0,5.0,143.0,1770.0,2.0,7.0,1.0,8.0,0.0,0.0,0.0,1760.0,0.0,0.0,0.0,0.0,8.0,15.0,0.0,0.0,0.0,224.0,0.0,0.0,0.0,1.0,0.0,3.0,0.0,0.0,255.0,12.0,0.0,0.0,0.0,0.0,0.0,0.0,0.0,0.0,0.0,0.0,0.0,0.0,8.0,0.0,0.0,0.0,1000.0,0.0,0.0,0.0,0.0,12.0,50.0,50.0,50.0,50.0,50.0,50.0,50.0,50.0,50.0,50.0,50.0,50.0,0.0,0.0,0.0,983441.0,0.0,340441200.0,34044201.0,1.15,129.0,0.0,2000.0,64.0,0.0,64.0,0.0,0.0,0.0,0.0,0.0,0.0,0.0,0.0,0.0,0.0,0.0,0.0,0.0,0.0,0.0,0.0,0.0,0.0,0.0,0.0,0.0,0.0,0.0,0.0,0.0,0.0,0.0,1.0,0.0,0.0,0.0,0.0,0.0,0.0,0.0,0.0,0.0,0.0,0.0,0.0,0.0,0.0,0.0,0.0,0.0,0.0,0.0,0.0,1.0,0.0,1.0,0.0,0.0,0.0,0.0,0.0,0.0,0.0,0.0,0.0,0.0,0.0,0.0,0.0,0.0,0.0,0.0,0.0,0.0,0.0,0.0,0.0,0.0,0.0,3.323,0.0,0.0,0.0,0.0,0.0,0.0,0.0,0.0,0.0,0.0,0.0,
254,0.0,0.0,0.0,0.0,0.0,0.0,3.0,1.0,1.0,1.0,3.0,1.0,1.0,1.0,0.0,0.0,0.0,4.0,1275.0,3408961.0,65554.0,0.0,2.0,1537.0,1409.0,5.0,513.0,255.0,0.0,0.0,0.0,5.0,769.0,255.0,0.0,0.0,0.0,5.0,1025.0,255.0,0.0,0.0,0.0,3.0,1644167432.0,1644167688.0,1644167944.0,4.0,1678835984.0,1678836240.0,1678836496.0,1678836752.0,4.0,1678837008.0,1678837264.0,1678837520.0,1678837776.0,5.0,385.0,255.0,0.0,0.0,0.0,5.0,641.0,255.0,0.0,0.0,0.0,5.0,897.0,255.0,0.0,0.0,0.0,5.0,1153.0,255.0,0.0,0.0,0.0,5.0,417.0,254.0,0.0,0.0,0.0,5.0,449.0,254.0,0.0,0.0,0.0,5.0,481.0,254.0,0.0,0.0,0.0,5.0,673.0,254.0,0.0,0.0,0.0,5.0,705.0,254.0,0.0,0.0,0.0,5.0,737.0,254.0,0.0,0.0,0.0,1.0,1610613000.0,4.0,1677787408.0,1677787664.0,1677787920.0,1677788176.0,4.0,1677788432.0,1677788688.0,1677788944.0,1677789200.0,4.0,1677789456.0,1677789712.0,1677789968.0,1677790224.0,4.0,1342177544.0,1342177800.0,1342178056.0,1342178312.0,8.0,1342243080.0,1342243336.0,1342243592.0,1342243848.0,1342244104.0,1342244360.0,1342244616.0,1342244872.0,4.0,1342308624.0,1342308880.0,1342309136.0,1342309392.0,4.0,1342374160.0,1342374416.0,1342374672.0,1342374928.0,4.0,1342375184.0,1342375440.0,1342375696.0,1342375952.0,8.0,1342439688.0,1342439944.0,1342440200.0,1342440456.0,1342440712.0,1342440968.0,1342441224.0,1342441480.0,5.0,0.0,0.0,0.0,0.0,0.0,8.0,51.0,51.0,51.0,51.0,17.0,17.0,17.0,17.0,16.0,100.0,100.0,100.0,100.0,100.0,100.0,100.0,100.0,100.0,100.0,100.0,100.0,100.0,100.0,100.0,100.0,2.0,0.0,0.0,2.0,0.0,0.0,4.0,80.0,244.0,0.0,0.0,8.0,0.0,252.0,64.0,0.0,221.0,221.0,245.0,0.0,5.0,143.0,1770.0,2.0,7.0,1.0,8.0,0.0,0.0,0.0,3428.0,0.0,0.0,0.0,0.0,8.0,15.0,0.0,0.0,0.0,224.0,0.0,0.0,0.0,1.0,0.0,3.0,0.0,0.0,255.0,12.0,0.0,0.0,0.0,0.0,0.0,0.0,0.0,0.0,0.0,0.0,0.0,0.0,8.0,0.0,0.0,0.0,1000.0,0.0,0.0,0.0,0.0,12.0,50.0,50.0,50.0,50.0,50.0,50.0,50.0,50.0,50.0,50.0,50.0,50.0,0.0,0.0,0.0,983441.0,0.0,340441200.0,34044201.0,1.15,129.0,0.0,2000.0,64.0,0.0,64.0,0.0,0.0,0.0,0.0,0.0,0.0,0.0,0.0,0.0,0.0,0.0,0.0,0.0,0.0,0.0,0.0,0.0,0.0,0.0,0.0,0.0,0.0,0.0,0.0,0.0,0.0,0.0,1.0,0.0,0.0,0.0,0.0,0.0,0.0,0.0,0.0,0.0,0.0,0.0,0.0,0.0,0.0,0.0,0.0,0.0,0.0,0.0,0.0,1.0,0.0,1.0,0.0,0.0,0.0,0.0,0.0,0.0,0.0,0.0,0.0,0.0,0.0,0.0,0.0,0.0,0.0,0.0,0.0,0.0,0.0,0.0,0.0,0.0,0.0,3.324,0.0,0.0,0.0,0.0,0.0,0.0,0.0,0.0,0.0,0.0,0.0,
259,0.0,0.0,0.0,0.0,0.0,0.0,3.0,1.0,1.0,1.0,3.0,1.0,1.0,1.0,0.0,0.0,0.0,4.0,1275.0,3408961.0,65554.0,0.0,2.0,1537.0,1409.0,5.0,513.0,255.0,0.0,0.0,0.0,5.0,769.0,255.0,0.0,0.0,0.0,5.0,1025.0,255.0,0.0,0.0,0.0,3.0,1644167432.0,1644167688.0,1644167944.0,4.0,1678835984.0,1678836240.0,1678836496.0,1678836752.0,4.0,1678837008.0,1678837264.0,1678837520.0,1678837776.0,5.0,385.0,255.0,0.0,0.0,0.0,5.0,641.0,255.0,0.0,0.0,0.0,5.0,897.0,255.0,0.0,0.0,0.0,5.0,1153.0,255.0,0.0,0.0,0.0,5.0,417.0,254.0,0.0,0.0,0.0,5.0,449.0,254.0,0.0,0.0,0.0,5.0,481.0,254.0,0.0,0.0,0.0,5.0,673.0,254.0,0.0,0.0,0.0,5.0,705.0,254.0,0.0,0.0,0.0,5.0,737.0,254.0,0.0,0.0,0.0,1.0,1610613000.0,4.0,1677787408.0,1677787664.0,1677787920.0,1677788176.0,4.0,1677788432.0,1677788688.0,1677788944.0,1677789200.0,4.0,1677789456.0,1677789712.0,1677789968.0,1677790224.0,4.0,1342177544.0,1342177800.0,1342178056.0,1342178312.0,8.0,1342243080.0,1342243336.0,1342243592.0,1342243848.0,1342244104.0,1342244360.0,1342244616.0,1342244872.0,4.0,1342308624.0,1342308880.0,1342309136.0,1342309392.0,4.0,1342374160.0,1342374416.0,1342374672.0,1342374928.0,4.0,1342375184.0,1342375440.0,1342375696.0,1342375952.0,8.0,1342439688.0,1342439944.0,1342440200.0,1342440456.0,1342440712.0,1342440968.0,1342441224.0,1342441480.0,5.0,0.0,0.0,0.0,0.0,0.0,8.0,51.0,51.0,51.0,51.0,17.0,17.0,17.0,17.0,16.0,100.0,100.0,100.0,100.0,100.0,100.0,100.0,100.0,100.0,100.0,100.0,100.0,100.0,100.0,100.0,100.0,2.0,0.0,0.0,2.0,0.0,0.0,4.0,80.0,244.0,0.0,0.0,8.0,0.0,252.0,64.0,0.0,221.0,221.0,245.0,0.0,5.0,143.0,1770.0,2.0,7.0,1.0,8.0,0.0,0.0,0.0,3428.0,0.0,0.0,0.0,0.0,8.0,15.0,0.0,0.0,0.0,224.0,0.0,0.0,0.0,1.0,0.0,3.0,0.0,0.0,255.0,12.0,0.0,0.0,0.0,0.0,0.0,0.0,0.0,0.0,0.0,0.0,0.0,0.0,8.0,0.0,0.0,0.0,0.0,250.0,0.0,0.0,0.0,12.0,50.0,50.0,50.0,50.0,50.0,50.0,50.0,50.0,50.0,50.0,50.0,50.0,0.0,0.0,0.0,983441.0,0.0,340441200.0,34044201.0,1.15,129.0,0.0,2000.0,64.0,0.0,64.0,0.0,0.0,0.0,0.0,0.0,0.0,0.0,0.0,0.0,0.0,0.0,0.0,0.0,0.0,0.0,0.0,0.0,0.0,0.0,0.0,0.0,0.0,0.0,0.0,0.0,0.0,0.0,0.0,1.0,0.0,0.0,0.0,0.0,0.0,0.0,0.0,0.0,0.0,0.0,0.0,0.0,0.0,0.0,0.0,0.0,0.0,0.0,0.0,1.0,0.0,1.0,0.0,0.0,0.0,0.0,0.0,0.0,0.0,0.0,0.0,0.0,0.0,0.0,0.0,0.0,0.0,0.0,0.0,0.0,0.0,0.0,0.0,0.0,0.0,0.89,0.0,0.0,0.0,0.0,0.0,0.0,0.0,0.0,0.0,0.0,0.0,
260,0.0,0.0,0.0,0.0,0.0,0.0,3.0,1.0,1.0,1.0,3.0,1.0,1.0,1.0,0.0,0.0,0.0,4.0,1275.0,3408961.0,65554.0,0.0,2.0,1537.0,1409.0,5.0,513.0,255.0,0.0,0.0,0.0,5.0,769.0,255.0,0.0,0.0,0.0,5.0,1025.0,255.0,0.0,0.0,0.0,3.0,1644167432.0,1644167688.0,1644167944.0,4.0,1678835984.0,1678836240.0,1678836496.0,1678836752.0,4.0,1678837008.0,1678837264.0,1678837520.0,1678837776.0,5.0,385.0,255.0,0.0,0.0,0.0,5.0,641.0,255.0,0.0,0.0,0.0,5.0,897.0,255.0,0.0,0.0,0.0,5.0,1153.0,255.0,0.0,0.0,0.0,5.0,417.0,254.0,0.0,0.0,0.0,5.0,449.0,254.0,0.0,0.0,0.0,5.0,481.0,254.0,0.0,0.0,0.0,5.0,673.0,254.0,0.0,0.0,0.0,5.0,705.0,254.0,0.0,0.0,0.0,5.0,737.0,254.0,0.0,0.0,0.0,1.0,1610613000.0,4.0,1677787408.0,1677787664.0,1677787920.0,1677788176.0,4.0,1677788432.0,1677788688.0,1677788944.0,1677789200.0,4.0,1677789456.0,1677789712.0,1677789968.0,1677790224.0,4.0,1342177544.0,1342177800.0,1342178056.0,1342178312.0,8.0,1342243080.0,1342243336.0,1342243592.0,1342243848.0,1342244104.0,1342244360.0,1342244616.0,1342244872.0,4.0,1342308624.0,1342308880.0,1342309136.0,1342309392.0,4.0,1342374160.0,1342374416.0,1342374672.0,1342374928.0,4.0,1342375184.0,1342375440.0,1342375696.0,1342375952.0,8.0,1342439688.0,1342439944.0,1342440200.0,1342440456.0,1342440712.0,1342440968.0,1342441224.0,1342441480.0,5.0,0.0,0.0,0.0,0.0,0.0,8.0,51.0,51.0,51.0,51.0,17.0,17.0,17.0,17.0,16.0,100.0,100.0,100.0,100.0,100.0,100.0,100.0,100.0,100.0,100.0,100.0,100.0,100.0,100.0,100.0,100.0,2.0,0.0,0.0,2.0,0.0,0.0,4.0,80.0,244.0,0.0,0.0,8.0,0.0,252.0,0.0,1.0,221.0,221.0,245.0,0.0,5.0,145.0,1770.0,2.0,7.0,1.0,8.0,0.0,0.0,0.0,0.0,927.0,0.0,0.0,0.0,8.0,15.0,0.0,0.0,0.0,224.0,0.0,0.0,0.0,1.0,0.0,3.0,0.0,0.0,255.0,12.0,0.0,0.0,0.0,0.0,0.0,0.0,0.0,0.0,0.0,0.0,0.0,0.0,8.0,0.0,0.0,0.0,0.0,250.0,0.0,0.0,0.0,12.0,50.0,50.0,50.0,50.0,50.0,50.0,50.0,50.0,50.0,50.0,50.0,50.0,0.0,0.0,0.0,983441.0,0.0,340441200.0,34044201.0,1.15,129.0,0.0,2000.0,64.0,0.0,64.0,0.0,0.0,0.0,0.0,0.0,0.0,0.0,0.0,0.0,0.0,0.0,0.0,0.0,0.0,0.0,0.0,0.0,0.0,0.0,0.0,0.0,0.0,0.0,0.0,0.0,0.0,0.0,0.0,1.0,0.0,0.0,0.0,0.0,0.0,0.0,0.0,0.0,0.0,0.0,0.0,0.0,0.0,0.0,0.0,0.0,0.0,0.0,0.0,1.0,0.0,1.0,0.0,0.0,0.0,0.0,0.0,0.0,0.0,0.0,0.0,0.0,0.0,0.0,0.0,0.0,0.0,0.0,0.0,0.0,0.0,0.0,0.0,0.0,0.0,0.89,0.0,0.0,0.0,0.0,0.0,0.0,0.0,0.0,0.0,0.0,0.0,
262,0.0,0.0,0.0,0.0,0.0,0.0,3.0,1.0,1.0,1.0,3.0,1.0,1.0,1.0,0.0,0.0,0.0,4.0,1275.0,3408961.0,65554.0,0.0,2.0,1537.0,1409.0,5.0,513.0,255.0,0.0,0.0,0.0,5.0,769.0,255.0,0.0,0.0,0.0,5.0,1025.0,255.0,0.0,0.0,0.0,3.0,1644167432.0,1644167688.0,1644167944.0,4.0,1678835984.0,1678836240.0,1678836496.0,1678836752.0,4.0,1678837008.0,1678837264.0,1678837520.0,1678837776.0,5.0,385.0,255.0,0.0,0.0,0.0,5.0,641.0,255.0,0.0,0.0,0.0,5.0,897.0,255.0,0.0,0.0,0.0,5.0,1153.0,255.0,0.0,0.0,0.0,5.0,417.0,254.0,0.0,0.0,0.0,5.0,449.0,254.0,0.0,0.0,0.0,5.0,481.0,254.0,0.0,0.0,0.0,5.0,673.0,254.0,0.0,0.0,0.0,5.0,705.0,254.0,0.0,0.0,0.0,5.0,737.0,254.0,0.0,0.0,0.0,1.0,1610613000.0,4.0,1677787408.0,1677787664.0,1677787920.0,1677788176.0,4.0,1677788432.0,1677788688.0,1677788944.0,1677789200.0,4.0,1677789456.0,1677789712.0,1677789968.0,1677790224.0,4.0,1342177544.0,1342177800.0,1342178056.0,1342178312.0,8.0,1342243080.0,1342243336.0,1342243592.0,1342243848.0,1342244104.0,1342244360.0,1342244616.0,1342244872.0,4.0,1342308624.0,1342308880.0,1342309136.0,1342309392.0,4.0,1342374160.0,1342374416.0,1342374672.0,1342374928.0,4.0,1342375184.0,1342375440.0,1342375696.0,1342375952.0,8.0,1342439688.0,1342439944.0,1342440200.0,1342440456.0,1342440712.0,1342440968.0,1342441224.0,1342441480.0,5.0,0.0,0.0,0.0,0.0,0.0,8.0,51.0,51.0,51.0,51.0,17.0,17.0,17.0,17.0,16.0,100.0,100.0,100.0,100.0,100.0,100.0,100.0,100.0,100.0,100.0,100.0,100.0,100.0,100.0,100.0,100.0,2.0,0.0,0.0,2.0,0.0,0.0,4.0,80.0,244.0,0.0,0.0,8.0,0.0,252.0,0.0,1.0,221.0,221.0,245.0,0.0,5.0,145.0,1770.0,2.0,7.0,1.0,8.0,0.0,0.0,0.0,0.0,927.0,0.0,0.0,0.0,8.0,15.0,0.0,0.0,0.0,224.0,0.0,0.0,0.0,1.0,0.0,3.0,0.0,0.0,255.0,12.0,0.0,0.0,0.0,0.0,0.0,0.0,0.0,0.0,0.0,0.0,0.0,0.0,8.0,0.0,0.0,0.0,0.0,500.0,0.0,0.0,0.0,12.0,50.0,50.0,50.0,50.0,50.0,50.0,50.0,50.0,50.0,50.0,50.0,50.0,0.0,0.0,0.0,983441.0,0.0,340441200.0,34044201.0,1.15,129.0,0.0,2000.0,64.0,0.0,64.0,0.0,0.0,0.0,0.0,0.0,0.0,0.0,0.0,0.0,0.0,0.0,0.0,0.0,0.0,0.0,0.0,0.0,0.0,0.0,0.0,0.0,0.0,0.0,0.0,0.0,0.0,0.0,0.0,1.0,0.0,0.0,0.0,0.0,0.0,0.0,0.0,0.0,0.0,0.0,0.0,0.0,0.0,0.0,0.0,0.0,0.0,0.0,0.0,1.0,0.0,1.0,0.0,0.0,0.0,0.0,0.0,0.0,0.0,0.0,0.0,0.0,0.0,0.0,0.0,0.0,0.0,0.0,0.0,0.0,0.0,0.0,0.0,0.0,0.0,1.704,0.0,0.0,0.0,0.0,0.0,0.0,0.0,0.0,0.0,0.0,0.0,
263,0.0,0.0,0.0,0.0,0.0,0.0,3.0,1.0,1.0,1.0,3.0,1.0,1.0,1.0,0.0,0.0,0.0,4.0,1275.0,3408961.0,65554.0,0.0,2.0,1537.0,1409.0,5.0,513.0,255.0,0.0,0.0,0.0,5.0,769.0,255.0,0.0,0.0,0.0,5.0,1025.0,255.0,0.0,0.0,0.0,3.0,1644167432.0,1644167688.0,1644167944.0,4.0,1678835984.0,1678836240.0,1678836496.0,1678836752.0,4.0,1678837008.0,1678837264.0,1678837520.0,1678837776.0,5.0,385.0,255.0,0.0,0.0,0.0,5.0,641.0,255.0,0.0,0.0,0.0,5.0,897.0,255.0,0.0,0.0,0.0,5.0,1153.0,255.0,0.0,0.0,0.0,5.0,417.0,254.0,0.0,0.0,0.0,5.0,449.0,254.0,0.0,0.0,0.0,5.0,481.0,254.0,0.0,0.0,0.0,5.0,673.0,254.0,0.0,0.0,0.0,5.0,705.0,254.0,0.0,0.0,0.0,5.0,737.0,254.0,0.0,0.0,0.0,1.0,1610613000.0,4.0,1677787408.0,1677787664.0,1677787920.0,1677788176.0,4.0,1677788432.0,1677788688.0,1677788944.0,1677789200.0,4.0,1677789456.0,1677789712.0,1677789968.0,1677790224.0,4.0,1342177544.0,1342177800.0,1342178056.0,1342178312.0,8.0,1342243080.0,1342243336.0,1342243592.0,1342243848.0,1342244104.0,1342244360.0,1342244616.0,1342244872.0,4.0,1342308624.0,1342308880.0,1342309136.0,1342309392.0,4.0,1342374160.0,1342374416.0,1342374672.0,1342374928.0,4.0,1342375184.0,1342375440.0,1342375696.0,1342375952.0,8.0,1342439688.0,1342439944.0,1342440200.0,1342440456.0,1342440712.0,1342440968.0,1342441224.0,1342441480.0,5.0,0.0,0.0,0.0,0.0,0.0,8.0,51.0,51.0,51.0,51.0,17.0,17.0,17.0,17.0,16.0,100.0,100.0,100.0,100.0,100.0,100.0,100.0,100.0,100.0,100.0,100.0,100.0,100.0,100.0,100.0,100.0,2.0,0.0,0.0,2.0,0.0,0.0,4.0,80.0,244.0,0.0,0.0,8.0,0.0,252.0,0.0,1.0,221.0,221.0,245.0,0.0,5.0,143.0,1770.0,2.0,7.0,1.0,8.0,0.0,0.0,0.0,0.0,1783.0,0.0,0.0,0.0,8.0,15.0,0.0,0.0,0.0,224.0,0.0,0.0,0.0,1.0,0.0,3.0,0.0,0.0,255.0,12.0,0.0,0.0,0.0,0.0,0.0,0.0,0.0,0.0,0.0,0.0,0.0,0.0,8.0,0.0,0.0,0.0,0.0,500.0,0.0,0.0,0.0,12.0,50.0,50.0,50.0,50.0,50.0,50.0,50.0,50.0,50.0,50.0,50.0,50.0,0.0,0.0,0.0,983441.0,0.0,340441200.0,34044201.0,1.15,129.0,0.0,2000.0,64.0,0.0,64.0,0.0,0.0,0.0,0.0,0.0,0.0,0.0,0.0,0.0,0.0,0.0,0.0,0.0,0.0,0.0,0.0,0.0,0.0,0.0,0.0,0.0,0.0,0.0,0.0,0.0,0.0,0.0,0.0,1.0,0.0,0.0,0.0,0.0,0.0,0.0,0.0,0.0,0.0,0.0,0.0,0.0,0.0,0.0,0.0,0.0,0.0,0.0,0.0,1.0,0.0,1.0,0.0,0.0,0.0,0.0,0.0,0.0,0.0,0.0,0.0,0.0,0.0,0.0,0.0,0.0,0.0,0.0,0.0,0.0,0.0,0.0,0.0,0.0,0.0,1.705,0.0,0.0,0.0,0.0,0.0,0.0,0.0,0.0,0.0,0.0,0.0,
265,0.0,0.0,0.0,0.0,0.0,0.0,3.0,1.0,1.0,1.0,3.0,1.0,1.0,1.0,0.0,0.0,0.0,4.0,1275.0,3408961.0,65554.0,0.0,2.0,1537.0,1409.0,5.0,513.0,255.0,0.0,0.0,0.0,5.0,769.0,255.0,0.0,0.0,0.0,5.0,1025.0,255.0,0.0,0.0,0.0,3.0,1644167432.0,1644167688.0,1644167944.0,4.0,1678835984.0,1678836240.0,1678836496.0,1678836752.0,4.0,1678837008.0,1678837264.0,1678837520.0,1678837776.0,5.0,385.0,255.0,0.0,0.0,0.0,5.0,641.0,255.0,0.0,0.0,0.0,5.0,897.0,255.0,0.0,0.0,0.0,5.0,1153.0,255.0,0.0,0.0,0.0,5.0,417.0,254.0,0.0,0.0,0.0,5.0,449.0,254.0,0.0,0.0,0.0,5.0,481.0,254.0,0.0,0.0,0.0,5.0,673.0,254.0,0.0,0.0,0.0,5.0,705.0,254.0,0.0,0.0,0.0,5.0,737.0,254.0,0.0,0.0,0.0,1.0,1610613000.0,4.0,1677787408.0,1677787664.0,1677787920.0,1677788176.0,4.0,1677788432.0,1677788688.0,1677788944.0,1677789200.0,4.0,1677789456.0,1677789712.0,1677789968.0,1677790224.0,4.0,1342177544.0,1342177800.0,1342178056.0,1342178312.0,8.0,1342243080.0,1342243336.0,1342243592.0,1342243848.0,1342244104.0,1342244360.0,1342244616.0,1342244872.0,4.0,1342308624.0,1342308880.0,1342309136.0,1342309392.0,4.0,1342374160.0,1342374416.0,1342374672.0,1342374928.0,4.0,1342375184.0,1342375440.0,1342375696.0,1342375952.0,8.0,1342439688.0,1342439944.0,1342440200.0,1342440456.0,1342440712.0,1342440968.0,1342441224.0,1342441480.0,5.0,0.0,0.0,0.0,0.0,0.0,8.0,51.0,51.0,51.0,51.0,17.0,17.0,17.0,17.0,16.0,100.0,100.0,100.0,100.0,100.0,100.0,100.0,100.0,100.0,100.0,100.0,100.0,100.0,100.0,100.0,100.0,2.0,0.0,0.0,2.0,0.0,0.0,4.0,80.0,244.0,0.0,0.0,8.0,0.0,252.0,0.0,1.0,221.0,221.0,245.0,0.0,5.0,143.0,1770.0,2.0,7.0,1.0,8.0,0.0,0.0,0.0,0.0,1783.0,0.0,0.0,0.0,8.0,15.0,0.0,0.0,0.0,224.0,0.0,0.0,0.0,1.0,0.0,3.0,0.0,0.0,255.0,12.0,0.0,0.0,0.0,0.0,0.0,0.0,0.0,0.0,0.0,0.0,0.0,0.0,8.0,0.0,0.0,0.0,0.0,1000.0,0.0,0.0,0.0,12.0,50.0,50.0,50.0,50.0,50.0,50.0,50.0,50.0,50.0,50.0,50.0,50.0,0.0,0.0,0.0,983441.0,0.0,340441200.0,34044201.0,1.15,129.0,0.0,2000.0,64.0,0.0,64.0,0.0,0.0,0.0,0.0,0.0,0.0,0.0,0.0,0.0,0.0,0.0,0.0,0.0,0.0,0.0,0.0,0.0,0.0,0.0,0.0,0.0,0.0,0.0,0.0,0.0,0.0,0.0,0.0,1.0,0.0,0.0,0.0,0.0,0.0,0.0,0.0,0.0,0.0,0.0,0.0,0.0,0.0,0.0,0.0,0.0,0.0,0.0,0.0,1.0,0.0,1.0,0.0,0.0,0.0,0.0,0.0,0.0,0.0,0.0,0.0,0.0,0.0,0.0,0.0,0.0,0.0,0.0,0.0,0.0,0.0,0.0,0.0,0.0,0.0,3.331,0.0,0.0,0.0,0.0,0.0,0.0,0.0,0.0,0.0,0.0,0.0,
266,0.0,0.0,0.0,0.0,0.0,0.0,3.0,1.0,1.0,1.0,3.0,1.0,1.0,1.0,0.0,0.0,0.0,4.0,1275.0,3408961.0,65554.0,0.0,2.0,1537.0,1409.0,5.0,513.0,255.0,0.0,0.0,0.0,5.0,769.0,255.0,0.0,0.0,0.0,5.0,1025.0,255.0,0.0,0.0,0.0,3.0,1644167432.0,1644167688.0,1644167944.0,4.0,1678835984.0,1678836240.0,1678836496.0,1678836752.0,4.0,1678837008.0,1678837264.0,1678837520.0,1678837776.0,5.0,385.0,255.0,0.0,0.0,0.0,5.0,641.0,255.0,0.0,0.0,0.0,5.0,897.0,255.0,0.0,0.0,0.0,5.0,1153.0,255.0,0.0,0.0,0.0,5.0,417.0,254.0,0.0,0.0,0.0,5.0,449.0,254.0,0.0,0.0,0.0,5.0,481.0,254.0,0.0,0.0,0.0,5.0,673.0,254.0,0.0,0.0,0.0,5.0,705.0,254.0,0.0,0.0,0.0,5.0,737.0,254.0,0.0,0.0,0.0,1.0,1610613000.0,4.0,1677787408.0,1677787664.0,1677787920.0,1677788176.0,4.0,1677788432.0,1677788688.0,1677788944.0,1677789200.0,4.0,1677789456.0,1677789712.0,1677789968.0,1677790224.0,4.0,1342177544.0,1342177800.0,1342178056.0,1342178312.0,8.0,1342243080.0,1342243336.0,1342243592.0,1342243848.0,1342244104.0,1342244360.0,1342244616.0,1342244872.0,4.0,1342308624.0,1342308880.0,1342309136.0,1342309392.0,4.0,1342374160.0,1342374416.0,1342374672.0,1342374928.0,4.0,1342375184.0,1342375440.0,1342375696.0,1342375952.0,8.0,1342439688.0,1342439944.0,1342440200.0,1342440456.0,1342440712.0,1342440968.0,1342441224.0,1342441480.0,5.0,0.0,0.0,0.0,0.0,0.0,8.0,51.0,51.0,51.0,51.0,17.0,17.0,17.0,17.0,16.0,100.0,100.0,100.0,100.0,100.0,100.0,100.0,100.0,100.0,100.0,100.0,100.0,100.0,100.0,100.0,100.0,2.0,0.0,0.0,2.0,0.0,0.0,4.0,80.0,244.0,0.0,0.0,8.0,0.0,252.0,0.0,1.0,221.0,221.0,245.0,0.0,5.0,143.0,1775.0,2.0,7.0,1.0,8.0,0.0,0.0,0.0,0.0,3488.0,0.0,0.0,0.0,8.0,15.0,0.0,0.0,0.0,224.0,0.0,0.0,0.0,1.0,0.0,3.0,0.0,0.0,255.0,12.0,0.0,0.0,0.0,0.0,0.0,0.0,0.0,0.0,0.0,0.0,0.0,0.0,8.0,0.0,0.0,0.0,0.0,1000.0,0.0,0.0,0.0,12.0,50.0,50.0,50.0,50.0,50.0,50.0,50.0,50.0,50.0,50.0,50.0,50.0,0.0,0.0,0.0,983441.0,0.0,340441200.0,34044201.0,1.15,129.0,0.0,2000.0,64.0,0.0,64.0,0.0,0.0,0.0,0.0,0.0,0.0,0.0,0.0,0.0,0.0,0.0,0.0,0.0,0.0,0.0,0.0,0.0,0.0,0.0,0.0,0.0,0.0,0.0,0.0,0.0,0.0,0.0,0.0,1.0,0.0,0.0,0.0,0.0,0.0,0.0,0.0,0.0,0.0,0.0,0.0,0.0,0.0,0.0,0.0,0.0,0.0,0.0,0.0,1.0,0.0,1.0,0.0,0.0,0.0,0.0,0.0,0.0,0.0,0.0,0.0,0.0,0.0,0.0,0.0,0.0,0.0,0.0,0.0,0.0,0.0,0.0,0.0,0.0,0.0,3.332,0.0,0.0,0.0,0.0,0.0,0.0,0.0,0.0,0.0,0.0,0.0,
271,0.0,0.0,0.0,0.0,0.0,0.0,3.0,1.0,1.0,1.0,3.0,1.0,1.0,1.0,0.0,0.0,0.0,4.0,1275.0,3408961.0,65554.0,0.0,2.0,1537.0,1409.0,5.0,513.0,255.0,0.0,0.0,0.0,5.0,769.0,255.0,0.0,0.0,0.0,5.0,1025.0,255.0,0.0,0.0,0.0,3.0,1644167432.0,1644167688.0,1644167944.0,4.0,1678835984.0,1678836240.0,1678836496.0,1678836752.0,4.0,1678837008.0,1678837264.0,1678837520.0,1678837776.0,5.0,385.0,255.0,0.0,0.0,0.0,5.0,641.0,255.0,0.0,0.0,0.0,5.0,897.0,255.0,0.0,0.0,0.0,5.0,1153.0,255.0,0.0,0.0,0.0,5.0,417.0,254.0,0.0,0.0,0.0,5.0,449.0,254.0,0.0,0.0,0.0,5.0,481.0,254.0,0.0,0.0,0.0,5.0,673.0,254.0,0.0,0.0,0.0,5.0,705.0,254.0,0.0,0.0,0.0,5.0,737.0,254.0,0.0,0.0,0.0,1.0,1610613000.0,4.0,1677787408.0,1677787664.0,1677787920.0,1677788176.0,4.0,1677788432.0,1677788688.0,1677788944.0,1677789200.0,4.0,1677789456.0,1677789712.0,1677789968.0,1677790224.0,4.0,1342177544.0,1342177800.0,1342178056.0,1342178312.0,8.0,1342243080.0,1342243336.0,1342243592.0,1342243848.0,1342244104.0,1342244360.0,1342244616.0,1342244872.0,4.0,1342308624.0,1342308880.0,1342309136.0,1342309392.0,4.0,1342374160.0,1342374416.0,1342374672.0,1342374928.0,4.0,1342375184.0,1342375440.0,1342375696.0,1342375952.0,8.0,1342439688.0,1342439944.0,1342440200.0,1342440456.0,1342440712.0,1342440968.0,1342441224.0,1342441480.0,5.0,0.0,0.0,0.0,0.0,0.0,8.0,51.0,51.0,51.0,51.0,17.0,17.0,17.0,17.0,16.0,100.0,100.0,100.0,100.0,100.0,100.0,100.0,100.0,100.0,100.0,100.0,100.0,100.0,100.0,100.0,100.0,2.0,0.0,0.0,2.0,0.0,0.0,4.0,80.0,244.0,0.0,0.0,8.0,0.0,252.0,0.0,1.0,221.0,221.0,245.0,0.0,5.0,143.0,1775.0,2.0,7.0,1.0,8.0,0.0,0.0,0.0,0.0,3488.0,0.0,0.0,0.0,8.0,15.0,0.0,0.0,0.0,224.0,0.0,0.0,0.0,1.0,0.0,3.0,0.0,0.0,255.0,12.0,0.0,0.0,0.0,0.0,0.0,0.0,0.0,0.0,0.0,0.0,0.0,0.0,8.0,0.0,0.0,0.0,0.0,0.0,250.0,0.0,0.0,12.0,50.0,50.0,50.0,50.0,50.0,50.0,50.0,50.0,50.0,50.0,50.0,50.0,0.0,0.0,0.0,983441.0,0.0,340441200.0,34044201.0,1.15,129.0,0.0,2000.0,64.0,0.0,64.0,0.0,0.0,0.0,0.0,0.0,0.0,0.0,0.0,0.0,0.0,0.0,0.0,0.0,0.0,0.0,0.0,0.0,0.0,0.0,0.0,0.0,0.0,0.0,0.0,0.0,0.0,0.0,0.0,0.0,1.0,0.0,0.0,0.0,0.0,0.0,0.0,0.0,0.0,0.0,0.0,0.0,0.0,0.0,0.0,0.0,0.0,0.0,0.0,1.0,0.0,1.0,0.0,0.0,0.0,0.0,0.0,0.0,0.0,0.0,0.0,0.0,0.0,0.0,0.0,0.0,0.0,0.0,0.0,0.0,0.0,0.0,0.0,0.0,0.0,0.883,0.0,0.0,0.0,0.0,0.0,0.0,0.0,0.0,0.0,0.0,0.0,
272,0.0,0.0,0.0,0.0,0.0,0.0,3.0,1.0,1.0,1.0,3.0,1.0,1.0,1.0,0.0,0.0,0.0,4.0,1275.0,3408961.0,65554.0,0.0,2.0,1537.0,1409.0,5.0,513.0,255.0,0.0,0.0,0.0,5.0,769.0,255.0,0.0,0.0,0.0,5.0,1025.0,255.0,0.0,0.0,0.0,3.0,1644167432.0,1644167688.0,1644167944.0,4.0,1678835984.0,1678836240.0,1678836496.0,1678836752.0,4.0,1678837008.0,1678837264.0,1678837520.0,1678837776.0,5.0,385.0,255.0,0.0,0.0,0.0,5.0,641.0,255.0,0.0,0.0,0.0,5.0,897.0,255.0,0.0,0.0,0.0,5.0,1153.0,255.0,0.0,0.0,0.0,5.0,417.0,254.0,0.0,0.0,0.0,5.0,449.0,254.0,0.0,0.0,0.0,5.0,481.0,254.0,0.0,0.0,0.0,5.0,673.0,254.0,0.0,0.0,0.0,5.0,705.0,254.0,0.0,0.0,0.0,5.0,737.0,254.0,0.0,0.0,0.0,1.0,1610613000.0,4.0,1677787408.0,1677787664.0,1677787920.0,1677788176.0,4.0,1677788432.0,1677788688.0,1677788944.0,1677789200.0,4.0,1677789456.0,1677789712.0,1677789968.0,1677790224.0,4.0,1342177544.0,1342177800.0,1342178056.0,1342178312.0,8.0,1342243080.0,1342243336.0,1342243592.0,1342243848.0,1342244104.0,1342244360.0,1342244616.0,1342244872.0,4.0,1342308624.0,1342308880.0,1342309136.0,1342309392.0,4.0,1342374160.0,1342374416.0,1342374672.0,1342374928.0,4.0,1342375184.0,1342375440.0,1342375696.0,1342375952.0,8.0,1342439688.0,1342439944.0,1342440200.0,1342440456.0,1342440712.0,1342440968.0,1342441224.0,1342441480.0,5.0,0.0,0.0,0.0,0.0,0.0,8.0,51.0,51.0,51.0,51.0,17.0,17.0,17.0,17.0,16.0,100.0,100.0,100.0,100.0,100.0,100.0,100.0,100.0,100.0,100.0,100.0,100.0,100.0,100.0,100.0,100.0,2.0,0.0,0.0,2.0,0.0,0.0,4.0,80.0,244.0,0.0,0.0,8.0,0.0,252.0,0.0,4.0,221.0,221.0,245.0,0.0,5.0,145.0,1775.0,2.0,7.0,1.0,8.0,0.0,0.0,0.0,0.0,0.0,915.0,0.0,0.0,8.0,15.0,0.0,0.0,0.0,224.0,0.0,0.0,0.0,1.0,0.0,3.0,0.0,0.0,255.0,12.0,0.0,0.0,0.0,0.0,0.0,0.0,0.0,0.0,0.0,0.0,0.0,0.0,8.0,0.0,0.0,0.0,0.0,0.0,250.0,0.0,0.0,12.0,50.0,50.0,50.0,50.0,50.0,50.0,50.0,50.0,50.0,50.0,50.0,50.0,0.0,0.0,0.0,983441.0,0.0,340441200.0,34044201.0,1.15,129.0,0.0,2000.0,64.0,0.0,64.0,0.0,0.0,0.0,0.0,0.0,0.0,0.0,0.0,0.0,0.0,0.0,0.0,0.0,0.0,0.0,0.0,0.0,0.0,0.0,0.0,0.0,0.0,0.0,0.0,0.0,0.0,0.0,0.0,0.0,1.0,0.0,0.0,0.0,0.0,0.0,0.0,0.0,0.0,0.0,0.0,0.0,0.0,0.0,0.0,0.0,0.0,0.0,0.0,1.0,0.0,1.0,0.0,0.0,0.0,0.0,0.0,0.0,0.0,0.0,0.0,0.0,0.0,0.0,0.0,0.0,0.0,0.0,0.0,0.0,0.0,0.0,0.0,0.0,0.0,0.884,0.0,0.0,0.0,0.0,0.0,0.0,0.0,0.0,0.0,0.0,0.0,
274,0.0,0.0,0.0,0.0,0.0,0.0,3.0,1.0,1.0,1.0,3.0,1.0,1.0,1.0,0.0,0.0,0.0,4.0,1275.0,3408961.0,65554.0,0.0,2.0,1537.0,1409.0,5.0,513.0,255.0,0.0,0.0,0.0,5.0,769.0,255.0,0.0,0.0,0.0,5.0,1025.0,255.0,0.0,0.0,0.0,3.0,1644167432.0,1644167688.0,1644167944.0,4.0,1678835984.0,1678836240.0,1678836496.0,1678836752.0,4.0,1678837008.0,1678837264.0,1678837520.0,1678837776.0,5.0,385.0,255.0,0.0,0.0,0.0,5.0,641.0,255.0,0.0,0.0,0.0,5.0,897.0,255.0,0.0,0.0,0.0,5.0,1153.0,255.0,0.0,0.0,0.0,5.0,417.0,254.0,0.0,0.0,0.0,5.0,449.0,254.0,0.0,0.0,0.0,5.0,481.0,254.0,0.0,0.0,0.0,5.0,673.0,254.0,0.0,0.0,0.0,5.0,705.0,254.0,0.0,0.0,0.0,5.0,737.0,254.0,0.0,0.0,0.0,1.0,1610613000.0,4.0,1677787408.0,1677787664.0,1677787920.0,1677788176.0,4.0,1677788432.0,1677788688.0,1677788944.0,1677789200.0,4.0,1677789456.0,1677789712.0,1677789968.0,1677790224.0,4.0,1342177544.0,1342177800.0,1342178056.0,1342178312.0,8.0,1342243080.0,1342243336.0,1342243592.0,1342243848.0,1342244104.0,1342244360.0,1342244616.0,1342244872.0,4.0,1342308624.0,1342308880.0,1342309136.0,1342309392.0,4.0,1342374160.0,1342374416.0,1342374672.0,1342374928.0,4.0,1342375184.0,1342375440.0,1342375696.0,1342375952.0,8.0,1342439688.0,1342439944.0,1342440200.0,1342440456.0,1342440712.0,1342440968.0,1342441224.0,1342441480.0,5.0,0.0,0.0,0.0,0.0,0.0,8.0,51.0,51.0,51.0,51.0,17.0,17.0,17.0,17.0,16.0,100.0,100.0,100.0,100.0,100.0,100.0,100.0,100.0,100.0,100.0,100.0,100.0,100.0,100.0,100.0,100.0,2.0,0.0,0.0,2.0,0.0,0.0,4.0,80.0,244.0,0.0,0.0,8.0,0.0,252.0,0.0,4.0,221.0,221.0,245.0,0.0,5.0,145.0,1775.0,2.0,7.0,1.0,8.0,0.0,0.0,0.0,0.0,0.0,915.0,0.0,0.0,8.0,15.0,0.0,0.0,0.0,224.0,0.0,0.0,0.0,1.0,0.0,3.0,0.0,0.0,255.0,12.0,0.0,0.0,0.0,0.0,0.0,0.0,0.0,0.0,0.0,0.0,0.0,0.0,8.0,0.0,0.0,0.0,0.0,0.0,500.0,0.0,0.0,12.0,50.0,50.0,50.0,50.0,50.0,50.0,50.0,50.0,50.0,50.0,50.0,50.0,0.0,0.0,0.0,983441.0,0.0,340441200.0,34044201.0,1.15,129.0,0.0,2000.0,64.0,0.0,64.0,0.0,0.0,0.0,0.0,0.0,0.0,0.0,0.0,0.0,0.0,0.0,0.0,0.0,0.0,0.0,0.0,0.0,0.0,0.0,0.0,0.0,0.0,0.0,0.0,0.0,0.0,0.0,0.0,0.0,1.0,0.0,0.0,0.0,0.0,0.0,0.0,0.0,0.0,0.0,0.0,0.0,0.0,0.0,0.0,0.0,0.0,0.0,0.0,1.0,0.0,1.0,0.0,0.0,0.0,0.0,0.0,0.0,0.0,0.0,0.0,0.0,0.0,0.0,0.0,0.0,0.0,0.0,0.0,0.0,0.0,0.0,0.0,0.0,0.0,1.693,0.0,0.0,0.0,0.0,0.0,0.0,0.0,0.0,0.0,0.0,0.0,
275,0.0,0.0,0.0,0.0,0.0,0.0,3.0,1.0,1.0,1.0,3.0,1.0,1.0,1.0,0.0,0.0,0.0,4.0,1275.0,3408961.0,65554.0,0.0,2.0,1537.0,1409.0,5.0,513.0,255.0,0.0,0.0,0.0,5.0,769.0,255.0,0.0,0.0,0.0,5.0,1025.0,255.0,0.0,0.0,0.0,3.0,1644167432.0,1644167688.0,1644167944.0,4.0,1678835984.0,1678836240.0,1678836496.0,1678836752.0,4.0,1678837008.0,1678837264.0,1678837520.0,1678837776.0,5.0,385.0,255.0,0.0,0.0,0.0,5.0,641.0,255.0,0.0,0.0,0.0,5.0,897.0,255.0,0.0,0.0,0.0,5.0,1153.0,255.0,0.0,0.0,0.0,5.0,417.0,254.0,0.0,0.0,0.0,5.0,449.0,254.0,0.0,0.0,0.0,5.0,481.0,254.0,0.0,0.0,0.0,5.0,673.0,254.0,0.0,0.0,0.0,5.0,705.0,254.0,0.0,0.0,0.0,5.0,737.0,254.0,0.0,0.0,0.0,1.0,1610613000.0,4.0,1677787408.0,1677787664.0,1677787920.0,1677788176.0,4.0,1677788432.0,1677788688.0,1677788944.0,1677789200.0,4.0,1677789456.0,1677789712.0,1677789968.0,1677790224.0,4.0,1342177544.0,1342177800.0,1342178056.0,1342178312.0,8.0,1342243080.0,1342243336.0,1342243592.0,1342243848.0,1342244104.0,1342244360.0,1342244616.0,1342244872.0,4.0,1342308624.0,1342308880.0,1342309136.0,1342309392.0,4.0,1342374160.0,1342374416.0,1342374672.0,1342374928.0,4.0,1342375184.0,1342375440.0,1342375696.0,1342375952.0,8.0,1342439688.0,1342439944.0,1342440200.0,1342440456.0,1342440712.0,1342440968.0,1342441224.0,1342441480.0,5.0,0.0,0.0,0.0,0.0,0.0,8.0,51.0,51.0,51.0,51.0,17.0,17.0,17.0,17.0,16.0,100.0,100.0,100.0,100.0,100.0,100.0,100.0,100.0,100.0,100.0,100.0,100.0,100.0,100.0,100.0,100.0,2.0,0.0,0.0,2.0,0.0,0.0,4.0,80.0,244.0,0.0,0.0,8.0,0.0,252.0,0.0,4.0,221.0,221.0,245.0,0.0,5.0,144.0,1770.0,2.0,7.0,1.0,8.0,0.0,0.0,0.0,0.0,0.0,1760.0,0.0,0.0,8.0,15.0,0.0,0.0,0.0,224.0,0.0,0.0,0.0,1.0,0.0,3.0,0.0,0.0,255.0,12.0,0.0,0.0,0.0,0.0,0.0,0.0,0.0,0.0,0.0,0.0,0.0,0.0,8.0,0.0,0.0,0.0,0.0,0.0,500.0,0.0,0.0,12.0,50.0,50.0,50.0,50.0,50.0,50.0,50.0,50.0,50.0,50.0,50.0,50.0,0.0,0.0,0.0,983441.0,0.0,340441200.0,34044201.0,1.15,129.0,0.0,2000.0,64.0,0.0,64.0,0.0,0.0,0.0,0.0,0.0,0.0,0.0,0.0,0.0,0.0,0.0,0.0,0.0,0.0,0.0,0.0,0.0,0.0,0.0,0.0,0.0,0.0,0.0,0.0,0.0,0.0,0.0,0.0,0.0,1.0,0.0,0.0,0.0,0.0,0.0,0.0,0.0,0.0,0.0,0.0,0.0,0.0,0.0,0.0,0.0,0.0,0.0,0.0,1.0,0.0,1.0,0.0,0.0,0.0,0.0,0.0,0.0,0.0,0.0,0.0,0.0,0.0,0.0,0.0,0.0,0.0,0.0,0.0,0.0,0.0,0.0,0.0,0.0,0.0,1.693,0.0,0.0,0.0,0.0,0.0,0.0,0.0,0.0,0.0,0.0,0.0,
277,0.0,0.0,0.0,0.0,0.0,0.0,3.0,1.0,1.0,1.0,3.0,1.0,1.0,1.0,0.0,0.0,0.0,4.0,1275.0,3408961.0,65554.0,0.0,2.0,1537.0,1409.0,5.0,513.0,255.0,0.0,0.0,0.0,5.0,769.0,255.0,0.0,0.0,0.0,5.0,1025.0,255.0,0.0,0.0,0.0,3.0,1644167432.0,1644167688.0,1644167944.0,4.0,1678835984.0,1678836240.0,1678836496.0,1678836752.0,4.0,1678837008.0,1678837264.0,1678837520.0,1678837776.0,5.0,385.0,255.0,0.0,0.0,0.0,5.0,641.0,255.0,0.0,0.0,0.0,5.0,897.0,255.0,0.0,0.0,0.0,5.0,1153.0,255.0,0.0,0.0,0.0,5.0,417.0,254.0,0.0,0.0,0.0,5.0,449.0,254.0,0.0,0.0,0.0,5.0,481.0,254.0,0.0,0.0,0.0,5.0,673.0,254.0,0.0,0.0,0.0,5.0,705.0,254.0,0.0,0.0,0.0,5.0,737.0,254.0,0.0,0.0,0.0,1.0,1610613000.0,4.0,1677787408.0,1677787664.0,1677787920.0,1677788176.0,4.0,1677788432.0,1677788688.0,1677788944.0,1677789200.0,4.0,1677789456.0,1677789712.0,1677789968.0,1677790224.0,4.0,1342177544.0,1342177800.0,1342178056.0,1342178312.0,8.0,1342243080.0,1342243336.0,1342243592.0,1342243848.0,1342244104.0,1342244360.0,1342244616.0,1342244872.0,4.0,1342308624.0,1342308880.0,1342309136.0,1342309392.0,4.0,1342374160.0,1342374416.0,1342374672.0,1342374928.0,4.0,1342375184.0,1342375440.0,1342375696.0,1342375952.0,8.0,1342439688.0,1342439944.0,1342440200.0,1342440456.0,1342440712.0,1342440968.0,1342441224.0,1342441480.0,5.0,0.0,0.0,0.0,0.0,0.0,8.0,51.0,51.0,51.0,51.0,17.0,17.0,17.0,17.0,16.0,100.0,100.0,100.0,100.0,100.0,100.0,100.0,100.0,100.0,100.0,100.0,100.0,100.0,100.0,100.0,100.0,2.0,0.0,0.0,2.0,0.0,0.0,4.0,80.0,244.0,0.0,0.0,8.0,0.0,252.0,0.0,4.0,221.0,221.0,245.0,0.0,5.0,144.0,1770.0,2.0,7.0,1.0,8.0,0.0,0.0,0.0,0.0,0.0,1760.0,0.0,0.0,8.0,15.0,0.0,0.0,0.0,224.0,0.0,0.0,0.0,1.0,0.0,3.0,0.0,0.0,255.0,12.0,0.0,0.0,0.0,0.0,0.0,0.0,0.0,0.0,0.0,0.0,0.0,0.0,8.0,0.0,0.0,0.0,0.0,0.0,1000.0,0.0,0.0,12.0,50.0,50.0,50.0,50.0,50.0,50.0,50.0,50.0,50.0,50.0,50.0,50.0,0.0,0.0,0.0,983441.0,0.0,340441200.0,34044201.0,1.15,129.0,0.0,2000.0,64.0,0.0,64.0,0.0,0.0,0.0,0.0,0.0,0.0,0.0,0.0,0.0,0.0,0.0,0.0,0.0,0.0,0.0,0.0,0.0,0.0,0.0,0.0,0.0,0.0,0.0,0.0,0.0,0.0,0.0,0.0,0.0,1.0,0.0,0.0,0.0,0.0,0.0,0.0,0.0,0.0,0.0,0.0,0.0,0.0,0.0,0.0,0.0,0.0,0.0,0.0,1.0,0.0,1.0,0.0,0.0,0.0,0.0,0.0,0.0,0.0,0.0,0.0,0.0,0.0,0.0,0.0,0.0,0.0,0.0,0.0,0.0,0.0,0.0,0.0,0.0,0.0,3.304,0.0,0.0,0.0,0.0,0.0,0.0,0.0,0.0,0.0,0.0,0.0,
278,0.0,0.0,0.0,0.0,0.0,0.0,3.0,1.0,1.0,1.0,3.0,1.0,1.0,1.0,0.0,0.0,0.0,4.0,1275.0,3408961.0,65554.0,0.0,2.0,1537.0,1409.0,5.0,513.0,255.0,0.0,0.0,0.0,5.0,769.0,255.0,0.0,0.0,0.0,5.0,1025.0,255.0,0.0,0.0,0.0,3.0,1644167432.0,1644167688.0,1644167944.0,4.0,1678835984.0,1678836240.0,1678836496.0,1678836752.0,4.0,1678837008.0,1678837264.0,1678837520.0,1678837776.0,5.0,385.0,255.0,0.0,0.0,0.0,5.0,641.0,255.0,0.0,0.0,0.0,5.0,897.0,255.0,0.0,0.0,0.0,5.0,1153.0,255.0,0.0,0.0,0.0,5.0,417.0,254.0,0.0,0.0,0.0,5.0,449.0,254.0,0.0,0.0,0.0,5.0,481.0,254.0,0.0,0.0,0.0,5.0,673.0,254.0,0.0,0.0,0.0,5.0,705.0,254.0,0.0,0.0,0.0,5.0,737.0,254.0,0.0,0.0,0.0,1.0,1610613000.0,4.0,1677787408.0,1677787664.0,1677787920.0,1677788176.0,4.0,1677788432.0,1677788688.0,1677788944.0,1677789200.0,4.0,1677789456.0,1677789712.0,1677789968.0,1677790224.0,4.0,1342177544.0,1342177800.0,1342178056.0,1342178312.0,8.0,1342243080.0,1342243336.0,1342243592.0,1342243848.0,1342244104.0,1342244360.0,1342244616.0,1342244872.0,4.0,1342308624.0,1342308880.0,1342309136.0,1342309392.0,4.0,1342374160.0,1342374416.0,1342374672.0,1342374928.0,4.0,1342375184.0,1342375440.0,1342375696.0,1342375952.0,8.0,1342439688.0,1342439944.0,1342440200.0,1342440456.0,1342440712.0,1342440968.0,1342441224.0,1342441480.0,5.0,0.0,0.0,0.0,0.0,0.0,8.0,51.0,51.0,51.0,51.0,17.0,17.0,17.0,17.0,16.0,100.0,100.0,100.0,100.0,100.0,100.0,100.0,100.0,100.0,100.0,100.0,100.0,100.0,100.0,100.0,100.0,2.0,0.0,0.0,2.0,0.0,0.0,4.0,80.0,244.0,0.0,0.0,8.0,0.0,252.0,0.0,4.0,221.0,221.0,245.0,0.0,5.0,143.0,1770.0,2.0,7.0,1.0,8.0,0.0,0.0,0.0,0.0,0.0,3440.0,0.0,0.0,8.0,15.0,0.0,0.0,0.0,224.0,0.0,0.0,0.0,1.0,0.0,3.0,0.0,0.0,255.0,12.0,0.0,0.0,0.0,0.0,0.0,0.0,0.0,0.0,0.0,0.0,0.0,0.0,8.0,0.0,0.0,0.0,0.0,0.0,1000.0,0.0,0.0,12.0,50.0,50.0,50.0,50.0,50.0,50.0,50.0,50.0,50.0,50.0,50.0,50.0,0.0,0.0,0.0,983441.0,0.0,340441200.0,34044201.0,1.15,129.0,0.0,2000.0,64.0,0.0,64.0,0.0,0.0,0.0,0.0,0.0,0.0,0.0,0.0,0.0,0.0,0.0,0.0,0.0,0.0,0.0,0.0,0.0,0.0,0.0,0.0,0.0,0.0,0.0,0.0,0.0,0.0,0.0,0.0,0.0,1.0,0.0,0.0,0.0,0.0,0.0,0.0,0.0,0.0,0.0,0.0,0.0,0.0,0.0,0.0,0.0,0.0,0.0,0.0,1.0,0.0,1.0,0.0,0.0,0.0,0.0,0.0,0.0,0.0,0.0,0.0,0.0,0.0,0.0,0.0,0.0,0.0,0.0,0.0,0.0,0.0,0.0,0.0,0.0,0.0,3.309,0.0,0.0,0.0,0.0,0.0,0.0,0.0,0.0,0.0,0.0,0.0,
283,0.0,0.0,0.0,0.0,0.0,0.0,3.0,1.0,1.0,1.0,3.0,1.0,1.0,1.0,0.0,0.0,0.0,4.0,1275.0,3408961.0,65554.0,0.0,2.0,1537.0,1409.0,5.0,513.0,255.0,0.0,0.0,0.0,5.0,769.0,255.0,0.0,0.0,0.0,5.0,1025.0,255.0,0.0,0.0,0.0,3.0,1644167432.0,1644167688.0,1644167944.0,4.0,1678835984.0,1678836240.0,1678836496.0,1678836752.0,4.0,1678837008.0,1678837264.0,1678837520.0,1678837776.0,5.0,385.0,255.0,0.0,0.0,0.0,5.0,641.0,255.0,0.0,0.0,0.0,5.0,897.0,255.0,0.0,0.0,0.0,5.0,1153.0,255.0,0.0,0.0,0.0,5.0,417.0,254.0,0.0,0.0,0.0,5.0,449.0,254.0,0.0,0.0,0.0,5.0,481.0,254.0,0.0,0.0,0.0,5.0,673.0,254.0,0.0,0.0,0.0,5.0,705.0,254.0,0.0,0.0,0.0,5.0,737.0,254.0,0.0,0.0,0.0,1.0,1610613000.0,4.0,1677787408.0,1677787664.0,1677787920.0,1677788176.0,4.0,1677788432.0,1677788688.0,1677788944.0,1677789200.0,4.0,1677789456.0,1677789712.0,1677789968.0,1677790224.0,4.0,1342177544.0,1342177800.0,1342178056.0,1342178312.0,8.0,1342243080.0,1342243336.0,1342243592.0,1342243848.0,1342244104.0,1342244360.0,1342244616.0,1342244872.0,4.0,1342308624.0,1342308880.0,1342309136.0,1342309392.0,4.0,1342374160.0,1342374416.0,1342374672.0,1342374928.0,4.0,1342375184.0,1342375440.0,1342375696.0,1342375952.0,8.0,1342439688.0,1342439944.0,1342440200.0,1342440456.0,1342440712.0,1342440968.0,1342441224.0,1342441480.0,5.0,0.0,0.0,0.0,0.0,0.0,8.0,51.0,51.0,51.0,51.0,17.0,17.0,17.0,17.0,16.0,100.0,100.0,100.0,100.0,100.0,100.0,100.0,100.0,100.0,100.0,100.0,100.0,100.0,100.0,100.0,100.0,2.0,0.0,0.0,2.0,0.0,0.0,4.0,80.0,244.0,0.0,0.0,8.0,0.0,252.0,0.0,4.0,221.0,221.0,245.0,0.0,5.0,143.0,1770.0,2.0,7.0,1.0,8.0,0.0,0.0,0.0,0.0,0.0,3440.0,0.0,0.0,8.0,15.0,0.0,0.0,0.0,224.0,0.0,0.0,0.0,1.0,0.0,3.0,0.0,0.0,255.0,12.0,0.0,0.0,0.0,0.0,0.0,0.0,0.0,0.0,0.0,0.0,0.0,0.0,8.0,0.0,0.0,0.0,0.0,0.0,0.0,250.0,0.0,12.0,50.0,50.0,50.0,50.0,50.0,50.0,50.0,50.0,50.0,50.0,50.0,50.0,0.0,0.0,0.0,983441.0,0.0,340441200.0,34044201.0,1.15,129.0,0.0,2000.0,64.0,0.0,64.0,0.0,0.0,0.0,0.0,0.0,0.0,0.0,0.0,0.0,0.0,0.0,0.0,0.0,0.0,0.0,0.0,0.0,0.0,0.0,0.0,0.0,0.0,0.0,0.0,0.0,0.0,0.0,0.0,0.0,0.0,1.0,0.0,0.0,0.0,0.0,0.0,0.0,0.0,0.0,0.0,0.0,0.0,0.0,0.0,0.0,0.0,0.0,0.0,1.0,0.0,1.0,0.0,0.0,0.0,0.0,0.0,0.0,0.0,0.0,0.0,0.0,0.0,0.0,0.0,0.0,0.0,0.0,0.0,0.0,0.0,0.0,0.0,0.0,0.0,0.888,0.0,0.0,0.0,0.0,0.0,0.0,0.0,0.0,0.0,0.0,0.0,
284,0.0,0.0,0.0,0.0,0.0,0.0,3.0,1.0,1.0,1.0,3.0,1.0,1.0,1.0,0.0,0.0,0.0,4.0,1275.0,3408961.0,65554.0,0.0,2.0,1537.0,1409.0,5.0,513.0,255.0,0.0,0.0,0.0,5.0,769.0,255.0,0.0,0.0,0.0,5.0,1025.0,255.0,0.0,0.0,0.0,3.0,1644167432.0,1644167688.0,1644167944.0,4.0,1678835984.0,1678836240.0,1678836496.0,1678836752.0,4.0,1678837008.0,1678837264.0,1678837520.0,1678837776.0,5.0,385.0,255.0,0.0,0.0,0.0,5.0,641.0,255.0,0.0,0.0,0.0,5.0,897.0,255.0,0.0,0.0,0.0,5.0,1153.0,255.0,0.0,0.0,0.0,5.0,417.0,254.0,0.0,0.0,0.0,5.0,449.0,254.0,0.0,0.0,0.0,5.0,481.0,254.0,0.0,0.0,0.0,5.0,673.0,254.0,0.0,0.0,0.0,5.0,705.0,254.0,0.0,0.0,0.0,5.0,737.0,254.0,0.0,0.0,0.0,1.0,1610613000.0,4.0,1677787408.0,1677787664.0,1677787920.0,1677788176.0,4.0,1677788432.0,1677788688.0,1677788944.0,1677789200.0,4.0,1677789456.0,1677789712.0,1677789968.0,1677790224.0,4.0,1342177544.0,1342177800.0,1342178056.0,1342178312.0,8.0,1342243080.0,1342243336.0,1342243592.0,1342243848.0,1342244104.0,1342244360.0,1342244616.0,1342244872.0,4.0,1342308624.0,1342308880.0,1342309136.0,1342309392.0,4.0,1342374160.0,1342374416.0,1342374672.0,1342374928.0,4.0,1342375184.0,1342375440.0,1342375696.0,1342375952.0,8.0,1342439688.0,1342439944.0,1342440200.0,1342440456.0,1342440712.0,1342440968.0,1342441224.0,1342441480.0,5.0,0.0,0.0,0.0,0.0,0.0,8.0,51.0,51.0,51.0,51.0,17.0,17.0,17.0,17.0,16.0,100.0,100.0,100.0,100.0,100.0,100.0,100.0,100.0,100.0,100.0,100.0,100.0,100.0,100.0,100.0,100.0,2.0,0.0,0.0,2.0,0.0,0.0,4.0,80.0,244.0,0.0,0.0,8.0,0.0,252.0,0.0,16.0,221.0,221.0,245.0,0.0,5.0,145.0,1770.0,2.0,7.0,1.0,8.0,0.0,0.0,0.0,0.0,0.0,0.0,935.0,0.0,8.0,15.0,0.0,0.0,0.0,224.0,0.0,0.0,0.0,1.0,0.0,3.0,0.0,0.0,255.0,12.0,0.0,0.0,0.0,0.0,0.0,0.0,0.0,0.0,0.0,0.0,0.0,0.0,8.0,0.0,0.0,0.0,0.0,0.0,0.0,250.0,0.0,12.0,50.0,50.0,50.0,50.0,50.0,50.0,50.0,50.0,50.0,50.0,50.0,50.0,0.0,0.0,0.0,983441.0,0.0,340441200.0,34044201.0,1.15,129.0,0.0,2000.0,64.0,0.0,64.0,0.0,0.0,0.0,0.0,0.0,0.0,0.0,0.0,0.0,0.0,0.0,0.0,0.0,0.0,0.0,0.0,0.0,0.0,0.0,0.0,0.0,0.0,0.0,0.0,0.0,0.0,0.0,0.0,0.0,0.0,1.0,0.0,0.0,0.0,0.0,0.0,0.0,0.0,0.0,0.0,0.0,0.0,0.0,0.0,0.0,0.0,0.0,0.0,1.0,0.0,1.0,0.0,0.0,0.0,0.0,0.0,0.0,0.0,0.0,0.0,0.0,0.0,0.0,0.0,0.0,0.0,0.0,0.0,0.0,0.0,0.0,0.0,0.0,0.0,0.889,0.0,0.0,0.0,0.0,0.0,0.0,0.0,0.0,0.0,0.0,0.0,
286,0.0,0.0,0.0,0.0,0.0,0.0,3.0,1.0,1.0,1.0,3.0,1.0,1.0,1.0,0.0,0.0,0.0,4.0,1275.0,3408961.0,65554.0,0.0,2.0,1537.0,1409.0,5.0,513.0,255.0,0.0,0.0,0.0,5.0,769.0,255.0,0.0,0.0,0.0,5.0,1025.0,255.0,0.0,0.0,0.0,3.0,1644167432.0,1644167688.0,1644167944.0,4.0,1678835984.0,1678836240.0,1678836496.0,1678836752.0,4.0,1678837008.0,1678837264.0,1678837520.0,1678837776.0,5.0,385.0,255.0,0.0,0.0,0.0,5.0,641.0,255.0,0.0,0.0,0.0,5.0,897.0,255.0,0.0,0.0,0.0,5.0,1153.0,255.0,0.0,0.0,0.0,5.0,417.0,254.0,0.0,0.0,0.0,5.0,449.0,254.0,0.0,0.0,0.0,5.0,481.0,254.0,0.0,0.0,0.0,5.0,673.0,254.0,0.0,0.0,0.0,5.0,705.0,254.0,0.0,0.0,0.0,5.0,737.0,254.0,0.0,0.0,0.0,1.0,1610613000.0,4.0,1677787408.0,1677787664.0,1677787920.0,1677788176.0,4.0,1677788432.0,1677788688.0,1677788944.0,1677789200.0,4.0,1677789456.0,1677789712.0,1677789968.0,1677790224.0,4.0,1342177544.0,1342177800.0,1342178056.0,1342178312.0,8.0,1342243080.0,1342243336.0,1342243592.0,1342243848.0,1342244104.0,1342244360.0,1342244616.0,1342244872.0,4.0,1342308624.0,1342308880.0,1342309136.0,1342309392.0,4.0,1342374160.0,1342374416.0,1342374672.0,1342374928.0,4.0,1342375184.0,1342375440.0,1342375696.0,1342375952.0,8.0,1342439688.0,1342439944.0,1342440200.0,1342440456.0,1342440712.0,1342440968.0,1342441224.0,1342441480.0,5.0,0.0,0.0,0.0,0.0,0.0,8.0,51.0,51.0,51.0,51.0,17.0,17.0,17.0,17.0,16.0,100.0,100.0,100.0,100.0,100.0,100.0,100.0,100.0,100.0,100.0,100.0,100.0,100.0,100.0,100.0,100.0,2.0,0.0,0.0,2.0,0.0,0.0,4.0,80.0,244.0,0.0,0.0,8.0,0.0,252.0,0.0,16.0,221.0,221.0,245.0,0.0,5.0,145.0,1770.0,2.0,7.0,1.0,8.0,0.0,0.0,0.0,0.0,0.0,0.0,935.0,0.0,8.0,15.0,0.0,0.0,0.0,224.0,0.0,0.0,0.0,1.0,0.0,3.0,0.0,0.0,255.0,12.0,0.0,0.0,0.0,0.0,0.0,0.0,0.0,0.0,0.0,0.0,0.0,0.0,8.0,0.0,0.0,0.0,0.0,0.0,0.0,500.0,0.0,12.0,50.0,50.0,50.0,50.0,50.0,50.0,50.0,50.0,50.0,50.0,50.0,50.0,0.0,0.0,0.0,983441.0,0.0,340441200.0,34044201.0,1.15,129.0,0.0,2000.0,64.0,0.0,64.0,0.0,0.0,0.0,0.0,0.0,0.0,0.0,0.0,0.0,0.0,0.0,0.0,0.0,0.0,0.0,0.0,0.0,0.0,0.0,0.0,0.0,0.0,0.0,0.0,0.0,0.0,0.0,0.0,0.0,0.0,1.0,0.0,0.0,0.0,0.0,0.0,0.0,0.0,0.0,0.0,0.0,0.0,0.0,0.0,0.0,0.0,0.0,0.0,1.0,0.0,1.0,0.0,0.0,0.0,0.0,0.0,0.0,0.0,0.0,0.0,0.0,0.0,0.0,0.0,0.0,0.0,0.0,0.0,0.0,0.0,0.0,0.0,0.0,0.0,1.703,0.0,0.0,0.0,0.0,0.0,0.0,0.0,0.0,0.0,0.0,0.0,
287,0.0,0.0,0.0,0.0,0.0,0.0,3.0,1.0,1.0,1.0,3.0,1.0,1.0,1.0,0.0,0.0,0.0,4.0,1275.0,3408961.0,65554.0,0.0,2.0,1537.0,1409.0,5.0,513.0,255.0,0.0,0.0,0.0,5.0,769.0,255.0,0.0,0.0,0.0,5.0,1025.0,255.0,0.0,0.0,0.0,3.0,1644167432.0,1644167688.0,1644167944.0,4.0,1678835984.0,1678836240.0,1678836496.0,1678836752.0,4.0,1678837008.0,1678837264.0,1678837520.0,1678837776.0,5.0,385.0,255.0,0.0,0.0,0.0,5.0,641.0,255.0,0.0,0.0,0.0,5.0,897.0,255.0,0.0,0.0,0.0,5.0,1153.0,255.0,0.0,0.0,0.0,5.0,417.0,254.0,0.0,0.0,0.0,5.0,449.0,254.0,0.0,0.0,0.0,5.0,481.0,254.0,0.0,0.0,0.0,5.0,673.0,254.0,0.0,0.0,0.0,5.0,705.0,254.0,0.0,0.0,0.0,5.0,737.0,254.0,0.0,0.0,0.0,1.0,1610613000.0,4.0,1677787408.0,1677787664.0,1677787920.0,1677788176.0,4.0,1677788432.0,1677788688.0,1677788944.0,1677789200.0,4.0,1677789456.0,1677789712.0,1677789968.0,1677790224.0,4.0,1342177544.0,1342177800.0,1342178056.0,1342178312.0,8.0,1342243080.0,1342243336.0,1342243592.0,1342243848.0,1342244104.0,1342244360.0,1342244616.0,1342244872.0,4.0,1342308624.0,1342308880.0,1342309136.0,1342309392.0,4.0,1342374160.0,1342374416.0,1342374672.0,1342374928.0,4.0,1342375184.0,1342375440.0,1342375696.0,1342375952.0,8.0,1342439688.0,1342439944.0,1342440200.0,1342440456.0,1342440712.0,1342440968.0,1342441224.0,1342441480.0,5.0,0.0,0.0,0.0,0.0,0.0,8.0,51.0,51.0,51.0,51.0,17.0,17.0,17.0,17.0,16.0,100.0,100.0,100.0,100.0,100.0,100.0,100.0,100.0,100.0,100.0,100.0,100.0,100.0,100.0,100.0,100.0,2.0,0.0,0.0,2.0,0.0,0.0,4.0,80.0,244.0,0.0,0.0,8.0,0.0,252.0,0.0,16.0,221.0,221.0,245.0,0.0,5.0,144.0,1770.0,2.0,7.0,1.0,8.0,0.0,0.0,0.0,0.0,0.0,0.0,1799.0,0.0,8.0,15.0,0.0,0.0,0.0,224.0,0.0,0.0,0.0,1.0,0.0,3.0,0.0,0.0,255.0,12.0,0.0,0.0,0.0,0.0,0.0,0.0,0.0,0.0,0.0,0.0,0.0,0.0,8.0,0.0,0.0,0.0,0.0,0.0,0.0,500.0,0.0,12.0,50.0,50.0,50.0,50.0,50.0,50.0,50.0,50.0,50.0,50.0,50.0,50.0,0.0,0.0,0.0,983441.0,0.0,340441200.0,34044201.0,1.15,129.0,0.0,2000.0,64.0,0.0,64.0,0.0,0.0,0.0,0.0,0.0,0.0,0.0,0.0,0.0,0.0,0.0,0.0,0.0,0.0,0.0,0.0,0.0,0.0,0.0,0.0,0.0,0.0,0.0,0.0,0.0,0.0,0.0,0.0,0.0,0.0,1.0,0.0,0.0,0.0,0.0,0.0,0.0,0.0,0.0,0.0,0.0,0.0,0.0,0.0,0.0,0.0,0.0,0.0,1.0,0.0,1.0,0.0,0.0,0.0,0.0,0.0,0.0,0.0,0.0,0.0,0.0,0.0,0.0,0.0,0.0,0.0,0.0,0.0,0.0,0.0,0.0,0.0,0.0,0.0,1.704,0.0,0.0,0.0,0.0,0.0,0.0,0.0,0.0,0.0,0.0,0.0,
289,0.0,0.0,0.0,0.0,0.0,0.0,3.0,1.0,1.0,1.0,3.0,1.0,1.0,1.0,0.0,0.0,0.0,4.0,1275.0,3408961.0,65554.0,0.0,2.0,1537.0,1409.0,5.0,513.0,255.0,0.0,0.0,0.0,5.0,769.0,255.0,0.0,0.0,0.0,5.0,1025.0,255.0,0.0,0.0,0.0,3.0,1644167432.0,1644167688.0,1644167944.0,4.0,1678835984.0,1678836240.0,1678836496.0,1678836752.0,4.0,1678837008.0,1678837264.0,1678837520.0,1678837776.0,5.0,385.0,255.0,0.0,0.0,0.0,5.0,641.0,255.0,0.0,0.0,0.0,5.0,897.0,255.0,0.0,0.0,0.0,5.0,1153.0,255.0,0.0,0.0,0.0,5.0,417.0,254.0,0.0,0.0,0.0,5.0,449.0,254.0,0.0,0.0,0.0,5.0,481.0,254.0,0.0,0.0,0.0,5.0,673.0,254.0,0.0,0.0,0.0,5.0,705.0,254.0,0.0,0.0,0.0,5.0,737.0,254.0,0.0,0.0,0.0,1.0,1610613000.0,4.0,1677787408.0,1677787664.0,1677787920.0,1677788176.0,4.0,1677788432.0,1677788688.0,1677788944.0,1677789200.0,4.0,1677789456.0,1677789712.0,1677789968.0,1677790224.0,4.0,1342177544.0,1342177800.0,1342178056.0,1342178312.0,8.0,1342243080.0,1342243336.0,1342243592.0,1342243848.0,1342244104.0,1342244360.0,1342244616.0,1342244872.0,4.0,1342308624.0,1342308880.0,1342309136.0,1342309392.0,4.0,1342374160.0,1342374416.0,1342374672.0,1342374928.0,4.0,1342375184.0,1342375440.0,1342375696.0,1342375952.0,8.0,1342439688.0,1342439944.0,1342440200.0,1342440456.0,1342440712.0,1342440968.0,1342441224.0,1342441480.0,5.0,0.0,0.0,0.0,0.0,0.0,8.0,51.0,51.0,51.0,51.0,17.0,17.0,17.0,17.0,16.0,100.0,100.0,100.0,100.0,100.0,100.0,100.0,100.0,100.0,100.0,100.0,100.0,100.0,100.0,100.0,100.0,2.0,0.0,0.0,2.0,0.0,0.0,4.0,80.0,244.0,0.0,0.0,8.0,0.0,252.0,0.0,16.0,221.0,221.0,245.0,0.0,5.0,144.0,1770.0,2.0,7.0,1.0,8.0,0.0,0.0,0.0,0.0,0.0,0.0,1799.0,0.0,8.0,15.0,0.0,0.0,0.0,224.0,0.0,0.0,0.0,1.0,0.0,3.0,0.0,0.0,255.0,12.0,0.0,0.0,0.0,0.0,0.0,0.0,0.0,0.0,0.0,0.0,0.0,0.0,8.0,0.0,0.0,0.0,0.0,0.0,0.0,1000.0,0.0,12.0,50.0,50.0,50.0,50.0,50.0,50.0,50.0,50.0,50.0,50.0,50.0,50.0,0.0,0.0,0.0,983441.0,0.0,340441200.0,34044201.0,1.15,129.0,0.0,2000.0,64.0,0.0,64.0,0.0,0.0,0.0,0.0,0.0,0.0,0.0,0.0,0.0,0.0,0.0,0.0,0.0,0.0,0.0,0.0,0.0,0.0,0.0,0.0,0.0,0.0,0.0,0.0,0.0,0.0,0.0,0.0,0.0,0.0,1.0,0.0,0.0,0.0,0.0,0.0,0.0,0.0,0.0,0.0,0.0,0.0,0.0,0.0,0.0,0.0,0.0,0.0,1.0,0.0,1.0,0.0,0.0,0.0,0.0,0.0,0.0,0.0,0.0,0.0,0.0,0.0,0.0,0.0,0.0,0.0,0.0,0.0,0.0,0.0,0.0,0.0,0.0,0.0,3.328,0.0,0.0,0.0,0.0,0.0,0.0,0.0,0.0,0.0,0.0,0.0,
290,0.0,0.0,0.0,0.0,0.0,0.0,3.0,1.0,1.0,1.0,3.0,1.0,1.0,1.0,0.0,0.0,0.0,4.0,1275.0,3408961.0,65554.0,0.0,2.0,1537.0,1409.0,5.0,513.0,255.0,0.0,0.0,0.0,5.0,769.0,255.0,0.0,0.0,0.0,5.0,1025.0,255.0,0.0,0.0,0.0,3.0,1644167432.0,1644167688.0,1644167944.0,4.0,1678835984.0,1678836240.0,1678836496.0,1678836752.0,4.0,1678837008.0,1678837264.0,1678837520.0,1678837776.0,5.0,385.0,255.0,0.0,0.0,0.0,5.0,641.0,255.0,0.0,0.0,0.0,5.0,897.0,255.0,0.0,0.0,0.0,5.0,1153.0,255.0,0.0,0.0,0.0,5.0,417.0,254.0,0.0,0.0,0.0,5.0,449.0,254.0,0.0,0.0,0.0,5.0,481.0,254.0,0.0,0.0,0.0,5.0,673.0,254.0,0.0,0.0,0.0,5.0,705.0,254.0,0.0,0.0,0.0,5.0,737.0,254.0,0.0,0.0,0.0,1.0,1610613000.0,4.0,1677787408.0,1677787664.0,1677787920.0,1677788176.0,4.0,1677788432.0,1677788688.0,1677788944.0,1677789200.0,4.0,1677789456.0,1677789712.0,1677789968.0,1677790224.0,4.0,1342177544.0,1342177800.0,1342178056.0,1342178312.0,8.0,1342243080.0,1342243336.0,1342243592.0,1342243848.0,1342244104.0,1342244360.0,1342244616.0,1342244872.0,4.0,1342308624.0,1342308880.0,1342309136.0,1342309392.0,4.0,1342374160.0,1342374416.0,1342374672.0,1342374928.0,4.0,1342375184.0,1342375440.0,1342375696.0,1342375952.0,8.0,1342439688.0,1342439944.0,1342440200.0,1342440456.0,1342440712.0,1342440968.0,1342441224.0,1342441480.0,5.0,0.0,0.0,0.0,0.0,0.0,8.0,51.0,51.0,51.0,51.0,17.0,17.0,17.0,17.0,16.0,100.0,100.0,100.0,100.0,100.0,100.0,100.0,100.0,100.0,100.0,100.0,100.0,100.0,100.0,100.0,100.0,2.0,0.0,0.0,2.0,0.0,0.0,4.0,80.0,244.0,0.0,0.0,8.0,0.0,252.0,0.0,16.0,221.0,221.0,245.0,0.0,5.0,143.0,1770.0,2.0,7.0,1.0,8.0,0.0,0.0,0.0,0.0,0.0,0.0,3508.0,0.0,8.0,15.0,0.0,0.0,0.0,224.0,0.0,0.0,0.0,1.0,0.0,3.0,0.0,0.0,255.0,12.0,0.0,0.0,0.0,0.0,0.0,0.0,0.0,0.0,0.0,0.0,0.0,0.0,8.0,0.0,0.0,0.0,0.0,0.0,0.0,1000.0,0.0,12.0,50.0,50.0,50.0,50.0,50.0,50.0,50.0,50.0,50.0,50.0,50.0,50.0,0.0,0.0,0.0,983441.0,0.0,340441200.0,34044201.0,1.15,129.0,0.0,2000.0,64.0,0.0,64.0,0.0,0.0,0.0,0.0,0.0,0.0,0.0,0.0,0.0,0.0,0.0,0.0,0.0,0.0,0.0,0.0,0.0,0.0,0.0,0.0,0.0,0.0,0.0,0.0,0.0,0.0,0.0,0.0,0.0,0.0,1.0,0.0,0.0,0.0,0.0,0.0,0.0,0.0,0.0,0.0,0.0,0.0,0.0,0.0,0.0,0.0,0.0,0.0,1.0,0.0,1.0,0.0,0.0,0.0,0.0,0.0,0.0,0.0,0.0,0.0,0.0,0.0,0.0,0.0,0.0,0.0,0.0,0.0,0.0,0.0,0.0,0.0,0.0,0.0,3.33,0.0,0.0,0.0,0.0,0.0,0.0,0.0,0.0,0.0,0.0,0.0,
295,0.0,0.0,0.0,0.0,0.0,0.0,3.0,1.0,1.0,1.0,3.0,1.0,1.0,1.0,0.0,0.0,0.0,4.0,1275.0,3408961.0,65554.0,0.0,2.0,1537.0,1409.0,5.0,513.0,255.0,0.0,0.0,0.0,5.0,769.0,255.0,0.0,0.0,0.0,5.0,1025.0,255.0,0.0,0.0,0.0,3.0,1644167432.0,1644167688.0,1644167944.0,4.0,1678835984.0,1678836240.0,1678836496.0,1678836752.0,4.0,1678837008.0,1678837264.0,1678837520.0,1678837776.0,5.0,385.0,255.0,0.0,0.0,0.0,5.0,641.0,255.0,0.0,0.0,0.0,5.0,897.0,255.0,0.0,0.0,0.0,5.0,1153.0,255.0,0.0,0.0,0.0,5.0,417.0,254.0,0.0,0.0,0.0,5.0,449.0,254.0,0.0,0.0,0.0,5.0,481.0,254.0,0.0,0.0,0.0,5.0,673.0,254.0,0.0,0.0,0.0,5.0,705.0,254.0,0.0,0.0,0.0,5.0,737.0,254.0,0.0,0.0,0.0,1.0,1610613000.0,4.0,1677787408.0,1677787664.0,1677787920.0,1677788176.0,4.0,1677788432.0,1677788688.0,1677788944.0,1677789200.0,4.0,1677789456.0,1677789712.0,1677789968.0,1677790224.0,4.0,1342177544.0,1342177800.0,1342178056.0,1342178312.0,8.0,1342243080.0,1342243336.0,1342243592.0,1342243848.0,1342244104.0,1342244360.0,1342244616.0,1342244872.0,4.0,1342308624.0,1342308880.0,1342309136.0,1342309392.0,4.0,1342374160.0,1342374416.0,1342374672.0,1342374928.0,4.0,1342375184.0,1342375440.0,1342375696.0,1342375952.0,8.0,1342439688.0,1342439944.0,1342440200.0,1342440456.0,1342440712.0,1342440968.0,1342441224.0,1342441480.0,5.0,0.0,0.0,0.0,0.0,0.0,8.0,51.0,51.0,51.0,51.0,17.0,17.0,17.0,17.0,16.0,100.0,100.0,100.0,100.0,100.0,100.0,100.0,100.0,100.0,100.0,100.0,100.0,100.0,100.0,100.0,100.0,2.0,0.0,0.0,2.0,0.0,0.0,4.0,80.0,244.0,0.0,0.0,8.0,0.0,252.0,0.0,16.0,221.0,221.0,245.0,0.0,5.0,143.0,1770.0,2.0,7.0,1.0,8.0,0.0,0.0,0.0,0.0,0.0,0.0,3508.0,0.0,8.0,15.0,0.0,0.0,0.0,224.0,0.0,0.0,0.0,1.0,0.0,3.0,0.0,0.0,255.0,12.0,0.0,0.0,0.0,0.0,0.0,0.0,0.0,0.0,0.0,0.0,0.0,0.0,8.0,0.0,0.0,0.0,0.0,0.0,0.0,0.0,250.0,12.0,50.0,50.0,50.0,50.0,50.0,50.0,50.0,50.0,50.0,50.0,50.0,50.0,0.0,0.0,0.0,983441.0,0.0,340441200.0,34044201.0,1.15,129.0,0.0,2000.0,64.0,0.0,64.0,0.0,0.0,0.0,0.0,0.0,0.0,0.0,0.0,0.0,0.0,0.0,0.0,0.0,0.0,0.0,0.0,0.0,0.0,0.0,0.0,0.0,0.0,0.0,0.0,0.0,0.0,0.0,0.0,0.0,0.0,0.0,1.0,0.0,0.0,0.0,0.0,0.0,0.0,0.0,0.0,0.0,0.0,0.0,0.0,0.0,0.0,0.0,0.0,1.0,0.0,1.0,0.0,0.0,0.0,0.0,0.0,0.0,0.0,0.0,0.0,0.0,0.0,0.0,0.0,0.0,0.0,0.0,0.0,0.0,0.0,0.0,0.0,0.0,0.0,0.891,0.0,0.0,0.0,0.0,0.0,0.0,0.0,0.0,0.0,0.0,0.0,
296,0.0,0.0,0.0,0.0,0.0,0.0,3.0,1.0,1.0,1.0,3.0,1.0,1.0,1.0,0.0,0.0,0.0,4.0,1275.0,3408961.0,65554.0,0.0,2.0,1537.0,1409.0,5.0,513.0,255.0,0.0,0.0,0.0,5.0,769.0,255.0,0.0,0.0,0.0,5.0,1025.0,255.0,0.0,0.0,0.0,3.0,1644167432.0,1644167688.0,1644167944.0,4.0,1678835984.0,1678836240.0,1678836496.0,1678836752.0,4.0,1678837008.0,1678837264.0,1678837520.0,1678837776.0,5.0,385.0,255.0,0.0,0.0,0.0,5.0,641.0,255.0,0.0,0.0,0.0,5.0,897.0,255.0,0.0,0.0,0.0,5.0,1153.0,255.0,0.0,0.0,0.0,5.0,417.0,254.0,0.0,0.0,0.0,5.0,449.0,254.0,0.0,0.0,0.0,5.0,481.0,254.0,0.0,0.0,0.0,5.0,673.0,254.0,0.0,0.0,0.0,5.0,705.0,254.0,0.0,0.0,0.0,5.0,737.0,254.0,0.0,0.0,0.0,1.0,1610613000.0,4.0,1677787408.0,1677787664.0,1677787920.0,1677788176.0,4.0,1677788432.0,1677788688.0,1677788944.0,1677789200.0,4.0,1677789456.0,1677789712.0,1677789968.0,1677790224.0,4.0,1342177544.0,1342177800.0,1342178056.0,1342178312.0,8.0,1342243080.0,1342243336.0,1342243592.0,1342243848.0,1342244104.0,1342244360.0,1342244616.0,1342244872.0,4.0,1342308624.0,1342308880.0,1342309136.0,1342309392.0,4.0,1342374160.0,1342374416.0,1342374672.0,1342374928.0,4.0,1342375184.0,1342375440.0,1342375696.0,1342375952.0,8.0,1342439688.0,1342439944.0,1342440200.0,1342440456.0,1342440712.0,1342440968.0,1342441224.0,1342441480.0,5.0,0.0,0.0,0.0,0.0,0.0,8.0,51.0,51.0,51.0,51.0,17.0,17.0,17.0,17.0,16.0,100.0,100.0,100.0,100.0,100.0,100.0,100.0,100.0,100.0,100.0,100.0,100.0,100.0,100.0,100.0,100.0,2.0,0.0,0.0,2.0,0.0,0.0,4.0,80.0,244.0,0.0,0.0,8.0,0.0,252.0,0.0,64.0,221.0,221.0,245.0,0.0,5.0,145.0,1770.0,2.0,7.0,1.0,8.0,0.0,0.0,0.0,0.0,0.0,0.0,0.0,923.0,8.0,15.0,0.0,0.0,0.0,224.0,0.0,0.0,0.0,1.0,0.0,3.0,0.0,0.0,255.0,12.0,0.0,0.0,0.0,0.0,0.0,0.0,0.0,0.0,0.0,0.0,0.0,0.0,8.0,0.0,0.0,0.0,0.0,0.0,0.0,0.0,250.0,12.0,50.0,50.0,50.0,50.0,50.0,50.0,50.0,50.0,50.0,50.0,50.0,50.0,0.0,0.0,0.0,983441.0,0.0,340441200.0,34044201.0,1.15,129.0,0.0,2000.0,64.0,0.0,64.0,0.0,0.0,0.0,0.0,0.0,0.0,0.0,0.0,0.0,0.0,0.0,0.0,0.0,0.0,0.0,0.0,0.0,0.0,0.0,0.0,0.0,0.0,0.0,0.0,0.0,0.0,0.0,0.0,0.0,0.0,0.0,1.0,0.0,0.0,0.0,0.0,0.0,0.0,0.0,0.0,0.0,0.0,0.0,0.0,0.0,0.0,0.0,0.0,1.0,0.0,1.0,0.0,0.0,0.0,0.0,0.0,0.0,0.0,0.0,0.0,0.0,0.0,0.0,0.0,0.0,0.0,0.0,0.0,0.0,0.0,0.0,0.0,0.0,0.0,0.892,0.0,0.0,0.0,0.0,0.0,0.0,0.0,0.0,0.0,0.0,0.0,
298,0.0,0.0,0.0,0.0,0.0,0.0,3.0,1.0,1.0,1.0,3.0,1.0,1.0,1.0,0.0,0.0,0.0,4.0,1275.0,3408961.0,65554.0,0.0,2.0,1537.0,1409.0,5.0,513.0,255.0,0.0,0.0,0.0,5.0,769.0,255.0,0.0,0.0,0.0,5.0,1025.0,255.0,0.0,0.0,0.0,3.0,1644167432.0,1644167688.0,1644167944.0,4.0,1678835984.0,1678836240.0,1678836496.0,1678836752.0,4.0,1678837008.0,1678837264.0,1678837520.0,1678837776.0,5.0,385.0,255.0,0.0,0.0,0.0,5.0,641.0,255.0,0.0,0.0,0.0,5.0,897.0,255.0,0.0,0.0,0.0,5.0,1153.0,255.0,0.0,0.0,0.0,5.0,417.0,254.0,0.0,0.0,0.0,5.0,449.0,254.0,0.0,0.0,0.0,5.0,481.0,254.0,0.0,0.0,0.0,5.0,673.0,254.0,0.0,0.0,0.0,5.0,705.0,254.0,0.0,0.0,0.0,5.0,737.0,254.0,0.0,0.0,0.0,1.0,1610613000.0,4.0,1677787408.0,1677787664.0,1677787920.0,1677788176.0,4.0,1677788432.0,1677788688.0,1677788944.0,1677789200.0,4.0,1677789456.0,1677789712.0,1677789968.0,1677790224.0,4.0,1342177544.0,1342177800.0,1342178056.0,1342178312.0,8.0,1342243080.0,1342243336.0,1342243592.0,1342243848.0,1342244104.0,1342244360.0,1342244616.0,1342244872.0,4.0,1342308624.0,1342308880.0,1342309136.0,1342309392.0,4.0,1342374160.0,1342374416.0,1342374672.0,1342374928.0,4.0,1342375184.0,1342375440.0,1342375696.0,1342375952.0,8.0,1342439688.0,1342439944.0,1342440200.0,1342440456.0,1342440712.0,1342440968.0,1342441224.0,1342441480.0,5.0,0.0,0.0,0.0,0.0,0.0,8.0,51.0,51.0,51.0,51.0,17.0,17.0,17.0,17.0,16.0,100.0,100.0,100.0,100.0,100.0,100.0,100.0,100.0,100.0,100.0,100.0,100.0,100.0,100.0,100.0,100.0,2.0,0.0,0.0,2.0,0.0,0.0,4.0,80.0,244.0,0.0,0.0,8.0,0.0,252.0,0.0,64.0,221.0,221.0,245.0,0.0,5.0,145.0,1770.0,2.0,7.0,1.0,8.0,0.0,0.0,0.0,0.0,0.0,0.0,0.0,923.0,8.0,15.0,0.0,0.0,0.0,224.0,0.0,0.0,0.0,1.0,0.0,3.0,0.0,0.0,255.0,12.0,0.0,0.0,0.0,0.0,0.0,0.0,0.0,0.0,0.0,0.0,0.0,0.0,8.0,0.0,0.0,0.0,0.0,0.0,0.0,0.0,500.0,12.0,50.0,50.0,50.0,50.0,50.0,50.0,50.0,50.0,50.0,50.0,50.0,50.0,0.0,0.0,0.0,983441.0,0.0,340441200.0,34044201.0,1.15,129.0,0.0,2000.0,64.0,0.0,64.0,0.0,0.0,0.0,0.0,0.0,0.0,0.0,0.0,0.0,0.0,0.0,0.0,0.0,0.0,0.0,0.0,0.0,0.0,0.0,0.0,0.0,0.0,0.0,0.0,0.0,0.0,0.0,0.0,0.0,0.0,0.0,1.0,0.0,0.0,0.0,0.0,0.0,0.0,0.0,0.0,0.0,0.0,0.0,0.0,0.0,0.0,0.0,0.0,1.0,0.0,1.0,0.0,0.0,0.0,0.0,0.0,0.0,0.0,0.0,0.0,0.0,0.0,0.0,0.0,0.0,0.0,0.0,0.0,0.0,0.0,0.0,0.0,0.0,0.0,1.707,0.0,0.0,0.0,0.0,0.0,0.0,0.0,0.0,0.0,0.0,0.0,
299,0.0,0.0,0.0,0.0,0.0,0.0,3.0,1.0,1.0,1.0,3.0,1.0,1.0,1.0,0.0,0.0,0.0,4.0,1275.0,3408961.0,65554.0,0.0,2.0,1537.0,1409.0,5.0,513.0,255.0,0.0,0.0,0.0,5.0,769.0,255.0,0.0,0.0,0.0,5.0,1025.0,255.0,0.0,0.0,0.0,3.0,1644167432.0,1644167688.0,1644167944.0,4.0,1678835984.0,1678836240.0,1678836496.0,1678836752.0,4.0,1678837008.0,1678837264.0,1678837520.0,1678837776.0,5.0,385.0,255.0,0.0,0.0,0.0,5.0,641.0,255.0,0.0,0.0,0.0,5.0,897.0,255.0,0.0,0.0,0.0,5.0,1153.0,255.0,0.0,0.0,0.0,5.0,417.0,254.0,0.0,0.0,0.0,5.0,449.0,254.0,0.0,0.0,0.0,5.0,481.0,254.0,0.0,0.0,0.0,5.0,673.0,254.0,0.0,0.0,0.0,5.0,705.0,254.0,0.0,0.0,0.0,5.0,737.0,254.0,0.0,0.0,0.0,1.0,1610613000.0,4.0,1677787408.0,1677787664.0,1677787920.0,1677788176.0,4.0,1677788432.0,1677788688.0,1677788944.0,1677789200.0,4.0,1677789456.0,1677789712.0,1677789968.0,1677790224.0,4.0,1342177544.0,1342177800.0,1342178056.0,1342178312.0,8.0,1342243080.0,1342243336.0,1342243592.0,1342243848.0,1342244104.0,1342244360.0,1342244616.0,1342244872.0,4.0,1342308624.0,1342308880.0,1342309136.0,1342309392.0,4.0,1342374160.0,1342374416.0,1342374672.0,1342374928.0,4.0,1342375184.0,1342375440.0,1342375696.0,1342375952.0,8.0,1342439688.0,1342439944.0,1342440200.0,1342440456.0,1342440712.0,1342440968.0,1342441224.0,1342441480.0,5.0,0.0,0.0,0.0,0.0,0.0,8.0,51.0,51.0,51.0,51.0,17.0,17.0,17.0,17.0,16.0,100.0,100.0,100.0,100.0,100.0,100.0,100.0,100.0,100.0,100.0,100.0,100.0,100.0,100.0,100.0,100.0,2.0,0.0,0.0,2.0,0.0,0.0,4.0,80.0,244.0,0.0,0.0,8.0,0.0,252.0,0.0,64.0,221.0,221.0,245.0,0.0,5.0,145.0,1770.0,2.0,7.0,1.0,8.0,0.0,0.0,0.0,0.0,0.0,0.0,0.0,1775.0,8.0,15.0,0.0,0.0,0.0,224.0,0.0,0.0,0.0,1.0,0.0,3.0,0.0,0.0,255.0,12.0,0.0,0.0,0.0,0.0,0.0,0.0,0.0,0.0,0.0,0.0,0.0,0.0,8.0,0.0,0.0,0.0,0.0,0.0,0.0,0.0,500.0,12.0,50.0,50.0,50.0,50.0,50.0,50.0,50.0,50.0,50.0,50.0,50.0,50.0,0.0,0.0,0.0,983441.0,0.0,340441200.0,34044201.0,1.15,129.0,0.0,2000.0,64.0,0.0,64.0,0.0,0.0,0.0,0.0,0.0,0.0,0.0,0.0,0.0,0.0,0.0,0.0,0.0,0.0,0.0,0.0,0.0,0.0,0.0,0.0,0.0,0.0,0.0,0.0,0.0,0.0,0.0,0.0,0.0,0.0,0.0,1.0,0.0,0.0,0.0,0.0,0.0,0.0,0.0,0.0,0.0,0.0,0.0,0.0,0.0,0.0,0.0,0.0,1.0,0.0,1.0,0.0,0.0,0.0,0.0,0.0,0.0,0.0,0.0,0.0,0.0,0.0,0.0,0.0,0.0,0.0,0.0,0.0,0.0,0.0,0.0,0.0,0.0,0.0,1.707,0.0,0.0,0.0,0.0,0.0,0.0,0.0,0.0,0.0,0.0,0.0,
301,0.0,0.0,0.0,0.0,0.0,0.0,3.0,1.0,1.0,1.0,3.0,1.0,1.0,1.0,0.0,0.0,0.0,4.0,1275.0,3408961.0,65554.0,0.0,2.0,1537.0,1409.0,5.0,513.0,255.0,0.0,0.0,0.0,5.0,769.0,255.0,0.0,0.0,0.0,5.0,1025.0,255.0,0.0,0.0,0.0,3.0,1644167432.0,1644167688.0,1644167944.0,4.0,1678835984.0,1678836240.0,1678836496.0,1678836752.0,4.0,1678837008.0,1678837264.0,1678837520.0,1678837776.0,5.0,385.0,255.0,0.0,0.0,0.0,5.0,641.0,255.0,0.0,0.0,0.0,5.0,897.0,255.0,0.0,0.0,0.0,5.0,1153.0,255.0,0.0,0.0,0.0,5.0,417.0,254.0,0.0,0.0,0.0,5.0,449.0,254.0,0.0,0.0,0.0,5.0,481.0,254.0,0.0,0.0,0.0,5.0,673.0,254.0,0.0,0.0,0.0,5.0,705.0,254.0,0.0,0.0,0.0,5.0,737.0,254.0,0.0,0.0,0.0,1.0,1610613000.0,4.0,1677787408.0,1677787664.0,1677787920.0,1677788176.0,4.0,1677788432.0,1677788688.0,1677788944.0,1677789200.0,4.0,1677789456.0,1677789712.0,1677789968.0,1677790224.0,4.0,1342177544.0,1342177800.0,1342178056.0,1342178312.0,8.0,1342243080.0,1342243336.0,1342243592.0,1342243848.0,1342244104.0,1342244360.0,1342244616.0,1342244872.0,4.0,1342308624.0,1342308880.0,1342309136.0,1342309392.0,4.0,1342374160.0,1342374416.0,1342374672.0,1342374928.0,4.0,1342375184.0,1342375440.0,1342375696.0,1342375952.0,8.0,1342439688.0,1342439944.0,1342440200.0,1342440456.0,1342440712.0,1342440968.0,1342441224.0,1342441480.0,5.0,0.0,0.0,0.0,0.0,0.0,8.0,51.0,51.0,51.0,51.0,17.0,17.0,17.0,17.0,16.0,100.0,100.0,100.0,100.0,100.0,100.0,100.0,100.0,100.0,100.0,100.0,100.0,100.0,100.0,100.0,100.0,2.0,0.0,0.0,2.0,0.0,0.0,4.0,80.0,244.0,0.0,0.0,8.0,0.0,252.0,0.0,64.0,221.0,221.0,245.0,0.0,5.0,145.0,1770.0,2.0,7.0,1.0,8.0,0.0,0.0,0.0,0.0,0.0,0.0,0.0,1775.0,8.0,15.0,0.0,0.0,0.0,224.0,0.0,0.0,0.0,1.0,0.0,3.0,0.0,0.0,255.0,12.0,0.0,0.0,0.0,0.0,0.0,0.0,0.0,0.0,0.0,0.0,0.0,0.0,8.0,0.0,0.0,0.0,0.0,0.0,0.0,0.0,1000.0,12.0,50.0,50.0,50.0,50.0,50.0,50.0,50.0,50.0,50.0,50.0,50.0,50.0,0.0,0.0,0.0,983441.0,0.0,340441200.0,34044201.0,1.15,129.0,0.0,2000.0,64.0,0.0,64.0,0.0,0.0,0.0,0.0,0.0,0.0,0.0,0.0,0.0,0.0,0.0,0.0,0.0,0.0,0.0,0.0,0.0,0.0,0.0,0.0,0.0,0.0,0.0,0.0,0.0,0.0,0.0,0.0,0.0,0.0,0.0,1.0,0.0,0.0,0.0,0.0,0.0,0.0,0.0,0.0,0.0,0.0,0.0,0.0,0.0,0.0,0.0,0.0,1.0,0.0,1.0,0.0,0.0,0.0,0.0,0.0,0.0,0.0,0.0,0.0,0.0,0.0,0.0,0.0,0.0,0.0,0.0,0.0,0.0,0.0,0.0,0.0,0.0,0.0,3.337,0.0,0.0,0.0,0.0,0.0,0.0,0.0,0.0,0.0,0.0,0.0,
302,0.0,0.0,0.0,0.0,0.0,0.0,3.0,1.0,1.0,1.0,3.0,1.0,1.0,1.0,0.0,0.0,0.0,4.0,1275.0,3408961.0,65554.0,0.0,2.0,1537.0,1409.0,5.0,513.0,255.0,0.0,0.0,0.0,5.0,769.0,255.0,0.0,0.0,0.0,5.0,1025.0,255.0,0.0,0.0,0.0,3.0,1644167432.0,1644167688.0,1644167944.0,4.0,1678835984.0,1678836240.0,1678836496.0,1678836752.0,4.0,1678837008.0,1678837264.0,1678837520.0,1678837776.0,5.0,385.0,255.0,0.0,0.0,0.0,5.0,641.0,255.0,0.0,0.0,0.0,5.0,897.0,255.0,0.0,0.0,0.0,5.0,1153.0,255.0,0.0,0.0,0.0,5.0,417.0,254.0,0.0,0.0,0.0,5.0,449.0,254.0,0.0,0.0,0.0,5.0,481.0,254.0,0.0,0.0,0.0,5.0,673.0,254.0,0.0,0.0,0.0,5.0,705.0,254.0,0.0,0.0,0.0,5.0,737.0,254.0,0.0,0.0,0.0,1.0,1610613000.0,4.0,1677787408.0,1677787664.0,1677787920.0,1677788176.0,4.0,1677788432.0,1677788688.0,1677788944.0,1677789200.0,4.0,1677789456.0,1677789712.0,1677789968.0,1677790224.0,4.0,1342177544.0,1342177800.0,1342178056.0,1342178312.0,8.0,1342243080.0,1342243336.0,1342243592.0,1342243848.0,1342244104.0,1342244360.0,1342244616.0,1342244872.0,4.0,1342308624.0,1342308880.0,1342309136.0,1342309392.0,4.0,1342374160.0,1342374416.0,1342374672.0,1342374928.0,4.0,1342375184.0,1342375440.0,1342375696.0,1342375952.0,8.0,1342439688.0,1342439944.0,1342440200.0,1342440456.0,1342440712.0,1342440968.0,1342441224.0,1342441480.0,5.0,0.0,0.0,0.0,0.0,0.0,8.0,51.0,51.0,51.0,51.0,17.0,17.0,17.0,17.0,16.0,100.0,100.0,100.0,100.0,100.0,100.0,100.0,100.0,100.0,100.0,100.0,100.0,100.0,100.0,100.0,100.0,2.0,0.0,0.0,2.0,0.0,0.0,4.0,80.0,244.0,0.0,0.0,8.0,0.0,252.0,0.0,64.0,221.0,221.0,245.0,0.0,5.0,143.0,1770.0,2.0,7.0,1.0,8.0,0.0,0.0,0.0,0.0,0.0,0.0,0.0,3460.0,8.0,15.0,0.0,0.0,0.0,224.0,0.0,0.0,0.0,1.0,0.0,3.0,0.0,0.0,255.0,12.0,0.0,0.0,0.0,0.0,0.0,0.0,0.0,0.0,0.0,0.0,0.0,0.0,8.0,0.0,0.0,0.0,0.0,0.0,0.0,0.0,1000.0,12.0,50.0,50.0,50.0,50.0,50.0,50.0,50.0,50.0,50.0,50.0,50.0,50.0,0.0,0.0,0.0,983441.0,0.0,340441200.0,34044201.0,1.15,129.0,0.0,2000.0,64.0,0.0,64.0,0.0,0.0,0.0,0.0,0.0,0.0,0.0,0.0,0.0,0.0,0.0,0.0,0.0,0.0,0.0,0.0,0.0,0.0,0.0,0.0,0.0,0.0,0.0,0.0,0.0,0.0,0.0,0.0,0.0,0.0,0.0,1.0,0.0,0.0,0.0,0.0,0.0,0.0,0.0,0.0,0.0,0.0,0.0,0.0,0.0,0.0,0.0,0.0,1.0,0.0,1.0,0.0,0.0,0.0,0.0,0.0,0.0,0.0,0.0,0.0,0.0,0.0,0.0,0.0,0.0,0.0,0.0,0.0,0.0,0.0,0.0,0.0,0.0,0.0,3.337,0.0,0.0,0.0,0.0,0.0,0.0,0.0,0.0,0.0,0.0,0.0,
