Started on: 2025-12-12-13:12:42
00000 #39009-1
00000 #Verion 0.0
00000 #digital normal test using the E-LOAD
00000 UUT_DBC = 39009-561.dbc
00000 UUT_DATANAME = 39009-1-OUTPUT-DIGITAL-NORMAL
00000 
00000 #-----setup 39009-----
00000 #configure as Output Digital ON/OFF
00000 Command = 82, MODE1 = 0, MODE2 = 0, Enable_24VDC = 0, ADRaw = 0 : NULL : WAIT = 0.5
00001 Command = 83, MODE1A = 1, MODE1B = 1, MODE2A = 1, MODE2B = 1, MODE3A = 1, MODE3B = 1, MODE4A = 1, MODE4B = 1, MODE5A = 1, MODE5B = 1, MODE6A = 1, MODE6B = 1, MODE7A = 1, MODE7B = 1 : NULL : WAIT = 0.5
00002 Command = 0, MODE1A = 0, MODE1B = 0, MODE2A = 0, MODE2B = 0, MODE3A = 0, MODE3B = 0, MODE4A = 0, MODE4B = 0, MODE5A = 0, MODE5B = 0, MODE6A = 0, MODE6B = 0, MODE7A = 0, MODE7B = 0 : NULL
00003 Command = 84, MODE8A = 1, MODE8B = 1, MODE9A = 1, MODE9B = 1, MODE10A = 1, MODE10B = 1, GLOBAL_KP = 255, GLOBAL_KI = 255 : NULL : WAIT = 0.5
00004 Command = 0, MODE8A = 0, MODE8B = 0, MODE9A = 0, MODE9B = 0, MODE10A = 0, MODE10B = 0, GLOBAL_KP = 0, GLOBAL_KI = 0 : NULL
00005 Command = 82, SaveSettings = 1, Enable_DPLTx = 1, Enable_DPLF1 = 1, Enable_DPLF2 = 1, Enable_Fault_Reset = 1 : NULL : WAIT = 0.5
00006 Command = 0, SaveSettings = 0, Enable_DPLTx = 0, Enable_DPLF1 = 0, Enable_DPLF2 = 0, Enable_Fault_Reset = 0 : NULL
00007 
00007 #-----setup PAT-----
00007 #setup load
00007 LdRemote = 1 : NULL : WAIT = 0.1
00008 LdEnable = 1 : NULL : WAIT = 0.1
00009 LdCurrentSet = 0 : NULL : WAIT = 0.1
00010 J0_08_METER_LOAD = 1 : NULL : WAIT = 1
00011 NULL : OutStat2A = 0 | 0.1 | 0.1
00011 TEST: OutStat2A 0.0 +/- 0.1
00011 PASS: OutStat2A 0.0
00012 NULL : OutStat2B = 0 | 0.1 | 0.1
00012 TEST: OutStat2B 0.0 +/- 0.1
00012 PASS: OutStat2B 0.0
00013 NULL : OutStat4A = 0 | 0.1 | 0.1
00013 TEST: OutStat4A 0.0 +/- 0.1
00013 PASS: OutStat4A 0.0
00014 NULL : OutStat4B = 0 | 0.1 | 0.1
00014 TEST: OutStat4B 0.0 +/- 0.1
00014 PASS: OutStat4B 0.0
00015 NULL : OutStat6A = 0 | 0.1 | 0.1
00015 TEST: OutStat6A 0.0 +/- 0.1
00015 PASS: OutStat6A 0.0
00016 NULL : OutStat6B = 0 | 0.1 | 0.1
00016 TEST: OutStat6B 0.0 +/- 0.1
00016 PASS: OutStat6B 0.0
00017 NULL : OutStat8A = 0 | 0.1 | 0.1
00017 TEST: OutStat8A 0.0 +/- 0.1
00017 PASS: OutStat8A 0.0
00018 NULL : OutStat8B = 0 | 0.1 | 0.1
00018 TEST: OutStat8B 0.0 +/- 0.1
00018 PASS: OutStat8B 0.0
00019 NULL : OutStat10A = 0 | 0.1 | 0.1
00019 TEST: OutStat10A 0.0 +/- 0.1
00019 PASS: OutStat10A 0.0
00020 NULL : OutStat10B = 0 | 0.1 | 0.1
00020 TEST: OutStat10B 0.0 +/- 0.1
00020 PASS: OutStat10B 0.0
00021 #switch in load line, set current
00021 J3_01 = 1 : NULL : WAIT = 0.5
00022 
00022 #set current and turn on output and verify feedback
00022 Command = 81, Output2A = 1 : NULL : WAIT = 0.1
00023 LdCurrentSet = 0: NULL : WAIT = 0.1
00024 #verify reading from load
00024 NULL : Feedback2A = 0.0 | 0.5 | 0.1
00024 TEST: Feedback2A 0.0 +/- 0.5
00024 PASS: Feedback2A 0.0
00025 NULL : OutStat2A = 1 | 0.01 | 0.1
00025 TEST: OutStat2A 1.0 +/- 0.01
00025 PASS: OutStat2A 1.0
00026 NULL : MeterCurrent = 0.0 | 0.1 | 0.1
00026 TEST: MeterCurrent 0.0 +/- 0.1
00026 PASS: MeterCurrent 0.0
00027 
00027 #set current and turn on output and verify feedback
00027 Command = 81, Output2A = 1 : NULL : WAIT = 0.1
00028 LdCurrentSet = 100: NULL : WAIT = 0.1
00029 #verify reading from load
00029 NULL : Feedback2A = 0.1 | 0.5 | 0.1
00029 TEST: Feedback2A 0.1 +/- 0.5
00029 PASS: Feedback2A 0.0
00030 NULL : OutStat2A = 1 | 0.01 | 0.1
00030 TEST: OutStat2A 1.0 +/- 0.01
00030 PASS: OutStat2A 1.0
00031 NULL : MeterCurrent = 0.1 | 0.1 | 0.1
00031 TEST: MeterCurrent 0.1 +/- 0.1
00031 PASS: MeterCurrent 0.099
00032 
00032 #set current and turn on output and verify feedback
00032 Command = 81, Output2A = 1 : NULL : WAIT = 0.1
00033 LdCurrentSet = 200: NULL : WAIT = 0.1
00034 #verify reading from load
00034 NULL : Feedback2A = 0.2 | 0.5 | 0.1
00034 TEST: Feedback2A 0.2 +/- 0.5
00034 PASS: Feedback2A 0.119
00035 NULL : OutStat2A = 1 | 0.01 | 0.1
00035 TEST: OutStat2A 1.0 +/- 0.01
00035 PASS: OutStat2A 1.0
00036 NULL : MeterCurrent = 0.2 | 0.1 | 0.1
00036 TEST: MeterCurrent 0.2 +/- 0.1
00036 PASS: MeterCurrent 0.2
00037 
00037 #set current and turn on output and verify feedback
00037 Command = 81, Output2A = 1 : NULL : WAIT = 0.1
00038 LdCurrentSet = 300: NULL : WAIT = 0.1
00039 #verify reading from load
00039 NULL : Feedback2A = 0.3 | 0.5 | 0.1
00039 TEST: Feedback2A 0.3 +/- 0.5
00039 PASS: Feedback2A 0.228
00040 NULL : OutStat2A = 1 | 0.01 | 0.1
00040 TEST: OutStat2A 1.0 +/- 0.01
00040 PASS: OutStat2A 1.0
00041 NULL : MeterCurrent = 0.3 | 0.1 | 0.1
00041 TEST: MeterCurrent 0.3 +/- 0.1
00041 PASS: MeterCurrent 0.236
00042 
00042 #set current and turn on output and verify feedback
00042 Command = 81, Output2A = 1 : NULL : WAIT = 0.1
00043 LdCurrentSet = 400: NULL : WAIT = 0.1
00044 #verify reading from load
00044 NULL : Feedback2A = 0.4 | 0.5 | 0.1
00044 TEST: Feedback2A 0.4 +/- 0.5
00044 PASS: Feedback2A 0.231
00045 NULL : OutStat2A = 1 | 0.01 | 0.1
00045 TEST: OutStat2A 1.0 +/- 0.01
00045 PASS: OutStat2A 1.0
00046 NULL : MeterCurrent = 0.4 | 0.1 | 0.1
00046 TEST: MeterCurrent 0.4 +/- 0.1
00046 PASS: MeterCurrent 0.354
00047 
00047 #set current and turn on output and verify feedback
00047 Command = 81, Output2A = 1 : NULL : WAIT = 0.1
00048 LdCurrentSet = 500: NULL : WAIT = 0.1
00049 #verify reading from load
00049 NULL : Feedback2A = 0.5 | 0.5 | 0.1
00049 TEST: Feedback2A 0.5 +/- 0.5
00049 PASS: Feedback2A 0.451
00050 NULL : OutStat2A = 1 | 0.01 | 0.1
00050 TEST: OutStat2A 1.0 +/- 0.01
00050 PASS: OutStat2A 1.0
00051 NULL : MeterCurrent = 0.5 | 0.1 | 0.1
00051 TEST: MeterCurrent 0.5 +/- 0.1
00051 PASS: MeterCurrent 0.447
00052 
00052 #set current and turn on output and verify feedback
00052 Command = 81, Output2A = 1 : NULL : WAIT = 0.1
00053 LdCurrentSet = 600: NULL : WAIT = 0.1
00054 #verify reading from load
00054 NULL : Feedback2A = 0.6 | 0.5 | 0.1
00054 TEST: Feedback2A 0.6 +/- 0.5
00054 PASS: Feedback2A 0.451
00055 NULL : OutStat2A = 1 | 0.01 | 0.1
00055 TEST: OutStat2A 1.0 +/- 0.01
00055 PASS: OutStat2A 1.0
00056 NULL : MeterCurrent = 0.6 | 0.1 | 0.1
00056 TEST: MeterCurrent 0.6 +/- 0.1
00056 PASS: MeterCurrent 0.565
00057 
00057 #set current and turn on output and verify feedback
00057 Command = 81, Output2A = 1 : NULL : WAIT = 0.1
00058 LdCurrentSet = 700: NULL : WAIT = 0.1
00059 #verify reading from load
00059 NULL : Feedback2A = 0.7 | 0.5 | 0.1
00059 TEST: Feedback2A 0.7 +/- 0.5
00059 PASS: Feedback2A 0.583
00060 NULL : OutStat2A = 1 | 0.01 | 0.1
00060 TEST: OutStat2A 1.0 +/- 0.01
00060 PASS: OutStat2A 1.0
00061 NULL : MeterCurrent = 0.7000000000000001 | 0.1 | 0.1
00061 TEST: MeterCurrent 0.7 +/- 0.1
00061 PASS: MeterCurrent 0.676
00062 
00062 #set current and turn on output and verify feedback
00062 Command = 81, Output2A = 1 : NULL : WAIT = 0.1
00063 LdCurrentSet = 800: NULL : WAIT = 0.1
00064 #verify reading from load
00064 NULL : Feedback2A = 0.8 | 0.5 | 0.1
00064 TEST: Feedback2A 0.8 +/- 0.5
00064 PASS: Feedback2A 0.766
00065 NULL : OutStat2A = 1 | 0.01 | 0.1
00065 TEST: OutStat2A 1.0 +/- 0.01
00065 PASS: OutStat2A 1.0
00066 NULL : MeterCurrent = 0.8 | 0.1 | 0.1
00066 TEST: MeterCurrent 0.8 +/- 0.1
00066 PASS: MeterCurrent 0.798
00067 
00067 #set current and turn on output and verify feedback
00067 Command = 81, Output2A = 1 : NULL : WAIT = 0.1
00068 LdCurrentSet = 900: NULL : WAIT = 0.1
00069 #verify reading from load
00069 NULL : Feedback2A = 0.9 | 0.5 | 0.1
00069 TEST: Feedback2A 0.9 +/- 0.5
00069 PASS: Feedback2A 0.892
00070 NULL : OutStat2A = 1 | 0.01 | 0.1
00070 TEST: OutStat2A 1.0 +/- 0.01
00070 PASS: OutStat2A 1.0
00071 NULL : MeterCurrent = 0.9 | 0.1 | 0.1
00071 TEST: MeterCurrent 0.9 +/- 0.1
00071 PASS: MeterCurrent 0.811
00072 
00072 #set current and turn on output and verify feedback
00072 Command = 81, Output2A = 1 : NULL : WAIT = 0.1
00073 LdCurrentSet = 1000: NULL : WAIT = 0.1
00074 #verify reading from load
00074 NULL : Feedback2A = 1.0 | 0.5 | 0.1
00074 TEST: Feedback2A 1.0 +/- 0.5
00074 PASS: Feedback2A 1.0
00075 NULL : OutStat2A = 1 | 0.01 | 0.1
00075 TEST: OutStat2A 1.0 +/- 0.01
00075 PASS: OutStat2A 1.0
00076 NULL : MeterCurrent = 1.0 | 0.1 | 0.1
00076 TEST: MeterCurrent 1.0 +/- 0.1
00076 PASS: MeterCurrent 0.917
00077 
00077 #set current and turn on output and verify feedback
00077 Command = 81, Output2A = 1 : NULL : WAIT = 0.1
00078 LdCurrentSet = 1100: NULL : WAIT = 0.1
00079 #verify reading from load
00079 NULL : Feedback2A = 1.1 | 0.5 | 0.1
00079 TEST: Feedback2A 1.1 +/- 0.5
00079 PASS: Feedback2A 1.0
00080 NULL : OutStat2A = 1 | 0.01 | 0.1
00080 TEST: OutStat2A 1.0 +/- 0.01
00080 PASS: OutStat2A 1.0
00081 NULL : MeterCurrent = 1.1 | 0.1 | 0.1
00081 TEST: MeterCurrent 1.1 +/- 0.1
00081 PASS: MeterCurrent 1.044
00082 
00082 #set current and turn on output and verify feedback
00082 Command = 81, Output2A = 1 : NULL : WAIT = 0.1
00083 LdCurrentSet = 1200: NULL : WAIT = 0.1
00084 #verify reading from load
00084 NULL : Feedback2A = 1.2 | 0.5 | 0.1
00084 TEST: Feedback2A 1.2 +/- 0.5
00084 PASS: Feedback2A 1.129
00085 NULL : OutStat2A = 1 | 0.01 | 0.1
00085 TEST: OutStat2A 1.0 +/- 0.01
00085 PASS: OutStat2A 1.0
00086 NULL : MeterCurrent = 1.2 | 0.1 | 0.1
00086 TEST: MeterCurrent 1.2 +/- 0.1
00086 PASS: MeterCurrent 1.158
00087 
00087 #set current and turn on output and verify feedback
00087 Command = 81, Output2A = 1 : NULL : WAIT = 0.1
00088 LdCurrentSet = 1300: NULL : WAIT = 0.1
00089 #verify reading from load
00089 NULL : Feedback2A = 1.3 | 0.5 | 0.1
00089 TEST: Feedback2A 1.3 +/- 0.5
00089 PASS: Feedback2A 1.274
00090 NULL : OutStat2A = 1 | 0.01 | 0.1
00090 TEST: OutStat2A 1.0 +/- 0.01
00090 PASS: OutStat2A 1.0
00091 NULL : MeterCurrent = 1.3 | 0.1 | 0.1
00091 TEST: MeterCurrent 1.3 +/- 0.1
00091 PASS: MeterCurrent 1.268
00092 
00092 #set current and turn on output and verify feedback
00092 Command = 81, Output2A = 1 : NULL : WAIT = 0.1
00093 LdCurrentSet = 1400: NULL : WAIT = 0.1
00094 #verify reading from load
00094 NULL : Feedback2A = 1.4 | 0.5 | 0.1
00094 TEST: Feedback2A 1.4 +/- 0.5
00094 PASS: Feedback2A 1.444
00095 NULL : OutStat2A = 1 | 0.01 | 0.1
00095 TEST: OutStat2A 1.0 +/- 0.01
00095 PASS: OutStat2A 1.0
00096 NULL : MeterCurrent = 1.4000000000000001 | 0.1 | 0.1
00096 TEST: MeterCurrent 1.4 +/- 0.1
00096 PASS: MeterCurrent 1.396
00097 
00097 #set current and turn on output and verify feedback
00097 Command = 81, Output2A = 1 : NULL : WAIT = 0.1
00098 LdCurrentSet = 1500: NULL : WAIT = 0.1
00099 #verify reading from load
00099 NULL : Feedback2A = 1.5 | 0.5 | 0.1
00099 TEST: Feedback2A 1.5 +/- 0.5
00099 PASS: Feedback2A 1.444
00100 NULL : OutStat2A = 1 | 0.01 | 0.1
00100 TEST: OutStat2A 1.0 +/- 0.01
00100 PASS: OutStat2A 1.0
00101 NULL : MeterCurrent = 1.5 | 0.1 | 0.1
00101 TEST: MeterCurrent 1.5 +/- 0.1
00101 PASS: MeterCurrent 1.412
00102 
00102 #set current and turn on output and verify feedback
00102 Command = 81, Output2A = 1 : NULL : WAIT = 0.1
00103 LdCurrentSet = 1600: NULL : WAIT = 0.1
00104 #verify reading from load
00104 NULL : Feedback2A = 1.6 | 0.5 | 0.1
00104 TEST: Feedback2A 1.6 +/- 0.5
00104 PASS: Feedback2A 1.555
00105 NULL : OutStat2A = 1 | 0.01 | 0.1
00105 TEST: OutStat2A 1.0 +/- 0.01
00105 PASS: OutStat2A 1.0
00106 NULL : MeterCurrent = 1.6 | 0.1 | 0.1
00106 TEST: MeterCurrent 1.6 +/- 0.1
00106 PASS: MeterCurrent 1.53
00107 
00107 #set current and turn on output and verify feedback
00107 Command = 81, Output2A = 1 : NULL : WAIT = 0.1
00108 LdCurrentSet = 1700: NULL : WAIT = 0.1
00109 #verify reading from load
00109 NULL : Feedback2A = 1.7 | 0.5 | 0.1
00109 TEST: Feedback2A 1.7 +/- 0.5
00109 PASS: Feedback2A 1.694
00110 NULL : OutStat2A = 1 | 0.01 | 0.1
00110 TEST: OutStat2A 1.0 +/- 0.01
00110 PASS: OutStat2A 1.0
00111 NULL : MeterCurrent = 1.7 | 0.1 | 0.1
00111 TEST: MeterCurrent 1.7 +/- 0.1
00111 PASS: MeterCurrent 1.644
00112 
00112 #set current and turn on output and verify feedback
00112 Command = 81, Output2A = 1 : NULL : WAIT = 0.1
00113 LdCurrentSet = 1800: NULL : WAIT = 0.1
00114 #verify reading from load
00114 NULL : Feedback2A = 1.8 | 0.5 | 0.1
00114 TEST: Feedback2A 1.8 +/- 0.5
00114 PASS: Feedback2A 1.874
00115 NULL : OutStat2A = 1 | 0.01 | 0.1
00115 TEST: OutStat2A 1.0 +/- 0.01
00115 PASS: OutStat2A 1.0
00116 NULL : MeterCurrent = 1.8 | 0.1 | 0.1
00116 TEST: MeterCurrent 1.8 +/- 0.1
00116 PASS: MeterCurrent 1.767
00117 
00117 #set current and turn on output and verify feedback
00117 Command = 81, Output2A = 1 : NULL : WAIT = 0.1
00118 LdCurrentSet = 1900: NULL : WAIT = 0.1
00119 #verify reading from load
00119 NULL : Feedback2A = 1.9 | 0.5 | 0.1
00119 TEST: Feedback2A 1.9 +/- 0.5
00119 PASS: Feedback2A 1.992
00120 NULL : OutStat2A = 1 | 0.01 | 0.1
00120 TEST: OutStat2A 1.0 +/- 0.01
00120 PASS: OutStat2A 1.0
00121 NULL : MeterCurrent = 1.9000000000000001 | 0.1 | 0.1
00121 TEST: MeterCurrent 1.9 +/- 0.1
00121 PASS: MeterCurrent 1.883
00122 
00122 #set current and turn on output and verify feedback
00122 Command = 81, Output2A = 1 : NULL : WAIT = 0.1
00123 LdCurrentSet = 2000: NULL : WAIT = 0.1
00124 #verify reading from load
00124 NULL : Feedback2A = 2.0 | 0.5 | 0.1
00124 TEST: Feedback2A 2.0 +/- 0.5
00124 PASS: Feedback2A 1.992
00125 NULL : OutStat2A = 1 | 0.01 | 0.1
00125 TEST: OutStat2A 1.0 +/- 0.01
00125 PASS: OutStat2A 1.0
00126 NULL : MeterCurrent = 2.0 | 0.1 | 0.1
00126 TEST: MeterCurrent 2.0 +/- 0.1
00126 PASS: MeterCurrent 2.0
00127 
00127 #set current and turn on output and verify feedback
00127 Command = 81, Output2A = 1 : NULL : WAIT = 0.1
00128 LdCurrentSet = 2100: NULL : WAIT = 0.1
00129 #verify reading from load
00129 NULL : Feedback2A = 2.1 | 0.5 | 0.1
00129 TEST: Feedback2A 2.1 +/- 0.5
00129 PASS: Feedback2A 2.128
00130 NULL : OutStat2A = 1 | 0.01 | 0.1
00130 TEST: OutStat2A 1.0 +/- 0.01
00130 PASS: OutStat2A 1.0
00131 NULL : MeterCurrent = 2.1 | 0.1 | 0.1
00131 TEST: MeterCurrent 2.1 +/- 0.1
00131 PASS: MeterCurrent 2.02
00132 
00132 #set current and turn on output and verify feedback
00132 Command = 81, Output2A = 1 : NULL : WAIT = 0.1
00133 LdCurrentSet = 2200: NULL : WAIT = 0.1
00134 #verify reading from load
00134 NULL : Feedback2A = 2.2 | 0.5 | 0.1
00134 TEST: Feedback2A 2.2 +/- 0.5
00134 PASS: Feedback2A 2.29
00135 NULL : OutStat2A = 1 | 0.01 | 0.1
00135 TEST: OutStat2A 1.0 +/- 0.01
00135 PASS: OutStat2A 1.0
00136 NULL : MeterCurrent = 2.2 | 0.1 | 0.1
00136 TEST: MeterCurrent 2.2 +/- 0.1
00136 PASS: MeterCurrent 2.135
00137 
00137 #set current and turn on output and verify feedback
00137 Command = 81, Output2A = 1 : NULL : WAIT = 0.1
00138 LdCurrentSet = 2300: NULL : WAIT = 0.1
00139 #verify reading from load
00139 NULL : Feedback2A = 2.3 | 0.5 | 0.1
00139 TEST: Feedback2A 2.3 +/- 0.5
00139 PASS: Feedback2A 2.412
00140 NULL : OutStat2A = 1 | 0.01 | 0.1
00140 TEST: OutStat2A 1.0 +/- 0.01
00140 PASS: OutStat2A 1.0
00141 NULL : MeterCurrent = 2.3000000000000003 | 0.1 | 0.1
00141 TEST: MeterCurrent 2.3 +/- 0.1
00141 PASS: MeterCurrent 2.243
00142 
00142 #set current and turn on output and verify feedback
00142 Command = 81, Output2A = 1 : NULL : WAIT = 0.1
00143 LdCurrentSet = 2400: NULL : WAIT = 0.1
00144 #verify reading from load
00144 NULL : Feedback2A = 2.4 | 0.5 | 0.1
00144 TEST: Feedback2A 2.4 +/- 0.5
00144 PASS: Feedback2A 2.548
00145 NULL : OutStat2A = 1 | 0.01 | 0.1
00145 TEST: OutStat2A 1.0 +/- 0.01
00145 PASS: OutStat2A 1.0
00146 NULL : MeterCurrent = 2.4 | 0.1 | 0.1
00146 TEST: MeterCurrent 2.4 +/- 0.1
00146 PASS: MeterCurrent 2.364
00147 
00147 #set current and turn on output and verify feedback
00147 Command = 81, Output2A = 1 : NULL : WAIT = 0.1
00148 LdCurrentSet = 2500: NULL : WAIT = 0.1
00149 #verify reading from load
00149 NULL : Feedback2A = 2.5 | 0.5 | 0.1
00149 TEST: Feedback2A 2.5 +/- 0.5
00149 PASS: Feedback2A 2.548
00150 NULL : OutStat2A = 1 | 0.01 | 0.1
00150 TEST: OutStat2A 1.0 +/- 0.01
00150 PASS: OutStat2A 1.0
00151 NULL : MeterCurrent = 2.5 | 0.1 | 0.1
00151 TEST: MeterCurrent 2.5 +/- 0.1
00151 PASS: MeterCurrent 2.481
00152 
00152 #set current and turn on output and verify feedback
00152 Command = 81, Output2A = 1 : NULL : WAIT = 0.1
00153 LdCurrentSet = 2600: NULL : WAIT = 0.1
00154 #verify reading from load
00154 NULL : Feedback2A = 2.6 | 0.5 | 0.1
00154 TEST: Feedback2A 2.6 +/- 0.5
00154 PASS: Feedback2A 2.656
00155 NULL : OutStat2A = 1 | 0.01 | 0.1
00155 TEST: OutStat2A 1.0 +/- 0.01
00155 PASS: OutStat2A 1.0
00156 NULL : MeterCurrent = 2.6 | 0.1 | 0.1
00156 TEST: MeterCurrent 2.6 +/- 0.1
00156 PASS: MeterCurrent 2.594
00157 
00157 #set current and turn on output and verify feedback
00157 Command = 81, Output2A = 1 : NULL : WAIT = 0.1
00158 LdCurrentSet = 2700: NULL : WAIT = 0.1
00159 #verify reading from load
00159 NULL : Feedback2A = 2.7 | 0.5 | 0.1
00159 TEST: Feedback2A 2.7 +/- 0.5
00159 PASS: Feedback2A 2.805
00160 NULL : OutStat2A = 1 | 0.01 | 0.1
00160 TEST: OutStat2A 1.0 +/- 0.01
00160 PASS: OutStat2A 1.0
00161 NULL : MeterCurrent = 2.7 | 0.1 | 0.1
00161 TEST: MeterCurrent 2.7 +/- 0.1
00161 PASS: MeterCurrent 2.611
00162 
00162 #set current and turn on output and verify feedback
00162 Command = 81, Output2A = 1 : NULL : WAIT = 0.1
00163 LdCurrentSet = 2800: NULL : WAIT = 0.1
00164 #verify reading from load
00164 NULL : Feedback2A = 2.8 | 0.5 | 0.1
00164 TEST: Feedback2A 2.8 +/- 0.5
00164 PASS: Feedback2A 2.988
00165 NULL : OutStat2A = 1 | 0.01 | 0.1
00165 TEST: OutStat2A 1.0 +/- 0.01
00165 PASS: OutStat2A 1.0
00166 NULL : MeterCurrent = 2.8000000000000003 | 0.1 | 0.1
00166 TEST: MeterCurrent 2.8 +/- 0.1
00166 PASS: MeterCurrent 2.728
00167 
00167 #set current and turn on output and verify feedback
00167 Command = 81, Output2A = 1 : NULL : WAIT = 0.1
00168 LdCurrentSet = 2900: NULL : WAIT = 0.1
00169 #verify reading from load
00169 NULL : Feedback2A = 2.9 | 0.5 | 0.1
00169 TEST: Feedback2A 2.9 +/- 0.5
00169 PASS: Feedback2A 3.093
00170 NULL : OutStat2A = 1 | 0.01 | 0.1
00170 TEST: OutStat2A 1.0 +/- 0.01
00170 PASS: OutStat2A 1.0
00171 NULL : MeterCurrent = 2.9 | 0.1 | 0.1
00171 TEST: MeterCurrent 2.9 +/- 0.1
00171 PASS: MeterCurrent 2.846
00172 
00172 #set current and turn on output and verify feedback
00172 Command = 81, Output2A = 1 : NULL : WAIT = 0.1
00173 LdCurrentSet = 3000: NULL : WAIT = 0.1
00174 #verify reading from load
00174 NULL : Feedback2A = 3.0 | 0.5 | 0.1
00174 TEST: Feedback2A 3.0 +/- 0.5
00174 PASS: Feedback2A 3.1
00175 NULL : OutStat2A = 1 | 0.01 | 0.1
00175 TEST: OutStat2A 1.0 +/- 0.01
00175 PASS: OutStat2A 1.0
00176 NULL : MeterCurrent = 3.0 | 0.1 | 0.1
00176 TEST: MeterCurrent 3.0 +/- 0.1
00176 PASS: MeterCurrent 2.957
00177 
00177 #set current and turn on output and verify feedback
00177 Command = 81, Output2A = 1 : NULL : WAIT = 0.1
00178 LdCurrentSet = 3100: NULL : WAIT = 0.1
00179 #verify reading from load
00179 NULL : Feedback2A = 3.1 | 0.5 | 0.1
00179 TEST: Feedback2A 3.1 +/- 0.5
00179 PASS: Feedback2A 3.215
00180 NULL : OutStat2A = 1 | 0.01 | 0.1
00180 TEST: OutStat2A 1.0 +/- 0.01
00180 PASS: OutStat2A 1.0
00181 NULL : MeterCurrent = 3.1 | 0.1 | 0.1
00181 TEST: MeterCurrent 3.1 +/- 0.1
00181 PASS: MeterCurrent 3.081
00182 
00182 #set current and turn on output and verify feedback
00182 Command = 81, Output2A = 1 : NULL : WAIT = 0.1
00183 LdCurrentSet = 3200: NULL : WAIT = 0.1
00184 #verify reading from load
00184 NULL : Feedback2A = 3.2 | 0.5 | 0.1
00184 TEST: Feedback2A 3.2 +/- 0.5
00184 PASS: Feedback2A 3.394
00185 NULL : OutStat2A = 1 | 0.01 | 0.1
00185 TEST: OutStat2A 1.0 +/- 0.01
00185 PASS: OutStat2A 1.0
00186 NULL : MeterCurrent = 3.2 | 0.1 | 0.1
00186 TEST: MeterCurrent 3.2 +/- 0.1
00186 PASS: MeterCurrent 3.2
00187 
00187 #set current and turn on output and verify feedback
00187 Command = 81, Output2A = 1 : NULL : WAIT = 0.1
00188 LdCurrentSet = 3300: NULL : WAIT = 0.1
00189 #verify reading from load
00189 NULL : Feedback2A = 3.3 | 0.5 | 0.1
00189 TEST: Feedback2A 3.3 +/- 0.5
00189 PASS: Feedback2A 3.53
00190 NULL : OutStat2A = 1 | 0.01 | 0.1
00190 TEST: OutStat2A 1.0 +/- 0.01
00190 FAIL: OutStat2A 2.0
00191 NULL : MeterCurrent = 3.3000000000000003 | 0.1 | 0.1
00191 TEST: MeterCurrent 3.3 +/- 0.1
00191 FAIL: MeterCurrent 0.02
00192 
00192 #set current and turn on output and verify feedback
00192 Command = 81, Output2A = 1 : NULL : WAIT = 0.1
00193 LdCurrentSet = 3400: NULL : WAIT = 0.1
00194 #verify reading from load
00194 NULL : Feedback2A = 3.4 | 0.5 | 0.1
00194 TEST: Feedback2A 3.4 +/- 0.5
00194 FAIL: Feedback2A 0.0
00195 NULL : OutStat2A = 1 | 0.01 | 0.1
00195 TEST: OutStat2A 1.0 +/- 0.01
00195 FAIL: OutStat2A 2.0
00196 NULL : MeterCurrent = 3.4 | 0.1 | 0.1
00196 TEST: MeterCurrent 3.4 +/- 0.1
00196 FAIL: MeterCurrent 0.02
00197 
00197 #set current and turn on output and verify feedback
00197 Command = 81, Output2A = 1 : NULL : WAIT = 0.1
00198 LdCurrentSet = 3500: NULL : WAIT = 0.1
00199 #verify fault #1
00199 NULL : Feedback2A = 0 | 0.1 | 0.1
00199 TEST: Feedback2A 0.0 +/- 0.1
00199 PASS: Feedback2A 0.0
00200 NULL : OutStat2A = 2 | 0.1 | 0.1
00200 TEST: OutStat2A 2.0 +/- 0.1
00200 PASS: OutStat2A 2.0
00201 NULL : MeterCurrent = 0  | 0.01 | 0.1
00201 TEST: MeterCurrent 0.0 +/- 0.01
00201 FAIL: MeterCurrent 0.021
00202 
00202 #switch out load line, clear current
00202 Output2A = 0 : NULL : WAIT = 0.1
00203 J3_01 = 0 : NULL : WAIT = 0.5
00204 LdCurrentSet = 0 : NULL : WAIT = 0.1
00205 NULL : OutStat2A = 0 | 0.1 | 0.1
00205 TEST: OutStat2A 0.0 +/- 0.1
00205 PASS: OutStat2A 0.0
00206 #switch in load line, set current
00206 J3_02 = 1 : NULL : WAIT = 0.5
00207 
00207 #set current and turn on output and verify feedback
00207 Command = 81, Output2B = 1 : NULL : WAIT = 0.1
00208 LdCurrentSet = 0: NULL : WAIT = 0.1
00209 #verify reading from load
00209 NULL : Feedback2B = 0.0 | 0.5 | 0.1
00209 TEST: Feedback2B 0.0 +/- 0.5
00209 PASS: Feedback2B 0.0
00210 NULL : OutStat2B = 1 | 0.01 | 0.1
00210 TEST: OutStat2B 1.0 +/- 0.01
00210 PASS: OutStat2B 1.0
00211 NULL : MeterCurrent = 0.0 | 0.1 | 0.1
00211 TEST: MeterCurrent 0.0 +/- 0.1
00211 PASS: MeterCurrent 0.0
00212 
00212 #set current and turn on output and verify feedback
00212 Command = 81, Output2B = 1 : NULL : WAIT = 0.1
00213 LdCurrentSet = 100: NULL : WAIT = 0.1
00214 #verify reading from load
00214 NULL : Feedback2B = 0.1 | 0.5 | 0.1
00214 TEST: Feedback2B 0.1 +/- 0.5
00214 PASS: Feedback2B 0.012
00215 NULL : OutStat2B = 1 | 0.01 | 0.1
00215 TEST: OutStat2B 1.0 +/- 0.01
00215 PASS: OutStat2B 1.0
00216 NULL : MeterCurrent = 0.1 | 0.1 | 0.1
00216 TEST: MeterCurrent 0.1 +/- 0.1
00216 PASS: MeterCurrent 0.094
00217 
00217 #set current and turn on output and verify feedback
00217 Command = 81, Output2B = 1 : NULL : WAIT = 0.1
00218 LdCurrentSet = 200: NULL : WAIT = 0.1
00219 #verify reading from load
00219 NULL : Feedback2B = 0.2 | 0.5 | 0.1
00219 TEST: Feedback2B 0.2 +/- 0.5
00219 PASS: Feedback2B 0.008
00220 NULL : OutStat2B = 1 | 0.01 | 0.1
00220 TEST: OutStat2B 1.0 +/- 0.01
00220 PASS: OutStat2B 1.0
00221 NULL : MeterCurrent = 0.2 | 0.1 | 0.1
00221 TEST: MeterCurrent 0.2 +/- 0.1
00221 PASS: MeterCurrent 0.2
00222 
00222 #set current and turn on output and verify feedback
00222 Command = 81, Output2B = 1 : NULL : WAIT = 0.1
00223 LdCurrentSet = 300: NULL : WAIT = 0.1
00224 #verify reading from load
00224 NULL : Feedback2B = 0.3 | 0.5 | 0.1
00224 TEST: Feedback2B 0.3 +/- 0.5
00224 PASS: Feedback2B 0.175
00225 NULL : OutStat2B = 1 | 0.01 | 0.1
00225 TEST: OutStat2B 1.0 +/- 0.01
00225 PASS: OutStat2B 1.0
00226 NULL : MeterCurrent = 0.3 | 0.1 | 0.1
00226 TEST: MeterCurrent 0.3 +/- 0.1
00226 PASS: MeterCurrent 0.232
00227 
00227 #set current and turn on output and verify feedback
00227 Command = 81, Output2B = 1 : NULL : WAIT = 0.1
00228 LdCurrentSet = 400: NULL : WAIT = 0.1
00229 #verify reading from load
00229 NULL : Feedback2B = 0.4 | 0.5 | 0.1
00229 TEST: Feedback2B 0.4 +/- 0.5
00229 PASS: Feedback2B 0.325
00230 NULL : OutStat2B = 1 | 0.01 | 0.1
00230 TEST: OutStat2B 1.0 +/- 0.01
00230 PASS: OutStat2B 1.0
00231 NULL : MeterCurrent = 0.4 | 0.1 | 0.1
00231 TEST: MeterCurrent 0.4 +/- 0.1
00231 PASS: MeterCurrent 0.346
00232 
00232 #set current and turn on output and verify feedback
00232 Command = 81, Output2B = 1 : NULL : WAIT = 0.1
00233 LdCurrentSet = 500: NULL : WAIT = 0.1
00234 #verify reading from load
00234 NULL : Feedback2B = 0.5 | 0.5 | 0.1
00234 TEST: Feedback2B 0.5 +/- 0.5
00234 PASS: Feedback2B 0.422
00235 NULL : OutStat2B = 1 | 0.01 | 0.1
00235 TEST: OutStat2B 1.0 +/- 0.01
00235 PASS: OutStat2B 1.0
00236 NULL : MeterCurrent = 0.5 | 0.1 | 0.1
00236 TEST: MeterCurrent 0.5 +/- 0.1
00236 PASS: MeterCurrent 0.445
00237 
00237 #set current and turn on output and verify feedback
00237 Command = 81, Output2B = 1 : NULL : WAIT = 0.1
00238 LdCurrentSet = 600: NULL : WAIT = 0.1
00239 #verify reading from load
00239 NULL : Feedback2B = 0.6 | 0.5 | 0.1
00239 TEST: Feedback2B 0.6 +/- 0.5
00239 PASS: Feedback2B 0.565
00240 NULL : OutStat2B = 1 | 0.01 | 0.1
00240 TEST: OutStat2B 1.0 +/- 0.01
00240 PASS: OutStat2B 1.0
00241 NULL : MeterCurrent = 0.6 | 0.1 | 0.1
00241 TEST: MeterCurrent 0.6 +/- 0.1
00241 PASS: MeterCurrent 0.563
00242 
00242 #set current and turn on output and verify feedback
00242 Command = 81, Output2B = 1 : NULL : WAIT = 0.1
00243 LdCurrentSet = 700: NULL : WAIT = 0.1
00244 #verify reading from load
00244 NULL : Feedback2B = 0.7 | 0.5 | 0.1
00244 TEST: Feedback2B 0.7 +/- 0.5
00244 PASS: Feedback2B 0.673
00245 NULL : OutStat2B = 1 | 0.01 | 0.1
00245 TEST: OutStat2B 1.0 +/- 0.01
00245 PASS: OutStat2B 1.0
00246 NULL : MeterCurrent = 0.7000000000000001 | 0.1 | 0.1
00246 TEST: MeterCurrent 0.7 +/- 0.1
00246 PASS: MeterCurrent 0.675
00247 
00247 #set current and turn on output and verify feedback
00247 Command = 81, Output2B = 1 : NULL : WAIT = 0.1
00248 LdCurrentSet = 800: NULL : WAIT = 0.1
00249 #verify reading from load
00249 NULL : Feedback2B = 0.8 | 0.5 | 0.1
00249 TEST: Feedback2B 0.8 +/- 0.5
00249 PASS: Feedback2B 0.673
00250 NULL : OutStat2B = 1 | 0.01 | 0.1
00250 TEST: OutStat2B 1.0 +/- 0.01
00250 PASS: OutStat2B 1.0
00251 NULL : MeterCurrent = 0.8 | 0.1 | 0.1
00251 TEST: MeterCurrent 0.8 +/- 0.1
00251 PASS: MeterCurrent 0.792
00252 
00252 #set current and turn on output and verify feedback
00252 Command = 81, Output2B = 1 : NULL : WAIT = 0.1
00253 LdCurrentSet = 900: NULL : WAIT = 0.1
00254 #verify reading from load
00254 NULL : Feedback2B = 0.9 | 0.5 | 0.1
00254 TEST: Feedback2B 0.9 +/- 0.5
00254 PASS: Feedback2B 0.795
00255 NULL : OutStat2B = 1 | 0.01 | 0.1
00255 TEST: OutStat2B 1.0 +/- 0.01
00255 PASS: OutStat2B 1.0
00256 NULL : MeterCurrent = 0.9 | 0.1 | 0.1
00256 TEST: MeterCurrent 0.9 +/- 0.1
00256 PASS: MeterCurrent 0.808
00257 
00257 #set current and turn on output and verify feedback
00257 Command = 81, Output2B = 1 : NULL : WAIT = 0.1
00258 LdCurrentSet = 1000: NULL : WAIT = 0.1
00259 #verify reading from load
00259 NULL : Feedback2B = 1.0 | 0.5 | 0.1
00259 TEST: Feedback2B 1.0 +/- 0.5
00259 PASS: Feedback2B 0.965
00260 NULL : OutStat2B = 1 | 0.01 | 0.1
00260 TEST: OutStat2B 1.0 +/- 0.01
00260 PASS: OutStat2B 1.0
00261 NULL : MeterCurrent = 1.0 | 0.1 | 0.1
00261 TEST: MeterCurrent 1.0 +/- 0.1
00261 PASS: MeterCurrent 0.925
00262 
00262 #set current and turn on output and verify feedback
00262 Command = 81, Output2B = 1 : NULL : WAIT = 0.1
00263 LdCurrentSet = 1100: NULL : WAIT = 0.1
00264 #verify reading from load
00264 NULL : Feedback2B = 1.1 | 0.5 | 0.1
00264 TEST: Feedback2B 1.1 +/- 0.5
00264 PASS: Feedback2B 1.111
00265 NULL : OutStat2B = 1 | 0.01 | 0.1
00265 TEST: OutStat2B 1.0 +/- 0.01
00265 PASS: OutStat2B 1.0
00266 NULL : MeterCurrent = 1.1 | 0.1 | 0.1
00266 TEST: MeterCurrent 1.1 +/- 0.1
00266 PASS: MeterCurrent 1.041
00267 
00267 #set current and turn on output and verify feedback
00267 Command = 81, Output2B = 1 : NULL : WAIT = 0.1
00268 LdCurrentSet = 1200: NULL : WAIT = 0.1
00269 #verify reading from load
00269 NULL : Feedback2B = 1.2 | 0.5 | 0.1
00269 TEST: Feedback2B 1.2 +/- 0.5
00269 PASS: Feedback2B 1.226
00270 NULL : OutStat2B = 1 | 0.01 | 0.1
00270 TEST: OutStat2B 1.0 +/- 0.01
00270 PASS: OutStat2B 1.0
00271 NULL : MeterCurrent = 1.2 | 0.1 | 0.1
00271 TEST: MeterCurrent 1.2 +/- 0.1
00271 PASS: MeterCurrent 1.154
00272 
00272 #set current and turn on output and verify feedback
00272 Command = 81, Output2B = 1 : NULL : WAIT = 0.1
00273 LdCurrentSet = 1300: NULL : WAIT = 0.1
00274 #verify reading from load
00274 NULL : Feedback2B = 1.3 | 0.5 | 0.1
00274 TEST: Feedback2B 1.3 +/- 0.5
00274 PASS: Feedback2B 1.226
00275 NULL : OutStat2B = 1 | 0.01 | 0.1
00275 TEST: OutStat2B 1.0 +/- 0.01
00275 PASS: OutStat2B 1.0
00276 NULL : MeterCurrent = 1.3 | 0.1 | 0.1
00276 TEST: MeterCurrent 1.3 +/- 0.1
00276 PASS: MeterCurrent 1.281
00277 
00277 #set current and turn on output and verify feedback
00277 Command = 81, Output2B = 1 : NULL : WAIT = 0.1
00278 LdCurrentSet = 1400: NULL : WAIT = 0.1
00279 #verify reading from load
00279 NULL : Feedback2B = 1.4 | 0.5 | 0.1
00279 TEST: Feedback2B 1.4 +/- 0.5
00279 PASS: Feedback2B 1.386
00280 NULL : OutStat2B = 1 | 0.01 | 0.1
00280 TEST: OutStat2B 1.0 +/- 0.01
00280 PASS: OutStat2B 1.0
00281 NULL : MeterCurrent = 1.4000000000000001 | 0.1 | 0.1
00281 TEST: MeterCurrent 1.4 +/- 0.1
00281 PASS: MeterCurrent 1.399
00282 
00282 #set current and turn on output and verify feedback
00282 Command = 81, Output2B = 1 : NULL : WAIT = 0.1
00283 LdCurrentSet = 1500: NULL : WAIT = 0.1
00284 #verify reading from load
00284 NULL : Feedback2B = 1.5 | 0.5 | 0.1
00284 TEST: Feedback2B 1.5 +/- 0.5
00284 PASS: Feedback2B 1.557
00285 NULL : OutStat2B = 1 | 0.01 | 0.1
00285 TEST: OutStat2B 1.0 +/- 0.01
00285 PASS: OutStat2B 1.0
00286 NULL : MeterCurrent = 1.5 | 0.1 | 0.1
00286 TEST: MeterCurrent 1.5 +/- 0.1
00286 PASS: MeterCurrent 1.42
00287 
00287 #set current and turn on output and verify feedback
00287 Command = 81, Output2B = 1 : NULL : WAIT = 0.1
00288 LdCurrentSet = 1600: NULL : WAIT = 0.1
00289 #verify reading from load
00289 NULL : Feedback2B = 1.6 | 0.5 | 0.1
00289 TEST: Feedback2B 1.6 +/- 0.5
00289 PASS: Feedback2B 1.668
00290 NULL : OutStat2B = 1 | 0.01 | 0.1
00290 TEST: OutStat2B 1.0 +/- 0.01
00290 PASS: OutStat2B 1.0
00291 NULL : MeterCurrent = 1.6 | 0.1 | 0.1
00291 TEST: MeterCurrent 1.6 +/- 0.1
00291 PASS: MeterCurrent 1.53
00292 
00292 #set current and turn on output and verify feedback
00292 Command = 81, Output2B = 1 : NULL : WAIT = 0.1
00293 LdCurrentSet = 1700: NULL : WAIT = 0.1
00294 #verify reading from load
00294 NULL : Feedback2B = 1.7 | 0.5 | 0.1
00294 TEST: Feedback2B 1.7 +/- 0.5
00294 PASS: Feedback2B 1.779
00295 NULL : OutStat2B = 1 | 0.01 | 0.1
00295 TEST: OutStat2B 1.0 +/- 0.01
00295 PASS: OutStat2B 1.0
00296 NULL : MeterCurrent = 1.7 | 0.1 | 0.1
00296 TEST: MeterCurrent 1.7 +/- 0.1
00296 PASS: MeterCurrent 1.647
00297 
00297 #set current and turn on output and verify feedback
00297 Command = 81, Output2B = 1 : NULL : WAIT = 0.1
00298 LdCurrentSet = 1800: NULL : WAIT = 0.1
00299 #verify reading from load
00299 NULL : Feedback2B = 1.8 | 0.5 | 0.1
00299 TEST: Feedback2B 1.8 +/- 0.5
00299 PASS: Feedback2B 1.79
00300 NULL : OutStat2B = 1 | 0.01 | 0.1
00300 TEST: OutStat2B 1.0 +/- 0.01
00300 PASS: OutStat2B 1.0
00301 NULL : MeterCurrent = 1.8 | 0.1 | 0.1
00301 TEST: MeterCurrent 1.8 +/- 0.1
00301 PASS: MeterCurrent 1.765
00302 
00302 #set current and turn on output and verify feedback
00302 Command = 81, Output2B = 1 : NULL : WAIT = 0.1
00303 LdCurrentSet = 1900: NULL : WAIT = 0.1
00304 #verify reading from load
00304 NULL : Feedback2B = 1.9 | 0.5 | 0.1
00304 TEST: Feedback2B 1.9 +/- 0.5
00304 PASS: Feedback2B 1.967
00305 NULL : OutStat2B = 1 | 0.01 | 0.1
00305 TEST: OutStat2B 1.0 +/- 0.01
00305 PASS: OutStat2B 1.0
00306 NULL : MeterCurrent = 1.9000000000000001 | 0.1 | 0.1
00306 TEST: MeterCurrent 1.9 +/- 0.1
00306 PASS: MeterCurrent 1.884
00307 
00307 #set current and turn on output and verify feedback
00307 Command = 81, Output2B = 1 : NULL : WAIT = 0.1
00308 LdCurrentSet = 2000: NULL : WAIT = 0.1
00309 #verify reading from load
00309 NULL : Feedback2B = 2.0 | 0.5 | 0.1
00309 TEST: Feedback2B 2.0 +/- 0.5
00309 PASS: Feedback2B 2.114
00310 NULL : OutStat2B = 1 | 0.01 | 0.1
00310 TEST: OutStat2B 1.0 +/- 0.01
00310 PASS: OutStat2B 1.0
00311 NULL : MeterCurrent = 2.0 | 0.1 | 0.1
00311 TEST: MeterCurrent 2.0 +/- 0.1
00311 PASS: MeterCurrent 2.0
00312 
00312 #set current and turn on output and verify feedback
00312 Command = 81, Output2B = 1 : NULL : WAIT = 0.1
00313 LdCurrentSet = 2100: NULL : WAIT = 0.1
00314 #verify reading from load
00314 NULL : Feedback2B = 2.1 | 0.5 | 0.1
00314 TEST: Feedback2B 2.1 +/- 0.5
00314 PASS: Feedback2B 2.228
00315 NULL : OutStat2B = 1 | 0.01 | 0.1
00315 TEST: OutStat2B 1.0 +/- 0.01
00315 PASS: OutStat2B 1.0
00316 NULL : MeterCurrent = 2.1 | 0.1 | 0.1
00316 TEST: MeterCurrent 2.1 +/- 0.1
00316 PASS: MeterCurrent 2.023
00317 
00317 #set current and turn on output and verify feedback
00317 Command = 81, Output2B = 1 : NULL : WAIT = 0.1
00318 LdCurrentSet = 2200: NULL : WAIT = 0.1
00319 #verify reading from load
00319 NULL : Feedback2B = 2.2 | 0.5 | 0.1
00319 TEST: Feedback2B 2.2 +/- 0.5
00319 PASS: Feedback2B 2.232
00320 NULL : OutStat2B = 1 | 0.01 | 0.1
00320 TEST: OutStat2B 1.0 +/- 0.01
00320 PASS: OutStat2B 1.0
00321 NULL : MeterCurrent = 2.2 | 0.1 | 0.1
00321 TEST: MeterCurrent 2.2 +/- 0.1
00321 PASS: MeterCurrent 2.136
00322 
00322 #set current and turn on output and verify feedback
00322 Command = 81, Output2B = 1 : NULL : WAIT = 0.1
00323 LdCurrentSet = 2300: NULL : WAIT = 0.1
00324 #verify reading from load
00324 NULL : Feedback2B = 2.3 | 0.5 | 0.1
00324 TEST: Feedback2B 2.3 +/- 0.5
00324 PASS: Feedback2B 2.364
00325 NULL : OutStat2B = 1 | 0.01 | 0.1
00325 TEST: OutStat2B 1.0 +/- 0.01
00325 PASS: OutStat2B 1.0
00326 NULL : MeterCurrent = 2.3000000000000003 | 0.1 | 0.1
00326 TEST: MeterCurrent 2.3 +/- 0.1
00326 PASS: MeterCurrent 2.247
00327 
00327 #set current and turn on output and verify feedback
00327 Command = 81, Output2B = 1 : NULL : WAIT = 0.1
00328 LdCurrentSet = 2400: NULL : WAIT = 0.1
00329 #verify reading from load
00329 NULL : Feedback2B = 2.4 | 0.5 | 0.1
00329 TEST: Feedback2B 2.4 +/- 0.5
00329 PASS: Feedback2B 2.486
00330 NULL : OutStat2B = 1 | 0.01 | 0.1
00330 TEST: OutStat2B 1.0 +/- 0.01
00330 PASS: OutStat2B 1.0
00331 NULL : MeterCurrent = 2.4 | 0.1 | 0.1
00331 TEST: MeterCurrent 2.4 +/- 0.1
00331 PASS: MeterCurrent 2.361
00332 
00332 #set current and turn on output and verify feedback
00332 Command = 81, Output2B = 1 : NULL : WAIT = 0.1
00333 LdCurrentSet = 2500: NULL : WAIT = 0.1
00334 #verify reading from load
00334 NULL : Feedback2B = 2.5 | 0.5 | 0.1
00334 TEST: Feedback2B 2.5 +/- 0.5
00334 PASS: Feedback2B 2.653
00335 NULL : OutStat2B = 1 | 0.01 | 0.1
00335 TEST: OutStat2B 1.0 +/- 0.01
00335 PASS: OutStat2B 1.0
00336 NULL : MeterCurrent = 2.5 | 0.1 | 0.1
00336 TEST: MeterCurrent 2.5 +/- 0.1
00336 PASS: MeterCurrent 2.477
00337 
00337 #set current and turn on output and verify feedback
00337 Command = 81, Output2B = 1 : NULL : WAIT = 0.1
00338 LdCurrentSet = 2600: NULL : WAIT = 0.1
00339 #verify reading from load
00339 NULL : Feedback2B = 2.6 | 0.5 | 0.1
00339 TEST: Feedback2B 2.6 +/- 0.5
00339 PASS: Feedback2B 2.775
00340 NULL : OutStat2B = 1 | 0.01 | 0.1
00340 TEST: OutStat2B 1.0 +/- 0.01
00340 PASS: OutStat2B 1.0
00341 NULL : MeterCurrent = 2.6 | 0.1 | 0.1
00341 TEST: MeterCurrent 2.6 +/- 0.1
00341 PASS: MeterCurrent 2.595
00342 
00342 #set current and turn on output and verify feedback
00342 Command = 81, Output2B = 1 : NULL : WAIT = 0.1
00343 LdCurrentSet = 2700: NULL : WAIT = 0.1
00344 #verify reading from load
00344 NULL : Feedback2B = 2.7 | 0.5 | 0.1
00344 TEST: Feedback2B 2.7 +/- 0.5
00344 PASS: Feedback2B 2.775
00345 NULL : OutStat2B = 1 | 0.01 | 0.1
00345 TEST: OutStat2B 1.0 +/- 0.01
00345 PASS: OutStat2B 1.0
00346 NULL : MeterCurrent = 2.7 | 0.1 | 0.1
00346 TEST: MeterCurrent 2.7 +/- 0.1
00346 PASS: MeterCurrent 2.617
00347 
00347 #set current and turn on output and verify feedback
00347 Command = 81, Output2B = 1 : NULL : WAIT = 0.1
00348 LdCurrentSet = 2800: NULL : WAIT = 0.1
00349 #verify reading from load
00349 NULL : Feedback2B = 2.8 | 0.5 | 0.1
00349 TEST: Feedback2B 2.8 +/- 0.5
00349 PASS: Feedback2B 2.91
00350 NULL : OutStat2B = 1 | 0.01 | 0.1
00350 TEST: OutStat2B 1.0 +/- 0.01
00350 PASS: OutStat2B 1.0
00351 NULL : MeterCurrent = 2.8000000000000003 | 0.1 | 0.1
00351 TEST: MeterCurrent 2.8 +/- 0.1
00351 PASS: MeterCurrent 2.731
00352 
00352 #set current and turn on output and verify feedback
00352 Command = 81, Output2B = 1 : NULL : WAIT = 0.1
00353 LdCurrentSet = 2900: NULL : WAIT = 0.1
00354 #verify reading from load
00354 NULL : Feedback2B = 2.9 | 0.5 | 0.1
00354 TEST: Feedback2B 2.9 +/- 0.5
00354 PASS: Feedback2B 3.088
00355 NULL : OutStat2B = 1 | 0.01 | 0.1
00355 TEST: OutStat2B 1.0 +/- 0.01
00355 PASS: OutStat2B 1.0
00356 NULL : MeterCurrent = 2.9 | 0.1 | 0.1
00356 TEST: MeterCurrent 2.9 +/- 0.1
00356 PASS: MeterCurrent 2.845
00357 
00357 #set current and turn on output and verify feedback
00357 Command = 81, Output2B = 1 : NULL : WAIT = 0.1
00358 LdCurrentSet = 3000: NULL : WAIT = 0.1
00359 #verify reading from load
00359 NULL : Feedback2B = 3.0 | 0.5 | 0.1
00359 TEST: Feedback2B 3.0 +/- 0.5
00359 PASS: Feedback2B 3.22
00360 NULL : OutStat2B = 1 | 0.01 | 0.1
00360 TEST: OutStat2B 1.0 +/- 0.01
00360 PASS: OutStat2B 1.0
00361 NULL : MeterCurrent = 3.0 | 0.1 | 0.1
00361 TEST: MeterCurrent 3.0 +/- 0.1
00361 PASS: MeterCurrent 2.967
00362 
00362 #set current and turn on output and verify feedback
00362 Command = 81, Output2B = 1 : NULL : WAIT = 0.1
00363 LdCurrentSet = 3100: NULL : WAIT = 0.1
00364 #verify reading from load
00364 NULL : Feedback2B = 3.1 | 0.5 | 0.1
00364 TEST: Feedback2B 3.1 +/- 0.5
00364 PASS: Feedback2B 3.332
00365 NULL : OutStat2B = 1 | 0.01 | 0.1
00365 TEST: OutStat2B 1.0 +/- 0.01
00365 PASS: OutStat2B 1.0
00366 NULL : MeterCurrent = 3.1 | 0.1 | 0.1
00366 TEST: MeterCurrent 3.1 +/- 0.1
00366 PASS: MeterCurrent 3.087
00367 
00367 #set current and turn on output and verify feedback
00367 Command = 81, Output2B = 1 : NULL : WAIT = 0.1
00368 LdCurrentSet = 3200: NULL : WAIT = 0.1
00369 #verify reading from load
00369 NULL : Feedback2B = 3.2 | 0.5 | 0.1
00369 TEST: Feedback2B 3.2 +/- 0.5
00369 PASS: Feedback2B 3.338
00370 NULL : OutStat2B = 1 | 0.01 | 0.1
00370 TEST: OutStat2B 1.0 +/- 0.01
00370 PASS: OutStat2B 1.0
00371 NULL : MeterCurrent = 3.2 | 0.1 | 0.1
00371 TEST: MeterCurrent 3.2 +/- 0.1
00371 PASS: MeterCurrent 3.2
00372 
00372 #set current and turn on output and verify feedback
00372 Command = 81, Output2B = 1 : NULL : WAIT = 0.1
00373 LdCurrentSet = 3300: NULL : WAIT = 0.1
00374 #verify reading from load
00374 NULL : Feedback2B = 3.3 | 0.5 | 0.1
00374 TEST: Feedback2B 3.3 +/- 0.5
00374 PASS: Feedback2B 3.471
00375 NULL : OutStat2B = 1 | 0.01 | 0.1
00375 TEST: OutStat2B 1.0 +/- 0.01
00375 FAIL: OutStat2B 2.0
00376 NULL : MeterCurrent = 3.3000000000000003 | 0.1 | 0.1
00376 TEST: MeterCurrent 3.3 +/- 0.1
00376 FAIL: MeterCurrent 0.021
00377 
00377 #set current and turn on output and verify feedback
00377 Command = 81, Output2B = 1 : NULL : WAIT = 0.1
00378 LdCurrentSet = 3400: NULL : WAIT = 0.1
00379 #verify reading from load
00379 NULL : Feedback2B = 3.4 | 0.5 | 0.1
00379 TEST: Feedback2B 3.4 +/- 0.5
00379 FAIL: Feedback2B 0.0
00380 NULL : OutStat2B = 1 | 0.01 | 0.1
00380 TEST: OutStat2B 1.0 +/- 0.01
00380 FAIL: OutStat2B 2.0
00381 NULL : MeterCurrent = 3.4 | 0.1 | 0.1
00381 TEST: MeterCurrent 3.4 +/- 0.1
00381 FAIL: MeterCurrent 0.022
00382 
00382 #set current and turn on output and verify feedback
00382 Command = 81, Output2B = 1 : NULL : WAIT = 0.1
00383 LdCurrentSet = 3500: NULL : WAIT = 0.1
00384 #verify fault #1
00384 NULL : Feedback2B = 0 | 0.1 | 0.1
00384 TEST: Feedback2B 0.0 +/- 0.1
00384 PASS: Feedback2B 0.0
00385 NULL : OutStat2B = 2 | 0.1 | 0.1
00385 TEST: OutStat2B 2.0 +/- 0.1
00385 PASS: OutStat2B 2.0
00386 NULL : MeterCurrent = 0  | 0.01 | 0.1
00386 TEST: MeterCurrent 0.0 +/- 0.01
00386 FAIL: MeterCurrent 0.022
00387 
00387 #switch out load line, clear current
00387 Output2B = 0 : NULL : WAIT = 0.1
00388 J3_02 = 0 : NULL : WAIT = 0.5
00389 LdCurrentSet = 0 : NULL : WAIT = 0.1
00390 NULL : OutStat2B = 0 | 0.1 | 0.1
00390 TEST: OutStat2B 0.0 +/- 0.1
00390 PASS: OutStat2B 0.0
00391 #switch in load line, set current
00391 J3_03 = 1 : NULL : WAIT = 0.5
00392 
00392 #set current and turn on output and verify feedback
00392 Command = 81, Output4A = 1 : NULL : WAIT = 0.1
00393 LdCurrentSet = 0: NULL : WAIT = 0.1
00394 #verify reading from load
00394 NULL : Feedback4A = 0.0 | 0.5 | 0.1
00394 TEST: Feedback4A 0.0 +/- 0.5
00394 PASS: Feedback4A 0.0
00395 NULL : OutStat4A = 1 | 0.01 | 0.1
00395 TEST: OutStat4A 1.0 +/- 0.01
00395 PASS: OutStat4A 1.0
00396 NULL : MeterCurrent = 0.0 | 0.1 | 0.1
00396 TEST: MeterCurrent 0.0 +/- 0.1
00396 PASS: MeterCurrent 0.0
00397 
00397 #set current and turn on output and verify feedback
00397 Command = 81, Output4A = 1 : NULL : WAIT = 0.1
00398 LdCurrentSet = 100: NULL : WAIT = 0.1
00399 #verify reading from load
00399 NULL : Feedback4A = 0.1 | 0.5 | 0.1
00399 TEST: Feedback4A 0.1 +/- 0.5
00399 PASS: Feedback4A 0.0
00400 NULL : OutStat4A = 1 | 0.01 | 0.1
00400 TEST: OutStat4A 1.0 +/- 0.01
00400 PASS: OutStat4A 1.0
00401 NULL : MeterCurrent = 0.1 | 0.1 | 0.1
00401 TEST: MeterCurrent 0.1 +/- 0.1
00401 PASS: MeterCurrent 0.091
00402 
00402 #set current and turn on output and verify feedback
00402 Command = 81, Output4A = 1 : NULL : WAIT = 0.1
00403 LdCurrentSet = 200: NULL : WAIT = 0.1
00404 #verify reading from load
00404 NULL : Feedback4A = 0.2 | 0.5 | 0.1
00404 TEST: Feedback4A 0.2 +/- 0.5
00404 PASS: Feedback4A 0.132
00405 NULL : OutStat4A = 1 | 0.01 | 0.1
00405 TEST: OutStat4A 1.0 +/- 0.01
00405 PASS: OutStat4A 1.0
00406 NULL : MeterCurrent = 0.2 | 0.1 | 0.1
00406 TEST: MeterCurrent 0.2 +/- 0.1
00406 PASS: MeterCurrent 0.2
00407 
00407 #set current and turn on output and verify feedback
00407 Command = 81, Output4A = 1 : NULL : WAIT = 0.1
00408 LdCurrentSet = 300: NULL : WAIT = 0.1
00409 #verify reading from load
00409 NULL : Feedback4A = 0.3 | 0.5 | 0.1
00409 TEST: Feedback4A 0.3 +/- 0.5
00409 PASS: Feedback4A 0.241
00410 NULL : OutStat4A = 1 | 0.01 | 0.1
00410 TEST: OutStat4A 1.0 +/- 0.01
00410 PASS: OutStat4A 1.0
00411 NULL : MeterCurrent = 0.3 | 0.1 | 0.1
00411 TEST: MeterCurrent 0.3 +/- 0.1
00411 PASS: MeterCurrent 0.2
00412 
00412 #set current and turn on output and verify feedback
00412 Command = 81, Output4A = 1 : NULL : WAIT = 0.1
00413 LdCurrentSet = 400: NULL : WAIT = 0.1
00414 #verify reading from load
00414 NULL : Feedback4A = 0.4 | 0.5 | 0.1
00414 TEST: Feedback4A 0.4 +/- 0.5
00414 PASS: Feedback4A 0.258
00415 NULL : OutStat4A = 1 | 0.01 | 0.1
00415 TEST: OutStat4A 1.0 +/- 0.01
00415 PASS: OutStat4A 1.0
00416 NULL : MeterCurrent = 0.4 | 0.1 | 0.1
00416 TEST: MeterCurrent 0.4 +/- 0.1
00416 PASS: MeterCurrent 0.347
00417 
00417 #set current and turn on output and verify feedback
00417 Command = 81, Output4A = 1 : NULL : WAIT = 0.1
00418 LdCurrentSet = 500: NULL : WAIT = 0.1
00419 #verify reading from load
00419 NULL : Feedback4A = 0.5 | 0.5 | 0.1
00419 TEST: Feedback4A 0.5 +/- 0.5
00419 PASS: Feedback4A 0.36
00420 NULL : OutStat4A = 1 | 0.01 | 0.1
00420 TEST: OutStat4A 1.0 +/- 0.01
00420 PASS: OutStat4A 1.0
00421 NULL : MeterCurrent = 0.5 | 0.1 | 0.1
00421 TEST: MeterCurrent 0.5 +/- 0.1
00421 PASS: MeterCurrent 0.446
00422 
00422 #set current and turn on output and verify feedback
00422 Command = 81, Output4A = 1 : NULL : WAIT = 0.1
00423 LdCurrentSet = 600: NULL : WAIT = 0.1
00424 #verify reading from load
00424 NULL : Feedback4A = 0.6 | 0.5 | 0.1
00424 TEST: Feedback4A 0.6 +/- 0.5
00424 PASS: Feedback4A 0.544
00425 NULL : OutStat4A = 1 | 0.01 | 0.1
00425 TEST: OutStat4A 1.0 +/- 0.01
00425 PASS: OutStat4A 1.0
00426 NULL : MeterCurrent = 0.6 | 0.1 | 0.1
00426 TEST: MeterCurrent 0.6 +/- 0.1
00426 PASS: MeterCurrent 0.567
00427 
00427 #set current and turn on output and verify feedback
00427 Command = 81, Output4A = 1 : NULL : WAIT = 0.1
00428 LdCurrentSet = 700: NULL : WAIT = 0.1
00429 #verify reading from load
00429 NULL : Feedback4A = 0.7 | 0.5 | 0.1
00429 TEST: Feedback4A 0.7 +/- 0.5
00429 PASS: Feedback4A 0.663
00430 NULL : OutStat4A = 1 | 0.01 | 0.1
00430 TEST: OutStat4A 1.0 +/- 0.01
00430 PASS: OutStat4A 1.0
00431 NULL : MeterCurrent = 0.7000000000000001 | 0.1 | 0.1
00431 TEST: MeterCurrent 0.7 +/- 0.1
00431 PASS: MeterCurrent 0.684
00432 
00432 #set current and turn on output and verify feedback
00432 Command = 81, Output4A = 1 : NULL : WAIT = 0.1
00433 LdCurrentSet = 800: NULL : WAIT = 0.1
00434 #verify reading from load
00434 NULL : Feedback4A = 0.8 | 0.5 | 0.1
00434 TEST: Feedback4A 0.8 +/- 0.5
00434 PASS: Feedback4A 0.785
00435 NULL : OutStat4A = 1 | 0.01 | 0.1
00435 TEST: OutStat4A 1.0 +/- 0.01
00435 PASS: OutStat4A 1.0
00436 NULL : MeterCurrent = 0.8 | 0.1 | 0.1
00436 TEST: MeterCurrent 0.8 +/- 0.1
00436 PASS: MeterCurrent 0.791
00437 
00437 #set current and turn on output and verify feedback
00437 Command = 81, Output4A = 1 : NULL : WAIT = 0.1
00438 LdCurrentSet = 900: NULL : WAIT = 0.1
00439 #verify reading from load
00439 NULL : Feedback4A = 0.9 | 0.5 | 0.1
00439 TEST: Feedback4A 0.9 +/- 0.5
00439 PASS: Feedback4A 0.905
00440 NULL : OutStat4A = 1 | 0.01 | 0.1
00440 TEST: OutStat4A 1.0 +/- 0.01
00440 PASS: OutStat4A 1.0
00441 NULL : MeterCurrent = 0.9 | 0.1 | 0.1
00441 TEST: MeterCurrent 0.9 +/- 0.1
00441 PASS: MeterCurrent 0.809
00442 
00442 #set current and turn on output and verify feedback
00442 Command = 81, Output4A = 1 : NULL : WAIT = 0.1
00443 LdCurrentSet = 1000: NULL : WAIT = 0.1
00444 #verify reading from load
00444 NULL : Feedback4A = 1.0 | 0.5 | 0.1
00444 TEST: Feedback4A 1.0 +/- 0.5
00444 PASS: Feedback4A 0.905
00445 NULL : OutStat4A = 1 | 0.01 | 0.1
00445 TEST: OutStat4A 1.0 +/- 0.01
00445 PASS: OutStat4A 1.0
00446 NULL : MeterCurrent = 1.0 | 0.1 | 0.1
00446 TEST: MeterCurrent 1.0 +/- 0.1
00446 PASS: MeterCurrent 0.928
00447 
00447 #set current and turn on output and verify feedback
00447 Command = 81, Output4A = 1 : NULL : WAIT = 0.1
00448 LdCurrentSet = 1100: NULL : WAIT = 0.1
00449 #verify reading from load
00449 NULL : Feedback4A = 1.1 | 0.5 | 0.1
00449 TEST: Feedback4A 1.1 +/- 0.5
00449 PASS: Feedback4A 1.034
00450 NULL : OutStat4A = 1 | 0.01 | 0.1
00450 TEST: OutStat4A 1.0 +/- 0.01
00450 PASS: OutStat4A 1.0
00451 NULL : MeterCurrent = 1.1 | 0.1 | 0.1
00451 TEST: MeterCurrent 1.1 +/- 0.1
00451 PASS: MeterCurrent 1.045
00452 
00452 #set current and turn on output and verify feedback
00452 Command = 81, Output4A = 1 : NULL : WAIT = 0.1
00453 LdCurrentSet = 1200: NULL : WAIT = 0.1
00454 #verify reading from load
00454 NULL : Feedback4A = 1.2 | 0.5 | 0.1
00454 TEST: Feedback4A 1.2 +/- 0.5
00454 PASS: Feedback4A 1.211
00455 NULL : OutStat4A = 1 | 0.01 | 0.1
00455 TEST: OutStat4A 1.0 +/- 0.01
00455 PASS: OutStat4A 1.0
00456 NULL : MeterCurrent = 1.2 | 0.1 | 0.1
00456 TEST: MeterCurrent 1.2 +/- 0.1
00456 PASS: MeterCurrent 1.164
00457 
00457 #set current and turn on output and verify feedback
00457 Command = 81, Output4A = 1 : NULL : WAIT = 0.1
00458 LdCurrentSet = 1300: NULL : WAIT = 0.1
00459 #verify reading from load
00459 NULL : Feedback4A = 1.3 | 0.5 | 0.1
00459 TEST: Feedback4A 1.3 +/- 0.5
00459 PASS: Feedback4A 1.344
00460 NULL : OutStat4A = 1 | 0.01 | 0.1
00460 TEST: OutStat4A 1.0 +/- 0.01
00460 PASS: OutStat4A 1.0
00461 NULL : MeterCurrent = 1.3 | 0.1 | 0.1
00461 TEST: MeterCurrent 1.3 +/- 0.1
00461 PASS: MeterCurrent 1.282
00462 
00462 #set current and turn on output and verify feedback
00462 Command = 81, Output4A = 1 : NULL : WAIT = 0.1
00463 LdCurrentSet = 1400: NULL : WAIT = 0.1
00464 #verify reading from load
00464 NULL : Feedback4A = 1.4 | 0.5 | 0.1
00464 TEST: Feedback4A 1.4 +/- 0.5
00464 PASS: Feedback4A 1.347
00465 NULL : OutStat4A = 1 | 0.01 | 0.1
00465 TEST: OutStat4A 1.0 +/- 0.01
00465 PASS: OutStat4A 1.0
00466 NULL : MeterCurrent = 1.4000000000000001 | 0.1 | 0.1
00466 TEST: MeterCurrent 1.4 +/- 0.1
00466 PASS: MeterCurrent 1.399
00467 
00467 #set current and turn on output and verify feedback
00467 Command = 81, Output4A = 1 : NULL : WAIT = 0.1
00468 LdCurrentSet = 1500: NULL : WAIT = 0.1
00469 #verify reading from load
00469 NULL : Feedback4A = 1.5 | 0.5 | 0.1
00469 TEST: Feedback4A 1.5 +/- 0.5
00469 PASS: Feedback4A 1.456
00470 NULL : OutStat4A = 1 | 0.01 | 0.1
00470 TEST: OutStat4A 1.0 +/- 0.01
00470 PASS: OutStat4A 1.0
00471 NULL : MeterCurrent = 1.5 | 0.1 | 0.1
00471 TEST: MeterCurrent 1.5 +/- 0.1
00471 PASS: MeterCurrent 1.413
00472 
00472 #set current and turn on output and verify feedback
00472 Command = 81, Output4A = 1 : NULL : WAIT = 0.1
00473 LdCurrentSet = 1600: NULL : WAIT = 0.1
00474 #verify reading from load
00474 NULL : Feedback4A = 1.6 | 0.5 | 0.1
00474 TEST: Feedback4A 1.6 +/- 0.5
00474 PASS: Feedback4A 1.637
00475 NULL : OutStat4A = 1 | 0.01 | 0.1
00475 TEST: OutStat4A 1.0 +/- 0.01
00475 PASS: OutStat4A 1.0
00476 NULL : MeterCurrent = 1.6 | 0.1 | 0.1
00476 TEST: MeterCurrent 1.6 +/- 0.1
00476 PASS: MeterCurrent 1.535
00477 
00477 #set current and turn on output and verify feedback
00477 Command = 81, Output4A = 1 : NULL : WAIT = 0.1
00478 LdCurrentSet = 1700: NULL : WAIT = 0.1
00479 #verify reading from load
00479 NULL : Feedback4A = 1.7 | 0.5 | 0.1
00479 TEST: Feedback4A 1.7 +/- 0.5
00479 PASS: Feedback4A 1.773
00480 NULL : OutStat4A = 1 | 0.01 | 0.1
00480 TEST: OutStat4A 1.0 +/- 0.01
00480 PASS: OutStat4A 1.0
00481 NULL : MeterCurrent = 1.7 | 0.1 | 0.1
00481 TEST: MeterCurrent 1.7 +/- 0.1
00481 PASS: MeterCurrent 1.647
00482 
00482 #set current and turn on output and verify feedback
00482 Command = 81, Output4A = 1 : NULL : WAIT = 0.1
00483 LdCurrentSet = 1800: NULL : WAIT = 0.1
00484 #verify reading from load
00484 NULL : Feedback4A = 1.8 | 0.5 | 0.1
00484 TEST: Feedback4A 1.8 +/- 0.5
00484 PASS: Feedback4A 1.896
00485 NULL : OutStat4A = 1 | 0.01 | 0.1
00485 TEST: OutStat4A 1.0 +/- 0.01
00485 PASS: OutStat4A 1.0
00486 NULL : MeterCurrent = 1.8 | 0.1 | 0.1
00486 TEST: MeterCurrent 1.8 +/- 0.1
00486 PASS: MeterCurrent 1.759
00487 
00487 #set current and turn on output and verify feedback
00487 Command = 81, Output4A = 1 : NULL : WAIT = 0.1
00488 LdCurrentSet = 1900: NULL : WAIT = 0.1
00489 #verify reading from load
00489 NULL : Feedback4A = 1.9 | 0.5 | 0.1
00489 TEST: Feedback4A 1.9 +/- 0.5
00489 PASS: Feedback4A 1.896
00490 NULL : OutStat4A = 1 | 0.01 | 0.1
00490 TEST: OutStat4A 1.0 +/- 0.01
00490 PASS: OutStat4A 1.0
00491 NULL : MeterCurrent = 1.9000000000000001 | 0.1 | 0.1
00491 TEST: MeterCurrent 1.9 +/- 0.1
00491 PASS: MeterCurrent 1.881
00492 
00492 #set current and turn on output and verify feedback
00492 Command = 81, Output4A = 1 : NULL : WAIT = 0.1
00493 LdCurrentSet = 2000: NULL : WAIT = 0.1
00494 #verify reading from load
00494 NULL : Feedback4A = 2.0 | 0.5 | 0.1
00494 TEST: Feedback4A 2.0 +/- 0.5
00494 PASS: Feedback4A 2.011
00495 NULL : OutStat4A = 1 | 0.01 | 0.1
00495 TEST: OutStat4A 1.0 +/- 0.01
00495 PASS: OutStat4A 1.0
00496 NULL : MeterCurrent = 2.0 | 0.1 | 0.1
00496 TEST: MeterCurrent 2.0 +/- 0.1
00496 PASS: MeterCurrent 1.996
00497 
00497 #set current and turn on output and verify feedback
00497 Command = 81, Output4A = 1 : NULL : WAIT = 0.1
00498 LdCurrentSet = 2100: NULL : WAIT = 0.1
00499 #verify reading from load
00499 NULL : Feedback4A = 2.1 | 0.5 | 0.1
00499 TEST: Feedback4A 2.1 +/- 0.5
00499 PASS: Feedback4A 2.171
00500 NULL : OutStat4A = 1 | 0.01 | 0.1
00500 TEST: OutStat4A 1.0 +/- 0.01
00500 PASS: OutStat4A 1.0
00501 NULL : MeterCurrent = 2.1 | 0.1 | 0.1
00501 TEST: MeterCurrent 2.1 +/- 0.1
00501 PASS: MeterCurrent 2.019
00502 
00502 #set current and turn on output and verify feedback
00502 Command = 81, Output4A = 1 : NULL : WAIT = 0.1
00503 LdCurrentSet = 2200: NULL : WAIT = 0.1
00504 #verify reading from load
00504 NULL : Feedback4A = 2.2 | 0.5 | 0.1
00504 TEST: Feedback4A 2.2 +/- 0.5
00504 PASS: Feedback4A 2.314
00505 NULL : OutStat4A = 1 | 0.01 | 0.1
00505 TEST: OutStat4A 1.0 +/- 0.01
00505 PASS: OutStat4A 1.0
00506 NULL : MeterCurrent = 2.2 | 0.1 | 0.1
00506 TEST: MeterCurrent 2.2 +/- 0.1
00506 PASS: MeterCurrent 2.129
00507 
00507 #set current and turn on output and verify feedback
00507 Command = 81, Output4A = 1 : NULL : WAIT = 0.1
00508 LdCurrentSet = 2300: NULL : WAIT = 0.1
00509 #verify reading from load
00509 NULL : Feedback4A = 2.3 | 0.5 | 0.1
00509 TEST: Feedback4A 2.3 +/- 0.5
00509 PASS: Feedback4A 2.447
00510 NULL : OutStat4A = 1 | 0.01 | 0.1
00510 TEST: OutStat4A 1.0 +/- 0.01
00510 PASS: OutStat4A 1.0
00511 NULL : MeterCurrent = 2.3000000000000003 | 0.1 | 0.1
00511 TEST: MeterCurrent 2.3 +/- 0.1
00511 PASS: MeterCurrent 2.244
00512 
00512 #set current and turn on output and verify feedback
00512 Command = 81, Output4A = 1 : NULL : WAIT = 0.1
00513 LdCurrentSet = 2400: NULL : WAIT = 0.1
00514 #verify reading from load
00514 NULL : Feedback4A = 2.4 | 0.5 | 0.1
00514 TEST: Feedback4A 2.4 +/- 0.5
00514 PASS: Feedback4A 2.559
00515 NULL : OutStat4A = 1 | 0.01 | 0.1
00515 TEST: OutStat4A 1.0 +/- 0.01
00515 PASS: OutStat4A 1.0
00516 NULL : MeterCurrent = 2.4 | 0.1 | 0.1
00516 TEST: MeterCurrent 2.4 +/- 0.1
00516 PASS: MeterCurrent 2.352
00517 
00517 #set current and turn on output and verify feedback
00517 Command = 81, Output4A = 1 : NULL : WAIT = 0.1
00518 LdCurrentSet = 2500: NULL : WAIT = 0.1
00519 #verify reading from load
00519 NULL : Feedback4A = 2.5 | 0.5 | 0.1
00519 TEST: Feedback4A 2.5 +/- 0.5
00519 PASS: Feedback4A 2.559
00520 NULL : OutStat4A = 1 | 0.01 | 0.1
00520 TEST: OutStat4A 1.0 +/- 0.01
00520 PASS: OutStat4A 1.0
00521 NULL : MeterCurrent = 2.5 | 0.1 | 0.1
00521 TEST: MeterCurrent 2.5 +/- 0.1
00521 PASS: MeterCurrent 2.467
00522 
00522 #set current and turn on output and verify feedback
00522 Command = 81, Output4A = 1 : NULL : WAIT = 0.1
00523 LdCurrentSet = 2600: NULL : WAIT = 0.1
00524 #verify reading from load
00524 NULL : Feedback4A = 2.6 | 0.5 | 0.1
00524 TEST: Feedback4A 2.6 +/- 0.5
00524 PASS: Feedback4A 2.716
00525 NULL : OutStat4A = 1 | 0.01 | 0.1
00525 TEST: OutStat4A 1.0 +/- 0.01
00525 PASS: OutStat4A 1.0
00526 NULL : MeterCurrent = 2.6 | 0.1 | 0.1
00526 TEST: MeterCurrent 2.6 +/- 0.1
00526 PASS: MeterCurrent 2.594
00527 
00527 #set current and turn on output and verify feedback
00527 Command = 81, Output4A = 1 : NULL : WAIT = 0.1
00528 LdCurrentSet = 2700: NULL : WAIT = 0.1
00529 #verify reading from load
00529 NULL : Feedback4A = 2.7 | 0.5 | 0.1
00529 TEST: Feedback4A 2.7 +/- 0.5
00529 PASS: Feedback4A 2.876
00530 NULL : OutStat4A = 1 | 0.01 | 0.1
00530 TEST: OutStat4A 1.0 +/- 0.01
00530 PASS: OutStat4A 1.0
00531 NULL : MeterCurrent = 2.7 | 0.1 | 0.1
00531 TEST: MeterCurrent 2.7 +/- 0.1
00531 PASS: MeterCurrent 2.61
00532 
00532 #set current and turn on output and verify feedback
00532 Command = 81, Output4A = 1 : NULL : WAIT = 0.1
00533 LdCurrentSet = 2800: NULL : WAIT = 0.1
00534 #verify reading from load
00534 NULL : Feedback4A = 2.8 | 0.5 | 0.1
00534 TEST: Feedback4A 2.8 +/- 0.5
00534 PASS: Feedback4A 2.999
00535 NULL : OutStat4A = 1 | 0.01 | 0.1
00535 TEST: OutStat4A 1.0 +/- 0.01
00535 PASS: OutStat4A 1.0
00536 NULL : MeterCurrent = 2.8000000000000003 | 0.1 | 0.1
00536 TEST: MeterCurrent 2.8 +/- 0.1
00536 PASS: MeterCurrent 2.728
00537 
00537 #set current and turn on output and verify feedback
00537 Command = 81, Output4A = 1 : NULL : WAIT = 0.1
00538 LdCurrentSet = 2900: NULL : WAIT = 0.1
00539 #verify reading from load
00539 NULL : Feedback4A = 2.9 | 0.5 | 0.1
00539 TEST: Feedback4A 2.9 +/- 0.5
00539 PASS: Feedback4A 3.006
00540 NULL : OutStat4A = 1 | 0.01 | 0.1
00540 TEST: OutStat4A 1.0 +/- 0.01
00540 PASS: OutStat4A 1.0
00541 NULL : MeterCurrent = 2.9 | 0.1 | 0.1
00541 TEST: MeterCurrent 2.9 +/- 0.1
00541 PASS: MeterCurrent 2.851
00542 
00542 #set current and turn on output and verify feedback
00542 Command = 81, Output4A = 1 : NULL : WAIT = 0.1
00543 LdCurrentSet = 3000: NULL : WAIT = 0.1
00544 #verify reading from load
00544 NULL : Feedback4A = 3.0 | 0.5 | 0.1
00544 TEST: Feedback4A 3.0 +/- 0.5
00544 PASS: Feedback4A 3.118
00545 NULL : OutStat4A = 1 | 0.01 | 0.1
00545 TEST: OutStat4A 1.0 +/- 0.01
00545 PASS: OutStat4A 1.0
00546 NULL : MeterCurrent = 3.0 | 0.1 | 0.1
00546 TEST: MeterCurrent 3.0 +/- 0.1
00546 PASS: MeterCurrent 2.97
00547 
00547 #set current and turn on output and verify feedback
00547 Command = 81, Output4A = 1 : NULL : WAIT = 0.1
00548 LdCurrentSet = 3100: NULL : WAIT = 0.1
00549 #verify reading from load
00549 NULL : Feedback4A = 3.1 | 0.5 | 0.1
00549 TEST: Feedback4A 3.1 +/- 0.5
00549 PASS: Feedback4A 3.322
00550 NULL : OutStat4A = 1 | 0.01 | 0.1
00550 TEST: OutStat4A 1.0 +/- 0.01
00550 PASS: OutStat4A 1.0
00551 NULL : MeterCurrent = 3.1 | 0.1 | 0.1
00551 TEST: MeterCurrent 3.1 +/- 0.1
00551 PASS: MeterCurrent 3.089
00552 
00552 #set current and turn on output and verify feedback
00552 Command = 81, Output4A = 1 : NULL : WAIT = 0.1
00553 LdCurrentSet = 3200: NULL : WAIT = 0.1
00554 #verify reading from load
00554 NULL : Feedback4A = 3.2 | 0.5 | 0.1
00554 TEST: Feedback4A 3.2 +/- 0.5
00554 PASS: Feedback4A 3.438
00555 NULL : OutStat4A = 1 | 0.01 | 0.1
00555 TEST: OutStat4A 1.0 +/- 0.01
00555 PASS: OutStat4A 1.0
00556 NULL : MeterCurrent = 3.2 | 0.1 | 0.1
00556 TEST: MeterCurrent 3.2 +/- 0.1
00556 PASS: MeterCurrent 3.2
00557 
00557 #set current and turn on output and verify feedback
00557 Command = 81, Output4A = 1 : NULL : WAIT = 0.1
00558 LdCurrentSet = 3300: NULL : WAIT = 0.1
00559 #verify reading from load
00559 NULL : Feedback4A = 3.3 | 0.5 | 0.1
00559 TEST: Feedback4A 3.3 +/- 0.5
00559 FAIL: Feedback4A 0.0
00560 NULL : OutStat4A = 1 | 0.01 | 0.1
00560 TEST: OutStat4A 1.0 +/- 0.01
00560 FAIL: OutStat4A 2.0
00561 NULL : MeterCurrent = 3.3000000000000003 | 0.1 | 0.1
00561 TEST: MeterCurrent 3.3 +/- 0.1
00561 FAIL: MeterCurrent 0.023
00562 
00562 #set current and turn on output and verify feedback
00562 Command = 81, Output4A = 1 : NULL : WAIT = 0.1
00563 LdCurrentSet = 3400: NULL : WAIT = 0.1
00564 #verify reading from load
00564 NULL : Feedback4A = 3.4 | 0.5 | 0.1
00564 TEST: Feedback4A 3.4 +/- 0.5
00564 FAIL: Feedback4A 0.0
00565 NULL : OutStat4A = 1 | 0.01 | 0.1
00565 TEST: OutStat4A 1.0 +/- 0.01
00565 FAIL: OutStat4A 2.0
00566 NULL : MeterCurrent = 3.4 | 0.1 | 0.1
00566 TEST: MeterCurrent 3.4 +/- 0.1
00566 FAIL: MeterCurrent 0.024
00567 
00567 #set current and turn on output and verify feedback
00567 Command = 81, Output4A = 1 : NULL : WAIT = 0.1
00568 LdCurrentSet = 3500: NULL : WAIT = 0.1
00569 #verify fault #1
00569 NULL : Feedback4A = 0 | 0.1 | 0.1
00569 TEST: Feedback4A 0.0 +/- 0.1
00569 PASS: Feedback4A 0.0
00570 NULL : OutStat4A = 2 | 0.1 | 0.1
00570 TEST: OutStat4A 2.0 +/- 0.1
00570 PASS: OutStat4A 2.0
00571 NULL : MeterCurrent = 0  | 0.01 | 0.1
00571 TEST: MeterCurrent 0.0 +/- 0.01
00571 FAIL: MeterCurrent 0.024
00572 
00572 #switch out load line, clear current
00572 Output4A = 0 : NULL : WAIT = 0.1
00573 J3_03 = 0 : NULL : WAIT = 0.5
00574 LdCurrentSet = 0 : NULL : WAIT = 0.1
00575 NULL : OutStat4A = 0 | 0.1 | 0.1
00575 TEST: OutStat4A 0.0 +/- 0.1
00575 PASS: OutStat4A 0.0
00576 #switch in load line, set current
00576 J3_04 = 1 : NULL : WAIT = 0.5
00577 
00577 #set current and turn on output and verify feedback
00577 Command = 81, Output4B = 1 : NULL : WAIT = 0.1
00578 LdCurrentSet = 0: NULL : WAIT = 0.1
00579 #verify reading from load
00579 NULL : Feedback4B = 0.0 | 0.5 | 0.1
00579 TEST: Feedback4B 0.0 +/- 0.5
00579 PASS: Feedback4B 0.0
00580 NULL : OutStat4B = 1 | 0.01 | 0.1
00580 TEST: OutStat4B 1.0 +/- 0.01
00580 PASS: OutStat4B 1.0
00581 NULL : MeterCurrent = 0.0 | 0.1 | 0.1
00581 TEST: MeterCurrent 0.0 +/- 0.1
00581 PASS: MeterCurrent 0.0
00582 
00582 #set current and turn on output and verify feedback
00582 Command = 81, Output4B = 1 : NULL : WAIT = 0.1
00583 LdCurrentSet = 100: NULL : WAIT = 0.1
00584 #verify reading from load
00584 NULL : Feedback4B = 0.1 | 0.5 | 0.1
00584 TEST: Feedback4B 0.1 +/- 0.5
00584 PASS: Feedback4B 0.003
00585 NULL : OutStat4B = 1 | 0.01 | 0.1
00585 TEST: OutStat4B 1.0 +/- 0.01
00585 PASS: OutStat4B 1.0
00586 NULL : MeterCurrent = 0.1 | 0.1 | 0.1
00586 TEST: MeterCurrent 0.1 +/- 0.1
00586 PASS: MeterCurrent 0.0
00587 
00587 #set current and turn on output and verify feedback
00587 Command = 81, Output4B = 1 : NULL : WAIT = 0.1
00588 LdCurrentSet = 200: NULL : WAIT = 0.1
00589 #verify reading from load
00589 NULL : Feedback4B = 0.2 | 0.5 | 0.1
00589 TEST: Feedback4B 0.2 +/- 0.5
00589 PASS: Feedback4B 0.125
00590 NULL : OutStat4B = 1 | 0.01 | 0.1
00590 TEST: OutStat4B 1.0 +/- 0.01
00590 PASS: OutStat4B 1.0
00591 NULL : MeterCurrent = 0.2 | 0.1 | 0.1
00591 TEST: MeterCurrent 0.2 +/- 0.1
00591 PASS: MeterCurrent 0.106
00592 
00592 #set current and turn on output and verify feedback
00592 Command = 81, Output4B = 1 : NULL : WAIT = 0.1
00593 LdCurrentSet = 300: NULL : WAIT = 0.1
00594 #verify reading from load
00594 NULL : Feedback4B = 0.3 | 0.5 | 0.1
00594 TEST: Feedback4B 0.3 +/- 0.5
00594 PASS: Feedback4B 0.125
00595 NULL : OutStat4B = 1 | 0.01 | 0.1
00595 TEST: OutStat4B 1.0 +/- 0.01
00595 PASS: OutStat4B 1.0
00596 NULL : MeterCurrent = 0.3 | 0.1 | 0.1
00596 TEST: MeterCurrent 0.3 +/- 0.1
00596 PASS: MeterCurrent 0.221
00597 
00597 #set current and turn on output and verify feedback
00597 Command = 81, Output4B = 1 : NULL : WAIT = 0.1
00598 LdCurrentSet = 400: NULL : WAIT = 0.1
00599 #verify reading from load
00599 NULL : Feedback4B = 0.4 | 0.5 | 0.1
00599 TEST: Feedback4B 0.4 +/- 0.5
00599 PASS: Feedback4B 0.288
00600 NULL : OutStat4B = 1 | 0.01 | 0.1
00600 TEST: OutStat4B 1.0 +/- 0.01
00600 PASS: OutStat4B 1.0
00601 NULL : MeterCurrent = 0.4 | 0.1 | 0.1
00601 TEST: MeterCurrent 0.4 +/- 0.1
00601 PASS: MeterCurrent 0.345
00602 
00602 #set current and turn on output and verify feedback
00602 Command = 81, Output4B = 1 : NULL : WAIT = 0.1
00603 LdCurrentSet = 500: NULL : WAIT = 0.1
00604 #verify reading from load
00604 NULL : Feedback4B = 0.5 | 0.5 | 0.1
00604 TEST: Feedback4B 0.5 +/- 0.5
00604 PASS: Feedback4B 0.448
00605 NULL : OutStat4B = 1 | 0.01 | 0.1
00605 TEST: OutStat4B 1.0 +/- 0.01
00605 PASS: OutStat4B 1.0
00606 NULL : MeterCurrent = 0.5 | 0.1 | 0.1
00606 TEST: MeterCurrent 0.5 +/- 0.1
00606 PASS: MeterCurrent 0.462
00607 
00607 #set current and turn on output and verify feedback
00607 Command = 81, Output4B = 1 : NULL : WAIT = 0.1
00608 LdCurrentSet = 600: NULL : WAIT = 0.1
00609 #verify reading from load
00609 NULL : Feedback4B = 0.6 | 0.5 | 0.1
00609 TEST: Feedback4B 0.6 +/- 0.5
00609 PASS: Feedback4B 0.562
00610 NULL : OutStat4B = 1 | 0.01 | 0.1
00610 TEST: OutStat4B 1.0 +/- 0.01
00610 PASS: OutStat4B 1.0
00611 NULL : MeterCurrent = 0.6 | 0.1 | 0.1
00611 TEST: MeterCurrent 0.6 +/- 0.1
00611 PASS: MeterCurrent 0.583
00612 
00612 #set current and turn on output and verify feedback
00612 Command = 81, Output4B = 1 : NULL : WAIT = 0.1
00613 LdCurrentSet = 700: NULL : WAIT = 0.1
00614 #verify reading from load
00614 NULL : Feedback4B = 0.7 | 0.5 | 0.1
00614 TEST: Feedback4B 0.7 +/- 0.5
00614 PASS: Feedback4B 0.562
00615 NULL : OutStat4B = 1 | 0.01 | 0.1
00615 TEST: OutStat4B 1.0 +/- 0.01
00615 PASS: OutStat4B 1.0
00616 NULL : MeterCurrent = 0.7000000000000001 | 0.1 | 0.1
00616 TEST: MeterCurrent 0.7 +/- 0.1
00616 PASS: MeterCurrent 0.6
00617 
00617 #set current and turn on output and verify feedback
00617 Command = 81, Output4B = 1 : NULL : WAIT = 0.1
00618 LdCurrentSet = 800: NULL : WAIT = 0.1
00619 #verify reading from load
00619 NULL : Feedback4B = 0.8 | 0.5 | 0.1
00619 TEST: Feedback4B 0.8 +/- 0.5
00619 PASS: Feedback4B 0.719
00620 NULL : OutStat4B = 1 | 0.01 | 0.1
00620 TEST: OutStat4B 1.0 +/- 0.01
00620 PASS: OutStat4B 1.0
00621 NULL : MeterCurrent = 0.8 | 0.1 | 0.1
00621 TEST: MeterCurrent 0.8 +/- 0.1
00621 PASS: MeterCurrent 0.717
00622 
00622 #set current and turn on output and verify feedback
00622 Command = 81, Output4B = 1 : NULL : WAIT = 0.1
00623 LdCurrentSet = 900: NULL : WAIT = 0.1
00624 #verify reading from load
00624 NULL : Feedback4B = 0.9 | 0.5 | 0.1
00624 TEST: Feedback4B 0.9 +/- 0.5
00624 PASS: Feedback4B 0.844
00625 NULL : OutStat4B = 1 | 0.01 | 0.1
00625 TEST: OutStat4B 1.0 +/- 0.01
00625 PASS: OutStat4B 1.0
00626 NULL : MeterCurrent = 0.9 | 0.1 | 0.1
00626 TEST: MeterCurrent 0.9 +/- 0.1
00626 PASS: MeterCurrent 0.835
00627 
00627 #set current and turn on output and verify feedback
00627 Command = 81, Output4B = 1 : NULL : WAIT = 0.1
00628 LdCurrentSet = 1000: NULL : WAIT = 0.1
00629 #verify reading from load
00629 NULL : Feedback4B = 1.0 | 0.5 | 0.1
00629 TEST: Feedback4B 1.0 +/- 0.5
00629 PASS: Feedback4B 1.0
00630 NULL : OutStat4B = 1 | 0.01 | 0.1
00630 TEST: OutStat4B 1.0 +/- 0.01
00630 PASS: OutStat4B 1.0
00631 NULL : MeterCurrent = 1.0 | 0.1 | 0.1
00631 TEST: MeterCurrent 1.0 +/- 0.1
00631 PASS: MeterCurrent 0.958
00632 
00632 #set current and turn on output and verify feedback
00632 Command = 81, Output4B = 1 : NULL : WAIT = 0.1
00633 LdCurrentSet = 1100: NULL : WAIT = 0.1
00634 #verify reading from load
00634 NULL : Feedback4B = 1.1 | 0.5 | 0.1
00634 TEST: Feedback4B 1.1 +/- 0.5
00634 PASS: Feedback4B 1.111
00635 NULL : OutStat4B = 1 | 0.01 | 0.1
00635 TEST: OutStat4B 1.0 +/- 0.01
00635 PASS: OutStat4B 1.0
00636 NULL : MeterCurrent = 1.1 | 0.1 | 0.1
00636 TEST: MeterCurrent 1.1 +/- 0.1
00636 PASS: MeterCurrent 1.069
00637 
00637 #set current and turn on output and verify feedback
00637 Command = 81, Output4B = 1 : NULL : WAIT = 0.1
00638 LdCurrentSet = 1200: NULL : WAIT = 0.1
00639 #verify reading from load
00639 NULL : Feedback4B = 1.2 | 0.5 | 0.1
00639 TEST: Feedback4B 1.2 +/- 0.5
00639 PASS: Feedback4B 1.111
00640 NULL : OutStat4B = 1 | 0.01 | 0.1
00640 TEST: OutStat4B 1.0 +/- 0.01
00640 PASS: OutStat4B 1.0
00641 NULL : MeterCurrent = 1.2 | 0.1 | 0.1
00641 TEST: MeterCurrent 1.2 +/- 0.1
00641 PASS: MeterCurrent 1.193
00642 
00642 #set current and turn on output and verify feedback
00642 Command = 81, Output4B = 1 : NULL : WAIT = 0.1
00643 LdCurrentSet = 1300: NULL : WAIT = 0.1
00644 #verify reading from load
00644 NULL : Feedback4B = 1.3 | 0.5 | 0.1
00644 TEST: Feedback4B 1.3 +/- 0.5
00644 PASS: Feedback4B 1.254
00645 NULL : OutStat4B = 1 | 0.01 | 0.1
00645 TEST: OutStat4B 1.0 +/- 0.01
00645 PASS: OutStat4B 1.0
00646 NULL : MeterCurrent = 1.3 | 0.1 | 0.1
00646 TEST: MeterCurrent 1.3 +/- 0.1
00646 PASS: MeterCurrent 1.207
00647 
00647 #set current and turn on output and verify feedback
00647 Command = 81, Output4B = 1 : NULL : WAIT = 0.1
00648 LdCurrentSet = 1400: NULL : WAIT = 0.1
00649 #verify reading from load
00649 NULL : Feedback4B = 1.4 | 0.5 | 0.1
00649 TEST: Feedback4B 1.4 +/- 0.5
00649 PASS: Feedback4B 1.431
00650 NULL : OutStat4B = 1 | 0.01 | 0.1
00650 TEST: OutStat4B 1.0 +/- 0.01
00650 PASS: OutStat4B 1.0
00651 NULL : MeterCurrent = 1.4000000000000001 | 0.1 | 0.1
00651 TEST: MeterCurrent 1.4 +/- 0.1
00651 PASS: MeterCurrent 1.331
00652 
00652 #set current and turn on output and verify feedback
00652 Command = 81, Output4B = 1 : NULL : WAIT = 0.1
00653 LdCurrentSet = 1500: NULL : WAIT = 0.1
00654 #verify reading from load
00654 NULL : Feedback4B = 1.5 | 0.5 | 0.1
00654 TEST: Feedback4B 1.5 +/- 0.5
00654 PASS: Feedback4B 1.549
00655 NULL : OutStat4B = 1 | 0.01 | 0.1
00655 TEST: OutStat4B 1.0 +/- 0.01
00655 PASS: OutStat4B 1.0
00656 NULL : MeterCurrent = 1.5 | 0.1 | 0.1
00656 TEST: MeterCurrent 1.5 +/- 0.1
00656 PASS: MeterCurrent 1.445
00657 
00657 #set current and turn on output and verify feedback
00657 Command = 81, Output4B = 1 : NULL : WAIT = 0.1
00658 LdCurrentSet = 1600: NULL : WAIT = 0.1
00659 #verify reading from load
00659 NULL : Feedback4B = 1.6 | 0.5 | 0.1
00659 TEST: Feedback4B 1.6 +/- 0.5
00659 PASS: Feedback4B 1.549
00660 NULL : OutStat4B = 1 | 0.01 | 0.1
00660 TEST: OutStat4B 1.0 +/- 0.01
00660 PASS: OutStat4B 1.0
00661 NULL : MeterCurrent = 1.6 | 0.1 | 0.1
00661 TEST: MeterCurrent 1.6 +/- 0.1
00661 PASS: MeterCurrent 1.56
00662 
00662 #set current and turn on output and verify feedback
00662 Command = 81, Output4B = 1 : NULL : WAIT = 0.1
00663 LdCurrentSet = 1700: NULL : WAIT = 0.1
00664 #verify reading from load
00664 NULL : Feedback4B = 1.7 | 0.5 | 0.1
00664 TEST: Feedback4B 1.7 +/- 0.5
00664 PASS: Feedback4B 1.67
00665 NULL : OutStat4B = 1 | 0.01 | 0.1
00665 TEST: OutStat4B 1.0 +/- 0.01
00665 PASS: OutStat4B 1.0
00666 NULL : MeterCurrent = 1.7 | 0.1 | 0.1
00666 TEST: MeterCurrent 1.7 +/- 0.1
00666 PASS: MeterCurrent 1.682
00667 
00667 #set current and turn on output and verify feedback
00667 Command = 81, Output4B = 1 : NULL : WAIT = 0.1
00668 LdCurrentSet = 1800: NULL : WAIT = 0.1
00669 #verify reading from load
00669 NULL : Feedback4B = 1.8 | 0.5 | 0.1
00669 TEST: Feedback4B 1.8 +/- 0.5
00669 PASS: Feedback4B 1.848
00670 NULL : OutStat4B = 1 | 0.01 | 0.1
00670 TEST: OutStat4B 1.0 +/- 0.01
00670 PASS: OutStat4B 1.0
00671 NULL : MeterCurrent = 1.8 | 0.1 | 0.1
00671 TEST: MeterCurrent 1.8 +/- 0.1
00671 PASS: MeterCurrent 1.7
00672 
00672 #set current and turn on output and verify feedback
00672 Command = 81, Output4B = 1 : NULL : WAIT = 0.1
00673 LdCurrentSet = 1900: NULL : WAIT = 0.1
00674 #verify reading from load
00674 NULL : Feedback4B = 1.9 | 0.5 | 0.1
00674 TEST: Feedback4B 1.9 +/- 0.5
00674 PASS: Feedback4B 1.986
00675 NULL : OutStat4B = 1 | 0.01 | 0.1
00675 TEST: OutStat4B 1.0 +/- 0.01
00675 PASS: OutStat4B 1.0
00676 NULL : MeterCurrent = 1.9000000000000001 | 0.1 | 0.1
00676 TEST: MeterCurrent 1.9 +/- 0.1
00676 PASS: MeterCurrent 1.817
00677 
00677 #set current and turn on output and verify feedback
00677 Command = 81, Output4B = 1 : NULL : WAIT = 0.1
00678 LdCurrentSet = 2000: NULL : WAIT = 0.1
00679 #verify reading from load
00679 NULL : Feedback4B = 2.0 | 0.5 | 0.1
00679 TEST: Feedback4B 2.0 +/- 0.5
00679 PASS: Feedback4B 2.094
00680 NULL : OutStat4B = 1 | 0.01 | 0.1
00680 TEST: OutStat4B 1.0 +/- 0.01
00680 PASS: OutStat4B 1.0
00681 NULL : MeterCurrent = 2.0 | 0.1 | 0.1
00681 TEST: MeterCurrent 2.0 +/- 0.1
00681 PASS: MeterCurrent 1.93
00682 
00682 #set current and turn on output and verify feedback
00682 Command = 81, Output4B = 1 : NULL : WAIT = 0.1
00683 LdCurrentSet = 2100: NULL : WAIT = 0.1
00684 #verify reading from load
00684 NULL : Feedback4B = 2.1 | 0.5 | 0.1
00684 TEST: Feedback4B 2.1 +/- 0.5
00684 PASS: Feedback4B 2.098
00685 NULL : OutStat4B = 1 | 0.01 | 0.1
00685 TEST: OutStat4B 1.0 +/- 0.01
00685 PASS: OutStat4B 1.0
00686 NULL : MeterCurrent = 2.1 | 0.1 | 0.1
00686 TEST: MeterCurrent 2.1 +/- 0.1
00686 PASS: MeterCurrent 2.05
00687 
00687 #set current and turn on output and verify feedback
00687 Command = 81, Output4B = 1 : NULL : WAIT = 0.1
00688 LdCurrentSet = 2200: NULL : WAIT = 0.1
00689 #verify reading from load
00689 NULL : Feedback4B = 2.2 | 0.5 | 0.1
00689 TEST: Feedback4B 2.2 +/- 0.5
00689 PASS: Feedback4B 2.275
00690 NULL : OutStat4B = 1 | 0.01 | 0.1
00690 TEST: OutStat4B 1.0 +/- 0.01
00690 PASS: OutStat4B 1.0
00691 NULL : MeterCurrent = 2.2 | 0.1 | 0.1
00691 TEST: MeterCurrent 2.2 +/- 0.1
00691 PASS: MeterCurrent 2.166
00692 
00692 #set current and turn on output and verify feedback
00692 Command = 81, Output4B = 1 : NULL : WAIT = 0.1
00693 LdCurrentSet = 2300: NULL : WAIT = 0.1
00694 #verify reading from load
00694 NULL : Feedback4B = 2.3 | 0.5 | 0.1
00694 TEST: Feedback4B 2.3 +/- 0.5
00694 PASS: Feedback4B 2.4
00695 NULL : OutStat4B = 1 | 0.01 | 0.1
00695 TEST: OutStat4B 1.0 +/- 0.01
00695 PASS: OutStat4B 1.0
00696 NULL : MeterCurrent = 2.3000000000000003 | 0.1 | 0.1
00696 TEST: MeterCurrent 2.3 +/- 0.1
00696 PASS: MeterCurrent 2.285
00697 
00697 #set current and turn on output and verify feedback
00697 Command = 81, Output4B = 1 : NULL : WAIT = 0.1
00698 LdCurrentSet = 2400: NULL : WAIT = 0.1
00699 #verify reading from load
00699 NULL : Feedback4B = 2.4 | 0.5 | 0.1
00699 TEST: Feedback4B 2.4 +/- 0.5
00699 PASS: Feedback4B 2.539
00700 NULL : OutStat4B = 1 | 0.01 | 0.1
00700 TEST: OutStat4B 1.0 +/- 0.01
00700 PASS: OutStat4B 1.0
00701 NULL : MeterCurrent = 2.4 | 0.1 | 0.1
00701 TEST: MeterCurrent 2.4 +/- 0.1
00701 PASS: MeterCurrent 2.398
00702 
00702 #set current and turn on output and verify feedback
00702 Command = 81, Output4B = 1 : NULL : WAIT = 0.1
00703 LdCurrentSet = 2500: NULL : WAIT = 0.1
00704 #verify reading from load
00704 NULL : Feedback4B = 2.5 | 0.5 | 0.1
00704 TEST: Feedback4B 2.5 +/- 0.5
00704 PASS: Feedback4B 2.646
00705 NULL : OutStat4B = 1 | 0.01 | 0.1
00705 TEST: OutStat4B 1.0 +/- 0.01
00705 PASS: OutStat4B 1.0
00706 NULL : MeterCurrent = 2.5 | 0.1 | 0.1
00706 TEST: MeterCurrent 2.5 +/- 0.1
00706 PASS: MeterCurrent 2.402
00707 
00707 #set current and turn on output and verify feedback
00707 Command = 81, Output4B = 1 : NULL : WAIT = 0.1
00708 LdCurrentSet = 2600: NULL : WAIT = 0.1
00709 #verify reading from load
00709 NULL : Feedback4B = 2.6 | 0.5 | 0.1
00709 TEST: Feedback4B 2.6 +/- 0.5
00709 PASS: Feedback4B 2.65
00710 NULL : OutStat4B = 1 | 0.01 | 0.1
00710 TEST: OutStat4B 1.0 +/- 0.01
00710 PASS: OutStat4B 1.0
00711 NULL : MeterCurrent = 2.6 | 0.1 | 0.1
00711 TEST: MeterCurrent 2.6 +/- 0.1
00711 PASS: MeterCurrent 2.525
00712 
00712 #set current and turn on output and verify feedback
00712 Command = 81, Output4B = 1 : NULL : WAIT = 0.1
00713 LdCurrentSet = 2700: NULL : WAIT = 0.1
00714 #verify reading from load
00714 NULL : Feedback4B = 2.7 | 0.5 | 0.1
00714 TEST: Feedback4B 2.7 +/- 0.5
00714 PASS: Feedback4B 2.778
00715 NULL : OutStat4B = 1 | 0.01 | 0.1
00715 TEST: OutStat4B 1.0 +/- 0.01
00715 PASS: OutStat4B 1.0
00716 NULL : MeterCurrent = 2.7 | 0.1 | 0.1
00716 TEST: MeterCurrent 2.7 +/- 0.1
00716 PASS: MeterCurrent 2.639
00717 
00717 #set current and turn on output and verify feedback
00717 Command = 81, Output4B = 1 : NULL : WAIT = 0.1
00718 LdCurrentSet = 2800: NULL : WAIT = 0.1
00719 #verify reading from load
00719 NULL : Feedback4B = 2.8 | 0.5 | 0.1
00719 TEST: Feedback4B 2.8 +/- 0.5
00719 PASS: Feedback4B 2.952
00720 NULL : OutStat4B = 1 | 0.01 | 0.1
00720 TEST: OutStat4B 1.0 +/- 0.01
00720 PASS: OutStat4B 1.0
00721 NULL : MeterCurrent = 2.8000000000000003 | 0.1 | 0.1
00721 TEST: MeterCurrent 2.8 +/- 0.1
00721 PASS: MeterCurrent 2.756
00722 
00722 #set current and turn on output and verify feedback
00722 Command = 81, Output4B = 1 : NULL : WAIT = 0.1
00723 LdCurrentSet = 2900: NULL : WAIT = 0.1
00724 #verify reading from load
00724 NULL : Feedback4B = 2.9 | 0.5 | 0.1
00724 TEST: Feedback4B 2.9 +/- 0.5
00724 PASS: Feedback4B 3.084
00725 NULL : OutStat4B = 1 | 0.01 | 0.1
00725 TEST: OutStat4B 1.0 +/- 0.01
00725 PASS: OutStat4B 1.0
00726 NULL : MeterCurrent = 2.9 | 0.1 | 0.1
00726 TEST: MeterCurrent 2.9 +/- 0.1
00726 PASS: MeterCurrent 2.881
00727 
00727 #set current and turn on output and verify feedback
00727 Command = 81, Output4B = 1 : NULL : WAIT = 0.1
00728 LdCurrentSet = 3000: NULL : WAIT = 0.1
00729 #verify reading from load
00729 NULL : Feedback4B = 3.0 | 0.5 | 0.1
00729 TEST: Feedback4B 3.0 +/- 0.5
00729 PASS: Feedback4B 3.202
00730 NULL : OutStat4B = 1 | 0.01 | 0.1
00730 TEST: OutStat4B 1.0 +/- 0.01
00730 PASS: OutStat4B 1.0
00731 NULL : MeterCurrent = 3.0 | 0.1 | 0.1
00731 TEST: MeterCurrent 3.0 +/- 0.1
00731 PASS: MeterCurrent 2.9
00732 
00732 #set current and turn on output and verify feedback
00732 Command = 81, Output4B = 1 : NULL : WAIT = 0.1
00733 LdCurrentSet = 3100: NULL : WAIT = 0.1
00734 #verify reading from load
00734 NULL : Feedback4B = 3.1 | 0.5 | 0.1
00734 TEST: Feedback4B 3.1 +/- 0.5
00734 PASS: Feedback4B 3.202
00735 NULL : OutStat4B = 1 | 0.01 | 0.1
00735 TEST: OutStat4B 1.0 +/- 0.01
00735 PASS: OutStat4B 1.0
00736 NULL : MeterCurrent = 3.1 | 0.1 | 0.1
00736 TEST: MeterCurrent 3.1 +/- 0.1
00736 PASS: MeterCurrent 3.018
00737 
00737 #set current and turn on output and verify feedback
00737 Command = 81, Output4B = 1 : NULL : WAIT = 0.1
00738 LdCurrentSet = 3200: NULL : WAIT = 0.1
00739 #verify reading from load
00739 NULL : Feedback4B = 3.2 | 0.5 | 0.1
00739 TEST: Feedback4B 3.2 +/- 0.5
00739 PASS: Feedback4B 3.383
00740 NULL : OutStat4B = 1 | 0.01 | 0.1
00740 TEST: OutStat4B 1.0 +/- 0.01
00740 PASS: OutStat4B 1.0
00741 NULL : MeterCurrent = 3.2 | 0.1 | 0.1
00741 TEST: MeterCurrent 3.2 +/- 0.1
00741 PASS: MeterCurrent 3.133
00742 
00742 #set current and turn on output and verify feedback
00742 Command = 81, Output4B = 1 : NULL : WAIT = 0.1
00743 LdCurrentSet = 3300: NULL : WAIT = 0.1
00744 #verify reading from load
00744 NULL : Feedback4B = 3.3 | 0.5 | 0.1
00744 TEST: Feedback4B 3.3 +/- 0.5
00744 PASS: Feedback4B 3.508
00745 NULL : OutStat4B = 1 | 0.01 | 0.1
00745 TEST: OutStat4B 1.0 +/- 0.01
00745 FAIL: OutStat4B 2.0
00746 NULL : MeterCurrent = 3.3000000000000003 | 0.1 | 0.1
00746 TEST: MeterCurrent 3.3 +/- 0.1
00746 FAIL: MeterCurrent 0.027
00747 
00747 #set current and turn on output and verify feedback
00747 Command = 81, Output4B = 1 : NULL : WAIT = 0.1
00748 LdCurrentSet = 3400: NULL : WAIT = 0.1
00749 #verify reading from load
00749 NULL : Feedback4B = 3.4 | 0.5 | 0.1
00749 TEST: Feedback4B 3.4 +/- 0.5
00749 FAIL: Feedback4B 0.0
00750 NULL : OutStat4B = 1 | 0.01 | 0.1
00750 TEST: OutStat4B 1.0 +/- 0.01
00750 FAIL: OutStat4B 2.0
00751 NULL : MeterCurrent = 3.4 | 0.1 | 0.1
00751 TEST: MeterCurrent 3.4 +/- 0.1
00751 FAIL: MeterCurrent 0.027
00752 
00752 #set current and turn on output and verify feedback
00752 Command = 81, Output4B = 1 : NULL : WAIT = 0.1
00753 LdCurrentSet = 3500: NULL : WAIT = 0.1
00754 #verify fault #1
00754 NULL : Feedback4B = 0 | 0.1 | 0.1
00754 TEST: Feedback4B 0.0 +/- 0.1
00754 PASS: Feedback4B 0.0
00755 NULL : OutStat4B = 2 | 0.1 | 0.1
00755 TEST: OutStat4B 2.0 +/- 0.1
00755 PASS: OutStat4B 2.0
00756 NULL : MeterCurrent = 0  | 0.01 | 0.1
00756 TEST: MeterCurrent 0.0 +/- 0.01
00756 FAIL: MeterCurrent 0.026
00757 
00757 #switch out load line, clear current
00757 Output4B = 0 : NULL : WAIT = 0.1
00758 J3_04 = 0 : NULL : WAIT = 0.5
00759 LdCurrentSet = 0 : NULL : WAIT = 0.1
00760 NULL : OutStat4B = 0 | 0.1 | 0.1
00760 TEST: OutStat4B 0.0 +/- 0.1
00760 PASS: OutStat4B 0.0
00761 #switch in load line, set current
00761 J3_05 = 1 : NULL : WAIT = 0.5
00762 
00762 #set current and turn on output and verify feedback
00762 Command = 81, Output6A = 1 : NULL : WAIT = 0.1
00763 LdCurrentSet = 0: NULL : WAIT = 0.1
00764 #verify reading from load
00764 NULL : Feedback6A = 0.0 | 0.5 | 0.1
00764 TEST: Feedback6A 0.0 +/- 0.5
00764 PASS: Feedback6A 0.0
00765 NULL : OutStat6A = 1 | 0.01 | 0.1
00765 TEST: OutStat6A 1.0 +/- 0.01
00765 PASS: OutStat6A 1.0
00766 NULL : MeterCurrent = 0.0 | 0.1 | 0.1
00766 TEST: MeterCurrent 0.0 +/- 0.1
00766 PASS: MeterCurrent 0.0
00767 
00767 #set current and turn on output and verify feedback
00767 Command = 81, Output6A = 1 : NULL : WAIT = 0.1
00768 LdCurrentSet = 100: NULL : WAIT = 0.1
00769 #verify reading from load
00769 NULL : Feedback6A = 0.1 | 0.5 | 0.1
00769 TEST: Feedback6A 0.1 +/- 0.5
00769 PASS: Feedback6A 0.0
00770 NULL : OutStat6A = 1 | 0.01 | 0.1
00770 TEST: OutStat6A 1.0 +/- 0.01
00770 PASS: OutStat6A 1.0
00771 NULL : MeterCurrent = 0.1 | 0.1 | 0.1
00771 TEST: MeterCurrent 0.1 +/- 0.1
00771 PASS: MeterCurrent 0.019
00772 
00772 #set current and turn on output and verify feedback
00772 Command = 81, Output6A = 1 : NULL : WAIT = 0.1
00773 LdCurrentSet = 200: NULL : WAIT = 0.1
00774 #verify reading from load
00774 NULL : Feedback6A = 0.2 | 0.5 | 0.1
00774 TEST: Feedback6A 0.2 +/- 0.5
00774 PASS: Feedback6A 0.0
00775 NULL : OutStat6A = 1 | 0.01 | 0.1
00775 TEST: OutStat6A 1.0 +/- 0.01
00775 PASS: OutStat6A 1.0
00776 NULL : MeterCurrent = 0.2 | 0.1 | 0.1
00776 TEST: MeterCurrent 0.2 +/- 0.1
00776 PASS: MeterCurrent 0.145
00777 
00777 #set current and turn on output and verify feedback
00777 Command = 81, Output6A = 1 : NULL : WAIT = 0.1
00778 LdCurrentSet = 300: NULL : WAIT = 0.1
00779 #verify reading from load
00779 NULL : Feedback6A = 0.3 | 0.5 | 0.1
00779 TEST: Feedback6A 0.3 +/- 0.5
00779 PASS: Feedback6A 0.174
00780 NULL : OutStat6A = 1 | 0.01 | 0.1
00780 TEST: OutStat6A 1.0 +/- 0.01
00780 PASS: OutStat6A 1.0
00781 NULL : MeterCurrent = 0.3 | 0.1 | 0.1
00781 TEST: MeterCurrent 0.3 +/- 0.1
00781 PASS: MeterCurrent 0.261
00782 
00782 #set current and turn on output and verify feedback
00782 Command = 81, Output6A = 1 : NULL : WAIT = 0.1
00783 LdCurrentSet = 400: NULL : WAIT = 0.1
00784 #verify reading from load
00784 NULL : Feedback6A = 0.4 | 0.5 | 0.1
00784 TEST: Feedback6A 0.4 +/- 0.5
00784 PASS: Feedback6A 0.283
00785 NULL : OutStat6A = 1 | 0.01 | 0.1
00785 TEST: OutStat6A 1.0 +/- 0.01
00785 PASS: OutStat6A 1.0
00786 NULL : MeterCurrent = 0.4 | 0.1 | 0.1
00786 TEST: MeterCurrent 0.4 +/- 0.1
00786 PASS: MeterCurrent 0.375
00787 
00787 #set current and turn on output and verify feedback
00787 Command = 81, Output6A = 1 : NULL : WAIT = 0.1
00788 LdCurrentSet = 500: NULL : WAIT = 0.1
00789 #verify reading from load
00789 NULL : Feedback6A = 0.5 | 0.5 | 0.1
00789 TEST: Feedback6A 0.5 +/- 0.5
00789 PASS: Feedback6A 0.398
00790 NULL : OutStat6A = 1 | 0.01 | 0.1
00790 TEST: OutStat6A 1.0 +/- 0.01
00790 PASS: OutStat6A 1.0
00791 NULL : MeterCurrent = 0.5 | 0.1 | 0.1
00791 TEST: MeterCurrent 0.5 +/- 0.1
00791 PASS: MeterCurrent 0.476
00792 
00792 #set current and turn on output and verify feedback
00792 Command = 81, Output6A = 1 : NULL : WAIT = 0.1
00793 LdCurrentSet = 600: NULL : WAIT = 0.1
00794 #verify reading from load
00794 NULL : Feedback6A = 0.6 | 0.5 | 0.1
00794 TEST: Feedback6A 0.6 +/- 0.5
00794 PASS: Feedback6A 0.542
00795 NULL : OutStat6A = 1 | 0.01 | 0.1
00795 TEST: OutStat6A 1.0 +/- 0.01
00795 PASS: OutStat6A 1.0
00796 NULL : MeterCurrent = 0.6 | 0.1 | 0.1
00796 TEST: MeterCurrent 0.6 +/- 0.1
00796 PASS: MeterCurrent 0.598
00797 
00797 #set current and turn on output and verify feedback
00797 Command = 81, Output6A = 1 : NULL : WAIT = 0.1
00798 LdCurrentSet = 700: NULL : WAIT = 0.1
00799 #verify reading from load
00799 NULL : Feedback6A = 0.7 | 0.5 | 0.1
00799 TEST: Feedback6A 0.7 +/- 0.5
00799 PASS: Feedback6A 0.542
00800 NULL : OutStat6A = 1 | 0.01 | 0.1
00800 TEST: OutStat6A 1.0 +/- 0.01
00800 PASS: OutStat6A 1.0
00801 NULL : MeterCurrent = 0.7000000000000001 | 0.1 | 0.1
00801 TEST: MeterCurrent 0.7 +/- 0.1
00801 PASS: MeterCurrent 0.61
00802 
00802 #set current and turn on output and verify feedback
00802 Command = 81, Output6A = 1 : NULL : WAIT = 0.1
00803 LdCurrentSet = 800: NULL : WAIT = 0.1
00804 #verify reading from load
00804 NULL : Feedback6A = 0.8 | 0.5 | 0.1
00804 TEST: Feedback6A 0.8 +/- 0.5
00804 PASS: Feedback6A 0.657
00805 NULL : OutStat6A = 1 | 0.01 | 0.1
00805 TEST: OutStat6A 1.0 +/- 0.01
00805 PASS: OutStat6A 1.0
00806 NULL : MeterCurrent = 0.8 | 0.1 | 0.1
00806 TEST: MeterCurrent 0.8 +/- 0.1
00806 PASS: MeterCurrent 0.728
00807 
00807 #set current and turn on output and verify feedback
00807 Command = 81, Output6A = 1 : NULL : WAIT = 0.1
00808 LdCurrentSet = 900: NULL : WAIT = 0.1
00809 #verify reading from load
00809 NULL : Feedback6A = 0.9 | 0.5 | 0.1
00809 TEST: Feedback6A 0.9 +/- 0.5
00809 PASS: Feedback6A 0.783
00810 NULL : OutStat6A = 1 | 0.01 | 0.1
00810 TEST: OutStat6A 1.0 +/- 0.01
00810 PASS: OutStat6A 1.0
00811 NULL : MeterCurrent = 0.9 | 0.1 | 0.1
00811 TEST: MeterCurrent 0.9 +/- 0.1
00811 PASS: MeterCurrent 0.841
00812 
00812 #set current and turn on output and verify feedback
00812 Command = 81, Output6A = 1 : NULL : WAIT = 0.1
00813 LdCurrentSet = 1000: NULL : WAIT = 0.1
00814 #verify reading from load
00814 NULL : Feedback6A = 1.0 | 0.5 | 0.1
00814 TEST: Feedback6A 1.0 +/- 0.5
00814 PASS: Feedback6A 0.944
00815 NULL : OutStat6A = 1 | 0.01 | 0.1
00815 TEST: OutStat6A 1.0 +/- 0.01
00815 PASS: OutStat6A 1.0
00816 NULL : MeterCurrent = 1.0 | 0.1 | 0.1
00816 TEST: MeterCurrent 1.0 +/- 0.1
00816 PASS: MeterCurrent 0.953
00817 
00817 #set current and turn on output and verify feedback
00817 Command = 81, Output6A = 1 : NULL : WAIT = 0.1
00818 LdCurrentSet = 1100: NULL : WAIT = 0.1
00819 #verify reading from load
00819 NULL : Feedback6A = 1.1 | 0.5 | 0.1
00819 TEST: Feedback6A 1.1 +/- 0.5
00819 PASS: Feedback6A 1.105
00820 NULL : OutStat6A = 1 | 0.01 | 0.1
00820 TEST: OutStat6A 1.0 +/- 0.01
00820 PASS: OutStat6A 1.0
00821 NULL : MeterCurrent = 1.1 | 0.1 | 0.1
00821 TEST: MeterCurrent 1.1 +/- 0.1
00821 PASS: MeterCurrent 1.072
00822 
00822 #set current and turn on output and verify feedback
00822 Command = 81, Output6A = 1 : NULL : WAIT = 0.1
00823 LdCurrentSet = 1200: NULL : WAIT = 0.1
00824 #verify reading from load
00824 NULL : Feedback6A = 1.2 | 0.5 | 0.1
00824 TEST: Feedback6A 1.2 +/- 0.5
00824 PASS: Feedback6A 1.227
00825 NULL : OutStat6A = 1 | 0.01 | 0.1
00825 TEST: OutStat6A 1.0 +/- 0.01
00825 PASS: OutStat6A 1.0
00826 NULL : MeterCurrent = 1.2 | 0.1 | 0.1
00826 TEST: MeterCurrent 1.2 +/- 0.1
00826 PASS: MeterCurrent 1.189
00827 
00827 #set current and turn on output and verify feedback
00827 Command = 81, Output6A = 1 : NULL : WAIT = 0.1
00828 LdCurrentSet = 1300: NULL : WAIT = 0.1
00829 #verify reading from load
00829 NULL : Feedback6A = 1.3 | 0.5 | 0.1
00829 TEST: Feedback6A 1.3 +/- 0.5
00829 PASS: Feedback6A 1.224
00830 NULL : OutStat6A = 1 | 0.01 | 0.1
00830 TEST: OutStat6A 1.0 +/- 0.01
00830 PASS: OutStat6A 1.0
00831 NULL : MeterCurrent = 1.3 | 0.1 | 0.1
00831 TEST: MeterCurrent 1.3 +/- 0.1
00831 PASS: MeterCurrent 1.201
00832 
00832 #set current and turn on output and verify feedback
00832 Command = 81, Output6A = 1 : NULL : WAIT = 0.1
00833 LdCurrentSet = 1400: NULL : WAIT = 0.1
00834 #verify reading from load
00834 NULL : Feedback6A = 1.4 | 0.5 | 0.1
00834 TEST: Feedback6A 1.4 +/- 0.5
00834 PASS: Feedback6A 1.416
00835 NULL : OutStat6A = 1 | 0.01 | 0.1
00835 TEST: OutStat6A 1.0 +/- 0.01
00835 PASS: OutStat6A 1.0
00836 NULL : MeterCurrent = 1.4000000000000001 | 0.1 | 0.1
00836 TEST: MeterCurrent 1.4 +/- 0.1
00836 PASS: MeterCurrent 1.328
00837 
00837 #set current and turn on output and verify feedback
00837 Command = 81, Output6A = 1 : NULL : WAIT = 0.1
00838 LdCurrentSet = 1500: NULL : WAIT = 0.1
00839 #verify reading from load
00839 NULL : Feedback6A = 1.5 | 0.5 | 0.1
00839 TEST: Feedback6A 1.5 +/- 0.5
00839 PASS: Feedback6A 1.549
00840 NULL : OutStat6A = 1 | 0.01 | 0.1
00840 TEST: OutStat6A 1.0 +/- 0.01
00840 PASS: OutStat6A 1.0
00841 NULL : MeterCurrent = 1.5 | 0.1 | 0.1
00841 TEST: MeterCurrent 1.5 +/- 0.1
00841 PASS: MeterCurrent 1.447
00842 
00842 #set current and turn on output and verify feedback
00842 Command = 81, Output6A = 1 : NULL : WAIT = 0.1
00843 LdCurrentSet = 1600: NULL : WAIT = 0.1
00844 #verify reading from load
00844 NULL : Feedback6A = 1.6 | 0.5 | 0.1
00844 TEST: Feedback6A 1.6 +/- 0.5
00844 PASS: Feedback6A 1.675
00845 NULL : OutStat6A = 1 | 0.01 | 0.1
00845 TEST: OutStat6A 1.0 +/- 0.01
00845 PASS: OutStat6A 1.0
00846 NULL : MeterCurrent = 1.6 | 0.1 | 0.1
00846 TEST: MeterCurrent 1.6 +/- 0.1
00846 PASS: MeterCurrent 1.565
00847 
00847 #set current and turn on output and verify feedback
00847 Command = 81, Output6A = 1 : NULL : WAIT = 0.1
00848 LdCurrentSet = 1700: NULL : WAIT = 0.1
00849 #verify reading from load
00849 NULL : Feedback6A = 1.7 | 0.5 | 0.1
00849 TEST: Feedback6A 1.7 +/- 0.5
00849 PASS: Feedback6A 1.787
00850 NULL : OutStat6A = 1 | 0.01 | 0.1
00850 TEST: OutStat6A 1.0 +/- 0.01
00850 PASS: OutStat6A 1.0
00851 NULL : MeterCurrent = 1.7 | 0.1 | 0.1
00851 TEST: MeterCurrent 1.7 +/- 0.1
00851 PASS: MeterCurrent 1.667
00852 
00852 #set current and turn on output and verify feedback
00852 Command = 81, Output6A = 1 : NULL : WAIT = 0.1
00853 LdCurrentSet = 1800: NULL : WAIT = 0.1
00854 #verify reading from load
00854 NULL : Feedback6A = 1.8 | 0.5 | 0.1
00854 TEST: Feedback6A 1.8 +/- 0.5
00854 PASS: Feedback6A 1.791
00855 NULL : OutStat6A = 1 | 0.01 | 0.1
00855 TEST: OutStat6A 1.0 +/- 0.01
00855 PASS: OutStat6A 1.0
00856 NULL : MeterCurrent = 1.8 | 0.1 | 0.1
00856 TEST: MeterCurrent 1.8 +/- 0.1
00856 PASS: MeterCurrent 1.789
00857 
00857 #set current and turn on output and verify feedback
00857 Command = 81, Output6A = 1 : NULL : WAIT = 0.1
00858 LdCurrentSet = 1900: NULL : WAIT = 0.1
00859 #verify reading from load
00859 NULL : Feedback6A = 1.9 | 0.5 | 0.1
00859 TEST: Feedback6A 1.9 +/- 0.5
00859 PASS: Feedback6A 1.913
00860 NULL : OutStat6A = 1 | 0.01 | 0.1
00860 TEST: OutStat6A 1.0 +/- 0.01
00860 PASS: OutStat6A 1.0
00861 NULL : MeterCurrent = 1.9000000000000001 | 0.1 | 0.1
00861 TEST: MeterCurrent 1.9 +/- 0.1
00861 PASS: MeterCurrent 1.805
00862 
00862 #set current and turn on output and verify feedback
00862 Command = 81, Output6A = 1 : NULL : WAIT = 0.1
00863 LdCurrentSet = 2000: NULL : WAIT = 0.1
00864 #verify reading from load
00864 NULL : Feedback6A = 2.0 | 0.5 | 0.1
00864 TEST: Feedback6A 2.0 +/- 0.5
00864 PASS: Feedback6A 2.092
00865 NULL : OutStat6A = 1 | 0.01 | 0.1
00865 TEST: OutStat6A 1.0 +/- 0.01
00865 PASS: OutStat6A 1.0
00866 NULL : MeterCurrent = 2.0 | 0.1 | 0.1
00866 TEST: MeterCurrent 2.0 +/- 0.1
00866 PASS: MeterCurrent 1.924
00867 
00867 #set current and turn on output and verify feedback
00867 Command = 81, Output6A = 1 : NULL : WAIT = 0.1
00868 LdCurrentSet = 2100: NULL : WAIT = 0.1
00869 #verify reading from load
00869 NULL : Feedback6A = 2.1 | 0.5 | 0.1
00869 TEST: Feedback6A 2.1 +/- 0.5
00869 PASS: Feedback6A 2.242
00870 NULL : OutStat6A = 1 | 0.01 | 0.1
00870 TEST: OutStat6A 1.0 +/- 0.01
00870 PASS: OutStat6A 1.0
00871 NULL : MeterCurrent = 2.1 | 0.1 | 0.1
00871 TEST: MeterCurrent 2.1 +/- 0.1
00871 PASS: MeterCurrent 2.045
00872 
00872 #set current and turn on output and verify feedback
00872 Command = 81, Output6A = 1 : NULL : WAIT = 0.1
00873 LdCurrentSet = 2200: NULL : WAIT = 0.1
00874 #verify reading from load
00874 NULL : Feedback6A = 2.2 | 0.5 | 0.1
00874 TEST: Feedback6A 2.2 +/- 0.5
00874 PASS: Feedback6A 2.249
00875 NULL : OutStat6A = 1 | 0.01 | 0.1
00875 TEST: OutStat6A 1.0 +/- 0.01
00875 PASS: OutStat6A 1.0
00876 NULL : MeterCurrent = 2.2 | 0.1 | 0.1
00876 TEST: MeterCurrent 2.2 +/- 0.1
00876 PASS: MeterCurrent 2.166
00877 
00877 #set current and turn on output and verify feedback
00877 Command = 81, Output6A = 1 : NULL : WAIT = 0.1
00878 LdCurrentSet = 2300: NULL : WAIT = 0.1
00879 #verify reading from load
00879 NULL : Feedback6A = 2.3 | 0.5 | 0.1
00879 TEST: Feedback6A 2.3 +/- 0.5
00879 PASS: Feedback6A 2.361
00880 NULL : OutStat6A = 1 | 0.01 | 0.1
00880 TEST: OutStat6A 1.0 +/- 0.01
00880 PASS: OutStat6A 1.0
00881 NULL : MeterCurrent = 2.3000000000000003 | 0.1 | 0.1
00881 TEST: MeterCurrent 2.3 +/- 0.1
00881 PASS: MeterCurrent 2.281
00882 
00882 #set current and turn on output and verify feedback
00882 Command = 81, Output6A = 1 : NULL : WAIT = 0.1
00883 LdCurrentSet = 2400: NULL : WAIT = 0.1
00884 #verify reading from load
00884 NULL : Feedback6A = 2.4 | 0.5 | 0.1
00884 TEST: Feedback6A 2.4 +/- 0.5
00884 PASS: Feedback6A 2.54
00885 NULL : OutStat6A = 1 | 0.01 | 0.1
00885 TEST: OutStat6A 1.0 +/- 0.01
00885 PASS: OutStat6A 1.0
00886 NULL : MeterCurrent = 2.4 | 0.1 | 0.1
00886 TEST: MeterCurrent 2.4 +/- 0.1
00886 PASS: MeterCurrent 2.3
00887 
00887 #set current and turn on output and verify feedback
00887 Command = 81, Output6A = 1 : NULL : WAIT = 0.1
00888 LdCurrentSet = 2500: NULL : WAIT = 0.1
00889 #verify reading from load
00889 NULL : Feedback6A = 2.5 | 0.5 | 0.1
00889 TEST: Feedback6A 2.5 +/- 0.5
00889 PASS: Feedback6A 2.694
00890 NULL : OutStat6A = 1 | 0.01 | 0.1
00890 TEST: OutStat6A 1.0 +/- 0.01
00890 PASS: OutStat6A 1.0
00891 NULL : MeterCurrent = 2.5 | 0.1 | 0.1
00891 TEST: MeterCurrent 2.5 +/- 0.1
00891 PASS: MeterCurrent 2.42
00892 
00892 #set current and turn on output and verify feedback
00892 Command = 81, Output6A = 1 : NULL : WAIT = 0.1
00893 LdCurrentSet = 2600: NULL : WAIT = 0.1
00894 #verify reading from load
00894 NULL : Feedback6A = 2.6 | 0.5 | 0.1
00894 TEST: Feedback6A 2.6 +/- 0.5
00894 PASS: Feedback6A 2.809
00895 NULL : OutStat6A = 1 | 0.01 | 0.1
00895 TEST: OutStat6A 1.0 +/- 0.01
00895 PASS: OutStat6A 1.0
00896 NULL : MeterCurrent = 2.6 | 0.1 | 0.1
00896 TEST: MeterCurrent 2.6 +/- 0.1
00896 PASS: MeterCurrent 2.541
00897 
00897 #set current and turn on output and verify feedback
00897 Command = 81, Output6A = 1 : NULL : WAIT = 0.1
00898 LdCurrentSet = 2700: NULL : WAIT = 0.1
00899 #verify reading from load
00899 NULL : Feedback6A = 2.7 | 0.5 | 0.1
00899 TEST: Feedback6A 2.7 +/- 0.5
00899 PASS: Feedback6A 2.813
00900 NULL : OutStat6A = 1 | 0.01 | 0.1
00900 TEST: OutStat6A 1.0 +/- 0.01
00900 PASS: OutStat6A 1.0
00901 NULL : MeterCurrent = 2.7 | 0.1 | 0.1
00901 TEST: MeterCurrent 2.7 +/- 0.1
00901 PASS: MeterCurrent 2.657
00902 
00902 #set current and turn on output and verify feedback
00902 Command = 81, Output6A = 1 : NULL : WAIT = 0.1
00903 LdCurrentSet = 2800: NULL : WAIT = 0.1
00904 #verify reading from load
00904 NULL : Feedback6A = 2.8 | 0.5 | 0.1
00904 TEST: Feedback6A 2.8 +/- 0.5
00904 PASS: Feedback6A 2.963
00905 NULL : OutStat6A = 1 | 0.01 | 0.1
00905 TEST: OutStat6A 1.0 +/- 0.01
00905 PASS: OutStat6A 1.0
00906 NULL : MeterCurrent = 2.8000000000000003 | 0.1 | 0.1
00906 TEST: MeterCurrent 2.8 +/- 0.1
00906 PASS: MeterCurrent 2.774
00907 
00907 #set current and turn on output and verify feedback
00907 Command = 81, Output6A = 1 : NULL : WAIT = 0.1
00908 LdCurrentSet = 2900: NULL : WAIT = 0.1
00909 #verify reading from load
00909 NULL : Feedback6A = 2.9 | 0.5 | 0.1
00909 TEST: Feedback6A 2.9 +/- 0.5
00909 PASS: Feedback6A 3.138
00910 NULL : OutStat6A = 1 | 0.01 | 0.1
00910 TEST: OutStat6A 1.0 +/- 0.01
00910 PASS: OutStat6A 1.0
00911 NULL : MeterCurrent = 2.9 | 0.1 | 0.1
00911 TEST: MeterCurrent 2.9 +/- 0.1
00911 PASS: MeterCurrent 2.893
00912 
00912 #set current and turn on output and verify feedback
00912 Command = 81, Output6A = 1 : NULL : WAIT = 0.1
00913 LdCurrentSet = 3000: NULL : WAIT = 0.1
00914 #verify reading from load
00914 NULL : Feedback6A = 3.0 | 0.5 | 0.1
00914 TEST: Feedback6A 3.0 +/- 0.5
00914 PASS: Feedback6A 3.264
00915 NULL : OutStat6A = 1 | 0.01 | 0.1
00915 TEST: OutStat6A 1.0 +/- 0.01
00915 PASS: OutStat6A 1.0
00916 NULL : MeterCurrent = 3.0 | 0.1 | 0.1
00916 TEST: MeterCurrent 3.0 +/- 0.1
00916 PASS: MeterCurrent 2.912
00917 
00917 #set current and turn on output and verify feedback
00917 Command = 81, Output6A = 1 : NULL : WAIT = 0.1
00918 LdCurrentSet = 3100: NULL : WAIT = 0.1
00919 #verify reading from load
00919 NULL : Feedback6A = 3.1 | 0.5 | 0.1
00919 TEST: Feedback6A 3.1 +/- 0.5
00919 PASS: Feedback6A 3.267
00920 NULL : OutStat6A = 1 | 0.01 | 0.1
00920 TEST: OutStat6A 1.0 +/- 0.01
00920 PASS: OutStat6A 1.0
00921 NULL : MeterCurrent = 3.1 | 0.1 | 0.1
00921 TEST: MeterCurrent 3.1 +/- 0.1
00921 PASS: MeterCurrent 3.03
00922 
00922 #set current and turn on output and verify feedback
00922 Command = 81, Output6A = 1 : NULL : WAIT = 0.1
00923 LdCurrentSet = 3200: NULL : WAIT = 0.1
00924 #verify reading from load
00924 NULL : Feedback6A = 3.2 | 0.5 | 0.1
00924 TEST: Feedback6A 3.2 +/- 0.5
00924 PASS: Feedback6A 3.397
00925 NULL : OutStat6A = 1 | 0.01 | 0.1
00925 TEST: OutStat6A 1.0 +/- 0.01
00925 PASS: OutStat6A 1.0
00926 NULL : MeterCurrent = 3.2 | 0.1 | 0.1
00926 TEST: MeterCurrent 3.2 +/- 0.1
00926 PASS: MeterCurrent 3.15
00927 
00927 #set current and turn on output and verify feedback
00927 Command = 81, Output6A = 1 : NULL : WAIT = 0.1
00928 LdCurrentSet = 3300: NULL : WAIT = 0.1
00929 #verify reading from load
00929 NULL : Feedback6A = 3.3 | 0.5 | 0.1
00929 TEST: Feedback6A 3.3 +/- 0.5
00929 PASS: Feedback6A 3.582
00930 NULL : OutStat6A = 1 | 0.01 | 0.1
00930 TEST: OutStat6A 1.0 +/- 0.01
00930 FAIL: OutStat6A 2.0
00931 NULL : MeterCurrent = 3.3000000000000003 | 0.1 | 0.1
00931 TEST: MeterCurrent 3.3 +/- 0.1
00931 FAIL: MeterCurrent 0.023
00932 
00932 #set current and turn on output and verify feedback
00932 Command = 81, Output6A = 1 : NULL : WAIT = 0.1
00933 LdCurrentSet = 3400: NULL : WAIT = 0.1
00934 #verify reading from load
00934 NULL : Feedback6A = 3.4 | 0.5 | 0.1
00934 TEST: Feedback6A 3.4 +/- 0.5
00934 FAIL: Feedback6A 0.0
00935 NULL : OutStat6A = 1 | 0.01 | 0.1
00935 TEST: OutStat6A 1.0 +/- 0.01
00935 FAIL: OutStat6A 2.0
00936 NULL : MeterCurrent = 3.4 | 0.1 | 0.1
00936 TEST: MeterCurrent 3.4 +/- 0.1
00936 FAIL: MeterCurrent 0.024
00937 
00937 #set current and turn on output and verify feedback
00937 Command = 81, Output6A = 1 : NULL : WAIT = 0.1
00938 LdCurrentSet = 3500: NULL : WAIT = 0.1
00939 #verify fault #1
00939 NULL : Feedback6A = 0 | 0.1 | 0.1
00939 TEST: Feedback6A 0.0 +/- 0.1
00939 PASS: Feedback6A 0.0
00940 NULL : OutStat6A = 2 | 0.1 | 0.1
00940 TEST: OutStat6A 2.0 +/- 0.1
00940 PASS: OutStat6A 2.0
00941 NULL : MeterCurrent = 0  | 0.01 | 0.1
00941 TEST: MeterCurrent 0.0 +/- 0.01
00941 FAIL: MeterCurrent 0.024
00942 
00942 #switch out load line, clear current
00942 Output6A = 0 : NULL : WAIT = 0.1
00943 J3_05 = 0 : NULL : WAIT = 0.5
00944 LdCurrentSet = 0 : NULL : WAIT = 0.1
00945 NULL : OutStat6A = 0 | 0.1 | 0.1
00945 TEST: OutStat6A 0.0 +/- 0.1
00945 PASS: OutStat6A 0.0
00946 #switch in load line, set current
00946 J3_06 = 1 : NULL : WAIT = 0.5
00947 
00947 #set current and turn on output and verify feedback
00947 Command = 81, Output6B = 1 : NULL : WAIT = 0.1
00948 LdCurrentSet = 0: NULL : WAIT = 0.1
00949 #verify reading from load
00949 NULL : Feedback6B = 0.0 | 0.5 | 0.1
00949 TEST: Feedback6B 0.0 +/- 0.5
00949 PASS: Feedback6B 0.0
00950 NULL : OutStat6B = 1 | 0.01 | 0.1
00950 TEST: OutStat6B 1.0 +/- 0.01
00950 PASS: OutStat6B 1.0
00951 NULL : MeterCurrent = 0.0 | 0.1 | 0.1
00951 TEST: MeterCurrent 0.0 +/- 0.1
00951 PASS: MeterCurrent 0.0
00952 
00952 #set current and turn on output and verify feedback
00952 Command = 81, Output6B = 1 : NULL : WAIT = 0.1
00953 LdCurrentSet = 100: NULL : WAIT = 0.1
00954 #verify reading from load
00954 NULL : Feedback6B = 0.1 | 0.5 | 0.1
00954 TEST: Feedback6B 0.1 +/- 0.5
00954 PASS: Feedback6B 0.015
00955 NULL : OutStat6B = 1 | 0.01 | 0.1
00955 TEST: OutStat6B 1.0 +/- 0.01
00955 PASS: OutStat6B 1.0
00956 NULL : MeterCurrent = 0.1 | 0.1 | 0.1
00956 TEST: MeterCurrent 0.1 +/- 0.1
00956 PASS: MeterCurrent 0.033
00957 
00957 #set current and turn on output and verify feedback
00957 Command = 81, Output6B = 1 : NULL : WAIT = 0.1
00958 LdCurrentSet = 200: NULL : WAIT = 0.1
00959 #verify reading from load
00959 NULL : Feedback6B = 0.2 | 0.5 | 0.1
00959 TEST: Feedback6B 0.2 +/- 0.5
00959 PASS: Feedback6B 0.13
00960 NULL : OutStat6B = 1 | 0.01 | 0.1
00960 TEST: OutStat6B 1.0 +/- 0.01
00960 PASS: OutStat6B 1.0
00961 NULL : MeterCurrent = 0.2 | 0.1 | 0.1
00961 TEST: MeterCurrent 0.2 +/- 0.1
00961 PASS: MeterCurrent 0.152
00962 
00962 #set current and turn on output and verify feedback
00962 Command = 81, Output6B = 1 : NULL : WAIT = 0.1
00963 LdCurrentSet = 300: NULL : WAIT = 0.1
00964 #verify reading from load
00964 NULL : Feedback6B = 0.3 | 0.5 | 0.1
00964 TEST: Feedback6B 0.3 +/- 0.5
00964 PASS: Feedback6B 0.13
00965 NULL : OutStat6B = 1 | 0.01 | 0.1
00965 TEST: OutStat6B 1.0 +/- 0.01
00965 PASS: OutStat6B 1.0
00966 NULL : MeterCurrent = 0.3 | 0.1 | 0.1
00966 TEST: MeterCurrent 0.3 +/- 0.1
00966 PASS: MeterCurrent 0.271
00967 
00967 #set current and turn on output and verify feedback
00967 Command = 81, Output6B = 1 : NULL : WAIT = 0.1
00968 LdCurrentSet = 400: NULL : WAIT = 0.1
00969 #verify reading from load
00969 NULL : Feedback6B = 0.4 | 0.5 | 0.1
00969 TEST: Feedback6B 0.4 +/- 0.5
00969 PASS: Feedback6B 0.255
00970 NULL : OutStat6B = 1 | 0.01 | 0.1
00970 TEST: OutStat6B 1.0 +/- 0.01
00970 PASS: OutStat6B 1.0
00971 NULL : MeterCurrent = 0.4 | 0.1 | 0.1
00971 TEST: MeterCurrent 0.4 +/- 0.1
00971 PASS: MeterCurrent 0.388
00972 
00972 #set current and turn on output and verify feedback
00972 Command = 81, Output6B = 1 : NULL : WAIT = 0.1
00973 LdCurrentSet = 500: NULL : WAIT = 0.1
00974 #verify reading from load
00974 NULL : Feedback6B = 0.5 | 0.5 | 0.1
00974 TEST: Feedback6B 0.5 +/- 0.5
00974 PASS: Feedback6B 0.348
00975 NULL : OutStat6B = 1 | 0.01 | 0.1
00975 TEST: OutStat6B 1.0 +/- 0.01
00975 PASS: OutStat6B 1.0
00976 NULL : MeterCurrent = 0.5 | 0.1 | 0.1
00976 TEST: MeterCurrent 0.5 +/- 0.1
00976 PASS: MeterCurrent 0.478
00977 
00977 #set current and turn on output and verify feedback
00977 Command = 81, Output6B = 1 : NULL : WAIT = 0.1
00978 LdCurrentSet = 600: NULL : WAIT = 0.1
00979 #verify reading from load
00979 NULL : Feedback6B = 0.6 | 0.5 | 0.1
00979 TEST: Feedback6B 0.6 +/- 0.5
00979 PASS: Feedback6B 0.466
00980 NULL : OutStat6B = 1 | 0.01 | 0.1
00980 TEST: OutStat6B 1.0 +/- 0.01
00980 PASS: OutStat6B 1.0
00981 NULL : MeterCurrent = 0.6 | 0.1 | 0.1
00981 TEST: MeterCurrent 0.6 +/- 0.1
00981 PASS: MeterCurrent 0.591
00982 
00982 #set current and turn on output and verify feedback
00982 Command = 81, Output6B = 1 : NULL : WAIT = 0.1
00983 LdCurrentSet = 700: NULL : WAIT = 0.1
00984 #verify reading from load
00984 NULL : Feedback6B = 0.7 | 0.5 | 0.1
00984 TEST: Feedback6B 0.7 +/- 0.5
00984 PASS: Feedback6B 0.667
00985 NULL : OutStat6B = 1 | 0.01 | 0.1
00985 TEST: OutStat6B 1.0 +/- 0.01
00985 PASS: OutStat6B 1.0
00986 NULL : MeterCurrent = 0.7000000000000001 | 0.1 | 0.1
00986 TEST: MeterCurrent 0.7 +/- 0.1
00986 PASS: MeterCurrent 0.616
00987 
00987 #set current and turn on output and verify feedback
00987 Command = 81, Output6B = 1 : NULL : WAIT = 0.1
00988 LdCurrentSet = 800: NULL : WAIT = 0.1
00989 #verify reading from load
00989 NULL : Feedback6B = 0.8 | 0.5 | 0.1
00989 TEST: Feedback6B 0.8 +/- 0.5
00989 PASS: Feedback6B 0.789
00990 NULL : OutStat6B = 1 | 0.01 | 0.1
00990 TEST: OutStat6B 1.0 +/- 0.01
00990 PASS: OutStat6B 1.0
00991 NULL : MeterCurrent = 0.8 | 0.1 | 0.1
00991 TEST: MeterCurrent 0.8 +/- 0.1
00991 PASS: MeterCurrent 0.726
00992 
00992 #set current and turn on output and verify feedback
00992 Command = 81, Output6B = 1 : NULL : WAIT = 0.1
00993 LdCurrentSet = 900: NULL : WAIT = 0.1
00994 #verify reading from load
00994 NULL : Feedback6B = 0.9 | 0.5 | 0.1
00994 TEST: Feedback6B 0.9 +/- 0.5
00994 PASS: Feedback6B 0.899
00995 NULL : OutStat6B = 1 | 0.01 | 0.1
00995 TEST: OutStat6B 1.0 +/- 0.01
00995 PASS: OutStat6B 1.0
00996 NULL : MeterCurrent = 0.9 | 0.1 | 0.1
00996 TEST: MeterCurrent 0.9 +/- 0.1
00996 PASS: MeterCurrent 0.828
00997 
00997 #set current and turn on output and verify feedback
00997 Command = 81, Output6B = 1 : NULL : WAIT = 0.1
00998 LdCurrentSet = 1000: NULL : WAIT = 0.1
00999 #verify reading from load
00999 NULL : Feedback6B = 1.0 | 0.5 | 0.1
00999 TEST: Feedback6B 1.0 +/- 0.5
00999 PASS: Feedback6B 1.014
01000 NULL : OutStat6B = 1 | 0.01 | 0.1
01000 TEST: OutStat6B 1.0 +/- 0.01
01000 PASS: OutStat6B 1.0
01001 NULL : MeterCurrent = 1.0 | 0.1 | 0.1
01001 TEST: MeterCurrent 1.0 +/- 0.1
01001 PASS: MeterCurrent 0.95
01002 
01002 #set current and turn on output and verify feedback
01002 Command = 81, Output6B = 1 : NULL : WAIT = 0.1
01003 LdCurrentSet = 1100: NULL : WAIT = 0.1
01004 #verify reading from load
01004 NULL : Feedback6B = 1.1 | 0.5 | 0.1
01004 TEST: Feedback6B 1.1 +/- 0.5
01004 PASS: Feedback6B 1.021
01005 NULL : OutStat6B = 1 | 0.01 | 0.1
01005 TEST: OutStat6B 1.0 +/- 0.01
01005 PASS: OutStat6B 1.0
01006 NULL : MeterCurrent = 1.1 | 0.1 | 0.1
01006 TEST: MeterCurrent 1.1 +/- 0.1
01006 PASS: MeterCurrent 1.066
01007 
01007 #set current and turn on output and verify feedback
01007 Command = 81, Output6B = 1 : NULL : WAIT = 0.1
01008 LdCurrentSet = 1200: NULL : WAIT = 0.1
01009 #verify reading from load
01009 NULL : Feedback6B = 1.2 | 0.5 | 0.1
01009 TEST: Feedback6B 1.2 +/- 0.5
01009 PASS: Feedback6B 1.146
01010 NULL : OutStat6B = 1 | 0.01 | 0.1
01010 TEST: OutStat6B 1.0 +/- 0.01
01010 PASS: OutStat6B 1.0
01011 NULL : MeterCurrent = 1.2 | 0.1 | 0.1
01011 TEST: MeterCurrent 1.2 +/- 0.1
01011 PASS: MeterCurrent 1.183
01012 
01012 #set current and turn on output and verify feedback
01012 Command = 81, Output6B = 1 : NULL : WAIT = 0.1
01013 LdCurrentSet = 1300: NULL : WAIT = 0.1
01014 #verify reading from load
01014 NULL : Feedback6B = 1.3 | 0.5 | 0.1
01014 TEST: Feedback6B 1.3 +/- 0.5
01014 PASS: Feedback6B 1.329
01015 NULL : OutStat6B = 1 | 0.01 | 0.1
01015 TEST: OutStat6B 1.0 +/- 0.01
01015 PASS: OutStat6B 1.0
01016 NULL : MeterCurrent = 1.3 | 0.1 | 0.1
01016 TEST: MeterCurrent 1.3 +/- 0.1
01016 PASS: MeterCurrent 1.208
01017 
01017 #set current and turn on output and verify feedback
01017 Command = 81, Output6B = 1 : NULL : WAIT = 0.1
01018 LdCurrentSet = 1400: NULL : WAIT = 0.1
01019 #verify reading from load
01019 NULL : Feedback6B = 1.4 | 0.5 | 0.1
01019 TEST: Feedback6B 1.4 +/- 0.5
01019 PASS: Feedback6B 1.447
01020 NULL : OutStat6B = 1 | 0.01 | 0.1
01020 TEST: OutStat6B 1.0 +/- 0.01
01020 PASS: OutStat6B 1.0
01021 NULL : MeterCurrent = 1.4000000000000001 | 0.1 | 0.1
01021 TEST: MeterCurrent 1.4 +/- 0.1
01021 PASS: MeterCurrent 1.325
01022 
01022 #set current and turn on output and verify feedback
01022 Command = 81, Output6B = 1 : NULL : WAIT = 0.1
01023 LdCurrentSet = 1500: NULL : WAIT = 0.1
01024 #verify reading from load
01024 NULL : Feedback6B = 1.5 | 0.5 | 0.1
01024 TEST: Feedback6B 1.5 +/- 0.5
01024 PASS: Feedback6B 1.451
01025 NULL : OutStat6B = 1 | 0.01 | 0.1
01025 TEST: OutStat6B 1.0 +/- 0.01
01025 PASS: OutStat6B 1.0
01026 NULL : MeterCurrent = 1.5 | 0.1 | 0.1
01026 TEST: MeterCurrent 1.5 +/- 0.1
01026 PASS: MeterCurrent 1.443
01027 
01027 #set current and turn on output and verify feedback
01027 Command = 81, Output6B = 1 : NULL : WAIT = 0.1
01028 LdCurrentSet = 1600: NULL : WAIT = 0.1
01029 #verify reading from load
01029 NULL : Feedback6B = 1.6 | 0.5 | 0.1
01029 TEST: Feedback6B 1.6 +/- 0.5
01029 PASS: Feedback6B 1.569
01030 NULL : OutStat6B = 1 | 0.01 | 0.1
01030 TEST: OutStat6B 1.0 +/- 0.01
01030 PASS: OutStat6B 1.0
01031 NULL : MeterCurrent = 1.6 | 0.1 | 0.1
01031 TEST: MeterCurrent 1.6 +/- 0.1
01031 PASS: MeterCurrent 1.557
01032 
01032 #set current and turn on output and verify feedback
01032 Command = 81, Output6B = 1 : NULL : WAIT = 0.1
01033 LdCurrentSet = 1700: NULL : WAIT = 0.1
01034 #verify reading from load
01034 NULL : Feedback6B = 1.7 | 0.5 | 0.1
01034 TEST: Feedback6B 1.7 +/- 0.5
01034 PASS: Feedback6B 1.749
01035 NULL : OutStat6B = 1 | 0.01 | 0.1
01035 TEST: OutStat6B 1.0 +/- 0.01
01035 PASS: OutStat6B 1.0
01036 NULL : MeterCurrent = 1.7 | 0.1 | 0.1
01036 TEST: MeterCurrent 1.7 +/- 0.1
01036 PASS: MeterCurrent 1.678
01037 
01037 #set current and turn on output and verify feedback
01037 Command = 81, Output6B = 1 : NULL : WAIT = 0.1
01038 LdCurrentSet = 1800: NULL : WAIT = 0.1
01039 #verify reading from load
01039 NULL : Feedback6B = 1.8 | 0.5 | 0.1
01039 TEST: Feedback6B 1.8 +/- 0.5
01039 PASS: Feedback6B 1.888
01040 NULL : OutStat6B = 1 | 0.01 | 0.1
01040 TEST: OutStat6B 1.0 +/- 0.01
01040 PASS: OutStat6B 1.0
01041 NULL : MeterCurrent = 1.8 | 0.1 | 0.1
01041 TEST: MeterCurrent 1.8 +/- 0.1
01041 PASS: MeterCurrent 1.797
01042 
01042 #set current and turn on output and verify feedback
01042 Command = 81, Output6B = 1 : NULL : WAIT = 0.1
01043 LdCurrentSet = 1900: NULL : WAIT = 0.1
01044 #verify reading from load
01044 NULL : Feedback6B = 1.9 | 0.5 | 0.1
01044 TEST: Feedback6B 1.9 +/- 0.5
01044 PASS: Feedback6B 1.995
01045 NULL : OutStat6B = 1 | 0.01 | 0.1
01045 TEST: OutStat6B 1.0 +/- 0.01
01045 PASS: OutStat6B 1.0
01046 NULL : MeterCurrent = 1.9000000000000001 | 0.1 | 0.1
01046 TEST: MeterCurrent 1.9 +/- 0.1
01046 PASS: MeterCurrent 1.811
01047 
01047 #set current and turn on output and verify feedback
01047 Command = 81, Output6B = 1 : NULL : WAIT = 0.1
01048 LdCurrentSet = 2000: NULL : WAIT = 0.1
01049 #verify reading from load
01049 NULL : Feedback6B = 2.0 | 0.5 | 0.1
01049 TEST: Feedback6B 2.0 +/- 0.5
01049 PASS: Feedback6B 1.999
01050 NULL : OutStat6B = 1 | 0.01 | 0.1
01050 TEST: OutStat6B 1.0 +/- 0.01
01050 PASS: OutStat6B 1.0
01051 NULL : MeterCurrent = 2.0 | 0.1 | 0.1
01051 TEST: MeterCurrent 2.0 +/- 0.1
01051 PASS: MeterCurrent 1.931
01052 
01052 #set current and turn on output and verify feedback
01052 Command = 81, Output6B = 1 : NULL : WAIT = 0.1
01053 LdCurrentSet = 2100: NULL : WAIT = 0.1
01054 #verify reading from load
01054 NULL : Feedback6B = 2.1 | 0.5 | 0.1
01054 TEST: Feedback6B 2.1 +/- 0.5
01054 PASS: Feedback6B 2.158
01055 NULL : OutStat6B = 1 | 0.01 | 0.1
01055 TEST: OutStat6B 1.0 +/- 0.01
01055 PASS: OutStat6B 1.0
01056 NULL : MeterCurrent = 2.1 | 0.1 | 0.1
01056 TEST: MeterCurrent 2.1 +/- 0.1
01056 PASS: MeterCurrent 2.05
01057 
01057 #set current and turn on output and verify feedback
01057 Command = 81, Output6B = 1 : NULL : WAIT = 0.1
01058 LdCurrentSet = 2200: NULL : WAIT = 0.1
01059 #verify reading from load
01059 NULL : Feedback6B = 2.2 | 0.5 | 0.1
01059 TEST: Feedback6B 2.2 +/- 0.5
01059 PASS: Feedback6B 2.311
01060 NULL : OutStat6B = 1 | 0.01 | 0.1
01060 TEST: OutStat6B 1.0 +/- 0.01
01060 PASS: OutStat6B 1.0
01061 NULL : MeterCurrent = 2.2 | 0.1 | 0.1
01061 TEST: MeterCurrent 2.2 +/- 0.1
01061 PASS: MeterCurrent 2.165
01062 
01062 #set current and turn on output and verify feedback
01062 Command = 81, Output6B = 1 : NULL : WAIT = 0.1
01063 LdCurrentSet = 2300: NULL : WAIT = 0.1
01064 #verify reading from load
01064 NULL : Feedback6B = 2.3 | 0.5 | 0.1
01064 TEST: Feedback6B 2.3 +/- 0.5
01064 PASS: Feedback6B 2.432
01065 NULL : OutStat6B = 1 | 0.01 | 0.1
01065 TEST: OutStat6B 1.0 +/- 0.01
01065 PASS: OutStat6B 1.0
01066 NULL : MeterCurrent = 2.3000000000000003 | 0.1 | 0.1
01066 TEST: MeterCurrent 2.3 +/- 0.1
01066 PASS: MeterCurrent 2.279
01067 
01067 #set current and turn on output and verify feedback
01067 Command = 81, Output6B = 1 : NULL : WAIT = 0.1
01068 LdCurrentSet = 2400: NULL : WAIT = 0.1
01069 #verify reading from load
01069 NULL : Feedback6B = 2.4 | 0.5 | 0.1
01069 TEST: Feedback6B 2.4 +/- 0.5
01069 PASS: Feedback6B 2.442
01070 NULL : OutStat6B = 1 | 0.01 | 0.1
01070 TEST: OutStat6B 1.0 +/- 0.01
01070 PASS: OutStat6B 1.0
01071 NULL : MeterCurrent = 2.4 | 0.1 | 0.1
01071 TEST: MeterCurrent 2.4 +/- 0.1
01071 PASS: MeterCurrent 2.4
01072 
01072 #set current and turn on output and verify feedback
01072 Command = 81, Output6B = 1 : NULL : WAIT = 0.1
01073 LdCurrentSet = 2500: NULL : WAIT = 0.1
01074 #verify reading from load
01074 NULL : Feedback6B = 2.5 | 0.5 | 0.1
01074 TEST: Feedback6B 2.5 +/- 0.5
01074 PASS: Feedback6B 2.55
01075 NULL : OutStat6B = 1 | 0.01 | 0.1
01075 TEST: OutStat6B 1.0 +/- 0.01
01075 PASS: OutStat6B 1.0
01076 NULL : MeterCurrent = 2.5 | 0.1 | 0.1
01076 TEST: MeterCurrent 2.5 +/- 0.1
01076 PASS: MeterCurrent 2.417
01077 
01077 #set current and turn on output and verify feedback
01077 Command = 81, Output6B = 1 : NULL : WAIT = 0.1
01078 LdCurrentSet = 2600: NULL : WAIT = 0.1
01079 #verify reading from load
01079 NULL : Feedback6B = 2.6 | 0.5 | 0.1
01079 TEST: Feedback6B 2.6 +/- 0.5
01079 PASS: Feedback6B 2.727
01080 NULL : OutStat6B = 1 | 0.01 | 0.1
01080 TEST: OutStat6B 1.0 +/- 0.01
01080 PASS: OutStat6B 1.0
01081 NULL : MeterCurrent = 2.6 | 0.1 | 0.1
01081 TEST: MeterCurrent 2.6 +/- 0.1
01081 PASS: MeterCurrent 2.537
01082 
01082 #set current and turn on output and verify feedback
01082 Command = 81, Output6B = 1 : NULL : WAIT = 0.1
01083 LdCurrentSet = 2700: NULL : WAIT = 0.1
01084 #verify reading from load
01084 NULL : Feedback6B = 2.7 | 0.5 | 0.1
01084 TEST: Feedback6B 2.7 +/- 0.5
01084 PASS: Feedback6B 2.869
01085 NULL : OutStat6B = 1 | 0.01 | 0.1
01085 TEST: OutStat6B 1.0 +/- 0.01
01085 PASS: OutStat6B 1.0
01086 NULL : MeterCurrent = 2.7 | 0.1 | 0.1
01086 TEST: MeterCurrent 2.7 +/- 0.1
01086 PASS: MeterCurrent 2.651
01087 
01087 #set current and turn on output and verify feedback
01087 Command = 81, Output6B = 1 : NULL : WAIT = 0.1
01088 LdCurrentSet = 2800: NULL : WAIT = 0.1
01089 #verify reading from load
01089 NULL : Feedback6B = 2.8 | 0.5 | 0.1
01089 TEST: Feedback6B 2.8 +/- 0.5
01089 PASS: Feedback6B 2.987
01090 NULL : OutStat6B = 1 | 0.01 | 0.1
01090 TEST: OutStat6B 1.0 +/- 0.01
01090 PASS: OutStat6B 1.0
01091 NULL : MeterCurrent = 2.8000000000000003 | 0.1 | 0.1
01091 TEST: MeterCurrent 2.8 +/- 0.1
01091 PASS: MeterCurrent 2.775
01092 
01092 #set current and turn on output and verify feedback
01092 Command = 81, Output6B = 1 : NULL : WAIT = 0.1
01093 LdCurrentSet = 2900: NULL : WAIT = 0.1
01094 #verify reading from load
01094 NULL : Feedback6B = 2.9 | 0.5 | 0.1
01094 TEST: Feedback6B 2.9 +/- 0.5
01094 PASS: Feedback6B 2.994
01095 NULL : OutStat6B = 1 | 0.01 | 0.1
01095 TEST: OutStat6B 1.0 +/- 0.01
01095 PASS: OutStat6B 1.0
01096 NULL : MeterCurrent = 2.9 | 0.1 | 0.1
01096 TEST: MeterCurrent 2.9 +/- 0.1
01096 PASS: MeterCurrent 2.893
01097 
01097 #set current and turn on output and verify feedback
01097 Command = 81, Output6B = 1 : NULL : WAIT = 0.1
01098 LdCurrentSet = 3000: NULL : WAIT = 0.1
01099 #verify reading from load
01099 NULL : Feedback6B = 3.0 | 0.5 | 0.1
01099 TEST: Feedback6B 3.0 +/- 0.5
01099 PASS: Feedback6B 3.157
01100 NULL : OutStat6B = 1 | 0.01 | 0.1
01100 TEST: OutStat6B 1.0 +/- 0.01
01100 PASS: OutStat6B 1.0
01101 NULL : MeterCurrent = 3.0 | 0.1 | 0.1
01101 TEST: MeterCurrent 3.0 +/- 0.1
01101 PASS: MeterCurrent 3.0
01102 
01102 #set current and turn on output and verify feedback
01102 Command = 81, Output6B = 1 : NULL : WAIT = 0.1
01103 LdCurrentSet = 3100: NULL : WAIT = 0.1
01104 #verify reading from load
01104 NULL : Feedback6B = 3.1 | 0.5 | 0.1
01104 TEST: Feedback6B 3.1 +/- 0.5
01104 PASS: Feedback6B 3.306
01105 NULL : OutStat6B = 1 | 0.01 | 0.1
01105 TEST: OutStat6B 1.0 +/- 0.01
01105 PASS: OutStat6B 1.0
01106 NULL : MeterCurrent = 3.1 | 0.1 | 0.1
01106 TEST: MeterCurrent 3.1 +/- 0.1
01106 PASS: MeterCurrent 3.03
01107 
01107 #set current and turn on output and verify feedback
01107 Command = 81, Output6B = 1 : NULL : WAIT = 0.1
01108 LdCurrentSet = 3200: NULL : WAIT = 0.1
01109 #verify reading from load
01109 NULL : Feedback6B = 3.2 | 0.5 | 0.1
01109 TEST: Feedback6B 3.2 +/- 0.5
01109 PASS: Feedback6B 3.43
01110 NULL : OutStat6B = 1 | 0.01 | 0.1
01110 TEST: OutStat6B 1.0 +/- 0.01
01110 PASS: OutStat6B 1.0
01111 NULL : MeterCurrent = 3.2 | 0.1 | 0.1
01111 TEST: MeterCurrent 3.2 +/- 0.1
01111 PASS: MeterCurrent 3.15
01112 
01112 #set current and turn on output and verify feedback
01112 Command = 81, Output6B = 1 : NULL : WAIT = 0.1
01113 LdCurrentSet = 3300: NULL : WAIT = 0.1
01114 #verify reading from load
01114 NULL : Feedback6B = 3.3 | 0.5 | 0.1
01114 TEST: Feedback6B 3.3 +/- 0.5
01114 PASS: Feedback6B 3.43
01115 NULL : OutStat6B = 1 | 0.01 | 0.1
01115 TEST: OutStat6B 1.0 +/- 0.01
01115 FAIL: OutStat6B 2.0
01116 NULL : MeterCurrent = 3.3000000000000003 | 0.1 | 0.1
01116 TEST: MeterCurrent 3.3 +/- 0.1
01116 FAIL: MeterCurrent 0.024
01117 
01117 #set current and turn on output and verify feedback
01117 Command = 81, Output6B = 1 : NULL : WAIT = 0.1
01118 LdCurrentSet = 3400: NULL : WAIT = 0.1
01119 #verify reading from load
01119 NULL : Feedback6B = 3.4 | 0.5 | 0.1
01119 TEST: Feedback6B 3.4 +/- 0.5
01119 FAIL: Feedback6B 0.0
01120 NULL : OutStat6B = 1 | 0.01 | 0.1
01120 TEST: OutStat6B 1.0 +/- 0.01
01120 FAIL: OutStat6B 2.0
01121 NULL : MeterCurrent = 3.4 | 0.1 | 0.1
01121 TEST: MeterCurrent 3.4 +/- 0.1
01121 FAIL: MeterCurrent 0.024
01122 
01122 #set current and turn on output and verify feedback
01122 Command = 81, Output6B = 1 : NULL : WAIT = 0.1
01123 LdCurrentSet = 3500: NULL : WAIT = 0.1
01124 #verify fault #1
01124 NULL : Feedback6B = 0 | 0.1 | 0.1
01124 TEST: Feedback6B 0.0 +/- 0.1
01124 PASS: Feedback6B 0.0
01125 NULL : OutStat6B = 2 | 0.1 | 0.1
01125 TEST: OutStat6B 2.0 +/- 0.1
01125 PASS: OutStat6B 2.0
01126 NULL : MeterCurrent = 0  | 0.01 | 0.1
01126 TEST: MeterCurrent 0.0 +/- 0.01
01126 FAIL: MeterCurrent 0.023
01127 
01127 #switch out load line, clear current
01127 Output6B = 0 : NULL : WAIT = 0.1
01128 J3_06 = 0 : NULL : WAIT = 0.5
01129 LdCurrentSet = 0 : NULL : WAIT = 0.1
01130 NULL : OutStat6B = 0 | 0.1 | 0.1
01130 TEST: OutStat6B 0.0 +/- 0.1
01130 PASS: OutStat6B 0.0
01131 #switch in load line, set current
01131 J3_07 = 1 : NULL : WAIT = 0.5
01132 
01132 #set current and turn on output and verify feedback
01132 Command = 81, Output8A = 1 : NULL : WAIT = 0.1
01133 LdCurrentSet = 0: NULL : WAIT = 0.1
01134 #verify reading from load
01134 NULL : Feedback8A = 0.0 | 0.5 | 0.1
01134 TEST: Feedback8A 0.0 +/- 0.5
01134 PASS: Feedback8A 0.0
01135 NULL : OutStat8A = 1 | 0.01 | 0.1
01135 TEST: OutStat8A 1.0 +/- 0.01
01135 PASS: OutStat8A 1.0
01136 NULL : MeterCurrent = 0.0 | 0.1 | 0.1
01136 TEST: MeterCurrent 0.0 +/- 0.1
01136 PASS: MeterCurrent 0.0
01137 
01137 #set current and turn on output and verify feedback
01137 Command = 81, Output8A = 1 : NULL : WAIT = 0.1
01138 LdCurrentSet = 100: NULL : WAIT = 0.1
01139 #verify reading from load
01139 NULL : Feedback8A = 0.1 | 0.5 | 0.1
01139 TEST: Feedback8A 0.1 +/- 0.5
01139 PASS: Feedback8A 0.0
01140 NULL : OutStat8A = 1 | 0.01 | 0.1
01140 TEST: OutStat8A 1.0 +/- 0.01
01140 PASS: OutStat8A 1.0
01141 NULL : MeterCurrent = 0.1 | 0.1 | 0.1
01141 TEST: MeterCurrent 0.1 +/- 0.1
01141 PASS: MeterCurrent 0.035
01142 
01142 #set current and turn on output and verify feedback
01142 Command = 81, Output8A = 1 : NULL : WAIT = 0.1
01143 LdCurrentSet = 200: NULL : WAIT = 0.1
01144 #verify reading from load
01144 NULL : Feedback8A = 0.2 | 0.5 | 0.1
01144 TEST: Feedback8A 0.2 +/- 0.5
01144 PASS: Feedback8A 0.112
01145 NULL : OutStat8A = 1 | 0.01 | 0.1
01145 TEST: OutStat8A 1.0 +/- 0.01
01145 PASS: OutStat8A 1.0
01146 NULL : MeterCurrent = 0.2 | 0.1 | 0.1
01146 TEST: MeterCurrent 0.2 +/- 0.1
01146 PASS: MeterCurrent 0.151
01147 
01147 #set current and turn on output and verify feedback
01147 Command = 81, Output8A = 1 : NULL : WAIT = 0.1
01148 LdCurrentSet = 300: NULL : WAIT = 0.1
01149 #verify reading from load
01149 NULL : Feedback8A = 0.3 | 0.5 | 0.1
01149 TEST: Feedback8A 0.3 +/- 0.5
01149 PASS: Feedback8A 0.243
01150 NULL : OutStat8A = 1 | 0.01 | 0.1
01150 TEST: OutStat8A 1.0 +/- 0.01
01150 PASS: OutStat8A 1.0
01151 NULL : MeterCurrent = 0.3 | 0.1 | 0.1
01151 TEST: MeterCurrent 0.3 +/- 0.1
01151 PASS: MeterCurrent 0.269
01152 
01152 #set current and turn on output and verify feedback
01152 Command = 81, Output8A = 1 : NULL : WAIT = 0.1
01153 LdCurrentSet = 400: NULL : WAIT = 0.1
01154 #verify reading from load
01154 NULL : Feedback8A = 0.4 | 0.5 | 0.1
01154 TEST: Feedback8A 0.4 +/- 0.5
01154 PASS: Feedback8A 0.36
01155 NULL : OutStat8A = 1 | 0.01 | 0.1
01155 TEST: OutStat8A 1.0 +/- 0.01
01155 PASS: OutStat8A 1.0
01156 NULL : MeterCurrent = 0.4 | 0.1 | 0.1
01156 TEST: MeterCurrent 0.4 +/- 0.1
01156 PASS: MeterCurrent 0.39
01157 
01157 #set current and turn on output and verify feedback
01157 Command = 81, Output8A = 1 : NULL : WAIT = 0.1
01158 LdCurrentSet = 500: NULL : WAIT = 0.1
01159 #verify reading from load
01159 NULL : Feedback8A = 0.5 | 0.5 | 0.1
01159 TEST: Feedback8A 0.5 +/- 0.5
01159 PASS: Feedback8A 0.454
01160 NULL : OutStat8A = 1 | 0.01 | 0.1
01160 TEST: OutStat8A 1.0 +/- 0.01
01160 PASS: OutStat8A 1.0
01161 NULL : MeterCurrent = 0.5 | 0.1 | 0.1
01161 TEST: MeterCurrent 0.5 +/- 0.1
01161 PASS: MeterCurrent 0.476
01162 
01162 #set current and turn on output and verify feedback
01162 Command = 81, Output8A = 1 : NULL : WAIT = 0.1
01163 LdCurrentSet = 600: NULL : WAIT = 0.1
01164 #verify reading from load
01164 NULL : Feedback8A = 0.6 | 0.5 | 0.1
01164 TEST: Feedback8A 0.6 +/- 0.5
01164 PASS: Feedback8A 0.574
01165 NULL : OutStat8A = 1 | 0.01 | 0.1
01165 TEST: OutStat8A 1.0 +/- 0.01
01165 PASS: OutStat8A 1.0
01166 NULL : MeterCurrent = 0.6 | 0.1 | 0.1
01166 TEST: MeterCurrent 0.6 +/- 0.1
01166 PASS: MeterCurrent 0.591
01167 
01167 #set current and turn on output and verify feedback
01167 Command = 81, Output8A = 1 : NULL : WAIT = 0.1
01168 LdCurrentSet = 700: NULL : WAIT = 0.1
01169 #verify reading from load
01169 NULL : Feedback8A = 0.7 | 0.5 | 0.1
01169 TEST: Feedback8A 0.7 +/- 0.5
01169 PASS: Feedback8A 0.578
01170 NULL : OutStat8A = 1 | 0.01 | 0.1
01170 TEST: OutStat8A 1.0 +/- 0.01
01170 PASS: OutStat8A 1.0
01171 NULL : MeterCurrent = 0.7000000000000001 | 0.1 | 0.1
01171 TEST: MeterCurrent 0.7 +/- 0.1
01171 PASS: MeterCurrent 0.61
01172 
01172 #set current and turn on output and verify feedback
01172 Command = 81, Output8A = 1 : NULL : WAIT = 0.1
01173 LdCurrentSet = 800: NULL : WAIT = 0.1
01174 #verify reading from load
01174 NULL : Feedback8A = 0.8 | 0.5 | 0.1
01174 TEST: Feedback8A 0.8 +/- 0.5
01174 PASS: Feedback8A 0.688
01175 NULL : OutStat8A = 1 | 0.01 | 0.1
01175 TEST: OutStat8A 1.0 +/- 0.01
01175 PASS: OutStat8A 1.0
01176 NULL : MeterCurrent = 0.8 | 0.1 | 0.1
01176 TEST: MeterCurrent 0.8 +/- 0.1
01176 PASS: MeterCurrent 0.715
01177 
01177 #set current and turn on output and verify feedback
01177 Command = 81, Output8A = 1 : NULL : WAIT = 0.1
01178 LdCurrentSet = 900: NULL : WAIT = 0.1
01179 #verify reading from load
01179 NULL : Feedback8A = 0.9 | 0.5 | 0.1
01179 TEST: Feedback8A 0.9 +/- 0.5
01179 PASS: Feedback8A 0.849
01180 NULL : OutStat8A = 1 | 0.01 | 0.1
01180 TEST: OutStat8A 1.0 +/- 0.01
01180 PASS: OutStat8A 1.0
01181 NULL : MeterCurrent = 0.9 | 0.1 | 0.1
01181 TEST: MeterCurrent 0.9 +/- 0.1
01181 PASS: MeterCurrent 0.839
01182 
01182 #set current and turn on output and verify feedback
01182 Command = 81, Output8A = 1 : NULL : WAIT = 0.1
01183 LdCurrentSet = 1000: NULL : WAIT = 0.1
01184 #verify reading from load
01184 NULL : Feedback8A = 1.0 | 0.5 | 0.1
01184 TEST: Feedback8A 1.0 +/- 0.5
01184 PASS: Feedback8A 1.013
01185 NULL : OutStat8A = 1 | 0.01 | 0.1
01185 TEST: OutStat8A 1.0 +/- 0.01
01185 PASS: OutStat8A 1.0
01186 NULL : MeterCurrent = 1.0 | 0.1 | 0.1
01186 TEST: MeterCurrent 1.0 +/- 0.1
01186 PASS: MeterCurrent 0.958
01187 
01187 #set current and turn on output and verify feedback
01187 Command = 81, Output8A = 1 : NULL : WAIT = 0.1
01188 LdCurrentSet = 1100: NULL : WAIT = 0.1
01189 #verify reading from load
01189 NULL : Feedback8A = 1.1 | 0.5 | 0.1
01189 TEST: Feedback8A 1.1 +/- 0.5
01189 PASS: Feedback8A 1.121
01190 NULL : OutStat8A = 1 | 0.01 | 0.1
01190 TEST: OutStat8A 1.0 +/- 0.01
01190 PASS: OutStat8A 1.0
01191 NULL : MeterCurrent = 1.1 | 0.1 | 0.1
01191 TEST: MeterCurrent 1.1 +/- 0.1
01191 PASS: MeterCurrent 1.069
01192 
01192 #set current and turn on output and verify feedback
01192 Command = 81, Output8A = 1 : NULL : WAIT = 0.1
01193 LdCurrentSet = 1200: NULL : WAIT = 0.1
01194 #verify reading from load
01194 NULL : Feedback8A = 1.2 | 0.5 | 0.1
01194 TEST: Feedback8A 1.2 +/- 0.5
01194 PASS: Feedback8A 1.127
01195 NULL : OutStat8A = 1 | 0.01 | 0.1
01195 TEST: OutStat8A 1.0 +/- 0.01
01195 PASS: OutStat8A 1.0
01196 NULL : MeterCurrent = 1.2 | 0.1 | 0.1
01196 TEST: MeterCurrent 1.2 +/- 0.1
01196 PASS: MeterCurrent 1.193
01197 
01197 #set current and turn on output and verify feedback
01197 Command = 81, Output8A = 1 : NULL : WAIT = 0.1
01198 LdCurrentSet = 1300: NULL : WAIT = 0.1
01199 #verify reading from load
01199 NULL : Feedback8A = 1.3 | 0.5 | 0.1
01199 TEST: Feedback8A 1.3 +/- 0.5
01199 PASS: Feedback8A 1.265
01200 NULL : OutStat8A = 1 | 0.01 | 0.1
01200 TEST: OutStat8A 1.0 +/- 0.01
01200 PASS: OutStat8A 1.0
01201 NULL : MeterCurrent = 1.3 | 0.1 | 0.1
01201 TEST: MeterCurrent 1.3 +/- 0.1
01201 PASS: MeterCurrent 1.209
01202 
01202 #set current and turn on output and verify feedback
01202 Command = 81, Output8A = 1 : NULL : WAIT = 0.1
01203 LdCurrentSet = 1400: NULL : WAIT = 0.1
01204 #verify reading from load
01204 NULL : Feedback8A = 1.4 | 0.5 | 0.1
01204 TEST: Feedback8A 1.4 +/- 0.5
01204 PASS: Feedback8A 1.436
01205 NULL : OutStat8A = 1 | 0.01 | 0.1
01205 TEST: OutStat8A 1.0 +/- 0.01
01205 PASS: OutStat8A 1.0
01206 NULL : MeterCurrent = 1.4000000000000001 | 0.1 | 0.1
01206 TEST: MeterCurrent 1.4 +/- 0.1
01206 PASS: MeterCurrent 1.327
01207 
01207 #set current and turn on output and verify feedback
01207 Command = 81, Output8A = 1 : NULL : WAIT = 0.1
01208 LdCurrentSet = 1500: NULL : WAIT = 0.1
01209 #verify reading from load
01209 NULL : Feedback8A = 1.5 | 0.5 | 0.1
01209 TEST: Feedback8A 1.5 +/- 0.5
01209 PASS: Feedback8A 1.556
01210 NULL : OutStat8A = 1 | 0.01 | 0.1
01210 TEST: OutStat8A 1.0 +/- 0.01
01210 PASS: OutStat8A 1.0
01211 NULL : MeterCurrent = 1.5 | 0.1 | 0.1
01211 TEST: MeterCurrent 1.5 +/- 0.1
01211 PASS: MeterCurrent 1.444
01212 
01212 #set current and turn on output and verify feedback
01212 Command = 81, Output8A = 1 : NULL : WAIT = 0.1
01213 LdCurrentSet = 1600: NULL : WAIT = 0.1
01214 #verify reading from load
01214 NULL : Feedback8A = 1.6 | 0.5 | 0.1
01214 TEST: Feedback8A 1.6 +/- 0.5
01214 PASS: Feedback8A 1.67
01215 NULL : OutStat8A = 1 | 0.01 | 0.1
01215 TEST: OutStat8A 1.0 +/- 0.01
01215 PASS: OutStat8A 1.0
01216 NULL : MeterCurrent = 1.6 | 0.1 | 0.1
01216 TEST: MeterCurrent 1.6 +/- 0.1
01216 PASS: MeterCurrent 1.561
01217 
01217 #set current and turn on output and verify feedback
01217 Command = 81, Output8A = 1 : NULL : WAIT = 0.1
01218 LdCurrentSet = 1700: NULL : WAIT = 0.1
01219 #verify reading from load
01219 NULL : Feedback8A = 1.7 | 0.5 | 0.1
01219 TEST: Feedback8A 1.7 +/- 0.5
01219 PASS: Feedback8A 1.67
01220 NULL : OutStat8A = 1 | 0.01 | 0.1
01220 TEST: OutStat8A 1.0 +/- 0.01
01220 PASS: OutStat8A 1.0
01221 NULL : MeterCurrent = 1.7 | 0.1 | 0.1
01221 TEST: MeterCurrent 1.7 +/- 0.1
01221 PASS: MeterCurrent 1.669
01222 
01222 #set current and turn on output and verify feedback
01222 Command = 81, Output8A = 1 : NULL : WAIT = 0.1
01223 LdCurrentSet = 1800: NULL : WAIT = 0.1
01224 #verify reading from load
01224 NULL : Feedback8A = 1.8 | 0.5 | 0.1
01224 TEST: Feedback8A 1.8 +/- 0.5
01224 PASS: Feedback8A 1.781
01225 NULL : OutStat8A = 1 | 0.01 | 0.1
01225 TEST: OutStat8A 1.0 +/- 0.01
01225 PASS: OutStat8A 1.0
01226 NULL : MeterCurrent = 1.8 | 0.1 | 0.1
01226 TEST: MeterCurrent 1.8 +/- 0.1
01226 PASS: MeterCurrent 1.791
01227 
01227 #set current and turn on output and verify feedback
01227 Command = 81, Output8A = 1 : NULL : WAIT = 0.1
01228 LdCurrentSet = 1900: NULL : WAIT = 0.1
01229 #verify reading from load
01229 NULL : Feedback8A = 1.9 | 0.5 | 0.1
01229 TEST: Feedback8A 1.9 +/- 0.5
01229 PASS: Feedback8A 1.965
01230 NULL : OutStat8A = 1 | 0.01 | 0.1
01230 TEST: OutStat8A 1.0 +/- 0.01
01230 PASS: OutStat8A 1.0
01231 NULL : MeterCurrent = 1.9000000000000001 | 0.1 | 0.1
01231 TEST: MeterCurrent 1.9 +/- 0.1
01231 PASS: MeterCurrent 1.812
01232 
01232 #set current and turn on output and verify feedback
01232 Command = 81, Output8A = 1 : NULL : WAIT = 0.1
01233 LdCurrentSet = 2000: NULL : WAIT = 0.1
01234 #verify reading from load
01234 NULL : Feedback8A = 2.0 | 0.5 | 0.1
01234 TEST: Feedback8A 2.0 +/- 0.5
01234 PASS: Feedback8A 2.102
01235 NULL : OutStat8A = 1 | 0.01 | 0.1
01235 TEST: OutStat8A 1.0 +/- 0.01
01235 PASS: OutStat8A 1.0
01236 NULL : MeterCurrent = 2.0 | 0.1 | 0.1
01236 TEST: MeterCurrent 2.0 +/- 0.1
01236 PASS: MeterCurrent 1.928
01237 
01237 #set current and turn on output and verify feedback
01237 Command = 81, Output8A = 1 : NULL : WAIT = 0.1
01238 LdCurrentSet = 2100: NULL : WAIT = 0.1
01239 #verify reading from load
01239 NULL : Feedback8A = 2.1 | 0.5 | 0.1
01239 TEST: Feedback8A 2.1 +/- 0.5
01239 PASS: Feedback8A 2.213
01240 NULL : OutStat8A = 1 | 0.01 | 0.1
01240 TEST: OutStat8A 1.0 +/- 0.01
01240 PASS: OutStat8A 1.0
01241 NULL : MeterCurrent = 2.1 | 0.1 | 0.1
01241 TEST: MeterCurrent 2.1 +/- 0.1
01241 PASS: MeterCurrent 2.045
01242 
01242 #set current and turn on output and verify feedback
01242 Command = 81, Output8A = 1 : NULL : WAIT = 0.1
01243 LdCurrentSet = 2200: NULL : WAIT = 0.1
01244 #verify reading from load
01244 NULL : Feedback8A = 2.2 | 0.5 | 0.1
01244 TEST: Feedback8A 2.2 +/- 0.5
01244 PASS: Feedback8A 2.216
01245 NULL : OutStat8A = 1 | 0.01 | 0.1
01245 TEST: OutStat8A 1.0 +/- 0.01
01245 PASS: OutStat8A 1.0
01246 NULL : MeterCurrent = 2.2 | 0.1 | 0.1
01246 TEST: MeterCurrent 2.2 +/- 0.1
01246 PASS: MeterCurrent 2.162
01247 
01247 #set current and turn on output and verify feedback
01247 Command = 81, Output8A = 1 : NULL : WAIT = 0.1
01248 LdCurrentSet = 2300: NULL : WAIT = 0.1
01249 #verify reading from load
01249 NULL : Feedback8A = 2.3 | 0.5 | 0.1
01249 TEST: Feedback8A 2.3 +/- 0.5
01249 PASS: Feedback8A 2.364
01250 NULL : OutStat8A = 1 | 0.01 | 0.1
01250 TEST: OutStat8A 1.0 +/- 0.01
01250 PASS: OutStat8A 1.0
01251 NULL : MeterCurrent = 2.3000000000000003 | 0.1 | 0.1
01251 TEST: MeterCurrent 2.3 +/- 0.1
01251 PASS: MeterCurrent 2.282
01252 
01252 #set current and turn on output and verify feedback
01252 Command = 81, Output8A = 1 : NULL : WAIT = 0.1
01253 LdCurrentSet = 2400: NULL : WAIT = 0.1
01254 #verify reading from load
01254 NULL : Feedback8A = 2.4 | 0.5 | 0.1
01254 TEST: Feedback8A 2.4 +/- 0.5
01254 PASS: Feedback8A 2.521
01255 NULL : OutStat8A = 1 | 0.01 | 0.1
01255 TEST: OutStat8A 1.0 +/- 0.01
01255 PASS: OutStat8A 1.0
01256 NULL : MeterCurrent = 2.4 | 0.1 | 0.1
01256 TEST: MeterCurrent 2.4 +/- 0.1
01256 PASS: MeterCurrent 2.398
01257 
01257 #set current and turn on output and verify feedback
01257 Command = 81, Output8A = 1 : NULL : WAIT = 0.1
01258 LdCurrentSet = 2500: NULL : WAIT = 0.1
01259 #verify reading from load
01259 NULL : Feedback8A = 2.5 | 0.5 | 0.1
01259 TEST: Feedback8A 2.5 +/- 0.5
01259 PASS: Feedback8A 2.655
01260 NULL : OutStat8A = 1 | 0.01 | 0.1
01260 TEST: OutStat8A 1.0 +/- 0.01
01260 PASS: OutStat8A 1.0
01261 NULL : MeterCurrent = 2.5 | 0.1 | 0.1
01261 TEST: MeterCurrent 2.5 +/- 0.1
01261 PASS: MeterCurrent 2.413
01262 
01262 #set current and turn on output and verify feedback
01262 Command = 81, Output8A = 1 : NULL : WAIT = 0.1
01263 LdCurrentSet = 2600: NULL : WAIT = 0.1
01264 #verify reading from load
01264 NULL : Feedback8A = 2.6 | 0.5 | 0.1
01264 TEST: Feedback8A 2.6 +/- 0.5
01264 PASS: Feedback8A 2.763
01265 NULL : OutStat8A = 1 | 0.01 | 0.1
01265 TEST: OutStat8A 1.0 +/- 0.01
01265 PASS: OutStat8A 1.0
01266 NULL : MeterCurrent = 2.6 | 0.1 | 0.1
01266 TEST: MeterCurrent 2.6 +/- 0.1
01266 PASS: MeterCurrent 2.525
01267 
01267 #set current and turn on output and verify feedback
01267 Command = 81, Output8A = 1 : NULL : WAIT = 0.1
01268 LdCurrentSet = 2700: NULL : WAIT = 0.1
01269 #verify reading from load
01269 NULL : Feedback8A = 2.7 | 0.5 | 0.1
01269 TEST: Feedback8A 2.7 +/- 0.5
01269 PASS: Feedback8A 2.779
01270 NULL : OutStat8A = 1 | 0.01 | 0.1
01270 TEST: OutStat8A 1.0 +/- 0.01
01270 PASS: OutStat8A 1.0
01271 NULL : MeterCurrent = 2.7 | 0.1 | 0.1
01271 TEST: MeterCurrent 2.7 +/- 0.1
01271 PASS: MeterCurrent 2.647
01272 
01272 #set current and turn on output and verify feedback
01272 Command = 81, Output8A = 1 : NULL : WAIT = 0.1
01273 LdCurrentSet = 2800: NULL : WAIT = 0.1
01274 #verify reading from load
01274 NULL : Feedback8A = 2.8 | 0.5 | 0.1
01274 TEST: Feedback8A 2.8 +/- 0.5
01274 PASS: Feedback8A 2.923
01275 NULL : OutStat8A = 1 | 0.01 | 0.1
01275 TEST: OutStat8A 1.0 +/- 0.01
01275 PASS: OutStat8A 1.0
01276 NULL : MeterCurrent = 2.8000000000000003 | 0.1 | 0.1
01276 TEST: MeterCurrent 2.8 +/- 0.1
01276 PASS: MeterCurrent 2.758
01277 
01277 #set current and turn on output and verify feedback
01277 Command = 81, Output8A = 1 : NULL : WAIT = 0.1
01278 LdCurrentSet = 2900: NULL : WAIT = 0.1
01279 #verify reading from load
01279 NULL : Feedback8A = 2.9 | 0.5 | 0.1
01279 TEST: Feedback8A 2.9 +/- 0.5
01279 PASS: Feedback8A 3.071
01280 NULL : OutStat8A = 1 | 0.01 | 0.1
01280 TEST: OutStat8A 1.0 +/- 0.01
01280 PASS: OutStat8A 1.0
01281 NULL : MeterCurrent = 2.9 | 0.1 | 0.1
01281 TEST: MeterCurrent 2.9 +/- 0.1
01281 PASS: MeterCurrent 2.882
01282 
01282 #set current and turn on output and verify feedback
01282 Command = 81, Output8A = 1 : NULL : WAIT = 0.1
01283 LdCurrentSet = 3000: NULL : WAIT = 0.1
01284 #verify reading from load
01284 NULL : Feedback8A = 3.0 | 0.5 | 0.1
01284 TEST: Feedback8A 3.0 +/- 0.5
01284 PASS: Feedback8A 3.195
01285 NULL : OutStat8A = 1 | 0.01 | 0.1
01285 TEST: OutStat8A 1.0 +/- 0.01
01285 PASS: OutStat8A 1.0
01286 NULL : MeterCurrent = 3.0 | 0.1 | 0.1
01286 TEST: MeterCurrent 3.0 +/- 0.1
01286 PASS: MeterCurrent 2.997
01287 
01287 #set current and turn on output and verify feedback
01287 Command = 81, Output8A = 1 : NULL : WAIT = 0.1
01288 LdCurrentSet = 3100: NULL : WAIT = 0.1
01289 #verify reading from load
01289 NULL : Feedback8A = 3.1 | 0.5 | 0.1
01289 TEST: Feedback8A 3.1 +/- 0.5
01289 PASS: Feedback8A 3.198
01290 NULL : OutStat8A = 1 | 0.01 | 0.1
01290 TEST: OutStat8A 1.0 +/- 0.01
01290 PASS: OutStat8A 1.0
01291 NULL : MeterCurrent = 3.1 | 0.1 | 0.1
01291 TEST: MeterCurrent 3.1 +/- 0.1
01291 PASS: MeterCurrent 3.013
01292 
01292 #set current and turn on output and verify feedback
01292 Command = 81, Output8A = 1 : NULL : WAIT = 0.1
01293 LdCurrentSet = 3200: NULL : WAIT = 0.1
01294 #verify reading from load
01294 NULL : Feedback8A = 3.2 | 0.5 | 0.1
01294 TEST: Feedback8A 3.2 +/- 0.5
01294 PASS: Feedback8A 3.342
01295 NULL : OutStat8A = 1 | 0.01 | 0.1
01295 TEST: OutStat8A 1.0 +/- 0.01
01295 PASS: OutStat8A 1.0
01296 NULL : MeterCurrent = 3.2 | 0.1 | 0.1
01296 TEST: MeterCurrent 3.2 +/- 0.1
01296 PASS: MeterCurrent 3.132
01297 
01297 #set current and turn on output and verify feedback
01297 Command = 81, Output8A = 1 : NULL : WAIT = 0.1
01298 LdCurrentSet = 3300: NULL : WAIT = 0.1
01299 #verify reading from load
01299 NULL : Feedback8A = 3.3 | 0.5 | 0.1
01299 TEST: Feedback8A 3.3 +/- 0.5
01299 PASS: Feedback8A 3.47
01300 NULL : OutStat8A = 1 | 0.01 | 0.1
01300 TEST: OutStat8A 1.0 +/- 0.01
01300 FAIL: OutStat8A 2.0
01301 NULL : MeterCurrent = 3.3000000000000003 | 0.1 | 0.1
01301 TEST: MeterCurrent 3.3 +/- 0.1
01301 FAIL: MeterCurrent 0.027
01302 
01302 #set current and turn on output and verify feedback
01302 Command = 81, Output8A = 1 : NULL : WAIT = 0.1
01303 LdCurrentSet = 3400: NULL : WAIT = 0.1
01304 #verify reading from load
01304 NULL : Feedback8A = 3.4 | 0.5 | 0.1
01304 TEST: Feedback8A 3.4 +/- 0.5
01304 FAIL: Feedback8A 0.0
01305 NULL : OutStat8A = 1 | 0.01 | 0.1
01305 TEST: OutStat8A 1.0 +/- 0.01
01305 FAIL: OutStat8A 2.0
01306 NULL : MeterCurrent = 3.4 | 0.1 | 0.1
01306 TEST: MeterCurrent 3.4 +/- 0.1
01306 FAIL: MeterCurrent 0.028
01307 
01307 #set current and turn on output and verify feedback
01307 Command = 81, Output8A = 1 : NULL : WAIT = 0.1
01308 LdCurrentSet = 3500: NULL : WAIT = 0.1
01309 #verify fault #1
01309 NULL : Feedback8A = 0 | 0.1 | 0.1
01309 TEST: Feedback8A 0.0 +/- 0.1
01309 PASS: Feedback8A 0.0
01310 NULL : OutStat8A = 2 | 0.1 | 0.1
01310 TEST: OutStat8A 2.0 +/- 0.1
01310 PASS: OutStat8A 2.0
01311 NULL : MeterCurrent = 0  | 0.01 | 0.1
01311 TEST: MeterCurrent 0.0 +/- 0.01
01311 FAIL: MeterCurrent 0.028
01312 
01312 #switch out load line, clear current
01312 Output8A = 0 : NULL : WAIT = 0.1
01313 J3_07 = 0 : NULL : WAIT = 0.5
01314 LdCurrentSet = 0 : NULL : WAIT = 0.1
01315 NULL : OutStat8A = 0 | 0.1 | 0.1
01315 TEST: OutStat8A 0.0 +/- 0.1
01315 PASS: OutStat8A 0.0
01316 #switch in load line, set current
01316 J3_08 = 1 : NULL : WAIT = 0.5
01317 
01317 #set current and turn on output and verify feedback
01317 Command = 81, Output8B = 1 : NULL : WAIT = 0.1
01318 LdCurrentSet = 0: NULL : WAIT = 0.1
01319 #verify reading from load
01319 NULL : Feedback8B = 0.0 | 0.5 | 0.1
01319 TEST: Feedback8B 0.0 +/- 0.5
01319 PASS: Feedback8B 0.0
01320 NULL : OutStat8B = 1 | 0.01 | 0.1
01320 TEST: OutStat8B 1.0 +/- 0.01
01320 PASS: OutStat8B 1.0
01321 NULL : MeterCurrent = 0.0 | 0.1 | 0.1
01321 TEST: MeterCurrent 0.0 +/- 0.1
01321 PASS: MeterCurrent 0.0
01322 
01322 #set current and turn on output and verify feedback
01322 Command = 81, Output8B = 1 : NULL : WAIT = 0.1
01323 LdCurrentSet = 100: NULL : WAIT = 0.1
01324 #verify reading from load
01324 NULL : Feedback8B = 0.1 | 0.5 | 0.1
01324 TEST: Feedback8B 0.1 +/- 0.5
01324 PASS: Feedback8B 0.007
01325 NULL : OutStat8B = 1 | 0.01 | 0.1
01325 TEST: OutStat8B 1.0 +/- 0.01
01325 PASS: OutStat8B 1.0
01326 NULL : MeterCurrent = 0.1 | 0.1 | 0.1
01326 TEST: MeterCurrent 0.1 +/- 0.1
01326 PASS: MeterCurrent 0.023
01327 
01327 #set current and turn on output and verify feedback
01327 Command = 81, Output8B = 1 : NULL : WAIT = 0.1
01328 LdCurrentSet = 200: NULL : WAIT = 0.1
01329 #verify reading from load
01329 NULL : Feedback8B = 0.2 | 0.5 | 0.1
01329 TEST: Feedback8B 0.2 +/- 0.5
01329 PASS: Feedback8B 0.124
01330 NULL : OutStat8B = 1 | 0.01 | 0.1
01330 TEST: OutStat8B 1.0 +/- 0.01
01330 PASS: OutStat8B 1.0
01331 NULL : MeterCurrent = 0.2 | 0.1 | 0.1
01331 TEST: MeterCurrent 0.2 +/- 0.1
01331 PASS: MeterCurrent 0.144
01332 
01332 #set current and turn on output and verify feedback
01332 Command = 81, Output8B = 1 : NULL : WAIT = 0.1
01333 LdCurrentSet = 300: NULL : WAIT = 0.1
01334 #verify reading from load
01334 NULL : Feedback8B = 0.3 | 0.5 | 0.1
01334 TEST: Feedback8B 0.3 +/- 0.5
01334 PASS: Feedback8B 0.124
01335 NULL : OutStat8B = 1 | 0.01 | 0.1
01335 TEST: OutStat8B 1.0 +/- 0.01
01335 PASS: OutStat8B 1.0
01336 NULL : MeterCurrent = 0.3 | 0.1 | 0.1
01336 TEST: MeterCurrent 0.3 +/- 0.1
01336 PASS: MeterCurrent 0.265
01337 
01337 #set current and turn on output and verify feedback
01337 Command = 81, Output8B = 1 : NULL : WAIT = 0.1
01338 LdCurrentSet = 400: NULL : WAIT = 0.1
01339 #verify reading from load
01339 NULL : Feedback8B = 0.4 | 0.5 | 0.1
01339 TEST: Feedback8B 0.4 +/- 0.5
01339 PASS: Feedback8B 0.29
01340 NULL : OutStat8B = 1 | 0.01 | 0.1
01340 TEST: OutStat8B 1.0 +/- 0.01
01340 PASS: OutStat8B 1.0
01341 NULL : MeterCurrent = 0.4 | 0.1 | 0.1
01341 TEST: MeterCurrent 0.4 +/- 0.1
01341 PASS: MeterCurrent 0.381
01342 
01342 #set current and turn on output and verify feedback
01342 Command = 81, Output8B = 1 : NULL : WAIT = 0.1
01343 LdCurrentSet = 500: NULL : WAIT = 0.1
01344 #verify reading from load
01344 NULL : Feedback8B = 0.5 | 0.5 | 0.1
01344 TEST: Feedback8B 0.5 +/- 0.5
01344 PASS: Feedback8B 0.366
01345 NULL : OutStat8B = 1 | 0.01 | 0.1
01345 TEST: OutStat8B 1.0 +/- 0.01
01345 PASS: OutStat8B 1.0
01346 NULL : MeterCurrent = 0.5 | 0.1 | 0.1
01346 TEST: MeterCurrent 0.5 +/- 0.1
01346 PASS: MeterCurrent 0.476
01347 
01347 #set current and turn on output and verify feedback
01347 Command = 81, Output8B = 1 : NULL : WAIT = 0.1
01348 LdCurrentSet = 600: NULL : WAIT = 0.1
01349 #verify reading from load
01349 NULL : Feedback8B = 0.6 | 0.5 | 0.1
01349 TEST: Feedback8B 0.6 +/- 0.5
01349 PASS: Feedback8B 0.531
01350 NULL : OutStat8B = 1 | 0.01 | 0.1
01350 TEST: OutStat8B 1.0 +/- 0.01
01350 PASS: OutStat8B 1.0
01351 NULL : MeterCurrent = 0.6 | 0.1 | 0.1
01351 TEST: MeterCurrent 0.6 +/- 0.1
01351 PASS: MeterCurrent 0.588
01352 
01352 #set current and turn on output and verify feedback
01352 Command = 81, Output8B = 1 : NULL : WAIT = 0.1
01353 LdCurrentSet = 700: NULL : WAIT = 0.1
01354 #verify reading from load
01354 NULL : Feedback8B = 0.7 | 0.5 | 0.1
01354 TEST: Feedback8B 0.7 +/- 0.5
01354 PASS: Feedback8B 0.659
01355 NULL : OutStat8B = 1 | 0.01 | 0.1
01355 TEST: OutStat8B 1.0 +/- 0.01
01355 PASS: OutStat8B 1.0
01356 NULL : MeterCurrent = 0.7000000000000001 | 0.1 | 0.1
01356 TEST: MeterCurrent 0.7 +/- 0.1
01356 PASS: MeterCurrent 0.606
01357 
01357 #set current and turn on output and verify feedback
01357 Command = 81, Output8B = 1 : NULL : WAIT = 0.1
01358 LdCurrentSet = 800: NULL : WAIT = 0.1
01359 #verify reading from load
01359 NULL : Feedback8B = 0.8 | 0.5 | 0.1
01359 TEST: Feedback8B 0.8 +/- 0.5
01359 PASS: Feedback8B 0.786
01360 NULL : OutStat8B = 1 | 0.01 | 0.1
01360 TEST: OutStat8B 1.0 +/- 0.01
01360 PASS: OutStat8B 1.0
01361 NULL : MeterCurrent = 0.8 | 0.1 | 0.1
01361 TEST: MeterCurrent 0.8 +/- 0.1
01361 PASS: MeterCurrent 0.723
01362 
01362 #set current and turn on output and verify feedback
01362 Command = 81, Output8B = 1 : NULL : WAIT = 0.1
01363 LdCurrentSet = 900: NULL : WAIT = 0.1
01364 #verify reading from load
01364 NULL : Feedback8B = 0.9 | 0.5 | 0.1
01364 TEST: Feedback8B 0.9 +/- 0.5
01364 PASS: Feedback8B 0.79
01365 NULL : OutStat8B = 1 | 0.01 | 0.1
01365 TEST: OutStat8B 1.0 +/- 0.01
01365 PASS: OutStat8B 1.0
01366 NULL : MeterCurrent = 0.9 | 0.1 | 0.1
01366 TEST: MeterCurrent 0.9 +/- 0.1
01366 PASS: MeterCurrent 0.841
01367 
01367 #set current and turn on output and verify feedback
01367 Command = 81, Output8B = 1 : NULL : WAIT = 0.1
01368 LdCurrentSet = 1000: NULL : WAIT = 0.1
01369 #verify reading from load
01369 NULL : Feedback8B = 1.0 | 0.5 | 0.1
01369 TEST: Feedback8B 1.0 +/- 0.5
01369 PASS: Feedback8B 0.893
01370 NULL : OutStat8B = 1 | 0.01 | 0.1
01370 TEST: OutStat8B 1.0 +/- 0.01
01370 PASS: OutStat8B 1.0
01371 NULL : MeterCurrent = 1.0 | 0.1 | 0.1
01371 TEST: MeterCurrent 1.0 +/- 0.1
01371 PASS: MeterCurrent 0.946
01372 
01372 #set current and turn on output and verify feedback
01372 Command = 81, Output8B = 1 : NULL : WAIT = 0.1
01373 LdCurrentSet = 1100: NULL : WAIT = 0.1
01374 #verify reading from load
01374 NULL : Feedback8B = 1.1 | 0.5 | 0.1
01374 TEST: Feedback8B 1.1 +/- 0.5
01374 PASS: Feedback8B 1.014
01375 NULL : OutStat8B = 1 | 0.01 | 0.1
01375 TEST: OutStat8B 1.0 +/- 0.01
01375 PASS: OutStat8B 1.0
01376 NULL : MeterCurrent = 1.1 | 0.1 | 0.1
01376 TEST: MeterCurrent 1.1 +/- 0.1
01376 PASS: MeterCurrent 1.065
01377 
01377 #set current and turn on output and verify feedback
01377 Command = 81, Output8B = 1 : NULL : WAIT = 0.1
01378 LdCurrentSet = 1200: NULL : WAIT = 0.1
01379 #verify reading from load
01379 NULL : Feedback8B = 1.2 | 0.5 | 0.1
01379 TEST: Feedback8B 1.2 +/- 0.5
01379 PASS: Feedback8B 1.197
01380 NULL : OutStat8B = 1 | 0.01 | 0.1
01380 TEST: OutStat8B 1.0 +/- 0.01
01380 PASS: OutStat8B 1.0
01381 NULL : MeterCurrent = 1.2 | 0.1 | 0.1
01381 TEST: MeterCurrent 1.2 +/- 0.1
01381 PASS: MeterCurrent 1.186
01382 
01382 #set current and turn on output and verify feedback
01382 Command = 81, Output8B = 1 : NULL : WAIT = 0.1
01383 LdCurrentSet = 1300: NULL : WAIT = 0.1
01384 #verify reading from load
01384 NULL : Feedback8B = 1.3 | 0.5 | 0.1
01384 TEST: Feedback8B 1.3 +/- 0.5
01384 PASS: Feedback8B 1.331
01385 NULL : OutStat8B = 1 | 0.01 | 0.1
01385 TEST: OutStat8B 1.0 +/- 0.01
01385 PASS: OutStat8B 1.0
01386 NULL : MeterCurrent = 1.3 | 0.1 | 0.1
01386 TEST: MeterCurrent 1.3 +/- 0.1
01386 PASS: MeterCurrent 1.205
01387 
01387 #set current and turn on output and verify feedback
01387 Command = 81, Output8B = 1 : NULL : WAIT = 0.1
01388 LdCurrentSet = 1400: NULL : WAIT = 0.1
01389 #verify reading from load
01389 NULL : Feedback8B = 1.4 | 0.5 | 0.1
01389 TEST: Feedback8B 1.4 +/- 0.5
01389 PASS: Feedback8B 1.441
01390 NULL : OutStat8B = 1 | 0.01 | 0.1
01390 TEST: OutStat8B 1.0 +/- 0.01
01390 PASS: OutStat8B 1.0
01391 NULL : MeterCurrent = 1.4000000000000001 | 0.1 | 0.1
01391 TEST: MeterCurrent 1.4 +/- 0.1
01391 PASS: MeterCurrent 1.319
01392 
01392 #set current and turn on output and verify feedback
01392 Command = 81, Output8B = 1 : NULL : WAIT = 0.1
01393 LdCurrentSet = 1500: NULL : WAIT = 0.1
01394 #verify reading from load
01394 NULL : Feedback8B = 1.5 | 0.5 | 0.1
01394 TEST: Feedback8B 1.5 +/- 0.5
01394 PASS: Feedback8B 1.455
01395 NULL : OutStat8B = 1 | 0.01 | 0.1
01395 TEST: OutStat8B 1.0 +/- 0.01
01395 PASS: OutStat8B 1.0
01396 NULL : MeterCurrent = 1.5 | 0.1 | 0.1
01396 TEST: MeterCurrent 1.5 +/- 0.1
01396 PASS: MeterCurrent 1.435
01397 
01397 #set current and turn on output and verify feedback
01397 Command = 81, Output8B = 1 : NULL : WAIT = 0.1
01398 LdCurrentSet = 1600: NULL : WAIT = 0.1
01399 #verify reading from load
01399 NULL : Feedback8B = 1.6 | 0.5 | 0.1
01399 TEST: Feedback8B 1.6 +/- 0.5
01399 PASS: Feedback8B 1.614
01400 NULL : OutStat8B = 1 | 0.01 | 0.1
01400 TEST: OutStat8B 1.0 +/- 0.01
01400 PASS: OutStat8B 1.0
01401 NULL : MeterCurrent = 1.6 | 0.1 | 0.1
01401 TEST: MeterCurrent 1.6 +/- 0.1
01401 PASS: MeterCurrent 1.559
01402 
01402 #set current and turn on output and verify feedback
01402 Command = 81, Output8B = 1 : NULL : WAIT = 0.1
01403 LdCurrentSet = 1700: NULL : WAIT = 0.1
01404 #verify reading from load
01404 NULL : Feedback8B = 1.7 | 0.5 | 0.1
01404 TEST: Feedback8B 1.7 +/- 0.5
01404 PASS: Feedback8B 1.728
01405 NULL : OutStat8B = 1 | 0.01 | 0.1
01405 TEST: OutStat8B 1.0 +/- 0.01
01405 PASS: OutStat8B 1.0
01406 NULL : MeterCurrent = 1.7 | 0.1 | 0.1
01406 TEST: MeterCurrent 1.7 +/- 0.1
01406 PASS: MeterCurrent 1.662
01407 
01407 #set current and turn on output and verify feedback
01407 Command = 81, Output8B = 1 : NULL : WAIT = 0.1
01408 LdCurrentSet = 1800: NULL : WAIT = 0.1
01409 #verify reading from load
01409 NULL : Feedback8B = 1.8 | 0.5 | 0.1
01409 TEST: Feedback8B 1.8 +/- 0.5
01409 PASS: Feedback8B 1.879
01410 NULL : OutStat8B = 1 | 0.01 | 0.1
01410 TEST: OutStat8B 1.0 +/- 0.01
01410 PASS: OutStat8B 1.0
01411 NULL : MeterCurrent = 1.8 | 0.1 | 0.1
01411 TEST: MeterCurrent 1.8 +/- 0.1
01411 PASS: MeterCurrent 1.784
01412 
01412 #set current and turn on output and verify feedback
01412 Command = 81, Output8B = 1 : NULL : WAIT = 0.1
01413 LdCurrentSet = 1900: NULL : WAIT = 0.1
01414 #verify reading from load
01414 NULL : Feedback8B = 1.9 | 0.5 | 0.1
01414 TEST: Feedback8B 1.9 +/- 0.5
01414 PASS: Feedback8B 1.99
01415 NULL : OutStat8B = 1 | 0.01 | 0.1
01415 TEST: OutStat8B 1.0 +/- 0.01
01415 PASS: OutStat8B 1.0
01416 NULL : MeterCurrent = 1.9000000000000001 | 0.1 | 0.1
01416 TEST: MeterCurrent 1.9 +/- 0.1
01416 PASS: MeterCurrent 1.801
01417 
01417 #set current and turn on output and verify feedback
01417 Command = 81, Output8B = 1 : NULL : WAIT = 0.1
01418 LdCurrentSet = 2000: NULL : WAIT = 0.1
01419 #verify reading from load
01419 NULL : Feedback8B = 2.0 | 0.5 | 0.1
01419 TEST: Feedback8B 2.0 +/- 0.5
01419 PASS: Feedback8B 1.99
01420 NULL : OutStat8B = 1 | 0.01 | 0.1
01420 TEST: OutStat8B 1.0 +/- 0.01
01420 PASS: OutStat8B 1.0
01421 NULL : MeterCurrent = 2.0 | 0.1 | 0.1
01421 TEST: MeterCurrent 2.0 +/- 0.1
01421 PASS: MeterCurrent 1.913
01422 
01422 #set current and turn on output and verify feedback
01422 Command = 81, Output8B = 1 : NULL : WAIT = 0.1
01423 LdCurrentSet = 2100: NULL : WAIT = 0.1
01424 #verify reading from load
01424 NULL : Feedback8B = 2.1 | 0.5 | 0.1
01424 TEST: Feedback8B 2.1 +/- 0.5
01424 PASS: Feedback8B 2.1
01425 NULL : OutStat8B = 1 | 0.01 | 0.1
01425 TEST: OutStat8B 1.0 +/- 0.01
01425 PASS: OutStat8B 1.0
01426 NULL : MeterCurrent = 2.1 | 0.1 | 0.1
01426 TEST: MeterCurrent 2.1 +/- 0.1
01426 PASS: MeterCurrent 2.028
01427 
01427 #set current and turn on output and verify feedback
01427 Command = 81, Output8B = 1 : NULL : WAIT = 0.1
01428 LdCurrentSet = 2200: NULL : WAIT = 0.1
01429 #verify reading from load
01429 NULL : Feedback8B = 2.2 | 0.5 | 0.1
01429 TEST: Feedback8B 2.2 +/- 0.5
01429 PASS: Feedback8B 2.29
01430 NULL : OutStat8B = 1 | 0.01 | 0.1
01430 TEST: OutStat8B 1.0 +/- 0.01
01430 PASS: OutStat8B 1.0
01431 NULL : MeterCurrent = 2.2 | 0.1 | 0.1
01431 TEST: MeterCurrent 2.2 +/- 0.1
01431 PASS: MeterCurrent 2.149
01432 
01432 #set current and turn on output and verify feedback
01432 Command = 81, Output8B = 1 : NULL : WAIT = 0.1
01433 LdCurrentSet = 2300: NULL : WAIT = 0.1
01434 #verify reading from load
01434 NULL : Feedback8B = 2.3 | 0.5 | 0.1
01434 TEST: Feedback8B 2.3 +/- 0.5
01434 PASS: Feedback8B 2.421
01435 NULL : OutStat8B = 1 | 0.01 | 0.1
01435 TEST: OutStat8B 1.0 +/- 0.01
01435 PASS: OutStat8B 1.0
01436 NULL : MeterCurrent = 2.3000000000000003 | 0.1 | 0.1
01436 TEST: MeterCurrent 2.3 +/- 0.1
01436 PASS: MeterCurrent 2.261
01437 
01437 #set current and turn on output and verify feedback
01437 Command = 81, Output8B = 1 : NULL : WAIT = 0.1
01438 LdCurrentSet = 2400: NULL : WAIT = 0.1
01439 #verify reading from load
01439 NULL : Feedback8B = 2.4 | 0.5 | 0.1
01439 TEST: Feedback8B 2.4 +/- 0.5
01439 PASS: Feedback8B 2.431
01440 NULL : OutStat8B = 1 | 0.01 | 0.1
01440 TEST: OutStat8B 1.0 +/- 0.01
01440 PASS: OutStat8B 1.0
01441 NULL : MeterCurrent = 2.4 | 0.1 | 0.1
01441 TEST: MeterCurrent 2.4 +/- 0.1
01441 PASS: MeterCurrent 2.391
01442 
01442 #set current and turn on output and verify feedback
01442 Command = 81, Output8B = 1 : NULL : WAIT = 0.1
01443 LdCurrentSet = 2500: NULL : WAIT = 0.1
01444 #verify reading from load
01444 NULL : Feedback8B = 2.5 | 0.5 | 0.1
01444 TEST: Feedback8B 2.5 +/- 0.5
01444 PASS: Feedback8B 2.541
01445 NULL : OutStat8B = 1 | 0.01 | 0.1
01445 TEST: OutStat8B 1.0 +/- 0.01
01445 PASS: OutStat8B 1.0
01446 NULL : MeterCurrent = 2.5 | 0.1 | 0.1
01446 TEST: MeterCurrent 2.5 +/- 0.1
01446 PASS: MeterCurrent 2.404
01447 
01447 #set current and turn on output and verify feedback
01447 Command = 81, Output8B = 1 : NULL : WAIT = 0.1
01448 LdCurrentSet = 2600: NULL : WAIT = 0.1
01449 #verify reading from load
01449 NULL : Feedback8B = 2.6 | 0.5 | 0.1
01449 TEST: Feedback8B 2.6 +/- 0.5
01449 PASS: Feedback8B 2.69
01450 NULL : OutStat8B = 1 | 0.01 | 0.1
01450 TEST: OutStat8B 1.0 +/- 0.01
01450 PASS: OutStat8B 1.0
01451 NULL : MeterCurrent = 2.6 | 0.1 | 0.1
01451 TEST: MeterCurrent 2.6 +/- 0.1
01451 PASS: MeterCurrent 2.521
01452 
01452 #set current and turn on output and verify feedback
01452 Command = 81, Output8B = 1 : NULL : WAIT = 0.1
01453 LdCurrentSet = 2700: NULL : WAIT = 0.1
01454 #verify reading from load
01454 NULL : Feedback8B = 2.7 | 0.5 | 0.1
01454 TEST: Feedback8B 2.7 +/- 0.5
01454 PASS: Feedback8B 2.866
01455 NULL : OutStat8B = 1 | 0.01 | 0.1
01455 TEST: OutStat8B 1.0 +/- 0.01
01455 PASS: OutStat8B 1.0
01456 NULL : MeterCurrent = 2.7 | 0.1 | 0.1
01456 TEST: MeterCurrent 2.7 +/- 0.1
01456 PASS: MeterCurrent 2.64
01457 
01457 #set current and turn on output and verify feedback
01457 Command = 81, Output8B = 1 : NULL : WAIT = 0.1
01458 LdCurrentSet = 2800: NULL : WAIT = 0.1
01459 #verify reading from load
01459 NULL : Feedback8B = 2.8 | 0.5 | 0.1
01459 TEST: Feedback8B 2.8 +/- 0.5
01459 PASS: Feedback8B 2.979
01460 NULL : OutStat8B = 1 | 0.01 | 0.1
01460 TEST: OutStat8B 1.0 +/- 0.01
01460 PASS: OutStat8B 1.0
01461 NULL : MeterCurrent = 2.8000000000000003 | 0.1 | 0.1
01461 TEST: MeterCurrent 2.8 +/- 0.1
01461 PASS: MeterCurrent 2.758
01462 
01462 #set current and turn on output and verify feedback
01462 Command = 81, Output8B = 1 : NULL : WAIT = 0.1
01463 LdCurrentSet = 2900: NULL : WAIT = 0.1
01464 #verify reading from load
01464 NULL : Feedback8B = 2.9 | 0.5 | 0.1
01464 TEST: Feedback8B 2.9 +/- 0.5
01464 PASS: Feedback8B 2.979
01465 NULL : OutStat8B = 1 | 0.01 | 0.1
01465 TEST: OutStat8B 1.0 +/- 0.01
01465 PASS: OutStat8B 1.0
01466 NULL : MeterCurrent = 2.9 | 0.1 | 0.1
01466 TEST: MeterCurrent 2.9 +/- 0.1
01466 PASS: MeterCurrent 2.88
01467 
01467 #set current and turn on output and verify feedback
01467 Command = 81, Output8B = 1 : NULL : WAIT = 0.1
01468 LdCurrentSet = 3000: NULL : WAIT = 0.1
01469 #verify reading from load
01469 NULL : Feedback8B = 3.0 | 0.5 | 0.1
01469 TEST: Feedback8B 3.0 +/- 0.5
01469 PASS: Feedback8B 3.124
01470 NULL : OutStat8B = 1 | 0.01 | 0.1
01470 TEST: OutStat8B 1.0 +/- 0.01
01470 PASS: OutStat8B 1.0
01471 NULL : MeterCurrent = 3.0 | 0.1 | 0.1
01471 TEST: MeterCurrent 3.0 +/- 0.1
01471 PASS: MeterCurrent 2.997
01472 
01472 #set current and turn on output and verify feedback
01472 Command = 81, Output8B = 1 : NULL : WAIT = 0.1
01473 LdCurrentSet = 3100: NULL : WAIT = 0.1
01474 #verify reading from load
01474 NULL : Feedback8B = 3.1 | 0.5 | 0.1
01474 TEST: Feedback8B 3.1 +/- 0.5
01474 PASS: Feedback8B 3.3
01475 NULL : OutStat8B = 1 | 0.01 | 0.1
01475 TEST: OutStat8B 1.0 +/- 0.01
01475 PASS: OutStat8B 1.0
01476 NULL : MeterCurrent = 3.1 | 0.1 | 0.1
01476 TEST: MeterCurrent 3.1 +/- 0.1
01476 PASS: MeterCurrent 3.015
01477 
01477 #set current and turn on output and verify feedback
01477 Command = 81, Output8B = 1 : NULL : WAIT = 0.1
01478 LdCurrentSet = 3200: NULL : WAIT = 0.1
01479 #verify reading from load
01479 NULL : Feedback8B = 3.2 | 0.5 | 0.1
01479 TEST: Feedback8B 3.2 +/- 0.5
01479 PASS: Feedback8B 3.414
01480 NULL : OutStat8B = 1 | 0.01 | 0.1
01480 TEST: OutStat8B 1.0 +/- 0.01
01480 PASS: OutStat8B 1.0
01481 NULL : MeterCurrent = 3.2 | 0.1 | 0.1
01481 TEST: MeterCurrent 3.2 +/- 0.1
01481 PASS: MeterCurrent 3.128
01482 
01482 #set current and turn on output and verify feedback
01482 Command = 81, Output8B = 1 : NULL : WAIT = 0.1
01483 LdCurrentSet = 3300: NULL : WAIT = 0.1
01484 #verify reading from load
01484 NULL : Feedback8B = 3.3 | 0.5 | 0.1
01484 TEST: Feedback8B 3.3 +/- 0.5
01484 PASS: Feedback8B 3.524
01485 NULL : OutStat8B = 1 | 0.01 | 0.1
01485 TEST: OutStat8B 1.0 +/- 0.01
01485 FAIL: OutStat8B 2.0
01486 NULL : MeterCurrent = 3.3000000000000003 | 0.1 | 0.1
01486 TEST: MeterCurrent 3.3 +/- 0.1
01486 FAIL: MeterCurrent 0.027
01487 
01487 #set current and turn on output and verify feedback
01487 Command = 81, Output8B = 1 : NULL : WAIT = 0.1
01488 LdCurrentSet = 3400: NULL : WAIT = 0.1
01489 #verify reading from load
01489 NULL : Feedback8B = 3.4 | 0.5 | 0.1
01489 TEST: Feedback8B 3.4 +/- 0.5
01489 FAIL: Feedback8B 0.0
01490 NULL : OutStat8B = 1 | 0.01 | 0.1
01490 TEST: OutStat8B 1.0 +/- 0.01
01490 FAIL: OutStat8B 2.0
01491 NULL : MeterCurrent = 3.4 | 0.1 | 0.1
01491 TEST: MeterCurrent 3.4 +/- 0.1
01491 FAIL: MeterCurrent 0.027
01492 
01492 #set current and turn on output and verify feedback
01492 Command = 81, Output8B = 1 : NULL : WAIT = 0.1
01493 LdCurrentSet = 3500: NULL : WAIT = 0.1
01494 #verify fault #1
01494 NULL : Feedback8B = 0 | 0.1 | 0.1
01494 TEST: Feedback8B 0.0 +/- 0.1
01494 PASS: Feedback8B 0.0
01495 NULL : OutStat8B = 2 | 0.1 | 0.1
01495 TEST: OutStat8B 2.0 +/- 0.1
01495 PASS: OutStat8B 2.0
01496 NULL : MeterCurrent = 0  | 0.01 | 0.1
01496 TEST: MeterCurrent 0.0 +/- 0.01
01496 FAIL: MeterCurrent 0.027
01497 
01497 #switch out load line, clear current
01497 Output8B = 0 : NULL : WAIT = 0.1
01498 J3_08 = 0 : NULL : WAIT = 0.5
01499 LdCurrentSet = 0 : NULL : WAIT = 0.1
01500 NULL : OutStat8B = 0 | 0.1 | 0.1
01500 TEST: OutStat8B 0.0 +/- 0.1
01500 PASS: OutStat8B 0.0
01501 #switch in load line, set current
01501 J3_09 = 1 : NULL : WAIT = 0.5
01502 
01502 #set current and turn on output and verify feedback
01502 Command = 81, Output10A = 1 : NULL : WAIT = 0.1
01503 LdCurrentSet = 0: NULL : WAIT = 0.1
01504 #verify reading from load
01504 NULL : Feedback10A = 0.0 | 0.5 | 0.1
01504 TEST: Feedback10A 0.0 +/- 0.5
01504 PASS: Feedback10A 0.0
01505 NULL : OutStat10A = 1 | 0.01 | 0.1
01505 TEST: OutStat10A 1.0 +/- 0.01
01505 PASS: OutStat10A 1.0
01506 NULL : MeterCurrent = 0.0 | 0.1 | 0.1
01506 TEST: MeterCurrent 0.0 +/- 0.1
01506 PASS: MeterCurrent 0.0
01507 
01507 #set current and turn on output and verify feedback
01507 Command = 81, Output10A = 1 : NULL : WAIT = 0.1
01508 LdCurrentSet = 100: NULL : WAIT = 0.1
01509 #verify reading from load
01509 NULL : Feedback10A = 0.1 | 0.5 | 0.1
01509 TEST: Feedback10A 0.1 +/- 0.5
01509 PASS: Feedback10A 0.0
01510 NULL : OutStat10A = 1 | 0.01 | 0.1
01510 TEST: OutStat10A 1.0 +/- 0.01
01510 PASS: OutStat10A 1.0
01511 NULL : MeterCurrent = 0.1 | 0.1 | 0.1
01511 TEST: MeterCurrent 0.1 +/- 0.1
01511 PASS: MeterCurrent 0.019
01512 
01512 #set current and turn on output and verify feedback
01512 Command = 81, Output10A = 1 : NULL : WAIT = 0.1
01513 LdCurrentSet = 200: NULL : WAIT = 0.1
01514 #verify reading from load
01514 NULL : Feedback10A = 0.2 | 0.5 | 0.1
01514 TEST: Feedback10A 0.2 +/- 0.5
01514 PASS: Feedback10A 0.075
01515 NULL : OutStat10A = 1 | 0.01 | 0.1
01515 TEST: OutStat10A 1.0 +/- 0.01
01515 PASS: OutStat10A 1.0
01516 NULL : MeterCurrent = 0.2 | 0.1 | 0.1
01516 TEST: MeterCurrent 0.2 +/- 0.1
01516 PASS: MeterCurrent 0.139
01517 
01517 #set current and turn on output and verify feedback
01517 Command = 81, Output10A = 1 : NULL : WAIT = 0.1
01518 LdCurrentSet = 300: NULL : WAIT = 0.1
01519 #verify reading from load
01519 NULL : Feedback10A = 0.3 | 0.5 | 0.1
01519 TEST: Feedback10A 0.3 +/- 0.5
01519 PASS: Feedback10A 0.21
01520 NULL : OutStat10A = 1 | 0.01 | 0.1
01520 TEST: OutStat10A 1.0 +/- 0.01
01520 PASS: OutStat10A 1.0
01521 NULL : MeterCurrent = 0.3 | 0.1 | 0.1
01521 TEST: MeterCurrent 0.3 +/- 0.1
01521 PASS: MeterCurrent 0.248
01522 
01522 #set current and turn on output and verify feedback
01522 Command = 81, Output10A = 1 : NULL : WAIT = 0.1
01523 LdCurrentSet = 400: NULL : WAIT = 0.1
01524 #verify reading from load
01524 NULL : Feedback10A = 0.4 | 0.5 | 0.1
01524 TEST: Feedback10A 0.4 +/- 0.5
01524 PASS: Feedback10A 0.344
01525 NULL : OutStat10A = 1 | 0.01 | 0.1
01525 TEST: OutStat10A 1.0 +/- 0.01
01525 PASS: OutStat10A 1.0
01526 NULL : MeterCurrent = 0.4 | 0.1 | 0.1
01526 TEST: MeterCurrent 0.4 +/- 0.1
01526 PASS: MeterCurrent 0.373
01527 
01527 #set current and turn on output and verify feedback
01527 Command = 81, Output10A = 1 : NULL : WAIT = 0.1
01528 LdCurrentSet = 500: NULL : WAIT = 0.1
01529 #verify reading from load
01529 NULL : Feedback10A = 0.5 | 0.5 | 0.1
01529 TEST: Feedback10A 0.5 +/- 0.5
01529 PASS: Feedback10A 0.459
01530 NULL : OutStat10A = 1 | 0.01 | 0.1
01530 TEST: OutStat10A 1.0 +/- 0.01
01530 PASS: OutStat10A 1.0
01531 NULL : MeterCurrent = 0.5 | 0.1 | 0.1
01531 TEST: MeterCurrent 0.5 +/- 0.1
01531 PASS: MeterCurrent 0.476
01532 
01532 #set current and turn on output and verify feedback
01532 Command = 81, Output10A = 1 : NULL : WAIT = 0.1
01533 LdCurrentSet = 600: NULL : WAIT = 0.1
01534 #verify reading from load
01534 NULL : Feedback10A = 0.6 | 0.5 | 0.1
01534 TEST: Feedback10A 0.6 +/- 0.5
01534 PASS: Feedback10A 0.452
01535 NULL : OutStat10A = 1 | 0.01 | 0.1
01535 TEST: OutStat10A 1.0 +/- 0.01
01535 PASS: OutStat10A 1.0
01536 NULL : MeterCurrent = 0.6 | 0.1 | 0.1
01536 TEST: MeterCurrent 0.6 +/- 0.1
01536 PASS: MeterCurrent 0.591
01537 
01537 #set current and turn on output and verify feedback
01537 Command = 81, Output10A = 1 : NULL : WAIT = 0.1
01538 LdCurrentSet = 700: NULL : WAIT = 0.1
01539 #verify reading from load
01539 NULL : Feedback10A = 0.7 | 0.5 | 0.1
01539 TEST: Feedback10A 0.7 +/- 0.5
01539 PASS: Feedback10A 0.586
01540 NULL : OutStat10A = 1 | 0.01 | 0.1
01540 TEST: OutStat10A 1.0 +/- 0.01
01540 PASS: OutStat10A 1.0
01541 NULL : MeterCurrent = 0.7000000000000001 | 0.1 | 0.1
01541 TEST: MeterCurrent 0.7 +/- 0.1
01541 PASS: MeterCurrent 0.609
01542 
01542 #set current and turn on output and verify feedback
01542 Command = 81, Output10A = 1 : NULL : WAIT = 0.1
01543 LdCurrentSet = 800: NULL : WAIT = 0.1
01544 #verify reading from load
01544 NULL : Feedback10A = 0.8 | 0.5 | 0.1
01544 TEST: Feedback10A 0.8 +/- 0.5
01544 PASS: Feedback10A 0.771
01545 NULL : OutStat10A = 1 | 0.01 | 0.1
01545 TEST: OutStat10A 1.0 +/- 0.01
01545 PASS: OutStat10A 1.0
01546 NULL : MeterCurrent = 0.8 | 0.1 | 0.1
01546 TEST: MeterCurrent 0.8 +/- 0.1
01546 PASS: MeterCurrent 0.726
01547 
01547 #set current and turn on output and verify feedback
01547 Command = 81, Output10A = 1 : NULL : WAIT = 0.1
01548 LdCurrentSet = 900: NULL : WAIT = 0.1
01549 #verify reading from load
01549 NULL : Feedback10A = 0.9 | 0.5 | 0.1
01549 TEST: Feedback10A 0.9 +/- 0.5
01549 PASS: Feedback10A 0.889
01550 NULL : OutStat10A = 1 | 0.01 | 0.1
01550 TEST: OutStat10A 1.0 +/- 0.01
01550 PASS: OutStat10A 1.0
01551 NULL : MeterCurrent = 0.9 | 0.1 | 0.1
01551 TEST: MeterCurrent 0.9 +/- 0.1
01551 PASS: MeterCurrent 0.833
01552 
01552 #set current and turn on output and verify feedback
01552 Command = 81, Output10A = 1 : NULL : WAIT = 0.1
01553 LdCurrentSet = 1000: NULL : WAIT = 0.1
01554 #verify reading from load
01554 NULL : Feedback10A = 1.0 | 0.5 | 0.1
01554 TEST: Feedback10A 1.0 +/- 0.5
01554 PASS: Feedback10A 1.013
01555 NULL : OutStat10A = 1 | 0.01 | 0.1
01555 TEST: OutStat10A 1.0 +/- 0.01
01555 PASS: OutStat10A 1.0
01556 NULL : MeterCurrent = 1.0 | 0.1 | 0.1
01556 TEST: MeterCurrent 1.0 +/- 0.1
01556 PASS: MeterCurrent 0.947
01557 
01557 #set current and turn on output and verify feedback
01557 Command = 81, Output10A = 1 : NULL : WAIT = 0.1
01558 LdCurrentSet = 1100: NULL : WAIT = 0.1
01559 #verify reading from load
01559 NULL : Feedback10A = 1.1 | 0.5 | 0.1
01559 TEST: Feedback10A 1.1 +/- 0.5
01559 PASS: Feedback10A 1.013
01560 NULL : OutStat10A = 1 | 0.01 | 0.1
01560 TEST: OutStat10A 1.0 +/- 0.01
01560 PASS: OutStat10A 1.0
01561 NULL : MeterCurrent = 1.1 | 0.1 | 0.1
01561 TEST: MeterCurrent 1.1 +/- 0.1
01561 PASS: MeterCurrent 1.072
01562 
01562 #set current and turn on output and verify feedback
01562 Command = 81, Output10A = 1 : NULL : WAIT = 0.1
01563 LdCurrentSet = 1200: NULL : WAIT = 0.1
01564 #verify reading from load
01564 NULL : Feedback10A = 1.2 | 0.5 | 0.1
01564 TEST: Feedback10A 1.2 +/- 0.5
01564 PASS: Feedback10A 1.114
01565 NULL : OutStat10A = 1 | 0.01 | 0.1
01565 TEST: OutStat10A 1.0 +/- 0.01
01565 PASS: OutStat10A 1.0
01566 NULL : MeterCurrent = 1.2 | 0.1 | 0.1
01566 TEST: MeterCurrent 1.2 +/- 0.1
01566 PASS: MeterCurrent 1.182
01567 
01567 #set current and turn on output and verify feedback
01567 Command = 81, Output10A = 1 : NULL : WAIT = 0.1
01568 LdCurrentSet = 1300: NULL : WAIT = 0.1
01569 #verify reading from load
01569 NULL : Feedback10A = 1.3 | 0.5 | 0.1
01569 TEST: Feedback10A 1.3 +/- 0.5
01569 PASS: Feedback10A 1.313
01570 NULL : OutStat10A = 1 | 0.01 | 0.1
01570 TEST: OutStat10A 1.0 +/- 0.01
01570 PASS: OutStat10A 1.0
01571 NULL : MeterCurrent = 1.3 | 0.1 | 0.1
01571 TEST: MeterCurrent 1.3 +/- 0.1
01571 PASS: MeterCurrent 1.207
01572 
01572 #set current and turn on output and verify feedback
01572 Command = 81, Output10A = 1 : NULL : WAIT = 0.1
01573 LdCurrentSet = 1400: NULL : WAIT = 0.1
01574 #verify reading from load
01574 NULL : Feedback10A = 1.4 | 0.5 | 0.1
01574 TEST: Feedback10A 1.4 +/- 0.5
01574 PASS: Feedback10A 1.444
01575 NULL : OutStat10A = 1 | 0.01 | 0.1
01575 TEST: OutStat10A 1.0 +/- 0.01
01575 PASS: OutStat10A 1.0
01576 NULL : MeterCurrent = 1.4000000000000001 | 0.1 | 0.1
01576 TEST: MeterCurrent 1.4 +/- 0.1
01576 PASS: MeterCurrent 1.318
01577 
01577 #set current and turn on output and verify feedback
01577 Command = 81, Output10A = 1 : NULL : WAIT = 0.1
01578 LdCurrentSet = 1500: NULL : WAIT = 0.1
01579 #verify reading from load
01579 NULL : Feedback10A = 1.5 | 0.5 | 0.1
01579 TEST: Feedback10A 1.5 +/- 0.5
01579 PASS: Feedback10A 1.552
01580 NULL : OutStat10A = 1 | 0.01 | 0.1
01580 TEST: OutStat10A 1.0 +/- 0.01
01580 PASS: OutStat10A 1.0
01581 NULL : MeterCurrent = 1.5 | 0.1 | 0.1
01581 TEST: MeterCurrent 1.5 +/- 0.1
01581 PASS: MeterCurrent 1.438
01582 
01582 #set current and turn on output and verify feedback
01582 Command = 81, Output10A = 1 : NULL : WAIT = 0.1
01583 LdCurrentSet = 1600: NULL : WAIT = 0.1
01584 #verify reading from load
01584 NULL : Feedback10A = 1.6 | 0.5 | 0.1
01584 TEST: Feedback10A 1.6 +/- 0.5
01584 PASS: Feedback10A 1.558
01585 NULL : OutStat10A = 1 | 0.01 | 0.1
01585 TEST: OutStat10A 1.0 +/- 0.01
01585 PASS: OutStat10A 1.0
01586 NULL : MeterCurrent = 1.6 | 0.1 | 0.1
01586 TEST: MeterCurrent 1.6 +/- 0.1
01586 PASS: MeterCurrent 1.557
01587 
01587 #set current and turn on output and verify feedback
01587 Command = 81, Output10A = 1 : NULL : WAIT = 0.1
01588 LdCurrentSet = 1700: NULL : WAIT = 0.1
01589 #verify reading from load
01589 NULL : Feedback10A = 1.7 | 0.5 | 0.1
01589 TEST: Feedback10A 1.7 +/- 0.5
01589 PASS: Feedback10A 1.703
01590 NULL : OutStat10A = 1 | 0.01 | 0.1
01590 TEST: OutStat10A 1.0 +/- 0.01
01590 PASS: OutStat10A 1.0
01591 NULL : MeterCurrent = 1.7 | 0.1 | 0.1
01591 TEST: MeterCurrent 1.7 +/- 0.1
01591 PASS: MeterCurrent 1.676
01592 
01592 #set current and turn on output and verify feedback
01592 Command = 81, Output10A = 1 : NULL : WAIT = 0.1
01593 LdCurrentSet = 1800: NULL : WAIT = 0.1
01594 #verify reading from load
01594 NULL : Feedback10A = 1.8 | 0.5 | 0.1
01594 TEST: Feedback10A 1.8 +/- 0.5
01594 PASS: Feedback10A 1.864
01595 NULL : OutStat10A = 1 | 0.01 | 0.1
01595 TEST: OutStat10A 1.0 +/- 0.01
01595 PASS: OutStat10A 1.0
01596 NULL : MeterCurrent = 1.8 | 0.1 | 0.1
01596 TEST: MeterCurrent 1.8 +/- 0.1
01596 PASS: MeterCurrent 1.792
01597 
01597 #set current and turn on output and verify feedback
01597 Command = 81, Output10A = 1 : NULL : WAIT = 0.1
01598 LdCurrentSet = 1900: NULL : WAIT = 0.1
01599 #verify reading from load
01599 NULL : Feedback10A = 1.9 | 0.5 | 0.1
01599 TEST: Feedback10A 1.9 +/- 0.5
01599 PASS: Feedback10A 1.992
01600 NULL : OutStat10A = 1 | 0.01 | 0.1
01600 TEST: OutStat10A 1.0 +/- 0.01
01600 PASS: OutStat10A 1.0
01601 NULL : MeterCurrent = 1.9000000000000001 | 0.1 | 0.1
01601 TEST: MeterCurrent 1.9 +/- 0.1
01601 PASS: MeterCurrent 1.806
01602 
01602 #set current and turn on output and verify feedback
01602 Command = 81, Output10A = 1 : NULL : WAIT = 0.1
01603 LdCurrentSet = 2000: NULL : WAIT = 0.1
01604 #verify reading from load
01604 NULL : Feedback10A = 2.0 | 0.5 | 0.1
01604 TEST: Feedback10A 2.0 +/- 0.5
01604 PASS: Feedback10A 2.11
01605 NULL : OutStat10A = 1 | 0.01 | 0.1
01605 TEST: OutStat10A 1.0 +/- 0.01
01605 PASS: OutStat10A 1.0
01606 NULL : MeterCurrent = 2.0 | 0.1 | 0.1
01606 TEST: MeterCurrent 2.0 +/- 0.1
01606 PASS: MeterCurrent 1.923
01607 
01607 #set current and turn on output and verify feedback
01607 Command = 81, Output10A = 1 : NULL : WAIT = 0.1
01608 LdCurrentSet = 2100: NULL : WAIT = 0.1
01609 #verify reading from load
01609 NULL : Feedback10A = 2.1 | 0.5 | 0.1
01609 TEST: Feedback10A 2.1 +/- 0.5
01609 PASS: Feedback10A 2.11
01610 NULL : OutStat10A = 1 | 0.01 | 0.1
01610 TEST: OutStat10A 1.0 +/- 0.01
01610 PASS: OutStat10A 1.0
01611 NULL : MeterCurrent = 2.1 | 0.1 | 0.1
01611 TEST: MeterCurrent 2.1 +/- 0.1
01611 PASS: MeterCurrent 2.042
01612 
01612 #set current and turn on output and verify feedback
01612 Command = 81, Output10A = 1 : NULL : WAIT = 0.1
01613 LdCurrentSet = 2200: NULL : WAIT = 0.1
01614 #verify reading from load
01614 NULL : Feedback10A = 2.2 | 0.5 | 0.1
01614 TEST: Feedback10A 2.2 +/- 0.5
01614 PASS: Feedback10A 2.261
01615 NULL : OutStat10A = 1 | 0.01 | 0.1
01615 TEST: OutStat10A 1.0 +/- 0.01
01615 PASS: OutStat10A 1.0
01616 NULL : MeterCurrent = 2.2 | 0.1 | 0.1
01616 TEST: MeterCurrent 2.2 +/- 0.1
01616 PASS: MeterCurrent 2.16
01617 
01617 #set current and turn on output and verify feedback
01617 Command = 81, Output10A = 1 : NULL : WAIT = 0.1
01618 LdCurrentSet = 2300: NULL : WAIT = 0.1
01619 #verify reading from load
01619 NULL : Feedback10A = 2.3 | 0.5 | 0.1
01619 TEST: Feedback10A 2.3 +/- 0.5
01619 PASS: Feedback10A 2.429
01620 NULL : OutStat10A = 1 | 0.01 | 0.1
01620 TEST: OutStat10A 1.0 +/- 0.01
01620 PASS: OutStat10A 1.0
01621 NULL : MeterCurrent = 2.3000000000000003 | 0.1 | 0.1
01621 TEST: MeterCurrent 2.3 +/- 0.1
01621 PASS: MeterCurrent 2.279
01622 
01622 #set current and turn on output and verify feedback
01622 Command = 81, Output10A = 1 : NULL : WAIT = 0.1
01623 LdCurrentSet = 2400: NULL : WAIT = 0.1
01624 #verify reading from load
01624 NULL : Feedback10A = 2.4 | 0.5 | 0.1
01624 TEST: Feedback10A 2.4 +/- 0.5
01624 PASS: Feedback10A 2.544
01625 NULL : OutStat10A = 1 | 0.01 | 0.1
01625 TEST: OutStat10A 1.0 +/- 0.01
01625 PASS: OutStat10A 1.0
01626 NULL : MeterCurrent = 2.4 | 0.1 | 0.1
01626 TEST: MeterCurrent 2.4 +/- 0.1
01626 PASS: MeterCurrent 2.397
01627 
01627 #set current and turn on output and verify feedback
01627 Command = 81, Output10A = 1 : NULL : WAIT = 0.1
01628 LdCurrentSet = 2500: NULL : WAIT = 0.1
01629 #verify reading from load
01629 NULL : Feedback10A = 2.5 | 0.5 | 0.1
01629 TEST: Feedback10A 2.5 +/- 0.5
01629 PASS: Feedback10A 2.661
01630 NULL : OutStat10A = 1 | 0.01 | 0.1
01630 TEST: OutStat10A 1.0 +/- 0.01
01630 PASS: OutStat10A 1.0
01631 NULL : MeterCurrent = 2.5 | 0.1 | 0.1
01631 TEST: MeterCurrent 2.5 +/- 0.1
01631 PASS: MeterCurrent 2.41
01632 
01632 #set current and turn on output and verify feedback
01632 Command = 81, Output10A = 1 : NULL : WAIT = 0.1
01633 LdCurrentSet = 2600: NULL : WAIT = 0.1
01634 #verify reading from load
01634 NULL : Feedback10A = 2.6 | 0.5 | 0.1
01634 TEST: Feedback10A 2.6 +/- 0.5
01634 PASS: Feedback10A 2.661
01635 NULL : OutStat10A = 1 | 0.01 | 0.1
01635 TEST: OutStat10A 1.0 +/- 0.01
01635 PASS: OutStat10A 1.0
01636 NULL : MeterCurrent = 2.6 | 0.1 | 0.1
01636 TEST: MeterCurrent 2.6 +/- 0.1
01636 PASS: MeterCurrent 2.528
01637 
01637 #set current and turn on output and verify feedback
01637 Command = 81, Output10A = 1 : NULL : WAIT = 0.1
01638 LdCurrentSet = 2700: NULL : WAIT = 0.1
01639 #verify reading from load
01639 NULL : Feedback10A = 2.7 | 0.5 | 0.1
01639 TEST: Feedback10A 2.7 +/- 0.5
01639 PASS: Feedback10A 2.816
01640 NULL : OutStat10A = 1 | 0.01 | 0.1
01640 TEST: OutStat10A 1.0 +/- 0.01
01640 PASS: OutStat10A 1.0
01641 NULL : MeterCurrent = 2.7 | 0.1 | 0.1
01641 TEST: MeterCurrent 2.7 +/- 0.1
01641 PASS: MeterCurrent 2.643
01642 
01642 #set current and turn on output and verify feedback
01642 Command = 81, Output10A = 1 : NULL : WAIT = 0.1
01643 LdCurrentSet = 2800: NULL : WAIT = 0.1
01644 #verify reading from load
01644 NULL : Feedback10A = 2.8 | 0.5 | 0.1
01644 TEST: Feedback10A 2.8 +/- 0.5
01644 PASS: Feedback10A 2.984
01645 NULL : OutStat10A = 1 | 0.01 | 0.1
01645 TEST: OutStat10A 1.0 +/- 0.01
01645 PASS: OutStat10A 1.0
01646 NULL : MeterCurrent = 2.8000000000000003 | 0.1 | 0.1
01646 TEST: MeterCurrent 2.8 +/- 0.1
01646 PASS: MeterCurrent 2.765
01647 
01647 #set current and turn on output and verify feedback
01647 Command = 81, Output10A = 1 : NULL : WAIT = 0.1
01648 LdCurrentSet = 2900: NULL : WAIT = 0.1
01649 #verify reading from load
01649 NULL : Feedback10A = 2.9 | 0.5 | 0.1
01649 TEST: Feedback10A 2.9 +/- 0.5
01649 PASS: Feedback10A 3.095
01650 NULL : OutStat10A = 1 | 0.01 | 0.1
01650 TEST: OutStat10A 1.0 +/- 0.01
01650 PASS: OutStat10A 1.0
01651 NULL : MeterCurrent = 2.9 | 0.1 | 0.1
01651 TEST: MeterCurrent 2.9 +/- 0.1
01651 PASS: MeterCurrent 2.875
01652 
01652 #set current and turn on output and verify feedback
01652 Command = 81, Output10A = 1 : NULL : WAIT = 0.1
01653 LdCurrentSet = 3000: NULL : WAIT = 0.1
01654 #verify reading from load
01654 NULL : Feedback10A = 3.0 | 0.5 | 0.1
01654 TEST: Feedback10A 3.0 +/- 0.5
01654 PASS: Feedback10A 3.105
01655 NULL : OutStat10A = 1 | 0.01 | 0.1
01655 TEST: OutStat10A 1.0 +/- 0.01
01655 PASS: OutStat10A 1.0
01656 NULL : MeterCurrent = 3.0 | 0.1 | 0.1
01656 TEST: MeterCurrent 3.0 +/- 0.1
01656 PASS: MeterCurrent 3.0
01657 
01657 #set current and turn on output and verify feedback
01657 Command = 81, Output10A = 1 : NULL : WAIT = 0.1
01658 LdCurrentSet = 3100: NULL : WAIT = 0.1
01659 #verify reading from load
01659 NULL : Feedback10A = 3.1 | 0.5 | 0.1
01659 TEST: Feedback10A 3.1 +/- 0.5
01659 PASS: Feedback10A 3.23
01660 NULL : OutStat10A = 1 | 0.01 | 0.1
01660 TEST: OutStat10A 1.0 +/- 0.01
01660 PASS: OutStat10A 1.0
01661 NULL : MeterCurrent = 3.1 | 0.1 | 0.1
01661 TEST: MeterCurrent 3.1 +/- 0.1
01661 PASS: MeterCurrent 3.018
01662 
01662 #set current and turn on output and verify feedback
01662 Command = 81, Output10A = 1 : NULL : WAIT = 0.1
01663 LdCurrentSet = 3200: NULL : WAIT = 0.1
01664 #verify reading from load
01664 NULL : Feedback10A = 3.2 | 0.5 | 0.1
01664 TEST: Feedback10A 3.2 +/- 0.5
01664 PASS: Feedback10A 3.391
01665 NULL : OutStat10A = 1 | 0.01 | 0.1
01665 TEST: OutStat10A 1.0 +/- 0.01
01665 PASS: OutStat10A 1.0
01666 NULL : MeterCurrent = 3.2 | 0.1 | 0.1
01666 TEST: MeterCurrent 3.2 +/- 0.1
01666 PASS: MeterCurrent 3.132
01667 
01667 #set current and turn on output and verify feedback
01667 Command = 81, Output10A = 1 : NULL : WAIT = 0.1
01668 LdCurrentSet = 3300: NULL : WAIT = 0.1
01669 #verify reading from load
01669 NULL : Feedback10A = 3.3 | 0.5 | 0.1
01669 TEST: Feedback10A 3.3 +/- 0.5
01669 PASS: Feedback10A 3.529
01670 NULL : OutStat10A = 1 | 0.01 | 0.1
01670 TEST: OutStat10A 1.0 +/- 0.01
01670 FAIL: OutStat10A 2.0
01671 NULL : MeterCurrent = 3.3000000000000003 | 0.1 | 0.1
01671 TEST: MeterCurrent 3.3 +/- 0.1
01671 FAIL: MeterCurrent 0.026
01672 
01672 #set current and turn on output and verify feedback
01672 Command = 81, Output10A = 1 : NULL : WAIT = 0.1
01673 LdCurrentSet = 3400: NULL : WAIT = 0.1
01674 #verify reading from load
01674 NULL : Feedback10A = 3.4 | 0.5 | 0.1
01674 TEST: Feedback10A 3.4 +/- 0.5
01674 FAIL: Feedback10A 0.0
01675 NULL : OutStat10A = 1 | 0.01 | 0.1
01675 TEST: OutStat10A 1.0 +/- 0.01
01675 FAIL: OutStat10A 2.0
01676 NULL : MeterCurrent = 3.4 | 0.1 | 0.1
01676 TEST: MeterCurrent 3.4 +/- 0.1
01676 FAIL: MeterCurrent 0.026
01677 
01677 #set current and turn on output and verify feedback
01677 Command = 81, Output10A = 1 : NULL : WAIT = 0.1
01678 LdCurrentSet = 3500: NULL : WAIT = 0.1
01679 #verify fault #1
01679 NULL : Feedback10A = 0 | 0.1 | 0.1
01679 TEST: Feedback10A 0.0 +/- 0.1
01679 PASS: Feedback10A 0.0
01680 NULL : OutStat10A = 2 | 0.1 | 0.1
01680 TEST: OutStat10A 2.0 +/- 0.1
01680 PASS: OutStat10A 2.0
01681 NULL : MeterCurrent = 0  | 0.01 | 0.1
01681 TEST: MeterCurrent 0.0 +/- 0.01
01681 FAIL: MeterCurrent 0.026
01682 
01682 #switch out load line, clear current
01682 Output10A = 0 : NULL : WAIT = 0.1
01683 J3_09 = 0 : NULL : WAIT = 0.5
01684 LdCurrentSet = 0 : NULL : WAIT = 0.1
01685 NULL : OutStat10A = 0 | 0.1 | 0.1
01685 TEST: OutStat10A 0.0 +/- 0.1
01685 PASS: OutStat10A 0.0
01686 #switch in load line, set current
01686 J3_10 = 1 : NULL : WAIT = 0.5
01687 
01687 #set current and turn on output and verify feedback
01687 Command = 81, Output10B = 1 : NULL : WAIT = 0.1
01688 LdCurrentSet = 0: NULL : WAIT = 0.1
01689 #verify reading from load
01689 NULL : Feedback10B = 0.0 | 0.5 | 0.1
01689 TEST: Feedback10B 0.0 +/- 0.5
01689 PASS: Feedback10B 0.0
01690 NULL : OutStat10B = 1 | 0.01 | 0.1
01690 TEST: OutStat10B 1.0 +/- 0.01
01690 PASS: OutStat10B 1.0
01691 NULL : MeterCurrent = 0.0 | 0.1 | 0.1
01691 TEST: MeterCurrent 0.0 +/- 0.1
01691 PASS: MeterCurrent 0.0
01692 
01692 #set current and turn on output and verify feedback
01692 Command = 81, Output10B = 1 : NULL : WAIT = 0.1
01693 LdCurrentSet = 100: NULL : WAIT = 0.1
01694 #verify reading from load
01694 NULL : Feedback10B = 0.1 | 0.5 | 0.1
01694 TEST: Feedback10B 0.1 +/- 0.5
01694 PASS: Feedback10B 0.047
01695 NULL : OutStat10B = 1 | 0.01 | 0.1
01695 TEST: OutStat10B 1.0 +/- 0.01
01695 PASS: OutStat10B 1.0
01696 NULL : MeterCurrent = 0.1 | 0.1 | 0.1
01696 TEST: MeterCurrent 0.1 +/- 0.1
01696 PASS: MeterCurrent 0.028
01697 
01697 #set current and turn on output and verify feedback
01697 Command = 81, Output10B = 1 : NULL : WAIT = 0.1
01698 LdCurrentSet = 200: NULL : WAIT = 0.1
01699 #verify reading from load
01699 NULL : Feedback10B = 0.2 | 0.5 | 0.1
01699 TEST: Feedback10B 0.2 +/- 0.5
01699 PASS: Feedback10B 0.047
01700 NULL : OutStat10B = 1 | 0.01 | 0.1
01700 TEST: OutStat10B 1.0 +/- 0.01
01700 PASS: OutStat10B 1.0
01701 NULL : MeterCurrent = 0.2 | 0.1 | 0.1
01701 TEST: MeterCurrent 0.2 +/- 0.1
01701 PASS: MeterCurrent 0.147
01702 
01702 #set current and turn on output and verify feedback
01702 Command = 81, Output10B = 1 : NULL : WAIT = 0.1
01703 LdCurrentSet = 300: NULL : WAIT = 0.1
01704 #verify reading from load
01704 NULL : Feedback10B = 0.3 | 0.5 | 0.1
01704 TEST: Feedback10B 0.3 +/- 0.5
01704 PASS: Feedback10B 0.203
01705 NULL : OutStat10B = 1 | 0.01 | 0.1
01705 TEST: OutStat10B 1.0 +/- 0.01
01705 PASS: OutStat10B 1.0
01706 NULL : MeterCurrent = 0.3 | 0.1 | 0.1
01706 TEST: MeterCurrent 0.3 +/- 0.1
01706 PASS: MeterCurrent 0.2
01707 
01707 #set current and turn on output and verify feedback
01707 Command = 81, Output10B = 1 : NULL : WAIT = 0.1
01708 LdCurrentSet = 400: NULL : WAIT = 0.1
01709 #verify reading from load
01709 NULL : Feedback10B = 0.4 | 0.5 | 0.1
01709 TEST: Feedback10B 0.4 +/- 0.5
01709 PASS: Feedback10B 0.36
01710 NULL : OutStat10B = 1 | 0.01 | 0.1
01710 TEST: OutStat10B 1.0 +/- 0.01
01710 PASS: OutStat10B 1.0
01711 NULL : MeterCurrent = 0.4 | 0.1 | 0.1
01711 TEST: MeterCurrent 0.4 +/- 0.1
01711 PASS: MeterCurrent 0.38
01712 
01712 #set current and turn on output and verify feedback
01712 Command = 81, Output10B = 1 : NULL : WAIT = 0.1
01713 LdCurrentSet = 500: NULL : WAIT = 0.1
01714 #verify reading from load
01714 NULL : Feedback10B = 0.5 | 0.5 | 0.1
01714 TEST: Feedback10B 0.5 +/- 0.5
01714 PASS: Feedback10B 0.425
01715 NULL : OutStat10B = 1 | 0.01 | 0.1
01715 TEST: OutStat10B 1.0 +/- 0.01
01715 PASS: OutStat10B 1.0
01716 NULL : MeterCurrent = 0.5 | 0.1 | 0.1
01716 TEST: MeterCurrent 0.5 +/- 0.1
01716 PASS: MeterCurrent 0.47
01717 
01717 #set current and turn on output and verify feedback
01717 Command = 81, Output10B = 1 : NULL : WAIT = 0.1
01718 LdCurrentSet = 600: NULL : WAIT = 0.1
01719 #verify reading from load
01719 NULL : Feedback10B = 0.6 | 0.5 | 0.1
01719 TEST: Feedback10B 0.6 +/- 0.5
01719 PASS: Feedback10B 0.581
01720 NULL : OutStat10B = 1 | 0.01 | 0.1
01720 TEST: OutStat10B 1.0 +/- 0.01
01720 PASS: OutStat10B 1.0
01721 NULL : MeterCurrent = 0.6 | 0.1 | 0.1
01721 TEST: MeterCurrent 0.6 +/- 0.1
01721 PASS: MeterCurrent 0.588
01722 
01722 #set current and turn on output and verify feedback
01722 Command = 81, Output10B = 1 : NULL : WAIT = 0.1
01723 LdCurrentSet = 700: NULL : WAIT = 0.1
01724 #verify reading from load
01724 NULL : Feedback10B = 0.7 | 0.5 | 0.1
01724 TEST: Feedback10B 0.7 +/- 0.5
01724 PASS: Feedback10B 0.694
01725 NULL : OutStat10B = 1 | 0.01 | 0.1
01725 TEST: OutStat10B 1.0 +/- 0.01
01725 PASS: OutStat10B 1.0
01726 NULL : MeterCurrent = 0.7000000000000001 | 0.1 | 0.1
01726 TEST: MeterCurrent 0.7 +/- 0.1
01726 PASS: MeterCurrent 0.602
01727 
01727 #set current and turn on output and verify feedback
01727 Command = 81, Output10B = 1 : NULL : WAIT = 0.1
01728 LdCurrentSet = 800: NULL : WAIT = 0.1
01729 #verify reading from load
01729 NULL : Feedback10B = 0.8 | 0.5 | 0.1
01729 TEST: Feedback10B 0.8 +/- 0.5
01729 PASS: Feedback10B 0.697
01730 NULL : OutStat10B = 1 | 0.01 | 0.1
01730 TEST: OutStat10B 1.0 +/- 0.01
01730 PASS: OutStat10B 1.0
01731 NULL : MeterCurrent = 0.8 | 0.1 | 0.1
01731 TEST: MeterCurrent 0.8 +/- 0.1
01731 PASS: MeterCurrent 0.723
01732 
01732 #set current and turn on output and verify feedback
01732 Command = 81, Output10B = 1 : NULL : WAIT = 0.1
01733 LdCurrentSet = 900: NULL : WAIT = 0.1
01734 #verify reading from load
01734 NULL : Feedback10B = 0.9 | 0.5 | 0.1
01734 TEST: Feedback10B 0.9 +/- 0.5
01734 PASS: Feedback10B 0.826
01735 NULL : OutStat10B = 1 | 0.01 | 0.1
01735 TEST: OutStat10B 1.0 +/- 0.01
01735 PASS: OutStat10B 1.0
01736 NULL : MeterCurrent = 0.9 | 0.1 | 0.1
01736 TEST: MeterCurrent 0.9 +/- 0.1
01736 PASS: MeterCurrent 0.843
01737 
01737 #set current and turn on output and verify feedback
01737 Command = 81, Output10B = 1 : NULL : WAIT = 0.1
01738 LdCurrentSet = 1000: NULL : WAIT = 0.1
01739 #verify reading from load
01739 NULL : Feedback10B = 1.0 | 0.5 | 0.1
01739 TEST: Feedback10B 1.0 +/- 0.5
01739 PASS: Feedback10B 0.986
01740 NULL : OutStat10B = 1 | 0.01 | 0.1
01740 TEST: OutStat10B 1.0 +/- 0.01
01740 PASS: OutStat10B 1.0
01741 NULL : MeterCurrent = 1.0 | 0.1 | 0.1
01741 TEST: MeterCurrent 1.0 +/- 0.1
01741 PASS: MeterCurrent 0.956
01742 
01742 #set current and turn on output and verify feedback
01742 Command = 81, Output10B = 1 : NULL : WAIT = 0.1
01743 LdCurrentSet = 1100: NULL : WAIT = 0.1
01744 #verify reading from load
01744 NULL : Feedback10B = 1.1 | 0.5 | 0.1
01744 TEST: Feedback10B 1.1 +/- 0.5
01744 PASS: Feedback10B 1.119
01745 NULL : OutStat10B = 1 | 0.01 | 0.1
01745 TEST: OutStat10B 1.0 +/- 0.01
01745 PASS: OutStat10B 1.0
01746 NULL : MeterCurrent = 1.1 | 0.1 | 0.1
01746 TEST: MeterCurrent 1.1 +/- 0.1
01746 PASS: MeterCurrent 1.07
01747 
01747 #set current and turn on output and verify feedback
01747 Command = 81, Output10B = 1 : NULL : WAIT = 0.1
01748 LdCurrentSet = 1200: NULL : WAIT = 0.1
01749 #verify reading from load
01749 NULL : Feedback10B = 1.2 | 0.5 | 0.1
01749 TEST: Feedback10B 1.2 +/- 0.5
01749 PASS: Feedback10B 1.238
01750 NULL : OutStat10B = 1 | 0.01 | 0.1
01750 TEST: OutStat10B 1.0 +/- 0.01
01750 PASS: OutStat10B 1.0
01751 NULL : MeterCurrent = 1.2 | 0.1 | 0.1
01751 TEST: MeterCurrent 1.2 +/- 0.1
01751 PASS: MeterCurrent 1.192
01752 
01752 #set current and turn on output and verify feedback
01752 Command = 81, Output10B = 1 : NULL : WAIT = 0.1
01753 LdCurrentSet = 1300: NULL : WAIT = 0.1
01754 #verify reading from load
01754 NULL : Feedback10B = 1.3 | 0.5 | 0.1
01754 TEST: Feedback10B 1.3 +/- 0.5
01754 PASS: Feedback10B 1.242
01755 NULL : OutStat10B = 1 | 0.01 | 0.1
01755 TEST: OutStat10B 1.0 +/- 0.01
01755 PASS: OutStat10B 1.0
01756 NULL : MeterCurrent = 1.3 | 0.1 | 0.1
01756 TEST: MeterCurrent 1.3 +/- 0.1
01756 PASS: MeterCurrent 1.211
01757 
01757 #set current and turn on output and verify feedback
01757 Command = 81, Output10B = 1 : NULL : WAIT = 0.1
01758 LdCurrentSet = 1400: NULL : WAIT = 0.1
01759 #verify reading from load
01759 NULL : Feedback10B = 1.4 | 0.5 | 0.1
01759 TEST: Feedback10B 1.4 +/- 0.5
01759 PASS: Feedback10B 1.347
01760 NULL : OutStat10B = 1 | 0.01 | 0.1
01760 TEST: OutStat10B 1.0 +/- 0.01
01760 PASS: OutStat10B 1.0
01761 NULL : MeterCurrent = 1.4000000000000001 | 0.1 | 0.1
01761 TEST: MeterCurrent 1.4 +/- 0.1
01761 PASS: MeterCurrent 1.31
01762 
01762 #set current and turn on output and verify feedback
01762 Command = 81, Output10B = 1 : NULL : WAIT = 0.1
01763 LdCurrentSet = 1500: NULL : WAIT = 0.1
01764 #verify reading from load
01764 NULL : Feedback10B = 1.5 | 0.5 | 0.1
01764 TEST: Feedback10B 1.5 +/- 0.5
01764 PASS: Feedback10B 1.497
01765 NULL : OutStat10B = 1 | 0.01 | 0.1
01765 TEST: OutStat10B 1.0 +/- 0.01
01765 PASS: OutStat10B 1.0
01766 NULL : MeterCurrent = 1.5 | 0.1 | 0.1
01766 TEST: MeterCurrent 1.5 +/- 0.1
01766 PASS: MeterCurrent 1.429
01767 
01767 #set current and turn on output and verify feedback
01767 Command = 81, Output10B = 1 : NULL : WAIT = 0.1
01768 LdCurrentSet = 1600: NULL : WAIT = 0.1
01769 #verify reading from load
01769 NULL : Feedback10B = 1.6 | 0.5 | 0.1
01769 TEST: Feedback10B 1.6 +/- 0.5
01769 PASS: Feedback10B 1.633
01770 NULL : OutStat10B = 1 | 0.01 | 0.1
01770 TEST: OutStat10B 1.0 +/- 0.01
01770 PASS: OutStat10B 1.0
01771 NULL : MeterCurrent = 1.6 | 0.1 | 0.1
01771 TEST: MeterCurrent 1.6 +/- 0.1
01771 PASS: MeterCurrent 1.546
01772 
01772 #set current and turn on output and verify feedback
01772 Command = 81, Output10B = 1 : NULL : WAIT = 0.1
01773 LdCurrentSet = 1700: NULL : WAIT = 0.1
01774 #verify reading from load
01774 NULL : Feedback10B = 1.7 | 0.5 | 0.1
01774 TEST: Feedback10B 1.7 +/- 0.5
01774 PASS: Feedback10B 1.766
01775 NULL : OutStat10B = 1 | 0.01 | 0.1
01775 TEST: OutStat10B 1.0 +/- 0.01
01775 PASS: OutStat10B 1.0
01776 NULL : MeterCurrent = 1.7 | 0.1 | 0.1
01776 TEST: MeterCurrent 1.7 +/- 0.1
01776 PASS: MeterCurrent 1.657
01777 
01777 #set current and turn on output and verify feedback
01777 Command = 81, Output10B = 1 : NULL : WAIT = 0.1
01778 LdCurrentSet = 1800: NULL : WAIT = 0.1
01779 #verify reading from load
01779 NULL : Feedback10B = 1.8 | 0.5 | 0.1
01779 TEST: Feedback10B 1.8 +/- 0.5
01779 PASS: Feedback10B 1.889
01780 NULL : OutStat10B = 1 | 0.01 | 0.1
01780 TEST: OutStat10B 1.0 +/- 0.01
01780 PASS: OutStat10B 1.0
01781 NULL : MeterCurrent = 1.8 | 0.1 | 0.1
01781 TEST: MeterCurrent 1.8 +/- 0.1
01781 PASS: MeterCurrent 1.785
01782 
01782 #set current and turn on output and verify feedback
01782 Command = 81, Output10B = 1 : NULL : WAIT = 0.1
01783 LdCurrentSet = 1900: NULL : WAIT = 0.1
01784 #verify reading from load
01784 NULL : Feedback10B = 1.9 | 0.5 | 0.1
01784 TEST: Feedback10B 1.9 +/- 0.5
01784 PASS: Feedback10B 1.896
01785 NULL : OutStat10B = 1 | 0.01 | 0.1
01785 TEST: OutStat10B 1.0 +/- 0.01
01785 PASS: OutStat10B 1.0
01786 NULL : MeterCurrent = 1.9000000000000001 | 0.1 | 0.1
01786 TEST: MeterCurrent 1.9 +/- 0.1
01786 PASS: MeterCurrent 1.803
01787 
01787 #set current and turn on output and verify feedback
01787 Command = 81, Output10B = 1 : NULL : WAIT = 0.1
01788 LdCurrentSet = 2000: NULL : WAIT = 0.1
01789 #verify reading from load
01789 NULL : Feedback10B = 2.0 | 0.5 | 0.1
01789 TEST: Feedback10B 2.0 +/- 0.5
01789 PASS: Feedback10B 2.062
01790 NULL : OutStat10B = 1 | 0.01 | 0.1
01790 TEST: OutStat10B 1.0 +/- 0.01
01790 PASS: OutStat10B 1.0
01791 NULL : MeterCurrent = 2.0 | 0.1 | 0.1
01791 TEST: MeterCurrent 2.0 +/- 0.1
01791 PASS: MeterCurrent 1.923
01792 
01792 #set current and turn on output and verify feedback
01792 Command = 81, Output10B = 1 : NULL : WAIT = 0.1
01793 LdCurrentSet = 2100: NULL : WAIT = 0.1
01794 #verify reading from load
01794 NULL : Feedback10B = 2.1 | 0.5 | 0.1
01794 TEST: Feedback10B 2.1 +/- 0.5
01794 PASS: Feedback10B 2.202
01795 NULL : OutStat10B = 1 | 0.01 | 0.1
01795 TEST: OutStat10B 1.0 +/- 0.01
01795 PASS: OutStat10B 1.0
01796 NULL : MeterCurrent = 2.1 | 0.1 | 0.1
01796 TEST: MeterCurrent 2.1 +/- 0.1
01796 PASS: MeterCurrent 2.038
01797 
01797 #set current and turn on output and verify feedback
01797 Command = 81, Output10B = 1 : NULL : WAIT = 0.1
01798 LdCurrentSet = 2200: NULL : WAIT = 0.1
01799 #verify reading from load
01799 NULL : Feedback10B = 2.2 | 0.5 | 0.1
01799 TEST: Feedback10B 2.2 +/- 0.5
01799 PASS: Feedback10B 2.325
01800 NULL : OutStat10B = 1 | 0.01 | 0.1
01800 TEST: OutStat10B 1.0 +/- 0.01
01800 PASS: OutStat10B 1.0
01801 NULL : MeterCurrent = 2.2 | 0.1 | 0.1
01801 TEST: MeterCurrent 2.2 +/- 0.1
01801 PASS: MeterCurrent 2.159
01802 
01802 #set current and turn on output and verify feedback
01802 Command = 81, Output10B = 1 : NULL : WAIT = 0.1
01803 LdCurrentSet = 2300: NULL : WAIT = 0.1
01804 #verify reading from load
01804 NULL : Feedback10B = 2.3 | 0.5 | 0.1
01804 TEST: Feedback10B 2.3 +/- 0.5
01804 PASS: Feedback10B 2.325
01805 NULL : OutStat10B = 1 | 0.01 | 0.1
01805 TEST: OutStat10B 1.0 +/- 0.01
01805 PASS: OutStat10B 1.0
01806 NULL : MeterCurrent = 2.3000000000000003 | 0.1 | 0.1
01806 TEST: MeterCurrent 2.3 +/- 0.1
01806 PASS: MeterCurrent 2.276
01807 
01807 #set current and turn on output and verify feedback
01807 Command = 81, Output10B = 1 : NULL : WAIT = 0.1
01808 LdCurrentSet = 2400: NULL : WAIT = 0.1
01809 #verify reading from load
01809 NULL : Feedback10B = 2.4 | 0.5 | 0.1
01809 TEST: Feedback10B 2.4 +/- 0.5
01809 PASS: Feedback10B 2.474
01810 NULL : OutStat10B = 1 | 0.01 | 0.1
01810 TEST: OutStat10B 1.0 +/- 0.01
01810 PASS: OutStat10B 1.0
01811 NULL : MeterCurrent = 2.4 | 0.1 | 0.1
01811 TEST: MeterCurrent 2.4 +/- 0.1
01811 PASS: MeterCurrent 2.395
01812 
01812 #set current and turn on output and verify feedback
01812 Command = 81, Output10B = 1 : NULL : WAIT = 0.1
01813 LdCurrentSet = 2500: NULL : WAIT = 0.1
01814 #verify reading from load
01814 NULL : Feedback10B = 2.5 | 0.5 | 0.1
01814 TEST: Feedback10B 2.5 +/- 0.5
01814 PASS: Feedback10B 2.614
01815 NULL : OutStat10B = 1 | 0.01 | 0.1
01815 TEST: OutStat10B 1.0 +/- 0.01
01815 PASS: OutStat10B 1.0
01816 NULL : MeterCurrent = 2.5 | 0.1 | 0.1
01816 TEST: MeterCurrent 2.5 +/- 0.1
01816 PASS: MeterCurrent 2.406
01817 
01817 #set current and turn on output and verify feedback
01817 Command = 81, Output10B = 1 : NULL : WAIT = 0.1
01818 LdCurrentSet = 2600: NULL : WAIT = 0.1
01819 #verify reading from load
01819 NULL : Feedback10B = 2.6 | 0.5 | 0.1
01819 TEST: Feedback10B 2.6 +/- 0.5
01819 PASS: Feedback10B 2.743
01820 NULL : OutStat10B = 1 | 0.01 | 0.1
01820 TEST: OutStat10B 1.0 +/- 0.01
01820 PASS: OutStat10B 1.0
01821 NULL : MeterCurrent = 2.6 | 0.1 | 0.1
01821 TEST: MeterCurrent 2.6 +/- 0.1
01821 PASS: MeterCurrent 2.519
01822 
01822 #set current and turn on output and verify feedback
01822 Command = 81, Output10B = 1 : NULL : WAIT = 0.1
01823 LdCurrentSet = 2700: NULL : WAIT = 0.1
01824 #verify reading from load
01824 NULL : Feedback10B = 2.7 | 0.5 | 0.1
01824 TEST: Feedback10B 2.7 +/- 0.5
01824 PASS: Feedback10B 2.863
01825 NULL : OutStat10B = 1 | 0.01 | 0.1
01825 TEST: OutStat10B 1.0 +/- 0.01
01825 PASS: OutStat10B 1.0
01826 NULL : MeterCurrent = 2.7 | 0.1 | 0.1
01826 TEST: MeterCurrent 2.7 +/- 0.1
01826 PASS: MeterCurrent 2.629
01827 
01827 #set current and turn on output and verify feedback
01827 Command = 81, Output10B = 1 : NULL : WAIT = 0.1
01828 LdCurrentSet = 2800: NULL : WAIT = 0.1
01829 #verify reading from load
01829 NULL : Feedback10B = 2.8 | 0.5 | 0.1
01829 TEST: Feedback10B 2.8 +/- 0.5
01829 PASS: Feedback10B 2.863
01830 NULL : OutStat10B = 1 | 0.01 | 0.1
01830 TEST: OutStat10B 1.0 +/- 0.01
01830 PASS: OutStat10B 1.0
01831 NULL : MeterCurrent = 2.8000000000000003 | 0.1 | 0.1
01831 TEST: MeterCurrent 2.8 +/- 0.1
01831 PASS: MeterCurrent 2.757
01832 
01832 #set current and turn on output and verify feedback
01832 Command = 81, Output10B = 1 : NULL : WAIT = 0.1
01833 LdCurrentSet = 2900: NULL : WAIT = 0.1
01834 #verify reading from load
01834 NULL : Feedback10B = 2.9 | 0.5 | 0.1
01834 TEST: Feedback10B 2.9 +/- 0.5
01834 PASS: Feedback10B 2.995
01835 NULL : OutStat10B = 1 | 0.01 | 0.1
01835 TEST: OutStat10B 1.0 +/- 0.01
01835 PASS: OutStat10B 1.0
01836 NULL : MeterCurrent = 2.9 | 0.1 | 0.1
01836 TEST: MeterCurrent 2.9 +/- 0.1
01836 PASS: MeterCurrent 2.873
01837 
01837 #set current and turn on output and verify feedback
01837 Command = 81, Output10B = 1 : NULL : WAIT = 0.1
01838 LdCurrentSet = 3000: NULL : WAIT = 0.1
01839 #verify reading from load
01839 NULL : Feedback10B = 3.0 | 0.5 | 0.1
01839 TEST: Feedback10B 3.0 +/- 0.5
01839 PASS: Feedback10B 3.169
01840 NULL : OutStat10B = 1 | 0.01 | 0.1
01840 TEST: OutStat10B 1.0 +/- 0.01
01840 PASS: OutStat10B 1.0
01841 NULL : MeterCurrent = 3.0 | 0.1 | 0.1
01841 TEST: MeterCurrent 3.0 +/- 0.1
01841 PASS: MeterCurrent 2.994
01842 
01842 #set current and turn on output and verify feedback
01842 Command = 81, Output10B = 1 : NULL : WAIT = 0.1
01843 LdCurrentSet = 3100: NULL : WAIT = 0.1
01844 #verify reading from load
01844 NULL : Feedback10B = 3.1 | 0.5 | 0.1
01844 TEST: Feedback10B 3.1 +/- 0.5
01844 PASS: Feedback10B 3.292
01845 NULL : OutStat10B = 1 | 0.01 | 0.1
01845 TEST: OutStat10B 1.0 +/- 0.01
01845 PASS: OutStat10B 1.0
01846 NULL : MeterCurrent = 3.1 | 0.1 | 0.1
01846 TEST: MeterCurrent 3.1 +/- 0.1
01846 PASS: MeterCurrent 3.007
01847 
01847 #set current and turn on output and verify feedback
01847 Command = 81, Output10B = 1 : NULL : WAIT = 0.1
01848 LdCurrentSet = 3200: NULL : WAIT = 0.1
01849 #verify reading from load
01849 NULL : Feedback10B = 3.2 | 0.5 | 0.1
01849 TEST: Feedback10B 3.2 +/- 0.5
01849 PASS: Feedback10B 3.407
01850 NULL : OutStat10B = 1 | 0.01 | 0.1
01850 TEST: OutStat10B 1.0 +/- 0.01
01850 PASS: OutStat10B 1.0
01851 NULL : MeterCurrent = 3.2 | 0.1 | 0.1
01851 TEST: MeterCurrent 3.2 +/- 0.1
01851 PASS: MeterCurrent 3.124
01852 
01852 #set current and turn on output and verify feedback
01852 Command = 81, Output10B = 1 : NULL : WAIT = 0.1
01853 LdCurrentSet = 3300: NULL : WAIT = 0.1
01854 #verify reading from load
01854 NULL : Feedback10B = 3.3 | 0.5 | 0.1
01854 TEST: Feedback10B 3.3 +/- 0.5
01854 PASS: Feedback10B 3.407
01855 NULL : OutStat10B = 1 | 0.01 | 0.1
01855 TEST: OutStat10B 1.0 +/- 0.01
01855 FAIL: OutStat10B 2.0
01856 NULL : MeterCurrent = 3.3000000000000003 | 0.1 | 0.1
01856 TEST: MeterCurrent 3.3 +/- 0.1
01856 FAIL: MeterCurrent 0.029
01857 
01857 #set current and turn on output and verify feedback
01857 Command = 81, Output10B = 1 : NULL : WAIT = 0.1
01858 LdCurrentSet = 3400: NULL : WAIT = 0.1
01859 #verify reading from load
01859 NULL : Feedback10B = 3.4 | 0.5 | 0.1
01859 TEST: Feedback10B 3.4 +/- 0.5
01859 FAIL: Feedback10B 0.0
01860 NULL : OutStat10B = 1 | 0.01 | 0.1
01860 TEST: OutStat10B 1.0 +/- 0.01
01860 FAIL: OutStat10B 2.0
01861 NULL : MeterCurrent = 3.4 | 0.1 | 0.1
01861 TEST: MeterCurrent 3.4 +/- 0.1
01861 FAIL: MeterCurrent 0.029
01862 
01862 #set current and turn on output and verify feedback
01862 Command = 81, Output10B = 1 : NULL : WAIT = 0.1
01863 LdCurrentSet = 3500: NULL : WAIT = 0.1
01864 #verify fault #1
01864 NULL : Feedback10B = 0 | 0.1 | 0.1
01864 TEST: Feedback10B 0.0 +/- 0.1
01864 PASS: Feedback10B 0.0
01865 NULL : OutStat10B = 2 | 0.1 | 0.1
01865 TEST: OutStat10B 2.0 +/- 0.1
01865 PASS: OutStat10B 2.0
01866 NULL : MeterCurrent = 0  | 0.01 | 0.1
01866 TEST: MeterCurrent 0.0 +/- 0.01
01866 FAIL: MeterCurrent 0.029
01867 
01867 #switch out load line, clear current
01867 Output10B = 0 : NULL : WAIT = 0.1
01868 J3_10 = 0 : NULL : WAIT = 0.5
01869 LdCurrentSet = 0 : NULL : WAIT = 0.1
01870 NULL : OutStat10B = 0 | 0.1 | 0.1
01870 TEST: OutStat10B 0.0 +/- 0.1
01870 PASS: OutStat10B 0.0
01871 #verify fault #1 cleared
01871 NULL : OutStat2A = 0 | 0.1 | 0.1
01871 TEST: OutStat2A 0.0 +/- 0.1
01871 PASS: OutStat2A 0.0
01872 NULL : OutStat2B = 0 | 0.1 | 0.1
01872 TEST: OutStat2B 0.0 +/- 0.1
01872 PASS: OutStat2B 0.0
01873 NULL : OutStat4A = 0 | 0.1 | 0.1
01873 TEST: OutStat4A 0.0 +/- 0.1
01873 PASS: OutStat4A 0.0
01874 NULL : OutStat4B = 0 | 0.1 | 0.1
01874 TEST: OutStat4B 0.0 +/- 0.1
01874 PASS: OutStat4B 0.0
01875 NULL : OutStat6A = 0 | 0.1 | 0.1
01875 TEST: OutStat6A 0.0 +/- 0.1
01875 PASS: OutStat6A 0.0
01876 NULL : OutStat6B = 0 | 0.1 | 0.1
01876 TEST: OutStat6B 0.0 +/- 0.1
01876 PASS: OutStat6B 0.0
01877 NULL : OutStat8A = 0 | 0.1 | 0.1
01877 TEST: OutStat8A 0.0 +/- 0.1
01877 PASS: OutStat8A 0.0
01878 NULL : OutStat8B = 0 | 0.1 | 0.1
01878 TEST: OutStat8B 0.0 +/- 0.1
01878 PASS: OutStat8B 0.0
01879 NULL : OutStat10A = 0 | 0.1 | 0.1
01879 TEST: OutStat10A 0.0 +/- 0.1
01879 PASS: OutStat10A 0.0
01880 NULL : OutStat10B = 0 | 0.1 | 0.1
01880 TEST: OutStat10B 0.0 +/- 0.1
01880 PASS: OutStat10B 0.0
01881 #switch in load line, set current
01881 J3_01 = 1 : NULL : WAIT = 0.5
01882 LdCurrentSet = 5000: NULL : WAIT = 0.1
01883 LdEnable = 0 : NULL : WAIT = 0.1
01884 
01884 #verify fault #1 clear
01884 NULL : OutStat2A = 0 | 0 | 0.1
01884 TEST: OutStat2A 0.0 +/- 0.0
01884 PASS: OutStat2A 0.0
01885 #turn ON output
01885 Command = 81, Output2A = 1 : NULL : WAIT = 0.2
01886 #enable load
01886 LdEnable = 1 : NULL : WAIT = 0.1
01887 #verify fault #2
01887 NULL : OutStat2A = 2 | 0 | 0.1
01887 TEST: OutStat2A 2.0 +/- 0.0
01887 PASS: OutStat2A 2.0
01888 #disable load
01888 LdEnable = 0 : NULL : WAIT = 0.1
01889 #turn OFF output
01889 Command = 81, Output2A = 0 : NULL : WAIT = 0.2
01890 
01890 #verify fault #2 clear
01890 NULL : OutStat2A = 0 | 0 | 0.1
01890 TEST: OutStat2A 0.0 +/- 0.0
01890 PASS: OutStat2A 0.0
01891 #turn ON output
01891 Command = 81, Output2A = 1 : NULL : WAIT = 0.2
01892 #enable load
01892 LdEnable = 1 : NULL : WAIT = 0.1
01893 #verify fault #3
01893 NULL : OutStat2A = 2 | 0 | 0.1
01893 TEST: OutStat2A 2.0 +/- 0.0
01893 PASS: OutStat2A 2.0
01894 #disable load
01894 LdEnable = 0 : NULL : WAIT = 0.1
01895 #turn OFF output
01895 Command = 81, Output2A = 0 : NULL : WAIT = 0.2
01896 
01896 #verify fault #3 clear
01896 NULL : OutStat2A = 0 | 0 | 0.1
01896 TEST: OutStat2A 0.0 +/- 0.0
01896 PASS: OutStat2A 0.0
01897 #turn ON output
01897 Command = 81, Output2A = 1 : NULL : WAIT = 0.2
01898 #enable load
01898 LdEnable = 1 : NULL : WAIT = 0.1
01899 #verify fault #4
01899 NULL : OutStat2A = 2 | 0 | 0.1
01899 TEST: OutStat2A 2.0 +/- 0.0
01899 PASS: OutStat2A 2.0
01900 #disable load
01900 LdEnable = 0 : NULL : WAIT = 0.1
01901 #turn OFF output
01901 Command = 81, Output2A = 0 : NULL : WAIT = 0.2
01902 
01902 #verify fault #4 clear
01902 NULL : OutStat2A = 0 | 0 | 0.1
01902 TEST: OutStat2A 0.0 +/- 0.0
01902 PASS: OutStat2A 0.0
01903 #turn ON output
01903 Command = 81, Output2A = 1 : NULL : WAIT = 0.2
01904 #enable load
01904 LdEnable = 1 : NULL : WAIT = 0.1
01905 #verify fault #5
01905 NULL : OutStat2A = 2 | 0 | 0.1
01905 TEST: OutStat2A 2.0 +/- 0.0
01905 PASS: OutStat2A 2.0
01906 #disable load
01906 LdEnable = 0 : NULL : WAIT = 0.1
01907 #turn OFF output
01907 Command = 81, Output2A = 0 : NULL : WAIT = 0.2
01908 
01908 #verify fault #5 sticks
01908 NULL : OutStat2A = 2 | 0 | 0.1
01908 TEST: OutStat2A 2.0 +/- 0.0
01908 PASS: OutStat2A 2.0
01909 #switch out load line, clear current
01909 Output2A = 0 : NULL : WAIT = 0.1
01910 J3_01 = 0 : NULL : WAIT = 0.5
01911 LdCurrentSet = 0 : NULL : WAIT = 0.1
01912 #switch in load line, set current
01912 J3_02 = 1 : NULL : WAIT = 0.5
01913 LdCurrentSet = 5000: NULL : WAIT = 0.1
01914 LdEnable = 0 : NULL : WAIT = 0.1
01915 
01915 #verify fault #1 clear
01915 NULL : OutStat2B = 0 | 0 | 0.1
01915 TEST: OutStat2B 0.0 +/- 0.0
01915 PASS: OutStat2B 0.0
01916 #turn ON output
01916 Command = 81, Output2B = 1 : NULL : WAIT = 0.2
01917 #enable load
01917 LdEnable = 1 : NULL : WAIT = 0.1
01918 #verify fault #2
01918 NULL : OutStat2B = 2 | 0 | 0.1
01918 TEST: OutStat2B 2.0 +/- 0.0
01918 PASS: OutStat2B 2.0
01919 #disable load
01919 LdEnable = 0 : NULL : WAIT = 0.1
01920 #turn OFF output
01920 Command = 81, Output2B = 0 : NULL : WAIT = 0.2
01921 
01921 #verify fault #2 clear
01921 NULL : OutStat2B = 0 | 0 | 0.1
01921 TEST: OutStat2B 0.0 +/- 0.0
01921 PASS: OutStat2B 0.0
01922 #turn ON output
01922 Command = 81, Output2B = 1 : NULL : WAIT = 0.2
01923 #enable load
01923 LdEnable = 1 : NULL : WAIT = 0.1
01924 #verify fault #3
01924 NULL : OutStat2B = 2 | 0 | 0.1
01924 TEST: OutStat2B 2.0 +/- 0.0
01924 PASS: OutStat2B 2.0
01925 #disable load
01925 LdEnable = 0 : NULL : WAIT = 0.1
01926 #turn OFF output
01926 Command = 81, Output2B = 0 : NULL : WAIT = 0.2
01927 
01927 #verify fault #3 clear
01927 NULL : OutStat2B = 0 | 0 | 0.1
01927 TEST: OutStat2B 0.0 +/- 0.0
01927 PASS: OutStat2B 0.0
01928 #turn ON output
01928 Command = 81, Output2B = 1 : NULL : WAIT = 0.2
01929 #enable load
01929 LdEnable = 1 : NULL : WAIT = 0.1
01930 #verify fault #4
01930 NULL : OutStat2B = 2 | 0 | 0.1
01930 TEST: OutStat2B 2.0 +/- 0.0
01930 PASS: OutStat2B 2.0
01931 #disable load
01931 LdEnable = 0 : NULL : WAIT = 0.1
01932 #turn OFF output
01932 Command = 81, Output2B = 0 : NULL : WAIT = 0.2
01933 
01933 #verify fault #4 clear
01933 NULL : OutStat2B = 0 | 0 | 0.1
01933 TEST: OutStat2B 0.0 +/- 0.0
01933 PASS: OutStat2B 0.0
01934 #turn ON output
01934 Command = 81, Output2B = 1 : NULL : WAIT = 0.2
01935 #enable load
01935 LdEnable = 1 : NULL : WAIT = 0.1
01936 #verify fault #5
01936 NULL : OutStat2B = 2 | 0 | 0.1
01936 TEST: OutStat2B 2.0 +/- 0.0
01936 PASS: OutStat2B 2.0
01937 #disable load
01937 LdEnable = 0 : NULL : WAIT = 0.1
01938 #turn OFF output
01938 Command = 81, Output2B = 0 : NULL : WAIT = 0.2
01939 
01939 #verify fault #5 sticks
01939 NULL : OutStat2B = 2 | 0 | 0.1
01939 TEST: OutStat2B 2.0 +/- 0.0
01939 PASS: OutStat2B 2.0
01940 #switch out load line, clear current
01940 Output2B = 0 : NULL : WAIT = 0.1
01941 J3_02 = 0 : NULL : WAIT = 0.5
01942 LdCurrentSet = 0 : NULL : WAIT = 0.1
01943 #switch in load line, set current
01943 J3_03 = 1 : NULL : WAIT = 0.5
01944 LdCurrentSet = 5000: NULL : WAIT = 0.1
01945 LdEnable = 0 : NULL : WAIT = 0.1
01946 
01946 #verify fault #1 clear
01946 NULL : OutStat4A = 0 | 0 | 0.1
01946 TEST: OutStat4A 0.0 +/- 0.0
01946 PASS: OutStat4A 0.0
01947 #turn ON output
01947 Command = 81, Output4A = 1 : NULL : WAIT = 0.2
01948 #enable load
01948 LdEnable = 1 : NULL : WAIT = 0.1
01949 #verify fault #2
01949 NULL : OutStat4A = 2 | 0 | 0.1
01949 TEST: OutStat4A 2.0 +/- 0.0
01949 PASS: OutStat4A 2.0
01950 #disable load
01950 LdEnable = 0 : NULL : WAIT = 0.1
01951 #turn OFF output
01951 Command = 81, Output4A = 0 : NULL : WAIT = 0.2
01952 
01952 #verify fault #2 clear
01952 NULL : OutStat4A = 0 | 0 | 0.1
01952 TEST: OutStat4A 0.0 +/- 0.0
01952 PASS: OutStat4A 0.0
01953 #turn ON output
01953 Command = 81, Output4A = 1 : NULL : WAIT = 0.2
01954 #enable load
01954 LdEnable = 1 : NULL : WAIT = 0.1
01955 #verify fault #3
01955 NULL : OutStat4A = 2 | 0 | 0.1
01955 TEST: OutStat4A 2.0 +/- 0.0
01955 PASS: OutStat4A 2.0
01956 #disable load
01956 LdEnable = 0 : NULL : WAIT = 0.1
01957 #turn OFF output
01957 Command = 81, Output4A = 0 : NULL : WAIT = 0.2
01958 
01958 #verify fault #3 clear
01958 NULL : OutStat4A = 0 | 0 | 0.1
01958 TEST: OutStat4A 0.0 +/- 0.0
01958 PASS: OutStat4A 0.0
01959 #turn ON output
01959 Command = 81, Output4A = 1 : NULL : WAIT = 0.2
01960 #enable load
01960 LdEnable = 1 : NULL : WAIT = 0.1
01961 #verify fault #4
01961 NULL : OutStat4A = 2 | 0 | 0.1
01961 TEST: OutStat4A 2.0 +/- 0.0
01961 PASS: OutStat4A 2.0
01962 #disable load
01962 LdEnable = 0 : NULL : WAIT = 0.1
01963 #turn OFF output
01963 Command = 81, Output4A = 0 : NULL : WAIT = 0.2
01964 
01964 #verify fault #4 clear
01964 NULL : OutStat4A = 0 | 0 | 0.1
01964 TEST: OutStat4A 0.0 +/- 0.0
01964 PASS: OutStat4A 0.0
01965 #turn ON output
01965 Command = 81, Output4A = 1 : NULL : WAIT = 0.2
01966 #enable load
01966 LdEnable = 1 : NULL : WAIT = 0.1
01967 #verify fault #5
01967 NULL : OutStat4A = 2 | 0 | 0.1
01967 TEST: OutStat4A 2.0 +/- 0.0
01967 PASS: OutStat4A 2.0
01968 #disable load
01968 LdEnable = 0 : NULL : WAIT = 0.1
01969 #turn OFF output
01969 Command = 81, Output4A = 0 : NULL : WAIT = 0.2
01970 
01970 #verify fault #5 sticks
01970 NULL : OutStat4A = 2 | 0 | 0.1
01970 TEST: OutStat4A 2.0 +/- 0.0
01970 PASS: OutStat4A 2.0
01971 #switch out load line, clear current
01971 Output4A = 0 : NULL : WAIT = 0.1
01972 J3_03 = 0 : NULL : WAIT = 0.5
01973 LdCurrentSet = 0 : NULL : WAIT = 0.1
01974 #switch in load line, set current
01974 J3_04 = 1 : NULL : WAIT = 0.5
01975 LdCurrentSet = 5000: NULL : WAIT = 0.1
01976 LdEnable = 0 : NULL : WAIT = 0.1
01977 
01977 #verify fault #1 clear
01977 NULL : OutStat4B = 0 | 0 | 0.1
01977 TEST: OutStat4B 0.0 +/- 0.0
01977 PASS: OutStat4B 0.0
01978 #turn ON output
01978 Command = 81, Output4B = 1 : NULL : WAIT = 0.2
01979 #enable load
01979 LdEnable = 1 : NULL : WAIT = 0.1
01980 #verify fault #2
01980 NULL : OutStat4B = 2 | 0 | 0.1
01980 TEST: OutStat4B 2.0 +/- 0.0
01980 PASS: OutStat4B 2.0
01981 #disable load
01981 LdEnable = 0 : NULL : WAIT = 0.1
01982 #turn OFF output
01982 Command = 81, Output4B = 0 : NULL : WAIT = 0.2
01983 
01983 #verify fault #2 clear
01983 NULL : OutStat4B = 0 | 0 | 0.1
01983 TEST: OutStat4B 0.0 +/- 0.0
01983 PASS: OutStat4B 0.0
01984 #turn ON output
01984 Command = 81, Output4B = 1 : NULL : WAIT = 0.2
01985 #enable load
01985 LdEnable = 1 : NULL : WAIT = 0.1
01986 #verify fault #3
01986 NULL : OutStat4B = 2 | 0 | 0.1
01986 TEST: OutStat4B 2.0 +/- 0.0
01986 PASS: OutStat4B 2.0
01987 #disable load
01987 LdEnable = 0 : NULL : WAIT = 0.1
01988 #turn OFF output
01988 Command = 81, Output4B = 0 : NULL : WAIT = 0.2
01989 
01989 #verify fault #3 clear
01989 NULL : OutStat4B = 0 | 0 | 0.1
01989 TEST: OutStat4B 0.0 +/- 0.0
01989 PASS: OutStat4B 0.0
01990 #turn ON output
01990 Command = 81, Output4B = 1 : NULL : WAIT = 0.2
01991 #enable load
01991 LdEnable = 1 : NULL : WAIT = 0.1
01992 #verify fault #4
01992 NULL : OutStat4B = 2 | 0 | 0.1
01992 TEST: OutStat4B 2.0 +/- 0.0
01992 PASS: OutStat4B 2.0
01993 #disable load
01993 LdEnable = 0 : NULL : WAIT = 0.1
01994 #turn OFF output
01994 Command = 81, Output4B = 0 : NULL : WAIT = 0.2
01995 
01995 #verify fault #4 clear
01995 NULL : OutStat4B = 0 | 0 | 0.1
01995 TEST: OutStat4B 0.0 +/- 0.0
01995 PASS: OutStat4B 0.0
01996 #turn ON output
01996 Command = 81, Output4B = 1 : NULL : WAIT = 0.2
01997 #enable load
01997 LdEnable = 1 : NULL : WAIT = 0.1
01998 #verify fault #5
01998 NULL : OutStat4B = 2 | 0 | 0.1
01998 TEST: OutStat4B 2.0 +/- 0.0
01998 PASS: OutStat4B 2.0
01999 #disable load
01999 LdEnable = 0 : NULL : WAIT = 0.1
02000 #turn OFF output
02000 Command = 81, Output4B = 0 : NULL : WAIT = 0.2
02001 
02001 #verify fault #5 sticks
02001 NULL : OutStat4B = 2 | 0 | 0.1
02001 TEST: OutStat4B 2.0 +/- 0.0
02001 PASS: OutStat4B 2.0
02002 #switch out load line, clear current
02002 Output4B = 0 : NULL : WAIT = 0.1
02003 J3_04 = 0 : NULL : WAIT = 0.5
02004 LdCurrentSet = 0 : NULL : WAIT = 0.1
02005 #switch in load line, set current
02005 J3_05 = 1 : NULL : WAIT = 0.5
02006 LdCurrentSet = 5000: NULL : WAIT = 0.1
02007 LdEnable = 0 : NULL : WAIT = 0.1
02008 
02008 #verify fault #1 clear
02008 NULL : OutStat6A = 0 | 0 | 0.1
02008 TEST: OutStat6A 0.0 +/- 0.0
02008 PASS: OutStat6A 0.0
02009 #turn ON output
02009 Command = 81, Output6A = 1 : NULL : WAIT = 0.2
02010 #enable load
02010 LdEnable = 1 : NULL : WAIT = 0.1
02011 #verify fault #2
02011 NULL : OutStat6A = 2 | 0 | 0.1
02011 TEST: OutStat6A 2.0 +/- 0.0
02011 PASS: OutStat6A 2.0
02012 #disable load
02012 LdEnable = 0 : NULL : WAIT = 0.1
02013 #turn OFF output
02013 Command = 81, Output6A = 0 : NULL : WAIT = 0.2
02014 
02014 #verify fault #2 clear
02014 NULL : OutStat6A = 0 | 0 | 0.1
02014 TEST: OutStat6A 0.0 +/- 0.0
02014 PASS: OutStat6A 0.0
02015 #turn ON output
02015 Command = 81, Output6A = 1 : NULL : WAIT = 0.2
02016 #enable load
02016 LdEnable = 1 : NULL : WAIT = 0.1
02017 #verify fault #3
02017 NULL : OutStat6A = 2 | 0 | 0.1
02017 TEST: OutStat6A 2.0 +/- 0.0
02017 PASS: OutStat6A 2.0
02018 #disable load
02018 LdEnable = 0 : NULL : WAIT = 0.1
02019 #turn OFF output
02019 Command = 81, Output6A = 0 : NULL : WAIT = 0.2
02020 
02020 #verify fault #3 clear
02020 NULL : OutStat6A = 0 | 0 | 0.1
02020 TEST: OutStat6A 0.0 +/- 0.0
02020 PASS: OutStat6A 0.0
02021 #turn ON output
02021 Command = 81, Output6A = 1 : NULL : WAIT = 0.2
02022 #enable load
02022 LdEnable = 1 : NULL : WAIT = 0.1
02023 #verify fault #4
02023 NULL : OutStat6A = 2 | 0 | 0.1
02023 TEST: OutStat6A 2.0 +/- 0.0
02023 PASS: OutStat6A 2.0
02024 #disable load
02024 LdEnable = 0 : NULL : WAIT = 0.1
02025 #turn OFF output
02025 Command = 81, Output6A = 0 : NULL : WAIT = 0.2
02026 
02026 #verify fault #4 clear
02026 NULL : OutStat6A = 0 | 0 | 0.1
02026 TEST: OutStat6A 0.0 +/- 0.0
02026 PASS: OutStat6A 0.0
02027 #turn ON output
02027 Command = 81, Output6A = 1 : NULL : WAIT = 0.2
02028 #enable load
02028 LdEnable = 1 : NULL : WAIT = 0.1
02029 #verify fault #5
02029 NULL : OutStat6A = 2 | 0 | 0.1
02029 TEST: OutStat6A 2.0 +/- 0.0
02029 PASS: OutStat6A 2.0
02030 #disable load
02030 LdEnable = 0 : NULL : WAIT = 0.1
02031 #turn OFF output
02031 Command = 81, Output6A = 0 : NULL : WAIT = 0.2
02032 
02032 #verify fault #5 sticks
02032 NULL : OutStat6A = 2 | 0 | 0.1
02032 TEST: OutStat6A 2.0 +/- 0.0
02032 PASS: OutStat6A 2.0
02033 #switch out load line, clear current
02033 Output6A = 0 : NULL : WAIT = 0.1
02034 J3_05 = 0 : NULL : WAIT = 0.5
02035 LdCurrentSet = 0 : NULL : WAIT = 0.1
02036 #switch in load line, set current
02036 J3_06 = 1 : NULL : WAIT = 0.5
02037 LdCurrentSet = 5000: NULL : WAIT = 0.1
02038 LdEnable = 0 : NULL : WAIT = 0.1
02039 
02039 #verify fault #1 clear
02039 NULL : OutStat6B = 0 | 0 | 0.1
02039 TEST: OutStat6B 0.0 +/- 0.0
02039 PASS: OutStat6B 0.0
02040 #turn ON output
02040 Command = 81, Output6B = 1 : NULL : WAIT = 0.2
02041 #enable load
02041 LdEnable = 1 : NULL : WAIT = 0.1
02042 #verify fault #2
02042 NULL : OutStat6B = 2 | 0 | 0.1
02042 TEST: OutStat6B 2.0 +/- 0.0
02042 PASS: OutStat6B 2.0
02043 #disable load
02043 LdEnable = 0 : NULL : WAIT = 0.1
02044 #turn OFF output
02044 Command = 81, Output6B = 0 : NULL : WAIT = 0.2
02045 
02045 #verify fault #2 clear
02045 NULL : OutStat6B = 0 | 0 | 0.1
02045 TEST: OutStat6B 0.0 +/- 0.0
02045 PASS: OutStat6B 0.0
02046 #turn ON output
02046 Command = 81, Output6B = 1 : NULL : WAIT = 0.2
02047 #enable load
02047 LdEnable = 1 : NULL : WAIT = 0.1
02048 #verify fault #3
02048 NULL : OutStat6B = 2 | 0 | 0.1
02048 TEST: OutStat6B 2.0 +/- 0.0
02048 PASS: OutStat6B 2.0
02049 #disable load
02049 LdEnable = 0 : NULL : WAIT = 0.1
02050 #turn OFF output
02050 Command = 81, Output6B = 0 : NULL : WAIT = 0.2
02051 
02051 #verify fault #3 clear
02051 NULL : OutStat6B = 0 | 0 | 0.1
02051 TEST: OutStat6B 0.0 +/- 0.0
02051 PASS: OutStat6B 0.0
02052 #turn ON output
02052 Command = 81, Output6B = 1 : NULL : WAIT = 0.2
02053 #enable load
02053 LdEnable = 1 : NULL : WAIT = 0.1
02054 #verify fault #4
02054 NULL : OutStat6B = 2 | 0 | 0.1
02054 TEST: OutStat6B 2.0 +/- 0.0
02054 PASS: OutStat6B 2.0
02055 #disable load
02055 LdEnable = 0 : NULL : WAIT = 0.1
02056 #turn OFF output
02056 Command = 81, Output6B = 0 : NULL : WAIT = 0.2
02057 
02057 #verify fault #4 clear
02057 NULL : OutStat6B = 0 | 0 | 0.1
02057 TEST: OutStat6B 0.0 +/- 0.0
02057 PASS: OutStat6B 0.0
02058 #turn ON output
02058 Command = 81, Output6B = 1 : NULL : WAIT = 0.2
02059 #enable load
02059 LdEnable = 1 : NULL : WAIT = 0.1
02060 #verify fault #5
02060 NULL : OutStat6B = 2 | 0 | 0.1
02060 TEST: OutStat6B 2.0 +/- 0.0
02060 PASS: OutStat6B 2.0
02061 #disable load
02061 LdEnable = 0 : NULL : WAIT = 0.1
02062 #turn OFF output
02062 Command = 81, Output6B = 0 : NULL : WAIT = 0.2
02063 
02063 #verify fault #5 sticks
02063 NULL : OutStat6B = 2 | 0 | 0.1
02063 TEST: OutStat6B 2.0 +/- 0.0
02063 PASS: OutStat6B 2.0
02064 #switch out load line, clear current
02064 Output6B = 0 : NULL : WAIT = 0.1
02065 J3_06 = 0 : NULL : WAIT = 0.5
02066 LdCurrentSet = 0 : NULL : WAIT = 0.1
02067 #switch in load line, set current
02067 J3_07 = 1 : NULL : WAIT = 0.5
02068 LdCurrentSet = 5000: NULL : WAIT = 0.1
02069 LdEnable = 0 : NULL : WAIT = 0.1
02070 
02070 #verify fault #1 clear
02070 NULL : OutStat8A = 0 | 0 | 0.1
02070 TEST: OutStat8A 0.0 +/- 0.0
02070 PASS: OutStat8A 0.0
02071 #turn ON output
02071 Command = 81, Output8A = 1 : NULL : WAIT = 0.2
02072 #enable load
02072 LdEnable = 1 : NULL : WAIT = 0.1
02073 #verify fault #2
02073 NULL : OutStat8A = 2 | 0 | 0.1
02073 TEST: OutStat8A 2.0 +/- 0.0
02073 PASS: OutStat8A 2.0
02074 #disable load
02074 LdEnable = 0 : NULL : WAIT = 0.1
02075 #turn OFF output
02075 Command = 81, Output8A = 0 : NULL : WAIT = 0.2
02076 
02076 #verify fault #2 clear
02076 NULL : OutStat8A = 0 | 0 | 0.1
02076 TEST: OutStat8A 0.0 +/- 0.0
02076 PASS: OutStat8A 0.0
02077 #turn ON output
02077 Command = 81, Output8A = 1 : NULL : WAIT = 0.2
02078 #enable load
02078 LdEnable = 1 : NULL : WAIT = 0.1
02079 #verify fault #3
02079 NULL : OutStat8A = 2 | 0 | 0.1
02079 TEST: OutStat8A 2.0 +/- 0.0
02079 PASS: OutStat8A 2.0
02080 #disable load
02080 LdEnable = 0 : NULL : WAIT = 0.1
02081 #turn OFF output
02081 Command = 81, Output8A = 0 : NULL : WAIT = 0.2
02082 
02082 #verify fault #3 clear
02082 NULL : OutStat8A = 0 | 0 | 0.1
02082 TEST: OutStat8A 0.0 +/- 0.0
02082 PASS: OutStat8A 0.0
02083 #turn ON output
02083 Command = 81, Output8A = 1 : NULL : WAIT = 0.2
02084 #enable load
02084 LdEnable = 1 : NULL : WAIT = 0.1
02085 #verify fault #4
02085 NULL : OutStat8A = 2 | 0 | 0.1
02085 TEST: OutStat8A 2.0 +/- 0.0
02085 PASS: OutStat8A 2.0
02086 #disable load
02086 LdEnable = 0 : NULL : WAIT = 0.1
02087 #turn OFF output
02087 Command = 81, Output8A = 0 : NULL : WAIT = 0.2
02088 
02088 #verify fault #4 clear
02088 NULL : OutStat8A = 0 | 0 | 0.1
02088 TEST: OutStat8A 0.0 +/- 0.0
02088 PASS: OutStat8A 0.0
02089 #turn ON output
02089 Command = 81, Output8A = 1 : NULL : WAIT = 0.2
02090 #enable load
02090 LdEnable = 1 : NULL : WAIT = 0.1
02091 #verify fault #5
02091 NULL : OutStat8A = 2 | 0 | 0.1
02091 TEST: OutStat8A 2.0 +/- 0.0
02091 PASS: OutStat8A 2.0
02092 #disable load
02092 LdEnable = 0 : NULL : WAIT = 0.1
02093 #turn OFF output
02093 Command = 81, Output8A = 0 : NULL : WAIT = 0.2
02094 
02094 #verify fault #5 sticks
02094 NULL : OutStat8A = 2 | 0 | 0.1
02094 TEST: OutStat8A 2.0 +/- 0.0
02094 PASS: OutStat8A 2.0
02095 #switch out load line, clear current
02095 Output8A = 0 : NULL : WAIT = 0.1
02096 J3_07 = 0 : NULL : WAIT = 0.5
02097 LdCurrentSet = 0 : NULL : WAIT = 0.1
02098 #switch in load line, set current
02098 J3_08 = 1 : NULL : WAIT = 0.5
02099 LdCurrentSet = 5000: NULL : WAIT = 0.1
02100 LdEnable = 0 : NULL : WAIT = 0.1
02101 
02101 #verify fault #1 clear
02101 NULL : OutStat8B = 0 | 0 | 0.1
02101 TEST: OutStat8B 0.0 +/- 0.0
02101 PASS: OutStat8B 0.0
02102 #turn ON output
02102 Command = 81, Output8B = 1 : NULL : WAIT = 0.2
02103 #enable load
02103 LdEnable = 1 : NULL : WAIT = 0.1
02104 #verify fault #2
02104 NULL : OutStat8B = 2 | 0 | 0.1
02104 TEST: OutStat8B 2.0 +/- 0.0
02104 PASS: OutStat8B 2.0
02105 #disable load
02105 LdEnable = 0 : NULL : WAIT = 0.1
02106 #turn OFF output
02106 Command = 81, Output8B = 0 : NULL : WAIT = 0.2
02107 
02107 #verify fault #2 clear
02107 NULL : OutStat8B = 0 | 0 | 0.1
02107 TEST: OutStat8B 0.0 +/- 0.0
02107 PASS: OutStat8B 0.0
02108 #turn ON output
02108 Command = 81, Output8B = 1 : NULL : WAIT = 0.2
02109 #enable load
02109 LdEnable = 1 : NULL : WAIT = 0.1
02110 #verify fault #3
02110 NULL : OutStat8B = 2 | 0 | 0.1
02110 TEST: OutStat8B 2.0 +/- 0.0
02110 PASS: OutStat8B 2.0
02111 #disable load
02111 LdEnable = 0 : NULL : WAIT = 0.1
02112 #turn OFF output
02112 Command = 81, Output8B = 0 : NULL : WAIT = 0.2
02113 
02113 #verify fault #3 clear
02113 NULL : OutStat8B = 0 | 0 | 0.1
02113 TEST: OutStat8B 0.0 +/- 0.0
02113 PASS: OutStat8B 0.0
02114 #turn ON output
02114 Command = 81, Output8B = 1 : NULL : WAIT = 0.2
02115 #enable load
02115 LdEnable = 1 : NULL : WAIT = 0.1
02116 #verify fault #4
02116 NULL : OutStat8B = 2 | 0 | 0.1
02116 TEST: OutStat8B 2.0 +/- 0.0
02116 PASS: OutStat8B 2.0
02117 #disable load
02117 LdEnable = 0 : NULL : WAIT = 0.1
02118 #turn OFF output
02118 Command = 81, Output8B = 0 : NULL : WAIT = 0.2
02119 
02119 #verify fault #4 clear
02119 NULL : OutStat8B = 0 | 0 | 0.1
02119 TEST: OutStat8B 0.0 +/- 0.0
02119 PASS: OutStat8B 0.0
02120 #turn ON output
02120 Command = 81, Output8B = 1 : NULL : WAIT = 0.2
02121 #enable load
02121 LdEnable = 1 : NULL : WAIT = 0.1
02122 #verify fault #5
02122 NULL : OutStat8B = 2 | 0 | 0.1
02122 TEST: OutStat8B 2.0 +/- 0.0
02122 PASS: OutStat8B 2.0
02123 #disable load
02123 LdEnable = 0 : NULL : WAIT = 0.1
02124 #turn OFF output
02124 Command = 81, Output8B = 0 : NULL : WAIT = 0.2
02125 
02125 #verify fault #5 sticks
02125 NULL : OutStat8B = 2 | 0 | 0.1
02125 TEST: OutStat8B 2.0 +/- 0.0
02125 PASS: OutStat8B 2.0
02126 #switch out load line, clear current
02126 Output8B = 0 : NULL : WAIT = 0.1
02127 J3_08 = 0 : NULL : WAIT = 0.5
02128 LdCurrentSet = 0 : NULL : WAIT = 0.1
02129 #switch in load line, set current
02129 J3_09 = 1 : NULL : WAIT = 0.5
02130 LdCurrentSet = 5000: NULL : WAIT = 0.1
02131 LdEnable = 0 : NULL : WAIT = 0.1
02132 
02132 #verify fault #1 clear
02132 NULL : OutStat10A = 0 | 0 | 0.1
02132 TEST: OutStat10A 0.0 +/- 0.0
02132 PASS: OutStat10A 0.0
02133 #turn ON output
02133 Command = 81, Output10A = 1 : NULL : WAIT = 0.2
02134 #enable load
02134 LdEnable = 1 : NULL : WAIT = 0.1
02135 #verify fault #2
02135 NULL : OutStat10A = 2 | 0 | 0.1
02135 TEST: OutStat10A 2.0 +/- 0.0
02135 PASS: OutStat10A 2.0
02136 #disable load
02136 LdEnable = 0 : NULL : WAIT = 0.1
02137 #turn OFF output
02137 Command = 81, Output10A = 0 : NULL : WAIT = 0.2
02138 
02138 #verify fault #2 clear
02138 NULL : OutStat10A = 0 | 0 | 0.1
02138 TEST: OutStat10A 0.0 +/- 0.0
02138 PASS: OutStat10A 0.0
02139 #turn ON output
02139 Command = 81, Output10A = 1 : NULL : WAIT = 0.2
02140 #enable load
02140 LdEnable = 1 : NULL : WAIT = 0.1
02141 #verify fault #3
02141 NULL : OutStat10A = 2 | 0 | 0.1
02141 TEST: OutStat10A 2.0 +/- 0.0
02141 PASS: OutStat10A 2.0
02142 #disable load
02142 LdEnable = 0 : NULL : WAIT = 0.1
02143 #turn OFF output
02143 Command = 81, Output10A = 0 : NULL : WAIT = 0.2
02144 
02144 #verify fault #3 clear
02144 NULL : OutStat10A = 0 | 0 | 0.1
02144 TEST: OutStat10A 0.0 +/- 0.0
02144 PASS: OutStat10A 0.0
02145 #turn ON output
02145 Command = 81, Output10A = 1 : NULL : WAIT = 0.2
02146 #enable load
02146 LdEnable = 1 : NULL : WAIT = 0.1
02147 #verify fault #4
02147 NULL : OutStat10A = 2 | 0 | 0.1
02147 TEST: OutStat10A 2.0 +/- 0.0
02147 PASS: OutStat10A 2.0
02148 #disable load
02148 LdEnable = 0 : NULL : WAIT = 0.1
02149 #turn OFF output
02149 Command = 81, Output10A = 0 : NULL : WAIT = 0.2
02150 
02150 #verify fault #4 clear
02150 NULL : OutStat10A = 0 | 0 | 0.1
02150 TEST: OutStat10A 0.0 +/- 0.0
02150 PASS: OutStat10A 0.0
02151 #turn ON output
02151 Command = 81, Output10A = 1 : NULL : WAIT = 0.2
02152 #enable load
02152 LdEnable = 1 : NULL : WAIT = 0.1
02153 #verify fault #5
02153 NULL : OutStat10A = 2 | 0 | 0.1
02153 TEST: OutStat10A 2.0 +/- 0.0
02153 PASS: OutStat10A 2.0
02154 #disable load
02154 LdEnable = 0 : NULL : WAIT = 0.1
02155 #turn OFF output
02155 Command = 81, Output10A = 0 : NULL : WAIT = 0.2
02156 
02156 #verify fault #5 sticks
02156 NULL : OutStat10A = 2 | 0 | 0.1
02156 TEST: OutStat10A 2.0 +/- 0.0
02156 PASS: OutStat10A 2.0
02157 #switch out load line, clear current
02157 Output10A = 0 : NULL : WAIT = 0.1
02158 J3_09 = 0 : NULL : WAIT = 0.5
02159 LdCurrentSet = 0 : NULL : WAIT = 0.1
02160 #switch in load line, set current
02160 J3_10 = 1 : NULL : WAIT = 0.5
02161 LdCurrentSet = 5000: NULL : WAIT = 0.1
02162 LdEnable = 0 : NULL : WAIT = 0.1
02163 
02163 #verify fault #1 clear
02163 NULL : OutStat10B = 0 | 0 | 0.1
02163 TEST: OutStat10B 0.0 +/- 0.0
02163 PASS: OutStat10B 0.0
02164 #turn ON output
02164 Command = 81, Output10B = 1 : NULL : WAIT = 0.2
02165 #enable load
02165 LdEnable = 1 : NULL : WAIT = 0.1
02166 #verify fault #2
02166 NULL : OutStat10B = 2 | 0 | 0.1
02166 TEST: OutStat10B 2.0 +/- 0.0
02166 PASS: OutStat10B 2.0
02167 #disable load
02167 LdEnable = 0 : NULL : WAIT = 0.1
02168 #turn OFF output
02168 Command = 81, Output10B = 0 : NULL : WAIT = 0.2
02169 
02169 #verify fault #2 clear
02169 NULL : OutStat10B = 0 | 0 | 0.1
02169 TEST: OutStat10B 0.0 +/- 0.0
02169 PASS: OutStat10B 0.0
02170 #turn ON output
02170 Command = 81, Output10B = 1 : NULL : WAIT = 0.2
02171 #enable load
02171 LdEnable = 1 : NULL : WAIT = 0.1
02172 #verify fault #3
02172 NULL : OutStat10B = 2 | 0 | 0.1
02172 TEST: OutStat10B 2.0 +/- 0.0
02172 PASS: OutStat10B 2.0
02173 #disable load
02173 LdEnable = 0 : NULL : WAIT = 0.1
02174 #turn OFF output
02174 Command = 81, Output10B = 0 : NULL : WAIT = 0.2
02175 
02175 #verify fault #3 clear
02175 NULL : OutStat10B = 0 | 0 | 0.1
02175 TEST: OutStat10B 0.0 +/- 0.0
02175 PASS: OutStat10B 0.0
02176 #turn ON output
02176 Command = 81, Output10B = 1 : NULL : WAIT = 0.2
02177 #enable load
02177 LdEnable = 1 : NULL : WAIT = 0.1
02178 #verify fault #4
02178 NULL : OutStat10B = 2 | 0 | 0.1
02178 TEST: OutStat10B 2.0 +/- 0.0
02178 PASS: OutStat10B 2.0
02179 #disable load
02179 LdEnable = 0 : NULL : WAIT = 0.1
02180 #turn OFF output
02180 Command = 81, Output10B = 0 : NULL : WAIT = 0.2
02181 
02181 #verify fault #4 clear
02181 NULL : OutStat10B = 0 | 0 | 0.1
02181 TEST: OutStat10B 0.0 +/- 0.0
02181 PASS: OutStat10B 0.0
02182 #turn ON output
02182 Command = 81, Output10B = 1 : NULL : WAIT = 0.2
02183 #enable load
02183 LdEnable = 1 : NULL : WAIT = 0.1
02184 #verify fault #5
02184 NULL : OutStat10B = 2 | 0 | 0.1
02184 TEST: OutStat10B 2.0 +/- 0.0
02184 PASS: OutStat10B 2.0
02185 #disable load
02185 LdEnable = 0 : NULL : WAIT = 0.1
02186 #turn OFF output
02186 Command = 81, Output10B = 0 : NULL : WAIT = 0.2
02187 
02187 #verify fault #5 sticks
02187 NULL : OutStat10B = 2 | 0 | 0.1
02187 TEST: OutStat10B 2.0 +/- 0.0
02187 PASS: OutStat10B 2.0
02188 #switch out load line, clear current
02188 Output10B = 0 : NULL : WAIT = 0.1
02189 J3_10 = 0 : NULL : WAIT = 0.5
02190 LdCurrentSet = 0 : NULL : WAIT = 0.1
02191 NULL : OutStat2A = 2 | 0.1 | 0.1
02191 TEST: OutStat2A 2.0 +/- 0.1
02191 PASS: OutStat2A 2.0
02192 NULL : OutStat2B = 2 | 0.1 | 0.1
02192 TEST: OutStat2B 2.0 +/- 0.1
02192 PASS: OutStat2B 2.0
02193 NULL : OutStat4A = 2 | 0.1 | 0.1
02193 TEST: OutStat4A 2.0 +/- 0.1
02193 PASS: OutStat4A 2.0
02194 NULL : OutStat4B = 2 | 0.1 | 0.1
02194 TEST: OutStat4B 2.0 +/- 0.1
02194 PASS: OutStat4B 2.0
02195 NULL : OutStat6A = 2 | 0.1 | 0.1
02195 TEST: OutStat6A 2.0 +/- 0.1
02195 PASS: OutStat6A 2.0
02196 NULL : OutStat6B = 2 | 0.1 | 0.1
02196 TEST: OutStat6B 2.0 +/- 0.1
02196 PASS: OutStat6B 2.0
02197 NULL : OutStat8A = 2 | 0.1 | 0.1
02197 TEST: OutStat8A 2.0 +/- 0.1
02197 PASS: OutStat8A 2.0
02198 NULL : OutStat8B = 2 | 0.1 | 0.1
02198 TEST: OutStat8B 2.0 +/- 0.1
02198 PASS: OutStat8B 2.0
02199 NULL : OutStat10A = 2 | 0.1 | 0.1
02199 TEST: OutStat10A 2.0 +/- 0.1
02199 PASS: OutStat10A 2.0
02200 NULL : OutStat10B = 2 | 0.1 | 0.1
02200 TEST: OutStat10B 2.0 +/- 0.1
02200 PASS: OutStat10B 2.0
02201 LdRemote = 0 : NULL : WAIT = 0.1
02202 LdEnable = 0 : NULL : WAIT = 0.1
02203 J0_08_METER_LOAD = 0 : NULL : WAIT = 1
02204 SAVE
02204 END
Fail count: 61
Finished on: 2025-12-12-13:22:20
elapsed time: 0:09:36.269159
