Started on: 2025-09-19-15:07:21
00000 #37000-5
00000 #Verion 0.0
00000 #digital normal test using the E-LOAD
00000 UUT_EDS = 37000-565.eds
00000 UUT_DATANAME = 37000-5-CANOPEN-OUTPUT-DIGITAL-NORMAL
00000 
00000 PRE_OPERATIONAL
00000 #-----setup PAT-----
00000 #setup load
00000 LdRemote = 1 : NULL
00001 LdEnable = 0 : NULL
00002 LdShort = 0 : NULL : WAIT = 1
00003 LdCurrentSet = 0 : NULL
00004 J0_08_METER_LOAD = 1 : NULL
00005 OPERATIONAL
00005 #-----setup 34044-----
00005 sdo[0x2000][1] = 0, sdo[0x2000][2] = 0 : NULL
00006 #disable global modes
00006 sdo[0x2000][3] = 0 : NULL
00007 sdo[0x2000][4] = 0 : NULL
00008 #-----set 1A/3A overcurrent-----
00008 sdo[0x2004][1] = 45 : NULL
00009 sdo[0x2004][2] = 45 : NULL
00010 sdo[0x2000][1] = 0 : NULL
00011 #switch in load line, set current
00011 sdo[0x2000][1] = 0, sdo[0x2000][2] = 0 : NULL
00012 sdo[0x2001][1] = 17 : NULL
00013 #switch in load line, set current
00013 J2_02 = 1 : NULL
00014 
00014 #set current and turn on output and verify feedback
00014 LdCurrentSet = 0: NULL : WAIT = 0.1
00015 LdEnable = 1 : NULL
00016 #TESING Output1B
00016 sdo[0x6200][1] = 2 : NULL : WAIT = 0.1
00017 #verify reading  Output1B
00017 NULL : sdo[0x5003][2] = 0.0 | 2 | 0.5
00017 TEST: Status Message Amp.Port_1B 0.0 +/- 2.0
00017 PASS: Status Message Amp.Port_1B 0.0
00018 NULL : sdo[0x5001][3] = 4 | 0.01 | 0.1
00018 PASS: Status Message F1.Status_Output1-2 4.0
00019 #verify reading from load
00019 NULL : MeterCurrent = 0.0 | 0.1 | 0.1
00019 TEST: MeterCurrent 0.0 +/- 0.1
00019 PASS: MeterCurrent 0.0
00020 
00020 #set current and turn on output and verify feedback
00020 LdCurrentSet = 500: NULL : WAIT = 0.1
00021 LdEnable = 1 : NULL
00022 #TESING Output1B
00022 sdo[0x6200][1] = 2 : NULL : WAIT = 0.1
00023 #verify reading  Output1B
00023 NULL : sdo[0x5003][2] = 5.0 | 2 | 0.5
00023 TEST: Status Message Amp.Port_1B 5.0 +/- 2.0
00023 FAIL: Status Message Amp.Port_1B 0.0
00024 NULL : sdo[0x5001][3] = 4 | 0.01 | 0.1
00024 PASS: Status Message F1.Status_Output1-2 4.0
00025 #verify reading from load
00025 NULL : MeterCurrent = 0.5 | 0.1 | 0.1
00025 TEST: MeterCurrent 0.5 +/- 0.1
00025 PASS: MeterCurrent 0.499
00026 
00026 #set current and turn on output and verify feedback
00026 LdCurrentSet = 1000: NULL : WAIT = 0.1
00027 LdEnable = 1 : NULL
00028 #TESING Output1B
00028 sdo[0x6200][1] = 2 : NULL : WAIT = 0.1
00029 #verify reading  Output1B
00029 NULL : sdo[0x5003][2] = 10.0 | 2 | 0.5
00029 TEST: Status Message Amp.Port_1B 10.0 +/- 2.0
00029 PASS: Status Message Amp.Port_1B 10.0
00030 NULL : sdo[0x5001][3] = 4 | 0.01 | 0.1
00030 PASS: Status Message F1.Status_Output1-2 4.0
00031 #verify reading from load
00031 NULL : MeterCurrent = 1.0 | 0.1 | 0.1
00031 TEST: MeterCurrent 1.0 +/- 0.1
00031 PASS: MeterCurrent 0.999
00032 
00032 #set current and turn on output and verify feedback
00032 LdCurrentSet = 1500: NULL : WAIT = 0.1
00033 LdEnable = 1 : NULL
00034 #TESING Output1B
00034 sdo[0x6200][1] = 2 : NULL : WAIT = 0.1
00035 #verify reading  Output1B
00035 NULL : sdo[0x5003][2] = 15.0 | 2 | 0.5
00035 TEST: Status Message Amp.Port_1B 15.0 +/- 2.0
00035 PASS: Status Message Amp.Port_1B 17.0
00036 NULL : sdo[0x5001][3] = 4 | 0.01 | 0.1
00036 PASS: Status Message F1.Status_Output1-2 4.0
00037 #verify reading from load
00037 NULL : MeterCurrent = 1.5 | 0.1 | 0.1
00037 TEST: MeterCurrent 1.5 +/- 0.1
00037 PASS: MeterCurrent 1.499
00038 
00038 #set current and turn on output and verify feedback
00038 LdCurrentSet = 2000: NULL : WAIT = 0.1
00039 LdEnable = 1 : NULL
00040 #TESING Output1B
00040 sdo[0x6200][1] = 2 : NULL : WAIT = 0.1
00041 #verify reading  Output1B
00041 NULL : sdo[0x5003][2] = 20.0 | 2 | 0.5
00041 TEST: Status Message Amp.Port_1B 20.0 +/- 2.0
00041 PASS: Status Message Amp.Port_1B 22.0
00042 NULL : sdo[0x5001][3] = 4 | 0.01 | 0.1
00042 PASS: Status Message F1.Status_Output1-2 4.0
00043 #verify reading from load
00043 NULL : MeterCurrent = 2.0 | 0.1 | 0.1
00043 TEST: MeterCurrent 2.0 +/- 0.1
00043 PASS: MeterCurrent 1.999
00044 
00044 #set current and turn on output and verify feedback
00044 LdCurrentSet = 2500: NULL : WAIT = 0.1
00045 LdEnable = 1 : NULL
00046 #TESING Output1B
00046 sdo[0x6200][1] = 2 : NULL : WAIT = 0.1
00047 #verify reading  Output1B
00047 NULL : sdo[0x5003][2] = 25.0 | 2 | 0.5
00047 TEST: Status Message Amp.Port_1B 25.0 +/- 2.0
00047 PASS: Status Message Amp.Port_1B 26.0
00048 NULL : sdo[0x5001][3] = 4 | 0.01 | 0.1
00048 PASS: Status Message F1.Status_Output1-2 4.0
00049 #verify reading from load
00049 NULL : MeterCurrent = 2.5 | 0.1 | 0.1
00049 TEST: MeterCurrent 2.5 +/- 0.1
00049 PASS: MeterCurrent 2.5
00050 
00050 #set current and turn on output and verify feedback
00050 LdCurrentSet = 3000: NULL : WAIT = 0.1
00051 LdEnable = 1 : NULL
00052 #TESING Output1B
00052 sdo[0x6200][1] = 2 : NULL : WAIT = 0.1
00053 #verify reading  Output1B
00053 NULL : sdo[0x5003][2] = 30.0 | 2 | 0.5
00053 TEST: Status Message Amp.Port_1B 30.0 +/- 2.0
00053 PASS: Status Message Amp.Port_1B 31.0
00054 NULL : sdo[0x5001][3] = 4 | 0.01 | 0.1
00054 PASS: Status Message F1.Status_Output1-2 4.0
00055 #verify reading from load
00055 NULL : MeterCurrent = 3.0 | 0.1 | 0.1
00055 TEST: MeterCurrent 3.0 +/- 0.1
00055 PASS: MeterCurrent 2.999
00056 
00056 #set current and turn on output and verify feedback
00056 LdCurrentSet = 3500: NULL : WAIT = 0.1
00057 LdEnable = 1 : NULL
00058 #TESING Output1B
00058 sdo[0x6200][1] = 2 : NULL : WAIT = 0.1
00059 #verify reading  Output1B
00059 NULL : sdo[0x5003][2] = 35.0 | 2 | 0.5
00059 TEST: Status Message Amp.Port_1B 35.0 +/- 2.0
00059 PASS: Status Message Amp.Port_1B 35.0
00060 NULL : sdo[0x5001][3] = 4 | 0.01 | 0.1
00060 PASS: Status Message F1.Status_Output1-2 4.0
00061 #verify reading from load
00061 NULL : MeterCurrent = 3.5 | 0.1 | 0.1
00061 TEST: MeterCurrent 3.5 +/- 0.1
00061 PASS: MeterCurrent 3.499
00062 
00062 #set current and turn on output and verify feedback
00062 LdCurrentSet = 4000: NULL : WAIT = 0.1
00063 LdEnable = 1 : NULL
00064 #TESING Output1B
00064 sdo[0x6200][1] = 2 : NULL : WAIT = 0.1
00065 #verify reading  Output1B
00065 NULL : sdo[0x5003][2] = 40.0 | 2 | 0.5
00065 TEST: Status Message Amp.Port_1B 40.0 +/- 2.0
00065 PASS: Status Message Amp.Port_1B 40.0
00066 NULL : sdo[0x5001][3] = 4 | 0.01 | 0.1
00066 PASS: Status Message F1.Status_Output1-2 4.0
00067 #verify reading from load
00067 NULL : MeterCurrent = 4.0 | 0.1 | 0.1
00067 TEST: MeterCurrent 4.0 +/- 0.1
00067 PASS: MeterCurrent 3.999
00068 
00068 #set current and turn on output and verify feedback
00068 LdCurrentSet = 4500: NULL : WAIT = 0.1
00069 LdEnable = 1 : NULL
00070 #TESING Output1B
00070 sdo[0x6200][1] = 2 : NULL : WAIT = 0.1
00071 #verify reading  Output1B
00071 NULL : sdo[0x5003][2] = 45.0 | 2 | 0.5
00071 TEST: Status Message Amp.Port_1B 45.0 +/- 2.0
00071 PASS: Status Message Amp.Port_1B 45.0
00072 NULL : sdo[0x5001][3] = 4 | 0.01 | 0.1
00072 PASS: Status Message F1.Status_Output1-2 4.0
00073 #verify reading from load
00073 NULL : MeterCurrent = 4.5 | 0.1 | 0.1
00073 TEST: MeterCurrent 4.5 +/- 0.1
00073 PASS: MeterCurrent 4.499
00074 
00074 #set current and turn on output and verify feedback
00074 LdCurrentSet = 5000: NULL : WAIT = 0.1
00075 LdEnable = 1 : NULL
00076 #TESING Output1B
00076 sdo[0x6200][1] = 2 : NULL : WAIT = 0.1
00077 #verify fault Output1B
00077 NULL : sdo[0x5003][2] = 0 | 0.1 | 0.1
00077 TEST: Status Message Amp.Port_1B 0.0 +/- 0.1
00077 FAIL: Status Message Amp.Port_1B 50.0
00078 NULL : sdo[0x5001][3] = 8 | 0 | 0.1
00078 TEST: Status Message F1.Status_Output1-2 8.0 +/- 0.0
00078 FAIL: Status Message F1.Status_Output1-2 4.0
00079 #verify reading from load
00079 NULL : MeterCurrent = 0  | 0.01 | 0.1
00079 TEST: MeterCurrent 0.0 +/- 0.01
00079 FAIL: MeterCurrent 4.999
00080 
00080 #set current and turn on output and verify feedback
00080 LdCurrentSet = 5500: NULL : WAIT = 0.1
00081 LdEnable = 1 : NULL
00082 #TESING Output1B
00082 sdo[0x6200][1] = 2 : NULL : WAIT = 0.1
00083 #verify fault Output1B
00083 NULL : sdo[0x5003][2] = 0 | 0.1 | 0.1
00083 TEST: Status Message Amp.Port_1B 0.0 +/- 0.1
00083 PASS: Status Message Amp.Port_1B 0.0
00084 NULL : sdo[0x5001][3] = 8 | 0 | 0.1
00084 PASS: Status Message F1.Status_Output1-2 8.0
00085 #verify reading from load
00085 NULL : MeterCurrent = 0  | 0.01 | 0.1
00085 TEST: MeterCurrent 0.0 +/- 0.01
00085 PASS: MeterCurrent 0.0
00086 
00086 #switch out load line, clear current
00086 sdo[0x6200][1] = 0 : NULL : WAIT = 0.1
00087 J2_02 = 0 : NULL : WAIT = 0.5
00088 #read signal value to update
00088 NULL : sdo[0x5003][2] = 0 | 155 | 0.5
00088 TEST: Status Message Amp.Port_1B 0.0 +/- 155.0
00088 PASS: Status Message Amp.Port_1B 0.0
00089 LdCurrentSet = 0 : NULL : WAIT = 0.1
00090 NULL : sdo[0x5001][3] = 8 | 0 | 0.1
00090 TEST: Status Message F1.Status_Output1-2 8.0 +/- 0.0
00090 PASS: Status Message F1.Status_Output1-2 8.0
00091 sdo[0x2000][1] = 0, sdo[0x2000][2] = 0 : NULL
00092 sdo[0x2001][2] = 17 : NULL
00093 #switch in load line, set current
00093 J2_03 = 1 : NULL
00094 
00094 #set current and turn on output and verify feedback
00094 LdCurrentSet = 0: NULL : WAIT = 0.1
00095 LdEnable = 1 : NULL
00096 #TESING Output2A
00096 sdo[0x6200][1] = 4 : NULL : WAIT = 0.1
00097 #verify reading  Output2A
00097 NULL : sdo[0x5003][3] = 0.0 | 2 | 0.5
00097 TEST: Status Message Amp.Port_2A 0.0 +/- 2.0
00097 PASS: Status Message Amp.Port_2A 0.0
00098 NULL : sdo[0x5001][3] = 24 | 0.01 | 0.1
00098 PASS: Status Message F1.Status_Output1-2 24.0
00099 #verify reading from load
00099 NULL : MeterCurrent = 0.0 | 0.1 | 0.1
00099 TEST: MeterCurrent 0.0 +/- 0.1
00099 PASS: MeterCurrent 0.0
00100 
00100 #set current and turn on output and verify feedback
00100 LdCurrentSet = 500: NULL : WAIT = 0.1
00101 LdEnable = 1 : NULL
00102 #TESING Output2A
00102 sdo[0x6200][1] = 4 : NULL : WAIT = 0.1
00103 #verify reading  Output2A
00103 NULL : sdo[0x5003][3] = 5.0 | 2 | 0.5
00103 TEST: Status Message Amp.Port_2A 5.0 +/- 2.0
00103 PASS: Status Message Amp.Port_2A 3.0
00104 NULL : sdo[0x5001][3] = 24 | 0.01 | 0.1
00104 PASS: Status Message F1.Status_Output1-2 24.0
00105 #verify reading from load
00105 NULL : MeterCurrent = 0.5 | 0.1 | 0.1
00105 TEST: MeterCurrent 0.5 +/- 0.1
00105 PASS: MeterCurrent 0.499
00106 
00106 #set current and turn on output and verify feedback
00106 LdCurrentSet = 1000: NULL : WAIT = 0.1
00107 LdEnable = 1 : NULL
00108 #TESING Output2A
00108 sdo[0x6200][1] = 4 : NULL : WAIT = 0.1
00109 #verify reading  Output2A
00109 NULL : sdo[0x5003][3] = 10.0 | 2 | 0.5
00109 TEST: Status Message Amp.Port_2A 10.0 +/- 2.0
00109 PASS: Status Message Amp.Port_2A 10.0
00110 NULL : sdo[0x5001][3] = 24 | 0.01 | 0.1
00110 PASS: Status Message F1.Status_Output1-2 24.0
00111 #verify reading from load
00111 NULL : MeterCurrent = 1.0 | 0.1 | 0.1
00111 TEST: MeterCurrent 1.0 +/- 0.1
00111 PASS: MeterCurrent 0.999
00112 
00112 #set current and turn on output and verify feedback
00112 LdCurrentSet = 1500: NULL : WAIT = 0.1
00113 LdEnable = 1 : NULL
00114 #TESING Output2A
00114 sdo[0x6200][1] = 4 : NULL : WAIT = 0.1
00115 #verify reading  Output2A
00115 NULL : sdo[0x5003][3] = 15.0 | 2 | 0.5
00115 TEST: Status Message Amp.Port_2A 15.0 +/- 2.0
00115 PASS: Status Message Amp.Port_2A 15.0
00116 NULL : sdo[0x5001][3] = 24 | 0.01 | 0.1
00116 PASS: Status Message F1.Status_Output1-2 24.0
00117 #verify reading from load
00117 NULL : MeterCurrent = 1.5 | 0.1 | 0.1
00117 TEST: MeterCurrent 1.5 +/- 0.1
00117 PASS: MeterCurrent 1.499
00118 
00118 #set current and turn on output and verify feedback
00118 LdCurrentSet = 2000: NULL : WAIT = 0.1
00119 LdEnable = 1 : NULL
00120 #TESING Output2A
00120 sdo[0x6200][1] = 4 : NULL : WAIT = 0.1
00121 #verify reading  Output2A
00121 NULL : sdo[0x5003][3] = 20.0 | 2 | 0.5
00121 TEST: Status Message Amp.Port_2A 20.0 +/- 2.0
00121 PASS: Status Message Amp.Port_2A 20.0
00122 NULL : sdo[0x5001][3] = 24 | 0.01 | 0.1
00122 PASS: Status Message F1.Status_Output1-2 24.0
00123 #verify reading from load
00123 NULL : MeterCurrent = 2.0 | 0.1 | 0.1
00123 TEST: MeterCurrent 2.0 +/- 0.1
00123 PASS: MeterCurrent 1.999
00124 
00124 #set current and turn on output and verify feedback
00124 LdCurrentSet = 2500: NULL : WAIT = 0.1
00125 LdEnable = 1 : NULL
00126 #TESING Output2A
00126 sdo[0x6200][1] = 4 : NULL : WAIT = 0.1
00127 #verify reading  Output2A
00127 NULL : sdo[0x5003][3] = 25.0 | 2 | 0.5
00127 TEST: Status Message Amp.Port_2A 25.0 +/- 2.0
00127 PASS: Status Message Amp.Port_2A 25.0
00128 NULL : sdo[0x5001][3] = 24 | 0.01 | 0.1
00128 PASS: Status Message F1.Status_Output1-2 24.0
00129 #verify reading from load
00129 NULL : MeterCurrent = 2.5 | 0.1 | 0.1
00129 TEST: MeterCurrent 2.5 +/- 0.1
00129 PASS: MeterCurrent 2.5
00130 
00130 #set current and turn on output and verify feedback
00130 LdCurrentSet = 3000: NULL : WAIT = 0.1
00131 LdEnable = 1 : NULL
00132 #TESING Output2A
00132 sdo[0x6200][1] = 4 : NULL : WAIT = 0.1
00133 #verify reading  Output2A
00133 NULL : sdo[0x5003][3] = 30.0 | 2 | 0.5
00133 TEST: Status Message Amp.Port_2A 30.0 +/- 2.0
00133 PASS: Status Message Amp.Port_2A 30.0
00134 NULL : sdo[0x5001][3] = 24 | 0.01 | 0.1
00134 PASS: Status Message F1.Status_Output1-2 24.0
00135 #verify reading from load
00135 NULL : MeterCurrent = 3.0 | 0.1 | 0.1
00135 TEST: MeterCurrent 3.0 +/- 0.1
00135 PASS: MeterCurrent 2.999
00136 
00136 #set current and turn on output and verify feedback
00136 LdCurrentSet = 3500: NULL : WAIT = 0.1
00137 LdEnable = 1 : NULL
00138 #TESING Output2A
00138 sdo[0x6200][1] = 4 : NULL : WAIT = 0.1
00139 #verify reading  Output2A
00139 NULL : sdo[0x5003][3] = 35.0 | 2 | 0.5
00139 TEST: Status Message Amp.Port_2A 35.0 +/- 2.0
00139 PASS: Status Message Amp.Port_2A 35.0
00140 NULL : sdo[0x5001][3] = 24 | 0.01 | 0.1
00140 PASS: Status Message F1.Status_Output1-2 24.0
00141 #verify reading from load
00141 NULL : MeterCurrent = 3.5 | 0.1 | 0.1
00141 TEST: MeterCurrent 3.5 +/- 0.1
00141 PASS: MeterCurrent 3.499
00142 
00142 #set current and turn on output and verify feedback
00142 LdCurrentSet = 4000: NULL : WAIT = 0.1
00143 LdEnable = 1 : NULL
00144 #TESING Output2A
00144 sdo[0x6200][1] = 4 : NULL : WAIT = 0.1
00145 #verify reading  Output2A
00145 NULL : sdo[0x5003][3] = 40.0 | 2 | 0.5
00145 TEST: Status Message Amp.Port_2A 40.0 +/- 2.0
00145 PASS: Status Message Amp.Port_2A 40.0
00146 NULL : sdo[0x5001][3] = 24 | 0.01 | 0.1
00146 PASS: Status Message F1.Status_Output1-2 24.0
00147 #verify reading from load
00147 NULL : MeterCurrent = 4.0 | 0.1 | 0.1
00147 TEST: MeterCurrent 4.0 +/- 0.1
00147 PASS: MeterCurrent 4.0
00148 
00148 #set current and turn on output and verify feedback
00148 LdCurrentSet = 4500: NULL : WAIT = 0.1
00149 LdEnable = 1 : NULL
00150 #TESING Output2A
00150 sdo[0x6200][1] = 4 : NULL : WAIT = 0.1
00151 #verify reading  Output2A
00151 NULL : sdo[0x5003][3] = 45.0 | 2 | 0.5
00151 TEST: Status Message Amp.Port_2A 45.0 +/- 2.0
00151 PASS: Status Message Amp.Port_2A 44.0
00152 NULL : sdo[0x5001][3] = 24 | 0.01 | 0.1
00152 PASS: Status Message F1.Status_Output1-2 24.0
00153 #verify reading from load
00153 NULL : MeterCurrent = 4.5 | 0.1 | 0.1
00153 TEST: MeterCurrent 4.5 +/- 0.1
00153 PASS: MeterCurrent 4.499
00154 
00154 #set current and turn on output and verify feedback
00154 LdCurrentSet = 5000: NULL : WAIT = 0.1
00155 LdEnable = 1 : NULL
00156 #TESING Output2A
00156 sdo[0x6200][1] = 4 : NULL : WAIT = 0.1
00157 #verify fault Output2A
00157 NULL : sdo[0x5003][3] = 0 | 0.1 | 0.1
00157 TEST: Status Message Amp.Port_2A 0.0 +/- 0.1
00157 FAIL: Status Message Amp.Port_2A 50.0
00158 NULL : sdo[0x5001][3] = 40 | 0 | 0.1
00158 TEST: Status Message F1.Status_Output1-2 40.0 +/- 0.0
00158 FAIL: Status Message F1.Status_Output1-2 24.0
00159 #verify reading from load
00159 NULL : MeterCurrent = 0  | 0.01 | 0.1
00159 TEST: MeterCurrent 0.0 +/- 0.01
00159 FAIL: MeterCurrent 5.0
00160 
00160 #set current and turn on output and verify feedback
00160 LdCurrentSet = 5500: NULL : WAIT = 0.1
00161 LdEnable = 1 : NULL
00162 #TESING Output2A
00162 sdo[0x6200][1] = 4 : NULL : WAIT = 0.1
00163 #verify fault Output2A
00163 NULL : sdo[0x5003][3] = 0 | 0.1 | 0.1
00163 TEST: Status Message Amp.Port_2A 0.0 +/- 0.1
00163 PASS: Status Message Amp.Port_2A 0.0
00164 NULL : sdo[0x5001][3] = 40 | 0 | 0.1
00164 PASS: Status Message F1.Status_Output1-2 40.0
00165 #verify reading from load
00165 NULL : MeterCurrent = 0  | 0.01 | 0.1
00165 TEST: MeterCurrent 0.0 +/- 0.01
00165 PASS: MeterCurrent 0.0
00166 
00166 #switch out load line, clear current
00166 sdo[0x6200][1] = 0 : NULL : WAIT = 0.1
00167 J2_03 = 0 : NULL : WAIT = 0.5
00168 #read signal value to update
00168 NULL : sdo[0x5003][3] = 0 | 155 | 0.5
00168 TEST: Status Message Amp.Port_2A 0.0 +/- 155.0
00168 PASS: Status Message Amp.Port_2A 0.0
00169 LdCurrentSet = 0 : NULL : WAIT = 0.1
00170 NULL : sdo[0x5001][3] = 40 | 0 | 0.1
00170 TEST: Status Message F1.Status_Output1-2 40.0 +/- 0.0
00170 PASS: Status Message F1.Status_Output1-2 40.0
00171 sdo[0x2000][1] = 0, sdo[0x2000][2] = 0 : NULL
00172 sdo[0x2001][2] = 17 : NULL
00173 #switch in load line, set current
00173 J2_04 = 1 : NULL
00174 
00174 #set current and turn on output and verify feedback
00174 LdCurrentSet = 0: NULL : WAIT = 0.1
00175 LdEnable = 1 : NULL
00176 #TESING Output2B
00176 sdo[0x6200][1] = 8 : NULL : WAIT = 0.1
00177 #verify reading  Output2B
00177 NULL : sdo[0x5003][4] = 0.0 | 2 | 0.5
00177 TEST: Status Message Amp.Port_2B 0.0 +/- 2.0
00177 PASS: Status Message Amp.Port_2B 0.0
00178 NULL : sdo[0x5001][3] = 104 | 0.01 | 0.1
00178 PASS: Status Message F1.Status_Output1-2 104.0
00179 #verify reading from load
00179 NULL : MeterCurrent = 0.0 | 0.1 | 0.1
00179 TEST: MeterCurrent 0.0 +/- 0.1
00179 PASS: MeterCurrent 0.0
00180 
00180 #set current and turn on output and verify feedback
00180 LdCurrentSet = 500: NULL : WAIT = 0.1
00181 LdEnable = 1 : NULL
00182 #TESING Output2B
00182 sdo[0x6200][1] = 8 : NULL : WAIT = 0.1
00183 #verify reading  Output2B
00183 NULL : sdo[0x5003][4] = 5.0 | 2 | 0.5
00183 TEST: Status Message Amp.Port_2B 5.0 +/- 2.0
00183 FAIL: Status Message Amp.Port_2B 0.0
00184 NULL : sdo[0x5001][3] = 104 | 0.01 | 0.1
00184 PASS: Status Message F1.Status_Output1-2 104.0
00185 #verify reading from load
00185 NULL : MeterCurrent = 0.5 | 0.1 | 0.1
00185 TEST: MeterCurrent 0.5 +/- 0.1
00185 PASS: MeterCurrent 0.499
00186 
00186 #set current and turn on output and verify feedback
00186 LdCurrentSet = 1000: NULL : WAIT = 0.1
00187 LdEnable = 1 : NULL
00188 #TESING Output2B
00188 sdo[0x6200][1] = 8 : NULL : WAIT = 0.1
00189 #verify reading  Output2B
00189 NULL : sdo[0x5003][4] = 10.0 | 2 | 0.5
00189 TEST: Status Message Amp.Port_2B 10.0 +/- 2.0
00189 PASS: Status Message Amp.Port_2B 10.0
00190 NULL : sdo[0x5001][3] = 104 | 0.01 | 0.1
00190 PASS: Status Message F1.Status_Output1-2 104.0
00191 #verify reading from load
00191 NULL : MeterCurrent = 1.0 | 0.1 | 0.1
00191 TEST: MeterCurrent 1.0 +/- 0.1
00191 PASS: MeterCurrent 0.999
00192 
00192 #set current and turn on output and verify feedback
00192 LdCurrentSet = 1500: NULL : WAIT = 0.1
00193 LdEnable = 1 : NULL
00194 #TESING Output2B
00194 sdo[0x6200][1] = 8 : NULL : WAIT = 0.1
00195 #verify reading  Output2B
00195 NULL : sdo[0x5003][4] = 15.0 | 2 | 0.5
00195 TEST: Status Message Amp.Port_2B 15.0 +/- 2.0
00195 PASS: Status Message Amp.Port_2B 16.0
00196 NULL : sdo[0x5001][3] = 104 | 0.01 | 0.1
00196 PASS: Status Message F1.Status_Output1-2 104.0
00197 #verify reading from load
00197 NULL : MeterCurrent = 1.5 | 0.1 | 0.1
00197 TEST: MeterCurrent 1.5 +/- 0.1
00197 PASS: MeterCurrent 1.499
00198 
00198 #set current and turn on output and verify feedback
00198 LdCurrentSet = 2000: NULL : WAIT = 0.1
00199 LdEnable = 1 : NULL
00200 #TESING Output2B
00200 sdo[0x6200][1] = 8 : NULL : WAIT = 0.1
00201 #verify reading  Output2B
00201 NULL : sdo[0x5003][4] = 20.0 | 2 | 0.5
00201 TEST: Status Message Amp.Port_2B 20.0 +/- 2.0
00201 PASS: Status Message Amp.Port_2B 21.0
00202 NULL : sdo[0x5001][3] = 104 | 0.01 | 0.1
00202 PASS: Status Message F1.Status_Output1-2 104.0
00203 #verify reading from load
00203 NULL : MeterCurrent = 2.0 | 0.1 | 0.1
00203 TEST: MeterCurrent 2.0 +/- 0.1
00203 PASS: MeterCurrent 1.999
00204 
00204 #set current and turn on output and verify feedback
00204 LdCurrentSet = 2500: NULL : WAIT = 0.1
00205 LdEnable = 1 : NULL
00206 #TESING Output2B
00206 sdo[0x6200][1] = 8 : NULL : WAIT = 0.1
00207 #verify reading  Output2B
00207 NULL : sdo[0x5003][4] = 25.0 | 2 | 0.5
00207 TEST: Status Message Amp.Port_2B 25.0 +/- 2.0
00207 PASS: Status Message Amp.Port_2B 26.0
00208 NULL : sdo[0x5001][3] = 104 | 0.01 | 0.1
00208 PASS: Status Message F1.Status_Output1-2 104.0
00209 #verify reading from load
00209 NULL : MeterCurrent = 2.5 | 0.1 | 0.1
00209 TEST: MeterCurrent 2.5 +/- 0.1
00209 PASS: MeterCurrent 2.499
00210 
00210 #set current and turn on output and verify feedback
00210 LdCurrentSet = 3000: NULL : WAIT = 0.1
00211 LdEnable = 1 : NULL
00212 #TESING Output2B
00212 sdo[0x6200][1] = 8 : NULL : WAIT = 0.1
00213 #verify reading  Output2B
00213 NULL : sdo[0x5003][4] = 30.0 | 2 | 0.5
00213 TEST: Status Message Amp.Port_2B 30.0 +/- 2.0
00213 PASS: Status Message Amp.Port_2B 30.0
00214 NULL : sdo[0x5001][3] = 104 | 0.01 | 0.1
00214 PASS: Status Message F1.Status_Output1-2 104.0
00215 #verify reading from load
00215 NULL : MeterCurrent = 3.0 | 0.1 | 0.1
00215 TEST: MeterCurrent 3.0 +/- 0.1
00215 PASS: MeterCurrent 2.999
00216 
00216 #set current and turn on output and verify feedback
00216 LdCurrentSet = 3500: NULL : WAIT = 0.1
00217 LdEnable = 1 : NULL
00218 #TESING Output2B
00218 sdo[0x6200][1] = 8 : NULL : WAIT = 0.1
00219 #verify reading  Output2B
00219 NULL : sdo[0x5003][4] = 35.0 | 2 | 0.5
00219 TEST: Status Message Amp.Port_2B 35.0 +/- 2.0
00219 PASS: Status Message Amp.Port_2B 35.0
00220 NULL : sdo[0x5001][3] = 104 | 0.01 | 0.1
00220 PASS: Status Message F1.Status_Output1-2 104.0
00221 #verify reading from load
00221 NULL : MeterCurrent = 3.5 | 0.1 | 0.1
00221 TEST: MeterCurrent 3.5 +/- 0.1
00221 PASS: MeterCurrent 3.499
00222 
00222 #set current and turn on output and verify feedback
00222 LdCurrentSet = 4000: NULL : WAIT = 0.1
00223 LdEnable = 1 : NULL
00224 #TESING Output2B
00224 sdo[0x6200][1] = 8 : NULL : WAIT = 0.1
00225 #verify reading  Output2B
00225 NULL : sdo[0x5003][4] = 40.0 | 2 | 0.5
00225 TEST: Status Message Amp.Port_2B 40.0 +/- 2.0
00225 PASS: Status Message Amp.Port_2B 39.0
00226 NULL : sdo[0x5001][3] = 104 | 0.01 | 0.1
00226 PASS: Status Message F1.Status_Output1-2 104.0
00227 #verify reading from load
00227 NULL : MeterCurrent = 4.0 | 0.1 | 0.1
00227 TEST: MeterCurrent 4.0 +/- 0.1
00227 PASS: MeterCurrent 3.999
00228 
00228 #set current and turn on output and verify feedback
00228 LdCurrentSet = 4500: NULL : WAIT = 0.1
00229 LdEnable = 1 : NULL
00230 #TESING Output2B
00230 sdo[0x6200][1] = 8 : NULL : WAIT = 0.1
00231 #verify reading  Output2B
00231 NULL : sdo[0x5003][4] = 45.0 | 2 | 0.5
00231 TEST: Status Message Amp.Port_2B 45.0 +/- 2.0
00231 PASS: Status Message Amp.Port_2B 44.0
00232 NULL : sdo[0x5001][3] = 104 | 0.01 | 0.1
00232 PASS: Status Message F1.Status_Output1-2 104.0
00233 #verify reading from load
00233 NULL : MeterCurrent = 4.5 | 0.1 | 0.1
00233 TEST: MeterCurrent 4.5 +/- 0.1
00233 PASS: MeterCurrent 4.499
00234 
00234 #set current and turn on output and verify feedback
00234 LdCurrentSet = 5000: NULL : WAIT = 0.1
00235 LdEnable = 1 : NULL
00236 #TESING Output2B
00236 sdo[0x6200][1] = 8 : NULL : WAIT = 0.1
00237 #verify fault Output2B
00237 NULL : sdo[0x5003][4] = 0 | 0.1 | 0.1
00237 TEST: Status Message Amp.Port_2B 0.0 +/- 0.1
00237 FAIL: Status Message Amp.Port_2B 50.0
00238 NULL : sdo[0x5001][3] = 168 | 0 | 0.1
00238 TEST: Status Message F1.Status_Output1-2 168.0 +/- 0.0
00238 FAIL: Status Message F1.Status_Output1-2 104.0
00239 #verify reading from load
00239 NULL : MeterCurrent = 0  | 0.01 | 0.1
00239 TEST: MeterCurrent 0.0 +/- 0.01
00239 FAIL: MeterCurrent 4.999
00240 
00240 #set current and turn on output and verify feedback
00240 LdCurrentSet = 5500: NULL : WAIT = 0.1
00241 LdEnable = 1 : NULL
00242 #TESING Output2B
00242 sdo[0x6200][1] = 8 : NULL : WAIT = 0.1
00243 #verify fault Output2B
00243 NULL : sdo[0x5003][4] = 0 | 0.1 | 0.1
00243 TEST: Status Message Amp.Port_2B 0.0 +/- 0.1
00243 PASS: Status Message Amp.Port_2B 0.0
00244 NULL : sdo[0x5001][3] = 168 | 0 | 0.1
00244 PASS: Status Message F1.Status_Output1-2 168.0
00245 #verify reading from load
00245 NULL : MeterCurrent = 0  | 0.01 | 0.1
00245 TEST: MeterCurrent 0.0 +/- 0.01
00245 PASS: MeterCurrent 0.0
00246 
00246 #switch out load line, clear current
00246 sdo[0x6200][1] = 0 : NULL : WAIT = 0.1
00247 J2_04 = 0 : NULL : WAIT = 0.5
00248 #read signal value to update
00248 NULL : sdo[0x5003][4] = 0 | 155 | 0.5
00248 TEST: Status Message Amp.Port_2B 0.0 +/- 155.0
00248 PASS: Status Message Amp.Port_2B 0.0
00249 LdCurrentSet = 0 : NULL : WAIT = 0.1
00250 NULL : sdo[0x5001][3] = 168 | 0 | 0.1
00250 TEST: Status Message F1.Status_Output1-2 168.0 +/- 0.0
00250 PASS: Status Message F1.Status_Output1-2 168.0
00251 sdo[0x2000][1] = 0, sdo[0x2000][2] = 0 : NULL
00252 sdo[0x2001][3] = 17 : NULL
00253 #switch in load line, set current
00253 J2_06 = 1 : NULL
00254 
00254 #set current and turn on output and verify feedback
00254 LdCurrentSet = 0: NULL : WAIT = 0.1
00255 LdEnable = 1 : NULL
00256 #TESING Output3B
00256 sdo[0x6200][1] = 32 : NULL : WAIT = 0.1
00257 #verify reading  Output3B
00257 NULL : sdo[0x5003][6] = 0.0 | 2 | 0.5
00257 TEST: Status Message Amp.Port_3B 0.0 +/- 2.0
00257 PASS: Status Message Amp.Port_3B 0.0
00258 NULL : sdo[0x5001][4] = 4 | 0.01 | 0.1
00258 PASS: Status Message F1.Status_Output3-4 4.0
00259 #verify reading from load
00259 NULL : MeterCurrent = 0.0 | 0.1 | 0.1
00259 TEST: MeterCurrent 0.0 +/- 0.1
00259 PASS: MeterCurrent 0.0
00260 
00260 #set current and turn on output and verify feedback
00260 LdCurrentSet = 500: NULL : WAIT = 0.1
00261 LdEnable = 1 : NULL
00262 #TESING Output3B
00262 sdo[0x6200][1] = 32 : NULL : WAIT = 0.1
00263 #verify reading  Output3B
00263 NULL : sdo[0x5003][6] = 5.0 | 2 | 0.5
00263 TEST: Status Message Amp.Port_3B 5.0 +/- 2.0
00263 FAIL: Status Message Amp.Port_3B 0.0
00264 NULL : sdo[0x5001][4] = 4 | 0.01 | 0.1
00264 PASS: Status Message F1.Status_Output3-4 4.0
00265 #verify reading from load
00265 NULL : MeterCurrent = 0.5 | 0.1 | 0.1
00265 TEST: MeterCurrent 0.5 +/- 0.1
00265 PASS: MeterCurrent 0.499
00266 
00266 #set current and turn on output and verify feedback
00266 LdCurrentSet = 1000: NULL : WAIT = 0.1
00267 LdEnable = 1 : NULL
00268 #TESING Output3B
00268 sdo[0x6200][1] = 32 : NULL : WAIT = 0.1
00269 #verify reading  Output3B
00269 NULL : sdo[0x5003][6] = 10.0 | 2 | 0.5
00269 TEST: Status Message Amp.Port_3B 10.0 +/- 2.0
00269 PASS: Status Message Amp.Port_3B 10.0
00270 NULL : sdo[0x5001][4] = 4 | 0.01 | 0.1
00270 PASS: Status Message F1.Status_Output3-4 4.0
00271 #verify reading from load
00271 NULL : MeterCurrent = 1.0 | 0.1 | 0.1
00271 TEST: MeterCurrent 1.0 +/- 0.1
00271 PASS: MeterCurrent 0.999
00272 
00272 #set current and turn on output and verify feedback
00272 LdCurrentSet = 1500: NULL : WAIT = 0.1
00273 LdEnable = 1 : NULL
00274 #TESING Output3B
00274 sdo[0x6200][1] = 32 : NULL : WAIT = 0.1
00275 #verify reading  Output3B
00275 NULL : sdo[0x5003][6] = 15.0 | 2 | 0.5
00275 TEST: Status Message Amp.Port_3B 15.0 +/- 2.0
00275 PASS: Status Message Amp.Port_3B 17.0
00276 NULL : sdo[0x5001][4] = 4 | 0.01 | 0.1
00276 PASS: Status Message F1.Status_Output3-4 4.0
00277 #verify reading from load
00277 NULL : MeterCurrent = 1.5 | 0.1 | 0.1
00277 TEST: MeterCurrent 1.5 +/- 0.1
00277 PASS: MeterCurrent 1.499
00278 
00278 #set current and turn on output and verify feedback
00278 LdCurrentSet = 2000: NULL : WAIT = 0.1
00279 LdEnable = 1 : NULL
00280 #TESING Output3B
00280 sdo[0x6200][1] = 32 : NULL : WAIT = 0.1
00281 #verify reading  Output3B
00281 NULL : sdo[0x5003][6] = 20.0 | 2 | 0.5
00281 TEST: Status Message Amp.Port_3B 20.0 +/- 2.0
00281 PASS: Status Message Amp.Port_3B 21.0
00282 NULL : sdo[0x5001][4] = 4 | 0.01 | 0.1
00282 PASS: Status Message F1.Status_Output3-4 4.0
00283 #verify reading from load
00283 NULL : MeterCurrent = 2.0 | 0.1 | 0.1
00283 TEST: MeterCurrent 2.0 +/- 0.1
00283 PASS: MeterCurrent 1.999
00284 
00284 #set current and turn on output and verify feedback
00284 LdCurrentSet = 2500: NULL : WAIT = 0.1
00285 LdEnable = 1 : NULL
00286 #TESING Output3B
00286 sdo[0x6200][1] = 32 : NULL : WAIT = 0.1
00287 #verify reading  Output3B
00287 NULL : sdo[0x5003][6] = 25.0 | 2 | 0.5
00287 TEST: Status Message Amp.Port_3B 25.0 +/- 2.0
00287 PASS: Status Message Amp.Port_3B 26.0
00288 NULL : sdo[0x5001][4] = 4 | 0.01 | 0.1
00288 PASS: Status Message F1.Status_Output3-4 4.0
00289 #verify reading from load
00289 NULL : MeterCurrent = 2.5 | 0.1 | 0.1
00289 TEST: MeterCurrent 2.5 +/- 0.1
00289 PASS: MeterCurrent 2.499
00290 
00290 #set current and turn on output and verify feedback
00290 LdCurrentSet = 3000: NULL : WAIT = 0.1
00291 LdEnable = 1 : NULL
00292 #TESING Output3B
00292 sdo[0x6200][1] = 32 : NULL : WAIT = 0.1
00293 #verify reading  Output3B
00293 NULL : sdo[0x5003][6] = 30.0 | 2 | 0.5
00293 TEST: Status Message Amp.Port_3B 30.0 +/- 2.0
00293 PASS: Status Message Amp.Port_3B 31.0
00294 NULL : sdo[0x5001][4] = 4 | 0.01 | 0.1
00294 PASS: Status Message F1.Status_Output3-4 4.0
00295 #verify reading from load
00295 NULL : MeterCurrent = 3.0 | 0.1 | 0.1
00295 TEST: MeterCurrent 3.0 +/- 0.1
00295 PASS: MeterCurrent 2.999
00296 
00296 #set current and turn on output and verify feedback
00296 LdCurrentSet = 3500: NULL : WAIT = 0.1
00297 LdEnable = 1 : NULL
00298 #TESING Output3B
00298 sdo[0x6200][1] = 32 : NULL : WAIT = 0.1
00299 #verify reading  Output3B
00299 NULL : sdo[0x5003][6] = 35.0 | 2 | 0.5
00299 TEST: Status Message Amp.Port_3B 35.0 +/- 2.0
00299 PASS: Status Message Amp.Port_3B 35.0
00300 NULL : sdo[0x5001][4] = 4 | 0.01 | 0.1
00300 PASS: Status Message F1.Status_Output3-4 4.0
00301 #verify reading from load
00301 NULL : MeterCurrent = 3.5 | 0.1 | 0.1
00301 TEST: MeterCurrent 3.5 +/- 0.1
00301 PASS: MeterCurrent 3.499
00302 
00302 #set current and turn on output and verify feedback
00302 LdCurrentSet = 4000: NULL : WAIT = 0.1
00303 LdEnable = 1 : NULL
00304 #TESING Output3B
00304 sdo[0x6200][1] = 32 : NULL : WAIT = 0.1
00305 #verify reading  Output3B
00305 NULL : sdo[0x5003][6] = 40.0 | 2 | 0.5
00305 TEST: Status Message Amp.Port_3B 40.0 +/- 2.0
00305 PASS: Status Message Amp.Port_3B 40.0
00306 NULL : sdo[0x5001][4] = 4 | 0.01 | 0.1
00306 PASS: Status Message F1.Status_Output3-4 4.0
00307 #verify reading from load
00307 NULL : MeterCurrent = 4.0 | 0.1 | 0.1
00307 TEST: MeterCurrent 4.0 +/- 0.1
00307 PASS: MeterCurrent 4.0
00308 
00308 #set current and turn on output and verify feedback
00308 LdCurrentSet = 4500: NULL : WAIT = 0.1
00309 LdEnable = 1 : NULL
00310 #TESING Output3B
00310 sdo[0x6200][1] = 32 : NULL : WAIT = 0.1
00311 #verify reading  Output3B
00311 NULL : sdo[0x5003][6] = 45.0 | 2 | 0.5
00311 TEST: Status Message Amp.Port_3B 45.0 +/- 2.0
00311 PASS: Status Message Amp.Port_3B 45.0
00312 NULL : sdo[0x5001][4] = 4 | 0.01 | 0.1
00312 PASS: Status Message F1.Status_Output3-4 4.0
00313 #verify reading from load
00313 NULL : MeterCurrent = 4.5 | 0.1 | 0.1
00313 TEST: MeterCurrent 4.5 +/- 0.1
00313 PASS: MeterCurrent 4.499
00314 
00314 #set current and turn on output and verify feedback
00314 LdCurrentSet = 5000: NULL : WAIT = 0.1
00315 LdEnable = 1 : NULL
00316 #TESING Output3B
00316 sdo[0x6200][1] = 32 : NULL : WAIT = 0.1
00317 #verify fault Output3B
00317 NULL : sdo[0x5003][6] = 0 | 0.1 | 0.1
00317 TEST: Status Message Amp.Port_3B 0.0 +/- 0.1
00317 FAIL: Status Message Amp.Port_3B 50.0
00318 NULL : sdo[0x5001][4] = 8 | 0 | 0.1
00318 TEST: Status Message F1.Status_Output3-4 8.0 +/- 0.0
00318 FAIL: Status Message F1.Status_Output3-4 4.0
00319 #verify reading from load
00319 NULL : MeterCurrent = 0  | 0.01 | 0.1
00319 TEST: MeterCurrent 0.0 +/- 0.01
00319 FAIL: MeterCurrent 4.999
00320 
00320 #set current and turn on output and verify feedback
00320 LdCurrentSet = 5500: NULL : WAIT = 0.1
00321 LdEnable = 1 : NULL
00322 #TESING Output3B
00322 sdo[0x6200][1] = 32 : NULL : WAIT = 0.1
00323 #verify fault Output3B
00323 NULL : sdo[0x5003][6] = 0 | 0.1 | 0.1
00323 TEST: Status Message Amp.Port_3B 0.0 +/- 0.1
00323 PASS: Status Message Amp.Port_3B 0.0
00324 NULL : sdo[0x5001][4] = 8 | 0 | 0.1
00324 PASS: Status Message F1.Status_Output3-4 8.0
00325 #verify reading from load
00325 NULL : MeterCurrent = 0  | 0.01 | 0.1
00325 TEST: MeterCurrent 0.0 +/- 0.01
00325 PASS: MeterCurrent 0.0
00326 
00326 #switch out load line, clear current
00326 sdo[0x6200][1] = 0 : NULL : WAIT = 0.1
00327 J2_06 = 0 : NULL : WAIT = 0.5
00328 #read signal value to update
00328 NULL : sdo[0x5003][6] = 0 | 155 | 0.5
00328 TEST: Status Message Amp.Port_3B 0.0 +/- 155.0
00328 PASS: Status Message Amp.Port_3B 0.0
00329 LdCurrentSet = 0 : NULL : WAIT = 0.1
00330 NULL : sdo[0x5001][4] = 8 | 0 | 0.1
00330 TEST: Status Message F1.Status_Output3-4 8.0 +/- 0.0
00330 PASS: Status Message F1.Status_Output3-4 8.0
00331 sdo[0x2000][1] = 0, sdo[0x2000][2] = 0 : NULL
00332 sdo[0x2001][4] = 17 : NULL
00333 #switch in load line, set current
00333 J2_07 = 1 : NULL
00334 
00334 #set current and turn on output and verify feedback
00334 LdCurrentSet = 0: NULL : WAIT = 0.1
00335 LdEnable = 1 : NULL
00336 #TESING Output4A
00336 sdo[0x6200][1] = 64 : NULL : WAIT = 0.1
00337 #verify reading  Output4A
00337 NULL : sdo[0x5003][7] = 0.0 | 2 | 0.5
00337 TEST: Status Message Amp.Port_4A 0.0 +/- 2.0
00337 PASS: Status Message Amp.Port_4A 0.0
00338 NULL : sdo[0x5001][4] = 24 | 0.01 | 0.1
00338 PASS: Status Message F1.Status_Output3-4 24.0
00339 #verify reading from load
00339 NULL : MeterCurrent = 0.0 | 0.1 | 0.1
00339 TEST: MeterCurrent 0.0 +/- 0.1
00339 PASS: MeterCurrent 0.0
00340 
00340 #set current and turn on output and verify feedback
00340 LdCurrentSet = 500: NULL : WAIT = 0.1
00341 LdEnable = 1 : NULL
00342 #TESING Output4A
00342 sdo[0x6200][1] = 64 : NULL : WAIT = 0.1
00343 #verify reading  Output4A
00343 NULL : sdo[0x5003][7] = 5.0 | 2 | 0.5
00343 TEST: Status Message Amp.Port_4A 5.0 +/- 2.0
00343 PASS: Status Message Amp.Port_4A 3.0
00344 NULL : sdo[0x5001][4] = 24 | 0.01 | 0.1
00344 PASS: Status Message F1.Status_Output3-4 24.0
00345 #verify reading from load
00345 NULL : MeterCurrent = 0.5 | 0.1 | 0.1
00345 TEST: MeterCurrent 0.5 +/- 0.1
00345 PASS: MeterCurrent 0.499
00346 
00346 #set current and turn on output and verify feedback
00346 LdCurrentSet = 1000: NULL : WAIT = 0.1
00347 LdEnable = 1 : NULL
00348 #TESING Output4A
00348 sdo[0x6200][1] = 64 : NULL : WAIT = 0.1
00349 #verify reading  Output4A
00349 NULL : sdo[0x5003][7] = 10.0 | 2 | 0.5
00349 TEST: Status Message Amp.Port_4A 10.0 +/- 2.0
00349 PASS: Status Message Amp.Port_4A 10.0
00350 NULL : sdo[0x5001][4] = 24 | 0.01 | 0.1
00350 PASS: Status Message F1.Status_Output3-4 24.0
00351 #verify reading from load
00351 NULL : MeterCurrent = 1.0 | 0.1 | 0.1
00351 TEST: MeterCurrent 1.0 +/- 0.1
00351 PASS: MeterCurrent 0.999
00352 
00352 #set current and turn on output and verify feedback
00352 LdCurrentSet = 1500: NULL : WAIT = 0.1
00353 LdEnable = 1 : NULL
00354 #TESING Output4A
00354 sdo[0x6200][1] = 64 : NULL : WAIT = 0.1
00355 #verify reading  Output4A
00355 NULL : sdo[0x5003][7] = 15.0 | 2 | 0.5
00355 TEST: Status Message Amp.Port_4A 15.0 +/- 2.0
00355 PASS: Status Message Amp.Port_4A 15.0
00356 NULL : sdo[0x5001][4] = 24 | 0.01 | 0.1
00356 PASS: Status Message F1.Status_Output3-4 24.0
00357 #verify reading from load
00357 NULL : MeterCurrent = 1.5 | 0.1 | 0.1
00357 TEST: MeterCurrent 1.5 +/- 0.1
00357 PASS: MeterCurrent 1.499
00358 
00358 #set current and turn on output and verify feedback
00358 LdCurrentSet = 2000: NULL : WAIT = 0.1
00359 LdEnable = 1 : NULL
00360 #TESING Output4A
00360 sdo[0x6200][1] = 64 : NULL : WAIT = 0.1
00361 #verify reading  Output4A
00361 NULL : sdo[0x5003][7] = 20.0 | 2 | 0.5
00361 TEST: Status Message Amp.Port_4A 20.0 +/- 2.0
00361 PASS: Status Message Amp.Port_4A 20.0
00362 NULL : sdo[0x5001][4] = 24 | 0.01 | 0.1
00362 PASS: Status Message F1.Status_Output3-4 24.0
00363 #verify reading from load
00363 NULL : MeterCurrent = 2.0 | 0.1 | 0.1
00363 TEST: MeterCurrent 2.0 +/- 0.1
00363 PASS: MeterCurrent 1.999
00364 
00364 #set current and turn on output and verify feedback
00364 LdCurrentSet = 2500: NULL : WAIT = 0.1
00365 LdEnable = 1 : NULL
00366 #TESING Output4A
00366 sdo[0x6200][1] = 64 : NULL : WAIT = 0.1
00367 #verify reading  Output4A
00367 NULL : sdo[0x5003][7] = 25.0 | 2 | 0.5
00367 TEST: Status Message Amp.Port_4A 25.0 +/- 2.0
00367 PASS: Status Message Amp.Port_4A 25.0
00368 NULL : sdo[0x5001][4] = 24 | 0.01 | 0.1
00368 PASS: Status Message F1.Status_Output3-4 24.0
00369 #verify reading from load
00369 NULL : MeterCurrent = 2.5 | 0.1 | 0.1
00369 TEST: MeterCurrent 2.5 +/- 0.1
00369 PASS: MeterCurrent 2.5
00370 
00370 #set current and turn on output and verify feedback
00370 LdCurrentSet = 3000: NULL : WAIT = 0.1
00371 LdEnable = 1 : NULL
00372 #TESING Output4A
00372 sdo[0x6200][1] = 64 : NULL : WAIT = 0.1
00373 #verify reading  Output4A
00373 NULL : sdo[0x5003][7] = 30.0 | 2 | 0.5
00373 TEST: Status Message Amp.Port_4A 30.0 +/- 2.0
00373 PASS: Status Message Amp.Port_4A 30.0
00374 NULL : sdo[0x5001][4] = 24 | 0.01 | 0.1
00374 PASS: Status Message F1.Status_Output3-4 24.0
00375 #verify reading from load
00375 NULL : MeterCurrent = 3.0 | 0.1 | 0.1
00375 TEST: MeterCurrent 3.0 +/- 0.1
00375 PASS: MeterCurrent 2.999
00376 
00376 #set current and turn on output and verify feedback
00376 LdCurrentSet = 3500: NULL : WAIT = 0.1
00377 LdEnable = 1 : NULL
00378 #TESING Output4A
00378 sdo[0x6200][1] = 64 : NULL : WAIT = 0.1
00379 #verify reading  Output4A
00379 NULL : sdo[0x5003][7] = 35.0 | 2 | 0.5
00379 TEST: Status Message Amp.Port_4A 35.0 +/- 2.0
00379 PASS: Status Message Amp.Port_4A 35.0
00380 NULL : sdo[0x5001][4] = 24 | 0.01 | 0.1
00380 PASS: Status Message F1.Status_Output3-4 24.0
00381 #verify reading from load
00381 NULL : MeterCurrent = 3.5 | 0.1 | 0.1
00381 TEST: MeterCurrent 3.5 +/- 0.1
00381 PASS: MeterCurrent 3.499
00382 
00382 #set current and turn on output and verify feedback
00382 LdCurrentSet = 4000: NULL : WAIT = 0.1
00383 LdEnable = 1 : NULL
00384 #TESING Output4A
00384 sdo[0x6200][1] = 64 : NULL : WAIT = 0.1
00385 #verify reading  Output4A
00385 NULL : sdo[0x5003][7] = 40.0 | 2 | 0.5
00385 TEST: Status Message Amp.Port_4A 40.0 +/- 2.0
00385 PASS: Status Message Amp.Port_4A 40.0
00386 NULL : sdo[0x5001][4] = 24 | 0.01 | 0.1
00386 PASS: Status Message F1.Status_Output3-4 24.0
00387 #verify reading from load
00387 NULL : MeterCurrent = 4.0 | 0.1 | 0.1
00387 TEST: MeterCurrent 4.0 +/- 0.1
00387 PASS: MeterCurrent 3.999
00388 
00388 #set current and turn on output and verify feedback
00388 LdCurrentSet = 4500: NULL : WAIT = 0.1
00389 LdEnable = 1 : NULL
00390 #TESING Output4A
00390 sdo[0x6200][1] = 64 : NULL : WAIT = 0.1
00391 #verify reading  Output4A
00391 NULL : sdo[0x5003][7] = 45.0 | 2 | 0.5
00391 TEST: Status Message Amp.Port_4A 45.0 +/- 2.0
00391 PASS: Status Message Amp.Port_4A 45.0
00392 NULL : sdo[0x5001][4] = 24 | 0.01 | 0.1
00392 PASS: Status Message F1.Status_Output3-4 24.0
00393 #verify reading from load
00393 NULL : MeterCurrent = 4.5 | 0.1 | 0.1
00393 TEST: MeterCurrent 4.5 +/- 0.1
00393 PASS: MeterCurrent 4.499
00394 
00394 #set current and turn on output and verify feedback
00394 LdCurrentSet = 5000: NULL : WAIT = 0.1
00395 LdEnable = 1 : NULL
00396 #TESING Output4A
00396 sdo[0x6200][1] = 64 : NULL : WAIT = 0.1
00397 #verify fault Output4A
00397 NULL : sdo[0x5003][7] = 0 | 0.1 | 0.1
00397 TEST: Status Message Amp.Port_4A 0.0 +/- 0.1
00397 FAIL: Status Message Amp.Port_4A 50.0
00398 NULL : sdo[0x5001][4] = 40 | 0 | 0.1
00398 TEST: Status Message F1.Status_Output3-4 40.0 +/- 0.0
00398 FAIL: Status Message F1.Status_Output3-4 24.0
00399 #verify reading from load
00399 NULL : MeterCurrent = 0  | 0.01 | 0.1
00399 TEST: MeterCurrent 0.0 +/- 0.01
00399 FAIL: MeterCurrent 4.999
00400 
00400 #set current and turn on output and verify feedback
00400 LdCurrentSet = 5500: NULL : WAIT = 0.1
00401 LdEnable = 1 : NULL
00402 #TESING Output4A
00402 sdo[0x6200][1] = 64 : NULL : WAIT = 0.1
00403 #verify fault Output4A
00403 NULL : sdo[0x5003][7] = 0 | 0.1 | 0.1
00403 TEST: Status Message Amp.Port_4A 0.0 +/- 0.1
00403 PASS: Status Message Amp.Port_4A 0.0
00404 NULL : sdo[0x5001][4] = 40 | 0 | 0.1
00404 PASS: Status Message F1.Status_Output3-4 40.0
00405 #verify reading from load
00405 NULL : MeterCurrent = 0  | 0.01 | 0.1
00405 TEST: MeterCurrent 0.0 +/- 0.01
00405 PASS: MeterCurrent 0.0
00406 
00406 #switch out load line, clear current
00406 sdo[0x6200][1] = 0 : NULL : WAIT = 0.1
00407 J2_07 = 0 : NULL : WAIT = 0.5
00408 #read signal value to update
00408 NULL : sdo[0x5003][7] = 0 | 155 | 0.5
00408 TEST: Status Message Amp.Port_4A 0.0 +/- 155.0
00408 PASS: Status Message Amp.Port_4A 0.0
00409 LdCurrentSet = 0 : NULL : WAIT = 0.1
00410 NULL : sdo[0x5001][4] = 40 | 0 | 0.1
00410 TEST: Status Message F1.Status_Output3-4 40.0 +/- 0.0
00410 PASS: Status Message F1.Status_Output3-4 40.0
00411 sdo[0x2000][1] = 0, sdo[0x2000][2] = 0 : NULL
00412 sdo[0x2001][4] = 17 : NULL
00413 #switch in load line, set current
00413 J2_08 = 1 : NULL
00414 
00414 #set current and turn on output and verify feedback
00414 LdCurrentSet = 0: NULL : WAIT = 0.1
00415 LdEnable = 1 : NULL
00416 #TESING Output4B
00416 sdo[0x6200][1] = 128 : NULL : WAIT = 0.1
00417 #verify reading  Output4B
00417 NULL : sdo[0x5003][8] = 0.0 | 2 | 0.5
00417 TEST: Status Message Amp.Port_4B 0.0 +/- 2.0
00417 PASS: Status Message Amp.Port_4B 0.0
00418 NULL : sdo[0x5001][4] = 104 | 0.01 | 0.1
00418 PASS: Status Message F1.Status_Output3-4 104.0
00419 #verify reading from load
00419 NULL : MeterCurrent = 0.0 | 0.1 | 0.1
00419 TEST: MeterCurrent 0.0 +/- 0.1
00419 PASS: MeterCurrent 0.0
00420 
00420 #set current and turn on output and verify feedback
00420 LdCurrentSet = 500: NULL : WAIT = 0.1
00421 LdEnable = 1 : NULL
00422 #TESING Output4B
00422 sdo[0x6200][1] = 128 : NULL : WAIT = 0.1
00423 #verify reading  Output4B
00423 NULL : sdo[0x5003][8] = 5.0 | 2 | 0.5
00423 TEST: Status Message Amp.Port_4B 5.0 +/- 2.0
00423 FAIL: Status Message Amp.Port_4B 0.0
00424 NULL : sdo[0x5001][4] = 104 | 0.01 | 0.1
00424 PASS: Status Message F1.Status_Output3-4 104.0
00425 #verify reading from load
00425 NULL : MeterCurrent = 0.5 | 0.1 | 0.1
00425 TEST: MeterCurrent 0.5 +/- 0.1
00425 PASS: MeterCurrent 0.499
00426 
00426 #set current and turn on output and verify feedback
00426 LdCurrentSet = 1000: NULL : WAIT = 0.1
00427 LdEnable = 1 : NULL
00428 #TESING Output4B
00428 sdo[0x6200][1] = 128 : NULL : WAIT = 0.1
00429 #verify reading  Output4B
00429 NULL : sdo[0x5003][8] = 10.0 | 2 | 0.5
00429 TEST: Status Message Amp.Port_4B 10.0 +/- 2.0
00429 PASS: Status Message Amp.Port_4B 10.0
00430 NULL : sdo[0x5001][4] = 104 | 0.01 | 0.1
00430 PASS: Status Message F1.Status_Output3-4 104.0
00431 #verify reading from load
00431 NULL : MeterCurrent = 1.0 | 0.1 | 0.1
00431 TEST: MeterCurrent 1.0 +/- 0.1
00431 PASS: MeterCurrent 0.999
00432 
00432 #set current and turn on output and verify feedback
00432 LdCurrentSet = 1500: NULL : WAIT = 0.1
00433 LdEnable = 1 : NULL
00434 #TESING Output4B
00434 sdo[0x6200][1] = 128 : NULL : WAIT = 0.1
00435 #verify reading  Output4B
00435 NULL : sdo[0x5003][8] = 15.0 | 2 | 0.5
00435 TEST: Status Message Amp.Port_4B 15.0 +/- 2.0
00435 PASS: Status Message Amp.Port_4B 17.0
00436 NULL : sdo[0x5001][4] = 104 | 0.01 | 0.1
00436 PASS: Status Message F1.Status_Output3-4 104.0
00437 #verify reading from load
00437 NULL : MeterCurrent = 1.5 | 0.1 | 0.1
00437 TEST: MeterCurrent 1.5 +/- 0.1
00437 PASS: MeterCurrent 1.499
00438 
00438 #set current and turn on output and verify feedback
00438 LdCurrentSet = 2000: NULL : WAIT = 0.1
00439 LdEnable = 1 : NULL
00440 #TESING Output4B
00440 sdo[0x6200][1] = 128 : NULL : WAIT = 0.1
00441 #verify reading  Output4B
00441 NULL : sdo[0x5003][8] = 20.0 | 2 | 0.5
00441 TEST: Status Message Amp.Port_4B 20.0 +/- 2.0
00441 PASS: Status Message Amp.Port_4B 21.0
00442 NULL : sdo[0x5001][4] = 104 | 0.01 | 0.1
00442 PASS: Status Message F1.Status_Output3-4 104.0
00443 #verify reading from load
00443 NULL : MeterCurrent = 2.0 | 0.1 | 0.1
00443 TEST: MeterCurrent 2.0 +/- 0.1
00443 PASS: MeterCurrent 1.999
00444 
00444 #set current and turn on output and verify feedback
00444 LdCurrentSet = 2500: NULL : WAIT = 0.1
00445 LdEnable = 1 : NULL
00446 #TESING Output4B
00446 sdo[0x6200][1] = 128 : NULL : WAIT = 0.1
00447 #verify reading  Output4B
00447 NULL : sdo[0x5003][8] = 25.0 | 2 | 0.5
00447 TEST: Status Message Amp.Port_4B 25.0 +/- 2.0
00447 PASS: Status Message Amp.Port_4B 26.0
00448 NULL : sdo[0x5001][4] = 104 | 0.01 | 0.1
00448 PASS: Status Message F1.Status_Output3-4 104.0
00449 #verify reading from load
00449 NULL : MeterCurrent = 2.5 | 0.1 | 0.1
00449 TEST: MeterCurrent 2.5 +/- 0.1
00449 PASS: MeterCurrent 2.499
00450 
00450 #set current and turn on output and verify feedback
00450 LdCurrentSet = 3000: NULL : WAIT = 0.1
00451 LdEnable = 1 : NULL
00452 #TESING Output4B
00452 sdo[0x6200][1] = 128 : NULL : WAIT = 0.1
00453 #verify reading  Output4B
00453 NULL : sdo[0x5003][8] = 30.0 | 2 | 0.5
00453 TEST: Status Message Amp.Port_4B 30.0 +/- 2.0
00453 PASS: Status Message Amp.Port_4B 30.0
00454 NULL : sdo[0x5001][4] = 104 | 0.01 | 0.1
00454 PASS: Status Message F1.Status_Output3-4 104.0
00455 #verify reading from load
00455 NULL : MeterCurrent = 3.0 | 0.1 | 0.1
00455 TEST: MeterCurrent 3.0 +/- 0.1
00455 PASS: MeterCurrent 2.999
00456 
00456 #set current and turn on output and verify feedback
00456 LdCurrentSet = 3500: NULL : WAIT = 0.1
00457 LdEnable = 1 : NULL
00458 #TESING Output4B
00458 sdo[0x6200][1] = 128 : NULL : WAIT = 0.1
00459 #verify reading  Output4B
00459 NULL : sdo[0x5003][8] = 35.0 | 2 | 0.5
00459 TEST: Status Message Amp.Port_4B 35.0 +/- 2.0
00459 PASS: Status Message Amp.Port_4B 35.0
00460 NULL : sdo[0x5001][4] = 104 | 0.01 | 0.1
00460 PASS: Status Message F1.Status_Output3-4 104.0
00461 #verify reading from load
00461 NULL : MeterCurrent = 3.5 | 0.1 | 0.1
00461 TEST: MeterCurrent 3.5 +/- 0.1
00461 PASS: MeterCurrent 3.499
00462 
00462 #set current and turn on output and verify feedback
00462 LdCurrentSet = 4000: NULL : WAIT = 0.1
00463 LdEnable = 1 : NULL
00464 #TESING Output4B
00464 sdo[0x6200][1] = 128 : NULL : WAIT = 0.1
00465 #verify reading  Output4B
00465 NULL : sdo[0x5003][8] = 40.0 | 2 | 0.5
00465 TEST: Status Message Amp.Port_4B 40.0 +/- 2.0
00465 PASS: Status Message Amp.Port_4B 40.0
00466 NULL : sdo[0x5001][4] = 104 | 0.01 | 0.1
00466 PASS: Status Message F1.Status_Output3-4 104.0
00467 #verify reading from load
00467 NULL : MeterCurrent = 4.0 | 0.1 | 0.1
00467 TEST: MeterCurrent 4.0 +/- 0.1
00467 PASS: MeterCurrent 3.999
00468 
00468 #set current and turn on output and verify feedback
00468 LdCurrentSet = 4500: NULL : WAIT = 0.1
00469 LdEnable = 1 : NULL
00470 #TESING Output4B
00470 sdo[0x6200][1] = 128 : NULL : WAIT = 0.1
00471 #verify reading  Output4B
00471 NULL : sdo[0x5003][8] = 45.0 | 2 | 0.5
00471 TEST: Status Message Amp.Port_4B 45.0 +/- 2.0
00471 PASS: Status Message Amp.Port_4B 44.0
00472 NULL : sdo[0x5001][4] = 104 | 0.01 | 0.1
00472 PASS: Status Message F1.Status_Output3-4 104.0
00473 #verify reading from load
00473 NULL : MeterCurrent = 4.5 | 0.1 | 0.1
00473 TEST: MeterCurrent 4.5 +/- 0.1
00473 PASS: MeterCurrent 4.499
00474 
00474 #set current and turn on output and verify feedback
00474 LdCurrentSet = 5000: NULL : WAIT = 0.1
00475 LdEnable = 1 : NULL
00476 #TESING Output4B
00476 sdo[0x6200][1] = 128 : NULL : WAIT = 0.1
00477 #verify fault Output4B
00477 NULL : sdo[0x5003][8] = 0 | 0.1 | 0.1
00477 TEST: Status Message Amp.Port_4B 0.0 +/- 0.1
00477 FAIL: Status Message Amp.Port_4B 50.0
00478 NULL : sdo[0x5001][4] = 168 | 0 | 0.1
00478 TEST: Status Message F1.Status_Output3-4 168.0 +/- 0.0
00478 FAIL: Status Message F1.Status_Output3-4 104.0
00479 #verify reading from load
00479 NULL : MeterCurrent = 0  | 0.01 | 0.1
00479 TEST: MeterCurrent 0.0 +/- 0.01
00479 FAIL: MeterCurrent 4.999
00480 
00480 #set current and turn on output and verify feedback
00480 LdCurrentSet = 5500: NULL : WAIT = 0.1
00481 LdEnable = 1 : NULL
00482 #TESING Output4B
00482 sdo[0x6200][1] = 128 : NULL : WAIT = 0.1
00483 #verify fault Output4B
00483 NULL : sdo[0x5003][8] = 0 | 0.1 | 0.1
00483 TEST: Status Message Amp.Port_4B 0.0 +/- 0.1
00483 PASS: Status Message Amp.Port_4B 0.0
00484 NULL : sdo[0x5001][4] = 168 | 0 | 0.1
00484 PASS: Status Message F1.Status_Output3-4 168.0
00485 #verify reading from load
00485 NULL : MeterCurrent = 0  | 0.01 | 0.1
00485 TEST: MeterCurrent 0.0 +/- 0.01
00485 PASS: MeterCurrent 0.0
00486 
00486 #switch out load line, clear current
00486 sdo[0x6200][1] = 0 : NULL : WAIT = 0.1
00487 J2_08 = 0 : NULL : WAIT = 0.5
00488 #read signal value to update
00488 NULL : sdo[0x5003][8] = 0 | 155 | 0.5
00488 TEST: Status Message Amp.Port_4B 0.0 +/- 155.0
00488 PASS: Status Message Amp.Port_4B 0.0
00489 LdCurrentSet = 0 : NULL : WAIT = 0.1
00490 NULL : sdo[0x5001][4] = 168 | 0 | 0.1
00490 TEST: Status Message F1.Status_Output3-4 168.0 +/- 0.0
00490 PASS: Status Message F1.Status_Output3-4 168.0
00491 sdo[0x2000][1] = 0, sdo[0x2000][2] = 0 : NULL
00492 sdo[0x2001][5] = 17 : NULL
00493 #switch in load line, set current
00493 J2_09 = 1 : NULL
00494 
00494 #set current and turn on output and verify feedback
00494 LdCurrentSet = 0: NULL : WAIT = 0.1
00495 LdEnable = 1 : NULL
00496 #TESING Output5A
00496 sdo[0x6200][2] = 1 : NULL : WAIT = 0.1
00497 #verify reading  Output5A
00497 NULL : sdo[0x5003][9] = 0.0 | 2 | 0.5
00497 TEST: Status Message Amp.Port_5A 0.0 +/- 2.0
00497 PASS: Status Message Amp.Port_5A 0.0
00498 NULL : sdo[0x5001][5] = 1 | 0.01 | 0.1
00498 PASS: Status Message F1.Status_Output5-6 1.0
00499 #verify reading from load
00499 NULL : MeterCurrent = 0.0 | 0.1 | 0.1
00499 TEST: MeterCurrent 0.0 +/- 0.1
00499 PASS: MeterCurrent 0.0
00500 
00500 #set current and turn on output and verify feedback
00500 LdCurrentSet = 500: NULL : WAIT = 0.1
00501 LdEnable = 1 : NULL
00502 #TESING Output5A
00502 sdo[0x6200][2] = 1 : NULL : WAIT = 0.1
00503 #verify reading  Output5A
00503 NULL : sdo[0x5003][9] = 5.0 | 2 | 0.5
00503 TEST: Status Message Amp.Port_5A 5.0 +/- 2.0
00503 PASS: Status Message Amp.Port_5A 3.0
00504 NULL : sdo[0x5001][5] = 1 | 0.01 | 0.1
00504 PASS: Status Message F1.Status_Output5-6 1.0
00505 #verify reading from load
00505 NULL : MeterCurrent = 0.5 | 0.1 | 0.1
00505 TEST: MeterCurrent 0.5 +/- 0.1
00505 PASS: MeterCurrent 0.499
00506 
00506 #set current and turn on output and verify feedback
00506 LdCurrentSet = 1000: NULL : WAIT = 0.1
00507 LdEnable = 1 : NULL
00508 #TESING Output5A
00508 sdo[0x6200][2] = 1 : NULL : WAIT = 0.1
00509 #verify reading  Output5A
00509 NULL : sdo[0x5003][9] = 10.0 | 2 | 0.5
00509 TEST: Status Message Amp.Port_5A 10.0 +/- 2.0
00509 PASS: Status Message Amp.Port_5A 10.0
00510 NULL : sdo[0x5001][5] = 1 | 0.01 | 0.1
00510 PASS: Status Message F1.Status_Output5-6 1.0
00511 #verify reading from load
00511 NULL : MeterCurrent = 1.0 | 0.1 | 0.1
00511 TEST: MeterCurrent 1.0 +/- 0.1
00511 PASS: MeterCurrent 0.999
00512 
00512 #set current and turn on output and verify feedback
00512 LdCurrentSet = 1500: NULL : WAIT = 0.1
00513 LdEnable = 1 : NULL
00514 #TESING Output5A
00514 sdo[0x6200][2] = 1 : NULL : WAIT = 0.1
00515 #verify reading  Output5A
00515 NULL : sdo[0x5003][9] = 15.0 | 2 | 0.5
00515 TEST: Status Message Amp.Port_5A 15.0 +/- 2.0
00515 PASS: Status Message Amp.Port_5A 15.0
00516 NULL : sdo[0x5001][5] = 1 | 0.01 | 0.1
00516 PASS: Status Message F1.Status_Output5-6 1.0
00517 #verify reading from load
00517 NULL : MeterCurrent = 1.5 | 0.1 | 0.1
00517 TEST: MeterCurrent 1.5 +/- 0.1
00517 PASS: MeterCurrent 1.499
00518 
00518 #set current and turn on output and verify feedback
00518 LdCurrentSet = 2000: NULL : WAIT = 0.1
00519 LdEnable = 1 : NULL
00520 #TESING Output5A
00520 sdo[0x6200][2] = 1 : NULL : WAIT = 0.1
00521 #verify reading  Output5A
00521 NULL : sdo[0x5003][9] = 20.0 | 2 | 0.5
00521 TEST: Status Message Amp.Port_5A 20.0 +/- 2.0
00521 PASS: Status Message Amp.Port_5A 20.0
00522 NULL : sdo[0x5001][5] = 1 | 0.01 | 0.1
00522 PASS: Status Message F1.Status_Output5-6 1.0
00523 #verify reading from load
00523 NULL : MeterCurrent = 2.0 | 0.1 | 0.1
00523 TEST: MeterCurrent 2.0 +/- 0.1
00523 PASS: MeterCurrent 1.999
00524 
00524 #set current and turn on output and verify feedback
00524 LdCurrentSet = 2500: NULL : WAIT = 0.1
00525 LdEnable = 1 : NULL
00526 #TESING Output5A
00526 sdo[0x6200][2] = 1 : NULL : WAIT = 0.1
00527 #verify reading  Output5A
00527 NULL : sdo[0x5003][9] = 25.0 | 2 | 0.5
00527 TEST: Status Message Amp.Port_5A 25.0 +/- 2.0
00527 PASS: Status Message Amp.Port_5A 25.0
00528 NULL : sdo[0x5001][5] = 1 | 0.01 | 0.1
00528 PASS: Status Message F1.Status_Output5-6 1.0
00529 #verify reading from load
00529 NULL : MeterCurrent = 2.5 | 0.1 | 0.1
00529 TEST: MeterCurrent 2.5 +/- 0.1
00529 PASS: MeterCurrent 2.5
00530 
00530 #set current and turn on output and verify feedback
00530 LdCurrentSet = 3000: NULL : WAIT = 0.1
00531 LdEnable = 1 : NULL
00532 #TESING Output5A
00532 sdo[0x6200][2] = 1 : NULL : WAIT = 0.1
00533 #verify reading  Output5A
00533 NULL : sdo[0x5003][9] = 30.0 | 2 | 0.5
00533 TEST: Status Message Amp.Port_5A 30.0 +/- 2.0
00533 PASS: Status Message Amp.Port_5A 30.0
00534 NULL : sdo[0x5001][5] = 1 | 0.01 | 0.1
00534 PASS: Status Message F1.Status_Output5-6 1.0
00535 #verify reading from load
00535 NULL : MeterCurrent = 3.0 | 0.1 | 0.1
00535 TEST: MeterCurrent 3.0 +/- 0.1
00535 PASS: MeterCurrent 2.999
00536 
00536 #set current and turn on output and verify feedback
00536 LdCurrentSet = 3500: NULL : WAIT = 0.1
00537 LdEnable = 1 : NULL
00538 #TESING Output5A
00538 sdo[0x6200][2] = 1 : NULL : WAIT = 0.1
00539 #verify reading  Output5A
00539 NULL : sdo[0x5003][9] = 35.0 | 2 | 0.5
00539 TEST: Status Message Amp.Port_5A 35.0 +/- 2.0
00539 PASS: Status Message Amp.Port_5A 35.0
00540 NULL : sdo[0x5001][5] = 1 | 0.01 | 0.1
00540 PASS: Status Message F1.Status_Output5-6 1.0
00541 #verify reading from load
00541 NULL : MeterCurrent = 3.5 | 0.1 | 0.1
00541 TEST: MeterCurrent 3.5 +/- 0.1
00541 PASS: MeterCurrent 3.499
00542 
00542 #set current and turn on output and verify feedback
00542 LdCurrentSet = 4000: NULL : WAIT = 0.1
00543 LdEnable = 1 : NULL
00544 #TESING Output5A
00544 sdo[0x6200][2] = 1 : NULL : WAIT = 0.1
00545 #verify reading  Output5A
00545 NULL : sdo[0x5003][9] = 40.0 | 2 | 0.5
00545 TEST: Status Message Amp.Port_5A 40.0 +/- 2.0
00545 PASS: Status Message Amp.Port_5A 40.0
00546 NULL : sdo[0x5001][5] = 1 | 0.01 | 0.1
00546 PASS: Status Message F1.Status_Output5-6 1.0
00547 #verify reading from load
00547 NULL : MeterCurrent = 4.0 | 0.1 | 0.1
00547 TEST: MeterCurrent 4.0 +/- 0.1
00547 PASS: MeterCurrent 3.999
00548 
00548 #set current and turn on output and verify feedback
00548 LdCurrentSet = 4500: NULL : WAIT = 0.1
00549 LdEnable = 1 : NULL
00550 #TESING Output5A
00550 sdo[0x6200][2] = 1 : NULL : WAIT = 0.1
00551 #verify reading  Output5A
00551 NULL : sdo[0x5003][9] = 45.0 | 2 | 0.5
00551 TEST: Status Message Amp.Port_5A 45.0 +/- 2.0
00551 PASS: Status Message Amp.Port_5A 45.0
00552 NULL : sdo[0x5001][5] = 1 | 0.01 | 0.1
00552 PASS: Status Message F1.Status_Output5-6 1.0
00553 #verify reading from load
00553 NULL : MeterCurrent = 4.5 | 0.1 | 0.1
00553 TEST: MeterCurrent 4.5 +/- 0.1
00553 PASS: MeterCurrent 4.499
00554 
00554 #set current and turn on output and verify feedback
00554 LdCurrentSet = 5000: NULL : WAIT = 0.1
00555 LdEnable = 1 : NULL
00556 #TESING Output5A
00556 sdo[0x6200][2] = 1 : NULL : WAIT = 0.1
00557 #verify fault Output5A
00557 NULL : sdo[0x5003][9] = 0 | 0.1 | 0.1
00557 TEST: Status Message Amp.Port_5A 0.0 +/- 0.1
00557 FAIL: Status Message Amp.Port_5A 50.0
00558 NULL : sdo[0x5001][5] = 2 | 0 | 0.1
00558 TEST: Status Message F1.Status_Output5-6 2.0 +/- 0.0
00558 FAIL: Status Message F1.Status_Output5-6 1.0
00559 #verify reading from load
00559 NULL : MeterCurrent = 0  | 0.01 | 0.1
00559 TEST: MeterCurrent 0.0 +/- 0.01
00559 FAIL: MeterCurrent 4.999
00560 
00560 #set current and turn on output and verify feedback
00560 LdCurrentSet = 5500: NULL : WAIT = 0.1
00561 LdEnable = 1 : NULL
00562 #TESING Output5A
00562 sdo[0x6200][2] = 1 : NULL : WAIT = 0.1
00563 #verify fault Output5A
00563 NULL : sdo[0x5003][9] = 0 | 0.1 | 0.1
00563 TEST: Status Message Amp.Port_5A 0.0 +/- 0.1
00563 PASS: Status Message Amp.Port_5A 0.0
00564 NULL : sdo[0x5001][5] = 2 | 0 | 0.1
00564 PASS: Status Message F1.Status_Output5-6 2.0
00565 #verify reading from load
00565 NULL : MeterCurrent = 0  | 0.01 | 0.1
00565 TEST: MeterCurrent 0.0 +/- 0.01
00565 PASS: MeterCurrent 0.0
00566 
00566 #switch out load line, clear current
00566 sdo[0x6200][2] = 0 : NULL : WAIT = 0.1
00567 J2_09 = 0 : NULL : WAIT = 0.5
00568 #read signal value to update
00568 NULL : sdo[0x5003][9] = 0 | 155 | 0.5
00568 TEST: Status Message Amp.Port_5A 0.0 +/- 155.0
00568 PASS: Status Message Amp.Port_5A 0.0
00569 LdCurrentSet = 0 : NULL : WAIT = 0.1
00570 NULL : sdo[0x5001][5] = 2 | 0 | 0.1
00570 TEST: Status Message F1.Status_Output5-6 2.0 +/- 0.0
00570 PASS: Status Message F1.Status_Output5-6 2.0
00571 sdo[0x2000][1] = 0, sdo[0x2000][2] = 0 : NULL
00572 sdo[0x2001][5] = 17 : NULL
00573 #switch in load line, set current
00573 J2_10 = 1 : NULL
00574 
00574 #set current and turn on output and verify feedback
00574 LdCurrentSet = 0: NULL : WAIT = 0.1
00575 LdEnable = 1 : NULL
00576 #TESING Output5B
00576 sdo[0x6200][2] = 2 : NULL : WAIT = 0.1
00577 #verify reading  Output5B
00577 NULL : sdo[0x5003][10] = 0.0 | 2 | 0.5
00577 TEST: Status Message Amp.Port_5B 0.0 +/- 2.0
00577 PASS: Status Message Amp.Port_5B 0.0
00578 NULL : sdo[0x5001][5] = 6 | 0.01 | 0.1
00578 PASS: Status Message F1.Status_Output5-6 6.0
00579 #verify reading from load
00579 NULL : MeterCurrent = 0.0 | 0.1 | 0.1
00579 TEST: MeterCurrent 0.0 +/- 0.1
00579 PASS: MeterCurrent 0.0
00580 
00580 #set current and turn on output and verify feedback
00580 LdCurrentSet = 500: NULL : WAIT = 0.1
00581 LdEnable = 1 : NULL
00582 #TESING Output5B
00582 sdo[0x6200][2] = 2 : NULL : WAIT = 0.1
00583 #verify reading  Output5B
00583 NULL : sdo[0x5003][10] = 5.0 | 2 | 0.5
00583 TEST: Status Message Amp.Port_5B 5.0 +/- 2.0
00583 FAIL: Status Message Amp.Port_5B 1.0
00584 NULL : sdo[0x5001][5] = 6 | 0.01 | 0.1
00584 PASS: Status Message F1.Status_Output5-6 6.0
00585 #verify reading from load
00585 NULL : MeterCurrent = 0.5 | 0.1 | 0.1
00585 TEST: MeterCurrent 0.5 +/- 0.1
00585 PASS: MeterCurrent 0.499
00586 
00586 #set current and turn on output and verify feedback
00586 LdCurrentSet = 1000: NULL : WAIT = 0.1
00587 LdEnable = 1 : NULL
00588 #TESING Output5B
00588 sdo[0x6200][2] = 2 : NULL : WAIT = 0.1
00589 #verify reading  Output5B
00589 NULL : sdo[0x5003][10] = 10.0 | 2 | 0.5
00589 TEST: Status Message Amp.Port_5B 10.0 +/- 2.0
00589 PASS: Status Message Amp.Port_5B 10.0
00590 NULL : sdo[0x5001][5] = 6 | 0.01 | 0.1
00590 PASS: Status Message F1.Status_Output5-6 6.0
00591 #verify reading from load
00591 NULL : MeterCurrent = 1.0 | 0.1 | 0.1
00591 TEST: MeterCurrent 1.0 +/- 0.1
00591 PASS: MeterCurrent 0.999
00592 
00592 #set current and turn on output and verify feedback
00592 LdCurrentSet = 1500: NULL : WAIT = 0.1
00593 LdEnable = 1 : NULL
00594 #TESING Output5B
00594 sdo[0x6200][2] = 2 : NULL : WAIT = 0.1
00595 #verify reading  Output5B
00595 NULL : sdo[0x5003][10] = 15.0 | 2 | 0.5
00595 TEST: Status Message Amp.Port_5B 15.0 +/- 2.0
00595 PASS: Status Message Amp.Port_5B 16.0
00596 NULL : sdo[0x5001][5] = 6 | 0.01 | 0.1
00596 PASS: Status Message F1.Status_Output5-6 6.0
00597 #verify reading from load
00597 NULL : MeterCurrent = 1.5 | 0.1 | 0.1
00597 TEST: MeterCurrent 1.5 +/- 0.1
00597 PASS: MeterCurrent 1.499
00598 
00598 #set current and turn on output and verify feedback
00598 LdCurrentSet = 2000: NULL : WAIT = 0.1
00599 LdEnable = 1 : NULL
00600 #TESING Output5B
00600 sdo[0x6200][2] = 2 : NULL : WAIT = 0.1
00601 #verify reading  Output5B
00601 NULL : sdo[0x5003][10] = 20.0 | 2 | 0.5
00601 TEST: Status Message Amp.Port_5B 20.0 +/- 2.0
00601 PASS: Status Message Amp.Port_5B 22.0
00602 NULL : sdo[0x5001][5] = 6 | 0.01 | 0.1
00602 PASS: Status Message F1.Status_Output5-6 6.0
00603 #verify reading from load
00603 NULL : MeterCurrent = 2.0 | 0.1 | 0.1
00603 TEST: MeterCurrent 2.0 +/- 0.1
00603 PASS: MeterCurrent 1.999
00604 
00604 #set current and turn on output and verify feedback
00604 LdCurrentSet = 2500: NULL : WAIT = 0.1
00605 LdEnable = 1 : NULL
00606 #TESING Output5B
00606 sdo[0x6200][2] = 2 : NULL : WAIT = 0.1
00607 #verify reading  Output5B
00607 NULL : sdo[0x5003][10] = 25.0 | 2 | 0.5
00607 TEST: Status Message Amp.Port_5B 25.0 +/- 2.0
00607 PASS: Status Message Amp.Port_5B 27.0
00608 NULL : sdo[0x5001][5] = 6 | 0.01 | 0.1
00608 PASS: Status Message F1.Status_Output5-6 6.0
00609 #verify reading from load
00609 NULL : MeterCurrent = 2.5 | 0.1 | 0.1
00609 TEST: MeterCurrent 2.5 +/- 0.1
00609 PASS: MeterCurrent 2.5
00610 
00610 #set current and turn on output and verify feedback
00610 LdCurrentSet = 3000: NULL : WAIT = 0.1
00611 LdEnable = 1 : NULL
00612 #TESING Output5B
00612 sdo[0x6200][2] = 2 : NULL : WAIT = 0.1
00613 #verify reading  Output5B
00613 NULL : sdo[0x5003][10] = 30.0 | 2 | 0.5
00613 TEST: Status Message Amp.Port_5B 30.0 +/- 2.0
00613 PASS: Status Message Amp.Port_5B 31.0
00614 NULL : sdo[0x5001][5] = 6 | 0.01 | 0.1
00614 PASS: Status Message F1.Status_Output5-6 6.0
00615 #verify reading from load
00615 NULL : MeterCurrent = 3.0 | 0.1 | 0.1
00615 TEST: MeterCurrent 3.0 +/- 0.1
00615 PASS: MeterCurrent 2.999
00616 
00616 #set current and turn on output and verify feedback
00616 LdCurrentSet = 3500: NULL : WAIT = 0.1
00617 LdEnable = 1 : NULL
00618 #TESING Output5B
00618 sdo[0x6200][2] = 2 : NULL : WAIT = 0.1
00619 #verify reading  Output5B
00619 NULL : sdo[0x5003][10] = 35.0 | 2 | 0.5
00619 TEST: Status Message Amp.Port_5B 35.0 +/- 2.0
00619 PASS: Status Message Amp.Port_5B 35.0
00620 NULL : sdo[0x5001][5] = 6 | 0.01 | 0.1
00620 PASS: Status Message F1.Status_Output5-6 6.0
00621 #verify reading from load
00621 NULL : MeterCurrent = 3.5 | 0.1 | 0.1
00621 TEST: MeterCurrent 3.5 +/- 0.1
00621 PASS: MeterCurrent 3.499
00622 
00622 #set current and turn on output and verify feedback
00622 LdCurrentSet = 4000: NULL : WAIT = 0.1
00623 LdEnable = 1 : NULL
00624 #TESING Output5B
00624 sdo[0x6200][2] = 2 : NULL : WAIT = 0.1
00625 #verify reading  Output5B
00625 NULL : sdo[0x5003][10] = 40.0 | 2 | 0.5
00625 TEST: Status Message Amp.Port_5B 40.0 +/- 2.0
00625 PASS: Status Message Amp.Port_5B 40.0
00626 NULL : sdo[0x5001][5] = 6 | 0.01 | 0.1
00626 PASS: Status Message F1.Status_Output5-6 6.0
00627 #verify reading from load
00627 NULL : MeterCurrent = 4.0 | 0.1 | 0.1
00627 TEST: MeterCurrent 4.0 +/- 0.1
00627 PASS: MeterCurrent 3.999
00628 
00628 #set current and turn on output and verify feedback
00628 LdCurrentSet = 4500: NULL : WAIT = 0.1
00629 LdEnable = 1 : NULL
00630 #TESING Output5B
00630 sdo[0x6200][2] = 2 : NULL : WAIT = 0.1
00631 #verify reading  Output5B
00631 NULL : sdo[0x5003][10] = 45.0 | 2 | 0.5
00631 TEST: Status Message Amp.Port_5B 45.0 +/- 2.0
00631 PASS: Status Message Amp.Port_5B 45.0
00632 NULL : sdo[0x5001][5] = 6 | 0.01 | 0.1
00632 PASS: Status Message F1.Status_Output5-6 6.0
00633 #verify reading from load
00633 NULL : MeterCurrent = 4.5 | 0.1 | 0.1
00633 TEST: MeterCurrent 4.5 +/- 0.1
00633 PASS: MeterCurrent 4.499
00634 
00634 #set current and turn on output and verify feedback
00634 LdCurrentSet = 5000: NULL : WAIT = 0.1
00635 LdEnable = 1 : NULL
00636 #TESING Output5B
00636 sdo[0x6200][2] = 2 : NULL : WAIT = 0.1
00637 #verify fault Output5B
00637 NULL : sdo[0x5003][10] = 0 | 0.1 | 0.1
00637 TEST: Status Message Amp.Port_5B 0.0 +/- 0.1
00637 FAIL: Status Message Amp.Port_5B 50.0
00638 NULL : sdo[0x5001][5] = 10 | 0 | 0.1
00638 TEST: Status Message F1.Status_Output5-6 10.0 +/- 0.0
00638 FAIL: Status Message F1.Status_Output5-6 6.0
00639 #verify reading from load
00639 NULL : MeterCurrent = 0  | 0.01 | 0.1
00639 TEST: MeterCurrent 0.0 +/- 0.01
00639 FAIL: MeterCurrent 5.0
00640 
00640 #set current and turn on output and verify feedback
00640 LdCurrentSet = 5500: NULL : WAIT = 0.1
00641 LdEnable = 1 : NULL
00642 #TESING Output5B
00642 sdo[0x6200][2] = 2 : NULL : WAIT = 0.1
00643 #verify fault Output5B
00643 NULL : sdo[0x5003][10] = 0 | 0.1 | 0.1
00643 TEST: Status Message Amp.Port_5B 0.0 +/- 0.1
00643 PASS: Status Message Amp.Port_5B 0.0
00644 NULL : sdo[0x5001][5] = 10 | 0 | 0.1
00644 PASS: Status Message F1.Status_Output5-6 10.0
00645 #verify reading from load
00645 NULL : MeterCurrent = 0  | 0.01 | 0.1
00645 TEST: MeterCurrent 0.0 +/- 0.01
00645 PASS: MeterCurrent 0.0
00646 
00646 #switch out load line, clear current
00646 sdo[0x6200][2] = 0 : NULL : WAIT = 0.1
00647 J2_10 = 0 : NULL : WAIT = 0.5
00648 #read signal value to update
00648 NULL : sdo[0x5003][10] = 0 | 155 | 0.5
00648 TEST: Status Message Amp.Port_5B 0.0 +/- 155.0
00648 PASS: Status Message Amp.Port_5B 0.0
00649 LdCurrentSet = 0 : NULL : WAIT = 0.1
00650 NULL : sdo[0x5001][5] = 10 | 0 | 0.1
00650 TEST: Status Message F1.Status_Output5-6 10.0 +/- 0.0
00650 PASS: Status Message F1.Status_Output5-6 10.0
00651 sdo[0x2000][1] = 0, sdo[0x2000][2] = 0 : NULL
00652 sdo[0x2001][6] = 17 : NULL
00653 #switch in load line, set current
00653 J2_11 = 1 : NULL
00654 
00654 #set current and turn on output and verify feedback
00654 LdCurrentSet = 0: NULL : WAIT = 0.1
00655 LdEnable = 1 : NULL
00656 #TESING Output6A
00656 sdo[0x6200][2] = 4 : NULL : WAIT = 0.1
00657 #verify reading  Output6A
00657 NULL : sdo[0x5003][11] = 0.0 | 2 | 0.5
00657 TEST: Status Message Amp.Port_6A 0.0 +/- 2.0
00657 PASS: Status Message Amp.Port_6A 0.0
00658 NULL : sdo[0x5001][5] = 26 | 0.01 | 0.1
00658 PASS: Status Message F1.Status_Output5-6 26.0
00659 #verify reading from load
00659 NULL : MeterCurrent = 0.0 | 0.1 | 0.1
00659 TEST: MeterCurrent 0.0 +/- 0.1
00659 PASS: MeterCurrent 0.0
00660 
00660 #set current and turn on output and verify feedback
00660 LdCurrentSet = 500: NULL : WAIT = 0.1
00661 LdEnable = 1 : NULL
00662 #TESING Output6A
00662 sdo[0x6200][2] = 4 : NULL : WAIT = 0.1
00663 #verify reading  Output6A
00663 NULL : sdo[0x5003][11] = 5.0 | 2 | 0.5
00663 TEST: Status Message Amp.Port_6A 5.0 +/- 2.0
00663 PASS: Status Message Amp.Port_6A 3.0
00664 NULL : sdo[0x5001][5] = 26 | 0.01 | 0.1
00664 PASS: Status Message F1.Status_Output5-6 26.0
00665 #verify reading from load
00665 NULL : MeterCurrent = 0.5 | 0.1 | 0.1
00665 TEST: MeterCurrent 0.5 +/- 0.1
00665 PASS: MeterCurrent 0.499
00666 
00666 #set current and turn on output and verify feedback
00666 LdCurrentSet = 1000: NULL : WAIT = 0.1
00667 LdEnable = 1 : NULL
00668 #TESING Output6A
00668 sdo[0x6200][2] = 4 : NULL : WAIT = 0.1
00669 #verify reading  Output6A
00669 NULL : sdo[0x5003][11] = 10.0 | 2 | 0.5
00669 TEST: Status Message Amp.Port_6A 10.0 +/- 2.0
00669 PASS: Status Message Amp.Port_6A 10.0
00670 NULL : sdo[0x5001][5] = 26 | 0.01 | 0.1
00670 PASS: Status Message F1.Status_Output5-6 26.0
00671 #verify reading from load
00671 NULL : MeterCurrent = 1.0 | 0.1 | 0.1
00671 TEST: MeterCurrent 1.0 +/- 0.1
00671 PASS: MeterCurrent 0.999
00672 
00672 #set current and turn on output and verify feedback
00672 LdCurrentSet = 1500: NULL : WAIT = 0.1
00673 LdEnable = 1 : NULL
00674 #TESING Output6A
00674 sdo[0x6200][2] = 4 : NULL : WAIT = 0.1
00675 #verify reading  Output6A
00675 NULL : sdo[0x5003][11] = 15.0 | 2 | 0.5
00675 TEST: Status Message Amp.Port_6A 15.0 +/- 2.0
00675 PASS: Status Message Amp.Port_6A 15.0
00676 NULL : sdo[0x5001][5] = 26 | 0.01 | 0.1
00676 PASS: Status Message F1.Status_Output5-6 26.0
00677 #verify reading from load
00677 NULL : MeterCurrent = 1.5 | 0.1 | 0.1
00677 TEST: MeterCurrent 1.5 +/- 0.1
00677 PASS: MeterCurrent 1.499
00678 
00678 #set current and turn on output and verify feedback
00678 LdCurrentSet = 2000: NULL : WAIT = 0.1
00679 LdEnable = 1 : NULL
00680 #TESING Output6A
00680 sdo[0x6200][2] = 4 : NULL : WAIT = 0.1
00681 #verify reading  Output6A
00681 NULL : sdo[0x5003][11] = 20.0 | 2 | 0.5
00681 TEST: Status Message Amp.Port_6A 20.0 +/- 2.0
00681 PASS: Status Message Amp.Port_6A 20.0
00682 NULL : sdo[0x5001][5] = 26 | 0.01 | 0.1
00682 PASS: Status Message F1.Status_Output5-6 26.0
00683 #verify reading from load
00683 NULL : MeterCurrent = 2.0 | 0.1 | 0.1
00683 TEST: MeterCurrent 2.0 +/- 0.1
00683 PASS: MeterCurrent 1.999
00684 
00684 #set current and turn on output and verify feedback
00684 LdCurrentSet = 2500: NULL : WAIT = 0.1
00685 LdEnable = 1 : NULL
00686 #TESING Output6A
00686 sdo[0x6200][2] = 4 : NULL : WAIT = 0.1
00687 #verify reading  Output6A
00687 NULL : sdo[0x5003][11] = 25.0 | 2 | 0.5
00687 TEST: Status Message Amp.Port_6A 25.0 +/- 2.0
00687 PASS: Status Message Amp.Port_6A 25.0
00688 NULL : sdo[0x5001][5] = 26 | 0.01 | 0.1
00688 PASS: Status Message F1.Status_Output5-6 26.0
00689 #verify reading from load
00689 NULL : MeterCurrent = 2.5 | 0.1 | 0.1
00689 TEST: MeterCurrent 2.5 +/- 0.1
00689 PASS: MeterCurrent 2.5
00690 
00690 #set current and turn on output and verify feedback
00690 LdCurrentSet = 3000: NULL : WAIT = 0.1
00691 LdEnable = 1 : NULL
00692 #TESING Output6A
00692 sdo[0x6200][2] = 4 : NULL : WAIT = 0.1
00693 #verify reading  Output6A
00693 NULL : sdo[0x5003][11] = 30.0 | 2 | 0.5
00693 TEST: Status Message Amp.Port_6A 30.0 +/- 2.0
00693 PASS: Status Message Amp.Port_6A 30.0
00694 NULL : sdo[0x5001][5] = 26 | 0.01 | 0.1
00694 PASS: Status Message F1.Status_Output5-6 26.0
00695 #verify reading from load
00695 NULL : MeterCurrent = 3.0 | 0.1 | 0.1
00695 TEST: MeterCurrent 3.0 +/- 0.1
00695 PASS: MeterCurrent 3.0
00696 
00696 #set current and turn on output and verify feedback
00696 LdCurrentSet = 3500: NULL : WAIT = 0.1
00697 LdEnable = 1 : NULL
00698 #TESING Output6A
00698 sdo[0x6200][2] = 4 : NULL : WAIT = 0.1
00699 #verify reading  Output6A
00699 NULL : sdo[0x5003][11] = 35.0 | 2 | 0.5
00699 TEST: Status Message Amp.Port_6A 35.0 +/- 2.0
00699 PASS: Status Message Amp.Port_6A 35.0
00700 NULL : sdo[0x5001][5] = 26 | 0.01 | 0.1
00700 PASS: Status Message F1.Status_Output5-6 26.0
00701 #verify reading from load
00701 NULL : MeterCurrent = 3.5 | 0.1 | 0.1
00701 TEST: MeterCurrent 3.5 +/- 0.1
00701 PASS: MeterCurrent 3.499
00702 
00702 #set current and turn on output and verify feedback
00702 LdCurrentSet = 4000: NULL : WAIT = 0.1
00703 LdEnable = 1 : NULL
00704 #TESING Output6A
00704 sdo[0x6200][2] = 4 : NULL : WAIT = 0.1
00705 #verify reading  Output6A
00705 NULL : sdo[0x5003][11] = 40.0 | 2 | 0.5
00705 TEST: Status Message Amp.Port_6A 40.0 +/- 2.0
00705 PASS: Status Message Amp.Port_6A 40.0
00706 NULL : sdo[0x5001][5] = 26 | 0.01 | 0.1
00706 PASS: Status Message F1.Status_Output5-6 26.0
00707 #verify reading from load
00707 NULL : MeterCurrent = 4.0 | 0.1 | 0.1
00707 TEST: MeterCurrent 4.0 +/- 0.1
00707 PASS: MeterCurrent 3.999
00708 
00708 #set current and turn on output and verify feedback
00708 LdCurrentSet = 4500: NULL : WAIT = 0.1
00709 LdEnable = 1 : NULL
00710 #TESING Output6A
00710 sdo[0x6200][2] = 4 : NULL : WAIT = 0.1
00711 #verify reading  Output6A
00711 NULL : sdo[0x5003][11] = 45.0 | 2 | 0.5
00711 TEST: Status Message Amp.Port_6A 45.0 +/- 2.0
00711 PASS: Status Message Amp.Port_6A 45.0
00712 NULL : sdo[0x5001][5] = 26 | 0.01 | 0.1
00712 PASS: Status Message F1.Status_Output5-6 26.0
00713 #verify reading from load
00713 NULL : MeterCurrent = 4.5 | 0.1 | 0.1
00713 TEST: MeterCurrent 4.5 +/- 0.1
00713 PASS: MeterCurrent 4.499
00714 
00714 #set current and turn on output and verify feedback
00714 LdCurrentSet = 5000: NULL : WAIT = 0.1
00715 LdEnable = 1 : NULL
00716 #TESING Output6A
00716 sdo[0x6200][2] = 4 : NULL : WAIT = 0.1
00717 #verify fault Output6A
00717 NULL : sdo[0x5003][11] = 0 | 0.1 | 0.1
00717 TEST: Status Message Amp.Port_6A 0.0 +/- 0.1
00717 FAIL: Status Message Amp.Port_6A 50.0
00718 NULL : sdo[0x5001][5] = 42 | 0 | 0.1
00718 TEST: Status Message F1.Status_Output5-6 42.0 +/- 0.0
00718 FAIL: Status Message F1.Status_Output5-6 26.0
00719 #verify reading from load
00719 NULL : MeterCurrent = 0  | 0.01 | 0.1
00719 TEST: MeterCurrent 0.0 +/- 0.01
00719 FAIL: MeterCurrent 5.0
00720 
00720 #set current and turn on output and verify feedback
00720 LdCurrentSet = 5500: NULL : WAIT = 0.1
00721 LdEnable = 1 : NULL
00722 #TESING Output6A
00722 sdo[0x6200][2] = 4 : NULL : WAIT = 0.1
00723 #verify fault Output6A
00723 NULL : sdo[0x5003][11] = 0 | 0.1 | 0.1
00723 TEST: Status Message Amp.Port_6A 0.0 +/- 0.1
00723 PASS: Status Message Amp.Port_6A 0.0
00724 NULL : sdo[0x5001][5] = 42 | 0 | 0.1
00724 PASS: Status Message F1.Status_Output5-6 42.0
00725 #verify reading from load
00725 NULL : MeterCurrent = 0  | 0.01 | 0.1
00725 TEST: MeterCurrent 0.0 +/- 0.01
00725 PASS: MeterCurrent 0.0
00726 
00726 #switch out load line, clear current
00726 sdo[0x6200][2] = 0 : NULL : WAIT = 0.1
00727 J2_11 = 0 : NULL : WAIT = 0.5
00728 #read signal value to update
00728 NULL : sdo[0x5003][11] = 0 | 155 | 0.5
00728 TEST: Status Message Amp.Port_6A 0.0 +/- 155.0
00728 PASS: Status Message Amp.Port_6A 0.0
00729 LdCurrentSet = 0 : NULL : WAIT = 0.1
00730 NULL : sdo[0x5001][5] = 42 | 0 | 0.1
00730 TEST: Status Message F1.Status_Output5-6 42.0 +/- 0.0
00730 PASS: Status Message F1.Status_Output5-6 42.0
00731 sdo[0x2000][1] = 0, sdo[0x2000][2] = 0 : NULL
00732 sdo[0x2001][6] = 17 : NULL
00733 #switch in load line, set current
00733 J2_12 = 1 : NULL
00734 
00734 #set current and turn on output and verify feedback
00734 LdCurrentSet = 0: NULL : WAIT = 0.1
00735 LdEnable = 1 : NULL
00736 #TESING Output6B
00736 sdo[0x6200][2] = 8 : NULL : WAIT = 0.1
00737 #verify reading  Output6B
00737 NULL : sdo[0x5003][12] = 0.0 | 2 | 0.5
00737 TEST: Status Message Amp.Port_6B 0.0 +/- 2.0
00737 PASS: Status Message Amp.Port_6B 0.0
00738 NULL : sdo[0x5001][5] = 106 | 0.01 | 0.1
00738 PASS: Status Message F1.Status_Output5-6 106.0
00739 #verify reading from load
00739 NULL : MeterCurrent = 0.0 | 0.1 | 0.1
00739 TEST: MeterCurrent 0.0 +/- 0.1
00739 PASS: MeterCurrent 0.0
00740 
00740 #set current and turn on output and verify feedback
00740 LdCurrentSet = 500: NULL : WAIT = 0.1
00741 LdEnable = 1 : NULL
00742 #TESING Output6B
00742 sdo[0x6200][2] = 8 : NULL : WAIT = 0.1
00743 #verify reading  Output6B
00743 NULL : sdo[0x5003][12] = 5.0 | 2 | 0.5
00743 TEST: Status Message Amp.Port_6B 5.0 +/- 2.0
00743 FAIL: Status Message Amp.Port_6B 1.0
00744 NULL : sdo[0x5001][5] = 106 | 0.01 | 0.1
00744 PASS: Status Message F1.Status_Output5-6 106.0
00745 #verify reading from load
00745 NULL : MeterCurrent = 0.5 | 0.1 | 0.1
00745 TEST: MeterCurrent 0.5 +/- 0.1
00745 PASS: MeterCurrent 0.499
00746 
00746 #set current and turn on output and verify feedback
00746 LdCurrentSet = 1000: NULL : WAIT = 0.1
00747 LdEnable = 1 : NULL
00748 #TESING Output6B
00748 sdo[0x6200][2] = 8 : NULL : WAIT = 0.1
00749 #verify reading  Output6B
00749 NULL : sdo[0x5003][12] = 10.0 | 2 | 0.5
00749 TEST: Status Message Amp.Port_6B 10.0 +/- 2.0
00749 PASS: Status Message Amp.Port_6B 10.0
00750 NULL : sdo[0x5001][5] = 106 | 0.01 | 0.1
00750 PASS: Status Message F1.Status_Output5-6 106.0
00751 #verify reading from load
00751 NULL : MeterCurrent = 1.0 | 0.1 | 0.1
00751 TEST: MeterCurrent 1.0 +/- 0.1
00751 PASS: MeterCurrent 0.999
00752 
00752 #set current and turn on output and verify feedback
00752 LdCurrentSet = 1500: NULL : WAIT = 0.1
00753 LdEnable = 1 : NULL
00754 #TESING Output6B
00754 sdo[0x6200][2] = 8 : NULL : WAIT = 0.1
00755 #verify reading  Output6B
00755 NULL : sdo[0x5003][12] = 15.0 | 2 | 0.5
00755 TEST: Status Message Amp.Port_6B 15.0 +/- 2.0
00755 PASS: Status Message Amp.Port_6B 17.0
00756 NULL : sdo[0x5001][5] = 106 | 0.01 | 0.1
00756 PASS: Status Message F1.Status_Output5-6 106.0
00757 #verify reading from load
00757 NULL : MeterCurrent = 1.5 | 0.1 | 0.1
00757 TEST: MeterCurrent 1.5 +/- 0.1
00757 PASS: MeterCurrent 1.499
00758 
00758 #set current and turn on output and verify feedback
00758 LdCurrentSet = 2000: NULL : WAIT = 0.1
00759 LdEnable = 1 : NULL
00760 #TESING Output6B
00760 sdo[0x6200][2] = 8 : NULL : WAIT = 0.1
00761 #verify reading  Output6B
00761 NULL : sdo[0x5003][12] = 20.0 | 2 | 0.5
00761 TEST: Status Message Amp.Port_6B 20.0 +/- 2.0
00761 PASS: Status Message Amp.Port_6B 21.0
00762 NULL : sdo[0x5001][5] = 106 | 0.01 | 0.1
00762 PASS: Status Message F1.Status_Output5-6 106.0
00763 #verify reading from load
00763 NULL : MeterCurrent = 2.0 | 0.1 | 0.1
00763 TEST: MeterCurrent 2.0 +/- 0.1
00763 PASS: MeterCurrent 2.0
00764 
00764 #set current and turn on output and verify feedback
00764 LdCurrentSet = 2500: NULL : WAIT = 0.1
00765 LdEnable = 1 : NULL
00766 #TESING Output6B
00766 sdo[0x6200][2] = 8 : NULL : WAIT = 0.1
00767 #verify reading  Output6B
00767 NULL : sdo[0x5003][12] = 25.0 | 2 | 0.5
00767 TEST: Status Message Amp.Port_6B 25.0 +/- 2.0
00767 PASS: Status Message Amp.Port_6B 26.0
00768 NULL : sdo[0x5001][5] = 106 | 0.01 | 0.1
00768 PASS: Status Message F1.Status_Output5-6 106.0
00769 #verify reading from load
00769 NULL : MeterCurrent = 2.5 | 0.1 | 0.1
00769 TEST: MeterCurrent 2.5 +/- 0.1
00769 PASS: MeterCurrent 2.5
00770 
00770 #set current and turn on output and verify feedback
00770 LdCurrentSet = 3000: NULL : WAIT = 0.1
00771 LdEnable = 1 : NULL
00772 #TESING Output6B
00772 sdo[0x6200][2] = 8 : NULL : WAIT = 0.1
00773 #verify reading  Output6B
00773 NULL : sdo[0x5003][12] = 30.0 | 2 | 0.5
00773 TEST: Status Message Amp.Port_6B 30.0 +/- 2.0
00773 PASS: Status Message Amp.Port_6B 31.0
00774 NULL : sdo[0x5001][5] = 106 | 0.01 | 0.1
00774 PASS: Status Message F1.Status_Output5-6 106.0
00775 #verify reading from load
00775 NULL : MeterCurrent = 3.0 | 0.1 | 0.1
00775 TEST: MeterCurrent 3.0 +/- 0.1
00775 PASS: MeterCurrent 2.999
00776 
00776 #set current and turn on output and verify feedback
00776 LdCurrentSet = 3500: NULL : WAIT = 0.1
00777 LdEnable = 1 : NULL
00778 #TESING Output6B
00778 sdo[0x6200][2] = 8 : NULL : WAIT = 0.1
00779 #verify reading  Output6B
00779 NULL : sdo[0x5003][12] = 35.0 | 2 | 0.5
00779 TEST: Status Message Amp.Port_6B 35.0 +/- 2.0
00779 PASS: Status Message Amp.Port_6B 35.0
00780 NULL : sdo[0x5001][5] = 106 | 0.01 | 0.1
00780 PASS: Status Message F1.Status_Output5-6 106.0
00781 #verify reading from load
00781 NULL : MeterCurrent = 3.5 | 0.1 | 0.1
00781 TEST: MeterCurrent 3.5 +/- 0.1
00781 PASS: MeterCurrent 3.499
00782 
00782 #set current and turn on output and verify feedback
00782 LdCurrentSet = 4000: NULL : WAIT = 0.1
00783 LdEnable = 1 : NULL
00784 #TESING Output6B
00784 sdo[0x6200][2] = 8 : NULL : WAIT = 0.1
00785 #verify reading  Output6B
00785 NULL : sdo[0x5003][12] = 40.0 | 2 | 0.5
00785 TEST: Status Message Amp.Port_6B 40.0 +/- 2.0
00785 PASS: Status Message Amp.Port_6B 40.0
00786 NULL : sdo[0x5001][5] = 106 | 0.01 | 0.1
00786 PASS: Status Message F1.Status_Output5-6 106.0
00787 #verify reading from load
00787 NULL : MeterCurrent = 4.0 | 0.1 | 0.1
00787 TEST: MeterCurrent 4.0 +/- 0.1
00787 PASS: MeterCurrent 4.0
00788 
00788 #set current and turn on output and verify feedback
00788 LdCurrentSet = 4500: NULL : WAIT = 0.1
00789 LdEnable = 1 : NULL
00790 #TESING Output6B
00790 sdo[0x6200][2] = 8 : NULL : WAIT = 0.1
00791 #verify reading  Output6B
00791 NULL : sdo[0x5003][12] = 45.0 | 2 | 0.5
00791 TEST: Status Message Amp.Port_6B 45.0 +/- 2.0
00791 PASS: Status Message Amp.Port_6B 44.0
00792 NULL : sdo[0x5001][5] = 106 | 0.01 | 0.1
00792 PASS: Status Message F1.Status_Output5-6 106.0
00793 #verify reading from load
00793 NULL : MeterCurrent = 4.5 | 0.1 | 0.1
00793 TEST: MeterCurrent 4.5 +/- 0.1
00793 PASS: MeterCurrent 4.499
00794 
00794 #set current and turn on output and verify feedback
00794 LdCurrentSet = 5000: NULL : WAIT = 0.1
00795 LdEnable = 1 : NULL
00796 #TESING Output6B
00796 sdo[0x6200][2] = 8 : NULL : WAIT = 0.1
00797 #verify fault Output6B
00797 NULL : sdo[0x5003][12] = 0 | 0.1 | 0.1
00797 TEST: Status Message Amp.Port_6B 0.0 +/- 0.1
00797 FAIL: Status Message Amp.Port_6B 50.0
00798 NULL : sdo[0x5001][5] = 170 | 0 | 0.1
00798 TEST: Status Message F1.Status_Output5-6 170.0 +/- 0.0
00798 FAIL: Status Message F1.Status_Output5-6 106.0
00799 #verify reading from load
00799 NULL : MeterCurrent = 0  | 0.01 | 0.1
00799 TEST: MeterCurrent 0.0 +/- 0.01
00799 FAIL: MeterCurrent 4.999
00800 
00800 #set current and turn on output and verify feedback
00800 LdCurrentSet = 5500: NULL : WAIT = 0.1
00801 LdEnable = 1 : NULL
00802 #TESING Output6B
00802 sdo[0x6200][2] = 8 : NULL : WAIT = 0.1
00803 #verify fault Output6B
00803 NULL : sdo[0x5003][12] = 0 | 0.1 | 0.1
00803 TEST: Status Message Amp.Port_6B 0.0 +/- 0.1
00803 PASS: Status Message Amp.Port_6B 0.0
00804 NULL : sdo[0x5001][5] = 170 | 0 | 0.1
00804 PASS: Status Message F1.Status_Output5-6 170.0
00805 #verify reading from load
00805 NULL : MeterCurrent = 0  | 0.01 | 0.1
00805 TEST: MeterCurrent 0.0 +/- 0.01
00805 PASS: MeterCurrent 0.0
00806 
00806 #switch out load line, clear current
00806 sdo[0x6200][2] = 0 : NULL : WAIT = 0.1
00807 J2_12 = 0 : NULL : WAIT = 0.5
00808 #read signal value to update
00808 NULL : sdo[0x5003][12] = 0 | 155 | 0.5
00808 TEST: Status Message Amp.Port_6B 0.0 +/- 155.0
00808 PASS: Status Message Amp.Port_6B 0.0
00809 LdCurrentSet = 0 : NULL : WAIT = 0.1
00810 NULL : sdo[0x5001][5] = 170 | 0 | 0.1
00810 TEST: Status Message F1.Status_Output5-6 170.0 +/- 0.0
00810 PASS: Status Message F1.Status_Output5-6 170.0
00811 sdo[0x2000][1] = 0, sdo[0x2000][2] = 0 : NULL
00812 sdo[0x2001][7] = 17 : NULL
00813 #switch in load line, set current
00813 J3_01 = 1 : NULL
00814 
00814 #set current and turn on output and verify feedback
00814 LdCurrentSet = 0: NULL : WAIT = 0.1
00815 LdEnable = 1 : NULL
00816 #TESING Output7A
00816 sdo[0x6200][2] = 16 : NULL : WAIT = 0.1
00817 #verify reading  Output7A
00817 NULL : sdo[0x5003][13] = 0.0 | 2 | 0.5
00817 TEST: Status Message Amp.Port_7A 0.0 +/- 2.0
00817 PASS: Status Message Amp.Port_7A 0.0
00818 NULL : sdo[0x5001][6] = 1 | 0.01 | 0.1
00818 PASS: Status Message F1.Status_Output7-8 1.0
00819 #verify reading from load
00819 NULL : MeterCurrent = 0.0 | 0.1 | 0.1
00819 TEST: MeterCurrent 0.0 +/- 0.1
00819 PASS: MeterCurrent 0.0
00820 
00820 #set current and turn on output and verify feedback
00820 LdCurrentSet = 500: NULL : WAIT = 0.1
00821 LdEnable = 1 : NULL
00822 #TESING Output7A
00822 sdo[0x6200][2] = 16 : NULL : WAIT = 0.1
00823 #verify reading  Output7A
00823 NULL : sdo[0x5003][13] = 5.0 | 2 | 0.5
00823 TEST: Status Message Amp.Port_7A 5.0 +/- 2.0
00823 PASS: Status Message Amp.Port_7A 3.0
00824 NULL : sdo[0x5001][6] = 1 | 0.01 | 0.1
00824 PASS: Status Message F1.Status_Output7-8 1.0
00825 #verify reading from load
00825 NULL : MeterCurrent = 0.5 | 0.1 | 0.1
00825 TEST: MeterCurrent 0.5 +/- 0.1
00825 PASS: MeterCurrent 0.499
00826 
00826 #set current and turn on output and verify feedback
00826 LdCurrentSet = 1000: NULL : WAIT = 0.1
00827 LdEnable = 1 : NULL
00828 #TESING Output7A
00828 sdo[0x6200][2] = 16 : NULL : WAIT = 0.1
00829 #verify reading  Output7A
00829 NULL : sdo[0x5003][13] = 10.0 | 2 | 0.5
00829 TEST: Status Message Amp.Port_7A 10.0 +/- 2.0
00829 PASS: Status Message Amp.Port_7A 10.0
00830 NULL : sdo[0x5001][6] = 1 | 0.01 | 0.1
00830 PASS: Status Message F1.Status_Output7-8 1.0
00831 #verify reading from load
00831 NULL : MeterCurrent = 1.0 | 0.1 | 0.1
00831 TEST: MeterCurrent 1.0 +/- 0.1
00831 PASS: MeterCurrent 0.999
00832 
00832 #set current and turn on output and verify feedback
00832 LdCurrentSet = 1500: NULL : WAIT = 0.1
00833 LdEnable = 1 : NULL
00834 #TESING Output7A
00834 sdo[0x6200][2] = 16 : NULL : WAIT = 0.1
00835 #verify reading  Output7A
00835 NULL : sdo[0x5003][13] = 15.0 | 2 | 0.5
00835 TEST: Status Message Amp.Port_7A 15.0 +/- 2.0
00835 PASS: Status Message Amp.Port_7A 15.0
00836 NULL : sdo[0x5001][6] = 1 | 0.01 | 0.1
00836 PASS: Status Message F1.Status_Output7-8 1.0
00837 #verify reading from load
00837 NULL : MeterCurrent = 1.5 | 0.1 | 0.1
00837 TEST: MeterCurrent 1.5 +/- 0.1
00837 PASS: MeterCurrent 1.499
00838 
00838 #set current and turn on output and verify feedback
00838 LdCurrentSet = 2000: NULL : WAIT = 0.1
00839 LdEnable = 1 : NULL
00840 #TESING Output7A
00840 sdo[0x6200][2] = 16 : NULL : WAIT = 0.1
00841 #verify reading  Output7A
00841 NULL : sdo[0x5003][13] = 20.0 | 2 | 0.5
00841 TEST: Status Message Amp.Port_7A 20.0 +/- 2.0
00841 PASS: Status Message Amp.Port_7A 20.0
00842 NULL : sdo[0x5001][6] = 1 | 0.01 | 0.1
00842 PASS: Status Message F1.Status_Output7-8 1.0
00843 #verify reading from load
00843 NULL : MeterCurrent = 2.0 | 0.1 | 0.1
00843 TEST: MeterCurrent 2.0 +/- 0.1
00843 PASS: MeterCurrent 1.999
00844 
00844 #set current and turn on output and verify feedback
00844 LdCurrentSet = 2500: NULL : WAIT = 0.1
00845 LdEnable = 1 : NULL
00846 #TESING Output7A
00846 sdo[0x6200][2] = 16 : NULL : WAIT = 0.1
00847 #verify reading  Output7A
00847 NULL : sdo[0x5003][13] = 25.0 | 2 | 0.5
00847 TEST: Status Message Amp.Port_7A 25.0 +/- 2.0
00847 PASS: Status Message Amp.Port_7A 26.0
00848 NULL : sdo[0x5001][6] = 1 | 0.01 | 0.1
00848 PASS: Status Message F1.Status_Output7-8 1.0
00849 #verify reading from load
00849 NULL : MeterCurrent = 2.5 | 0.1 | 0.1
00849 TEST: MeterCurrent 2.5 +/- 0.1
00849 PASS: MeterCurrent 2.5
00850 
00850 #set current and turn on output and verify feedback
00850 LdCurrentSet = 3000: NULL : WAIT = 0.1
00851 LdEnable = 1 : NULL
00852 #TESING Output7A
00852 sdo[0x6200][2] = 16 : NULL : WAIT = 0.1
00853 #verify reading  Output7A
00853 NULL : sdo[0x5003][13] = 30.0 | 2 | 0.5
00853 TEST: Status Message Amp.Port_7A 30.0 +/- 2.0
00853 PASS: Status Message Amp.Port_7A 31.0
00854 NULL : sdo[0x5001][6] = 1 | 0.01 | 0.1
00854 PASS: Status Message F1.Status_Output7-8 1.0
00855 #verify reading from load
00855 NULL : MeterCurrent = 3.0 | 0.1 | 0.1
00855 TEST: MeterCurrent 3.0 +/- 0.1
00855 PASS: MeterCurrent 2.999
00856 
00856 #set current and turn on output and verify feedback
00856 LdCurrentSet = 3500: NULL : WAIT = 0.1
00857 LdEnable = 1 : NULL
00858 #TESING Output7A
00858 sdo[0x6200][2] = 16 : NULL : WAIT = 0.1
00859 #verify reading  Output7A
00859 NULL : sdo[0x5003][13] = 35.0 | 2 | 0.5
00859 TEST: Status Message Amp.Port_7A 35.0 +/- 2.0
00859 PASS: Status Message Amp.Port_7A 35.0
00860 NULL : sdo[0x5001][6] = 1 | 0.01 | 0.1
00860 PASS: Status Message F1.Status_Output7-8 1.0
00861 #verify reading from load
00861 NULL : MeterCurrent = 3.5 | 0.1 | 0.1
00861 TEST: MeterCurrent 3.5 +/- 0.1
00861 PASS: MeterCurrent 3.499
00862 
00862 #set current and turn on output and verify feedback
00862 LdCurrentSet = 4000: NULL : WAIT = 0.1
00863 LdEnable = 1 : NULL
00864 #TESING Output7A
00864 sdo[0x6200][2] = 16 : NULL : WAIT = 0.1
00865 #verify reading  Output7A
00865 NULL : sdo[0x5003][13] = 40.0 | 2 | 0.5
00865 TEST: Status Message Amp.Port_7A 40.0 +/- 2.0
00865 PASS: Status Message Amp.Port_7A 40.0
00866 NULL : sdo[0x5001][6] = 1 | 0.01 | 0.1
00866 PASS: Status Message F1.Status_Output7-8 1.0
00867 #verify reading from load
00867 NULL : MeterCurrent = 4.0 | 0.1 | 0.1
00867 TEST: MeterCurrent 4.0 +/- 0.1
00867 PASS: MeterCurrent 4.0
00868 
00868 #set current and turn on output and verify feedback
00868 LdCurrentSet = 4500: NULL : WAIT = 0.1
00869 LdEnable = 1 : NULL
00870 #TESING Output7A
00870 sdo[0x6200][2] = 16 : NULL : WAIT = 0.1
00871 #verify reading  Output7A
00871 NULL : sdo[0x5003][13] = 45.0 | 2 | 0.5
00871 TEST: Status Message Amp.Port_7A 45.0 +/- 2.0
00871 PASS: Status Message Amp.Port_7A 45.0
00872 NULL : sdo[0x5001][6] = 1 | 0.01 | 0.1
00872 PASS: Status Message F1.Status_Output7-8 1.0
00873 #verify reading from load
00873 NULL : MeterCurrent = 4.5 | 0.1 | 0.1
00873 TEST: MeterCurrent 4.5 +/- 0.1
00873 PASS: MeterCurrent 4.499
00874 
00874 #set current and turn on output and verify feedback
00874 LdCurrentSet = 5000: NULL : WAIT = 0.1
00875 LdEnable = 1 : NULL
00876 #TESING Output7A
00876 sdo[0x6200][2] = 16 : NULL : WAIT = 0.1
00877 #verify fault Output7A
00877 NULL : sdo[0x5003][13] = 0 | 0.1 | 0.1
00877 TEST: Status Message Amp.Port_7A 0.0 +/- 0.1
00877 FAIL: Status Message Amp.Port_7A 50.0
00878 NULL : sdo[0x5001][6] = 2 | 0 | 0.1
00878 TEST: Status Message F1.Status_Output7-8 2.0 +/- 0.0
00878 FAIL: Status Message F1.Status_Output7-8 1.0
00879 #verify reading from load
00879 NULL : MeterCurrent = 0  | 0.01 | 0.1
00879 TEST: MeterCurrent 0.0 +/- 0.01
00879 FAIL: MeterCurrent 4.999
00880 
00880 #set current and turn on output and verify feedback
00880 LdCurrentSet = 5500: NULL : WAIT = 0.1
00881 LdEnable = 1 : NULL
00882 #TESING Output7A
00882 sdo[0x6200][2] = 16 : NULL : WAIT = 0.1
00883 #verify fault Output7A
00883 NULL : sdo[0x5003][13] = 0 | 0.1 | 0.1
00883 TEST: Status Message Amp.Port_7A 0.0 +/- 0.1
00883 PASS: Status Message Amp.Port_7A 0.0
00884 NULL : sdo[0x5001][6] = 2 | 0 | 0.1
00884 PASS: Status Message F1.Status_Output7-8 2.0
00885 #verify reading from load
00885 NULL : MeterCurrent = 0  | 0.01 | 0.1
00885 TEST: MeterCurrent 0.0 +/- 0.01
00885 PASS: MeterCurrent 0.0
00886 
00886 #switch out load line, clear current
00886 sdo[0x6200][2] = 0 : NULL : WAIT = 0.1
00887 J3_01 = 0 : NULL : WAIT = 0.5
00888 #read signal value to update
00888 NULL : sdo[0x5003][13] = 0 | 155 | 0.5
00888 TEST: Status Message Amp.Port_7A 0.0 +/- 155.0
00888 PASS: Status Message Amp.Port_7A 0.0
00889 LdCurrentSet = 0 : NULL : WAIT = 0.1
00890 NULL : sdo[0x5001][6] = 2 | 0 | 0.1
00890 TEST: Status Message F1.Status_Output7-8 2.0 +/- 0.0
00890 PASS: Status Message F1.Status_Output7-8 2.0
00891 sdo[0x2000][1] = 0, sdo[0x2000][2] = 0 : NULL
00892 sdo[0x2001][7] = 17 : NULL
00893 #switch in load line, set current
00893 J3_02 = 1 : NULL
00894 
00894 #set current and turn on output and verify feedback
00894 LdCurrentSet = 0: NULL : WAIT = 0.1
00895 LdEnable = 1 : NULL
00896 #TESING Output7B
00896 sdo[0x6200][2] = 32 : NULL : WAIT = 0.1
00897 #verify reading  Output7B
00897 NULL : sdo[0x5003][14] = 0.0 | 2 | 0.5
00897 TEST: Status Message Amp.Port_7B 0.0 +/- 2.0
00897 PASS: Status Message Amp.Port_7B 0.0
00898 NULL : sdo[0x5001][6] = 6 | 0.01 | 0.1
00898 PASS: Status Message F1.Status_Output7-8 6.0
00899 #verify reading from load
00899 NULL : MeterCurrent = 0.0 | 0.1 | 0.1
00899 TEST: MeterCurrent 0.0 +/- 0.1
00899 PASS: MeterCurrent 0.0
00900 
00900 #set current and turn on output and verify feedback
00900 LdCurrentSet = 500: NULL : WAIT = 0.1
00901 LdEnable = 1 : NULL
00902 #TESING Output7B
00902 sdo[0x6200][2] = 32 : NULL : WAIT = 0.1
00903 #verify reading  Output7B
00903 NULL : sdo[0x5003][14] = 5.0 | 2 | 0.5
00903 TEST: Status Message Amp.Port_7B 5.0 +/- 2.0
00903 FAIL: Status Message Amp.Port_7B 1.0
00904 NULL : sdo[0x5001][6] = 6 | 0.01 | 0.1
00904 PASS: Status Message F1.Status_Output7-8 6.0
00905 #verify reading from load
00905 NULL : MeterCurrent = 0.5 | 0.1 | 0.1
00905 TEST: MeterCurrent 0.5 +/- 0.1
00905 PASS: MeterCurrent 0.499
00906 
00906 #set current and turn on output and verify feedback
00906 LdCurrentSet = 1000: NULL : WAIT = 0.1
00907 LdEnable = 1 : NULL
00908 #TESING Output7B
00908 sdo[0x6200][2] = 32 : NULL : WAIT = 0.1
00909 #verify reading  Output7B
00909 NULL : sdo[0x5003][14] = 10.0 | 2 | 0.5
00909 TEST: Status Message Amp.Port_7B 10.0 +/- 2.0
00909 PASS: Status Message Amp.Port_7B 10.0
00910 NULL : sdo[0x5001][6] = 6 | 0.01 | 0.1
00910 PASS: Status Message F1.Status_Output7-8 6.0
00911 #verify reading from load
00911 NULL : MeterCurrent = 1.0 | 0.1 | 0.1
00911 TEST: MeterCurrent 1.0 +/- 0.1
00911 PASS: MeterCurrent 0.999
00912 
00912 #set current and turn on output and verify feedback
00912 LdCurrentSet = 1500: NULL : WAIT = 0.1
00913 LdEnable = 1 : NULL
00914 #TESING Output7B
00914 sdo[0x6200][2] = 32 : NULL : WAIT = 0.1
00915 #verify reading  Output7B
00915 NULL : sdo[0x5003][14] = 15.0 | 2 | 0.5
00915 TEST: Status Message Amp.Port_7B 15.0 +/- 2.0
00915 PASS: Status Message Amp.Port_7B 16.0
00916 NULL : sdo[0x5001][6] = 6 | 0.01 | 0.1
00916 PASS: Status Message F1.Status_Output7-8 6.0
00917 #verify reading from load
00917 NULL : MeterCurrent = 1.5 | 0.1 | 0.1
00917 TEST: MeterCurrent 1.5 +/- 0.1
00917 PASS: MeterCurrent 1.499
00918 
00918 #set current and turn on output and verify feedback
00918 LdCurrentSet = 2000: NULL : WAIT = 0.1
00919 LdEnable = 1 : NULL
00920 #TESING Output7B
00920 sdo[0x6200][2] = 32 : NULL : WAIT = 0.1
00921 #verify reading  Output7B
00921 NULL : sdo[0x5003][14] = 20.0 | 2 | 0.5
00921 TEST: Status Message Amp.Port_7B 20.0 +/- 2.0
00921 PASS: Status Message Amp.Port_7B 21.0
00922 NULL : sdo[0x5001][6] = 6 | 0.01 | 0.1
00922 PASS: Status Message F1.Status_Output7-8 6.0
00923 #verify reading from load
00923 NULL : MeterCurrent = 2.0 | 0.1 | 0.1
00923 TEST: MeterCurrent 2.0 +/- 0.1
00923 PASS: MeterCurrent 1.999
00924 
00924 #set current and turn on output and verify feedback
00924 LdCurrentSet = 2500: NULL : WAIT = 0.1
00925 LdEnable = 1 : NULL
00926 #TESING Output7B
00926 sdo[0x6200][2] = 32 : NULL : WAIT = 0.1
00927 #verify reading  Output7B
00927 NULL : sdo[0x5003][14] = 25.0 | 2 | 0.5
00927 TEST: Status Message Amp.Port_7B 25.0 +/- 2.0
00927 PASS: Status Message Amp.Port_7B 26.0
00928 NULL : sdo[0x5001][6] = 6 | 0.01 | 0.1
00928 PASS: Status Message F1.Status_Output7-8 6.0
00929 #verify reading from load
00929 NULL : MeterCurrent = 2.5 | 0.1 | 0.1
00929 TEST: MeterCurrent 2.5 +/- 0.1
00929 PASS: MeterCurrent 2.5
00930 
00930 #set current and turn on output and verify feedback
00930 LdCurrentSet = 3000: NULL : WAIT = 0.1
00931 LdEnable = 1 : NULL
00932 #TESING Output7B
00932 sdo[0x6200][2] = 32 : NULL : WAIT = 0.1
00933 #verify reading  Output7B
00933 NULL : sdo[0x5003][14] = 30.0 | 2 | 0.5
00933 TEST: Status Message Amp.Port_7B 30.0 +/- 2.0
00933 PASS: Status Message Amp.Port_7B 30.0
00934 NULL : sdo[0x5001][6] = 6 | 0.01 | 0.1
00934 PASS: Status Message F1.Status_Output7-8 6.0
00935 #verify reading from load
00935 NULL : MeterCurrent = 3.0 | 0.1 | 0.1
00935 TEST: MeterCurrent 3.0 +/- 0.1
00935 PASS: MeterCurrent 2.999
00936 
00936 #set current and turn on output and verify feedback
00936 LdCurrentSet = 3500: NULL : WAIT = 0.1
00937 LdEnable = 1 : NULL
00938 #TESING Output7B
00938 sdo[0x6200][2] = 32 : NULL : WAIT = 0.1
00939 #verify reading  Output7B
00939 NULL : sdo[0x5003][14] = 35.0 | 2 | 0.5
00939 TEST: Status Message Amp.Port_7B 35.0 +/- 2.0
00939 PASS: Status Message Amp.Port_7B 35.0
00940 NULL : sdo[0x5001][6] = 6 | 0.01 | 0.1
00940 PASS: Status Message F1.Status_Output7-8 6.0
00941 #verify reading from load
00941 NULL : MeterCurrent = 3.5 | 0.1 | 0.1
00941 TEST: MeterCurrent 3.5 +/- 0.1
00941 PASS: MeterCurrent 3.499
00942 
00942 #set current and turn on output and verify feedback
00942 LdCurrentSet = 4000: NULL : WAIT = 0.1
00943 LdEnable = 1 : NULL
00944 #TESING Output7B
00944 sdo[0x6200][2] = 32 : NULL : WAIT = 0.1
00945 #verify reading  Output7B
00945 NULL : sdo[0x5003][14] = 40.0 | 2 | 0.5
00945 TEST: Status Message Amp.Port_7B 40.0 +/- 2.0
00945 PASS: Status Message Amp.Port_7B 39.0
00946 NULL : sdo[0x5001][6] = 6 | 0.01 | 0.1
00946 PASS: Status Message F1.Status_Output7-8 6.0
00947 #verify reading from load
00947 NULL : MeterCurrent = 4.0 | 0.1 | 0.1
00947 TEST: MeterCurrent 4.0 +/- 0.1
00947 PASS: MeterCurrent 4.0
00948 
00948 #set current and turn on output and verify feedback
00948 LdCurrentSet = 4500: NULL : WAIT = 0.1
00949 LdEnable = 1 : NULL
00950 #TESING Output7B
00950 sdo[0x6200][2] = 32 : NULL : WAIT = 0.1
00951 #verify reading  Output7B
00951 NULL : sdo[0x5003][14] = 45.0 | 2 | 0.5
00951 TEST: Status Message Amp.Port_7B 45.0 +/- 2.0
00951 PASS: Status Message Amp.Port_7B 45.0
00952 NULL : sdo[0x5001][6] = 6 | 0.01 | 0.1
00952 PASS: Status Message F1.Status_Output7-8 6.0
00953 #verify reading from load
00953 NULL : MeterCurrent = 4.5 | 0.1 | 0.1
00953 TEST: MeterCurrent 4.5 +/- 0.1
00953 PASS: MeterCurrent 4.499
00954 
00954 #set current and turn on output and verify feedback
00954 LdCurrentSet = 5000: NULL : WAIT = 0.1
00955 LdEnable = 1 : NULL
00956 #TESING Output7B
00956 sdo[0x6200][2] = 32 : NULL : WAIT = 0.1
00957 #verify fault Output7B
00957 NULL : sdo[0x5003][14] = 0 | 0.1 | 0.1
00957 TEST: Status Message Amp.Port_7B 0.0 +/- 0.1
00957 FAIL: Status Message Amp.Port_7B 50.0
00958 NULL : sdo[0x5001][6] = 10 | 0 | 0.1
00958 TEST: Status Message F1.Status_Output7-8 10.0 +/- 0.0
00958 FAIL: Status Message F1.Status_Output7-8 6.0
00959 #verify reading from load
00959 NULL : MeterCurrent = 0  | 0.01 | 0.1
00959 TEST: MeterCurrent 0.0 +/- 0.01
00959 FAIL: MeterCurrent 4.999
00960 
00960 #set current and turn on output and verify feedback
00960 LdCurrentSet = 5500: NULL : WAIT = 0.1
00961 LdEnable = 1 : NULL
00962 #TESING Output7B
00962 sdo[0x6200][2] = 32 : NULL : WAIT = 0.1
00963 #verify fault Output7B
00963 NULL : sdo[0x5003][14] = 0 | 0.1 | 0.1
00963 TEST: Status Message Amp.Port_7B 0.0 +/- 0.1
00963 PASS: Status Message Amp.Port_7B 0.0
00964 NULL : sdo[0x5001][6] = 10 | 0 | 0.1
00964 PASS: Status Message F1.Status_Output7-8 10.0
00965 #verify reading from load
00965 NULL : MeterCurrent = 0  | 0.01 | 0.1
00965 TEST: MeterCurrent 0.0 +/- 0.01
00965 PASS: MeterCurrent 0.0
00966 
00966 #switch out load line, clear current
00966 sdo[0x6200][2] = 0 : NULL : WAIT = 0.1
00967 J3_02 = 0 : NULL : WAIT = 0.5
00968 #read signal value to update
00968 NULL : sdo[0x5003][14] = 0 | 155 | 0.5
00968 TEST: Status Message Amp.Port_7B 0.0 +/- 155.0
00968 PASS: Status Message Amp.Port_7B 0.0
00969 LdCurrentSet = 0 : NULL : WAIT = 0.1
00970 NULL : sdo[0x5001][6] = 10 | 0 | 0.1
00970 TEST: Status Message F1.Status_Output7-8 10.0 +/- 0.0
00970 PASS: Status Message F1.Status_Output7-8 10.0
00971 sdo[0x2000][1] = 0, sdo[0x2000][2] = 0 : NULL
00972 sdo[0x2001][8] = 17 : NULL
00973 #switch in load line, set current
00973 J3_03 = 1 : NULL
00974 
00974 #set current and turn on output and verify feedback
00974 LdCurrentSet = 0: NULL : WAIT = 0.1
00975 LdEnable = 1 : NULL
00976 #TESING Output8A
00976 sdo[0x6200][2] = 64 : NULL : WAIT = 0.1
00977 #verify reading  Output8A
00977 NULL : sdo[0x5003][15] = 0.0 | 2 | 0.5
00977 TEST: Status Message Amp.Port_8A 0.0 +/- 2.0
00977 PASS: Status Message Amp.Port_8A 0.0
00978 NULL : sdo[0x5001][6] = 26 | 0.01 | 0.1
00978 PASS: Status Message F1.Status_Output7-8 26.0
00979 #verify reading from load
00979 NULL : MeterCurrent = 0.0 | 0.1 | 0.1
00979 TEST: MeterCurrent 0.0 +/- 0.1
00979 PASS: MeterCurrent 0.0
00980 
00980 #set current and turn on output and verify feedback
00980 LdCurrentSet = 500: NULL : WAIT = 0.1
00981 LdEnable = 1 : NULL
00982 #TESING Output8A
00982 sdo[0x6200][2] = 64 : NULL : WAIT = 0.1
00983 #verify reading  Output8A
00983 NULL : sdo[0x5003][15] = 5.0 | 2 | 0.5
00983 TEST: Status Message Amp.Port_8A 5.0 +/- 2.0
00983 PASS: Status Message Amp.Port_8A 3.0
00984 NULL : sdo[0x5001][6] = 26 | 0.01 | 0.1
00984 PASS: Status Message F1.Status_Output7-8 26.0
00985 #verify reading from load
00985 NULL : MeterCurrent = 0.5 | 0.1 | 0.1
00985 TEST: MeterCurrent 0.5 +/- 0.1
00985 PASS: MeterCurrent 0.499
00986 
00986 #set current and turn on output and verify feedback
00986 LdCurrentSet = 1000: NULL : WAIT = 0.1
00987 LdEnable = 1 : NULL
00988 #TESING Output8A
00988 sdo[0x6200][2] = 64 : NULL : WAIT = 0.1
00989 #verify reading  Output8A
00989 NULL : sdo[0x5003][15] = 10.0 | 2 | 0.5
00989 TEST: Status Message Amp.Port_8A 10.0 +/- 2.0
00989 PASS: Status Message Amp.Port_8A 10.0
00990 NULL : sdo[0x5001][6] = 26 | 0.01 | 0.1
00990 PASS: Status Message F1.Status_Output7-8 26.0
00991 #verify reading from load
00991 NULL : MeterCurrent = 1.0 | 0.1 | 0.1
00991 TEST: MeterCurrent 1.0 +/- 0.1
00991 PASS: MeterCurrent 1.0
00992 
00992 #set current and turn on output and verify feedback
00992 LdCurrentSet = 1500: NULL : WAIT = 0.1
00993 LdEnable = 1 : NULL
00994 #TESING Output8A
00994 sdo[0x6200][2] = 64 : NULL : WAIT = 0.1
00995 #verify reading  Output8A
00995 NULL : sdo[0x5003][15] = 15.0 | 2 | 0.5
00995 TEST: Status Message Amp.Port_8A 15.0 +/- 2.0
00995 PASS: Status Message Amp.Port_8A 15.0
00996 NULL : sdo[0x5001][6] = 26 | 0.01 | 0.1
00996 PASS: Status Message F1.Status_Output7-8 26.0
00997 #verify reading from load
00997 NULL : MeterCurrent = 1.5 | 0.1 | 0.1
00997 TEST: MeterCurrent 1.5 +/- 0.1
00997 PASS: MeterCurrent 1.499
00998 
00998 #set current and turn on output and verify feedback
00998 LdCurrentSet = 2000: NULL : WAIT = 0.1
00999 LdEnable = 1 : NULL
01000 #TESING Output8A
01000 sdo[0x6200][2] = 64 : NULL : WAIT = 0.1
01001 #verify reading  Output8A
01001 NULL : sdo[0x5003][15] = 20.0 | 2 | 0.5
01001 TEST: Status Message Amp.Port_8A 20.0 +/- 2.0
01001 PASS: Status Message Amp.Port_8A 20.0
01002 NULL : sdo[0x5001][6] = 26 | 0.01 | 0.1
01002 PASS: Status Message F1.Status_Output7-8 26.0
01003 #verify reading from load
01003 NULL : MeterCurrent = 2.0 | 0.1 | 0.1
01003 TEST: MeterCurrent 2.0 +/- 0.1
01003 PASS: MeterCurrent 1.999
01004 
01004 #set current and turn on output and verify feedback
01004 LdCurrentSet = 2500: NULL : WAIT = 0.1
01005 LdEnable = 1 : NULL
01006 #TESING Output8A
01006 sdo[0x6200][2] = 64 : NULL : WAIT = 0.1
01007 #verify reading  Output8A
01007 NULL : sdo[0x5003][15] = 25.0 | 2 | 0.5
01007 TEST: Status Message Amp.Port_8A 25.0 +/- 2.0
01007 PASS: Status Message Amp.Port_8A 25.0
01008 NULL : sdo[0x5001][6] = 26 | 0.01 | 0.1
01008 PASS: Status Message F1.Status_Output7-8 26.0
01009 #verify reading from load
01009 NULL : MeterCurrent = 2.5 | 0.1 | 0.1
01009 TEST: MeterCurrent 2.5 +/- 0.1
01009 PASS: MeterCurrent 2.5
01010 
01010 #set current and turn on output and verify feedback
01010 LdCurrentSet = 3000: NULL : WAIT = 0.1
01011 LdEnable = 1 : NULL
01012 #TESING Output8A
01012 sdo[0x6200][2] = 64 : NULL : WAIT = 0.1
01013 #verify reading  Output8A
01013 NULL : sdo[0x5003][15] = 30.0 | 2 | 0.5
01013 TEST: Status Message Amp.Port_8A 30.0 +/- 2.0
01013 PASS: Status Message Amp.Port_8A 30.0
01014 NULL : sdo[0x5001][6] = 26 | 0.01 | 0.1
01014 PASS: Status Message F1.Status_Output7-8 26.0
01015 #verify reading from load
01015 NULL : MeterCurrent = 3.0 | 0.1 | 0.1
01015 TEST: MeterCurrent 3.0 +/- 0.1
01015 PASS: MeterCurrent 2.999
01016 
01016 #set current and turn on output and verify feedback
01016 LdCurrentSet = 3500: NULL : WAIT = 0.1
01017 LdEnable = 1 : NULL
01018 #TESING Output8A
01018 sdo[0x6200][2] = 64 : NULL : WAIT = 0.1
01019 #verify reading  Output8A
01019 NULL : sdo[0x5003][15] = 35.0 | 2 | 0.5
01019 TEST: Status Message Amp.Port_8A 35.0 +/- 2.0
01019 PASS: Status Message Amp.Port_8A 35.0
01020 NULL : sdo[0x5001][6] = 26 | 0.01 | 0.1
01020 PASS: Status Message F1.Status_Output7-8 26.0
01021 #verify reading from load
01021 NULL : MeterCurrent = 3.5 | 0.1 | 0.1
01021 TEST: MeterCurrent 3.5 +/- 0.1
01021 PASS: MeterCurrent 3.499
01022 
01022 #set current and turn on output and verify feedback
01022 LdCurrentSet = 4000: NULL : WAIT = 0.1
01023 LdEnable = 1 : NULL
01024 #TESING Output8A
01024 sdo[0x6200][2] = 64 : NULL : WAIT = 0.1
01025 #verify reading  Output8A
01025 NULL : sdo[0x5003][15] = 40.0 | 2 | 0.5
01025 TEST: Status Message Amp.Port_8A 40.0 +/- 2.0
01025 PASS: Status Message Amp.Port_8A 40.0
01026 NULL : sdo[0x5001][6] = 26 | 0.01 | 0.1
01026 PASS: Status Message F1.Status_Output7-8 26.0
01027 #verify reading from load
01027 NULL : MeterCurrent = 4.0 | 0.1 | 0.1
01027 TEST: MeterCurrent 4.0 +/- 0.1
01027 PASS: MeterCurrent 4.0
01028 
01028 #set current and turn on output and verify feedback
01028 LdCurrentSet = 4500: NULL : WAIT = 0.1
01029 LdEnable = 1 : NULL
01030 #TESING Output8A
01030 sdo[0x6200][2] = 64 : NULL : WAIT = 0.1
01031 #verify reading  Output8A
01031 NULL : sdo[0x5003][15] = 45.0 | 2 | 0.5
01031 TEST: Status Message Amp.Port_8A 45.0 +/- 2.0
01031 PASS: Status Message Amp.Port_8A 45.0
01032 NULL : sdo[0x5001][6] = 26 | 0.01 | 0.1
01032 PASS: Status Message F1.Status_Output7-8 26.0
01033 #verify reading from load
01033 NULL : MeterCurrent = 4.5 | 0.1 | 0.1
01033 TEST: MeterCurrent 4.5 +/- 0.1
01033 PASS: MeterCurrent 4.499
01034 
01034 #set current and turn on output and verify feedback
01034 LdCurrentSet = 5000: NULL : WAIT = 0.1
01035 LdEnable = 1 : NULL
01036 #TESING Output8A
01036 sdo[0x6200][2] = 64 : NULL : WAIT = 0.1
01037 #verify fault Output8A
01037 NULL : sdo[0x5003][15] = 0 | 0.1 | 0.1
01037 TEST: Status Message Amp.Port_8A 0.0 +/- 0.1
01037 FAIL: Status Message Amp.Port_8A 49.0
01038 NULL : sdo[0x5001][6] = 42 | 0 | 0.1
01038 TEST: Status Message F1.Status_Output7-8 42.0 +/- 0.0
01038 FAIL: Status Message F1.Status_Output7-8 26.0
01039 #verify reading from load
01039 NULL : MeterCurrent = 0  | 0.01 | 0.1
01039 TEST: MeterCurrent 0.0 +/- 0.01
01039 FAIL: MeterCurrent 4.999
01040 
01040 #set current and turn on output and verify feedback
01040 LdCurrentSet = 5500: NULL : WAIT = 0.1
01041 LdEnable = 1 : NULL
01042 #TESING Output8A
01042 sdo[0x6200][2] = 64 : NULL : WAIT = 0.1
01043 #verify fault Output8A
01043 NULL : sdo[0x5003][15] = 0 | 0.1 | 0.1
01043 TEST: Status Message Amp.Port_8A 0.0 +/- 0.1
01043 PASS: Status Message Amp.Port_8A 0.0
01044 NULL : sdo[0x5001][6] = 42 | 0 | 0.1
01044 PASS: Status Message F1.Status_Output7-8 42.0
01045 #verify reading from load
01045 NULL : MeterCurrent = 0  | 0.01 | 0.1
01045 TEST: MeterCurrent 0.0 +/- 0.01
01045 PASS: MeterCurrent 0.0
01046 
01046 #switch out load line, clear current
01046 sdo[0x6200][2] = 0 : NULL : WAIT = 0.1
01047 J3_03 = 0 : NULL : WAIT = 0.5
01048 #read signal value to update
01048 NULL : sdo[0x5003][15] = 0 | 155 | 0.5
01048 TEST: Status Message Amp.Port_8A 0.0 +/- 155.0
01048 PASS: Status Message Amp.Port_8A 0.0
01049 LdCurrentSet = 0 : NULL : WAIT = 0.1
01050 NULL : sdo[0x5001][6] = 42 | 0 | 0.1
01050 TEST: Status Message F1.Status_Output7-8 42.0 +/- 0.0
01050 PASS: Status Message F1.Status_Output7-8 42.0
01051 sdo[0x2000][1] = 0, sdo[0x2000][2] = 0 : NULL
01052 sdo[0x2001][8] = 17 : NULL
01053 #switch in load line, set current
01053 J3_04 = 1 : NULL
01054 
01054 #set current and turn on output and verify feedback
01054 LdCurrentSet = 0: NULL : WAIT = 0.1
01055 LdEnable = 1 : NULL
01056 #TESING Output8B
01056 sdo[0x6200][2] = 128 : NULL : WAIT = 0.1
01057 #verify reading  Output8B
01057 NULL : sdo[0x5003][16] = 0.0 | 2 | 0.5
01057 TEST: Status Message Amp.Port_8B 0.0 +/- 2.0
01057 PASS: Status Message Amp.Port_8B 0.0
01058 NULL : sdo[0x5001][6] = 106 | 0.01 | 0.1
01058 PASS: Status Message F1.Status_Output7-8 106.0
01059 #verify reading from load
01059 NULL : MeterCurrent = 0.0 | 0.1 | 0.1
01059 TEST: MeterCurrent 0.0 +/- 0.1
01059 PASS: MeterCurrent 0.0
01060 
01060 #set current and turn on output and verify feedback
01060 LdCurrentSet = 500: NULL : WAIT = 0.1
01061 LdEnable = 1 : NULL
01062 #TESING Output8B
01062 sdo[0x6200][2] = 128 : NULL : WAIT = 0.1
01063 #verify reading  Output8B
01063 NULL : sdo[0x5003][16] = 5.0 | 2 | 0.5
01063 TEST: Status Message Amp.Port_8B 5.0 +/- 2.0
01063 FAIL: Status Message Amp.Port_8B 1.0
01064 NULL : sdo[0x5001][6] = 106 | 0.01 | 0.1
01064 PASS: Status Message F1.Status_Output7-8 106.0
01065 #verify reading from load
01065 NULL : MeterCurrent = 0.5 | 0.1 | 0.1
01065 TEST: MeterCurrent 0.5 +/- 0.1
01065 PASS: MeterCurrent 0.499
01066 
01066 #set current and turn on output and verify feedback
01066 LdCurrentSet = 1000: NULL : WAIT = 0.1
01067 LdEnable = 1 : NULL
01068 #TESING Output8B
01068 sdo[0x6200][2] = 128 : NULL : WAIT = 0.1
01069 #verify reading  Output8B
01069 NULL : sdo[0x5003][16] = 10.0 | 2 | 0.5
01069 TEST: Status Message Amp.Port_8B 10.0 +/- 2.0
01069 PASS: Status Message Amp.Port_8B 10.0
01070 NULL : sdo[0x5001][6] = 106 | 0.01 | 0.1
01070 PASS: Status Message F1.Status_Output7-8 106.0
01071 #verify reading from load
01071 NULL : MeterCurrent = 1.0 | 0.1 | 0.1
01071 TEST: MeterCurrent 1.0 +/- 0.1
01071 PASS: MeterCurrent 1.0
01072 
01072 #set current and turn on output and verify feedback
01072 LdCurrentSet = 1500: NULL : WAIT = 0.1
01073 LdEnable = 1 : NULL
01074 #TESING Output8B
01074 sdo[0x6200][2] = 128 : NULL : WAIT = 0.1
01075 #verify reading  Output8B
01075 NULL : sdo[0x5003][16] = 15.0 | 2 | 0.5
01075 TEST: Status Message Amp.Port_8B 15.0 +/- 2.0
01075 PASS: Status Message Amp.Port_8B 16.0
01076 NULL : sdo[0x5001][6] = 106 | 0.01 | 0.1
01076 PASS: Status Message F1.Status_Output7-8 106.0
01077 #verify reading from load
01077 NULL : MeterCurrent = 1.5 | 0.1 | 0.1
01077 TEST: MeterCurrent 1.5 +/- 0.1
01077 PASS: MeterCurrent 1.499
01078 
01078 #set current and turn on output and verify feedback
01078 LdCurrentSet = 2000: NULL : WAIT = 0.1
01079 LdEnable = 1 : NULL
01080 #TESING Output8B
01080 sdo[0x6200][2] = 128 : NULL : WAIT = 0.1
01081 #verify reading  Output8B
01081 NULL : sdo[0x5003][16] = 20.0 | 2 | 0.5
01081 TEST: Status Message Amp.Port_8B 20.0 +/- 2.0
01081 PASS: Status Message Amp.Port_8B 21.0
01082 NULL : sdo[0x5001][6] = 106 | 0.01 | 0.1
01082 PASS: Status Message F1.Status_Output7-8 106.0
01083 #verify reading from load
01083 NULL : MeterCurrent = 2.0 | 0.1 | 0.1
01083 TEST: MeterCurrent 2.0 +/- 0.1
01083 PASS: MeterCurrent 1.999
01084 
01084 #set current and turn on output and verify feedback
01084 LdCurrentSet = 2500: NULL : WAIT = 0.1
01085 LdEnable = 1 : NULL
01086 #TESING Output8B
01086 sdo[0x6200][2] = 128 : NULL : WAIT = 0.1
01087 #verify reading  Output8B
01087 NULL : sdo[0x5003][16] = 25.0 | 2 | 0.5
01087 TEST: Status Message Amp.Port_8B 25.0 +/- 2.0
01087 PASS: Status Message Amp.Port_8B 26.0
01088 NULL : sdo[0x5001][6] = 106 | 0.01 | 0.1
01088 PASS: Status Message F1.Status_Output7-8 106.0
01089 #verify reading from load
01089 NULL : MeterCurrent = 2.5 | 0.1 | 0.1
01089 TEST: MeterCurrent 2.5 +/- 0.1
01089 PASS: MeterCurrent 2.5
01090 
01090 #set current and turn on output and verify feedback
01090 LdCurrentSet = 3000: NULL : WAIT = 0.1
01091 LdEnable = 1 : NULL
01092 #TESING Output8B
01092 sdo[0x6200][2] = 128 : NULL : WAIT = 0.1
01093 #verify reading  Output8B
01093 NULL : sdo[0x5003][16] = 30.0 | 2 | 0.5
01093 TEST: Status Message Amp.Port_8B 30.0 +/- 2.0
01093 PASS: Status Message Amp.Port_8B 30.0
01094 NULL : sdo[0x5001][6] = 106 | 0.01 | 0.1
01094 PASS: Status Message F1.Status_Output7-8 106.0
01095 #verify reading from load
01095 NULL : MeterCurrent = 3.0 | 0.1 | 0.1
01095 TEST: MeterCurrent 3.0 +/- 0.1
01095 PASS: MeterCurrent 2.999
01096 
01096 #set current and turn on output and verify feedback
01096 LdCurrentSet = 3500: NULL : WAIT = 0.1
01097 LdEnable = 1 : NULL
01098 #TESING Output8B
01098 sdo[0x6200][2] = 128 : NULL : WAIT = 0.1
01099 #verify reading  Output8B
01099 NULL : sdo[0x5003][16] = 35.0 | 2 | 0.5
01099 TEST: Status Message Amp.Port_8B 35.0 +/- 2.0
01099 PASS: Status Message Amp.Port_8B 35.0
01100 NULL : sdo[0x5001][6] = 106 | 0.01 | 0.1
01100 PASS: Status Message F1.Status_Output7-8 106.0
01101 #verify reading from load
01101 NULL : MeterCurrent = 3.5 | 0.1 | 0.1
01101 TEST: MeterCurrent 3.5 +/- 0.1
01101 PASS: MeterCurrent 3.499
01102 
01102 #set current and turn on output and verify feedback
01102 LdCurrentSet = 4000: NULL : WAIT = 0.1
01103 LdEnable = 1 : NULL
01104 #TESING Output8B
01104 sdo[0x6200][2] = 128 : NULL : WAIT = 0.1
01105 #verify reading  Output8B
01105 NULL : sdo[0x5003][16] = 40.0 | 2 | 0.5
01105 TEST: Status Message Amp.Port_8B 40.0 +/- 2.0
01105 PASS: Status Message Amp.Port_8B 39.0
01106 NULL : sdo[0x5001][6] = 106 | 0.01 | 0.1
01106 PASS: Status Message F1.Status_Output7-8 106.0
01107 #verify reading from load
01107 NULL : MeterCurrent = 4.0 | 0.1 | 0.1
01107 TEST: MeterCurrent 4.0 +/- 0.1
01107 PASS: MeterCurrent 3.999
01108 
01108 #set current and turn on output and verify feedback
01108 LdCurrentSet = 4500: NULL : WAIT = 0.1
01109 LdEnable = 1 : NULL
01110 #TESING Output8B
01110 sdo[0x6200][2] = 128 : NULL : WAIT = 0.1
01111 #verify reading  Output8B
01111 NULL : sdo[0x5003][16] = 45.0 | 2 | 0.5
01111 TEST: Status Message Amp.Port_8B 45.0 +/- 2.0
01111 PASS: Status Message Amp.Port_8B 44.0
01112 NULL : sdo[0x5001][6] = 106 | 0.01 | 0.1
01112 PASS: Status Message F1.Status_Output7-8 106.0
01113 #verify reading from load
01113 NULL : MeterCurrent = 4.5 | 0.1 | 0.1
01113 TEST: MeterCurrent 4.5 +/- 0.1
01113 PASS: MeterCurrent 4.499
01114 
01114 #set current and turn on output and verify feedback
01114 LdCurrentSet = 5000: NULL : WAIT = 0.1
01115 LdEnable = 1 : NULL
01116 #TESING Output8B
01116 sdo[0x6200][2] = 128 : NULL : WAIT = 0.1
01117 #verify fault Output8B
01117 NULL : sdo[0x5003][16] = 0 | 0.1 | 0.1
01117 TEST: Status Message Amp.Port_8B 0.0 +/- 0.1
01117 FAIL: Status Message Amp.Port_8B 50.0
01118 NULL : sdo[0x5001][6] = 170 | 0 | 0.1
01118 TEST: Status Message F1.Status_Output7-8 170.0 +/- 0.0
01118 FAIL: Status Message F1.Status_Output7-8 106.0
01119 #verify reading from load
01119 NULL : MeterCurrent = 0  | 0.01 | 0.1
01119 TEST: MeterCurrent 0.0 +/- 0.01
01119 FAIL: MeterCurrent 4.999
01120 
01120 #set current and turn on output and verify feedback
01120 LdCurrentSet = 5500: NULL : WAIT = 0.1
01121 LdEnable = 1 : NULL
01122 #TESING Output8B
01122 sdo[0x6200][2] = 128 : NULL : WAIT = 0.1
01123 #verify fault Output8B
01123 NULL : sdo[0x5003][16] = 0 | 0.1 | 0.1
01123 TEST: Status Message Amp.Port_8B 0.0 +/- 0.1
01123 PASS: Status Message Amp.Port_8B 0.0
01124 NULL : sdo[0x5001][6] = 170 | 0 | 0.1
01124 PASS: Status Message F1.Status_Output7-8 170.0
01125 #verify reading from load
01125 NULL : MeterCurrent = 0  | 0.01 | 0.1
01125 TEST: MeterCurrent 0.0 +/- 0.01
01125 PASS: MeterCurrent 0.0
01126 
01126 #switch out load line, clear current
01126 sdo[0x6200][2] = 0 : NULL : WAIT = 0.1
01127 J3_04 = 0 : NULL : WAIT = 0.5
01128 #read signal value to update
01128 NULL : sdo[0x5003][16] = 0 | 155 | 0.5
01128 TEST: Status Message Amp.Port_8B 0.0 +/- 155.0
01128 PASS: Status Message Amp.Port_8B 0.0
01129 LdCurrentSet = 0 : NULL : WAIT = 0.1
01130 NULL : sdo[0x5001][6] = 170 | 0 | 0.1
01130 TEST: Status Message F1.Status_Output7-8 170.0 +/- 0.0
01130 PASS: Status Message F1.Status_Output7-8 170.0
01131 NULL : sdo[0x5001][3] = 168 | 0 | 0.1
01131 PASS: Status Message F1.Status_Output1-2 168.0
01132 NULL : sdo[0x5001][4] = 168 | 0 | 0.1
01132 PASS: Status Message F1.Status_Output3-4 168.0
01133 NULL : sdo[0x5001][5] = 170 | 0 | 0.1
01133 PASS: Status Message F1.Status_Output5-6 170.0
01134 NULL : sdo[0x5001][6] = 170 | 0 | 0.1
01134 PASS: Status Message F1.Status_Output7-8 170.0
01135 LdRemote = 0 : NULL : WAIT = 0.1
01136 LdEnable = 0 : NULL : WAIT = 0.1
01137 J0_08_METER_LOAD = 0 : NULL : WAIT = 1
01138 PRE_OPERATIONAL
01138 SAVE
01138 END
Fail count: 50
Finished on: 2025-09-19-15:16:59
elapsed time: 0:09:35.879431
