Started on: 2026-01-23-12:44:22
00000 #39009-1
00000 #Verion 0.0
00000 #input test
00000 UUT_DBC = 39009-561.dbc
00000 UUT_DATANAME = 39009-1-INPUT-ISR-LOCKUP
00000 
00000 
00000 #-----setup pat-----
00000 #setup meter
00000 LdRemote = 1 : NULL : WAIT = 0.1
00001 LdCurrentSet = 0 : NULL : WAIT = 0.1
00002 LdEnable = 0 : NULL : WAIT = 0.1
00003 J0_08_METER_LOAD = 1 : NULL : WAIT = 1
00004 #setup PS1
00004 PwrRemote = 1 : NULL : WAIT = 0.1
00005 PwrSetCurrent = 20 : NULL : WAIT = 0.1
00006 PwrSetVoltage = 50.0 : NULL : WAIT = 0.1
00007 PwrEnable = 1 : NULL : WAIT = 0.1
00008 J0_09_TEST_SUPPLY = 0 : NULL : WAIT = 1
00009 #setup freq
00009 AfgEnable = 0 : NULL : WAIT = 0.1
00010 AfgShape = 1 : NULL : WAIT = 0.1
00011 AfgFreqSet = 500 : NULL : WAIT = 0.1
00012 AfgDutySet = 50 : NULL : WAIT = 0.1
00013 AfgAmplSet = 4000 : NULL : WAIT = 0.1
00014 AfgOffsetSet = 4000 : NULL : WAIT = 0.1
00015 AfgEnable = 1 : NULL : WAIT = 0.1
00016 J0_11_FREQ_GEN = 0 : NULL : WAIT = 0.1
00017 J4_03 = 1 : NULL : WAIT = 0.2
00018 #cycle IGN to reset lockup
00018 RLY_K1 = 1 : NULL : WAIT = 2
00019 RLY_K1 = 0 : NULL : WAIT = 1
00020 #-----setup 39009-----
00020 #configure
00020 Command = 82, MODE1 = 0, MODE2 = 0, Enable_24VDC = 0, Analog_Raw_Value = 0 : NULL : WAIT = 0.5
00021 Command = 0, MODE1 = 0, MODE2 = 0, Enable_24VDC = 0, Analog_Raw_Value = 0 : NULL : WAIT = 0.5
00022 Command = 83, MODE1A = 4, MODE1B = 7, MODE2A = 1, MODE2B = 1, MODE3A = 1, MODE3B = 4, MODE4A = 1, MODE4B = 1, MODE5A = 6, MODE5B = 6, MODE6A = 1, MODE6B = 1, MODE7A = 6, MODE7B = 6 : NULL : WAIT = 0.5
00023 Command = 0, MODE1A = 0, MODE1B = 0, MODE2A = 0, MODE2B = 0, MODE3A = 0, MODE3B = 0, MODE4A = 0, MODE4B = 0, MODE5A = 0, MODE5B = 0, MODE6A = 0, MODE6B = 0, MODE7A = 0, MODE7B = 0 : NULL
00024 Command = 84, MODE8A = 1, MODE8B = 1, MODE9A = 6, MODE9B = 6, MODE10A = 1, MODE10B = 1, GLOBAL_KP = 255, GLOBAL_KI = 255 : NULL : WAIT = 0.5
00025 Command = 0, MODE8A = 0, MODE8B = 0, MODE9A = 0, MODE9B = 0, MODE10A = 0, MODE10B = 0, GLOBAL_KP = 0, GLOBAL_KI = 0 : NULL
00026 Command = 82, Enable_Fault_Reset = 1, Save_Configuration = 1, Enable_DPLTx = 1, Enable_DPLF1 = 1, Enable_DPLF2 = 1 : NULL : WAIT = 0.5
00027 #clear multiplex
00027 Command = 0, Enable_Fault_Reset = 0, Save_Configuration = 0, Enable_DPLTx = 0, Enable_DPLF1 = 0, Enable_DPLF2 = 0 : NULL
00028 #switch input to load line
00028 J2_01 = 1 : NULL : WAIT = 0.1
00029 
00029 #TESTING - ModeIndex 0 PortIndex 0
00029 PwrSetVoltage = 50.0 : NULL : WAIT = 0.1
00030 J4_01 = 1 : NULL : WAIT = 0.1
00031 SWEEP-RUNNING DEATHSWEEP!
Connected: RIGOL TECHNOLOGIES,DP832,DP8C180100022,00.01.19
VISA resource: USB0::0x1AB1::0x0E11::DP8C180100022::INSTR
Sweeping CH2 mode=updown: 4.320000 V -> 4.430000 V -> 4.320000 V in 0.001000 V steps (221 points)
       0/220 set=4.320000 V elapsed=0.016s rate=62.50 steps/s
      50/220 set=4.370000 V elapsed=1.094s rate=46.62 steps/s eta=3.647s
     100/220 set=4.420000 V elapsed=2.156s rate=46.85 steps/s eta=2.562s
     150/220 set=4.390000 V elapsed=3.266s rate=46.23 steps/s eta=1.514s
     200/220 set=4.340000 V elapsed=4.328s rate=46.44 steps/s eta=0.431s
Sweep complete. Elapsed: 4.750s
Output turned OFF.


00031 J4_01 = 0 : NULL : WAIT = 0.1
00032 #test for lockup
00032 NULL : Port_1A = 0 | 0.1 | 0.1
00032 TEST: Port_1A 0.0 +/- 0.1
00032 PASS: Port_1A 0.024
00033 J0_09_TEST_SUPPLY = 1 : NULL : WAIT = 0.1
00034 NULL : Port_1A = 5.0 | 0.1 | 0.1
00034 TEST: Port_1A 5.0 +/- 0.1
00034 PASS: Port_1A 4.967
00035 J0_09_TEST_SUPPLY = 0 : NULL : WAIT = 0.1
00036 NULL : Port_1A = 0 | 0.1 | 0.1
00036 TEST: Port_1A 0.0 +/- 0.1
00036 PASS: Port_1A 0.087
00037 
00037 #Finished with port
00037 #switch out input
00037 J2_01 = 0 : NULL : WAIT = 0.1
00038 
00038 #cycle IGN to reset lockup
00038 RLY_K1 = 1 : NULL : WAIT = 2
00039 RLY_K1 = 0 : NULL : WAIT = 1
00040 #-----setup 39009-----
00040 #configure
00040 Command = 82, MODE1 = 0, MODE2 = 0, Enable_24VDC = 0, Analog_Raw_Value = 0 : NULL : WAIT = 0.5
00041 Command = 0, MODE1 = 0, MODE2 = 0, Enable_24VDC = 0, Analog_Raw_Value = 0 : NULL : WAIT = 0.5
00042 Command = 83, MODE1A = 4, MODE1B = 7, MODE2A = 1, MODE2B = 1, MODE3A = 1, MODE3B = 4, MODE4A = 1, MODE4B = 1, MODE5A = 6, MODE5B = 6, MODE6A = 1, MODE6B = 1, MODE7A = 6, MODE7B = 6 : NULL : WAIT = 0.5
00043 Command = 0, MODE1A = 0, MODE1B = 0, MODE2A = 0, MODE2B = 0, MODE3A = 0, MODE3B = 0, MODE4A = 0, MODE4B = 0, MODE5A = 0, MODE5B = 0, MODE6A = 0, MODE6B = 0, MODE7A = 0, MODE7B = 0 : NULL
00044 Command = 84, MODE8A = 1, MODE8B = 1, MODE9A = 6, MODE9B = 6, MODE10A = 1, MODE10B = 1, GLOBAL_KP = 255, GLOBAL_KI = 255 : NULL : WAIT = 0.5
00045 Command = 0, MODE8A = 0, MODE8B = 0, MODE9A = 0, MODE9B = 0, MODE10A = 0, MODE10B = 0, GLOBAL_KP = 0, GLOBAL_KI = 0 : NULL
00046 Command = 82, Enable_Fault_Reset = 1, Save_Configuration = 1, Enable_DPLTx = 1, Enable_DPLF1 = 1, Enable_DPLF2 = 1 : NULL : WAIT = 0.5
00047 #clear multiplex
00047 Command = 0, Enable_Fault_Reset = 0, Save_Configuration = 0, Enable_DPLTx = 0, Enable_DPLF1 = 0, Enable_DPLF2 = 0 : NULL
00048 #switch input to load line
00048 J2_02 = 1 : NULL : WAIT = 0.1
00049 
00049 #TESTING - ModeIndex 0 PortIndex 1
00049 AfgFreqSet = 100 : NULL : WAIT = 0.1
00050 #test for lockup
00050 NULL : Hertz_Count_Input1B = 0 | 0.1 | 0.1
00050 TEST: Hertz_Count_Input1B 0.0 +/- 0.1
00050 PASS: Hertz_Count_Input1B 0.0
00051 J0_11_FREQ_GEN = 1 : NULL : WAIT = 0.1
00052 NULL : Hertz_Count_Input1B = 100 | 30 | 0.1
00052 TEST: Hertz_Count_Input1B 100.0 +/- 30.0
00052 PASS: Hertz_Count_Input1B 99.0
00053 J0_11_FREQ_GEN = 0 : NULL : WAIT = 0.1
00054 NULL : Hertz_Count_Input1B = 0 | 0.1 | 0.1
00054 TEST: Hertz_Count_Input1B 0.0 +/- 0.1
00054 PASS: Hertz_Count_Input1B 0.0
00055 
00055 #Finished with port
00055 #switch out input
00055 J2_02 = 0 : NULL : WAIT = 0.1
00056 
00056 #cycle IGN to reset lockup
00056 RLY_K1 = 1 : NULL : WAIT = 2
00057 RLY_K1 = 0 : NULL : WAIT = 1
00058 #-----setup 39009-----
00058 #configure
00058 Command = 82, MODE1 = 0, MODE2 = 0, Enable_24VDC = 0, Analog_Raw_Value = 0 : NULL : WAIT = 0.5
00059 Command = 0, MODE1 = 0, MODE2 = 0, Enable_24VDC = 0, Analog_Raw_Value = 0 : NULL : WAIT = 0.5
00060 Command = 83, MODE1A = 4, MODE1B = 7, MODE2A = 1, MODE2B = 1, MODE3A = 1, MODE3B = 4, MODE4A = 1, MODE4B = 1, MODE5A = 6, MODE5B = 6, MODE6A = 1, MODE6B = 1, MODE7A = 6, MODE7B = 6 : NULL : WAIT = 0.5
00061 Command = 0, MODE1A = 0, MODE1B = 0, MODE2A = 0, MODE2B = 0, MODE3A = 0, MODE3B = 0, MODE4A = 0, MODE4B = 0, MODE5A = 0, MODE5B = 0, MODE6A = 0, MODE6B = 0, MODE7A = 0, MODE7B = 0 : NULL
00062 Command = 84, MODE8A = 1, MODE8B = 1, MODE9A = 6, MODE9B = 6, MODE10A = 1, MODE10B = 1, GLOBAL_KP = 255, GLOBAL_KI = 255 : NULL : WAIT = 0.5
00063 Command = 0, MODE8A = 0, MODE8B = 0, MODE9A = 0, MODE9B = 0, MODE10A = 0, MODE10B = 0, GLOBAL_KP = 0, GLOBAL_KI = 0 : NULL
00064 Command = 82, Enable_Fault_Reset = 1, Save_Configuration = 1, Enable_DPLTx = 1, Enable_DPLF1 = 1, Enable_DPLF2 = 1 : NULL : WAIT = 0.5
00065 #clear multiplex
00065 Command = 0, Enable_Fault_Reset = 0, Save_Configuration = 0, Enable_DPLTx = 0, Enable_DPLF1 = 0, Enable_DPLF2 = 0 : NULL
00066 #switch input to load line
00066 J2_03 = 1 : NULL : WAIT = 0.1
00067 
00067 #TESTING - ModeIndex 0 PortIndex 2
00067 PwrSetVoltage = 50.0 : NULL : WAIT = 0.1
00068 J4_01 = 1 : NULL : WAIT = 0.1
00069 SWEEP-RUNNING DEATHSWEEP!
Connected: RIGOL TECHNOLOGIES,DP832,DP8C180100022,00.01.19
VISA resource: USB0::0x1AB1::0x0E11::DP8C180100022::INSTR
Sweeping CH2 mode=updown: 4.320000 V -> 4.430000 V -> 4.320000 V in 0.001000 V steps (221 points)
       0/220 set=4.320000 V elapsed=0.016s rate=62.50 steps/s
      50/220 set=4.370000 V elapsed=1.094s rate=46.62 steps/s eta=3.647s
     100/220 set=4.420000 V elapsed=2.141s rate=47.17 steps/s eta=2.544s
     150/220 set=4.390000 V elapsed=3.203s rate=47.14 steps/s eta=1.485s
     200/220 set=4.340000 V elapsed=4.297s rate=46.78 steps/s eta=0.428s
Sweep complete. Elapsed: 4.719s
Output turned OFF.


00069 J4_01 = 0 : NULL : WAIT = 0.1
00070 #test for lockup
00070 NULL : Input_3A = 0 | 0.1 | 0.1
00070 TEST: Input_3A 0.0 +/- 0.1
00070 PASS: Input_3A 0.0
00071 J0_09_TEST_SUPPLY = 1 : NULL : WAIT = 0.1
00072 NULL : Input_3A = 1 | 0.1 | 0.1
00072 TEST: Input_3A 1.0 +/- 0.1
00072 PASS: Input_3A 1.0
00073 J0_09_TEST_SUPPLY = 0 : NULL : WAIT = 0.1
00074 NULL : Input_3A = 0 | 0.1 | 0.1
00074 TEST: Input_3A 0.0 +/- 0.1
00074 PASS: Input_3A 0.0
00075 
00075 #Finished with port
00075 #switch out input
00075 J2_03 = 0 : NULL : WAIT = 0.1
00076 
00076 #cycle IGN to reset lockup
00076 RLY_K1 = 1 : NULL : WAIT = 2
00077 RLY_K1 = 0 : NULL : WAIT = 1
00078 #-----setup 39009-----
00078 #configure
00078 Command = 82, MODE1 = 0, MODE2 = 0, Enable_24VDC = 0, Analog_Raw_Value = 0 : NULL : WAIT = 0.5
00079 Command = 0, MODE1 = 0, MODE2 = 0, Enable_24VDC = 0, Analog_Raw_Value = 0 : NULL : WAIT = 0.5
00080 Command = 83, MODE1A = 4, MODE1B = 7, MODE2A = 1, MODE2B = 1, MODE3A = 1, MODE3B = 4, MODE4A = 1, MODE4B = 1, MODE5A = 6, MODE5B = 6, MODE6A = 1, MODE6B = 1, MODE7A = 6, MODE7B = 6 : NULL : WAIT = 0.5
00081 Command = 0, MODE1A = 0, MODE1B = 0, MODE2A = 0, MODE2B = 0, MODE3A = 0, MODE3B = 0, MODE4A = 0, MODE4B = 0, MODE5A = 0, MODE5B = 0, MODE6A = 0, MODE6B = 0, MODE7A = 0, MODE7B = 0 : NULL
00082 Command = 84, MODE8A = 1, MODE8B = 1, MODE9A = 6, MODE9B = 6, MODE10A = 1, MODE10B = 1, GLOBAL_KP = 255, GLOBAL_KI = 255 : NULL : WAIT = 0.5
00083 Command = 0, MODE8A = 0, MODE8B = 0, MODE9A = 0, MODE9B = 0, MODE10A = 0, MODE10B = 0, GLOBAL_KP = 0, GLOBAL_KI = 0 : NULL
00084 Command = 82, Enable_Fault_Reset = 1, Save_Configuration = 1, Enable_DPLTx = 1, Enable_DPLF1 = 1, Enable_DPLF2 = 1 : NULL : WAIT = 0.5
00085 #clear multiplex
00085 Command = 0, Enable_Fault_Reset = 0, Save_Configuration = 0, Enable_DPLTx = 0, Enable_DPLF1 = 0, Enable_DPLF2 = 0 : NULL
00086 #switch input to load line
00086 J2_04 = 1 : NULL : WAIT = 0.1
00087 
00087 #TESTING - ModeIndex 0 PortIndex 3
00087 PwrSetVoltage = 50.0 : NULL : WAIT = 0.1
00088 J4_01 = 1 : NULL : WAIT = 0.1
00089 SWEEP-RUNNING DEATHSWEEP!
Connected: RIGOL TECHNOLOGIES,DP832,DP8C180100022,00.01.19
VISA resource: USB0::0x1AB1::0x0E11::DP8C180100022::INSTR
Sweeping CH2 mode=updown: 4.320000 V -> 4.430000 V -> 4.320000 V in 0.001000 V steps (221 points)
       0/220 set=4.320000 V elapsed=0.047s rate=21.28 steps/s
      50/220 set=4.370000 V elapsed=1.110s rate=45.95 steps/s eta=3.700s
     100/220 set=4.420000 V elapsed=2.172s rate=46.50 steps/s eta=2.581s
     150/220 set=4.390000 V elapsed=3.266s rate=46.23 steps/s eta=1.514s
     200/220 set=4.340000 V elapsed=4.344s rate=46.27 steps/s eta=0.432s
Sweep complete. Elapsed: 4.766s
Output turned OFF.


00089 J4_01 = 0 : NULL : WAIT = 0.1
00090 #test for lockup
00090 NULL : Port_3B = 0 | 0.1 | 0.1
00090 TEST: Port_3B 0.0 +/- 0.1
00090 PASS: Port_3B 0.0
00091 J0_09_TEST_SUPPLY = 1 : NULL : WAIT = 0.1
00092 NULL : Port_3B = 5.0 | 0.1 | 0.1
00092 TEST: Port_3B 5.0 +/- 0.1
00092 PASS: Port_3B 4.973
00093 J0_09_TEST_SUPPLY = 0 : NULL : WAIT = 0.1
00094 NULL : Port_3B = 0 | 0.1 | 0.1
00094 TEST: Port_3B 0.0 +/- 0.1
00094 PASS: Port_3B 0.083
00095 
00095 #Finished with port
00095 #switch out input
00095 J2_04 = 0 : NULL : WAIT = 0.1
00096 
00096 
00096 #Finished with mode
00096 #cycle IGN to reset lockup
00096 RLY_K1 = 1 : NULL : WAIT = 2
00097 RLY_K1 = 0 : NULL : WAIT = 1
00098 #-----setup 39009-----
00098 #configure
00098 Command = 82, MODE1 = 0, MODE2 = 0, Enable_24VDC = 0, Analog_Raw_Value = 0 : NULL : WAIT = 0.5
00099 Command = 0, MODE1 = 0, MODE2 = 0, Enable_24VDC = 0, Analog_Raw_Value = 0 : NULL : WAIT = 0.5
00100 Command = 83, MODE1A = 7, MODE1B = 4, MODE2A = 1, MODE2B = 1, MODE3A = 4, MODE3B = 1, MODE4A = 1, MODE4B = 1, MODE5A = 6, MODE5B = 6, MODE6A = 1, MODE6B = 1, MODE7A = 6, MODE7B = 6 : NULL : WAIT = 0.5
00101 Command = 0, MODE1A = 0, MODE1B = 0, MODE2A = 0, MODE2B = 0, MODE3A = 0, MODE3B = 0, MODE4A = 0, MODE4B = 0, MODE5A = 0, MODE5B = 0, MODE6A = 0, MODE6B = 0, MODE7A = 0, MODE7B = 0 : NULL
00102 Command = 84, MODE8A = 1, MODE8B = 1, MODE9A = 6, MODE9B = 6, MODE10A = 1, MODE10B = 1, GLOBAL_KP = 255, GLOBAL_KI = 255 : NULL : WAIT = 0.5
00103 Command = 0, MODE8A = 0, MODE8B = 0, MODE9A = 0, MODE9B = 0, MODE10A = 0, MODE10B = 0, GLOBAL_KP = 0, GLOBAL_KI = 0 : NULL
00104 Command = 82, Enable_Fault_Reset = 1, Save_Configuration = 1, Enable_DPLTx = 1, Enable_DPLF1 = 1, Enable_DPLF2 = 1 : NULL : WAIT = 0.5
00105 #clear multiplex
00105 Command = 0, Enable_Fault_Reset = 0, Save_Configuration = 0, Enable_DPLTx = 0, Enable_DPLF1 = 0, Enable_DPLF2 = 0 : NULL
00106 #switch input to load line
00106 J2_01 = 1 : NULL : WAIT = 0.1
00107 
00107 #TESTING - ModeIndex 1 PortIndex 0
00107 AfgFreqSet = 100 : NULL : WAIT = 0.1
00108 #test for lockup
00108 NULL : Hertz_Count_Input1A = 0 | 0.1 | 0.1
00108 TEST: Hertz_Count_Input1A 0.0 +/- 0.1
00108 PASS: Hertz_Count_Input1A 0.0
00109 J0_11_FREQ_GEN = 1 : NULL : WAIT = 0.1
00110 NULL : Hertz_Count_Input1A = 100 | 30 | 0.1
00110 TEST: Hertz_Count_Input1A 100.0 +/- 30.0
00110 FAIL: Hertz_Count_Input1A 0.0
00111 J0_11_FREQ_GEN = 0 : NULL : WAIT = 0.1
00112 NULL : Hertz_Count_Input1A = 0 | 0.1 | 0.1
00112 TEST: Hertz_Count_Input1A 0.0 +/- 0.1
00112 PASS: Hertz_Count_Input1A 0.0
00113 
00113 #Finished with port
00113 #switch out input
00113 J2_01 = 0 : NULL : WAIT = 0.1
00114 
00114 #cycle IGN to reset lockup
00114 RLY_K1 = 1 : NULL : WAIT = 2
00115 RLY_K1 = 0 : NULL : WAIT = 1
00116 #-----setup 39009-----
00116 #configure
00116 Command = 82, MODE1 = 0, MODE2 = 0, Enable_24VDC = 0, Analog_Raw_Value = 0 : NULL : WAIT = 0.5
00117 Command = 0, MODE1 = 0, MODE2 = 0, Enable_24VDC = 0, Analog_Raw_Value = 0 : NULL : WAIT = 0.5
00118 Command = 83, MODE1A = 7, MODE1B = 4, MODE2A = 1, MODE2B = 1, MODE3A = 4, MODE3B = 1, MODE4A = 1, MODE4B = 1, MODE5A = 6, MODE5B = 6, MODE6A = 1, MODE6B = 1, MODE7A = 6, MODE7B = 6 : NULL : WAIT = 0.5
00119 Command = 0, MODE1A = 0, MODE1B = 0, MODE2A = 0, MODE2B = 0, MODE3A = 0, MODE3B = 0, MODE4A = 0, MODE4B = 0, MODE5A = 0, MODE5B = 0, MODE6A = 0, MODE6B = 0, MODE7A = 0, MODE7B = 0 : NULL
00120 Command = 84, MODE8A = 1, MODE8B = 1, MODE9A = 6, MODE9B = 6, MODE10A = 1, MODE10B = 1, GLOBAL_KP = 255, GLOBAL_KI = 255 : NULL : WAIT = 0.5
00121 Command = 0, MODE8A = 0, MODE8B = 0, MODE9A = 0, MODE9B = 0, MODE10A = 0, MODE10B = 0, GLOBAL_KP = 0, GLOBAL_KI = 0 : NULL
00122 Command = 82, Enable_Fault_Reset = 1, Save_Configuration = 1, Enable_DPLTx = 1, Enable_DPLF1 = 1, Enable_DPLF2 = 1 : NULL : WAIT = 0.5
00123 #clear multiplex
00123 Command = 0, Enable_Fault_Reset = 0, Save_Configuration = 0, Enable_DPLTx = 0, Enable_DPLF1 = 0, Enable_DPLF2 = 0 : NULL
00124 #switch input to load line
00124 J2_02 = 1 : NULL : WAIT = 0.1
00125 
00125 #TESTING - ModeIndex 1 PortIndex 1
00125 PwrSetVoltage = 50.0 : NULL : WAIT = 0.1
00126 J4_01 = 1 : NULL : WAIT = 0.1
00127 SWEEP-RUNNING DEATHSWEEP!
Connected: RIGOL TECHNOLOGIES,DP832,DP8C180100022,00.01.19
VISA resource: USB0::0x1AB1::0x0E11::DP8C180100022::INSTR
Sweeping CH2 mode=updown: 4.320000 V -> 4.430000 V -> 4.320000 V in 0.001000 V steps (221 points)
       0/220 set=4.320000 V elapsed=0.062s rate=16.13 steps/s
      50/220 set=4.370000 V elapsed=1.140s rate=44.74 steps/s eta=3.800s
     100/220 set=4.420000 V elapsed=2.203s rate=45.85 steps/s eta=2.617s
     150/220 set=4.390000 V elapsed=3.265s rate=46.25 steps/s eta=1.514s
     200/220 set=4.340000 V elapsed=4.390s rate=45.79 steps/s eta=0.437s
Sweep complete. Elapsed: 4.812s
Output turned OFF.


00127 J4_01 = 0 : NULL : WAIT = 0.1
00128 #test for lockup
00128 NULL : Port_1B = 0 | 0.1 | 0.1
00128 TEST: Port_1B 0.0 +/- 0.1
00128 PASS: Port_1B 0.0
00129 J0_09_TEST_SUPPLY = 1 : NULL : WAIT = 0.1
00130 NULL : Port_1B = 5.0 | 0.1 | 0.1
00130 TEST: Port_1B 5.0 +/- 0.1
00130 PASS: Port_1B 4.97
00131 J0_09_TEST_SUPPLY = 0 : NULL : WAIT = 0.1
00132 NULL : Port_1B = 0 | 0.1 | 0.1
00132 TEST: Port_1B 0.0 +/- 0.1
00132 PASS: Port_1B 0.082
00133 
00133 #Finished with port
00133 #switch out input
00133 J2_02 = 0 : NULL : WAIT = 0.1
00134 
00134 #cycle IGN to reset lockup
00134 RLY_K1 = 1 : NULL : WAIT = 2
00135 RLY_K1 = 0 : NULL : WAIT = 1
00136 #-----setup 39009-----
00136 #configure
00136 Command = 82, MODE1 = 0, MODE2 = 0, Enable_24VDC = 0, Analog_Raw_Value = 0 : NULL : WAIT = 0.5
00137 Command = 0, MODE1 = 0, MODE2 = 0, Enable_24VDC = 0, Analog_Raw_Value = 0 : NULL : WAIT = 0.5
00138 Command = 83, MODE1A = 7, MODE1B = 4, MODE2A = 1, MODE2B = 1, MODE3A = 4, MODE3B = 1, MODE4A = 1, MODE4B = 1, MODE5A = 6, MODE5B = 6, MODE6A = 1, MODE6B = 1, MODE7A = 6, MODE7B = 6 : NULL : WAIT = 0.5
00139 Command = 0, MODE1A = 0, MODE1B = 0, MODE2A = 0, MODE2B = 0, MODE3A = 0, MODE3B = 0, MODE4A = 0, MODE4B = 0, MODE5A = 0, MODE5B = 0, MODE6A = 0, MODE6B = 0, MODE7A = 0, MODE7B = 0 : NULL
00140 Command = 84, MODE8A = 1, MODE8B = 1, MODE9A = 6, MODE9B = 6, MODE10A = 1, MODE10B = 1, GLOBAL_KP = 255, GLOBAL_KI = 255 : NULL : WAIT = 0.5
00141 Command = 0, MODE8A = 0, MODE8B = 0, MODE9A = 0, MODE9B = 0, MODE10A = 0, MODE10B = 0, GLOBAL_KP = 0, GLOBAL_KI = 0 : NULL
00142 Command = 82, Enable_Fault_Reset = 1, Save_Configuration = 1, Enable_DPLTx = 1, Enable_DPLF1 = 1, Enable_DPLF2 = 1 : NULL : WAIT = 0.5
00143 #clear multiplex
00143 Command = 0, Enable_Fault_Reset = 0, Save_Configuration = 0, Enable_DPLTx = 0, Enable_DPLF1 = 0, Enable_DPLF2 = 0 : NULL
00144 #switch input to load line
00144 J2_03 = 1 : NULL : WAIT = 0.1
00145 
00145 #TESTING - ModeIndex 1 PortIndex 2
00145 PwrSetVoltage = 50.0 : NULL : WAIT = 0.1
00146 J4_01 = 1 : NULL : WAIT = 0.1
00147 SWEEP-RUNNING DEATHSWEEP!
Connected: RIGOL TECHNOLOGIES,DP832,DP8C180100022,00.01.19
VISA resource: USB0::0x1AB1::0x0E11::DP8C180100022::INSTR
Sweeping CH2 mode=updown: 4.320000 V -> 4.430000 V -> 4.320000 V in 0.001000 V steps (221 points)
       0/220 set=4.320000 V elapsed=0.016s rate=62.50 steps/s
      50/220 set=4.370000 V elapsed=1.141s rate=44.70 steps/s eta=3.803s
     100/220 set=4.420000 V elapsed=2.219s rate=45.52 steps/s eta=2.636s
     150/220 set=4.390000 V elapsed=3.328s rate=45.37 steps/s eta=1.543s
     200/220 set=4.340000 V elapsed=4.406s rate=45.62 steps/s eta=0.438s
Sweep complete. Elapsed: 4.860s
Output turned OFF.


00147 J4_01 = 0 : NULL : WAIT = 0.1
00148 #test for lockup
00148 NULL : Port_3A = 0 | 0.1 | 0.1
00148 TEST: Port_3A 0.0 +/- 0.1
00148 PASS: Port_3A 0.0
00149 J0_09_TEST_SUPPLY = 1 : NULL : WAIT = 0.1
00150 NULL : Port_3A = 5.0 | 0.1 | 0.1
00150 TEST: Port_3A 5.0 +/- 0.1
00150 PASS: Port_3A 4.97
00151 J0_09_TEST_SUPPLY = 0 : NULL : WAIT = 0.1
00152 NULL : Port_3A = 0 | 0.1 | 0.1
00152 TEST: Port_3A 0.0 +/- 0.1
00152 PASS: Port_3A 0.074
00153 
00153 #Finished with port
00153 #switch out input
00153 J2_03 = 0 : NULL : WAIT = 0.1
00154 
00154 #cycle IGN to reset lockup
00154 RLY_K1 = 1 : NULL : WAIT = 2
00155 RLY_K1 = 0 : NULL : WAIT = 1
00156 #-----setup 39009-----
00156 #configure
00156 Command = 82, MODE1 = 0, MODE2 = 0, Enable_24VDC = 0, Analog_Raw_Value = 0 : NULL : WAIT = 0.5
00157 Command = 0, MODE1 = 0, MODE2 = 0, Enable_24VDC = 0, Analog_Raw_Value = 0 : NULL : WAIT = 0.5
00158 Command = 83, MODE1A = 7, MODE1B = 4, MODE2A = 1, MODE2B = 1, MODE3A = 4, MODE3B = 1, MODE4A = 1, MODE4B = 1, MODE5A = 6, MODE5B = 6, MODE6A = 1, MODE6B = 1, MODE7A = 6, MODE7B = 6 : NULL : WAIT = 0.5
00159 Command = 0, MODE1A = 0, MODE1B = 0, MODE2A = 0, MODE2B = 0, MODE3A = 0, MODE3B = 0, MODE4A = 0, MODE4B = 0, MODE5A = 0, MODE5B = 0, MODE6A = 0, MODE6B = 0, MODE7A = 0, MODE7B = 0 : NULL
00160 Command = 84, MODE8A = 1, MODE8B = 1, MODE9A = 6, MODE9B = 6, MODE10A = 1, MODE10B = 1, GLOBAL_KP = 255, GLOBAL_KI = 255 : NULL : WAIT = 0.5
00161 Command = 0, MODE8A = 0, MODE8B = 0, MODE9A = 0, MODE9B = 0, MODE10A = 0, MODE10B = 0, GLOBAL_KP = 0, GLOBAL_KI = 0 : NULL
00162 Command = 82, Enable_Fault_Reset = 1, Save_Configuration = 1, Enable_DPLTx = 1, Enable_DPLF1 = 1, Enable_DPLF2 = 1 : NULL : WAIT = 0.5
00163 #clear multiplex
00163 Command = 0, Enable_Fault_Reset = 0, Save_Configuration = 0, Enable_DPLTx = 0, Enable_DPLF1 = 0, Enable_DPLF2 = 0 : NULL
00164 #switch input to load line
00164 J2_04 = 1 : NULL : WAIT = 0.1
00165 
00165 #TESTING - ModeIndex 1 PortIndex 3
00165 PwrSetVoltage = 50.0 : NULL : WAIT = 0.1
00166 J4_01 = 1 : NULL : WAIT = 0.1
00167 SWEEP-RUNNING DEATHSWEEP!
Connected: RIGOL TECHNOLOGIES,DP832,DP8C180100022,00.01.19
VISA resource: USB0::0x1AB1::0x0E11::DP8C180100022::INSTR
Sweeping CH2 mode=updown: 4.320000 V -> 4.430000 V -> 4.320000 V in 0.001000 V steps (221 points)
       0/220 set=4.320000 V elapsed=0.031s rate=32.26 steps/s
      50/220 set=4.370000 V elapsed=1.109s rate=45.99 steps/s eta=3.697s
     100/220 set=4.420000 V elapsed=2.172s rate=46.50 steps/s eta=2.581s
     150/220 set=4.390000 V elapsed=3.266s rate=46.23 steps/s eta=1.514s
     200/220 set=4.340000 V elapsed=4.344s rate=46.27 steps/s eta=0.432s
Sweep complete. Elapsed: 4.766s
Output turned OFF.


00167 J4_01 = 0 : NULL : WAIT = 0.1
00168 #test for lockup
00168 NULL : Input_3B = 0 | 0.1 | 0.1
00168 TEST: Input_3B 0.0 +/- 0.1
00168 PASS: Input_3B 0.0
00169 J0_09_TEST_SUPPLY = 1 : NULL : WAIT = 0.1
00170 NULL : Input_3B = 1 | 0.1 | 0.1
00170 TEST: Input_3B 1.0 +/- 0.1
00170 PASS: Input_3B 1.0
00171 J0_09_TEST_SUPPLY = 0 : NULL : WAIT = 0.1
00172 NULL : Input_3B = 0 | 0.1 | 0.1
00172 TEST: Input_3B 0.0 +/- 0.1
00172 PASS: Input_3B 0.0
00173 
00173 #Finished with port
00173 #switch out input
00173 J2_04 = 0 : NULL : WAIT = 0.1
00174 
00174 
00174 #Finished with mode
00174 #cycle IGN to reset lockup
00174 RLY_K1 = 1 : NULL : WAIT = 2
00175 RLY_K1 = 0 : NULL : WAIT = 1
00176 #-----setup 39009-----
00176 #configure
00176 Command = 82, MODE1 = 0, MODE2 = 0, Enable_24VDC = 0, Analog_Raw_Value = 0 : NULL : WAIT = 0.5
00177 Command = 0, MODE1 = 0, MODE2 = 0, Enable_24VDC = 0, Analog_Raw_Value = 0 : NULL : WAIT = 0.5
00178 Command = 83, MODE1A = 4, MODE1B = 4, MODE2A = 1, MODE2B = 1, MODE3A = 4, MODE3B = 4, MODE4A = 1, MODE4B = 1, MODE5A = 6, MODE5B = 6, MODE6A = 1, MODE6B = 1, MODE7A = 6, MODE7B = 6 : NULL : WAIT = 0.5
00179 Command = 0, MODE1A = 0, MODE1B = 0, MODE2A = 0, MODE2B = 0, MODE3A = 0, MODE3B = 0, MODE4A = 0, MODE4B = 0, MODE5A = 0, MODE5B = 0, MODE6A = 0, MODE6B = 0, MODE7A = 0, MODE7B = 0 : NULL
00180 Command = 84, MODE8A = 1, MODE8B = 1, MODE9A = 6, MODE9B = 6, MODE10A = 1, MODE10B = 1, GLOBAL_KP = 255, GLOBAL_KI = 255 : NULL : WAIT = 0.5
00181 Command = 0, MODE8A = 0, MODE8B = 0, MODE9A = 0, MODE9B = 0, MODE10A = 0, MODE10B = 0, GLOBAL_KP = 0, GLOBAL_KI = 0 : NULL
00182 Command = 82, Enable_Fault_Reset = 1, Save_Configuration = 1, Enable_DPLTx = 1, Enable_DPLF1 = 1, Enable_DPLF2 = 1 : NULL : WAIT = 0.5
00183 #clear multiplex
00183 Command = 0, Enable_Fault_Reset = 0, Save_Configuration = 0, Enable_DPLTx = 0, Enable_DPLF1 = 0, Enable_DPLF2 = 0 : NULL
00184 #switch input to load line
00184 J2_01 = 1 : NULL : WAIT = 0.1
00185 
00185 #TESTING - ModeIndex 2 PortIndex 0
00185 PwrSetVoltage = 50.0 : NULL : WAIT = 0.1
00186 J4_01 = 1 : NULL : WAIT = 0.1
00187 SWEEP-RUNNING DEATHSWEEP!
Connected: RIGOL TECHNOLOGIES,DP832,DP8C180100022,00.01.19
VISA resource: USB0::0x1AB1::0x0E11::DP8C180100022::INSTR
Sweeping CH2 mode=updown: 4.320000 V -> 4.430000 V -> 4.320000 V in 0.001000 V steps (221 points)
       0/220 set=4.320000 V elapsed=0.031s rate=32.26 steps/s
      50/220 set=4.370000 V elapsed=1.125s rate=45.33 steps/s eta=3.750s
     100/220 set=4.420000 V elapsed=2.218s rate=45.54 steps/s eta=2.635s
     150/220 set=4.390000 V elapsed=3.312s rate=45.59 steps/s eta=1.535s
     200/220 set=4.340000 V elapsed=4.390s rate=45.79 steps/s eta=0.437s
Sweep complete. Elapsed: 4.843s
Output turned OFF.


00187 J4_01 = 0 : NULL : WAIT = 0.1
00188 #test for lockup
00188 NULL : Port_1A = 0 | 0.1 | 0.1
00188 TEST: Port_1A 0.0 +/- 0.1
00188 PASS: Port_1A 0.082
00189 J0_09_TEST_SUPPLY = 1 : NULL : WAIT = 0.1
00190 NULL : Port_1A = 5.0 | 0.1 | 0.1
00190 TEST: Port_1A 5.0 +/- 0.1
00190 PASS: Port_1A 4.966
00191 J0_09_TEST_SUPPLY = 0 : NULL : WAIT = 0.1
00192 NULL : Port_1A = 0 | 0.1 | 0.1
00192 TEST: Port_1A 0.0 +/- 0.1
00192 PASS: Port_1A 0.074
00193 
00193 #Finished with port
00193 #switch out input
00193 J2_01 = 0 : NULL : WAIT = 0.1
00194 
00194 #cycle IGN to reset lockup
00194 RLY_K1 = 1 : NULL : WAIT = 2
00195 RLY_K1 = 0 : NULL : WAIT = 1
00196 #-----setup 39009-----
00196 #configure
00196 Command = 82, MODE1 = 0, MODE2 = 0, Enable_24VDC = 0, Analog_Raw_Value = 0 : NULL : WAIT = 0.5
00197 Command = 0, MODE1 = 0, MODE2 = 0, Enable_24VDC = 0, Analog_Raw_Value = 0 : NULL : WAIT = 0.5
00198 Command = 83, MODE1A = 4, MODE1B = 4, MODE2A = 1, MODE2B = 1, MODE3A = 4, MODE3B = 4, MODE4A = 1, MODE4B = 1, MODE5A = 6, MODE5B = 6, MODE6A = 1, MODE6B = 1, MODE7A = 6, MODE7B = 6 : NULL : WAIT = 0.5
00199 Command = 0, MODE1A = 0, MODE1B = 0, MODE2A = 0, MODE2B = 0, MODE3A = 0, MODE3B = 0, MODE4A = 0, MODE4B = 0, MODE5A = 0, MODE5B = 0, MODE6A = 0, MODE6B = 0, MODE7A = 0, MODE7B = 0 : NULL
00200 Command = 84, MODE8A = 1, MODE8B = 1, MODE9A = 6, MODE9B = 6, MODE10A = 1, MODE10B = 1, GLOBAL_KP = 255, GLOBAL_KI = 255 : NULL : WAIT = 0.5
00201 Command = 0, MODE8A = 0, MODE8B = 0, MODE9A = 0, MODE9B = 0, MODE10A = 0, MODE10B = 0, GLOBAL_KP = 0, GLOBAL_KI = 0 : NULL
00202 Command = 82, Enable_Fault_Reset = 1, Save_Configuration = 1, Enable_DPLTx = 1, Enable_DPLF1 = 1, Enable_DPLF2 = 1 : NULL : WAIT = 0.5
00203 #clear multiplex
00203 Command = 0, Enable_Fault_Reset = 0, Save_Configuration = 0, Enable_DPLTx = 0, Enable_DPLF1 = 0, Enable_DPLF2 = 0 : NULL
00204 #switch input to load line
00204 J2_02 = 1 : NULL : WAIT = 0.1
00205 
00205 #TESTING - ModeIndex 2 PortIndex 1
00205 PwrSetVoltage = 50.0 : NULL : WAIT = 0.1
00206 J4_01 = 1 : NULL : WAIT = 0.1
00207 SWEEP-RUNNING DEATHSWEEP!
Connected: RIGOL TECHNOLOGIES,DP832,DP8C180100022,00.01.19
VISA resource: USB0::0x1AB1::0x0E11::DP8C180100022::INSTR
Sweeping CH2 mode=updown: 4.320000 V -> 4.430000 V -> 4.320000 V in 0.001000 V steps (221 points)
       0/220 set=4.320000 V elapsed=0.047s rate=21.28 steps/s
      50/220 set=4.370000 V elapsed=1.125s rate=45.33 steps/s eta=3.750s
     100/220 set=4.420000 V elapsed=2.203s rate=45.85 steps/s eta=2.617s
     150/220 set=4.390000 V elapsed=3.266s rate=46.23 steps/s eta=1.514s
     200/220 set=4.340000 V elapsed=4.328s rate=46.44 steps/s eta=0.431s
Sweep complete. Elapsed: 4.750s
Output turned OFF.


00207 J4_01 = 0 : NULL : WAIT = 0.1
00208 #test for lockup
00208 NULL : Port_1B = 0 | 0.1 | 0.1
00208 TEST: Port_1B 0.0 +/- 0.1
00208 PASS: Port_1B 0.0
00209 J0_09_TEST_SUPPLY = 1 : NULL : WAIT = 0.1
00210 NULL : Port_1B = 5.0 | 0.1 | 0.1
00210 TEST: Port_1B 5.0 +/- 0.1
00210 PASS: Port_1B 4.971
00211 J0_09_TEST_SUPPLY = 0 : NULL : WAIT = 0.1
00212 NULL : Port_1B = 0 | 0.1 | 0.1
00212 TEST: Port_1B 0.0 +/- 0.1
00212 PASS: Port_1B 0.074
00213 
00213 #Finished with port
00213 #switch out input
00213 J2_02 = 0 : NULL : WAIT = 0.1
00214 
00214 #cycle IGN to reset lockup
00214 RLY_K1 = 1 : NULL : WAIT = 2
00215 RLY_K1 = 0 : NULL : WAIT = 1
00216 #-----setup 39009-----
00216 #configure
00216 Command = 82, MODE1 = 0, MODE2 = 0, Enable_24VDC = 0, Analog_Raw_Value = 0 : NULL : WAIT = 0.5
00217 Command = 0, MODE1 = 0, MODE2 = 0, Enable_24VDC = 0, Analog_Raw_Value = 0 : NULL : WAIT = 0.5
00218 Command = 83, MODE1A = 4, MODE1B = 4, MODE2A = 1, MODE2B = 1, MODE3A = 4, MODE3B = 4, MODE4A = 1, MODE4B = 1, MODE5A = 6, MODE5B = 6, MODE6A = 1, MODE6B = 1, MODE7A = 6, MODE7B = 6 : NULL : WAIT = 0.5
00219 Command = 0, MODE1A = 0, MODE1B = 0, MODE2A = 0, MODE2B = 0, MODE3A = 0, MODE3B = 0, MODE4A = 0, MODE4B = 0, MODE5A = 0, MODE5B = 0, MODE6A = 0, MODE6B = 0, MODE7A = 0, MODE7B = 0 : NULL
00220 Command = 84, MODE8A = 1, MODE8B = 1, MODE9A = 6, MODE9B = 6, MODE10A = 1, MODE10B = 1, GLOBAL_KP = 255, GLOBAL_KI = 255 : NULL : WAIT = 0.5
00221 Command = 0, MODE8A = 0, MODE8B = 0, MODE9A = 0, MODE9B = 0, MODE10A = 0, MODE10B = 0, GLOBAL_KP = 0, GLOBAL_KI = 0 : NULL
00222 Command = 82, Enable_Fault_Reset = 1, Save_Configuration = 1, Enable_DPLTx = 1, Enable_DPLF1 = 1, Enable_DPLF2 = 1 : NULL : WAIT = 0.5
00223 #clear multiplex
00223 Command = 0, Enable_Fault_Reset = 0, Save_Configuration = 0, Enable_DPLTx = 0, Enable_DPLF1 = 0, Enable_DPLF2 = 0 : NULL
00224 #switch input to load line
00224 J2_03 = 1 : NULL : WAIT = 0.1
00225 
00225 #TESTING - ModeIndex 2 PortIndex 2
00225 PwrSetVoltage = 50.0 : NULL : WAIT = 0.1
00226 J4_01 = 1 : NULL : WAIT = 0.1
00227 SWEEP-RUNNING DEATHSWEEP!
Connected: RIGOL TECHNOLOGIES,DP832,DP8C180100022,00.01.19
VISA resource: USB0::0x1AB1::0x0E11::DP8C180100022::INSTR
Sweeping CH2 mode=updown: 4.320000 V -> 4.430000 V -> 4.320000 V in 0.001000 V steps (221 points)
       0/220 set=4.320000 V elapsed=0.016s rate=62.50 steps/s
      50/220 set=4.370000 V elapsed=1.094s rate=46.62 steps/s eta=3.647s
     100/220 set=4.420000 V elapsed=2.219s rate=45.52 steps/s eta=2.636s
     150/220 set=4.390000 V elapsed=3.313s rate=45.58 steps/s eta=1.536s
     200/220 set=4.340000 V elapsed=4.375s rate=45.94 steps/s eta=0.435s
Sweep complete. Elapsed: 4.813s
Output turned OFF.


00227 J4_01 = 0 : NULL : WAIT = 0.1
00228 #test for lockup
00228 NULL : Port_3A = 0 | 0.1 | 0.1
00228 TEST: Port_3A 0.0 +/- 0.1
00228 PASS: Port_3A 0.067
00229 J0_09_TEST_SUPPLY = 1 : NULL : WAIT = 0.1
00230 NULL : Port_3A = 5.0 | 0.1 | 0.1
00230 TEST: Port_3A 5.0 +/- 0.1
00230 PASS: Port_3A 4.971
00231 J0_09_TEST_SUPPLY = 0 : NULL : WAIT = 0.1
00232 NULL : Port_3A = 0 | 0.1 | 0.1
00232 TEST: Port_3A 0.0 +/- 0.1
00232 PASS: Port_3A 0.093
00233 
00233 #Finished with port
00233 #switch out input
00233 J2_03 = 0 : NULL : WAIT = 0.1
00234 
00234 #cycle IGN to reset lockup
00234 RLY_K1 = 1 : NULL : WAIT = 2
00235 RLY_K1 = 0 : NULL : WAIT = 1
00236 #-----setup 39009-----
00236 #configure
00236 Command = 82, MODE1 = 0, MODE2 = 0, Enable_24VDC = 0, Analog_Raw_Value = 0 : NULL : WAIT = 0.5
00237 Command = 0, MODE1 = 0, MODE2 = 0, Enable_24VDC = 0, Analog_Raw_Value = 0 : NULL : WAIT = 0.5
00238 Command = 83, MODE1A = 4, MODE1B = 4, MODE2A = 1, MODE2B = 1, MODE3A = 4, MODE3B = 4, MODE4A = 1, MODE4B = 1, MODE5A = 6, MODE5B = 6, MODE6A = 1, MODE6B = 1, MODE7A = 6, MODE7B = 6 : NULL : WAIT = 0.5
00239 Command = 0, MODE1A = 0, MODE1B = 0, MODE2A = 0, MODE2B = 0, MODE3A = 0, MODE3B = 0, MODE4A = 0, MODE4B = 0, MODE5A = 0, MODE5B = 0, MODE6A = 0, MODE6B = 0, MODE7A = 0, MODE7B = 0 : NULL
00240 Command = 84, MODE8A = 1, MODE8B = 1, MODE9A = 6, MODE9B = 6, MODE10A = 1, MODE10B = 1, GLOBAL_KP = 255, GLOBAL_KI = 255 : NULL : WAIT = 0.5
00241 Command = 0, MODE8A = 0, MODE8B = 0, MODE9A = 0, MODE9B = 0, MODE10A = 0, MODE10B = 0, GLOBAL_KP = 0, GLOBAL_KI = 0 : NULL
00242 Command = 82, Enable_Fault_Reset = 1, Save_Configuration = 1, Enable_DPLTx = 1, Enable_DPLF1 = 1, Enable_DPLF2 = 1 : NULL : WAIT = 0.5
00243 #clear multiplex
00243 Command = 0, Enable_Fault_Reset = 0, Save_Configuration = 0, Enable_DPLTx = 0, Enable_DPLF1 = 0, Enable_DPLF2 = 0 : NULL
00244 #switch input to load line
00244 J2_04 = 1 : NULL : WAIT = 0.1
00245 
00245 #TESTING - ModeIndex 2 PortIndex 3
00245 PwrSetVoltage = 50.0 : NULL : WAIT = 0.1
00246 J4_01 = 1 : NULL : WAIT = 0.1
00247 SWEEP-RUNNING DEATHSWEEP!
Connected: RIGOL TECHNOLOGIES,DP832,DP8C180100022,00.01.19
VISA resource: USB0::0x1AB1::0x0E11::DP8C180100022::INSTR
Sweeping CH2 mode=updown: 4.320000 V -> 4.430000 V -> 4.320000 V in 0.001000 V steps (221 points)
       0/220 set=4.320000 V elapsed=0.016s rate=62.50 steps/s
      50/220 set=4.370000 V elapsed=1.110s rate=45.95 steps/s eta=3.700s
     100/220 set=4.420000 V elapsed=2.188s rate=46.16 steps/s eta=2.600s
     150/220 set=4.390000 V elapsed=3.250s rate=46.46 steps/s eta=1.507s
     200/220 set=4.340000 V elapsed=4.313s rate=46.60 steps/s eta=0.429s
Sweep complete. Elapsed: 4.750s
Output turned OFF.


00247 J4_01 = 0 : NULL : WAIT = 0.1
00248 #test for lockup
00248 NULL : Port_3B = 0 | 0.1 | 0.1
00248 TEST: Port_3B 0.0 +/- 0.1
00248 PASS: Port_3B 0.0
00249 J0_09_TEST_SUPPLY = 1 : NULL : WAIT = 0.1
00250 NULL : Port_3B = 5.0 | 0.1 | 0.1
00250 TEST: Port_3B 5.0 +/- 0.1
00250 PASS: Port_3B 4.976
00251 J0_09_TEST_SUPPLY = 0 : NULL : WAIT = 0.1
00252 NULL : Port_3B = 0 | 0.1 | 0.1
00252 TEST: Port_3B 0.0 +/- 0.1
00252 PASS: Port_3B 0.073
00253 
00253 #Finished with port
00253 #switch out input
00253 J2_04 = 0 : NULL : WAIT = 0.1
00254 
00254 
00254 #Finished with mode
00254 #cycle IGN to reset lockup
00254 RLY_K1 = 1 : NULL : WAIT = 2
00255 RLY_K1 = 0 : NULL : WAIT = 1
00256 #-----setup 39009-----
00256 #configure
00256 Command = 82, MODE1 = 0, MODE2 = 0, Enable_24VDC = 0, Analog_Raw_Value = 0 : NULL : WAIT = 0.5
00257 Command = 0, MODE1 = 0, MODE2 = 0, Enable_24VDC = 0, Analog_Raw_Value = 0 : NULL : WAIT = 0.5
00258 Command = 83, MODE1A = 4, MODE1B = 4, MODE2A = 1, MODE2B = 1, MODE3A = 4, MODE3B = 1, MODE4A = 1, MODE4B = 1, MODE5A = 6, MODE5B = 6, MODE6A = 1, MODE6B = 1, MODE7A = 6, MODE7B = 6 : NULL : WAIT = 0.5
00259 Command = 0, MODE1A = 0, MODE1B = 0, MODE2A = 0, MODE2B = 0, MODE3A = 0, MODE3B = 0, MODE4A = 0, MODE4B = 0, MODE5A = 0, MODE5B = 0, MODE6A = 0, MODE6B = 0, MODE7A = 0, MODE7B = 0 : NULL
00260 Command = 84, MODE8A = 1, MODE8B = 1, MODE9A = 6, MODE9B = 6, MODE10A = 1, MODE10B = 1, GLOBAL_KP = 255, GLOBAL_KI = 255 : NULL : WAIT = 0.5
00261 Command = 0, MODE8A = 0, MODE8B = 0, MODE9A = 0, MODE9B = 0, MODE10A = 0, MODE10B = 0, GLOBAL_KP = 0, GLOBAL_KI = 0 : NULL
00262 Command = 82, Enable_Fault_Reset = 1, Save_Configuration = 1, Enable_DPLTx = 1, Enable_DPLF1 = 1, Enable_DPLF2 = 1 : NULL : WAIT = 0.5
00263 #clear multiplex
00263 Command = 0, Enable_Fault_Reset = 0, Save_Configuration = 0, Enable_DPLTx = 0, Enable_DPLF1 = 0, Enable_DPLF2 = 0 : NULL
00264 #switch input to load line
00264 J2_01 = 1 : NULL : WAIT = 0.1
00265 
00265 #TESTING - ModeIndex 3 PortIndex 0
00265 PwrSetVoltage = 50.0 : NULL : WAIT = 0.1
00266 J4_01 = 1 : NULL : WAIT = 0.1
00267 SWEEP-RUNNING DEATHSWEEP!
Connected: RIGOL TECHNOLOGIES,DP832,DP8C180100022,00.01.19
VISA resource: USB0::0x1AB1::0x0E11::DP8C180100022::INSTR
Sweeping CH2 mode=updown: 4.320000 V -> 4.430000 V -> 4.320000 V in 0.001000 V steps (221 points)
       0/220 set=4.320000 V elapsed=0.031s rate=32.26 steps/s
      50/220 set=4.370000 V elapsed=1.078s rate=47.31 steps/s eta=3.593s
     100/220 set=4.420000 V elapsed=2.156s rate=46.85 steps/s eta=2.562s
     150/220 set=4.390000 V elapsed=3.265s rate=46.25 steps/s eta=1.514s
     200/220 set=4.340000 V elapsed=4.359s rate=46.11 steps/s eta=0.434s
Sweep complete. Elapsed: 4.781s
Output turned OFF.


00267 J4_01 = 0 : NULL : WAIT = 0.1
00268 #test for lockup
00268 NULL : Port_1A = 0 | 0.1 | 0.1
00268 TEST: Port_1A 0.0 +/- 0.1
00268 PASS: Port_1A 0.0
00269 J0_09_TEST_SUPPLY = 1 : NULL : WAIT = 0.1
00270 NULL : Port_1A = 5.0 | 0.1 | 0.1
00270 TEST: Port_1A 5.0 +/- 0.1
00270 PASS: Port_1A 4.968
00271 J0_09_TEST_SUPPLY = 0 : NULL : WAIT = 0.1
00272 NULL : Port_1A = 0 | 0.1 | 0.1
00272 TEST: Port_1A 0.0 +/- 0.1
00272 PASS: Port_1A 0.073
00273 
00273 #Finished with port
00273 #switch out input
00273 J2_01 = 0 : NULL : WAIT = 0.1
00274 
00274 #cycle IGN to reset lockup
00274 RLY_K1 = 1 : NULL : WAIT = 2
00275 RLY_K1 = 0 : NULL : WAIT = 1
00276 #-----setup 39009-----
00276 #configure
00276 Command = 82, MODE1 = 0, MODE2 = 0, Enable_24VDC = 0, Analog_Raw_Value = 0 : NULL : WAIT = 0.5
00277 Command = 0, MODE1 = 0, MODE2 = 0, Enable_24VDC = 0, Analog_Raw_Value = 0 : NULL : WAIT = 0.5
00278 Command = 83, MODE1A = 4, MODE1B = 4, MODE2A = 1, MODE2B = 1, MODE3A = 4, MODE3B = 1, MODE4A = 1, MODE4B = 1, MODE5A = 6, MODE5B = 6, MODE6A = 1, MODE6B = 1, MODE7A = 6, MODE7B = 6 : NULL : WAIT = 0.5
00279 Command = 0, MODE1A = 0, MODE1B = 0, MODE2A = 0, MODE2B = 0, MODE3A = 0, MODE3B = 0, MODE4A = 0, MODE4B = 0, MODE5A = 0, MODE5B = 0, MODE6A = 0, MODE6B = 0, MODE7A = 0, MODE7B = 0 : NULL
00280 Command = 84, MODE8A = 1, MODE8B = 1, MODE9A = 6, MODE9B = 6, MODE10A = 1, MODE10B = 1, GLOBAL_KP = 255, GLOBAL_KI = 255 : NULL : WAIT = 0.5
00281 Command = 0, MODE8A = 0, MODE8B = 0, MODE9A = 0, MODE9B = 0, MODE10A = 0, MODE10B = 0, GLOBAL_KP = 0, GLOBAL_KI = 0 : NULL
00282 Command = 82, Enable_Fault_Reset = 1, Save_Configuration = 1, Enable_DPLTx = 1, Enable_DPLF1 = 1, Enable_DPLF2 = 1 : NULL : WAIT = 0.5
00283 #clear multiplex
00283 Command = 0, Enable_Fault_Reset = 0, Save_Configuration = 0, Enable_DPLTx = 0, Enable_DPLF1 = 0, Enable_DPLF2 = 0 : NULL
00284 #switch input to load line
00284 J2_02 = 1 : NULL : WAIT = 0.1
00285 
00285 #TESTING - ModeIndex 3 PortIndex 1
00285 PwrSetVoltage = 50.0 : NULL : WAIT = 0.1
00286 J4_01 = 1 : NULL : WAIT = 0.1
00287 SWEEP-RUNNING DEATHSWEEP!
Connected: RIGOL TECHNOLOGIES,DP832,DP8C180100022,00.01.19
VISA resource: USB0::0x1AB1::0x0E11::DP8C180100022::INSTR
Sweeping CH2 mode=updown: 4.320000 V -> 4.430000 V -> 4.320000 V in 0.001000 V steps (221 points)
       0/220 set=4.320000 V elapsed=0.015s rate=66.67 steps/s
      50/220 set=4.370000 V elapsed=1.093s rate=46.66 steps/s eta=3.643s
     100/220 set=4.420000 V elapsed=2.187s rate=46.18 steps/s eta=2.598s
     150/220 set=4.390000 V elapsed=3.296s rate=45.81 steps/s eta=1.528s
     200/220 set=4.340000 V elapsed=4.375s rate=45.94 steps/s eta=0.435s
Sweep complete. Elapsed: 4.828s
Output turned OFF.


00287 J4_01 = 0 : NULL : WAIT = 0.1
00288 #test for lockup
00288 NULL : Port_1B = 0 | 0.1 | 0.1
00288 TEST: Port_1B 0.0 +/- 0.1
00288 PASS: Port_1B 0.0
00289 J0_09_TEST_SUPPLY = 1 : NULL : WAIT = 0.1
00290 NULL : Port_1B = 5.0 | 0.1 | 0.1
00290 TEST: Port_1B 5.0 +/- 0.1
00290 PASS: Port_1B 4.971
00291 J0_09_TEST_SUPPLY = 0 : NULL : WAIT = 0.1
00292 NULL : Port_1B = 0 | 0.1 | 0.1
00292 TEST: Port_1B 0.0 +/- 0.1
00292 PASS: Port_1B 0.074
00293 
00293 #Finished with port
00293 #switch out input
00293 J2_02 = 0 : NULL : WAIT = 0.1
00294 
00294 #cycle IGN to reset lockup
00294 RLY_K1 = 1 : NULL : WAIT = 2
00295 RLY_K1 = 0 : NULL : WAIT = 1
00296 #-----setup 39009-----
00296 #configure
00296 Command = 82, MODE1 = 0, MODE2 = 0, Enable_24VDC = 0, Analog_Raw_Value = 0 : NULL : WAIT = 0.5
00297 Command = 0, MODE1 = 0, MODE2 = 0, Enable_24VDC = 0, Analog_Raw_Value = 0 : NULL : WAIT = 0.5
00298 Command = 83, MODE1A = 4, MODE1B = 4, MODE2A = 1, MODE2B = 1, MODE3A = 4, MODE3B = 1, MODE4A = 1, MODE4B = 1, MODE5A = 6, MODE5B = 6, MODE6A = 1, MODE6B = 1, MODE7A = 6, MODE7B = 6 : NULL : WAIT = 0.5
00299 Command = 0, MODE1A = 0, MODE1B = 0, MODE2A = 0, MODE2B = 0, MODE3A = 0, MODE3B = 0, MODE4A = 0, MODE4B = 0, MODE5A = 0, MODE5B = 0, MODE6A = 0, MODE6B = 0, MODE7A = 0, MODE7B = 0 : NULL
00300 Command = 84, MODE8A = 1, MODE8B = 1, MODE9A = 6, MODE9B = 6, MODE10A = 1, MODE10B = 1, GLOBAL_KP = 255, GLOBAL_KI = 255 : NULL : WAIT = 0.5
00301 Command = 0, MODE8A = 0, MODE8B = 0, MODE9A = 0, MODE9B = 0, MODE10A = 0, MODE10B = 0, GLOBAL_KP = 0, GLOBAL_KI = 0 : NULL
00302 Command = 82, Enable_Fault_Reset = 1, Save_Configuration = 1, Enable_DPLTx = 1, Enable_DPLF1 = 1, Enable_DPLF2 = 1 : NULL : WAIT = 0.5
00303 #clear multiplex
00303 Command = 0, Enable_Fault_Reset = 0, Save_Configuration = 0, Enable_DPLTx = 0, Enable_DPLF1 = 0, Enable_DPLF2 = 0 : NULL
00304 #switch input to load line
00304 J2_03 = 1 : NULL : WAIT = 0.1
00305 
00305 #TESTING - ModeIndex 3 PortIndex 2
00305 PwrSetVoltage = 50.0 : NULL : WAIT = 0.1
00306 J4_01 = 1 : NULL : WAIT = 0.1
00307 SWEEP-RUNNING DEATHSWEEP!
Connected: RIGOL TECHNOLOGIES,DP832,DP8C180100022,00.01.19
VISA resource: USB0::0x1AB1::0x0E11::DP8C180100022::INSTR
Sweeping CH2 mode=updown: 4.320000 V -> 4.430000 V -> 4.320000 V in 0.001000 V steps (221 points)
       0/220 set=4.320000 V elapsed=0.047s rate=21.28 steps/s
      50/220 set=4.370000 V elapsed=1.110s rate=45.95 steps/s eta=3.700s
     100/220 set=4.420000 V elapsed=2.188s rate=46.16 steps/s eta=2.600s
     150/220 set=4.390000 V elapsed=3.266s rate=46.23 steps/s eta=1.514s
     200/220 set=4.340000 V elapsed=4.344s rate=46.27 steps/s eta=0.432s
Sweep complete. Elapsed: 4.766s
Output turned OFF.


00307 J4_01 = 0 : NULL : WAIT = 0.1
00308 #test for lockup
00308 NULL : Port_3A = 0 | 0.1 | 0.1
00308 TEST: Port_3A 0.0 +/- 0.1
00308 PASS: Port_3A 0.0
00309 J0_09_TEST_SUPPLY = 1 : NULL : WAIT = 0.1
00310 NULL : Port_3A = 5.0 | 0.1 | 0.1
00310 TEST: Port_3A 5.0 +/- 0.1
00310 PASS: Port_3A 4.97
00311 J0_09_TEST_SUPPLY = 0 : NULL : WAIT = 0.1
00312 NULL : Port_3A = 0 | 0.1 | 0.1
00312 TEST: Port_3A 0.0 +/- 0.1
00312 PASS: Port_3A 0.082
00313 
00313 #Finished with port
00313 #switch out input
00313 J2_03 = 0 : NULL : WAIT = 0.1
00314 
00314 #cycle IGN to reset lockup
00314 RLY_K1 = 1 : NULL : WAIT = 2
00315 RLY_K1 = 0 : NULL : WAIT = 1
00316 #-----setup 39009-----
00316 #configure
00316 Command = 82, MODE1 = 0, MODE2 = 0, Enable_24VDC = 0, Analog_Raw_Value = 0 : NULL : WAIT = 0.5
00317 Command = 0, MODE1 = 0, MODE2 = 0, Enable_24VDC = 0, Analog_Raw_Value = 0 : NULL : WAIT = 0.5
00318 Command = 83, MODE1A = 4, MODE1B = 4, MODE2A = 1, MODE2B = 1, MODE3A = 4, MODE3B = 1, MODE4A = 1, MODE4B = 1, MODE5A = 6, MODE5B = 6, MODE6A = 1, MODE6B = 1, MODE7A = 6, MODE7B = 6 : NULL : WAIT = 0.5
00319 Command = 0, MODE1A = 0, MODE1B = 0, MODE2A = 0, MODE2B = 0, MODE3A = 0, MODE3B = 0, MODE4A = 0, MODE4B = 0, MODE5A = 0, MODE5B = 0, MODE6A = 0, MODE6B = 0, MODE7A = 0, MODE7B = 0 : NULL
00320 Command = 84, MODE8A = 1, MODE8B = 1, MODE9A = 6, MODE9B = 6, MODE10A = 1, MODE10B = 1, GLOBAL_KP = 255, GLOBAL_KI = 255 : NULL : WAIT = 0.5
00321 Command = 0, MODE8A = 0, MODE8B = 0, MODE9A = 0, MODE9B = 0, MODE10A = 0, MODE10B = 0, GLOBAL_KP = 0, GLOBAL_KI = 0 : NULL
00322 Command = 82, Enable_Fault_Reset = 1, Save_Configuration = 1, Enable_DPLTx = 1, Enable_DPLF1 = 1, Enable_DPLF2 = 1 : NULL : WAIT = 0.5
00323 #clear multiplex
00323 Command = 0, Enable_Fault_Reset = 0, Save_Configuration = 0, Enable_DPLTx = 0, Enable_DPLF1 = 0, Enable_DPLF2 = 0 : NULL
00324 #switch input to load line
00324 J2_04 = 1 : NULL : WAIT = 0.1
00325 
00325 #TESTING - ModeIndex 3 PortIndex 3
00325 PwrSetVoltage = 50.0 : NULL : WAIT = 0.1
00326 J4_01 = 1 : NULL : WAIT = 0.1
00327 SWEEP-RUNNING DEATHSWEEP!
Connected: RIGOL TECHNOLOGIES,DP832,DP8C180100022,00.01.19
VISA resource: USB0::0x1AB1::0x0E11::DP8C180100022::INSTR
Sweeping CH2 mode=updown: 4.320000 V -> 4.430000 V -> 4.320000 V in 0.001000 V steps (221 points)
       0/220 set=4.320000 V elapsed=0.016s rate=62.50 steps/s
      50/220 set=4.370000 V elapsed=1.094s rate=46.62 steps/s eta=3.647s
     100/220 set=4.420000 V elapsed=2.156s rate=46.85 steps/s eta=2.562s
     150/220 set=4.390000 V elapsed=3.281s rate=46.02 steps/s eta=1.521s
     200/220 set=4.340000 V elapsed=4.406s rate=45.62 steps/s eta=0.438s
Sweep complete. Elapsed: 4.828s
Output turned OFF.


00327 J4_01 = 0 : NULL : WAIT = 0.1
00328 #test for lockup
00328 NULL : Input_3B = 0 | 0.1 | 0.1
00328 TEST: Input_3B 0.0 +/- 0.1
00328 PASS: Input_3B 0.0
00329 J0_09_TEST_SUPPLY = 1 : NULL : WAIT = 0.1
00330 NULL : Input_3B = 1 | 0.1 | 0.1
00330 TEST: Input_3B 1.0 +/- 0.1
00330 PASS: Input_3B 1.0
00331 J0_09_TEST_SUPPLY = 0 : NULL : WAIT = 0.1
00332 NULL : Input_3B = 0 | 0.1 | 0.1
00332 TEST: Input_3B 0.0 +/- 0.1
00332 PASS: Input_3B 0.0
00333 
00333 #Finished with port
00333 #switch out input
00333 J2_04 = 0 : NULL : WAIT = 0.1
00334 
00334 
00334 #Finished with mode
00334 #cycle IGN to reset lockup
00334 RLY_K1 = 1 : NULL : WAIT = 2
00335 RLY_K1 = 0 : NULL : WAIT = 1
00336 #-----setup 39009-----
00336 #configure
00336 Command = 82, MODE1 = 0, MODE2 = 0, Enable_24VDC = 0, Analog_Raw_Value = 0 : NULL : WAIT = 0.5
00337 Command = 0, MODE1 = 0, MODE2 = 0, Enable_24VDC = 0, Analog_Raw_Value = 0 : NULL : WAIT = 0.5
00338 Command = 83, MODE1A = 4, MODE1B = 4, MODE2A = 1, MODE2B = 1, MODE3A = 1, MODE3B = 4, MODE4A = 1, MODE4B = 1, MODE5A = 6, MODE5B = 6, MODE6A = 1, MODE6B = 1, MODE7A = 6, MODE7B = 6 : NULL : WAIT = 0.5
00339 Command = 0, MODE1A = 0, MODE1B = 0, MODE2A = 0, MODE2B = 0, MODE3A = 0, MODE3B = 0, MODE4A = 0, MODE4B = 0, MODE5A = 0, MODE5B = 0, MODE6A = 0, MODE6B = 0, MODE7A = 0, MODE7B = 0 : NULL
00340 Command = 84, MODE8A = 1, MODE8B = 1, MODE9A = 6, MODE9B = 6, MODE10A = 1, MODE10B = 1, GLOBAL_KP = 255, GLOBAL_KI = 255 : NULL : WAIT = 0.5
00341 Command = 0, MODE8A = 0, MODE8B = 0, MODE9A = 0, MODE9B = 0, MODE10A = 0, MODE10B = 0, GLOBAL_KP = 0, GLOBAL_KI = 0 : NULL
00342 Command = 82, Enable_Fault_Reset = 1, Save_Configuration = 1, Enable_DPLTx = 1, Enable_DPLF1 = 1, Enable_DPLF2 = 1 : NULL : WAIT = 0.5
00343 #clear multiplex
00343 Command = 0, Enable_Fault_Reset = 0, Save_Configuration = 0, Enable_DPLTx = 0, Enable_DPLF1 = 0, Enable_DPLF2 = 0 : NULL
00344 #switch input to load line
00344 J2_01 = 1 : NULL : WAIT = 0.1
00345 
00345 #TESTING - ModeIndex 4 PortIndex 0
00345 PwrSetVoltage = 50.0 : NULL : WAIT = 0.1
00346 J4_01 = 1 : NULL : WAIT = 0.1
00347 SWEEP-RUNNING DEATHSWEEP!
Connected: RIGOL TECHNOLOGIES,DP832,DP8C180100022,00.01.19
VISA resource: USB0::0x1AB1::0x0E11::DP8C180100022::INSTR
Sweeping CH2 mode=updown: 4.320000 V -> 4.430000 V -> 4.320000 V in 0.001000 V steps (221 points)
       0/220 set=4.320000 V elapsed=0.016s rate=62.50 steps/s
      50/220 set=4.370000 V elapsed=1.094s rate=46.62 steps/s eta=3.647s
     100/220 set=4.420000 V elapsed=2.203s rate=45.85 steps/s eta=2.617s
     150/220 set=4.390000 V elapsed=3.266s rate=46.23 steps/s eta=1.514s
     200/220 set=4.340000 V elapsed=4.344s rate=46.27 steps/s eta=0.432s
Sweep complete. Elapsed: 4.781s
Output turned OFF.


00347 J4_01 = 0 : NULL : WAIT = 0.1
00348 #test for lockup
00348 NULL : Port_1A = 0 | 0.1 | 0.1
00348 TEST: Port_1A 0.0 +/- 0.1
00348 PASS: Port_1A 0.0
00349 J0_09_TEST_SUPPLY = 1 : NULL : WAIT = 0.1
00350 NULL : Port_1A = 5.0 | 0.1 | 0.1
00350 TEST: Port_1A 5.0 +/- 0.1
00350 PASS: Port_1A 4.966
00351 J0_09_TEST_SUPPLY = 0 : NULL : WAIT = 0.1
00352 NULL : Port_1A = 0 | 0.1 | 0.1
00352 TEST: Port_1A 0.0 +/- 0.1
00352 PASS: Port_1A 0.074
00353 
00353 #Finished with port
00353 #switch out input
00353 J2_01 = 0 : NULL : WAIT = 0.1
00354 
00354 #cycle IGN to reset lockup
00354 RLY_K1 = 1 : NULL : WAIT = 2
00355 RLY_K1 = 0 : NULL : WAIT = 1
00356 #-----setup 39009-----
00356 #configure
00356 Command = 82, MODE1 = 0, MODE2 = 0, Enable_24VDC = 0, Analog_Raw_Value = 0 : NULL : WAIT = 0.5
00357 Command = 0, MODE1 = 0, MODE2 = 0, Enable_24VDC = 0, Analog_Raw_Value = 0 : NULL : WAIT = 0.5
00358 Command = 83, MODE1A = 4, MODE1B = 4, MODE2A = 1, MODE2B = 1, MODE3A = 1, MODE3B = 4, MODE4A = 1, MODE4B = 1, MODE5A = 6, MODE5B = 6, MODE6A = 1, MODE6B = 1, MODE7A = 6, MODE7B = 6 : NULL : WAIT = 0.5
00359 Command = 0, MODE1A = 0, MODE1B = 0, MODE2A = 0, MODE2B = 0, MODE3A = 0, MODE3B = 0, MODE4A = 0, MODE4B = 0, MODE5A = 0, MODE5B = 0, MODE6A = 0, MODE6B = 0, MODE7A = 0, MODE7B = 0 : NULL
00360 Command = 84, MODE8A = 1, MODE8B = 1, MODE9A = 6, MODE9B = 6, MODE10A = 1, MODE10B = 1, GLOBAL_KP = 255, GLOBAL_KI = 255 : NULL : WAIT = 0.5
00361 Command = 0, MODE8A = 0, MODE8B = 0, MODE9A = 0, MODE9B = 0, MODE10A = 0, MODE10B = 0, GLOBAL_KP = 0, GLOBAL_KI = 0 : NULL
00362 Command = 82, Enable_Fault_Reset = 1, Save_Configuration = 1, Enable_DPLTx = 1, Enable_DPLF1 = 1, Enable_DPLF2 = 1 : NULL : WAIT = 0.5
00363 #clear multiplex
00363 Command = 0, Enable_Fault_Reset = 0, Save_Configuration = 0, Enable_DPLTx = 0, Enable_DPLF1 = 0, Enable_DPLF2 = 0 : NULL
00364 #switch input to load line
00364 J2_02 = 1 : NULL : WAIT = 0.1
00365 
00365 #TESTING - ModeIndex 4 PortIndex 1
00365 PwrSetVoltage = 50.0 : NULL : WAIT = 0.1
00366 J4_01 = 1 : NULL : WAIT = 0.1
00367 SWEEP-RUNNING DEATHSWEEP!
Connected: RIGOL TECHNOLOGIES,DP832,DP8C180100022,00.01.19
VISA resource: USB0::0x1AB1::0x0E11::DP8C180100022::INSTR
Sweeping CH2 mode=updown: 4.320000 V -> 4.430000 V -> 4.320000 V in 0.001000 V steps (221 points)
       0/220 set=4.320000 V elapsed=0.016s rate=62.50 steps/s
      50/220 set=4.370000 V elapsed=1.125s rate=45.33 steps/s eta=3.750s
     100/220 set=4.420000 V elapsed=2.188s rate=46.16 steps/s eta=2.600s
     150/220 set=4.390000 V elapsed=3.250s rate=46.46 steps/s eta=1.507s
     200/220 set=4.340000 V elapsed=4.297s rate=46.78 steps/s eta=0.428s
Sweep complete. Elapsed: 4.719s
Output turned OFF.


00367 J4_01 = 0 : NULL : WAIT = 0.1
00368 #test for lockup
00368 NULL : Port_1B = 0 | 0.1 | 0.1
00368 TEST: Port_1B 0.0 +/- 0.1
00368 PASS: Port_1B 0.0
00369 J0_09_TEST_SUPPLY = 1 : NULL : WAIT = 0.1
00370 NULL : Port_1B = 5.0 | 0.1 | 0.1
00370 TEST: Port_1B 5.0 +/- 0.1
00370 PASS: Port_1B 4.967
00371 J0_09_TEST_SUPPLY = 0 : NULL : WAIT = 0.1
00372 NULL : Port_1B = 0 | 0.1 | 0.1
00372 TEST: Port_1B 0.0 +/- 0.1
00372 PASS: Port_1B 0.079
00373 
00373 #Finished with port
00373 #switch out input
00373 J2_02 = 0 : NULL : WAIT = 0.1
00374 
00374 #cycle IGN to reset lockup
00374 RLY_K1 = 1 : NULL : WAIT = 2
00375 RLY_K1 = 0 : NULL : WAIT = 1
00376 #-----setup 39009-----
00376 #configure
00376 Command = 82, MODE1 = 0, MODE2 = 0, Enable_24VDC = 0, Analog_Raw_Value = 0 : NULL : WAIT = 0.5
00377 Command = 0, MODE1 = 0, MODE2 = 0, Enable_24VDC = 0, Analog_Raw_Value = 0 : NULL : WAIT = 0.5
00378 Command = 83, MODE1A = 4, MODE1B = 4, MODE2A = 1, MODE2B = 1, MODE3A = 1, MODE3B = 4, MODE4A = 1, MODE4B = 1, MODE5A = 6, MODE5B = 6, MODE6A = 1, MODE6B = 1, MODE7A = 6, MODE7B = 6 : NULL : WAIT = 0.5
00379 Command = 0, MODE1A = 0, MODE1B = 0, MODE2A = 0, MODE2B = 0, MODE3A = 0, MODE3B = 0, MODE4A = 0, MODE4B = 0, MODE5A = 0, MODE5B = 0, MODE6A = 0, MODE6B = 0, MODE7A = 0, MODE7B = 0 : NULL
00380 Command = 84, MODE8A = 1, MODE8B = 1, MODE9A = 6, MODE9B = 6, MODE10A = 1, MODE10B = 1, GLOBAL_KP = 255, GLOBAL_KI = 255 : NULL : WAIT = 0.5
00381 Command = 0, MODE8A = 0, MODE8B = 0, MODE9A = 0, MODE9B = 0, MODE10A = 0, MODE10B = 0, GLOBAL_KP = 0, GLOBAL_KI = 0 : NULL
00382 Command = 82, Enable_Fault_Reset = 1, Save_Configuration = 1, Enable_DPLTx = 1, Enable_DPLF1 = 1, Enable_DPLF2 = 1 : NULL : WAIT = 0.5
00383 #clear multiplex
00383 Command = 0, Enable_Fault_Reset = 0, Save_Configuration = 0, Enable_DPLTx = 0, Enable_DPLF1 = 0, Enable_DPLF2 = 0 : NULL
00384 #switch input to load line
00384 J2_03 = 1 : NULL : WAIT = 0.1
00385 
00385 #TESTING - ModeIndex 4 PortIndex 2
00385 PwrSetVoltage = 50.0 : NULL : WAIT = 0.1
00386 J4_01 = 1 : NULL : WAIT = 0.1
00387 SWEEP-RUNNING DEATHSWEEP!
Connected: RIGOL TECHNOLOGIES,DP832,DP8C180100022,00.01.19
VISA resource: USB0::0x1AB1::0x0E11::DP8C180100022::INSTR
Sweeping CH2 mode=updown: 4.320000 V -> 4.430000 V -> 4.320000 V in 0.001000 V steps (221 points)
       0/220 set=4.320000 V elapsed=0.016s rate=62.50 steps/s
      50/220 set=4.370000 V elapsed=1.094s rate=46.62 steps/s eta=3.647s
     100/220 set=4.420000 V elapsed=2.203s rate=45.85 steps/s eta=2.617s
     150/220 set=4.390000 V elapsed=3.297s rate=45.80 steps/s eta=1.528s
     200/220 set=4.340000 V elapsed=4.359s rate=46.11 steps/s eta=0.434s
Sweep complete. Elapsed: 4.781s
Output turned OFF.


00387 J4_01 = 0 : NULL : WAIT = 0.1
00388 #test for lockup
00388 NULL : Input_3A = 0 | 0.1 | 0.1
00388 TEST: Input_3A 0.0 +/- 0.1
00388 PASS: Input_3A 0.0
00389 J0_09_TEST_SUPPLY = 1 : NULL : WAIT = 0.1
00390 NULL : Input_3A = 1 | 0.1 | 0.1
00390 TEST: Input_3A 1.0 +/- 0.1
00390 PASS: Input_3A 1.0
00391 J0_09_TEST_SUPPLY = 0 : NULL : WAIT = 0.1
00392 NULL : Input_3A = 0 | 0.1 | 0.1
00392 TEST: Input_3A 0.0 +/- 0.1
00392 PASS: Input_3A 0.0
00393 
00393 #Finished with port
00393 #switch out input
00393 J2_03 = 0 : NULL : WAIT = 0.1
00394 
00394 #cycle IGN to reset lockup
00394 RLY_K1 = 1 : NULL : WAIT = 2
00395 RLY_K1 = 0 : NULL : WAIT = 1
00396 #-----setup 39009-----
00396 #configure
00396 Command = 82, MODE1 = 0, MODE2 = 0, Enable_24VDC = 0, Analog_Raw_Value = 0 : NULL : WAIT = 0.5
00397 Command = 0, MODE1 = 0, MODE2 = 0, Enable_24VDC = 0, Analog_Raw_Value = 0 : NULL : WAIT = 0.5
00398 Command = 83, MODE1A = 4, MODE1B = 4, MODE2A = 1, MODE2B = 1, MODE3A = 1, MODE3B = 4, MODE4A = 1, MODE4B = 1, MODE5A = 6, MODE5B = 6, MODE6A = 1, MODE6B = 1, MODE7A = 6, MODE7B = 6 : NULL : WAIT = 0.5
00399 Command = 0, MODE1A = 0, MODE1B = 0, MODE2A = 0, MODE2B = 0, MODE3A = 0, MODE3B = 0, MODE4A = 0, MODE4B = 0, MODE5A = 0, MODE5B = 0, MODE6A = 0, MODE6B = 0, MODE7A = 0, MODE7B = 0 : NULL
00400 Command = 84, MODE8A = 1, MODE8B = 1, MODE9A = 6, MODE9B = 6, MODE10A = 1, MODE10B = 1, GLOBAL_KP = 255, GLOBAL_KI = 255 : NULL : WAIT = 0.5
00401 Command = 0, MODE8A = 0, MODE8B = 0, MODE9A = 0, MODE9B = 0, MODE10A = 0, MODE10B = 0, GLOBAL_KP = 0, GLOBAL_KI = 0 : NULL
00402 Command = 82, Enable_Fault_Reset = 1, Save_Configuration = 1, Enable_DPLTx = 1, Enable_DPLF1 = 1, Enable_DPLF2 = 1 : NULL : WAIT = 0.5
00403 #clear multiplex
00403 Command = 0, Enable_Fault_Reset = 0, Save_Configuration = 0, Enable_DPLTx = 0, Enable_DPLF1 = 0, Enable_DPLF2 = 0 : NULL
00404 #switch input to load line
00404 J2_04 = 1 : NULL : WAIT = 0.1
00405 
00405 #TESTING - ModeIndex 4 PortIndex 3
00405 PwrSetVoltage = 50.0 : NULL : WAIT = 0.1
00406 J4_01 = 1 : NULL : WAIT = 0.1
00407 SWEEP-RUNNING DEATHSWEEP!
Connected: RIGOL TECHNOLOGIES,DP832,DP8C180100022,00.01.19
VISA resource: USB0::0x1AB1::0x0E11::DP8C180100022::INSTR
Sweeping CH2 mode=updown: 4.320000 V -> 4.430000 V -> 4.320000 V in 0.001000 V steps (221 points)
       0/220 set=4.320000 V elapsed=0.016s rate=62.50 steps/s
      50/220 set=4.370000 V elapsed=1.094s rate=46.62 steps/s eta=3.647s
     100/220 set=4.420000 V elapsed=2.203s rate=45.85 steps/s eta=2.617s
     150/220 set=4.390000 V elapsed=3.281s rate=46.02 steps/s eta=1.521s
     200/220 set=4.340000 V elapsed=4.344s rate=46.27 steps/s eta=0.432s
Sweep complete. Elapsed: 4.781s
Output turned OFF.


00407 J4_01 = 0 : NULL : WAIT = 0.1
00408 #test for lockup
00408 NULL : Port_3B = 0 | 0.1 | 0.1
00408 TEST: Port_3B 0.0 +/- 0.1
00408 PASS: Port_3B 0.0
00409 J0_09_TEST_SUPPLY = 1 : NULL : WAIT = 0.1
00410 NULL : Port_3B = 5.0 | 0.1 | 0.1
00410 TEST: Port_3B 5.0 +/- 0.1
00410 PASS: Port_3B 4.975
00411 J0_09_TEST_SUPPLY = 0 : NULL : WAIT = 0.1
00412 NULL : Port_3B = 0 | 0.1 | 0.1
00412 TEST: Port_3B 0.0 +/- 0.1
00412 PASS: Port_3B 0.077
00413 
00413 #Finished with port
00413 #switch out input
00413 J2_04 = 0 : NULL : WAIT = 0.1
00414 
00414 
00414 #Finished with mode
00414 #cycle IGN to reset lockup
00414 RLY_K1 = 1 : NULL : WAIT = 2
00415 RLY_K1 = 0 : NULL : WAIT = 1
00416 #-----setup 39009-----
00416 #configure
00416 Command = 82, MODE1 = 0, MODE2 = 0, Enable_24VDC = 0, Analog_Raw_Value = 0 : NULL : WAIT = 0.5
00417 Command = 0, MODE1 = 0, MODE2 = 0, Enable_24VDC = 0, Analog_Raw_Value = 0 : NULL : WAIT = 0.5
00418 Command = 83, MODE1A = 4, MODE1B = 4, MODE2A = 1, MODE2B = 1, MODE3A = 1, MODE3B = 1, MODE4A = 1, MODE4B = 1, MODE5A = 6, MODE5B = 6, MODE6A = 1, MODE6B = 1, MODE7A = 6, MODE7B = 6 : NULL : WAIT = 0.5
00419 Command = 0, MODE1A = 0, MODE1B = 0, MODE2A = 0, MODE2B = 0, MODE3A = 0, MODE3B = 0, MODE4A = 0, MODE4B = 0, MODE5A = 0, MODE5B = 0, MODE6A = 0, MODE6B = 0, MODE7A = 0, MODE7B = 0 : NULL
00420 Command = 84, MODE8A = 1, MODE8B = 1, MODE9A = 6, MODE9B = 6, MODE10A = 1, MODE10B = 1, GLOBAL_KP = 255, GLOBAL_KI = 255 : NULL : WAIT = 0.5
00421 Command = 0, MODE8A = 0, MODE8B = 0, MODE9A = 0, MODE9B = 0, MODE10A = 0, MODE10B = 0, GLOBAL_KP = 0, GLOBAL_KI = 0 : NULL
00422 Command = 82, Enable_Fault_Reset = 1, Save_Configuration = 1, Enable_DPLTx = 1, Enable_DPLF1 = 1, Enable_DPLF2 = 1 : NULL : WAIT = 0.5
00423 #clear multiplex
00423 Command = 0, Enable_Fault_Reset = 0, Save_Configuration = 0, Enable_DPLTx = 0, Enable_DPLF1 = 0, Enable_DPLF2 = 0 : NULL
00424 #switch input to load line
00424 J2_01 = 1 : NULL : WAIT = 0.1
00425 
00425 #TESTING - ModeIndex 5 PortIndex 0
00425 PwrSetVoltage = 50.0 : NULL : WAIT = 0.1
00426 J4_01 = 1 : NULL : WAIT = 0.1
00427 SWEEP-RUNNING DEATHSWEEP!
Connected: RIGOL TECHNOLOGIES,DP832,DP8C180100022,00.01.19
VISA resource: USB0::0x1AB1::0x0E11::DP8C180100022::INSTR
Sweeping CH2 mode=updown: 4.320000 V -> 4.430000 V -> 4.320000 V in 0.001000 V steps (221 points)
       0/220 set=4.320000 V elapsed=0.015s rate=66.67 steps/s
      50/220 set=4.370000 V elapsed=1.140s rate=44.74 steps/s eta=3.800s
     100/220 set=4.420000 V elapsed=2.250s rate=44.89 steps/s eta=2.673s
     150/220 set=4.390000 V elapsed=3.359s rate=44.95 steps/s eta=1.557s
     200/220 set=4.340000 V elapsed=4.437s rate=45.30 steps/s eta=0.441s
Sweep complete. Elapsed: 4.875s
Output turned OFF.


00427 J4_01 = 0 : NULL : WAIT = 0.1
00428 #test for lockup
00428 NULL : Port_1A = 0 | 0.1 | 0.1
00428 TEST: Port_1A 0.0 +/- 0.1
00428 PASS: Port_1A 0.0
00429 J0_09_TEST_SUPPLY = 1 : NULL : WAIT = 0.1
00430 NULL : Port_1A = 5.0 | 0.1 | 0.1
00430 TEST: Port_1A 5.0 +/- 0.1
00430 PASS: Port_1A 4.966
00431 J0_09_TEST_SUPPLY = 0 : NULL : WAIT = 0.1
00432 NULL : Port_1A = 0 | 0.1 | 0.1
00432 TEST: Port_1A 0.0 +/- 0.1
00432 PASS: Port_1A 0.079
00433 
00433 #Finished with port
00433 #switch out input
00433 J2_01 = 0 : NULL : WAIT = 0.1
00434 
00434 #cycle IGN to reset lockup
00434 RLY_K1 = 1 : NULL : WAIT = 2
00435 RLY_K1 = 0 : NULL : WAIT = 1
00436 #-----setup 39009-----
00436 #configure
00436 Command = 82, MODE1 = 0, MODE2 = 0, Enable_24VDC = 0, Analog_Raw_Value = 0 : NULL : WAIT = 0.5
00437 Command = 0, MODE1 = 0, MODE2 = 0, Enable_24VDC = 0, Analog_Raw_Value = 0 : NULL : WAIT = 0.5
00438 Command = 83, MODE1A = 4, MODE1B = 4, MODE2A = 1, MODE2B = 1, MODE3A = 1, MODE3B = 1, MODE4A = 1, MODE4B = 1, MODE5A = 6, MODE5B = 6, MODE6A = 1, MODE6B = 1, MODE7A = 6, MODE7B = 6 : NULL : WAIT = 0.5
00439 Command = 0, MODE1A = 0, MODE1B = 0, MODE2A = 0, MODE2B = 0, MODE3A = 0, MODE3B = 0, MODE4A = 0, MODE4B = 0, MODE5A = 0, MODE5B = 0, MODE6A = 0, MODE6B = 0, MODE7A = 0, MODE7B = 0 : NULL
00440 Command = 84, MODE8A = 1, MODE8B = 1, MODE9A = 6, MODE9B = 6, MODE10A = 1, MODE10B = 1, GLOBAL_KP = 255, GLOBAL_KI = 255 : NULL : WAIT = 0.5
00441 Command = 0, MODE8A = 0, MODE8B = 0, MODE9A = 0, MODE9B = 0, MODE10A = 0, MODE10B = 0, GLOBAL_KP = 0, GLOBAL_KI = 0 : NULL
00442 Command = 82, Enable_Fault_Reset = 1, Save_Configuration = 1, Enable_DPLTx = 1, Enable_DPLF1 = 1, Enable_DPLF2 = 1 : NULL : WAIT = 0.5
00443 #clear multiplex
00443 Command = 0, Enable_Fault_Reset = 0, Save_Configuration = 0, Enable_DPLTx = 0, Enable_DPLF1 = 0, Enable_DPLF2 = 0 : NULL
00444 #switch input to load line
00444 J2_02 = 1 : NULL : WAIT = 0.1
00445 
00445 #TESTING - ModeIndex 5 PortIndex 1
00445 PwrSetVoltage = 50.0 : NULL : WAIT = 0.1
00446 J4_01 = 1 : NULL : WAIT = 0.1
00447 SWEEP-RUNNING DEATHSWEEP!
Connected: RIGOL TECHNOLOGIES,DP832,DP8C180100022,00.01.19
VISA resource: USB0::0x1AB1::0x0E11::DP8C180100022::INSTR
Sweeping CH2 mode=updown: 4.320000 V -> 4.430000 V -> 4.320000 V in 0.001000 V steps (221 points)
       0/220 set=4.320000 V elapsed=0.032s rate=31.25 steps/s
      50/220 set=4.370000 V elapsed=1.110s rate=45.95 steps/s eta=3.700s
     100/220 set=4.420000 V elapsed=2.235s rate=45.19 steps/s eta=2.655s
     150/220 set=4.390000 V elapsed=3.344s rate=45.16 steps/s eta=1.550s
     200/220 set=4.340000 V elapsed=4.438s rate=45.29 steps/s eta=0.442s
Sweep complete. Elapsed: 4.875s
Output turned OFF.


00447 J4_01 = 0 : NULL : WAIT = 0.1
00448 #test for lockup
00448 NULL : Port_1B = 0 | 0.1 | 0.1
00448 TEST: Port_1B 0.0 +/- 0.1
00448 PASS: Port_1B 0.0
00449 J0_09_TEST_SUPPLY = 1 : NULL : WAIT = 0.1
00450 NULL : Port_1B = 5.0 | 0.1 | 0.1
00450 TEST: Port_1B 5.0 +/- 0.1
00450 PASS: Port_1B 4.976
00451 J0_09_TEST_SUPPLY = 0 : NULL : WAIT = 0.1
00452 NULL : Port_1B = 0 | 0.1 | 0.1
00452 TEST: Port_1B 0.0 +/- 0.1
00452 PASS: Port_1B 0.074
00453 
00453 #Finished with port
00453 #switch out input
00453 J2_02 = 0 : NULL : WAIT = 0.1
00454 
00454 #cycle IGN to reset lockup
00454 RLY_K1 = 1 : NULL : WAIT = 2
00455 RLY_K1 = 0 : NULL : WAIT = 1
00456 #-----setup 39009-----
00456 #configure
00456 Command = 82, MODE1 = 0, MODE2 = 0, Enable_24VDC = 0, Analog_Raw_Value = 0 : NULL : WAIT = 0.5
00457 Command = 0, MODE1 = 0, MODE2 = 0, Enable_24VDC = 0, Analog_Raw_Value = 0 : NULL : WAIT = 0.5
00458 Command = 83, MODE1A = 4, MODE1B = 4, MODE2A = 1, MODE2B = 1, MODE3A = 1, MODE3B = 1, MODE4A = 1, MODE4B = 1, MODE5A = 6, MODE5B = 6, MODE6A = 1, MODE6B = 1, MODE7A = 6, MODE7B = 6 : NULL : WAIT = 0.5
00459 Command = 0, MODE1A = 0, MODE1B = 0, MODE2A = 0, MODE2B = 0, MODE3A = 0, MODE3B = 0, MODE4A = 0, MODE4B = 0, MODE5A = 0, MODE5B = 0, MODE6A = 0, MODE6B = 0, MODE7A = 0, MODE7B = 0 : NULL
00460 Command = 84, MODE8A = 1, MODE8B = 1, MODE9A = 6, MODE9B = 6, MODE10A = 1, MODE10B = 1, GLOBAL_KP = 255, GLOBAL_KI = 255 : NULL : WAIT = 0.5
00461 Command = 0, MODE8A = 0, MODE8B = 0, MODE9A = 0, MODE9B = 0, MODE10A = 0, MODE10B = 0, GLOBAL_KP = 0, GLOBAL_KI = 0 : NULL
00462 Command = 82, Enable_Fault_Reset = 1, Save_Configuration = 1, Enable_DPLTx = 1, Enable_DPLF1 = 1, Enable_DPLF2 = 1 : NULL : WAIT = 0.5
00463 #clear multiplex
00463 Command = 0, Enable_Fault_Reset = 0, Save_Configuration = 0, Enable_DPLTx = 0, Enable_DPLF1 = 0, Enable_DPLF2 = 0 : NULL
00464 #switch input to load line
00464 J2_03 = 1 : NULL : WAIT = 0.1
00465 
00465 #TESTING - ModeIndex 5 PortIndex 2
00465 PwrSetVoltage = 50.0 : NULL : WAIT = 0.1
00466 J4_01 = 1 : NULL : WAIT = 0.1
00467 SWEEP-RUNNING DEATHSWEEP!
Connected: RIGOL TECHNOLOGIES,DP832,DP8C180100022,00.01.19
VISA resource: USB0::0x1AB1::0x0E11::DP8C180100022::INSTR
Sweeping CH2 mode=updown: 4.320000 V -> 4.430000 V -> 4.320000 V in 0.001000 V steps (221 points)
       0/220 set=4.320000 V elapsed=0.016s rate=62.50 steps/s
      50/220 set=4.370000 V elapsed=1.109s rate=45.99 steps/s eta=3.697s
     100/220 set=4.420000 V elapsed=2.188s rate=46.16 steps/s eta=2.600s
     150/220 set=4.390000 V elapsed=3.297s rate=45.80 steps/s eta=1.528s
     200/220 set=4.340000 V elapsed=4.391s rate=45.78 steps/s eta=0.437s
Sweep complete. Elapsed: 4.828s
Output turned OFF.


00467 J4_01 = 0 : NULL : WAIT = 0.1
00468 #test for lockup
00468 NULL : Input_3A = 0 | 0.1 | 0.1
00468 TEST: Input_3A 0.0 +/- 0.1
00468 PASS: Input_3A 0.0
00469 J0_09_TEST_SUPPLY = 1 : NULL : WAIT = 0.1
00470 NULL : Input_3A = 1 | 0.1 | 0.1
00470 TEST: Input_3A 1.0 +/- 0.1
00470 PASS: Input_3A 1.0
00471 J0_09_TEST_SUPPLY = 0 : NULL : WAIT = 0.1
00472 NULL : Input_3A = 0 | 0.1 | 0.1
00472 TEST: Input_3A 0.0 +/- 0.1
00472 PASS: Input_3A 0.0
00473 
00473 #Finished with port
00473 #switch out input
00473 J2_03 = 0 : NULL : WAIT = 0.1
00474 
00474 #cycle IGN to reset lockup
00474 RLY_K1 = 1 : NULL : WAIT = 2
00475 RLY_K1 = 0 : NULL : WAIT = 1
00476 #-----setup 39009-----
00476 #configure
00476 Command = 82, MODE1 = 0, MODE2 = 0, Enable_24VDC = 0, Analog_Raw_Value = 0 : NULL : WAIT = 0.5
00477 Command = 0, MODE1 = 0, MODE2 = 0, Enable_24VDC = 0, Analog_Raw_Value = 0 : NULL : WAIT = 0.5
00478 Command = 83, MODE1A = 4, MODE1B = 4, MODE2A = 1, MODE2B = 1, MODE3A = 1, MODE3B = 1, MODE4A = 1, MODE4B = 1, MODE5A = 6, MODE5B = 6, MODE6A = 1, MODE6B = 1, MODE7A = 6, MODE7B = 6 : NULL : WAIT = 0.5
00479 Command = 0, MODE1A = 0, MODE1B = 0, MODE2A = 0, MODE2B = 0, MODE3A = 0, MODE3B = 0, MODE4A = 0, MODE4B = 0, MODE5A = 0, MODE5B = 0, MODE6A = 0, MODE6B = 0, MODE7A = 0, MODE7B = 0 : NULL
00480 Command = 84, MODE8A = 1, MODE8B = 1, MODE9A = 6, MODE9B = 6, MODE10A = 1, MODE10B = 1, GLOBAL_KP = 255, GLOBAL_KI = 255 : NULL : WAIT = 0.5
00481 Command = 0, MODE8A = 0, MODE8B = 0, MODE9A = 0, MODE9B = 0, MODE10A = 0, MODE10B = 0, GLOBAL_KP = 0, GLOBAL_KI = 0 : NULL
00482 Command = 82, Enable_Fault_Reset = 1, Save_Configuration = 1, Enable_DPLTx = 1, Enable_DPLF1 = 1, Enable_DPLF2 = 1 : NULL : WAIT = 0.5
00483 #clear multiplex
00483 Command = 0, Enable_Fault_Reset = 0, Save_Configuration = 0, Enable_DPLTx = 0, Enable_DPLF1 = 0, Enable_DPLF2 = 0 : NULL
00484 #switch input to load line
00484 J2_04 = 1 : NULL : WAIT = 0.1
00485 
00485 #TESTING - ModeIndex 5 PortIndex 3
00485 PwrSetVoltage = 50.0 : NULL : WAIT = 0.1
00486 J4_01 = 1 : NULL : WAIT = 0.1
00487 SWEEP-RUNNING DEATHSWEEP!
Connected: RIGOL TECHNOLOGIES,DP832,DP8C180100022,00.01.19
VISA resource: USB0::0x1AB1::0x0E11::DP8C180100022::INSTR
Sweeping CH2 mode=updown: 4.320000 V -> 4.430000 V -> 4.320000 V in 0.001000 V steps (221 points)
       0/220 set=4.320000 V elapsed=0.015s rate=66.67 steps/s
      50/220 set=4.370000 V elapsed=1.093s rate=46.66 steps/s eta=3.643s
     100/220 set=4.420000 V elapsed=2.156s rate=46.85 steps/s eta=2.562s
     150/220 set=4.390000 V elapsed=3.203s rate=47.14 steps/s eta=1.485s
     200/220 set=4.340000 V elapsed=4.312s rate=46.61 steps/s eta=0.429s
Sweep complete. Elapsed: 4.734s
Output turned OFF.


00487 J4_01 = 0 : NULL : WAIT = 0.1
00488 #test for lockup
00488 NULL : Input_3B = 0 | 0.1 | 0.1
00488 TEST: Input_3B 0.0 +/- 0.1
00488 PASS: Input_3B 0.0
00489 J0_09_TEST_SUPPLY = 1 : NULL : WAIT = 0.1
00490 NULL : Input_3B = 1 | 0.1 | 0.1
00490 TEST: Input_3B 1.0 +/- 0.1
00490 PASS: Input_3B 1.0
00491 J0_09_TEST_SUPPLY = 0 : NULL : WAIT = 0.1
00492 NULL : Input_3B = 0 | 0.1 | 0.1
00492 TEST: Input_3B 0.0 +/- 0.1
00492 PASS: Input_3B 0.0
00493 
00493 #Finished with port
00493 #switch out input
00493 J2_04 = 0 : NULL : WAIT = 0.1
00494 
00494 
00494 #Finished with mode
00494 #cycle IGN to reset lockup
00494 RLY_K1 = 1 : NULL : WAIT = 2
00495 RLY_K1 = 0 : NULL : WAIT = 1
00496 #-----setup 39009-----
00496 #configure
00496 Command = 82, MODE1 = 0, MODE2 = 0, Enable_24VDC = 0, Analog_Raw_Value = 0 : NULL : WAIT = 0.5
00497 Command = 0, MODE1 = 0, MODE2 = 0, Enable_24VDC = 0, Analog_Raw_Value = 0 : NULL : WAIT = 0.5
00498 Command = 83, MODE1A = 4, MODE1B = 7, MODE2A = 1, MODE2B = 1, MODE3A = 4, MODE3B = 4, MODE4A = 1, MODE4B = 1, MODE5A = 6, MODE5B = 6, MODE6A = 1, MODE6B = 1, MODE7A = 6, MODE7B = 6 : NULL : WAIT = 0.5
00499 Command = 0, MODE1A = 0, MODE1B = 0, MODE2A = 0, MODE2B = 0, MODE3A = 0, MODE3B = 0, MODE4A = 0, MODE4B = 0, MODE5A = 0, MODE5B = 0, MODE6A = 0, MODE6B = 0, MODE7A = 0, MODE7B = 0 : NULL
00500 Command = 84, MODE8A = 1, MODE8B = 1, MODE9A = 6, MODE9B = 6, MODE10A = 1, MODE10B = 1, GLOBAL_KP = 255, GLOBAL_KI = 255 : NULL : WAIT = 0.5
00501 Command = 0, MODE8A = 0, MODE8B = 0, MODE9A = 0, MODE9B = 0, MODE10A = 0, MODE10B = 0, GLOBAL_KP = 0, GLOBAL_KI = 0 : NULL
00502 Command = 82, Enable_Fault_Reset = 1, Save_Configuration = 1, Enable_DPLTx = 1, Enable_DPLF1 = 1, Enable_DPLF2 = 1 : NULL : WAIT = 0.5
00503 #clear multiplex
00503 Command = 0, Enable_Fault_Reset = 0, Save_Configuration = 0, Enable_DPLTx = 0, Enable_DPLF1 = 0, Enable_DPLF2 = 0 : NULL
00504 #switch input to load line
00504 J2_01 = 1 : NULL : WAIT = 0.1
00505 
00505 #TESTING - ModeIndex 6 PortIndex 0
00505 PwrSetVoltage = 50.0 : NULL : WAIT = 0.1
00506 J4_01 = 1 : NULL : WAIT = 0.1
00507 SWEEP-RUNNING DEATHSWEEP!
Connected: RIGOL TECHNOLOGIES,DP832,DP8C180100022,00.01.19
VISA resource: USB0::0x1AB1::0x0E11::DP8C180100022::INSTR
Sweeping CH2 mode=updown: 4.320000 V -> 4.430000 V -> 4.320000 V in 0.001000 V steps (221 points)
       0/220 set=4.320000 V elapsed=0.031s rate=32.26 steps/s
      50/220 set=4.370000 V elapsed=1.109s rate=45.99 steps/s eta=3.697s
     100/220 set=4.420000 V elapsed=2.218s rate=45.54 steps/s eta=2.635s
     150/220 set=4.390000 V elapsed=3.296s rate=45.81 steps/s eta=1.528s
     200/220 set=4.340000 V elapsed=4.421s rate=45.46 steps/s eta=0.440s
Sweep complete. Elapsed: 4.859s
Output turned OFF.


00507 J4_01 = 0 : NULL : WAIT = 0.1
00508 #test for lockup
00508 NULL : Port_1A = 0 | 0.1 | 0.1
00508 TEST: Port_1A 0.0 +/- 0.1
00508 PASS: Port_1A 0.061
00509 J0_09_TEST_SUPPLY = 1 : NULL : WAIT = 0.1
00510 NULL : Port_1A = 5.0 | 0.1 | 0.1
00510 TEST: Port_1A 5.0 +/- 0.1
00510 PASS: Port_1A 4.966
00511 J0_09_TEST_SUPPLY = 0 : NULL : WAIT = 0.1
00512 NULL : Port_1A = 0 | 0.1 | 0.1
00512 TEST: Port_1A 0.0 +/- 0.1
00512 PASS: Port_1A 0.081
00513 
00513 #Finished with port
00513 #switch out input
00513 J2_01 = 0 : NULL : WAIT = 0.1
00514 
00514 #cycle IGN to reset lockup
00514 RLY_K1 = 1 : NULL : WAIT = 2
00515 RLY_K1 = 0 : NULL : WAIT = 1
00516 #-----setup 39009-----
00516 #configure
00516 Command = 82, MODE1 = 0, MODE2 = 0, Enable_24VDC = 0, Analog_Raw_Value = 0 : NULL : WAIT = 0.5
00517 Command = 0, MODE1 = 0, MODE2 = 0, Enable_24VDC = 0, Analog_Raw_Value = 0 : NULL : WAIT = 0.5
00518 Command = 83, MODE1A = 4, MODE1B = 7, MODE2A = 1, MODE2B = 1, MODE3A = 4, MODE3B = 4, MODE4A = 1, MODE4B = 1, MODE5A = 6, MODE5B = 6, MODE6A = 1, MODE6B = 1, MODE7A = 6, MODE7B = 6 : NULL : WAIT = 0.5
00519 Command = 0, MODE1A = 0, MODE1B = 0, MODE2A = 0, MODE2B = 0, MODE3A = 0, MODE3B = 0, MODE4A = 0, MODE4B = 0, MODE5A = 0, MODE5B = 0, MODE6A = 0, MODE6B = 0, MODE7A = 0, MODE7B = 0 : NULL
00520 Command = 84, MODE8A = 1, MODE8B = 1, MODE9A = 6, MODE9B = 6, MODE10A = 1, MODE10B = 1, GLOBAL_KP = 255, GLOBAL_KI = 255 : NULL : WAIT = 0.5
00521 Command = 0, MODE8A = 0, MODE8B = 0, MODE9A = 0, MODE9B = 0, MODE10A = 0, MODE10B = 0, GLOBAL_KP = 0, GLOBAL_KI = 0 : NULL
00522 Command = 82, Enable_Fault_Reset = 1, Save_Configuration = 1, Enable_DPLTx = 1, Enable_DPLF1 = 1, Enable_DPLF2 = 1 : NULL : WAIT = 0.5
00523 #clear multiplex
00523 Command = 0, Enable_Fault_Reset = 0, Save_Configuration = 0, Enable_DPLTx = 0, Enable_DPLF1 = 0, Enable_DPLF2 = 0 : NULL
00524 #switch input to load line
00524 J2_02 = 1 : NULL : WAIT = 0.1
00525 
00525 #TESTING - ModeIndex 6 PortIndex 1
00525 AfgFreqSet = 100 : NULL : WAIT = 0.1
00526 #test for lockup
00526 NULL : Hertz_Count_Input1B = 0 | 0.1 | 0.1
00526 TEST: Hertz_Count_Input1B 0.0 +/- 0.1
00526 PASS: Hertz_Count_Input1B 0.0
00527 J0_11_FREQ_GEN = 1 : NULL : WAIT = 0.1
00528 NULL : Hertz_Count_Input1B = 100 | 30 | 0.1
00528 TEST: Hertz_Count_Input1B 100.0 +/- 30.0
00528 PASS: Hertz_Count_Input1B 99.0
00529 J0_11_FREQ_GEN = 0 : NULL : WAIT = 0.1
00530 NULL : Hertz_Count_Input1B = 0 | 0.1 | 0.1
00530 TEST: Hertz_Count_Input1B 0.0 +/- 0.1
00530 PASS: Hertz_Count_Input1B 0.0
00531 
00531 #Finished with port
00531 #switch out input
00531 J2_02 = 0 : NULL : WAIT = 0.1
00532 
00532 #cycle IGN to reset lockup
00532 RLY_K1 = 1 : NULL : WAIT = 2
00533 RLY_K1 = 0 : NULL : WAIT = 1
00534 #-----setup 39009-----
00534 #configure
00534 Command = 82, MODE1 = 0, MODE2 = 0, Enable_24VDC = 0, Analog_Raw_Value = 0 : NULL : WAIT = 0.5
00535 Command = 0, MODE1 = 0, MODE2 = 0, Enable_24VDC = 0, Analog_Raw_Value = 0 : NULL : WAIT = 0.5
00536 Command = 83, MODE1A = 4, MODE1B = 7, MODE2A = 1, MODE2B = 1, MODE3A = 4, MODE3B = 4, MODE4A = 1, MODE4B = 1, MODE5A = 6, MODE5B = 6, MODE6A = 1, MODE6B = 1, MODE7A = 6, MODE7B = 6 : NULL : WAIT = 0.5
00537 Command = 0, MODE1A = 0, MODE1B = 0, MODE2A = 0, MODE2B = 0, MODE3A = 0, MODE3B = 0, MODE4A = 0, MODE4B = 0, MODE5A = 0, MODE5B = 0, MODE6A = 0, MODE6B = 0, MODE7A = 0, MODE7B = 0 : NULL
00538 Command = 84, MODE8A = 1, MODE8B = 1, MODE9A = 6, MODE9B = 6, MODE10A = 1, MODE10B = 1, GLOBAL_KP = 255, GLOBAL_KI = 255 : NULL : WAIT = 0.5
00539 Command = 0, MODE8A = 0, MODE8B = 0, MODE9A = 0, MODE9B = 0, MODE10A = 0, MODE10B = 0, GLOBAL_KP = 0, GLOBAL_KI = 0 : NULL
00540 Command = 82, Enable_Fault_Reset = 1, Save_Configuration = 1, Enable_DPLTx = 1, Enable_DPLF1 = 1, Enable_DPLF2 = 1 : NULL : WAIT = 0.5
00541 #clear multiplex
00541 Command = 0, Enable_Fault_Reset = 0, Save_Configuration = 0, Enable_DPLTx = 0, Enable_DPLF1 = 0, Enable_DPLF2 = 0 : NULL
00542 #switch input to load line
00542 J2_03 = 1 : NULL : WAIT = 0.1
00543 
00543 #TESTING - ModeIndex 6 PortIndex 2
00543 PwrSetVoltage = 50.0 : NULL : WAIT = 0.1
00544 J4_01 = 1 : NULL : WAIT = 0.1
00545 SWEEP-RUNNING DEATHSWEEP!
Connected: RIGOL TECHNOLOGIES,DP832,DP8C180100022,00.01.19
VISA resource: USB0::0x1AB1::0x0E11::DP8C180100022::INSTR
Sweeping CH2 mode=updown: 4.320000 V -> 4.430000 V -> 4.320000 V in 0.001000 V steps (221 points)
       0/220 set=4.320000 V elapsed=0.047s rate=21.28 steps/s
      50/220 set=4.370000 V elapsed=1.140s rate=44.74 steps/s eta=3.800s
     100/220 set=4.420000 V elapsed=2.203s rate=45.85 steps/s eta=2.617s
     150/220 set=4.390000 V elapsed=3.281s rate=46.02 steps/s eta=1.521s
     200/220 set=4.340000 V elapsed=4.359s rate=46.11 steps/s eta=0.434s
Sweep complete. Elapsed: 4.781s
Output turned OFF.


00545 J4_01 = 0 : NULL : WAIT = 0.1
00546 #test for lockup
00546 NULL : Port_3A = 0 | 0.1 | 0.1
00546 TEST: Port_3A 0.0 +/- 0.1
00546 PASS: Port_3A 0.0
00547 J0_09_TEST_SUPPLY = 1 : NULL : WAIT = 0.1
00548 NULL : Port_3A = 5.0 | 0.1 | 0.1
00548 TEST: Port_3A 5.0 +/- 0.1
00548 PASS: Port_3A 4.97
00549 J0_09_TEST_SUPPLY = 0 : NULL : WAIT = 0.1
00550 NULL : Port_3A = 0 | 0.1 | 0.1
00550 TEST: Port_3A 0.0 +/- 0.1
00550 PASS: Port_3A 0.074
00551 
00551 #Finished with port
00551 #switch out input
00551 J2_03 = 0 : NULL : WAIT = 0.1
00552 
00552 #cycle IGN to reset lockup
00552 RLY_K1 = 1 : NULL : WAIT = 2
00553 RLY_K1 = 0 : NULL : WAIT = 1
00554 #-----setup 39009-----
00554 #configure
00554 Command = 82, MODE1 = 0, MODE2 = 0, Enable_24VDC = 0, Analog_Raw_Value = 0 : NULL : WAIT = 0.5
00555 Command = 0, MODE1 = 0, MODE2 = 0, Enable_24VDC = 0, Analog_Raw_Value = 0 : NULL : WAIT = 0.5
00556 Command = 83, MODE1A = 4, MODE1B = 7, MODE2A = 1, MODE2B = 1, MODE3A = 4, MODE3B = 4, MODE4A = 1, MODE4B = 1, MODE5A = 6, MODE5B = 6, MODE6A = 1, MODE6B = 1, MODE7A = 6, MODE7B = 6 : NULL : WAIT = 0.5
00557 Command = 0, MODE1A = 0, MODE1B = 0, MODE2A = 0, MODE2B = 0, MODE3A = 0, MODE3B = 0, MODE4A = 0, MODE4B = 0, MODE5A = 0, MODE5B = 0, MODE6A = 0, MODE6B = 0, MODE7A = 0, MODE7B = 0 : NULL
00558 Command = 84, MODE8A = 1, MODE8B = 1, MODE9A = 6, MODE9B = 6, MODE10A = 1, MODE10B = 1, GLOBAL_KP = 255, GLOBAL_KI = 255 : NULL : WAIT = 0.5
00559 Command = 0, MODE8A = 0, MODE8B = 0, MODE9A = 0, MODE9B = 0, MODE10A = 0, MODE10B = 0, GLOBAL_KP = 0, GLOBAL_KI = 0 : NULL
00560 Command = 82, Enable_Fault_Reset = 1, Save_Configuration = 1, Enable_DPLTx = 1, Enable_DPLF1 = 1, Enable_DPLF2 = 1 : NULL : WAIT = 0.5
00561 #clear multiplex
00561 Command = 0, Enable_Fault_Reset = 0, Save_Configuration = 0, Enable_DPLTx = 0, Enable_DPLF1 = 0, Enable_DPLF2 = 0 : NULL
00562 #switch input to load line
00562 J2_04 = 1 : NULL : WAIT = 0.1
00563 
00563 #TESTING - ModeIndex 6 PortIndex 3
00563 PwrSetVoltage = 50.0 : NULL : WAIT = 0.1
00564 J4_01 = 1 : NULL : WAIT = 0.1
00565 SWEEP-RUNNING DEATHSWEEP!
Connected: RIGOL TECHNOLOGIES,DP832,DP8C180100022,00.01.19
VISA resource: USB0::0x1AB1::0x0E11::DP8C180100022::INSTR
Sweeping CH2 mode=updown: 4.320000 V -> 4.430000 V -> 4.320000 V in 0.001000 V steps (221 points)
       0/220 set=4.320000 V elapsed=0.016s rate=62.50 steps/s
      50/220 set=4.370000 V elapsed=1.078s rate=47.31 steps/s eta=3.593s
     100/220 set=4.420000 V elapsed=2.156s rate=46.85 steps/s eta=2.562s
     150/220 set=4.390000 V elapsed=3.266s rate=46.23 steps/s eta=1.514s
     200/220 set=4.340000 V elapsed=4.375s rate=45.94 steps/s eta=0.435s
Sweep complete. Elapsed: 4.797s
Output turned OFF.


00565 J4_01 = 0 : NULL : WAIT = 0.1
00566 #test for lockup
00566 NULL : Port_3B = 0 | 0.1 | 0.1
00566 TEST: Port_3B 0.0 +/- 0.1
00566 PASS: Port_3B 0.0
00567 J0_09_TEST_SUPPLY = 1 : NULL : WAIT = 0.1
00568 NULL : Port_3B = 5.0 | 0.1 | 0.1
00568 TEST: Port_3B 5.0 +/- 0.1
00568 PASS: Port_3B 4.973
00569 J0_09_TEST_SUPPLY = 0 : NULL : WAIT = 0.1
00570 NULL : Port_3B = 0 | 0.1 | 0.1
00570 TEST: Port_3B 0.0 +/- 0.1
00570 PASS: Port_3B 0.081
00571 
00571 #Finished with port
00571 #switch out input
00571 J2_04 = 0 : NULL : WAIT = 0.1
00572 
00572 
00572 #Finished with mode
00572 #cycle IGN to reset lockup
00572 RLY_K1 = 1 : NULL : WAIT = 2
00573 RLY_K1 = 0 : NULL : WAIT = 1
00574 #-----setup 39009-----
00574 #configure
00574 Command = 82, MODE1 = 0, MODE2 = 0, Enable_24VDC = 0, Analog_Raw_Value = 0 : NULL : WAIT = 0.5
00575 Command = 0, MODE1 = 0, MODE2 = 0, Enable_24VDC = 0, Analog_Raw_Value = 0 : NULL : WAIT = 0.5
00576 Command = 83, MODE1A = 4, MODE1B = 7, MODE2A = 1, MODE2B = 1, MODE3A = 4, MODE3B = 1, MODE4A = 1, MODE4B = 1, MODE5A = 6, MODE5B = 6, MODE6A = 1, MODE6B = 1, MODE7A = 6, MODE7B = 6 : NULL : WAIT = 0.5
00577 Command = 0, MODE1A = 0, MODE1B = 0, MODE2A = 0, MODE2B = 0, MODE3A = 0, MODE3B = 0, MODE4A = 0, MODE4B = 0, MODE5A = 0, MODE5B = 0, MODE6A = 0, MODE6B = 0, MODE7A = 0, MODE7B = 0 : NULL
00578 Command = 84, MODE8A = 1, MODE8B = 1, MODE9A = 6, MODE9B = 6, MODE10A = 1, MODE10B = 1, GLOBAL_KP = 255, GLOBAL_KI = 255 : NULL : WAIT = 0.5
00579 Command = 0, MODE8A = 0, MODE8B = 0, MODE9A = 0, MODE9B = 0, MODE10A = 0, MODE10B = 0, GLOBAL_KP = 0, GLOBAL_KI = 0 : NULL
00580 Command = 82, Enable_Fault_Reset = 1, Save_Configuration = 1, Enable_DPLTx = 1, Enable_DPLF1 = 1, Enable_DPLF2 = 1 : NULL : WAIT = 0.5
00581 #clear multiplex
00581 Command = 0, Enable_Fault_Reset = 0, Save_Configuration = 0, Enable_DPLTx = 0, Enable_DPLF1 = 0, Enable_DPLF2 = 0 : NULL
00582 #switch input to load line
00582 J2_01 = 1 : NULL : WAIT = 0.1
00583 
00583 #TESTING - ModeIndex 7 PortIndex 0
00583 PwrSetVoltage = 50.0 : NULL : WAIT = 0.1
00584 J4_01 = 1 : NULL : WAIT = 0.1
00585 SWEEP-RUNNING DEATHSWEEP!
Connected: RIGOL TECHNOLOGIES,DP832,DP8C180100022,00.01.19
VISA resource: USB0::0x1AB1::0x0E11::DP8C180100022::INSTR
Sweeping CH2 mode=updown: 4.320000 V -> 4.430000 V -> 4.320000 V in 0.001000 V steps (221 points)
       0/220 set=4.320000 V elapsed=0.047s rate=21.28 steps/s
      50/220 set=4.370000 V elapsed=1.156s rate=44.12 steps/s eta=3.853s
     100/220 set=4.420000 V elapsed=2.219s rate=45.52 steps/s eta=2.636s
     150/220 set=4.390000 V elapsed=3.297s rate=45.80 steps/s eta=1.528s
     200/220 set=4.340000 V elapsed=4.375s rate=45.94 steps/s eta=0.435s
Sweep complete. Elapsed: 4.812s
Output turned OFF.


00585 J4_01 = 0 : NULL : WAIT = 0.1
00586 #test for lockup
00586 NULL : Port_1A = 0 | 0.1 | 0.1
00586 TEST: Port_1A 0.0 +/- 0.1
00586 PASS: Port_1A 0.072
00587 J0_09_TEST_SUPPLY = 1 : NULL : WAIT = 0.1
00588 NULL : Port_1A = 5.0 | 0.1 | 0.1
00588 TEST: Port_1A 5.0 +/- 0.1
00588 PASS: Port_1A 4.967
00589 J0_09_TEST_SUPPLY = 0 : NULL : WAIT = 0.1
00590 NULL : Port_1A = 0 | 0.1 | 0.1
00590 TEST: Port_1A 0.0 +/- 0.1
00590 PASS: Port_1A 0.092
00591 
00591 #Finished with port
00591 #switch out input
00591 J2_01 = 0 : NULL : WAIT = 0.1
00592 
00592 #cycle IGN to reset lockup
00592 RLY_K1 = 1 : NULL : WAIT = 2
00593 RLY_K1 = 0 : NULL : WAIT = 1
00594 #-----setup 39009-----
00594 #configure
00594 Command = 82, MODE1 = 0, MODE2 = 0, Enable_24VDC = 0, Analog_Raw_Value = 0 : NULL : WAIT = 0.5
00595 Command = 0, MODE1 = 0, MODE2 = 0, Enable_24VDC = 0, Analog_Raw_Value = 0 : NULL : WAIT = 0.5
00596 Command = 83, MODE1A = 4, MODE1B = 7, MODE2A = 1, MODE2B = 1, MODE3A = 4, MODE3B = 1, MODE4A = 1, MODE4B = 1, MODE5A = 6, MODE5B = 6, MODE6A = 1, MODE6B = 1, MODE7A = 6, MODE7B = 6 : NULL : WAIT = 0.5
00597 Command = 0, MODE1A = 0, MODE1B = 0, MODE2A = 0, MODE2B = 0, MODE3A = 0, MODE3B = 0, MODE4A = 0, MODE4B = 0, MODE5A = 0, MODE5B = 0, MODE6A = 0, MODE6B = 0, MODE7A = 0, MODE7B = 0 : NULL
00598 Command = 84, MODE8A = 1, MODE8B = 1, MODE9A = 6, MODE9B = 6, MODE10A = 1, MODE10B = 1, GLOBAL_KP = 255, GLOBAL_KI = 255 : NULL : WAIT = 0.5
00599 Command = 0, MODE8A = 0, MODE8B = 0, MODE9A = 0, MODE9B = 0, MODE10A = 0, MODE10B = 0, GLOBAL_KP = 0, GLOBAL_KI = 0 : NULL
00600 Command = 82, Enable_Fault_Reset = 1, Save_Configuration = 1, Enable_DPLTx = 1, Enable_DPLF1 = 1, Enable_DPLF2 = 1 : NULL : WAIT = 0.5
00601 #clear multiplex
00601 Command = 0, Enable_Fault_Reset = 0, Save_Configuration = 0, Enable_DPLTx = 0, Enable_DPLF1 = 0, Enable_DPLF2 = 0 : NULL
00602 #switch input to load line
00602 J2_02 = 1 : NULL : WAIT = 0.1
00603 
00603 #TESTING - ModeIndex 7 PortIndex 1
00603 AfgFreqSet = 100 : NULL : WAIT = 0.1
00604 #test for lockup
00604 NULL : Hertz_Count_Input1B = 0 | 0.1 | 0.1
00604 TEST: Hertz_Count_Input1B 0.0 +/- 0.1
00604 PASS: Hertz_Count_Input1B 0.0
00605 J0_11_FREQ_GEN = 1 : NULL : WAIT = 0.1
00606 NULL : Hertz_Count_Input1B = 100 | 30 | 0.1
00606 TEST: Hertz_Count_Input1B 100.0 +/- 30.0
00606 PASS: Hertz_Count_Input1B 99.0
00607 J0_11_FREQ_GEN = 0 : NULL : WAIT = 0.1
00608 NULL : Hertz_Count_Input1B = 0 | 0.1 | 0.1
00608 TEST: Hertz_Count_Input1B 0.0 +/- 0.1
00608 PASS: Hertz_Count_Input1B 0.0
00609 
00609 #Finished with port
00609 #switch out input
00609 J2_02 = 0 : NULL : WAIT = 0.1
00610 
00610 #cycle IGN to reset lockup
00610 RLY_K1 = 1 : NULL : WAIT = 2
00611 RLY_K1 = 0 : NULL : WAIT = 1
00612 #-----setup 39009-----
00612 #configure
00612 Command = 82, MODE1 = 0, MODE2 = 0, Enable_24VDC = 0, Analog_Raw_Value = 0 : NULL : WAIT = 0.5
00613 Command = 0, MODE1 = 0, MODE2 = 0, Enable_24VDC = 0, Analog_Raw_Value = 0 : NULL : WAIT = 0.5
00614 Command = 83, MODE1A = 4, MODE1B = 7, MODE2A = 1, MODE2B = 1, MODE3A = 4, MODE3B = 1, MODE4A = 1, MODE4B = 1, MODE5A = 6, MODE5B = 6, MODE6A = 1, MODE6B = 1, MODE7A = 6, MODE7B = 6 : NULL : WAIT = 0.5
00615 Command = 0, MODE1A = 0, MODE1B = 0, MODE2A = 0, MODE2B = 0, MODE3A = 0, MODE3B = 0, MODE4A = 0, MODE4B = 0, MODE5A = 0, MODE5B = 0, MODE6A = 0, MODE6B = 0, MODE7A = 0, MODE7B = 0 : NULL
00616 Command = 84, MODE8A = 1, MODE8B = 1, MODE9A = 6, MODE9B = 6, MODE10A = 1, MODE10B = 1, GLOBAL_KP = 255, GLOBAL_KI = 255 : NULL : WAIT = 0.5
00617 Command = 0, MODE8A = 0, MODE8B = 0, MODE9A = 0, MODE9B = 0, MODE10A = 0, MODE10B = 0, GLOBAL_KP = 0, GLOBAL_KI = 0 : NULL
00618 Command = 82, Enable_Fault_Reset = 1, Save_Configuration = 1, Enable_DPLTx = 1, Enable_DPLF1 = 1, Enable_DPLF2 = 1 : NULL : WAIT = 0.5
00619 #clear multiplex
00619 Command = 0, Enable_Fault_Reset = 0, Save_Configuration = 0, Enable_DPLTx = 0, Enable_DPLF1 = 0, Enable_DPLF2 = 0 : NULL
00620 #switch input to load line
00620 J2_03 = 1 : NULL : WAIT = 0.1
00621 
00621 #TESTING - ModeIndex 7 PortIndex 2
00621 PwrSetVoltage = 50.0 : NULL : WAIT = 0.1
00622 J4_01 = 1 : NULL : WAIT = 0.1
00623 SWEEP-RUNNING DEATHSWEEP!
Connected: RIGOL TECHNOLOGIES,DP832,DP8C180100022,00.01.19
VISA resource: USB0::0x1AB1::0x0E11::DP8C180100022::INSTR
Sweeping CH2 mode=updown: 4.320000 V -> 4.430000 V -> 4.320000 V in 0.001000 V steps (221 points)
       0/220 set=4.320000 V elapsed=0.031s rate=32.26 steps/s
      50/220 set=4.370000 V elapsed=1.109s rate=45.99 steps/s eta=3.697s
     100/220 set=4.420000 V elapsed=2.218s rate=45.54 steps/s eta=2.635s
     150/220 set=4.390000 V elapsed=3.343s rate=45.17 steps/s eta=1.550s
     200/220 set=4.340000 V elapsed=4.406s rate=45.62 steps/s eta=0.438s
Sweep complete. Elapsed: 4.843s
Output turned OFF.


00623 J4_01 = 0 : NULL : WAIT = 0.1
00624 #test for lockup
00624 NULL : Port_3A = 0 | 0.1 | 0.1
00624 TEST: Port_3A 0.0 +/- 0.1
00624 PASS: Port_3A 0.0
00625 J0_09_TEST_SUPPLY = 1 : NULL : WAIT = 0.1
00626 NULL : Port_3A = 5.0 | 0.1 | 0.1
00626 TEST: Port_3A 5.0 +/- 0.1
00626 PASS: Port_3A 4.971
00627 J0_09_TEST_SUPPLY = 0 : NULL : WAIT = 0.1
00628 NULL : Port_3A = 0 | 0.1 | 0.1
00628 TEST: Port_3A 0.0 +/- 0.1
00628 PASS: Port_3A 0.079
00629 
00629 #Finished with port
00629 #switch out input
00629 J2_03 = 0 : NULL : WAIT = 0.1
00630 
00630 #cycle IGN to reset lockup
00630 RLY_K1 = 1 : NULL : WAIT = 2
00631 RLY_K1 = 0 : NULL : WAIT = 1
00632 #-----setup 39009-----
00632 #configure
00632 Command = 82, MODE1 = 0, MODE2 = 0, Enable_24VDC = 0, Analog_Raw_Value = 0 : NULL : WAIT = 0.5
00633 Command = 0, MODE1 = 0, MODE2 = 0, Enable_24VDC = 0, Analog_Raw_Value = 0 : NULL : WAIT = 0.5
00634 Command = 83, MODE1A = 4, MODE1B = 7, MODE2A = 1, MODE2B = 1, MODE3A = 4, MODE3B = 1, MODE4A = 1, MODE4B = 1, MODE5A = 6, MODE5B = 6, MODE6A = 1, MODE6B = 1, MODE7A = 6, MODE7B = 6 : NULL : WAIT = 0.5
00635 Command = 0, MODE1A = 0, MODE1B = 0, MODE2A = 0, MODE2B = 0, MODE3A = 0, MODE3B = 0, MODE4A = 0, MODE4B = 0, MODE5A = 0, MODE5B = 0, MODE6A = 0, MODE6B = 0, MODE7A = 0, MODE7B = 0 : NULL
00636 Command = 84, MODE8A = 1, MODE8B = 1, MODE9A = 6, MODE9B = 6, MODE10A = 1, MODE10B = 1, GLOBAL_KP = 255, GLOBAL_KI = 255 : NULL : WAIT = 0.5
00637 Command = 0, MODE8A = 0, MODE8B = 0, MODE9A = 0, MODE9B = 0, MODE10A = 0, MODE10B = 0, GLOBAL_KP = 0, GLOBAL_KI = 0 : NULL
00638 Command = 82, Enable_Fault_Reset = 1, Save_Configuration = 1, Enable_DPLTx = 1, Enable_DPLF1 = 1, Enable_DPLF2 = 1 : NULL : WAIT = 0.5
00639 #clear multiplex
00639 Command = 0, Enable_Fault_Reset = 0, Save_Configuration = 0, Enable_DPLTx = 0, Enable_DPLF1 = 0, Enable_DPLF2 = 0 : NULL
00640 #switch input to load line
00640 J2_04 = 1 : NULL : WAIT = 0.1
00641 
00641 #TESTING - ModeIndex 7 PortIndex 3
00641 PwrSetVoltage = 50.0 : NULL : WAIT = 0.1
00642 J4_01 = 1 : NULL : WAIT = 0.1
00643 SWEEP-RUNNING DEATHSWEEP!
Connected: RIGOL TECHNOLOGIES,DP832,DP8C180100022,00.01.19
VISA resource: USB0::0x1AB1::0x0E11::DP8C180100022::INSTR
Sweeping CH2 mode=updown: 4.320000 V -> 4.430000 V -> 4.320000 V in 0.001000 V steps (221 points)
       0/220 set=4.320000 V elapsed=0.031s rate=32.26 steps/s
      50/220 set=4.370000 V elapsed=1.125s rate=45.33 steps/s eta=3.750s
     100/220 set=4.420000 V elapsed=2.172s rate=46.50 steps/s eta=2.581s
     150/220 set=4.390000 V elapsed=3.281s rate=46.02 steps/s eta=1.521s
     200/220 set=4.340000 V elapsed=4.391s rate=45.78 steps/s eta=0.437s
Sweep complete. Elapsed: 4.844s
Output turned OFF.


00643 J4_01 = 0 : NULL : WAIT = 0.1
00644 #test for lockup
00644 NULL : Input_3B = 0 | 0.1 | 0.1
00644 TEST: Input_3B 0.0 +/- 0.1
00644 PASS: Input_3B 0.0
00645 J0_09_TEST_SUPPLY = 1 : NULL : WAIT = 0.1
00646 NULL : Input_3B = 1 | 0.1 | 0.1
00646 TEST: Input_3B 1.0 +/- 0.1
00646 PASS: Input_3B 1.0
00647 J0_09_TEST_SUPPLY = 0 : NULL : WAIT = 0.1
00648 NULL : Input_3B = 0 | 0.1 | 0.1
00648 TEST: Input_3B 0.0 +/- 0.1
00648 PASS: Input_3B 0.0
00649 
00649 #Finished with port
00649 #switch out input
00649 J2_04 = 0 : NULL : WAIT = 0.1
00650 
00650 
00650 #Finished with mode
00650 #cycle IGN to reset lockup
00650 RLY_K1 = 1 : NULL : WAIT = 2
00651 RLY_K1 = 0 : NULL : WAIT = 1
00652 #-----setup 39009-----
00652 #configure
00652 Command = 82, MODE1 = 0, MODE2 = 0, Enable_24VDC = 0, Analog_Raw_Value = 0 : NULL : WAIT = 0.5
00653 Command = 0, MODE1 = 0, MODE2 = 0, Enable_24VDC = 0, Analog_Raw_Value = 0 : NULL : WAIT = 0.5
00654 Command = 83, MODE1A = 4, MODE1B = 7, MODE2A = 1, MODE2B = 1, MODE3A = 1, MODE3B = 1, MODE4A = 1, MODE4B = 1, MODE5A = 6, MODE5B = 6, MODE6A = 1, MODE6B = 1, MODE7A = 6, MODE7B = 6 : NULL : WAIT = 0.5
00655 Command = 0, MODE1A = 0, MODE1B = 0, MODE2A = 0, MODE2B = 0, MODE3A = 0, MODE3B = 0, MODE4A = 0, MODE4B = 0, MODE5A = 0, MODE5B = 0, MODE6A = 0, MODE6B = 0, MODE7A = 0, MODE7B = 0 : NULL
00656 Command = 84, MODE8A = 1, MODE8B = 1, MODE9A = 6, MODE9B = 6, MODE10A = 1, MODE10B = 1, GLOBAL_KP = 255, GLOBAL_KI = 255 : NULL : WAIT = 0.5
00657 Command = 0, MODE8A = 0, MODE8B = 0, MODE9A = 0, MODE9B = 0, MODE10A = 0, MODE10B = 0, GLOBAL_KP = 0, GLOBAL_KI = 0 : NULL
00658 Command = 82, Enable_Fault_Reset = 1, Save_Configuration = 1, Enable_DPLTx = 1, Enable_DPLF1 = 1, Enable_DPLF2 = 1 : NULL : WAIT = 0.5
00659 #clear multiplex
00659 Command = 0, Enable_Fault_Reset = 0, Save_Configuration = 0, Enable_DPLTx = 0, Enable_DPLF1 = 0, Enable_DPLF2 = 0 : NULL
00660 #switch input to load line
00660 J2_01 = 1 : NULL : WAIT = 0.1
00661 
00661 #TESTING - ModeIndex 8 PortIndex 0
00661 PwrSetVoltage = 50.0 : NULL : WAIT = 0.1
00662 J4_01 = 1 : NULL : WAIT = 0.1
00663 SWEEP-RUNNING DEATHSWEEP!
Connected: RIGOL TECHNOLOGIES,DP832,DP8C180100022,00.01.19
VISA resource: USB0::0x1AB1::0x0E11::DP8C180100022::INSTR
Sweeping CH2 mode=updown: 4.320000 V -> 4.430000 V -> 4.320000 V in 0.001000 V steps (221 points)
       0/220 set=4.320000 V elapsed=0.015s rate=66.67 steps/s
      50/220 set=4.370000 V elapsed=1.140s rate=44.74 steps/s eta=3.800s
     100/220 set=4.420000 V elapsed=2.296s rate=43.99 steps/s eta=2.728s
     150/220 set=4.390000 V elapsed=3.390s rate=44.54 steps/s eta=1.572s
     200/220 set=4.340000 V elapsed=4.484s rate=44.83 steps/s eta=0.446s
Sweep complete. Elapsed: 4.921s
Output turned OFF.


00663 J4_01 = 0 : NULL : WAIT = 0.1
00664 #test for lockup
00664 NULL : Port_1A = 0 | 0.1 | 0.1
00664 TEST: Port_1A 0.0 +/- 0.1
00664 PASS: Port_1A 0.0
00665 J0_09_TEST_SUPPLY = 1 : NULL : WAIT = 0.1
00666 NULL : Port_1A = 5.0 | 0.1 | 0.1
00666 TEST: Port_1A 5.0 +/- 0.1
00666 PASS: Port_1A 4.966
00667 J0_09_TEST_SUPPLY = 0 : NULL : WAIT = 0.1
00668 NULL : Port_1A = 0 | 0.1 | 0.1
00668 TEST: Port_1A 0.0 +/- 0.1
00668 PASS: Port_1A 0.086
00669 
00669 #Finished with port
00669 #switch out input
00669 J2_01 = 0 : NULL : WAIT = 0.1
00670 
00670 #cycle IGN to reset lockup
00670 RLY_K1 = 1 : NULL : WAIT = 2
00671 RLY_K1 = 0 : NULL : WAIT = 1
00672 #-----setup 39009-----
00672 #configure
00672 Command = 82, MODE1 = 0, MODE2 = 0, Enable_24VDC = 0, Analog_Raw_Value = 0 : NULL : WAIT = 0.5
00673 Command = 0, MODE1 = 0, MODE2 = 0, Enable_24VDC = 0, Analog_Raw_Value = 0 : NULL : WAIT = 0.5
00674 Command = 83, MODE1A = 4, MODE1B = 7, MODE2A = 1, MODE2B = 1, MODE3A = 1, MODE3B = 1, MODE4A = 1, MODE4B = 1, MODE5A = 6, MODE5B = 6, MODE6A = 1, MODE6B = 1, MODE7A = 6, MODE7B = 6 : NULL : WAIT = 0.5
00675 Command = 0, MODE1A = 0, MODE1B = 0, MODE2A = 0, MODE2B = 0, MODE3A = 0, MODE3B = 0, MODE4A = 0, MODE4B = 0, MODE5A = 0, MODE5B = 0, MODE6A = 0, MODE6B = 0, MODE7A = 0, MODE7B = 0 : NULL
00676 Command = 84, MODE8A = 1, MODE8B = 1, MODE9A = 6, MODE9B = 6, MODE10A = 1, MODE10B = 1, GLOBAL_KP = 255, GLOBAL_KI = 255 : NULL : WAIT = 0.5
00677 Command = 0, MODE8A = 0, MODE8B = 0, MODE9A = 0, MODE9B = 0, MODE10A = 0, MODE10B = 0, GLOBAL_KP = 0, GLOBAL_KI = 0 : NULL
00678 Command = 82, Enable_Fault_Reset = 1, Save_Configuration = 1, Enable_DPLTx = 1, Enable_DPLF1 = 1, Enable_DPLF2 = 1 : NULL : WAIT = 0.5
00679 #clear multiplex
00679 Command = 0, Enable_Fault_Reset = 0, Save_Configuration = 0, Enable_DPLTx = 0, Enable_DPLF1 = 0, Enable_DPLF2 = 0 : NULL
00680 #switch input to load line
00680 J2_02 = 1 : NULL : WAIT = 0.1
00681 
00681 #TESTING - ModeIndex 8 PortIndex 1
00681 AfgFreqSet = 100 : NULL : WAIT = 0.1
00682 #test for lockup
00682 NULL : Hertz_Count_Input1B = 0 | 0.1 | 0.1
00682 TEST: Hertz_Count_Input1B 0.0 +/- 0.1
00682 PASS: Hertz_Count_Input1B 0.0
00683 J0_11_FREQ_GEN = 1 : NULL : WAIT = 0.1
00684 NULL : Hertz_Count_Input1B = 100 | 30 | 0.1
00684 TEST: Hertz_Count_Input1B 100.0 +/- 30.0
00684 PASS: Hertz_Count_Input1B 99.0
00685 J0_11_FREQ_GEN = 0 : NULL : WAIT = 0.1
00686 NULL : Hertz_Count_Input1B = 0 | 0.1 | 0.1
00686 TEST: Hertz_Count_Input1B 0.0 +/- 0.1
00686 PASS: Hertz_Count_Input1B 0.0
00687 
00687 #Finished with port
00687 #switch out input
00687 J2_02 = 0 : NULL : WAIT = 0.1
00688 
00688 #cycle IGN to reset lockup
00688 RLY_K1 = 1 : NULL : WAIT = 2
00689 RLY_K1 = 0 : NULL : WAIT = 1
00690 #-----setup 39009-----
00690 #configure
00690 Command = 82, MODE1 = 0, MODE2 = 0, Enable_24VDC = 0, Analog_Raw_Value = 0 : NULL : WAIT = 0.5
00691 Command = 0, MODE1 = 0, MODE2 = 0, Enable_24VDC = 0, Analog_Raw_Value = 0 : NULL : WAIT = 0.5
00692 Command = 83, MODE1A = 4, MODE1B = 7, MODE2A = 1, MODE2B = 1, MODE3A = 1, MODE3B = 1, MODE4A = 1, MODE4B = 1, MODE5A = 6, MODE5B = 6, MODE6A = 1, MODE6B = 1, MODE7A = 6, MODE7B = 6 : NULL : WAIT = 0.5
00693 Command = 0, MODE1A = 0, MODE1B = 0, MODE2A = 0, MODE2B = 0, MODE3A = 0, MODE3B = 0, MODE4A = 0, MODE4B = 0, MODE5A = 0, MODE5B = 0, MODE6A = 0, MODE6B = 0, MODE7A = 0, MODE7B = 0 : NULL
00694 Command = 84, MODE8A = 1, MODE8B = 1, MODE9A = 6, MODE9B = 6, MODE10A = 1, MODE10B = 1, GLOBAL_KP = 255, GLOBAL_KI = 255 : NULL : WAIT = 0.5
00695 Command = 0, MODE8A = 0, MODE8B = 0, MODE9A = 0, MODE9B = 0, MODE10A = 0, MODE10B = 0, GLOBAL_KP = 0, GLOBAL_KI = 0 : NULL
00696 Command = 82, Enable_Fault_Reset = 1, Save_Configuration = 1, Enable_DPLTx = 1, Enable_DPLF1 = 1, Enable_DPLF2 = 1 : NULL : WAIT = 0.5
00697 #clear multiplex
00697 Command = 0, Enable_Fault_Reset = 0, Save_Configuration = 0, Enable_DPLTx = 0, Enable_DPLF1 = 0, Enable_DPLF2 = 0 : NULL
00698 #switch input to load line
00698 J2_03 = 1 : NULL : WAIT = 0.1
00699 
00699 #TESTING - ModeIndex 8 PortIndex 2
00699 PwrSetVoltage = 50.0 : NULL : WAIT = 0.1
00700 J4_01 = 1 : NULL : WAIT = 0.1
00701 SWEEP-RUNNING DEATHSWEEP!
Connected: RIGOL TECHNOLOGIES,DP832,DP8C180100022,00.01.19
VISA resource: USB0::0x1AB1::0x0E11::DP8C180100022::INSTR
Sweeping CH2 mode=updown: 4.320000 V -> 4.430000 V -> 4.320000 V in 0.001000 V steps (221 points)
       0/220 set=4.320000 V elapsed=0.016s rate=62.50 steps/s
      50/220 set=4.370000 V elapsed=1.109s rate=45.99 steps/s eta=3.697s
     100/220 set=4.420000 V elapsed=2.172s rate=46.50 steps/s eta=2.581s
     150/220 set=4.390000 V elapsed=3.234s rate=46.69 steps/s eta=1.499s
     200/220 set=4.340000 V elapsed=4.312s rate=46.61 steps/s eta=0.429s
Sweep complete. Elapsed: 4.734s
Output turned OFF.


00701 J4_01 = 0 : NULL : WAIT = 0.1
00702 #test for lockup
00702 NULL : Input_3A = 0 | 0.1 | 0.1
00702 TEST: Input_3A 0.0 +/- 0.1
00702 PASS: Input_3A 0.0
00703 J0_09_TEST_SUPPLY = 1 : NULL : WAIT = 0.1
00704 NULL : Input_3A = 1 | 0.1 | 0.1
00704 TEST: Input_3A 1.0 +/- 0.1
00704 PASS: Input_3A 1.0
00705 J0_09_TEST_SUPPLY = 0 : NULL : WAIT = 0.1
00706 NULL : Input_3A = 0 | 0.1 | 0.1
00706 TEST: Input_3A 0.0 +/- 0.1
00706 PASS: Input_3A 0.0
00707 
00707 #Finished with port
00707 #switch out input
00707 J2_03 = 0 : NULL : WAIT = 0.1
00708 
00708 #cycle IGN to reset lockup
00708 RLY_K1 = 1 : NULL : WAIT = 2
00709 RLY_K1 = 0 : NULL : WAIT = 1
00710 #-----setup 39009-----
00710 #configure
00710 Command = 82, MODE1 = 0, MODE2 = 0, Enable_24VDC = 0, Analog_Raw_Value = 0 : NULL : WAIT = 0.5
00711 Command = 0, MODE1 = 0, MODE2 = 0, Enable_24VDC = 0, Analog_Raw_Value = 0 : NULL : WAIT = 0.5
00712 Command = 83, MODE1A = 4, MODE1B = 7, MODE2A = 1, MODE2B = 1, MODE3A = 1, MODE3B = 1, MODE4A = 1, MODE4B = 1, MODE5A = 6, MODE5B = 6, MODE6A = 1, MODE6B = 1, MODE7A = 6, MODE7B = 6 : NULL : WAIT = 0.5
00713 Command = 0, MODE1A = 0, MODE1B = 0, MODE2A = 0, MODE2B = 0, MODE3A = 0, MODE3B = 0, MODE4A = 0, MODE4B = 0, MODE5A = 0, MODE5B = 0, MODE6A = 0, MODE6B = 0, MODE7A = 0, MODE7B = 0 : NULL
00714 Command = 84, MODE8A = 1, MODE8B = 1, MODE9A = 6, MODE9B = 6, MODE10A = 1, MODE10B = 1, GLOBAL_KP = 255, GLOBAL_KI = 255 : NULL : WAIT = 0.5
00715 Command = 0, MODE8A = 0, MODE8B = 0, MODE9A = 0, MODE9B = 0, MODE10A = 0, MODE10B = 0, GLOBAL_KP = 0, GLOBAL_KI = 0 : NULL
00716 Command = 82, Enable_Fault_Reset = 1, Save_Configuration = 1, Enable_DPLTx = 1, Enable_DPLF1 = 1, Enable_DPLF2 = 1 : NULL : WAIT = 0.5
00717 #clear multiplex
00717 Command = 0, Enable_Fault_Reset = 0, Save_Configuration = 0, Enable_DPLTx = 0, Enable_DPLF1 = 0, Enable_DPLF2 = 0 : NULL
00718 #switch input to load line
00718 J2_04 = 1 : NULL : WAIT = 0.1
00719 
00719 #TESTING - ModeIndex 8 PortIndex 3
00719 PwrSetVoltage = 50.0 : NULL : WAIT = 0.1
00720 J4_01 = 1 : NULL : WAIT = 0.1
00721 SWEEP-RUNNING DEATHSWEEP!
Connected: RIGOL TECHNOLOGIES,DP832,DP8C180100022,00.01.19
VISA resource: USB0::0x1AB1::0x0E11::DP8C180100022::INSTR
Sweeping CH2 mode=updown: 4.320000 V -> 4.430000 V -> 4.320000 V in 0.001000 V steps (221 points)
       0/220 set=4.320000 V elapsed=0.016s rate=62.50 steps/s
      50/220 set=4.370000 V elapsed=1.109s rate=45.99 steps/s eta=3.697s
     100/220 set=4.420000 V elapsed=2.188s rate=46.16 steps/s eta=2.600s
     150/220 set=4.390000 V elapsed=3.297s rate=45.80 steps/s eta=1.528s
     200/220 set=4.340000 V elapsed=4.375s rate=45.94 steps/s eta=0.435s
Sweep complete. Elapsed: 4.859s
Output turned OFF.


00721 J4_01 = 0 : NULL : WAIT = 0.1
00722 #test for lockup
00722 NULL : Input_3B = 0 | 0.1 | 0.1
00722 TEST: Input_3B 0.0 +/- 0.1
00722 PASS: Input_3B 0.0
00723 J0_09_TEST_SUPPLY = 1 : NULL : WAIT = 0.1
00724 NULL : Input_3B = 1 | 0.1 | 0.1
00724 TEST: Input_3B 1.0 +/- 0.1
00724 PASS: Input_3B 1.0
00725 J0_09_TEST_SUPPLY = 0 : NULL : WAIT = 0.1
00726 NULL : Input_3B = 0 | 0.1 | 0.1
00726 TEST: Input_3B 0.0 +/- 0.1
00726 PASS: Input_3B 0.0
00727 
00727 #Finished with port
00727 #switch out input
00727 J2_04 = 0 : NULL : WAIT = 0.1
00728 
00728 
00728 #Finished with mode
00728 #cycle IGN to reset lockup
00728 RLY_K1 = 1 : NULL : WAIT = 2
00729 RLY_K1 = 0 : NULL : WAIT = 1
00730 #-----setup 39009-----
00730 #configure
00730 Command = 82, MODE1 = 0, MODE2 = 0, Enable_24VDC = 0, Analog_Raw_Value = 0 : NULL : WAIT = 0.5
00731 Command = 0, MODE1 = 0, MODE2 = 0, Enable_24VDC = 0, Analog_Raw_Value = 0 : NULL : WAIT = 0.5
00732 Command = 83, MODE1A = 4, MODE1B = 1, MODE2A = 1, MODE2B = 1, MODE3A = 4, MODE3B = 4, MODE4A = 1, MODE4B = 1, MODE5A = 6, MODE5B = 6, MODE6A = 1, MODE6B = 1, MODE7A = 6, MODE7B = 6 : NULL : WAIT = 0.5
00733 Command = 0, MODE1A = 0, MODE1B = 0, MODE2A = 0, MODE2B = 0, MODE3A = 0, MODE3B = 0, MODE4A = 0, MODE4B = 0, MODE5A = 0, MODE5B = 0, MODE6A = 0, MODE6B = 0, MODE7A = 0, MODE7B = 0 : NULL
00734 Command = 84, MODE8A = 1, MODE8B = 1, MODE9A = 6, MODE9B = 6, MODE10A = 1, MODE10B = 1, GLOBAL_KP = 255, GLOBAL_KI = 255 : NULL : WAIT = 0.5
00735 Command = 0, MODE8A = 0, MODE8B = 0, MODE9A = 0, MODE9B = 0, MODE10A = 0, MODE10B = 0, GLOBAL_KP = 0, GLOBAL_KI = 0 : NULL
00736 Command = 82, Enable_Fault_Reset = 1, Save_Configuration = 1, Enable_DPLTx = 1, Enable_DPLF1 = 1, Enable_DPLF2 = 1 : NULL : WAIT = 0.5
00737 #clear multiplex
00737 Command = 0, Enable_Fault_Reset = 0, Save_Configuration = 0, Enable_DPLTx = 0, Enable_DPLF1 = 0, Enable_DPLF2 = 0 : NULL
00738 #switch input to load line
00738 J2_01 = 1 : NULL : WAIT = 0.1
00739 
00739 #TESTING - ModeIndex 9 PortIndex 0
00739 PwrSetVoltage = 50.0 : NULL : WAIT = 0.1
00740 J4_01 = 1 : NULL : WAIT = 0.1
00741 SWEEP-RUNNING DEATHSWEEP!
Connected: RIGOL TECHNOLOGIES,DP832,DP8C180100022,00.01.19
VISA resource: USB0::0x1AB1::0x0E11::DP8C180100022::INSTR
Sweeping CH2 mode=updown: 4.320000 V -> 4.430000 V -> 4.320000 V in 0.001000 V steps (221 points)
       0/220 set=4.320000 V elapsed=0.031s rate=32.26 steps/s
      50/220 set=4.370000 V elapsed=1.110s rate=45.95 steps/s eta=3.700s
     100/220 set=4.420000 V elapsed=2.188s rate=46.16 steps/s eta=2.600s
     150/220 set=4.390000 V elapsed=3.281s rate=46.02 steps/s eta=1.521s
     200/220 set=4.340000 V elapsed=4.360s rate=46.10 steps/s eta=0.434s
Sweep complete. Elapsed: 4.797s
Output turned OFF.


00741 J4_01 = 0 : NULL : WAIT = 0.1
00742 #test for lockup
00742 NULL : Port_1A = 0 | 0.1 | 0.1
00742 TEST: Port_1A 0.0 +/- 0.1
00742 PASS: Port_1A 0.049
00743 J0_09_TEST_SUPPLY = 1 : NULL : WAIT = 0.1
00744 NULL : Port_1A = 5.0 | 0.1 | 0.1
00744 TEST: Port_1A 5.0 +/- 0.1
00744 PASS: Port_1A 4.967
00745 J0_09_TEST_SUPPLY = 0 : NULL : WAIT = 0.1
00746 NULL : Port_1A = 0 | 0.1 | 0.1
00746 TEST: Port_1A 0.0 +/- 0.1
00746 PASS: Port_1A 0.076
00747 
00747 #Finished with port
00747 #switch out input
00747 J2_01 = 0 : NULL : WAIT = 0.1
00748 
00748 #cycle IGN to reset lockup
00748 RLY_K1 = 1 : NULL : WAIT = 2
00749 RLY_K1 = 0 : NULL : WAIT = 1
00750 #-----setup 39009-----
00750 #configure
00750 Command = 82, MODE1 = 0, MODE2 = 0, Enable_24VDC = 0, Analog_Raw_Value = 0 : NULL : WAIT = 0.5
00751 Command = 0, MODE1 = 0, MODE2 = 0, Enable_24VDC = 0, Analog_Raw_Value = 0 : NULL : WAIT = 0.5
00752 Command = 83, MODE1A = 4, MODE1B = 1, MODE2A = 1, MODE2B = 1, MODE3A = 4, MODE3B = 4, MODE4A = 1, MODE4B = 1, MODE5A = 6, MODE5B = 6, MODE6A = 1, MODE6B = 1, MODE7A = 6, MODE7B = 6 : NULL : WAIT = 0.5
00753 Command = 0, MODE1A = 0, MODE1B = 0, MODE2A = 0, MODE2B = 0, MODE3A = 0, MODE3B = 0, MODE4A = 0, MODE4B = 0, MODE5A = 0, MODE5B = 0, MODE6A = 0, MODE6B = 0, MODE7A = 0, MODE7B = 0 : NULL
00754 Command = 84, MODE8A = 1, MODE8B = 1, MODE9A = 6, MODE9B = 6, MODE10A = 1, MODE10B = 1, GLOBAL_KP = 255, GLOBAL_KI = 255 : NULL : WAIT = 0.5
00755 Command = 0, MODE8A = 0, MODE8B = 0, MODE9A = 0, MODE9B = 0, MODE10A = 0, MODE10B = 0, GLOBAL_KP = 0, GLOBAL_KI = 0 : NULL
00756 Command = 82, Enable_Fault_Reset = 1, Save_Configuration = 1, Enable_DPLTx = 1, Enable_DPLF1 = 1, Enable_DPLF2 = 1 : NULL : WAIT = 0.5
00757 #clear multiplex
00757 Command = 0, Enable_Fault_Reset = 0, Save_Configuration = 0, Enable_DPLTx = 0, Enable_DPLF1 = 0, Enable_DPLF2 = 0 : NULL
00758 #switch input to load line
00758 J2_02 = 1 : NULL : WAIT = 0.1
00759 
00759 #TESTING - ModeIndex 9 PortIndex 1
00759 PwrSetVoltage = 50.0 : NULL : WAIT = 0.1
00760 J4_01 = 1 : NULL : WAIT = 0.1
00761 SWEEP-RUNNING DEATHSWEEP!
Connected: RIGOL TECHNOLOGIES,DP832,DP8C180100022,00.01.19
VISA resource: USB0::0x1AB1::0x0E11::DP8C180100022::INSTR
Sweeping CH2 mode=updown: 4.320000 V -> 4.430000 V -> 4.320000 V in 0.001000 V steps (221 points)
       0/220 set=4.320000 V elapsed=0.016s rate=62.50 steps/s
      50/220 set=4.370000 V elapsed=1.109s rate=45.99 steps/s eta=3.697s
     100/220 set=4.420000 V elapsed=2.156s rate=46.85 steps/s eta=2.562s
     150/220 set=4.390000 V elapsed=3.266s rate=46.23 steps/s eta=1.514s
     200/220 set=4.340000 V elapsed=4.313s rate=46.60 steps/s eta=0.429s
Sweep complete. Elapsed: 4.734s
Output turned OFF.


00761 J4_01 = 0 : NULL : WAIT = 0.1
00762 #test for lockup
00762 NULL : Input_1B = 0 | 0.1 | 0.1
00762 TEST: Input_1B 0.0 +/- 0.1
00762 PASS: Input_1B 0.0
00763 J0_09_TEST_SUPPLY = 1 : NULL : WAIT = 0.1
00764 NULL : Input_1B = 1 | 0.1 | 0.1
00764 TEST: Input_1B 1.0 +/- 0.1
00764 PASS: Input_1B 1.0
00765 J0_09_TEST_SUPPLY = 0 : NULL : WAIT = 0.1
00766 NULL : Input_1B = 0 | 0.1 | 0.1
00766 TEST: Input_1B 0.0 +/- 0.1
00766 PASS: Input_1B 0.0
00767 
00767 #Finished with port
00767 #switch out input
00767 J2_02 = 0 : NULL : WAIT = 0.1
00768 
00768 #cycle IGN to reset lockup
00768 RLY_K1 = 1 : NULL : WAIT = 2
00769 RLY_K1 = 0 : NULL : WAIT = 1
00770 #-----setup 39009-----
00770 #configure
00770 Command = 82, MODE1 = 0, MODE2 = 0, Enable_24VDC = 0, Analog_Raw_Value = 0 : NULL : WAIT = 0.5
00771 Command = 0, MODE1 = 0, MODE2 = 0, Enable_24VDC = 0, Analog_Raw_Value = 0 : NULL : WAIT = 0.5
00772 Command = 83, MODE1A = 4, MODE1B = 1, MODE2A = 1, MODE2B = 1, MODE3A = 4, MODE3B = 4, MODE4A = 1, MODE4B = 1, MODE5A = 6, MODE5B = 6, MODE6A = 1, MODE6B = 1, MODE7A = 6, MODE7B = 6 : NULL : WAIT = 0.5
00773 Command = 0, MODE1A = 0, MODE1B = 0, MODE2A = 0, MODE2B = 0, MODE3A = 0, MODE3B = 0, MODE4A = 0, MODE4B = 0, MODE5A = 0, MODE5B = 0, MODE6A = 0, MODE6B = 0, MODE7A = 0, MODE7B = 0 : NULL
00774 Command = 84, MODE8A = 1, MODE8B = 1, MODE9A = 6, MODE9B = 6, MODE10A = 1, MODE10B = 1, GLOBAL_KP = 255, GLOBAL_KI = 255 : NULL : WAIT = 0.5
00775 Command = 0, MODE8A = 0, MODE8B = 0, MODE9A = 0, MODE9B = 0, MODE10A = 0, MODE10B = 0, GLOBAL_KP = 0, GLOBAL_KI = 0 : NULL
00776 Command = 82, Enable_Fault_Reset = 1, Save_Configuration = 1, Enable_DPLTx = 1, Enable_DPLF1 = 1, Enable_DPLF2 = 1 : NULL : WAIT = 0.5
00777 #clear multiplex
00777 Command = 0, Enable_Fault_Reset = 0, Save_Configuration = 0, Enable_DPLTx = 0, Enable_DPLF1 = 0, Enable_DPLF2 = 0 : NULL
00778 #switch input to load line
00778 J2_03 = 1 : NULL : WAIT = 0.1
00779 
00779 #TESTING - ModeIndex 9 PortIndex 2
00779 PwrSetVoltage = 50.0 : NULL : WAIT = 0.1
00780 J4_01 = 1 : NULL : WAIT = 0.1
00781 SWEEP-RUNNING DEATHSWEEP!
Connected: RIGOL TECHNOLOGIES,DP832,DP8C180100022,00.01.19
VISA resource: USB0::0x1AB1::0x0E11::DP8C180100022::INSTR
Sweeping CH2 mode=updown: 4.320000 V -> 4.430000 V -> 4.320000 V in 0.001000 V steps (221 points)
       0/220 set=4.320000 V elapsed=0.015s rate=66.67 steps/s
      50/220 set=4.370000 V elapsed=1.094s rate=46.62 steps/s eta=3.647s
     100/220 set=4.420000 V elapsed=2.219s rate=45.52 steps/s eta=2.636s
     150/220 set=4.390000 V elapsed=3.297s rate=45.80 steps/s eta=1.528s
     200/220 set=4.340000 V elapsed=4.390s rate=45.79 steps/s eta=0.437s
Sweep complete. Elapsed: 4.797s
Output turned OFF.


00781 J4_01 = 0 : NULL : WAIT = 0.1
00782 #test for lockup
00782 NULL : Port_3A = 0 | 0.1 | 0.1
00782 TEST: Port_3A 0.0 +/- 0.1
00782 PASS: Port_3A 0.0
00783 J0_09_TEST_SUPPLY = 1 : NULL : WAIT = 0.1
00784 NULL : Port_3A = 5.0 | 0.1 | 0.1
00784 TEST: Port_3A 5.0 +/- 0.1
00784 PASS: Port_3A 4.971
00785 J0_09_TEST_SUPPLY = 0 : NULL : WAIT = 0.1
00786 NULL : Port_3A = 0 | 0.1 | 0.1
00786 TEST: Port_3A 0.0 +/- 0.1
00786 PASS: Port_3A 0.076
00787 
00787 #Finished with port
00787 #switch out input
00787 J2_03 = 0 : NULL : WAIT = 0.1
00788 
00788 #cycle IGN to reset lockup
00788 RLY_K1 = 1 : NULL : WAIT = 2
00789 RLY_K1 = 0 : NULL : WAIT = 1
00790 #-----setup 39009-----
00790 #configure
00790 Command = 82, MODE1 = 0, MODE2 = 0, Enable_24VDC = 0, Analog_Raw_Value = 0 : NULL : WAIT = 0.5
00791 Command = 0, MODE1 = 0, MODE2 = 0, Enable_24VDC = 0, Analog_Raw_Value = 0 : NULL : WAIT = 0.5
00792 Command = 83, MODE1A = 4, MODE1B = 1, MODE2A = 1, MODE2B = 1, MODE3A = 4, MODE3B = 4, MODE4A = 1, MODE4B = 1, MODE5A = 6, MODE5B = 6, MODE6A = 1, MODE6B = 1, MODE7A = 6, MODE7B = 6 : NULL : WAIT = 0.5
00793 Command = 0, MODE1A = 0, MODE1B = 0, MODE2A = 0, MODE2B = 0, MODE3A = 0, MODE3B = 0, MODE4A = 0, MODE4B = 0, MODE5A = 0, MODE5B = 0, MODE6A = 0, MODE6B = 0, MODE7A = 0, MODE7B = 0 : NULL
00794 Command = 84, MODE8A = 1, MODE8B = 1, MODE9A = 6, MODE9B = 6, MODE10A = 1, MODE10B = 1, GLOBAL_KP = 255, GLOBAL_KI = 255 : NULL : WAIT = 0.5
00795 Command = 0, MODE8A = 0, MODE8B = 0, MODE9A = 0, MODE9B = 0, MODE10A = 0, MODE10B = 0, GLOBAL_KP = 0, GLOBAL_KI = 0 : NULL
00796 Command = 82, Enable_Fault_Reset = 1, Save_Configuration = 1, Enable_DPLTx = 1, Enable_DPLF1 = 1, Enable_DPLF2 = 1 : NULL : WAIT = 0.5
00797 #clear multiplex
00797 Command = 0, Enable_Fault_Reset = 0, Save_Configuration = 0, Enable_DPLTx = 0, Enable_DPLF1 = 0, Enable_DPLF2 = 0 : NULL
00798 #switch input to load line
00798 J2_04 = 1 : NULL : WAIT = 0.1
00799 
00799 #TESTING - ModeIndex 9 PortIndex 3
00799 PwrSetVoltage = 50.0 : NULL : WAIT = 0.1
00800 J4_01 = 1 : NULL : WAIT = 0.1
00801 SWEEP-RUNNING DEATHSWEEP!
Connected: RIGOL TECHNOLOGIES,DP832,DP8C180100022,00.01.19
VISA resource: USB0::0x1AB1::0x0E11::DP8C180100022::INSTR
Sweeping CH2 mode=updown: 4.320000 V -> 4.430000 V -> 4.320000 V in 0.001000 V steps (221 points)
       0/220 set=4.320000 V elapsed=0.015s rate=66.67 steps/s
      50/220 set=4.370000 V elapsed=1.093s rate=46.66 steps/s eta=3.643s
     100/220 set=4.420000 V elapsed=2.156s rate=46.85 steps/s eta=2.562s
     150/220 set=4.390000 V elapsed=3.218s rate=46.92 steps/s eta=1.492s
     200/220 set=4.340000 V elapsed=4.343s rate=46.28 steps/s eta=0.432s
Sweep complete. Elapsed: 4.796s
Output turned OFF.


00801 J4_01 = 0 : NULL : WAIT = 0.1
00802 #test for lockup
00802 NULL : Port_3B = 0 | 0.1 | 0.1
00802 TEST: Port_3B 0.0 +/- 0.1
00802 PASS: Port_3B 0.042
00803 J0_09_TEST_SUPPLY = 1 : NULL : WAIT = 0.1
00804 NULL : Port_3B = 5.0 | 0.1 | 0.1
00804 TEST: Port_3B 5.0 +/- 0.1
00804 PASS: Port_3B 4.973
00805 J0_09_TEST_SUPPLY = 0 : NULL : WAIT = 0.1
00806 NULL : Port_3B = 0 | 0.1 | 0.1
00806 TEST: Port_3B 0.0 +/- 0.1
00806 PASS: Port_3B 0.078
00807 
00807 #Finished with port
00807 #switch out input
00807 J2_04 = 0 : NULL : WAIT = 0.1
00808 
00808 
00808 #Finished with mode
00808 #cycle IGN to reset lockup
00808 RLY_K1 = 1 : NULL : WAIT = 2
00809 RLY_K1 = 0 : NULL : WAIT = 1
00810 #-----setup 39009-----
00810 #configure
00810 Command = 82, MODE1 = 0, MODE2 = 0, Enable_24VDC = 0, Analog_Raw_Value = 0 : NULL : WAIT = 0.5
00811 Command = 0, MODE1 = 0, MODE2 = 0, Enable_24VDC = 0, Analog_Raw_Value = 0 : NULL : WAIT = 0.5
00812 Command = 83, MODE1A = 4, MODE1B = 1, MODE2A = 1, MODE2B = 1, MODE3A = 4, MODE3B = 1, MODE4A = 1, MODE4B = 1, MODE5A = 6, MODE5B = 6, MODE6A = 1, MODE6B = 1, MODE7A = 6, MODE7B = 6 : NULL : WAIT = 0.5
00813 Command = 0, MODE1A = 0, MODE1B = 0, MODE2A = 0, MODE2B = 0, MODE3A = 0, MODE3B = 0, MODE4A = 0, MODE4B = 0, MODE5A = 0, MODE5B = 0, MODE6A = 0, MODE6B = 0, MODE7A = 0, MODE7B = 0 : NULL
00814 Command = 84, MODE8A = 1, MODE8B = 1, MODE9A = 6, MODE9B = 6, MODE10A = 1, MODE10B = 1, GLOBAL_KP = 255, GLOBAL_KI = 255 : NULL : WAIT = 0.5
00815 Command = 0, MODE8A = 0, MODE8B = 0, MODE9A = 0, MODE9B = 0, MODE10A = 0, MODE10B = 0, GLOBAL_KP = 0, GLOBAL_KI = 0 : NULL
00816 Command = 82, Enable_Fault_Reset = 1, Save_Configuration = 1, Enable_DPLTx = 1, Enable_DPLF1 = 1, Enable_DPLF2 = 1 : NULL : WAIT = 0.5
00817 #clear multiplex
00817 Command = 0, Enable_Fault_Reset = 0, Save_Configuration = 0, Enable_DPLTx = 0, Enable_DPLF1 = 0, Enable_DPLF2 = 0 : NULL
00818 #switch input to load line
00818 J2_01 = 1 : NULL : WAIT = 0.1
00819 
00819 #TESTING - ModeIndex 10 PortIndex 0
00819 PwrSetVoltage = 50.0 : NULL : WAIT = 0.1
00820 J4_01 = 1 : NULL : WAIT = 0.1
00821 SWEEP-RUNNING DEATHSWEEP!
Connected: RIGOL TECHNOLOGIES,DP832,DP8C180100022,00.01.19
VISA resource: USB0::0x1AB1::0x0E11::DP8C180100022::INSTR
Sweeping CH2 mode=updown: 4.320000 V -> 4.430000 V -> 4.320000 V in 0.001000 V steps (221 points)
       0/220 set=4.320000 V elapsed=0.032s rate=31.25 steps/s
      50/220 set=4.370000 V elapsed=1.078s rate=47.31 steps/s eta=3.593s
     100/220 set=4.420000 V elapsed=2.157s rate=46.82 steps/s eta=2.563s
     150/220 set=4.390000 V elapsed=3.235s rate=46.68 steps/s eta=1.500s
     200/220 set=4.340000 V elapsed=4.313s rate=46.60 steps/s eta=0.429s
Sweep complete. Elapsed: 4.782s
Output turned OFF.


00821 J4_01 = 0 : NULL : WAIT = 0.1
00822 #test for lockup
00822 NULL : Port_1A = 0 | 0.1 | 0.1
00822 TEST: Port_1A 0.0 +/- 0.1
00822 PASS: Port_1A 0.0
00823 J0_09_TEST_SUPPLY = 1 : NULL : WAIT = 0.1
00824 NULL : Port_1A = 5.0 | 0.1 | 0.1
00824 TEST: Port_1A 5.0 +/- 0.1
00824 PASS: Port_1A 4.968
00825 J0_09_TEST_SUPPLY = 0 : NULL : WAIT = 0.1
00826 NULL : Port_1A = 0 | 0.1 | 0.1
00826 TEST: Port_1A 0.0 +/- 0.1
00826 PASS: Port_1A 0.078
00827 
00827 #Finished with port
00827 #switch out input
00827 J2_01 = 0 : NULL : WAIT = 0.1
00828 
00828 #cycle IGN to reset lockup
00828 RLY_K1 = 1 : NULL : WAIT = 2
00829 RLY_K1 = 0 : NULL : WAIT = 1
00830 #-----setup 39009-----
00830 #configure
00830 Command = 82, MODE1 = 0, MODE2 = 0, Enable_24VDC = 0, Analog_Raw_Value = 0 : NULL : WAIT = 0.5
00831 Command = 0, MODE1 = 0, MODE2 = 0, Enable_24VDC = 0, Analog_Raw_Value = 0 : NULL : WAIT = 0.5
00832 Command = 83, MODE1A = 4, MODE1B = 1, MODE2A = 1, MODE2B = 1, MODE3A = 4, MODE3B = 1, MODE4A = 1, MODE4B = 1, MODE5A = 6, MODE5B = 6, MODE6A = 1, MODE6B = 1, MODE7A = 6, MODE7B = 6 : NULL : WAIT = 0.5
00833 Command = 0, MODE1A = 0, MODE1B = 0, MODE2A = 0, MODE2B = 0, MODE3A = 0, MODE3B = 0, MODE4A = 0, MODE4B = 0, MODE5A = 0, MODE5B = 0, MODE6A = 0, MODE6B = 0, MODE7A = 0, MODE7B = 0 : NULL
00834 Command = 84, MODE8A = 1, MODE8B = 1, MODE9A = 6, MODE9B = 6, MODE10A = 1, MODE10B = 1, GLOBAL_KP = 255, GLOBAL_KI = 255 : NULL : WAIT = 0.5
00835 Command = 0, MODE8A = 0, MODE8B = 0, MODE9A = 0, MODE9B = 0, MODE10A = 0, MODE10B = 0, GLOBAL_KP = 0, GLOBAL_KI = 0 : NULL
00836 Command = 82, Enable_Fault_Reset = 1, Save_Configuration = 1, Enable_DPLTx = 1, Enable_DPLF1 = 1, Enable_DPLF2 = 1 : NULL : WAIT = 0.5
00837 #clear multiplex
00837 Command = 0, Enable_Fault_Reset = 0, Save_Configuration = 0, Enable_DPLTx = 0, Enable_DPLF1 = 0, Enable_DPLF2 = 0 : NULL
00838 #switch input to load line
00838 J2_02 = 1 : NULL : WAIT = 0.1
00839 
00839 #TESTING - ModeIndex 10 PortIndex 1
00839 PwrSetVoltage = 50.0 : NULL : WAIT = 0.1
00840 J4_01 = 1 : NULL : WAIT = 0.1
00841 SWEEP-RUNNING DEATHSWEEP!
Connected: RIGOL TECHNOLOGIES,DP832,DP8C180100022,00.01.19
VISA resource: USB0::0x1AB1::0x0E11::DP8C180100022::INSTR
Sweeping CH2 mode=updown: 4.320000 V -> 4.430000 V -> 4.320000 V in 0.001000 V steps (221 points)
       0/220 set=4.320000 V elapsed=0.015s rate=66.67 steps/s
      50/220 set=4.370000 V elapsed=1.125s rate=45.33 steps/s eta=3.750s
     100/220 set=4.420000 V elapsed=2.218s rate=45.54 steps/s eta=2.635s
     150/220 set=4.390000 V elapsed=3.281s rate=46.02 steps/s eta=1.521s
     200/220 set=4.340000 V elapsed=4.390s rate=45.79 steps/s eta=0.437s
Sweep complete. Elapsed: 4.843s
Output turned OFF.


00841 J4_01 = 0 : NULL : WAIT = 0.1
00842 #test for lockup
00842 NULL : Input_1B = 0 | 0.1 | 0.1
00842 TEST: Input_1B 0.0 +/- 0.1
00842 PASS: Input_1B 0.0
00843 J0_09_TEST_SUPPLY = 1 : NULL : WAIT = 0.1
00844 NULL : Input_1B = 1 | 0.1 | 0.1
00844 TEST: Input_1B 1.0 +/- 0.1
00844 PASS: Input_1B 1.0
00845 J0_09_TEST_SUPPLY = 0 : NULL : WAIT = 0.1
00846 NULL : Input_1B = 0 | 0.1 | 0.1
00846 TEST: Input_1B 0.0 +/- 0.1
00846 PASS: Input_1B 0.0
00847 
00847 #Finished with port
00847 #switch out input
00847 J2_02 = 0 : NULL : WAIT = 0.1
00848 
00848 #cycle IGN to reset lockup
00848 RLY_K1 = 1 : NULL : WAIT = 2
00849 RLY_K1 = 0 : NULL : WAIT = 1
00850 #-----setup 39009-----
00850 #configure
00850 Command = 82, MODE1 = 0, MODE2 = 0, Enable_24VDC = 0, Analog_Raw_Value = 0 : NULL : WAIT = 0.5
00851 Command = 0, MODE1 = 0, MODE2 = 0, Enable_24VDC = 0, Analog_Raw_Value = 0 : NULL : WAIT = 0.5
00852 Command = 83, MODE1A = 4, MODE1B = 1, MODE2A = 1, MODE2B = 1, MODE3A = 4, MODE3B = 1, MODE4A = 1, MODE4B = 1, MODE5A = 6, MODE5B = 6, MODE6A = 1, MODE6B = 1, MODE7A = 6, MODE7B = 6 : NULL : WAIT = 0.5
00853 Command = 0, MODE1A = 0, MODE1B = 0, MODE2A = 0, MODE2B = 0, MODE3A = 0, MODE3B = 0, MODE4A = 0, MODE4B = 0, MODE5A = 0, MODE5B = 0, MODE6A = 0, MODE6B = 0, MODE7A = 0, MODE7B = 0 : NULL
00854 Command = 84, MODE8A = 1, MODE8B = 1, MODE9A = 6, MODE9B = 6, MODE10A = 1, MODE10B = 1, GLOBAL_KP = 255, GLOBAL_KI = 255 : NULL : WAIT = 0.5
00855 Command = 0, MODE8A = 0, MODE8B = 0, MODE9A = 0, MODE9B = 0, MODE10A = 0, MODE10B = 0, GLOBAL_KP = 0, GLOBAL_KI = 0 : NULL
00856 Command = 82, Enable_Fault_Reset = 1, Save_Configuration = 1, Enable_DPLTx = 1, Enable_DPLF1 = 1, Enable_DPLF2 = 1 : NULL : WAIT = 0.5
00857 #clear multiplex
00857 Command = 0, Enable_Fault_Reset = 0, Save_Configuration = 0, Enable_DPLTx = 0, Enable_DPLF1 = 0, Enable_DPLF2 = 0 : NULL
00858 #switch input to load line
00858 J2_03 = 1 : NULL : WAIT = 0.1
00859 
00859 #TESTING - ModeIndex 10 PortIndex 2
00859 PwrSetVoltage = 50.0 : NULL : WAIT = 0.1
00860 J4_01 = 1 : NULL : WAIT = 0.1
00861 SWEEP-RUNNING DEATHSWEEP!
Connected: RIGOL TECHNOLOGIES,DP832,DP8C180100022,00.01.19
VISA resource: USB0::0x1AB1::0x0E11::DP8C180100022::INSTR
Sweeping CH2 mode=updown: 4.320000 V -> 4.430000 V -> 4.320000 V in 0.001000 V steps (221 points)
       0/220 set=4.320000 V elapsed=0.015s rate=66.67 steps/s
      50/220 set=4.370000 V elapsed=1.125s rate=45.33 steps/s eta=3.750s
     100/220 set=4.420000 V elapsed=2.234s rate=45.21 steps/s eta=2.654s
     150/220 set=4.390000 V elapsed=3.281s rate=46.02 steps/s eta=1.521s
     200/220 set=4.340000 V elapsed=4.359s rate=46.11 steps/s eta=0.434s
Sweep complete. Elapsed: 4.812s
Output turned OFF.


00861 J4_01 = 0 : NULL : WAIT = 0.1
00862 #test for lockup
00862 NULL : Port_3A = 0 | 0.1 | 0.1
00862 TEST: Port_3A 0.0 +/- 0.1
00862 PASS: Port_3A 0.039
00863 J0_09_TEST_SUPPLY = 1 : NULL : WAIT = 0.1
00864 NULL : Port_3A = 5.0 | 0.1 | 0.1
00864 TEST: Port_3A 5.0 +/- 0.1
00864 PASS: Port_3A 4.972
00865 J0_09_TEST_SUPPLY = 0 : NULL : WAIT = 0.1
00866 NULL : Port_3A = 0 | 0.1 | 0.1
00866 TEST: Port_3A 0.0 +/- 0.1
00866 PASS: Port_3A 0.082
00867 
00867 #Finished with port
00867 #switch out input
00867 J2_03 = 0 : NULL : WAIT = 0.1
00868 
00868 #cycle IGN to reset lockup
00868 RLY_K1 = 1 : NULL : WAIT = 2
00869 RLY_K1 = 0 : NULL : WAIT = 1
00870 #-----setup 39009-----
00870 #configure
00870 Command = 82, MODE1 = 0, MODE2 = 0, Enable_24VDC = 0, Analog_Raw_Value = 0 : NULL : WAIT = 0.5
00871 Command = 0, MODE1 = 0, MODE2 = 0, Enable_24VDC = 0, Analog_Raw_Value = 0 : NULL : WAIT = 0.5
00872 Command = 83, MODE1A = 4, MODE1B = 1, MODE2A = 1, MODE2B = 1, MODE3A = 4, MODE3B = 1, MODE4A = 1, MODE4B = 1, MODE5A = 6, MODE5B = 6, MODE6A = 1, MODE6B = 1, MODE7A = 6, MODE7B = 6 : NULL : WAIT = 0.5
00873 Command = 0, MODE1A = 0, MODE1B = 0, MODE2A = 0, MODE2B = 0, MODE3A = 0, MODE3B = 0, MODE4A = 0, MODE4B = 0, MODE5A = 0, MODE5B = 0, MODE6A = 0, MODE6B = 0, MODE7A = 0, MODE7B = 0 : NULL
00874 Command = 84, MODE8A = 1, MODE8B = 1, MODE9A = 6, MODE9B = 6, MODE10A = 1, MODE10B = 1, GLOBAL_KP = 255, GLOBAL_KI = 255 : NULL : WAIT = 0.5
00875 Command = 0, MODE8A = 0, MODE8B = 0, MODE9A = 0, MODE9B = 0, MODE10A = 0, MODE10B = 0, GLOBAL_KP = 0, GLOBAL_KI = 0 : NULL
00876 Command = 82, Enable_Fault_Reset = 1, Save_Configuration = 1, Enable_DPLTx = 1, Enable_DPLF1 = 1, Enable_DPLF2 = 1 : NULL : WAIT = 0.5
00877 #clear multiplex
00877 Command = 0, Enable_Fault_Reset = 0, Save_Configuration = 0, Enable_DPLTx = 0, Enable_DPLF1 = 0, Enable_DPLF2 = 0 : NULL
00878 #switch input to load line
00878 J2_04 = 1 : NULL : WAIT = 0.1
00879 
00879 #TESTING - ModeIndex 10 PortIndex 3
00879 PwrSetVoltage = 50.0 : NULL : WAIT = 0.1
00880 J4_01 = 1 : NULL : WAIT = 0.1
00881 SWEEP-RUNNING DEATHSWEEP!
Connected: RIGOL TECHNOLOGIES,DP832,DP8C180100022,00.01.19
VISA resource: USB0::0x1AB1::0x0E11::DP8C180100022::INSTR
Sweeping CH2 mode=updown: 4.320000 V -> 4.430000 V -> 4.320000 V in 0.001000 V steps (221 points)
       0/220 set=4.320000 V elapsed=0.063s rate=15.87 steps/s
      50/220 set=4.370000 V elapsed=1.125s rate=45.33 steps/s eta=3.750s
     100/220 set=4.420000 V elapsed=2.188s rate=46.16 steps/s eta=2.600s
     150/220 set=4.390000 V elapsed=3.328s rate=45.37 steps/s eta=1.543s
     200/220 set=4.340000 V elapsed=4.422s rate=45.45 steps/s eta=0.440s
Sweep complete. Elapsed: 4.891s
Output turned OFF.


00881 J4_01 = 0 : NULL : WAIT = 0.1
00882 #test for lockup
00882 NULL : Input_3B = 0 | 0.1 | 0.1
00882 TEST: Input_3B 0.0 +/- 0.1
00882 PASS: Input_3B 0.0
00883 J0_09_TEST_SUPPLY = 1 : NULL : WAIT = 0.1
00884 NULL : Input_3B = 1 | 0.1 | 0.1
00884 TEST: Input_3B 1.0 +/- 0.1
00884 PASS: Input_3B 1.0
00885 J0_09_TEST_SUPPLY = 0 : NULL : WAIT = 0.1
00886 NULL : Input_3B = 0 | 0.1 | 0.1
00886 TEST: Input_3B 0.0 +/- 0.1
00886 PASS: Input_3B 0.0
00887 
00887 #Finished with port
00887 #switch out input
00887 J2_04 = 0 : NULL : WAIT = 0.1
00888 
00888 
00888 #Finished with mode
00888 #cycle IGN to reset lockup
00888 RLY_K1 = 1 : NULL : WAIT = 2
00889 RLY_K1 = 0 : NULL : WAIT = 1
00890 #-----setup 39009-----
00890 #configure
00890 Command = 82, MODE1 = 0, MODE2 = 0, Enable_24VDC = 0, Analog_Raw_Value = 0 : NULL : WAIT = 0.5
00891 Command = 0, MODE1 = 0, MODE2 = 0, Enable_24VDC = 0, Analog_Raw_Value = 0 : NULL : WAIT = 0.5
00892 Command = 83, MODE1A = 4, MODE1B = 1, MODE2A = 1, MODE2B = 1, MODE3A = 1, MODE3B = 4, MODE4A = 1, MODE4B = 1, MODE5A = 6, MODE5B = 6, MODE6A = 1, MODE6B = 1, MODE7A = 6, MODE7B = 6 : NULL : WAIT = 0.5
00893 Command = 0, MODE1A = 0, MODE1B = 0, MODE2A = 0, MODE2B = 0, MODE3A = 0, MODE3B = 0, MODE4A = 0, MODE4B = 0, MODE5A = 0, MODE5B = 0, MODE6A = 0, MODE6B = 0, MODE7A = 0, MODE7B = 0 : NULL
00894 Command = 84, MODE8A = 1, MODE8B = 1, MODE9A = 6, MODE9B = 6, MODE10A = 1, MODE10B = 1, GLOBAL_KP = 255, GLOBAL_KI = 255 : NULL : WAIT = 0.5
00895 Command = 0, MODE8A = 0, MODE8B = 0, MODE9A = 0, MODE9B = 0, MODE10A = 0, MODE10B = 0, GLOBAL_KP = 0, GLOBAL_KI = 0 : NULL
00896 Command = 82, Enable_Fault_Reset = 1, Save_Configuration = 1, Enable_DPLTx = 1, Enable_DPLF1 = 1, Enable_DPLF2 = 1 : NULL : WAIT = 0.5
00897 #clear multiplex
00897 Command = 0, Enable_Fault_Reset = 0, Save_Configuration = 0, Enable_DPLTx = 0, Enable_DPLF1 = 0, Enable_DPLF2 = 0 : NULL
00898 #switch input to load line
00898 J2_01 = 1 : NULL : WAIT = 0.1
00899 
00899 #TESTING - ModeIndex 11 PortIndex 0
00899 PwrSetVoltage = 50.0 : NULL : WAIT = 0.1
00900 J4_01 = 1 : NULL : WAIT = 0.1
00901 SWEEP-RUNNING DEATHSWEEP!
Connected: RIGOL TECHNOLOGIES,DP832,DP8C180100022,00.01.19
VISA resource: USB0::0x1AB1::0x0E11::DP8C180100022::INSTR
Sweeping CH2 mode=updown: 4.320000 V -> 4.430000 V -> 4.320000 V in 0.001000 V steps (221 points)
       0/220 set=4.320000 V elapsed=0.015s rate=66.67 steps/s
      50/220 set=4.370000 V elapsed=1.109s rate=45.99 steps/s eta=3.697s
     100/220 set=4.420000 V elapsed=2.203s rate=45.85 steps/s eta=2.617s
     150/220 set=4.390000 V elapsed=3.312s rate=45.59 steps/s eta=1.535s
     200/220 set=4.340000 V elapsed=4.375s rate=45.94 steps/s eta=0.435s
Sweep complete. Elapsed: 4.843s
Output turned OFF.


00901 J4_01 = 0 : NULL : WAIT = 0.1
00902 #test for lockup
00902 NULL : Port_1A = 0 | 0.1 | 0.1
00902 TEST: Port_1A 0.0 +/- 0.1
00902 PASS: Port_1A 0.0
00903 J0_09_TEST_SUPPLY = 1 : NULL : WAIT = 0.1
00904 NULL : Port_1A = 5.0 | 0.1 | 0.1
00904 TEST: Port_1A 5.0 +/- 0.1
00904 PASS: Port_1A 4.968
00905 J0_09_TEST_SUPPLY = 0 : NULL : WAIT = 0.1
00906 NULL : Port_1A = 0 | 0.1 | 0.1
00906 TEST: Port_1A 0.0 +/- 0.1
00906 PASS: Port_1A 0.091
00907 
00907 #Finished with port
00907 #switch out input
00907 J2_01 = 0 : NULL : WAIT = 0.1
00908 
00908 #cycle IGN to reset lockup
00908 RLY_K1 = 1 : NULL : WAIT = 2
00909 RLY_K1 = 0 : NULL : WAIT = 1
00910 #-----setup 39009-----
00910 #configure
00910 Command = 82, MODE1 = 0, MODE2 = 0, Enable_24VDC = 0, Analog_Raw_Value = 0 : NULL : WAIT = 0.5
00911 Command = 0, MODE1 = 0, MODE2 = 0, Enable_24VDC = 0, Analog_Raw_Value = 0 : NULL : WAIT = 0.5
00912 Command = 83, MODE1A = 4, MODE1B = 1, MODE2A = 1, MODE2B = 1, MODE3A = 1, MODE3B = 4, MODE4A = 1, MODE4B = 1, MODE5A = 6, MODE5B = 6, MODE6A = 1, MODE6B = 1, MODE7A = 6, MODE7B = 6 : NULL : WAIT = 0.5
00913 Command = 0, MODE1A = 0, MODE1B = 0, MODE2A = 0, MODE2B = 0, MODE3A = 0, MODE3B = 0, MODE4A = 0, MODE4B = 0, MODE5A = 0, MODE5B = 0, MODE6A = 0, MODE6B = 0, MODE7A = 0, MODE7B = 0 : NULL
00914 Command = 84, MODE8A = 1, MODE8B = 1, MODE9A = 6, MODE9B = 6, MODE10A = 1, MODE10B = 1, GLOBAL_KP = 255, GLOBAL_KI = 255 : NULL : WAIT = 0.5
00915 Command = 0, MODE8A = 0, MODE8B = 0, MODE9A = 0, MODE9B = 0, MODE10A = 0, MODE10B = 0, GLOBAL_KP = 0, GLOBAL_KI = 0 : NULL
00916 Command = 82, Enable_Fault_Reset = 1, Save_Configuration = 1, Enable_DPLTx = 1, Enable_DPLF1 = 1, Enable_DPLF2 = 1 : NULL : WAIT = 0.5
00917 #clear multiplex
00917 Command = 0, Enable_Fault_Reset = 0, Save_Configuration = 0, Enable_DPLTx = 0, Enable_DPLF1 = 0, Enable_DPLF2 = 0 : NULL
00918 #switch input to load line
00918 J2_02 = 1 : NULL : WAIT = 0.1
00919 
00919 #TESTING - ModeIndex 11 PortIndex 1
00919 PwrSetVoltage = 50.0 : NULL : WAIT = 0.1
00920 J4_01 = 1 : NULL : WAIT = 0.1
00921 SWEEP-RUNNING DEATHSWEEP!
Connected: RIGOL TECHNOLOGIES,DP832,DP8C180100022,00.01.19
VISA resource: USB0::0x1AB1::0x0E11::DP8C180100022::INSTR
Sweeping CH2 mode=updown: 4.320000 V -> 4.430000 V -> 4.320000 V in 0.001000 V steps (221 points)
       0/220 set=4.320000 V elapsed=0.031s rate=32.26 steps/s
      50/220 set=4.370000 V elapsed=1.125s rate=45.33 steps/s eta=3.750s
     100/220 set=4.420000 V elapsed=2.188s rate=46.16 steps/s eta=2.600s
     150/220 set=4.390000 V elapsed=3.281s rate=46.02 steps/s eta=1.521s
     200/220 set=4.340000 V elapsed=4.406s rate=45.62 steps/s eta=0.438s
Sweep complete. Elapsed: 4.828s
Output turned OFF.


00921 J4_01 = 0 : NULL : WAIT = 0.1
00922 #test for lockup
00922 NULL : Input_1B = 0 | 0.1 | 0.1
00922 TEST: Input_1B 0.0 +/- 0.1
00922 PASS: Input_1B 0.0
00923 J0_09_TEST_SUPPLY = 1 : NULL : WAIT = 0.1
00924 NULL : Input_1B = 1 | 0.1 | 0.1
00924 TEST: Input_1B 1.0 +/- 0.1
00924 PASS: Input_1B 1.0
00925 J0_09_TEST_SUPPLY = 0 : NULL : WAIT = 0.1
00926 NULL : Input_1B = 0 | 0.1 | 0.1
00926 TEST: Input_1B 0.0 +/- 0.1
00926 PASS: Input_1B 0.0
00927 
00927 #Finished with port
00927 #switch out input
00927 J2_02 = 0 : NULL : WAIT = 0.1
00928 
00928 #cycle IGN to reset lockup
00928 RLY_K1 = 1 : NULL : WAIT = 2
00929 RLY_K1 = 0 : NULL : WAIT = 1
00930 #-----setup 39009-----
00930 #configure
00930 Command = 82, MODE1 = 0, MODE2 = 0, Enable_24VDC = 0, Analog_Raw_Value = 0 : NULL : WAIT = 0.5
00931 Command = 0, MODE1 = 0, MODE2 = 0, Enable_24VDC = 0, Analog_Raw_Value = 0 : NULL : WAIT = 0.5
00932 Command = 83, MODE1A = 4, MODE1B = 1, MODE2A = 1, MODE2B = 1, MODE3A = 1, MODE3B = 4, MODE4A = 1, MODE4B = 1, MODE5A = 6, MODE5B = 6, MODE6A = 1, MODE6B = 1, MODE7A = 6, MODE7B = 6 : NULL : WAIT = 0.5
00933 Command = 0, MODE1A = 0, MODE1B = 0, MODE2A = 0, MODE2B = 0, MODE3A = 0, MODE3B = 0, MODE4A = 0, MODE4B = 0, MODE5A = 0, MODE5B = 0, MODE6A = 0, MODE6B = 0, MODE7A = 0, MODE7B = 0 : NULL
00934 Command = 84, MODE8A = 1, MODE8B = 1, MODE9A = 6, MODE9B = 6, MODE10A = 1, MODE10B = 1, GLOBAL_KP = 255, GLOBAL_KI = 255 : NULL : WAIT = 0.5
00935 Command = 0, MODE8A = 0, MODE8B = 0, MODE9A = 0, MODE9B = 0, MODE10A = 0, MODE10B = 0, GLOBAL_KP = 0, GLOBAL_KI = 0 : NULL
00936 Command = 82, Enable_Fault_Reset = 1, Save_Configuration = 1, Enable_DPLTx = 1, Enable_DPLF1 = 1, Enable_DPLF2 = 1 : NULL : WAIT = 0.5
00937 #clear multiplex
00937 Command = 0, Enable_Fault_Reset = 0, Save_Configuration = 0, Enable_DPLTx = 0, Enable_DPLF1 = 0, Enable_DPLF2 = 0 : NULL
00938 #switch input to load line
00938 J2_03 = 1 : NULL : WAIT = 0.1
00939 
00939 #TESTING - ModeIndex 11 PortIndex 2
00939 PwrSetVoltage = 50.0 : NULL : WAIT = 0.1
00940 J4_01 = 1 : NULL : WAIT = 0.1
00941 SWEEP-RUNNING DEATHSWEEP!
Connected: RIGOL TECHNOLOGIES,DP832,DP8C180100022,00.01.19
VISA resource: USB0::0x1AB1::0x0E11::DP8C180100022::INSTR
Sweeping CH2 mode=updown: 4.320000 V -> 4.430000 V -> 4.320000 V in 0.001000 V steps (221 points)
       0/220 set=4.320000 V elapsed=0.016s rate=62.50 steps/s
      50/220 set=4.370000 V elapsed=1.110s rate=45.95 steps/s eta=3.700s
     100/220 set=4.420000 V elapsed=2.203s rate=45.85 steps/s eta=2.617s
     150/220 set=4.390000 V elapsed=3.297s rate=45.80 steps/s eta=1.528s
     200/220 set=4.340000 V elapsed=4.391s rate=45.78 steps/s eta=0.437s
Sweep complete. Elapsed: 4.828s
Output turned OFF.


00941 J4_01 = 0 : NULL : WAIT = 0.1
00942 #test for lockup
00942 NULL : Input_3A = 0 | 0.1 | 0.1
00942 TEST: Input_3A 0.0 +/- 0.1
00942 PASS: Input_3A 0.0
00943 J0_09_TEST_SUPPLY = 1 : NULL : WAIT = 0.1
00944 NULL : Input_3A = 1 | 0.1 | 0.1
00944 TEST: Input_3A 1.0 +/- 0.1
00944 PASS: Input_3A 1.0
00945 J0_09_TEST_SUPPLY = 0 : NULL : WAIT = 0.1
00946 NULL : Input_3A = 0 | 0.1 | 0.1
00946 TEST: Input_3A 0.0 +/- 0.1
00946 PASS: Input_3A 0.0
00947 
00947 #Finished with port
00947 #switch out input
00947 J2_03 = 0 : NULL : WAIT = 0.1
00948 
00948 #cycle IGN to reset lockup
00948 RLY_K1 = 1 : NULL : WAIT = 2
00949 RLY_K1 = 0 : NULL : WAIT = 1
00950 #-----setup 39009-----
00950 #configure
00950 Command = 82, MODE1 = 0, MODE2 = 0, Enable_24VDC = 0, Analog_Raw_Value = 0 : NULL : WAIT = 0.5
00951 Command = 0, MODE1 = 0, MODE2 = 0, Enable_24VDC = 0, Analog_Raw_Value = 0 : NULL : WAIT = 0.5
00952 Command = 83, MODE1A = 4, MODE1B = 1, MODE2A = 1, MODE2B = 1, MODE3A = 1, MODE3B = 4, MODE4A = 1, MODE4B = 1, MODE5A = 6, MODE5B = 6, MODE6A = 1, MODE6B = 1, MODE7A = 6, MODE7B = 6 : NULL : WAIT = 0.5
00953 Command = 0, MODE1A = 0, MODE1B = 0, MODE2A = 0, MODE2B = 0, MODE3A = 0, MODE3B = 0, MODE4A = 0, MODE4B = 0, MODE5A = 0, MODE5B = 0, MODE6A = 0, MODE6B = 0, MODE7A = 0, MODE7B = 0 : NULL
00954 Command = 84, MODE8A = 1, MODE8B = 1, MODE9A = 6, MODE9B = 6, MODE10A = 1, MODE10B = 1, GLOBAL_KP = 255, GLOBAL_KI = 255 : NULL : WAIT = 0.5
00955 Command = 0, MODE8A = 0, MODE8B = 0, MODE9A = 0, MODE9B = 0, MODE10A = 0, MODE10B = 0, GLOBAL_KP = 0, GLOBAL_KI = 0 : NULL
00956 Command = 82, Enable_Fault_Reset = 1, Save_Configuration = 1, Enable_DPLTx = 1, Enable_DPLF1 = 1, Enable_DPLF2 = 1 : NULL : WAIT = 0.5
00957 #clear multiplex
00957 Command = 0, Enable_Fault_Reset = 0, Save_Configuration = 0, Enable_DPLTx = 0, Enable_DPLF1 = 0, Enable_DPLF2 = 0 : NULL
00958 #switch input to load line
00958 J2_04 = 1 : NULL : WAIT = 0.1
00959 
00959 #TESTING - ModeIndex 11 PortIndex 3
00959 PwrSetVoltage = 50.0 : NULL : WAIT = 0.1
00960 J4_01 = 1 : NULL : WAIT = 0.1
00961 SWEEP-RUNNING DEATHSWEEP!
Connected: RIGOL TECHNOLOGIES,DP832,DP8C180100022,00.01.19
VISA resource: USB0::0x1AB1::0x0E11::DP8C180100022::INSTR
Sweeping CH2 mode=updown: 4.320000 V -> 4.430000 V -> 4.320000 V in 0.001000 V steps (221 points)
       0/220 set=4.320000 V elapsed=0.015s rate=66.67 steps/s
      50/220 set=4.370000 V elapsed=1.109s rate=45.99 steps/s eta=3.697s
     100/220 set=4.420000 V elapsed=2.203s rate=45.85 steps/s eta=2.617s
     150/220 set=4.390000 V elapsed=3.265s rate=46.25 steps/s eta=1.514s
     200/220 set=4.340000 V elapsed=4.390s rate=45.79 steps/s eta=0.437s
Sweep complete. Elapsed: 4.843s
Output turned OFF.


00961 J4_01 = 0 : NULL : WAIT = 0.1
00962 #test for lockup
00962 NULL : Port_3B = 0 | 0.1 | 0.1
00962 TEST: Port_3B 0.0 +/- 0.1
00962 PASS: Port_3B 0.0
00963 J0_09_TEST_SUPPLY = 1 : NULL : WAIT = 0.1
00964 NULL : Port_3B = 5.0 | 0.1 | 0.1
00964 TEST: Port_3B 5.0 +/- 0.1
00964 PASS: Port_3B 4.973
00965 J0_09_TEST_SUPPLY = 0 : NULL : WAIT = 0.1
00966 NULL : Port_3B = 0 | 0.1 | 0.1
00966 TEST: Port_3B 0.0 +/- 0.1
00966 PASS: Port_3B 0.082
00967 
00967 #Finished with port
00967 #switch out input
00967 J2_04 = 0 : NULL : WAIT = 0.1
00968 
00968 
00968 #Finished with mode
00968 #cycle IGN to reset lockup
00968 RLY_K1 = 1 : NULL : WAIT = 2
00969 RLY_K1 = 0 : NULL : WAIT = 1
00970 #-----setup 39009-----
00970 #configure
00970 Command = 82, MODE1 = 0, MODE2 = 0, Enable_24VDC = 0, Analog_Raw_Value = 0 : NULL : WAIT = 0.5
00971 Command = 0, MODE1 = 0, MODE2 = 0, Enable_24VDC = 0, Analog_Raw_Value = 0 : NULL : WAIT = 0.5
00972 Command = 83, MODE1A = 4, MODE1B = 1, MODE2A = 1, MODE2B = 1, MODE3A = 1, MODE3B = 1, MODE4A = 1, MODE4B = 1, MODE5A = 6, MODE5B = 6, MODE6A = 1, MODE6B = 1, MODE7A = 6, MODE7B = 6 : NULL : WAIT = 0.5
00973 Command = 0, MODE1A = 0, MODE1B = 0, MODE2A = 0, MODE2B = 0, MODE3A = 0, MODE3B = 0, MODE4A = 0, MODE4B = 0, MODE5A = 0, MODE5B = 0, MODE6A = 0, MODE6B = 0, MODE7A = 0, MODE7B = 0 : NULL
00974 Command = 84, MODE8A = 1, MODE8B = 1, MODE9A = 6, MODE9B = 6, MODE10A = 1, MODE10B = 1, GLOBAL_KP = 255, GLOBAL_KI = 255 : NULL : WAIT = 0.5
00975 Command = 0, MODE8A = 0, MODE8B = 0, MODE9A = 0, MODE9B = 0, MODE10A = 0, MODE10B = 0, GLOBAL_KP = 0, GLOBAL_KI = 0 : NULL
00976 Command = 82, Enable_Fault_Reset = 1, Save_Configuration = 1, Enable_DPLTx = 1, Enable_DPLF1 = 1, Enable_DPLF2 = 1 : NULL : WAIT = 0.5
00977 #clear multiplex
00977 Command = 0, Enable_Fault_Reset = 0, Save_Configuration = 0, Enable_DPLTx = 0, Enable_DPLF1 = 0, Enable_DPLF2 = 0 : NULL
00978 #switch input to load line
00978 J2_01 = 1 : NULL : WAIT = 0.1
00979 
00979 #TESTING - ModeIndex 12 PortIndex 0
00979 PwrSetVoltage = 50.0 : NULL : WAIT = 0.1
00980 J4_01 = 1 : NULL : WAIT = 0.1
00981 SWEEP-RUNNING DEATHSWEEP!
Connected: RIGOL TECHNOLOGIES,DP832,DP8C180100022,00.01.19
VISA resource: USB0::0x1AB1::0x0E11::DP8C180100022::INSTR
Sweeping CH2 mode=updown: 4.320000 V -> 4.430000 V -> 4.320000 V in 0.001000 V steps (221 points)
       0/220 set=4.320000 V elapsed=0.047s rate=21.28 steps/s
      50/220 set=4.370000 V elapsed=1.125s rate=45.33 steps/s eta=3.750s
     100/220 set=4.420000 V elapsed=2.187s rate=46.18 steps/s eta=2.598s
     150/220 set=4.390000 V elapsed=3.281s rate=46.02 steps/s eta=1.521s
     200/220 set=4.340000 V elapsed=4.359s rate=46.11 steps/s eta=0.434s
Sweep complete. Elapsed: 4.797s
Output turned OFF.


00981 J4_01 = 0 : NULL : WAIT = 0.1
00982 #test for lockup
00982 NULL : Port_1A = 0 | 0.1 | 0.1
00982 TEST: Port_1A 0.0 +/- 0.1
00982 PASS: Port_1A 0.0
00983 J0_09_TEST_SUPPLY = 1 : NULL : WAIT = 0.1
00984 NULL : Port_1A = 5.0 | 0.1 | 0.1
00984 TEST: Port_1A 5.0 +/- 0.1
00984 PASS: Port_1A 4.968
00985 J0_09_TEST_SUPPLY = 0 : NULL : WAIT = 0.1
00986 NULL : Port_1A = 0 | 0.1 | 0.1
00986 TEST: Port_1A 0.0 +/- 0.1
00986 PASS: Port_1A 0.077
00987 
00987 #Finished with port
00987 #switch out input
00987 J2_01 = 0 : NULL : WAIT = 0.1
00988 
00988 #cycle IGN to reset lockup
00988 RLY_K1 = 1 : NULL : WAIT = 2
00989 RLY_K1 = 0 : NULL : WAIT = 1
00990 #-----setup 39009-----
00990 #configure
00990 Command = 82, MODE1 = 0, MODE2 = 0, Enable_24VDC = 0, Analog_Raw_Value = 0 : NULL : WAIT = 0.5
00991 Command = 0, MODE1 = 0, MODE2 = 0, Enable_24VDC = 0, Analog_Raw_Value = 0 : NULL : WAIT = 0.5
00992 Command = 83, MODE1A = 4, MODE1B = 1, MODE2A = 1, MODE2B = 1, MODE3A = 1, MODE3B = 1, MODE4A = 1, MODE4B = 1, MODE5A = 6, MODE5B = 6, MODE6A = 1, MODE6B = 1, MODE7A = 6, MODE7B = 6 : NULL : WAIT = 0.5
00993 Command = 0, MODE1A = 0, MODE1B = 0, MODE2A = 0, MODE2B = 0, MODE3A = 0, MODE3B = 0, MODE4A = 0, MODE4B = 0, MODE5A = 0, MODE5B = 0, MODE6A = 0, MODE6B = 0, MODE7A = 0, MODE7B = 0 : NULL
00994 Command = 84, MODE8A = 1, MODE8B = 1, MODE9A = 6, MODE9B = 6, MODE10A = 1, MODE10B = 1, GLOBAL_KP = 255, GLOBAL_KI = 255 : NULL : WAIT = 0.5
00995 Command = 0, MODE8A = 0, MODE8B = 0, MODE9A = 0, MODE9B = 0, MODE10A = 0, MODE10B = 0, GLOBAL_KP = 0, GLOBAL_KI = 0 : NULL
00996 Command = 82, Enable_Fault_Reset = 1, Save_Configuration = 1, Enable_DPLTx = 1, Enable_DPLF1 = 1, Enable_DPLF2 = 1 : NULL : WAIT = 0.5
00997 #clear multiplex
00997 Command = 0, Enable_Fault_Reset = 0, Save_Configuration = 0, Enable_DPLTx = 0, Enable_DPLF1 = 0, Enable_DPLF2 = 0 : NULL
00998 #switch input to load line
00998 J2_02 = 1 : NULL : WAIT = 0.1
00999 
00999 #TESTING - ModeIndex 12 PortIndex 1
00999 PwrSetVoltage = 50.0 : NULL : WAIT = 0.1
01000 J4_01 = 1 : NULL : WAIT = 0.1
01001 SWEEP-RUNNING DEATHSWEEP!
Connected: RIGOL TECHNOLOGIES,DP832,DP8C180100022,00.01.19
VISA resource: USB0::0x1AB1::0x0E11::DP8C180100022::INSTR
Sweeping CH2 mode=updown: 4.320000 V -> 4.430000 V -> 4.320000 V in 0.001000 V steps (221 points)
       0/220 set=4.320000 V elapsed=0.047s rate=21.28 steps/s
      50/220 set=4.370000 V elapsed=1.172s rate=43.52 steps/s eta=3.907s
     100/220 set=4.420000 V elapsed=2.297s rate=43.97 steps/s eta=2.729s
     150/220 set=4.390000 V elapsed=3.391s rate=44.53 steps/s eta=1.572s
     200/220 set=4.340000 V elapsed=4.532s rate=44.35 steps/s eta=0.451s
Sweep complete. Elapsed: 4.969s
Output turned OFF.


01001 J4_01 = 0 : NULL : WAIT = 0.1
01002 #test for lockup
01002 NULL : Input_1B = 0 | 0.1 | 0.1
01002 TEST: Input_1B 0.0 +/- 0.1
01002 PASS: Input_1B 0.0
01003 J0_09_TEST_SUPPLY = 1 : NULL : WAIT = 0.1
01004 NULL : Input_1B = 1 | 0.1 | 0.1
01004 TEST: Input_1B 1.0 +/- 0.1
01004 PASS: Input_1B 1.0
01005 J0_09_TEST_SUPPLY = 0 : NULL : WAIT = 0.1
01006 NULL : Input_1B = 0 | 0.1 | 0.1
01006 TEST: Input_1B 0.0 +/- 0.1
01006 PASS: Input_1B 0.0
01007 
01007 #Finished with port
01007 #switch out input
01007 J2_02 = 0 : NULL : WAIT = 0.1
01008 
01008 #cycle IGN to reset lockup
01008 RLY_K1 = 1 : NULL : WAIT = 2
01009 RLY_K1 = 0 : NULL : WAIT = 1
01010 #-----setup 39009-----
01010 #configure
01010 Command = 82, MODE1 = 0, MODE2 = 0, Enable_24VDC = 0, Analog_Raw_Value = 0 : NULL : WAIT = 0.5
01011 Command = 0, MODE1 = 0, MODE2 = 0, Enable_24VDC = 0, Analog_Raw_Value = 0 : NULL : WAIT = 0.5
01012 Command = 83, MODE1A = 4, MODE1B = 1, MODE2A = 1, MODE2B = 1, MODE3A = 1, MODE3B = 1, MODE4A = 1, MODE4B = 1, MODE5A = 6, MODE5B = 6, MODE6A = 1, MODE6B = 1, MODE7A = 6, MODE7B = 6 : NULL : WAIT = 0.5
01013 Command = 0, MODE1A = 0, MODE1B = 0, MODE2A = 0, MODE2B = 0, MODE3A = 0, MODE3B = 0, MODE4A = 0, MODE4B = 0, MODE5A = 0, MODE5B = 0, MODE6A = 0, MODE6B = 0, MODE7A = 0, MODE7B = 0 : NULL
01014 Command = 84, MODE8A = 1, MODE8B = 1, MODE9A = 6, MODE9B = 6, MODE10A = 1, MODE10B = 1, GLOBAL_KP = 255, GLOBAL_KI = 255 : NULL : WAIT = 0.5
01015 Command = 0, MODE8A = 0, MODE8B = 0, MODE9A = 0, MODE9B = 0, MODE10A = 0, MODE10B = 0, GLOBAL_KP = 0, GLOBAL_KI = 0 : NULL
01016 Command = 82, Enable_Fault_Reset = 1, Save_Configuration = 1, Enable_DPLTx = 1, Enable_DPLF1 = 1, Enable_DPLF2 = 1 : NULL : WAIT = 0.5
01017 #clear multiplex
01017 Command = 0, Enable_Fault_Reset = 0, Save_Configuration = 0, Enable_DPLTx = 0, Enable_DPLF1 = 0, Enable_DPLF2 = 0 : NULL
01018 #switch input to load line
01018 J2_03 = 1 : NULL : WAIT = 0.1
01019 
01019 #TESTING - ModeIndex 12 PortIndex 2
01019 PwrSetVoltage = 50.0 : NULL : WAIT = 0.1
01020 J4_01 = 1 : NULL : WAIT = 0.1
01021 SWEEP-RUNNING DEATHSWEEP!
Connected: RIGOL TECHNOLOGIES,DP832,DP8C180100022,00.01.19
VISA resource: USB0::0x1AB1::0x0E11::DP8C180100022::INSTR
Sweeping CH2 mode=updown: 4.320000 V -> 4.430000 V -> 4.320000 V in 0.001000 V steps (221 points)
       0/220 set=4.320000 V elapsed=0.031s rate=32.26 steps/s
      50/220 set=4.370000 V elapsed=1.125s rate=45.33 steps/s eta=3.750s
     100/220 set=4.420000 V elapsed=2.203s rate=45.85 steps/s eta=2.617s
     150/220 set=4.390000 V elapsed=3.297s rate=45.80 steps/s eta=1.528s
     200/220 set=4.340000 V elapsed=4.359s rate=46.11 steps/s eta=0.434s
Sweep complete. Elapsed: 4.781s
Output turned OFF.


01021 J4_01 = 0 : NULL : WAIT = 0.1
01022 #test for lockup
01022 NULL : Input_3A = 0 | 0.1 | 0.1
01022 TEST: Input_3A 0.0 +/- 0.1
01022 PASS: Input_3A 0.0
01023 J0_09_TEST_SUPPLY = 1 : NULL : WAIT = 0.1
01024 NULL : Input_3A = 1 | 0.1 | 0.1
01024 TEST: Input_3A 1.0 +/- 0.1
01024 PASS: Input_3A 1.0
01025 J0_09_TEST_SUPPLY = 0 : NULL : WAIT = 0.1
01026 NULL : Input_3A = 0 | 0.1 | 0.1
01026 TEST: Input_3A 0.0 +/- 0.1
01026 PASS: Input_3A 0.0
01027 
01027 #Finished with port
01027 #switch out input
01027 J2_03 = 0 : NULL : WAIT = 0.1
01028 
01028 #cycle IGN to reset lockup
01028 RLY_K1 = 1 : NULL : WAIT = 2
01029 RLY_K1 = 0 : NULL : WAIT = 1
01030 #-----setup 39009-----
01030 #configure
01030 Command = 82, MODE1 = 0, MODE2 = 0, Enable_24VDC = 0, Analog_Raw_Value = 0 : NULL : WAIT = 0.5
01031 Command = 0, MODE1 = 0, MODE2 = 0, Enable_24VDC = 0, Analog_Raw_Value = 0 : NULL : WAIT = 0.5
01032 Command = 83, MODE1A = 4, MODE1B = 1, MODE2A = 1, MODE2B = 1, MODE3A = 1, MODE3B = 1, MODE4A = 1, MODE4B = 1, MODE5A = 6, MODE5B = 6, MODE6A = 1, MODE6B = 1, MODE7A = 6, MODE7B = 6 : NULL : WAIT = 0.5
01033 Command = 0, MODE1A = 0, MODE1B = 0, MODE2A = 0, MODE2B = 0, MODE3A = 0, MODE3B = 0, MODE4A = 0, MODE4B = 0, MODE5A = 0, MODE5B = 0, MODE6A = 0, MODE6B = 0, MODE7A = 0, MODE7B = 0 : NULL
01034 Command = 84, MODE8A = 1, MODE8B = 1, MODE9A = 6, MODE9B = 6, MODE10A = 1, MODE10B = 1, GLOBAL_KP = 255, GLOBAL_KI = 255 : NULL : WAIT = 0.5
01035 Command = 0, MODE8A = 0, MODE8B = 0, MODE9A = 0, MODE9B = 0, MODE10A = 0, MODE10B = 0, GLOBAL_KP = 0, GLOBAL_KI = 0 : NULL
01036 Command = 82, Enable_Fault_Reset = 1, Save_Configuration = 1, Enable_DPLTx = 1, Enable_DPLF1 = 1, Enable_DPLF2 = 1 : NULL : WAIT = 0.5
01037 #clear multiplex
01037 Command = 0, Enable_Fault_Reset = 0, Save_Configuration = 0, Enable_DPLTx = 0, Enable_DPLF1 = 0, Enable_DPLF2 = 0 : NULL
01038 #switch input to load line
01038 J2_04 = 1 : NULL : WAIT = 0.1
01039 
01039 #TESTING - ModeIndex 12 PortIndex 3
01039 PwrSetVoltage = 50.0 : NULL : WAIT = 0.1
01040 J4_01 = 1 : NULL : WAIT = 0.1
01041 SWEEP-RUNNING DEATHSWEEP!
Connected: RIGOL TECHNOLOGIES,DP832,DP8C180100022,00.01.19
VISA resource: USB0::0x1AB1::0x0E11::DP8C180100022::INSTR
Sweeping CH2 mode=updown: 4.320000 V -> 4.430000 V -> 4.320000 V in 0.001000 V steps (221 points)
       0/220 set=4.320000 V elapsed=0.031s rate=32.26 steps/s
      50/220 set=4.370000 V elapsed=1.109s rate=45.99 steps/s eta=3.697s
     100/220 set=4.420000 V elapsed=2.187s rate=46.18 steps/s eta=2.598s
     150/220 set=4.390000 V elapsed=3.250s rate=46.46 steps/s eta=1.507s
     200/220 set=4.340000 V elapsed=4.328s rate=46.44 steps/s eta=0.431s
Sweep complete. Elapsed: 4.750s
Output turned OFF.


01041 J4_01 = 0 : NULL : WAIT = 0.1
01042 #test for lockup
01042 NULL : Input_3B = 0 | 0.1 | 0.1
01042 TEST: Input_3B 0.0 +/- 0.1
01042 PASS: Input_3B 0.0
01043 J0_09_TEST_SUPPLY = 1 : NULL : WAIT = 0.1
01044 NULL : Input_3B = 1 | 0.1 | 0.1
01044 TEST: Input_3B 1.0 +/- 0.1
01044 PASS: Input_3B 1.0
01045 J0_09_TEST_SUPPLY = 0 : NULL : WAIT = 0.1
01046 NULL : Input_3B = 0 | 0.1 | 0.1
01046 TEST: Input_3B 0.0 +/- 0.1
01046 PASS: Input_3B 0.0
01047 
01047 #Finished with port
01047 #switch out input
01047 J2_04 = 0 : NULL : WAIT = 0.1
01048 
01048 
01048 #Finished with mode
01048 #cycle IGN to reset lockup
01048 RLY_K1 = 1 : NULL : WAIT = 2
01049 RLY_K1 = 0 : NULL : WAIT = 1
01050 #-----setup 39009-----
01050 #configure
01050 Command = 82, MODE1 = 0, MODE2 = 0, Enable_24VDC = 0, Analog_Raw_Value = 0 : NULL : WAIT = 0.5
01051 Command = 0, MODE1 = 0, MODE2 = 0, Enable_24VDC = 0, Analog_Raw_Value = 0 : NULL : WAIT = 0.5
01052 Command = 83, MODE1A = 7, MODE1B = 7, MODE2A = 1, MODE2B = 1, MODE3A = 4, MODE3B = 4, MODE4A = 1, MODE4B = 1, MODE5A = 6, MODE5B = 6, MODE6A = 1, MODE6B = 1, MODE7A = 6, MODE7B = 6 : NULL : WAIT = 0.5
01053 Command = 0, MODE1A = 0, MODE1B = 0, MODE2A = 0, MODE2B = 0, MODE3A = 0, MODE3B = 0, MODE4A = 0, MODE4B = 0, MODE5A = 0, MODE5B = 0, MODE6A = 0, MODE6B = 0, MODE7A = 0, MODE7B = 0 : NULL
01054 Command = 84, MODE8A = 1, MODE8B = 1, MODE9A = 6, MODE9B = 6, MODE10A = 1, MODE10B = 1, GLOBAL_KP = 255, GLOBAL_KI = 255 : NULL : WAIT = 0.5
01055 Command = 0, MODE8A = 0, MODE8B = 0, MODE9A = 0, MODE9B = 0, MODE10A = 0, MODE10B = 0, GLOBAL_KP = 0, GLOBAL_KI = 0 : NULL
01056 Command = 82, Enable_Fault_Reset = 1, Save_Configuration = 1, Enable_DPLTx = 1, Enable_DPLF1 = 1, Enable_DPLF2 = 1 : NULL : WAIT = 0.5
01057 #clear multiplex
01057 Command = 0, Enable_Fault_Reset = 0, Save_Configuration = 0, Enable_DPLTx = 0, Enable_DPLF1 = 0, Enable_DPLF2 = 0 : NULL
01058 #switch input to load line
01058 J2_01 = 1 : NULL : WAIT = 0.1
01059 
01059 #TESTING - ModeIndex 13 PortIndex 0
01059 AfgFreqSet = 100 : NULL : WAIT = 0.1
01060 #test for lockup
01060 NULL : Hertz_Count_Input1A = 0 | 0.1 | 0.1
01060 TEST: Hertz_Count_Input1A 0.0 +/- 0.1
01060 PASS: Hertz_Count_Input1A 0.0
01061 J0_11_FREQ_GEN = 1 : NULL : WAIT = 0.1
01062 NULL : Hertz_Count_Input1A = 100 | 30 | 0.1
01062 TEST: Hertz_Count_Input1A 100.0 +/- 30.0
01062 PASS: Hertz_Count_Input1A 99.0
01063 J0_11_FREQ_GEN = 0 : NULL : WAIT = 0.1
01064 NULL : Hertz_Count_Input1A = 0 | 0.1 | 0.1
01064 TEST: Hertz_Count_Input1A 0.0 +/- 0.1
01064 PASS: Hertz_Count_Input1A 0.0
01065 
01065 #Finished with port
01065 #switch out input
01065 J2_01 = 0 : NULL : WAIT = 0.1
01066 
01066 #cycle IGN to reset lockup
01066 RLY_K1 = 1 : NULL : WAIT = 2
01067 RLY_K1 = 0 : NULL : WAIT = 1
01068 #-----setup 39009-----
01068 #configure
01068 Command = 82, MODE1 = 0, MODE2 = 0, Enable_24VDC = 0, Analog_Raw_Value = 0 : NULL : WAIT = 0.5
01069 Command = 0, MODE1 = 0, MODE2 = 0, Enable_24VDC = 0, Analog_Raw_Value = 0 : NULL : WAIT = 0.5
01070 Command = 83, MODE1A = 7, MODE1B = 7, MODE2A = 1, MODE2B = 1, MODE3A = 4, MODE3B = 4, MODE4A = 1, MODE4B = 1, MODE5A = 6, MODE5B = 6, MODE6A = 1, MODE6B = 1, MODE7A = 6, MODE7B = 6 : NULL : WAIT = 0.5
01071 Command = 0, MODE1A = 0, MODE1B = 0, MODE2A = 0, MODE2B = 0, MODE3A = 0, MODE3B = 0, MODE4A = 0, MODE4B = 0, MODE5A = 0, MODE5B = 0, MODE6A = 0, MODE6B = 0, MODE7A = 0, MODE7B = 0 : NULL
01072 Command = 84, MODE8A = 1, MODE8B = 1, MODE9A = 6, MODE9B = 6, MODE10A = 1, MODE10B = 1, GLOBAL_KP = 255, GLOBAL_KI = 255 : NULL : WAIT = 0.5
01073 Command = 0, MODE8A = 0, MODE8B = 0, MODE9A = 0, MODE9B = 0, MODE10A = 0, MODE10B = 0, GLOBAL_KP = 0, GLOBAL_KI = 0 : NULL
01074 Command = 82, Enable_Fault_Reset = 1, Save_Configuration = 1, Enable_DPLTx = 1, Enable_DPLF1 = 1, Enable_DPLF2 = 1 : NULL : WAIT = 0.5
01075 #clear multiplex
01075 Command = 0, Enable_Fault_Reset = 0, Save_Configuration = 0, Enable_DPLTx = 0, Enable_DPLF1 = 0, Enable_DPLF2 = 0 : NULL
01076 #switch input to load line
01076 J2_02 = 1 : NULL : WAIT = 0.1
01077 
01077 #TESTING - ModeIndex 13 PortIndex 1
01077 AfgFreqSet = 100 : NULL : WAIT = 0.1
01078 #test for lockup
01078 NULL : Hertz_Count_Input1B = 0 | 0.1 | 0.1
01078 TEST: Hertz_Count_Input1B 0.0 +/- 0.1
01078 PASS: Hertz_Count_Input1B 0.0
01079 J0_11_FREQ_GEN = 1 : NULL : WAIT = 0.1
01080 NULL : Hertz_Count_Input1B = 100 | 30 | 0.1
01080 TEST: Hertz_Count_Input1B 100.0 +/- 30.0
01080 PASS: Hertz_Count_Input1B 99.0
01081 J0_11_FREQ_GEN = 0 : NULL : WAIT = 0.1
01082 NULL : Hertz_Count_Input1B = 0 | 0.1 | 0.1
01082 TEST: Hertz_Count_Input1B 0.0 +/- 0.1
01082 PASS: Hertz_Count_Input1B 0.0
01083 
01083 #Finished with port
01083 #switch out input
01083 J2_02 = 0 : NULL : WAIT = 0.1
01084 
01084 #cycle IGN to reset lockup
01084 RLY_K1 = 1 : NULL : WAIT = 2
01085 RLY_K1 = 0 : NULL : WAIT = 1
01086 #-----setup 39009-----
01086 #configure
01086 Command = 82, MODE1 = 0, MODE2 = 0, Enable_24VDC = 0, Analog_Raw_Value = 0 : NULL : WAIT = 0.5
01087 Command = 0, MODE1 = 0, MODE2 = 0, Enable_24VDC = 0, Analog_Raw_Value = 0 : NULL : WAIT = 0.5
01088 Command = 83, MODE1A = 7, MODE1B = 7, MODE2A = 1, MODE2B = 1, MODE3A = 4, MODE3B = 4, MODE4A = 1, MODE4B = 1, MODE5A = 6, MODE5B = 6, MODE6A = 1, MODE6B = 1, MODE7A = 6, MODE7B = 6 : NULL : WAIT = 0.5
01089 Command = 0, MODE1A = 0, MODE1B = 0, MODE2A = 0, MODE2B = 0, MODE3A = 0, MODE3B = 0, MODE4A = 0, MODE4B = 0, MODE5A = 0, MODE5B = 0, MODE6A = 0, MODE6B = 0, MODE7A = 0, MODE7B = 0 : NULL
01090 Command = 84, MODE8A = 1, MODE8B = 1, MODE9A = 6, MODE9B = 6, MODE10A = 1, MODE10B = 1, GLOBAL_KP = 255, GLOBAL_KI = 255 : NULL : WAIT = 0.5
01091 Command = 0, MODE8A = 0, MODE8B = 0, MODE9A = 0, MODE9B = 0, MODE10A = 0, MODE10B = 0, GLOBAL_KP = 0, GLOBAL_KI = 0 : NULL
01092 Command = 82, Enable_Fault_Reset = 1, Save_Configuration = 1, Enable_DPLTx = 1, Enable_DPLF1 = 1, Enable_DPLF2 = 1 : NULL : WAIT = 0.5
01093 #clear multiplex
01093 Command = 0, Enable_Fault_Reset = 0, Save_Configuration = 0, Enable_DPLTx = 0, Enable_DPLF1 = 0, Enable_DPLF2 = 0 : NULL
01094 #switch input to load line
01094 J2_03 = 1 : NULL : WAIT = 0.1
01095 
01095 #TESTING - ModeIndex 13 PortIndex 2
01095 PwrSetVoltage = 50.0 : NULL : WAIT = 0.1
01096 J4_01 = 1 : NULL : WAIT = 0.1
01097 SWEEP-RUNNING DEATHSWEEP!
Connected: RIGOL TECHNOLOGIES,DP832,DP8C180100022,00.01.19
VISA resource: USB0::0x1AB1::0x0E11::DP8C180100022::INSTR
Sweeping CH2 mode=updown: 4.320000 V -> 4.430000 V -> 4.320000 V in 0.001000 V steps (221 points)
       0/220 set=4.320000 V elapsed=0.047s rate=21.28 steps/s
      50/220 set=4.370000 V elapsed=1.125s rate=45.33 steps/s eta=3.750s
     100/220 set=4.420000 V elapsed=2.219s rate=45.52 steps/s eta=2.636s
     150/220 set=4.390000 V elapsed=3.265s rate=46.25 steps/s eta=1.514s
     200/220 set=4.340000 V elapsed=4.328s rate=46.44 steps/s eta=0.431s
Sweep complete. Elapsed: 4.734s
Output turned OFF.


01097 J4_01 = 0 : NULL : WAIT = 0.1
01098 #test for lockup
01098 NULL : Port_3A = 0 | 0.1 | 0.1
01098 TEST: Port_3A 0.0 +/- 0.1
01098 PASS: Port_3A 0.033
01099 J0_09_TEST_SUPPLY = 1 : NULL : WAIT = 0.1
01100 NULL : Port_3A = 5.0 | 0.1 | 0.1
01100 TEST: Port_3A 5.0 +/- 0.1
01100 PASS: Port_3A 4.971
01101 J0_09_TEST_SUPPLY = 0 : NULL : WAIT = 0.1
01102 NULL : Port_3A = 0 | 0.1 | 0.1
01102 TEST: Port_3A 0.0 +/- 0.1
01102 PASS: Port_3A 0.077
01103 
01103 #Finished with port
01103 #switch out input
01103 J2_03 = 0 : NULL : WAIT = 0.1
01104 
01104 #cycle IGN to reset lockup
01104 RLY_K1 = 1 : NULL : WAIT = 2
01105 RLY_K1 = 0 : NULL : WAIT = 1
01106 #-----setup 39009-----
01106 #configure
01106 Command = 82, MODE1 = 0, MODE2 = 0, Enable_24VDC = 0, Analog_Raw_Value = 0 : NULL : WAIT = 0.5
01107 Command = 0, MODE1 = 0, MODE2 = 0, Enable_24VDC = 0, Analog_Raw_Value = 0 : NULL : WAIT = 0.5
01108 Command = 83, MODE1A = 7, MODE1B = 7, MODE2A = 1, MODE2B = 1, MODE3A = 4, MODE3B = 4, MODE4A = 1, MODE4B = 1, MODE5A = 6, MODE5B = 6, MODE6A = 1, MODE6B = 1, MODE7A = 6, MODE7B = 6 : NULL : WAIT = 0.5
01109 Command = 0, MODE1A = 0, MODE1B = 0, MODE2A = 0, MODE2B = 0, MODE3A = 0, MODE3B = 0, MODE4A = 0, MODE4B = 0, MODE5A = 0, MODE5B = 0, MODE6A = 0, MODE6B = 0, MODE7A = 0, MODE7B = 0 : NULL
01110 Command = 84, MODE8A = 1, MODE8B = 1, MODE9A = 6, MODE9B = 6, MODE10A = 1, MODE10B = 1, GLOBAL_KP = 255, GLOBAL_KI = 255 : NULL : WAIT = 0.5
01111 Command = 0, MODE8A = 0, MODE8B = 0, MODE9A = 0, MODE9B = 0, MODE10A = 0, MODE10B = 0, GLOBAL_KP = 0, GLOBAL_KI = 0 : NULL
01112 Command = 82, Enable_Fault_Reset = 1, Save_Configuration = 1, Enable_DPLTx = 1, Enable_DPLF1 = 1, Enable_DPLF2 = 1 : NULL : WAIT = 0.5
01113 #clear multiplex
01113 Command = 0, Enable_Fault_Reset = 0, Save_Configuration = 0, Enable_DPLTx = 0, Enable_DPLF1 = 0, Enable_DPLF2 = 0 : NULL
01114 #switch input to load line
01114 J2_04 = 1 : NULL : WAIT = 0.1
01115 
01115 #TESTING - ModeIndex 13 PortIndex 3
01115 PwrSetVoltage = 50.0 : NULL : WAIT = 0.1
01116 J4_01 = 1 : NULL : WAIT = 0.1
01117 SWEEP-RUNNING DEATHSWEEP!
Connected: RIGOL TECHNOLOGIES,DP832,DP8C180100022,00.01.19
VISA resource: USB0::0x1AB1::0x0E11::DP8C180100022::INSTR
Sweeping CH2 mode=updown: 4.320000 V -> 4.430000 V -> 4.320000 V in 0.001000 V steps (221 points)
       0/220 set=4.320000 V elapsed=0.032s rate=31.25 steps/s
      50/220 set=4.370000 V elapsed=1.110s rate=45.95 steps/s eta=3.700s
     100/220 set=4.420000 V elapsed=2.157s rate=46.82 steps/s eta=2.563s
     150/220 set=4.390000 V elapsed=3.250s rate=46.46 steps/s eta=1.507s
     200/220 set=4.340000 V elapsed=4.313s rate=46.60 steps/s eta=0.429s
Sweep complete. Elapsed: 4.750s
Output turned OFF.


01117 J4_01 = 0 : NULL : WAIT = 0.1
01118 #test for lockup
01118 NULL : Port_3B = 0 | 0.1 | 0.1
01118 TEST: Port_3B 0.0 +/- 0.1
01118 PASS: Port_3B 0.0
01119 J0_09_TEST_SUPPLY = 1 : NULL : WAIT = 0.1
01120 NULL : Port_3B = 5.0 | 0.1 | 0.1
01120 TEST: Port_3B 5.0 +/- 0.1
01120 PASS: Port_3B 4.975
01121 J0_09_TEST_SUPPLY = 0 : NULL : WAIT = 0.1
01122 NULL : Port_3B = 0 | 0.1 | 0.1
01122 TEST: Port_3B 0.0 +/- 0.1
01122 PASS: Port_3B 0.086
01123 
01123 #Finished with port
01123 #switch out input
01123 J2_04 = 0 : NULL : WAIT = 0.1
01124 
01124 
01124 #Finished with mode
01124 #cycle IGN to reset lockup
01124 RLY_K1 = 1 : NULL : WAIT = 2
01125 RLY_K1 = 0 : NULL : WAIT = 1
01126 #-----setup 39009-----
01126 #configure
01126 Command = 82, MODE1 = 0, MODE2 = 0, Enable_24VDC = 0, Analog_Raw_Value = 0 : NULL : WAIT = 0.5
01127 Command = 0, MODE1 = 0, MODE2 = 0, Enable_24VDC = 0, Analog_Raw_Value = 0 : NULL : WAIT = 0.5
01128 Command = 83, MODE1A = 7, MODE1B = 7, MODE2A = 1, MODE2B = 1, MODE3A = 4, MODE3B = 1, MODE4A = 1, MODE4B = 1, MODE5A = 6, MODE5B = 6, MODE6A = 1, MODE6B = 1, MODE7A = 6, MODE7B = 6 : NULL : WAIT = 0.5
01129 Command = 0, MODE1A = 0, MODE1B = 0, MODE2A = 0, MODE2B = 0, MODE3A = 0, MODE3B = 0, MODE4A = 0, MODE4B = 0, MODE5A = 0, MODE5B = 0, MODE6A = 0, MODE6B = 0, MODE7A = 0, MODE7B = 0 : NULL
01130 Command = 84, MODE8A = 1, MODE8B = 1, MODE9A = 6, MODE9B = 6, MODE10A = 1, MODE10B = 1, GLOBAL_KP = 255, GLOBAL_KI = 255 : NULL : WAIT = 0.5
01131 Command = 0, MODE8A = 0, MODE8B = 0, MODE9A = 0, MODE9B = 0, MODE10A = 0, MODE10B = 0, GLOBAL_KP = 0, GLOBAL_KI = 0 : NULL
01132 Command = 82, Enable_Fault_Reset = 1, Save_Configuration = 1, Enable_DPLTx = 1, Enable_DPLF1 = 1, Enable_DPLF2 = 1 : NULL : WAIT = 0.5
01133 #clear multiplex
01133 Command = 0, Enable_Fault_Reset = 0, Save_Configuration = 0, Enable_DPLTx = 0, Enable_DPLF1 = 0, Enable_DPLF2 = 0 : NULL
01134 #switch input to load line
01134 J2_01 = 1 : NULL : WAIT = 0.1
01135 
01135 #TESTING - ModeIndex 14 PortIndex 0
01135 AfgFreqSet = 100 : NULL : WAIT = 0.1
01136 #test for lockup
01136 NULL : Hertz_Count_Input1A = 0 | 0.1 | 0.1
01136 TEST: Hertz_Count_Input1A 0.0 +/- 0.1
01136 PASS: Hertz_Count_Input1A 0.0
01137 J0_11_FREQ_GEN = 1 : NULL : WAIT = 0.1
01138 NULL : Hertz_Count_Input1A = 100 | 30 | 0.1
01138 TEST: Hertz_Count_Input1A 100.0 +/- 30.0
01138 PASS: Hertz_Count_Input1A 99.0
01139 J0_11_FREQ_GEN = 0 : NULL : WAIT = 0.1
01140 NULL : Hertz_Count_Input1A = 0 | 0.1 | 0.1
01140 TEST: Hertz_Count_Input1A 0.0 +/- 0.1
01140 PASS: Hertz_Count_Input1A 0.0
01141 
01141 #Finished with port
01141 #switch out input
01141 J2_01 = 0 : NULL : WAIT = 0.1
01142 
01142 #cycle IGN to reset lockup
01142 RLY_K1 = 1 : NULL : WAIT = 2
01143 RLY_K1 = 0 : NULL : WAIT = 1
01144 #-----setup 39009-----
01144 #configure
01144 Command = 82, MODE1 = 0, MODE2 = 0, Enable_24VDC = 0, Analog_Raw_Value = 0 : NULL : WAIT = 0.5
01145 Command = 0, MODE1 = 0, MODE2 = 0, Enable_24VDC = 0, Analog_Raw_Value = 0 : NULL : WAIT = 0.5
01146 Command = 83, MODE1A = 7, MODE1B = 7, MODE2A = 1, MODE2B = 1, MODE3A = 4, MODE3B = 1, MODE4A = 1, MODE4B = 1, MODE5A = 6, MODE5B = 6, MODE6A = 1, MODE6B = 1, MODE7A = 6, MODE7B = 6 : NULL : WAIT = 0.5
01147 Command = 0, MODE1A = 0, MODE1B = 0, MODE2A = 0, MODE2B = 0, MODE3A = 0, MODE3B = 0, MODE4A = 0, MODE4B = 0, MODE5A = 0, MODE5B = 0, MODE6A = 0, MODE6B = 0, MODE7A = 0, MODE7B = 0 : NULL
01148 Command = 84, MODE8A = 1, MODE8B = 1, MODE9A = 6, MODE9B = 6, MODE10A = 1, MODE10B = 1, GLOBAL_KP = 255, GLOBAL_KI = 255 : NULL : WAIT = 0.5
01149 Command = 0, MODE8A = 0, MODE8B = 0, MODE9A = 0, MODE9B = 0, MODE10A = 0, MODE10B = 0, GLOBAL_KP = 0, GLOBAL_KI = 0 : NULL
01150 Command = 82, Enable_Fault_Reset = 1, Save_Configuration = 1, Enable_DPLTx = 1, Enable_DPLF1 = 1, Enable_DPLF2 = 1 : NULL : WAIT = 0.5
01151 #clear multiplex
01151 Command = 0, Enable_Fault_Reset = 0, Save_Configuration = 0, Enable_DPLTx = 0, Enable_DPLF1 = 0, Enable_DPLF2 = 0 : NULL
01152 #switch input to load line
01152 J2_02 = 1 : NULL : WAIT = 0.1
01153 
01153 #TESTING - ModeIndex 14 PortIndex 1
01153 AfgFreqSet = 100 : NULL : WAIT = 0.1
01154 #test for lockup
01154 NULL : Hertz_Count_Input1B = 0 | 0.1 | 0.1
01154 TEST: Hertz_Count_Input1B 0.0 +/- 0.1
01154 PASS: Hertz_Count_Input1B 0.0
01155 J0_11_FREQ_GEN = 1 : NULL : WAIT = 0.1
01156 NULL : Hertz_Count_Input1B = 100 | 30 | 0.1
01156 TEST: Hertz_Count_Input1B 100.0 +/- 30.0
01156 PASS: Hertz_Count_Input1B 99.0
01157 J0_11_FREQ_GEN = 0 : NULL : WAIT = 0.1
01158 NULL : Hertz_Count_Input1B = 0 | 0.1 | 0.1
01158 TEST: Hertz_Count_Input1B 0.0 +/- 0.1
01158 PASS: Hertz_Count_Input1B 0.0
01159 
01159 #Finished with port
01159 #switch out input
01159 J2_02 = 0 : NULL : WAIT = 0.1
01160 
01160 #cycle IGN to reset lockup
01160 RLY_K1 = 1 : NULL : WAIT = 2
01161 RLY_K1 = 0 : NULL : WAIT = 1
01162 #-----setup 39009-----
01162 #configure
01162 Command = 82, MODE1 = 0, MODE2 = 0, Enable_24VDC = 0, Analog_Raw_Value = 0 : NULL : WAIT = 0.5
01163 Command = 0, MODE1 = 0, MODE2 = 0, Enable_24VDC = 0, Analog_Raw_Value = 0 : NULL : WAIT = 0.5
01164 Command = 83, MODE1A = 7, MODE1B = 7, MODE2A = 1, MODE2B = 1, MODE3A = 4, MODE3B = 1, MODE4A = 1, MODE4B = 1, MODE5A = 6, MODE5B = 6, MODE6A = 1, MODE6B = 1, MODE7A = 6, MODE7B = 6 : NULL : WAIT = 0.5
01165 Command = 0, MODE1A = 0, MODE1B = 0, MODE2A = 0, MODE2B = 0, MODE3A = 0, MODE3B = 0, MODE4A = 0, MODE4B = 0, MODE5A = 0, MODE5B = 0, MODE6A = 0, MODE6B = 0, MODE7A = 0, MODE7B = 0 : NULL
01166 Command = 84, MODE8A = 1, MODE8B = 1, MODE9A = 6, MODE9B = 6, MODE10A = 1, MODE10B = 1, GLOBAL_KP = 255, GLOBAL_KI = 255 : NULL : WAIT = 0.5
01167 Command = 0, MODE8A = 0, MODE8B = 0, MODE9A = 0, MODE9B = 0, MODE10A = 0, MODE10B = 0, GLOBAL_KP = 0, GLOBAL_KI = 0 : NULL
01168 Command = 82, Enable_Fault_Reset = 1, Save_Configuration = 1, Enable_DPLTx = 1, Enable_DPLF1 = 1, Enable_DPLF2 = 1 : NULL : WAIT = 0.5
01169 #clear multiplex
01169 Command = 0, Enable_Fault_Reset = 0, Save_Configuration = 0, Enable_DPLTx = 0, Enable_DPLF1 = 0, Enable_DPLF2 = 0 : NULL
01170 #switch input to load line
01170 J2_03 = 1 : NULL : WAIT = 0.1
01171 
01171 #TESTING - ModeIndex 14 PortIndex 2
01171 PwrSetVoltage = 50.0 : NULL : WAIT = 0.1
01172 J4_01 = 1 : NULL : WAIT = 0.1
01173 SWEEP-RUNNING DEATHSWEEP!
Connected: RIGOL TECHNOLOGIES,DP832,DP8C180100022,00.01.19
VISA resource: USB0::0x1AB1::0x0E11::DP8C180100022::INSTR
Sweeping CH2 mode=updown: 4.320000 V -> 4.430000 V -> 4.320000 V in 0.001000 V steps (221 points)
       0/220 set=4.320000 V elapsed=0.032s rate=31.25 steps/s
      50/220 set=4.370000 V elapsed=1.125s rate=45.33 steps/s eta=3.750s
     100/220 set=4.420000 V elapsed=2.219s rate=45.52 steps/s eta=2.636s
     150/220 set=4.390000 V elapsed=3.297s rate=45.80 steps/s eta=1.528s
     200/220 set=4.340000 V elapsed=4.407s rate=45.61 steps/s eta=0.439s
Sweep complete. Elapsed: 4.828s
Output turned OFF.


01173 J4_01 = 0 : NULL : WAIT = 0.1
01174 #test for lockup
01174 NULL : Port_3A = 0 | 0.1 | 0.1
01174 TEST: Port_3A 0.0 +/- 0.1
01174 PASS: Port_3A 0.0
01175 J0_09_TEST_SUPPLY = 1 : NULL : WAIT = 0.1
01176 NULL : Port_3A = 5.0 | 0.1 | 0.1
01176 TEST: Port_3A 5.0 +/- 0.1
01176 PASS: Port_3A 4.973
01177 J0_09_TEST_SUPPLY = 0 : NULL : WAIT = 0.1
01178 NULL : Port_3A = 0 | 0.1 | 0.1
01178 TEST: Port_3A 0.0 +/- 0.1
01178 PASS: Port_3A 0.077
01179 
01179 #Finished with port
01179 #switch out input
01179 J2_03 = 0 : NULL : WAIT = 0.1
01180 
01180 #cycle IGN to reset lockup
01180 RLY_K1 = 1 : NULL : WAIT = 2
01181 RLY_K1 = 0 : NULL : WAIT = 1
01182 #-----setup 39009-----
01182 #configure
01182 Command = 82, MODE1 = 0, MODE2 = 0, Enable_24VDC = 0, Analog_Raw_Value = 0 : NULL : WAIT = 0.5
01183 Command = 0, MODE1 = 0, MODE2 = 0, Enable_24VDC = 0, Analog_Raw_Value = 0 : NULL : WAIT = 0.5
01184 Command = 83, MODE1A = 7, MODE1B = 7, MODE2A = 1, MODE2B = 1, MODE3A = 4, MODE3B = 1, MODE4A = 1, MODE4B = 1, MODE5A = 6, MODE5B = 6, MODE6A = 1, MODE6B = 1, MODE7A = 6, MODE7B = 6 : NULL : WAIT = 0.5
01185 Command = 0, MODE1A = 0, MODE1B = 0, MODE2A = 0, MODE2B = 0, MODE3A = 0, MODE3B = 0, MODE4A = 0, MODE4B = 0, MODE5A = 0, MODE5B = 0, MODE6A = 0, MODE6B = 0, MODE7A = 0, MODE7B = 0 : NULL
01186 Command = 84, MODE8A = 1, MODE8B = 1, MODE9A = 6, MODE9B = 6, MODE10A = 1, MODE10B = 1, GLOBAL_KP = 255, GLOBAL_KI = 255 : NULL : WAIT = 0.5
01187 Command = 0, MODE8A = 0, MODE8B = 0, MODE9A = 0, MODE9B = 0, MODE10A = 0, MODE10B = 0, GLOBAL_KP = 0, GLOBAL_KI = 0 : NULL
01188 Command = 82, Enable_Fault_Reset = 1, Save_Configuration = 1, Enable_DPLTx = 1, Enable_DPLF1 = 1, Enable_DPLF2 = 1 : NULL : WAIT = 0.5
01189 #clear multiplex
01189 Command = 0, Enable_Fault_Reset = 0, Save_Configuration = 0, Enable_DPLTx = 0, Enable_DPLF1 = 0, Enable_DPLF2 = 0 : NULL
01190 #switch input to load line
01190 J2_04 = 1 : NULL : WAIT = 0.1
01191 
01191 #TESTING - ModeIndex 14 PortIndex 3
01191 PwrSetVoltage = 50.0 : NULL : WAIT = 0.1
01192 J4_01 = 1 : NULL : WAIT = 0.1
01193 SWEEP-RUNNING DEATHSWEEP!
Connected: RIGOL TECHNOLOGIES,DP832,DP8C180100022,00.01.19
VISA resource: USB0::0x1AB1::0x0E11::DP8C180100022::INSTR
Sweeping CH2 mode=updown: 4.320000 V -> 4.430000 V -> 4.320000 V in 0.001000 V steps (221 points)
       0/220 set=4.320000 V elapsed=0.047s rate=21.28 steps/s
      50/220 set=4.370000 V elapsed=1.141s rate=44.70 steps/s eta=3.803s
     100/220 set=4.420000 V elapsed=2.234s rate=45.21 steps/s eta=2.654s
     150/220 set=4.390000 V elapsed=3.344s rate=45.16 steps/s eta=1.550s
     200/220 set=4.340000 V elapsed=4.406s rate=45.62 steps/s eta=0.438s
Sweep complete. Elapsed: 4.828s
Output turned OFF.


01193 J4_01 = 0 : NULL : WAIT = 0.1
01194 #test for lockup
01194 NULL : Input_3B = 0 | 0.1 | 0.1
01194 TEST: Input_3B 0.0 +/- 0.1
01194 PASS: Input_3B 0.0
01195 J0_09_TEST_SUPPLY = 1 : NULL : WAIT = 0.1
01196 NULL : Input_3B = 1 | 0.1 | 0.1
01196 TEST: Input_3B 1.0 +/- 0.1
01196 PASS: Input_3B 1.0
01197 J0_09_TEST_SUPPLY = 0 : NULL : WAIT = 0.1
01198 NULL : Input_3B = 0 | 0.1 | 0.1
01198 TEST: Input_3B 0.0 +/- 0.1
01198 PASS: Input_3B 0.0
01199 
01199 #Finished with port
01199 #switch out input
01199 J2_04 = 0 : NULL : WAIT = 0.1
01200 
01200 
01200 #Finished with mode
01200 #cycle IGN to reset lockup
01200 RLY_K1 = 1 : NULL : WAIT = 2
01201 RLY_K1 = 0 : NULL : WAIT = 1
01202 #-----setup 39009-----
01202 #configure
01202 Command = 82, MODE1 = 0, MODE2 = 0, Enable_24VDC = 0, Analog_Raw_Value = 0 : NULL : WAIT = 0.5
01203 Command = 0, MODE1 = 0, MODE2 = 0, Enable_24VDC = 0, Analog_Raw_Value = 0 : NULL : WAIT = 0.5
01204 Command = 83, MODE1A = 7, MODE1B = 7, MODE2A = 1, MODE2B = 1, MODE3A = 1, MODE3B = 4, MODE4A = 1, MODE4B = 1, MODE5A = 6, MODE5B = 6, MODE6A = 1, MODE6B = 1, MODE7A = 6, MODE7B = 6 : NULL : WAIT = 0.5
01205 Command = 0, MODE1A = 0, MODE1B = 0, MODE2A = 0, MODE2B = 0, MODE3A = 0, MODE3B = 0, MODE4A = 0, MODE4B = 0, MODE5A = 0, MODE5B = 0, MODE6A = 0, MODE6B = 0, MODE7A = 0, MODE7B = 0 : NULL
01206 Command = 84, MODE8A = 1, MODE8B = 1, MODE9A = 6, MODE9B = 6, MODE10A = 1, MODE10B = 1, GLOBAL_KP = 255, GLOBAL_KI = 255 : NULL : WAIT = 0.5
01207 Command = 0, MODE8A = 0, MODE8B = 0, MODE9A = 0, MODE9B = 0, MODE10A = 0, MODE10B = 0, GLOBAL_KP = 0, GLOBAL_KI = 0 : NULL
01208 Command = 82, Enable_Fault_Reset = 1, Save_Configuration = 1, Enable_DPLTx = 1, Enable_DPLF1 = 1, Enable_DPLF2 = 1 : NULL : WAIT = 0.5
01209 #clear multiplex
01209 Command = 0, Enable_Fault_Reset = 0, Save_Configuration = 0, Enable_DPLTx = 0, Enable_DPLF1 = 0, Enable_DPLF2 = 0 : NULL
01210 #switch input to load line
01210 J2_01 = 1 : NULL : WAIT = 0.1
01211 
01211 #TESTING - ModeIndex 15 PortIndex 0
01211 AfgFreqSet = 100 : NULL : WAIT = 0.1
01212 #test for lockup
01212 NULL : Hertz_Count_Input1A = 0 | 0.1 | 0.1
01212 TEST: Hertz_Count_Input1A 0.0 +/- 0.1
01212 PASS: Hertz_Count_Input1A 0.0
01213 J0_11_FREQ_GEN = 1 : NULL : WAIT = 0.1
01214 NULL : Hertz_Count_Input1A = 100 | 30 | 0.1
01214 TEST: Hertz_Count_Input1A 100.0 +/- 30.0
01214 PASS: Hertz_Count_Input1A 99.0
01215 J0_11_FREQ_GEN = 0 : NULL : WAIT = 0.1
01216 NULL : Hertz_Count_Input1A = 0 | 0.1 | 0.1
01216 TEST: Hertz_Count_Input1A 0.0 +/- 0.1
01216 PASS: Hertz_Count_Input1A 0.0
01217 
01217 #Finished with port
01217 #switch out input
01217 J2_01 = 0 : NULL : WAIT = 0.1
01218 
01218 #cycle IGN to reset lockup
01218 RLY_K1 = 1 : NULL : WAIT = 2
01219 RLY_K1 = 0 : NULL : WAIT = 1
01220 #-----setup 39009-----
01220 #configure
01220 Command = 82, MODE1 = 0, MODE2 = 0, Enable_24VDC = 0, Analog_Raw_Value = 0 : NULL : WAIT = 0.5
01221 Command = 0, MODE1 = 0, MODE2 = 0, Enable_24VDC = 0, Analog_Raw_Value = 0 : NULL : WAIT = 0.5
01222 Command = 83, MODE1A = 7, MODE1B = 7, MODE2A = 1, MODE2B = 1, MODE3A = 1, MODE3B = 4, MODE4A = 1, MODE4B = 1, MODE5A = 6, MODE5B = 6, MODE6A = 1, MODE6B = 1, MODE7A = 6, MODE7B = 6 : NULL : WAIT = 0.5
01223 Command = 0, MODE1A = 0, MODE1B = 0, MODE2A = 0, MODE2B = 0, MODE3A = 0, MODE3B = 0, MODE4A = 0, MODE4B = 0, MODE5A = 0, MODE5B = 0, MODE6A = 0, MODE6B = 0, MODE7A = 0, MODE7B = 0 : NULL
01224 Command = 84, MODE8A = 1, MODE8B = 1, MODE9A = 6, MODE9B = 6, MODE10A = 1, MODE10B = 1, GLOBAL_KP = 255, GLOBAL_KI = 255 : NULL : WAIT = 0.5
01225 Command = 0, MODE8A = 0, MODE8B = 0, MODE9A = 0, MODE9B = 0, MODE10A = 0, MODE10B = 0, GLOBAL_KP = 0, GLOBAL_KI = 0 : NULL
01226 Command = 82, Enable_Fault_Reset = 1, Save_Configuration = 1, Enable_DPLTx = 1, Enable_DPLF1 = 1, Enable_DPLF2 = 1 : NULL : WAIT = 0.5
01227 #clear multiplex
01227 Command = 0, Enable_Fault_Reset = 0, Save_Configuration = 0, Enable_DPLTx = 0, Enable_DPLF1 = 0, Enable_DPLF2 = 0 : NULL
01228 #switch input to load line
01228 J2_02 = 1 : NULL : WAIT = 0.1
01229 
01229 #TESTING - ModeIndex 15 PortIndex 1
01229 AfgFreqSet = 100 : NULL : WAIT = 0.1
01230 #test for lockup
01230 NULL : Hertz_Count_Input1B = 0 | 0.1 | 0.1
01230 TEST: Hertz_Count_Input1B 0.0 +/- 0.1
01230 PASS: Hertz_Count_Input1B 0.0
01231 J0_11_FREQ_GEN = 1 : NULL : WAIT = 0.1
01232 NULL : Hertz_Count_Input1B = 100 | 30 | 0.1
01232 TEST: Hertz_Count_Input1B 100.0 +/- 30.0
01232 PASS: Hertz_Count_Input1B 99.0
01233 J0_11_FREQ_GEN = 0 : NULL : WAIT = 0.1
01234 NULL : Hertz_Count_Input1B = 0 | 0.1 | 0.1
01234 TEST: Hertz_Count_Input1B 0.0 +/- 0.1
01234 PASS: Hertz_Count_Input1B 0.0
01235 
01235 #Finished with port
01235 #switch out input
01235 J2_02 = 0 : NULL : WAIT = 0.1
01236 
01236 #cycle IGN to reset lockup
01236 RLY_K1 = 1 : NULL : WAIT = 2
01237 RLY_K1 = 0 : NULL : WAIT = 1
01238 #-----setup 39009-----
01238 #configure
01238 Command = 82, MODE1 = 0, MODE2 = 0, Enable_24VDC = 0, Analog_Raw_Value = 0 : NULL : WAIT = 0.5
01239 Command = 0, MODE1 = 0, MODE2 = 0, Enable_24VDC = 0, Analog_Raw_Value = 0 : NULL : WAIT = 0.5
01240 Command = 83, MODE1A = 7, MODE1B = 7, MODE2A = 1, MODE2B = 1, MODE3A = 1, MODE3B = 4, MODE4A = 1, MODE4B = 1, MODE5A = 6, MODE5B = 6, MODE6A = 1, MODE6B = 1, MODE7A = 6, MODE7B = 6 : NULL : WAIT = 0.5
01241 Command = 0, MODE1A = 0, MODE1B = 0, MODE2A = 0, MODE2B = 0, MODE3A = 0, MODE3B = 0, MODE4A = 0, MODE4B = 0, MODE5A = 0, MODE5B = 0, MODE6A = 0, MODE6B = 0, MODE7A = 0, MODE7B = 0 : NULL
01242 Command = 84, MODE8A = 1, MODE8B = 1, MODE9A = 6, MODE9B = 6, MODE10A = 1, MODE10B = 1, GLOBAL_KP = 255, GLOBAL_KI = 255 : NULL : WAIT = 0.5
01243 Command = 0, MODE8A = 0, MODE8B = 0, MODE9A = 0, MODE9B = 0, MODE10A = 0, MODE10B = 0, GLOBAL_KP = 0, GLOBAL_KI = 0 : NULL
01244 Command = 82, Enable_Fault_Reset = 1, Save_Configuration = 1, Enable_DPLTx = 1, Enable_DPLF1 = 1, Enable_DPLF2 = 1 : NULL : WAIT = 0.5
01245 #clear multiplex
01245 Command = 0, Enable_Fault_Reset = 0, Save_Configuration = 0, Enable_DPLTx = 0, Enable_DPLF1 = 0, Enable_DPLF2 = 0 : NULL
01246 #switch input to load line
01246 J2_03 = 1 : NULL : WAIT = 0.1
01247 
01247 #TESTING - ModeIndex 15 PortIndex 2
01247 PwrSetVoltage = 50.0 : NULL : WAIT = 0.1
01248 J4_01 = 1 : NULL : WAIT = 0.1
01249 SWEEP-RUNNING DEATHSWEEP!
Connected: RIGOL TECHNOLOGIES,DP832,DP8C180100022,00.01.19
VISA resource: USB0::0x1AB1::0x0E11::DP8C180100022::INSTR
Sweeping CH2 mode=updown: 4.320000 V -> 4.430000 V -> 4.320000 V in 0.001000 V steps (221 points)
       0/220 set=4.320000 V elapsed=0.016s rate=62.50 steps/s
      50/220 set=4.370000 V elapsed=1.172s rate=43.52 steps/s eta=3.907s
     100/220 set=4.420000 V elapsed=2.250s rate=44.89 steps/s eta=2.673s
     150/220 set=4.390000 V elapsed=3.313s rate=45.58 steps/s eta=1.536s
     200/220 set=4.340000 V elapsed=4.454s rate=45.13 steps/s eta=0.443s
Sweep complete. Elapsed: 4.891s
Output turned OFF.


01249 J4_01 = 0 : NULL : WAIT = 0.1
01250 #test for lockup
01250 NULL : Input_3A = 0 | 0.1 | 0.1
01250 TEST: Input_3A 0.0 +/- 0.1
01250 PASS: Input_3A 0.0
01251 J0_09_TEST_SUPPLY = 1 : NULL : WAIT = 0.1
01252 NULL : Input_3A = 1 | 0.1 | 0.1
01252 TEST: Input_3A 1.0 +/- 0.1
01252 PASS: Input_3A 1.0
01253 J0_09_TEST_SUPPLY = 0 : NULL : WAIT = 0.1
01254 NULL : Input_3A = 0 | 0.1 | 0.1
01254 TEST: Input_3A 0.0 +/- 0.1
01254 PASS: Input_3A 0.0
01255 
01255 #Finished with port
01255 #switch out input
01255 J2_03 = 0 : NULL : WAIT = 0.1
01256 
01256 #cycle IGN to reset lockup
01256 RLY_K1 = 1 : NULL : WAIT = 2
01257 RLY_K1 = 0 : NULL : WAIT = 1
01258 #-----setup 39009-----
01258 #configure
01258 Command = 82, MODE1 = 0, MODE2 = 0, Enable_24VDC = 0, Analog_Raw_Value = 0 : NULL : WAIT = 0.5
01259 Command = 0, MODE1 = 0, MODE2 = 0, Enable_24VDC = 0, Analog_Raw_Value = 0 : NULL : WAIT = 0.5
01260 Command = 83, MODE1A = 7, MODE1B = 7, MODE2A = 1, MODE2B = 1, MODE3A = 1, MODE3B = 4, MODE4A = 1, MODE4B = 1, MODE5A = 6, MODE5B = 6, MODE6A = 1, MODE6B = 1, MODE7A = 6, MODE7B = 6 : NULL : WAIT = 0.5
01261 Command = 0, MODE1A = 0, MODE1B = 0, MODE2A = 0, MODE2B = 0, MODE3A = 0, MODE3B = 0, MODE4A = 0, MODE4B = 0, MODE5A = 0, MODE5B = 0, MODE6A = 0, MODE6B = 0, MODE7A = 0, MODE7B = 0 : NULL
01262 Command = 84, MODE8A = 1, MODE8B = 1, MODE9A = 6, MODE9B = 6, MODE10A = 1, MODE10B = 1, GLOBAL_KP = 255, GLOBAL_KI = 255 : NULL : WAIT = 0.5
01263 Command = 0, MODE8A = 0, MODE8B = 0, MODE9A = 0, MODE9B = 0, MODE10A = 0, MODE10B = 0, GLOBAL_KP = 0, GLOBAL_KI = 0 : NULL
01264 Command = 82, Enable_Fault_Reset = 1, Save_Configuration = 1, Enable_DPLTx = 1, Enable_DPLF1 = 1, Enable_DPLF2 = 1 : NULL : WAIT = 0.5
01265 #clear multiplex
01265 Command = 0, Enable_Fault_Reset = 0, Save_Configuration = 0, Enable_DPLTx = 0, Enable_DPLF1 = 0, Enable_DPLF2 = 0 : NULL
01266 #switch input to load line
01266 J2_04 = 1 : NULL : WAIT = 0.1
01267 
01267 #TESTING - ModeIndex 15 PortIndex 3
01267 PwrSetVoltage = 50.0 : NULL : WAIT = 0.1
01268 J4_01 = 1 : NULL : WAIT = 0.1
01269 SWEEP-RUNNING DEATHSWEEP!
Connected: RIGOL TECHNOLOGIES,DP832,DP8C180100022,00.01.19
VISA resource: USB0::0x1AB1::0x0E11::DP8C180100022::INSTR
Sweeping CH2 mode=updown: 4.320000 V -> 4.430000 V -> 4.320000 V in 0.001000 V steps (221 points)
       0/220 set=4.320000 V elapsed=0.031s rate=32.26 steps/s
      50/220 set=4.370000 V elapsed=1.141s rate=44.70 steps/s eta=3.803s
     100/220 set=4.420000 V elapsed=2.219s rate=45.52 steps/s eta=2.636s
     150/220 set=4.390000 V elapsed=3.266s rate=46.23 steps/s eta=1.514s
     200/220 set=4.340000 V elapsed=4.328s rate=46.44 steps/s eta=0.431s
Sweep complete. Elapsed: 4.766s
Output turned OFF.


01269 J4_01 = 0 : NULL : WAIT = 0.1
01270 #test for lockup
01270 NULL : Port_3B = 0 | 0.1 | 0.1
01270 TEST: Port_3B 0.0 +/- 0.1
01270 PASS: Port_3B 0.0
01271 J0_09_TEST_SUPPLY = 1 : NULL : WAIT = 0.1
01272 NULL : Port_3B = 5.0 | 0.1 | 0.1
01272 TEST: Port_3B 5.0 +/- 0.1
01272 PASS: Port_3B 4.976
01273 J0_09_TEST_SUPPLY = 0 : NULL : WAIT = 0.1
01274 NULL : Port_3B = 0 | 0.1 | 0.1
01274 TEST: Port_3B 0.0 +/- 0.1
01274 PASS: Port_3B 0.082
01275 
01275 #Finished with port
01275 #switch out input
01275 J2_04 = 0 : NULL : WAIT = 0.1
01276 
01276 
01276 #Finished with mode
01276 #cycle IGN to reset lockup
01276 RLY_K1 = 1 : NULL : WAIT = 2
01277 RLY_K1 = 0 : NULL : WAIT = 1
01278 #-----setup 39009-----
01278 #configure
01278 Command = 82, MODE1 = 0, MODE2 = 0, Enable_24VDC = 0, Analog_Raw_Value = 0 : NULL : WAIT = 0.5
01279 Command = 0, MODE1 = 0, MODE2 = 0, Enable_24VDC = 0, Analog_Raw_Value = 0 : NULL : WAIT = 0.5
01280 Command = 83, MODE1A = 7, MODE1B = 7, MODE2A = 1, MODE2B = 1, MODE3A = 1, MODE3B = 1, MODE4A = 1, MODE4B = 1, MODE5A = 6, MODE5B = 6, MODE6A = 1, MODE6B = 1, MODE7A = 6, MODE7B = 6 : NULL : WAIT = 0.5
01281 Command = 0, MODE1A = 0, MODE1B = 0, MODE2A = 0, MODE2B = 0, MODE3A = 0, MODE3B = 0, MODE4A = 0, MODE4B = 0, MODE5A = 0, MODE5B = 0, MODE6A = 0, MODE6B = 0, MODE7A = 0, MODE7B = 0 : NULL
01282 Command = 84, MODE8A = 1, MODE8B = 1, MODE9A = 6, MODE9B = 6, MODE10A = 1, MODE10B = 1, GLOBAL_KP = 255, GLOBAL_KI = 255 : NULL : WAIT = 0.5
01283 Command = 0, MODE8A = 0, MODE8B = 0, MODE9A = 0, MODE9B = 0, MODE10A = 0, MODE10B = 0, GLOBAL_KP = 0, GLOBAL_KI = 0 : NULL
01284 Command = 82, Enable_Fault_Reset = 1, Save_Configuration = 1, Enable_DPLTx = 1, Enable_DPLF1 = 1, Enable_DPLF2 = 1 : NULL : WAIT = 0.5
01285 #clear multiplex
01285 Command = 0, Enable_Fault_Reset = 0, Save_Configuration = 0, Enable_DPLTx = 0, Enable_DPLF1 = 0, Enable_DPLF2 = 0 : NULL
01286 #switch input to load line
01286 J2_01 = 1 : NULL : WAIT = 0.1
01287 
01287 #TESTING - ModeIndex 16 PortIndex 0
01287 AfgFreqSet = 100 : NULL : WAIT = 0.1
01288 #test for lockup
01288 NULL : Hertz_Count_Input1A = 0 | 0.1 | 0.1
01288 TEST: Hertz_Count_Input1A 0.0 +/- 0.1
01288 PASS: Hertz_Count_Input1A 0.0
01289 J0_11_FREQ_GEN = 1 : NULL : WAIT = 0.1
01290 NULL : Hertz_Count_Input1A = 100 | 30 | 0.1
01290 TEST: Hertz_Count_Input1A 100.0 +/- 30.0
01290 PASS: Hertz_Count_Input1A 99.0
01291 J0_11_FREQ_GEN = 0 : NULL : WAIT = 0.1
01292 NULL : Hertz_Count_Input1A = 0 | 0.1 | 0.1
01292 TEST: Hertz_Count_Input1A 0.0 +/- 0.1
01292 PASS: Hertz_Count_Input1A 0.0
01293 
01293 #Finished with port
01293 #switch out input
01293 J2_01 = 0 : NULL : WAIT = 0.1
01294 
01294 #cycle IGN to reset lockup
01294 RLY_K1 = 1 : NULL : WAIT = 2
01295 RLY_K1 = 0 : NULL : WAIT = 1
01296 #-----setup 39009-----
01296 #configure
01296 Command = 82, MODE1 = 0, MODE2 = 0, Enable_24VDC = 0, Analog_Raw_Value = 0 : NULL : WAIT = 0.5
01297 Command = 0, MODE1 = 0, MODE2 = 0, Enable_24VDC = 0, Analog_Raw_Value = 0 : NULL : WAIT = 0.5
01298 Command = 83, MODE1A = 7, MODE1B = 7, MODE2A = 1, MODE2B = 1, MODE3A = 1, MODE3B = 1, MODE4A = 1, MODE4B = 1, MODE5A = 6, MODE5B = 6, MODE6A = 1, MODE6B = 1, MODE7A = 6, MODE7B = 6 : NULL : WAIT = 0.5
01299 Command = 0, MODE1A = 0, MODE1B = 0, MODE2A = 0, MODE2B = 0, MODE3A = 0, MODE3B = 0, MODE4A = 0, MODE4B = 0, MODE5A = 0, MODE5B = 0, MODE6A = 0, MODE6B = 0, MODE7A = 0, MODE7B = 0 : NULL
01300 Command = 84, MODE8A = 1, MODE8B = 1, MODE9A = 6, MODE9B = 6, MODE10A = 1, MODE10B = 1, GLOBAL_KP = 255, GLOBAL_KI = 255 : NULL : WAIT = 0.5
01301 Command = 0, MODE8A = 0, MODE8B = 0, MODE9A = 0, MODE9B = 0, MODE10A = 0, MODE10B = 0, GLOBAL_KP = 0, GLOBAL_KI = 0 : NULL
01302 Command = 82, Enable_Fault_Reset = 1, Save_Configuration = 1, Enable_DPLTx = 1, Enable_DPLF1 = 1, Enable_DPLF2 = 1 : NULL : WAIT = 0.5
01303 #clear multiplex
01303 Command = 0, Enable_Fault_Reset = 0, Save_Configuration = 0, Enable_DPLTx = 0, Enable_DPLF1 = 0, Enable_DPLF2 = 0 : NULL
01304 #switch input to load line
01304 J2_02 = 1 : NULL : WAIT = 0.1
01305 
01305 #TESTING - ModeIndex 16 PortIndex 1
01305 AfgFreqSet = 100 : NULL : WAIT = 0.1
01306 #test for lockup
01306 NULL : Hertz_Count_Input1B = 0 | 0.1 | 0.1
01306 TEST: Hertz_Count_Input1B 0.0 +/- 0.1
01306 PASS: Hertz_Count_Input1B 0.0
01307 J0_11_FREQ_GEN = 1 : NULL : WAIT = 0.1
01308 NULL : Hertz_Count_Input1B = 100 | 30 | 0.1
01308 TEST: Hertz_Count_Input1B 100.0 +/- 30.0
01308 PASS: Hertz_Count_Input1B 99.0
01309 J0_11_FREQ_GEN = 0 : NULL : WAIT = 0.1
01310 NULL : Hertz_Count_Input1B = 0 | 0.1 | 0.1
01310 TEST: Hertz_Count_Input1B 0.0 +/- 0.1
01310 PASS: Hertz_Count_Input1B 0.0
01311 
01311 #Finished with port
01311 #switch out input
01311 J2_02 = 0 : NULL : WAIT = 0.1
01312 
01312 #cycle IGN to reset lockup
01312 RLY_K1 = 1 : NULL : WAIT = 2
01313 RLY_K1 = 0 : NULL : WAIT = 1
01314 #-----setup 39009-----
01314 #configure
01314 Command = 82, MODE1 = 0, MODE2 = 0, Enable_24VDC = 0, Analog_Raw_Value = 0 : NULL : WAIT = 0.5
01315 Command = 0, MODE1 = 0, MODE2 = 0, Enable_24VDC = 0, Analog_Raw_Value = 0 : NULL : WAIT = 0.5
01316 Command = 83, MODE1A = 7, MODE1B = 7, MODE2A = 1, MODE2B = 1, MODE3A = 1, MODE3B = 1, MODE4A = 1, MODE4B = 1, MODE5A = 6, MODE5B = 6, MODE6A = 1, MODE6B = 1, MODE7A = 6, MODE7B = 6 : NULL : WAIT = 0.5
01317 Command = 0, MODE1A = 0, MODE1B = 0, MODE2A = 0, MODE2B = 0, MODE3A = 0, MODE3B = 0, MODE4A = 0, MODE4B = 0, MODE5A = 0, MODE5B = 0, MODE6A = 0, MODE6B = 0, MODE7A = 0, MODE7B = 0 : NULL
01318 Command = 84, MODE8A = 1, MODE8B = 1, MODE9A = 6, MODE9B = 6, MODE10A = 1, MODE10B = 1, GLOBAL_KP = 255, GLOBAL_KI = 255 : NULL : WAIT = 0.5
01319 Command = 0, MODE8A = 0, MODE8B = 0, MODE9A = 0, MODE9B = 0, MODE10A = 0, MODE10B = 0, GLOBAL_KP = 0, GLOBAL_KI = 0 : NULL
01320 Command = 82, Enable_Fault_Reset = 1, Save_Configuration = 1, Enable_DPLTx = 1, Enable_DPLF1 = 1, Enable_DPLF2 = 1 : NULL : WAIT = 0.5
01321 #clear multiplex
01321 Command = 0, Enable_Fault_Reset = 0, Save_Configuration = 0, Enable_DPLTx = 0, Enable_DPLF1 = 0, Enable_DPLF2 = 0 : NULL
01322 #switch input to load line
01322 J2_03 = 1 : NULL : WAIT = 0.1
01323 
01323 #TESTING - ModeIndex 16 PortIndex 2
01323 PwrSetVoltage = 50.0 : NULL : WAIT = 0.1
01324 J4_01 = 1 : NULL : WAIT = 0.1
01325 SWEEP-RUNNING DEATHSWEEP!
Connected: RIGOL TECHNOLOGIES,DP832,DP8C180100022,00.01.19
VISA resource: USB0::0x1AB1::0x0E11::DP8C180100022::INSTR
Sweeping CH2 mode=updown: 4.320000 V -> 4.430000 V -> 4.320000 V in 0.001000 V steps (221 points)
       0/220 set=4.320000 V elapsed=0.016s rate=62.50 steps/s
      50/220 set=4.370000 V elapsed=1.094s rate=46.62 steps/s eta=3.647s
     100/220 set=4.420000 V elapsed=2.204s rate=45.83 steps/s eta=2.619s
     150/220 set=4.390000 V elapsed=3.250s rate=46.46 steps/s eta=1.507s
     200/220 set=4.340000 V elapsed=4.344s rate=46.27 steps/s eta=0.432s
Sweep complete. Elapsed: 4.782s
Output turned OFF.


01325 J4_01 = 0 : NULL : WAIT = 0.1
01326 #test for lockup
01326 NULL : Input_3A = 0 | 0.1 | 0.1
01326 TEST: Input_3A 0.0 +/- 0.1
01326 PASS: Input_3A 0.0
01327 J0_09_TEST_SUPPLY = 1 : NULL : WAIT = 0.1
01328 NULL : Input_3A = 1 | 0.1 | 0.1
01328 TEST: Input_3A 1.0 +/- 0.1
01328 PASS: Input_3A 1.0
01329 J0_09_TEST_SUPPLY = 0 : NULL : WAIT = 0.1
01330 NULL : Input_3A = 0 | 0.1 | 0.1
01330 TEST: Input_3A 0.0 +/- 0.1
01330 PASS: Input_3A 0.0
01331 
01331 #Finished with port
01331 #switch out input
01331 J2_03 = 0 : NULL : WAIT = 0.1
01332 
01332 #cycle IGN to reset lockup
01332 RLY_K1 = 1 : NULL : WAIT = 2
01333 RLY_K1 = 0 : NULL : WAIT = 1
01334 #-----setup 39009-----
01334 #configure
01334 Command = 82, MODE1 = 0, MODE2 = 0, Enable_24VDC = 0, Analog_Raw_Value = 0 : NULL : WAIT = 0.5
01335 Command = 0, MODE1 = 0, MODE2 = 0, Enable_24VDC = 0, Analog_Raw_Value = 0 : NULL : WAIT = 0.5
01336 Command = 83, MODE1A = 7, MODE1B = 7, MODE2A = 1, MODE2B = 1, MODE3A = 1, MODE3B = 1, MODE4A = 1, MODE4B = 1, MODE5A = 6, MODE5B = 6, MODE6A = 1, MODE6B = 1, MODE7A = 6, MODE7B = 6 : NULL : WAIT = 0.5
01337 Command = 0, MODE1A = 0, MODE1B = 0, MODE2A = 0, MODE2B = 0, MODE3A = 0, MODE3B = 0, MODE4A = 0, MODE4B = 0, MODE5A = 0, MODE5B = 0, MODE6A = 0, MODE6B = 0, MODE7A = 0, MODE7B = 0 : NULL
01338 Command = 84, MODE8A = 1, MODE8B = 1, MODE9A = 6, MODE9B = 6, MODE10A = 1, MODE10B = 1, GLOBAL_KP = 255, GLOBAL_KI = 255 : NULL : WAIT = 0.5
01339 Command = 0, MODE8A = 0, MODE8B = 0, MODE9A = 0, MODE9B = 0, MODE10A = 0, MODE10B = 0, GLOBAL_KP = 0, GLOBAL_KI = 0 : NULL
01340 Command = 82, Enable_Fault_Reset = 1, Save_Configuration = 1, Enable_DPLTx = 1, Enable_DPLF1 = 1, Enable_DPLF2 = 1 : NULL : WAIT = 0.5
01341 #clear multiplex
01341 Command = 0, Enable_Fault_Reset = 0, Save_Configuration = 0, Enable_DPLTx = 0, Enable_DPLF1 = 0, Enable_DPLF2 = 0 : NULL
01342 #switch input to load line
01342 J2_04 = 1 : NULL : WAIT = 0.1
01343 
01343 #TESTING - ModeIndex 16 PortIndex 3
01343 PwrSetVoltage = 50.0 : NULL : WAIT = 0.1
01344 J4_01 = 1 : NULL : WAIT = 0.1
01345 SWEEP-RUNNING DEATHSWEEP!
Connected: RIGOL TECHNOLOGIES,DP832,DP8C180100022,00.01.19
VISA resource: USB0::0x1AB1::0x0E11::DP8C180100022::INSTR
Sweeping CH2 mode=updown: 4.320000 V -> 4.430000 V -> 4.320000 V in 0.001000 V steps (221 points)
       0/220 set=4.320000 V elapsed=0.032s rate=31.25 steps/s
      50/220 set=4.370000 V elapsed=1.094s rate=46.62 steps/s eta=3.647s
     100/220 set=4.420000 V elapsed=2.204s rate=45.83 steps/s eta=2.619s
     150/220 set=4.390000 V elapsed=3.266s rate=46.23 steps/s eta=1.514s
     200/220 set=4.340000 V elapsed=4.344s rate=46.27 steps/s eta=0.432s
Sweep complete. Elapsed: 4.797s
Output turned OFF.


01345 J4_01 = 0 : NULL : WAIT = 0.1
01346 #test for lockup
01346 NULL : Input_3B = 0 | 0.1 | 0.1
01346 TEST: Input_3B 0.0 +/- 0.1
01346 PASS: Input_3B 0.0
01347 J0_09_TEST_SUPPLY = 1 : NULL : WAIT = 0.1
01348 NULL : Input_3B = 1 | 0.1 | 0.1
01348 TEST: Input_3B 1.0 +/- 0.1
01348 PASS: Input_3B 1.0
01349 J0_09_TEST_SUPPLY = 0 : NULL : WAIT = 0.1
01350 NULL : Input_3B = 0 | 0.1 | 0.1
01350 TEST: Input_3B 0.0 +/- 0.1
01350 PASS: Input_3B 0.0
01351 
01351 #Finished with port
01351 #switch out input
01351 J2_04 = 0 : NULL : WAIT = 0.1
01352 
01352 
01352 #Finished with mode
01352 #cycle IGN to reset lockup
01352 RLY_K1 = 1 : NULL : WAIT = 2
01353 RLY_K1 = 0 : NULL : WAIT = 1
01354 #-----setup 39009-----
01354 #configure
01354 Command = 82, MODE1 = 0, MODE2 = 0, Enable_24VDC = 0, Analog_Raw_Value = 0 : NULL : WAIT = 0.5
01355 Command = 0, MODE1 = 0, MODE2 = 0, Enable_24VDC = 0, Analog_Raw_Value = 0 : NULL : WAIT = 0.5
01356 Command = 83, MODE1A = 7, MODE1B = 1, MODE2A = 1, MODE2B = 1, MODE3A = 4, MODE3B = 4, MODE4A = 1, MODE4B = 1, MODE5A = 6, MODE5B = 6, MODE6A = 1, MODE6B = 1, MODE7A = 6, MODE7B = 6 : NULL : WAIT = 0.5
01357 Command = 0, MODE1A = 0, MODE1B = 0, MODE2A = 0, MODE2B = 0, MODE3A = 0, MODE3B = 0, MODE4A = 0, MODE4B = 0, MODE5A = 0, MODE5B = 0, MODE6A = 0, MODE6B = 0, MODE7A = 0, MODE7B = 0 : NULL
01358 Command = 84, MODE8A = 1, MODE8B = 1, MODE9A = 6, MODE9B = 6, MODE10A = 1, MODE10B = 1, GLOBAL_KP = 255, GLOBAL_KI = 255 : NULL : WAIT = 0.5
01359 Command = 0, MODE8A = 0, MODE8B = 0, MODE9A = 0, MODE9B = 0, MODE10A = 0, MODE10B = 0, GLOBAL_KP = 0, GLOBAL_KI = 0 : NULL
01360 Command = 82, Enable_Fault_Reset = 1, Save_Configuration = 1, Enable_DPLTx = 1, Enable_DPLF1 = 1, Enable_DPLF2 = 1 : NULL : WAIT = 0.5
01361 #clear multiplex
01361 Command = 0, Enable_Fault_Reset = 0, Save_Configuration = 0, Enable_DPLTx = 0, Enable_DPLF1 = 0, Enable_DPLF2 = 0 : NULL
01362 #switch input to load line
01362 J2_01 = 1 : NULL : WAIT = 0.1
01363 
01363 #TESTING - ModeIndex 17 PortIndex 0
01363 AfgFreqSet = 100 : NULL : WAIT = 0.1
01364 #test for lockup
01364 NULL : Hertz_Count_Input1A = 0 | 0.1 | 0.1
01364 TEST: Hertz_Count_Input1A 0.0 +/- 0.1
01364 PASS: Hertz_Count_Input1A 0.0
01365 J0_11_FREQ_GEN = 1 : NULL : WAIT = 0.1
01366 NULL : Hertz_Count_Input1A = 100 | 30 | 0.1
01366 TEST: Hertz_Count_Input1A 100.0 +/- 30.0
01366 PASS: Hertz_Count_Input1A 99.0
01367 J0_11_FREQ_GEN = 0 : NULL : WAIT = 0.1
01368 NULL : Hertz_Count_Input1A = 0 | 0.1 | 0.1
01368 TEST: Hertz_Count_Input1A 0.0 +/- 0.1
01368 PASS: Hertz_Count_Input1A 0.0
01369 
01369 #Finished with port
01369 #switch out input
01369 J2_01 = 0 : NULL : WAIT = 0.1
01370 
01370 #cycle IGN to reset lockup
01370 RLY_K1 = 1 : NULL : WAIT = 2
01371 RLY_K1 = 0 : NULL : WAIT = 1
01372 #-----setup 39009-----
01372 #configure
01372 Command = 82, MODE1 = 0, MODE2 = 0, Enable_24VDC = 0, Analog_Raw_Value = 0 : NULL : WAIT = 0.5
01373 Command = 0, MODE1 = 0, MODE2 = 0, Enable_24VDC = 0, Analog_Raw_Value = 0 : NULL : WAIT = 0.5
01374 Command = 83, MODE1A = 7, MODE1B = 1, MODE2A = 1, MODE2B = 1, MODE3A = 4, MODE3B = 4, MODE4A = 1, MODE4B = 1, MODE5A = 6, MODE5B = 6, MODE6A = 1, MODE6B = 1, MODE7A = 6, MODE7B = 6 : NULL : WAIT = 0.5
01375 Command = 0, MODE1A = 0, MODE1B = 0, MODE2A = 0, MODE2B = 0, MODE3A = 0, MODE3B = 0, MODE4A = 0, MODE4B = 0, MODE5A = 0, MODE5B = 0, MODE6A = 0, MODE6B = 0, MODE7A = 0, MODE7B = 0 : NULL
01376 Command = 84, MODE8A = 1, MODE8B = 1, MODE9A = 6, MODE9B = 6, MODE10A = 1, MODE10B = 1, GLOBAL_KP = 255, GLOBAL_KI = 255 : NULL : WAIT = 0.5
01377 Command = 0, MODE8A = 0, MODE8B = 0, MODE9A = 0, MODE9B = 0, MODE10A = 0, MODE10B = 0, GLOBAL_KP = 0, GLOBAL_KI = 0 : NULL
01378 Command = 82, Enable_Fault_Reset = 1, Save_Configuration = 1, Enable_DPLTx = 1, Enable_DPLF1 = 1, Enable_DPLF2 = 1 : NULL : WAIT = 0.5
01379 #clear multiplex
01379 Command = 0, Enable_Fault_Reset = 0, Save_Configuration = 0, Enable_DPLTx = 0, Enable_DPLF1 = 0, Enable_DPLF2 = 0 : NULL
01380 #switch input to load line
01380 J2_02 = 1 : NULL : WAIT = 0.1
01381 
01381 #TESTING - ModeIndex 17 PortIndex 1
01381 PwrSetVoltage = 50.0 : NULL : WAIT = 0.1
01382 J4_01 = 1 : NULL : WAIT = 0.1
01383 SWEEP-RUNNING DEATHSWEEP!
Connected: RIGOL TECHNOLOGIES,DP832,DP8C180100022,00.01.19
VISA resource: USB0::0x1AB1::0x0E11::DP8C180100022::INSTR
Sweeping CH2 mode=updown: 4.320000 V -> 4.430000 V -> 4.320000 V in 0.001000 V steps (221 points)
       0/220 set=4.320000 V elapsed=0.016s rate=62.50 steps/s
      50/220 set=4.370000 V elapsed=1.125s rate=45.33 steps/s eta=3.750s
     100/220 set=4.420000 V elapsed=2.250s rate=44.89 steps/s eta=2.673s
     150/220 set=4.390000 V elapsed=3.312s rate=45.59 steps/s eta=1.535s
     200/220 set=4.340000 V elapsed=4.437s rate=45.30 steps/s eta=0.441s
Sweep complete. Elapsed: 4.875s
Output turned OFF.


01383 J4_01 = 0 : NULL : WAIT = 0.1
01384 #test for lockup
01384 NULL : Input_1B = 0 | 0.1 | 0.1
01384 TEST: Input_1B 0.0 +/- 0.1
01384 PASS: Input_1B 0.0
01385 J0_09_TEST_SUPPLY = 1 : NULL : WAIT = 0.1
01386 NULL : Input_1B = 1 | 0.1 | 0.1
01386 TEST: Input_1B 1.0 +/- 0.1
01386 PASS: Input_1B 1.0
01387 J0_09_TEST_SUPPLY = 0 : NULL : WAIT = 0.1
01388 NULL : Input_1B = 0 | 0.1 | 0.1
01388 TEST: Input_1B 0.0 +/- 0.1
01388 PASS: Input_1B 0.0
01389 
01389 #Finished with port
01389 #switch out input
01389 J2_02 = 0 : NULL : WAIT = 0.1
01390 
01390 #cycle IGN to reset lockup
01390 RLY_K1 = 1 : NULL : WAIT = 2
01391 RLY_K1 = 0 : NULL : WAIT = 1
01392 #-----setup 39009-----
01392 #configure
01392 Command = 82, MODE1 = 0, MODE2 = 0, Enable_24VDC = 0, Analog_Raw_Value = 0 : NULL : WAIT = 0.5
01393 Command = 0, MODE1 = 0, MODE2 = 0, Enable_24VDC = 0, Analog_Raw_Value = 0 : NULL : WAIT = 0.5
01394 Command = 83, MODE1A = 7, MODE1B = 1, MODE2A = 1, MODE2B = 1, MODE3A = 4, MODE3B = 4, MODE4A = 1, MODE4B = 1, MODE5A = 6, MODE5B = 6, MODE6A = 1, MODE6B = 1, MODE7A = 6, MODE7B = 6 : NULL : WAIT = 0.5
01395 Command = 0, MODE1A = 0, MODE1B = 0, MODE2A = 0, MODE2B = 0, MODE3A = 0, MODE3B = 0, MODE4A = 0, MODE4B = 0, MODE5A = 0, MODE5B = 0, MODE6A = 0, MODE6B = 0, MODE7A = 0, MODE7B = 0 : NULL
01396 Command = 84, MODE8A = 1, MODE8B = 1, MODE9A = 6, MODE9B = 6, MODE10A = 1, MODE10B = 1, GLOBAL_KP = 255, GLOBAL_KI = 255 : NULL : WAIT = 0.5
01397 Command = 0, MODE8A = 0, MODE8B = 0, MODE9A = 0, MODE9B = 0, MODE10A = 0, MODE10B = 0, GLOBAL_KP = 0, GLOBAL_KI = 0 : NULL
01398 Command = 82, Enable_Fault_Reset = 1, Save_Configuration = 1, Enable_DPLTx = 1, Enable_DPLF1 = 1, Enable_DPLF2 = 1 : NULL : WAIT = 0.5
01399 #clear multiplex
01399 Command = 0, Enable_Fault_Reset = 0, Save_Configuration = 0, Enable_DPLTx = 0, Enable_DPLF1 = 0, Enable_DPLF2 = 0 : NULL
01400 #switch input to load line
01400 J2_03 = 1 : NULL : WAIT = 0.1
01401 
01401 #TESTING - ModeIndex 17 PortIndex 2
01401 PwrSetVoltage = 50.0 : NULL : WAIT = 0.1
01402 J4_01 = 1 : NULL : WAIT = 0.1
01403 SWEEP-RUNNING DEATHSWEEP!
Connected: RIGOL TECHNOLOGIES,DP832,DP8C180100022,00.01.19
VISA resource: USB0::0x1AB1::0x0E11::DP8C180100022::INSTR
Sweeping CH2 mode=updown: 4.320000 V -> 4.430000 V -> 4.320000 V in 0.001000 V steps (221 points)
       0/220 set=4.320000 V elapsed=0.047s rate=21.28 steps/s
      50/220 set=4.370000 V elapsed=1.125s rate=45.33 steps/s eta=3.750s
     100/220 set=4.420000 V elapsed=2.187s rate=46.18 steps/s eta=2.598s
     150/220 set=4.390000 V elapsed=3.265s rate=46.25 steps/s eta=1.514s
     200/220 set=4.340000 V elapsed=4.375s rate=45.94 steps/s eta=0.435s
Sweep complete. Elapsed: 4.844s
Output turned OFF.


01403 J4_01 = 0 : NULL : WAIT = 0.1
01404 #test for lockup
01404 NULL : Port_3A = 0 | 0.1 | 0.1
01404 TEST: Port_3A 0.0 +/- 0.1
01404 PASS: Port_3A 0.0
01405 J0_09_TEST_SUPPLY = 1 : NULL : WAIT = 0.1
01406 NULL : Port_3A = 5.0 | 0.1 | 0.1
01406 TEST: Port_3A 5.0 +/- 0.1
01406 PASS: Port_3A 4.972
01407 J0_09_TEST_SUPPLY = 0 : NULL : WAIT = 0.1
01408 NULL : Port_3A = 0 | 0.1 | 0.1
01408 TEST: Port_3A 0.0 +/- 0.1
01408 PASS: Port_3A 0.081
01409 
01409 #Finished with port
01409 #switch out input
01409 J2_03 = 0 : NULL : WAIT = 0.1
01410 
01410 #cycle IGN to reset lockup
01410 RLY_K1 = 1 : NULL : WAIT = 2
01411 RLY_K1 = 0 : NULL : WAIT = 1
01412 #-----setup 39009-----
01412 #configure
01412 Command = 82, MODE1 = 0, MODE2 = 0, Enable_24VDC = 0, Analog_Raw_Value = 0 : NULL : WAIT = 0.5
01413 Command = 0, MODE1 = 0, MODE2 = 0, Enable_24VDC = 0, Analog_Raw_Value = 0 : NULL : WAIT = 0.5
01414 Command = 83, MODE1A = 7, MODE1B = 1, MODE2A = 1, MODE2B = 1, MODE3A = 4, MODE3B = 4, MODE4A = 1, MODE4B = 1, MODE5A = 6, MODE5B = 6, MODE6A = 1, MODE6B = 1, MODE7A = 6, MODE7B = 6 : NULL : WAIT = 0.5
01415 Command = 0, MODE1A = 0, MODE1B = 0, MODE2A = 0, MODE2B = 0, MODE3A = 0, MODE3B = 0, MODE4A = 0, MODE4B = 0, MODE5A = 0, MODE5B = 0, MODE6A = 0, MODE6B = 0, MODE7A = 0, MODE7B = 0 : NULL
01416 Command = 84, MODE8A = 1, MODE8B = 1, MODE9A = 6, MODE9B = 6, MODE10A = 1, MODE10B = 1, GLOBAL_KP = 255, GLOBAL_KI = 255 : NULL : WAIT = 0.5
01417 Command = 0, MODE8A = 0, MODE8B = 0, MODE9A = 0, MODE9B = 0, MODE10A = 0, MODE10B = 0, GLOBAL_KP = 0, GLOBAL_KI = 0 : NULL
01418 Command = 82, Enable_Fault_Reset = 1, Save_Configuration = 1, Enable_DPLTx = 1, Enable_DPLF1 = 1, Enable_DPLF2 = 1 : NULL : WAIT = 0.5
01419 #clear multiplex
01419 Command = 0, Enable_Fault_Reset = 0, Save_Configuration = 0, Enable_DPLTx = 0, Enable_DPLF1 = 0, Enable_DPLF2 = 0 : NULL
01420 #switch input to load line
01420 J2_04 = 1 : NULL : WAIT = 0.1
01421 
01421 #TESTING - ModeIndex 17 PortIndex 3
01421 PwrSetVoltage = 50.0 : NULL : WAIT = 0.1
01422 J4_01 = 1 : NULL : WAIT = 0.1
01423 SWEEP-RUNNING DEATHSWEEP!
Connected: RIGOL TECHNOLOGIES,DP832,DP8C180100022,00.01.19
VISA resource: USB0::0x1AB1::0x0E11::DP8C180100022::INSTR
Sweeping CH2 mode=updown: 4.320000 V -> 4.430000 V -> 4.320000 V in 0.001000 V steps (221 points)
       0/220 set=4.320000 V elapsed=0.031s rate=32.26 steps/s
      50/220 set=4.370000 V elapsed=1.109s rate=45.99 steps/s eta=3.697s
     100/220 set=4.420000 V elapsed=2.218s rate=45.54 steps/s eta=2.635s
     150/220 set=4.390000 V elapsed=3.312s rate=45.59 steps/s eta=1.535s
     200/220 set=4.340000 V elapsed=4.359s rate=46.11 steps/s eta=0.434s
Sweep complete. Elapsed: 4.781s
Output turned OFF.


01423 J4_01 = 0 : NULL : WAIT = 0.1
01424 #test for lockup
01424 NULL : Port_3B = 0 | 0.1 | 0.1
01424 TEST: Port_3B 0.0 +/- 0.1
01424 PASS: Port_3B 0.0
01425 J0_09_TEST_SUPPLY = 1 : NULL : WAIT = 0.1
01426 NULL : Port_3B = 5.0 | 0.1 | 0.1
01426 TEST: Port_3B 5.0 +/- 0.1
01426 PASS: Port_3B 4.977
01427 J0_09_TEST_SUPPLY = 0 : NULL : WAIT = 0.1
01428 NULL : Port_3B = 0 | 0.1 | 0.1
01428 TEST: Port_3B 0.0 +/- 0.1
01428 PASS: Port_3B 0.082
01429 
01429 #Finished with port
01429 #switch out input
01429 J2_04 = 0 : NULL : WAIT = 0.1
01430 
01430 
01430 #Finished with mode
01430 #cycle IGN to reset lockup
01430 RLY_K1 = 1 : NULL : WAIT = 2
01431 RLY_K1 = 0 : NULL : WAIT = 1
01432 #-----setup 39009-----
01432 #configure
01432 Command = 82, MODE1 = 0, MODE2 = 0, Enable_24VDC = 0, Analog_Raw_Value = 0 : NULL : WAIT = 0.5
01433 Command = 0, MODE1 = 0, MODE2 = 0, Enable_24VDC = 0, Analog_Raw_Value = 0 : NULL : WAIT = 0.5
01434 Command = 83, MODE1A = 7, MODE1B = 1, MODE2A = 1, MODE2B = 1, MODE3A = 4, MODE3B = 1, MODE4A = 1, MODE4B = 1, MODE5A = 6, MODE5B = 6, MODE6A = 1, MODE6B = 1, MODE7A = 6, MODE7B = 6 : NULL : WAIT = 0.5
01435 Command = 0, MODE1A = 0, MODE1B = 0, MODE2A = 0, MODE2B = 0, MODE3A = 0, MODE3B = 0, MODE4A = 0, MODE4B = 0, MODE5A = 0, MODE5B = 0, MODE6A = 0, MODE6B = 0, MODE7A = 0, MODE7B = 0 : NULL
01436 Command = 84, MODE8A = 1, MODE8B = 1, MODE9A = 6, MODE9B = 6, MODE10A = 1, MODE10B = 1, GLOBAL_KP = 255, GLOBAL_KI = 255 : NULL : WAIT = 0.5
01437 Command = 0, MODE8A = 0, MODE8B = 0, MODE9A = 0, MODE9B = 0, MODE10A = 0, MODE10B = 0, GLOBAL_KP = 0, GLOBAL_KI = 0 : NULL
01438 Command = 82, Enable_Fault_Reset = 1, Save_Configuration = 1, Enable_DPLTx = 1, Enable_DPLF1 = 1, Enable_DPLF2 = 1 : NULL : WAIT = 0.5
01439 #clear multiplex
01439 Command = 0, Enable_Fault_Reset = 0, Save_Configuration = 0, Enable_DPLTx = 0, Enable_DPLF1 = 0, Enable_DPLF2 = 0 : NULL
01440 #switch input to load line
01440 J2_01 = 1 : NULL : WAIT = 0.1
01441 
01441 #TESTING - ModeIndex 18 PortIndex 0
01441 AfgFreqSet = 100 : NULL : WAIT = 0.1
01442 #test for lockup
01442 NULL : Hertz_Count_Input1A = 0 | 0.1 | 0.1
01442 TEST: Hertz_Count_Input1A 0.0 +/- 0.1
01442 PASS: Hertz_Count_Input1A 0.0
01443 J0_11_FREQ_GEN = 1 : NULL : WAIT = 0.1
01444 NULL : Hertz_Count_Input1A = 100 | 30 | 0.1
01444 TEST: Hertz_Count_Input1A 100.0 +/- 30.0
01444 PASS: Hertz_Count_Input1A 99.0
01445 J0_11_FREQ_GEN = 0 : NULL : WAIT = 0.1
01446 NULL : Hertz_Count_Input1A = 0 | 0.1 | 0.1
01446 TEST: Hertz_Count_Input1A 0.0 +/- 0.1
01446 PASS: Hertz_Count_Input1A 0.0
01447 
01447 #Finished with port
01447 #switch out input
01447 J2_01 = 0 : NULL : WAIT = 0.1
01448 
01448 #cycle IGN to reset lockup
01448 RLY_K1 = 1 : NULL : WAIT = 2
01449 RLY_K1 = 0 : NULL : WAIT = 1
01450 #-----setup 39009-----
01450 #configure
01450 Command = 82, MODE1 = 0, MODE2 = 0, Enable_24VDC = 0, Analog_Raw_Value = 0 : NULL : WAIT = 0.5
01451 Command = 0, MODE1 = 0, MODE2 = 0, Enable_24VDC = 0, Analog_Raw_Value = 0 : NULL : WAIT = 0.5
01452 Command = 83, MODE1A = 7, MODE1B = 1, MODE2A = 1, MODE2B = 1, MODE3A = 4, MODE3B = 1, MODE4A = 1, MODE4B = 1, MODE5A = 6, MODE5B = 6, MODE6A = 1, MODE6B = 1, MODE7A = 6, MODE7B = 6 : NULL : WAIT = 0.5
01453 Command = 0, MODE1A = 0, MODE1B = 0, MODE2A = 0, MODE2B = 0, MODE3A = 0, MODE3B = 0, MODE4A = 0, MODE4B = 0, MODE5A = 0, MODE5B = 0, MODE6A = 0, MODE6B = 0, MODE7A = 0, MODE7B = 0 : NULL
01454 Command = 84, MODE8A = 1, MODE8B = 1, MODE9A = 6, MODE9B = 6, MODE10A = 1, MODE10B = 1, GLOBAL_KP = 255, GLOBAL_KI = 255 : NULL : WAIT = 0.5
01455 Command = 0, MODE8A = 0, MODE8B = 0, MODE9A = 0, MODE9B = 0, MODE10A = 0, MODE10B = 0, GLOBAL_KP = 0, GLOBAL_KI = 0 : NULL
01456 Command = 82, Enable_Fault_Reset = 1, Save_Configuration = 1, Enable_DPLTx = 1, Enable_DPLF1 = 1, Enable_DPLF2 = 1 : NULL : WAIT = 0.5
01457 #clear multiplex
01457 Command = 0, Enable_Fault_Reset = 0, Save_Configuration = 0, Enable_DPLTx = 0, Enable_DPLF1 = 0, Enable_DPLF2 = 0 : NULL
01458 #switch input to load line
01458 J2_02 = 1 : NULL : WAIT = 0.1
01459 
01459 #TESTING - ModeIndex 18 PortIndex 1
01459 PwrSetVoltage = 50.0 : NULL : WAIT = 0.1
01460 J4_01 = 1 : NULL : WAIT = 0.1
01461 SWEEP-RUNNING DEATHSWEEP!
Connected: RIGOL TECHNOLOGIES,DP832,DP8C180100022,00.01.19
VISA resource: USB0::0x1AB1::0x0E11::DP8C180100022::INSTR
Sweeping CH2 mode=updown: 4.320000 V -> 4.430000 V -> 4.320000 V in 0.001000 V steps (221 points)
       0/220 set=4.320000 V elapsed=0.015s rate=66.67 steps/s
      50/220 set=4.370000 V elapsed=1.109s rate=45.99 steps/s eta=3.697s
     100/220 set=4.420000 V elapsed=2.172s rate=46.50 steps/s eta=2.581s
     150/220 set=4.390000 V elapsed=3.297s rate=45.80 steps/s eta=1.528s
     200/220 set=4.340000 V elapsed=4.406s rate=45.62 steps/s eta=0.438s
Sweep complete. Elapsed: 4.844s
Output turned OFF.


01461 J4_01 = 0 : NULL : WAIT = 0.1
01462 #test for lockup
01462 NULL : Input_1B = 0 | 0.1 | 0.1
01462 TEST: Input_1B 0.0 +/- 0.1
01462 PASS: Input_1B 0.0
01463 J0_09_TEST_SUPPLY = 1 : NULL : WAIT = 0.1
01464 NULL : Input_1B = 1 | 0.1 | 0.1
01464 TEST: Input_1B 1.0 +/- 0.1
01464 PASS: Input_1B 1.0
01465 J0_09_TEST_SUPPLY = 0 : NULL : WAIT = 0.1
01466 NULL : Input_1B = 0 | 0.1 | 0.1
01466 TEST: Input_1B 0.0 +/- 0.1
01466 PASS: Input_1B 0.0
01467 
01467 #Finished with port
01467 #switch out input
01467 J2_02 = 0 : NULL : WAIT = 0.1
01468 
01468 #cycle IGN to reset lockup
01468 RLY_K1 = 1 : NULL : WAIT = 2
01469 RLY_K1 = 0 : NULL : WAIT = 1
01470 #-----setup 39009-----
01470 #configure
01470 Command = 82, MODE1 = 0, MODE2 = 0, Enable_24VDC = 0, Analog_Raw_Value = 0 : NULL : WAIT = 0.5
01471 Command = 0, MODE1 = 0, MODE2 = 0, Enable_24VDC = 0, Analog_Raw_Value = 0 : NULL : WAIT = 0.5
01472 Command = 83, MODE1A = 7, MODE1B = 1, MODE2A = 1, MODE2B = 1, MODE3A = 4, MODE3B = 1, MODE4A = 1, MODE4B = 1, MODE5A = 6, MODE5B = 6, MODE6A = 1, MODE6B = 1, MODE7A = 6, MODE7B = 6 : NULL : WAIT = 0.5
01473 Command = 0, MODE1A = 0, MODE1B = 0, MODE2A = 0, MODE2B = 0, MODE3A = 0, MODE3B = 0, MODE4A = 0, MODE4B = 0, MODE5A = 0, MODE5B = 0, MODE6A = 0, MODE6B = 0, MODE7A = 0, MODE7B = 0 : NULL
01474 Command = 84, MODE8A = 1, MODE8B = 1, MODE9A = 6, MODE9B = 6, MODE10A = 1, MODE10B = 1, GLOBAL_KP = 255, GLOBAL_KI = 255 : NULL : WAIT = 0.5
01475 Command = 0, MODE8A = 0, MODE8B = 0, MODE9A = 0, MODE9B = 0, MODE10A = 0, MODE10B = 0, GLOBAL_KP = 0, GLOBAL_KI = 0 : NULL
01476 Command = 82, Enable_Fault_Reset = 1, Save_Configuration = 1, Enable_DPLTx = 1, Enable_DPLF1 = 1, Enable_DPLF2 = 1 : NULL : WAIT = 0.5
01477 #clear multiplex
01477 Command = 0, Enable_Fault_Reset = 0, Save_Configuration = 0, Enable_DPLTx = 0, Enable_DPLF1 = 0, Enable_DPLF2 = 0 : NULL
01478 #switch input to load line
01478 J2_03 = 1 : NULL : WAIT = 0.1
01479 
01479 #TESTING - ModeIndex 18 PortIndex 2
01479 PwrSetVoltage = 50.0 : NULL : WAIT = 0.1
01480 J4_01 = 1 : NULL : WAIT = 0.1
01481 SWEEP-RUNNING DEATHSWEEP!
Connected: RIGOL TECHNOLOGIES,DP832,DP8C180100022,00.01.19
VISA resource: USB0::0x1AB1::0x0E11::DP8C180100022::INSTR
Sweeping CH2 mode=updown: 4.320000 V -> 4.430000 V -> 4.320000 V in 0.001000 V steps (221 points)
       0/220 set=4.320000 V elapsed=0.031s rate=32.26 steps/s
      50/220 set=4.370000 V elapsed=1.125s rate=45.33 steps/s eta=3.750s
     100/220 set=4.420000 V elapsed=2.219s rate=45.52 steps/s eta=2.636s
     150/220 set=4.390000 V elapsed=3.360s rate=44.94 steps/s eta=1.558s
     200/220 set=4.340000 V elapsed=4.438s rate=45.29 steps/s eta=0.442s
Sweep complete. Elapsed: 4.891s
Output turned OFF.


01481 J4_01 = 0 : NULL : WAIT = 0.1
01482 #test for lockup
01482 NULL : Port_3A = 0 | 0.1 | 0.1
01482 TEST: Port_3A 0.0 +/- 0.1
01482 PASS: Port_3A 0.048
01483 J0_09_TEST_SUPPLY = 1 : NULL : WAIT = 0.1
01484 NULL : Port_3A = 5.0 | 0.1 | 0.1
01484 TEST: Port_3A 5.0 +/- 0.1
01484 PASS: Port_3A 4.972
01485 J0_09_TEST_SUPPLY = 0 : NULL : WAIT = 0.1
01486 NULL : Port_3A = 0 | 0.1 | 0.1
01486 TEST: Port_3A 0.0 +/- 0.1
01486 PASS: Port_3A 0.074
01487 
01487 #Finished with port
01487 #switch out input
01487 J2_03 = 0 : NULL : WAIT = 0.1
01488 
01488 #cycle IGN to reset lockup
01488 RLY_K1 = 1 : NULL : WAIT = 2
01489 RLY_K1 = 0 : NULL : WAIT = 1
01490 #-----setup 39009-----
01490 #configure
01490 Command = 82, MODE1 = 0, MODE2 = 0, Enable_24VDC = 0, Analog_Raw_Value = 0 : NULL : WAIT = 0.5
01491 Command = 0, MODE1 = 0, MODE2 = 0, Enable_24VDC = 0, Analog_Raw_Value = 0 : NULL : WAIT = 0.5
01492 Command = 83, MODE1A = 7, MODE1B = 1, MODE2A = 1, MODE2B = 1, MODE3A = 4, MODE3B = 1, MODE4A = 1, MODE4B = 1, MODE5A = 6, MODE5B = 6, MODE6A = 1, MODE6B = 1, MODE7A = 6, MODE7B = 6 : NULL : WAIT = 0.5
01493 Command = 0, MODE1A = 0, MODE1B = 0, MODE2A = 0, MODE2B = 0, MODE3A = 0, MODE3B = 0, MODE4A = 0, MODE4B = 0, MODE5A = 0, MODE5B = 0, MODE6A = 0, MODE6B = 0, MODE7A = 0, MODE7B = 0 : NULL
01494 Command = 84, MODE8A = 1, MODE8B = 1, MODE9A = 6, MODE9B = 6, MODE10A = 1, MODE10B = 1, GLOBAL_KP = 255, GLOBAL_KI = 255 : NULL : WAIT = 0.5
01495 Command = 0, MODE8A = 0, MODE8B = 0, MODE9A = 0, MODE9B = 0, MODE10A = 0, MODE10B = 0, GLOBAL_KP = 0, GLOBAL_KI = 0 : NULL
01496 Command = 82, Enable_Fault_Reset = 1, Save_Configuration = 1, Enable_DPLTx = 1, Enable_DPLF1 = 1, Enable_DPLF2 = 1 : NULL : WAIT = 0.5
01497 #clear multiplex
01497 Command = 0, Enable_Fault_Reset = 0, Save_Configuration = 0, Enable_DPLTx = 0, Enable_DPLF1 = 0, Enable_DPLF2 = 0 : NULL
01498 #switch input to load line
01498 J2_04 = 1 : NULL : WAIT = 0.1
01499 
01499 #TESTING - ModeIndex 18 PortIndex 3
01499 PwrSetVoltage = 50.0 : NULL : WAIT = 0.1
01500 J4_01 = 1 : NULL : WAIT = 0.1
01501 SWEEP-RUNNING DEATHSWEEP!
Connected: RIGOL TECHNOLOGIES,DP832,DP8C180100022,00.01.19
VISA resource: USB0::0x1AB1::0x0E11::DP8C180100022::INSTR
Sweeping CH2 mode=updown: 4.320000 V -> 4.430000 V -> 4.320000 V in 0.001000 V steps (221 points)
       0/220 set=4.320000 V elapsed=0.031s rate=32.26 steps/s
      50/220 set=4.370000 V elapsed=1.125s rate=45.33 steps/s eta=3.750s
     100/220 set=4.420000 V elapsed=2.188s rate=46.16 steps/s eta=2.600s
     150/220 set=4.390000 V elapsed=3.281s rate=46.02 steps/s eta=1.521s
     200/220 set=4.340000 V elapsed=4.344s rate=46.27 steps/s eta=0.432s
Sweep complete. Elapsed: 4.781s
Output turned OFF.


01501 J4_01 = 0 : NULL : WAIT = 0.1
01502 #test for lockup
01502 NULL : Input_3B = 0 | 0.1 | 0.1
01502 TEST: Input_3B 0.0 +/- 0.1
01502 PASS: Input_3B 0.0
01503 J0_09_TEST_SUPPLY = 1 : NULL : WAIT = 0.1
01504 NULL : Input_3B = 1 | 0.1 | 0.1
01504 TEST: Input_3B 1.0 +/- 0.1
01504 PASS: Input_3B 1.0
01505 J0_09_TEST_SUPPLY = 0 : NULL : WAIT = 0.1
01506 NULL : Input_3B = 0 | 0.1 | 0.1
01506 TEST: Input_3B 0.0 +/- 0.1
01506 PASS: Input_3B 0.0
01507 
01507 #Finished with port
01507 #switch out input
01507 J2_04 = 0 : NULL : WAIT = 0.1
01508 
01508 
01508 #Finished with mode
01508 #cycle IGN to reset lockup
01508 RLY_K1 = 1 : NULL : WAIT = 2
01509 RLY_K1 = 0 : NULL : WAIT = 1
01510 #-----setup 39009-----
01510 #configure
01510 Command = 82, MODE1 = 0, MODE2 = 0, Enable_24VDC = 0, Analog_Raw_Value = 0 : NULL : WAIT = 0.5
01511 Command = 0, MODE1 = 0, MODE2 = 0, Enable_24VDC = 0, Analog_Raw_Value = 0 : NULL : WAIT = 0.5
01512 Command = 83, MODE1A = 7, MODE1B = 1, MODE2A = 1, MODE2B = 1, MODE3A = 1, MODE3B = 4, MODE4A = 1, MODE4B = 1, MODE5A = 6, MODE5B = 6, MODE6A = 1, MODE6B = 1, MODE7A = 6, MODE7B = 6 : NULL : WAIT = 0.5
01513 Command = 0, MODE1A = 0, MODE1B = 0, MODE2A = 0, MODE2B = 0, MODE3A = 0, MODE3B = 0, MODE4A = 0, MODE4B = 0, MODE5A = 0, MODE5B = 0, MODE6A = 0, MODE6B = 0, MODE7A = 0, MODE7B = 0 : NULL
01514 Command = 84, MODE8A = 1, MODE8B = 1, MODE9A = 6, MODE9B = 6, MODE10A = 1, MODE10B = 1, GLOBAL_KP = 255, GLOBAL_KI = 255 : NULL : WAIT = 0.5
01515 Command = 0, MODE8A = 0, MODE8B = 0, MODE9A = 0, MODE9B = 0, MODE10A = 0, MODE10B = 0, GLOBAL_KP = 0, GLOBAL_KI = 0 : NULL
01516 Command = 82, Enable_Fault_Reset = 1, Save_Configuration = 1, Enable_DPLTx = 1, Enable_DPLF1 = 1, Enable_DPLF2 = 1 : NULL : WAIT = 0.5
01517 #clear multiplex
01517 Command = 0, Enable_Fault_Reset = 0, Save_Configuration = 0, Enable_DPLTx = 0, Enable_DPLF1 = 0, Enable_DPLF2 = 0 : NULL
01518 #switch input to load line
01518 J2_01 = 1 : NULL : WAIT = 0.1
01519 
01519 #TESTING - ModeIndex 19 PortIndex 0
01519 AfgFreqSet = 100 : NULL : WAIT = 0.1
01520 #test for lockup
01520 NULL : Hertz_Count_Input1A = 0 | 0.1 | 0.1
01520 TEST: Hertz_Count_Input1A 0.0 +/- 0.1
01520 PASS: Hertz_Count_Input1A 0.0
01521 J0_11_FREQ_GEN = 1 : NULL : WAIT = 0.1
01522 NULL : Hertz_Count_Input1A = 100 | 30 | 0.1
01522 TEST: Hertz_Count_Input1A 100.0 +/- 30.0
01522 PASS: Hertz_Count_Input1A 99.0
01523 J0_11_FREQ_GEN = 0 : NULL : WAIT = 0.1
01524 NULL : Hertz_Count_Input1A = 0 | 0.1 | 0.1
01524 TEST: Hertz_Count_Input1A 0.0 +/- 0.1
01524 PASS: Hertz_Count_Input1A 0.0
01525 
01525 #Finished with port
01525 #switch out input
01525 J2_01 = 0 : NULL : WAIT = 0.1
01526 
01526 #cycle IGN to reset lockup
01526 RLY_K1 = 1 : NULL : WAIT = 2
01527 RLY_K1 = 0 : NULL : WAIT = 1
01528 #-----setup 39009-----
01528 #configure
01528 Command = 82, MODE1 = 0, MODE2 = 0, Enable_24VDC = 0, Analog_Raw_Value = 0 : NULL : WAIT = 0.5
01529 Command = 0, MODE1 = 0, MODE2 = 0, Enable_24VDC = 0, Analog_Raw_Value = 0 : NULL : WAIT = 0.5
01530 Command = 83, MODE1A = 7, MODE1B = 1, MODE2A = 1, MODE2B = 1, MODE3A = 1, MODE3B = 4, MODE4A = 1, MODE4B = 1, MODE5A = 6, MODE5B = 6, MODE6A = 1, MODE6B = 1, MODE7A = 6, MODE7B = 6 : NULL : WAIT = 0.5
01531 Command = 0, MODE1A = 0, MODE1B = 0, MODE2A = 0, MODE2B = 0, MODE3A = 0, MODE3B = 0, MODE4A = 0, MODE4B = 0, MODE5A = 0, MODE5B = 0, MODE6A = 0, MODE6B = 0, MODE7A = 0, MODE7B = 0 : NULL
01532 Command = 84, MODE8A = 1, MODE8B = 1, MODE9A = 6, MODE9B = 6, MODE10A = 1, MODE10B = 1, GLOBAL_KP = 255, GLOBAL_KI = 255 : NULL : WAIT = 0.5
01533 Command = 0, MODE8A = 0, MODE8B = 0, MODE9A = 0, MODE9B = 0, MODE10A = 0, MODE10B = 0, GLOBAL_KP = 0, GLOBAL_KI = 0 : NULL
01534 Command = 82, Enable_Fault_Reset = 1, Save_Configuration = 1, Enable_DPLTx = 1, Enable_DPLF1 = 1, Enable_DPLF2 = 1 : NULL : WAIT = 0.5
01535 #clear multiplex
01535 Command = 0, Enable_Fault_Reset = 0, Save_Configuration = 0, Enable_DPLTx = 0, Enable_DPLF1 = 0, Enable_DPLF2 = 0 : NULL
01536 #switch input to load line
01536 J2_02 = 1 : NULL : WAIT = 0.1
01537 
01537 #TESTING - ModeIndex 19 PortIndex 1
01537 PwrSetVoltage = 50.0 : NULL : WAIT = 0.1
01538 J4_01 = 1 : NULL : WAIT = 0.1
01539 SWEEP-RUNNING DEATHSWEEP!
Connected: RIGOL TECHNOLOGIES,DP832,DP8C180100022,00.01.19
VISA resource: USB0::0x1AB1::0x0E11::DP8C180100022::INSTR
Sweeping CH2 mode=updown: 4.320000 V -> 4.430000 V -> 4.320000 V in 0.001000 V steps (221 points)
       0/220 set=4.320000 V elapsed=0.031s rate=32.26 steps/s
      50/220 set=4.370000 V elapsed=1.125s rate=45.33 steps/s eta=3.750s
     100/220 set=4.420000 V elapsed=2.203s rate=45.85 steps/s eta=2.617s
     150/220 set=4.390000 V elapsed=3.312s rate=45.59 steps/s eta=1.535s
     200/220 set=4.340000 V elapsed=4.422s rate=45.45 steps/s eta=0.440s
Sweep complete. Elapsed: 4.843s
Output turned OFF.


01539 J4_01 = 0 : NULL : WAIT = 0.1
01540 #test for lockup
01540 NULL : Input_1B = 0 | 0.1 | 0.1
01540 TEST: Input_1B 0.0 +/- 0.1
01540 PASS: Input_1B 0.0
01541 J0_09_TEST_SUPPLY = 1 : NULL : WAIT = 0.1
01542 NULL : Input_1B = 1 | 0.1 | 0.1
01542 TEST: Input_1B 1.0 +/- 0.1
01542 PASS: Input_1B 1.0
01543 J0_09_TEST_SUPPLY = 0 : NULL : WAIT = 0.1
01544 NULL : Input_1B = 0 | 0.1 | 0.1
01544 TEST: Input_1B 0.0 +/- 0.1
01544 PASS: Input_1B 0.0
01545 
01545 #Finished with port
01545 #switch out input
01545 J2_02 = 0 : NULL : WAIT = 0.1
01546 
01546 #cycle IGN to reset lockup
01546 RLY_K1 = 1 : NULL : WAIT = 2
01547 RLY_K1 = 0 : NULL : WAIT = 1
01548 #-----setup 39009-----
01548 #configure
01548 Command = 82, MODE1 = 0, MODE2 = 0, Enable_24VDC = 0, Analog_Raw_Value = 0 : NULL : WAIT = 0.5
01549 Command = 0, MODE1 = 0, MODE2 = 0, Enable_24VDC = 0, Analog_Raw_Value = 0 : NULL : WAIT = 0.5
01550 Command = 83, MODE1A = 7, MODE1B = 1, MODE2A = 1, MODE2B = 1, MODE3A = 1, MODE3B = 4, MODE4A = 1, MODE4B = 1, MODE5A = 6, MODE5B = 6, MODE6A = 1, MODE6B = 1, MODE7A = 6, MODE7B = 6 : NULL : WAIT = 0.5
01551 Command = 0, MODE1A = 0, MODE1B = 0, MODE2A = 0, MODE2B = 0, MODE3A = 0, MODE3B = 0, MODE4A = 0, MODE4B = 0, MODE5A = 0, MODE5B = 0, MODE6A = 0, MODE6B = 0, MODE7A = 0, MODE7B = 0 : NULL
01552 Command = 84, MODE8A = 1, MODE8B = 1, MODE9A = 6, MODE9B = 6, MODE10A = 1, MODE10B = 1, GLOBAL_KP = 255, GLOBAL_KI = 255 : NULL : WAIT = 0.5
01553 Command = 0, MODE8A = 0, MODE8B = 0, MODE9A = 0, MODE9B = 0, MODE10A = 0, MODE10B = 0, GLOBAL_KP = 0, GLOBAL_KI = 0 : NULL
01554 Command = 82, Enable_Fault_Reset = 1, Save_Configuration = 1, Enable_DPLTx = 1, Enable_DPLF1 = 1, Enable_DPLF2 = 1 : NULL : WAIT = 0.5
01555 #clear multiplex
01555 Command = 0, Enable_Fault_Reset = 0, Save_Configuration = 0, Enable_DPLTx = 0, Enable_DPLF1 = 0, Enable_DPLF2 = 0 : NULL
01556 #switch input to load line
01556 J2_03 = 1 : NULL : WAIT = 0.1
01557 
01557 #TESTING - ModeIndex 19 PortIndex 2
01557 PwrSetVoltage = 50.0 : NULL : WAIT = 0.1
01558 J4_01 = 1 : NULL : WAIT = 0.1
01559 SWEEP-RUNNING DEATHSWEEP!
Connected: RIGOL TECHNOLOGIES,DP832,DP8C180100022,00.01.19
VISA resource: USB0::0x1AB1::0x0E11::DP8C180100022::INSTR
Sweeping CH2 mode=updown: 4.320000 V -> 4.430000 V -> 4.320000 V in 0.001000 V steps (221 points)
       0/220 set=4.320000 V elapsed=0.016s rate=62.50 steps/s
      50/220 set=4.370000 V elapsed=1.125s rate=45.33 steps/s eta=3.750s
     100/220 set=4.420000 V elapsed=2.219s rate=45.52 steps/s eta=2.636s
     150/220 set=4.390000 V elapsed=3.329s rate=45.36 steps/s eta=1.543s
     200/220 set=4.340000 V elapsed=4.391s rate=45.78 steps/s eta=0.437s
Sweep complete. Elapsed: 4.813s
Output turned OFF.


01559 J4_01 = 0 : NULL : WAIT = 0.1
01560 #test for lockup
01560 NULL : Input_3A = 0 | 0.1 | 0.1
01560 TEST: Input_3A 0.0 +/- 0.1
01560 PASS: Input_3A 0.0
01561 J0_09_TEST_SUPPLY = 1 : NULL : WAIT = 0.1
01562 NULL : Input_3A = 1 | 0.1 | 0.1
01562 TEST: Input_3A 1.0 +/- 0.1
01562 PASS: Input_3A 1.0
01563 J0_09_TEST_SUPPLY = 0 : NULL : WAIT = 0.1
01564 NULL : Input_3A = 0 | 0.1 | 0.1
01564 TEST: Input_3A 0.0 +/- 0.1
01564 PASS: Input_3A 0.0
01565 
01565 #Finished with port
01565 #switch out input
01565 J2_03 = 0 : NULL : WAIT = 0.1
01566 
01566 #cycle IGN to reset lockup
01566 RLY_K1 = 1 : NULL : WAIT = 2
01567 RLY_K1 = 0 : NULL : WAIT = 1
01568 #-----setup 39009-----
01568 #configure
01568 Command = 82, MODE1 = 0, MODE2 = 0, Enable_24VDC = 0, Analog_Raw_Value = 0 : NULL : WAIT = 0.5
01569 Command = 0, MODE1 = 0, MODE2 = 0, Enable_24VDC = 0, Analog_Raw_Value = 0 : NULL : WAIT = 0.5
01570 Command = 83, MODE1A = 7, MODE1B = 1, MODE2A = 1, MODE2B = 1, MODE3A = 1, MODE3B = 4, MODE4A = 1, MODE4B = 1, MODE5A = 6, MODE5B = 6, MODE6A = 1, MODE6B = 1, MODE7A = 6, MODE7B = 6 : NULL : WAIT = 0.5
01571 Command = 0, MODE1A = 0, MODE1B = 0, MODE2A = 0, MODE2B = 0, MODE3A = 0, MODE3B = 0, MODE4A = 0, MODE4B = 0, MODE5A = 0, MODE5B = 0, MODE6A = 0, MODE6B = 0, MODE7A = 0, MODE7B = 0 : NULL
01572 Command = 84, MODE8A = 1, MODE8B = 1, MODE9A = 6, MODE9B = 6, MODE10A = 1, MODE10B = 1, GLOBAL_KP = 255, GLOBAL_KI = 255 : NULL : WAIT = 0.5
01573 Command = 0, MODE8A = 0, MODE8B = 0, MODE9A = 0, MODE9B = 0, MODE10A = 0, MODE10B = 0, GLOBAL_KP = 0, GLOBAL_KI = 0 : NULL
01574 Command = 82, Enable_Fault_Reset = 1, Save_Configuration = 1, Enable_DPLTx = 1, Enable_DPLF1 = 1, Enable_DPLF2 = 1 : NULL : WAIT = 0.5
01575 #clear multiplex
01575 Command = 0, Enable_Fault_Reset = 0, Save_Configuration = 0, Enable_DPLTx = 0, Enable_DPLF1 = 0, Enable_DPLF2 = 0 : NULL
01576 #switch input to load line
01576 J2_04 = 1 : NULL : WAIT = 0.1
01577 
01577 #TESTING - ModeIndex 19 PortIndex 3
01577 PwrSetVoltage = 50.0 : NULL : WAIT = 0.1
01578 J4_01 = 1 : NULL : WAIT = 0.1
01579 SWEEP-RUNNING DEATHSWEEP!
Connected: RIGOL TECHNOLOGIES,DP832,DP8C180100022,00.01.19
VISA resource: USB0::0x1AB1::0x0E11::DP8C180100022::INSTR
Sweeping CH2 mode=updown: 4.320000 V -> 4.430000 V -> 4.320000 V in 0.001000 V steps (221 points)
       0/220 set=4.320000 V elapsed=0.047s rate=21.28 steps/s
      50/220 set=4.370000 V elapsed=1.141s rate=44.70 steps/s eta=3.803s
     100/220 set=4.420000 V elapsed=2.234s rate=45.21 steps/s eta=2.654s
     150/220 set=4.390000 V elapsed=3.344s rate=45.16 steps/s eta=1.550s
     200/220 set=4.340000 V elapsed=4.438s rate=45.29 steps/s eta=0.442s
Sweep complete. Elapsed: 4.891s
Output turned OFF.


01579 J4_01 = 0 : NULL : WAIT = 0.1
01580 #test for lockup
01580 NULL : Port_3B = 0 | 0.1 | 0.1
01580 TEST: Port_3B 0.0 +/- 0.1
01580 PASS: Port_3B 0.0
01581 J0_09_TEST_SUPPLY = 1 : NULL : WAIT = 0.1
01582 NULL : Port_3B = 5.0 | 0.1 | 0.1
01582 TEST: Port_3B 5.0 +/- 0.1
01582 PASS: Port_3B 4.976
01583 J0_09_TEST_SUPPLY = 0 : NULL : WAIT = 0.1
01584 NULL : Port_3B = 0 | 0.1 | 0.1
01584 TEST: Port_3B 0.0 +/- 0.1
01584 PASS: Port_3B 0.086
01585 
01585 #Finished with port
01585 #switch out input
01585 J2_04 = 0 : NULL : WAIT = 0.1
01586 
01586 
01586 #Finished with mode
01586 #cycle IGN to reset lockup
01586 RLY_K1 = 1 : NULL : WAIT = 2
01587 RLY_K1 = 0 : NULL : WAIT = 1
01588 #-----setup 39009-----
01588 #configure
01588 Command = 82, MODE1 = 0, MODE2 = 0, Enable_24VDC = 0, Analog_Raw_Value = 0 : NULL : WAIT = 0.5
01589 Command = 0, MODE1 = 0, MODE2 = 0, Enable_24VDC = 0, Analog_Raw_Value = 0 : NULL : WAIT = 0.5
01590 Command = 83, MODE1A = 7, MODE1B = 1, MODE2A = 1, MODE2B = 1, MODE3A = 1, MODE3B = 1, MODE4A = 1, MODE4B = 1, MODE5A = 6, MODE5B = 6, MODE6A = 1, MODE6B = 1, MODE7A = 6, MODE7B = 6 : NULL : WAIT = 0.5
01591 Command = 0, MODE1A = 0, MODE1B = 0, MODE2A = 0, MODE2B = 0, MODE3A = 0, MODE3B = 0, MODE4A = 0, MODE4B = 0, MODE5A = 0, MODE5B = 0, MODE6A = 0, MODE6B = 0, MODE7A = 0, MODE7B = 0 : NULL
01592 Command = 84, MODE8A = 1, MODE8B = 1, MODE9A = 6, MODE9B = 6, MODE10A = 1, MODE10B = 1, GLOBAL_KP = 255, GLOBAL_KI = 255 : NULL : WAIT = 0.5
01593 Command = 0, MODE8A = 0, MODE8B = 0, MODE9A = 0, MODE9B = 0, MODE10A = 0, MODE10B = 0, GLOBAL_KP = 0, GLOBAL_KI = 0 : NULL
01594 Command = 82, Enable_Fault_Reset = 1, Save_Configuration = 1, Enable_DPLTx = 1, Enable_DPLF1 = 1, Enable_DPLF2 = 1 : NULL : WAIT = 0.5
01595 #clear multiplex
01595 Command = 0, Enable_Fault_Reset = 0, Save_Configuration = 0, Enable_DPLTx = 0, Enable_DPLF1 = 0, Enable_DPLF2 = 0 : NULL
01596 #switch input to load line
01596 J2_01 = 1 : NULL : WAIT = 0.1
01597 
01597 #TESTING - ModeIndex 20 PortIndex 0
01597 AfgFreqSet = 100 : NULL : WAIT = 0.1
01598 #test for lockup
01598 NULL : Hertz_Count_Input1A = 0 | 0.1 | 0.1
01598 TEST: Hertz_Count_Input1A 0.0 +/- 0.1
01598 PASS: Hertz_Count_Input1A 0.0
01599 J0_11_FREQ_GEN = 1 : NULL : WAIT = 0.1
01600 NULL : Hertz_Count_Input1A = 100 | 30 | 0.1
01600 TEST: Hertz_Count_Input1A 100.0 +/- 30.0
01600 PASS: Hertz_Count_Input1A 99.0
01601 J0_11_FREQ_GEN = 0 : NULL : WAIT = 0.1
01602 NULL : Hertz_Count_Input1A = 0 | 0.1 | 0.1
01602 TEST: Hertz_Count_Input1A 0.0 +/- 0.1
01602 PASS: Hertz_Count_Input1A 0.0
01603 
01603 #Finished with port
01603 #switch out input
01603 J2_01 = 0 : NULL : WAIT = 0.1
01604 
01604 #cycle IGN to reset lockup
01604 RLY_K1 = 1 : NULL : WAIT = 2
01605 RLY_K1 = 0 : NULL : WAIT = 1
01606 #-----setup 39009-----
01606 #configure
01606 Command = 82, MODE1 = 0, MODE2 = 0, Enable_24VDC = 0, Analog_Raw_Value = 0 : NULL : WAIT = 0.5
01607 Command = 0, MODE1 = 0, MODE2 = 0, Enable_24VDC = 0, Analog_Raw_Value = 0 : NULL : WAIT = 0.5
01608 Command = 83, MODE1A = 7, MODE1B = 1, MODE2A = 1, MODE2B = 1, MODE3A = 1, MODE3B = 1, MODE4A = 1, MODE4B = 1, MODE5A = 6, MODE5B = 6, MODE6A = 1, MODE6B = 1, MODE7A = 6, MODE7B = 6 : NULL : WAIT = 0.5
01609 Command = 0, MODE1A = 0, MODE1B = 0, MODE2A = 0, MODE2B = 0, MODE3A = 0, MODE3B = 0, MODE4A = 0, MODE4B = 0, MODE5A = 0, MODE5B = 0, MODE6A = 0, MODE6B = 0, MODE7A = 0, MODE7B = 0 : NULL
01610 Command = 84, MODE8A = 1, MODE8B = 1, MODE9A = 6, MODE9B = 6, MODE10A = 1, MODE10B = 1, GLOBAL_KP = 255, GLOBAL_KI = 255 : NULL : WAIT = 0.5
01611 Command = 0, MODE8A = 0, MODE8B = 0, MODE9A = 0, MODE9B = 0, MODE10A = 0, MODE10B = 0, GLOBAL_KP = 0, GLOBAL_KI = 0 : NULL
01612 Command = 82, Enable_Fault_Reset = 1, Save_Configuration = 1, Enable_DPLTx = 1, Enable_DPLF1 = 1, Enable_DPLF2 = 1 : NULL : WAIT = 0.5
01613 #clear multiplex
01613 Command = 0, Enable_Fault_Reset = 0, Save_Configuration = 0, Enable_DPLTx = 0, Enable_DPLF1 = 0, Enable_DPLF2 = 0 : NULL
01614 #switch input to load line
01614 J2_02 = 1 : NULL : WAIT = 0.1
01615 
01615 #TESTING - ModeIndex 20 PortIndex 1
01615 PwrSetVoltage = 50.0 : NULL : WAIT = 0.1
01616 J4_01 = 1 : NULL : WAIT = 0.1
01617 SWEEP-RUNNING DEATHSWEEP!
Connected: RIGOL TECHNOLOGIES,DP832,DP8C180100022,00.01.19
VISA resource: USB0::0x1AB1::0x0E11::DP8C180100022::INSTR
Sweeping CH2 mode=updown: 4.320000 V -> 4.430000 V -> 4.320000 V in 0.001000 V steps (221 points)
       0/220 set=4.320000 V elapsed=0.015s rate=66.67 steps/s
      50/220 set=4.370000 V elapsed=1.093s rate=46.66 steps/s eta=3.643s
     100/220 set=4.420000 V elapsed=2.187s rate=46.18 steps/s eta=2.598s
     150/220 set=4.390000 V elapsed=3.250s rate=46.46 steps/s eta=1.507s
     200/220 set=4.340000 V elapsed=4.390s rate=45.79 steps/s eta=0.437s
Sweep complete. Elapsed: 4.797s
Output turned OFF.


01617 J4_01 = 0 : NULL : WAIT = 0.1
01618 #test for lockup
01618 NULL : Input_1B = 0 | 0.1 | 0.1
01618 TEST: Input_1B 0.0 +/- 0.1
01618 PASS: Input_1B 0.0
01619 J0_09_TEST_SUPPLY = 1 : NULL : WAIT = 0.1
01620 NULL : Input_1B = 1 | 0.1 | 0.1
01620 TEST: Input_1B 1.0 +/- 0.1
01620 PASS: Input_1B 1.0
01621 J0_09_TEST_SUPPLY = 0 : NULL : WAIT = 0.1
01622 NULL : Input_1B = 0 | 0.1 | 0.1
01622 TEST: Input_1B 0.0 +/- 0.1
01622 PASS: Input_1B 0.0
01623 
01623 #Finished with port
01623 #switch out input
01623 J2_02 = 0 : NULL : WAIT = 0.1
01624 
01624 #cycle IGN to reset lockup
01624 RLY_K1 = 1 : NULL : WAIT = 2
01625 RLY_K1 = 0 : NULL : WAIT = 1
01626 #-----setup 39009-----
01626 #configure
01626 Command = 82, MODE1 = 0, MODE2 = 0, Enable_24VDC = 0, Analog_Raw_Value = 0 : NULL : WAIT = 0.5
01627 Command = 0, MODE1 = 0, MODE2 = 0, Enable_24VDC = 0, Analog_Raw_Value = 0 : NULL : WAIT = 0.5
01628 Command = 83, MODE1A = 7, MODE1B = 1, MODE2A = 1, MODE2B = 1, MODE3A = 1, MODE3B = 1, MODE4A = 1, MODE4B = 1, MODE5A = 6, MODE5B = 6, MODE6A = 1, MODE6B = 1, MODE7A = 6, MODE7B = 6 : NULL : WAIT = 0.5
01629 Command = 0, MODE1A = 0, MODE1B = 0, MODE2A = 0, MODE2B = 0, MODE3A = 0, MODE3B = 0, MODE4A = 0, MODE4B = 0, MODE5A = 0, MODE5B = 0, MODE6A = 0, MODE6B = 0, MODE7A = 0, MODE7B = 0 : NULL
01630 Command = 84, MODE8A = 1, MODE8B = 1, MODE9A = 6, MODE9B = 6, MODE10A = 1, MODE10B = 1, GLOBAL_KP = 255, GLOBAL_KI = 255 : NULL : WAIT = 0.5
01631 Command = 0, MODE8A = 0, MODE8B = 0, MODE9A = 0, MODE9B = 0, MODE10A = 0, MODE10B = 0, GLOBAL_KP = 0, GLOBAL_KI = 0 : NULL
01632 Command = 82, Enable_Fault_Reset = 1, Save_Configuration = 1, Enable_DPLTx = 1, Enable_DPLF1 = 1, Enable_DPLF2 = 1 : NULL : WAIT = 0.5
01633 #clear multiplex
01633 Command = 0, Enable_Fault_Reset = 0, Save_Configuration = 0, Enable_DPLTx = 0, Enable_DPLF1 = 0, Enable_DPLF2 = 0 : NULL
01634 #switch input to load line
01634 J2_03 = 1 : NULL : WAIT = 0.1
01635 
01635 #TESTING - ModeIndex 20 PortIndex 2
01635 PwrSetVoltage = 50.0 : NULL : WAIT = 0.1
01636 J4_01 = 1 : NULL : WAIT = 0.1
01637 SWEEP-RUNNING DEATHSWEEP!
Connected: RIGOL TECHNOLOGIES,DP832,DP8C180100022,00.01.19
VISA resource: USB0::0x1AB1::0x0E11::DP8C180100022::INSTR
Sweeping CH2 mode=updown: 4.320000 V -> 4.430000 V -> 4.320000 V in 0.001000 V steps (221 points)
       0/220 set=4.320000 V elapsed=0.015s rate=66.67 steps/s
      50/220 set=4.370000 V elapsed=1.109s rate=45.99 steps/s eta=3.697s
     100/220 set=4.420000 V elapsed=2.203s rate=45.85 steps/s eta=2.617s
     150/220 set=4.390000 V elapsed=3.265s rate=46.25 steps/s eta=1.514s
     200/220 set=4.340000 V elapsed=4.359s rate=46.11 steps/s eta=0.434s
Sweep complete. Elapsed: 4.781s
Output turned OFF.


01637 J4_01 = 0 : NULL : WAIT = 0.1
01638 #test for lockup
01638 NULL : Input_3A = 0 | 0.1 | 0.1
01638 TEST: Input_3A 0.0 +/- 0.1
01638 PASS: Input_3A 0.0
01639 J0_09_TEST_SUPPLY = 1 : NULL : WAIT = 0.1
01640 NULL : Input_3A = 1 | 0.1 | 0.1
01640 TEST: Input_3A 1.0 +/- 0.1
01640 PASS: Input_3A 1.0
01641 J0_09_TEST_SUPPLY = 0 : NULL : WAIT = 0.1
01642 NULL : Input_3A = 0 | 0.1 | 0.1
01642 TEST: Input_3A 0.0 +/- 0.1
01642 PASS: Input_3A 0.0
01643 
01643 #Finished with port
01643 #switch out input
01643 J2_03 = 0 : NULL : WAIT = 0.1
01644 
01644 #cycle IGN to reset lockup
01644 RLY_K1 = 1 : NULL : WAIT = 2
01645 RLY_K1 = 0 : NULL : WAIT = 1
01646 #-----setup 39009-----
01646 #configure
01646 Command = 82, MODE1 = 0, MODE2 = 0, Enable_24VDC = 0, Analog_Raw_Value = 0 : NULL : WAIT = 0.5
01647 Command = 0, MODE1 = 0, MODE2 = 0, Enable_24VDC = 0, Analog_Raw_Value = 0 : NULL : WAIT = 0.5
01648 Command = 83, MODE1A = 7, MODE1B = 1, MODE2A = 1, MODE2B = 1, MODE3A = 1, MODE3B = 1, MODE4A = 1, MODE4B = 1, MODE5A = 6, MODE5B = 6, MODE6A = 1, MODE6B = 1, MODE7A = 6, MODE7B = 6 : NULL : WAIT = 0.5
01649 Command = 0, MODE1A = 0, MODE1B = 0, MODE2A = 0, MODE2B = 0, MODE3A = 0, MODE3B = 0, MODE4A = 0, MODE4B = 0, MODE5A = 0, MODE5B = 0, MODE6A = 0, MODE6B = 0, MODE7A = 0, MODE7B = 0 : NULL
01650 Command = 84, MODE8A = 1, MODE8B = 1, MODE9A = 6, MODE9B = 6, MODE10A = 1, MODE10B = 1, GLOBAL_KP = 255, GLOBAL_KI = 255 : NULL : WAIT = 0.5
01651 Command = 0, MODE8A = 0, MODE8B = 0, MODE9A = 0, MODE9B = 0, MODE10A = 0, MODE10B = 0, GLOBAL_KP = 0, GLOBAL_KI = 0 : NULL
01652 Command = 82, Enable_Fault_Reset = 1, Save_Configuration = 1, Enable_DPLTx = 1, Enable_DPLF1 = 1, Enable_DPLF2 = 1 : NULL : WAIT = 0.5
01653 #clear multiplex
01653 Command = 0, Enable_Fault_Reset = 0, Save_Configuration = 0, Enable_DPLTx = 0, Enable_DPLF1 = 0, Enable_DPLF2 = 0 : NULL
01654 #switch input to load line
01654 J2_04 = 1 : NULL : WAIT = 0.1
01655 
01655 #TESTING - ModeIndex 20 PortIndex 3
01655 PwrSetVoltage = 50.0 : NULL : WAIT = 0.1
01656 J4_01 = 1 : NULL : WAIT = 0.1
01657 SWEEP-RUNNING DEATHSWEEP!
Connected: RIGOL TECHNOLOGIES,DP832,DP8C180100022,00.01.19
VISA resource: USB0::0x1AB1::0x0E11::DP8C180100022::INSTR
Sweeping CH2 mode=updown: 4.320000 V -> 4.430000 V -> 4.320000 V in 0.001000 V steps (221 points)
       0/220 set=4.320000 V elapsed=0.031s rate=32.26 steps/s
      50/220 set=4.370000 V elapsed=1.156s rate=44.12 steps/s eta=3.853s
     100/220 set=4.420000 V elapsed=2.250s rate=44.89 steps/s eta=2.673s
     150/220 set=4.390000 V elapsed=3.328s rate=45.37 steps/s eta=1.543s
     200/220 set=4.340000 V elapsed=4.437s rate=45.30 steps/s eta=0.441s
Sweep complete. Elapsed: 4.875s
Output turned OFF.


01657 J4_01 = 0 : NULL : WAIT = 0.1
01658 #test for lockup
01658 NULL : Input_3B = 0 | 0.1 | 0.1
01658 TEST: Input_3B 0.0 +/- 0.1
01658 PASS: Input_3B 0.0
01659 J0_09_TEST_SUPPLY = 1 : NULL : WAIT = 0.1
01660 NULL : Input_3B = 1 | 0.1 | 0.1
01660 TEST: Input_3B 1.0 +/- 0.1
01660 PASS: Input_3B 1.0
01661 J0_09_TEST_SUPPLY = 0 : NULL : WAIT = 0.1
01662 NULL : Input_3B = 0 | 0.1 | 0.1
01662 TEST: Input_3B 0.0 +/- 0.1
01662 PASS: Input_3B 0.0
01663 
01663 #Finished with port
01663 #switch out input
01663 J2_04 = 0 : NULL : WAIT = 0.1
01664 
01664 
01664 #Finished with mode
01664 #cycle IGN to reset lockup
01664 RLY_K1 = 1 : NULL : WAIT = 2
01665 RLY_K1 = 0 : NULL : WAIT = 1
01666 #-----setup 39009-----
01666 #configure
01666 Command = 82, MODE1 = 0, MODE2 = 0, Enable_24VDC = 0, Analog_Raw_Value = 0 : NULL : WAIT = 0.5
01667 Command = 0, MODE1 = 0, MODE2 = 0, Enable_24VDC = 0, Analog_Raw_Value = 0 : NULL : WAIT = 0.5
01668 Command = 83, MODE1A = 7, MODE1B = 4, MODE2A = 1, MODE2B = 1, MODE3A = 4, MODE3B = 4, MODE4A = 1, MODE4B = 1, MODE5A = 6, MODE5B = 6, MODE6A = 1, MODE6B = 1, MODE7A = 6, MODE7B = 6 : NULL : WAIT = 0.5
01669 Command = 0, MODE1A = 0, MODE1B = 0, MODE2A = 0, MODE2B = 0, MODE3A = 0, MODE3B = 0, MODE4A = 0, MODE4B = 0, MODE5A = 0, MODE5B = 0, MODE6A = 0, MODE6B = 0, MODE7A = 0, MODE7B = 0 : NULL
01670 Command = 84, MODE8A = 1, MODE8B = 1, MODE9A = 6, MODE9B = 6, MODE10A = 1, MODE10B = 1, GLOBAL_KP = 255, GLOBAL_KI = 255 : NULL : WAIT = 0.5
01671 Command = 0, MODE8A = 0, MODE8B = 0, MODE9A = 0, MODE9B = 0, MODE10A = 0, MODE10B = 0, GLOBAL_KP = 0, GLOBAL_KI = 0 : NULL
01672 Command = 82, Enable_Fault_Reset = 1, Save_Configuration = 1, Enable_DPLTx = 1, Enable_DPLF1 = 1, Enable_DPLF2 = 1 : NULL : WAIT = 0.5
01673 #clear multiplex
01673 Command = 0, Enable_Fault_Reset = 0, Save_Configuration = 0, Enable_DPLTx = 0, Enable_DPLF1 = 0, Enable_DPLF2 = 0 : NULL
01674 #switch input to load line
01674 J2_01 = 1 : NULL : WAIT = 0.1
01675 
01675 #TESTING - ModeIndex 21 PortIndex 0
01675 AfgFreqSet = 100 : NULL : WAIT = 0.1
01676 #test for lockup
01676 NULL : Hertz_Count_Input1A = 0 | 0.1 | 0.1
01676 TEST: Hertz_Count_Input1A 0.0 +/- 0.1
01676 PASS: Hertz_Count_Input1A 0.0
01677 J0_11_FREQ_GEN = 1 : NULL : WAIT = 0.1
01678 NULL : Hertz_Count_Input1A = 100 | 30 | 0.1
01678 TEST: Hertz_Count_Input1A 100.0 +/- 30.0
01678 PASS: Hertz_Count_Input1A 99.0
01679 J0_11_FREQ_GEN = 0 : NULL : WAIT = 0.1
01680 NULL : Hertz_Count_Input1A = 0 | 0.1 | 0.1
01680 TEST: Hertz_Count_Input1A 0.0 +/- 0.1
01680 PASS: Hertz_Count_Input1A 0.0
01681 
01681 #Finished with port
01681 #switch out input
01681 J2_01 = 0 : NULL : WAIT = 0.1
01682 
01682 #cycle IGN to reset lockup
01682 RLY_K1 = 1 : NULL : WAIT = 2
01683 RLY_K1 = 0 : NULL : WAIT = 1
01684 #-----setup 39009-----
01684 #configure
01684 Command = 82, MODE1 = 0, MODE2 = 0, Enable_24VDC = 0, Analog_Raw_Value = 0 : NULL : WAIT = 0.5
01685 Command = 0, MODE1 = 0, MODE2 = 0, Enable_24VDC = 0, Analog_Raw_Value = 0 : NULL : WAIT = 0.5
01686 Command = 83, MODE1A = 7, MODE1B = 4, MODE2A = 1, MODE2B = 1, MODE3A = 4, MODE3B = 4, MODE4A = 1, MODE4B = 1, MODE5A = 6, MODE5B = 6, MODE6A = 1, MODE6B = 1, MODE7A = 6, MODE7B = 6 : NULL : WAIT = 0.5
01687 Command = 0, MODE1A = 0, MODE1B = 0, MODE2A = 0, MODE2B = 0, MODE3A = 0, MODE3B = 0, MODE4A = 0, MODE4B = 0, MODE5A = 0, MODE5B = 0, MODE6A = 0, MODE6B = 0, MODE7A = 0, MODE7B = 0 : NULL
01688 Command = 84, MODE8A = 1, MODE8B = 1, MODE9A = 6, MODE9B = 6, MODE10A = 1, MODE10B = 1, GLOBAL_KP = 255, GLOBAL_KI = 255 : NULL : WAIT = 0.5
01689 Command = 0, MODE8A = 0, MODE8B = 0, MODE9A = 0, MODE9B = 0, MODE10A = 0, MODE10B = 0, GLOBAL_KP = 0, GLOBAL_KI = 0 : NULL
01690 Command = 82, Enable_Fault_Reset = 1, Save_Configuration = 1, Enable_DPLTx = 1, Enable_DPLF1 = 1, Enable_DPLF2 = 1 : NULL : WAIT = 0.5
01691 #clear multiplex
01691 Command = 0, Enable_Fault_Reset = 0, Save_Configuration = 0, Enable_DPLTx = 0, Enable_DPLF1 = 0, Enable_DPLF2 = 0 : NULL
01692 #switch input to load line
01692 J2_02 = 1 : NULL : WAIT = 0.1
01693 
01693 #TESTING - ModeIndex 21 PortIndex 1
01693 PwrSetVoltage = 50.0 : NULL : WAIT = 0.1
01694 J4_01 = 1 : NULL : WAIT = 0.1
01695 SWEEP-RUNNING DEATHSWEEP!
Connected: RIGOL TECHNOLOGIES,DP832,DP8C180100022,00.01.19
VISA resource: USB0::0x1AB1::0x0E11::DP8C180100022::INSTR
Sweeping CH2 mode=updown: 4.320000 V -> 4.430000 V -> 4.320000 V in 0.001000 V steps (221 points)
       0/220 set=4.320000 V elapsed=0.047s rate=21.28 steps/s
      50/220 set=4.370000 V elapsed=1.094s rate=46.62 steps/s eta=3.647s
     100/220 set=4.420000 V elapsed=2.156s rate=46.85 steps/s eta=2.562s
     150/220 set=4.390000 V elapsed=3.234s rate=46.69 steps/s eta=1.499s
     200/220 set=4.340000 V elapsed=4.313s rate=46.60 steps/s eta=0.429s
Sweep complete. Elapsed: 4.734s
Output turned OFF.


01695 J4_01 = 0 : NULL : WAIT = 0.1
01696 #test for lockup
01696 NULL : Port_1B = 0 | 0.1 | 0.1
01696 TEST: Port_1B 0.0 +/- 0.1
01696 PASS: Port_1B 0.0
01697 J0_09_TEST_SUPPLY = 1 : NULL : WAIT = 0.1
01698 NULL : Port_1B = 5.0 | 0.1 | 0.1
01698 TEST: Port_1B 5.0 +/- 0.1
01698 PASS: Port_1B 4.971
01699 J0_09_TEST_SUPPLY = 0 : NULL : WAIT = 0.1
01700 NULL : Port_1B = 0 | 0.1 | 0.1
01700 TEST: Port_1B 0.0 +/- 0.1
01700 PASS: Port_1B 0.082
01701 
01701 #Finished with port
01701 #switch out input
01701 J2_02 = 0 : NULL : WAIT = 0.1
01702 
01702 #cycle IGN to reset lockup
01702 RLY_K1 = 1 : NULL : WAIT = 2
01703 RLY_K1 = 0 : NULL : WAIT = 1
01704 #-----setup 39009-----
01704 #configure
01704 Command = 82, MODE1 = 0, MODE2 = 0, Enable_24VDC = 0, Analog_Raw_Value = 0 : NULL : WAIT = 0.5
01705 Command = 0, MODE1 = 0, MODE2 = 0, Enable_24VDC = 0, Analog_Raw_Value = 0 : NULL : WAIT = 0.5
01706 Command = 83, MODE1A = 7, MODE1B = 4, MODE2A = 1, MODE2B = 1, MODE3A = 4, MODE3B = 4, MODE4A = 1, MODE4B = 1, MODE5A = 6, MODE5B = 6, MODE6A = 1, MODE6B = 1, MODE7A = 6, MODE7B = 6 : NULL : WAIT = 0.5
01707 Command = 0, MODE1A = 0, MODE1B = 0, MODE2A = 0, MODE2B = 0, MODE3A = 0, MODE3B = 0, MODE4A = 0, MODE4B = 0, MODE5A = 0, MODE5B = 0, MODE6A = 0, MODE6B = 0, MODE7A = 0, MODE7B = 0 : NULL
01708 Command = 84, MODE8A = 1, MODE8B = 1, MODE9A = 6, MODE9B = 6, MODE10A = 1, MODE10B = 1, GLOBAL_KP = 255, GLOBAL_KI = 255 : NULL : WAIT = 0.5
01709 Command = 0, MODE8A = 0, MODE8B = 0, MODE9A = 0, MODE9B = 0, MODE10A = 0, MODE10B = 0, GLOBAL_KP = 0, GLOBAL_KI = 0 : NULL
01710 Command = 82, Enable_Fault_Reset = 1, Save_Configuration = 1, Enable_DPLTx = 1, Enable_DPLF1 = 1, Enable_DPLF2 = 1 : NULL : WAIT = 0.5
01711 #clear multiplex
01711 Command = 0, Enable_Fault_Reset = 0, Save_Configuration = 0, Enable_DPLTx = 0, Enable_DPLF1 = 0, Enable_DPLF2 = 0 : NULL
01712 #switch input to load line
01712 J2_03 = 1 : NULL : WAIT = 0.1
01713 
01713 #TESTING - ModeIndex 21 PortIndex 2
01713 PwrSetVoltage = 50.0 : NULL : WAIT = 0.1
01714 J4_01 = 1 : NULL : WAIT = 0.1
01715 SWEEP-RUNNING DEATHSWEEP!
Connected: RIGOL TECHNOLOGIES,DP832,DP8C180100022,00.01.19
VISA resource: USB0::0x1AB1::0x0E11::DP8C180100022::INSTR
Sweeping CH2 mode=updown: 4.320000 V -> 4.430000 V -> 4.320000 V in 0.001000 V steps (221 points)
       0/220 set=4.320000 V elapsed=0.016s rate=62.50 steps/s
      50/220 set=4.370000 V elapsed=1.109s rate=45.99 steps/s eta=3.697s
     100/220 set=4.420000 V elapsed=2.172s rate=46.50 steps/s eta=2.581s
     150/220 set=4.390000 V elapsed=3.266s rate=46.23 steps/s eta=1.514s
     200/220 set=4.340000 V elapsed=4.359s rate=46.11 steps/s eta=0.434s
Sweep complete. Elapsed: 4.781s
Output turned OFF.


01715 J4_01 = 0 : NULL : WAIT = 0.1
01716 #test for lockup
01716 NULL : Port_3A = 0 | 0.1 | 0.1
01716 TEST: Port_3A 0.0 +/- 0.1
01716 PASS: Port_3A 0.0
01717 J0_09_TEST_SUPPLY = 1 : NULL : WAIT = 0.1
01718 NULL : Port_3A = 5.0 | 0.1 | 0.1
01718 TEST: Port_3A 5.0 +/- 0.1
01718 PASS: Port_3A 4.973
01719 J0_09_TEST_SUPPLY = 0 : NULL : WAIT = 0.1
01720 NULL : Port_3A = 0 | 0.1 | 0.1
01720 TEST: Port_3A 0.0 +/- 0.1
01720 PASS: Port_3A 0.073
01721 
01721 #Finished with port
01721 #switch out input
01721 J2_03 = 0 : NULL : WAIT = 0.1
01722 
01722 #cycle IGN to reset lockup
01722 RLY_K1 = 1 : NULL : WAIT = 2
01723 RLY_K1 = 0 : NULL : WAIT = 1
01724 #-----setup 39009-----
01724 #configure
01724 Command = 82, MODE1 = 0, MODE2 = 0, Enable_24VDC = 0, Analog_Raw_Value = 0 : NULL : WAIT = 0.5
01725 Command = 0, MODE1 = 0, MODE2 = 0, Enable_24VDC = 0, Analog_Raw_Value = 0 : NULL : WAIT = 0.5
01726 Command = 83, MODE1A = 7, MODE1B = 4, MODE2A = 1, MODE2B = 1, MODE3A = 4, MODE3B = 4, MODE4A = 1, MODE4B = 1, MODE5A = 6, MODE5B = 6, MODE6A = 1, MODE6B = 1, MODE7A = 6, MODE7B = 6 : NULL : WAIT = 0.5
01727 Command = 0, MODE1A = 0, MODE1B = 0, MODE2A = 0, MODE2B = 0, MODE3A = 0, MODE3B = 0, MODE4A = 0, MODE4B = 0, MODE5A = 0, MODE5B = 0, MODE6A = 0, MODE6B = 0, MODE7A = 0, MODE7B = 0 : NULL
01728 Command = 84, MODE8A = 1, MODE8B = 1, MODE9A = 6, MODE9B = 6, MODE10A = 1, MODE10B = 1, GLOBAL_KP = 255, GLOBAL_KI = 255 : NULL : WAIT = 0.5
01729 Command = 0, MODE8A = 0, MODE8B = 0, MODE9A = 0, MODE9B = 0, MODE10A = 0, MODE10B = 0, GLOBAL_KP = 0, GLOBAL_KI = 0 : NULL
01730 Command = 82, Enable_Fault_Reset = 1, Save_Configuration = 1, Enable_DPLTx = 1, Enable_DPLF1 = 1, Enable_DPLF2 = 1 : NULL : WAIT = 0.5
01731 #clear multiplex
01731 Command = 0, Enable_Fault_Reset = 0, Save_Configuration = 0, Enable_DPLTx = 0, Enable_DPLF1 = 0, Enable_DPLF2 = 0 : NULL
01732 #switch input to load line
01732 J2_04 = 1 : NULL : WAIT = 0.1
01733 
01733 #TESTING - ModeIndex 21 PortIndex 3
01733 PwrSetVoltage = 50.0 : NULL : WAIT = 0.1
01734 J4_01 = 1 : NULL : WAIT = 0.1
01735 SWEEP-RUNNING DEATHSWEEP!
Connected: RIGOL TECHNOLOGIES,DP832,DP8C180100022,00.01.19
VISA resource: USB0::0x1AB1::0x0E11::DP8C180100022::INSTR
Sweeping CH2 mode=updown: 4.320000 V -> 4.430000 V -> 4.320000 V in 0.001000 V steps (221 points)
       0/220 set=4.320000 V elapsed=0.031s rate=32.26 steps/s
      50/220 set=4.370000 V elapsed=1.140s rate=44.74 steps/s eta=3.800s
     100/220 set=4.420000 V elapsed=2.234s rate=45.21 steps/s eta=2.654s
     150/220 set=4.390000 V elapsed=3.297s rate=45.80 steps/s eta=1.528s
     200/220 set=4.340000 V elapsed=4.390s rate=45.79 steps/s eta=0.437s
Sweep complete. Elapsed: 4.812s
Output turned OFF.


01735 J4_01 = 0 : NULL : WAIT = 0.1
01736 #test for lockup
01736 NULL : Port_3B = 0 | 0.1 | 0.1
01736 TEST: Port_3B 0.0 +/- 0.1
01736 PASS: Port_3B 0.0
01737 J0_09_TEST_SUPPLY = 1 : NULL : WAIT = 0.1
01738 NULL : Port_3B = 5.0 | 0.1 | 0.1
01738 TEST: Port_3B 5.0 +/- 0.1
01738 PASS: Port_3B 4.976
01739 J0_09_TEST_SUPPLY = 0 : NULL : WAIT = 0.1
01740 NULL : Port_3B = 0 | 0.1 | 0.1
01740 TEST: Port_3B 0.0 +/- 0.1
01740 PASS: Port_3B 0.086
01741 
01741 #Finished with port
01741 #switch out input
01741 J2_04 = 0 : NULL : WAIT = 0.1
01742 
01742 
01742 #Finished with mode
01742 #cycle IGN to reset lockup
01742 RLY_K1 = 1 : NULL : WAIT = 2
01743 RLY_K1 = 0 : NULL : WAIT = 1
01744 #-----setup 39009-----
01744 #configure
01744 Command = 82, MODE1 = 0, MODE2 = 0, Enable_24VDC = 0, Analog_Raw_Value = 0 : NULL : WAIT = 0.5
01745 Command = 0, MODE1 = 0, MODE2 = 0, Enable_24VDC = 0, Analog_Raw_Value = 0 : NULL : WAIT = 0.5
01746 Command = 83, MODE1A = 7, MODE1B = 4, MODE2A = 1, MODE2B = 1, MODE3A = 1, MODE3B = 4, MODE4A = 1, MODE4B = 1, MODE5A = 6, MODE5B = 6, MODE6A = 1, MODE6B = 1, MODE7A = 6, MODE7B = 6 : NULL : WAIT = 0.5
01747 Command = 0, MODE1A = 0, MODE1B = 0, MODE2A = 0, MODE2B = 0, MODE3A = 0, MODE3B = 0, MODE4A = 0, MODE4B = 0, MODE5A = 0, MODE5B = 0, MODE6A = 0, MODE6B = 0, MODE7A = 0, MODE7B = 0 : NULL
01748 Command = 84, MODE8A = 1, MODE8B = 1, MODE9A = 6, MODE9B = 6, MODE10A = 1, MODE10B = 1, GLOBAL_KP = 255, GLOBAL_KI = 255 : NULL : WAIT = 0.5
01749 Command = 0, MODE8A = 0, MODE8B = 0, MODE9A = 0, MODE9B = 0, MODE10A = 0, MODE10B = 0, GLOBAL_KP = 0, GLOBAL_KI = 0 : NULL
01750 Command = 82, Enable_Fault_Reset = 1, Save_Configuration = 1, Enable_DPLTx = 1, Enable_DPLF1 = 1, Enable_DPLF2 = 1 : NULL : WAIT = 0.5
01751 #clear multiplex
01751 Command = 0, Enable_Fault_Reset = 0, Save_Configuration = 0, Enable_DPLTx = 0, Enable_DPLF1 = 0, Enable_DPLF2 = 0 : NULL
01752 #switch input to load line
01752 J2_01 = 1 : NULL : WAIT = 0.1
01753 
01753 #TESTING - ModeIndex 22 PortIndex 0
01753 AfgFreqSet = 100 : NULL : WAIT = 0.1
01754 #test for lockup
01754 NULL : Hertz_Count_Input1A = 0 | 0.1 | 0.1
01754 TEST: Hertz_Count_Input1A 0.0 +/- 0.1
01754 PASS: Hertz_Count_Input1A 0.0
01755 J0_11_FREQ_GEN = 1 : NULL : WAIT = 0.1
01756 NULL : Hertz_Count_Input1A = 100 | 30 | 0.1
01756 TEST: Hertz_Count_Input1A 100.0 +/- 30.0
01756 PASS: Hertz_Count_Input1A 99.0
01757 J0_11_FREQ_GEN = 0 : NULL : WAIT = 0.1
01758 NULL : Hertz_Count_Input1A = 0 | 0.1 | 0.1
01758 TEST: Hertz_Count_Input1A 0.0 +/- 0.1
01758 PASS: Hertz_Count_Input1A 0.0
01759 
01759 #Finished with port
01759 #switch out input
01759 J2_01 = 0 : NULL : WAIT = 0.1
01760 
01760 #cycle IGN to reset lockup
01760 RLY_K1 = 1 : NULL : WAIT = 2
01761 RLY_K1 = 0 : NULL : WAIT = 1
01762 #-----setup 39009-----
01762 #configure
01762 Command = 82, MODE1 = 0, MODE2 = 0, Enable_24VDC = 0, Analog_Raw_Value = 0 : NULL : WAIT = 0.5
01763 Command = 0, MODE1 = 0, MODE2 = 0, Enable_24VDC = 0, Analog_Raw_Value = 0 : NULL : WAIT = 0.5
01764 Command = 83, MODE1A = 7, MODE1B = 4, MODE2A = 1, MODE2B = 1, MODE3A = 1, MODE3B = 4, MODE4A = 1, MODE4B = 1, MODE5A = 6, MODE5B = 6, MODE6A = 1, MODE6B = 1, MODE7A = 6, MODE7B = 6 : NULL : WAIT = 0.5
01765 Command = 0, MODE1A = 0, MODE1B = 0, MODE2A = 0, MODE2B = 0, MODE3A = 0, MODE3B = 0, MODE4A = 0, MODE4B = 0, MODE5A = 0, MODE5B = 0, MODE6A = 0, MODE6B = 0, MODE7A = 0, MODE7B = 0 : NULL
01766 Command = 84, MODE8A = 1, MODE8B = 1, MODE9A = 6, MODE9B = 6, MODE10A = 1, MODE10B = 1, GLOBAL_KP = 255, GLOBAL_KI = 255 : NULL : WAIT = 0.5
01767 Command = 0, MODE8A = 0, MODE8B = 0, MODE9A = 0, MODE9B = 0, MODE10A = 0, MODE10B = 0, GLOBAL_KP = 0, GLOBAL_KI = 0 : NULL
01768 Command = 82, Enable_Fault_Reset = 1, Save_Configuration = 1, Enable_DPLTx = 1, Enable_DPLF1 = 1, Enable_DPLF2 = 1 : NULL : WAIT = 0.5
01769 #clear multiplex
01769 Command = 0, Enable_Fault_Reset = 0, Save_Configuration = 0, Enable_DPLTx = 0, Enable_DPLF1 = 0, Enable_DPLF2 = 0 : NULL
01770 #switch input to load line
01770 J2_02 = 1 : NULL : WAIT = 0.1
01771 
01771 #TESTING - ModeIndex 22 PortIndex 1
01771 PwrSetVoltage = 50.0 : NULL : WAIT = 0.1
01772 J4_01 = 1 : NULL : WAIT = 0.1
01773 SWEEP-RUNNING DEATHSWEEP!
Connected: RIGOL TECHNOLOGIES,DP832,DP8C180100022,00.01.19
VISA resource: USB0::0x1AB1::0x0E11::DP8C180100022::INSTR
Sweeping CH2 mode=updown: 4.320000 V -> 4.430000 V -> 4.320000 V in 0.001000 V steps (221 points)
       0/220 set=4.320000 V elapsed=0.031s rate=32.26 steps/s
      50/220 set=4.370000 V elapsed=1.125s rate=45.33 steps/s eta=3.750s
     100/220 set=4.420000 V elapsed=2.234s rate=45.21 steps/s eta=2.654s
     150/220 set=4.390000 V elapsed=3.312s rate=45.59 steps/s eta=1.535s
     200/220 set=4.340000 V elapsed=4.422s rate=45.45 steps/s eta=0.440s
Sweep complete. Elapsed: 4.875s
Output turned OFF.


01773 J4_01 = 0 : NULL : WAIT = 0.1
01774 #test for lockup
01774 NULL : Port_1B = 0 | 0.1 | 0.1
01774 TEST: Port_1B 0.0 +/- 0.1
01774 PASS: Port_1B 0.0
01775 J0_09_TEST_SUPPLY = 1 : NULL : WAIT = 0.1
01776 NULL : Port_1B = 5.0 | 0.1 | 0.1
01776 TEST: Port_1B 5.0 +/- 0.1
01776 PASS: Port_1B 4.971
01777 J0_09_TEST_SUPPLY = 0 : NULL : WAIT = 0.1
01778 NULL : Port_1B = 0 | 0.1 | 0.1
01778 TEST: Port_1B 0.0 +/- 0.1
01778 PASS: Port_1B 0.079
01779 
01779 #Finished with port
01779 #switch out input
01779 J2_02 = 0 : NULL : WAIT = 0.1
01780 
01780 #cycle IGN to reset lockup
01780 RLY_K1 = 1 : NULL : WAIT = 2
01781 RLY_K1 = 0 : NULL : WAIT = 1
01782 #-----setup 39009-----
01782 #configure
01782 Command = 82, MODE1 = 0, MODE2 = 0, Enable_24VDC = 0, Analog_Raw_Value = 0 : NULL : WAIT = 0.5
01783 Command = 0, MODE1 = 0, MODE2 = 0, Enable_24VDC = 0, Analog_Raw_Value = 0 : NULL : WAIT = 0.5
01784 Command = 83, MODE1A = 7, MODE1B = 4, MODE2A = 1, MODE2B = 1, MODE3A = 1, MODE3B = 4, MODE4A = 1, MODE4B = 1, MODE5A = 6, MODE5B = 6, MODE6A = 1, MODE6B = 1, MODE7A = 6, MODE7B = 6 : NULL : WAIT = 0.5
01785 Command = 0, MODE1A = 0, MODE1B = 0, MODE2A = 0, MODE2B = 0, MODE3A = 0, MODE3B = 0, MODE4A = 0, MODE4B = 0, MODE5A = 0, MODE5B = 0, MODE6A = 0, MODE6B = 0, MODE7A = 0, MODE7B = 0 : NULL
01786 Command = 84, MODE8A = 1, MODE8B = 1, MODE9A = 6, MODE9B = 6, MODE10A = 1, MODE10B = 1, GLOBAL_KP = 255, GLOBAL_KI = 255 : NULL : WAIT = 0.5
01787 Command = 0, MODE8A = 0, MODE8B = 0, MODE9A = 0, MODE9B = 0, MODE10A = 0, MODE10B = 0, GLOBAL_KP = 0, GLOBAL_KI = 0 : NULL
01788 Command = 82, Enable_Fault_Reset = 1, Save_Configuration = 1, Enable_DPLTx = 1, Enable_DPLF1 = 1, Enable_DPLF2 = 1 : NULL : WAIT = 0.5
01789 #clear multiplex
01789 Command = 0, Enable_Fault_Reset = 0, Save_Configuration = 0, Enable_DPLTx = 0, Enable_DPLF1 = 0, Enable_DPLF2 = 0 : NULL
01790 #switch input to load line
01790 J2_03 = 1 : NULL : WAIT = 0.1
01791 
01791 #TESTING - ModeIndex 22 PortIndex 2
01791 PwrSetVoltage = 50.0 : NULL : WAIT = 0.1
01792 J4_01 = 1 : NULL : WAIT = 0.1
01793 SWEEP-RUNNING DEATHSWEEP!
Connected: RIGOL TECHNOLOGIES,DP832,DP8C180100022,00.01.19
VISA resource: USB0::0x1AB1::0x0E11::DP8C180100022::INSTR
Sweeping CH2 mode=updown: 4.320000 V -> 4.430000 V -> 4.320000 V in 0.001000 V steps (221 points)
       0/220 set=4.320000 V elapsed=0.016s rate=62.50 steps/s
      50/220 set=4.370000 V elapsed=1.141s rate=44.70 steps/s eta=3.803s
     100/220 set=4.420000 V elapsed=2.203s rate=45.85 steps/s eta=2.617s
     150/220 set=4.390000 V elapsed=3.281s rate=46.02 steps/s eta=1.521s
     200/220 set=4.340000 V elapsed=4.375s rate=45.94 steps/s eta=0.435s
Sweep complete. Elapsed: 4.828s
Output turned OFF.


01793 J4_01 = 0 : NULL : WAIT = 0.1
01794 #test for lockup
01794 NULL : Input_3A = 0 | 0.1 | 0.1
01794 TEST: Input_3A 0.0 +/- 0.1
01794 PASS: Input_3A 0.0
01795 J0_09_TEST_SUPPLY = 1 : NULL : WAIT = 0.1
01796 NULL : Input_3A = 1 | 0.1 | 0.1
01796 TEST: Input_3A 1.0 +/- 0.1
01796 PASS: Input_3A 1.0
01797 J0_09_TEST_SUPPLY = 0 : NULL : WAIT = 0.1
01798 NULL : Input_3A = 0 | 0.1 | 0.1
01798 TEST: Input_3A 0.0 +/- 0.1
01798 PASS: Input_3A 0.0
01799 
01799 #Finished with port
01799 #switch out input
01799 J2_03 = 0 : NULL : WAIT = 0.1
01800 
01800 #cycle IGN to reset lockup
01800 RLY_K1 = 1 : NULL : WAIT = 2
01801 RLY_K1 = 0 : NULL : WAIT = 1
01802 #-----setup 39009-----
01802 #configure
01802 Command = 82, MODE1 = 0, MODE2 = 0, Enable_24VDC = 0, Analog_Raw_Value = 0 : NULL : WAIT = 0.5
01803 Command = 0, MODE1 = 0, MODE2 = 0, Enable_24VDC = 0, Analog_Raw_Value = 0 : NULL : WAIT = 0.5
01804 Command = 83, MODE1A = 7, MODE1B = 4, MODE2A = 1, MODE2B = 1, MODE3A = 1, MODE3B = 4, MODE4A = 1, MODE4B = 1, MODE5A = 6, MODE5B = 6, MODE6A = 1, MODE6B = 1, MODE7A = 6, MODE7B = 6 : NULL : WAIT = 0.5
01805 Command = 0, MODE1A = 0, MODE1B = 0, MODE2A = 0, MODE2B = 0, MODE3A = 0, MODE3B = 0, MODE4A = 0, MODE4B = 0, MODE5A = 0, MODE5B = 0, MODE6A = 0, MODE6B = 0, MODE7A = 0, MODE7B = 0 : NULL
01806 Command = 84, MODE8A = 1, MODE8B = 1, MODE9A = 6, MODE9B = 6, MODE10A = 1, MODE10B = 1, GLOBAL_KP = 255, GLOBAL_KI = 255 : NULL : WAIT = 0.5
01807 Command = 0, MODE8A = 0, MODE8B = 0, MODE9A = 0, MODE9B = 0, MODE10A = 0, MODE10B = 0, GLOBAL_KP = 0, GLOBAL_KI = 0 : NULL
01808 Command = 82, Enable_Fault_Reset = 1, Save_Configuration = 1, Enable_DPLTx = 1, Enable_DPLF1 = 1, Enable_DPLF2 = 1 : NULL : WAIT = 0.5
01809 #clear multiplex
01809 Command = 0, Enable_Fault_Reset = 0, Save_Configuration = 0, Enable_DPLTx = 0, Enable_DPLF1 = 0, Enable_DPLF2 = 0 : NULL
01810 #switch input to load line
01810 J2_04 = 1 : NULL : WAIT = 0.1
01811 
01811 #TESTING - ModeIndex 22 PortIndex 3
01811 PwrSetVoltage = 50.0 : NULL : WAIT = 0.1
01812 J4_01 = 1 : NULL : WAIT = 0.1
01813 SWEEP-RUNNING DEATHSWEEP!
Connected: RIGOL TECHNOLOGIES,DP832,DP8C180100022,00.01.19
VISA resource: USB0::0x1AB1::0x0E11::DP8C180100022::INSTR
Sweeping CH2 mode=updown: 4.320000 V -> 4.430000 V -> 4.320000 V in 0.001000 V steps (221 points)
       0/220 set=4.320000 V elapsed=0.015s rate=66.67 steps/s
      50/220 set=4.370000 V elapsed=1.125s rate=45.33 steps/s eta=3.750s
     100/220 set=4.420000 V elapsed=2.234s rate=45.21 steps/s eta=2.654s
     150/220 set=4.390000 V elapsed=3.312s rate=45.59 steps/s eta=1.535s
     200/220 set=4.340000 V elapsed=4.390s rate=45.79 steps/s eta=0.437s
Sweep complete. Elapsed: 4.828s
Output turned OFF.


01813 J4_01 = 0 : NULL : WAIT = 0.1
01814 #test for lockup
01814 NULL : Port_3B = 0 | 0.1 | 0.1
01814 TEST: Port_3B 0.0 +/- 0.1
01814 PASS: Port_3B 0.0
01815 J0_09_TEST_SUPPLY = 1 : NULL : WAIT = 0.1
01816 NULL : Port_3B = 5.0 | 0.1 | 0.1
01816 TEST: Port_3B 5.0 +/- 0.1
01816 PASS: Port_3B 4.976
01817 J0_09_TEST_SUPPLY = 0 : NULL : WAIT = 0.1
01818 NULL : Port_3B = 0 | 0.1 | 0.1
01818 TEST: Port_3B 0.0 +/- 0.1
01818 PASS: Port_3B 0.091
01819 
01819 #Finished with port
01819 #switch out input
01819 J2_04 = 0 : NULL : WAIT = 0.1
01820 
01820 
01820 #Finished with mode
01820 #cycle IGN to reset lockup
01820 RLY_K1 = 1 : NULL : WAIT = 2
01821 RLY_K1 = 0 : NULL : WAIT = 1
01822 #-----setup 39009-----
01822 #configure
01822 Command = 82, MODE1 = 0, MODE2 = 0, Enable_24VDC = 0, Analog_Raw_Value = 0 : NULL : WAIT = 0.5
01823 Command = 0, MODE1 = 0, MODE2 = 0, Enable_24VDC = 0, Analog_Raw_Value = 0 : NULL : WAIT = 0.5
01824 Command = 83, MODE1A = 7, MODE1B = 4, MODE2A = 1, MODE2B = 1, MODE3A = 1, MODE3B = 1, MODE4A = 1, MODE4B = 1, MODE5A = 6, MODE5B = 6, MODE6A = 1, MODE6B = 1, MODE7A = 6, MODE7B = 6 : NULL : WAIT = 0.5
01825 Command = 0, MODE1A = 0, MODE1B = 0, MODE2A = 0, MODE2B = 0, MODE3A = 0, MODE3B = 0, MODE4A = 0, MODE4B = 0, MODE5A = 0, MODE5B = 0, MODE6A = 0, MODE6B = 0, MODE7A = 0, MODE7B = 0 : NULL
01826 Command = 84, MODE8A = 1, MODE8B = 1, MODE9A = 6, MODE9B = 6, MODE10A = 1, MODE10B = 1, GLOBAL_KP = 255, GLOBAL_KI = 255 : NULL : WAIT = 0.5
01827 Command = 0, MODE8A = 0, MODE8B = 0, MODE9A = 0, MODE9B = 0, MODE10A = 0, MODE10B = 0, GLOBAL_KP = 0, GLOBAL_KI = 0 : NULL
01828 Command = 82, Enable_Fault_Reset = 1, Save_Configuration = 1, Enable_DPLTx = 1, Enable_DPLF1 = 1, Enable_DPLF2 = 1 : NULL : WAIT = 0.5
01829 #clear multiplex
01829 Command = 0, Enable_Fault_Reset = 0, Save_Configuration = 0, Enable_DPLTx = 0, Enable_DPLF1 = 0, Enable_DPLF2 = 0 : NULL
01830 #switch input to load line
01830 J2_01 = 1 : NULL : WAIT = 0.1
01831 
01831 #TESTING - ModeIndex 23 PortIndex 0
01831 AfgFreqSet = 100 : NULL : WAIT = 0.1
01832 #test for lockup
01832 NULL : Hertz_Count_Input1A = 0 | 0.1 | 0.1
01832 TEST: Hertz_Count_Input1A 0.0 +/- 0.1
01832 PASS: Hertz_Count_Input1A 0.0
01833 J0_11_FREQ_GEN = 1 : NULL : WAIT = 0.1
01834 NULL : Hertz_Count_Input1A = 100 | 30 | 0.1
01834 TEST: Hertz_Count_Input1A 100.0 +/- 30.0
01834 PASS: Hertz_Count_Input1A 99.0
01835 J0_11_FREQ_GEN = 0 : NULL : WAIT = 0.1
01836 NULL : Hertz_Count_Input1A = 0 | 0.1 | 0.1
01836 TEST: Hertz_Count_Input1A 0.0 +/- 0.1
01836 PASS: Hertz_Count_Input1A 0.0
01837 
01837 #Finished with port
01837 #switch out input
01837 J2_01 = 0 : NULL : WAIT = 0.1
01838 
01838 #cycle IGN to reset lockup
01838 RLY_K1 = 1 : NULL : WAIT = 2
01839 RLY_K1 = 0 : NULL : WAIT = 1
01840 #-----setup 39009-----
01840 #configure
01840 Command = 82, MODE1 = 0, MODE2 = 0, Enable_24VDC = 0, Analog_Raw_Value = 0 : NULL : WAIT = 0.5
01841 Command = 0, MODE1 = 0, MODE2 = 0, Enable_24VDC = 0, Analog_Raw_Value = 0 : NULL : WAIT = 0.5
01842 Command = 83, MODE1A = 7, MODE1B = 4, MODE2A = 1, MODE2B = 1, MODE3A = 1, MODE3B = 1, MODE4A = 1, MODE4B = 1, MODE5A = 6, MODE5B = 6, MODE6A = 1, MODE6B = 1, MODE7A = 6, MODE7B = 6 : NULL : WAIT = 0.5
01843 Command = 0, MODE1A = 0, MODE1B = 0, MODE2A = 0, MODE2B = 0, MODE3A = 0, MODE3B = 0, MODE4A = 0, MODE4B = 0, MODE5A = 0, MODE5B = 0, MODE6A = 0, MODE6B = 0, MODE7A = 0, MODE7B = 0 : NULL
01844 Command = 84, MODE8A = 1, MODE8B = 1, MODE9A = 6, MODE9B = 6, MODE10A = 1, MODE10B = 1, GLOBAL_KP = 255, GLOBAL_KI = 255 : NULL : WAIT = 0.5
01845 Command = 0, MODE8A = 0, MODE8B = 0, MODE9A = 0, MODE9B = 0, MODE10A = 0, MODE10B = 0, GLOBAL_KP = 0, GLOBAL_KI = 0 : NULL
01846 Command = 82, Enable_Fault_Reset = 1, Save_Configuration = 1, Enable_DPLTx = 1, Enable_DPLF1 = 1, Enable_DPLF2 = 1 : NULL : WAIT = 0.5
01847 #clear multiplex
01847 Command = 0, Enable_Fault_Reset = 0, Save_Configuration = 0, Enable_DPLTx = 0, Enable_DPLF1 = 0, Enable_DPLF2 = 0 : NULL
01848 #switch input to load line
01848 J2_02 = 1 : NULL : WAIT = 0.1
01849 
01849 #TESTING - ModeIndex 23 PortIndex 1
01849 PwrSetVoltage = 50.0 : NULL : WAIT = 0.1
01850 J4_01 = 1 : NULL : WAIT = 0.1
01851 SWEEP-RUNNING DEATHSWEEP!
Connected: RIGOL TECHNOLOGIES,DP832,DP8C180100022,00.01.19
VISA resource: USB0::0x1AB1::0x0E11::DP8C180100022::INSTR
Sweeping CH2 mode=updown: 4.320000 V -> 4.430000 V -> 4.320000 V in 0.001000 V steps (221 points)
       0/220 set=4.320000 V elapsed=0.031s rate=32.26 steps/s
      50/220 set=4.370000 V elapsed=1.109s rate=45.99 steps/s eta=3.697s
     100/220 set=4.420000 V elapsed=2.203s rate=45.85 steps/s eta=2.617s
     150/220 set=4.390000 V elapsed=3.343s rate=45.17 steps/s eta=1.550s
     200/220 set=4.340000 V elapsed=4.422s rate=45.45 steps/s eta=0.440s
Sweep complete. Elapsed: 4.843s
Output turned OFF.


01851 J4_01 = 0 : NULL : WAIT = 0.1
01852 #test for lockup
01852 NULL : Port_1B = 0 | 0.1 | 0.1
01852 TEST: Port_1B 0.0 +/- 0.1
01852 PASS: Port_1B 0.0
01853 J0_09_TEST_SUPPLY = 1 : NULL : WAIT = 0.1
01854 NULL : Port_1B = 5.0 | 0.1 | 0.1
01854 TEST: Port_1B 5.0 +/- 0.1
01854 PASS: Port_1B 4.971
01855 J0_09_TEST_SUPPLY = 0 : NULL : WAIT = 0.1
01856 NULL : Port_1B = 0 | 0.1 | 0.1
01856 TEST: Port_1B 0.0 +/- 0.1
01856 PASS: Port_1B 0.087
01857 
01857 #Finished with port
01857 #switch out input
01857 J2_02 = 0 : NULL : WAIT = 0.1
01858 
01858 #cycle IGN to reset lockup
01858 RLY_K1 = 1 : NULL : WAIT = 2
01859 RLY_K1 = 0 : NULL : WAIT = 1
01860 #-----setup 39009-----
01860 #configure
01860 Command = 82, MODE1 = 0, MODE2 = 0, Enable_24VDC = 0, Analog_Raw_Value = 0 : NULL : WAIT = 0.5
01861 Command = 0, MODE1 = 0, MODE2 = 0, Enable_24VDC = 0, Analog_Raw_Value = 0 : NULL : WAIT = 0.5
01862 Command = 83, MODE1A = 7, MODE1B = 4, MODE2A = 1, MODE2B = 1, MODE3A = 1, MODE3B = 1, MODE4A = 1, MODE4B = 1, MODE5A = 6, MODE5B = 6, MODE6A = 1, MODE6B = 1, MODE7A = 6, MODE7B = 6 : NULL : WAIT = 0.5
01863 Command = 0, MODE1A = 0, MODE1B = 0, MODE2A = 0, MODE2B = 0, MODE3A = 0, MODE3B = 0, MODE4A = 0, MODE4B = 0, MODE5A = 0, MODE5B = 0, MODE6A = 0, MODE6B = 0, MODE7A = 0, MODE7B = 0 : NULL
01864 Command = 84, MODE8A = 1, MODE8B = 1, MODE9A = 6, MODE9B = 6, MODE10A = 1, MODE10B = 1, GLOBAL_KP = 255, GLOBAL_KI = 255 : NULL : WAIT = 0.5
01865 Command = 0, MODE8A = 0, MODE8B = 0, MODE9A = 0, MODE9B = 0, MODE10A = 0, MODE10B = 0, GLOBAL_KP = 0, GLOBAL_KI = 0 : NULL
01866 Command = 82, Enable_Fault_Reset = 1, Save_Configuration = 1, Enable_DPLTx = 1, Enable_DPLF1 = 1, Enable_DPLF2 = 1 : NULL : WAIT = 0.5
01867 #clear multiplex
01867 Command = 0, Enable_Fault_Reset = 0, Save_Configuration = 0, Enable_DPLTx = 0, Enable_DPLF1 = 0, Enable_DPLF2 = 0 : NULL
01868 #switch input to load line
01868 J2_03 = 1 : NULL : WAIT = 0.1
01869 
01869 #TESTING - ModeIndex 23 PortIndex 2
01869 PwrSetVoltage = 50.0 : NULL : WAIT = 0.1
01870 J4_01 = 1 : NULL : WAIT = 0.1
01871 SWEEP-RUNNING DEATHSWEEP!
Connected: RIGOL TECHNOLOGIES,DP832,DP8C180100022,00.01.19
VISA resource: USB0::0x1AB1::0x0E11::DP8C180100022::INSTR
Sweeping CH2 mode=updown: 4.320000 V -> 4.430000 V -> 4.320000 V in 0.001000 V steps (221 points)
       0/220 set=4.320000 V elapsed=0.031s rate=32.26 steps/s
      50/220 set=4.370000 V elapsed=1.078s rate=47.31 steps/s eta=3.593s
     100/220 set=4.420000 V elapsed=2.156s rate=46.85 steps/s eta=2.562s
     150/220 set=4.390000 V elapsed=3.219s rate=46.91 steps/s eta=1.492s
     200/220 set=4.340000 V elapsed=4.297s rate=46.78 steps/s eta=0.428s
Sweep complete. Elapsed: 4.719s
Output turned OFF.


01871 J4_01 = 0 : NULL : WAIT = 0.1
01872 #test for lockup
01872 NULL : Input_3A = 0 | 0.1 | 0.1
01872 TEST: Input_3A 0.0 +/- 0.1
01872 PASS: Input_3A 0.0
01873 J0_09_TEST_SUPPLY = 1 : NULL : WAIT = 0.1
01874 NULL : Input_3A = 1 | 0.1 | 0.1
01874 TEST: Input_3A 1.0 +/- 0.1
01874 PASS: Input_3A 1.0
01875 J0_09_TEST_SUPPLY = 0 : NULL : WAIT = 0.1
01876 NULL : Input_3A = 0 | 0.1 | 0.1
01876 TEST: Input_3A 0.0 +/- 0.1
01876 PASS: Input_3A 0.0
01877 
01877 #Finished with port
01877 #switch out input
01877 J2_03 = 0 : NULL : WAIT = 0.1
01878 
01878 #cycle IGN to reset lockup
01878 RLY_K1 = 1 : NULL : WAIT = 2
01879 RLY_K1 = 0 : NULL : WAIT = 1
01880 #-----setup 39009-----
01880 #configure
01880 Command = 82, MODE1 = 0, MODE2 = 0, Enable_24VDC = 0, Analog_Raw_Value = 0 : NULL : WAIT = 0.5
01881 Command = 0, MODE1 = 0, MODE2 = 0, Enable_24VDC = 0, Analog_Raw_Value = 0 : NULL : WAIT = 0.5
01882 Command = 83, MODE1A = 7, MODE1B = 4, MODE2A = 1, MODE2B = 1, MODE3A = 1, MODE3B = 1, MODE4A = 1, MODE4B = 1, MODE5A = 6, MODE5B = 6, MODE6A = 1, MODE6B = 1, MODE7A = 6, MODE7B = 6 : NULL : WAIT = 0.5
01883 Command = 0, MODE1A = 0, MODE1B = 0, MODE2A = 0, MODE2B = 0, MODE3A = 0, MODE3B = 0, MODE4A = 0, MODE4B = 0, MODE5A = 0, MODE5B = 0, MODE6A = 0, MODE6B = 0, MODE7A = 0, MODE7B = 0 : NULL
01884 Command = 84, MODE8A = 1, MODE8B = 1, MODE9A = 6, MODE9B = 6, MODE10A = 1, MODE10B = 1, GLOBAL_KP = 255, GLOBAL_KI = 255 : NULL : WAIT = 0.5
01885 Command = 0, MODE8A = 0, MODE8B = 0, MODE9A = 0, MODE9B = 0, MODE10A = 0, MODE10B = 0, GLOBAL_KP = 0, GLOBAL_KI = 0 : NULL
01886 Command = 82, Enable_Fault_Reset = 1, Save_Configuration = 1, Enable_DPLTx = 1, Enable_DPLF1 = 1, Enable_DPLF2 = 1 : NULL : WAIT = 0.5
01887 #clear multiplex
01887 Command = 0, Enable_Fault_Reset = 0, Save_Configuration = 0, Enable_DPLTx = 0, Enable_DPLF1 = 0, Enable_DPLF2 = 0 : NULL
01888 #switch input to load line
01888 J2_04 = 1 : NULL : WAIT = 0.1
01889 
01889 #TESTING - ModeIndex 23 PortIndex 3
01889 PwrSetVoltage = 50.0 : NULL : WAIT = 0.1
01890 J4_01 = 1 : NULL : WAIT = 0.1
01891 SWEEP-RUNNING DEATHSWEEP!
Connected: RIGOL TECHNOLOGIES,DP832,DP8C180100022,00.01.19
VISA resource: USB0::0x1AB1::0x0E11::DP8C180100022::INSTR
Sweeping CH2 mode=updown: 4.320000 V -> 4.430000 V -> 4.320000 V in 0.001000 V steps (221 points)
       0/220 set=4.320000 V elapsed=0.031s rate=32.26 steps/s
      50/220 set=4.370000 V elapsed=1.141s rate=44.70 steps/s eta=3.803s
     100/220 set=4.420000 V elapsed=2.219s rate=45.52 steps/s eta=2.636s
     150/220 set=4.390000 V elapsed=3.281s rate=46.02 steps/s eta=1.521s
     200/220 set=4.340000 V elapsed=4.359s rate=46.11 steps/s eta=0.434s
Sweep complete. Elapsed: 4.797s
Output turned OFF.


01891 J4_01 = 0 : NULL : WAIT = 0.1
01892 #test for lockup
01892 NULL : Input_3B = 0 | 0.1 | 0.1
01892 TEST: Input_3B 0.0 +/- 0.1
01892 PASS: Input_3B 0.0
01893 J0_09_TEST_SUPPLY = 1 : NULL : WAIT = 0.1
01894 NULL : Input_3B = 1 | 0.1 | 0.1
01894 TEST: Input_3B 1.0 +/- 0.1
01894 PASS: Input_3B 1.0
01895 J0_09_TEST_SUPPLY = 0 : NULL : WAIT = 0.1
01896 NULL : Input_3B = 0 | 0.1 | 0.1
01896 TEST: Input_3B 0.0 +/- 0.1
01896 PASS: Input_3B 0.0
01897 
01897 #Finished with port
01897 #switch out input
01897 J2_04 = 0 : NULL : WAIT = 0.1
01898 
01898 
01898 #Finished with mode
01898 #cycle IGN to reset lockup
01898 RLY_K1 = 1 : NULL : WAIT = 2
01899 RLY_K1 = 0 : NULL : WAIT = 1
01900 #-----setup 39009-----
01900 #configure
01900 Command = 82, MODE1 = 0, MODE2 = 0, Enable_24VDC = 0, Analog_Raw_Value = 0 : NULL : WAIT = 0.5
01901 Command = 0, MODE1 = 0, MODE2 = 0, Enable_24VDC = 0, Analog_Raw_Value = 0 : NULL : WAIT = 0.5
01902 Command = 83, MODE1A = 4, MODE1B = 7, MODE2A = 1, MODE2B = 1, MODE3A = 1, MODE3B = 4, MODE4A = 1, MODE4B = 1, MODE5A = 6, MODE5B = 6, MODE6A = 1, MODE6B = 1, MODE7A = 6, MODE7B = 6 : NULL : WAIT = 0.5
01903 Command = 0, MODE1A = 0, MODE1B = 0, MODE2A = 0, MODE2B = 0, MODE3A = 0, MODE3B = 0, MODE4A = 0, MODE4B = 0, MODE5A = 0, MODE5B = 0, MODE6A = 0, MODE6B = 0, MODE7A = 0, MODE7B = 0 : NULL
01904 Command = 84, MODE8A = 1, MODE8B = 1, MODE9A = 6, MODE9B = 6, MODE10A = 1, MODE10B = 1, GLOBAL_KP = 255, GLOBAL_KI = 255 : NULL : WAIT = 0.5
01905 Command = 0, MODE8A = 0, MODE8B = 0, MODE9A = 0, MODE9B = 0, MODE10A = 0, MODE10B = 0, GLOBAL_KP = 0, GLOBAL_KI = 0 : NULL
01906 Command = 82, Enable_Fault_Reset = 1, Save_Configuration = 1, Enable_DPLTx = 1, Enable_DPLF1 = 1, Enable_DPLF2 = 1 : NULL : WAIT = 0.5
01907 #clear multiplex
01907 Command = 0, Enable_Fault_Reset = 0, Save_Configuration = 0, Enable_DPLTx = 0, Enable_DPLF1 = 0, Enable_DPLF2 = 0 : NULL
01908 #switch input to load line
01908 J2_01 = 1 : NULL : WAIT = 0.1
01909 
01909 #TESTING - ModeIndex 24 PortIndex 0
01909 PwrSetVoltage = 50.0 : NULL : WAIT = 0.1
01910 J4_01 = 1 : NULL : WAIT = 0.1
01911 SWEEP-RUNNING DEATHSWEEP!
Connected: RIGOL TECHNOLOGIES,DP832,DP8C180100022,00.01.19
VISA resource: USB0::0x1AB1::0x0E11::DP8C180100022::INSTR
Sweeping CH2 mode=updown: 4.320000 V -> 4.430000 V -> 4.320000 V in 0.001000 V steps (221 points)
       0/220 set=4.320000 V elapsed=0.031s rate=32.26 steps/s
      50/220 set=4.370000 V elapsed=1.125s rate=45.33 steps/s eta=3.750s
     100/220 set=4.420000 V elapsed=2.250s rate=44.89 steps/s eta=2.673s
     150/220 set=4.390000 V elapsed=3.312s rate=45.59 steps/s eta=1.535s
     200/220 set=4.340000 V elapsed=4.437s rate=45.30 steps/s eta=0.441s
Sweep complete. Elapsed: 4.859s
Output turned OFF.


01911 J4_01 = 0 : NULL : WAIT = 0.1
01912 #test for lockup
01912 NULL : Port_1A = 0 | 0.1 | 0.1
01912 TEST: Port_1A 0.0 +/- 0.1
01912 PASS: Port_1A 0.0
01913 J0_09_TEST_SUPPLY = 1 : NULL : WAIT = 0.1
01914 NULL : Port_1A = 5.0 | 0.1 | 0.1
01914 TEST: Port_1A 5.0 +/- 0.1
01914 PASS: Port_1A 4.967
01915 J0_09_TEST_SUPPLY = 0 : NULL : WAIT = 0.1
01916 NULL : Port_1A = 0 | 0.1 | 0.1
01916 TEST: Port_1A 0.0 +/- 0.1
01916 PASS: Port_1A 0.071
01917 
01917 #Finished with port
01917 #switch out input
01917 J2_01 = 0 : NULL : WAIT = 0.1
01918 
01918 #cycle IGN to reset lockup
01918 RLY_K1 = 1 : NULL : WAIT = 2
01919 RLY_K1 = 0 : NULL : WAIT = 1
01920 #-----setup 39009-----
01920 #configure
01920 Command = 82, MODE1 = 0, MODE2 = 0, Enable_24VDC = 0, Analog_Raw_Value = 0 : NULL : WAIT = 0.5
01921 Command = 0, MODE1 = 0, MODE2 = 0, Enable_24VDC = 0, Analog_Raw_Value = 0 : NULL : WAIT = 0.5
01922 Command = 83, MODE1A = 4, MODE1B = 7, MODE2A = 1, MODE2B = 1, MODE3A = 1, MODE3B = 4, MODE4A = 1, MODE4B = 1, MODE5A = 6, MODE5B = 6, MODE6A = 1, MODE6B = 1, MODE7A = 6, MODE7B = 6 : NULL : WAIT = 0.5
01923 Command = 0, MODE1A = 0, MODE1B = 0, MODE2A = 0, MODE2B = 0, MODE3A = 0, MODE3B = 0, MODE4A = 0, MODE4B = 0, MODE5A = 0, MODE5B = 0, MODE6A = 0, MODE6B = 0, MODE7A = 0, MODE7B = 0 : NULL
01924 Command = 84, MODE8A = 1, MODE8B = 1, MODE9A = 6, MODE9B = 6, MODE10A = 1, MODE10B = 1, GLOBAL_KP = 255, GLOBAL_KI = 255 : NULL : WAIT = 0.5
01925 Command = 0, MODE8A = 0, MODE8B = 0, MODE9A = 0, MODE9B = 0, MODE10A = 0, MODE10B = 0, GLOBAL_KP = 0, GLOBAL_KI = 0 : NULL
01926 Command = 82, Enable_Fault_Reset = 1, Save_Configuration = 1, Enable_DPLTx = 1, Enable_DPLF1 = 1, Enable_DPLF2 = 1 : NULL : WAIT = 0.5
01927 #clear multiplex
01927 Command = 0, Enable_Fault_Reset = 0, Save_Configuration = 0, Enable_DPLTx = 0, Enable_DPLF1 = 0, Enable_DPLF2 = 0 : NULL
01928 #switch input to load line
01928 J2_02 = 1 : NULL : WAIT = 0.1
01929 
01929 #TESTING - ModeIndex 24 PortIndex 1
01929 AfgFreqSet = 100 : NULL : WAIT = 0.1
01930 #test for lockup
01930 NULL : Hertz_Count_Input1B = 0 | 0.1 | 0.1
01930 TEST: Hertz_Count_Input1B 0.0 +/- 0.1
01930 PASS: Hertz_Count_Input1B 0.0
01931 J0_11_FREQ_GEN = 1 : NULL : WAIT = 0.1
01932 NULL : Hertz_Count_Input1B = 100 | 30 | 0.1
01932 TEST: Hertz_Count_Input1B 100.0 +/- 30.0
01932 PASS: Hertz_Count_Input1B 99.0
01933 J0_11_FREQ_GEN = 0 : NULL : WAIT = 0.1
01934 NULL : Hertz_Count_Input1B = 0 | 0.1 | 0.1
01934 TEST: Hertz_Count_Input1B 0.0 +/- 0.1
01934 PASS: Hertz_Count_Input1B 0.0
01935 
01935 #Finished with port
01935 #switch out input
01935 J2_02 = 0 : NULL : WAIT = 0.1
01936 
01936 #cycle IGN to reset lockup
01936 RLY_K1 = 1 : NULL : WAIT = 2
01937 RLY_K1 = 0 : NULL : WAIT = 1
01938 #-----setup 39009-----
01938 #configure
01938 Command = 82, MODE1 = 0, MODE2 = 0, Enable_24VDC = 0, Analog_Raw_Value = 0 : NULL : WAIT = 0.5
01939 Command = 0, MODE1 = 0, MODE2 = 0, Enable_24VDC = 0, Analog_Raw_Value = 0 : NULL : WAIT = 0.5
01940 Command = 83, MODE1A = 4, MODE1B = 7, MODE2A = 1, MODE2B = 1, MODE3A = 1, MODE3B = 4, MODE4A = 1, MODE4B = 1, MODE5A = 6, MODE5B = 6, MODE6A = 1, MODE6B = 1, MODE7A = 6, MODE7B = 6 : NULL : WAIT = 0.5
01941 Command = 0, MODE1A = 0, MODE1B = 0, MODE2A = 0, MODE2B = 0, MODE3A = 0, MODE3B = 0, MODE4A = 0, MODE4B = 0, MODE5A = 0, MODE5B = 0, MODE6A = 0, MODE6B = 0, MODE7A = 0, MODE7B = 0 : NULL
01942 Command = 84, MODE8A = 1, MODE8B = 1, MODE9A = 6, MODE9B = 6, MODE10A = 1, MODE10B = 1, GLOBAL_KP = 255, GLOBAL_KI = 255 : NULL : WAIT = 0.5
01943 Command = 0, MODE8A = 0, MODE8B = 0, MODE9A = 0, MODE9B = 0, MODE10A = 0, MODE10B = 0, GLOBAL_KP = 0, GLOBAL_KI = 0 : NULL
01944 Command = 82, Enable_Fault_Reset = 1, Save_Configuration = 1, Enable_DPLTx = 1, Enable_DPLF1 = 1, Enable_DPLF2 = 1 : NULL : WAIT = 0.5
01945 #clear multiplex
01945 Command = 0, Enable_Fault_Reset = 0, Save_Configuration = 0, Enable_DPLTx = 0, Enable_DPLF1 = 0, Enable_DPLF2 = 0 : NULL
01946 #switch input to load line
01946 J2_03 = 1 : NULL : WAIT = 0.1
01947 
01947 #TESTING - ModeIndex 24 PortIndex 2
01947 PwrSetVoltage = 50.0 : NULL : WAIT = 0.1
01948 J4_01 = 1 : NULL : WAIT = 0.1
01949 SWEEP-RUNNING DEATHSWEEP!
Connected: RIGOL TECHNOLOGIES,DP832,DP8C180100022,00.01.19
VISA resource: USB0::0x1AB1::0x0E11::DP8C180100022::INSTR
Sweeping CH2 mode=updown: 4.320000 V -> 4.430000 V -> 4.320000 V in 0.001000 V steps (221 points)
       0/220 set=4.320000 V elapsed=0.016s rate=62.50 steps/s
      50/220 set=4.370000 V elapsed=1.125s rate=45.33 steps/s eta=3.750s
     100/220 set=4.420000 V elapsed=2.204s rate=45.83 steps/s eta=2.619s
     150/220 set=4.390000 V elapsed=3.313s rate=45.58 steps/s eta=1.536s
     200/220 set=4.340000 V elapsed=4.422s rate=45.45 steps/s eta=0.440s
Sweep complete. Elapsed: 4.860s
Output turned OFF.


01949 J4_01 = 0 : NULL : WAIT = 0.1
01950 #test for lockup
01950 NULL : Input_3A = 0 | 0.1 | 0.1
01950 TEST: Input_3A 0.0 +/- 0.1
01950 PASS: Input_3A 0.0
01951 J0_09_TEST_SUPPLY = 1 : NULL : WAIT = 0.1
01952 NULL : Input_3A = 1 | 0.1 | 0.1
01952 TEST: Input_3A 1.0 +/- 0.1
01952 PASS: Input_3A 1.0
01953 J0_09_TEST_SUPPLY = 0 : NULL : WAIT = 0.1
01954 NULL : Input_3A = 0 | 0.1 | 0.1
01954 TEST: Input_3A 0.0 +/- 0.1
01954 PASS: Input_3A 0.0
01955 
01955 #Finished with port
01955 #switch out input
01955 J2_03 = 0 : NULL : WAIT = 0.1
01956 
01956 #cycle IGN to reset lockup
01956 RLY_K1 = 1 : NULL : WAIT = 2
01957 RLY_K1 = 0 : NULL : WAIT = 1
01958 #-----setup 39009-----
01958 #configure
01958 Command = 82, MODE1 = 0, MODE2 = 0, Enable_24VDC = 0, Analog_Raw_Value = 0 : NULL : WAIT = 0.5
01959 Command = 0, MODE1 = 0, MODE2 = 0, Enable_24VDC = 0, Analog_Raw_Value = 0 : NULL : WAIT = 0.5
01960 Command = 83, MODE1A = 4, MODE1B = 7, MODE2A = 1, MODE2B = 1, MODE3A = 1, MODE3B = 4, MODE4A = 1, MODE4B = 1, MODE5A = 6, MODE5B = 6, MODE6A = 1, MODE6B = 1, MODE7A = 6, MODE7B = 6 : NULL : WAIT = 0.5
01961 Command = 0, MODE1A = 0, MODE1B = 0, MODE2A = 0, MODE2B = 0, MODE3A = 0, MODE3B = 0, MODE4A = 0, MODE4B = 0, MODE5A = 0, MODE5B = 0, MODE6A = 0, MODE6B = 0, MODE7A = 0, MODE7B = 0 : NULL
01962 Command = 84, MODE8A = 1, MODE8B = 1, MODE9A = 6, MODE9B = 6, MODE10A = 1, MODE10B = 1, GLOBAL_KP = 255, GLOBAL_KI = 255 : NULL : WAIT = 0.5
01963 Command = 0, MODE8A = 0, MODE8B = 0, MODE9A = 0, MODE9B = 0, MODE10A = 0, MODE10B = 0, GLOBAL_KP = 0, GLOBAL_KI = 0 : NULL
01964 Command = 82, Enable_Fault_Reset = 1, Save_Configuration = 1, Enable_DPLTx = 1, Enable_DPLF1 = 1, Enable_DPLF2 = 1 : NULL : WAIT = 0.5
01965 #clear multiplex
01965 Command = 0, Enable_Fault_Reset = 0, Save_Configuration = 0, Enable_DPLTx = 0, Enable_DPLF1 = 0, Enable_DPLF2 = 0 : NULL
01966 #switch input to load line
01966 J2_04 = 1 : NULL : WAIT = 0.1
01967 
01967 #TESTING - ModeIndex 24 PortIndex 3
01967 PwrSetVoltage = 50.0 : NULL : WAIT = 0.1
01968 J4_01 = 1 : NULL : WAIT = 0.1
01969 SWEEP-RUNNING DEATHSWEEP!
Connected: RIGOL TECHNOLOGIES,DP832,DP8C180100022,00.01.19
VISA resource: USB0::0x1AB1::0x0E11::DP8C180100022::INSTR
Sweeping CH2 mode=updown: 4.320000 V -> 4.430000 V -> 4.320000 V in 0.001000 V steps (221 points)
       0/220 set=4.320000 V elapsed=0.047s rate=21.28 steps/s
      50/220 set=4.370000 V elapsed=1.125s rate=45.33 steps/s eta=3.750s
     100/220 set=4.420000 V elapsed=2.172s rate=46.50 steps/s eta=2.581s
     150/220 set=4.390000 V elapsed=3.266s rate=46.23 steps/s eta=1.514s
     200/220 set=4.340000 V elapsed=4.344s rate=46.27 steps/s eta=0.432s
Sweep complete. Elapsed: 4.766s
Output turned OFF.


01969 J4_01 = 0 : NULL : WAIT = 0.1
01970 #test for lockup
01970 NULL : Port_3B = 0 | 0.1 | 0.1
01970 TEST: Port_3B 0.0 +/- 0.1
01970 PASS: Port_3B 0.0
01971 J0_09_TEST_SUPPLY = 1 : NULL : WAIT = 0.1
01972 NULL : Port_3B = 5.0 | 0.1 | 0.1
01972 TEST: Port_3B 5.0 +/- 0.1
01972 PASS: Port_3B 4.975
01973 J0_09_TEST_SUPPLY = 0 : NULL : WAIT = 0.1
01974 NULL : Port_3B = 0 | 0.1 | 0.1
01974 TEST: Port_3B 0.0 +/- 0.1
01974 PASS: Port_3B 0.077
01975 
01975 #Finished with port
01975 #switch out input
01975 J2_04 = 0 : NULL : WAIT = 0.1
01976 
01976 
01976 #Finished with mode
01976 #cycle IGN to reset lockup
01976 RLY_K1 = 1 : NULL : WAIT = 2
01977 RLY_K1 = 0 : NULL : WAIT = 1
01978 #-----setup 39009-----
01978 #configure
01978 Command = 82, MODE1 = 0, MODE2 = 0, Enable_24VDC = 0, Analog_Raw_Value = 0 : NULL : WAIT = 0.5
01979 Command = 0, MODE1 = 0, MODE2 = 0, Enable_24VDC = 0, Analog_Raw_Value = 0 : NULL : WAIT = 0.5
01980 Command = 83, MODE1A = 1, MODE1B = 4, MODE2A = 1, MODE2B = 1, MODE3A = 4, MODE3B = 4, MODE4A = 1, MODE4B = 1, MODE5A = 6, MODE5B = 6, MODE6A = 1, MODE6B = 1, MODE7A = 6, MODE7B = 6 : NULL : WAIT = 0.5
01981 Command = 0, MODE1A = 0, MODE1B = 0, MODE2A = 0, MODE2B = 0, MODE3A = 0, MODE3B = 0, MODE4A = 0, MODE4B = 0, MODE5A = 0, MODE5B = 0, MODE6A = 0, MODE6B = 0, MODE7A = 0, MODE7B = 0 : NULL
01982 Command = 84, MODE8A = 1, MODE8B = 1, MODE9A = 6, MODE9B = 6, MODE10A = 1, MODE10B = 1, GLOBAL_KP = 255, GLOBAL_KI = 255 : NULL : WAIT = 0.5
01983 Command = 0, MODE8A = 0, MODE8B = 0, MODE9A = 0, MODE9B = 0, MODE10A = 0, MODE10B = 0, GLOBAL_KP = 0, GLOBAL_KI = 0 : NULL
01984 Command = 82, Enable_Fault_Reset = 1, Save_Configuration = 1, Enable_DPLTx = 1, Enable_DPLF1 = 1, Enable_DPLF2 = 1 : NULL : WAIT = 0.5
01985 #clear multiplex
01985 Command = 0, Enable_Fault_Reset = 0, Save_Configuration = 0, Enable_DPLTx = 0, Enable_DPLF1 = 0, Enable_DPLF2 = 0 : NULL
01986 #switch input to load line
01986 J2_01 = 1 : NULL : WAIT = 0.1
01987 
01987 #TESTING - ModeIndex 25 PortIndex 0
01987 PwrSetVoltage = 50.0 : NULL : WAIT = 0.1
01988 J4_01 = 1 : NULL : WAIT = 0.1
01989 SWEEP-RUNNING DEATHSWEEP!
Connected: RIGOL TECHNOLOGIES,DP832,DP8C180100022,00.01.19
VISA resource: USB0::0x1AB1::0x0E11::DP8C180100022::INSTR
Sweeping CH2 mode=updown: 4.320000 V -> 4.430000 V -> 4.320000 V in 0.001000 V steps (221 points)
       0/220 set=4.320000 V elapsed=0.016s rate=62.50 steps/s
      50/220 set=4.370000 V elapsed=1.109s rate=45.99 steps/s eta=3.697s
     100/220 set=4.420000 V elapsed=2.172s rate=46.50 steps/s eta=2.581s
     150/220 set=4.390000 V elapsed=3.250s rate=46.46 steps/s eta=1.507s
     200/220 set=4.340000 V elapsed=4.359s rate=46.11 steps/s eta=0.434s
Sweep complete. Elapsed: 4.766s
Output turned OFF.


01989 J4_01 = 0 : NULL : WAIT = 0.1
01990 #test for lockup
01990 NULL : Input_1A = 0 | 0.1 | 0.1
01990 TEST: Input_1A 0.0 +/- 0.1
01990 PASS: Input_1A 0.0
01991 J0_09_TEST_SUPPLY = 1 : NULL : WAIT = 0.1
01992 NULL : Input_1A = 1 | 0.1 | 0.1
01992 TEST: Input_1A 1.0 +/- 0.1
01992 PASS: Input_1A 1.0
01993 J0_09_TEST_SUPPLY = 0 : NULL : WAIT = 0.1
01994 NULL : Input_1A = 0 | 0.1 | 0.1
01994 TEST: Input_1A 0.0 +/- 0.1
01994 PASS: Input_1A 0.0
01995 
01995 #Finished with port
01995 #switch out input
01995 J2_01 = 0 : NULL : WAIT = 0.1
01996 
01996 #cycle IGN to reset lockup
01996 RLY_K1 = 1 : NULL : WAIT = 2
01997 RLY_K1 = 0 : NULL : WAIT = 1
01998 #-----setup 39009-----
01998 #configure
01998 Command = 82, MODE1 = 0, MODE2 = 0, Enable_24VDC = 0, Analog_Raw_Value = 0 : NULL : WAIT = 0.5
01999 Command = 0, MODE1 = 0, MODE2 = 0, Enable_24VDC = 0, Analog_Raw_Value = 0 : NULL : WAIT = 0.5
02000 Command = 83, MODE1A = 1, MODE1B = 4, MODE2A = 1, MODE2B = 1, MODE3A = 4, MODE3B = 4, MODE4A = 1, MODE4B = 1, MODE5A = 6, MODE5B = 6, MODE6A = 1, MODE6B = 1, MODE7A = 6, MODE7B = 6 : NULL : WAIT = 0.5
02001 Command = 0, MODE1A = 0, MODE1B = 0, MODE2A = 0, MODE2B = 0, MODE3A = 0, MODE3B = 0, MODE4A = 0, MODE4B = 0, MODE5A = 0, MODE5B = 0, MODE6A = 0, MODE6B = 0, MODE7A = 0, MODE7B = 0 : NULL
02002 Command = 84, MODE8A = 1, MODE8B = 1, MODE9A = 6, MODE9B = 6, MODE10A = 1, MODE10B = 1, GLOBAL_KP = 255, GLOBAL_KI = 255 : NULL : WAIT = 0.5
02003 Command = 0, MODE8A = 0, MODE8B = 0, MODE9A = 0, MODE9B = 0, MODE10A = 0, MODE10B = 0, GLOBAL_KP = 0, GLOBAL_KI = 0 : NULL
02004 Command = 82, Enable_Fault_Reset = 1, Save_Configuration = 1, Enable_DPLTx = 1, Enable_DPLF1 = 1, Enable_DPLF2 = 1 : NULL : WAIT = 0.5
02005 #clear multiplex
02005 Command = 0, Enable_Fault_Reset = 0, Save_Configuration = 0, Enable_DPLTx = 0, Enable_DPLF1 = 0, Enable_DPLF2 = 0 : NULL
02006 #switch input to load line
02006 J2_02 = 1 : NULL : WAIT = 0.1
02007 
02007 #TESTING - ModeIndex 25 PortIndex 1
02007 PwrSetVoltage = 50.0 : NULL : WAIT = 0.1
02008 J4_01 = 1 : NULL : WAIT = 0.1
02009 SWEEP-RUNNING DEATHSWEEP!
Connected: RIGOL TECHNOLOGIES,DP832,DP8C180100022,00.01.19
VISA resource: USB0::0x1AB1::0x0E11::DP8C180100022::INSTR
Sweeping CH2 mode=updown: 4.320000 V -> 4.430000 V -> 4.320000 V in 0.001000 V steps (221 points)
       0/220 set=4.320000 V elapsed=0.031s rate=32.26 steps/s
      50/220 set=4.370000 V elapsed=1.094s rate=46.62 steps/s eta=3.647s
     100/220 set=4.420000 V elapsed=2.219s rate=45.52 steps/s eta=2.636s
     150/220 set=4.390000 V elapsed=3.359s rate=44.95 steps/s eta=1.557s
     200/220 set=4.340000 V elapsed=4.500s rate=44.67 steps/s eta=0.448s
Sweep complete. Elapsed: 4.922s
Output turned OFF.


02009 J4_01 = 0 : NULL : WAIT = 0.1
02010 #test for lockup
02010 NULL : Port_1B = 0 | 0.1 | 0.1
02010 TEST: Port_1B 0.0 +/- 0.1
02010 PASS: Port_1B 0.0
02011 J0_09_TEST_SUPPLY = 1 : NULL : WAIT = 0.1
02012 NULL : Port_1B = 5.0 | 0.1 | 0.1
02012 TEST: Port_1B 5.0 +/- 0.1
02012 PASS: Port_1B 4.971
02013 J0_09_TEST_SUPPLY = 0 : NULL : WAIT = 0.1
02014 NULL : Port_1B = 0 | 0.1 | 0.1
02014 TEST: Port_1B 0.0 +/- 0.1
02014 PASS: Port_1B 0.074
02015 
02015 #Finished with port
02015 #switch out input
02015 J2_02 = 0 : NULL : WAIT = 0.1
02016 
02016 #cycle IGN to reset lockup
02016 RLY_K1 = 1 : NULL : WAIT = 2
02017 RLY_K1 = 0 : NULL : WAIT = 1
02018 #-----setup 39009-----
02018 #configure
02018 Command = 82, MODE1 = 0, MODE2 = 0, Enable_24VDC = 0, Analog_Raw_Value = 0 : NULL : WAIT = 0.5
02019 Command = 0, MODE1 = 0, MODE2 = 0, Enable_24VDC = 0, Analog_Raw_Value = 0 : NULL : WAIT = 0.5
02020 Command = 83, MODE1A = 1, MODE1B = 4, MODE2A = 1, MODE2B = 1, MODE3A = 4, MODE3B = 4, MODE4A = 1, MODE4B = 1, MODE5A = 6, MODE5B = 6, MODE6A = 1, MODE6B = 1, MODE7A = 6, MODE7B = 6 : NULL : WAIT = 0.5
02021 Command = 0, MODE1A = 0, MODE1B = 0, MODE2A = 0, MODE2B = 0, MODE3A = 0, MODE3B = 0, MODE4A = 0, MODE4B = 0, MODE5A = 0, MODE5B = 0, MODE6A = 0, MODE6B = 0, MODE7A = 0, MODE7B = 0 : NULL
02022 Command = 84, MODE8A = 1, MODE8B = 1, MODE9A = 6, MODE9B = 6, MODE10A = 1, MODE10B = 1, GLOBAL_KP = 255, GLOBAL_KI = 255 : NULL : WAIT = 0.5
02023 Command = 0, MODE8A = 0, MODE8B = 0, MODE9A = 0, MODE9B = 0, MODE10A = 0, MODE10B = 0, GLOBAL_KP = 0, GLOBAL_KI = 0 : NULL
02024 Command = 82, Enable_Fault_Reset = 1, Save_Configuration = 1, Enable_DPLTx = 1, Enable_DPLF1 = 1, Enable_DPLF2 = 1 : NULL : WAIT = 0.5
02025 #clear multiplex
02025 Command = 0, Enable_Fault_Reset = 0, Save_Configuration = 0, Enable_DPLTx = 0, Enable_DPLF1 = 0, Enable_DPLF2 = 0 : NULL
02026 #switch input to load line
02026 J2_03 = 1 : NULL : WAIT = 0.1
02027 
02027 #TESTING - ModeIndex 25 PortIndex 2
02027 PwrSetVoltage = 50.0 : NULL : WAIT = 0.1
02028 J4_01 = 1 : NULL : WAIT = 0.1
02029 SWEEP-RUNNING DEATHSWEEP!
Connected: RIGOL TECHNOLOGIES,DP832,DP8C180100022,00.01.19
VISA resource: USB0::0x1AB1::0x0E11::DP8C180100022::INSTR
Sweeping CH2 mode=updown: 4.320000 V -> 4.430000 V -> 4.320000 V in 0.001000 V steps (221 points)
       0/220 set=4.320000 V elapsed=0.047s rate=21.28 steps/s
      50/220 set=4.370000 V elapsed=1.125s rate=45.33 steps/s eta=3.750s
     100/220 set=4.420000 V elapsed=2.235s rate=45.19 steps/s eta=2.655s
     150/220 set=4.390000 V elapsed=3.329s rate=45.36 steps/s eta=1.543s
     200/220 set=4.340000 V elapsed=4.422s rate=45.45 steps/s eta=0.440s
Sweep complete. Elapsed: 4.860s
Output turned OFF.


02029 J4_01 = 0 : NULL : WAIT = 0.1
02030 #test for lockup
02030 NULL : Port_3A = 0 | 0.1 | 0.1
02030 TEST: Port_3A 0.0 +/- 0.1
02030 PASS: Port_3A 0.083
02031 J0_09_TEST_SUPPLY = 1 : NULL : WAIT = 0.1
02032 NULL : Port_3A = 5.0 | 0.1 | 0.1
02032 TEST: Port_3A 5.0 +/- 0.1
02032 PASS: Port_3A 4.972
02033 J0_09_TEST_SUPPLY = 0 : NULL : WAIT = 0.1
02034 NULL : Port_3A = 0 | 0.1 | 0.1
02034 TEST: Port_3A 0.0 +/- 0.1
02034 PASS: Port_3A 0.084
02035 
02035 #Finished with port
02035 #switch out input
02035 J2_03 = 0 : NULL : WAIT = 0.1
02036 
02036 #cycle IGN to reset lockup
02036 RLY_K1 = 1 : NULL : WAIT = 2
02037 RLY_K1 = 0 : NULL : WAIT = 1
02038 #-----setup 39009-----
02038 #configure
02038 Command = 82, MODE1 = 0, MODE2 = 0, Enable_24VDC = 0, Analog_Raw_Value = 0 : NULL : WAIT = 0.5
02039 Command = 0, MODE1 = 0, MODE2 = 0, Enable_24VDC = 0, Analog_Raw_Value = 0 : NULL : WAIT = 0.5
02040 Command = 83, MODE1A = 1, MODE1B = 4, MODE2A = 1, MODE2B = 1, MODE3A = 4, MODE3B = 4, MODE4A = 1, MODE4B = 1, MODE5A = 6, MODE5B = 6, MODE6A = 1, MODE6B = 1, MODE7A = 6, MODE7B = 6 : NULL : WAIT = 0.5
02041 Command = 0, MODE1A = 0, MODE1B = 0, MODE2A = 0, MODE2B = 0, MODE3A = 0, MODE3B = 0, MODE4A = 0, MODE4B = 0, MODE5A = 0, MODE5B = 0, MODE6A = 0, MODE6B = 0, MODE7A = 0, MODE7B = 0 : NULL
02042 Command = 84, MODE8A = 1, MODE8B = 1, MODE9A = 6, MODE9B = 6, MODE10A = 1, MODE10B = 1, GLOBAL_KP = 255, GLOBAL_KI = 255 : NULL : WAIT = 0.5
02043 Command = 0, MODE8A = 0, MODE8B = 0, MODE9A = 0, MODE9B = 0, MODE10A = 0, MODE10B = 0, GLOBAL_KP = 0, GLOBAL_KI = 0 : NULL
02044 Command = 82, Enable_Fault_Reset = 1, Save_Configuration = 1, Enable_DPLTx = 1, Enable_DPLF1 = 1, Enable_DPLF2 = 1 : NULL : WAIT = 0.5
02045 #clear multiplex
02045 Command = 0, Enable_Fault_Reset = 0, Save_Configuration = 0, Enable_DPLTx = 0, Enable_DPLF1 = 0, Enable_DPLF2 = 0 : NULL
02046 #switch input to load line
02046 J2_04 = 1 : NULL : WAIT = 0.1
02047 
02047 #TESTING - ModeIndex 25 PortIndex 3
02047 PwrSetVoltage = 50.0 : NULL : WAIT = 0.1
02048 J4_01 = 1 : NULL : WAIT = 0.1
02049 SWEEP-RUNNING DEATHSWEEP!
Connected: RIGOL TECHNOLOGIES,DP832,DP8C180100022,00.01.19
VISA resource: USB0::0x1AB1::0x0E11::DP8C180100022::INSTR
Sweeping CH2 mode=updown: 4.320000 V -> 4.430000 V -> 4.320000 V in 0.001000 V steps (221 points)
       0/220 set=4.320000 V elapsed=0.032s rate=31.25 steps/s
      50/220 set=4.370000 V elapsed=1.094s rate=46.62 steps/s eta=3.647s
     100/220 set=4.420000 V elapsed=2.172s rate=46.50 steps/s eta=2.581s
     150/220 set=4.390000 V elapsed=3.266s rate=46.23 steps/s eta=1.514s
     200/220 set=4.340000 V elapsed=4.391s rate=45.78 steps/s eta=0.437s
Sweep complete. Elapsed: 4.860s
Output turned OFF.


02049 J4_01 = 0 : NULL : WAIT = 0.1
02050 #test for lockup
02050 NULL : Port_3B = 0 | 0.1 | 0.1
02050 TEST: Port_3B 0.0 +/- 0.1
02050 PASS: Port_3B 0.0
02051 J0_09_TEST_SUPPLY = 1 : NULL : WAIT = 0.1
02052 NULL : Port_3B = 5.0 | 0.1 | 0.1
02052 TEST: Port_3B 5.0 +/- 0.1
02052 PASS: Port_3B 4.975
02053 J0_09_TEST_SUPPLY = 0 : NULL : WAIT = 0.1
02054 NULL : Port_3B = 0 | 0.1 | 0.1
02054 TEST: Port_3B 0.0 +/- 0.1
02054 PASS: Port_3B 0.072
02055 
02055 #Finished with port
02055 #switch out input
02055 J2_04 = 0 : NULL : WAIT = 0.1
02056 
02056 
02056 #Finished with mode
02056 #cycle IGN to reset lockup
02056 RLY_K1 = 1 : NULL : WAIT = 2
02057 RLY_K1 = 0 : NULL : WAIT = 1
02058 #-----setup 39009-----
02058 #configure
02058 Command = 82, MODE1 = 0, MODE2 = 0, Enable_24VDC = 0, Analog_Raw_Value = 0 : NULL : WAIT = 0.5
02059 Command = 0, MODE1 = 0, MODE2 = 0, Enable_24VDC = 0, Analog_Raw_Value = 0 : NULL : WAIT = 0.5
02060 Command = 83, MODE1A = 1, MODE1B = 4, MODE2A = 1, MODE2B = 1, MODE3A = 4, MODE3B = 1, MODE4A = 1, MODE4B = 1, MODE5A = 6, MODE5B = 6, MODE6A = 1, MODE6B = 1, MODE7A = 6, MODE7B = 6 : NULL : WAIT = 0.5
02061 Command = 0, MODE1A = 0, MODE1B = 0, MODE2A = 0, MODE2B = 0, MODE3A = 0, MODE3B = 0, MODE4A = 0, MODE4B = 0, MODE5A = 0, MODE5B = 0, MODE6A = 0, MODE6B = 0, MODE7A = 0, MODE7B = 0 : NULL
02062 Command = 84, MODE8A = 1, MODE8B = 1, MODE9A = 6, MODE9B = 6, MODE10A = 1, MODE10B = 1, GLOBAL_KP = 255, GLOBAL_KI = 255 : NULL : WAIT = 0.5
02063 Command = 0, MODE8A = 0, MODE8B = 0, MODE9A = 0, MODE9B = 0, MODE10A = 0, MODE10B = 0, GLOBAL_KP = 0, GLOBAL_KI = 0 : NULL
02064 Command = 82, Enable_Fault_Reset = 1, Save_Configuration = 1, Enable_DPLTx = 1, Enable_DPLF1 = 1, Enable_DPLF2 = 1 : NULL : WAIT = 0.5
02065 #clear multiplex
02065 Command = 0, Enable_Fault_Reset = 0, Save_Configuration = 0, Enable_DPLTx = 0, Enable_DPLF1 = 0, Enable_DPLF2 = 0 : NULL
02066 #switch input to load line
02066 J2_01 = 1 : NULL : WAIT = 0.1
02067 
02067 #TESTING - ModeIndex 26 PortIndex 0
02067 PwrSetVoltage = 50.0 : NULL : WAIT = 0.1
02068 J4_01 = 1 : NULL : WAIT = 0.1
02069 SWEEP-RUNNING DEATHSWEEP!
Connected: RIGOL TECHNOLOGIES,DP832,DP8C180100022,00.01.19
VISA resource: USB0::0x1AB1::0x0E11::DP8C180100022::INSTR
Sweeping CH2 mode=updown: 4.320000 V -> 4.430000 V -> 4.320000 V in 0.001000 V steps (221 points)
       0/220 set=4.320000 V elapsed=0.031s rate=32.26 steps/s
      50/220 set=4.370000 V elapsed=1.110s rate=45.95 steps/s eta=3.700s
     100/220 set=4.420000 V elapsed=2.188s rate=46.16 steps/s eta=2.600s
     150/220 set=4.390000 V elapsed=3.250s rate=46.46 steps/s eta=1.507s
     200/220 set=4.340000 V elapsed=4.328s rate=46.44 steps/s eta=0.431s
Sweep complete. Elapsed: 4.781s
Output turned OFF.


02069 J4_01 = 0 : NULL : WAIT = 0.1
02070 #test for lockup
02070 NULL : Input_1A = 0 | 0.1 | 0.1
02070 TEST: Input_1A 0.0 +/- 0.1
02070 PASS: Input_1A 0.0
02071 J0_09_TEST_SUPPLY = 1 : NULL : WAIT = 0.1
02072 NULL : Input_1A = 1 | 0.1 | 0.1
02072 TEST: Input_1A 1.0 +/- 0.1
02072 PASS: Input_1A 1.0
02073 J0_09_TEST_SUPPLY = 0 : NULL : WAIT = 0.1
02074 NULL : Input_1A = 0 | 0.1 | 0.1
02074 TEST: Input_1A 0.0 +/- 0.1
02074 PASS: Input_1A 0.0
02075 
02075 #Finished with port
02075 #switch out input
02075 J2_01 = 0 : NULL : WAIT = 0.1
02076 
02076 #cycle IGN to reset lockup
02076 RLY_K1 = 1 : NULL : WAIT = 2
02077 RLY_K1 = 0 : NULL : WAIT = 1
02078 #-----setup 39009-----
02078 #configure
02078 Command = 82, MODE1 = 0, MODE2 = 0, Enable_24VDC = 0, Analog_Raw_Value = 0 : NULL : WAIT = 0.5
02079 Command = 0, MODE1 = 0, MODE2 = 0, Enable_24VDC = 0, Analog_Raw_Value = 0 : NULL : WAIT = 0.5
02080 Command = 83, MODE1A = 1, MODE1B = 4, MODE2A = 1, MODE2B = 1, MODE3A = 4, MODE3B = 1, MODE4A = 1, MODE4B = 1, MODE5A = 6, MODE5B = 6, MODE6A = 1, MODE6B = 1, MODE7A = 6, MODE7B = 6 : NULL : WAIT = 0.5
02081 Command = 0, MODE1A = 0, MODE1B = 0, MODE2A = 0, MODE2B = 0, MODE3A = 0, MODE3B = 0, MODE4A = 0, MODE4B = 0, MODE5A = 0, MODE5B = 0, MODE6A = 0, MODE6B = 0, MODE7A = 0, MODE7B = 0 : NULL
02082 Command = 84, MODE8A = 1, MODE8B = 1, MODE9A = 6, MODE9B = 6, MODE10A = 1, MODE10B = 1, GLOBAL_KP = 255, GLOBAL_KI = 255 : NULL : WAIT = 0.5
02083 Command = 0, MODE8A = 0, MODE8B = 0, MODE9A = 0, MODE9B = 0, MODE10A = 0, MODE10B = 0, GLOBAL_KP = 0, GLOBAL_KI = 0 : NULL
02084 Command = 82, Enable_Fault_Reset = 1, Save_Configuration = 1, Enable_DPLTx = 1, Enable_DPLF1 = 1, Enable_DPLF2 = 1 : NULL : WAIT = 0.5
02085 #clear multiplex
02085 Command = 0, Enable_Fault_Reset = 0, Save_Configuration = 0, Enable_DPLTx = 0, Enable_DPLF1 = 0, Enable_DPLF2 = 0 : NULL
02086 #switch input to load line
02086 J2_02 = 1 : NULL : WAIT = 0.1
02087 
02087 #TESTING - ModeIndex 26 PortIndex 1
02087 PwrSetVoltage = 50.0 : NULL : WAIT = 0.1
02088 J4_01 = 1 : NULL : WAIT = 0.1
02089 SWEEP-RUNNING DEATHSWEEP!
Connected: RIGOL TECHNOLOGIES,DP832,DP8C180100022,00.01.19
VISA resource: USB0::0x1AB1::0x0E11::DP8C180100022::INSTR
Sweeping CH2 mode=updown: 4.320000 V -> 4.430000 V -> 4.320000 V in 0.001000 V steps (221 points)
       0/220 set=4.320000 V elapsed=0.016s rate=62.50 steps/s
      50/220 set=4.370000 V elapsed=1.078s rate=47.31 steps/s eta=3.593s
     100/220 set=4.420000 V elapsed=2.172s rate=46.50 steps/s eta=2.581s
     150/220 set=4.390000 V elapsed=3.234s rate=46.69 steps/s eta=1.499s
     200/220 set=4.340000 V elapsed=4.328s rate=46.44 steps/s eta=0.431s
Sweep complete. Elapsed: 4.750s
Output turned OFF.


02089 J4_01 = 0 : NULL : WAIT = 0.1
02090 #test for lockup
02090 NULL : Port_1B = 0 | 0.1 | 0.1
02090 TEST: Port_1B 0.0 +/- 0.1
02090 PASS: Port_1B 0.0
02091 J0_09_TEST_SUPPLY = 1 : NULL : WAIT = 0.1
02092 NULL : Port_1B = 5.0 | 0.1 | 0.1
02092 TEST: Port_1B 5.0 +/- 0.1
02092 PASS: Port_1B 4.97
02093 J0_09_TEST_SUPPLY = 0 : NULL : WAIT = 0.1
02094 NULL : Port_1B = 0 | 0.1 | 0.1
02094 TEST: Port_1B 0.0 +/- 0.1
02094 PASS: Port_1B 0.074
02095 
02095 #Finished with port
02095 #switch out input
02095 J2_02 = 0 : NULL : WAIT = 0.1
02096 
02096 #cycle IGN to reset lockup
02096 RLY_K1 = 1 : NULL : WAIT = 2
02097 RLY_K1 = 0 : NULL : WAIT = 1
02098 #-----setup 39009-----
02098 #configure
02098 Command = 82, MODE1 = 0, MODE2 = 0, Enable_24VDC = 0, Analog_Raw_Value = 0 : NULL : WAIT = 0.5
02099 Command = 0, MODE1 = 0, MODE2 = 0, Enable_24VDC = 0, Analog_Raw_Value = 0 : NULL : WAIT = 0.5
02100 Command = 83, MODE1A = 1, MODE1B = 4, MODE2A = 1, MODE2B = 1, MODE3A = 4, MODE3B = 1, MODE4A = 1, MODE4B = 1, MODE5A = 6, MODE5B = 6, MODE6A = 1, MODE6B = 1, MODE7A = 6, MODE7B = 6 : NULL : WAIT = 0.5
02101 Command = 0, MODE1A = 0, MODE1B = 0, MODE2A = 0, MODE2B = 0, MODE3A = 0, MODE3B = 0, MODE4A = 0, MODE4B = 0, MODE5A = 0, MODE5B = 0, MODE6A = 0, MODE6B = 0, MODE7A = 0, MODE7B = 0 : NULL
02102 Command = 84, MODE8A = 1, MODE8B = 1, MODE9A = 6, MODE9B = 6, MODE10A = 1, MODE10B = 1, GLOBAL_KP = 255, GLOBAL_KI = 255 : NULL : WAIT = 0.5
02103 Command = 0, MODE8A = 0, MODE8B = 0, MODE9A = 0, MODE9B = 0, MODE10A = 0, MODE10B = 0, GLOBAL_KP = 0, GLOBAL_KI = 0 : NULL
02104 Command = 82, Enable_Fault_Reset = 1, Save_Configuration = 1, Enable_DPLTx = 1, Enable_DPLF1 = 1, Enable_DPLF2 = 1 : NULL : WAIT = 0.5
02105 #clear multiplex
02105 Command = 0, Enable_Fault_Reset = 0, Save_Configuration = 0, Enable_DPLTx = 0, Enable_DPLF1 = 0, Enable_DPLF2 = 0 : NULL
02106 #switch input to load line
02106 J2_03 = 1 : NULL : WAIT = 0.1
02107 
02107 #TESTING - ModeIndex 26 PortIndex 2
02107 PwrSetVoltage = 50.0 : NULL : WAIT = 0.1
02108 J4_01 = 1 : NULL : WAIT = 0.1
02109 SWEEP-RUNNING DEATHSWEEP!
Connected: RIGOL TECHNOLOGIES,DP832,DP8C180100022,00.01.19
VISA resource: USB0::0x1AB1::0x0E11::DP8C180100022::INSTR
Sweeping CH2 mode=updown: 4.320000 V -> 4.430000 V -> 4.320000 V in 0.001000 V steps (221 points)
       0/220 set=4.320000 V elapsed=0.032s rate=31.25 steps/s
      50/220 set=4.370000 V elapsed=1.078s rate=47.31 steps/s eta=3.593s
     100/220 set=4.420000 V elapsed=2.141s rate=47.17 steps/s eta=2.544s
     150/220 set=4.390000 V elapsed=3.235s rate=46.68 steps/s eta=1.500s
     200/220 set=4.340000 V elapsed=4.375s rate=45.94 steps/s eta=0.435s
Sweep complete. Elapsed: 4.797s
Output turned OFF.


02109 J4_01 = 0 : NULL : WAIT = 0.1
02110 #test for lockup
02110 NULL : Port_3A = 0 | 0.1 | 0.1
02110 TEST: Port_3A 0.0 +/- 0.1
02110 PASS: Port_3A 0.034
02111 J0_09_TEST_SUPPLY = 1 : NULL : WAIT = 0.1
02112 NULL : Port_3A = 5.0 | 0.1 | 0.1
02112 TEST: Port_3A 5.0 +/- 0.1
02112 PASS: Port_3A 4.972
02113 J0_09_TEST_SUPPLY = 0 : NULL : WAIT = 0.1
02114 NULL : Port_3A = 0 | 0.1 | 0.1
02114 TEST: Port_3A 0.0 +/- 0.1
02114 PASS: Port_3A 0.077
02115 
02115 #Finished with port
02115 #switch out input
02115 J2_03 = 0 : NULL : WAIT = 0.1
02116 
02116 #cycle IGN to reset lockup
02116 RLY_K1 = 1 : NULL : WAIT = 2
02117 RLY_K1 = 0 : NULL : WAIT = 1
02118 #-----setup 39009-----
02118 #configure
02118 Command = 82, MODE1 = 0, MODE2 = 0, Enable_24VDC = 0, Analog_Raw_Value = 0 : NULL : WAIT = 0.5
02119 Command = 0, MODE1 = 0, MODE2 = 0, Enable_24VDC = 0, Analog_Raw_Value = 0 : NULL : WAIT = 0.5
02120 Command = 83, MODE1A = 1, MODE1B = 4, MODE2A = 1, MODE2B = 1, MODE3A = 4, MODE3B = 1, MODE4A = 1, MODE4B = 1, MODE5A = 6, MODE5B = 6, MODE6A = 1, MODE6B = 1, MODE7A = 6, MODE7B = 6 : NULL : WAIT = 0.5
02121 Command = 0, MODE1A = 0, MODE1B = 0, MODE2A = 0, MODE2B = 0, MODE3A = 0, MODE3B = 0, MODE4A = 0, MODE4B = 0, MODE5A = 0, MODE5B = 0, MODE6A = 0, MODE6B = 0, MODE7A = 0, MODE7B = 0 : NULL
02122 Command = 84, MODE8A = 1, MODE8B = 1, MODE9A = 6, MODE9B = 6, MODE10A = 1, MODE10B = 1, GLOBAL_KP = 255, GLOBAL_KI = 255 : NULL : WAIT = 0.5
02123 Command = 0, MODE8A = 0, MODE8B = 0, MODE9A = 0, MODE9B = 0, MODE10A = 0, MODE10B = 0, GLOBAL_KP = 0, GLOBAL_KI = 0 : NULL
02124 Command = 82, Enable_Fault_Reset = 1, Save_Configuration = 1, Enable_DPLTx = 1, Enable_DPLF1 = 1, Enable_DPLF2 = 1 : NULL : WAIT = 0.5
02125 #clear multiplex
02125 Command = 0, Enable_Fault_Reset = 0, Save_Configuration = 0, Enable_DPLTx = 0, Enable_DPLF1 = 0, Enable_DPLF2 = 0 : NULL
02126 #switch input to load line
02126 J2_04 = 1 : NULL : WAIT = 0.1
02127 
02127 #TESTING - ModeIndex 26 PortIndex 3
02127 PwrSetVoltage = 50.0 : NULL : WAIT = 0.1
02128 J4_01 = 1 : NULL : WAIT = 0.1
02129 SWEEP-RUNNING DEATHSWEEP!
Connected: RIGOL TECHNOLOGIES,DP832,DP8C180100022,00.01.19
VISA resource: USB0::0x1AB1::0x0E11::DP8C180100022::INSTR
Sweeping CH2 mode=updown: 4.320000 V -> 4.430000 V -> 4.320000 V in 0.001000 V steps (221 points)
       0/220 set=4.320000 V elapsed=0.031s rate=32.26 steps/s
      50/220 set=4.370000 V elapsed=1.094s rate=46.62 steps/s eta=3.647s
     100/220 set=4.420000 V elapsed=2.172s rate=46.50 steps/s eta=2.581s
     150/220 set=4.390000 V elapsed=3.250s rate=46.46 steps/s eta=1.507s
     200/220 set=4.340000 V elapsed=4.313s rate=46.60 steps/s eta=0.429s
Sweep complete. Elapsed: 4.766s
Output turned OFF.


02129 J4_01 = 0 : NULL : WAIT = 0.1
02130 #test for lockup
02130 NULL : Input_3B = 0 | 0.1 | 0.1
02130 TEST: Input_3B 0.0 +/- 0.1
02130 PASS: Input_3B 0.0
02131 J0_09_TEST_SUPPLY = 1 : NULL : WAIT = 0.1
02132 NULL : Input_3B = 1 | 0.1 | 0.1
02132 TEST: Input_3B 1.0 +/- 0.1
02132 PASS: Input_3B 1.0
02133 J0_09_TEST_SUPPLY = 0 : NULL : WAIT = 0.1
02134 NULL : Input_3B = 0 | 0.1 | 0.1
02134 TEST: Input_3B 0.0 +/- 0.1
02134 PASS: Input_3B 0.0
02135 
02135 #Finished with port
02135 #switch out input
02135 J2_04 = 0 : NULL : WAIT = 0.1
02136 
02136 
02136 #Finished with mode
02136 #cycle IGN to reset lockup
02136 RLY_K1 = 1 : NULL : WAIT = 2
02137 RLY_K1 = 0 : NULL : WAIT = 1
02138 #-----setup 39009-----
02138 #configure
02138 Command = 82, MODE1 = 0, MODE2 = 0, Enable_24VDC = 0, Analog_Raw_Value = 0 : NULL : WAIT = 0.5
02139 Command = 0, MODE1 = 0, MODE2 = 0, Enable_24VDC = 0, Analog_Raw_Value = 0 : NULL : WAIT = 0.5
02140 Command = 83, MODE1A = 1, MODE1B = 4, MODE2A = 1, MODE2B = 1, MODE3A = 1, MODE3B = 4, MODE4A = 1, MODE4B = 1, MODE5A = 6, MODE5B = 6, MODE6A = 1, MODE6B = 1, MODE7A = 6, MODE7B = 6 : NULL : WAIT = 0.5
02141 Command = 0, MODE1A = 0, MODE1B = 0, MODE2A = 0, MODE2B = 0, MODE3A = 0, MODE3B = 0, MODE4A = 0, MODE4B = 0, MODE5A = 0, MODE5B = 0, MODE6A = 0, MODE6B = 0, MODE7A = 0, MODE7B = 0 : NULL
02142 Command = 84, MODE8A = 1, MODE8B = 1, MODE9A = 6, MODE9B = 6, MODE10A = 1, MODE10B = 1, GLOBAL_KP = 255, GLOBAL_KI = 255 : NULL : WAIT = 0.5
02143 Command = 0, MODE8A = 0, MODE8B = 0, MODE9A = 0, MODE9B = 0, MODE10A = 0, MODE10B = 0, GLOBAL_KP = 0, GLOBAL_KI = 0 : NULL
02144 Command = 82, Enable_Fault_Reset = 1, Save_Configuration = 1, Enable_DPLTx = 1, Enable_DPLF1 = 1, Enable_DPLF2 = 1 : NULL : WAIT = 0.5
02145 #clear multiplex
02145 Command = 0, Enable_Fault_Reset = 0, Save_Configuration = 0, Enable_DPLTx = 0, Enable_DPLF1 = 0, Enable_DPLF2 = 0 : NULL
02146 #switch input to load line
02146 J2_01 = 1 : NULL : WAIT = 0.1
02147 
02147 #TESTING - ModeIndex 27 PortIndex 0
02147 PwrSetVoltage = 50.0 : NULL : WAIT = 0.1
02148 J4_01 = 1 : NULL : WAIT = 0.1
02149 SWEEP-RUNNING DEATHSWEEP!
Connected: RIGOL TECHNOLOGIES,DP832,DP8C180100022,00.01.19
VISA resource: USB0::0x1AB1::0x0E11::DP8C180100022::INSTR
Sweeping CH2 mode=updown: 4.320000 V -> 4.430000 V -> 4.320000 V in 0.001000 V steps (221 points)
       0/220 set=4.320000 V elapsed=0.031s rate=32.26 steps/s
      50/220 set=4.370000 V elapsed=1.140s rate=44.74 steps/s eta=3.800s
     100/220 set=4.420000 V elapsed=2.203s rate=45.85 steps/s eta=2.617s
     150/220 set=4.390000 V elapsed=3.281s rate=46.02 steps/s eta=1.521s
     200/220 set=4.340000 V elapsed=4.375s rate=45.94 steps/s eta=0.435s
Sweep complete. Elapsed: 4.797s
Output turned OFF.


02149 J4_01 = 0 : NULL : WAIT = 0.1
02150 #test for lockup
02150 NULL : Input_1A = 0 | 0.1 | 0.1
02150 TEST: Input_1A 0.0 +/- 0.1
02150 PASS: Input_1A 0.0
02151 J0_09_TEST_SUPPLY = 1 : NULL : WAIT = 0.1
02152 NULL : Input_1A = 1 | 0.1 | 0.1
02152 TEST: Input_1A 1.0 +/- 0.1
02152 PASS: Input_1A 1.0
02153 J0_09_TEST_SUPPLY = 0 : NULL : WAIT = 0.1
02154 NULL : Input_1A = 0 | 0.1 | 0.1
02154 TEST: Input_1A 0.0 +/- 0.1
02154 PASS: Input_1A 0.0
02155 
02155 #Finished with port
02155 #switch out input
02155 J2_01 = 0 : NULL : WAIT = 0.1
02156 
02156 #cycle IGN to reset lockup
02156 RLY_K1 = 1 : NULL : WAIT = 2
02157 RLY_K1 = 0 : NULL : WAIT = 1
02158 #-----setup 39009-----
02158 #configure
02158 Command = 82, MODE1 = 0, MODE2 = 0, Enable_24VDC = 0, Analog_Raw_Value = 0 : NULL : WAIT = 0.5
02159 Command = 0, MODE1 = 0, MODE2 = 0, Enable_24VDC = 0, Analog_Raw_Value = 0 : NULL : WAIT = 0.5
02160 Command = 83, MODE1A = 1, MODE1B = 4, MODE2A = 1, MODE2B = 1, MODE3A = 1, MODE3B = 4, MODE4A = 1, MODE4B = 1, MODE5A = 6, MODE5B = 6, MODE6A = 1, MODE6B = 1, MODE7A = 6, MODE7B = 6 : NULL : WAIT = 0.5
02161 Command = 0, MODE1A = 0, MODE1B = 0, MODE2A = 0, MODE2B = 0, MODE3A = 0, MODE3B = 0, MODE4A = 0, MODE4B = 0, MODE5A = 0, MODE5B = 0, MODE6A = 0, MODE6B = 0, MODE7A = 0, MODE7B = 0 : NULL
02162 Command = 84, MODE8A = 1, MODE8B = 1, MODE9A = 6, MODE9B = 6, MODE10A = 1, MODE10B = 1, GLOBAL_KP = 255, GLOBAL_KI = 255 : NULL : WAIT = 0.5
02163 Command = 0, MODE8A = 0, MODE8B = 0, MODE9A = 0, MODE9B = 0, MODE10A = 0, MODE10B = 0, GLOBAL_KP = 0, GLOBAL_KI = 0 : NULL
02164 Command = 82, Enable_Fault_Reset = 1, Save_Configuration = 1, Enable_DPLTx = 1, Enable_DPLF1 = 1, Enable_DPLF2 = 1 : NULL : WAIT = 0.5
02165 #clear multiplex
02165 Command = 0, Enable_Fault_Reset = 0, Save_Configuration = 0, Enable_DPLTx = 0, Enable_DPLF1 = 0, Enable_DPLF2 = 0 : NULL
02166 #switch input to load line
02166 J2_02 = 1 : NULL : WAIT = 0.1
02167 
02167 #TESTING - ModeIndex 27 PortIndex 1
02167 PwrSetVoltage = 50.0 : NULL : WAIT = 0.1
02168 J4_01 = 1 : NULL : WAIT = 0.1
02169 SWEEP-RUNNING DEATHSWEEP!
Connected: RIGOL TECHNOLOGIES,DP832,DP8C180100022,00.01.19
VISA resource: USB0::0x1AB1::0x0E11::DP8C180100022::INSTR
Sweeping CH2 mode=updown: 4.320000 V -> 4.430000 V -> 4.320000 V in 0.001000 V steps (221 points)
       0/220 set=4.320000 V elapsed=0.015s rate=66.67 steps/s
      50/220 set=4.370000 V elapsed=1.109s rate=45.99 steps/s eta=3.697s
     100/220 set=4.420000 V elapsed=2.156s rate=46.85 steps/s eta=2.562s
     150/220 set=4.390000 V elapsed=3.218s rate=46.92 steps/s eta=1.492s
     200/220 set=4.340000 V elapsed=4.296s rate=46.79 steps/s eta=0.427s
Sweep complete. Elapsed: 4.718s
Output turned OFF.


02169 J4_01 = 0 : NULL : WAIT = 0.1
02170 #test for lockup
02170 NULL : Port_1B = 0 | 0.1 | 0.1
02170 TEST: Port_1B 0.0 +/- 0.1
02170 PASS: Port_1B 0.0
02171 J0_09_TEST_SUPPLY = 1 : NULL : WAIT = 0.1
02172 NULL : Port_1B = 5.0 | 0.1 | 0.1
02172 TEST: Port_1B 5.0 +/- 0.1
02172 PASS: Port_1B 4.975
02173 J0_09_TEST_SUPPLY = 0 : NULL : WAIT = 0.1
02174 NULL : Port_1B = 0 | 0.1 | 0.1
02174 TEST: Port_1B 0.0 +/- 0.1
02174 PASS: Port_1B 0.076
02175 
02175 #Finished with port
02175 #switch out input
02175 J2_02 = 0 : NULL : WAIT = 0.1
02176 
02176 #cycle IGN to reset lockup
02176 RLY_K1 = 1 : NULL : WAIT = 2
02177 RLY_K1 = 0 : NULL : WAIT = 1
02178 #-----setup 39009-----
02178 #configure
02178 Command = 82, MODE1 = 0, MODE2 = 0, Enable_24VDC = 0, Analog_Raw_Value = 0 : NULL : WAIT = 0.5
02179 Command = 0, MODE1 = 0, MODE2 = 0, Enable_24VDC = 0, Analog_Raw_Value = 0 : NULL : WAIT = 0.5
02180 Command = 83, MODE1A = 1, MODE1B = 4, MODE2A = 1, MODE2B = 1, MODE3A = 1, MODE3B = 4, MODE4A = 1, MODE4B = 1, MODE5A = 6, MODE5B = 6, MODE6A = 1, MODE6B = 1, MODE7A = 6, MODE7B = 6 : NULL : WAIT = 0.5
02181 Command = 0, MODE1A = 0, MODE1B = 0, MODE2A = 0, MODE2B = 0, MODE3A = 0, MODE3B = 0, MODE4A = 0, MODE4B = 0, MODE5A = 0, MODE5B = 0, MODE6A = 0, MODE6B = 0, MODE7A = 0, MODE7B = 0 : NULL
02182 Command = 84, MODE8A = 1, MODE8B = 1, MODE9A = 6, MODE9B = 6, MODE10A = 1, MODE10B = 1, GLOBAL_KP = 255, GLOBAL_KI = 255 : NULL : WAIT = 0.5
02183 Command = 0, MODE8A = 0, MODE8B = 0, MODE9A = 0, MODE9B = 0, MODE10A = 0, MODE10B = 0, GLOBAL_KP = 0, GLOBAL_KI = 0 : NULL
02184 Command = 82, Enable_Fault_Reset = 1, Save_Configuration = 1, Enable_DPLTx = 1, Enable_DPLF1 = 1, Enable_DPLF2 = 1 : NULL : WAIT = 0.5
02185 #clear multiplex
02185 Command = 0, Enable_Fault_Reset = 0, Save_Configuration = 0, Enable_DPLTx = 0, Enable_DPLF1 = 0, Enable_DPLF2 = 0 : NULL
02186 #switch input to load line
02186 J2_03 = 1 : NULL : WAIT = 0.1
02187 
02187 #TESTING - ModeIndex 27 PortIndex 2
02187 PwrSetVoltage = 50.0 : NULL : WAIT = 0.1
02188 J4_01 = 1 : NULL : WAIT = 0.1
02189 SWEEP-RUNNING DEATHSWEEP!
Connected: RIGOL TECHNOLOGIES,DP832,DP8C180100022,00.01.19
VISA resource: USB0::0x1AB1::0x0E11::DP8C180100022::INSTR
Sweeping CH2 mode=updown: 4.320000 V -> 4.430000 V -> 4.320000 V in 0.001000 V steps (221 points)
       0/220 set=4.320000 V elapsed=0.016s rate=62.50 steps/s
      50/220 set=4.370000 V elapsed=1.094s rate=46.62 steps/s eta=3.647s
     100/220 set=4.420000 V elapsed=2.157s rate=46.82 steps/s eta=2.563s
     150/220 set=4.390000 V elapsed=3.219s rate=46.91 steps/s eta=1.492s
     200/220 set=4.340000 V elapsed=4.313s rate=46.60 steps/s eta=0.429s
Sweep complete. Elapsed: 4.750s
Output turned OFF.


02189 J4_01 = 0 : NULL : WAIT = 0.1
02190 #test for lockup
02190 NULL : Input_3A = 0 | 0.1 | 0.1
02190 TEST: Input_3A 0.0 +/- 0.1
02190 PASS: Input_3A 0.0
02191 J0_09_TEST_SUPPLY = 1 : NULL : WAIT = 0.1
02192 NULL : Input_3A = 1 | 0.1 | 0.1
02192 TEST: Input_3A 1.0 +/- 0.1
02192 PASS: Input_3A 1.0
02193 J0_09_TEST_SUPPLY = 0 : NULL : WAIT = 0.1
02194 NULL : Input_3A = 0 | 0.1 | 0.1
02194 TEST: Input_3A 0.0 +/- 0.1
02194 PASS: Input_3A 0.0
02195 
02195 #Finished with port
02195 #switch out input
02195 J2_03 = 0 : NULL : WAIT = 0.1
02196 
02196 #cycle IGN to reset lockup
02196 RLY_K1 = 1 : NULL : WAIT = 2
02197 RLY_K1 = 0 : NULL : WAIT = 1
02198 #-----setup 39009-----
02198 #configure
02198 Command = 82, MODE1 = 0, MODE2 = 0, Enable_24VDC = 0, Analog_Raw_Value = 0 : NULL : WAIT = 0.5
02199 Command = 0, MODE1 = 0, MODE2 = 0, Enable_24VDC = 0, Analog_Raw_Value = 0 : NULL : WAIT = 0.5
02200 Command = 83, MODE1A = 1, MODE1B = 4, MODE2A = 1, MODE2B = 1, MODE3A = 1, MODE3B = 4, MODE4A = 1, MODE4B = 1, MODE5A = 6, MODE5B = 6, MODE6A = 1, MODE6B = 1, MODE7A = 6, MODE7B = 6 : NULL : WAIT = 0.5
02201 Command = 0, MODE1A = 0, MODE1B = 0, MODE2A = 0, MODE2B = 0, MODE3A = 0, MODE3B = 0, MODE4A = 0, MODE4B = 0, MODE5A = 0, MODE5B = 0, MODE6A = 0, MODE6B = 0, MODE7A = 0, MODE7B = 0 : NULL
02202 Command = 84, MODE8A = 1, MODE8B = 1, MODE9A = 6, MODE9B = 6, MODE10A = 1, MODE10B = 1, GLOBAL_KP = 255, GLOBAL_KI = 255 : NULL : WAIT = 0.5
02203 Command = 0, MODE8A = 0, MODE8B = 0, MODE9A = 0, MODE9B = 0, MODE10A = 0, MODE10B = 0, GLOBAL_KP = 0, GLOBAL_KI = 0 : NULL
02204 Command = 82, Enable_Fault_Reset = 1, Save_Configuration = 1, Enable_DPLTx = 1, Enable_DPLF1 = 1, Enable_DPLF2 = 1 : NULL : WAIT = 0.5
02205 #clear multiplex
02205 Command = 0, Enable_Fault_Reset = 0, Save_Configuration = 0, Enable_DPLTx = 0, Enable_DPLF1 = 0, Enable_DPLF2 = 0 : NULL
02206 #switch input to load line
02206 J2_04 = 1 : NULL : WAIT = 0.1
02207 
02207 #TESTING - ModeIndex 27 PortIndex 3
02207 PwrSetVoltage = 50.0 : NULL : WAIT = 0.1
02208 J4_01 = 1 : NULL : WAIT = 0.1
02209 SWEEP-RUNNING DEATHSWEEP!
Connected: RIGOL TECHNOLOGIES,DP832,DP8C180100022,00.01.19
VISA resource: USB0::0x1AB1::0x0E11::DP8C180100022::INSTR
Sweeping CH2 mode=updown: 4.320000 V -> 4.430000 V -> 4.320000 V in 0.001000 V steps (221 points)
       0/220 set=4.320000 V elapsed=0.015s rate=66.67 steps/s
      50/220 set=4.370000 V elapsed=1.109s rate=45.99 steps/s eta=3.697s
     100/220 set=4.420000 V elapsed=2.203s rate=45.85 steps/s eta=2.617s
     150/220 set=4.390000 V elapsed=3.250s rate=46.46 steps/s eta=1.507s
     200/220 set=4.340000 V elapsed=4.390s rate=45.79 steps/s eta=0.437s
Sweep complete. Elapsed: 4.828s
Output turned OFF.


02209 J4_01 = 0 : NULL : WAIT = 0.1
02210 #test for lockup
02210 NULL : Port_3B = 0 | 0.1 | 0.1
02210 TEST: Port_3B 0.0 +/- 0.1
02210 PASS: Port_3B 0.0
02211 J0_09_TEST_SUPPLY = 1 : NULL : WAIT = 0.1
02212 NULL : Port_3B = 5.0 | 0.1 | 0.1
02212 TEST: Port_3B 5.0 +/- 0.1
02212 PASS: Port_3B 4.976
02213 J0_09_TEST_SUPPLY = 0 : NULL : WAIT = 0.1
02214 NULL : Port_3B = 0 | 0.1 | 0.1
02214 TEST: Port_3B 0.0 +/- 0.1
02214 PASS: Port_3B 0.084
02215 
02215 #Finished with port
02215 #switch out input
02215 J2_04 = 0 : NULL : WAIT = 0.1
02216 
02216 
02216 #Finished with mode
02216 #cycle IGN to reset lockup
02216 RLY_K1 = 1 : NULL : WAIT = 2
02217 RLY_K1 = 0 : NULL : WAIT = 1
02218 #-----setup 39009-----
02218 #configure
02218 Command = 82, MODE1 = 0, MODE2 = 0, Enable_24VDC = 0, Analog_Raw_Value = 0 : NULL : WAIT = 0.5
02219 Command = 0, MODE1 = 0, MODE2 = 0, Enable_24VDC = 0, Analog_Raw_Value = 0 : NULL : WAIT = 0.5
02220 Command = 83, MODE1A = 1, MODE1B = 4, MODE2A = 1, MODE2B = 1, MODE3A = 1, MODE3B = 1, MODE4A = 1, MODE4B = 1, MODE5A = 6, MODE5B = 6, MODE6A = 1, MODE6B = 1, MODE7A = 6, MODE7B = 6 : NULL : WAIT = 0.5
02221 Command = 0, MODE1A = 0, MODE1B = 0, MODE2A = 0, MODE2B = 0, MODE3A = 0, MODE3B = 0, MODE4A = 0, MODE4B = 0, MODE5A = 0, MODE5B = 0, MODE6A = 0, MODE6B = 0, MODE7A = 0, MODE7B = 0 : NULL
02222 Command = 84, MODE8A = 1, MODE8B = 1, MODE9A = 6, MODE9B = 6, MODE10A = 1, MODE10B = 1, GLOBAL_KP = 255, GLOBAL_KI = 255 : NULL : WAIT = 0.5
02223 Command = 0, MODE8A = 0, MODE8B = 0, MODE9A = 0, MODE9B = 0, MODE10A = 0, MODE10B = 0, GLOBAL_KP = 0, GLOBAL_KI = 0 : NULL
02224 Command = 82, Enable_Fault_Reset = 1, Save_Configuration = 1, Enable_DPLTx = 1, Enable_DPLF1 = 1, Enable_DPLF2 = 1 : NULL : WAIT = 0.5
02225 #clear multiplex
02225 Command = 0, Enable_Fault_Reset = 0, Save_Configuration = 0, Enable_DPLTx = 0, Enable_DPLF1 = 0, Enable_DPLF2 = 0 : NULL
02226 #switch input to load line
02226 J2_01 = 1 : NULL : WAIT = 0.1
02227 
02227 #TESTING - ModeIndex 28 PortIndex 0
02227 PwrSetVoltage = 50.0 : NULL : WAIT = 0.1
02228 J4_01 = 1 : NULL : WAIT = 0.1
02229 SWEEP-RUNNING DEATHSWEEP!
Connected: RIGOL TECHNOLOGIES,DP832,DP8C180100022,00.01.19
VISA resource: USB0::0x1AB1::0x0E11::DP8C180100022::INSTR
Sweeping CH2 mode=updown: 4.320000 V -> 4.430000 V -> 4.320000 V in 0.001000 V steps (221 points)
       0/220 set=4.320000 V elapsed=0.015s rate=66.67 steps/s
      50/220 set=4.370000 V elapsed=1.078s rate=47.31 steps/s eta=3.593s
     100/220 set=4.420000 V elapsed=2.156s rate=46.85 steps/s eta=2.562s
     150/220 set=4.390000 V elapsed=3.250s rate=46.46 steps/s eta=1.507s
     200/220 set=4.340000 V elapsed=4.343s rate=46.28 steps/s eta=0.432s
Sweep complete. Elapsed: 4.765s
Output turned OFF.


02229 J4_01 = 0 : NULL : WAIT = 0.1
02230 #test for lockup
02230 NULL : Input_1A = 0 | 0.1 | 0.1
02230 TEST: Input_1A 0.0 +/- 0.1
02230 PASS: Input_1A 0.0
02231 J0_09_TEST_SUPPLY = 1 : NULL : WAIT = 0.1
02232 NULL : Input_1A = 1 | 0.1 | 0.1
02232 TEST: Input_1A 1.0 +/- 0.1
02232 PASS: Input_1A 1.0
02233 J0_09_TEST_SUPPLY = 0 : NULL : WAIT = 0.1
02234 NULL : Input_1A = 0 | 0.1 | 0.1
02234 TEST: Input_1A 0.0 +/- 0.1
02234 PASS: Input_1A 0.0
02235 
02235 #Finished with port
02235 #switch out input
02235 J2_01 = 0 : NULL : WAIT = 0.1
02236 
02236 #cycle IGN to reset lockup
02236 RLY_K1 = 1 : NULL : WAIT = 2
02237 RLY_K1 = 0 : NULL : WAIT = 1
02238 #-----setup 39009-----
02238 #configure
02238 Command = 82, MODE1 = 0, MODE2 = 0, Enable_24VDC = 0, Analog_Raw_Value = 0 : NULL : WAIT = 0.5
02239 Command = 0, MODE1 = 0, MODE2 = 0, Enable_24VDC = 0, Analog_Raw_Value = 0 : NULL : WAIT = 0.5
02240 Command = 83, MODE1A = 1, MODE1B = 4, MODE2A = 1, MODE2B = 1, MODE3A = 1, MODE3B = 1, MODE4A = 1, MODE4B = 1, MODE5A = 6, MODE5B = 6, MODE6A = 1, MODE6B = 1, MODE7A = 6, MODE7B = 6 : NULL : WAIT = 0.5
02241 Command = 0, MODE1A = 0, MODE1B = 0, MODE2A = 0, MODE2B = 0, MODE3A = 0, MODE3B = 0, MODE4A = 0, MODE4B = 0, MODE5A = 0, MODE5B = 0, MODE6A = 0, MODE6B = 0, MODE7A = 0, MODE7B = 0 : NULL
02242 Command = 84, MODE8A = 1, MODE8B = 1, MODE9A = 6, MODE9B = 6, MODE10A = 1, MODE10B = 1, GLOBAL_KP = 255, GLOBAL_KI = 255 : NULL : WAIT = 0.5
02243 Command = 0, MODE8A = 0, MODE8B = 0, MODE9A = 0, MODE9B = 0, MODE10A = 0, MODE10B = 0, GLOBAL_KP = 0, GLOBAL_KI = 0 : NULL
02244 Command = 82, Enable_Fault_Reset = 1, Save_Configuration = 1, Enable_DPLTx = 1, Enable_DPLF1 = 1, Enable_DPLF2 = 1 : NULL : WAIT = 0.5
02245 #clear multiplex
02245 Command = 0, Enable_Fault_Reset = 0, Save_Configuration = 0, Enable_DPLTx = 0, Enable_DPLF1 = 0, Enable_DPLF2 = 0 : NULL
02246 #switch input to load line
02246 J2_02 = 1 : NULL : WAIT = 0.1
02247 
02247 #TESTING - ModeIndex 28 PortIndex 1
02247 PwrSetVoltage = 50.0 : NULL : WAIT = 0.1
02248 J4_01 = 1 : NULL : WAIT = 0.1
02249 SWEEP-RUNNING DEATHSWEEP!
Connected: RIGOL TECHNOLOGIES,DP832,DP8C180100022,00.01.19
VISA resource: USB0::0x1AB1::0x0E11::DP8C180100022::INSTR
Sweeping CH2 mode=updown: 4.320000 V -> 4.430000 V -> 4.320000 V in 0.001000 V steps (221 points)
       0/220 set=4.320000 V elapsed=0.031s rate=32.26 steps/s
      50/220 set=4.370000 V elapsed=1.125s rate=45.33 steps/s eta=3.750s
     100/220 set=4.420000 V elapsed=2.203s rate=45.85 steps/s eta=2.617s
     150/220 set=4.390000 V elapsed=3.296s rate=45.81 steps/s eta=1.528s
     200/220 set=4.340000 V elapsed=4.375s rate=45.94 steps/s eta=0.435s
Sweep complete. Elapsed: 4.796s
Output turned OFF.


02249 J4_01 = 0 : NULL : WAIT = 0.1
02250 #test for lockup
02250 NULL : Port_1B = 0 | 0.1 | 0.1
02250 TEST: Port_1B 0.0 +/- 0.1
02250 PASS: Port_1B 0.086
02251 J0_09_TEST_SUPPLY = 1 : NULL : WAIT = 0.1
02252 NULL : Port_1B = 5.0 | 0.1 | 0.1
02252 TEST: Port_1B 5.0 +/- 0.1
02252 PASS: Port_1B 4.971
02253 J0_09_TEST_SUPPLY = 0 : NULL : WAIT = 0.1
02254 NULL : Port_1B = 0 | 0.1 | 0.1
02254 TEST: Port_1B 0.0 +/- 0.1
02254 PASS: Port_1B 0.074
02255 
02255 #Finished with port
02255 #switch out input
02255 J2_02 = 0 : NULL : WAIT = 0.1
02256 
02256 #cycle IGN to reset lockup
02256 RLY_K1 = 1 : NULL : WAIT = 2
02257 RLY_K1 = 0 : NULL : WAIT = 1
02258 #-----setup 39009-----
02258 #configure
02258 Command = 82, MODE1 = 0, MODE2 = 0, Enable_24VDC = 0, Analog_Raw_Value = 0 : NULL : WAIT = 0.5
02259 Command = 0, MODE1 = 0, MODE2 = 0, Enable_24VDC = 0, Analog_Raw_Value = 0 : NULL : WAIT = 0.5
02260 Command = 83, MODE1A = 1, MODE1B = 4, MODE2A = 1, MODE2B = 1, MODE3A = 1, MODE3B = 1, MODE4A = 1, MODE4B = 1, MODE5A = 6, MODE5B = 6, MODE6A = 1, MODE6B = 1, MODE7A = 6, MODE7B = 6 : NULL : WAIT = 0.5
02261 Command = 0, MODE1A = 0, MODE1B = 0, MODE2A = 0, MODE2B = 0, MODE3A = 0, MODE3B = 0, MODE4A = 0, MODE4B = 0, MODE5A = 0, MODE5B = 0, MODE6A = 0, MODE6B = 0, MODE7A = 0, MODE7B = 0 : NULL
02262 Command = 84, MODE8A = 1, MODE8B = 1, MODE9A = 6, MODE9B = 6, MODE10A = 1, MODE10B = 1, GLOBAL_KP = 255, GLOBAL_KI = 255 : NULL : WAIT = 0.5
02263 Command = 0, MODE8A = 0, MODE8B = 0, MODE9A = 0, MODE9B = 0, MODE10A = 0, MODE10B = 0, GLOBAL_KP = 0, GLOBAL_KI = 0 : NULL
02264 Command = 82, Enable_Fault_Reset = 1, Save_Configuration = 1, Enable_DPLTx = 1, Enable_DPLF1 = 1, Enable_DPLF2 = 1 : NULL : WAIT = 0.5
02265 #clear multiplex
02265 Command = 0, Enable_Fault_Reset = 0, Save_Configuration = 0, Enable_DPLTx = 0, Enable_DPLF1 = 0, Enable_DPLF2 = 0 : NULL
02266 #switch input to load line
02266 J2_03 = 1 : NULL : WAIT = 0.1
02267 
02267 #TESTING - ModeIndex 28 PortIndex 2
02267 PwrSetVoltage = 50.0 : NULL : WAIT = 0.1
02268 J4_01 = 1 : NULL : WAIT = 0.1
02269 SWEEP-RUNNING DEATHSWEEP!
Connected: RIGOL TECHNOLOGIES,DP832,DP8C180100022,00.01.19
VISA resource: USB0::0x1AB1::0x0E11::DP8C180100022::INSTR
Sweeping CH2 mode=updown: 4.320000 V -> 4.430000 V -> 4.320000 V in 0.001000 V steps (221 points)
       0/220 set=4.320000 V elapsed=0.031s rate=32.26 steps/s
      50/220 set=4.370000 V elapsed=1.140s rate=44.74 steps/s eta=3.800s
     100/220 set=4.420000 V elapsed=2.250s rate=44.89 steps/s eta=2.673s
     150/220 set=4.390000 V elapsed=3.312s rate=45.59 steps/s eta=1.535s
     200/220 set=4.340000 V elapsed=4.390s rate=45.79 steps/s eta=0.437s
Sweep complete. Elapsed: 4.843s
Output turned OFF.


02269 J4_01 = 0 : NULL : WAIT = 0.1
02270 #test for lockup
02270 NULL : Input_3A = 0 | 0.1 | 0.1
02270 TEST: Input_3A 0.0 +/- 0.1
02270 PASS: Input_3A 0.0
02271 J0_09_TEST_SUPPLY = 1 : NULL : WAIT = 0.1
02272 NULL : Input_3A = 1 | 0.1 | 0.1
02272 TEST: Input_3A 1.0 +/- 0.1
02272 PASS: Input_3A 1.0
02273 J0_09_TEST_SUPPLY = 0 : NULL : WAIT = 0.1
02274 NULL : Input_3A = 0 | 0.1 | 0.1
02274 TEST: Input_3A 0.0 +/- 0.1
02274 PASS: Input_3A 0.0
02275 
02275 #Finished with port
02275 #switch out input
02275 J2_03 = 0 : NULL : WAIT = 0.1
02276 
02276 #cycle IGN to reset lockup
02276 RLY_K1 = 1 : NULL : WAIT = 2
02277 RLY_K1 = 0 : NULL : WAIT = 1
02278 #-----setup 39009-----
02278 #configure
02278 Command = 82, MODE1 = 0, MODE2 = 0, Enable_24VDC = 0, Analog_Raw_Value = 0 : NULL : WAIT = 0.5
02279 Command = 0, MODE1 = 0, MODE2 = 0, Enable_24VDC = 0, Analog_Raw_Value = 0 : NULL : WAIT = 0.5
02280 Command = 83, MODE1A = 1, MODE1B = 4, MODE2A = 1, MODE2B = 1, MODE3A = 1, MODE3B = 1, MODE4A = 1, MODE4B = 1, MODE5A = 6, MODE5B = 6, MODE6A = 1, MODE6B = 1, MODE7A = 6, MODE7B = 6 : NULL : WAIT = 0.5
02281 Command = 0, MODE1A = 0, MODE1B = 0, MODE2A = 0, MODE2B = 0, MODE3A = 0, MODE3B = 0, MODE4A = 0, MODE4B = 0, MODE5A = 0, MODE5B = 0, MODE6A = 0, MODE6B = 0, MODE7A = 0, MODE7B = 0 : NULL
02282 Command = 84, MODE8A = 1, MODE8B = 1, MODE9A = 6, MODE9B = 6, MODE10A = 1, MODE10B = 1, GLOBAL_KP = 255, GLOBAL_KI = 255 : NULL : WAIT = 0.5
02283 Command = 0, MODE8A = 0, MODE8B = 0, MODE9A = 0, MODE9B = 0, MODE10A = 0, MODE10B = 0, GLOBAL_KP = 0, GLOBAL_KI = 0 : NULL
02284 Command = 82, Enable_Fault_Reset = 1, Save_Configuration = 1, Enable_DPLTx = 1, Enable_DPLF1 = 1, Enable_DPLF2 = 1 : NULL : WAIT = 0.5
02285 #clear multiplex
02285 Command = 0, Enable_Fault_Reset = 0, Save_Configuration = 0, Enable_DPLTx = 0, Enable_DPLF1 = 0, Enable_DPLF2 = 0 : NULL
02286 #switch input to load line
02286 J2_04 = 1 : NULL : WAIT = 0.1
02287 
02287 #TESTING - ModeIndex 28 PortIndex 3
02287 PwrSetVoltage = 50.0 : NULL : WAIT = 0.1
02288 J4_01 = 1 : NULL : WAIT = 0.1
02289 SWEEP-RUNNING DEATHSWEEP!
Connected: RIGOL TECHNOLOGIES,DP832,DP8C180100022,00.01.19
VISA resource: USB0::0x1AB1::0x0E11::DP8C180100022::INSTR
Sweeping CH2 mode=updown: 4.320000 V -> 4.430000 V -> 4.320000 V in 0.001000 V steps (221 points)
       0/220 set=4.320000 V elapsed=0.031s rate=32.26 steps/s
      50/220 set=4.370000 V elapsed=1.094s rate=46.62 steps/s eta=3.647s
     100/220 set=4.420000 V elapsed=2.187s rate=46.18 steps/s eta=2.598s
     150/220 set=4.390000 V elapsed=3.265s rate=46.25 steps/s eta=1.514s
     200/220 set=4.340000 V elapsed=4.312s rate=46.61 steps/s eta=0.429s
Sweep complete. Elapsed: 4.734s
Output turned OFF.


02289 J4_01 = 0 : NULL : WAIT = 0.1
02290 #test for lockup
02290 NULL : Input_3B = 0 | 0.1 | 0.1
02290 TEST: Input_3B 0.0 +/- 0.1
02290 PASS: Input_3B 0.0
02291 J0_09_TEST_SUPPLY = 1 : NULL : WAIT = 0.1
02292 NULL : Input_3B = 1 | 0.1 | 0.1
02292 TEST: Input_3B 1.0 +/- 0.1
02292 PASS: Input_3B 1.0
02293 J0_09_TEST_SUPPLY = 0 : NULL : WAIT = 0.1
02294 NULL : Input_3B = 0 | 0.1 | 0.1
02294 TEST: Input_3B 0.0 +/- 0.1
02294 PASS: Input_3B 0.0
02295 
02295 #Finished with port
02295 #switch out input
02295 J2_04 = 0 : NULL : WAIT = 0.1
02296 
02296 
02296 #Finished with mode
02296 #cycle IGN to reset lockup
02296 RLY_K1 = 1 : NULL : WAIT = 2
02297 RLY_K1 = 0 : NULL : WAIT = 1
02298 #-----setup 39009-----
02298 #configure
02298 Command = 82, MODE1 = 0, MODE2 = 0, Enable_24VDC = 0, Analog_Raw_Value = 0 : NULL : WAIT = 0.5
02299 Command = 0, MODE1 = 0, MODE2 = 0, Enable_24VDC = 0, Analog_Raw_Value = 0 : NULL : WAIT = 0.5
02300 Command = 83, MODE1A = 1, MODE1B = 7, MODE2A = 1, MODE2B = 1, MODE3A = 4, MODE3B = 4, MODE4A = 1, MODE4B = 1, MODE5A = 6, MODE5B = 6, MODE6A = 1, MODE6B = 1, MODE7A = 6, MODE7B = 6 : NULL : WAIT = 0.5
02301 Command = 0, MODE1A = 0, MODE1B = 0, MODE2A = 0, MODE2B = 0, MODE3A = 0, MODE3B = 0, MODE4A = 0, MODE4B = 0, MODE5A = 0, MODE5B = 0, MODE6A = 0, MODE6B = 0, MODE7A = 0, MODE7B = 0 : NULL
02302 Command = 84, MODE8A = 1, MODE8B = 1, MODE9A = 6, MODE9B = 6, MODE10A = 1, MODE10B = 1, GLOBAL_KP = 255, GLOBAL_KI = 255 : NULL : WAIT = 0.5
02303 Command = 0, MODE8A = 0, MODE8B = 0, MODE9A = 0, MODE9B = 0, MODE10A = 0, MODE10B = 0, GLOBAL_KP = 0, GLOBAL_KI = 0 : NULL
02304 Command = 82, Enable_Fault_Reset = 1, Save_Configuration = 1, Enable_DPLTx = 1, Enable_DPLF1 = 1, Enable_DPLF2 = 1 : NULL : WAIT = 0.5
02305 #clear multiplex
02305 Command = 0, Enable_Fault_Reset = 0, Save_Configuration = 0, Enable_DPLTx = 0, Enable_DPLF1 = 0, Enable_DPLF2 = 0 : NULL
02306 #switch input to load line
02306 J2_01 = 1 : NULL : WAIT = 0.1
02307 
02307 #TESTING - ModeIndex 29 PortIndex 0
02307 PwrSetVoltage = 50.0 : NULL : WAIT = 0.1
02308 J4_01 = 1 : NULL : WAIT = 0.1
02309 SWEEP-RUNNING DEATHSWEEP!
Connected: RIGOL TECHNOLOGIES,DP832,DP8C180100022,00.01.19
VISA resource: USB0::0x1AB1::0x0E11::DP8C180100022::INSTR
Sweeping CH2 mode=updown: 4.320000 V -> 4.430000 V -> 4.320000 V in 0.001000 V steps (221 points)
       0/220 set=4.320000 V elapsed=0.031s rate=32.26 steps/s
      50/220 set=4.370000 V elapsed=1.078s rate=47.31 steps/s eta=3.593s
     100/220 set=4.420000 V elapsed=2.156s rate=46.85 steps/s eta=2.562s
     150/220 set=4.390000 V elapsed=3.265s rate=46.25 steps/s eta=1.514s
     200/220 set=4.340000 V elapsed=4.312s rate=46.61 steps/s eta=0.429s
Sweep complete. Elapsed: 4.734s
Output turned OFF.


02309 J4_01 = 0 : NULL : WAIT = 0.1
02310 #test for lockup
02310 NULL : Input_1A = 0 | 0.1 | 0.1
02310 TEST: Input_1A 0.0 +/- 0.1
02310 PASS: Input_1A 0.0
02311 J0_09_TEST_SUPPLY = 1 : NULL : WAIT = 0.1
02312 NULL : Input_1A = 1 | 0.1 | 0.1
02312 TEST: Input_1A 1.0 +/- 0.1
02312 PASS: Input_1A 1.0
02313 J0_09_TEST_SUPPLY = 0 : NULL : WAIT = 0.1
02314 NULL : Input_1A = 0 | 0.1 | 0.1
02314 TEST: Input_1A 0.0 +/- 0.1
02314 PASS: Input_1A 0.0
02315 
02315 #Finished with port
02315 #switch out input
02315 J2_01 = 0 : NULL : WAIT = 0.1
02316 
02316 #cycle IGN to reset lockup
02316 RLY_K1 = 1 : NULL : WAIT = 2
02317 RLY_K1 = 0 : NULL : WAIT = 1
02318 #-----setup 39009-----
02318 #configure
02318 Command = 82, MODE1 = 0, MODE2 = 0, Enable_24VDC = 0, Analog_Raw_Value = 0 : NULL : WAIT = 0.5
02319 Command = 0, MODE1 = 0, MODE2 = 0, Enable_24VDC = 0, Analog_Raw_Value = 0 : NULL : WAIT = 0.5
02320 Command = 83, MODE1A = 1, MODE1B = 7, MODE2A = 1, MODE2B = 1, MODE3A = 4, MODE3B = 4, MODE4A = 1, MODE4B = 1, MODE5A = 6, MODE5B = 6, MODE6A = 1, MODE6B = 1, MODE7A = 6, MODE7B = 6 : NULL : WAIT = 0.5
02321 Command = 0, MODE1A = 0, MODE1B = 0, MODE2A = 0, MODE2B = 0, MODE3A = 0, MODE3B = 0, MODE4A = 0, MODE4B = 0, MODE5A = 0, MODE5B = 0, MODE6A = 0, MODE6B = 0, MODE7A = 0, MODE7B = 0 : NULL
02322 Command = 84, MODE8A = 1, MODE8B = 1, MODE9A = 6, MODE9B = 6, MODE10A = 1, MODE10B = 1, GLOBAL_KP = 255, GLOBAL_KI = 255 : NULL : WAIT = 0.5
02323 Command = 0, MODE8A = 0, MODE8B = 0, MODE9A = 0, MODE9B = 0, MODE10A = 0, MODE10B = 0, GLOBAL_KP = 0, GLOBAL_KI = 0 : NULL
02324 Command = 82, Enable_Fault_Reset = 1, Save_Configuration = 1, Enable_DPLTx = 1, Enable_DPLF1 = 1, Enable_DPLF2 = 1 : NULL : WAIT = 0.5
02325 #clear multiplex
02325 Command = 0, Enable_Fault_Reset = 0, Save_Configuration = 0, Enable_DPLTx = 0, Enable_DPLF1 = 0, Enable_DPLF2 = 0 : NULL
02326 #switch input to load line
02326 J2_02 = 1 : NULL : WAIT = 0.1
02327 
02327 #TESTING - ModeIndex 29 PortIndex 1
02327 AfgFreqSet = 100 : NULL : WAIT = 0.1
02328 #test for lockup
02328 NULL : Hertz_Count_Input1B = 0 | 0.1 | 0.1
02328 TEST: Hertz_Count_Input1B 0.0 +/- 0.1
02328 PASS: Hertz_Count_Input1B 0.0
02329 J0_11_FREQ_GEN = 1 : NULL : WAIT = 0.1
02330 NULL : Hertz_Count_Input1B = 100 | 30 | 0.1
02330 TEST: Hertz_Count_Input1B 100.0 +/- 30.0
02330 PASS: Hertz_Count_Input1B 99.0
02331 J0_11_FREQ_GEN = 0 : NULL : WAIT = 0.1
02332 NULL : Hertz_Count_Input1B = 0 | 0.1 | 0.1
02332 TEST: Hertz_Count_Input1B 0.0 +/- 0.1
02332 PASS: Hertz_Count_Input1B 0.0
02333 
02333 #Finished with port
02333 #switch out input
02333 J2_02 = 0 : NULL : WAIT = 0.1
02334 
02334 #cycle IGN to reset lockup
02334 RLY_K1 = 1 : NULL : WAIT = 2
02335 RLY_K1 = 0 : NULL : WAIT = 1
02336 #-----setup 39009-----
02336 #configure
02336 Command = 82, MODE1 = 0, MODE2 = 0, Enable_24VDC = 0, Analog_Raw_Value = 0 : NULL : WAIT = 0.5
02337 Command = 0, MODE1 = 0, MODE2 = 0, Enable_24VDC = 0, Analog_Raw_Value = 0 : NULL : WAIT = 0.5
02338 Command = 83, MODE1A = 1, MODE1B = 7, MODE2A = 1, MODE2B = 1, MODE3A = 4, MODE3B = 4, MODE4A = 1, MODE4B = 1, MODE5A = 6, MODE5B = 6, MODE6A = 1, MODE6B = 1, MODE7A = 6, MODE7B = 6 : NULL : WAIT = 0.5
02339 Command = 0, MODE1A = 0, MODE1B = 0, MODE2A = 0, MODE2B = 0, MODE3A = 0, MODE3B = 0, MODE4A = 0, MODE4B = 0, MODE5A = 0, MODE5B = 0, MODE6A = 0, MODE6B = 0, MODE7A = 0, MODE7B = 0 : NULL
02340 Command = 84, MODE8A = 1, MODE8B = 1, MODE9A = 6, MODE9B = 6, MODE10A = 1, MODE10B = 1, GLOBAL_KP = 255, GLOBAL_KI = 255 : NULL : WAIT = 0.5
02341 Command = 0, MODE8A = 0, MODE8B = 0, MODE9A = 0, MODE9B = 0, MODE10A = 0, MODE10B = 0, GLOBAL_KP = 0, GLOBAL_KI = 0 : NULL
02342 Command = 82, Enable_Fault_Reset = 1, Save_Configuration = 1, Enable_DPLTx = 1, Enable_DPLF1 = 1, Enable_DPLF2 = 1 : NULL : WAIT = 0.5
02343 #clear multiplex
02343 Command = 0, Enable_Fault_Reset = 0, Save_Configuration = 0, Enable_DPLTx = 0, Enable_DPLF1 = 0, Enable_DPLF2 = 0 : NULL
02344 #switch input to load line
02344 J2_03 = 1 : NULL : WAIT = 0.1
02345 
02345 #TESTING - ModeIndex 29 PortIndex 2
02345 PwrSetVoltage = 50.0 : NULL : WAIT = 0.1
02346 J4_01 = 1 : NULL : WAIT = 0.1
02347 SWEEP-RUNNING DEATHSWEEP!
Connected: RIGOL TECHNOLOGIES,DP832,DP8C180100022,00.01.19
VISA resource: USB0::0x1AB1::0x0E11::DP8C180100022::INSTR
Sweeping CH2 mode=updown: 4.320000 V -> 4.430000 V -> 4.320000 V in 0.001000 V steps (221 points)
       0/220 set=4.320000 V elapsed=0.031s rate=32.26 steps/s
      50/220 set=4.370000 V elapsed=1.109s rate=45.99 steps/s eta=3.697s
     100/220 set=4.420000 V elapsed=2.187s rate=46.18 steps/s eta=2.598s
     150/220 set=4.390000 V elapsed=3.265s rate=46.25 steps/s eta=1.514s
     200/220 set=4.340000 V elapsed=4.312s rate=46.61 steps/s eta=0.429s
Sweep complete. Elapsed: 4.734s
Output turned OFF.


02347 J4_01 = 0 : NULL : WAIT = 0.1
02348 #test for lockup
02348 NULL : Port_3A = 0 | 0.1 | 0.1
02348 TEST: Port_3A 0.0 +/- 0.1
02348 PASS: Port_3A 0.081
02349 J0_09_TEST_SUPPLY = 1 : NULL : WAIT = 0.1
02350 NULL : Port_3A = 5.0 | 0.1 | 0.1
02350 TEST: Port_3A 5.0 +/- 0.1
02350 PASS: Port_3A 4.971
02351 J0_09_TEST_SUPPLY = 0 : NULL : WAIT = 0.1
02352 NULL : Port_3A = 0 | 0.1 | 0.1
02352 TEST: Port_3A 0.0 +/- 0.1
02352 PASS: Port_3A 0.087
02353 
02353 #Finished with port
02353 #switch out input
02353 J2_03 = 0 : NULL : WAIT = 0.1
02354 
02354 #cycle IGN to reset lockup
02354 RLY_K1 = 1 : NULL : WAIT = 2
02355 RLY_K1 = 0 : NULL : WAIT = 1
02356 #-----setup 39009-----
02356 #configure
02356 Command = 82, MODE1 = 0, MODE2 = 0, Enable_24VDC = 0, Analog_Raw_Value = 0 : NULL : WAIT = 0.5
02357 Command = 0, MODE1 = 0, MODE2 = 0, Enable_24VDC = 0, Analog_Raw_Value = 0 : NULL : WAIT = 0.5
02358 Command = 83, MODE1A = 1, MODE1B = 7, MODE2A = 1, MODE2B = 1, MODE3A = 4, MODE3B = 4, MODE4A = 1, MODE4B = 1, MODE5A = 6, MODE5B = 6, MODE6A = 1, MODE6B = 1, MODE7A = 6, MODE7B = 6 : NULL : WAIT = 0.5
02359 Command = 0, MODE1A = 0, MODE1B = 0, MODE2A = 0, MODE2B = 0, MODE3A = 0, MODE3B = 0, MODE4A = 0, MODE4B = 0, MODE5A = 0, MODE5B = 0, MODE6A = 0, MODE6B = 0, MODE7A = 0, MODE7B = 0 : NULL
02360 Command = 84, MODE8A = 1, MODE8B = 1, MODE9A = 6, MODE9B = 6, MODE10A = 1, MODE10B = 1, GLOBAL_KP = 255, GLOBAL_KI = 255 : NULL : WAIT = 0.5
02361 Command = 0, MODE8A = 0, MODE8B = 0, MODE9A = 0, MODE9B = 0, MODE10A = 0, MODE10B = 0, GLOBAL_KP = 0, GLOBAL_KI = 0 : NULL
02362 Command = 82, Enable_Fault_Reset = 1, Save_Configuration = 1, Enable_DPLTx = 1, Enable_DPLF1 = 1, Enable_DPLF2 = 1 : NULL : WAIT = 0.5
02363 #clear multiplex
02363 Command = 0, Enable_Fault_Reset = 0, Save_Configuration = 0, Enable_DPLTx = 0, Enable_DPLF1 = 0, Enable_DPLF2 = 0 : NULL
02364 #switch input to load line
02364 J2_04 = 1 : NULL : WAIT = 0.1
02365 
02365 #TESTING - ModeIndex 29 PortIndex 3
02365 PwrSetVoltage = 50.0 : NULL : WAIT = 0.1
02366 J4_01 = 1 : NULL : WAIT = 0.1
02367 SWEEP-RUNNING DEATHSWEEP!
Connected: RIGOL TECHNOLOGIES,DP832,DP8C180100022,00.01.19
VISA resource: USB0::0x1AB1::0x0E11::DP8C180100022::INSTR
Sweeping CH2 mode=updown: 4.320000 V -> 4.430000 V -> 4.320000 V in 0.001000 V steps (221 points)
       0/220 set=4.320000 V elapsed=0.032s rate=31.25 steps/s
      50/220 set=4.370000 V elapsed=1.110s rate=45.95 steps/s eta=3.700s
     100/220 set=4.420000 V elapsed=2.203s rate=45.85 steps/s eta=2.617s
     150/220 set=4.390000 V elapsed=3.328s rate=45.37 steps/s eta=1.543s
     200/220 set=4.340000 V elapsed=4.391s rate=45.78 steps/s eta=0.437s
Sweep complete. Elapsed: 4.828s
Output turned OFF.


02367 J4_01 = 0 : NULL : WAIT = 0.1
02368 #test for lockup
02368 NULL : Port_3B = 0 | 0.1 | 0.1
02368 TEST: Port_3B 0.0 +/- 0.1
02368 PASS: Port_3B 0.0
02369 J0_09_TEST_SUPPLY = 1 : NULL : WAIT = 0.1
02370 NULL : Port_3B = 5.0 | 0.1 | 0.1
02370 TEST: Port_3B 5.0 +/- 0.1
02370 PASS: Port_3B 4.977
02371 J0_09_TEST_SUPPLY = 0 : NULL : WAIT = 0.1
02372 NULL : Port_3B = 0 | 0.1 | 0.1
02372 TEST: Port_3B 0.0 +/- 0.1
02372 PASS: Port_3B 0.082
02373 
02373 #Finished with port
02373 #switch out input
02373 J2_04 = 0 : NULL : WAIT = 0.1
02374 
02374 
02374 #Finished with mode
02374 #cycle IGN to reset lockup
02374 RLY_K1 = 1 : NULL : WAIT = 2
02375 RLY_K1 = 0 : NULL : WAIT = 1
02376 #-----setup 39009-----
02376 #configure
02376 Command = 82, MODE1 = 0, MODE2 = 0, Enable_24VDC = 0, Analog_Raw_Value = 0 : NULL : WAIT = 0.5
02377 Command = 0, MODE1 = 0, MODE2 = 0, Enable_24VDC = 0, Analog_Raw_Value = 0 : NULL : WAIT = 0.5
02378 Command = 83, MODE1A = 1, MODE1B = 7, MODE2A = 1, MODE2B = 1, MODE3A = 4, MODE3B = 1, MODE4A = 1, MODE4B = 1, MODE5A = 6, MODE5B = 6, MODE6A = 1, MODE6B = 1, MODE7A = 6, MODE7B = 6 : NULL : WAIT = 0.5
02379 Command = 0, MODE1A = 0, MODE1B = 0, MODE2A = 0, MODE2B = 0, MODE3A = 0, MODE3B = 0, MODE4A = 0, MODE4B = 0, MODE5A = 0, MODE5B = 0, MODE6A = 0, MODE6B = 0, MODE7A = 0, MODE7B = 0 : NULL
02380 Command = 84, MODE8A = 1, MODE8B = 1, MODE9A = 6, MODE9B = 6, MODE10A = 1, MODE10B = 1, GLOBAL_KP = 255, GLOBAL_KI = 255 : NULL : WAIT = 0.5
02381 Command = 0, MODE8A = 0, MODE8B = 0, MODE9A = 0, MODE9B = 0, MODE10A = 0, MODE10B = 0, GLOBAL_KP = 0, GLOBAL_KI = 0 : NULL
02382 Command = 82, Enable_Fault_Reset = 1, Save_Configuration = 1, Enable_DPLTx = 1, Enable_DPLF1 = 1, Enable_DPLF2 = 1 : NULL : WAIT = 0.5
02383 #clear multiplex
02383 Command = 0, Enable_Fault_Reset = 0, Save_Configuration = 0, Enable_DPLTx = 0, Enable_DPLF1 = 0, Enable_DPLF2 = 0 : NULL
02384 #switch input to load line
02384 J2_01 = 1 : NULL : WAIT = 0.1
02385 
02385 #TESTING - ModeIndex 30 PortIndex 0
02385 PwrSetVoltage = 50.0 : NULL : WAIT = 0.1
02386 J4_01 = 1 : NULL : WAIT = 0.1
02387 SWEEP-RUNNING DEATHSWEEP!
Connected: RIGOL TECHNOLOGIES,DP832,DP8C180100022,00.01.19
VISA resource: USB0::0x1AB1::0x0E11::DP8C180100022::INSTR
Sweeping CH2 mode=updown: 4.320000 V -> 4.430000 V -> 4.320000 V in 0.001000 V steps (221 points)
       0/220 set=4.320000 V elapsed=0.031s rate=32.26 steps/s
      50/220 set=4.370000 V elapsed=1.125s rate=45.33 steps/s eta=3.750s
     100/220 set=4.420000 V elapsed=2.203s rate=45.85 steps/s eta=2.617s
     150/220 set=4.390000 V elapsed=3.281s rate=46.02 steps/s eta=1.521s
     200/220 set=4.340000 V elapsed=4.375s rate=45.94 steps/s eta=0.435s
Sweep complete. Elapsed: 4.813s
Output turned OFF.


02387 J4_01 = 0 : NULL : WAIT = 0.1
02388 #test for lockup
02388 NULL : Input_1A = 0 | 0.1 | 0.1
02388 TEST: Input_1A 0.0 +/- 0.1
02388 PASS: Input_1A 0.0
02389 J0_09_TEST_SUPPLY = 1 : NULL : WAIT = 0.1
02390 NULL : Input_1A = 1 | 0.1 | 0.1
02390 TEST: Input_1A 1.0 +/- 0.1
02390 PASS: Input_1A 1.0
02391 J0_09_TEST_SUPPLY = 0 : NULL : WAIT = 0.1
02392 NULL : Input_1A = 0 | 0.1 | 0.1
02392 TEST: Input_1A 0.0 +/- 0.1
02392 PASS: Input_1A 0.0
02393 
02393 #Finished with port
02393 #switch out input
02393 J2_01 = 0 : NULL : WAIT = 0.1
02394 
02394 #cycle IGN to reset lockup
02394 RLY_K1 = 1 : NULL : WAIT = 2
02395 RLY_K1 = 0 : NULL : WAIT = 1
02396 #-----setup 39009-----
02396 #configure
02396 Command = 82, MODE1 = 0, MODE2 = 0, Enable_24VDC = 0, Analog_Raw_Value = 0 : NULL : WAIT = 0.5
02397 Command = 0, MODE1 = 0, MODE2 = 0, Enable_24VDC = 0, Analog_Raw_Value = 0 : NULL : WAIT = 0.5
02398 Command = 83, MODE1A = 1, MODE1B = 7, MODE2A = 1, MODE2B = 1, MODE3A = 4, MODE3B = 1, MODE4A = 1, MODE4B = 1, MODE5A = 6, MODE5B = 6, MODE6A = 1, MODE6B = 1, MODE7A = 6, MODE7B = 6 : NULL : WAIT = 0.5
02399 Command = 0, MODE1A = 0, MODE1B = 0, MODE2A = 0, MODE2B = 0, MODE3A = 0, MODE3B = 0, MODE4A = 0, MODE4B = 0, MODE5A = 0, MODE5B = 0, MODE6A = 0, MODE6B = 0, MODE7A = 0, MODE7B = 0 : NULL
02400 Command = 84, MODE8A = 1, MODE8B = 1, MODE9A = 6, MODE9B = 6, MODE10A = 1, MODE10B = 1, GLOBAL_KP = 255, GLOBAL_KI = 255 : NULL : WAIT = 0.5
02401 Command = 0, MODE8A = 0, MODE8B = 0, MODE9A = 0, MODE9B = 0, MODE10A = 0, MODE10B = 0, GLOBAL_KP = 0, GLOBAL_KI = 0 : NULL
02402 Command = 82, Enable_Fault_Reset = 1, Save_Configuration = 1, Enable_DPLTx = 1, Enable_DPLF1 = 1, Enable_DPLF2 = 1 : NULL : WAIT = 0.5
02403 #clear multiplex
02403 Command = 0, Enable_Fault_Reset = 0, Save_Configuration = 0, Enable_DPLTx = 0, Enable_DPLF1 = 0, Enable_DPLF2 = 0 : NULL
02404 #switch input to load line
02404 J2_02 = 1 : NULL : WAIT = 0.1
02405 
02405 #TESTING - ModeIndex 30 PortIndex 1
02405 AfgFreqSet = 100 : NULL : WAIT = 0.1
02406 #test for lockup
02406 NULL : Hertz_Count_Input1B = 0 | 0.1 | 0.1
02406 TEST: Hertz_Count_Input1B 0.0 +/- 0.1
02406 PASS: Hertz_Count_Input1B 0.0
02407 J0_11_FREQ_GEN = 1 : NULL : WAIT = 0.1
02408 NULL : Hertz_Count_Input1B = 100 | 30 | 0.1
02408 TEST: Hertz_Count_Input1B 100.0 +/- 30.0
02408 PASS: Hertz_Count_Input1B 99.0
02409 J0_11_FREQ_GEN = 0 : NULL : WAIT = 0.1
02410 NULL : Hertz_Count_Input1B = 0 | 0.1 | 0.1
02410 TEST: Hertz_Count_Input1B 0.0 +/- 0.1
02410 PASS: Hertz_Count_Input1B 0.0
02411 
02411 #Finished with port
02411 #switch out input
02411 J2_02 = 0 : NULL : WAIT = 0.1
02412 
02412 #cycle IGN to reset lockup
02412 RLY_K1 = 1 : NULL : WAIT = 2
02413 RLY_K1 = 0 : NULL : WAIT = 1
02414 #-----setup 39009-----
02414 #configure
02414 Command = 82, MODE1 = 0, MODE2 = 0, Enable_24VDC = 0, Analog_Raw_Value = 0 : NULL : WAIT = 0.5
02415 Command = 0, MODE1 = 0, MODE2 = 0, Enable_24VDC = 0, Analog_Raw_Value = 0 : NULL : WAIT = 0.5
02416 Command = 83, MODE1A = 1, MODE1B = 7, MODE2A = 1, MODE2B = 1, MODE3A = 4, MODE3B = 1, MODE4A = 1, MODE4B = 1, MODE5A = 6, MODE5B = 6, MODE6A = 1, MODE6B = 1, MODE7A = 6, MODE7B = 6 : NULL : WAIT = 0.5
02417 Command = 0, MODE1A = 0, MODE1B = 0, MODE2A = 0, MODE2B = 0, MODE3A = 0, MODE3B = 0, MODE4A = 0, MODE4B = 0, MODE5A = 0, MODE5B = 0, MODE6A = 0, MODE6B = 0, MODE7A = 0, MODE7B = 0 : NULL
02418 Command = 84, MODE8A = 1, MODE8B = 1, MODE9A = 6, MODE9B = 6, MODE10A = 1, MODE10B = 1, GLOBAL_KP = 255, GLOBAL_KI = 255 : NULL : WAIT = 0.5
02419 Command = 0, MODE8A = 0, MODE8B = 0, MODE9A = 0, MODE9B = 0, MODE10A = 0, MODE10B = 0, GLOBAL_KP = 0, GLOBAL_KI = 0 : NULL
02420 Command = 82, Enable_Fault_Reset = 1, Save_Configuration = 1, Enable_DPLTx = 1, Enable_DPLF1 = 1, Enable_DPLF2 = 1 : NULL : WAIT = 0.5
02421 #clear multiplex
02421 Command = 0, Enable_Fault_Reset = 0, Save_Configuration = 0, Enable_DPLTx = 0, Enable_DPLF1 = 0, Enable_DPLF2 = 0 : NULL
02422 #switch input to load line
02422 J2_03 = 1 : NULL : WAIT = 0.1
02423 
02423 #TESTING - ModeIndex 30 PortIndex 2
02423 PwrSetVoltage = 50.0 : NULL : WAIT = 0.1
02424 J4_01 = 1 : NULL : WAIT = 0.1
02425 SWEEP-RUNNING DEATHSWEEP!
Connected: RIGOL TECHNOLOGIES,DP832,DP8C180100022,00.01.19
VISA resource: USB0::0x1AB1::0x0E11::DP8C180100022::INSTR
Sweeping CH2 mode=updown: 4.320000 V -> 4.430000 V -> 4.320000 V in 0.001000 V steps (221 points)
       0/220 set=4.320000 V elapsed=0.032s rate=31.25 steps/s
      50/220 set=4.370000 V elapsed=1.094s rate=46.62 steps/s eta=3.647s
     100/220 set=4.420000 V elapsed=2.172s rate=46.50 steps/s eta=2.581s
     150/220 set=4.390000 V elapsed=3.266s rate=46.23 steps/s eta=1.514s
     200/220 set=4.340000 V elapsed=4.328s rate=46.44 steps/s eta=0.431s
Sweep complete. Elapsed: 4.750s
Output turned OFF.


02425 J4_01 = 0 : NULL : WAIT = 0.1
02426 #test for lockup
02426 NULL : Port_3A = 0 | 0.1 | 0.1
02426 TEST: Port_3A 0.0 +/- 0.1
02426 PASS: Port_3A 0.0
02427 J0_09_TEST_SUPPLY = 1 : NULL : WAIT = 0.1
02428 NULL : Port_3A = 5.0 | 0.1 | 0.1
02428 TEST: Port_3A 5.0 +/- 0.1
02428 PASS: Port_3A 4.973
02429 J0_09_TEST_SUPPLY = 0 : NULL : WAIT = 0.1
02430 NULL : Port_3A = 0 | 0.1 | 0.1
02430 TEST: Port_3A 0.0 +/- 0.1
02430 PASS: Port_3A 0.084
02431 
02431 #Finished with port
02431 #switch out input
02431 J2_03 = 0 : NULL : WAIT = 0.1
02432 
02432 #cycle IGN to reset lockup
02432 RLY_K1 = 1 : NULL : WAIT = 2
02433 RLY_K1 = 0 : NULL : WAIT = 1
02434 #-----setup 39009-----
02434 #configure
02434 Command = 82, MODE1 = 0, MODE2 = 0, Enable_24VDC = 0, Analog_Raw_Value = 0 : NULL : WAIT = 0.5
02435 Command = 0, MODE1 = 0, MODE2 = 0, Enable_24VDC = 0, Analog_Raw_Value = 0 : NULL : WAIT = 0.5
02436 Command = 83, MODE1A = 1, MODE1B = 7, MODE2A = 1, MODE2B = 1, MODE3A = 4, MODE3B = 1, MODE4A = 1, MODE4B = 1, MODE5A = 6, MODE5B = 6, MODE6A = 1, MODE6B = 1, MODE7A = 6, MODE7B = 6 : NULL : WAIT = 0.5
02437 Command = 0, MODE1A = 0, MODE1B = 0, MODE2A = 0, MODE2B = 0, MODE3A = 0, MODE3B = 0, MODE4A = 0, MODE4B = 0, MODE5A = 0, MODE5B = 0, MODE6A = 0, MODE6B = 0, MODE7A = 0, MODE7B = 0 : NULL
02438 Command = 84, MODE8A = 1, MODE8B = 1, MODE9A = 6, MODE9B = 6, MODE10A = 1, MODE10B = 1, GLOBAL_KP = 255, GLOBAL_KI = 255 : NULL : WAIT = 0.5
02439 Command = 0, MODE8A = 0, MODE8B = 0, MODE9A = 0, MODE9B = 0, MODE10A = 0, MODE10B = 0, GLOBAL_KP = 0, GLOBAL_KI = 0 : NULL
02440 Command = 82, Enable_Fault_Reset = 1, Save_Configuration = 1, Enable_DPLTx = 1, Enable_DPLF1 = 1, Enable_DPLF2 = 1 : NULL : WAIT = 0.5
02441 #clear multiplex
02441 Command = 0, Enable_Fault_Reset = 0, Save_Configuration = 0, Enable_DPLTx = 0, Enable_DPLF1 = 0, Enable_DPLF2 = 0 : NULL
02442 #switch input to load line
02442 J2_04 = 1 : NULL : WAIT = 0.1
02443 
02443 #TESTING - ModeIndex 30 PortIndex 3
02443 PwrSetVoltage = 50.0 : NULL : WAIT = 0.1
02444 J4_01 = 1 : NULL : WAIT = 0.1
02445 SWEEP-RUNNING DEATHSWEEP!
Connected: RIGOL TECHNOLOGIES,DP832,DP8C180100022,00.01.19
VISA resource: USB0::0x1AB1::0x0E11::DP8C180100022::INSTR
Sweeping CH2 mode=updown: 4.320000 V -> 4.430000 V -> 4.320000 V in 0.001000 V steps (221 points)
       0/220 set=4.320000 V elapsed=0.016s rate=62.50 steps/s
      50/220 set=4.370000 V elapsed=1.125s rate=45.33 steps/s eta=3.750s
     100/220 set=4.420000 V elapsed=2.187s rate=46.18 steps/s eta=2.598s
     150/220 set=4.390000 V elapsed=3.266s rate=46.23 steps/s eta=1.514s
     200/220 set=4.340000 V elapsed=4.391s rate=45.78 steps/s eta=0.437s
Sweep complete. Elapsed: 4.828s
Output turned OFF.


02445 J4_01 = 0 : NULL : WAIT = 0.1
02446 #test for lockup
02446 NULL : Input_3B = 0 | 0.1 | 0.1
02446 TEST: Input_3B 0.0 +/- 0.1
02446 PASS: Input_3B 0.0
02447 J0_09_TEST_SUPPLY = 1 : NULL : WAIT = 0.1
02448 NULL : Input_3B = 1 | 0.1 | 0.1
02448 TEST: Input_3B 1.0 +/- 0.1
02448 PASS: Input_3B 1.0
02449 J0_09_TEST_SUPPLY = 0 : NULL : WAIT = 0.1
02450 NULL : Input_3B = 0 | 0.1 | 0.1
02450 TEST: Input_3B 0.0 +/- 0.1
02450 PASS: Input_3B 0.0
02451 
02451 #Finished with port
02451 #switch out input
02451 J2_04 = 0 : NULL : WAIT = 0.1
02452 
02452 
02452 #Finished with mode
02452 #cycle IGN to reset lockup
02452 RLY_K1 = 1 : NULL : WAIT = 2
02453 RLY_K1 = 0 : NULL : WAIT = 1
02454 #-----setup 39009-----
02454 #configure
02454 Command = 82, MODE1 = 0, MODE2 = 0, Enable_24VDC = 0, Analog_Raw_Value = 0 : NULL : WAIT = 0.5
02455 Command = 0, MODE1 = 0, MODE2 = 0, Enable_24VDC = 0, Analog_Raw_Value = 0 : NULL : WAIT = 0.5
02456 Command = 83, MODE1A = 1, MODE1B = 7, MODE2A = 1, MODE2B = 1, MODE3A = 1, MODE3B = 4, MODE4A = 1, MODE4B = 1, MODE5A = 6, MODE5B = 6, MODE6A = 1, MODE6B = 1, MODE7A = 6, MODE7B = 6 : NULL : WAIT = 0.5
02457 Command = 0, MODE1A = 0, MODE1B = 0, MODE2A = 0, MODE2B = 0, MODE3A = 0, MODE3B = 0, MODE4A = 0, MODE4B = 0, MODE5A = 0, MODE5B = 0, MODE6A = 0, MODE6B = 0, MODE7A = 0, MODE7B = 0 : NULL
02458 Command = 84, MODE8A = 1, MODE8B = 1, MODE9A = 6, MODE9B = 6, MODE10A = 1, MODE10B = 1, GLOBAL_KP = 255, GLOBAL_KI = 255 : NULL : WAIT = 0.5
02459 Command = 0, MODE8A = 0, MODE8B = 0, MODE9A = 0, MODE9B = 0, MODE10A = 0, MODE10B = 0, GLOBAL_KP = 0, GLOBAL_KI = 0 : NULL
02460 Command = 82, Enable_Fault_Reset = 1, Save_Configuration = 1, Enable_DPLTx = 1, Enable_DPLF1 = 1, Enable_DPLF2 = 1 : NULL : WAIT = 0.5
02461 #clear multiplex
02461 Command = 0, Enable_Fault_Reset = 0, Save_Configuration = 0, Enable_DPLTx = 0, Enable_DPLF1 = 0, Enable_DPLF2 = 0 : NULL
02462 #switch input to load line
02462 J2_01 = 1 : NULL : WAIT = 0.1
02463 
02463 #TESTING - ModeIndex 31 PortIndex 0
02463 PwrSetVoltage = 50.0 : NULL : WAIT = 0.1
02464 J4_01 = 1 : NULL : WAIT = 0.1
02465 SWEEP-RUNNING DEATHSWEEP!
Connected: RIGOL TECHNOLOGIES,DP832,DP8C180100022,00.01.19
VISA resource: USB0::0x1AB1::0x0E11::DP8C180100022::INSTR
Sweeping CH2 mode=updown: 4.320000 V -> 4.430000 V -> 4.320000 V in 0.001000 V steps (221 points)
       0/220 set=4.320000 V elapsed=0.047s rate=21.28 steps/s
      50/220 set=4.370000 V elapsed=1.157s rate=44.08 steps/s eta=3.857s
     100/220 set=4.420000 V elapsed=2.219s rate=45.52 steps/s eta=2.636s
     150/220 set=4.390000 V elapsed=3.313s rate=45.58 steps/s eta=1.536s
     200/220 set=4.340000 V elapsed=4.422s rate=45.45 steps/s eta=0.440s
Sweep complete. Elapsed: 4.844s
Output turned OFF.


02465 J4_01 = 0 : NULL : WAIT = 0.1
02466 #test for lockup
02466 NULL : Input_1A = 0 | 0.1 | 0.1
02466 TEST: Input_1A 0.0 +/- 0.1
02466 PASS: Input_1A 0.0
02467 J0_09_TEST_SUPPLY = 1 : NULL : WAIT = 0.1
02468 NULL : Input_1A = 1 | 0.1 | 0.1
02468 TEST: Input_1A 1.0 +/- 0.1
02468 PASS: Input_1A 1.0
02469 J0_09_TEST_SUPPLY = 0 : NULL : WAIT = 0.1
02470 NULL : Input_1A = 0 | 0.1 | 0.1
02470 TEST: Input_1A 0.0 +/- 0.1
02470 PASS: Input_1A 0.0
02471 
02471 #Finished with port
02471 #switch out input
02471 J2_01 = 0 : NULL : WAIT = 0.1
02472 
02472 #cycle IGN to reset lockup
02472 RLY_K1 = 1 : NULL : WAIT = 2
02473 RLY_K1 = 0 : NULL : WAIT = 1
02474 #-----setup 39009-----
02474 #configure
02474 Command = 82, MODE1 = 0, MODE2 = 0, Enable_24VDC = 0, Analog_Raw_Value = 0 : NULL : WAIT = 0.5
02475 Command = 0, MODE1 = 0, MODE2 = 0, Enable_24VDC = 0, Analog_Raw_Value = 0 : NULL : WAIT = 0.5
02476 Command = 83, MODE1A = 1, MODE1B = 7, MODE2A = 1, MODE2B = 1, MODE3A = 1, MODE3B = 4, MODE4A = 1, MODE4B = 1, MODE5A = 6, MODE5B = 6, MODE6A = 1, MODE6B = 1, MODE7A = 6, MODE7B = 6 : NULL : WAIT = 0.5
02477 Command = 0, MODE1A = 0, MODE1B = 0, MODE2A = 0, MODE2B = 0, MODE3A = 0, MODE3B = 0, MODE4A = 0, MODE4B = 0, MODE5A = 0, MODE5B = 0, MODE6A = 0, MODE6B = 0, MODE7A = 0, MODE7B = 0 : NULL
02478 Command = 84, MODE8A = 1, MODE8B = 1, MODE9A = 6, MODE9B = 6, MODE10A = 1, MODE10B = 1, GLOBAL_KP = 255, GLOBAL_KI = 255 : NULL : WAIT = 0.5
02479 Command = 0, MODE8A = 0, MODE8B = 0, MODE9A = 0, MODE9B = 0, MODE10A = 0, MODE10B = 0, GLOBAL_KP = 0, GLOBAL_KI = 0 : NULL
02480 Command = 82, Enable_Fault_Reset = 1, Save_Configuration = 1, Enable_DPLTx = 1, Enable_DPLF1 = 1, Enable_DPLF2 = 1 : NULL : WAIT = 0.5
02481 #clear multiplex
02481 Command = 0, Enable_Fault_Reset = 0, Save_Configuration = 0, Enable_DPLTx = 0, Enable_DPLF1 = 0, Enable_DPLF2 = 0 : NULL
02482 #switch input to load line
02482 J2_02 = 1 : NULL : WAIT = 0.1
02483 
02483 #TESTING - ModeIndex 31 PortIndex 1
02483 AfgFreqSet = 100 : NULL : WAIT = 0.1
02484 #test for lockup
02484 NULL : Hertz_Count_Input1B = 0 | 0.1 | 0.1
02484 TEST: Hertz_Count_Input1B 0.0 +/- 0.1
02484 PASS: Hertz_Count_Input1B 0.0
02485 J0_11_FREQ_GEN = 1 : NULL : WAIT = 0.1
02486 NULL : Hertz_Count_Input1B = 100 | 30 | 0.1
02486 TEST: Hertz_Count_Input1B 100.0 +/- 30.0
02486 PASS: Hertz_Count_Input1B 99.0
02487 J0_11_FREQ_GEN = 0 : NULL : WAIT = 0.1
02488 NULL : Hertz_Count_Input1B = 0 | 0.1 | 0.1
02488 TEST: Hertz_Count_Input1B 0.0 +/- 0.1
02488 PASS: Hertz_Count_Input1B 0.0
02489 
02489 #Finished with port
02489 #switch out input
02489 J2_02 = 0 : NULL : WAIT = 0.1
02490 
02490 #cycle IGN to reset lockup
02490 RLY_K1 = 1 : NULL : WAIT = 2
02491 RLY_K1 = 0 : NULL : WAIT = 1
02492 #-----setup 39009-----
02492 #configure
02492 Command = 82, MODE1 = 0, MODE2 = 0, Enable_24VDC = 0, Analog_Raw_Value = 0 : NULL : WAIT = 0.5
02493 Command = 0, MODE1 = 0, MODE2 = 0, Enable_24VDC = 0, Analog_Raw_Value = 0 : NULL : WAIT = 0.5
02494 Command = 83, MODE1A = 1, MODE1B = 7, MODE2A = 1, MODE2B = 1, MODE3A = 1, MODE3B = 4, MODE4A = 1, MODE4B = 1, MODE5A = 6, MODE5B = 6, MODE6A = 1, MODE6B = 1, MODE7A = 6, MODE7B = 6 : NULL : WAIT = 0.5
02495 Command = 0, MODE1A = 0, MODE1B = 0, MODE2A = 0, MODE2B = 0, MODE3A = 0, MODE3B = 0, MODE4A = 0, MODE4B = 0, MODE5A = 0, MODE5B = 0, MODE6A = 0, MODE6B = 0, MODE7A = 0, MODE7B = 0 : NULL
02496 Command = 84, MODE8A = 1, MODE8B = 1, MODE9A = 6, MODE9B = 6, MODE10A = 1, MODE10B = 1, GLOBAL_KP = 255, GLOBAL_KI = 255 : NULL : WAIT = 0.5
02497 Command = 0, MODE8A = 0, MODE8B = 0, MODE9A = 0, MODE9B = 0, MODE10A = 0, MODE10B = 0, GLOBAL_KP = 0, GLOBAL_KI = 0 : NULL
02498 Command = 82, Enable_Fault_Reset = 1, Save_Configuration = 1, Enable_DPLTx = 1, Enable_DPLF1 = 1, Enable_DPLF2 = 1 : NULL : WAIT = 0.5
02499 #clear multiplex
02499 Command = 0, Enable_Fault_Reset = 0, Save_Configuration = 0, Enable_DPLTx = 0, Enable_DPLF1 = 0, Enable_DPLF2 = 0 : NULL
02500 #switch input to load line
02500 J2_03 = 1 : NULL : WAIT = 0.1
02501 
02501 #TESTING - ModeIndex 31 PortIndex 2
02501 PwrSetVoltage = 50.0 : NULL : WAIT = 0.1
02502 J4_01 = 1 : NULL : WAIT = 0.1
02503 SWEEP-RUNNING DEATHSWEEP!
Connected: RIGOL TECHNOLOGIES,DP832,DP8C180100022,00.01.19
VISA resource: USB0::0x1AB1::0x0E11::DP8C180100022::INSTR
Sweeping CH2 mode=updown: 4.320000 V -> 4.430000 V -> 4.320000 V in 0.001000 V steps (221 points)
       0/220 set=4.320000 V elapsed=0.016s rate=62.50 steps/s
      50/220 set=4.370000 V elapsed=1.110s rate=45.95 steps/s eta=3.700s
     100/220 set=4.420000 V elapsed=2.204s rate=45.83 steps/s eta=2.619s
     150/220 set=4.390000 V elapsed=3.297s rate=45.80 steps/s eta=1.528s
     200/220 set=4.340000 V elapsed=4.391s rate=45.78 steps/s eta=0.437s
Sweep complete. Elapsed: 4.813s
Output turned OFF.


02503 J4_01 = 0 : NULL : WAIT = 0.1
02504 #test for lockup
02504 NULL : Input_3A = 0 | 0.1 | 0.1
02504 TEST: Input_3A 0.0 +/- 0.1
02504 PASS: Input_3A 0.0
02505 J0_09_TEST_SUPPLY = 1 : NULL : WAIT = 0.1
02506 NULL : Input_3A = 1 | 0.1 | 0.1
02506 TEST: Input_3A 1.0 +/- 0.1
02506 PASS: Input_3A 1.0
02507 J0_09_TEST_SUPPLY = 0 : NULL : WAIT = 0.1
02508 NULL : Input_3A = 0 | 0.1 | 0.1
02508 TEST: Input_3A 0.0 +/- 0.1
02508 PASS: Input_3A 0.0
02509 
02509 #Finished with port
02509 #switch out input
02509 J2_03 = 0 : NULL : WAIT = 0.1
02510 
02510 #cycle IGN to reset lockup
02510 RLY_K1 = 1 : NULL : WAIT = 2
02511 RLY_K1 = 0 : NULL : WAIT = 1
02512 #-----setup 39009-----
02512 #configure
02512 Command = 82, MODE1 = 0, MODE2 = 0, Enable_24VDC = 0, Analog_Raw_Value = 0 : NULL : WAIT = 0.5
02513 Command = 0, MODE1 = 0, MODE2 = 0, Enable_24VDC = 0, Analog_Raw_Value = 0 : NULL : WAIT = 0.5
02514 Command = 83, MODE1A = 1, MODE1B = 7, MODE2A = 1, MODE2B = 1, MODE3A = 1, MODE3B = 4, MODE4A = 1, MODE4B = 1, MODE5A = 6, MODE5B = 6, MODE6A = 1, MODE6B = 1, MODE7A = 6, MODE7B = 6 : NULL : WAIT = 0.5
02515 Command = 0, MODE1A = 0, MODE1B = 0, MODE2A = 0, MODE2B = 0, MODE3A = 0, MODE3B = 0, MODE4A = 0, MODE4B = 0, MODE5A = 0, MODE5B = 0, MODE6A = 0, MODE6B = 0, MODE7A = 0, MODE7B = 0 : NULL
02516 Command = 84, MODE8A = 1, MODE8B = 1, MODE9A = 6, MODE9B = 6, MODE10A = 1, MODE10B = 1, GLOBAL_KP = 255, GLOBAL_KI = 255 : NULL : WAIT = 0.5
02517 Command = 0, MODE8A = 0, MODE8B = 0, MODE9A = 0, MODE9B = 0, MODE10A = 0, MODE10B = 0, GLOBAL_KP = 0, GLOBAL_KI = 0 : NULL
02518 Command = 82, Enable_Fault_Reset = 1, Save_Configuration = 1, Enable_DPLTx = 1, Enable_DPLF1 = 1, Enable_DPLF2 = 1 : NULL : WAIT = 0.5
02519 #clear multiplex
02519 Command = 0, Enable_Fault_Reset = 0, Save_Configuration = 0, Enable_DPLTx = 0, Enable_DPLF1 = 0, Enable_DPLF2 = 0 : NULL
02520 #switch input to load line
02520 J2_04 = 1 : NULL : WAIT = 0.1
02521 
02521 #TESTING - ModeIndex 31 PortIndex 3
02521 PwrSetVoltage = 50.0 : NULL : WAIT = 0.1
02522 J4_01 = 1 : NULL : WAIT = 0.1
02523 SWEEP-RUNNING DEATHSWEEP!
Connected: RIGOL TECHNOLOGIES,DP832,DP8C180100022,00.01.19
VISA resource: USB0::0x1AB1::0x0E11::DP8C180100022::INSTR
Sweeping CH2 mode=updown: 4.320000 V -> 4.430000 V -> 4.320000 V in 0.001000 V steps (221 points)
       0/220 set=4.320000 V elapsed=0.031s rate=32.26 steps/s
      50/220 set=4.370000 V elapsed=1.125s rate=45.33 steps/s eta=3.750s
     100/220 set=4.420000 V elapsed=2.218s rate=45.54 steps/s eta=2.635s
     150/220 set=4.390000 V elapsed=3.312s rate=45.59 steps/s eta=1.535s
     200/220 set=4.340000 V elapsed=4.421s rate=45.46 steps/s eta=0.440s
Sweep complete. Elapsed: 4.859s
Output turned OFF.


02523 J4_01 = 0 : NULL : WAIT = 0.1
02524 #test for lockup
02524 NULL : Port_3B = 0 | 0.1 | 0.1
02524 TEST: Port_3B 0.0 +/- 0.1
02524 PASS: Port_3B 0.044
02525 J0_09_TEST_SUPPLY = 1 : NULL : WAIT = 0.1
02526 NULL : Port_3B = 5.0 | 0.1 | 0.1
02526 TEST: Port_3B 5.0 +/- 0.1
02526 PASS: Port_3B 4.975
02527 J0_09_TEST_SUPPLY = 0 : NULL : WAIT = 0.1
02528 NULL : Port_3B = 0 | 0.1 | 0.1
02528 TEST: Port_3B 0.0 +/- 0.1
02528 PASS: Port_3B 0.082
02529 
02529 #Finished with port
02529 #switch out input
02529 J2_04 = 0 : NULL : WAIT = 0.1
02530 
02530 
02530 #Finished with mode
02530 #cycle IGN to reset lockup
02530 RLY_K1 = 1 : NULL : WAIT = 2
02531 RLY_K1 = 0 : NULL : WAIT = 1
02532 #-----setup 39009-----
02532 #configure
02532 Command = 82, MODE1 = 0, MODE2 = 0, Enable_24VDC = 0, Analog_Raw_Value = 0 : NULL : WAIT = 0.5
02533 Command = 0, MODE1 = 0, MODE2 = 0, Enable_24VDC = 0, Analog_Raw_Value = 0 : NULL : WAIT = 0.5
02534 Command = 83, MODE1A = 1, MODE1B = 7, MODE2A = 1, MODE2B = 1, MODE3A = 1, MODE3B = 1, MODE4A = 1, MODE4B = 1, MODE5A = 6, MODE5B = 6, MODE6A = 1, MODE6B = 1, MODE7A = 6, MODE7B = 6 : NULL : WAIT = 0.5
02535 Command = 0, MODE1A = 0, MODE1B = 0, MODE2A = 0, MODE2B = 0, MODE3A = 0, MODE3B = 0, MODE4A = 0, MODE4B = 0, MODE5A = 0, MODE5B = 0, MODE6A = 0, MODE6B = 0, MODE7A = 0, MODE7B = 0 : NULL
02536 Command = 84, MODE8A = 1, MODE8B = 1, MODE9A = 6, MODE9B = 6, MODE10A = 1, MODE10B = 1, GLOBAL_KP = 255, GLOBAL_KI = 255 : NULL : WAIT = 0.5
02537 Command = 0, MODE8A = 0, MODE8B = 0, MODE9A = 0, MODE9B = 0, MODE10A = 0, MODE10B = 0, GLOBAL_KP = 0, GLOBAL_KI = 0 : NULL
02538 Command = 82, Enable_Fault_Reset = 1, Save_Configuration = 1, Enable_DPLTx = 1, Enable_DPLF1 = 1, Enable_DPLF2 = 1 : NULL : WAIT = 0.5
02539 #clear multiplex
02539 Command = 0, Enable_Fault_Reset = 0, Save_Configuration = 0, Enable_DPLTx = 0, Enable_DPLF1 = 0, Enable_DPLF2 = 0 : NULL
02540 #switch input to load line
02540 J2_01 = 1 : NULL : WAIT = 0.1
02541 
02541 #TESTING - ModeIndex 32 PortIndex 0
02541 PwrSetVoltage = 50.0 : NULL : WAIT = 0.1
02542 J4_01 = 1 : NULL : WAIT = 0.1
02543 SWEEP-RUNNING DEATHSWEEP!
Connected: RIGOL TECHNOLOGIES,DP832,DP8C180100022,00.01.19
VISA resource: USB0::0x1AB1::0x0E11::DP8C180100022::INSTR
Sweeping CH2 mode=updown: 4.320000 V -> 4.430000 V -> 4.320000 V in 0.001000 V steps (221 points)
       0/220 set=4.320000 V elapsed=0.031s rate=32.26 steps/s
      50/220 set=4.370000 V elapsed=1.093s rate=46.66 steps/s eta=3.643s
     100/220 set=4.420000 V elapsed=2.187s rate=46.18 steps/s eta=2.598s
     150/220 set=4.390000 V elapsed=3.281s rate=46.02 steps/s eta=1.521s
     200/220 set=4.340000 V elapsed=4.343s rate=46.28 steps/s eta=0.432s
Sweep complete. Elapsed: 4.765s
Output turned OFF.


02543 J4_01 = 0 : NULL : WAIT = 0.1
02544 #test for lockup
02544 NULL : Input_1A = 0 | 0.1 | 0.1
02544 TEST: Input_1A 0.0 +/- 0.1
02544 PASS: Input_1A 0.0
02545 J0_09_TEST_SUPPLY = 1 : NULL : WAIT = 0.1
02546 NULL : Input_1A = 1 | 0.1 | 0.1
02546 TEST: Input_1A 1.0 +/- 0.1
02546 PASS: Input_1A 1.0
02547 J0_09_TEST_SUPPLY = 0 : NULL : WAIT = 0.1
02548 NULL : Input_1A = 0 | 0.1 | 0.1
02548 TEST: Input_1A 0.0 +/- 0.1
02548 PASS: Input_1A 0.0
02549 
02549 #Finished with port
02549 #switch out input
02549 J2_01 = 0 : NULL : WAIT = 0.1
02550 
02550 #cycle IGN to reset lockup
02550 RLY_K1 = 1 : NULL : WAIT = 2
02551 RLY_K1 = 0 : NULL : WAIT = 1
02552 #-----setup 39009-----
02552 #configure
02552 Command = 82, MODE1 = 0, MODE2 = 0, Enable_24VDC = 0, Analog_Raw_Value = 0 : NULL : WAIT = 0.5
02553 Command = 0, MODE1 = 0, MODE2 = 0, Enable_24VDC = 0, Analog_Raw_Value = 0 : NULL : WAIT = 0.5
02554 Command = 83, MODE1A = 1, MODE1B = 7, MODE2A = 1, MODE2B = 1, MODE3A = 1, MODE3B = 1, MODE4A = 1, MODE4B = 1, MODE5A = 6, MODE5B = 6, MODE6A = 1, MODE6B = 1, MODE7A = 6, MODE7B = 6 : NULL : WAIT = 0.5
02555 Command = 0, MODE1A = 0, MODE1B = 0, MODE2A = 0, MODE2B = 0, MODE3A = 0, MODE3B = 0, MODE4A = 0, MODE4B = 0, MODE5A = 0, MODE5B = 0, MODE6A = 0, MODE6B = 0, MODE7A = 0, MODE7B = 0 : NULL
02556 Command = 84, MODE8A = 1, MODE8B = 1, MODE9A = 6, MODE9B = 6, MODE10A = 1, MODE10B = 1, GLOBAL_KP = 255, GLOBAL_KI = 255 : NULL : WAIT = 0.5
02557 Command = 0, MODE8A = 0, MODE8B = 0, MODE9A = 0, MODE9B = 0, MODE10A = 0, MODE10B = 0, GLOBAL_KP = 0, GLOBAL_KI = 0 : NULL
02558 Command = 82, Enable_Fault_Reset = 1, Save_Configuration = 1, Enable_DPLTx = 1, Enable_DPLF1 = 1, Enable_DPLF2 = 1 : NULL : WAIT = 0.5
02559 #clear multiplex
02559 Command = 0, Enable_Fault_Reset = 0, Save_Configuration = 0, Enable_DPLTx = 0, Enable_DPLF1 = 0, Enable_DPLF2 = 0 : NULL
02560 #switch input to load line
02560 J2_02 = 1 : NULL : WAIT = 0.1
02561 
02561 #TESTING - ModeIndex 32 PortIndex 1
02561 AfgFreqSet = 100 : NULL : WAIT = 0.1
02562 #test for lockup
02562 NULL : Hertz_Count_Input1B = 0 | 0.1 | 0.1
02562 TEST: Hertz_Count_Input1B 0.0 +/- 0.1
02562 PASS: Hertz_Count_Input1B 0.0
02563 J0_11_FREQ_GEN = 1 : NULL : WAIT = 0.1
02564 NULL : Hertz_Count_Input1B = 100 | 30 | 0.1
02564 TEST: Hertz_Count_Input1B 100.0 +/- 30.0
02564 PASS: Hertz_Count_Input1B 99.0
02565 J0_11_FREQ_GEN = 0 : NULL : WAIT = 0.1
02566 NULL : Hertz_Count_Input1B = 0 | 0.1 | 0.1
02566 TEST: Hertz_Count_Input1B 0.0 +/- 0.1
02566 PASS: Hertz_Count_Input1B 0.0
02567 
02567 #Finished with port
02567 #switch out input
02567 J2_02 = 0 : NULL : WAIT = 0.1
02568 
02568 #cycle IGN to reset lockup
02568 RLY_K1 = 1 : NULL : WAIT = 2
02569 RLY_K1 = 0 : NULL : WAIT = 1
02570 #-----setup 39009-----
02570 #configure
02570 Command = 82, MODE1 = 0, MODE2 = 0, Enable_24VDC = 0, Analog_Raw_Value = 0 : NULL : WAIT = 0.5
02571 Command = 0, MODE1 = 0, MODE2 = 0, Enable_24VDC = 0, Analog_Raw_Value = 0 : NULL : WAIT = 0.5
02572 Command = 83, MODE1A = 1, MODE1B = 7, MODE2A = 1, MODE2B = 1, MODE3A = 1, MODE3B = 1, MODE4A = 1, MODE4B = 1, MODE5A = 6, MODE5B = 6, MODE6A = 1, MODE6B = 1, MODE7A = 6, MODE7B = 6 : NULL : WAIT = 0.5
02573 Command = 0, MODE1A = 0, MODE1B = 0, MODE2A = 0, MODE2B = 0, MODE3A = 0, MODE3B = 0, MODE4A = 0, MODE4B = 0, MODE5A = 0, MODE5B = 0, MODE6A = 0, MODE6B = 0, MODE7A = 0, MODE7B = 0 : NULL
02574 Command = 84, MODE8A = 1, MODE8B = 1, MODE9A = 6, MODE9B = 6, MODE10A = 1, MODE10B = 1, GLOBAL_KP = 255, GLOBAL_KI = 255 : NULL : WAIT = 0.5
02575 Command = 0, MODE8A = 0, MODE8B = 0, MODE9A = 0, MODE9B = 0, MODE10A = 0, MODE10B = 0, GLOBAL_KP = 0, GLOBAL_KI = 0 : NULL
02576 Command = 82, Enable_Fault_Reset = 1, Save_Configuration = 1, Enable_DPLTx = 1, Enable_DPLF1 = 1, Enable_DPLF2 = 1 : NULL : WAIT = 0.5
02577 #clear multiplex
02577 Command = 0, Enable_Fault_Reset = 0, Save_Configuration = 0, Enable_DPLTx = 0, Enable_DPLF1 = 0, Enable_DPLF2 = 0 : NULL
02578 #switch input to load line
02578 J2_03 = 1 : NULL : WAIT = 0.1
02579 
02579 #TESTING - ModeIndex 32 PortIndex 2
02579 PwrSetVoltage = 50.0 : NULL : WAIT = 0.1
02580 J4_01 = 1 : NULL : WAIT = 0.1
02581 SWEEP-RUNNING DEATHSWEEP!
Connected: RIGOL TECHNOLOGIES,DP832,DP8C180100022,00.01.19
VISA resource: USB0::0x1AB1::0x0E11::DP8C180100022::INSTR
Sweeping CH2 mode=updown: 4.320000 V -> 4.430000 V -> 4.320000 V in 0.001000 V steps (221 points)
       0/220 set=4.320000 V elapsed=0.032s rate=31.25 steps/s
      50/220 set=4.370000 V elapsed=1.125s rate=45.33 steps/s eta=3.750s
     100/220 set=4.420000 V elapsed=2.204s rate=45.83 steps/s eta=2.619s
     150/220 set=4.390000 V elapsed=3.266s rate=46.23 steps/s eta=1.514s
     200/220 set=4.340000 V elapsed=4.329s rate=46.43 steps/s eta=0.431s
Sweep complete. Elapsed: 4.750s
Output turned OFF.


02581 J4_01 = 0 : NULL : WAIT = 0.1
02582 #test for lockup
02582 NULL : Input_3A = 0 | 0.1 | 0.1
02582 TEST: Input_3A 0.0 +/- 0.1
02582 PASS: Input_3A 0.0
02583 J0_09_TEST_SUPPLY = 1 : NULL : WAIT = 0.1
02584 NULL : Input_3A = 1 | 0.1 | 0.1
02584 TEST: Input_3A 1.0 +/- 0.1
02584 PASS: Input_3A 1.0
02585 J0_09_TEST_SUPPLY = 0 : NULL : WAIT = 0.1
02586 NULL : Input_3A = 0 | 0.1 | 0.1
02586 TEST: Input_3A 0.0 +/- 0.1
02586 PASS: Input_3A 0.0
02587 
02587 #Finished with port
02587 #switch out input
02587 J2_03 = 0 : NULL : WAIT = 0.1
02588 
02588 #cycle IGN to reset lockup
02588 RLY_K1 = 1 : NULL : WAIT = 2
02589 RLY_K1 = 0 : NULL : WAIT = 1
02590 #-----setup 39009-----
02590 #configure
02590 Command = 82, MODE1 = 0, MODE2 = 0, Enable_24VDC = 0, Analog_Raw_Value = 0 : NULL : WAIT = 0.5
02591 Command = 0, MODE1 = 0, MODE2 = 0, Enable_24VDC = 0, Analog_Raw_Value = 0 : NULL : WAIT = 0.5
02592 Command = 83, MODE1A = 1, MODE1B = 7, MODE2A = 1, MODE2B = 1, MODE3A = 1, MODE3B = 1, MODE4A = 1, MODE4B = 1, MODE5A = 6, MODE5B = 6, MODE6A = 1, MODE6B = 1, MODE7A = 6, MODE7B = 6 : NULL : WAIT = 0.5
02593 Command = 0, MODE1A = 0, MODE1B = 0, MODE2A = 0, MODE2B = 0, MODE3A = 0, MODE3B = 0, MODE4A = 0, MODE4B = 0, MODE5A = 0, MODE5B = 0, MODE6A = 0, MODE6B = 0, MODE7A = 0, MODE7B = 0 : NULL
02594 Command = 84, MODE8A = 1, MODE8B = 1, MODE9A = 6, MODE9B = 6, MODE10A = 1, MODE10B = 1, GLOBAL_KP = 255, GLOBAL_KI = 255 : NULL : WAIT = 0.5
02595 Command = 0, MODE8A = 0, MODE8B = 0, MODE9A = 0, MODE9B = 0, MODE10A = 0, MODE10B = 0, GLOBAL_KP = 0, GLOBAL_KI = 0 : NULL
02596 Command = 82, Enable_Fault_Reset = 1, Save_Configuration = 1, Enable_DPLTx = 1, Enable_DPLF1 = 1, Enable_DPLF2 = 1 : NULL : WAIT = 0.5
02597 #clear multiplex
02597 Command = 0, Enable_Fault_Reset = 0, Save_Configuration = 0, Enable_DPLTx = 0, Enable_DPLF1 = 0, Enable_DPLF2 = 0 : NULL
02598 #switch input to load line
02598 J2_04 = 1 : NULL : WAIT = 0.1
02599 
02599 #TESTING - ModeIndex 32 PortIndex 3
02599 PwrSetVoltage = 50.0 : NULL : WAIT = 0.1
02600 J4_01 = 1 : NULL : WAIT = 0.1
02601 SWEEP-RUNNING DEATHSWEEP!
Connected: RIGOL TECHNOLOGIES,DP832,DP8C180100022,00.01.19
VISA resource: USB0::0x1AB1::0x0E11::DP8C180100022::INSTR
Sweeping CH2 mode=updown: 4.320000 V -> 4.430000 V -> 4.320000 V in 0.001000 V steps (221 points)
       0/220 set=4.320000 V elapsed=0.031s rate=32.26 steps/s
      50/220 set=4.370000 V elapsed=1.125s rate=45.33 steps/s eta=3.750s
     100/220 set=4.420000 V elapsed=2.218s rate=45.54 steps/s eta=2.635s
     150/220 set=4.390000 V elapsed=3.328s rate=45.37 steps/s eta=1.543s
     200/220 set=4.340000 V elapsed=4.406s rate=45.62 steps/s eta=0.438s
Sweep complete. Elapsed: 4.843s
Output turned OFF.


02601 J4_01 = 0 : NULL : WAIT = 0.1
02602 #test for lockup
02602 NULL : Input_3B = 0 | 0.1 | 0.1
02602 TEST: Input_3B 0.0 +/- 0.1
02602 PASS: Input_3B 0.0
02603 J0_09_TEST_SUPPLY = 1 : NULL : WAIT = 0.1
02604 NULL : Input_3B = 1 | 0.1 | 0.1
02604 TEST: Input_3B 1.0 +/- 0.1
02604 PASS: Input_3B 1.0
02605 J0_09_TEST_SUPPLY = 0 : NULL : WAIT = 0.1
02606 NULL : Input_3B = 0 | 0.1 | 0.1
02606 TEST: Input_3B 0.0 +/- 0.1
02606 PASS: Input_3B 0.0
02607 
02607 #Finished with port
02607 #switch out input
02607 J2_04 = 0 : NULL : WAIT = 0.1
02608 
02608 
02608 #Finished with mode
02608 #cycle IGN to reset lockup
02608 RLY_K1 = 1 : NULL : WAIT = 2
02609 RLY_K1 = 0 : NULL : WAIT = 1
02610 #-----setup 39009-----
02610 #configure
02610 Command = 82, MODE1 = 0, MODE2 = 0, Enable_24VDC = 0, Analog_Raw_Value = 0 : NULL : WAIT = 0.5
02611 Command = 0, MODE1 = 0, MODE2 = 0, Enable_24VDC = 0, Analog_Raw_Value = 0 : NULL : WAIT = 0.5
02612 Command = 83, MODE1A = 1, MODE1B = 1, MODE2A = 1, MODE2B = 1, MODE3A = 4, MODE3B = 4, MODE4A = 1, MODE4B = 1, MODE5A = 6, MODE5B = 6, MODE6A = 1, MODE6B = 1, MODE7A = 6, MODE7B = 6 : NULL : WAIT = 0.5
02613 Command = 0, MODE1A = 0, MODE1B = 0, MODE2A = 0, MODE2B = 0, MODE3A = 0, MODE3B = 0, MODE4A = 0, MODE4B = 0, MODE5A = 0, MODE5B = 0, MODE6A = 0, MODE6B = 0, MODE7A = 0, MODE7B = 0 : NULL
02614 Command = 84, MODE8A = 1, MODE8B = 1, MODE9A = 6, MODE9B = 6, MODE10A = 1, MODE10B = 1, GLOBAL_KP = 255, GLOBAL_KI = 255 : NULL : WAIT = 0.5
02615 Command = 0, MODE8A = 0, MODE8B = 0, MODE9A = 0, MODE9B = 0, MODE10A = 0, MODE10B = 0, GLOBAL_KP = 0, GLOBAL_KI = 0 : NULL
02616 Command = 82, Enable_Fault_Reset = 1, Save_Configuration = 1, Enable_DPLTx = 1, Enable_DPLF1 = 1, Enable_DPLF2 = 1 : NULL : WAIT = 0.5
02617 #clear multiplex
02617 Command = 0, Enable_Fault_Reset = 0, Save_Configuration = 0, Enable_DPLTx = 0, Enable_DPLF1 = 0, Enable_DPLF2 = 0 : NULL
02618 #switch input to load line
02618 J2_01 = 1 : NULL : WAIT = 0.1
02619 
02619 #TESTING - ModeIndex 33 PortIndex 0
02619 PwrSetVoltage = 50.0 : NULL : WAIT = 0.1
02620 J4_01 = 1 : NULL : WAIT = 0.1
02621 SWEEP-RUNNING DEATHSWEEP!
Connected: RIGOL TECHNOLOGIES,DP832,DP8C180100022,00.01.19
VISA resource: USB0::0x1AB1::0x0E11::DP8C180100022::INSTR
Sweeping CH2 mode=updown: 4.320000 V -> 4.430000 V -> 4.320000 V in 0.001000 V steps (221 points)
       0/220 set=4.320000 V elapsed=0.047s rate=21.28 steps/s
      50/220 set=4.370000 V elapsed=1.125s rate=45.33 steps/s eta=3.750s
     100/220 set=4.420000 V elapsed=2.188s rate=46.16 steps/s eta=2.600s
     150/220 set=4.390000 V elapsed=3.250s rate=46.46 steps/s eta=1.507s
     200/220 set=4.340000 V elapsed=4.329s rate=46.43 steps/s eta=0.431s
Sweep complete. Elapsed: 4.797s
Output turned OFF.


02621 J4_01 = 0 : NULL : WAIT = 0.1
02622 #test for lockup
02622 NULL : Input_1A = 0 | 0.1 | 0.1
02622 TEST: Input_1A 0.0 +/- 0.1
02622 PASS: Input_1A 0.0
02623 J0_09_TEST_SUPPLY = 1 : NULL : WAIT = 0.1
02624 NULL : Input_1A = 1 | 0.1 | 0.1
02624 TEST: Input_1A 1.0 +/- 0.1
02624 PASS: Input_1A 1.0
02625 J0_09_TEST_SUPPLY = 0 : NULL : WAIT = 0.1
02626 NULL : Input_1A = 0 | 0.1 | 0.1
02626 TEST: Input_1A 0.0 +/- 0.1
02626 PASS: Input_1A 0.0
02627 
02627 #Finished with port
02627 #switch out input
02627 J2_01 = 0 : NULL : WAIT = 0.1
02628 
02628 #cycle IGN to reset lockup
02628 RLY_K1 = 1 : NULL : WAIT = 2
02629 RLY_K1 = 0 : NULL : WAIT = 1
02630 #-----setup 39009-----
02630 #configure
02630 Command = 82, MODE1 = 0, MODE2 = 0, Enable_24VDC = 0, Analog_Raw_Value = 0 : NULL : WAIT = 0.5
02631 Command = 0, MODE1 = 0, MODE2 = 0, Enable_24VDC = 0, Analog_Raw_Value = 0 : NULL : WAIT = 0.5
02632 Command = 83, MODE1A = 1, MODE1B = 1, MODE2A = 1, MODE2B = 1, MODE3A = 4, MODE3B = 4, MODE4A = 1, MODE4B = 1, MODE5A = 6, MODE5B = 6, MODE6A = 1, MODE6B = 1, MODE7A = 6, MODE7B = 6 : NULL : WAIT = 0.5
02633 Command = 0, MODE1A = 0, MODE1B = 0, MODE2A = 0, MODE2B = 0, MODE3A = 0, MODE3B = 0, MODE4A = 0, MODE4B = 0, MODE5A = 0, MODE5B = 0, MODE6A = 0, MODE6B = 0, MODE7A = 0, MODE7B = 0 : NULL
02634 Command = 84, MODE8A = 1, MODE8B = 1, MODE9A = 6, MODE9B = 6, MODE10A = 1, MODE10B = 1, GLOBAL_KP = 255, GLOBAL_KI = 255 : NULL : WAIT = 0.5
02635 Command = 0, MODE8A = 0, MODE8B = 0, MODE9A = 0, MODE9B = 0, MODE10A = 0, MODE10B = 0, GLOBAL_KP = 0, GLOBAL_KI = 0 : NULL
02636 Command = 82, Enable_Fault_Reset = 1, Save_Configuration = 1, Enable_DPLTx = 1, Enable_DPLF1 = 1, Enable_DPLF2 = 1 : NULL : WAIT = 0.5
02637 #clear multiplex
02637 Command = 0, Enable_Fault_Reset = 0, Save_Configuration = 0, Enable_DPLTx = 0, Enable_DPLF1 = 0, Enable_DPLF2 = 0 : NULL
02638 #switch input to load line
02638 J2_02 = 1 : NULL : WAIT = 0.1
02639 
02639 #TESTING - ModeIndex 33 PortIndex 1
02639 PwrSetVoltage = 50.0 : NULL : WAIT = 0.1
02640 J4_01 = 1 : NULL : WAIT = 0.1
02641 SWEEP-RUNNING DEATHSWEEP!
Connected: RIGOL TECHNOLOGIES,DP832,DP8C180100022,00.01.19
VISA resource: USB0::0x1AB1::0x0E11::DP8C180100022::INSTR
Sweeping CH2 mode=updown: 4.320000 V -> 4.430000 V -> 4.320000 V in 0.001000 V steps (221 points)
       0/220 set=4.320000 V elapsed=0.031s rate=32.26 steps/s
      50/220 set=4.370000 V elapsed=1.094s rate=46.62 steps/s eta=3.647s
     100/220 set=4.420000 V elapsed=2.156s rate=46.85 steps/s eta=2.562s
     150/220 set=4.390000 V elapsed=3.234s rate=46.69 steps/s eta=1.499s
     200/220 set=4.340000 V elapsed=4.312s rate=46.61 steps/s eta=0.429s
Sweep complete. Elapsed: 4.734s
Output turned OFF.


02641 J4_01 = 0 : NULL : WAIT = 0.1
02642 #test for lockup
02642 NULL : Input_1B = 0 | 0.1 | 0.1
02642 TEST: Input_1B 0.0 +/- 0.1
02642 PASS: Input_1B 0.0
02643 J0_09_TEST_SUPPLY = 1 : NULL : WAIT = 0.1
02644 NULL : Input_1B = 1 | 0.1 | 0.1
02644 TEST: Input_1B 1.0 +/- 0.1
02644 PASS: Input_1B 1.0
02645 J0_09_TEST_SUPPLY = 0 : NULL : WAIT = 0.1
02646 NULL : Input_1B = 0 | 0.1 | 0.1
02646 TEST: Input_1B 0.0 +/- 0.1
02646 PASS: Input_1B 0.0
02647 
02647 #Finished with port
02647 #switch out input
02647 J2_02 = 0 : NULL : WAIT = 0.1
02648 
02648 #cycle IGN to reset lockup
02648 RLY_K1 = 1 : NULL : WAIT = 2
02649 RLY_K1 = 0 : NULL : WAIT = 1
02650 #-----setup 39009-----
02650 #configure
02650 Command = 82, MODE1 = 0, MODE2 = 0, Enable_24VDC = 0, Analog_Raw_Value = 0 : NULL : WAIT = 0.5
02651 Command = 0, MODE1 = 0, MODE2 = 0, Enable_24VDC = 0, Analog_Raw_Value = 0 : NULL : WAIT = 0.5
02652 Command = 83, MODE1A = 1, MODE1B = 1, MODE2A = 1, MODE2B = 1, MODE3A = 4, MODE3B = 4, MODE4A = 1, MODE4B = 1, MODE5A = 6, MODE5B = 6, MODE6A = 1, MODE6B = 1, MODE7A = 6, MODE7B = 6 : NULL : WAIT = 0.5
02653 Command = 0, MODE1A = 0, MODE1B = 0, MODE2A = 0, MODE2B = 0, MODE3A = 0, MODE3B = 0, MODE4A = 0, MODE4B = 0, MODE5A = 0, MODE5B = 0, MODE6A = 0, MODE6B = 0, MODE7A = 0, MODE7B = 0 : NULL
02654 Command = 84, MODE8A = 1, MODE8B = 1, MODE9A = 6, MODE9B = 6, MODE10A = 1, MODE10B = 1, GLOBAL_KP = 255, GLOBAL_KI = 255 : NULL : WAIT = 0.5
02655 Command = 0, MODE8A = 0, MODE8B = 0, MODE9A = 0, MODE9B = 0, MODE10A = 0, MODE10B = 0, GLOBAL_KP = 0, GLOBAL_KI = 0 : NULL
02656 Command = 82, Enable_Fault_Reset = 1, Save_Configuration = 1, Enable_DPLTx = 1, Enable_DPLF1 = 1, Enable_DPLF2 = 1 : NULL : WAIT = 0.5
02657 #clear multiplex
02657 Command = 0, Enable_Fault_Reset = 0, Save_Configuration = 0, Enable_DPLTx = 0, Enable_DPLF1 = 0, Enable_DPLF2 = 0 : NULL
02658 #switch input to load line
02658 J2_03 = 1 : NULL : WAIT = 0.1
02659 
02659 #TESTING - ModeIndex 33 PortIndex 2
02659 PwrSetVoltage = 50.0 : NULL : WAIT = 0.1
02660 J4_01 = 1 : NULL : WAIT = 0.1
02661 SWEEP-RUNNING DEATHSWEEP!
Connected: RIGOL TECHNOLOGIES,DP832,DP8C180100022,00.01.19
VISA resource: USB0::0x1AB1::0x0E11::DP8C180100022::INSTR
Sweeping CH2 mode=updown: 4.320000 V -> 4.430000 V -> 4.320000 V in 0.001000 V steps (221 points)
       0/220 set=4.320000 V elapsed=0.016s rate=62.50 steps/s
      50/220 set=4.370000 V elapsed=1.125s rate=45.33 steps/s eta=3.750s
     100/220 set=4.420000 V elapsed=2.219s rate=45.52 steps/s eta=2.636s
     150/220 set=4.390000 V elapsed=3.313s rate=45.58 steps/s eta=1.536s
     200/220 set=4.340000 V elapsed=4.406s rate=45.62 steps/s eta=0.438s
Sweep complete. Elapsed: 4.813s
Output turned OFF.


02661 J4_01 = 0 : NULL : WAIT = 0.1
02662 #test for lockup
02662 NULL : Port_3A = 0 | 0.1 | 0.1
02662 TEST: Port_3A 0.0 +/- 0.1
02662 PASS: Port_3A 0.082
02663 J0_09_TEST_SUPPLY = 1 : NULL : WAIT = 0.1
02664 NULL : Port_3A = 5.0 | 0.1 | 0.1
02664 TEST: Port_3A 5.0 +/- 0.1
02664 PASS: Port_3A 4.971
02665 J0_09_TEST_SUPPLY = 0 : NULL : WAIT = 0.1
02666 NULL : Port_3A = 0 | 0.1 | 0.1
02666 TEST: Port_3A 0.0 +/- 0.1
02666 PASS: Port_3A 0.077
02667 
02667 #Finished with port
02667 #switch out input
02667 J2_03 = 0 : NULL : WAIT = 0.1
02668 
02668 #cycle IGN to reset lockup
02668 RLY_K1 = 1 : NULL : WAIT = 2
02669 RLY_K1 = 0 : NULL : WAIT = 1
02670 #-----setup 39009-----
02670 #configure
02670 Command = 82, MODE1 = 0, MODE2 = 0, Enable_24VDC = 0, Analog_Raw_Value = 0 : NULL : WAIT = 0.5
02671 Command = 0, MODE1 = 0, MODE2 = 0, Enable_24VDC = 0, Analog_Raw_Value = 0 : NULL : WAIT = 0.5
02672 Command = 83, MODE1A = 1, MODE1B = 1, MODE2A = 1, MODE2B = 1, MODE3A = 4, MODE3B = 4, MODE4A = 1, MODE4B = 1, MODE5A = 6, MODE5B = 6, MODE6A = 1, MODE6B = 1, MODE7A = 6, MODE7B = 6 : NULL : WAIT = 0.5
02673 Command = 0, MODE1A = 0, MODE1B = 0, MODE2A = 0, MODE2B = 0, MODE3A = 0, MODE3B = 0, MODE4A = 0, MODE4B = 0, MODE5A = 0, MODE5B = 0, MODE6A = 0, MODE6B = 0, MODE7A = 0, MODE7B = 0 : NULL
02674 Command = 84, MODE8A = 1, MODE8B = 1, MODE9A = 6, MODE9B = 6, MODE10A = 1, MODE10B = 1, GLOBAL_KP = 255, GLOBAL_KI = 255 : NULL : WAIT = 0.5
02675 Command = 0, MODE8A = 0, MODE8B = 0, MODE9A = 0, MODE9B = 0, MODE10A = 0, MODE10B = 0, GLOBAL_KP = 0, GLOBAL_KI = 0 : NULL
02676 Command = 82, Enable_Fault_Reset = 1, Save_Configuration = 1, Enable_DPLTx = 1, Enable_DPLF1 = 1, Enable_DPLF2 = 1 : NULL : WAIT = 0.5
02677 #clear multiplex
02677 Command = 0, Enable_Fault_Reset = 0, Save_Configuration = 0, Enable_DPLTx = 0, Enable_DPLF1 = 0, Enable_DPLF2 = 0 : NULL
02678 #switch input to load line
02678 J2_04 = 1 : NULL : WAIT = 0.1
02679 
02679 #TESTING - ModeIndex 33 PortIndex 3
02679 PwrSetVoltage = 50.0 : NULL : WAIT = 0.1
02680 J4_01 = 1 : NULL : WAIT = 0.1
02681 SWEEP-RUNNING DEATHSWEEP!
Connected: RIGOL TECHNOLOGIES,DP832,DP8C180100022,00.01.19
VISA resource: USB0::0x1AB1::0x0E11::DP8C180100022::INSTR
Sweeping CH2 mode=updown: 4.320000 V -> 4.430000 V -> 4.320000 V in 0.001000 V steps (221 points)
       0/220 set=4.320000 V elapsed=0.016s rate=62.50 steps/s
      50/220 set=4.370000 V elapsed=1.125s rate=45.33 steps/s eta=3.750s
     100/220 set=4.420000 V elapsed=2.234s rate=45.21 steps/s eta=2.654s
     150/220 set=4.390000 V elapsed=3.281s rate=46.02 steps/s eta=1.521s
     200/220 set=4.340000 V elapsed=4.344s rate=46.27 steps/s eta=0.432s
Sweep complete. Elapsed: 4.766s
Output turned OFF.


02681 J4_01 = 0 : NULL : WAIT = 0.1
02682 #test for lockup
02682 NULL : Port_3B = 0 | 0.1 | 0.1
02682 TEST: Port_3B 0.0 +/- 0.1
02682 PASS: Port_3B 0.059
02683 J0_09_TEST_SUPPLY = 1 : NULL : WAIT = 0.1
02684 NULL : Port_3B = 5.0 | 0.1 | 0.1
02684 TEST: Port_3B 5.0 +/- 0.1
02684 PASS: Port_3B 4.976
02685 J0_09_TEST_SUPPLY = 0 : NULL : WAIT = 0.1
02686 NULL : Port_3B = 0 | 0.1 | 0.1
02686 TEST: Port_3B 0.0 +/- 0.1
02686 PASS: Port_3B 0.086
02687 
02687 #Finished with port
02687 #switch out input
02687 J2_04 = 0 : NULL : WAIT = 0.1
02688 
02688 
02688 #Finished with mode
02688 #cycle IGN to reset lockup
02688 RLY_K1 = 1 : NULL : WAIT = 2
02689 RLY_K1 = 0 : NULL : WAIT = 1
02690 #-----setup 39009-----
02690 #configure
02690 Command = 82, MODE1 = 0, MODE2 = 0, Enable_24VDC = 0, Analog_Raw_Value = 0 : NULL : WAIT = 0.5
02691 Command = 0, MODE1 = 0, MODE2 = 0, Enable_24VDC = 0, Analog_Raw_Value = 0 : NULL : WAIT = 0.5
02692 Command = 83, MODE1A = 1, MODE1B = 1, MODE2A = 1, MODE2B = 1, MODE3A = 4, MODE3B = 1, MODE4A = 1, MODE4B = 1, MODE5A = 6, MODE5B = 6, MODE6A = 1, MODE6B = 1, MODE7A = 6, MODE7B = 6 : NULL : WAIT = 0.5
02693 Command = 0, MODE1A = 0, MODE1B = 0, MODE2A = 0, MODE2B = 0, MODE3A = 0, MODE3B = 0, MODE4A = 0, MODE4B = 0, MODE5A = 0, MODE5B = 0, MODE6A = 0, MODE6B = 0, MODE7A = 0, MODE7B = 0 : NULL
02694 Command = 84, MODE8A = 1, MODE8B = 1, MODE9A = 6, MODE9B = 6, MODE10A = 1, MODE10B = 1, GLOBAL_KP = 255, GLOBAL_KI = 255 : NULL : WAIT = 0.5
02695 Command = 0, MODE8A = 0, MODE8B = 0, MODE9A = 0, MODE9B = 0, MODE10A = 0, MODE10B = 0, GLOBAL_KP = 0, GLOBAL_KI = 0 : NULL
02696 Command = 82, Enable_Fault_Reset = 1, Save_Configuration = 1, Enable_DPLTx = 1, Enable_DPLF1 = 1, Enable_DPLF2 = 1 : NULL : WAIT = 0.5
02697 #clear multiplex
02697 Command = 0, Enable_Fault_Reset = 0, Save_Configuration = 0, Enable_DPLTx = 0, Enable_DPLF1 = 0, Enable_DPLF2 = 0 : NULL
02698 #switch input to load line
02698 J2_01 = 1 : NULL : WAIT = 0.1
02699 
02699 #TESTING - ModeIndex 34 PortIndex 0
02699 PwrSetVoltage = 50.0 : NULL : WAIT = 0.1
02700 J4_01 = 1 : NULL : WAIT = 0.1
02701 SWEEP-RUNNING DEATHSWEEP!
Connected: RIGOL TECHNOLOGIES,DP832,DP8C180100022,00.01.19
VISA resource: USB0::0x1AB1::0x0E11::DP8C180100022::INSTR
Sweeping CH2 mode=updown: 4.320000 V -> 4.430000 V -> 4.320000 V in 0.001000 V steps (221 points)
       0/220 set=4.320000 V elapsed=0.016s rate=62.50 steps/s
      50/220 set=4.370000 V elapsed=1.094s rate=46.62 steps/s eta=3.647s
     100/220 set=4.420000 V elapsed=2.203s rate=45.85 steps/s eta=2.617s
     150/220 set=4.390000 V elapsed=3.281s rate=46.02 steps/s eta=1.521s
     200/220 set=4.340000 V elapsed=4.344s rate=46.27 steps/s eta=0.432s
Sweep complete. Elapsed: 4.781s
Output turned OFF.


02701 J4_01 = 0 : NULL : WAIT = 0.1
02702 #test for lockup
02702 NULL : Input_1A = 0 | 0.1 | 0.1
02702 TEST: Input_1A 0.0 +/- 0.1
02702 PASS: Input_1A 0.0
02703 J0_09_TEST_SUPPLY = 1 : NULL : WAIT = 0.1
02704 NULL : Input_1A = 1 | 0.1 | 0.1
02704 TEST: Input_1A 1.0 +/- 0.1
02704 PASS: Input_1A 1.0
02705 J0_09_TEST_SUPPLY = 0 : NULL : WAIT = 0.1
02706 NULL : Input_1A = 0 | 0.1 | 0.1
02706 TEST: Input_1A 0.0 +/- 0.1
02706 PASS: Input_1A 0.0
02707 
02707 #Finished with port
02707 #switch out input
02707 J2_01 = 0 : NULL : WAIT = 0.1
02708 
02708 #cycle IGN to reset lockup
02708 RLY_K1 = 1 : NULL : WAIT = 2
02709 RLY_K1 = 0 : NULL : WAIT = 1
02710 #-----setup 39009-----
02710 #configure
02710 Command = 82, MODE1 = 0, MODE2 = 0, Enable_24VDC = 0, Analog_Raw_Value = 0 : NULL : WAIT = 0.5
02711 Command = 0, MODE1 = 0, MODE2 = 0, Enable_24VDC = 0, Analog_Raw_Value = 0 : NULL : WAIT = 0.5
02712 Command = 83, MODE1A = 1, MODE1B = 1, MODE2A = 1, MODE2B = 1, MODE3A = 4, MODE3B = 1, MODE4A = 1, MODE4B = 1, MODE5A = 6, MODE5B = 6, MODE6A = 1, MODE6B = 1, MODE7A = 6, MODE7B = 6 : NULL : WAIT = 0.5
02713 Command = 0, MODE1A = 0, MODE1B = 0, MODE2A = 0, MODE2B = 0, MODE3A = 0, MODE3B = 0, MODE4A = 0, MODE4B = 0, MODE5A = 0, MODE5B = 0, MODE6A = 0, MODE6B = 0, MODE7A = 0, MODE7B = 0 : NULL
02714 Command = 84, MODE8A = 1, MODE8B = 1, MODE9A = 6, MODE9B = 6, MODE10A = 1, MODE10B = 1, GLOBAL_KP = 255, GLOBAL_KI = 255 : NULL : WAIT = 0.5
02715 Command = 0, MODE8A = 0, MODE8B = 0, MODE9A = 0, MODE9B = 0, MODE10A = 0, MODE10B = 0, GLOBAL_KP = 0, GLOBAL_KI = 0 : NULL
02716 Command = 82, Enable_Fault_Reset = 1, Save_Configuration = 1, Enable_DPLTx = 1, Enable_DPLF1 = 1, Enable_DPLF2 = 1 : NULL : WAIT = 0.5
02717 #clear multiplex
02717 Command = 0, Enable_Fault_Reset = 0, Save_Configuration = 0, Enable_DPLTx = 0, Enable_DPLF1 = 0, Enable_DPLF2 = 0 : NULL
02718 #switch input to load line
02718 J2_02 = 1 : NULL : WAIT = 0.1
02719 
02719 #TESTING - ModeIndex 34 PortIndex 1
02719 PwrSetVoltage = 50.0 : NULL : WAIT = 0.1
02720 J4_01 = 1 : NULL : WAIT = 0.1
02721 SWEEP-RUNNING DEATHSWEEP!
Connected: RIGOL TECHNOLOGIES,DP832,DP8C180100022,00.01.19
VISA resource: USB0::0x1AB1::0x0E11::DP8C180100022::INSTR
Sweeping CH2 mode=updown: 4.320000 V -> 4.430000 V -> 4.320000 V in 0.001000 V steps (221 points)
       0/220 set=4.320000 V elapsed=0.016s rate=62.50 steps/s
      50/220 set=4.370000 V elapsed=1.094s rate=46.62 steps/s eta=3.647s
     100/220 set=4.420000 V elapsed=2.141s rate=47.17 steps/s eta=2.544s
     150/220 set=4.390000 V elapsed=3.219s rate=46.91 steps/s eta=1.492s
     200/220 set=4.340000 V elapsed=4.266s rate=47.12 steps/s eta=0.424s
Sweep complete. Elapsed: 4.687s
Output turned OFF.


02721 J4_01 = 0 : NULL : WAIT = 0.1
02722 #test for lockup
02722 NULL : Input_1B = 0 | 0.1 | 0.1
02722 TEST: Input_1B 0.0 +/- 0.1
02722 PASS: Input_1B 0.0
02723 J0_09_TEST_SUPPLY = 1 : NULL : WAIT = 0.1
02724 NULL : Input_1B = 1 | 0.1 | 0.1
02724 TEST: Input_1B 1.0 +/- 0.1
02724 PASS: Input_1B 1.0
02725 J0_09_TEST_SUPPLY = 0 : NULL : WAIT = 0.1
02726 NULL : Input_1B = 0 | 0.1 | 0.1
02726 TEST: Input_1B 0.0 +/- 0.1
02726 PASS: Input_1B 0.0
02727 
02727 #Finished with port
02727 #switch out input
02727 J2_02 = 0 : NULL : WAIT = 0.1
02728 
02728 #cycle IGN to reset lockup
02728 RLY_K1 = 1 : NULL : WAIT = 2
02729 RLY_K1 = 0 : NULL : WAIT = 1
02730 #-----setup 39009-----
02730 #configure
02730 Command = 82, MODE1 = 0, MODE2 = 0, Enable_24VDC = 0, Analog_Raw_Value = 0 : NULL : WAIT = 0.5
02731 Command = 0, MODE1 = 0, MODE2 = 0, Enable_24VDC = 0, Analog_Raw_Value = 0 : NULL : WAIT = 0.5
02732 Command = 83, MODE1A = 1, MODE1B = 1, MODE2A = 1, MODE2B = 1, MODE3A = 4, MODE3B = 1, MODE4A = 1, MODE4B = 1, MODE5A = 6, MODE5B = 6, MODE6A = 1, MODE6B = 1, MODE7A = 6, MODE7B = 6 : NULL : WAIT = 0.5
02733 Command = 0, MODE1A = 0, MODE1B = 0, MODE2A = 0, MODE2B = 0, MODE3A = 0, MODE3B = 0, MODE4A = 0, MODE4B = 0, MODE5A = 0, MODE5B = 0, MODE6A = 0, MODE6B = 0, MODE7A = 0, MODE7B = 0 : NULL
02734 Command = 84, MODE8A = 1, MODE8B = 1, MODE9A = 6, MODE9B = 6, MODE10A = 1, MODE10B = 1, GLOBAL_KP = 255, GLOBAL_KI = 255 : NULL : WAIT = 0.5
02735 Command = 0, MODE8A = 0, MODE8B = 0, MODE9A = 0, MODE9B = 0, MODE10A = 0, MODE10B = 0, GLOBAL_KP = 0, GLOBAL_KI = 0 : NULL
02736 Command = 82, Enable_Fault_Reset = 1, Save_Configuration = 1, Enable_DPLTx = 1, Enable_DPLF1 = 1, Enable_DPLF2 = 1 : NULL : WAIT = 0.5
02737 #clear multiplex
02737 Command = 0, Enable_Fault_Reset = 0, Save_Configuration = 0, Enable_DPLTx = 0, Enable_DPLF1 = 0, Enable_DPLF2 = 0 : NULL
02738 #switch input to load line
02738 J2_03 = 1 : NULL : WAIT = 0.1
02739 
02739 #TESTING - ModeIndex 34 PortIndex 2
02739 PwrSetVoltage = 50.0 : NULL : WAIT = 0.1
02740 J4_01 = 1 : NULL : WAIT = 0.1
02741 SWEEP-RUNNING DEATHSWEEP!
Connected: RIGOL TECHNOLOGIES,DP832,DP8C180100022,00.01.19
VISA resource: USB0::0x1AB1::0x0E11::DP8C180100022::INSTR
Sweeping CH2 mode=updown: 4.320000 V -> 4.430000 V -> 4.320000 V in 0.001000 V steps (221 points)
       0/220 set=4.320000 V elapsed=0.016s rate=62.50 steps/s
      50/220 set=4.370000 V elapsed=1.094s rate=46.62 steps/s eta=3.647s
     100/220 set=4.420000 V elapsed=2.219s rate=45.52 steps/s eta=2.636s
     150/220 set=4.390000 V elapsed=3.282s rate=46.01 steps/s eta=1.521s
     200/220 set=4.340000 V elapsed=4.391s rate=45.78 steps/s eta=0.437s
Sweep complete. Elapsed: 4.813s
Output turned OFF.


02741 J4_01 = 0 : NULL : WAIT = 0.1
02742 #test for lockup
02742 NULL : Port_3A = 0 | 0.1 | 0.1
02742 TEST: Port_3A 0.0 +/- 0.1
02742 PASS: Port_3A 0.054
02743 J0_09_TEST_SUPPLY = 1 : NULL : WAIT = 0.1
02744 NULL : Port_3A = 5.0 | 0.1 | 0.1
02744 TEST: Port_3A 5.0 +/- 0.1
02744 PASS: Port_3A 4.972
02745 J0_09_TEST_SUPPLY = 0 : NULL : WAIT = 0.1
02746 NULL : Port_3A = 0 | 0.1 | 0.1
02746 TEST: Port_3A 0.0 +/- 0.1
02746 PASS: Port_3A 0.073
02747 
02747 #Finished with port
02747 #switch out input
02747 J2_03 = 0 : NULL : WAIT = 0.1
02748 
02748 #cycle IGN to reset lockup
02748 RLY_K1 = 1 : NULL : WAIT = 2
02749 RLY_K1 = 0 : NULL : WAIT = 1
02750 #-----setup 39009-----
02750 #configure
02750 Command = 82, MODE1 = 0, MODE2 = 0, Enable_24VDC = 0, Analog_Raw_Value = 0 : NULL : WAIT = 0.5
02751 Command = 0, MODE1 = 0, MODE2 = 0, Enable_24VDC = 0, Analog_Raw_Value = 0 : NULL : WAIT = 0.5
02752 Command = 83, MODE1A = 1, MODE1B = 1, MODE2A = 1, MODE2B = 1, MODE3A = 4, MODE3B = 1, MODE4A = 1, MODE4B = 1, MODE5A = 6, MODE5B = 6, MODE6A = 1, MODE6B = 1, MODE7A = 6, MODE7B = 6 : NULL : WAIT = 0.5
02753 Command = 0, MODE1A = 0, MODE1B = 0, MODE2A = 0, MODE2B = 0, MODE3A = 0, MODE3B = 0, MODE4A = 0, MODE4B = 0, MODE5A = 0, MODE5B = 0, MODE6A = 0, MODE6B = 0, MODE7A = 0, MODE7B = 0 : NULL
02754 Command = 84, MODE8A = 1, MODE8B = 1, MODE9A = 6, MODE9B = 6, MODE10A = 1, MODE10B = 1, GLOBAL_KP = 255, GLOBAL_KI = 255 : NULL : WAIT = 0.5
02755 Command = 0, MODE8A = 0, MODE8B = 0, MODE9A = 0, MODE9B = 0, MODE10A = 0, MODE10B = 0, GLOBAL_KP = 0, GLOBAL_KI = 0 : NULL
02756 Command = 82, Enable_Fault_Reset = 1, Save_Configuration = 1, Enable_DPLTx = 1, Enable_DPLF1 = 1, Enable_DPLF2 = 1 : NULL : WAIT = 0.5
02757 #clear multiplex
02757 Command = 0, Enable_Fault_Reset = 0, Save_Configuration = 0, Enable_DPLTx = 0, Enable_DPLF1 = 0, Enable_DPLF2 = 0 : NULL
02758 #switch input to load line
02758 J2_04 = 1 : NULL : WAIT = 0.1
02759 
02759 #TESTING - ModeIndex 34 PortIndex 3
02759 PwrSetVoltage = 50.0 : NULL : WAIT = 0.1
02760 J4_01 = 1 : NULL : WAIT = 0.1
02761 SWEEP-RUNNING DEATHSWEEP!
Connected: RIGOL TECHNOLOGIES,DP832,DP8C180100022,00.01.19
VISA resource: USB0::0x1AB1::0x0E11::DP8C180100022::INSTR
Sweeping CH2 mode=updown: 4.320000 V -> 4.430000 V -> 4.320000 V in 0.001000 V steps (221 points)
       0/220 set=4.320000 V elapsed=0.015s rate=66.67 steps/s
      50/220 set=4.370000 V elapsed=1.093s rate=46.66 steps/s eta=3.643s
     100/220 set=4.420000 V elapsed=2.140s rate=47.20 steps/s eta=2.543s
     150/220 set=4.390000 V elapsed=3.234s rate=46.69 steps/s eta=1.499s
     200/220 set=4.340000 V elapsed=4.297s rate=46.78 steps/s eta=0.428s
Sweep complete. Elapsed: 4.734s
Output turned OFF.


02761 J4_01 = 0 : NULL : WAIT = 0.1
02762 #test for lockup
02762 NULL : Input_3B = 0 | 0.1 | 0.1
02762 TEST: Input_3B 0.0 +/- 0.1
02762 PASS: Input_3B 0.0
02763 J0_09_TEST_SUPPLY = 1 : NULL : WAIT = 0.1
02764 NULL : Input_3B = 1 | 0.1 | 0.1
02764 TEST: Input_3B 1.0 +/- 0.1
02764 PASS: Input_3B 1.0
02765 J0_09_TEST_SUPPLY = 0 : NULL : WAIT = 0.1
02766 NULL : Input_3B = 0 | 0.1 | 0.1
02766 TEST: Input_3B 0.0 +/- 0.1
02766 PASS: Input_3B 0.0
02767 
02767 #Finished with port
02767 #switch out input
02767 J2_04 = 0 : NULL : WAIT = 0.1
02768 
02768 
02768 #Finished with mode
02768 #cycle IGN to reset lockup
02768 RLY_K1 = 1 : NULL : WAIT = 2
02769 RLY_K1 = 0 : NULL : WAIT = 1
02770 #-----setup 39009-----
02770 #configure
02770 Command = 82, MODE1 = 0, MODE2 = 0, Enable_24VDC = 0, Analog_Raw_Value = 0 : NULL : WAIT = 0.5
02771 Command = 0, MODE1 = 0, MODE2 = 0, Enable_24VDC = 0, Analog_Raw_Value = 0 : NULL : WAIT = 0.5
02772 Command = 83, MODE1A = 1, MODE1B = 1, MODE2A = 1, MODE2B = 1, MODE3A = 1, MODE3B = 4, MODE4A = 1, MODE4B = 1, MODE5A = 6, MODE5B = 6, MODE6A = 1, MODE6B = 1, MODE7A = 6, MODE7B = 6 : NULL : WAIT = 0.5
02773 Command = 0, MODE1A = 0, MODE1B = 0, MODE2A = 0, MODE2B = 0, MODE3A = 0, MODE3B = 0, MODE4A = 0, MODE4B = 0, MODE5A = 0, MODE5B = 0, MODE6A = 0, MODE6B = 0, MODE7A = 0, MODE7B = 0 : NULL
02774 Command = 84, MODE8A = 1, MODE8B = 1, MODE9A = 6, MODE9B = 6, MODE10A = 1, MODE10B = 1, GLOBAL_KP = 255, GLOBAL_KI = 255 : NULL : WAIT = 0.5
02775 Command = 0, MODE8A = 0, MODE8B = 0, MODE9A = 0, MODE9B = 0, MODE10A = 0, MODE10B = 0, GLOBAL_KP = 0, GLOBAL_KI = 0 : NULL
02776 Command = 82, Enable_Fault_Reset = 1, Save_Configuration = 1, Enable_DPLTx = 1, Enable_DPLF1 = 1, Enable_DPLF2 = 1 : NULL : WAIT = 0.5
02777 #clear multiplex
02777 Command = 0, Enable_Fault_Reset = 0, Save_Configuration = 0, Enable_DPLTx = 0, Enable_DPLF1 = 0, Enable_DPLF2 = 0 : NULL
02778 #switch input to load line
02778 J2_01 = 1 : NULL : WAIT = 0.1
02779 
02779 #TESTING - ModeIndex 35 PortIndex 0
02779 PwrSetVoltage = 50.0 : NULL : WAIT = 0.1
02780 J4_01 = 1 : NULL : WAIT = 0.1
02781 SWEEP-RUNNING DEATHSWEEP!
Connected: RIGOL TECHNOLOGIES,DP832,DP8C180100022,00.01.19
VISA resource: USB0::0x1AB1::0x0E11::DP8C180100022::INSTR
Sweeping CH2 mode=updown: 4.320000 V -> 4.430000 V -> 4.320000 V in 0.001000 V steps (221 points)
       0/220 set=4.320000 V elapsed=0.032s rate=31.25 steps/s
      50/220 set=4.370000 V elapsed=1.125s rate=45.33 steps/s eta=3.750s
     100/220 set=4.420000 V elapsed=2.204s rate=45.83 steps/s eta=2.619s
     150/220 set=4.390000 V elapsed=3.297s rate=45.80 steps/s eta=1.528s
     200/220 set=4.340000 V elapsed=4.360s rate=46.10 steps/s eta=0.434s
Sweep complete. Elapsed: 4.782s
Output turned OFF.


02781 J4_01 = 0 : NULL : WAIT = 0.1
02782 #test for lockup
02782 NULL : Input_1A = 0 | 0.1 | 0.1
02782 TEST: Input_1A 0.0 +/- 0.1
02782 PASS: Input_1A 0.0
02783 J0_09_TEST_SUPPLY = 1 : NULL : WAIT = 0.1
02784 NULL : Input_1A = 1 | 0.1 | 0.1
02784 TEST: Input_1A 1.0 +/- 0.1
02784 PASS: Input_1A 1.0
02785 J0_09_TEST_SUPPLY = 0 : NULL : WAIT = 0.1
02786 NULL : Input_1A = 0 | 0.1 | 0.1
02786 TEST: Input_1A 0.0 +/- 0.1
02786 PASS: Input_1A 0.0
02787 
02787 #Finished with port
02787 #switch out input
02787 J2_01 = 0 : NULL : WAIT = 0.1
02788 
02788 #cycle IGN to reset lockup
02788 RLY_K1 = 1 : NULL : WAIT = 2
02789 RLY_K1 = 0 : NULL : WAIT = 1
02790 #-----setup 39009-----
02790 #configure
02790 Command = 82, MODE1 = 0, MODE2 = 0, Enable_24VDC = 0, Analog_Raw_Value = 0 : NULL : WAIT = 0.5
02791 Command = 0, MODE1 = 0, MODE2 = 0, Enable_24VDC = 0, Analog_Raw_Value = 0 : NULL : WAIT = 0.5
02792 Command = 83, MODE1A = 1, MODE1B = 1, MODE2A = 1, MODE2B = 1, MODE3A = 1, MODE3B = 4, MODE4A = 1, MODE4B = 1, MODE5A = 6, MODE5B = 6, MODE6A = 1, MODE6B = 1, MODE7A = 6, MODE7B = 6 : NULL : WAIT = 0.5
02793 Command = 0, MODE1A = 0, MODE1B = 0, MODE2A = 0, MODE2B = 0, MODE3A = 0, MODE3B = 0, MODE4A = 0, MODE4B = 0, MODE5A = 0, MODE5B = 0, MODE6A = 0, MODE6B = 0, MODE7A = 0, MODE7B = 0 : NULL
02794 Command = 84, MODE8A = 1, MODE8B = 1, MODE9A = 6, MODE9B = 6, MODE10A = 1, MODE10B = 1, GLOBAL_KP = 255, GLOBAL_KI = 255 : NULL : WAIT = 0.5
02795 Command = 0, MODE8A = 0, MODE8B = 0, MODE9A = 0, MODE9B = 0, MODE10A = 0, MODE10B = 0, GLOBAL_KP = 0, GLOBAL_KI = 0 : NULL
02796 Command = 82, Enable_Fault_Reset = 1, Save_Configuration = 1, Enable_DPLTx = 1, Enable_DPLF1 = 1, Enable_DPLF2 = 1 : NULL : WAIT = 0.5
02797 #clear multiplex
02797 Command = 0, Enable_Fault_Reset = 0, Save_Configuration = 0, Enable_DPLTx = 0, Enable_DPLF1 = 0, Enable_DPLF2 = 0 : NULL
02798 #switch input to load line
02798 J2_02 = 1 : NULL : WAIT = 0.1
02799 
02799 #TESTING - ModeIndex 35 PortIndex 1
02799 PwrSetVoltage = 50.0 : NULL : WAIT = 0.1
02800 J4_01 = 1 : NULL : WAIT = 0.1
02801 SWEEP-RUNNING DEATHSWEEP!
Connected: RIGOL TECHNOLOGIES,DP832,DP8C180100022,00.01.19
VISA resource: USB0::0x1AB1::0x0E11::DP8C180100022::INSTR
Sweeping CH2 mode=updown: 4.320000 V -> 4.430000 V -> 4.320000 V in 0.001000 V steps (221 points)
       0/220 set=4.320000 V elapsed=0.032s rate=31.25 steps/s
      50/220 set=4.370000 V elapsed=1.125s rate=45.33 steps/s eta=3.750s
     100/220 set=4.420000 V elapsed=2.188s rate=46.16 steps/s eta=2.600s
     150/220 set=4.390000 V elapsed=3.250s rate=46.46 steps/s eta=1.507s
     200/220 set=4.340000 V elapsed=4.344s rate=46.27 steps/s eta=0.432s
Sweep complete. Elapsed: 4.766s
Output turned OFF.


02801 J4_01 = 0 : NULL : WAIT = 0.1
02802 #test for lockup
02802 NULL : Input_1B = 0 | 0.1 | 0.1
02802 TEST: Input_1B 0.0 +/- 0.1
02802 PASS: Input_1B 0.0
02803 J0_09_TEST_SUPPLY = 1 : NULL : WAIT = 0.1
02804 NULL : Input_1B = 1 | 0.1 | 0.1
02804 TEST: Input_1B 1.0 +/- 0.1
02804 PASS: Input_1B 1.0
02805 J0_09_TEST_SUPPLY = 0 : NULL : WAIT = 0.1
02806 NULL : Input_1B = 0 | 0.1 | 0.1
02806 TEST: Input_1B 0.0 +/- 0.1
02806 PASS: Input_1B 0.0
02807 
02807 #Finished with port
02807 #switch out input
02807 J2_02 = 0 : NULL : WAIT = 0.1
02808 
02808 #cycle IGN to reset lockup
02808 RLY_K1 = 1 : NULL : WAIT = 2
02809 RLY_K1 = 0 : NULL : WAIT = 1
02810 #-----setup 39009-----
02810 #configure
02810 Command = 82, MODE1 = 0, MODE2 = 0, Enable_24VDC = 0, Analog_Raw_Value = 0 : NULL : WAIT = 0.5
02811 Command = 0, MODE1 = 0, MODE2 = 0, Enable_24VDC = 0, Analog_Raw_Value = 0 : NULL : WAIT = 0.5
02812 Command = 83, MODE1A = 1, MODE1B = 1, MODE2A = 1, MODE2B = 1, MODE3A = 1, MODE3B = 4, MODE4A = 1, MODE4B = 1, MODE5A = 6, MODE5B = 6, MODE6A = 1, MODE6B = 1, MODE7A = 6, MODE7B = 6 : NULL : WAIT = 0.5
02813 Command = 0, MODE1A = 0, MODE1B = 0, MODE2A = 0, MODE2B = 0, MODE3A = 0, MODE3B = 0, MODE4A = 0, MODE4B = 0, MODE5A = 0, MODE5B = 0, MODE6A = 0, MODE6B = 0, MODE7A = 0, MODE7B = 0 : NULL
02814 Command = 84, MODE8A = 1, MODE8B = 1, MODE9A = 6, MODE9B = 6, MODE10A = 1, MODE10B = 1, GLOBAL_KP = 255, GLOBAL_KI = 255 : NULL : WAIT = 0.5
02815 Command = 0, MODE8A = 0, MODE8B = 0, MODE9A = 0, MODE9B = 0, MODE10A = 0, MODE10B = 0, GLOBAL_KP = 0, GLOBAL_KI = 0 : NULL
02816 Command = 82, Enable_Fault_Reset = 1, Save_Configuration = 1, Enable_DPLTx = 1, Enable_DPLF1 = 1, Enable_DPLF2 = 1 : NULL : WAIT = 0.5
02817 #clear multiplex
02817 Command = 0, Enable_Fault_Reset = 0, Save_Configuration = 0, Enable_DPLTx = 0, Enable_DPLF1 = 0, Enable_DPLF2 = 0 : NULL
02818 #switch input to load line
02818 J2_03 = 1 : NULL : WAIT = 0.1
02819 
02819 #TESTING - ModeIndex 35 PortIndex 2
02819 PwrSetVoltage = 50.0 : NULL : WAIT = 0.1
02820 J4_01 = 1 : NULL : WAIT = 0.1
02821 SWEEP-RUNNING DEATHSWEEP!
Connected: RIGOL TECHNOLOGIES,DP832,DP8C180100022,00.01.19
VISA resource: USB0::0x1AB1::0x0E11::DP8C180100022::INSTR
Sweeping CH2 mode=updown: 4.320000 V -> 4.430000 V -> 4.320000 V in 0.001000 V steps (221 points)
       0/220 set=4.320000 V elapsed=0.015s rate=66.67 steps/s
      50/220 set=4.370000 V elapsed=1.125s rate=45.33 steps/s eta=3.750s
     100/220 set=4.420000 V elapsed=2.171s rate=46.52 steps/s eta=2.579s
     150/220 set=4.390000 V elapsed=3.234s rate=46.69 steps/s eta=1.499s
     200/220 set=4.340000 V elapsed=4.296s rate=46.79 steps/s eta=0.427s
Sweep complete. Elapsed: 4.734s
Output turned OFF.


02821 J4_01 = 0 : NULL : WAIT = 0.1
02822 #test for lockup
02822 NULL : Input_3A = 0 | 0.1 | 0.1
02822 TEST: Input_3A 0.0 +/- 0.1
02822 PASS: Input_3A 0.0
02823 J0_09_TEST_SUPPLY = 1 : NULL : WAIT = 0.1
02824 NULL : Input_3A = 1 | 0.1 | 0.1
02824 TEST: Input_3A 1.0 +/- 0.1
02824 PASS: Input_3A 1.0
02825 J0_09_TEST_SUPPLY = 0 : NULL : WAIT = 0.1
02826 NULL : Input_3A = 0 | 0.1 | 0.1
02826 TEST: Input_3A 0.0 +/- 0.1
02826 PASS: Input_3A 0.0
02827 
02827 #Finished with port
02827 #switch out input
02827 J2_03 = 0 : NULL : WAIT = 0.1
02828 
02828 #cycle IGN to reset lockup
02828 RLY_K1 = 1 : NULL : WAIT = 2
02829 RLY_K1 = 0 : NULL : WAIT = 1
02830 #-----setup 39009-----
02830 #configure
02830 Command = 82, MODE1 = 0, MODE2 = 0, Enable_24VDC = 0, Analog_Raw_Value = 0 : NULL : WAIT = 0.5
02831 Command = 0, MODE1 = 0, MODE2 = 0, Enable_24VDC = 0, Analog_Raw_Value = 0 : NULL : WAIT = 0.5
02832 Command = 83, MODE1A = 1, MODE1B = 1, MODE2A = 1, MODE2B = 1, MODE3A = 1, MODE3B = 4, MODE4A = 1, MODE4B = 1, MODE5A = 6, MODE5B = 6, MODE6A = 1, MODE6B = 1, MODE7A = 6, MODE7B = 6 : NULL : WAIT = 0.5
02833 Command = 0, MODE1A = 0, MODE1B = 0, MODE2A = 0, MODE2B = 0, MODE3A = 0, MODE3B = 0, MODE4A = 0, MODE4B = 0, MODE5A = 0, MODE5B = 0, MODE6A = 0, MODE6B = 0, MODE7A = 0, MODE7B = 0 : NULL
02834 Command = 84, MODE8A = 1, MODE8B = 1, MODE9A = 6, MODE9B = 6, MODE10A = 1, MODE10B = 1, GLOBAL_KP = 255, GLOBAL_KI = 255 : NULL : WAIT = 0.5
02835 Command = 0, MODE8A = 0, MODE8B = 0, MODE9A = 0, MODE9B = 0, MODE10A = 0, MODE10B = 0, GLOBAL_KP = 0, GLOBAL_KI = 0 : NULL
02836 Command = 82, Enable_Fault_Reset = 1, Save_Configuration = 1, Enable_DPLTx = 1, Enable_DPLF1 = 1, Enable_DPLF2 = 1 : NULL : WAIT = 0.5
02837 #clear multiplex
02837 Command = 0, Enable_Fault_Reset = 0, Save_Configuration = 0, Enable_DPLTx = 0, Enable_DPLF1 = 0, Enable_DPLF2 = 0 : NULL
02838 #switch input to load line
02838 J2_04 = 1 : NULL : WAIT = 0.1
02839 
02839 #TESTING - ModeIndex 35 PortIndex 3
02839 PwrSetVoltage = 50.0 : NULL : WAIT = 0.1
02840 J4_01 = 1 : NULL : WAIT = 0.1
02841 SWEEP-RUNNING DEATHSWEEP!
Connected: RIGOL TECHNOLOGIES,DP832,DP8C180100022,00.01.19
VISA resource: USB0::0x1AB1::0x0E11::DP8C180100022::INSTR
Sweeping CH2 mode=updown: 4.320000 V -> 4.430000 V -> 4.320000 V in 0.001000 V steps (221 points)
       0/220 set=4.320000 V elapsed=0.047s rate=21.28 steps/s
      50/220 set=4.370000 V elapsed=1.125s rate=45.33 steps/s eta=3.750s
     100/220 set=4.420000 V elapsed=2.203s rate=45.85 steps/s eta=2.617s
     150/220 set=4.390000 V elapsed=3.282s rate=46.01 steps/s eta=1.521s
     200/220 set=4.340000 V elapsed=4.375s rate=45.94 steps/s eta=0.435s
Sweep complete. Elapsed: 4.813s
Output turned OFF.


02841 J4_01 = 0 : NULL : WAIT = 0.1
02842 #test for lockup
02842 NULL : Port_3B = 0 | 0.1 | 0.1
02842 TEST: Port_3B 0.0 +/- 0.1
02842 PASS: Port_3B 0.027
02843 J0_09_TEST_SUPPLY = 1 : NULL : WAIT = 0.1
02844 NULL : Port_3B = 5.0 | 0.1 | 0.1
02844 TEST: Port_3B 5.0 +/- 0.1
02844 PASS: Port_3B 4.975
02845 J0_09_TEST_SUPPLY = 0 : NULL : WAIT = 0.1
02846 NULL : Port_3B = 0 | 0.1 | 0.1
02846 TEST: Port_3B 0.0 +/- 0.1
02846 PASS: Port_3B 0.079
02847 
02847 #Finished with port
02847 #switch out input
02847 J2_04 = 0 : NULL : WAIT = 0.1
02848 
02848 
02848 #Finished with mode
02848 #switch out load line, set current
02848 J2_04 = 0 : NULL : WAIT = 0.1
02849 LdRemote = 0 : NULL : WAIT = 0.1
02850 LdEnable = 0 : NULL : WAIT = 0.1
02851 LdCurrentSet = 0 : NULL : WAIT = 0.1
02852 J0_08_METER_LOAD = 0 : NULL : WAIT = 0.1
02853 #tear down PS1
02853 PwrSetCurrent = 0 : NULL : WAIT = 0.1
02854 PwrSetVoltage = 0 : NULL : WAIT = 0.1
02855 PwrEnable = 0 : NULL : WAIT = 0.1
02856 J0_09_TEST_SUPPLY = 0 : NULL : WAIT = 1
02857 PwrRemote = 0 : NULL : WAIT = 0.1
02858 J4_03 = 0 : NULL : WAIT = 0.2
02859 SAVE
02859 END
Fail count: 1
Finished on: 2026-01-23-13:12:38
elapsed time: 0:28:13.510337
