Step,Pre-defined Error Field.Number of Errors,Pre-defined Error Field.Standard Error Field,Pre-defined Error Field.Standard Error Field_2,Pre-defined Error Field.Standard Error Field_3,Pre-defined Error Field.Standard Error Field_4,Pre-defined Error Field.Standard Error Field_5,Store Parameter Field.Highest sub-index supported,Store Parameter Field.Save all Parameters,Store Parameter Field.Save Communication Parameters,Store Parameter Field.Save Application Parameters,Restore Default Parameters.Highest sub-index supported,Restore Default Parameters.Restore all Default Parameters,Restore Default Parameters.Restore Communication Default Parameters,Restore Default Parameters.Restore Application Default Parameters,Identity Object.number of entries,Identity Object.Vendor Id,Identity Object.Product Code,Identity Object.Revision number,Identity Object.Serial number,Server SDO Parameter 1.Highest sub-index supported,Server SDO Parameter 1.COB-ID Client -> Server,Server SDO Parameter 1.COB-ID Server -> Client,Receive PDO Communication Parameter 1.Highest sub-index supported,Receive PDO Communication Parameter 1.COB-ID,Receive PDO Communication Parameter 1.Transmission Type,Receive PDO Communication Parameter 1.Inhibit Time,Receive PDO Communication Parameter 1.Compatibility Entry,Receive PDO Communication Parameter 1.Event Timer,Receive PDO Communication Parameter 2.Highest sub-index supported,Receive PDO Communication Parameter 2.COB-ID,Receive PDO Communication Parameter 2.Transmission Type,Receive PDO Communication Parameter 2.Inhibit Time,Receive PDO Communication Parameter 2.Compatibility Entry,Receive PDO Communication Parameter 2.Event Timer,Receive PDO Communication Parameter 3.Highest sub-index supported,Receive PDO Communication Parameter 3.COB-ID,Receive PDO Communication Parameter 3.Transmission Type,Receive PDO Communication Parameter 3.Inhibit Time,Receive PDO Communication Parameter 3.Compatibility Entry,Receive PDO Communication Parameter 3.Event Timer,Receive PDO Communication Parameter 4.Highest sub-index supported,Receive PDO Communication Parameter 4.COB-ID,Receive PDO Communication Parameter 4.Transmission Type,Receive PDO Communication Parameter 4.Inhibit Time,Receive PDO Communication Parameter 4.Compatibility Entry,Receive PDO Communication Parameter 4.Event Timer,Receive PDO Mapping Parameter 1.Number of mapped objects,Receive PDO Mapping Parameter 1.Mapping Entry 1,Receive PDO Mapping Parameter 1.Mapping Entry 2,Receive PDO Mapping Parameter 2.Number of mapped objects,Receive PDO Mapping Parameter 2.Mapping Entry 1,Receive PDO Mapping Parameter 2.Mapping Entry 2,Receive PDO Mapping Parameter 2.Mapping Entry 3,Receive PDO Mapping Parameter 2.Mapping Entry 4,Receive PDO Mapping Parameter 3.Number of mapped objects,Receive PDO Mapping Parameter 3.Mapping Entry 1,Receive PDO Mapping Parameter 3.Mapping Entry 2,Receive PDO Mapping Parameter 3.Mapping Entry 3,Receive PDO Mapping Parameter 3.Mapping Entry 4,Receive PDO Mapping Parameter 4.Number of mapped objects,Receive PDO Mapping Parameter 4.Mapping Entry 1,Transmit PDO Communication Parameter 5.Highest sub-index supported,Transmit PDO Communication Parameter 5.COB-ID,Transmit PDO Communication Parameter 5.Transmission Type,Transmit PDO Communication Parameter 5.Inhibit Time,Transmit PDO Communication Parameter 5.Compatibility Entry,Transmit PDO Communication Parameter 5.Event Timer,Transmit PDO Communication Parameter 6.Highest sub-index supported,Transmit PDO Communication Parameter 6.COB-ID,Transmit PDO Communication Parameter 6.Transmission Type,Transmit PDO Communication Parameter 6.Inhibit Time,Transmit PDO Communication Parameter 6.Compatibility Entry,Transmit PDO Communication Parameter 6.Event Timer,Transmit PDO Communication Parameter 7.Highest sub-index supported,Transmit PDO Communication Parameter 7.COB-ID,Transmit PDO Communication Parameter 7.Transmission Type,Transmit PDO Communication Parameter 7.Inhibit Time,Transmit PDO Communication Parameter 7.Compatibility Entry,Transmit PDO Communication Parameter 7.Event Timer,Transmit PDO Communication Parameter 8.Highest sub-index supported,Transmit PDO Communication Parameter 8.COB-ID,Transmit PDO Communication Parameter 8.Transmission Type,Transmit PDO Communication Parameter 8.Inhibit Time,Transmit PDO Communication Parameter 8.Compatibility Entry,Transmit PDO Communication Parameter 8.Event Timer,Transmit PDO Communication Parameter 9.Highest sub-index supported,Transmit PDO Communication Parameter 9.COB-ID,Transmit PDO Communication Parameter 9.Transmission Type,Transmit PDO Communication Parameter 9.Inhibit Time,Transmit PDO Communication Parameter 9.Compatibility Entry,Transmit PDO Communication Parameter 9.Event Timer,Transmit PDO Communication Parameter 10.Highest sub-index supported,Transmit PDO Communication Parameter 10.COB-ID,Transmit PDO Communication Parameter 10.Transmission Type,Transmit PDO Communication Parameter 10.Inhibit Time,Transmit PDO Communication Parameter 10.Compatibility Entry,Transmit PDO Communication Parameter 10.Event Timer,Transmit PDO Communication Parameter 11.Highest sub-index supported,Transmit PDO Communication Parameter 11.COB-ID,Transmit PDO Communication Parameter 11.Transmission Type,Transmit PDO Communication Parameter 11.Inhibit Time,Transmit PDO Communication Parameter 11.Compatibility Entry,Transmit PDO Communication Parameter 11.Event Timer,Transmit PDO Mapping Parameter 5.Number of mapped objects,Transmit PDO Mapping Parameter 5.Mapping Entry 1,Transmit PDO Mapping Parameter 5.Mapping Entry 2,Transmit PDO Mapping Parameter 5.Mapping Entry 3,Transmit PDO Mapping Parameter 5.Mapping Entry 4,Transmit PDO Mapping Parameter 6.Number of mapped objects,Transmit PDO Mapping Parameter 6.Mapping Entry 1,Transmit PDO Mapping Parameter 6.Mapping Entry 2,Transmit PDO Mapping Parameter 6.Mapping Entry 3,Transmit PDO Mapping Parameter 6.Mapping Entry 4,Transmit PDO Mapping Parameter 6.Mapping Entry 5,Transmit PDO Mapping Parameter 6.Mapping Entry 6,Transmit PDO Mapping Parameter 6.Mapping Entry 7,Transmit PDO Mapping Parameter 6.Mapping Entry 8,Transmit PDO Mapping Parameter 7.Number of mapped objects,Transmit PDO Mapping Parameter 7.Mapping Entry 1,Transmit PDO Mapping Parameter 7.Mapping Entry 2,Transmit PDO Mapping Parameter 7.Mapping Entry 3,Transmit PDO Mapping Parameter 7.Mapping Entry 4,Transmit PDO Mapping Parameter 8.Number of mapped objects,Transmit PDO Mapping Parameter 8.Mapping Entry 1,Transmit PDO Mapping Parameter 8.Mapping Entry 2,Transmit PDO Mapping Parameter 8.Mapping Entry 3,Transmit PDO Mapping Parameter 8.Mapping Entry 4,Transmit PDO Mapping Parameter 9.Number of mapped objects,Transmit PDO Mapping Parameter 9.Mapping Entry 1,Transmit PDO Mapping Parameter 9.Mapping Entry 2,Transmit PDO Mapping Parameter 9.Mapping Entry 3,Transmit PDO Mapping Parameter 9.Mapping Entry 4,Transmit PDO Mapping Parameter 10.Number of mapped objects,Transmit PDO Mapping Parameter 10.Mapping Entry 1,Transmit PDO Mapping Parameter 10.Mapping Entry 2,Transmit PDO Mapping Parameter 10.Mapping Entry 3,Transmit PDO Mapping Parameter 10.Mapping Entry 4,Transmit PDO Mapping Parameter 11.Number of mapped objects,Transmit PDO Mapping Parameter 11.Mapping Entry 1,Transmit PDO Mapping Parameter 11.Mapping Entry 2,Transmit PDO Mapping Parameter 11.Mapping Entry 3,Transmit PDO Mapping Parameter 11.Mapping Entry 4,Transmit PDO Mapping Parameter 11.Mapping Entry 5,Transmit PDO Mapping Parameter 11.Mapping Entry 6,Transmit PDO Mapping Parameter 11.Mapping Entry 7,Transmit PDO Mapping Parameter 11.Mapping Entry 8,Module Global Configuration.Highest sub-index supported,Module Global Configuration.d1 - d8_Enable,Module Global Configuration.d9 - d16_Enable,Module Global Configuration.Output_Mode,Module Global Configuration.ID,Module Output Configuration.Highest sub-index supported,Module Output Configuration.OUTMODE_1,Module Output Configuration.OUTMODE_2,Module Output Configuration.OUTMODE_3,Module Output Configuration.OUTMODE_4,Module Output Configuration.OUTMODE_5,Module Output Configuration.OUTMODE_6,Module Output Configuration.OUTMODE_7,Module Output Configuration.OUTMODE_8,Module PWMi PID Configuration.Highest sub-index supported,Module PWMi PID Configuration.Port1_Kp,Module PWMi PID Configuration.Port1_Ki,Module PWMi PID Configuration.Port2_Kp,Module PWMi PID Configuration.Port2_Ki,Module PWMi PID Configuration.Port3_Kp,Module PWMi PID Configuration.Port3_Ki,Module PWMi PID Configuration.Port4_Kp,Module PWMi PID Configuration.Port4_Ki,Module PWMi PID Configuration.Port5_Kp,Module PWMi PID Configuration.Port5_Ki,Module PWMi PID Configuration.Port6_Kp,Module PWMi PID Configuration.Port6_Ki,Module PWMi PID Configuration.Port7_Kp,Module PWMi PID Configuration.Port7_Ki,Module PWMi PID Configuration.Port8_Kp,Module PWMi PID Configuration.Port8_Ki,Module 10A Limit Configuration.Highest sub-index supported,Module 10A Limit Configuration.Port_1A,Module 10A Limit Configuration.Port_3A,Module Direction Configuration.Highest sub-index supported,Module Direction Configuration.Direction,Response Message.Highest sub-index supported,Response Message.d1-d8,Response Message.d9-d16,Response Message.Active_Fault_Code,Response Message.Configuration_ID,Status Message F1.Highest sub-index supported,Status Message F1.d1-d8_Message,Status Message F1.d9-d16_Message,Status Message F1.Status_Output1-2,Status Message F1.Status_Output3-4,Status Message F1.Status_Output5-6,Status Message F1.Status_Output7-8,Status Message F1.Power,Status Message F1.Save_Counter,Status Message F2.Highest sub-index supported,Status Message F2.VBAT,Status Message F2.TEMP,Status Message F2.CNFG1,Status Message F2.CNFG2,Status Message F2.CNFG3,Status Message Amp.Highest sub-index supported,Status Message Amp.Port_1,Status Message Amp.Port_2,Status Message Amp.Port_3,Status Message Amp.Port_4,Status Message Amp.Port_5,Status Message Amp.Port_6,Status Message Amp.Port_7,Status Message Amp.Port_8,Status Message Amp.Port_1A,Status Message Amp.Port_1B,Status Message Amp.Port_3A,Status Message Amp.Port_3B,Fault Message.Highest sub-index supported,Fault Message.Counter_F1,Fault Message.Counter_F2,Fault Message.Counter_F3,Fault Message.Counter_F4,Fault Message.Counter_F5,Fault Message.Counter_F6,Fault Message.Counter_F7,Fault Message.Counter_F8,Write Outputs 8-Bit.Highest sub-index supported,Write Outputs 8-Bit.Output_1,Write Outputs 8-Bit.Output_2,Write Analogue Output 16-Bit.Highest sub-index supported,Write Analogue Output 16-Bit.Port_1,Write Analogue Output 16-Bit.Port_2,Write Analogue Output 16-Bit.Port_3,Write Analogue Output 16-Bit.Port_4,Write Analogue Output 16-Bit.Port_5,Write Analogue Output 16-Bit.Port_6,Write Analogue Output 16-Bit.Port_7,Write Analogue Output 16-Bit.Port_8,Dummy0005,Dummy0006,Dummy0007,Device Type,Error Register,Manufacturer Device Name,Manufacturer Hardware Version,Manufacturer Software Version,COB-ID EMCY,Inhibit Time Emergency,Producer Heartbeat Time,Frequency,J0_01_3A_LOAD,J0_02_5A_LOAD,J0_03_7A_LOAD,J0_04_12A_LOAD,J0_05_200MA_PULLUP,J0_06_12MA_PULLUP,J0_07_GND_LOAD,J0_08_METER_LOAD,J0_09_TEST_SUPPLY,J0_10_MAIN_SUPPLY,J0_11_FREQ_GEN,J0_12_PROBE,J1_01,J1_02,J1_03,J1_04,J1_05,J1_06,J1_07,J1_08,J1_09,J1_10,J1_11,J1_12,J2_01,J2_02,J2_03,J2_04,J2_05,J2_06,J2_07,J2_08,J2_09,J2_10,J2_11,J2_12,J3_01,J3_02,J3_03,J3_04,J3_05,J3_06,J3_07,J3_08,J3_09,J3_10,J3_11,J3_12,J4_01,J4_02,J4_03,J4_04,J4_05,J4_06,J4_07,J4_08,J4_09,J4_10,J4_11,J4_12,J5_01,J5_02,J5_03,J5_04,J5_05,J5_06,J5_07,J5_08,J5_09,J5_10,J5_11,J5_12,MeterVolts,MeterCurrent,MeterAmps,MeterSpare,PwrRemote,PwrEnable,PwrSetVoltage,PwrSetCurrent,LdRemote,LdEnable,LdMode,LdShort,LdCurrentSet,LdResistSet,RLY_K1,RLY_K2,RLY_K3,METER_MODE,METER_RANGE,
17,0.0,0.0,0.0,0.0,0.0,0.0,3.0,1.0,1.0,1.0,3.0,1.0,1.0,1.0,4.0,1275.0,3408964.0,131072.0,0.0,2.0,1537.0,1409.0,5.0,513.0,255.0,0.0,0.0,0.0,5.0,769.0,255.0,0.0,0.0,0.0,5.0,1025.0,255.0,0.0,0.0,0.0,5.0,1281.0,254.0,0.0,0.0,0.0,2.0,1644167432.0,1644167688.0,4.0,1678835984.0,1678836240.0,1678836496.0,1678836752.0,4.0,1678837008.0,1678837264.0,1678837520.0,1678837776.0,1.0,537198856.0,5.0,417.0,254.0,0.0,0.0,0.0,5.0,449.0,254.0,0.0,0.0,0.0,5.0,481.0,254.0,0.0,0.0,0.0,5.0,673.0,254.0,0.0,0.0,0.0,5.0,705.0,254.0,0.0,0.0,0.0,5.0,737.0,254.0,0.0,0.0,0.0,5.0,929.0,254.0,0.0,0.0,0.0,4.0,1342177544.0,1342177800.0,1342178056.0,1342178312.0,8.0,1342243080.0,1342243336.0,1342243592.0,1342243848.0,1342244104.0,1342244360.0,1342244616.0,1342244872.0,4.0,1342308624.0,1342308880.0,1342309136.0,1342309392.0,4.0,1342374160.0,1342374416.0,1342374672.0,1342374928.0,4.0,1342375184.0,1342375440.0,1342375696.0,1342375952.0,4.0,1342376208.0,1342376464.0,1342376720.0,1342376976.0,8.0,1342439688.0,1342439944.0,1342440200.0,1342440456.0,1342440712.0,1342440968.0,1342441224.0,1342441480.0,4.0,0.0,0.0,0.0,0.0,8.0,17.0,1.0,17.0,1.0,1.0,1.0,1.0,1.0,16.0,100.0,100.0,100.0,100.0,100.0,100.0,100.0,100.0,100.0,100.0,100.0,100.0,100.0,100.0,100.0,100.0,2.0,45.0,45.0,1.0,1.0,4.0,80.0,244.0,0.0,0.0,8.0,0.0,252.0,4.0,0.0,0.0,0.0,85.0,122.0,5.0,145.0,1842.0,3.0,6.0,1.0,12.0,0.0,0.0,0.0,0.0,0.0,0.0,0.0,0.0,0.0,0.0,0.0,0.0,8.0,43.0,0.0,0.0,0.0,0.0,0.0,0.0,0.0,2.0,2.0,0.0,8.0,0.0,0.0,0.0,0.0,0.0,0.0,0.0,0.0,0.0,0.0,0.0,655761.0,0.0,340444200.0,34044204.0,2.02,129.0,0.0,2000.0,65.0,0.0,0.0,0.0,0.0,0.0,0.0,0.0,1.0,0.0,0.0,0.0,0.0,0.0,0.0,0.0,0.0,0.0,0.0,0.0,0.0,0.0,0.0,0.0,0.0,0.0,1.0,0.0,0.0,0.0,0.0,0.0,0.0,0.0,0.0,0.0,0.0,0.0,0.0,0.0,0.0,0.0,0.0,0.0,0.0,0.0,0.0,0.0,0.0,0.0,0.0,0.0,0.0,0.0,0.0,0.0,0.0,0.0,0.0,0.0,0.0,0.0,0.0,0.0,0.0,0.0,0.0,0.0,0.0,0.0,0.0,0.0,0.0,14.41,0.0,0.0,0.0,0.0,0.0,0.0,0.0,1.0,1.0,0.0,0.0,0.0,0.0,0.0,0.0,0.0,0.0,0.0,
18,0.0,0.0,0.0,0.0,0.0,0.0,3.0,1.0,1.0,1.0,3.0,1.0,1.0,1.0,4.0,1275.0,3408964.0,131072.0,0.0,2.0,1537.0,1409.0,5.0,513.0,255.0,0.0,0.0,0.0,5.0,769.0,255.0,0.0,0.0,0.0,5.0,1025.0,255.0,0.0,0.0,0.0,5.0,1281.0,254.0,0.0,0.0,0.0,2.0,1644167432.0,1644167688.0,4.0,1678835984.0,1678836240.0,1678836496.0,1678836752.0,4.0,1678837008.0,1678837264.0,1678837520.0,1678837776.0,1.0,537198856.0,5.0,417.0,254.0,0.0,0.0,0.0,5.0,449.0,254.0,0.0,0.0,0.0,5.0,481.0,254.0,0.0,0.0,0.0,5.0,673.0,254.0,0.0,0.0,0.0,5.0,705.0,254.0,0.0,0.0,0.0,5.0,737.0,254.0,0.0,0.0,0.0,5.0,929.0,254.0,0.0,0.0,0.0,4.0,1342177544.0,1342177800.0,1342178056.0,1342178312.0,8.0,1342243080.0,1342243336.0,1342243592.0,1342243848.0,1342244104.0,1342244360.0,1342244616.0,1342244872.0,4.0,1342308624.0,1342308880.0,1342309136.0,1342309392.0,4.0,1342374160.0,1342374416.0,1342374672.0,1342374928.0,4.0,1342375184.0,1342375440.0,1342375696.0,1342375952.0,4.0,1342376208.0,1342376464.0,1342376720.0,1342376976.0,8.0,1342439688.0,1342439944.0,1342440200.0,1342440456.0,1342440712.0,1342440968.0,1342441224.0,1342441480.0,4.0,0.0,0.0,0.0,0.0,8.0,17.0,1.0,17.0,1.0,1.0,1.0,1.0,1.0,16.0,100.0,100.0,100.0,100.0,100.0,100.0,100.0,100.0,100.0,100.0,100.0,100.0,100.0,100.0,100.0,100.0,2.0,45.0,45.0,1.0,1.0,4.0,80.0,244.0,0.0,0.0,8.0,0.0,252.0,4.0,0.0,0.0,0.0,85.0,122.0,5.0,145.0,1842.0,3.0,6.0,1.0,12.0,0.0,0.0,0.0,0.0,0.0,0.0,0.0,0.0,0.0,0.0,0.0,0.0,8.0,43.0,0.0,0.0,0.0,0.0,0.0,0.0,0.0,2.0,2.0,0.0,8.0,0.0,0.0,0.0,0.0,0.0,0.0,0.0,0.0,0.0,0.0,0.0,655761.0,0.0,340444200.0,34044204.0,2.02,129.0,0.0,2000.0,65.0,0.0,0.0,0.0,0.0,0.0,0.0,0.0,1.0,0.0,0.0,0.0,0.0,0.0,0.0,0.0,0.0,0.0,0.0,0.0,0.0,0.0,0.0,0.0,0.0,0.0,1.0,0.0,0.0,0.0,0.0,0.0,0.0,0.0,0.0,0.0,0.0,0.0,0.0,0.0,0.0,0.0,0.0,0.0,0.0,0.0,0.0,0.0,0.0,0.0,0.0,0.0,0.0,0.0,0.0,0.0,0.0,0.0,0.0,0.0,0.0,0.0,0.0,0.0,0.0,0.0,0.0,0.0,0.0,0.0,0.0,0.0,0.0,14.409,0.0,0.0,0.0,0.0,0.0,0.0,0.0,1.0,1.0,0.0,0.0,0.0,0.0,0.0,0.0,0.0,0.0,0.0,
19,0.0,0.0,0.0,0.0,0.0,0.0,3.0,1.0,1.0,1.0,3.0,1.0,1.0,1.0,4.0,1275.0,3408964.0,131072.0,0.0,2.0,1537.0,1409.0,5.0,513.0,255.0,0.0,0.0,0.0,5.0,769.0,255.0,0.0,0.0,0.0,5.0,1025.0,255.0,0.0,0.0,0.0,5.0,1281.0,254.0,0.0,0.0,0.0,2.0,1644167432.0,1644167688.0,4.0,1678835984.0,1678836240.0,1678836496.0,1678836752.0,4.0,1678837008.0,1678837264.0,1678837520.0,1678837776.0,1.0,537198856.0,5.0,417.0,254.0,0.0,0.0,0.0,5.0,449.0,254.0,0.0,0.0,0.0,5.0,481.0,254.0,0.0,0.0,0.0,5.0,673.0,254.0,0.0,0.0,0.0,5.0,705.0,254.0,0.0,0.0,0.0,5.0,737.0,254.0,0.0,0.0,0.0,5.0,929.0,254.0,0.0,0.0,0.0,4.0,1342177544.0,1342177800.0,1342178056.0,1342178312.0,8.0,1342243080.0,1342243336.0,1342243592.0,1342243848.0,1342244104.0,1342244360.0,1342244616.0,1342244872.0,4.0,1342308624.0,1342308880.0,1342309136.0,1342309392.0,4.0,1342374160.0,1342374416.0,1342374672.0,1342374928.0,4.0,1342375184.0,1342375440.0,1342375696.0,1342375952.0,4.0,1342376208.0,1342376464.0,1342376720.0,1342376976.0,8.0,1342439688.0,1342439944.0,1342440200.0,1342440456.0,1342440712.0,1342440968.0,1342441224.0,1342441480.0,4.0,0.0,0.0,0.0,0.0,8.0,17.0,1.0,17.0,1.0,1.0,1.0,1.0,1.0,16.0,100.0,100.0,100.0,100.0,100.0,100.0,100.0,100.0,100.0,100.0,100.0,100.0,100.0,100.0,100.0,100.0,2.0,45.0,45.0,1.0,1.0,4.0,80.0,244.0,0.0,0.0,8.0,0.0,252.0,4.0,0.0,0.0,0.0,85.0,122.0,5.0,145.0,1842.0,3.0,6.0,1.0,12.0,0.0,0.0,0.0,0.0,0.0,0.0,0.0,0.0,0.0,0.0,0.0,0.0,8.0,43.0,0.0,0.0,0.0,0.0,0.0,0.0,0.0,2.0,2.0,0.0,8.0,0.0,0.0,0.0,0.0,0.0,0.0,0.0,0.0,0.0,0.0,0.0,655761.0,0.0,340444200.0,34044204.0,2.02,129.0,0.0,2000.0,65.0,0.0,0.0,0.0,0.0,0.0,0.0,0.0,1.0,0.0,0.0,0.0,0.0,0.0,0.0,0.0,0.0,0.0,0.0,0.0,0.0,0.0,0.0,0.0,0.0,0.0,1.0,0.0,0.0,0.0,0.0,0.0,0.0,0.0,0.0,0.0,0.0,0.0,0.0,0.0,0.0,0.0,0.0,0.0,0.0,0.0,0.0,0.0,0.0,0.0,0.0,0.0,0.0,0.0,0.0,0.0,0.0,0.0,0.0,0.0,0.0,0.0,0.0,0.0,0.0,0.0,0.0,0.0,0.0,0.0,0.0,0.0,0.0,14.409,0.0,0.0,0.0,0.0,0.0,0.0,0.0,1.0,1.0,0.0,0.0,0.0,0.0,0.0,0.0,0.0,0.0,0.0,
24,0.0,0.0,0.0,0.0,0.0,0.0,3.0,1.0,1.0,1.0,3.0,1.0,1.0,1.0,4.0,1275.0,3408964.0,131072.0,0.0,2.0,1537.0,1409.0,5.0,513.0,255.0,0.0,0.0,0.0,5.0,769.0,255.0,0.0,0.0,0.0,5.0,1025.0,255.0,0.0,0.0,0.0,5.0,1281.0,254.0,0.0,0.0,0.0,2.0,1644167432.0,1644167688.0,4.0,1678835984.0,1678836240.0,1678836496.0,1678836752.0,4.0,1678837008.0,1678837264.0,1678837520.0,1678837776.0,1.0,537198856.0,5.0,417.0,254.0,0.0,0.0,0.0,5.0,449.0,254.0,0.0,0.0,0.0,5.0,481.0,254.0,0.0,0.0,0.0,5.0,673.0,254.0,0.0,0.0,0.0,5.0,705.0,254.0,0.0,0.0,0.0,5.0,737.0,254.0,0.0,0.0,0.0,5.0,929.0,254.0,0.0,0.0,0.0,4.0,1342177544.0,1342177800.0,1342178056.0,1342178312.0,8.0,1342243080.0,1342243336.0,1342243592.0,1342243848.0,1342244104.0,1342244360.0,1342244616.0,1342244872.0,4.0,1342308624.0,1342308880.0,1342309136.0,1342309392.0,4.0,1342374160.0,1342374416.0,1342374672.0,1342374928.0,4.0,1342375184.0,1342375440.0,1342375696.0,1342375952.0,4.0,1342376208.0,1342376464.0,1342376720.0,1342376976.0,8.0,1342439688.0,1342439944.0,1342440200.0,1342440456.0,1342440712.0,1342440968.0,1342441224.0,1342441480.0,4.0,0.0,0.0,0.0,0.0,8.0,17.0,1.0,17.0,1.0,1.0,1.0,1.0,1.0,16.0,100.0,100.0,100.0,100.0,100.0,100.0,100.0,100.0,100.0,100.0,100.0,100.0,100.0,100.0,100.0,100.0,2.0,45.0,45.0,1.0,1.0,4.0,80.0,244.0,0.0,0.0,8.0,0.0,252.0,4.0,0.0,0.0,0.0,85.0,122.0,5.0,144.0,1842.0,3.0,6.0,1.0,12.0,485.0,0.0,0.0,0.0,0.0,0.0,0.0,0.0,0.0,485.0,0.0,0.0,8.0,43.0,0.0,0.0,0.0,0.0,0.0,0.0,0.0,2.0,2.0,0.0,8.0,0.0,0.0,0.0,0.0,0.0,0.0,0.0,0.0,0.0,0.0,0.0,655761.0,0.0,340444200.0,34044204.0,2.02,129.0,0.0,2000.0,65.0,0.0,0.0,0.0,0.0,0.0,0.0,0.0,1.0,0.0,0.0,0.0,0.0,0.0,0.0,0.0,0.0,0.0,0.0,0.0,0.0,0.0,0.0,0.0,0.0,0.0,1.0,0.0,0.0,0.0,0.0,0.0,0.0,0.0,0.0,0.0,0.0,0.0,0.0,0.0,0.0,0.0,0.0,0.0,0.0,0.0,0.0,0.0,0.0,0.0,0.0,0.0,0.0,0.0,0.0,0.0,0.0,0.0,0.0,0.0,0.0,0.0,0.0,0.0,0.0,0.0,0.0,0.0,0.0,0.0,0.0,0.0,0.0,13.71,0.499,0.0,0.0,0.0,0.0,0.0,0.0,1.0,1.0,0.0,0.0,500.0,0.0,0.0,0.0,0.0,0.0,0.0,
25,0.0,0.0,0.0,0.0,0.0,0.0,3.0,1.0,1.0,1.0,3.0,1.0,1.0,1.0,4.0,1275.0,3408964.0,131072.0,0.0,2.0,1537.0,1409.0,5.0,513.0,255.0,0.0,0.0,0.0,5.0,769.0,255.0,0.0,0.0,0.0,5.0,1025.0,255.0,0.0,0.0,0.0,5.0,1281.0,254.0,0.0,0.0,0.0,2.0,1644167432.0,1644167688.0,4.0,1678835984.0,1678836240.0,1678836496.0,1678836752.0,4.0,1678837008.0,1678837264.0,1678837520.0,1678837776.0,1.0,537198856.0,5.0,417.0,254.0,0.0,0.0,0.0,5.0,449.0,254.0,0.0,0.0,0.0,5.0,481.0,254.0,0.0,0.0,0.0,5.0,673.0,254.0,0.0,0.0,0.0,5.0,705.0,254.0,0.0,0.0,0.0,5.0,737.0,254.0,0.0,0.0,0.0,5.0,929.0,254.0,0.0,0.0,0.0,4.0,1342177544.0,1342177800.0,1342178056.0,1342178312.0,8.0,1342243080.0,1342243336.0,1342243592.0,1342243848.0,1342244104.0,1342244360.0,1342244616.0,1342244872.0,4.0,1342308624.0,1342308880.0,1342309136.0,1342309392.0,4.0,1342374160.0,1342374416.0,1342374672.0,1342374928.0,4.0,1342375184.0,1342375440.0,1342375696.0,1342375952.0,4.0,1342376208.0,1342376464.0,1342376720.0,1342376976.0,8.0,1342439688.0,1342439944.0,1342440200.0,1342440456.0,1342440712.0,1342440968.0,1342441224.0,1342441480.0,4.0,0.0,0.0,0.0,0.0,8.0,17.0,1.0,17.0,1.0,1.0,1.0,1.0,1.0,16.0,100.0,100.0,100.0,100.0,100.0,100.0,100.0,100.0,100.0,100.0,100.0,100.0,100.0,100.0,100.0,100.0,2.0,45.0,45.0,1.0,1.0,4.0,80.0,244.0,0.0,0.0,8.0,0.0,252.0,4.0,0.0,0.0,0.0,85.0,122.0,5.0,144.0,1837.0,3.0,6.0,1.0,12.0,481.0,0.0,0.0,0.0,0.0,0.0,0.0,0.0,0.0,481.0,0.0,0.0,8.0,43.0,0.0,0.0,0.0,0.0,0.0,0.0,0.0,2.0,2.0,0.0,8.0,0.0,0.0,0.0,0.0,0.0,0.0,0.0,0.0,0.0,0.0,0.0,655761.0,0.0,340444200.0,34044204.0,2.02,129.0,0.0,2000.0,65.0,0.0,0.0,0.0,0.0,0.0,0.0,0.0,1.0,0.0,0.0,0.0,0.0,0.0,0.0,0.0,0.0,0.0,0.0,0.0,0.0,0.0,0.0,0.0,0.0,0.0,1.0,0.0,0.0,0.0,0.0,0.0,0.0,0.0,0.0,0.0,0.0,0.0,0.0,0.0,0.0,0.0,0.0,0.0,0.0,0.0,0.0,0.0,0.0,0.0,0.0,0.0,0.0,0.0,0.0,0.0,0.0,0.0,0.0,0.0,0.0,0.0,0.0,0.0,0.0,0.0,0.0,0.0,0.0,0.0,0.0,0.0,0.0,13.712,0.499,0.0,0.0,0.0,0.0,0.0,0.0,1.0,1.0,0.0,0.0,500.0,0.0,0.0,0.0,0.0,0.0,0.0,
26,0.0,0.0,0.0,0.0,0.0,0.0,3.0,1.0,1.0,1.0,3.0,1.0,1.0,1.0,4.0,1275.0,3408964.0,131072.0,0.0,2.0,1537.0,1409.0,5.0,513.0,255.0,0.0,0.0,0.0,5.0,769.0,255.0,0.0,0.0,0.0,5.0,1025.0,255.0,0.0,0.0,0.0,5.0,1281.0,254.0,0.0,0.0,0.0,2.0,1644167432.0,1644167688.0,4.0,1678835984.0,1678836240.0,1678836496.0,1678836752.0,4.0,1678837008.0,1678837264.0,1678837520.0,1678837776.0,1.0,537198856.0,5.0,417.0,254.0,0.0,0.0,0.0,5.0,449.0,254.0,0.0,0.0,0.0,5.0,481.0,254.0,0.0,0.0,0.0,5.0,673.0,254.0,0.0,0.0,0.0,5.0,705.0,254.0,0.0,0.0,0.0,5.0,737.0,254.0,0.0,0.0,0.0,5.0,929.0,254.0,0.0,0.0,0.0,4.0,1342177544.0,1342177800.0,1342178056.0,1342178312.0,8.0,1342243080.0,1342243336.0,1342243592.0,1342243848.0,1342244104.0,1342244360.0,1342244616.0,1342244872.0,4.0,1342308624.0,1342308880.0,1342309136.0,1342309392.0,4.0,1342374160.0,1342374416.0,1342374672.0,1342374928.0,4.0,1342375184.0,1342375440.0,1342375696.0,1342375952.0,4.0,1342376208.0,1342376464.0,1342376720.0,1342376976.0,8.0,1342439688.0,1342439944.0,1342440200.0,1342440456.0,1342440712.0,1342440968.0,1342441224.0,1342441480.0,4.0,0.0,0.0,0.0,0.0,8.0,17.0,1.0,17.0,1.0,1.0,1.0,1.0,1.0,16.0,100.0,100.0,100.0,100.0,100.0,100.0,100.0,100.0,100.0,100.0,100.0,100.0,100.0,100.0,100.0,100.0,2.0,45.0,45.0,1.0,1.0,4.0,80.0,244.0,0.0,0.0,8.0,0.0,252.0,4.0,0.0,0.0,0.0,85.0,122.0,5.0,144.0,1837.0,3.0,6.0,1.0,12.0,481.0,0.0,0.0,0.0,0.0,0.0,0.0,0.0,0.0,481.0,0.0,0.0,8.0,43.0,0.0,0.0,0.0,0.0,0.0,0.0,0.0,2.0,2.0,0.0,8.0,0.0,0.0,0.0,0.0,0.0,0.0,0.0,0.0,0.0,0.0,0.0,655761.0,0.0,340444200.0,34044204.0,2.02,129.0,0.0,2000.0,65.0,0.0,0.0,0.0,0.0,0.0,0.0,0.0,1.0,0.0,0.0,0.0,0.0,0.0,0.0,0.0,0.0,0.0,0.0,0.0,0.0,0.0,0.0,0.0,0.0,0.0,1.0,0.0,0.0,0.0,0.0,0.0,0.0,0.0,0.0,0.0,0.0,0.0,0.0,0.0,0.0,0.0,0.0,0.0,0.0,0.0,0.0,0.0,0.0,0.0,0.0,0.0,0.0,0.0,0.0,0.0,0.0,0.0,0.0,0.0,0.0,0.0,0.0,0.0,0.0,0.0,0.0,0.0,0.0,0.0,0.0,0.0,0.0,13.712,0.499,0.0,0.0,0.0,0.0,0.0,0.0,1.0,1.0,0.0,0.0,500.0,0.0,0.0,0.0,0.0,0.0,0.0,
31,0.0,0.0,0.0,0.0,0.0,0.0,3.0,1.0,1.0,1.0,3.0,1.0,1.0,1.0,4.0,1275.0,3408964.0,131072.0,0.0,2.0,1537.0,1409.0,5.0,513.0,255.0,0.0,0.0,0.0,5.0,769.0,255.0,0.0,0.0,0.0,5.0,1025.0,255.0,0.0,0.0,0.0,5.0,1281.0,254.0,0.0,0.0,0.0,2.0,1644167432.0,1644167688.0,4.0,1678835984.0,1678836240.0,1678836496.0,1678836752.0,4.0,1678837008.0,1678837264.0,1678837520.0,1678837776.0,1.0,537198856.0,5.0,417.0,254.0,0.0,0.0,0.0,5.0,449.0,254.0,0.0,0.0,0.0,5.0,481.0,254.0,0.0,0.0,0.0,5.0,673.0,254.0,0.0,0.0,0.0,5.0,705.0,254.0,0.0,0.0,0.0,5.0,737.0,254.0,0.0,0.0,0.0,5.0,929.0,254.0,0.0,0.0,0.0,4.0,1342177544.0,1342177800.0,1342178056.0,1342178312.0,8.0,1342243080.0,1342243336.0,1342243592.0,1342243848.0,1342244104.0,1342244360.0,1342244616.0,1342244872.0,4.0,1342308624.0,1342308880.0,1342309136.0,1342309392.0,4.0,1342374160.0,1342374416.0,1342374672.0,1342374928.0,4.0,1342375184.0,1342375440.0,1342375696.0,1342375952.0,4.0,1342376208.0,1342376464.0,1342376720.0,1342376976.0,8.0,1342439688.0,1342439944.0,1342440200.0,1342440456.0,1342440712.0,1342440968.0,1342441224.0,1342441480.0,4.0,0.0,0.0,0.0,0.0,8.0,17.0,1.0,17.0,1.0,1.0,1.0,1.0,1.0,16.0,100.0,100.0,100.0,100.0,100.0,100.0,100.0,100.0,100.0,100.0,100.0,100.0,100.0,100.0,100.0,100.0,2.0,45.0,45.0,1.0,1.0,4.0,80.0,244.0,0.0,0.0,8.0,0.0,252.0,4.0,0.0,0.0,0.0,85.0,122.0,5.0,144.0,1842.0,3.0,6.0,1.0,12.0,999.0,0.0,0.0,0.0,0.0,0.0,0.0,0.0,0.0,999.0,0.0,0.0,8.0,43.0,0.0,0.0,0.0,0.0,0.0,0.0,0.0,2.0,2.0,0.0,8.0,0.0,0.0,0.0,0.0,0.0,0.0,0.0,0.0,0.0,0.0,0.0,655761.0,0.0,340444200.0,34044204.0,2.02,129.0,0.0,2000.0,65.0,0.0,0.0,0.0,0.0,0.0,0.0,0.0,1.0,0.0,0.0,0.0,0.0,0.0,0.0,0.0,0.0,0.0,0.0,0.0,0.0,0.0,0.0,0.0,0.0,0.0,1.0,0.0,0.0,0.0,0.0,0.0,0.0,0.0,0.0,0.0,0.0,0.0,0.0,0.0,0.0,0.0,0.0,0.0,0.0,0.0,0.0,0.0,0.0,0.0,0.0,0.0,0.0,0.0,0.0,0.0,0.0,0.0,0.0,0.0,0.0,0.0,0.0,0.0,0.0,0.0,0.0,0.0,0.0,0.0,0.0,0.0,0.0,13.042,0.999,0.0,0.0,0.0,0.0,0.0,0.0,1.0,1.0,0.0,0.0,1000.0,0.0,0.0,0.0,0.0,0.0,0.0,
32,0.0,0.0,0.0,0.0,0.0,0.0,3.0,1.0,1.0,1.0,3.0,1.0,1.0,1.0,4.0,1275.0,3408964.0,131072.0,0.0,2.0,1537.0,1409.0,5.0,513.0,255.0,0.0,0.0,0.0,5.0,769.0,255.0,0.0,0.0,0.0,5.0,1025.0,255.0,0.0,0.0,0.0,5.0,1281.0,254.0,0.0,0.0,0.0,2.0,1644167432.0,1644167688.0,4.0,1678835984.0,1678836240.0,1678836496.0,1678836752.0,4.0,1678837008.0,1678837264.0,1678837520.0,1678837776.0,1.0,537198856.0,5.0,417.0,254.0,0.0,0.0,0.0,5.0,449.0,254.0,0.0,0.0,0.0,5.0,481.0,254.0,0.0,0.0,0.0,5.0,673.0,254.0,0.0,0.0,0.0,5.0,705.0,254.0,0.0,0.0,0.0,5.0,737.0,254.0,0.0,0.0,0.0,5.0,929.0,254.0,0.0,0.0,0.0,4.0,1342177544.0,1342177800.0,1342178056.0,1342178312.0,8.0,1342243080.0,1342243336.0,1342243592.0,1342243848.0,1342244104.0,1342244360.0,1342244616.0,1342244872.0,4.0,1342308624.0,1342308880.0,1342309136.0,1342309392.0,4.0,1342374160.0,1342374416.0,1342374672.0,1342374928.0,4.0,1342375184.0,1342375440.0,1342375696.0,1342375952.0,4.0,1342376208.0,1342376464.0,1342376720.0,1342376976.0,8.0,1342439688.0,1342439944.0,1342440200.0,1342440456.0,1342440712.0,1342440968.0,1342441224.0,1342441480.0,4.0,0.0,0.0,0.0,0.0,8.0,17.0,1.0,17.0,1.0,1.0,1.0,1.0,1.0,16.0,100.0,100.0,100.0,100.0,100.0,100.0,100.0,100.0,100.0,100.0,100.0,100.0,100.0,100.0,100.0,100.0,2.0,45.0,45.0,1.0,1.0,4.0,80.0,244.0,0.0,0.0,8.0,0.0,252.0,4.0,0.0,0.0,0.0,85.0,122.0,5.0,144.0,1837.0,3.0,6.0,1.0,12.0,999.0,0.0,0.0,0.0,0.0,0.0,0.0,0.0,0.0,999.0,0.0,0.0,8.0,43.0,0.0,0.0,0.0,0.0,0.0,0.0,0.0,2.0,2.0,0.0,8.0,0.0,0.0,0.0,0.0,0.0,0.0,0.0,0.0,0.0,0.0,0.0,655761.0,0.0,340444200.0,34044204.0,2.02,129.0,0.0,2000.0,65.0,0.0,0.0,0.0,0.0,0.0,0.0,0.0,1.0,0.0,0.0,0.0,0.0,0.0,0.0,0.0,0.0,0.0,0.0,0.0,0.0,0.0,0.0,0.0,0.0,0.0,1.0,0.0,0.0,0.0,0.0,0.0,0.0,0.0,0.0,0.0,0.0,0.0,0.0,0.0,0.0,0.0,0.0,0.0,0.0,0.0,0.0,0.0,0.0,0.0,0.0,0.0,0.0,0.0,0.0,0.0,0.0,0.0,0.0,0.0,0.0,0.0,0.0,0.0,0.0,0.0,0.0,0.0,0.0,0.0,0.0,0.0,0.0,13.043,0.999,0.0,0.0,0.0,0.0,0.0,0.0,1.0,1.0,0.0,0.0,1000.0,0.0,0.0,0.0,0.0,0.0,0.0,
33,0.0,0.0,0.0,0.0,0.0,0.0,3.0,1.0,1.0,1.0,3.0,1.0,1.0,1.0,4.0,1275.0,3408964.0,131072.0,0.0,2.0,1537.0,1409.0,5.0,513.0,255.0,0.0,0.0,0.0,5.0,769.0,255.0,0.0,0.0,0.0,5.0,1025.0,255.0,0.0,0.0,0.0,5.0,1281.0,254.0,0.0,0.0,0.0,2.0,1644167432.0,1644167688.0,4.0,1678835984.0,1678836240.0,1678836496.0,1678836752.0,4.0,1678837008.0,1678837264.0,1678837520.0,1678837776.0,1.0,537198856.0,5.0,417.0,254.0,0.0,0.0,0.0,5.0,449.0,254.0,0.0,0.0,0.0,5.0,481.0,254.0,0.0,0.0,0.0,5.0,673.0,254.0,0.0,0.0,0.0,5.0,705.0,254.0,0.0,0.0,0.0,5.0,737.0,254.0,0.0,0.0,0.0,5.0,929.0,254.0,0.0,0.0,0.0,4.0,1342177544.0,1342177800.0,1342178056.0,1342178312.0,8.0,1342243080.0,1342243336.0,1342243592.0,1342243848.0,1342244104.0,1342244360.0,1342244616.0,1342244872.0,4.0,1342308624.0,1342308880.0,1342309136.0,1342309392.0,4.0,1342374160.0,1342374416.0,1342374672.0,1342374928.0,4.0,1342375184.0,1342375440.0,1342375696.0,1342375952.0,4.0,1342376208.0,1342376464.0,1342376720.0,1342376976.0,8.0,1342439688.0,1342439944.0,1342440200.0,1342440456.0,1342440712.0,1342440968.0,1342441224.0,1342441480.0,4.0,0.0,0.0,0.0,0.0,8.0,17.0,1.0,17.0,1.0,1.0,1.0,1.0,1.0,16.0,100.0,100.0,100.0,100.0,100.0,100.0,100.0,100.0,100.0,100.0,100.0,100.0,100.0,100.0,100.0,100.0,2.0,45.0,45.0,1.0,1.0,4.0,80.0,244.0,0.0,0.0,8.0,0.0,252.0,4.0,0.0,0.0,0.0,85.0,122.0,5.0,144.0,1837.0,3.0,6.0,1.0,12.0,999.0,0.0,0.0,0.0,0.0,0.0,0.0,0.0,0.0,999.0,0.0,0.0,8.0,43.0,0.0,0.0,0.0,0.0,0.0,0.0,0.0,2.0,2.0,0.0,8.0,0.0,0.0,0.0,0.0,0.0,0.0,0.0,0.0,0.0,0.0,0.0,655761.0,0.0,340444200.0,34044204.0,2.02,129.0,0.0,2000.0,65.0,0.0,0.0,0.0,0.0,0.0,0.0,0.0,1.0,0.0,0.0,0.0,0.0,0.0,0.0,0.0,0.0,0.0,0.0,0.0,0.0,0.0,0.0,0.0,0.0,0.0,1.0,0.0,0.0,0.0,0.0,0.0,0.0,0.0,0.0,0.0,0.0,0.0,0.0,0.0,0.0,0.0,0.0,0.0,0.0,0.0,0.0,0.0,0.0,0.0,0.0,0.0,0.0,0.0,0.0,0.0,0.0,0.0,0.0,0.0,0.0,0.0,0.0,0.0,0.0,0.0,0.0,0.0,0.0,0.0,0.0,0.0,0.0,13.043,0.999,0.0,0.0,0.0,0.0,0.0,0.0,1.0,1.0,0.0,0.0,1000.0,0.0,0.0,0.0,0.0,0.0,0.0,
38,0.0,0.0,0.0,0.0,0.0,0.0,3.0,1.0,1.0,1.0,3.0,1.0,1.0,1.0,4.0,1275.0,3408964.0,131072.0,0.0,2.0,1537.0,1409.0,5.0,513.0,255.0,0.0,0.0,0.0,5.0,769.0,255.0,0.0,0.0,0.0,5.0,1025.0,255.0,0.0,0.0,0.0,5.0,1281.0,254.0,0.0,0.0,0.0,2.0,1644167432.0,1644167688.0,4.0,1678835984.0,1678836240.0,1678836496.0,1678836752.0,4.0,1678837008.0,1678837264.0,1678837520.0,1678837776.0,1.0,537198856.0,5.0,417.0,254.0,0.0,0.0,0.0,5.0,449.0,254.0,0.0,0.0,0.0,5.0,481.0,254.0,0.0,0.0,0.0,5.0,673.0,254.0,0.0,0.0,0.0,5.0,705.0,254.0,0.0,0.0,0.0,5.0,737.0,254.0,0.0,0.0,0.0,5.0,929.0,254.0,0.0,0.0,0.0,4.0,1342177544.0,1342177800.0,1342178056.0,1342178312.0,8.0,1342243080.0,1342243336.0,1342243592.0,1342243848.0,1342244104.0,1342244360.0,1342244616.0,1342244872.0,4.0,1342308624.0,1342308880.0,1342309136.0,1342309392.0,4.0,1342374160.0,1342374416.0,1342374672.0,1342374928.0,4.0,1342375184.0,1342375440.0,1342375696.0,1342375952.0,4.0,1342376208.0,1342376464.0,1342376720.0,1342376976.0,8.0,1342439688.0,1342439944.0,1342440200.0,1342440456.0,1342440712.0,1342440968.0,1342441224.0,1342441480.0,4.0,0.0,0.0,0.0,0.0,8.0,17.0,1.0,17.0,1.0,1.0,1.0,1.0,1.0,16.0,100.0,100.0,100.0,100.0,100.0,100.0,100.0,100.0,100.0,100.0,100.0,100.0,100.0,100.0,100.0,100.0,2.0,45.0,45.0,1.0,1.0,4.0,80.0,244.0,0.0,0.0,8.0,0.0,252.0,4.0,0.0,0.0,0.0,85.0,122.0,5.0,144.0,1842.0,3.0,6.0,1.0,12.0,1521.0,0.0,0.0,0.0,0.0,0.0,0.0,0.0,0.0,1521.0,0.0,0.0,8.0,43.0,0.0,0.0,0.0,0.0,0.0,0.0,0.0,2.0,2.0,0.0,8.0,0.0,0.0,0.0,0.0,0.0,0.0,0.0,0.0,0.0,0.0,0.0,655761.0,0.0,340444200.0,34044204.0,2.02,129.0,0.0,2000.0,65.0,0.0,0.0,0.0,0.0,0.0,0.0,0.0,1.0,0.0,0.0,0.0,0.0,0.0,0.0,0.0,0.0,0.0,0.0,0.0,0.0,0.0,0.0,0.0,0.0,0.0,1.0,0.0,0.0,0.0,0.0,0.0,0.0,0.0,0.0,0.0,0.0,0.0,0.0,0.0,0.0,0.0,0.0,0.0,0.0,0.0,0.0,0.0,0.0,0.0,0.0,0.0,0.0,0.0,0.0,0.0,0.0,0.0,0.0,0.0,0.0,0.0,0.0,0.0,0.0,0.0,0.0,0.0,0.0,0.0,0.0,0.0,0.0,12.355,1.499,0.0,0.0,0.0,0.0,0.0,0.0,1.0,1.0,0.0,0.0,1500.0,0.0,0.0,0.0,0.0,0.0,0.0,
39,0.0,0.0,0.0,0.0,0.0,0.0,3.0,1.0,1.0,1.0,3.0,1.0,1.0,1.0,4.0,1275.0,3408964.0,131072.0,0.0,2.0,1537.0,1409.0,5.0,513.0,255.0,0.0,0.0,0.0,5.0,769.0,255.0,0.0,0.0,0.0,5.0,1025.0,255.0,0.0,0.0,0.0,5.0,1281.0,254.0,0.0,0.0,0.0,2.0,1644167432.0,1644167688.0,4.0,1678835984.0,1678836240.0,1678836496.0,1678836752.0,4.0,1678837008.0,1678837264.0,1678837520.0,1678837776.0,1.0,537198856.0,5.0,417.0,254.0,0.0,0.0,0.0,5.0,449.0,254.0,0.0,0.0,0.0,5.0,481.0,254.0,0.0,0.0,0.0,5.0,673.0,254.0,0.0,0.0,0.0,5.0,705.0,254.0,0.0,0.0,0.0,5.0,737.0,254.0,0.0,0.0,0.0,5.0,929.0,254.0,0.0,0.0,0.0,4.0,1342177544.0,1342177800.0,1342178056.0,1342178312.0,8.0,1342243080.0,1342243336.0,1342243592.0,1342243848.0,1342244104.0,1342244360.0,1342244616.0,1342244872.0,4.0,1342308624.0,1342308880.0,1342309136.0,1342309392.0,4.0,1342374160.0,1342374416.0,1342374672.0,1342374928.0,4.0,1342375184.0,1342375440.0,1342375696.0,1342375952.0,4.0,1342376208.0,1342376464.0,1342376720.0,1342376976.0,8.0,1342439688.0,1342439944.0,1342440200.0,1342440456.0,1342440712.0,1342440968.0,1342441224.0,1342441480.0,4.0,0.0,0.0,0.0,0.0,8.0,17.0,1.0,17.0,1.0,1.0,1.0,1.0,1.0,16.0,100.0,100.0,100.0,100.0,100.0,100.0,100.0,100.0,100.0,100.0,100.0,100.0,100.0,100.0,100.0,100.0,2.0,45.0,45.0,1.0,1.0,4.0,80.0,244.0,0.0,0.0,8.0,0.0,252.0,4.0,0.0,0.0,0.0,85.0,122.0,5.0,144.0,1842.0,3.0,6.0,1.0,12.0,1521.0,0.0,0.0,0.0,0.0,0.0,0.0,0.0,0.0,1521.0,0.0,0.0,8.0,43.0,0.0,0.0,0.0,0.0,0.0,0.0,0.0,2.0,2.0,0.0,8.0,0.0,0.0,0.0,0.0,0.0,0.0,0.0,0.0,0.0,0.0,0.0,655761.0,0.0,340444200.0,34044204.0,2.02,129.0,0.0,2000.0,65.0,0.0,0.0,0.0,0.0,0.0,0.0,0.0,1.0,0.0,0.0,0.0,0.0,0.0,0.0,0.0,0.0,0.0,0.0,0.0,0.0,0.0,0.0,0.0,0.0,0.0,1.0,0.0,0.0,0.0,0.0,0.0,0.0,0.0,0.0,0.0,0.0,0.0,0.0,0.0,0.0,0.0,0.0,0.0,0.0,0.0,0.0,0.0,0.0,0.0,0.0,0.0,0.0,0.0,0.0,0.0,0.0,0.0,0.0,0.0,0.0,0.0,0.0,0.0,0.0,0.0,0.0,0.0,0.0,0.0,0.0,0.0,0.0,12.356,1.499,0.0,0.0,0.0,0.0,0.0,0.0,1.0,1.0,0.0,0.0,1500.0,0.0,0.0,0.0,0.0,0.0,0.0,
40,0.0,0.0,0.0,0.0,0.0,0.0,3.0,1.0,1.0,1.0,3.0,1.0,1.0,1.0,4.0,1275.0,3408964.0,131072.0,0.0,2.0,1537.0,1409.0,5.0,513.0,255.0,0.0,0.0,0.0,5.0,769.0,255.0,0.0,0.0,0.0,5.0,1025.0,255.0,0.0,0.0,0.0,5.0,1281.0,254.0,0.0,0.0,0.0,2.0,1644167432.0,1644167688.0,4.0,1678835984.0,1678836240.0,1678836496.0,1678836752.0,4.0,1678837008.0,1678837264.0,1678837520.0,1678837776.0,1.0,537198856.0,5.0,417.0,254.0,0.0,0.0,0.0,5.0,449.0,254.0,0.0,0.0,0.0,5.0,481.0,254.0,0.0,0.0,0.0,5.0,673.0,254.0,0.0,0.0,0.0,5.0,705.0,254.0,0.0,0.0,0.0,5.0,737.0,254.0,0.0,0.0,0.0,5.0,929.0,254.0,0.0,0.0,0.0,4.0,1342177544.0,1342177800.0,1342178056.0,1342178312.0,8.0,1342243080.0,1342243336.0,1342243592.0,1342243848.0,1342244104.0,1342244360.0,1342244616.0,1342244872.0,4.0,1342308624.0,1342308880.0,1342309136.0,1342309392.0,4.0,1342374160.0,1342374416.0,1342374672.0,1342374928.0,4.0,1342375184.0,1342375440.0,1342375696.0,1342375952.0,4.0,1342376208.0,1342376464.0,1342376720.0,1342376976.0,8.0,1342439688.0,1342439944.0,1342440200.0,1342440456.0,1342440712.0,1342440968.0,1342441224.0,1342441480.0,4.0,0.0,0.0,0.0,0.0,8.0,17.0,1.0,17.0,1.0,1.0,1.0,1.0,1.0,16.0,100.0,100.0,100.0,100.0,100.0,100.0,100.0,100.0,100.0,100.0,100.0,100.0,100.0,100.0,100.0,100.0,2.0,45.0,45.0,1.0,1.0,4.0,80.0,244.0,0.0,0.0,8.0,0.0,252.0,4.0,0.0,0.0,0.0,85.0,122.0,5.0,144.0,1842.0,3.0,6.0,1.0,12.0,1521.0,0.0,0.0,0.0,0.0,0.0,0.0,0.0,0.0,1521.0,0.0,0.0,8.0,43.0,0.0,0.0,0.0,0.0,0.0,0.0,0.0,2.0,2.0,0.0,8.0,0.0,0.0,0.0,0.0,0.0,0.0,0.0,0.0,0.0,0.0,0.0,655761.0,0.0,340444200.0,34044204.0,2.02,129.0,0.0,2000.0,65.0,0.0,0.0,0.0,0.0,0.0,0.0,0.0,1.0,0.0,0.0,0.0,0.0,0.0,0.0,0.0,0.0,0.0,0.0,0.0,0.0,0.0,0.0,0.0,0.0,0.0,1.0,0.0,0.0,0.0,0.0,0.0,0.0,0.0,0.0,0.0,0.0,0.0,0.0,0.0,0.0,0.0,0.0,0.0,0.0,0.0,0.0,0.0,0.0,0.0,0.0,0.0,0.0,0.0,0.0,0.0,0.0,0.0,0.0,0.0,0.0,0.0,0.0,0.0,0.0,0.0,0.0,0.0,0.0,0.0,0.0,0.0,0.0,12.356,1.499,0.0,0.0,0.0,0.0,0.0,0.0,1.0,1.0,0.0,0.0,1500.0,0.0,0.0,0.0,0.0,0.0,0.0,
45,0.0,0.0,0.0,0.0,0.0,0.0,3.0,1.0,1.0,1.0,3.0,1.0,1.0,1.0,4.0,1275.0,3408964.0,131072.0,0.0,2.0,1537.0,1409.0,5.0,513.0,255.0,0.0,0.0,0.0,5.0,769.0,255.0,0.0,0.0,0.0,5.0,1025.0,255.0,0.0,0.0,0.0,5.0,1281.0,254.0,0.0,0.0,0.0,2.0,1644167432.0,1644167688.0,4.0,1678835984.0,1678836240.0,1678836496.0,1678836752.0,4.0,1678837008.0,1678837264.0,1678837520.0,1678837776.0,1.0,537198856.0,5.0,417.0,254.0,0.0,0.0,0.0,5.0,449.0,254.0,0.0,0.0,0.0,5.0,481.0,254.0,0.0,0.0,0.0,5.0,673.0,254.0,0.0,0.0,0.0,5.0,705.0,254.0,0.0,0.0,0.0,5.0,737.0,254.0,0.0,0.0,0.0,5.0,929.0,254.0,0.0,0.0,0.0,4.0,1342177544.0,1342177800.0,1342178056.0,1342178312.0,8.0,1342243080.0,1342243336.0,1342243592.0,1342243848.0,1342244104.0,1342244360.0,1342244616.0,1342244872.0,4.0,1342308624.0,1342308880.0,1342309136.0,1342309392.0,4.0,1342374160.0,1342374416.0,1342374672.0,1342374928.0,4.0,1342375184.0,1342375440.0,1342375696.0,1342375952.0,4.0,1342376208.0,1342376464.0,1342376720.0,1342376976.0,8.0,1342439688.0,1342439944.0,1342440200.0,1342440456.0,1342440712.0,1342440968.0,1342441224.0,1342441480.0,4.0,0.0,0.0,0.0,0.0,8.0,17.0,1.0,17.0,1.0,1.0,1.0,1.0,1.0,16.0,100.0,100.0,100.0,100.0,100.0,100.0,100.0,100.0,100.0,100.0,100.0,100.0,100.0,100.0,100.0,100.0,2.0,45.0,45.0,1.0,1.0,4.0,80.0,244.0,0.0,0.0,8.0,0.0,252.0,4.0,0.0,0.0,0.0,85.0,122.0,5.0,144.0,1837.0,3.0,6.0,1.0,12.0,2046.0,0.0,0.0,0.0,0.0,0.0,0.0,0.0,0.0,2046.0,0.0,0.0,8.0,43.0,0.0,0.0,0.0,0.0,0.0,0.0,0.0,2.0,2.0,0.0,8.0,0.0,0.0,0.0,0.0,0.0,0.0,0.0,0.0,0.0,0.0,0.0,655761.0,0.0,340444200.0,34044204.0,2.02,129.0,0.0,2000.0,65.0,0.0,0.0,0.0,0.0,0.0,0.0,0.0,1.0,0.0,0.0,0.0,0.0,0.0,0.0,0.0,0.0,0.0,0.0,0.0,0.0,0.0,0.0,0.0,0.0,0.0,1.0,0.0,0.0,0.0,0.0,0.0,0.0,0.0,0.0,0.0,0.0,0.0,0.0,0.0,0.0,0.0,0.0,0.0,0.0,0.0,0.0,0.0,0.0,0.0,0.0,0.0,0.0,0.0,0.0,0.0,0.0,0.0,0.0,0.0,0.0,0.0,0.0,0.0,0.0,0.0,0.0,0.0,0.0,0.0,0.0,0.0,0.0,11.667,1.999,0.0,0.0,0.0,0.0,0.0,0.0,1.0,1.0,0.0,0.0,2000.0,0.0,0.0,0.0,0.0,0.0,0.0,
46,0.0,0.0,0.0,0.0,0.0,0.0,3.0,1.0,1.0,1.0,3.0,1.0,1.0,1.0,4.0,1275.0,3408964.0,131072.0,0.0,2.0,1537.0,1409.0,5.0,513.0,255.0,0.0,0.0,0.0,5.0,769.0,255.0,0.0,0.0,0.0,5.0,1025.0,255.0,0.0,0.0,0.0,5.0,1281.0,254.0,0.0,0.0,0.0,2.0,1644167432.0,1644167688.0,4.0,1678835984.0,1678836240.0,1678836496.0,1678836752.0,4.0,1678837008.0,1678837264.0,1678837520.0,1678837776.0,1.0,537198856.0,5.0,417.0,254.0,0.0,0.0,0.0,5.0,449.0,254.0,0.0,0.0,0.0,5.0,481.0,254.0,0.0,0.0,0.0,5.0,673.0,254.0,0.0,0.0,0.0,5.0,705.0,254.0,0.0,0.0,0.0,5.0,737.0,254.0,0.0,0.0,0.0,5.0,929.0,254.0,0.0,0.0,0.0,4.0,1342177544.0,1342177800.0,1342178056.0,1342178312.0,8.0,1342243080.0,1342243336.0,1342243592.0,1342243848.0,1342244104.0,1342244360.0,1342244616.0,1342244872.0,4.0,1342308624.0,1342308880.0,1342309136.0,1342309392.0,4.0,1342374160.0,1342374416.0,1342374672.0,1342374928.0,4.0,1342375184.0,1342375440.0,1342375696.0,1342375952.0,4.0,1342376208.0,1342376464.0,1342376720.0,1342376976.0,8.0,1342439688.0,1342439944.0,1342440200.0,1342440456.0,1342440712.0,1342440968.0,1342441224.0,1342441480.0,4.0,0.0,0.0,0.0,0.0,8.0,17.0,1.0,17.0,1.0,1.0,1.0,1.0,1.0,16.0,100.0,100.0,100.0,100.0,100.0,100.0,100.0,100.0,100.0,100.0,100.0,100.0,100.0,100.0,100.0,100.0,2.0,45.0,45.0,1.0,1.0,4.0,80.0,244.0,0.0,0.0,8.0,0.0,252.0,4.0,0.0,0.0,0.0,85.0,122.0,5.0,144.0,1842.0,3.0,6.0,1.0,12.0,2046.0,0.0,0.0,0.0,0.0,0.0,0.0,0.0,0.0,2046.0,0.0,0.0,8.0,43.0,0.0,0.0,0.0,0.0,0.0,0.0,0.0,2.0,2.0,0.0,8.0,0.0,0.0,0.0,0.0,0.0,0.0,0.0,0.0,0.0,0.0,0.0,655761.0,0.0,340444200.0,34044204.0,2.02,129.0,0.0,2000.0,65.0,0.0,0.0,0.0,0.0,0.0,0.0,0.0,1.0,0.0,0.0,0.0,0.0,0.0,0.0,0.0,0.0,0.0,0.0,0.0,0.0,0.0,0.0,0.0,0.0,0.0,1.0,0.0,0.0,0.0,0.0,0.0,0.0,0.0,0.0,0.0,0.0,0.0,0.0,0.0,0.0,0.0,0.0,0.0,0.0,0.0,0.0,0.0,0.0,0.0,0.0,0.0,0.0,0.0,0.0,0.0,0.0,0.0,0.0,0.0,0.0,0.0,0.0,0.0,0.0,0.0,0.0,0.0,0.0,0.0,0.0,0.0,0.0,11.668,1.999,0.0,0.0,0.0,0.0,0.0,0.0,1.0,1.0,0.0,0.0,2000.0,0.0,0.0,0.0,0.0,0.0,0.0,
47,0.0,0.0,0.0,0.0,0.0,0.0,3.0,1.0,1.0,1.0,3.0,1.0,1.0,1.0,4.0,1275.0,3408964.0,131072.0,0.0,2.0,1537.0,1409.0,5.0,513.0,255.0,0.0,0.0,0.0,5.0,769.0,255.0,0.0,0.0,0.0,5.0,1025.0,255.0,0.0,0.0,0.0,5.0,1281.0,254.0,0.0,0.0,0.0,2.0,1644167432.0,1644167688.0,4.0,1678835984.0,1678836240.0,1678836496.0,1678836752.0,4.0,1678837008.0,1678837264.0,1678837520.0,1678837776.0,1.0,537198856.0,5.0,417.0,254.0,0.0,0.0,0.0,5.0,449.0,254.0,0.0,0.0,0.0,5.0,481.0,254.0,0.0,0.0,0.0,5.0,673.0,254.0,0.0,0.0,0.0,5.0,705.0,254.0,0.0,0.0,0.0,5.0,737.0,254.0,0.0,0.0,0.0,5.0,929.0,254.0,0.0,0.0,0.0,4.0,1342177544.0,1342177800.0,1342178056.0,1342178312.0,8.0,1342243080.0,1342243336.0,1342243592.0,1342243848.0,1342244104.0,1342244360.0,1342244616.0,1342244872.0,4.0,1342308624.0,1342308880.0,1342309136.0,1342309392.0,4.0,1342374160.0,1342374416.0,1342374672.0,1342374928.0,4.0,1342375184.0,1342375440.0,1342375696.0,1342375952.0,4.0,1342376208.0,1342376464.0,1342376720.0,1342376976.0,8.0,1342439688.0,1342439944.0,1342440200.0,1342440456.0,1342440712.0,1342440968.0,1342441224.0,1342441480.0,4.0,0.0,0.0,0.0,0.0,8.0,17.0,1.0,17.0,1.0,1.0,1.0,1.0,1.0,16.0,100.0,100.0,100.0,100.0,100.0,100.0,100.0,100.0,100.0,100.0,100.0,100.0,100.0,100.0,100.0,100.0,2.0,45.0,45.0,1.0,1.0,4.0,80.0,244.0,0.0,0.0,8.0,0.0,252.0,4.0,0.0,0.0,0.0,85.0,122.0,5.0,144.0,1842.0,3.0,6.0,1.0,12.0,2046.0,0.0,0.0,0.0,0.0,0.0,0.0,0.0,0.0,2046.0,0.0,0.0,8.0,43.0,0.0,0.0,0.0,0.0,0.0,0.0,0.0,2.0,2.0,0.0,8.0,0.0,0.0,0.0,0.0,0.0,0.0,0.0,0.0,0.0,0.0,0.0,655761.0,0.0,340444200.0,34044204.0,2.02,129.0,0.0,2000.0,65.0,0.0,0.0,0.0,0.0,0.0,0.0,0.0,1.0,0.0,0.0,0.0,0.0,0.0,0.0,0.0,0.0,0.0,0.0,0.0,0.0,0.0,0.0,0.0,0.0,0.0,1.0,0.0,0.0,0.0,0.0,0.0,0.0,0.0,0.0,0.0,0.0,0.0,0.0,0.0,0.0,0.0,0.0,0.0,0.0,0.0,0.0,0.0,0.0,0.0,0.0,0.0,0.0,0.0,0.0,0.0,0.0,0.0,0.0,0.0,0.0,0.0,0.0,0.0,0.0,0.0,0.0,0.0,0.0,0.0,0.0,0.0,0.0,11.668,1.999,0.0,0.0,0.0,0.0,0.0,0.0,1.0,1.0,0.0,0.0,2000.0,0.0,0.0,0.0,0.0,0.0,0.0,
52,0.0,0.0,0.0,0.0,0.0,0.0,3.0,1.0,1.0,1.0,3.0,1.0,1.0,1.0,4.0,1275.0,3408964.0,131072.0,0.0,2.0,1537.0,1409.0,5.0,513.0,255.0,0.0,0.0,0.0,5.0,769.0,255.0,0.0,0.0,0.0,5.0,1025.0,255.0,0.0,0.0,0.0,5.0,1281.0,254.0,0.0,0.0,0.0,2.0,1644167432.0,1644167688.0,4.0,1678835984.0,1678836240.0,1678836496.0,1678836752.0,4.0,1678837008.0,1678837264.0,1678837520.0,1678837776.0,1.0,537198856.0,5.0,417.0,254.0,0.0,0.0,0.0,5.0,449.0,254.0,0.0,0.0,0.0,5.0,481.0,254.0,0.0,0.0,0.0,5.0,673.0,254.0,0.0,0.0,0.0,5.0,705.0,254.0,0.0,0.0,0.0,5.0,737.0,254.0,0.0,0.0,0.0,5.0,929.0,254.0,0.0,0.0,0.0,4.0,1342177544.0,1342177800.0,1342178056.0,1342178312.0,8.0,1342243080.0,1342243336.0,1342243592.0,1342243848.0,1342244104.0,1342244360.0,1342244616.0,1342244872.0,4.0,1342308624.0,1342308880.0,1342309136.0,1342309392.0,4.0,1342374160.0,1342374416.0,1342374672.0,1342374928.0,4.0,1342375184.0,1342375440.0,1342375696.0,1342375952.0,4.0,1342376208.0,1342376464.0,1342376720.0,1342376976.0,8.0,1342439688.0,1342439944.0,1342440200.0,1342440456.0,1342440712.0,1342440968.0,1342441224.0,1342441480.0,4.0,0.0,0.0,0.0,0.0,8.0,17.0,1.0,17.0,1.0,1.0,1.0,1.0,1.0,16.0,100.0,100.0,100.0,100.0,100.0,100.0,100.0,100.0,100.0,100.0,100.0,100.0,100.0,100.0,100.0,100.0,2.0,45.0,45.0,1.0,1.0,4.0,80.0,244.0,0.0,0.0,8.0,0.0,252.0,4.0,0.0,0.0,0.0,85.0,122.0,5.0,143.0,1837.0,3.0,6.0,1.0,12.0,2572.0,0.0,0.0,0.0,0.0,0.0,0.0,0.0,0.0,2572.0,0.0,0.0,8.0,43.0,0.0,0.0,0.0,0.0,0.0,0.0,0.0,2.0,2.0,0.0,8.0,0.0,0.0,0.0,0.0,0.0,0.0,0.0,0.0,0.0,0.0,0.0,655761.0,0.0,340444200.0,34044204.0,2.02,129.0,0.0,2000.0,65.0,0.0,0.0,0.0,0.0,0.0,0.0,0.0,1.0,0.0,0.0,0.0,0.0,0.0,0.0,0.0,0.0,0.0,0.0,0.0,0.0,0.0,0.0,0.0,0.0,0.0,1.0,0.0,0.0,0.0,0.0,0.0,0.0,0.0,0.0,0.0,0.0,0.0,0.0,0.0,0.0,0.0,0.0,0.0,0.0,0.0,0.0,0.0,0.0,0.0,0.0,0.0,0.0,0.0,0.0,0.0,0.0,0.0,0.0,0.0,0.0,0.0,0.0,0.0,0.0,0.0,0.0,0.0,0.0,0.0,0.0,0.0,0.0,10.975,2.499,0.0,0.0,0.0,0.0,0.0,0.0,1.0,1.0,0.0,0.0,2500.0,0.0,0.0,0.0,0.0,0.0,0.0,
53,0.0,0.0,0.0,0.0,0.0,0.0,3.0,1.0,1.0,1.0,3.0,1.0,1.0,1.0,4.0,1275.0,3408964.0,131072.0,0.0,2.0,1537.0,1409.0,5.0,513.0,255.0,0.0,0.0,0.0,5.0,769.0,255.0,0.0,0.0,0.0,5.0,1025.0,255.0,0.0,0.0,0.0,5.0,1281.0,254.0,0.0,0.0,0.0,2.0,1644167432.0,1644167688.0,4.0,1678835984.0,1678836240.0,1678836496.0,1678836752.0,4.0,1678837008.0,1678837264.0,1678837520.0,1678837776.0,1.0,537198856.0,5.0,417.0,254.0,0.0,0.0,0.0,5.0,449.0,254.0,0.0,0.0,0.0,5.0,481.0,254.0,0.0,0.0,0.0,5.0,673.0,254.0,0.0,0.0,0.0,5.0,705.0,254.0,0.0,0.0,0.0,5.0,737.0,254.0,0.0,0.0,0.0,5.0,929.0,254.0,0.0,0.0,0.0,4.0,1342177544.0,1342177800.0,1342178056.0,1342178312.0,8.0,1342243080.0,1342243336.0,1342243592.0,1342243848.0,1342244104.0,1342244360.0,1342244616.0,1342244872.0,4.0,1342308624.0,1342308880.0,1342309136.0,1342309392.0,4.0,1342374160.0,1342374416.0,1342374672.0,1342374928.0,4.0,1342375184.0,1342375440.0,1342375696.0,1342375952.0,4.0,1342376208.0,1342376464.0,1342376720.0,1342376976.0,8.0,1342439688.0,1342439944.0,1342440200.0,1342440456.0,1342440712.0,1342440968.0,1342441224.0,1342441480.0,4.0,0.0,0.0,0.0,0.0,8.0,17.0,1.0,17.0,1.0,1.0,1.0,1.0,1.0,16.0,100.0,100.0,100.0,100.0,100.0,100.0,100.0,100.0,100.0,100.0,100.0,100.0,100.0,100.0,100.0,100.0,2.0,45.0,45.0,1.0,1.0,4.0,80.0,244.0,0.0,0.0,8.0,0.0,252.0,4.0,0.0,0.0,0.0,85.0,122.0,5.0,143.0,1837.0,3.0,6.0,1.0,12.0,2572.0,0.0,0.0,0.0,0.0,0.0,0.0,0.0,0.0,2572.0,0.0,0.0,8.0,43.0,0.0,0.0,0.0,0.0,0.0,0.0,0.0,2.0,2.0,0.0,8.0,0.0,0.0,0.0,0.0,0.0,0.0,0.0,0.0,0.0,0.0,0.0,655761.0,0.0,340444200.0,34044204.0,2.02,129.0,0.0,2000.0,65.0,0.0,0.0,0.0,0.0,0.0,0.0,0.0,1.0,0.0,0.0,0.0,0.0,0.0,0.0,0.0,0.0,0.0,0.0,0.0,0.0,0.0,0.0,0.0,0.0,0.0,1.0,0.0,0.0,0.0,0.0,0.0,0.0,0.0,0.0,0.0,0.0,0.0,0.0,0.0,0.0,0.0,0.0,0.0,0.0,0.0,0.0,0.0,0.0,0.0,0.0,0.0,0.0,0.0,0.0,0.0,0.0,0.0,0.0,0.0,0.0,0.0,0.0,0.0,0.0,0.0,0.0,0.0,0.0,0.0,0.0,0.0,0.0,10.975,2.499,0.0,0.0,0.0,0.0,0.0,0.0,1.0,1.0,0.0,0.0,2500.0,0.0,0.0,0.0,0.0,0.0,0.0,
54,0.0,0.0,0.0,0.0,0.0,0.0,3.0,1.0,1.0,1.0,3.0,1.0,1.0,1.0,4.0,1275.0,3408964.0,131072.0,0.0,2.0,1537.0,1409.0,5.0,513.0,255.0,0.0,0.0,0.0,5.0,769.0,255.0,0.0,0.0,0.0,5.0,1025.0,255.0,0.0,0.0,0.0,5.0,1281.0,254.0,0.0,0.0,0.0,2.0,1644167432.0,1644167688.0,4.0,1678835984.0,1678836240.0,1678836496.0,1678836752.0,4.0,1678837008.0,1678837264.0,1678837520.0,1678837776.0,1.0,537198856.0,5.0,417.0,254.0,0.0,0.0,0.0,5.0,449.0,254.0,0.0,0.0,0.0,5.0,481.0,254.0,0.0,0.0,0.0,5.0,673.0,254.0,0.0,0.0,0.0,5.0,705.0,254.0,0.0,0.0,0.0,5.0,737.0,254.0,0.0,0.0,0.0,5.0,929.0,254.0,0.0,0.0,0.0,4.0,1342177544.0,1342177800.0,1342178056.0,1342178312.0,8.0,1342243080.0,1342243336.0,1342243592.0,1342243848.0,1342244104.0,1342244360.0,1342244616.0,1342244872.0,4.0,1342308624.0,1342308880.0,1342309136.0,1342309392.0,4.0,1342374160.0,1342374416.0,1342374672.0,1342374928.0,4.0,1342375184.0,1342375440.0,1342375696.0,1342375952.0,4.0,1342376208.0,1342376464.0,1342376720.0,1342376976.0,8.0,1342439688.0,1342439944.0,1342440200.0,1342440456.0,1342440712.0,1342440968.0,1342441224.0,1342441480.0,4.0,0.0,0.0,0.0,0.0,8.0,17.0,1.0,17.0,1.0,1.0,1.0,1.0,1.0,16.0,100.0,100.0,100.0,100.0,100.0,100.0,100.0,100.0,100.0,100.0,100.0,100.0,100.0,100.0,100.0,100.0,2.0,45.0,45.0,1.0,1.0,4.0,80.0,244.0,0.0,0.0,8.0,0.0,252.0,4.0,0.0,0.0,0.0,85.0,122.0,5.0,143.0,1837.0,3.0,6.0,1.0,12.0,2572.0,0.0,0.0,0.0,0.0,0.0,0.0,0.0,0.0,2572.0,0.0,0.0,8.0,43.0,0.0,0.0,0.0,0.0,0.0,0.0,0.0,2.0,2.0,0.0,8.0,0.0,0.0,0.0,0.0,0.0,0.0,0.0,0.0,0.0,0.0,0.0,655761.0,0.0,340444200.0,34044204.0,2.02,129.0,0.0,2000.0,65.0,0.0,0.0,0.0,0.0,0.0,0.0,0.0,1.0,0.0,0.0,0.0,0.0,0.0,0.0,0.0,0.0,0.0,0.0,0.0,0.0,0.0,0.0,0.0,0.0,0.0,1.0,0.0,0.0,0.0,0.0,0.0,0.0,0.0,0.0,0.0,0.0,0.0,0.0,0.0,0.0,0.0,0.0,0.0,0.0,0.0,0.0,0.0,0.0,0.0,0.0,0.0,0.0,0.0,0.0,0.0,0.0,0.0,0.0,0.0,0.0,0.0,0.0,0.0,0.0,0.0,0.0,0.0,0.0,0.0,0.0,0.0,0.0,10.975,2.499,0.0,0.0,0.0,0.0,0.0,0.0,1.0,1.0,0.0,0.0,2500.0,0.0,0.0,0.0,0.0,0.0,0.0,
59,0.0,0.0,0.0,0.0,0.0,0.0,3.0,1.0,1.0,1.0,3.0,1.0,1.0,1.0,4.0,1275.0,3408964.0,131072.0,0.0,2.0,1537.0,1409.0,5.0,513.0,255.0,0.0,0.0,0.0,5.0,769.0,255.0,0.0,0.0,0.0,5.0,1025.0,255.0,0.0,0.0,0.0,5.0,1281.0,254.0,0.0,0.0,0.0,2.0,1644167432.0,1644167688.0,4.0,1678835984.0,1678836240.0,1678836496.0,1678836752.0,4.0,1678837008.0,1678837264.0,1678837520.0,1678837776.0,1.0,537198856.0,5.0,417.0,254.0,0.0,0.0,0.0,5.0,449.0,254.0,0.0,0.0,0.0,5.0,481.0,254.0,0.0,0.0,0.0,5.0,673.0,254.0,0.0,0.0,0.0,5.0,705.0,254.0,0.0,0.0,0.0,5.0,737.0,254.0,0.0,0.0,0.0,5.0,929.0,254.0,0.0,0.0,0.0,4.0,1342177544.0,1342177800.0,1342178056.0,1342178312.0,8.0,1342243080.0,1342243336.0,1342243592.0,1342243848.0,1342244104.0,1342244360.0,1342244616.0,1342244872.0,4.0,1342308624.0,1342308880.0,1342309136.0,1342309392.0,4.0,1342374160.0,1342374416.0,1342374672.0,1342374928.0,4.0,1342375184.0,1342375440.0,1342375696.0,1342375952.0,4.0,1342376208.0,1342376464.0,1342376720.0,1342376976.0,8.0,1342439688.0,1342439944.0,1342440200.0,1342440456.0,1342440712.0,1342440968.0,1342441224.0,1342441480.0,4.0,0.0,0.0,0.0,0.0,8.0,17.0,1.0,17.0,1.0,1.0,1.0,1.0,1.0,16.0,100.0,100.0,100.0,100.0,100.0,100.0,100.0,100.0,100.0,100.0,100.0,100.0,100.0,100.0,100.0,100.0,2.0,45.0,45.0,1.0,1.0,4.0,80.0,244.0,0.0,0.0,8.0,0.0,252.0,4.0,0.0,0.0,0.0,85.0,122.0,5.0,143.0,1837.0,3.0,6.0,1.0,12.0,3094.0,0.0,0.0,0.0,0.0,0.0,0.0,0.0,0.0,3094.0,0.0,0.0,8.0,43.0,0.0,0.0,0.0,0.0,0.0,0.0,0.0,2.0,2.0,0.0,8.0,0.0,0.0,0.0,0.0,0.0,0.0,0.0,0.0,0.0,0.0,0.0,655761.0,0.0,340444200.0,34044204.0,2.02,129.0,0.0,2000.0,65.0,0.0,0.0,0.0,0.0,0.0,0.0,0.0,1.0,0.0,0.0,0.0,0.0,0.0,0.0,0.0,0.0,0.0,0.0,0.0,0.0,0.0,0.0,0.0,0.0,0.0,1.0,0.0,0.0,0.0,0.0,0.0,0.0,0.0,0.0,0.0,0.0,0.0,0.0,0.0,0.0,0.0,0.0,0.0,0.0,0.0,0.0,0.0,0.0,0.0,0.0,0.0,0.0,0.0,0.0,0.0,0.0,0.0,0.0,0.0,0.0,0.0,0.0,0.0,0.0,0.0,0.0,0.0,0.0,0.0,0.0,0.0,0.0,10.301,2.999,0.0,0.0,0.0,0.0,0.0,0.0,1.0,1.0,0.0,0.0,3000.0,0.0,0.0,0.0,0.0,0.0,0.0,
60,0.0,0.0,0.0,0.0,0.0,0.0,3.0,1.0,1.0,1.0,3.0,1.0,1.0,1.0,4.0,1275.0,3408964.0,131072.0,0.0,2.0,1537.0,1409.0,5.0,513.0,255.0,0.0,0.0,0.0,5.0,769.0,255.0,0.0,0.0,0.0,5.0,1025.0,255.0,0.0,0.0,0.0,5.0,1281.0,254.0,0.0,0.0,0.0,2.0,1644167432.0,1644167688.0,4.0,1678835984.0,1678836240.0,1678836496.0,1678836752.0,4.0,1678837008.0,1678837264.0,1678837520.0,1678837776.0,1.0,537198856.0,5.0,417.0,254.0,0.0,0.0,0.0,5.0,449.0,254.0,0.0,0.0,0.0,5.0,481.0,254.0,0.0,0.0,0.0,5.0,673.0,254.0,0.0,0.0,0.0,5.0,705.0,254.0,0.0,0.0,0.0,5.0,737.0,254.0,0.0,0.0,0.0,5.0,929.0,254.0,0.0,0.0,0.0,4.0,1342177544.0,1342177800.0,1342178056.0,1342178312.0,8.0,1342243080.0,1342243336.0,1342243592.0,1342243848.0,1342244104.0,1342244360.0,1342244616.0,1342244872.0,4.0,1342308624.0,1342308880.0,1342309136.0,1342309392.0,4.0,1342374160.0,1342374416.0,1342374672.0,1342374928.0,4.0,1342375184.0,1342375440.0,1342375696.0,1342375952.0,4.0,1342376208.0,1342376464.0,1342376720.0,1342376976.0,8.0,1342439688.0,1342439944.0,1342440200.0,1342440456.0,1342440712.0,1342440968.0,1342441224.0,1342441480.0,4.0,0.0,0.0,0.0,0.0,8.0,17.0,1.0,17.0,1.0,1.0,1.0,1.0,1.0,16.0,100.0,100.0,100.0,100.0,100.0,100.0,100.0,100.0,100.0,100.0,100.0,100.0,100.0,100.0,100.0,100.0,2.0,45.0,45.0,1.0,1.0,4.0,80.0,244.0,0.0,0.0,8.0,0.0,252.0,4.0,0.0,0.0,0.0,85.0,122.0,5.0,143.0,1842.0,3.0,6.0,1.0,12.0,3094.0,0.0,0.0,0.0,0.0,0.0,0.0,0.0,0.0,3094.0,0.0,0.0,8.0,43.0,0.0,0.0,0.0,0.0,0.0,0.0,0.0,2.0,2.0,0.0,8.0,0.0,0.0,0.0,0.0,0.0,0.0,0.0,0.0,0.0,0.0,0.0,655761.0,0.0,340444200.0,34044204.0,2.02,129.0,0.0,2000.0,65.0,0.0,0.0,0.0,0.0,0.0,0.0,0.0,1.0,0.0,0.0,0.0,0.0,0.0,0.0,0.0,0.0,0.0,0.0,0.0,0.0,0.0,0.0,0.0,0.0,0.0,1.0,0.0,0.0,0.0,0.0,0.0,0.0,0.0,0.0,0.0,0.0,0.0,0.0,0.0,0.0,0.0,0.0,0.0,0.0,0.0,0.0,0.0,0.0,0.0,0.0,0.0,0.0,0.0,0.0,0.0,0.0,0.0,0.0,0.0,0.0,0.0,0.0,0.0,0.0,0.0,0.0,0.0,0.0,0.0,0.0,0.0,0.0,10.306,2.999,0.0,0.0,0.0,0.0,0.0,0.0,1.0,1.0,0.0,0.0,3000.0,0.0,0.0,0.0,0.0,0.0,0.0,
61,0.0,0.0,0.0,0.0,0.0,0.0,3.0,1.0,1.0,1.0,3.0,1.0,1.0,1.0,4.0,1275.0,3408964.0,131072.0,0.0,2.0,1537.0,1409.0,5.0,513.0,255.0,0.0,0.0,0.0,5.0,769.0,255.0,0.0,0.0,0.0,5.0,1025.0,255.0,0.0,0.0,0.0,5.0,1281.0,254.0,0.0,0.0,0.0,2.0,1644167432.0,1644167688.0,4.0,1678835984.0,1678836240.0,1678836496.0,1678836752.0,4.0,1678837008.0,1678837264.0,1678837520.0,1678837776.0,1.0,537198856.0,5.0,417.0,254.0,0.0,0.0,0.0,5.0,449.0,254.0,0.0,0.0,0.0,5.0,481.0,254.0,0.0,0.0,0.0,5.0,673.0,254.0,0.0,0.0,0.0,5.0,705.0,254.0,0.0,0.0,0.0,5.0,737.0,254.0,0.0,0.0,0.0,5.0,929.0,254.0,0.0,0.0,0.0,4.0,1342177544.0,1342177800.0,1342178056.0,1342178312.0,8.0,1342243080.0,1342243336.0,1342243592.0,1342243848.0,1342244104.0,1342244360.0,1342244616.0,1342244872.0,4.0,1342308624.0,1342308880.0,1342309136.0,1342309392.0,4.0,1342374160.0,1342374416.0,1342374672.0,1342374928.0,4.0,1342375184.0,1342375440.0,1342375696.0,1342375952.0,4.0,1342376208.0,1342376464.0,1342376720.0,1342376976.0,8.0,1342439688.0,1342439944.0,1342440200.0,1342440456.0,1342440712.0,1342440968.0,1342441224.0,1342441480.0,4.0,0.0,0.0,0.0,0.0,8.0,17.0,1.0,17.0,1.0,1.0,1.0,1.0,1.0,16.0,100.0,100.0,100.0,100.0,100.0,100.0,100.0,100.0,100.0,100.0,100.0,100.0,100.0,100.0,100.0,100.0,2.0,45.0,45.0,1.0,1.0,4.0,80.0,244.0,0.0,0.0,8.0,0.0,252.0,4.0,0.0,0.0,0.0,85.0,122.0,5.0,143.0,1842.0,3.0,6.0,1.0,12.0,3094.0,0.0,0.0,0.0,0.0,0.0,0.0,0.0,0.0,3094.0,0.0,0.0,8.0,43.0,0.0,0.0,0.0,0.0,0.0,0.0,0.0,2.0,2.0,0.0,8.0,0.0,0.0,0.0,0.0,0.0,0.0,0.0,0.0,0.0,0.0,0.0,655761.0,0.0,340444200.0,34044204.0,2.02,129.0,0.0,2000.0,65.0,0.0,0.0,0.0,0.0,0.0,0.0,0.0,1.0,0.0,0.0,0.0,0.0,0.0,0.0,0.0,0.0,0.0,0.0,0.0,0.0,0.0,0.0,0.0,0.0,0.0,1.0,0.0,0.0,0.0,0.0,0.0,0.0,0.0,0.0,0.0,0.0,0.0,0.0,0.0,0.0,0.0,0.0,0.0,0.0,0.0,0.0,0.0,0.0,0.0,0.0,0.0,0.0,0.0,0.0,0.0,0.0,0.0,0.0,0.0,0.0,0.0,0.0,0.0,0.0,0.0,0.0,0.0,0.0,0.0,0.0,0.0,0.0,10.306,2.999,0.0,0.0,0.0,0.0,0.0,0.0,1.0,1.0,0.0,0.0,3000.0,0.0,0.0,0.0,0.0,0.0,0.0,
66,0.0,0.0,0.0,0.0,0.0,0.0,3.0,1.0,1.0,1.0,3.0,1.0,1.0,1.0,4.0,1275.0,3408964.0,131072.0,0.0,2.0,1537.0,1409.0,5.0,513.0,255.0,0.0,0.0,0.0,5.0,769.0,255.0,0.0,0.0,0.0,5.0,1025.0,255.0,0.0,0.0,0.0,5.0,1281.0,254.0,0.0,0.0,0.0,2.0,1644167432.0,1644167688.0,4.0,1678835984.0,1678836240.0,1678836496.0,1678836752.0,4.0,1678837008.0,1678837264.0,1678837520.0,1678837776.0,1.0,537198856.0,5.0,417.0,254.0,0.0,0.0,0.0,5.0,449.0,254.0,0.0,0.0,0.0,5.0,481.0,254.0,0.0,0.0,0.0,5.0,673.0,254.0,0.0,0.0,0.0,5.0,705.0,254.0,0.0,0.0,0.0,5.0,737.0,254.0,0.0,0.0,0.0,5.0,929.0,254.0,0.0,0.0,0.0,4.0,1342177544.0,1342177800.0,1342178056.0,1342178312.0,8.0,1342243080.0,1342243336.0,1342243592.0,1342243848.0,1342244104.0,1342244360.0,1342244616.0,1342244872.0,4.0,1342308624.0,1342308880.0,1342309136.0,1342309392.0,4.0,1342374160.0,1342374416.0,1342374672.0,1342374928.0,4.0,1342375184.0,1342375440.0,1342375696.0,1342375952.0,4.0,1342376208.0,1342376464.0,1342376720.0,1342376976.0,8.0,1342439688.0,1342439944.0,1342440200.0,1342440456.0,1342440712.0,1342440968.0,1342441224.0,1342441480.0,4.0,0.0,0.0,0.0,0.0,8.0,17.0,1.0,17.0,1.0,1.0,1.0,1.0,1.0,16.0,100.0,100.0,100.0,100.0,100.0,100.0,100.0,100.0,100.0,100.0,100.0,100.0,100.0,100.0,100.0,100.0,2.0,45.0,45.0,1.0,1.0,4.0,80.0,244.0,0.0,0.0,8.0,0.0,252.0,4.0,0.0,0.0,0.0,85.0,122.0,5.0,143.0,1842.0,3.0,6.0,1.0,12.0,3619.0,0.0,0.0,0.0,0.0,0.0,0.0,0.0,0.0,3619.0,0.0,0.0,8.0,43.0,0.0,0.0,0.0,0.0,0.0,0.0,0.0,2.0,2.0,0.0,8.0,0.0,0.0,0.0,0.0,0.0,0.0,0.0,0.0,0.0,0.0,0.0,655761.0,0.0,340444200.0,34044204.0,2.02,129.0,0.0,2000.0,65.0,0.0,0.0,0.0,0.0,0.0,0.0,0.0,1.0,0.0,0.0,0.0,0.0,0.0,0.0,0.0,0.0,0.0,0.0,0.0,0.0,0.0,0.0,0.0,0.0,0.0,1.0,0.0,0.0,0.0,0.0,0.0,0.0,0.0,0.0,0.0,0.0,0.0,0.0,0.0,0.0,0.0,0.0,0.0,0.0,0.0,0.0,0.0,0.0,0.0,0.0,0.0,0.0,0.0,0.0,0.0,0.0,0.0,0.0,0.0,0.0,0.0,0.0,0.0,0.0,0.0,0.0,0.0,0.0,0.0,0.0,0.0,0.0,9.626,3.499,0.0,0.0,0.0,0.0,0.0,0.0,1.0,1.0,0.0,0.0,3500.0,0.0,0.0,0.0,0.0,0.0,0.0,
67,0.0,0.0,0.0,0.0,0.0,0.0,3.0,1.0,1.0,1.0,3.0,1.0,1.0,1.0,4.0,1275.0,3408964.0,131072.0,0.0,2.0,1537.0,1409.0,5.0,513.0,255.0,0.0,0.0,0.0,5.0,769.0,255.0,0.0,0.0,0.0,5.0,1025.0,255.0,0.0,0.0,0.0,5.0,1281.0,254.0,0.0,0.0,0.0,2.0,1644167432.0,1644167688.0,4.0,1678835984.0,1678836240.0,1678836496.0,1678836752.0,4.0,1678837008.0,1678837264.0,1678837520.0,1678837776.0,1.0,537198856.0,5.0,417.0,254.0,0.0,0.0,0.0,5.0,449.0,254.0,0.0,0.0,0.0,5.0,481.0,254.0,0.0,0.0,0.0,5.0,673.0,254.0,0.0,0.0,0.0,5.0,705.0,254.0,0.0,0.0,0.0,5.0,737.0,254.0,0.0,0.0,0.0,5.0,929.0,254.0,0.0,0.0,0.0,4.0,1342177544.0,1342177800.0,1342178056.0,1342178312.0,8.0,1342243080.0,1342243336.0,1342243592.0,1342243848.0,1342244104.0,1342244360.0,1342244616.0,1342244872.0,4.0,1342308624.0,1342308880.0,1342309136.0,1342309392.0,4.0,1342374160.0,1342374416.0,1342374672.0,1342374928.0,4.0,1342375184.0,1342375440.0,1342375696.0,1342375952.0,4.0,1342376208.0,1342376464.0,1342376720.0,1342376976.0,8.0,1342439688.0,1342439944.0,1342440200.0,1342440456.0,1342440712.0,1342440968.0,1342441224.0,1342441480.0,4.0,0.0,0.0,0.0,0.0,8.0,17.0,1.0,17.0,1.0,1.0,1.0,1.0,1.0,16.0,100.0,100.0,100.0,100.0,100.0,100.0,100.0,100.0,100.0,100.0,100.0,100.0,100.0,100.0,100.0,100.0,2.0,45.0,45.0,1.0,1.0,4.0,80.0,244.0,0.0,0.0,8.0,0.0,252.0,4.0,0.0,0.0,0.0,85.0,122.0,5.0,143.0,1842.0,3.0,6.0,1.0,12.0,3619.0,0.0,0.0,0.0,0.0,0.0,0.0,0.0,0.0,3619.0,0.0,0.0,8.0,43.0,0.0,0.0,0.0,0.0,0.0,0.0,0.0,2.0,2.0,0.0,8.0,0.0,0.0,0.0,0.0,0.0,0.0,0.0,0.0,0.0,0.0,0.0,655761.0,0.0,340444200.0,34044204.0,2.02,129.0,0.0,2000.0,65.0,0.0,0.0,0.0,0.0,0.0,0.0,0.0,1.0,0.0,0.0,0.0,0.0,0.0,0.0,0.0,0.0,0.0,0.0,0.0,0.0,0.0,0.0,0.0,0.0,0.0,1.0,0.0,0.0,0.0,0.0,0.0,0.0,0.0,0.0,0.0,0.0,0.0,0.0,0.0,0.0,0.0,0.0,0.0,0.0,0.0,0.0,0.0,0.0,0.0,0.0,0.0,0.0,0.0,0.0,0.0,0.0,0.0,0.0,0.0,0.0,0.0,0.0,0.0,0.0,0.0,0.0,0.0,0.0,0.0,0.0,0.0,0.0,9.628,3.499,0.0,0.0,0.0,0.0,0.0,0.0,1.0,1.0,0.0,0.0,3500.0,0.0,0.0,0.0,0.0,0.0,0.0,
68,0.0,0.0,0.0,0.0,0.0,0.0,3.0,1.0,1.0,1.0,3.0,1.0,1.0,1.0,4.0,1275.0,3408964.0,131072.0,0.0,2.0,1537.0,1409.0,5.0,513.0,255.0,0.0,0.0,0.0,5.0,769.0,255.0,0.0,0.0,0.0,5.0,1025.0,255.0,0.0,0.0,0.0,5.0,1281.0,254.0,0.0,0.0,0.0,2.0,1644167432.0,1644167688.0,4.0,1678835984.0,1678836240.0,1678836496.0,1678836752.0,4.0,1678837008.0,1678837264.0,1678837520.0,1678837776.0,1.0,537198856.0,5.0,417.0,254.0,0.0,0.0,0.0,5.0,449.0,254.0,0.0,0.0,0.0,5.0,481.0,254.0,0.0,0.0,0.0,5.0,673.0,254.0,0.0,0.0,0.0,5.0,705.0,254.0,0.0,0.0,0.0,5.0,737.0,254.0,0.0,0.0,0.0,5.0,929.0,254.0,0.0,0.0,0.0,4.0,1342177544.0,1342177800.0,1342178056.0,1342178312.0,8.0,1342243080.0,1342243336.0,1342243592.0,1342243848.0,1342244104.0,1342244360.0,1342244616.0,1342244872.0,4.0,1342308624.0,1342308880.0,1342309136.0,1342309392.0,4.0,1342374160.0,1342374416.0,1342374672.0,1342374928.0,4.0,1342375184.0,1342375440.0,1342375696.0,1342375952.0,4.0,1342376208.0,1342376464.0,1342376720.0,1342376976.0,8.0,1342439688.0,1342439944.0,1342440200.0,1342440456.0,1342440712.0,1342440968.0,1342441224.0,1342441480.0,4.0,0.0,0.0,0.0,0.0,8.0,17.0,1.0,17.0,1.0,1.0,1.0,1.0,1.0,16.0,100.0,100.0,100.0,100.0,100.0,100.0,100.0,100.0,100.0,100.0,100.0,100.0,100.0,100.0,100.0,100.0,2.0,45.0,45.0,1.0,1.0,4.0,80.0,244.0,0.0,0.0,8.0,0.0,252.0,4.0,0.0,0.0,0.0,85.0,122.0,5.0,143.0,1842.0,3.0,6.0,1.0,12.0,3619.0,0.0,0.0,0.0,0.0,0.0,0.0,0.0,0.0,3619.0,0.0,0.0,8.0,43.0,0.0,0.0,0.0,0.0,0.0,0.0,0.0,2.0,2.0,0.0,8.0,0.0,0.0,0.0,0.0,0.0,0.0,0.0,0.0,0.0,0.0,0.0,655761.0,0.0,340444200.0,34044204.0,2.02,129.0,0.0,2000.0,65.0,0.0,0.0,0.0,0.0,0.0,0.0,0.0,1.0,0.0,0.0,0.0,0.0,0.0,0.0,0.0,0.0,0.0,0.0,0.0,0.0,0.0,0.0,0.0,0.0,0.0,1.0,0.0,0.0,0.0,0.0,0.0,0.0,0.0,0.0,0.0,0.0,0.0,0.0,0.0,0.0,0.0,0.0,0.0,0.0,0.0,0.0,0.0,0.0,0.0,0.0,0.0,0.0,0.0,0.0,0.0,0.0,0.0,0.0,0.0,0.0,0.0,0.0,0.0,0.0,0.0,0.0,0.0,0.0,0.0,0.0,0.0,0.0,9.628,3.499,0.0,0.0,0.0,0.0,0.0,0.0,1.0,1.0,0.0,0.0,3500.0,0.0,0.0,0.0,0.0,0.0,0.0,
73,0.0,0.0,0.0,0.0,0.0,0.0,3.0,1.0,1.0,1.0,3.0,1.0,1.0,1.0,4.0,1275.0,3408964.0,131072.0,0.0,2.0,1537.0,1409.0,5.0,513.0,255.0,0.0,0.0,0.0,5.0,769.0,255.0,0.0,0.0,0.0,5.0,1025.0,255.0,0.0,0.0,0.0,5.0,1281.0,254.0,0.0,0.0,0.0,2.0,1644167432.0,1644167688.0,4.0,1678835984.0,1678836240.0,1678836496.0,1678836752.0,4.0,1678837008.0,1678837264.0,1678837520.0,1678837776.0,1.0,537198856.0,5.0,417.0,254.0,0.0,0.0,0.0,5.0,449.0,254.0,0.0,0.0,0.0,5.0,481.0,254.0,0.0,0.0,0.0,5.0,673.0,254.0,0.0,0.0,0.0,5.0,705.0,254.0,0.0,0.0,0.0,5.0,737.0,254.0,0.0,0.0,0.0,5.0,929.0,254.0,0.0,0.0,0.0,4.0,1342177544.0,1342177800.0,1342178056.0,1342178312.0,8.0,1342243080.0,1342243336.0,1342243592.0,1342243848.0,1342244104.0,1342244360.0,1342244616.0,1342244872.0,4.0,1342308624.0,1342308880.0,1342309136.0,1342309392.0,4.0,1342374160.0,1342374416.0,1342374672.0,1342374928.0,4.0,1342375184.0,1342375440.0,1342375696.0,1342375952.0,4.0,1342376208.0,1342376464.0,1342376720.0,1342376976.0,8.0,1342439688.0,1342439944.0,1342440200.0,1342440456.0,1342440712.0,1342440968.0,1342441224.0,1342441480.0,4.0,0.0,0.0,0.0,0.0,8.0,17.0,1.0,17.0,1.0,1.0,1.0,1.0,1.0,16.0,100.0,100.0,100.0,100.0,100.0,100.0,100.0,100.0,100.0,100.0,100.0,100.0,100.0,100.0,100.0,100.0,2.0,45.0,45.0,1.0,1.0,4.0,80.0,244.0,0.0,0.0,8.0,0.0,252.0,4.0,0.0,0.0,0.0,85.0,122.0,5.0,143.0,1837.0,3.0,6.0,1.0,12.0,4145.0,0.0,0.0,0.0,0.0,0.0,0.0,0.0,0.0,4145.0,0.0,0.0,8.0,43.0,0.0,0.0,0.0,0.0,0.0,0.0,0.0,2.0,2.0,0.0,8.0,0.0,0.0,0.0,0.0,0.0,0.0,0.0,0.0,0.0,0.0,0.0,655761.0,0.0,340444200.0,34044204.0,2.02,129.0,0.0,2000.0,65.0,0.0,0.0,0.0,0.0,0.0,0.0,0.0,1.0,0.0,0.0,0.0,0.0,0.0,0.0,0.0,0.0,0.0,0.0,0.0,0.0,0.0,0.0,0.0,0.0,0.0,1.0,0.0,0.0,0.0,0.0,0.0,0.0,0.0,0.0,0.0,0.0,0.0,0.0,0.0,0.0,0.0,0.0,0.0,0.0,0.0,0.0,0.0,0.0,0.0,0.0,0.0,0.0,0.0,0.0,0.0,0.0,0.0,0.0,0.0,0.0,0.0,0.0,0.0,0.0,0.0,0.0,0.0,0.0,0.0,0.0,0.0,0.0,8.953,4.001,0.0,0.0,0.0,0.0,0.0,0.0,1.0,1.0,0.0,0.0,4000.0,0.0,0.0,0.0,0.0,0.0,0.0,
74,0.0,0.0,0.0,0.0,0.0,0.0,3.0,1.0,1.0,1.0,3.0,1.0,1.0,1.0,4.0,1275.0,3408964.0,131072.0,0.0,2.0,1537.0,1409.0,5.0,513.0,255.0,0.0,0.0,0.0,5.0,769.0,255.0,0.0,0.0,0.0,5.0,1025.0,255.0,0.0,0.0,0.0,5.0,1281.0,254.0,0.0,0.0,0.0,2.0,1644167432.0,1644167688.0,4.0,1678835984.0,1678836240.0,1678836496.0,1678836752.0,4.0,1678837008.0,1678837264.0,1678837520.0,1678837776.0,1.0,537198856.0,5.0,417.0,254.0,0.0,0.0,0.0,5.0,449.0,254.0,0.0,0.0,0.0,5.0,481.0,254.0,0.0,0.0,0.0,5.0,673.0,254.0,0.0,0.0,0.0,5.0,705.0,254.0,0.0,0.0,0.0,5.0,737.0,254.0,0.0,0.0,0.0,5.0,929.0,254.0,0.0,0.0,0.0,4.0,1342177544.0,1342177800.0,1342178056.0,1342178312.0,8.0,1342243080.0,1342243336.0,1342243592.0,1342243848.0,1342244104.0,1342244360.0,1342244616.0,1342244872.0,4.0,1342308624.0,1342308880.0,1342309136.0,1342309392.0,4.0,1342374160.0,1342374416.0,1342374672.0,1342374928.0,4.0,1342375184.0,1342375440.0,1342375696.0,1342375952.0,4.0,1342376208.0,1342376464.0,1342376720.0,1342376976.0,8.0,1342439688.0,1342439944.0,1342440200.0,1342440456.0,1342440712.0,1342440968.0,1342441224.0,1342441480.0,4.0,0.0,0.0,0.0,0.0,8.0,17.0,1.0,17.0,1.0,1.0,1.0,1.0,1.0,16.0,100.0,100.0,100.0,100.0,100.0,100.0,100.0,100.0,100.0,100.0,100.0,100.0,100.0,100.0,100.0,100.0,2.0,45.0,45.0,1.0,1.0,4.0,80.0,244.0,0.0,0.0,8.0,0.0,252.0,4.0,0.0,0.0,0.0,85.0,122.0,5.0,142.0,1842.0,3.0,6.0,1.0,12.0,4145.0,0.0,0.0,0.0,0.0,0.0,0.0,0.0,0.0,4145.0,0.0,0.0,8.0,43.0,0.0,0.0,0.0,0.0,0.0,0.0,0.0,2.0,2.0,0.0,8.0,0.0,0.0,0.0,0.0,0.0,0.0,0.0,0.0,0.0,0.0,0.0,655761.0,0.0,340444200.0,34044204.0,2.02,129.0,0.0,2000.0,65.0,0.0,0.0,0.0,0.0,0.0,0.0,0.0,1.0,0.0,0.0,0.0,0.0,0.0,0.0,0.0,0.0,0.0,0.0,0.0,0.0,0.0,0.0,0.0,0.0,0.0,1.0,0.0,0.0,0.0,0.0,0.0,0.0,0.0,0.0,0.0,0.0,0.0,0.0,0.0,0.0,0.0,0.0,0.0,0.0,0.0,0.0,0.0,0.0,0.0,0.0,0.0,0.0,0.0,0.0,0.0,0.0,0.0,0.0,0.0,0.0,0.0,0.0,0.0,0.0,0.0,0.0,0.0,0.0,0.0,0.0,0.0,0.0,8.958,4.001,0.0,0.0,0.0,0.0,0.0,0.0,1.0,1.0,0.0,0.0,4000.0,0.0,0.0,0.0,0.0,0.0,0.0,
75,0.0,0.0,0.0,0.0,0.0,0.0,3.0,1.0,1.0,1.0,3.0,1.0,1.0,1.0,4.0,1275.0,3408964.0,131072.0,0.0,2.0,1537.0,1409.0,5.0,513.0,255.0,0.0,0.0,0.0,5.0,769.0,255.0,0.0,0.0,0.0,5.0,1025.0,255.0,0.0,0.0,0.0,5.0,1281.0,254.0,0.0,0.0,0.0,2.0,1644167432.0,1644167688.0,4.0,1678835984.0,1678836240.0,1678836496.0,1678836752.0,4.0,1678837008.0,1678837264.0,1678837520.0,1678837776.0,1.0,537198856.0,5.0,417.0,254.0,0.0,0.0,0.0,5.0,449.0,254.0,0.0,0.0,0.0,5.0,481.0,254.0,0.0,0.0,0.0,5.0,673.0,254.0,0.0,0.0,0.0,5.0,705.0,254.0,0.0,0.0,0.0,5.0,737.0,254.0,0.0,0.0,0.0,5.0,929.0,254.0,0.0,0.0,0.0,4.0,1342177544.0,1342177800.0,1342178056.0,1342178312.0,8.0,1342243080.0,1342243336.0,1342243592.0,1342243848.0,1342244104.0,1342244360.0,1342244616.0,1342244872.0,4.0,1342308624.0,1342308880.0,1342309136.0,1342309392.0,4.0,1342374160.0,1342374416.0,1342374672.0,1342374928.0,4.0,1342375184.0,1342375440.0,1342375696.0,1342375952.0,4.0,1342376208.0,1342376464.0,1342376720.0,1342376976.0,8.0,1342439688.0,1342439944.0,1342440200.0,1342440456.0,1342440712.0,1342440968.0,1342441224.0,1342441480.0,4.0,0.0,0.0,0.0,0.0,8.0,17.0,1.0,17.0,1.0,1.0,1.0,1.0,1.0,16.0,100.0,100.0,100.0,100.0,100.0,100.0,100.0,100.0,100.0,100.0,100.0,100.0,100.0,100.0,100.0,100.0,2.0,45.0,45.0,1.0,1.0,4.0,80.0,244.0,0.0,0.0,8.0,0.0,252.0,4.0,0.0,0.0,0.0,85.0,122.0,5.0,142.0,1842.0,3.0,6.0,1.0,12.0,4145.0,0.0,0.0,0.0,0.0,0.0,0.0,0.0,0.0,4145.0,0.0,0.0,8.0,43.0,0.0,0.0,0.0,0.0,0.0,0.0,0.0,2.0,2.0,0.0,8.0,0.0,0.0,0.0,0.0,0.0,0.0,0.0,0.0,0.0,0.0,0.0,655761.0,0.0,340444200.0,34044204.0,2.02,129.0,0.0,2000.0,65.0,0.0,0.0,0.0,0.0,0.0,0.0,0.0,1.0,0.0,0.0,0.0,0.0,0.0,0.0,0.0,0.0,0.0,0.0,0.0,0.0,0.0,0.0,0.0,0.0,0.0,1.0,0.0,0.0,0.0,0.0,0.0,0.0,0.0,0.0,0.0,0.0,0.0,0.0,0.0,0.0,0.0,0.0,0.0,0.0,0.0,0.0,0.0,0.0,0.0,0.0,0.0,0.0,0.0,0.0,0.0,0.0,0.0,0.0,0.0,0.0,0.0,0.0,0.0,0.0,0.0,0.0,0.0,0.0,0.0,0.0,0.0,0.0,8.958,4.001,0.0,0.0,0.0,0.0,0.0,0.0,1.0,1.0,0.0,0.0,4000.0,0.0,0.0,0.0,0.0,0.0,0.0,
80,0.0,0.0,0.0,0.0,0.0,0.0,3.0,1.0,1.0,1.0,3.0,1.0,1.0,1.0,4.0,1275.0,3408964.0,131072.0,0.0,2.0,1537.0,1409.0,5.0,513.0,255.0,0.0,0.0,0.0,5.0,769.0,255.0,0.0,0.0,0.0,5.0,1025.0,255.0,0.0,0.0,0.0,5.0,1281.0,254.0,0.0,0.0,0.0,2.0,1644167432.0,1644167688.0,4.0,1678835984.0,1678836240.0,1678836496.0,1678836752.0,4.0,1678837008.0,1678837264.0,1678837520.0,1678837776.0,1.0,537198856.0,5.0,417.0,254.0,0.0,0.0,0.0,5.0,449.0,254.0,0.0,0.0,0.0,5.0,481.0,254.0,0.0,0.0,0.0,5.0,673.0,254.0,0.0,0.0,0.0,5.0,705.0,254.0,0.0,0.0,0.0,5.0,737.0,254.0,0.0,0.0,0.0,5.0,929.0,254.0,0.0,0.0,0.0,4.0,1342177544.0,1342177800.0,1342178056.0,1342178312.0,8.0,1342243080.0,1342243336.0,1342243592.0,1342243848.0,1342244104.0,1342244360.0,1342244616.0,1342244872.0,4.0,1342308624.0,1342308880.0,1342309136.0,1342309392.0,4.0,1342374160.0,1342374416.0,1342374672.0,1342374928.0,4.0,1342375184.0,1342375440.0,1342375696.0,1342375952.0,4.0,1342376208.0,1342376464.0,1342376720.0,1342376976.0,8.0,1342439688.0,1342439944.0,1342440200.0,1342440456.0,1342440712.0,1342440968.0,1342441224.0,1342441480.0,4.0,0.0,0.0,0.0,0.0,8.0,17.0,1.0,17.0,1.0,1.0,1.0,1.0,1.0,16.0,100.0,100.0,100.0,100.0,100.0,100.0,100.0,100.0,100.0,100.0,100.0,100.0,100.0,100.0,100.0,100.0,2.0,45.0,45.0,1.0,1.0,4.0,80.0,245.0,1.0,0.0,8.0,0.0,252.0,8.0,0.0,0.0,0.0,85.0,122.0,5.0,145.0,1837.0,3.0,6.0,1.0,12.0,0.0,0.0,0.0,0.0,0.0,0.0,0.0,0.0,0.0,0.0,0.0,0.0,8.0,44.0,0.0,0.0,0.0,0.0,0.0,0.0,0.0,2.0,2.0,0.0,8.0,0.0,0.0,0.0,0.0,0.0,0.0,0.0,0.0,0.0,0.0,0.0,655761.0,0.0,340444200.0,34044204.0,2.02,129.0,0.0,2000.0,65.0,0.0,0.0,0.0,0.0,0.0,0.0,0.0,1.0,0.0,0.0,0.0,0.0,0.0,0.0,0.0,0.0,0.0,0.0,0.0,0.0,0.0,0.0,0.0,0.0,0.0,1.0,0.0,0.0,0.0,0.0,0.0,0.0,0.0,0.0,0.0,0.0,0.0,0.0,0.0,0.0,0.0,0.0,0.0,0.0,0.0,0.0,0.0,0.0,0.0,0.0,0.0,0.0,0.0,0.0,0.0,0.0,0.0,0.0,0.0,0.0,0.0,0.0,0.0,0.0,0.0,0.0,0.0,0.0,0.0,0.0,0.0,0.0,0.0,0.0,0.0,0.0,0.0,0.0,0.0,0.0,1.0,1.0,0.0,0.0,4500.0,0.0,0.0,0.0,0.0,0.0,0.0,
81,0.0,0.0,0.0,0.0,0.0,0.0,3.0,1.0,1.0,1.0,3.0,1.0,1.0,1.0,4.0,1275.0,3408964.0,131072.0,0.0,2.0,1537.0,1409.0,5.0,513.0,255.0,0.0,0.0,0.0,5.0,769.0,255.0,0.0,0.0,0.0,5.0,1025.0,255.0,0.0,0.0,0.0,5.0,1281.0,254.0,0.0,0.0,0.0,2.0,1644167432.0,1644167688.0,4.0,1678835984.0,1678836240.0,1678836496.0,1678836752.0,4.0,1678837008.0,1678837264.0,1678837520.0,1678837776.0,1.0,537198856.0,5.0,417.0,254.0,0.0,0.0,0.0,5.0,449.0,254.0,0.0,0.0,0.0,5.0,481.0,254.0,0.0,0.0,0.0,5.0,673.0,254.0,0.0,0.0,0.0,5.0,705.0,254.0,0.0,0.0,0.0,5.0,737.0,254.0,0.0,0.0,0.0,5.0,929.0,254.0,0.0,0.0,0.0,4.0,1342177544.0,1342177800.0,1342178056.0,1342178312.0,8.0,1342243080.0,1342243336.0,1342243592.0,1342243848.0,1342244104.0,1342244360.0,1342244616.0,1342244872.0,4.0,1342308624.0,1342308880.0,1342309136.0,1342309392.0,4.0,1342374160.0,1342374416.0,1342374672.0,1342374928.0,4.0,1342375184.0,1342375440.0,1342375696.0,1342375952.0,4.0,1342376208.0,1342376464.0,1342376720.0,1342376976.0,8.0,1342439688.0,1342439944.0,1342440200.0,1342440456.0,1342440712.0,1342440968.0,1342441224.0,1342441480.0,4.0,0.0,0.0,0.0,0.0,8.0,17.0,1.0,17.0,1.0,1.0,1.0,1.0,1.0,16.0,100.0,100.0,100.0,100.0,100.0,100.0,100.0,100.0,100.0,100.0,100.0,100.0,100.0,100.0,100.0,100.0,2.0,45.0,45.0,1.0,1.0,4.0,80.0,245.0,1.0,0.0,8.0,0.0,252.0,8.0,0.0,0.0,0.0,85.0,122.0,5.0,145.0,1842.0,3.0,6.0,1.0,12.0,0.0,0.0,0.0,0.0,0.0,0.0,0.0,0.0,0.0,0.0,0.0,0.0,8.0,44.0,0.0,0.0,0.0,0.0,0.0,0.0,0.0,2.0,2.0,0.0,8.0,0.0,0.0,0.0,0.0,0.0,0.0,0.0,0.0,0.0,0.0,0.0,655761.0,0.0,340444200.0,34044204.0,2.02,129.0,0.0,2000.0,65.0,0.0,0.0,0.0,0.0,0.0,0.0,0.0,1.0,0.0,0.0,0.0,0.0,0.0,0.0,0.0,0.0,0.0,0.0,0.0,0.0,0.0,0.0,0.0,0.0,0.0,1.0,0.0,0.0,0.0,0.0,0.0,0.0,0.0,0.0,0.0,0.0,0.0,0.0,0.0,0.0,0.0,0.0,0.0,0.0,0.0,0.0,0.0,0.0,0.0,0.0,0.0,0.0,0.0,0.0,0.0,0.0,0.0,0.0,0.0,0.0,0.0,0.0,0.0,0.0,0.0,0.0,0.0,0.0,0.0,0.0,0.0,0.0,0.0,0.0,0.0,0.0,0.0,0.0,0.0,0.0,1.0,1.0,0.0,0.0,4500.0,0.0,0.0,0.0,0.0,0.0,0.0,
82,0.0,0.0,0.0,0.0,0.0,0.0,3.0,1.0,1.0,1.0,3.0,1.0,1.0,1.0,4.0,1275.0,3408964.0,131072.0,0.0,2.0,1537.0,1409.0,5.0,513.0,255.0,0.0,0.0,0.0,5.0,769.0,255.0,0.0,0.0,0.0,5.0,1025.0,255.0,0.0,0.0,0.0,5.0,1281.0,254.0,0.0,0.0,0.0,2.0,1644167432.0,1644167688.0,4.0,1678835984.0,1678836240.0,1678836496.0,1678836752.0,4.0,1678837008.0,1678837264.0,1678837520.0,1678837776.0,1.0,537198856.0,5.0,417.0,254.0,0.0,0.0,0.0,5.0,449.0,254.0,0.0,0.0,0.0,5.0,481.0,254.0,0.0,0.0,0.0,5.0,673.0,254.0,0.0,0.0,0.0,5.0,705.0,254.0,0.0,0.0,0.0,5.0,737.0,254.0,0.0,0.0,0.0,5.0,929.0,254.0,0.0,0.0,0.0,4.0,1342177544.0,1342177800.0,1342178056.0,1342178312.0,8.0,1342243080.0,1342243336.0,1342243592.0,1342243848.0,1342244104.0,1342244360.0,1342244616.0,1342244872.0,4.0,1342308624.0,1342308880.0,1342309136.0,1342309392.0,4.0,1342374160.0,1342374416.0,1342374672.0,1342374928.0,4.0,1342375184.0,1342375440.0,1342375696.0,1342375952.0,4.0,1342376208.0,1342376464.0,1342376720.0,1342376976.0,8.0,1342439688.0,1342439944.0,1342440200.0,1342440456.0,1342440712.0,1342440968.0,1342441224.0,1342441480.0,4.0,0.0,0.0,0.0,0.0,8.0,17.0,1.0,17.0,1.0,1.0,1.0,1.0,1.0,16.0,100.0,100.0,100.0,100.0,100.0,100.0,100.0,100.0,100.0,100.0,100.0,100.0,100.0,100.0,100.0,100.0,2.0,45.0,45.0,1.0,1.0,4.0,80.0,245.0,1.0,0.0,8.0,0.0,252.0,8.0,0.0,0.0,0.0,85.0,122.0,5.0,145.0,1842.0,3.0,6.0,1.0,12.0,0.0,0.0,0.0,0.0,0.0,0.0,0.0,0.0,0.0,0.0,0.0,0.0,8.0,44.0,0.0,0.0,0.0,0.0,0.0,0.0,0.0,2.0,2.0,0.0,8.0,0.0,0.0,0.0,0.0,0.0,0.0,0.0,0.0,0.0,0.0,0.0,655761.0,0.0,340444200.0,34044204.0,2.02,129.0,0.0,2000.0,65.0,0.0,0.0,0.0,0.0,0.0,0.0,0.0,1.0,0.0,0.0,0.0,0.0,0.0,0.0,0.0,0.0,0.0,0.0,0.0,0.0,0.0,0.0,0.0,0.0,0.0,1.0,0.0,0.0,0.0,0.0,0.0,0.0,0.0,0.0,0.0,0.0,0.0,0.0,0.0,0.0,0.0,0.0,0.0,0.0,0.0,0.0,0.0,0.0,0.0,0.0,0.0,0.0,0.0,0.0,0.0,0.0,0.0,0.0,0.0,0.0,0.0,0.0,0.0,0.0,0.0,0.0,0.0,0.0,0.0,0.0,0.0,0.0,0.0,0.0,0.0,0.0,0.0,0.0,0.0,0.0,1.0,1.0,0.0,0.0,4500.0,0.0,0.0,0.0,0.0,0.0,0.0,
85,0.0,0.0,0.0,0.0,0.0,0.0,3.0,1.0,1.0,1.0,3.0,1.0,1.0,1.0,4.0,1275.0,3408964.0,131072.0,0.0,2.0,1537.0,1409.0,5.0,513.0,255.0,0.0,0.0,0.0,5.0,769.0,255.0,0.0,0.0,0.0,5.0,1025.0,255.0,0.0,0.0,0.0,5.0,1281.0,254.0,0.0,0.0,0.0,2.0,1644167432.0,1644167688.0,4.0,1678835984.0,1678836240.0,1678836496.0,1678836752.0,4.0,1678837008.0,1678837264.0,1678837520.0,1678837776.0,1.0,537198856.0,5.0,417.0,254.0,0.0,0.0,0.0,5.0,449.0,254.0,0.0,0.0,0.0,5.0,481.0,254.0,0.0,0.0,0.0,5.0,673.0,254.0,0.0,0.0,0.0,5.0,705.0,254.0,0.0,0.0,0.0,5.0,737.0,254.0,0.0,0.0,0.0,5.0,929.0,254.0,0.0,0.0,0.0,4.0,1342177544.0,1342177800.0,1342178056.0,1342178312.0,8.0,1342243080.0,1342243336.0,1342243592.0,1342243848.0,1342244104.0,1342244360.0,1342244616.0,1342244872.0,4.0,1342308624.0,1342308880.0,1342309136.0,1342309392.0,4.0,1342374160.0,1342374416.0,1342374672.0,1342374928.0,4.0,1342375184.0,1342375440.0,1342375696.0,1342375952.0,4.0,1342376208.0,1342376464.0,1342376720.0,1342376976.0,8.0,1342439688.0,1342439944.0,1342440200.0,1342440456.0,1342440712.0,1342440968.0,1342441224.0,1342441480.0,4.0,0.0,0.0,0.0,0.0,8.0,17.0,1.0,17.0,1.0,1.0,1.0,1.0,1.0,16.0,100.0,100.0,100.0,100.0,100.0,100.0,100.0,100.0,100.0,100.0,100.0,100.0,100.0,100.0,100.0,100.0,2.0,45.0,45.0,1.0,1.0,4.0,80.0,245.0,1.0,0.0,8.0,0.0,252.0,8.0,0.0,0.0,0.0,85.0,122.0,5.0,145.0,1842.0,3.0,6.0,1.0,12.0,0.0,0.0,0.0,0.0,0.0,0.0,0.0,0.0,0.0,0.0,0.0,0.0,8.0,44.0,0.0,0.0,0.0,0.0,0.0,0.0,0.0,2.0,0.0,0.0,8.0,0.0,0.0,0.0,0.0,0.0,0.0,0.0,0.0,0.0,0.0,0.0,655761.0,0.0,340444200.0,34044204.0,2.02,129.0,0.0,2000.0,65.0,0.0,0.0,0.0,0.0,0.0,0.0,0.0,1.0,0.0,0.0,0.0,0.0,0.0,0.0,0.0,0.0,0.0,0.0,0.0,0.0,0.0,0.0,0.0,0.0,0.0,0.0,0.0,0.0,0.0,0.0,0.0,0.0,0.0,0.0,0.0,0.0,0.0,0.0,0.0,0.0,0.0,0.0,0.0,0.0,0.0,0.0,0.0,0.0,0.0,0.0,0.0,0.0,0.0,0.0,0.0,0.0,0.0,0.0,0.0,0.0,0.0,0.0,0.0,0.0,0.0,0.0,0.0,0.0,0.0,0.0,0.0,0.0,0.0,0.0,0.0,0.0,0.0,0.0,0.0,0.0,1.0,1.0,0.0,0.0,4500.0,0.0,0.0,0.0,0.0,0.0,0.0,
87,0.0,0.0,0.0,0.0,0.0,0.0,3.0,1.0,1.0,1.0,3.0,1.0,1.0,1.0,4.0,1275.0,3408964.0,131072.0,0.0,2.0,1537.0,1409.0,5.0,513.0,255.0,0.0,0.0,0.0,5.0,769.0,255.0,0.0,0.0,0.0,5.0,1025.0,255.0,0.0,0.0,0.0,5.0,1281.0,254.0,0.0,0.0,0.0,2.0,1644167432.0,1644167688.0,4.0,1678835984.0,1678836240.0,1678836496.0,1678836752.0,4.0,1678837008.0,1678837264.0,1678837520.0,1678837776.0,1.0,537198856.0,5.0,417.0,254.0,0.0,0.0,0.0,5.0,449.0,254.0,0.0,0.0,0.0,5.0,481.0,254.0,0.0,0.0,0.0,5.0,673.0,254.0,0.0,0.0,0.0,5.0,705.0,254.0,0.0,0.0,0.0,5.0,737.0,254.0,0.0,0.0,0.0,5.0,929.0,254.0,0.0,0.0,0.0,4.0,1342177544.0,1342177800.0,1342178056.0,1342178312.0,8.0,1342243080.0,1342243336.0,1342243592.0,1342243848.0,1342244104.0,1342244360.0,1342244616.0,1342244872.0,4.0,1342308624.0,1342308880.0,1342309136.0,1342309392.0,4.0,1342374160.0,1342374416.0,1342374672.0,1342374928.0,4.0,1342375184.0,1342375440.0,1342375696.0,1342375952.0,4.0,1342376208.0,1342376464.0,1342376720.0,1342376976.0,8.0,1342439688.0,1342439944.0,1342440200.0,1342440456.0,1342440712.0,1342440968.0,1342441224.0,1342441480.0,4.0,0.0,0.0,0.0,0.0,8.0,17.0,1.0,17.0,1.0,1.0,1.0,1.0,1.0,16.0,100.0,100.0,100.0,100.0,100.0,100.0,100.0,100.0,100.0,100.0,100.0,100.0,100.0,100.0,100.0,100.0,2.0,45.0,45.0,1.0,1.0,4.0,80.0,245.0,1.0,0.0,8.0,0.0,252.0,8.0,0.0,0.0,0.0,85.0,122.0,5.0,145.0,1837.0,3.0,6.0,1.0,12.0,0.0,0.0,0.0,0.0,0.0,0.0,0.0,0.0,0.0,0.0,0.0,0.0,8.0,44.0,0.0,0.0,0.0,0.0,0.0,0.0,0.0,2.0,0.0,0.0,8.0,0.0,0.0,0.0,0.0,0.0,0.0,0.0,0.0,0.0,0.0,0.0,655761.0,0.0,340444200.0,34044204.0,2.02,129.0,0.0,2000.0,65.0,0.0,0.0,0.0,0.0,0.0,0.0,0.0,1.0,0.0,0.0,0.0,0.0,0.0,0.0,0.0,0.0,0.0,0.0,0.0,0.0,0.0,0.0,0.0,0.0,0.0,0.0,0.0,0.0,0.0,0.0,0.0,0.0,0.0,0.0,0.0,0.0,0.0,0.0,0.0,0.0,0.0,0.0,0.0,0.0,0.0,0.0,0.0,0.0,0.0,0.0,0.0,0.0,0.0,0.0,0.0,0.0,0.0,0.0,0.0,0.0,0.0,0.0,0.0,0.0,0.0,0.0,0.0,0.0,0.0,0.0,0.0,0.0,0.0,0.0,0.0,0.0,0.0,0.0,0.0,0.0,1.0,1.0,0.0,0.0,0.0,0.0,0.0,0.0,0.0,0.0,0.0,
95,0.0,0.0,0.0,0.0,0.0,0.0,3.0,1.0,1.0,1.0,3.0,1.0,1.0,1.0,4.0,1275.0,3408964.0,131072.0,0.0,2.0,1537.0,1409.0,5.0,513.0,255.0,0.0,0.0,0.0,5.0,769.0,255.0,0.0,0.0,0.0,5.0,1025.0,255.0,0.0,0.0,0.0,5.0,1281.0,254.0,0.0,0.0,0.0,2.0,1644167432.0,1644167688.0,4.0,1678835984.0,1678836240.0,1678836496.0,1678836752.0,4.0,1678837008.0,1678837264.0,1678837520.0,1678837776.0,1.0,537198856.0,5.0,417.0,254.0,0.0,0.0,0.0,5.0,449.0,254.0,0.0,0.0,0.0,5.0,481.0,254.0,0.0,0.0,0.0,5.0,673.0,254.0,0.0,0.0,0.0,5.0,705.0,254.0,0.0,0.0,0.0,5.0,737.0,254.0,0.0,0.0,0.0,5.0,929.0,254.0,0.0,0.0,0.0,4.0,1342177544.0,1342177800.0,1342178056.0,1342178312.0,8.0,1342243080.0,1342243336.0,1342243592.0,1342243848.0,1342244104.0,1342244360.0,1342244616.0,1342244872.0,4.0,1342308624.0,1342308880.0,1342309136.0,1342309392.0,4.0,1342374160.0,1342374416.0,1342374672.0,1342374928.0,4.0,1342375184.0,1342375440.0,1342375696.0,1342375952.0,4.0,1342376208.0,1342376464.0,1342376720.0,1342376976.0,8.0,1342439688.0,1342439944.0,1342440200.0,1342440456.0,1342440712.0,1342440968.0,1342441224.0,1342441480.0,4.0,0.0,0.0,0.0,0.0,8.0,17.0,17.0,17.0,1.0,1.0,1.0,1.0,1.0,16.0,100.0,100.0,100.0,100.0,100.0,100.0,100.0,100.0,100.0,100.0,100.0,100.0,100.0,100.0,100.0,100.0,2.0,45.0,45.0,1.0,0.0,4.0,80.0,245.0,1.0,0.0,8.0,0.0,252.0,24.0,0.0,0.0,0.0,85.0,122.0,5.0,145.0,1837.0,3.0,6.0,1.0,12.0,0.0,0.0,0.0,0.0,0.0,0.0,0.0,0.0,0.0,0.0,0.0,0.0,8.0,44.0,0.0,0.0,0.0,0.0,0.0,0.0,0.0,2.0,4.0,0.0,8.0,0.0,0.0,0.0,0.0,0.0,0.0,0.0,0.0,0.0,0.0,0.0,655761.0,0.0,340444200.0,34044204.0,2.02,129.0,0.0,2000.0,65.0,0.0,0.0,0.0,0.0,0.0,0.0,0.0,1.0,0.0,0.0,0.0,0.0,0.0,0.0,0.0,0.0,0.0,0.0,0.0,0.0,0.0,0.0,0.0,0.0,0.0,0.0,1.0,0.0,0.0,0.0,0.0,0.0,0.0,0.0,0.0,0.0,0.0,0.0,0.0,0.0,0.0,0.0,0.0,0.0,0.0,0.0,0.0,0.0,0.0,0.0,0.0,0.0,0.0,0.0,0.0,0.0,0.0,0.0,0.0,0.0,0.0,0.0,0.0,0.0,0.0,0.0,0.0,0.0,0.0,0.0,0.0,0.0,14.415,0.0,0.0,0.0,0.0,0.0,0.0,0.0,1.0,1.0,0.0,0.0,0.0,0.0,0.0,0.0,0.0,0.0,0.0,
96,0.0,0.0,0.0,0.0,0.0,0.0,3.0,1.0,1.0,1.0,3.0,1.0,1.0,1.0,4.0,1275.0,3408964.0,131072.0,0.0,2.0,1537.0,1409.0,5.0,513.0,255.0,0.0,0.0,0.0,5.0,769.0,255.0,0.0,0.0,0.0,5.0,1025.0,255.0,0.0,0.0,0.0,5.0,1281.0,254.0,0.0,0.0,0.0,2.0,1644167432.0,1644167688.0,4.0,1678835984.0,1678836240.0,1678836496.0,1678836752.0,4.0,1678837008.0,1678837264.0,1678837520.0,1678837776.0,1.0,537198856.0,5.0,417.0,254.0,0.0,0.0,0.0,5.0,449.0,254.0,0.0,0.0,0.0,5.0,481.0,254.0,0.0,0.0,0.0,5.0,673.0,254.0,0.0,0.0,0.0,5.0,705.0,254.0,0.0,0.0,0.0,5.0,737.0,254.0,0.0,0.0,0.0,5.0,929.0,254.0,0.0,0.0,0.0,4.0,1342177544.0,1342177800.0,1342178056.0,1342178312.0,8.0,1342243080.0,1342243336.0,1342243592.0,1342243848.0,1342244104.0,1342244360.0,1342244616.0,1342244872.0,4.0,1342308624.0,1342308880.0,1342309136.0,1342309392.0,4.0,1342374160.0,1342374416.0,1342374672.0,1342374928.0,4.0,1342375184.0,1342375440.0,1342375696.0,1342375952.0,4.0,1342376208.0,1342376464.0,1342376720.0,1342376976.0,8.0,1342439688.0,1342439944.0,1342440200.0,1342440456.0,1342440712.0,1342440968.0,1342441224.0,1342441480.0,4.0,0.0,0.0,0.0,0.0,8.0,17.0,17.0,17.0,1.0,1.0,1.0,1.0,1.0,16.0,100.0,100.0,100.0,100.0,100.0,100.0,100.0,100.0,100.0,100.0,100.0,100.0,100.0,100.0,100.0,100.0,2.0,45.0,45.0,1.0,0.0,4.0,80.0,245.0,1.0,0.0,8.0,0.0,252.0,24.0,0.0,0.0,0.0,85.0,122.0,5.0,145.0,1842.0,3.0,6.0,1.0,12.0,0.0,0.0,0.0,0.0,0.0,0.0,0.0,0.0,0.0,0.0,0.0,0.0,8.0,44.0,0.0,0.0,0.0,0.0,0.0,0.0,0.0,2.0,4.0,0.0,8.0,0.0,0.0,0.0,0.0,0.0,0.0,0.0,0.0,0.0,0.0,0.0,655761.0,0.0,340444200.0,34044204.0,2.02,129.0,0.0,2000.0,65.0,0.0,0.0,0.0,0.0,0.0,0.0,0.0,1.0,0.0,0.0,0.0,0.0,0.0,0.0,0.0,0.0,0.0,0.0,0.0,0.0,0.0,0.0,0.0,0.0,0.0,0.0,1.0,0.0,0.0,0.0,0.0,0.0,0.0,0.0,0.0,0.0,0.0,0.0,0.0,0.0,0.0,0.0,0.0,0.0,0.0,0.0,0.0,0.0,0.0,0.0,0.0,0.0,0.0,0.0,0.0,0.0,0.0,0.0,0.0,0.0,0.0,0.0,0.0,0.0,0.0,0.0,0.0,0.0,0.0,0.0,0.0,0.0,14.414,0.0,0.0,0.0,0.0,0.0,0.0,0.0,1.0,1.0,0.0,0.0,0.0,0.0,0.0,0.0,0.0,0.0,0.0,
97,0.0,0.0,0.0,0.0,0.0,0.0,3.0,1.0,1.0,1.0,3.0,1.0,1.0,1.0,4.0,1275.0,3408964.0,131072.0,0.0,2.0,1537.0,1409.0,5.0,513.0,255.0,0.0,0.0,0.0,5.0,769.0,255.0,0.0,0.0,0.0,5.0,1025.0,255.0,0.0,0.0,0.0,5.0,1281.0,254.0,0.0,0.0,0.0,2.0,1644167432.0,1644167688.0,4.0,1678835984.0,1678836240.0,1678836496.0,1678836752.0,4.0,1678837008.0,1678837264.0,1678837520.0,1678837776.0,1.0,537198856.0,5.0,417.0,254.0,0.0,0.0,0.0,5.0,449.0,254.0,0.0,0.0,0.0,5.0,481.0,254.0,0.0,0.0,0.0,5.0,673.0,254.0,0.0,0.0,0.0,5.0,705.0,254.0,0.0,0.0,0.0,5.0,737.0,254.0,0.0,0.0,0.0,5.0,929.0,254.0,0.0,0.0,0.0,4.0,1342177544.0,1342177800.0,1342178056.0,1342178312.0,8.0,1342243080.0,1342243336.0,1342243592.0,1342243848.0,1342244104.0,1342244360.0,1342244616.0,1342244872.0,4.0,1342308624.0,1342308880.0,1342309136.0,1342309392.0,4.0,1342374160.0,1342374416.0,1342374672.0,1342374928.0,4.0,1342375184.0,1342375440.0,1342375696.0,1342375952.0,4.0,1342376208.0,1342376464.0,1342376720.0,1342376976.0,8.0,1342439688.0,1342439944.0,1342440200.0,1342440456.0,1342440712.0,1342440968.0,1342441224.0,1342441480.0,4.0,0.0,0.0,0.0,0.0,8.0,17.0,17.0,17.0,1.0,1.0,1.0,1.0,1.0,16.0,100.0,100.0,100.0,100.0,100.0,100.0,100.0,100.0,100.0,100.0,100.0,100.0,100.0,100.0,100.0,100.0,2.0,45.0,45.0,1.0,0.0,4.0,80.0,245.0,1.0,0.0,8.0,0.0,252.0,24.0,0.0,0.0,0.0,85.0,122.0,5.0,145.0,1842.0,3.0,6.0,1.0,12.0,0.0,0.0,0.0,0.0,0.0,0.0,0.0,0.0,0.0,0.0,0.0,0.0,8.0,44.0,0.0,0.0,0.0,0.0,0.0,0.0,0.0,2.0,4.0,0.0,8.0,0.0,0.0,0.0,0.0,0.0,0.0,0.0,0.0,0.0,0.0,0.0,655761.0,0.0,340444200.0,34044204.0,2.02,129.0,0.0,2000.0,65.0,0.0,0.0,0.0,0.0,0.0,0.0,0.0,1.0,0.0,0.0,0.0,0.0,0.0,0.0,0.0,0.0,0.0,0.0,0.0,0.0,0.0,0.0,0.0,0.0,0.0,0.0,1.0,0.0,0.0,0.0,0.0,0.0,0.0,0.0,0.0,0.0,0.0,0.0,0.0,0.0,0.0,0.0,0.0,0.0,0.0,0.0,0.0,0.0,0.0,0.0,0.0,0.0,0.0,0.0,0.0,0.0,0.0,0.0,0.0,0.0,0.0,0.0,0.0,0.0,0.0,0.0,0.0,0.0,0.0,0.0,0.0,0.0,14.414,0.0,0.0,0.0,0.0,0.0,0.0,0.0,1.0,1.0,0.0,0.0,0.0,0.0,0.0,0.0,0.0,0.0,0.0,
102,0.0,0.0,0.0,0.0,0.0,0.0,3.0,1.0,1.0,1.0,3.0,1.0,1.0,1.0,4.0,1275.0,3408964.0,131072.0,0.0,2.0,1537.0,1409.0,5.0,513.0,255.0,0.0,0.0,0.0,5.0,769.0,255.0,0.0,0.0,0.0,5.0,1025.0,255.0,0.0,0.0,0.0,5.0,1281.0,254.0,0.0,0.0,0.0,2.0,1644167432.0,1644167688.0,4.0,1678835984.0,1678836240.0,1678836496.0,1678836752.0,4.0,1678837008.0,1678837264.0,1678837520.0,1678837776.0,1.0,537198856.0,5.0,417.0,254.0,0.0,0.0,0.0,5.0,449.0,254.0,0.0,0.0,0.0,5.0,481.0,254.0,0.0,0.0,0.0,5.0,673.0,254.0,0.0,0.0,0.0,5.0,705.0,254.0,0.0,0.0,0.0,5.0,737.0,254.0,0.0,0.0,0.0,5.0,929.0,254.0,0.0,0.0,0.0,4.0,1342177544.0,1342177800.0,1342178056.0,1342178312.0,8.0,1342243080.0,1342243336.0,1342243592.0,1342243848.0,1342244104.0,1342244360.0,1342244616.0,1342244872.0,4.0,1342308624.0,1342308880.0,1342309136.0,1342309392.0,4.0,1342374160.0,1342374416.0,1342374672.0,1342374928.0,4.0,1342375184.0,1342375440.0,1342375696.0,1342375952.0,4.0,1342376208.0,1342376464.0,1342376720.0,1342376976.0,8.0,1342439688.0,1342439944.0,1342440200.0,1342440456.0,1342440712.0,1342440968.0,1342441224.0,1342441480.0,4.0,0.0,0.0,0.0,0.0,8.0,17.0,17.0,17.0,1.0,1.0,1.0,1.0,1.0,16.0,100.0,100.0,100.0,100.0,100.0,100.0,100.0,100.0,100.0,100.0,100.0,100.0,100.0,100.0,100.0,100.0,2.0,45.0,45.0,1.0,0.0,4.0,80.0,245.0,1.0,0.0,8.0,0.0,252.0,24.0,0.0,0.0,0.0,85.0,122.0,5.0,144.0,1842.0,3.0,6.0,1.0,12.0,0.0,501.0,0.0,0.0,0.0,0.0,0.0,0.0,0.0,0.0,0.0,0.0,8.0,44.0,0.0,0.0,0.0,0.0,0.0,0.0,0.0,2.0,4.0,0.0,8.0,0.0,0.0,0.0,0.0,0.0,0.0,0.0,0.0,0.0,0.0,0.0,655761.0,0.0,340444200.0,34044204.0,2.02,129.0,0.0,2000.0,65.0,0.0,0.0,0.0,0.0,0.0,0.0,0.0,1.0,0.0,0.0,0.0,0.0,0.0,0.0,0.0,0.0,0.0,0.0,0.0,0.0,0.0,0.0,0.0,0.0,0.0,0.0,1.0,0.0,0.0,0.0,0.0,0.0,0.0,0.0,0.0,0.0,0.0,0.0,0.0,0.0,0.0,0.0,0.0,0.0,0.0,0.0,0.0,0.0,0.0,0.0,0.0,0.0,0.0,0.0,0.0,0.0,0.0,0.0,0.0,0.0,0.0,0.0,0.0,0.0,0.0,0.0,0.0,0.0,0.0,0.0,0.0,0.0,13.719,0.499,0.0,0.0,0.0,0.0,0.0,0.0,1.0,1.0,0.0,0.0,500.0,0.0,0.0,0.0,0.0,0.0,0.0,
103,0.0,0.0,0.0,0.0,0.0,0.0,3.0,1.0,1.0,1.0,3.0,1.0,1.0,1.0,4.0,1275.0,3408964.0,131072.0,0.0,2.0,1537.0,1409.0,5.0,513.0,255.0,0.0,0.0,0.0,5.0,769.0,255.0,0.0,0.0,0.0,5.0,1025.0,255.0,0.0,0.0,0.0,5.0,1281.0,254.0,0.0,0.0,0.0,2.0,1644167432.0,1644167688.0,4.0,1678835984.0,1678836240.0,1678836496.0,1678836752.0,4.0,1678837008.0,1678837264.0,1678837520.0,1678837776.0,1.0,537198856.0,5.0,417.0,254.0,0.0,0.0,0.0,5.0,449.0,254.0,0.0,0.0,0.0,5.0,481.0,254.0,0.0,0.0,0.0,5.0,673.0,254.0,0.0,0.0,0.0,5.0,705.0,254.0,0.0,0.0,0.0,5.0,737.0,254.0,0.0,0.0,0.0,5.0,929.0,254.0,0.0,0.0,0.0,4.0,1342177544.0,1342177800.0,1342178056.0,1342178312.0,8.0,1342243080.0,1342243336.0,1342243592.0,1342243848.0,1342244104.0,1342244360.0,1342244616.0,1342244872.0,4.0,1342308624.0,1342308880.0,1342309136.0,1342309392.0,4.0,1342374160.0,1342374416.0,1342374672.0,1342374928.0,4.0,1342375184.0,1342375440.0,1342375696.0,1342375952.0,4.0,1342376208.0,1342376464.0,1342376720.0,1342376976.0,8.0,1342439688.0,1342439944.0,1342440200.0,1342440456.0,1342440712.0,1342440968.0,1342441224.0,1342441480.0,4.0,0.0,0.0,0.0,0.0,8.0,17.0,17.0,17.0,1.0,1.0,1.0,1.0,1.0,16.0,100.0,100.0,100.0,100.0,100.0,100.0,100.0,100.0,100.0,100.0,100.0,100.0,100.0,100.0,100.0,100.0,2.0,45.0,45.0,1.0,0.0,4.0,80.0,245.0,1.0,0.0,8.0,0.0,252.0,24.0,0.0,0.0,0.0,85.0,122.0,5.0,144.0,1837.0,3.0,6.0,1.0,12.0,0.0,497.0,0.0,0.0,0.0,0.0,0.0,0.0,0.0,0.0,0.0,0.0,8.0,44.0,0.0,0.0,0.0,0.0,0.0,0.0,0.0,2.0,4.0,0.0,8.0,0.0,0.0,0.0,0.0,0.0,0.0,0.0,0.0,0.0,0.0,0.0,655761.0,0.0,340444200.0,34044204.0,2.02,129.0,0.0,2000.0,65.0,0.0,0.0,0.0,0.0,0.0,0.0,0.0,1.0,0.0,0.0,0.0,0.0,0.0,0.0,0.0,0.0,0.0,0.0,0.0,0.0,0.0,0.0,0.0,0.0,0.0,0.0,1.0,0.0,0.0,0.0,0.0,0.0,0.0,0.0,0.0,0.0,0.0,0.0,0.0,0.0,0.0,0.0,0.0,0.0,0.0,0.0,0.0,0.0,0.0,0.0,0.0,0.0,0.0,0.0,0.0,0.0,0.0,0.0,0.0,0.0,0.0,0.0,0.0,0.0,0.0,0.0,0.0,0.0,0.0,0.0,0.0,0.0,13.719,0.499,0.0,0.0,0.0,0.0,0.0,0.0,1.0,1.0,0.0,0.0,500.0,0.0,0.0,0.0,0.0,0.0,0.0,
104,0.0,0.0,0.0,0.0,0.0,0.0,3.0,1.0,1.0,1.0,3.0,1.0,1.0,1.0,4.0,1275.0,3408964.0,131072.0,0.0,2.0,1537.0,1409.0,5.0,513.0,255.0,0.0,0.0,0.0,5.0,769.0,255.0,0.0,0.0,0.0,5.0,1025.0,255.0,0.0,0.0,0.0,5.0,1281.0,254.0,0.0,0.0,0.0,2.0,1644167432.0,1644167688.0,4.0,1678835984.0,1678836240.0,1678836496.0,1678836752.0,4.0,1678837008.0,1678837264.0,1678837520.0,1678837776.0,1.0,537198856.0,5.0,417.0,254.0,0.0,0.0,0.0,5.0,449.0,254.0,0.0,0.0,0.0,5.0,481.0,254.0,0.0,0.0,0.0,5.0,673.0,254.0,0.0,0.0,0.0,5.0,705.0,254.0,0.0,0.0,0.0,5.0,737.0,254.0,0.0,0.0,0.0,5.0,929.0,254.0,0.0,0.0,0.0,4.0,1342177544.0,1342177800.0,1342178056.0,1342178312.0,8.0,1342243080.0,1342243336.0,1342243592.0,1342243848.0,1342244104.0,1342244360.0,1342244616.0,1342244872.0,4.0,1342308624.0,1342308880.0,1342309136.0,1342309392.0,4.0,1342374160.0,1342374416.0,1342374672.0,1342374928.0,4.0,1342375184.0,1342375440.0,1342375696.0,1342375952.0,4.0,1342376208.0,1342376464.0,1342376720.0,1342376976.0,8.0,1342439688.0,1342439944.0,1342440200.0,1342440456.0,1342440712.0,1342440968.0,1342441224.0,1342441480.0,4.0,0.0,0.0,0.0,0.0,8.0,17.0,17.0,17.0,1.0,1.0,1.0,1.0,1.0,16.0,100.0,100.0,100.0,100.0,100.0,100.0,100.0,100.0,100.0,100.0,100.0,100.0,100.0,100.0,100.0,100.0,2.0,45.0,45.0,1.0,0.0,4.0,80.0,245.0,1.0,0.0,8.0,0.0,252.0,24.0,0.0,0.0,0.0,85.0,122.0,5.0,144.0,1837.0,3.0,6.0,1.0,12.0,0.0,497.0,0.0,0.0,0.0,0.0,0.0,0.0,0.0,0.0,0.0,0.0,8.0,44.0,0.0,0.0,0.0,0.0,0.0,0.0,0.0,2.0,4.0,0.0,8.0,0.0,0.0,0.0,0.0,0.0,0.0,0.0,0.0,0.0,0.0,0.0,655761.0,0.0,340444200.0,34044204.0,2.02,129.0,0.0,2000.0,65.0,0.0,0.0,0.0,0.0,0.0,0.0,0.0,1.0,0.0,0.0,0.0,0.0,0.0,0.0,0.0,0.0,0.0,0.0,0.0,0.0,0.0,0.0,0.0,0.0,0.0,0.0,1.0,0.0,0.0,0.0,0.0,0.0,0.0,0.0,0.0,0.0,0.0,0.0,0.0,0.0,0.0,0.0,0.0,0.0,0.0,0.0,0.0,0.0,0.0,0.0,0.0,0.0,0.0,0.0,0.0,0.0,0.0,0.0,0.0,0.0,0.0,0.0,0.0,0.0,0.0,0.0,0.0,0.0,0.0,0.0,0.0,0.0,13.719,0.499,0.0,0.0,0.0,0.0,0.0,0.0,1.0,1.0,0.0,0.0,500.0,0.0,0.0,0.0,0.0,0.0,0.0,
109,0.0,0.0,0.0,0.0,0.0,0.0,3.0,1.0,1.0,1.0,3.0,1.0,1.0,1.0,4.0,1275.0,3408964.0,131072.0,0.0,2.0,1537.0,1409.0,5.0,513.0,255.0,0.0,0.0,0.0,5.0,769.0,255.0,0.0,0.0,0.0,5.0,1025.0,255.0,0.0,0.0,0.0,5.0,1281.0,254.0,0.0,0.0,0.0,2.0,1644167432.0,1644167688.0,4.0,1678835984.0,1678836240.0,1678836496.0,1678836752.0,4.0,1678837008.0,1678837264.0,1678837520.0,1678837776.0,1.0,537198856.0,5.0,417.0,254.0,0.0,0.0,0.0,5.0,449.0,254.0,0.0,0.0,0.0,5.0,481.0,254.0,0.0,0.0,0.0,5.0,673.0,254.0,0.0,0.0,0.0,5.0,705.0,254.0,0.0,0.0,0.0,5.0,737.0,254.0,0.0,0.0,0.0,5.0,929.0,254.0,0.0,0.0,0.0,4.0,1342177544.0,1342177800.0,1342178056.0,1342178312.0,8.0,1342243080.0,1342243336.0,1342243592.0,1342243848.0,1342244104.0,1342244360.0,1342244616.0,1342244872.0,4.0,1342308624.0,1342308880.0,1342309136.0,1342309392.0,4.0,1342374160.0,1342374416.0,1342374672.0,1342374928.0,4.0,1342375184.0,1342375440.0,1342375696.0,1342375952.0,4.0,1342376208.0,1342376464.0,1342376720.0,1342376976.0,8.0,1342439688.0,1342439944.0,1342440200.0,1342440456.0,1342440712.0,1342440968.0,1342441224.0,1342441480.0,4.0,0.0,0.0,0.0,0.0,8.0,17.0,17.0,17.0,1.0,1.0,1.0,1.0,1.0,16.0,100.0,100.0,100.0,100.0,100.0,100.0,100.0,100.0,100.0,100.0,100.0,100.0,100.0,100.0,100.0,100.0,2.0,45.0,45.0,1.0,0.0,4.0,80.0,245.0,1.0,0.0,8.0,0.0,252.0,24.0,0.0,0.0,0.0,85.0,122.0,5.0,144.0,1842.0,3.0,6.0,1.0,12.0,0.0,1023.0,0.0,0.0,0.0,0.0,0.0,0.0,0.0,0.0,0.0,0.0,8.0,44.0,0.0,0.0,0.0,0.0,0.0,0.0,0.0,2.0,4.0,0.0,8.0,0.0,0.0,0.0,0.0,0.0,0.0,0.0,0.0,0.0,0.0,0.0,655761.0,0.0,340444200.0,34044204.0,2.02,129.0,0.0,2000.0,65.0,0.0,0.0,0.0,0.0,0.0,0.0,0.0,1.0,0.0,0.0,0.0,0.0,0.0,0.0,0.0,0.0,0.0,0.0,0.0,0.0,0.0,0.0,0.0,0.0,0.0,0.0,1.0,0.0,0.0,0.0,0.0,0.0,0.0,0.0,0.0,0.0,0.0,0.0,0.0,0.0,0.0,0.0,0.0,0.0,0.0,0.0,0.0,0.0,0.0,0.0,0.0,0.0,0.0,0.0,0.0,0.0,0.0,0.0,0.0,0.0,0.0,0.0,0.0,0.0,0.0,0.0,0.0,0.0,0.0,0.0,0.0,0.0,13.052,0.999,0.0,0.0,0.0,0.0,0.0,0.0,1.0,1.0,0.0,0.0,1000.0,0.0,0.0,0.0,0.0,0.0,0.0,
110,0.0,0.0,0.0,0.0,0.0,0.0,3.0,1.0,1.0,1.0,3.0,1.0,1.0,1.0,4.0,1275.0,3408964.0,131072.0,0.0,2.0,1537.0,1409.0,5.0,513.0,255.0,0.0,0.0,0.0,5.0,769.0,255.0,0.0,0.0,0.0,5.0,1025.0,255.0,0.0,0.0,0.0,5.0,1281.0,254.0,0.0,0.0,0.0,2.0,1644167432.0,1644167688.0,4.0,1678835984.0,1678836240.0,1678836496.0,1678836752.0,4.0,1678837008.0,1678837264.0,1678837520.0,1678837776.0,1.0,537198856.0,5.0,417.0,254.0,0.0,0.0,0.0,5.0,449.0,254.0,0.0,0.0,0.0,5.0,481.0,254.0,0.0,0.0,0.0,5.0,673.0,254.0,0.0,0.0,0.0,5.0,705.0,254.0,0.0,0.0,0.0,5.0,737.0,254.0,0.0,0.0,0.0,5.0,929.0,254.0,0.0,0.0,0.0,4.0,1342177544.0,1342177800.0,1342178056.0,1342178312.0,8.0,1342243080.0,1342243336.0,1342243592.0,1342243848.0,1342244104.0,1342244360.0,1342244616.0,1342244872.0,4.0,1342308624.0,1342308880.0,1342309136.0,1342309392.0,4.0,1342374160.0,1342374416.0,1342374672.0,1342374928.0,4.0,1342375184.0,1342375440.0,1342375696.0,1342375952.0,4.0,1342376208.0,1342376464.0,1342376720.0,1342376976.0,8.0,1342439688.0,1342439944.0,1342440200.0,1342440456.0,1342440712.0,1342440968.0,1342441224.0,1342441480.0,4.0,0.0,0.0,0.0,0.0,8.0,17.0,17.0,17.0,1.0,1.0,1.0,1.0,1.0,16.0,100.0,100.0,100.0,100.0,100.0,100.0,100.0,100.0,100.0,100.0,100.0,100.0,100.0,100.0,100.0,100.0,2.0,45.0,45.0,1.0,0.0,4.0,80.0,245.0,1.0,0.0,8.0,0.0,252.0,24.0,0.0,0.0,0.0,85.0,122.0,5.0,144.0,1842.0,3.0,6.0,1.0,12.0,0.0,1027.0,0.0,0.0,0.0,0.0,0.0,0.0,0.0,0.0,0.0,0.0,8.0,44.0,0.0,0.0,0.0,0.0,0.0,0.0,0.0,2.0,4.0,0.0,8.0,0.0,0.0,0.0,0.0,0.0,0.0,0.0,0.0,0.0,0.0,0.0,655761.0,0.0,340444200.0,34044204.0,2.02,129.0,0.0,2000.0,65.0,0.0,0.0,0.0,0.0,0.0,0.0,0.0,1.0,0.0,0.0,0.0,0.0,0.0,0.0,0.0,0.0,0.0,0.0,0.0,0.0,0.0,0.0,0.0,0.0,0.0,0.0,1.0,0.0,0.0,0.0,0.0,0.0,0.0,0.0,0.0,0.0,0.0,0.0,0.0,0.0,0.0,0.0,0.0,0.0,0.0,0.0,0.0,0.0,0.0,0.0,0.0,0.0,0.0,0.0,0.0,0.0,0.0,0.0,0.0,0.0,0.0,0.0,0.0,0.0,0.0,0.0,0.0,0.0,0.0,0.0,0.0,0.0,13.052,0.999,0.0,0.0,0.0,0.0,0.0,0.0,1.0,1.0,0.0,0.0,1000.0,0.0,0.0,0.0,0.0,0.0,0.0,
111,0.0,0.0,0.0,0.0,0.0,0.0,3.0,1.0,1.0,1.0,3.0,1.0,1.0,1.0,4.0,1275.0,3408964.0,131072.0,0.0,2.0,1537.0,1409.0,5.0,513.0,255.0,0.0,0.0,0.0,5.0,769.0,255.0,0.0,0.0,0.0,5.0,1025.0,255.0,0.0,0.0,0.0,5.0,1281.0,254.0,0.0,0.0,0.0,2.0,1644167432.0,1644167688.0,4.0,1678835984.0,1678836240.0,1678836496.0,1678836752.0,4.0,1678837008.0,1678837264.0,1678837520.0,1678837776.0,1.0,537198856.0,5.0,417.0,254.0,0.0,0.0,0.0,5.0,449.0,254.0,0.0,0.0,0.0,5.0,481.0,254.0,0.0,0.0,0.0,5.0,673.0,254.0,0.0,0.0,0.0,5.0,705.0,254.0,0.0,0.0,0.0,5.0,737.0,254.0,0.0,0.0,0.0,5.0,929.0,254.0,0.0,0.0,0.0,4.0,1342177544.0,1342177800.0,1342178056.0,1342178312.0,8.0,1342243080.0,1342243336.0,1342243592.0,1342243848.0,1342244104.0,1342244360.0,1342244616.0,1342244872.0,4.0,1342308624.0,1342308880.0,1342309136.0,1342309392.0,4.0,1342374160.0,1342374416.0,1342374672.0,1342374928.0,4.0,1342375184.0,1342375440.0,1342375696.0,1342375952.0,4.0,1342376208.0,1342376464.0,1342376720.0,1342376976.0,8.0,1342439688.0,1342439944.0,1342440200.0,1342440456.0,1342440712.0,1342440968.0,1342441224.0,1342441480.0,4.0,0.0,0.0,0.0,0.0,8.0,17.0,17.0,17.0,1.0,1.0,1.0,1.0,1.0,16.0,100.0,100.0,100.0,100.0,100.0,100.0,100.0,100.0,100.0,100.0,100.0,100.0,100.0,100.0,100.0,100.0,2.0,45.0,45.0,1.0,0.0,4.0,80.0,245.0,1.0,0.0,8.0,0.0,252.0,24.0,0.0,0.0,0.0,85.0,122.0,5.0,144.0,1842.0,3.0,6.0,1.0,12.0,0.0,1027.0,0.0,0.0,0.0,0.0,0.0,0.0,0.0,0.0,0.0,0.0,8.0,44.0,0.0,0.0,0.0,0.0,0.0,0.0,0.0,2.0,4.0,0.0,8.0,0.0,0.0,0.0,0.0,0.0,0.0,0.0,0.0,0.0,0.0,0.0,655761.0,0.0,340444200.0,34044204.0,2.02,129.0,0.0,2000.0,65.0,0.0,0.0,0.0,0.0,0.0,0.0,0.0,1.0,0.0,0.0,0.0,0.0,0.0,0.0,0.0,0.0,0.0,0.0,0.0,0.0,0.0,0.0,0.0,0.0,0.0,0.0,1.0,0.0,0.0,0.0,0.0,0.0,0.0,0.0,0.0,0.0,0.0,0.0,0.0,0.0,0.0,0.0,0.0,0.0,0.0,0.0,0.0,0.0,0.0,0.0,0.0,0.0,0.0,0.0,0.0,0.0,0.0,0.0,0.0,0.0,0.0,0.0,0.0,0.0,0.0,0.0,0.0,0.0,0.0,0.0,0.0,0.0,13.053,0.999,0.0,0.0,0.0,0.0,0.0,0.0,1.0,1.0,0.0,0.0,1000.0,0.0,0.0,0.0,0.0,0.0,0.0,
116,0.0,0.0,0.0,0.0,0.0,0.0,3.0,1.0,1.0,1.0,3.0,1.0,1.0,1.0,4.0,1275.0,3408964.0,131072.0,0.0,2.0,1537.0,1409.0,5.0,513.0,255.0,0.0,0.0,0.0,5.0,769.0,255.0,0.0,0.0,0.0,5.0,1025.0,255.0,0.0,0.0,0.0,5.0,1281.0,254.0,0.0,0.0,0.0,2.0,1644167432.0,1644167688.0,4.0,1678835984.0,1678836240.0,1678836496.0,1678836752.0,4.0,1678837008.0,1678837264.0,1678837520.0,1678837776.0,1.0,537198856.0,5.0,417.0,254.0,0.0,0.0,0.0,5.0,449.0,254.0,0.0,0.0,0.0,5.0,481.0,254.0,0.0,0.0,0.0,5.0,673.0,254.0,0.0,0.0,0.0,5.0,705.0,254.0,0.0,0.0,0.0,5.0,737.0,254.0,0.0,0.0,0.0,5.0,929.0,254.0,0.0,0.0,0.0,4.0,1342177544.0,1342177800.0,1342178056.0,1342178312.0,8.0,1342243080.0,1342243336.0,1342243592.0,1342243848.0,1342244104.0,1342244360.0,1342244616.0,1342244872.0,4.0,1342308624.0,1342308880.0,1342309136.0,1342309392.0,4.0,1342374160.0,1342374416.0,1342374672.0,1342374928.0,4.0,1342375184.0,1342375440.0,1342375696.0,1342375952.0,4.0,1342376208.0,1342376464.0,1342376720.0,1342376976.0,8.0,1342439688.0,1342439944.0,1342440200.0,1342440456.0,1342440712.0,1342440968.0,1342441224.0,1342441480.0,4.0,0.0,0.0,0.0,0.0,8.0,17.0,17.0,17.0,1.0,1.0,1.0,1.0,1.0,16.0,100.0,100.0,100.0,100.0,100.0,100.0,100.0,100.0,100.0,100.0,100.0,100.0,100.0,100.0,100.0,100.0,2.0,45.0,45.0,1.0,0.0,4.0,80.0,245.0,1.0,0.0,8.0,0.0,252.0,24.0,0.0,0.0,0.0,85.0,122.0,5.0,144.0,1837.0,3.0,6.0,1.0,12.0,0.0,1552.0,0.0,0.0,0.0,0.0,0.0,0.0,0.0,0.0,0.0,0.0,8.0,44.0,0.0,0.0,0.0,0.0,0.0,0.0,0.0,2.0,4.0,0.0,8.0,0.0,0.0,0.0,0.0,0.0,0.0,0.0,0.0,0.0,0.0,0.0,655761.0,0.0,340444200.0,34044204.0,2.02,129.0,0.0,2000.0,65.0,0.0,0.0,0.0,0.0,0.0,0.0,0.0,1.0,0.0,0.0,0.0,0.0,0.0,0.0,0.0,0.0,0.0,0.0,0.0,0.0,0.0,0.0,0.0,0.0,0.0,0.0,1.0,0.0,0.0,0.0,0.0,0.0,0.0,0.0,0.0,0.0,0.0,0.0,0.0,0.0,0.0,0.0,0.0,0.0,0.0,0.0,0.0,0.0,0.0,0.0,0.0,0.0,0.0,0.0,0.0,0.0,0.0,0.0,0.0,0.0,0.0,0.0,0.0,0.0,0.0,0.0,0.0,0.0,0.0,0.0,0.0,0.0,12.367,1.499,0.0,0.0,0.0,0.0,0.0,0.0,1.0,1.0,0.0,0.0,1500.0,0.0,0.0,0.0,0.0,0.0,0.0,
117,0.0,0.0,0.0,0.0,0.0,0.0,3.0,1.0,1.0,1.0,3.0,1.0,1.0,1.0,4.0,1275.0,3408964.0,131072.0,0.0,2.0,1537.0,1409.0,5.0,513.0,255.0,0.0,0.0,0.0,5.0,769.0,255.0,0.0,0.0,0.0,5.0,1025.0,255.0,0.0,0.0,0.0,5.0,1281.0,254.0,0.0,0.0,0.0,2.0,1644167432.0,1644167688.0,4.0,1678835984.0,1678836240.0,1678836496.0,1678836752.0,4.0,1678837008.0,1678837264.0,1678837520.0,1678837776.0,1.0,537198856.0,5.0,417.0,254.0,0.0,0.0,0.0,5.0,449.0,254.0,0.0,0.0,0.0,5.0,481.0,254.0,0.0,0.0,0.0,5.0,673.0,254.0,0.0,0.0,0.0,5.0,705.0,254.0,0.0,0.0,0.0,5.0,737.0,254.0,0.0,0.0,0.0,5.0,929.0,254.0,0.0,0.0,0.0,4.0,1342177544.0,1342177800.0,1342178056.0,1342178312.0,8.0,1342243080.0,1342243336.0,1342243592.0,1342243848.0,1342244104.0,1342244360.0,1342244616.0,1342244872.0,4.0,1342308624.0,1342308880.0,1342309136.0,1342309392.0,4.0,1342374160.0,1342374416.0,1342374672.0,1342374928.0,4.0,1342375184.0,1342375440.0,1342375696.0,1342375952.0,4.0,1342376208.0,1342376464.0,1342376720.0,1342376976.0,8.0,1342439688.0,1342439944.0,1342440200.0,1342440456.0,1342440712.0,1342440968.0,1342441224.0,1342441480.0,4.0,0.0,0.0,0.0,0.0,8.0,17.0,17.0,17.0,1.0,1.0,1.0,1.0,1.0,16.0,100.0,100.0,100.0,100.0,100.0,100.0,100.0,100.0,100.0,100.0,100.0,100.0,100.0,100.0,100.0,100.0,2.0,45.0,45.0,1.0,0.0,4.0,80.0,245.0,1.0,0.0,8.0,0.0,252.0,24.0,0.0,0.0,0.0,85.0,122.0,5.0,144.0,1842.0,3.0,6.0,1.0,12.0,0.0,1552.0,0.0,0.0,0.0,0.0,0.0,0.0,0.0,0.0,0.0,0.0,8.0,44.0,0.0,0.0,0.0,0.0,0.0,0.0,0.0,2.0,4.0,0.0,8.0,0.0,0.0,0.0,0.0,0.0,0.0,0.0,0.0,0.0,0.0,0.0,655761.0,0.0,340444200.0,34044204.0,2.02,129.0,0.0,2000.0,65.0,0.0,0.0,0.0,0.0,0.0,0.0,0.0,1.0,0.0,0.0,0.0,0.0,0.0,0.0,0.0,0.0,0.0,0.0,0.0,0.0,0.0,0.0,0.0,0.0,0.0,0.0,1.0,0.0,0.0,0.0,0.0,0.0,0.0,0.0,0.0,0.0,0.0,0.0,0.0,0.0,0.0,0.0,0.0,0.0,0.0,0.0,0.0,0.0,0.0,0.0,0.0,0.0,0.0,0.0,0.0,0.0,0.0,0.0,0.0,0.0,0.0,0.0,0.0,0.0,0.0,0.0,0.0,0.0,0.0,0.0,0.0,0.0,12.368,1.499,0.0,0.0,0.0,0.0,0.0,0.0,1.0,1.0,0.0,0.0,1500.0,0.0,0.0,0.0,0.0,0.0,0.0,
118,0.0,0.0,0.0,0.0,0.0,0.0,3.0,1.0,1.0,1.0,3.0,1.0,1.0,1.0,4.0,1275.0,3408964.0,131072.0,0.0,2.0,1537.0,1409.0,5.0,513.0,255.0,0.0,0.0,0.0,5.0,769.0,255.0,0.0,0.0,0.0,5.0,1025.0,255.0,0.0,0.0,0.0,5.0,1281.0,254.0,0.0,0.0,0.0,2.0,1644167432.0,1644167688.0,4.0,1678835984.0,1678836240.0,1678836496.0,1678836752.0,4.0,1678837008.0,1678837264.0,1678837520.0,1678837776.0,1.0,537198856.0,5.0,417.0,254.0,0.0,0.0,0.0,5.0,449.0,254.0,0.0,0.0,0.0,5.0,481.0,254.0,0.0,0.0,0.0,5.0,673.0,254.0,0.0,0.0,0.0,5.0,705.0,254.0,0.0,0.0,0.0,5.0,737.0,254.0,0.0,0.0,0.0,5.0,929.0,254.0,0.0,0.0,0.0,4.0,1342177544.0,1342177800.0,1342178056.0,1342178312.0,8.0,1342243080.0,1342243336.0,1342243592.0,1342243848.0,1342244104.0,1342244360.0,1342244616.0,1342244872.0,4.0,1342308624.0,1342308880.0,1342309136.0,1342309392.0,4.0,1342374160.0,1342374416.0,1342374672.0,1342374928.0,4.0,1342375184.0,1342375440.0,1342375696.0,1342375952.0,4.0,1342376208.0,1342376464.0,1342376720.0,1342376976.0,8.0,1342439688.0,1342439944.0,1342440200.0,1342440456.0,1342440712.0,1342440968.0,1342441224.0,1342441480.0,4.0,0.0,0.0,0.0,0.0,8.0,17.0,17.0,17.0,1.0,1.0,1.0,1.0,1.0,16.0,100.0,100.0,100.0,100.0,100.0,100.0,100.0,100.0,100.0,100.0,100.0,100.0,100.0,100.0,100.0,100.0,2.0,45.0,45.0,1.0,0.0,4.0,80.0,245.0,1.0,0.0,8.0,0.0,252.0,24.0,0.0,0.0,0.0,85.0,122.0,5.0,144.0,1842.0,3.0,6.0,1.0,12.0,0.0,1552.0,0.0,0.0,0.0,0.0,0.0,0.0,0.0,0.0,0.0,0.0,8.0,44.0,0.0,0.0,0.0,0.0,0.0,0.0,0.0,2.0,4.0,0.0,8.0,0.0,0.0,0.0,0.0,0.0,0.0,0.0,0.0,0.0,0.0,0.0,655761.0,0.0,340444200.0,34044204.0,2.02,129.0,0.0,2000.0,65.0,0.0,0.0,0.0,0.0,0.0,0.0,0.0,1.0,0.0,0.0,0.0,0.0,0.0,0.0,0.0,0.0,0.0,0.0,0.0,0.0,0.0,0.0,0.0,0.0,0.0,0.0,1.0,0.0,0.0,0.0,0.0,0.0,0.0,0.0,0.0,0.0,0.0,0.0,0.0,0.0,0.0,0.0,0.0,0.0,0.0,0.0,0.0,0.0,0.0,0.0,0.0,0.0,0.0,0.0,0.0,0.0,0.0,0.0,0.0,0.0,0.0,0.0,0.0,0.0,0.0,0.0,0.0,0.0,0.0,0.0,0.0,0.0,12.368,1.499,0.0,0.0,0.0,0.0,0.0,0.0,1.0,1.0,0.0,0.0,1500.0,0.0,0.0,0.0,0.0,0.0,0.0,
123,0.0,0.0,0.0,0.0,0.0,0.0,3.0,1.0,1.0,1.0,3.0,1.0,1.0,1.0,4.0,1275.0,3408964.0,131072.0,0.0,2.0,1537.0,1409.0,5.0,513.0,255.0,0.0,0.0,0.0,5.0,769.0,255.0,0.0,0.0,0.0,5.0,1025.0,255.0,0.0,0.0,0.0,5.0,1281.0,254.0,0.0,0.0,0.0,2.0,1644167432.0,1644167688.0,4.0,1678835984.0,1678836240.0,1678836496.0,1678836752.0,4.0,1678837008.0,1678837264.0,1678837520.0,1678837776.0,1.0,537198856.0,5.0,417.0,254.0,0.0,0.0,0.0,5.0,449.0,254.0,0.0,0.0,0.0,5.0,481.0,254.0,0.0,0.0,0.0,5.0,673.0,254.0,0.0,0.0,0.0,5.0,705.0,254.0,0.0,0.0,0.0,5.0,737.0,254.0,0.0,0.0,0.0,5.0,929.0,254.0,0.0,0.0,0.0,4.0,1342177544.0,1342177800.0,1342178056.0,1342178312.0,8.0,1342243080.0,1342243336.0,1342243592.0,1342243848.0,1342244104.0,1342244360.0,1342244616.0,1342244872.0,4.0,1342308624.0,1342308880.0,1342309136.0,1342309392.0,4.0,1342374160.0,1342374416.0,1342374672.0,1342374928.0,4.0,1342375184.0,1342375440.0,1342375696.0,1342375952.0,4.0,1342376208.0,1342376464.0,1342376720.0,1342376976.0,8.0,1342439688.0,1342439944.0,1342440200.0,1342440456.0,1342440712.0,1342440968.0,1342441224.0,1342441480.0,4.0,0.0,0.0,0.0,0.0,8.0,17.0,17.0,17.0,1.0,1.0,1.0,1.0,1.0,16.0,100.0,100.0,100.0,100.0,100.0,100.0,100.0,100.0,100.0,100.0,100.0,100.0,100.0,100.0,100.0,100.0,2.0,45.0,45.0,1.0,0.0,4.0,80.0,245.0,1.0,0.0,8.0,0.0,252.0,24.0,0.0,0.0,0.0,85.0,122.0,5.0,144.0,1842.0,3.0,6.0,1.0,12.0,0.0,2086.0,0.0,0.0,0.0,0.0,0.0,0.0,0.0,0.0,0.0,0.0,8.0,44.0,0.0,0.0,0.0,0.0,0.0,0.0,0.0,2.0,4.0,0.0,8.0,0.0,0.0,0.0,0.0,0.0,0.0,0.0,0.0,0.0,0.0,0.0,655761.0,0.0,340444200.0,34044204.0,2.02,129.0,0.0,2000.0,65.0,0.0,0.0,0.0,0.0,0.0,0.0,0.0,1.0,0.0,0.0,0.0,0.0,0.0,0.0,0.0,0.0,0.0,0.0,0.0,0.0,0.0,0.0,0.0,0.0,0.0,0.0,1.0,0.0,0.0,0.0,0.0,0.0,0.0,0.0,0.0,0.0,0.0,0.0,0.0,0.0,0.0,0.0,0.0,0.0,0.0,0.0,0.0,0.0,0.0,0.0,0.0,0.0,0.0,0.0,0.0,0.0,0.0,0.0,0.0,0.0,0.0,0.0,0.0,0.0,0.0,0.0,0.0,0.0,0.0,0.0,0.0,0.0,11.68,1.999,0.0,0.0,0.0,0.0,0.0,0.0,1.0,1.0,0.0,0.0,2000.0,0.0,0.0,0.0,0.0,0.0,0.0,
124,0.0,0.0,0.0,0.0,0.0,0.0,3.0,1.0,1.0,1.0,3.0,1.0,1.0,1.0,4.0,1275.0,3408964.0,131072.0,0.0,2.0,1537.0,1409.0,5.0,513.0,255.0,0.0,0.0,0.0,5.0,769.0,255.0,0.0,0.0,0.0,5.0,1025.0,255.0,0.0,0.0,0.0,5.0,1281.0,254.0,0.0,0.0,0.0,2.0,1644167432.0,1644167688.0,4.0,1678835984.0,1678836240.0,1678836496.0,1678836752.0,4.0,1678837008.0,1678837264.0,1678837520.0,1678837776.0,1.0,537198856.0,5.0,417.0,254.0,0.0,0.0,0.0,5.0,449.0,254.0,0.0,0.0,0.0,5.0,481.0,254.0,0.0,0.0,0.0,5.0,673.0,254.0,0.0,0.0,0.0,5.0,705.0,254.0,0.0,0.0,0.0,5.0,737.0,254.0,0.0,0.0,0.0,5.0,929.0,254.0,0.0,0.0,0.0,4.0,1342177544.0,1342177800.0,1342178056.0,1342178312.0,8.0,1342243080.0,1342243336.0,1342243592.0,1342243848.0,1342244104.0,1342244360.0,1342244616.0,1342244872.0,4.0,1342308624.0,1342308880.0,1342309136.0,1342309392.0,4.0,1342374160.0,1342374416.0,1342374672.0,1342374928.0,4.0,1342375184.0,1342375440.0,1342375696.0,1342375952.0,4.0,1342376208.0,1342376464.0,1342376720.0,1342376976.0,8.0,1342439688.0,1342439944.0,1342440200.0,1342440456.0,1342440712.0,1342440968.0,1342441224.0,1342441480.0,4.0,0.0,0.0,0.0,0.0,8.0,17.0,17.0,17.0,1.0,1.0,1.0,1.0,1.0,16.0,100.0,100.0,100.0,100.0,100.0,100.0,100.0,100.0,100.0,100.0,100.0,100.0,100.0,100.0,100.0,100.0,2.0,45.0,45.0,1.0,0.0,4.0,80.0,245.0,1.0,0.0,8.0,0.0,252.0,24.0,0.0,0.0,0.0,85.0,122.0,5.0,143.0,1842.0,3.0,6.0,1.0,12.0,0.0,2090.0,0.0,0.0,0.0,0.0,0.0,0.0,0.0,0.0,0.0,0.0,8.0,44.0,0.0,0.0,0.0,0.0,0.0,0.0,0.0,2.0,4.0,0.0,8.0,0.0,0.0,0.0,0.0,0.0,0.0,0.0,0.0,0.0,0.0,0.0,655761.0,0.0,340444200.0,34044204.0,2.02,129.0,0.0,2000.0,65.0,0.0,0.0,0.0,0.0,0.0,0.0,0.0,1.0,0.0,0.0,0.0,0.0,0.0,0.0,0.0,0.0,0.0,0.0,0.0,0.0,0.0,0.0,0.0,0.0,0.0,0.0,1.0,0.0,0.0,0.0,0.0,0.0,0.0,0.0,0.0,0.0,0.0,0.0,0.0,0.0,0.0,0.0,0.0,0.0,0.0,0.0,0.0,0.0,0.0,0.0,0.0,0.0,0.0,0.0,0.0,0.0,0.0,0.0,0.0,0.0,0.0,0.0,0.0,0.0,0.0,0.0,0.0,0.0,0.0,0.0,0.0,0.0,11.681,1.999,0.0,0.0,0.0,0.0,0.0,0.0,1.0,1.0,0.0,0.0,2000.0,0.0,0.0,0.0,0.0,0.0,0.0,
125,0.0,0.0,0.0,0.0,0.0,0.0,3.0,1.0,1.0,1.0,3.0,1.0,1.0,1.0,4.0,1275.0,3408964.0,131072.0,0.0,2.0,1537.0,1409.0,5.0,513.0,255.0,0.0,0.0,0.0,5.0,769.0,255.0,0.0,0.0,0.0,5.0,1025.0,255.0,0.0,0.0,0.0,5.0,1281.0,254.0,0.0,0.0,0.0,2.0,1644167432.0,1644167688.0,4.0,1678835984.0,1678836240.0,1678836496.0,1678836752.0,4.0,1678837008.0,1678837264.0,1678837520.0,1678837776.0,1.0,537198856.0,5.0,417.0,254.0,0.0,0.0,0.0,5.0,449.0,254.0,0.0,0.0,0.0,5.0,481.0,254.0,0.0,0.0,0.0,5.0,673.0,254.0,0.0,0.0,0.0,5.0,705.0,254.0,0.0,0.0,0.0,5.0,737.0,254.0,0.0,0.0,0.0,5.0,929.0,254.0,0.0,0.0,0.0,4.0,1342177544.0,1342177800.0,1342178056.0,1342178312.0,8.0,1342243080.0,1342243336.0,1342243592.0,1342243848.0,1342244104.0,1342244360.0,1342244616.0,1342244872.0,4.0,1342308624.0,1342308880.0,1342309136.0,1342309392.0,4.0,1342374160.0,1342374416.0,1342374672.0,1342374928.0,4.0,1342375184.0,1342375440.0,1342375696.0,1342375952.0,4.0,1342376208.0,1342376464.0,1342376720.0,1342376976.0,8.0,1342439688.0,1342439944.0,1342440200.0,1342440456.0,1342440712.0,1342440968.0,1342441224.0,1342441480.0,4.0,0.0,0.0,0.0,0.0,8.0,17.0,17.0,17.0,1.0,1.0,1.0,1.0,1.0,16.0,100.0,100.0,100.0,100.0,100.0,100.0,100.0,100.0,100.0,100.0,100.0,100.0,100.0,100.0,100.0,100.0,2.0,45.0,45.0,1.0,0.0,4.0,80.0,245.0,1.0,0.0,8.0,0.0,252.0,24.0,0.0,0.0,0.0,85.0,122.0,5.0,143.0,1842.0,3.0,6.0,1.0,12.0,0.0,2090.0,0.0,0.0,0.0,0.0,0.0,0.0,0.0,0.0,0.0,0.0,8.0,44.0,0.0,0.0,0.0,0.0,0.0,0.0,0.0,2.0,4.0,0.0,8.0,0.0,0.0,0.0,0.0,0.0,0.0,0.0,0.0,0.0,0.0,0.0,655761.0,0.0,340444200.0,34044204.0,2.02,129.0,0.0,2000.0,65.0,0.0,0.0,0.0,0.0,0.0,0.0,0.0,1.0,0.0,0.0,0.0,0.0,0.0,0.0,0.0,0.0,0.0,0.0,0.0,0.0,0.0,0.0,0.0,0.0,0.0,0.0,1.0,0.0,0.0,0.0,0.0,0.0,0.0,0.0,0.0,0.0,0.0,0.0,0.0,0.0,0.0,0.0,0.0,0.0,0.0,0.0,0.0,0.0,0.0,0.0,0.0,0.0,0.0,0.0,0.0,0.0,0.0,0.0,0.0,0.0,0.0,0.0,0.0,0.0,0.0,0.0,0.0,0.0,0.0,0.0,0.0,0.0,11.681,1.999,0.0,0.0,0.0,0.0,0.0,0.0,1.0,1.0,0.0,0.0,2000.0,0.0,0.0,0.0,0.0,0.0,0.0,
130,0.0,0.0,0.0,0.0,0.0,0.0,3.0,1.0,1.0,1.0,3.0,1.0,1.0,1.0,4.0,1275.0,3408964.0,131072.0,0.0,2.0,1537.0,1409.0,5.0,513.0,255.0,0.0,0.0,0.0,5.0,769.0,255.0,0.0,0.0,0.0,5.0,1025.0,255.0,0.0,0.0,0.0,5.0,1281.0,254.0,0.0,0.0,0.0,2.0,1644167432.0,1644167688.0,4.0,1678835984.0,1678836240.0,1678836496.0,1678836752.0,4.0,1678837008.0,1678837264.0,1678837520.0,1678837776.0,1.0,537198856.0,5.0,417.0,254.0,0.0,0.0,0.0,5.0,449.0,254.0,0.0,0.0,0.0,5.0,481.0,254.0,0.0,0.0,0.0,5.0,673.0,254.0,0.0,0.0,0.0,5.0,705.0,254.0,0.0,0.0,0.0,5.0,737.0,254.0,0.0,0.0,0.0,5.0,929.0,254.0,0.0,0.0,0.0,4.0,1342177544.0,1342177800.0,1342178056.0,1342178312.0,8.0,1342243080.0,1342243336.0,1342243592.0,1342243848.0,1342244104.0,1342244360.0,1342244616.0,1342244872.0,4.0,1342308624.0,1342308880.0,1342309136.0,1342309392.0,4.0,1342374160.0,1342374416.0,1342374672.0,1342374928.0,4.0,1342375184.0,1342375440.0,1342375696.0,1342375952.0,4.0,1342376208.0,1342376464.0,1342376720.0,1342376976.0,8.0,1342439688.0,1342439944.0,1342440200.0,1342440456.0,1342440712.0,1342440968.0,1342441224.0,1342441480.0,4.0,0.0,0.0,0.0,0.0,8.0,17.0,17.0,17.0,1.0,1.0,1.0,1.0,1.0,16.0,100.0,100.0,100.0,100.0,100.0,100.0,100.0,100.0,100.0,100.0,100.0,100.0,100.0,100.0,100.0,100.0,2.0,45.0,45.0,1.0,0.0,4.0,80.0,245.0,1.0,0.0,8.0,0.0,252.0,24.0,0.0,0.0,0.0,85.0,122.0,5.0,143.0,1837.0,3.0,6.0,1.0,12.0,0.0,2624.0,0.0,0.0,0.0,0.0,0.0,0.0,0.0,0.0,0.0,0.0,8.0,44.0,0.0,0.0,0.0,0.0,0.0,0.0,0.0,2.0,4.0,0.0,8.0,0.0,0.0,0.0,0.0,0.0,0.0,0.0,0.0,0.0,0.0,0.0,655761.0,0.0,340444200.0,34044204.0,2.02,129.0,0.0,2000.0,65.0,0.0,0.0,0.0,0.0,0.0,0.0,0.0,1.0,0.0,0.0,0.0,0.0,0.0,0.0,0.0,0.0,0.0,0.0,0.0,0.0,0.0,0.0,0.0,0.0,0.0,0.0,1.0,0.0,0.0,0.0,0.0,0.0,0.0,0.0,0.0,0.0,0.0,0.0,0.0,0.0,0.0,0.0,0.0,0.0,0.0,0.0,0.0,0.0,0.0,0.0,0.0,0.0,0.0,0.0,0.0,0.0,0.0,0.0,0.0,0.0,0.0,0.0,0.0,0.0,0.0,0.0,0.0,0.0,0.0,0.0,0.0,0.0,10.995,2.499,0.0,0.0,0.0,0.0,0.0,0.0,1.0,1.0,0.0,0.0,2500.0,0.0,0.0,0.0,0.0,0.0,0.0,
131,0.0,0.0,0.0,0.0,0.0,0.0,3.0,1.0,1.0,1.0,3.0,1.0,1.0,1.0,4.0,1275.0,3408964.0,131072.0,0.0,2.0,1537.0,1409.0,5.0,513.0,255.0,0.0,0.0,0.0,5.0,769.0,255.0,0.0,0.0,0.0,5.0,1025.0,255.0,0.0,0.0,0.0,5.0,1281.0,254.0,0.0,0.0,0.0,2.0,1644167432.0,1644167688.0,4.0,1678835984.0,1678836240.0,1678836496.0,1678836752.0,4.0,1678837008.0,1678837264.0,1678837520.0,1678837776.0,1.0,537198856.0,5.0,417.0,254.0,0.0,0.0,0.0,5.0,449.0,254.0,0.0,0.0,0.0,5.0,481.0,254.0,0.0,0.0,0.0,5.0,673.0,254.0,0.0,0.0,0.0,5.0,705.0,254.0,0.0,0.0,0.0,5.0,737.0,254.0,0.0,0.0,0.0,5.0,929.0,254.0,0.0,0.0,0.0,4.0,1342177544.0,1342177800.0,1342178056.0,1342178312.0,8.0,1342243080.0,1342243336.0,1342243592.0,1342243848.0,1342244104.0,1342244360.0,1342244616.0,1342244872.0,4.0,1342308624.0,1342308880.0,1342309136.0,1342309392.0,4.0,1342374160.0,1342374416.0,1342374672.0,1342374928.0,4.0,1342375184.0,1342375440.0,1342375696.0,1342375952.0,4.0,1342376208.0,1342376464.0,1342376720.0,1342376976.0,8.0,1342439688.0,1342439944.0,1342440200.0,1342440456.0,1342440712.0,1342440968.0,1342441224.0,1342441480.0,4.0,0.0,0.0,0.0,0.0,8.0,17.0,17.0,17.0,1.0,1.0,1.0,1.0,1.0,16.0,100.0,100.0,100.0,100.0,100.0,100.0,100.0,100.0,100.0,100.0,100.0,100.0,100.0,100.0,100.0,100.0,2.0,45.0,45.0,1.0,0.0,4.0,80.0,245.0,1.0,0.0,8.0,0.0,252.0,24.0,0.0,0.0,0.0,85.0,122.0,5.0,143.0,1842.0,3.0,6.0,1.0,12.0,0.0,2624.0,0.0,0.0,0.0,0.0,0.0,0.0,0.0,0.0,0.0,0.0,8.0,44.0,0.0,0.0,0.0,0.0,0.0,0.0,0.0,2.0,4.0,0.0,8.0,0.0,0.0,0.0,0.0,0.0,0.0,0.0,0.0,0.0,0.0,0.0,655761.0,0.0,340444200.0,34044204.0,2.02,129.0,0.0,2000.0,65.0,0.0,0.0,0.0,0.0,0.0,0.0,0.0,1.0,0.0,0.0,0.0,0.0,0.0,0.0,0.0,0.0,0.0,0.0,0.0,0.0,0.0,0.0,0.0,0.0,0.0,0.0,1.0,0.0,0.0,0.0,0.0,0.0,0.0,0.0,0.0,0.0,0.0,0.0,0.0,0.0,0.0,0.0,0.0,0.0,0.0,0.0,0.0,0.0,0.0,0.0,0.0,0.0,0.0,0.0,0.0,0.0,0.0,0.0,0.0,0.0,0.0,0.0,0.0,0.0,0.0,0.0,0.0,0.0,0.0,0.0,0.0,0.0,10.995,2.499,0.0,0.0,0.0,0.0,0.0,0.0,1.0,1.0,0.0,0.0,2500.0,0.0,0.0,0.0,0.0,0.0,0.0,
132,0.0,0.0,0.0,0.0,0.0,0.0,3.0,1.0,1.0,1.0,3.0,1.0,1.0,1.0,4.0,1275.0,3408964.0,131072.0,0.0,2.0,1537.0,1409.0,5.0,513.0,255.0,0.0,0.0,0.0,5.0,769.0,255.0,0.0,0.0,0.0,5.0,1025.0,255.0,0.0,0.0,0.0,5.0,1281.0,254.0,0.0,0.0,0.0,2.0,1644167432.0,1644167688.0,4.0,1678835984.0,1678836240.0,1678836496.0,1678836752.0,4.0,1678837008.0,1678837264.0,1678837520.0,1678837776.0,1.0,537198856.0,5.0,417.0,254.0,0.0,0.0,0.0,5.0,449.0,254.0,0.0,0.0,0.0,5.0,481.0,254.0,0.0,0.0,0.0,5.0,673.0,254.0,0.0,0.0,0.0,5.0,705.0,254.0,0.0,0.0,0.0,5.0,737.0,254.0,0.0,0.0,0.0,5.0,929.0,254.0,0.0,0.0,0.0,4.0,1342177544.0,1342177800.0,1342178056.0,1342178312.0,8.0,1342243080.0,1342243336.0,1342243592.0,1342243848.0,1342244104.0,1342244360.0,1342244616.0,1342244872.0,4.0,1342308624.0,1342308880.0,1342309136.0,1342309392.0,4.0,1342374160.0,1342374416.0,1342374672.0,1342374928.0,4.0,1342375184.0,1342375440.0,1342375696.0,1342375952.0,4.0,1342376208.0,1342376464.0,1342376720.0,1342376976.0,8.0,1342439688.0,1342439944.0,1342440200.0,1342440456.0,1342440712.0,1342440968.0,1342441224.0,1342441480.0,4.0,0.0,0.0,0.0,0.0,8.0,17.0,17.0,17.0,1.0,1.0,1.0,1.0,1.0,16.0,100.0,100.0,100.0,100.0,100.0,100.0,100.0,100.0,100.0,100.0,100.0,100.0,100.0,100.0,100.0,100.0,2.0,45.0,45.0,1.0,0.0,4.0,80.0,245.0,1.0,0.0,8.0,0.0,252.0,24.0,0.0,0.0,0.0,85.0,122.0,5.0,143.0,1842.0,3.0,6.0,1.0,12.0,0.0,2624.0,0.0,0.0,0.0,0.0,0.0,0.0,0.0,0.0,0.0,0.0,8.0,44.0,0.0,0.0,0.0,0.0,0.0,0.0,0.0,2.0,4.0,0.0,8.0,0.0,0.0,0.0,0.0,0.0,0.0,0.0,0.0,0.0,0.0,0.0,655761.0,0.0,340444200.0,34044204.0,2.02,129.0,0.0,2000.0,65.0,0.0,0.0,0.0,0.0,0.0,0.0,0.0,1.0,0.0,0.0,0.0,0.0,0.0,0.0,0.0,0.0,0.0,0.0,0.0,0.0,0.0,0.0,0.0,0.0,0.0,0.0,1.0,0.0,0.0,0.0,0.0,0.0,0.0,0.0,0.0,0.0,0.0,0.0,0.0,0.0,0.0,0.0,0.0,0.0,0.0,0.0,0.0,0.0,0.0,0.0,0.0,0.0,0.0,0.0,0.0,0.0,0.0,0.0,0.0,0.0,0.0,0.0,0.0,0.0,0.0,0.0,0.0,0.0,0.0,0.0,0.0,0.0,10.995,2.499,0.0,0.0,0.0,0.0,0.0,0.0,1.0,1.0,0.0,0.0,2500.0,0.0,0.0,0.0,0.0,0.0,0.0,
137,0.0,0.0,0.0,0.0,0.0,0.0,3.0,1.0,1.0,1.0,3.0,1.0,1.0,1.0,4.0,1275.0,3408964.0,131072.0,0.0,2.0,1537.0,1409.0,5.0,513.0,255.0,0.0,0.0,0.0,5.0,769.0,255.0,0.0,0.0,0.0,5.0,1025.0,255.0,0.0,0.0,0.0,5.0,1281.0,254.0,0.0,0.0,0.0,2.0,1644167432.0,1644167688.0,4.0,1678835984.0,1678836240.0,1678836496.0,1678836752.0,4.0,1678837008.0,1678837264.0,1678837520.0,1678837776.0,1.0,537198856.0,5.0,417.0,254.0,0.0,0.0,0.0,5.0,449.0,254.0,0.0,0.0,0.0,5.0,481.0,254.0,0.0,0.0,0.0,5.0,673.0,254.0,0.0,0.0,0.0,5.0,705.0,254.0,0.0,0.0,0.0,5.0,737.0,254.0,0.0,0.0,0.0,5.0,929.0,254.0,0.0,0.0,0.0,4.0,1342177544.0,1342177800.0,1342178056.0,1342178312.0,8.0,1342243080.0,1342243336.0,1342243592.0,1342243848.0,1342244104.0,1342244360.0,1342244616.0,1342244872.0,4.0,1342308624.0,1342308880.0,1342309136.0,1342309392.0,4.0,1342374160.0,1342374416.0,1342374672.0,1342374928.0,4.0,1342375184.0,1342375440.0,1342375696.0,1342375952.0,4.0,1342376208.0,1342376464.0,1342376720.0,1342376976.0,8.0,1342439688.0,1342439944.0,1342440200.0,1342440456.0,1342440712.0,1342440968.0,1342441224.0,1342441480.0,4.0,0.0,0.0,0.0,0.0,8.0,17.0,17.0,17.0,1.0,1.0,1.0,1.0,1.0,16.0,100.0,100.0,100.0,100.0,100.0,100.0,100.0,100.0,100.0,100.0,100.0,100.0,100.0,100.0,100.0,100.0,2.0,45.0,45.0,1.0,0.0,4.0,80.0,245.0,1.0,0.0,8.0,0.0,252.0,24.0,0.0,0.0,0.0,85.0,122.0,5.0,143.0,1837.0,3.0,6.0,1.0,12.0,0.0,3153.0,0.0,0.0,0.0,0.0,0.0,0.0,0.0,0.0,0.0,0.0,8.0,44.0,0.0,0.0,0.0,0.0,0.0,0.0,0.0,2.0,4.0,0.0,8.0,0.0,0.0,0.0,0.0,0.0,0.0,0.0,0.0,0.0,0.0,0.0,655761.0,0.0,340444200.0,34044204.0,2.02,129.0,0.0,2000.0,65.0,0.0,0.0,0.0,0.0,0.0,0.0,0.0,1.0,0.0,0.0,0.0,0.0,0.0,0.0,0.0,0.0,0.0,0.0,0.0,0.0,0.0,0.0,0.0,0.0,0.0,0.0,1.0,0.0,0.0,0.0,0.0,0.0,0.0,0.0,0.0,0.0,0.0,0.0,0.0,0.0,0.0,0.0,0.0,0.0,0.0,0.0,0.0,0.0,0.0,0.0,0.0,0.0,0.0,0.0,0.0,0.0,0.0,0.0,0.0,0.0,0.0,0.0,0.0,0.0,0.0,0.0,0.0,0.0,0.0,0.0,0.0,0.0,10.319,2.999,0.0,0.0,0.0,0.0,0.0,0.0,1.0,1.0,0.0,0.0,3000.0,0.0,0.0,0.0,0.0,0.0,0.0,
138,0.0,0.0,0.0,0.0,0.0,0.0,3.0,1.0,1.0,1.0,3.0,1.0,1.0,1.0,4.0,1275.0,3408964.0,131072.0,0.0,2.0,1537.0,1409.0,5.0,513.0,255.0,0.0,0.0,0.0,5.0,769.0,255.0,0.0,0.0,0.0,5.0,1025.0,255.0,0.0,0.0,0.0,5.0,1281.0,254.0,0.0,0.0,0.0,2.0,1644167432.0,1644167688.0,4.0,1678835984.0,1678836240.0,1678836496.0,1678836752.0,4.0,1678837008.0,1678837264.0,1678837520.0,1678837776.0,1.0,537198856.0,5.0,417.0,254.0,0.0,0.0,0.0,5.0,449.0,254.0,0.0,0.0,0.0,5.0,481.0,254.0,0.0,0.0,0.0,5.0,673.0,254.0,0.0,0.0,0.0,5.0,705.0,254.0,0.0,0.0,0.0,5.0,737.0,254.0,0.0,0.0,0.0,5.0,929.0,254.0,0.0,0.0,0.0,4.0,1342177544.0,1342177800.0,1342178056.0,1342178312.0,8.0,1342243080.0,1342243336.0,1342243592.0,1342243848.0,1342244104.0,1342244360.0,1342244616.0,1342244872.0,4.0,1342308624.0,1342308880.0,1342309136.0,1342309392.0,4.0,1342374160.0,1342374416.0,1342374672.0,1342374928.0,4.0,1342375184.0,1342375440.0,1342375696.0,1342375952.0,4.0,1342376208.0,1342376464.0,1342376720.0,1342376976.0,8.0,1342439688.0,1342439944.0,1342440200.0,1342440456.0,1342440712.0,1342440968.0,1342441224.0,1342441480.0,4.0,0.0,0.0,0.0,0.0,8.0,17.0,17.0,17.0,1.0,1.0,1.0,1.0,1.0,16.0,100.0,100.0,100.0,100.0,100.0,100.0,100.0,100.0,100.0,100.0,100.0,100.0,100.0,100.0,100.0,100.0,2.0,45.0,45.0,1.0,0.0,4.0,80.0,245.0,1.0,0.0,8.0,0.0,252.0,24.0,0.0,0.0,0.0,85.0,122.0,5.0,143.0,1842.0,3.0,6.0,1.0,12.0,0.0,3153.0,0.0,0.0,0.0,0.0,0.0,0.0,0.0,0.0,0.0,0.0,8.0,44.0,0.0,0.0,0.0,0.0,0.0,0.0,0.0,2.0,4.0,0.0,8.0,0.0,0.0,0.0,0.0,0.0,0.0,0.0,0.0,0.0,0.0,0.0,655761.0,0.0,340444200.0,34044204.0,2.02,129.0,0.0,2000.0,65.0,0.0,0.0,0.0,0.0,0.0,0.0,0.0,1.0,0.0,0.0,0.0,0.0,0.0,0.0,0.0,0.0,0.0,0.0,0.0,0.0,0.0,0.0,0.0,0.0,0.0,0.0,1.0,0.0,0.0,0.0,0.0,0.0,0.0,0.0,0.0,0.0,0.0,0.0,0.0,0.0,0.0,0.0,0.0,0.0,0.0,0.0,0.0,0.0,0.0,0.0,0.0,0.0,0.0,0.0,0.0,0.0,0.0,0.0,0.0,0.0,0.0,0.0,0.0,0.0,0.0,0.0,0.0,0.0,0.0,0.0,0.0,0.0,10.32,2.999,0.0,0.0,0.0,0.0,0.0,0.0,1.0,1.0,0.0,0.0,3000.0,0.0,0.0,0.0,0.0,0.0,0.0,
139,0.0,0.0,0.0,0.0,0.0,0.0,3.0,1.0,1.0,1.0,3.0,1.0,1.0,1.0,4.0,1275.0,3408964.0,131072.0,0.0,2.0,1537.0,1409.0,5.0,513.0,255.0,0.0,0.0,0.0,5.0,769.0,255.0,0.0,0.0,0.0,5.0,1025.0,255.0,0.0,0.0,0.0,5.0,1281.0,254.0,0.0,0.0,0.0,2.0,1644167432.0,1644167688.0,4.0,1678835984.0,1678836240.0,1678836496.0,1678836752.0,4.0,1678837008.0,1678837264.0,1678837520.0,1678837776.0,1.0,537198856.0,5.0,417.0,254.0,0.0,0.0,0.0,5.0,449.0,254.0,0.0,0.0,0.0,5.0,481.0,254.0,0.0,0.0,0.0,5.0,673.0,254.0,0.0,0.0,0.0,5.0,705.0,254.0,0.0,0.0,0.0,5.0,737.0,254.0,0.0,0.0,0.0,5.0,929.0,254.0,0.0,0.0,0.0,4.0,1342177544.0,1342177800.0,1342178056.0,1342178312.0,8.0,1342243080.0,1342243336.0,1342243592.0,1342243848.0,1342244104.0,1342244360.0,1342244616.0,1342244872.0,4.0,1342308624.0,1342308880.0,1342309136.0,1342309392.0,4.0,1342374160.0,1342374416.0,1342374672.0,1342374928.0,4.0,1342375184.0,1342375440.0,1342375696.0,1342375952.0,4.0,1342376208.0,1342376464.0,1342376720.0,1342376976.0,8.0,1342439688.0,1342439944.0,1342440200.0,1342440456.0,1342440712.0,1342440968.0,1342441224.0,1342441480.0,4.0,0.0,0.0,0.0,0.0,8.0,17.0,17.0,17.0,1.0,1.0,1.0,1.0,1.0,16.0,100.0,100.0,100.0,100.0,100.0,100.0,100.0,100.0,100.0,100.0,100.0,100.0,100.0,100.0,100.0,100.0,2.0,45.0,45.0,1.0,0.0,4.0,80.0,245.0,1.0,0.0,8.0,0.0,252.0,24.0,0.0,0.0,0.0,85.0,122.0,5.0,143.0,1842.0,3.0,6.0,1.0,12.0,0.0,3153.0,0.0,0.0,0.0,0.0,0.0,0.0,0.0,0.0,0.0,0.0,8.0,44.0,0.0,0.0,0.0,0.0,0.0,0.0,0.0,2.0,4.0,0.0,8.0,0.0,0.0,0.0,0.0,0.0,0.0,0.0,0.0,0.0,0.0,0.0,655761.0,0.0,340444200.0,34044204.0,2.02,129.0,0.0,2000.0,65.0,0.0,0.0,0.0,0.0,0.0,0.0,0.0,1.0,0.0,0.0,0.0,0.0,0.0,0.0,0.0,0.0,0.0,0.0,0.0,0.0,0.0,0.0,0.0,0.0,0.0,0.0,1.0,0.0,0.0,0.0,0.0,0.0,0.0,0.0,0.0,0.0,0.0,0.0,0.0,0.0,0.0,0.0,0.0,0.0,0.0,0.0,0.0,0.0,0.0,0.0,0.0,0.0,0.0,0.0,0.0,0.0,0.0,0.0,0.0,0.0,0.0,0.0,0.0,0.0,0.0,0.0,0.0,0.0,0.0,0.0,0.0,0.0,10.32,2.999,0.0,0.0,0.0,0.0,0.0,0.0,1.0,1.0,0.0,0.0,3000.0,0.0,0.0,0.0,0.0,0.0,0.0,
144,0.0,0.0,0.0,0.0,0.0,0.0,3.0,1.0,1.0,1.0,3.0,1.0,1.0,1.0,4.0,1275.0,3408964.0,131072.0,0.0,2.0,1537.0,1409.0,5.0,513.0,255.0,0.0,0.0,0.0,5.0,769.0,255.0,0.0,0.0,0.0,5.0,1025.0,255.0,0.0,0.0,0.0,5.0,1281.0,254.0,0.0,0.0,0.0,2.0,1644167432.0,1644167688.0,4.0,1678835984.0,1678836240.0,1678836496.0,1678836752.0,4.0,1678837008.0,1678837264.0,1678837520.0,1678837776.0,1.0,537198856.0,5.0,417.0,254.0,0.0,0.0,0.0,5.0,449.0,254.0,0.0,0.0,0.0,5.0,481.0,254.0,0.0,0.0,0.0,5.0,673.0,254.0,0.0,0.0,0.0,5.0,705.0,254.0,0.0,0.0,0.0,5.0,737.0,254.0,0.0,0.0,0.0,5.0,929.0,254.0,0.0,0.0,0.0,4.0,1342177544.0,1342177800.0,1342178056.0,1342178312.0,8.0,1342243080.0,1342243336.0,1342243592.0,1342243848.0,1342244104.0,1342244360.0,1342244616.0,1342244872.0,4.0,1342308624.0,1342308880.0,1342309136.0,1342309392.0,4.0,1342374160.0,1342374416.0,1342374672.0,1342374928.0,4.0,1342375184.0,1342375440.0,1342375696.0,1342375952.0,4.0,1342376208.0,1342376464.0,1342376720.0,1342376976.0,8.0,1342439688.0,1342439944.0,1342440200.0,1342440456.0,1342440712.0,1342440968.0,1342441224.0,1342441480.0,4.0,0.0,0.0,0.0,0.0,8.0,17.0,17.0,17.0,1.0,1.0,1.0,1.0,1.0,16.0,100.0,100.0,100.0,100.0,100.0,100.0,100.0,100.0,100.0,100.0,100.0,100.0,100.0,100.0,100.0,100.0,2.0,45.0,45.0,1.0,0.0,4.0,80.0,245.0,1.0,0.0,8.0,0.0,252.0,24.0,0.0,0.0,0.0,85.0,122.0,5.0,143.0,1842.0,3.0,6.0,1.0,12.0,0.0,3687.0,0.0,0.0,0.0,0.0,0.0,0.0,0.0,0.0,0.0,0.0,8.0,44.0,0.0,0.0,0.0,0.0,0.0,0.0,0.0,2.0,4.0,0.0,8.0,0.0,0.0,0.0,0.0,0.0,0.0,0.0,0.0,0.0,0.0,0.0,655761.0,0.0,340444200.0,34044204.0,2.02,129.0,0.0,2000.0,65.0,0.0,0.0,0.0,0.0,0.0,0.0,0.0,1.0,0.0,0.0,0.0,0.0,0.0,0.0,0.0,0.0,0.0,0.0,0.0,0.0,0.0,0.0,0.0,0.0,0.0,0.0,1.0,0.0,0.0,0.0,0.0,0.0,0.0,0.0,0.0,0.0,0.0,0.0,0.0,0.0,0.0,0.0,0.0,0.0,0.0,0.0,0.0,0.0,0.0,0.0,0.0,0.0,0.0,0.0,0.0,0.0,0.0,0.0,0.0,0.0,0.0,0.0,0.0,0.0,0.0,0.0,0.0,0.0,0.0,0.0,0.0,0.0,9.634,3.499,0.0,0.0,0.0,0.0,0.0,0.0,1.0,1.0,0.0,0.0,3500.0,0.0,0.0,0.0,0.0,0.0,0.0,
145,0.0,0.0,0.0,0.0,0.0,0.0,3.0,1.0,1.0,1.0,3.0,1.0,1.0,1.0,4.0,1275.0,3408964.0,131072.0,0.0,2.0,1537.0,1409.0,5.0,513.0,255.0,0.0,0.0,0.0,5.0,769.0,255.0,0.0,0.0,0.0,5.0,1025.0,255.0,0.0,0.0,0.0,5.0,1281.0,254.0,0.0,0.0,0.0,2.0,1644167432.0,1644167688.0,4.0,1678835984.0,1678836240.0,1678836496.0,1678836752.0,4.0,1678837008.0,1678837264.0,1678837520.0,1678837776.0,1.0,537198856.0,5.0,417.0,254.0,0.0,0.0,0.0,5.0,449.0,254.0,0.0,0.0,0.0,5.0,481.0,254.0,0.0,0.0,0.0,5.0,673.0,254.0,0.0,0.0,0.0,5.0,705.0,254.0,0.0,0.0,0.0,5.0,737.0,254.0,0.0,0.0,0.0,5.0,929.0,254.0,0.0,0.0,0.0,4.0,1342177544.0,1342177800.0,1342178056.0,1342178312.0,8.0,1342243080.0,1342243336.0,1342243592.0,1342243848.0,1342244104.0,1342244360.0,1342244616.0,1342244872.0,4.0,1342308624.0,1342308880.0,1342309136.0,1342309392.0,4.0,1342374160.0,1342374416.0,1342374672.0,1342374928.0,4.0,1342375184.0,1342375440.0,1342375696.0,1342375952.0,4.0,1342376208.0,1342376464.0,1342376720.0,1342376976.0,8.0,1342439688.0,1342439944.0,1342440200.0,1342440456.0,1342440712.0,1342440968.0,1342441224.0,1342441480.0,4.0,0.0,0.0,0.0,0.0,8.0,17.0,17.0,17.0,1.0,1.0,1.0,1.0,1.0,16.0,100.0,100.0,100.0,100.0,100.0,100.0,100.0,100.0,100.0,100.0,100.0,100.0,100.0,100.0,100.0,100.0,2.0,45.0,45.0,1.0,0.0,4.0,80.0,245.0,1.0,0.0,8.0,0.0,252.0,24.0,0.0,0.0,0.0,85.0,122.0,5.0,143.0,1842.0,3.0,6.0,1.0,12.0,0.0,3687.0,0.0,0.0,0.0,0.0,0.0,0.0,0.0,0.0,0.0,0.0,8.0,44.0,0.0,0.0,0.0,0.0,0.0,0.0,0.0,2.0,4.0,0.0,8.0,0.0,0.0,0.0,0.0,0.0,0.0,0.0,0.0,0.0,0.0,0.0,655761.0,0.0,340444200.0,34044204.0,2.02,129.0,0.0,2000.0,65.0,0.0,0.0,0.0,0.0,0.0,0.0,0.0,1.0,0.0,0.0,0.0,0.0,0.0,0.0,0.0,0.0,0.0,0.0,0.0,0.0,0.0,0.0,0.0,0.0,0.0,0.0,1.0,0.0,0.0,0.0,0.0,0.0,0.0,0.0,0.0,0.0,0.0,0.0,0.0,0.0,0.0,0.0,0.0,0.0,0.0,0.0,0.0,0.0,0.0,0.0,0.0,0.0,0.0,0.0,0.0,0.0,0.0,0.0,0.0,0.0,0.0,0.0,0.0,0.0,0.0,0.0,0.0,0.0,0.0,0.0,0.0,0.0,9.635,3.499,0.0,0.0,0.0,0.0,0.0,0.0,1.0,1.0,0.0,0.0,3500.0,0.0,0.0,0.0,0.0,0.0,0.0,
146,0.0,0.0,0.0,0.0,0.0,0.0,3.0,1.0,1.0,1.0,3.0,1.0,1.0,1.0,4.0,1275.0,3408964.0,131072.0,0.0,2.0,1537.0,1409.0,5.0,513.0,255.0,0.0,0.0,0.0,5.0,769.0,255.0,0.0,0.0,0.0,5.0,1025.0,255.0,0.0,0.0,0.0,5.0,1281.0,254.0,0.0,0.0,0.0,2.0,1644167432.0,1644167688.0,4.0,1678835984.0,1678836240.0,1678836496.0,1678836752.0,4.0,1678837008.0,1678837264.0,1678837520.0,1678837776.0,1.0,537198856.0,5.0,417.0,254.0,0.0,0.0,0.0,5.0,449.0,254.0,0.0,0.0,0.0,5.0,481.0,254.0,0.0,0.0,0.0,5.0,673.0,254.0,0.0,0.0,0.0,5.0,705.0,254.0,0.0,0.0,0.0,5.0,737.0,254.0,0.0,0.0,0.0,5.0,929.0,254.0,0.0,0.0,0.0,4.0,1342177544.0,1342177800.0,1342178056.0,1342178312.0,8.0,1342243080.0,1342243336.0,1342243592.0,1342243848.0,1342244104.0,1342244360.0,1342244616.0,1342244872.0,4.0,1342308624.0,1342308880.0,1342309136.0,1342309392.0,4.0,1342374160.0,1342374416.0,1342374672.0,1342374928.0,4.0,1342375184.0,1342375440.0,1342375696.0,1342375952.0,4.0,1342376208.0,1342376464.0,1342376720.0,1342376976.0,8.0,1342439688.0,1342439944.0,1342440200.0,1342440456.0,1342440712.0,1342440968.0,1342441224.0,1342441480.0,4.0,0.0,0.0,0.0,0.0,8.0,17.0,17.0,17.0,1.0,1.0,1.0,1.0,1.0,16.0,100.0,100.0,100.0,100.0,100.0,100.0,100.0,100.0,100.0,100.0,100.0,100.0,100.0,100.0,100.0,100.0,2.0,45.0,45.0,1.0,0.0,4.0,80.0,245.0,1.0,0.0,8.0,0.0,252.0,24.0,0.0,0.0,0.0,85.0,122.0,5.0,143.0,1842.0,3.0,6.0,1.0,12.0,0.0,3687.0,0.0,0.0,0.0,0.0,0.0,0.0,0.0,0.0,0.0,0.0,8.0,44.0,0.0,0.0,0.0,0.0,0.0,0.0,0.0,2.0,4.0,0.0,8.0,0.0,0.0,0.0,0.0,0.0,0.0,0.0,0.0,0.0,0.0,0.0,655761.0,0.0,340444200.0,34044204.0,2.02,129.0,0.0,2000.0,65.0,0.0,0.0,0.0,0.0,0.0,0.0,0.0,1.0,0.0,0.0,0.0,0.0,0.0,0.0,0.0,0.0,0.0,0.0,0.0,0.0,0.0,0.0,0.0,0.0,0.0,0.0,1.0,0.0,0.0,0.0,0.0,0.0,0.0,0.0,0.0,0.0,0.0,0.0,0.0,0.0,0.0,0.0,0.0,0.0,0.0,0.0,0.0,0.0,0.0,0.0,0.0,0.0,0.0,0.0,0.0,0.0,0.0,0.0,0.0,0.0,0.0,0.0,0.0,0.0,0.0,0.0,0.0,0.0,0.0,0.0,0.0,0.0,9.635,3.499,0.0,0.0,0.0,0.0,0.0,0.0,1.0,1.0,0.0,0.0,3500.0,0.0,0.0,0.0,0.0,0.0,0.0,
151,0.0,0.0,0.0,0.0,0.0,0.0,3.0,1.0,1.0,1.0,3.0,1.0,1.0,1.0,4.0,1275.0,3408964.0,131072.0,0.0,2.0,1537.0,1409.0,5.0,513.0,255.0,0.0,0.0,0.0,5.0,769.0,255.0,0.0,0.0,0.0,5.0,1025.0,255.0,0.0,0.0,0.0,5.0,1281.0,254.0,0.0,0.0,0.0,2.0,1644167432.0,1644167688.0,4.0,1678835984.0,1678836240.0,1678836496.0,1678836752.0,4.0,1678837008.0,1678837264.0,1678837520.0,1678837776.0,1.0,537198856.0,5.0,417.0,254.0,0.0,0.0,0.0,5.0,449.0,254.0,0.0,0.0,0.0,5.0,481.0,254.0,0.0,0.0,0.0,5.0,673.0,254.0,0.0,0.0,0.0,5.0,705.0,254.0,0.0,0.0,0.0,5.0,737.0,254.0,0.0,0.0,0.0,5.0,929.0,254.0,0.0,0.0,0.0,4.0,1342177544.0,1342177800.0,1342178056.0,1342178312.0,8.0,1342243080.0,1342243336.0,1342243592.0,1342243848.0,1342244104.0,1342244360.0,1342244616.0,1342244872.0,4.0,1342308624.0,1342308880.0,1342309136.0,1342309392.0,4.0,1342374160.0,1342374416.0,1342374672.0,1342374928.0,4.0,1342375184.0,1342375440.0,1342375696.0,1342375952.0,4.0,1342376208.0,1342376464.0,1342376720.0,1342376976.0,8.0,1342439688.0,1342439944.0,1342440200.0,1342440456.0,1342440712.0,1342440968.0,1342441224.0,1342441480.0,4.0,0.0,0.0,0.0,0.0,8.0,17.0,17.0,17.0,1.0,1.0,1.0,1.0,1.0,16.0,100.0,100.0,100.0,100.0,100.0,100.0,100.0,100.0,100.0,100.0,100.0,100.0,100.0,100.0,100.0,100.0,2.0,45.0,45.0,1.0,0.0,4.0,80.0,245.0,1.0,0.0,8.0,0.0,252.0,24.0,0.0,0.0,0.0,85.0,122.0,5.0,143.0,1842.0,3.0,6.0,1.0,12.0,0.0,4224.0,0.0,0.0,0.0,0.0,0.0,0.0,0.0,0.0,0.0,0.0,8.0,44.0,0.0,0.0,0.0,0.0,0.0,0.0,0.0,2.0,4.0,0.0,8.0,0.0,0.0,0.0,0.0,0.0,0.0,0.0,0.0,0.0,0.0,0.0,655761.0,0.0,340444200.0,34044204.0,2.02,129.0,0.0,2000.0,65.0,0.0,0.0,0.0,0.0,0.0,0.0,0.0,1.0,0.0,0.0,0.0,0.0,0.0,0.0,0.0,0.0,0.0,0.0,0.0,0.0,0.0,0.0,0.0,0.0,0.0,0.0,1.0,0.0,0.0,0.0,0.0,0.0,0.0,0.0,0.0,0.0,0.0,0.0,0.0,0.0,0.0,0.0,0.0,0.0,0.0,0.0,0.0,0.0,0.0,0.0,0.0,0.0,0.0,0.0,0.0,0.0,0.0,0.0,0.0,0.0,0.0,0.0,0.0,0.0,0.0,0.0,0.0,0.0,0.0,0.0,0.0,0.0,8.957,4.001,0.0,0.0,0.0,0.0,0.0,0.0,1.0,1.0,0.0,0.0,4000.0,0.0,0.0,0.0,0.0,0.0,0.0,
152,0.0,0.0,0.0,0.0,0.0,0.0,3.0,1.0,1.0,1.0,3.0,1.0,1.0,1.0,4.0,1275.0,3408964.0,131072.0,0.0,2.0,1537.0,1409.0,5.0,513.0,255.0,0.0,0.0,0.0,5.0,769.0,255.0,0.0,0.0,0.0,5.0,1025.0,255.0,0.0,0.0,0.0,5.0,1281.0,254.0,0.0,0.0,0.0,2.0,1644167432.0,1644167688.0,4.0,1678835984.0,1678836240.0,1678836496.0,1678836752.0,4.0,1678837008.0,1678837264.0,1678837520.0,1678837776.0,1.0,537198856.0,5.0,417.0,254.0,0.0,0.0,0.0,5.0,449.0,254.0,0.0,0.0,0.0,5.0,481.0,254.0,0.0,0.0,0.0,5.0,673.0,254.0,0.0,0.0,0.0,5.0,705.0,254.0,0.0,0.0,0.0,5.0,737.0,254.0,0.0,0.0,0.0,5.0,929.0,254.0,0.0,0.0,0.0,4.0,1342177544.0,1342177800.0,1342178056.0,1342178312.0,8.0,1342243080.0,1342243336.0,1342243592.0,1342243848.0,1342244104.0,1342244360.0,1342244616.0,1342244872.0,4.0,1342308624.0,1342308880.0,1342309136.0,1342309392.0,4.0,1342374160.0,1342374416.0,1342374672.0,1342374928.0,4.0,1342375184.0,1342375440.0,1342375696.0,1342375952.0,4.0,1342376208.0,1342376464.0,1342376720.0,1342376976.0,8.0,1342439688.0,1342439944.0,1342440200.0,1342440456.0,1342440712.0,1342440968.0,1342441224.0,1342441480.0,4.0,0.0,0.0,0.0,0.0,8.0,17.0,17.0,17.0,1.0,1.0,1.0,1.0,1.0,16.0,100.0,100.0,100.0,100.0,100.0,100.0,100.0,100.0,100.0,100.0,100.0,100.0,100.0,100.0,100.0,100.0,2.0,45.0,45.0,1.0,0.0,4.0,80.0,245.0,1.0,0.0,8.0,0.0,252.0,24.0,0.0,0.0,0.0,85.0,122.0,5.0,143.0,1842.0,3.0,6.0,1.0,12.0,0.0,4224.0,0.0,0.0,0.0,0.0,0.0,0.0,0.0,0.0,0.0,0.0,8.0,44.0,0.0,0.0,0.0,0.0,0.0,0.0,0.0,2.0,4.0,0.0,8.0,0.0,0.0,0.0,0.0,0.0,0.0,0.0,0.0,0.0,0.0,0.0,655761.0,0.0,340444200.0,34044204.0,2.02,129.0,0.0,2000.0,65.0,0.0,0.0,0.0,0.0,0.0,0.0,0.0,1.0,0.0,0.0,0.0,0.0,0.0,0.0,0.0,0.0,0.0,0.0,0.0,0.0,0.0,0.0,0.0,0.0,0.0,0.0,1.0,0.0,0.0,0.0,0.0,0.0,0.0,0.0,0.0,0.0,0.0,0.0,0.0,0.0,0.0,0.0,0.0,0.0,0.0,0.0,0.0,0.0,0.0,0.0,0.0,0.0,0.0,0.0,0.0,0.0,0.0,0.0,0.0,0.0,0.0,0.0,0.0,0.0,0.0,0.0,0.0,0.0,0.0,0.0,0.0,0.0,8.959,4.001,0.0,0.0,0.0,0.0,0.0,0.0,1.0,1.0,0.0,0.0,4000.0,0.0,0.0,0.0,0.0,0.0,0.0,
153,0.0,0.0,0.0,0.0,0.0,0.0,3.0,1.0,1.0,1.0,3.0,1.0,1.0,1.0,4.0,1275.0,3408964.0,131072.0,0.0,2.0,1537.0,1409.0,5.0,513.0,255.0,0.0,0.0,0.0,5.0,769.0,255.0,0.0,0.0,0.0,5.0,1025.0,255.0,0.0,0.0,0.0,5.0,1281.0,254.0,0.0,0.0,0.0,2.0,1644167432.0,1644167688.0,4.0,1678835984.0,1678836240.0,1678836496.0,1678836752.0,4.0,1678837008.0,1678837264.0,1678837520.0,1678837776.0,1.0,537198856.0,5.0,417.0,254.0,0.0,0.0,0.0,5.0,449.0,254.0,0.0,0.0,0.0,5.0,481.0,254.0,0.0,0.0,0.0,5.0,673.0,254.0,0.0,0.0,0.0,5.0,705.0,254.0,0.0,0.0,0.0,5.0,737.0,254.0,0.0,0.0,0.0,5.0,929.0,254.0,0.0,0.0,0.0,4.0,1342177544.0,1342177800.0,1342178056.0,1342178312.0,8.0,1342243080.0,1342243336.0,1342243592.0,1342243848.0,1342244104.0,1342244360.0,1342244616.0,1342244872.0,4.0,1342308624.0,1342308880.0,1342309136.0,1342309392.0,4.0,1342374160.0,1342374416.0,1342374672.0,1342374928.0,4.0,1342375184.0,1342375440.0,1342375696.0,1342375952.0,4.0,1342376208.0,1342376464.0,1342376720.0,1342376976.0,8.0,1342439688.0,1342439944.0,1342440200.0,1342440456.0,1342440712.0,1342440968.0,1342441224.0,1342441480.0,4.0,0.0,0.0,0.0,0.0,8.0,17.0,17.0,17.0,1.0,1.0,1.0,1.0,1.0,16.0,100.0,100.0,100.0,100.0,100.0,100.0,100.0,100.0,100.0,100.0,100.0,100.0,100.0,100.0,100.0,100.0,2.0,45.0,45.0,1.0,0.0,4.0,80.0,245.0,1.0,0.0,8.0,0.0,252.0,24.0,0.0,0.0,0.0,85.0,122.0,5.0,143.0,1842.0,3.0,6.0,1.0,12.0,0.0,4224.0,0.0,0.0,0.0,0.0,0.0,0.0,0.0,0.0,0.0,0.0,8.0,44.0,0.0,0.0,0.0,0.0,0.0,0.0,0.0,2.0,4.0,0.0,8.0,0.0,0.0,0.0,0.0,0.0,0.0,0.0,0.0,0.0,0.0,0.0,655761.0,0.0,340444200.0,34044204.0,2.02,129.0,0.0,2000.0,65.0,0.0,0.0,0.0,0.0,0.0,0.0,0.0,1.0,0.0,0.0,0.0,0.0,0.0,0.0,0.0,0.0,0.0,0.0,0.0,0.0,0.0,0.0,0.0,0.0,0.0,0.0,1.0,0.0,0.0,0.0,0.0,0.0,0.0,0.0,0.0,0.0,0.0,0.0,0.0,0.0,0.0,0.0,0.0,0.0,0.0,0.0,0.0,0.0,0.0,0.0,0.0,0.0,0.0,0.0,0.0,0.0,0.0,0.0,0.0,0.0,0.0,0.0,0.0,0.0,0.0,0.0,0.0,0.0,0.0,0.0,0.0,0.0,8.959,4.001,0.0,0.0,0.0,0.0,0.0,0.0,1.0,1.0,0.0,0.0,4000.0,0.0,0.0,0.0,0.0,0.0,0.0,
158,0.0,0.0,0.0,0.0,0.0,0.0,3.0,1.0,1.0,1.0,3.0,1.0,1.0,1.0,4.0,1275.0,3408964.0,131072.0,0.0,2.0,1537.0,1409.0,5.0,513.0,255.0,0.0,0.0,0.0,5.0,769.0,255.0,0.0,0.0,0.0,5.0,1025.0,255.0,0.0,0.0,0.0,5.0,1281.0,254.0,0.0,0.0,0.0,2.0,1644167432.0,1644167688.0,4.0,1678835984.0,1678836240.0,1678836496.0,1678836752.0,4.0,1678837008.0,1678837264.0,1678837520.0,1678837776.0,1.0,537198856.0,5.0,417.0,254.0,0.0,0.0,0.0,5.0,449.0,254.0,0.0,0.0,0.0,5.0,481.0,254.0,0.0,0.0,0.0,5.0,673.0,254.0,0.0,0.0,0.0,5.0,705.0,254.0,0.0,0.0,0.0,5.0,737.0,254.0,0.0,0.0,0.0,5.0,929.0,254.0,0.0,0.0,0.0,4.0,1342177544.0,1342177800.0,1342178056.0,1342178312.0,8.0,1342243080.0,1342243336.0,1342243592.0,1342243848.0,1342244104.0,1342244360.0,1342244616.0,1342244872.0,4.0,1342308624.0,1342308880.0,1342309136.0,1342309392.0,4.0,1342374160.0,1342374416.0,1342374672.0,1342374928.0,4.0,1342375184.0,1342375440.0,1342375696.0,1342375952.0,4.0,1342376208.0,1342376464.0,1342376720.0,1342376976.0,8.0,1342439688.0,1342439944.0,1342440200.0,1342440456.0,1342440712.0,1342440968.0,1342441224.0,1342441480.0,4.0,0.0,0.0,0.0,0.0,8.0,17.0,17.0,17.0,1.0,1.0,1.0,1.0,1.0,16.0,100.0,100.0,100.0,100.0,100.0,100.0,100.0,100.0,100.0,100.0,100.0,100.0,100.0,100.0,100.0,100.0,2.0,45.0,45.0,1.0,0.0,4.0,80.0,245.0,1.0,0.0,8.0,0.0,252.0,40.0,0.0,0.0,0.0,85.0,122.0,5.0,145.0,1842.0,3.0,6.0,1.0,12.0,0.0,0.0,0.0,0.0,0.0,0.0,0.0,0.0,0.0,0.0,0.0,0.0,8.0,44.0,0.0,0.0,0.0,0.0,0.0,0.0,0.0,2.0,4.0,0.0,8.0,0.0,0.0,0.0,0.0,0.0,0.0,0.0,0.0,0.0,0.0,0.0,655761.0,0.0,340444200.0,34044204.0,2.02,129.0,0.0,2000.0,65.0,0.0,0.0,0.0,0.0,0.0,0.0,0.0,1.0,0.0,0.0,0.0,0.0,0.0,0.0,0.0,0.0,0.0,0.0,0.0,0.0,0.0,0.0,0.0,0.0,0.0,0.0,1.0,0.0,0.0,0.0,0.0,0.0,0.0,0.0,0.0,0.0,0.0,0.0,0.0,0.0,0.0,0.0,0.0,0.0,0.0,0.0,0.0,0.0,0.0,0.0,0.0,0.0,0.0,0.0,0.0,0.0,0.0,0.0,0.0,0.0,0.0,0.0,0.0,0.0,0.0,0.0,0.0,0.0,0.0,0.0,0.0,0.0,0.0,0.0,0.0,0.0,0.0,0.0,0.0,0.0,1.0,1.0,0.0,0.0,4500.0,0.0,0.0,0.0,0.0,0.0,0.0,
159,0.0,0.0,0.0,0.0,0.0,0.0,3.0,1.0,1.0,1.0,3.0,1.0,1.0,1.0,4.0,1275.0,3408964.0,131072.0,0.0,2.0,1537.0,1409.0,5.0,513.0,255.0,0.0,0.0,0.0,5.0,769.0,255.0,0.0,0.0,0.0,5.0,1025.0,255.0,0.0,0.0,0.0,5.0,1281.0,254.0,0.0,0.0,0.0,2.0,1644167432.0,1644167688.0,4.0,1678835984.0,1678836240.0,1678836496.0,1678836752.0,4.0,1678837008.0,1678837264.0,1678837520.0,1678837776.0,1.0,537198856.0,5.0,417.0,254.0,0.0,0.0,0.0,5.0,449.0,254.0,0.0,0.0,0.0,5.0,481.0,254.0,0.0,0.0,0.0,5.0,673.0,254.0,0.0,0.0,0.0,5.0,705.0,254.0,0.0,0.0,0.0,5.0,737.0,254.0,0.0,0.0,0.0,5.0,929.0,254.0,0.0,0.0,0.0,4.0,1342177544.0,1342177800.0,1342178056.0,1342178312.0,8.0,1342243080.0,1342243336.0,1342243592.0,1342243848.0,1342244104.0,1342244360.0,1342244616.0,1342244872.0,4.0,1342308624.0,1342308880.0,1342309136.0,1342309392.0,4.0,1342374160.0,1342374416.0,1342374672.0,1342374928.0,4.0,1342375184.0,1342375440.0,1342375696.0,1342375952.0,4.0,1342376208.0,1342376464.0,1342376720.0,1342376976.0,8.0,1342439688.0,1342439944.0,1342440200.0,1342440456.0,1342440712.0,1342440968.0,1342441224.0,1342441480.0,4.0,0.0,0.0,0.0,0.0,8.0,17.0,17.0,17.0,1.0,1.0,1.0,1.0,1.0,16.0,100.0,100.0,100.0,100.0,100.0,100.0,100.0,100.0,100.0,100.0,100.0,100.0,100.0,100.0,100.0,100.0,2.0,45.0,45.0,1.0,0.0,4.0,80.0,245.0,1.0,0.0,8.0,0.0,252.0,40.0,0.0,0.0,0.0,85.0,122.0,5.0,145.0,1842.0,3.0,6.0,1.0,12.0,0.0,0.0,0.0,0.0,0.0,0.0,0.0,0.0,0.0,0.0,0.0,0.0,8.0,44.0,0.0,0.0,0.0,0.0,0.0,0.0,0.0,2.0,4.0,0.0,8.0,0.0,0.0,0.0,0.0,0.0,0.0,0.0,0.0,0.0,0.0,0.0,655761.0,0.0,340444200.0,34044204.0,2.02,129.0,0.0,2000.0,65.0,0.0,0.0,0.0,0.0,0.0,0.0,0.0,1.0,0.0,0.0,0.0,0.0,0.0,0.0,0.0,0.0,0.0,0.0,0.0,0.0,0.0,0.0,0.0,0.0,0.0,0.0,1.0,0.0,0.0,0.0,0.0,0.0,0.0,0.0,0.0,0.0,0.0,0.0,0.0,0.0,0.0,0.0,0.0,0.0,0.0,0.0,0.0,0.0,0.0,0.0,0.0,0.0,0.0,0.0,0.0,0.0,0.0,0.0,0.0,0.0,0.0,0.0,0.0,0.0,0.0,0.0,0.0,0.0,0.0,0.0,0.0,0.0,0.0,0.0,0.0,0.0,0.0,0.0,0.0,0.0,1.0,1.0,0.0,0.0,4500.0,0.0,0.0,0.0,0.0,0.0,0.0,
160,0.0,0.0,0.0,0.0,0.0,0.0,3.0,1.0,1.0,1.0,3.0,1.0,1.0,1.0,4.0,1275.0,3408964.0,131072.0,0.0,2.0,1537.0,1409.0,5.0,513.0,255.0,0.0,0.0,0.0,5.0,769.0,255.0,0.0,0.0,0.0,5.0,1025.0,255.0,0.0,0.0,0.0,5.0,1281.0,254.0,0.0,0.0,0.0,2.0,1644167432.0,1644167688.0,4.0,1678835984.0,1678836240.0,1678836496.0,1678836752.0,4.0,1678837008.0,1678837264.0,1678837520.0,1678837776.0,1.0,537198856.0,5.0,417.0,254.0,0.0,0.0,0.0,5.0,449.0,254.0,0.0,0.0,0.0,5.0,481.0,254.0,0.0,0.0,0.0,5.0,673.0,254.0,0.0,0.0,0.0,5.0,705.0,254.0,0.0,0.0,0.0,5.0,737.0,254.0,0.0,0.0,0.0,5.0,929.0,254.0,0.0,0.0,0.0,4.0,1342177544.0,1342177800.0,1342178056.0,1342178312.0,8.0,1342243080.0,1342243336.0,1342243592.0,1342243848.0,1342244104.0,1342244360.0,1342244616.0,1342244872.0,4.0,1342308624.0,1342308880.0,1342309136.0,1342309392.0,4.0,1342374160.0,1342374416.0,1342374672.0,1342374928.0,4.0,1342375184.0,1342375440.0,1342375696.0,1342375952.0,4.0,1342376208.0,1342376464.0,1342376720.0,1342376976.0,8.0,1342439688.0,1342439944.0,1342440200.0,1342440456.0,1342440712.0,1342440968.0,1342441224.0,1342441480.0,4.0,0.0,0.0,0.0,0.0,8.0,17.0,17.0,17.0,1.0,1.0,1.0,1.0,1.0,16.0,100.0,100.0,100.0,100.0,100.0,100.0,100.0,100.0,100.0,100.0,100.0,100.0,100.0,100.0,100.0,100.0,2.0,45.0,45.0,1.0,0.0,4.0,80.0,245.0,1.0,0.0,8.0,0.0,252.0,40.0,0.0,0.0,0.0,85.0,122.0,5.0,145.0,1842.0,3.0,6.0,1.0,12.0,0.0,0.0,0.0,0.0,0.0,0.0,0.0,0.0,0.0,0.0,0.0,0.0,8.0,44.0,0.0,0.0,0.0,0.0,0.0,0.0,0.0,2.0,4.0,0.0,8.0,0.0,0.0,0.0,0.0,0.0,0.0,0.0,0.0,0.0,0.0,0.0,655761.0,0.0,340444200.0,34044204.0,2.02,129.0,0.0,2000.0,65.0,0.0,0.0,0.0,0.0,0.0,0.0,0.0,1.0,0.0,0.0,0.0,0.0,0.0,0.0,0.0,0.0,0.0,0.0,0.0,0.0,0.0,0.0,0.0,0.0,0.0,0.0,1.0,0.0,0.0,0.0,0.0,0.0,0.0,0.0,0.0,0.0,0.0,0.0,0.0,0.0,0.0,0.0,0.0,0.0,0.0,0.0,0.0,0.0,0.0,0.0,0.0,0.0,0.0,0.0,0.0,0.0,0.0,0.0,0.0,0.0,0.0,0.0,0.0,0.0,0.0,0.0,0.0,0.0,0.0,0.0,0.0,0.0,0.0,0.0,0.0,0.0,0.0,0.0,0.0,0.0,1.0,1.0,0.0,0.0,4500.0,0.0,0.0,0.0,0.0,0.0,0.0,
163,0.0,0.0,0.0,0.0,0.0,0.0,3.0,1.0,1.0,1.0,3.0,1.0,1.0,1.0,4.0,1275.0,3408964.0,131072.0,0.0,2.0,1537.0,1409.0,5.0,513.0,255.0,0.0,0.0,0.0,5.0,769.0,255.0,0.0,0.0,0.0,5.0,1025.0,255.0,0.0,0.0,0.0,5.0,1281.0,254.0,0.0,0.0,0.0,2.0,1644167432.0,1644167688.0,4.0,1678835984.0,1678836240.0,1678836496.0,1678836752.0,4.0,1678837008.0,1678837264.0,1678837520.0,1678837776.0,1.0,537198856.0,5.0,417.0,254.0,0.0,0.0,0.0,5.0,449.0,254.0,0.0,0.0,0.0,5.0,481.0,254.0,0.0,0.0,0.0,5.0,673.0,254.0,0.0,0.0,0.0,5.0,705.0,254.0,0.0,0.0,0.0,5.0,737.0,254.0,0.0,0.0,0.0,5.0,929.0,254.0,0.0,0.0,0.0,4.0,1342177544.0,1342177800.0,1342178056.0,1342178312.0,8.0,1342243080.0,1342243336.0,1342243592.0,1342243848.0,1342244104.0,1342244360.0,1342244616.0,1342244872.0,4.0,1342308624.0,1342308880.0,1342309136.0,1342309392.0,4.0,1342374160.0,1342374416.0,1342374672.0,1342374928.0,4.0,1342375184.0,1342375440.0,1342375696.0,1342375952.0,4.0,1342376208.0,1342376464.0,1342376720.0,1342376976.0,8.0,1342439688.0,1342439944.0,1342440200.0,1342440456.0,1342440712.0,1342440968.0,1342441224.0,1342441480.0,4.0,0.0,0.0,0.0,0.0,8.0,17.0,17.0,17.0,1.0,1.0,1.0,1.0,1.0,16.0,100.0,100.0,100.0,100.0,100.0,100.0,100.0,100.0,100.0,100.0,100.0,100.0,100.0,100.0,100.0,100.0,2.0,45.0,45.0,1.0,0.0,4.0,80.0,245.0,1.0,0.0,8.0,0.0,252.0,40.0,0.0,0.0,0.0,85.0,122.0,5.0,145.0,1842.0,3.0,6.0,1.0,12.0,0.0,0.0,0.0,0.0,0.0,0.0,0.0,0.0,0.0,0.0,0.0,0.0,8.0,44.0,0.0,0.0,0.0,0.0,0.0,0.0,0.0,2.0,0.0,0.0,8.0,0.0,0.0,0.0,0.0,0.0,0.0,0.0,0.0,0.0,0.0,0.0,655761.0,0.0,340444200.0,34044204.0,2.02,129.0,0.0,2000.0,65.0,0.0,0.0,0.0,0.0,0.0,0.0,0.0,1.0,0.0,0.0,0.0,0.0,0.0,0.0,0.0,0.0,0.0,0.0,0.0,0.0,0.0,0.0,0.0,0.0,0.0,0.0,0.0,0.0,0.0,0.0,0.0,0.0,0.0,0.0,0.0,0.0,0.0,0.0,0.0,0.0,0.0,0.0,0.0,0.0,0.0,0.0,0.0,0.0,0.0,0.0,0.0,0.0,0.0,0.0,0.0,0.0,0.0,0.0,0.0,0.0,0.0,0.0,0.0,0.0,0.0,0.0,0.0,0.0,0.0,0.0,0.0,0.0,0.0,0.0,0.0,0.0,0.0,0.0,0.0,0.0,1.0,1.0,0.0,0.0,4500.0,0.0,0.0,0.0,0.0,0.0,0.0,
165,0.0,0.0,0.0,0.0,0.0,0.0,3.0,1.0,1.0,1.0,3.0,1.0,1.0,1.0,4.0,1275.0,3408964.0,131072.0,0.0,2.0,1537.0,1409.0,5.0,513.0,255.0,0.0,0.0,0.0,5.0,769.0,255.0,0.0,0.0,0.0,5.0,1025.0,255.0,0.0,0.0,0.0,5.0,1281.0,254.0,0.0,0.0,0.0,2.0,1644167432.0,1644167688.0,4.0,1678835984.0,1678836240.0,1678836496.0,1678836752.0,4.0,1678837008.0,1678837264.0,1678837520.0,1678837776.0,1.0,537198856.0,5.0,417.0,254.0,0.0,0.0,0.0,5.0,449.0,254.0,0.0,0.0,0.0,5.0,481.0,254.0,0.0,0.0,0.0,5.0,673.0,254.0,0.0,0.0,0.0,5.0,705.0,254.0,0.0,0.0,0.0,5.0,737.0,254.0,0.0,0.0,0.0,5.0,929.0,254.0,0.0,0.0,0.0,4.0,1342177544.0,1342177800.0,1342178056.0,1342178312.0,8.0,1342243080.0,1342243336.0,1342243592.0,1342243848.0,1342244104.0,1342244360.0,1342244616.0,1342244872.0,4.0,1342308624.0,1342308880.0,1342309136.0,1342309392.0,4.0,1342374160.0,1342374416.0,1342374672.0,1342374928.0,4.0,1342375184.0,1342375440.0,1342375696.0,1342375952.0,4.0,1342376208.0,1342376464.0,1342376720.0,1342376976.0,8.0,1342439688.0,1342439944.0,1342440200.0,1342440456.0,1342440712.0,1342440968.0,1342441224.0,1342441480.0,4.0,0.0,0.0,0.0,0.0,8.0,17.0,17.0,17.0,1.0,1.0,1.0,1.0,1.0,16.0,100.0,100.0,100.0,100.0,100.0,100.0,100.0,100.0,100.0,100.0,100.0,100.0,100.0,100.0,100.0,100.0,2.0,45.0,45.0,1.0,0.0,4.0,80.0,245.0,1.0,0.0,8.0,0.0,252.0,40.0,0.0,0.0,0.0,85.0,122.0,5.0,145.0,1842.0,3.0,6.0,1.0,12.0,0.0,0.0,0.0,0.0,0.0,0.0,0.0,0.0,0.0,0.0,0.0,0.0,8.0,44.0,0.0,0.0,0.0,0.0,0.0,0.0,0.0,2.0,0.0,0.0,8.0,0.0,0.0,0.0,0.0,0.0,0.0,0.0,0.0,0.0,0.0,0.0,655761.0,0.0,340444200.0,34044204.0,2.02,129.0,0.0,2000.0,65.0,0.0,0.0,0.0,0.0,0.0,0.0,0.0,1.0,0.0,0.0,0.0,0.0,0.0,0.0,0.0,0.0,0.0,0.0,0.0,0.0,0.0,0.0,0.0,0.0,0.0,0.0,0.0,0.0,0.0,0.0,0.0,0.0,0.0,0.0,0.0,0.0,0.0,0.0,0.0,0.0,0.0,0.0,0.0,0.0,0.0,0.0,0.0,0.0,0.0,0.0,0.0,0.0,0.0,0.0,0.0,0.0,0.0,0.0,0.0,0.0,0.0,0.0,0.0,0.0,0.0,0.0,0.0,0.0,0.0,0.0,0.0,0.0,0.0,0.0,0.0,0.0,0.0,0.0,0.0,0.0,1.0,1.0,0.0,0.0,0.0,0.0,0.0,0.0,0.0,0.0,0.0,
173,0.0,0.0,0.0,0.0,0.0,0.0,3.0,1.0,1.0,1.0,3.0,1.0,1.0,1.0,4.0,1275.0,3408964.0,131072.0,0.0,2.0,1537.0,1409.0,5.0,513.0,255.0,0.0,0.0,0.0,5.0,769.0,255.0,0.0,0.0,0.0,5.0,1025.0,255.0,0.0,0.0,0.0,5.0,1281.0,254.0,0.0,0.0,0.0,2.0,1644167432.0,1644167688.0,4.0,1678835984.0,1678836240.0,1678836496.0,1678836752.0,4.0,1678837008.0,1678837264.0,1678837520.0,1678837776.0,1.0,537198856.0,5.0,417.0,254.0,0.0,0.0,0.0,5.0,449.0,254.0,0.0,0.0,0.0,5.0,481.0,254.0,0.0,0.0,0.0,5.0,673.0,254.0,0.0,0.0,0.0,5.0,705.0,254.0,0.0,0.0,0.0,5.0,737.0,254.0,0.0,0.0,0.0,5.0,929.0,254.0,0.0,0.0,0.0,4.0,1342177544.0,1342177800.0,1342178056.0,1342178312.0,8.0,1342243080.0,1342243336.0,1342243592.0,1342243848.0,1342244104.0,1342244360.0,1342244616.0,1342244872.0,4.0,1342308624.0,1342308880.0,1342309136.0,1342309392.0,4.0,1342374160.0,1342374416.0,1342374672.0,1342374928.0,4.0,1342375184.0,1342375440.0,1342375696.0,1342375952.0,4.0,1342376208.0,1342376464.0,1342376720.0,1342376976.0,8.0,1342439688.0,1342439944.0,1342440200.0,1342440456.0,1342440712.0,1342440968.0,1342441224.0,1342441480.0,4.0,0.0,0.0,0.0,0.0,8.0,17.0,17.0,17.0,1.0,1.0,1.0,1.0,1.0,16.0,100.0,100.0,100.0,100.0,100.0,100.0,100.0,100.0,100.0,100.0,100.0,100.0,100.0,100.0,100.0,100.0,2.0,45.0,45.0,1.0,2.0,4.0,80.0,245.0,1.0,0.0,8.0,0.0,252.0,104.0,0.0,0.0,0.0,85.0,122.0,5.0,144.0,1842.0,3.0,6.0,1.0,12.0,0.0,0.0,0.0,0.0,0.0,0.0,0.0,0.0,0.0,0.0,0.0,0.0,8.0,44.0,0.0,0.0,0.0,0.0,0.0,0.0,0.0,2.0,8.0,0.0,8.0,0.0,0.0,0.0,0.0,0.0,0.0,0.0,0.0,0.0,0.0,0.0,655761.0,0.0,340444200.0,34044204.0,2.02,129.0,0.0,2000.0,65.0,0.0,0.0,0.0,0.0,0.0,0.0,0.0,1.0,0.0,0.0,0.0,0.0,0.0,0.0,0.0,0.0,0.0,0.0,0.0,0.0,0.0,0.0,0.0,0.0,0.0,0.0,0.0,1.0,0.0,0.0,0.0,0.0,0.0,0.0,0.0,0.0,0.0,0.0,0.0,0.0,0.0,0.0,0.0,0.0,0.0,0.0,0.0,0.0,0.0,0.0,0.0,0.0,0.0,0.0,0.0,0.0,0.0,0.0,0.0,0.0,0.0,0.0,0.0,0.0,0.0,0.0,0.0,0.0,0.0,0.0,0.0,0.0,14.406,0.0,0.0,0.0,0.0,0.0,0.0,0.0,1.0,1.0,0.0,0.0,0.0,0.0,0.0,0.0,0.0,0.0,0.0,
174,0.0,0.0,0.0,0.0,0.0,0.0,3.0,1.0,1.0,1.0,3.0,1.0,1.0,1.0,4.0,1275.0,3408964.0,131072.0,0.0,2.0,1537.0,1409.0,5.0,513.0,255.0,0.0,0.0,0.0,5.0,769.0,255.0,0.0,0.0,0.0,5.0,1025.0,255.0,0.0,0.0,0.0,5.0,1281.0,254.0,0.0,0.0,0.0,2.0,1644167432.0,1644167688.0,4.0,1678835984.0,1678836240.0,1678836496.0,1678836752.0,4.0,1678837008.0,1678837264.0,1678837520.0,1678837776.0,1.0,537198856.0,5.0,417.0,254.0,0.0,0.0,0.0,5.0,449.0,254.0,0.0,0.0,0.0,5.0,481.0,254.0,0.0,0.0,0.0,5.0,673.0,254.0,0.0,0.0,0.0,5.0,705.0,254.0,0.0,0.0,0.0,5.0,737.0,254.0,0.0,0.0,0.0,5.0,929.0,254.0,0.0,0.0,0.0,4.0,1342177544.0,1342177800.0,1342178056.0,1342178312.0,8.0,1342243080.0,1342243336.0,1342243592.0,1342243848.0,1342244104.0,1342244360.0,1342244616.0,1342244872.0,4.0,1342308624.0,1342308880.0,1342309136.0,1342309392.0,4.0,1342374160.0,1342374416.0,1342374672.0,1342374928.0,4.0,1342375184.0,1342375440.0,1342375696.0,1342375952.0,4.0,1342376208.0,1342376464.0,1342376720.0,1342376976.0,8.0,1342439688.0,1342439944.0,1342440200.0,1342440456.0,1342440712.0,1342440968.0,1342441224.0,1342441480.0,4.0,0.0,0.0,0.0,0.0,8.0,17.0,17.0,17.0,1.0,1.0,1.0,1.0,1.0,16.0,100.0,100.0,100.0,100.0,100.0,100.0,100.0,100.0,100.0,100.0,100.0,100.0,100.0,100.0,100.0,100.0,2.0,45.0,45.0,1.0,2.0,4.0,80.0,245.0,1.0,0.0,8.0,0.0,252.0,104.0,0.0,0.0,0.0,85.0,122.0,5.0,145.0,1842.0,3.0,6.0,1.0,12.0,0.0,0.0,0.0,0.0,0.0,0.0,0.0,0.0,0.0,0.0,0.0,0.0,8.0,44.0,0.0,0.0,0.0,0.0,0.0,0.0,0.0,2.0,8.0,0.0,8.0,0.0,0.0,0.0,0.0,0.0,0.0,0.0,0.0,0.0,0.0,0.0,655761.0,0.0,340444200.0,34044204.0,2.02,129.0,0.0,2000.0,65.0,0.0,0.0,0.0,0.0,0.0,0.0,0.0,1.0,0.0,0.0,0.0,0.0,0.0,0.0,0.0,0.0,0.0,0.0,0.0,0.0,0.0,0.0,0.0,0.0,0.0,0.0,0.0,1.0,0.0,0.0,0.0,0.0,0.0,0.0,0.0,0.0,0.0,0.0,0.0,0.0,0.0,0.0,0.0,0.0,0.0,0.0,0.0,0.0,0.0,0.0,0.0,0.0,0.0,0.0,0.0,0.0,0.0,0.0,0.0,0.0,0.0,0.0,0.0,0.0,0.0,0.0,0.0,0.0,0.0,0.0,0.0,0.0,14.407,0.0,0.0,0.0,0.0,0.0,0.0,0.0,1.0,1.0,0.0,0.0,0.0,0.0,0.0,0.0,0.0,0.0,0.0,
175,0.0,0.0,0.0,0.0,0.0,0.0,3.0,1.0,1.0,1.0,3.0,1.0,1.0,1.0,4.0,1275.0,3408964.0,131072.0,0.0,2.0,1537.0,1409.0,5.0,513.0,255.0,0.0,0.0,0.0,5.0,769.0,255.0,0.0,0.0,0.0,5.0,1025.0,255.0,0.0,0.0,0.0,5.0,1281.0,254.0,0.0,0.0,0.0,2.0,1644167432.0,1644167688.0,4.0,1678835984.0,1678836240.0,1678836496.0,1678836752.0,4.0,1678837008.0,1678837264.0,1678837520.0,1678837776.0,1.0,537198856.0,5.0,417.0,254.0,0.0,0.0,0.0,5.0,449.0,254.0,0.0,0.0,0.0,5.0,481.0,254.0,0.0,0.0,0.0,5.0,673.0,254.0,0.0,0.0,0.0,5.0,705.0,254.0,0.0,0.0,0.0,5.0,737.0,254.0,0.0,0.0,0.0,5.0,929.0,254.0,0.0,0.0,0.0,4.0,1342177544.0,1342177800.0,1342178056.0,1342178312.0,8.0,1342243080.0,1342243336.0,1342243592.0,1342243848.0,1342244104.0,1342244360.0,1342244616.0,1342244872.0,4.0,1342308624.0,1342308880.0,1342309136.0,1342309392.0,4.0,1342374160.0,1342374416.0,1342374672.0,1342374928.0,4.0,1342375184.0,1342375440.0,1342375696.0,1342375952.0,4.0,1342376208.0,1342376464.0,1342376720.0,1342376976.0,8.0,1342439688.0,1342439944.0,1342440200.0,1342440456.0,1342440712.0,1342440968.0,1342441224.0,1342441480.0,4.0,0.0,0.0,0.0,0.0,8.0,17.0,17.0,17.0,1.0,1.0,1.0,1.0,1.0,16.0,100.0,100.0,100.0,100.0,100.0,100.0,100.0,100.0,100.0,100.0,100.0,100.0,100.0,100.0,100.0,100.0,2.0,45.0,45.0,1.0,2.0,4.0,80.0,245.0,1.0,0.0,8.0,0.0,252.0,104.0,0.0,0.0,0.0,85.0,122.0,5.0,145.0,1842.0,3.0,6.0,1.0,12.0,0.0,0.0,0.0,0.0,0.0,0.0,0.0,0.0,0.0,0.0,0.0,0.0,8.0,44.0,0.0,0.0,0.0,0.0,0.0,0.0,0.0,2.0,8.0,0.0,8.0,0.0,0.0,0.0,0.0,0.0,0.0,0.0,0.0,0.0,0.0,0.0,655761.0,0.0,340444200.0,34044204.0,2.02,129.0,0.0,2000.0,65.0,0.0,0.0,0.0,0.0,0.0,0.0,0.0,1.0,0.0,0.0,0.0,0.0,0.0,0.0,0.0,0.0,0.0,0.0,0.0,0.0,0.0,0.0,0.0,0.0,0.0,0.0,0.0,1.0,0.0,0.0,0.0,0.0,0.0,0.0,0.0,0.0,0.0,0.0,0.0,0.0,0.0,0.0,0.0,0.0,0.0,0.0,0.0,0.0,0.0,0.0,0.0,0.0,0.0,0.0,0.0,0.0,0.0,0.0,0.0,0.0,0.0,0.0,0.0,0.0,0.0,0.0,0.0,0.0,0.0,0.0,0.0,0.0,14.407,0.0,0.0,0.0,0.0,0.0,0.0,0.0,1.0,1.0,0.0,0.0,0.0,0.0,0.0,0.0,0.0,0.0,0.0,
180,0.0,0.0,0.0,0.0,0.0,0.0,3.0,1.0,1.0,1.0,3.0,1.0,1.0,1.0,4.0,1275.0,3408964.0,131072.0,0.0,2.0,1537.0,1409.0,5.0,513.0,255.0,0.0,0.0,0.0,5.0,769.0,255.0,0.0,0.0,0.0,5.0,1025.0,255.0,0.0,0.0,0.0,5.0,1281.0,254.0,0.0,0.0,0.0,2.0,1644167432.0,1644167688.0,4.0,1678835984.0,1678836240.0,1678836496.0,1678836752.0,4.0,1678837008.0,1678837264.0,1678837520.0,1678837776.0,1.0,537198856.0,5.0,417.0,254.0,0.0,0.0,0.0,5.0,449.0,254.0,0.0,0.0,0.0,5.0,481.0,254.0,0.0,0.0,0.0,5.0,673.0,254.0,0.0,0.0,0.0,5.0,705.0,254.0,0.0,0.0,0.0,5.0,737.0,254.0,0.0,0.0,0.0,5.0,929.0,254.0,0.0,0.0,0.0,4.0,1342177544.0,1342177800.0,1342178056.0,1342178312.0,8.0,1342243080.0,1342243336.0,1342243592.0,1342243848.0,1342244104.0,1342244360.0,1342244616.0,1342244872.0,4.0,1342308624.0,1342308880.0,1342309136.0,1342309392.0,4.0,1342374160.0,1342374416.0,1342374672.0,1342374928.0,4.0,1342375184.0,1342375440.0,1342375696.0,1342375952.0,4.0,1342376208.0,1342376464.0,1342376720.0,1342376976.0,8.0,1342439688.0,1342439944.0,1342440200.0,1342440456.0,1342440712.0,1342440968.0,1342441224.0,1342441480.0,4.0,0.0,0.0,0.0,0.0,8.0,17.0,17.0,17.0,1.0,1.0,1.0,1.0,1.0,16.0,100.0,100.0,100.0,100.0,100.0,100.0,100.0,100.0,100.0,100.0,100.0,100.0,100.0,100.0,100.0,100.0,2.0,45.0,45.0,1.0,2.0,4.0,80.0,245.0,1.0,0.0,8.0,0.0,252.0,104.0,0.0,0.0,0.0,85.0,122.0,5.0,144.0,1842.0,3.0,6.0,1.0,12.0,0.0,489.0,0.0,0.0,0.0,0.0,0.0,0.0,0.0,0.0,0.0,0.0,8.0,44.0,0.0,0.0,0.0,0.0,0.0,0.0,0.0,2.0,8.0,0.0,8.0,0.0,0.0,0.0,0.0,0.0,0.0,0.0,0.0,0.0,0.0,0.0,655761.0,0.0,340444200.0,34044204.0,2.02,129.0,0.0,2000.0,65.0,0.0,0.0,0.0,0.0,0.0,0.0,0.0,1.0,0.0,0.0,0.0,0.0,0.0,0.0,0.0,0.0,0.0,0.0,0.0,0.0,0.0,0.0,0.0,0.0,0.0,0.0,0.0,1.0,0.0,0.0,0.0,0.0,0.0,0.0,0.0,0.0,0.0,0.0,0.0,0.0,0.0,0.0,0.0,0.0,0.0,0.0,0.0,0.0,0.0,0.0,0.0,0.0,0.0,0.0,0.0,0.0,0.0,0.0,0.0,0.0,0.0,0.0,0.0,0.0,0.0,0.0,0.0,0.0,0.0,0.0,0.0,0.0,13.713,0.499,0.0,0.0,0.0,0.0,0.0,0.0,1.0,1.0,0.0,0.0,500.0,0.0,0.0,0.0,0.0,0.0,0.0,
181,0.0,0.0,0.0,0.0,0.0,0.0,3.0,1.0,1.0,1.0,3.0,1.0,1.0,1.0,4.0,1275.0,3408964.0,131072.0,0.0,2.0,1537.0,1409.0,5.0,513.0,255.0,0.0,0.0,0.0,5.0,769.0,255.0,0.0,0.0,0.0,5.0,1025.0,255.0,0.0,0.0,0.0,5.0,1281.0,254.0,0.0,0.0,0.0,2.0,1644167432.0,1644167688.0,4.0,1678835984.0,1678836240.0,1678836496.0,1678836752.0,4.0,1678837008.0,1678837264.0,1678837520.0,1678837776.0,1.0,537198856.0,5.0,417.0,254.0,0.0,0.0,0.0,5.0,449.0,254.0,0.0,0.0,0.0,5.0,481.0,254.0,0.0,0.0,0.0,5.0,673.0,254.0,0.0,0.0,0.0,5.0,705.0,254.0,0.0,0.0,0.0,5.0,737.0,254.0,0.0,0.0,0.0,5.0,929.0,254.0,0.0,0.0,0.0,4.0,1342177544.0,1342177800.0,1342178056.0,1342178312.0,8.0,1342243080.0,1342243336.0,1342243592.0,1342243848.0,1342244104.0,1342244360.0,1342244616.0,1342244872.0,4.0,1342308624.0,1342308880.0,1342309136.0,1342309392.0,4.0,1342374160.0,1342374416.0,1342374672.0,1342374928.0,4.0,1342375184.0,1342375440.0,1342375696.0,1342375952.0,4.0,1342376208.0,1342376464.0,1342376720.0,1342376976.0,8.0,1342439688.0,1342439944.0,1342440200.0,1342440456.0,1342440712.0,1342440968.0,1342441224.0,1342441480.0,4.0,0.0,0.0,0.0,0.0,8.0,17.0,17.0,17.0,1.0,1.0,1.0,1.0,1.0,16.0,100.0,100.0,100.0,100.0,100.0,100.0,100.0,100.0,100.0,100.0,100.0,100.0,100.0,100.0,100.0,100.0,2.0,45.0,45.0,1.0,2.0,4.0,80.0,245.0,1.0,0.0,8.0,0.0,252.0,104.0,0.0,0.0,0.0,85.0,122.0,5.0,144.0,1842.0,3.0,6.0,1.0,12.0,0.0,489.0,0.0,0.0,0.0,0.0,0.0,0.0,0.0,0.0,0.0,0.0,8.0,44.0,0.0,0.0,0.0,0.0,0.0,0.0,0.0,2.0,8.0,0.0,8.0,0.0,0.0,0.0,0.0,0.0,0.0,0.0,0.0,0.0,0.0,0.0,655761.0,0.0,340444200.0,34044204.0,2.02,129.0,0.0,2000.0,65.0,0.0,0.0,0.0,0.0,0.0,0.0,0.0,1.0,0.0,0.0,0.0,0.0,0.0,0.0,0.0,0.0,0.0,0.0,0.0,0.0,0.0,0.0,0.0,0.0,0.0,0.0,0.0,1.0,0.0,0.0,0.0,0.0,0.0,0.0,0.0,0.0,0.0,0.0,0.0,0.0,0.0,0.0,0.0,0.0,0.0,0.0,0.0,0.0,0.0,0.0,0.0,0.0,0.0,0.0,0.0,0.0,0.0,0.0,0.0,0.0,0.0,0.0,0.0,0.0,0.0,0.0,0.0,0.0,0.0,0.0,0.0,0.0,13.713,0.499,0.0,0.0,0.0,0.0,0.0,0.0,1.0,1.0,0.0,0.0,500.0,0.0,0.0,0.0,0.0,0.0,0.0,
182,0.0,0.0,0.0,0.0,0.0,0.0,3.0,1.0,1.0,1.0,3.0,1.0,1.0,1.0,4.0,1275.0,3408964.0,131072.0,0.0,2.0,1537.0,1409.0,5.0,513.0,255.0,0.0,0.0,0.0,5.0,769.0,255.0,0.0,0.0,0.0,5.0,1025.0,255.0,0.0,0.0,0.0,5.0,1281.0,254.0,0.0,0.0,0.0,2.0,1644167432.0,1644167688.0,4.0,1678835984.0,1678836240.0,1678836496.0,1678836752.0,4.0,1678837008.0,1678837264.0,1678837520.0,1678837776.0,1.0,537198856.0,5.0,417.0,254.0,0.0,0.0,0.0,5.0,449.0,254.0,0.0,0.0,0.0,5.0,481.0,254.0,0.0,0.0,0.0,5.0,673.0,254.0,0.0,0.0,0.0,5.0,705.0,254.0,0.0,0.0,0.0,5.0,737.0,254.0,0.0,0.0,0.0,5.0,929.0,254.0,0.0,0.0,0.0,4.0,1342177544.0,1342177800.0,1342178056.0,1342178312.0,8.0,1342243080.0,1342243336.0,1342243592.0,1342243848.0,1342244104.0,1342244360.0,1342244616.0,1342244872.0,4.0,1342308624.0,1342308880.0,1342309136.0,1342309392.0,4.0,1342374160.0,1342374416.0,1342374672.0,1342374928.0,4.0,1342375184.0,1342375440.0,1342375696.0,1342375952.0,4.0,1342376208.0,1342376464.0,1342376720.0,1342376976.0,8.0,1342439688.0,1342439944.0,1342440200.0,1342440456.0,1342440712.0,1342440968.0,1342441224.0,1342441480.0,4.0,0.0,0.0,0.0,0.0,8.0,17.0,17.0,17.0,1.0,1.0,1.0,1.0,1.0,16.0,100.0,100.0,100.0,100.0,100.0,100.0,100.0,100.0,100.0,100.0,100.0,100.0,100.0,100.0,100.0,100.0,2.0,45.0,45.0,1.0,2.0,4.0,80.0,245.0,1.0,0.0,8.0,0.0,252.0,104.0,0.0,0.0,0.0,85.0,122.0,5.0,144.0,1842.0,3.0,6.0,1.0,12.0,0.0,489.0,0.0,0.0,0.0,0.0,0.0,0.0,0.0,0.0,0.0,0.0,8.0,44.0,0.0,0.0,0.0,0.0,0.0,0.0,0.0,2.0,8.0,0.0,8.0,0.0,0.0,0.0,0.0,0.0,0.0,0.0,0.0,0.0,0.0,0.0,655761.0,0.0,340444200.0,34044204.0,2.02,129.0,0.0,2000.0,65.0,0.0,0.0,0.0,0.0,0.0,0.0,0.0,1.0,0.0,0.0,0.0,0.0,0.0,0.0,0.0,0.0,0.0,0.0,0.0,0.0,0.0,0.0,0.0,0.0,0.0,0.0,0.0,1.0,0.0,0.0,0.0,0.0,0.0,0.0,0.0,0.0,0.0,0.0,0.0,0.0,0.0,0.0,0.0,0.0,0.0,0.0,0.0,0.0,0.0,0.0,0.0,0.0,0.0,0.0,0.0,0.0,0.0,0.0,0.0,0.0,0.0,0.0,0.0,0.0,0.0,0.0,0.0,0.0,0.0,0.0,0.0,0.0,13.713,0.499,0.0,0.0,0.0,0.0,0.0,0.0,1.0,1.0,0.0,0.0,500.0,0.0,0.0,0.0,0.0,0.0,0.0,
187,0.0,0.0,0.0,0.0,0.0,0.0,3.0,1.0,1.0,1.0,3.0,1.0,1.0,1.0,4.0,1275.0,3408964.0,131072.0,0.0,2.0,1537.0,1409.0,5.0,513.0,255.0,0.0,0.0,0.0,5.0,769.0,255.0,0.0,0.0,0.0,5.0,1025.0,255.0,0.0,0.0,0.0,5.0,1281.0,254.0,0.0,0.0,0.0,2.0,1644167432.0,1644167688.0,4.0,1678835984.0,1678836240.0,1678836496.0,1678836752.0,4.0,1678837008.0,1678837264.0,1678837520.0,1678837776.0,1.0,537198856.0,5.0,417.0,254.0,0.0,0.0,0.0,5.0,449.0,254.0,0.0,0.0,0.0,5.0,481.0,254.0,0.0,0.0,0.0,5.0,673.0,254.0,0.0,0.0,0.0,5.0,705.0,254.0,0.0,0.0,0.0,5.0,737.0,254.0,0.0,0.0,0.0,5.0,929.0,254.0,0.0,0.0,0.0,4.0,1342177544.0,1342177800.0,1342178056.0,1342178312.0,8.0,1342243080.0,1342243336.0,1342243592.0,1342243848.0,1342244104.0,1342244360.0,1342244616.0,1342244872.0,4.0,1342308624.0,1342308880.0,1342309136.0,1342309392.0,4.0,1342374160.0,1342374416.0,1342374672.0,1342374928.0,4.0,1342375184.0,1342375440.0,1342375696.0,1342375952.0,4.0,1342376208.0,1342376464.0,1342376720.0,1342376976.0,8.0,1342439688.0,1342439944.0,1342440200.0,1342440456.0,1342440712.0,1342440968.0,1342441224.0,1342441480.0,4.0,0.0,0.0,0.0,0.0,8.0,17.0,17.0,17.0,1.0,1.0,1.0,1.0,1.0,16.0,100.0,100.0,100.0,100.0,100.0,100.0,100.0,100.0,100.0,100.0,100.0,100.0,100.0,100.0,100.0,100.0,2.0,45.0,45.0,1.0,2.0,4.0,80.0,245.0,1.0,0.0,8.0,0.0,252.0,104.0,0.0,0.0,0.0,85.0,122.0,5.0,144.0,1842.0,3.0,6.0,1.0,12.0,0.0,999.0,0.0,0.0,0.0,0.0,0.0,0.0,0.0,0.0,0.0,0.0,8.0,44.0,0.0,0.0,0.0,0.0,0.0,0.0,0.0,2.0,8.0,0.0,8.0,0.0,0.0,0.0,0.0,0.0,0.0,0.0,0.0,0.0,0.0,0.0,655761.0,0.0,340444200.0,34044204.0,2.02,129.0,0.0,2000.0,65.0,0.0,0.0,0.0,0.0,0.0,0.0,0.0,1.0,0.0,0.0,0.0,0.0,0.0,0.0,0.0,0.0,0.0,0.0,0.0,0.0,0.0,0.0,0.0,0.0,0.0,0.0,0.0,1.0,0.0,0.0,0.0,0.0,0.0,0.0,0.0,0.0,0.0,0.0,0.0,0.0,0.0,0.0,0.0,0.0,0.0,0.0,0.0,0.0,0.0,0.0,0.0,0.0,0.0,0.0,0.0,0.0,0.0,0.0,0.0,0.0,0.0,0.0,0.0,0.0,0.0,0.0,0.0,0.0,0.0,0.0,0.0,0.0,13.051,0.999,0.0,0.0,0.0,0.0,0.0,0.0,1.0,1.0,0.0,0.0,1000.0,0.0,0.0,0.0,0.0,0.0,0.0,
188,0.0,0.0,0.0,0.0,0.0,0.0,3.0,1.0,1.0,1.0,3.0,1.0,1.0,1.0,4.0,1275.0,3408964.0,131072.0,0.0,2.0,1537.0,1409.0,5.0,513.0,255.0,0.0,0.0,0.0,5.0,769.0,255.0,0.0,0.0,0.0,5.0,1025.0,255.0,0.0,0.0,0.0,5.0,1281.0,254.0,0.0,0.0,0.0,2.0,1644167432.0,1644167688.0,4.0,1678835984.0,1678836240.0,1678836496.0,1678836752.0,4.0,1678837008.0,1678837264.0,1678837520.0,1678837776.0,1.0,537198856.0,5.0,417.0,254.0,0.0,0.0,0.0,5.0,449.0,254.0,0.0,0.0,0.0,5.0,481.0,254.0,0.0,0.0,0.0,5.0,673.0,254.0,0.0,0.0,0.0,5.0,705.0,254.0,0.0,0.0,0.0,5.0,737.0,254.0,0.0,0.0,0.0,5.0,929.0,254.0,0.0,0.0,0.0,4.0,1342177544.0,1342177800.0,1342178056.0,1342178312.0,8.0,1342243080.0,1342243336.0,1342243592.0,1342243848.0,1342244104.0,1342244360.0,1342244616.0,1342244872.0,4.0,1342308624.0,1342308880.0,1342309136.0,1342309392.0,4.0,1342374160.0,1342374416.0,1342374672.0,1342374928.0,4.0,1342375184.0,1342375440.0,1342375696.0,1342375952.0,4.0,1342376208.0,1342376464.0,1342376720.0,1342376976.0,8.0,1342439688.0,1342439944.0,1342440200.0,1342440456.0,1342440712.0,1342440968.0,1342441224.0,1342441480.0,4.0,0.0,0.0,0.0,0.0,8.0,17.0,17.0,17.0,1.0,1.0,1.0,1.0,1.0,16.0,100.0,100.0,100.0,100.0,100.0,100.0,100.0,100.0,100.0,100.0,100.0,100.0,100.0,100.0,100.0,100.0,2.0,45.0,45.0,1.0,2.0,4.0,80.0,245.0,1.0,0.0,8.0,0.0,252.0,104.0,0.0,0.0,0.0,85.0,122.0,5.0,144.0,1842.0,3.0,6.0,1.0,12.0,0.0,999.0,0.0,0.0,0.0,0.0,0.0,0.0,0.0,0.0,0.0,0.0,8.0,44.0,0.0,0.0,0.0,0.0,0.0,0.0,0.0,2.0,8.0,0.0,8.0,0.0,0.0,0.0,0.0,0.0,0.0,0.0,0.0,0.0,0.0,0.0,655761.0,0.0,340444200.0,34044204.0,2.02,129.0,0.0,2000.0,65.0,0.0,0.0,0.0,0.0,0.0,0.0,0.0,1.0,0.0,0.0,0.0,0.0,0.0,0.0,0.0,0.0,0.0,0.0,0.0,0.0,0.0,0.0,0.0,0.0,0.0,0.0,0.0,1.0,0.0,0.0,0.0,0.0,0.0,0.0,0.0,0.0,0.0,0.0,0.0,0.0,0.0,0.0,0.0,0.0,0.0,0.0,0.0,0.0,0.0,0.0,0.0,0.0,0.0,0.0,0.0,0.0,0.0,0.0,0.0,0.0,0.0,0.0,0.0,0.0,0.0,0.0,0.0,0.0,0.0,0.0,0.0,0.0,13.052,0.999,0.0,0.0,0.0,0.0,0.0,0.0,1.0,1.0,0.0,0.0,1000.0,0.0,0.0,0.0,0.0,0.0,0.0,
189,0.0,0.0,0.0,0.0,0.0,0.0,3.0,1.0,1.0,1.0,3.0,1.0,1.0,1.0,4.0,1275.0,3408964.0,131072.0,0.0,2.0,1537.0,1409.0,5.0,513.0,255.0,0.0,0.0,0.0,5.0,769.0,255.0,0.0,0.0,0.0,5.0,1025.0,255.0,0.0,0.0,0.0,5.0,1281.0,254.0,0.0,0.0,0.0,2.0,1644167432.0,1644167688.0,4.0,1678835984.0,1678836240.0,1678836496.0,1678836752.0,4.0,1678837008.0,1678837264.0,1678837520.0,1678837776.0,1.0,537198856.0,5.0,417.0,254.0,0.0,0.0,0.0,5.0,449.0,254.0,0.0,0.0,0.0,5.0,481.0,254.0,0.0,0.0,0.0,5.0,673.0,254.0,0.0,0.0,0.0,5.0,705.0,254.0,0.0,0.0,0.0,5.0,737.0,254.0,0.0,0.0,0.0,5.0,929.0,254.0,0.0,0.0,0.0,4.0,1342177544.0,1342177800.0,1342178056.0,1342178312.0,8.0,1342243080.0,1342243336.0,1342243592.0,1342243848.0,1342244104.0,1342244360.0,1342244616.0,1342244872.0,4.0,1342308624.0,1342308880.0,1342309136.0,1342309392.0,4.0,1342374160.0,1342374416.0,1342374672.0,1342374928.0,4.0,1342375184.0,1342375440.0,1342375696.0,1342375952.0,4.0,1342376208.0,1342376464.0,1342376720.0,1342376976.0,8.0,1342439688.0,1342439944.0,1342440200.0,1342440456.0,1342440712.0,1342440968.0,1342441224.0,1342441480.0,4.0,0.0,0.0,0.0,0.0,8.0,17.0,17.0,17.0,1.0,1.0,1.0,1.0,1.0,16.0,100.0,100.0,100.0,100.0,100.0,100.0,100.0,100.0,100.0,100.0,100.0,100.0,100.0,100.0,100.0,100.0,2.0,45.0,45.0,1.0,2.0,4.0,80.0,245.0,1.0,0.0,8.0,0.0,252.0,104.0,0.0,0.0,0.0,85.0,122.0,5.0,144.0,1842.0,3.0,6.0,1.0,12.0,0.0,999.0,0.0,0.0,0.0,0.0,0.0,0.0,0.0,0.0,0.0,0.0,8.0,44.0,0.0,0.0,0.0,0.0,0.0,0.0,0.0,2.0,8.0,0.0,8.0,0.0,0.0,0.0,0.0,0.0,0.0,0.0,0.0,0.0,0.0,0.0,655761.0,0.0,340444200.0,34044204.0,2.02,129.0,0.0,2000.0,65.0,0.0,0.0,0.0,0.0,0.0,0.0,0.0,1.0,0.0,0.0,0.0,0.0,0.0,0.0,0.0,0.0,0.0,0.0,0.0,0.0,0.0,0.0,0.0,0.0,0.0,0.0,0.0,1.0,0.0,0.0,0.0,0.0,0.0,0.0,0.0,0.0,0.0,0.0,0.0,0.0,0.0,0.0,0.0,0.0,0.0,0.0,0.0,0.0,0.0,0.0,0.0,0.0,0.0,0.0,0.0,0.0,0.0,0.0,0.0,0.0,0.0,0.0,0.0,0.0,0.0,0.0,0.0,0.0,0.0,0.0,0.0,0.0,13.052,0.999,0.0,0.0,0.0,0.0,0.0,0.0,1.0,1.0,0.0,0.0,1000.0,0.0,0.0,0.0,0.0,0.0,0.0,
194,0.0,0.0,0.0,0.0,0.0,0.0,3.0,1.0,1.0,1.0,3.0,1.0,1.0,1.0,4.0,1275.0,3408964.0,131072.0,0.0,2.0,1537.0,1409.0,5.0,513.0,255.0,0.0,0.0,0.0,5.0,769.0,255.0,0.0,0.0,0.0,5.0,1025.0,255.0,0.0,0.0,0.0,5.0,1281.0,254.0,0.0,0.0,0.0,2.0,1644167432.0,1644167688.0,4.0,1678835984.0,1678836240.0,1678836496.0,1678836752.0,4.0,1678837008.0,1678837264.0,1678837520.0,1678837776.0,1.0,537198856.0,5.0,417.0,254.0,0.0,0.0,0.0,5.0,449.0,254.0,0.0,0.0,0.0,5.0,481.0,254.0,0.0,0.0,0.0,5.0,673.0,254.0,0.0,0.0,0.0,5.0,705.0,254.0,0.0,0.0,0.0,5.0,737.0,254.0,0.0,0.0,0.0,5.0,929.0,254.0,0.0,0.0,0.0,4.0,1342177544.0,1342177800.0,1342178056.0,1342178312.0,8.0,1342243080.0,1342243336.0,1342243592.0,1342243848.0,1342244104.0,1342244360.0,1342244616.0,1342244872.0,4.0,1342308624.0,1342308880.0,1342309136.0,1342309392.0,4.0,1342374160.0,1342374416.0,1342374672.0,1342374928.0,4.0,1342375184.0,1342375440.0,1342375696.0,1342375952.0,4.0,1342376208.0,1342376464.0,1342376720.0,1342376976.0,8.0,1342439688.0,1342439944.0,1342440200.0,1342440456.0,1342440712.0,1342440968.0,1342441224.0,1342441480.0,4.0,0.0,0.0,0.0,0.0,8.0,17.0,17.0,17.0,1.0,1.0,1.0,1.0,1.0,16.0,100.0,100.0,100.0,100.0,100.0,100.0,100.0,100.0,100.0,100.0,100.0,100.0,100.0,100.0,100.0,100.0,2.0,45.0,45.0,1.0,2.0,4.0,80.0,245.0,1.0,0.0,8.0,0.0,252.0,104.0,0.0,0.0,0.0,85.0,122.0,5.0,144.0,1842.0,3.0,6.0,1.0,12.0,0.0,1521.0,0.0,0.0,0.0,0.0,0.0,0.0,0.0,0.0,0.0,0.0,8.0,44.0,0.0,0.0,0.0,0.0,0.0,0.0,0.0,2.0,8.0,0.0,8.0,0.0,0.0,0.0,0.0,0.0,0.0,0.0,0.0,0.0,0.0,0.0,655761.0,0.0,340444200.0,34044204.0,2.02,129.0,0.0,2000.0,65.0,0.0,0.0,0.0,0.0,0.0,0.0,0.0,1.0,0.0,0.0,0.0,0.0,0.0,0.0,0.0,0.0,0.0,0.0,0.0,0.0,0.0,0.0,0.0,0.0,0.0,0.0,0.0,1.0,0.0,0.0,0.0,0.0,0.0,0.0,0.0,0.0,0.0,0.0,0.0,0.0,0.0,0.0,0.0,0.0,0.0,0.0,0.0,0.0,0.0,0.0,0.0,0.0,0.0,0.0,0.0,0.0,0.0,0.0,0.0,0.0,0.0,0.0,0.0,0.0,0.0,0.0,0.0,0.0,0.0,0.0,0.0,0.0,12.37,1.499,0.0,0.0,0.0,0.0,0.0,0.0,1.0,1.0,0.0,0.0,1500.0,0.0,0.0,0.0,0.0,0.0,0.0,
195,0.0,0.0,0.0,0.0,0.0,0.0,3.0,1.0,1.0,1.0,3.0,1.0,1.0,1.0,4.0,1275.0,3408964.0,131072.0,0.0,2.0,1537.0,1409.0,5.0,513.0,255.0,0.0,0.0,0.0,5.0,769.0,255.0,0.0,0.0,0.0,5.0,1025.0,255.0,0.0,0.0,0.0,5.0,1281.0,254.0,0.0,0.0,0.0,2.0,1644167432.0,1644167688.0,4.0,1678835984.0,1678836240.0,1678836496.0,1678836752.0,4.0,1678837008.0,1678837264.0,1678837520.0,1678837776.0,1.0,537198856.0,5.0,417.0,254.0,0.0,0.0,0.0,5.0,449.0,254.0,0.0,0.0,0.0,5.0,481.0,254.0,0.0,0.0,0.0,5.0,673.0,254.0,0.0,0.0,0.0,5.0,705.0,254.0,0.0,0.0,0.0,5.0,737.0,254.0,0.0,0.0,0.0,5.0,929.0,254.0,0.0,0.0,0.0,4.0,1342177544.0,1342177800.0,1342178056.0,1342178312.0,8.0,1342243080.0,1342243336.0,1342243592.0,1342243848.0,1342244104.0,1342244360.0,1342244616.0,1342244872.0,4.0,1342308624.0,1342308880.0,1342309136.0,1342309392.0,4.0,1342374160.0,1342374416.0,1342374672.0,1342374928.0,4.0,1342375184.0,1342375440.0,1342375696.0,1342375952.0,4.0,1342376208.0,1342376464.0,1342376720.0,1342376976.0,8.0,1342439688.0,1342439944.0,1342440200.0,1342440456.0,1342440712.0,1342440968.0,1342441224.0,1342441480.0,4.0,0.0,0.0,0.0,0.0,8.0,17.0,17.0,17.0,1.0,1.0,1.0,1.0,1.0,16.0,100.0,100.0,100.0,100.0,100.0,100.0,100.0,100.0,100.0,100.0,100.0,100.0,100.0,100.0,100.0,100.0,2.0,45.0,45.0,1.0,2.0,4.0,80.0,245.0,1.0,0.0,8.0,0.0,252.0,104.0,0.0,0.0,0.0,85.0,122.0,5.0,144.0,1842.0,3.0,6.0,1.0,12.0,0.0,1521.0,0.0,0.0,0.0,0.0,0.0,0.0,0.0,0.0,0.0,0.0,8.0,44.0,0.0,0.0,0.0,0.0,0.0,0.0,0.0,2.0,8.0,0.0,8.0,0.0,0.0,0.0,0.0,0.0,0.0,0.0,0.0,0.0,0.0,0.0,655761.0,0.0,340444200.0,34044204.0,2.02,129.0,0.0,2000.0,65.0,0.0,0.0,0.0,0.0,0.0,0.0,0.0,1.0,0.0,0.0,0.0,0.0,0.0,0.0,0.0,0.0,0.0,0.0,0.0,0.0,0.0,0.0,0.0,0.0,0.0,0.0,0.0,1.0,0.0,0.0,0.0,0.0,0.0,0.0,0.0,0.0,0.0,0.0,0.0,0.0,0.0,0.0,0.0,0.0,0.0,0.0,0.0,0.0,0.0,0.0,0.0,0.0,0.0,0.0,0.0,0.0,0.0,0.0,0.0,0.0,0.0,0.0,0.0,0.0,0.0,0.0,0.0,0.0,0.0,0.0,0.0,0.0,12.372,1.499,0.0,0.0,0.0,0.0,0.0,0.0,1.0,1.0,0.0,0.0,1500.0,0.0,0.0,0.0,0.0,0.0,0.0,
196,0.0,0.0,0.0,0.0,0.0,0.0,3.0,1.0,1.0,1.0,3.0,1.0,1.0,1.0,4.0,1275.0,3408964.0,131072.0,0.0,2.0,1537.0,1409.0,5.0,513.0,255.0,0.0,0.0,0.0,5.0,769.0,255.0,0.0,0.0,0.0,5.0,1025.0,255.0,0.0,0.0,0.0,5.0,1281.0,254.0,0.0,0.0,0.0,2.0,1644167432.0,1644167688.0,4.0,1678835984.0,1678836240.0,1678836496.0,1678836752.0,4.0,1678837008.0,1678837264.0,1678837520.0,1678837776.0,1.0,537198856.0,5.0,417.0,254.0,0.0,0.0,0.0,5.0,449.0,254.0,0.0,0.0,0.0,5.0,481.0,254.0,0.0,0.0,0.0,5.0,673.0,254.0,0.0,0.0,0.0,5.0,705.0,254.0,0.0,0.0,0.0,5.0,737.0,254.0,0.0,0.0,0.0,5.0,929.0,254.0,0.0,0.0,0.0,4.0,1342177544.0,1342177800.0,1342178056.0,1342178312.0,8.0,1342243080.0,1342243336.0,1342243592.0,1342243848.0,1342244104.0,1342244360.0,1342244616.0,1342244872.0,4.0,1342308624.0,1342308880.0,1342309136.0,1342309392.0,4.0,1342374160.0,1342374416.0,1342374672.0,1342374928.0,4.0,1342375184.0,1342375440.0,1342375696.0,1342375952.0,4.0,1342376208.0,1342376464.0,1342376720.0,1342376976.0,8.0,1342439688.0,1342439944.0,1342440200.0,1342440456.0,1342440712.0,1342440968.0,1342441224.0,1342441480.0,4.0,0.0,0.0,0.0,0.0,8.0,17.0,17.0,17.0,1.0,1.0,1.0,1.0,1.0,16.0,100.0,100.0,100.0,100.0,100.0,100.0,100.0,100.0,100.0,100.0,100.0,100.0,100.0,100.0,100.0,100.0,2.0,45.0,45.0,1.0,2.0,4.0,80.0,245.0,1.0,0.0,8.0,0.0,252.0,104.0,0.0,0.0,0.0,85.0,122.0,5.0,144.0,1842.0,3.0,6.0,1.0,12.0,0.0,1521.0,0.0,0.0,0.0,0.0,0.0,0.0,0.0,0.0,0.0,0.0,8.0,44.0,0.0,0.0,0.0,0.0,0.0,0.0,0.0,2.0,8.0,0.0,8.0,0.0,0.0,0.0,0.0,0.0,0.0,0.0,0.0,0.0,0.0,0.0,655761.0,0.0,340444200.0,34044204.0,2.02,129.0,0.0,2000.0,65.0,0.0,0.0,0.0,0.0,0.0,0.0,0.0,1.0,0.0,0.0,0.0,0.0,0.0,0.0,0.0,0.0,0.0,0.0,0.0,0.0,0.0,0.0,0.0,0.0,0.0,0.0,0.0,1.0,0.0,0.0,0.0,0.0,0.0,0.0,0.0,0.0,0.0,0.0,0.0,0.0,0.0,0.0,0.0,0.0,0.0,0.0,0.0,0.0,0.0,0.0,0.0,0.0,0.0,0.0,0.0,0.0,0.0,0.0,0.0,0.0,0.0,0.0,0.0,0.0,0.0,0.0,0.0,0.0,0.0,0.0,0.0,0.0,12.372,1.499,0.0,0.0,0.0,0.0,0.0,0.0,1.0,1.0,0.0,0.0,1500.0,0.0,0.0,0.0,0.0,0.0,0.0,
201,0.0,0.0,0.0,0.0,0.0,0.0,3.0,1.0,1.0,1.0,3.0,1.0,1.0,1.0,4.0,1275.0,3408964.0,131072.0,0.0,2.0,1537.0,1409.0,5.0,513.0,255.0,0.0,0.0,0.0,5.0,769.0,255.0,0.0,0.0,0.0,5.0,1025.0,255.0,0.0,0.0,0.0,5.0,1281.0,254.0,0.0,0.0,0.0,2.0,1644167432.0,1644167688.0,4.0,1678835984.0,1678836240.0,1678836496.0,1678836752.0,4.0,1678837008.0,1678837264.0,1678837520.0,1678837776.0,1.0,537198856.0,5.0,417.0,254.0,0.0,0.0,0.0,5.0,449.0,254.0,0.0,0.0,0.0,5.0,481.0,254.0,0.0,0.0,0.0,5.0,673.0,254.0,0.0,0.0,0.0,5.0,705.0,254.0,0.0,0.0,0.0,5.0,737.0,254.0,0.0,0.0,0.0,5.0,929.0,254.0,0.0,0.0,0.0,4.0,1342177544.0,1342177800.0,1342178056.0,1342178312.0,8.0,1342243080.0,1342243336.0,1342243592.0,1342243848.0,1342244104.0,1342244360.0,1342244616.0,1342244872.0,4.0,1342308624.0,1342308880.0,1342309136.0,1342309392.0,4.0,1342374160.0,1342374416.0,1342374672.0,1342374928.0,4.0,1342375184.0,1342375440.0,1342375696.0,1342375952.0,4.0,1342376208.0,1342376464.0,1342376720.0,1342376976.0,8.0,1342439688.0,1342439944.0,1342440200.0,1342440456.0,1342440712.0,1342440968.0,1342441224.0,1342441480.0,4.0,0.0,0.0,0.0,0.0,8.0,17.0,17.0,17.0,1.0,1.0,1.0,1.0,1.0,16.0,100.0,100.0,100.0,100.0,100.0,100.0,100.0,100.0,100.0,100.0,100.0,100.0,100.0,100.0,100.0,100.0,2.0,45.0,45.0,1.0,2.0,4.0,80.0,245.0,1.0,0.0,8.0,0.0,252.0,104.0,0.0,0.0,0.0,85.0,122.0,5.0,144.0,1837.0,3.0,6.0,1.0,12.0,0.0,2042.0,0.0,0.0,0.0,0.0,0.0,0.0,0.0,0.0,0.0,0.0,8.0,44.0,0.0,0.0,0.0,0.0,0.0,0.0,0.0,2.0,8.0,0.0,8.0,0.0,0.0,0.0,0.0,0.0,0.0,0.0,0.0,0.0,0.0,0.0,655761.0,0.0,340444200.0,34044204.0,2.02,129.0,0.0,2000.0,65.0,0.0,0.0,0.0,0.0,0.0,0.0,0.0,1.0,0.0,0.0,0.0,0.0,0.0,0.0,0.0,0.0,0.0,0.0,0.0,0.0,0.0,0.0,0.0,0.0,0.0,0.0,0.0,1.0,0.0,0.0,0.0,0.0,0.0,0.0,0.0,0.0,0.0,0.0,0.0,0.0,0.0,0.0,0.0,0.0,0.0,0.0,0.0,0.0,0.0,0.0,0.0,0.0,0.0,0.0,0.0,0.0,0.0,0.0,0.0,0.0,0.0,0.0,0.0,0.0,0.0,0.0,0.0,0.0,0.0,0.0,0.0,0.0,11.692,1.999,0.0,0.0,0.0,0.0,0.0,0.0,1.0,1.0,0.0,0.0,2000.0,0.0,0.0,0.0,0.0,0.0,0.0,
202,0.0,0.0,0.0,0.0,0.0,0.0,3.0,1.0,1.0,1.0,3.0,1.0,1.0,1.0,4.0,1275.0,3408964.0,131072.0,0.0,2.0,1537.0,1409.0,5.0,513.0,255.0,0.0,0.0,0.0,5.0,769.0,255.0,0.0,0.0,0.0,5.0,1025.0,255.0,0.0,0.0,0.0,5.0,1281.0,254.0,0.0,0.0,0.0,2.0,1644167432.0,1644167688.0,4.0,1678835984.0,1678836240.0,1678836496.0,1678836752.0,4.0,1678837008.0,1678837264.0,1678837520.0,1678837776.0,1.0,537198856.0,5.0,417.0,254.0,0.0,0.0,0.0,5.0,449.0,254.0,0.0,0.0,0.0,5.0,481.0,254.0,0.0,0.0,0.0,5.0,673.0,254.0,0.0,0.0,0.0,5.0,705.0,254.0,0.0,0.0,0.0,5.0,737.0,254.0,0.0,0.0,0.0,5.0,929.0,254.0,0.0,0.0,0.0,4.0,1342177544.0,1342177800.0,1342178056.0,1342178312.0,8.0,1342243080.0,1342243336.0,1342243592.0,1342243848.0,1342244104.0,1342244360.0,1342244616.0,1342244872.0,4.0,1342308624.0,1342308880.0,1342309136.0,1342309392.0,4.0,1342374160.0,1342374416.0,1342374672.0,1342374928.0,4.0,1342375184.0,1342375440.0,1342375696.0,1342375952.0,4.0,1342376208.0,1342376464.0,1342376720.0,1342376976.0,8.0,1342439688.0,1342439944.0,1342440200.0,1342440456.0,1342440712.0,1342440968.0,1342441224.0,1342441480.0,4.0,0.0,0.0,0.0,0.0,8.0,17.0,17.0,17.0,1.0,1.0,1.0,1.0,1.0,16.0,100.0,100.0,100.0,100.0,100.0,100.0,100.0,100.0,100.0,100.0,100.0,100.0,100.0,100.0,100.0,100.0,2.0,45.0,45.0,1.0,2.0,4.0,80.0,245.0,1.0,0.0,8.0,0.0,252.0,104.0,0.0,0.0,0.0,85.0,122.0,5.0,144.0,1837.0,3.0,6.0,1.0,12.0,0.0,2042.0,0.0,0.0,0.0,0.0,0.0,0.0,0.0,0.0,0.0,0.0,8.0,44.0,0.0,0.0,0.0,0.0,0.0,0.0,0.0,2.0,8.0,0.0,8.0,0.0,0.0,0.0,0.0,0.0,0.0,0.0,0.0,0.0,0.0,0.0,655761.0,0.0,340444200.0,34044204.0,2.02,129.0,0.0,2000.0,65.0,0.0,0.0,0.0,0.0,0.0,0.0,0.0,1.0,0.0,0.0,0.0,0.0,0.0,0.0,0.0,0.0,0.0,0.0,0.0,0.0,0.0,0.0,0.0,0.0,0.0,0.0,0.0,1.0,0.0,0.0,0.0,0.0,0.0,0.0,0.0,0.0,0.0,0.0,0.0,0.0,0.0,0.0,0.0,0.0,0.0,0.0,0.0,0.0,0.0,0.0,0.0,0.0,0.0,0.0,0.0,0.0,0.0,0.0,0.0,0.0,0.0,0.0,0.0,0.0,0.0,0.0,0.0,0.0,0.0,0.0,0.0,0.0,11.694,1.999,0.0,0.0,0.0,0.0,0.0,0.0,1.0,1.0,0.0,0.0,2000.0,0.0,0.0,0.0,0.0,0.0,0.0,
203,0.0,0.0,0.0,0.0,0.0,0.0,3.0,1.0,1.0,1.0,3.0,1.0,1.0,1.0,4.0,1275.0,3408964.0,131072.0,0.0,2.0,1537.0,1409.0,5.0,513.0,255.0,0.0,0.0,0.0,5.0,769.0,255.0,0.0,0.0,0.0,5.0,1025.0,255.0,0.0,0.0,0.0,5.0,1281.0,254.0,0.0,0.0,0.0,2.0,1644167432.0,1644167688.0,4.0,1678835984.0,1678836240.0,1678836496.0,1678836752.0,4.0,1678837008.0,1678837264.0,1678837520.0,1678837776.0,1.0,537198856.0,5.0,417.0,254.0,0.0,0.0,0.0,5.0,449.0,254.0,0.0,0.0,0.0,5.0,481.0,254.0,0.0,0.0,0.0,5.0,673.0,254.0,0.0,0.0,0.0,5.0,705.0,254.0,0.0,0.0,0.0,5.0,737.0,254.0,0.0,0.0,0.0,5.0,929.0,254.0,0.0,0.0,0.0,4.0,1342177544.0,1342177800.0,1342178056.0,1342178312.0,8.0,1342243080.0,1342243336.0,1342243592.0,1342243848.0,1342244104.0,1342244360.0,1342244616.0,1342244872.0,4.0,1342308624.0,1342308880.0,1342309136.0,1342309392.0,4.0,1342374160.0,1342374416.0,1342374672.0,1342374928.0,4.0,1342375184.0,1342375440.0,1342375696.0,1342375952.0,4.0,1342376208.0,1342376464.0,1342376720.0,1342376976.0,8.0,1342439688.0,1342439944.0,1342440200.0,1342440456.0,1342440712.0,1342440968.0,1342441224.0,1342441480.0,4.0,0.0,0.0,0.0,0.0,8.0,17.0,17.0,17.0,1.0,1.0,1.0,1.0,1.0,16.0,100.0,100.0,100.0,100.0,100.0,100.0,100.0,100.0,100.0,100.0,100.0,100.0,100.0,100.0,100.0,100.0,2.0,45.0,45.0,1.0,2.0,4.0,80.0,245.0,1.0,0.0,8.0,0.0,252.0,104.0,0.0,0.0,0.0,85.0,122.0,5.0,144.0,1837.0,3.0,6.0,1.0,12.0,0.0,2042.0,0.0,0.0,0.0,0.0,0.0,0.0,0.0,0.0,0.0,0.0,8.0,44.0,0.0,0.0,0.0,0.0,0.0,0.0,0.0,2.0,8.0,0.0,8.0,0.0,0.0,0.0,0.0,0.0,0.0,0.0,0.0,0.0,0.0,0.0,655761.0,0.0,340444200.0,34044204.0,2.02,129.0,0.0,2000.0,65.0,0.0,0.0,0.0,0.0,0.0,0.0,0.0,1.0,0.0,0.0,0.0,0.0,0.0,0.0,0.0,0.0,0.0,0.0,0.0,0.0,0.0,0.0,0.0,0.0,0.0,0.0,0.0,1.0,0.0,0.0,0.0,0.0,0.0,0.0,0.0,0.0,0.0,0.0,0.0,0.0,0.0,0.0,0.0,0.0,0.0,0.0,0.0,0.0,0.0,0.0,0.0,0.0,0.0,0.0,0.0,0.0,0.0,0.0,0.0,0.0,0.0,0.0,0.0,0.0,0.0,0.0,0.0,0.0,0.0,0.0,0.0,0.0,11.694,1.999,0.0,0.0,0.0,0.0,0.0,0.0,1.0,1.0,0.0,0.0,2000.0,0.0,0.0,0.0,0.0,0.0,0.0,
208,0.0,0.0,0.0,0.0,0.0,0.0,3.0,1.0,1.0,1.0,3.0,1.0,1.0,1.0,4.0,1275.0,3408964.0,131072.0,0.0,2.0,1537.0,1409.0,5.0,513.0,255.0,0.0,0.0,0.0,5.0,769.0,255.0,0.0,0.0,0.0,5.0,1025.0,255.0,0.0,0.0,0.0,5.0,1281.0,254.0,0.0,0.0,0.0,2.0,1644167432.0,1644167688.0,4.0,1678835984.0,1678836240.0,1678836496.0,1678836752.0,4.0,1678837008.0,1678837264.0,1678837520.0,1678837776.0,1.0,537198856.0,5.0,417.0,254.0,0.0,0.0,0.0,5.0,449.0,254.0,0.0,0.0,0.0,5.0,481.0,254.0,0.0,0.0,0.0,5.0,673.0,254.0,0.0,0.0,0.0,5.0,705.0,254.0,0.0,0.0,0.0,5.0,737.0,254.0,0.0,0.0,0.0,5.0,929.0,254.0,0.0,0.0,0.0,4.0,1342177544.0,1342177800.0,1342178056.0,1342178312.0,8.0,1342243080.0,1342243336.0,1342243592.0,1342243848.0,1342244104.0,1342244360.0,1342244616.0,1342244872.0,4.0,1342308624.0,1342308880.0,1342309136.0,1342309392.0,4.0,1342374160.0,1342374416.0,1342374672.0,1342374928.0,4.0,1342375184.0,1342375440.0,1342375696.0,1342375952.0,4.0,1342376208.0,1342376464.0,1342376720.0,1342376976.0,8.0,1342439688.0,1342439944.0,1342440200.0,1342440456.0,1342440712.0,1342440968.0,1342441224.0,1342441480.0,4.0,0.0,0.0,0.0,0.0,8.0,17.0,17.0,17.0,1.0,1.0,1.0,1.0,1.0,16.0,100.0,100.0,100.0,100.0,100.0,100.0,100.0,100.0,100.0,100.0,100.0,100.0,100.0,100.0,100.0,100.0,2.0,45.0,45.0,1.0,2.0,4.0,80.0,245.0,1.0,0.0,8.0,0.0,252.0,104.0,0.0,0.0,0.0,85.0,122.0,5.0,143.0,1842.0,3.0,6.0,1.0,12.0,0.0,2568.0,0.0,0.0,0.0,0.0,0.0,0.0,0.0,0.0,0.0,0.0,8.0,44.0,0.0,0.0,0.0,0.0,0.0,0.0,0.0,2.0,8.0,0.0,8.0,0.0,0.0,0.0,0.0,0.0,0.0,0.0,0.0,0.0,0.0,0.0,655761.0,0.0,340444200.0,34044204.0,2.02,129.0,0.0,2000.0,65.0,0.0,0.0,0.0,0.0,0.0,0.0,0.0,1.0,0.0,0.0,0.0,0.0,0.0,0.0,0.0,0.0,0.0,0.0,0.0,0.0,0.0,0.0,0.0,0.0,0.0,0.0,0.0,1.0,0.0,0.0,0.0,0.0,0.0,0.0,0.0,0.0,0.0,0.0,0.0,0.0,0.0,0.0,0.0,0.0,0.0,0.0,0.0,0.0,0.0,0.0,0.0,0.0,0.0,0.0,0.0,0.0,0.0,0.0,0.0,0.0,0.0,0.0,0.0,0.0,0.0,0.0,0.0,0.0,0.0,0.0,0.0,0.0,11.008,2.499,0.0,0.0,0.0,0.0,0.0,0.0,1.0,1.0,0.0,0.0,2500.0,0.0,0.0,0.0,0.0,0.0,0.0,
209,0.0,0.0,0.0,0.0,0.0,0.0,3.0,1.0,1.0,1.0,3.0,1.0,1.0,1.0,4.0,1275.0,3408964.0,131072.0,0.0,2.0,1537.0,1409.0,5.0,513.0,255.0,0.0,0.0,0.0,5.0,769.0,255.0,0.0,0.0,0.0,5.0,1025.0,255.0,0.0,0.0,0.0,5.0,1281.0,254.0,0.0,0.0,0.0,2.0,1644167432.0,1644167688.0,4.0,1678835984.0,1678836240.0,1678836496.0,1678836752.0,4.0,1678837008.0,1678837264.0,1678837520.0,1678837776.0,1.0,537198856.0,5.0,417.0,254.0,0.0,0.0,0.0,5.0,449.0,254.0,0.0,0.0,0.0,5.0,481.0,254.0,0.0,0.0,0.0,5.0,673.0,254.0,0.0,0.0,0.0,5.0,705.0,254.0,0.0,0.0,0.0,5.0,737.0,254.0,0.0,0.0,0.0,5.0,929.0,254.0,0.0,0.0,0.0,4.0,1342177544.0,1342177800.0,1342178056.0,1342178312.0,8.0,1342243080.0,1342243336.0,1342243592.0,1342243848.0,1342244104.0,1342244360.0,1342244616.0,1342244872.0,4.0,1342308624.0,1342308880.0,1342309136.0,1342309392.0,4.0,1342374160.0,1342374416.0,1342374672.0,1342374928.0,4.0,1342375184.0,1342375440.0,1342375696.0,1342375952.0,4.0,1342376208.0,1342376464.0,1342376720.0,1342376976.0,8.0,1342439688.0,1342439944.0,1342440200.0,1342440456.0,1342440712.0,1342440968.0,1342441224.0,1342441480.0,4.0,0.0,0.0,0.0,0.0,8.0,17.0,17.0,17.0,1.0,1.0,1.0,1.0,1.0,16.0,100.0,100.0,100.0,100.0,100.0,100.0,100.0,100.0,100.0,100.0,100.0,100.0,100.0,100.0,100.0,100.0,2.0,45.0,45.0,1.0,2.0,4.0,80.0,245.0,1.0,0.0,8.0,0.0,252.0,104.0,0.0,0.0,0.0,85.0,122.0,5.0,143.0,1842.0,3.0,6.0,1.0,12.0,0.0,2568.0,0.0,0.0,0.0,0.0,0.0,0.0,0.0,0.0,0.0,0.0,8.0,44.0,0.0,0.0,0.0,0.0,0.0,0.0,0.0,2.0,8.0,0.0,8.0,0.0,0.0,0.0,0.0,0.0,0.0,0.0,0.0,0.0,0.0,0.0,655761.0,0.0,340444200.0,34044204.0,2.02,129.0,0.0,2000.0,65.0,0.0,0.0,0.0,0.0,0.0,0.0,0.0,1.0,0.0,0.0,0.0,0.0,0.0,0.0,0.0,0.0,0.0,0.0,0.0,0.0,0.0,0.0,0.0,0.0,0.0,0.0,0.0,1.0,0.0,0.0,0.0,0.0,0.0,0.0,0.0,0.0,0.0,0.0,0.0,0.0,0.0,0.0,0.0,0.0,0.0,0.0,0.0,0.0,0.0,0.0,0.0,0.0,0.0,0.0,0.0,0.0,0.0,0.0,0.0,0.0,0.0,0.0,0.0,0.0,0.0,0.0,0.0,0.0,0.0,0.0,0.0,0.0,11.009,2.499,0.0,0.0,0.0,0.0,0.0,0.0,1.0,1.0,0.0,0.0,2500.0,0.0,0.0,0.0,0.0,0.0,0.0,
210,0.0,0.0,0.0,0.0,0.0,0.0,3.0,1.0,1.0,1.0,3.0,1.0,1.0,1.0,4.0,1275.0,3408964.0,131072.0,0.0,2.0,1537.0,1409.0,5.0,513.0,255.0,0.0,0.0,0.0,5.0,769.0,255.0,0.0,0.0,0.0,5.0,1025.0,255.0,0.0,0.0,0.0,5.0,1281.0,254.0,0.0,0.0,0.0,2.0,1644167432.0,1644167688.0,4.0,1678835984.0,1678836240.0,1678836496.0,1678836752.0,4.0,1678837008.0,1678837264.0,1678837520.0,1678837776.0,1.0,537198856.0,5.0,417.0,254.0,0.0,0.0,0.0,5.0,449.0,254.0,0.0,0.0,0.0,5.0,481.0,254.0,0.0,0.0,0.0,5.0,673.0,254.0,0.0,0.0,0.0,5.0,705.0,254.0,0.0,0.0,0.0,5.0,737.0,254.0,0.0,0.0,0.0,5.0,929.0,254.0,0.0,0.0,0.0,4.0,1342177544.0,1342177800.0,1342178056.0,1342178312.0,8.0,1342243080.0,1342243336.0,1342243592.0,1342243848.0,1342244104.0,1342244360.0,1342244616.0,1342244872.0,4.0,1342308624.0,1342308880.0,1342309136.0,1342309392.0,4.0,1342374160.0,1342374416.0,1342374672.0,1342374928.0,4.0,1342375184.0,1342375440.0,1342375696.0,1342375952.0,4.0,1342376208.0,1342376464.0,1342376720.0,1342376976.0,8.0,1342439688.0,1342439944.0,1342440200.0,1342440456.0,1342440712.0,1342440968.0,1342441224.0,1342441480.0,4.0,0.0,0.0,0.0,0.0,8.0,17.0,17.0,17.0,1.0,1.0,1.0,1.0,1.0,16.0,100.0,100.0,100.0,100.0,100.0,100.0,100.0,100.0,100.0,100.0,100.0,100.0,100.0,100.0,100.0,100.0,2.0,45.0,45.0,1.0,2.0,4.0,80.0,245.0,1.0,0.0,8.0,0.0,252.0,104.0,0.0,0.0,0.0,85.0,122.0,5.0,143.0,1842.0,3.0,6.0,1.0,12.0,0.0,2568.0,0.0,0.0,0.0,0.0,0.0,0.0,0.0,0.0,0.0,0.0,8.0,44.0,0.0,0.0,0.0,0.0,0.0,0.0,0.0,2.0,8.0,0.0,8.0,0.0,0.0,0.0,0.0,0.0,0.0,0.0,0.0,0.0,0.0,0.0,655761.0,0.0,340444200.0,34044204.0,2.02,129.0,0.0,2000.0,65.0,0.0,0.0,0.0,0.0,0.0,0.0,0.0,1.0,0.0,0.0,0.0,0.0,0.0,0.0,0.0,0.0,0.0,0.0,0.0,0.0,0.0,0.0,0.0,0.0,0.0,0.0,0.0,1.0,0.0,0.0,0.0,0.0,0.0,0.0,0.0,0.0,0.0,0.0,0.0,0.0,0.0,0.0,0.0,0.0,0.0,0.0,0.0,0.0,0.0,0.0,0.0,0.0,0.0,0.0,0.0,0.0,0.0,0.0,0.0,0.0,0.0,0.0,0.0,0.0,0.0,0.0,0.0,0.0,0.0,0.0,0.0,0.0,11.009,2.499,0.0,0.0,0.0,0.0,0.0,0.0,1.0,1.0,0.0,0.0,2500.0,0.0,0.0,0.0,0.0,0.0,0.0,
215,0.0,0.0,0.0,0.0,0.0,0.0,3.0,1.0,1.0,1.0,3.0,1.0,1.0,1.0,4.0,1275.0,3408964.0,131072.0,0.0,2.0,1537.0,1409.0,5.0,513.0,255.0,0.0,0.0,0.0,5.0,769.0,255.0,0.0,0.0,0.0,5.0,1025.0,255.0,0.0,0.0,0.0,5.0,1281.0,254.0,0.0,0.0,0.0,2.0,1644167432.0,1644167688.0,4.0,1678835984.0,1678836240.0,1678836496.0,1678836752.0,4.0,1678837008.0,1678837264.0,1678837520.0,1678837776.0,1.0,537198856.0,5.0,417.0,254.0,0.0,0.0,0.0,5.0,449.0,254.0,0.0,0.0,0.0,5.0,481.0,254.0,0.0,0.0,0.0,5.0,673.0,254.0,0.0,0.0,0.0,5.0,705.0,254.0,0.0,0.0,0.0,5.0,737.0,254.0,0.0,0.0,0.0,5.0,929.0,254.0,0.0,0.0,0.0,4.0,1342177544.0,1342177800.0,1342178056.0,1342178312.0,8.0,1342243080.0,1342243336.0,1342243592.0,1342243848.0,1342244104.0,1342244360.0,1342244616.0,1342244872.0,4.0,1342308624.0,1342308880.0,1342309136.0,1342309392.0,4.0,1342374160.0,1342374416.0,1342374672.0,1342374928.0,4.0,1342375184.0,1342375440.0,1342375696.0,1342375952.0,4.0,1342376208.0,1342376464.0,1342376720.0,1342376976.0,8.0,1342439688.0,1342439944.0,1342440200.0,1342440456.0,1342440712.0,1342440968.0,1342441224.0,1342441480.0,4.0,0.0,0.0,0.0,0.0,8.0,17.0,17.0,17.0,1.0,1.0,1.0,1.0,1.0,16.0,100.0,100.0,100.0,100.0,100.0,100.0,100.0,100.0,100.0,100.0,100.0,100.0,100.0,100.0,100.0,100.0,2.0,45.0,45.0,1.0,2.0,4.0,80.0,245.0,1.0,0.0,8.0,0.0,252.0,104.0,0.0,0.0,0.0,85.0,122.0,5.0,143.0,1837.0,3.0,6.0,1.0,12.0,0.0,3086.0,0.0,0.0,0.0,0.0,0.0,0.0,0.0,0.0,0.0,0.0,8.0,44.0,0.0,0.0,0.0,0.0,0.0,0.0,0.0,2.0,8.0,0.0,8.0,0.0,0.0,0.0,0.0,0.0,0.0,0.0,0.0,0.0,0.0,0.0,655761.0,0.0,340444200.0,34044204.0,2.02,129.0,0.0,2000.0,65.0,0.0,0.0,0.0,0.0,0.0,0.0,0.0,1.0,0.0,0.0,0.0,0.0,0.0,0.0,0.0,0.0,0.0,0.0,0.0,0.0,0.0,0.0,0.0,0.0,0.0,0.0,0.0,1.0,0.0,0.0,0.0,0.0,0.0,0.0,0.0,0.0,0.0,0.0,0.0,0.0,0.0,0.0,0.0,0.0,0.0,0.0,0.0,0.0,0.0,0.0,0.0,0.0,0.0,0.0,0.0,0.0,0.0,0.0,0.0,0.0,0.0,0.0,0.0,0.0,0.0,0.0,0.0,0.0,0.0,0.0,0.0,0.0,10.34,2.999,0.0,0.0,0.0,0.0,0.0,0.0,1.0,1.0,0.0,0.0,3000.0,0.0,0.0,0.0,0.0,0.0,0.0,
216,0.0,0.0,0.0,0.0,0.0,0.0,3.0,1.0,1.0,1.0,3.0,1.0,1.0,1.0,4.0,1275.0,3408964.0,131072.0,0.0,2.0,1537.0,1409.0,5.0,513.0,255.0,0.0,0.0,0.0,5.0,769.0,255.0,0.0,0.0,0.0,5.0,1025.0,255.0,0.0,0.0,0.0,5.0,1281.0,254.0,0.0,0.0,0.0,2.0,1644167432.0,1644167688.0,4.0,1678835984.0,1678836240.0,1678836496.0,1678836752.0,4.0,1678837008.0,1678837264.0,1678837520.0,1678837776.0,1.0,537198856.0,5.0,417.0,254.0,0.0,0.0,0.0,5.0,449.0,254.0,0.0,0.0,0.0,5.0,481.0,254.0,0.0,0.0,0.0,5.0,673.0,254.0,0.0,0.0,0.0,5.0,705.0,254.0,0.0,0.0,0.0,5.0,737.0,254.0,0.0,0.0,0.0,5.0,929.0,254.0,0.0,0.0,0.0,4.0,1342177544.0,1342177800.0,1342178056.0,1342178312.0,8.0,1342243080.0,1342243336.0,1342243592.0,1342243848.0,1342244104.0,1342244360.0,1342244616.0,1342244872.0,4.0,1342308624.0,1342308880.0,1342309136.0,1342309392.0,4.0,1342374160.0,1342374416.0,1342374672.0,1342374928.0,4.0,1342375184.0,1342375440.0,1342375696.0,1342375952.0,4.0,1342376208.0,1342376464.0,1342376720.0,1342376976.0,8.0,1342439688.0,1342439944.0,1342440200.0,1342440456.0,1342440712.0,1342440968.0,1342441224.0,1342441480.0,4.0,0.0,0.0,0.0,0.0,8.0,17.0,17.0,17.0,1.0,1.0,1.0,1.0,1.0,16.0,100.0,100.0,100.0,100.0,100.0,100.0,100.0,100.0,100.0,100.0,100.0,100.0,100.0,100.0,100.0,100.0,2.0,45.0,45.0,1.0,2.0,4.0,80.0,245.0,1.0,0.0,8.0,0.0,252.0,104.0,0.0,0.0,0.0,85.0,122.0,5.0,143.0,1837.0,3.0,6.0,1.0,12.0,0.0,3086.0,0.0,0.0,0.0,0.0,0.0,0.0,0.0,0.0,0.0,0.0,8.0,44.0,0.0,0.0,0.0,0.0,0.0,0.0,0.0,2.0,8.0,0.0,8.0,0.0,0.0,0.0,0.0,0.0,0.0,0.0,0.0,0.0,0.0,0.0,655761.0,0.0,340444200.0,34044204.0,2.02,129.0,0.0,2000.0,65.0,0.0,0.0,0.0,0.0,0.0,0.0,0.0,1.0,0.0,0.0,0.0,0.0,0.0,0.0,0.0,0.0,0.0,0.0,0.0,0.0,0.0,0.0,0.0,0.0,0.0,0.0,0.0,1.0,0.0,0.0,0.0,0.0,0.0,0.0,0.0,0.0,0.0,0.0,0.0,0.0,0.0,0.0,0.0,0.0,0.0,0.0,0.0,0.0,0.0,0.0,0.0,0.0,0.0,0.0,0.0,0.0,0.0,0.0,0.0,0.0,0.0,0.0,0.0,0.0,0.0,0.0,0.0,0.0,0.0,0.0,0.0,0.0,10.341,2.999,0.0,0.0,0.0,0.0,0.0,0.0,1.0,1.0,0.0,0.0,3000.0,0.0,0.0,0.0,0.0,0.0,0.0,
217,0.0,0.0,0.0,0.0,0.0,0.0,3.0,1.0,1.0,1.0,3.0,1.0,1.0,1.0,4.0,1275.0,3408964.0,131072.0,0.0,2.0,1537.0,1409.0,5.0,513.0,255.0,0.0,0.0,0.0,5.0,769.0,255.0,0.0,0.0,0.0,5.0,1025.0,255.0,0.0,0.0,0.0,5.0,1281.0,254.0,0.0,0.0,0.0,2.0,1644167432.0,1644167688.0,4.0,1678835984.0,1678836240.0,1678836496.0,1678836752.0,4.0,1678837008.0,1678837264.0,1678837520.0,1678837776.0,1.0,537198856.0,5.0,417.0,254.0,0.0,0.0,0.0,5.0,449.0,254.0,0.0,0.0,0.0,5.0,481.0,254.0,0.0,0.0,0.0,5.0,673.0,254.0,0.0,0.0,0.0,5.0,705.0,254.0,0.0,0.0,0.0,5.0,737.0,254.0,0.0,0.0,0.0,5.0,929.0,254.0,0.0,0.0,0.0,4.0,1342177544.0,1342177800.0,1342178056.0,1342178312.0,8.0,1342243080.0,1342243336.0,1342243592.0,1342243848.0,1342244104.0,1342244360.0,1342244616.0,1342244872.0,4.0,1342308624.0,1342308880.0,1342309136.0,1342309392.0,4.0,1342374160.0,1342374416.0,1342374672.0,1342374928.0,4.0,1342375184.0,1342375440.0,1342375696.0,1342375952.0,4.0,1342376208.0,1342376464.0,1342376720.0,1342376976.0,8.0,1342439688.0,1342439944.0,1342440200.0,1342440456.0,1342440712.0,1342440968.0,1342441224.0,1342441480.0,4.0,0.0,0.0,0.0,0.0,8.0,17.0,17.0,17.0,1.0,1.0,1.0,1.0,1.0,16.0,100.0,100.0,100.0,100.0,100.0,100.0,100.0,100.0,100.0,100.0,100.0,100.0,100.0,100.0,100.0,100.0,2.0,45.0,45.0,1.0,2.0,4.0,80.0,245.0,1.0,0.0,8.0,0.0,252.0,104.0,0.0,0.0,0.0,85.0,122.0,5.0,143.0,1837.0,3.0,6.0,1.0,12.0,0.0,3086.0,0.0,0.0,0.0,0.0,0.0,0.0,0.0,0.0,0.0,0.0,8.0,44.0,0.0,0.0,0.0,0.0,0.0,0.0,0.0,2.0,8.0,0.0,8.0,0.0,0.0,0.0,0.0,0.0,0.0,0.0,0.0,0.0,0.0,0.0,655761.0,0.0,340444200.0,34044204.0,2.02,129.0,0.0,2000.0,65.0,0.0,0.0,0.0,0.0,0.0,0.0,0.0,1.0,0.0,0.0,0.0,0.0,0.0,0.0,0.0,0.0,0.0,0.0,0.0,0.0,0.0,0.0,0.0,0.0,0.0,0.0,0.0,1.0,0.0,0.0,0.0,0.0,0.0,0.0,0.0,0.0,0.0,0.0,0.0,0.0,0.0,0.0,0.0,0.0,0.0,0.0,0.0,0.0,0.0,0.0,0.0,0.0,0.0,0.0,0.0,0.0,0.0,0.0,0.0,0.0,0.0,0.0,0.0,0.0,0.0,0.0,0.0,0.0,0.0,0.0,0.0,0.0,10.341,2.999,0.0,0.0,0.0,0.0,0.0,0.0,1.0,1.0,0.0,0.0,3000.0,0.0,0.0,0.0,0.0,0.0,0.0,
222,0.0,0.0,0.0,0.0,0.0,0.0,3.0,1.0,1.0,1.0,3.0,1.0,1.0,1.0,4.0,1275.0,3408964.0,131072.0,0.0,2.0,1537.0,1409.0,5.0,513.0,255.0,0.0,0.0,0.0,5.0,769.0,255.0,0.0,0.0,0.0,5.0,1025.0,255.0,0.0,0.0,0.0,5.0,1281.0,254.0,0.0,0.0,0.0,2.0,1644167432.0,1644167688.0,4.0,1678835984.0,1678836240.0,1678836496.0,1678836752.0,4.0,1678837008.0,1678837264.0,1678837520.0,1678837776.0,1.0,537198856.0,5.0,417.0,254.0,0.0,0.0,0.0,5.0,449.0,254.0,0.0,0.0,0.0,5.0,481.0,254.0,0.0,0.0,0.0,5.0,673.0,254.0,0.0,0.0,0.0,5.0,705.0,254.0,0.0,0.0,0.0,5.0,737.0,254.0,0.0,0.0,0.0,5.0,929.0,254.0,0.0,0.0,0.0,4.0,1342177544.0,1342177800.0,1342178056.0,1342178312.0,8.0,1342243080.0,1342243336.0,1342243592.0,1342243848.0,1342244104.0,1342244360.0,1342244616.0,1342244872.0,4.0,1342308624.0,1342308880.0,1342309136.0,1342309392.0,4.0,1342374160.0,1342374416.0,1342374672.0,1342374928.0,4.0,1342375184.0,1342375440.0,1342375696.0,1342375952.0,4.0,1342376208.0,1342376464.0,1342376720.0,1342376976.0,8.0,1342439688.0,1342439944.0,1342440200.0,1342440456.0,1342440712.0,1342440968.0,1342441224.0,1342441480.0,4.0,0.0,0.0,0.0,0.0,8.0,17.0,17.0,17.0,1.0,1.0,1.0,1.0,1.0,16.0,100.0,100.0,100.0,100.0,100.0,100.0,100.0,100.0,100.0,100.0,100.0,100.0,100.0,100.0,100.0,100.0,2.0,45.0,45.0,1.0,2.0,4.0,80.0,245.0,1.0,0.0,8.0,0.0,252.0,104.0,0.0,0.0,0.0,85.0,122.0,5.0,143.0,1837.0,3.0,6.0,1.0,12.0,0.0,3607.0,0.0,0.0,0.0,0.0,0.0,0.0,0.0,0.0,0.0,0.0,8.0,44.0,0.0,0.0,0.0,0.0,0.0,0.0,0.0,2.0,8.0,0.0,8.0,0.0,0.0,0.0,0.0,0.0,0.0,0.0,0.0,0.0,0.0,0.0,655761.0,0.0,340444200.0,34044204.0,2.02,129.0,0.0,2000.0,65.0,0.0,0.0,0.0,0.0,0.0,0.0,0.0,1.0,0.0,0.0,0.0,0.0,0.0,0.0,0.0,0.0,0.0,0.0,0.0,0.0,0.0,0.0,0.0,0.0,0.0,0.0,0.0,1.0,0.0,0.0,0.0,0.0,0.0,0.0,0.0,0.0,0.0,0.0,0.0,0.0,0.0,0.0,0.0,0.0,0.0,0.0,0.0,0.0,0.0,0.0,0.0,0.0,0.0,0.0,0.0,0.0,0.0,0.0,0.0,0.0,0.0,0.0,0.0,0.0,0.0,0.0,0.0,0.0,0.0,0.0,0.0,0.0,9.661,3.5,0.0,0.0,0.0,0.0,0.0,0.0,1.0,1.0,0.0,0.0,3500.0,0.0,0.0,0.0,0.0,0.0,0.0,
223,0.0,0.0,0.0,0.0,0.0,0.0,3.0,1.0,1.0,1.0,3.0,1.0,1.0,1.0,4.0,1275.0,3408964.0,131072.0,0.0,2.0,1537.0,1409.0,5.0,513.0,255.0,0.0,0.0,0.0,5.0,769.0,255.0,0.0,0.0,0.0,5.0,1025.0,255.0,0.0,0.0,0.0,5.0,1281.0,254.0,0.0,0.0,0.0,2.0,1644167432.0,1644167688.0,4.0,1678835984.0,1678836240.0,1678836496.0,1678836752.0,4.0,1678837008.0,1678837264.0,1678837520.0,1678837776.0,1.0,537198856.0,5.0,417.0,254.0,0.0,0.0,0.0,5.0,449.0,254.0,0.0,0.0,0.0,5.0,481.0,254.0,0.0,0.0,0.0,5.0,673.0,254.0,0.0,0.0,0.0,5.0,705.0,254.0,0.0,0.0,0.0,5.0,737.0,254.0,0.0,0.0,0.0,5.0,929.0,254.0,0.0,0.0,0.0,4.0,1342177544.0,1342177800.0,1342178056.0,1342178312.0,8.0,1342243080.0,1342243336.0,1342243592.0,1342243848.0,1342244104.0,1342244360.0,1342244616.0,1342244872.0,4.0,1342308624.0,1342308880.0,1342309136.0,1342309392.0,4.0,1342374160.0,1342374416.0,1342374672.0,1342374928.0,4.0,1342375184.0,1342375440.0,1342375696.0,1342375952.0,4.0,1342376208.0,1342376464.0,1342376720.0,1342376976.0,8.0,1342439688.0,1342439944.0,1342440200.0,1342440456.0,1342440712.0,1342440968.0,1342441224.0,1342441480.0,4.0,0.0,0.0,0.0,0.0,8.0,17.0,17.0,17.0,1.0,1.0,1.0,1.0,1.0,16.0,100.0,100.0,100.0,100.0,100.0,100.0,100.0,100.0,100.0,100.0,100.0,100.0,100.0,100.0,100.0,100.0,2.0,45.0,45.0,1.0,2.0,4.0,80.0,245.0,1.0,0.0,8.0,0.0,252.0,104.0,0.0,0.0,0.0,85.0,122.0,5.0,143.0,1837.0,3.0,6.0,1.0,12.0,0.0,3607.0,0.0,0.0,0.0,0.0,0.0,0.0,0.0,0.0,0.0,0.0,8.0,44.0,0.0,0.0,0.0,0.0,0.0,0.0,0.0,2.0,8.0,0.0,8.0,0.0,0.0,0.0,0.0,0.0,0.0,0.0,0.0,0.0,0.0,0.0,655761.0,0.0,340444200.0,34044204.0,2.02,129.0,0.0,2000.0,65.0,0.0,0.0,0.0,0.0,0.0,0.0,0.0,1.0,0.0,0.0,0.0,0.0,0.0,0.0,0.0,0.0,0.0,0.0,0.0,0.0,0.0,0.0,0.0,0.0,0.0,0.0,0.0,1.0,0.0,0.0,0.0,0.0,0.0,0.0,0.0,0.0,0.0,0.0,0.0,0.0,0.0,0.0,0.0,0.0,0.0,0.0,0.0,0.0,0.0,0.0,0.0,0.0,0.0,0.0,0.0,0.0,0.0,0.0,0.0,0.0,0.0,0.0,0.0,0.0,0.0,0.0,0.0,0.0,0.0,0.0,0.0,0.0,9.663,3.499,0.0,0.0,0.0,0.0,0.0,0.0,1.0,1.0,0.0,0.0,3500.0,0.0,0.0,0.0,0.0,0.0,0.0,
224,0.0,0.0,0.0,0.0,0.0,0.0,3.0,1.0,1.0,1.0,3.0,1.0,1.0,1.0,4.0,1275.0,3408964.0,131072.0,0.0,2.0,1537.0,1409.0,5.0,513.0,255.0,0.0,0.0,0.0,5.0,769.0,255.0,0.0,0.0,0.0,5.0,1025.0,255.0,0.0,0.0,0.0,5.0,1281.0,254.0,0.0,0.0,0.0,2.0,1644167432.0,1644167688.0,4.0,1678835984.0,1678836240.0,1678836496.0,1678836752.0,4.0,1678837008.0,1678837264.0,1678837520.0,1678837776.0,1.0,537198856.0,5.0,417.0,254.0,0.0,0.0,0.0,5.0,449.0,254.0,0.0,0.0,0.0,5.0,481.0,254.0,0.0,0.0,0.0,5.0,673.0,254.0,0.0,0.0,0.0,5.0,705.0,254.0,0.0,0.0,0.0,5.0,737.0,254.0,0.0,0.0,0.0,5.0,929.0,254.0,0.0,0.0,0.0,4.0,1342177544.0,1342177800.0,1342178056.0,1342178312.0,8.0,1342243080.0,1342243336.0,1342243592.0,1342243848.0,1342244104.0,1342244360.0,1342244616.0,1342244872.0,4.0,1342308624.0,1342308880.0,1342309136.0,1342309392.0,4.0,1342374160.0,1342374416.0,1342374672.0,1342374928.0,4.0,1342375184.0,1342375440.0,1342375696.0,1342375952.0,4.0,1342376208.0,1342376464.0,1342376720.0,1342376976.0,8.0,1342439688.0,1342439944.0,1342440200.0,1342440456.0,1342440712.0,1342440968.0,1342441224.0,1342441480.0,4.0,0.0,0.0,0.0,0.0,8.0,17.0,17.0,17.0,1.0,1.0,1.0,1.0,1.0,16.0,100.0,100.0,100.0,100.0,100.0,100.0,100.0,100.0,100.0,100.0,100.0,100.0,100.0,100.0,100.0,100.0,2.0,45.0,45.0,1.0,2.0,4.0,80.0,245.0,1.0,0.0,8.0,0.0,252.0,104.0,0.0,0.0,0.0,85.0,122.0,5.0,143.0,1837.0,3.0,6.0,1.0,12.0,0.0,3607.0,0.0,0.0,0.0,0.0,0.0,0.0,0.0,0.0,0.0,0.0,8.0,44.0,0.0,0.0,0.0,0.0,0.0,0.0,0.0,2.0,8.0,0.0,8.0,0.0,0.0,0.0,0.0,0.0,0.0,0.0,0.0,0.0,0.0,0.0,655761.0,0.0,340444200.0,34044204.0,2.02,129.0,0.0,2000.0,65.0,0.0,0.0,0.0,0.0,0.0,0.0,0.0,1.0,0.0,0.0,0.0,0.0,0.0,0.0,0.0,0.0,0.0,0.0,0.0,0.0,0.0,0.0,0.0,0.0,0.0,0.0,0.0,1.0,0.0,0.0,0.0,0.0,0.0,0.0,0.0,0.0,0.0,0.0,0.0,0.0,0.0,0.0,0.0,0.0,0.0,0.0,0.0,0.0,0.0,0.0,0.0,0.0,0.0,0.0,0.0,0.0,0.0,0.0,0.0,0.0,0.0,0.0,0.0,0.0,0.0,0.0,0.0,0.0,0.0,0.0,0.0,0.0,9.663,3.499,0.0,0.0,0.0,0.0,0.0,0.0,1.0,1.0,0.0,0.0,3500.0,0.0,0.0,0.0,0.0,0.0,0.0,
229,0.0,0.0,0.0,0.0,0.0,0.0,3.0,1.0,1.0,1.0,3.0,1.0,1.0,1.0,4.0,1275.0,3408964.0,131072.0,0.0,2.0,1537.0,1409.0,5.0,513.0,255.0,0.0,0.0,0.0,5.0,769.0,255.0,0.0,0.0,0.0,5.0,1025.0,255.0,0.0,0.0,0.0,5.0,1281.0,254.0,0.0,0.0,0.0,2.0,1644167432.0,1644167688.0,4.0,1678835984.0,1678836240.0,1678836496.0,1678836752.0,4.0,1678837008.0,1678837264.0,1678837520.0,1678837776.0,1.0,537198856.0,5.0,417.0,254.0,0.0,0.0,0.0,5.0,449.0,254.0,0.0,0.0,0.0,5.0,481.0,254.0,0.0,0.0,0.0,5.0,673.0,254.0,0.0,0.0,0.0,5.0,705.0,254.0,0.0,0.0,0.0,5.0,737.0,254.0,0.0,0.0,0.0,5.0,929.0,254.0,0.0,0.0,0.0,4.0,1342177544.0,1342177800.0,1342178056.0,1342178312.0,8.0,1342243080.0,1342243336.0,1342243592.0,1342243848.0,1342244104.0,1342244360.0,1342244616.0,1342244872.0,4.0,1342308624.0,1342308880.0,1342309136.0,1342309392.0,4.0,1342374160.0,1342374416.0,1342374672.0,1342374928.0,4.0,1342375184.0,1342375440.0,1342375696.0,1342375952.0,4.0,1342376208.0,1342376464.0,1342376720.0,1342376976.0,8.0,1342439688.0,1342439944.0,1342440200.0,1342440456.0,1342440712.0,1342440968.0,1342441224.0,1342441480.0,4.0,0.0,0.0,0.0,0.0,8.0,17.0,17.0,17.0,1.0,1.0,1.0,1.0,1.0,16.0,100.0,100.0,100.0,100.0,100.0,100.0,100.0,100.0,100.0,100.0,100.0,100.0,100.0,100.0,100.0,100.0,2.0,45.0,45.0,1.0,2.0,4.0,80.0,245.0,1.0,0.0,8.0,0.0,252.0,104.0,0.0,0.0,0.0,85.0,122.0,5.0,142.0,1842.0,3.0,6.0,1.0,12.0,0.0,4133.0,0.0,0.0,0.0,0.0,0.0,0.0,0.0,0.0,0.0,0.0,8.0,44.0,0.0,0.0,0.0,0.0,0.0,0.0,0.0,2.0,8.0,0.0,8.0,0.0,0.0,0.0,0.0,0.0,0.0,0.0,0.0,0.0,0.0,0.0,655761.0,0.0,340444200.0,34044204.0,2.02,129.0,0.0,2000.0,65.0,0.0,0.0,0.0,0.0,0.0,0.0,0.0,1.0,0.0,0.0,0.0,0.0,0.0,0.0,0.0,0.0,0.0,0.0,0.0,0.0,0.0,0.0,0.0,0.0,0.0,0.0,0.0,1.0,0.0,0.0,0.0,0.0,0.0,0.0,0.0,0.0,0.0,0.0,0.0,0.0,0.0,0.0,0.0,0.0,0.0,0.0,0.0,0.0,0.0,0.0,0.0,0.0,0.0,0.0,0.0,0.0,0.0,0.0,0.0,0.0,0.0,0.0,0.0,0.0,0.0,0.0,0.0,0.0,0.0,0.0,0.0,0.0,8.988,4.001,0.0,0.0,0.0,0.0,0.0,0.0,1.0,1.0,0.0,0.0,4000.0,0.0,0.0,0.0,0.0,0.0,0.0,
230,0.0,0.0,0.0,0.0,0.0,0.0,3.0,1.0,1.0,1.0,3.0,1.0,1.0,1.0,4.0,1275.0,3408964.0,131072.0,0.0,2.0,1537.0,1409.0,5.0,513.0,255.0,0.0,0.0,0.0,5.0,769.0,255.0,0.0,0.0,0.0,5.0,1025.0,255.0,0.0,0.0,0.0,5.0,1281.0,254.0,0.0,0.0,0.0,2.0,1644167432.0,1644167688.0,4.0,1678835984.0,1678836240.0,1678836496.0,1678836752.0,4.0,1678837008.0,1678837264.0,1678837520.0,1678837776.0,1.0,537198856.0,5.0,417.0,254.0,0.0,0.0,0.0,5.0,449.0,254.0,0.0,0.0,0.0,5.0,481.0,254.0,0.0,0.0,0.0,5.0,673.0,254.0,0.0,0.0,0.0,5.0,705.0,254.0,0.0,0.0,0.0,5.0,737.0,254.0,0.0,0.0,0.0,5.0,929.0,254.0,0.0,0.0,0.0,4.0,1342177544.0,1342177800.0,1342178056.0,1342178312.0,8.0,1342243080.0,1342243336.0,1342243592.0,1342243848.0,1342244104.0,1342244360.0,1342244616.0,1342244872.0,4.0,1342308624.0,1342308880.0,1342309136.0,1342309392.0,4.0,1342374160.0,1342374416.0,1342374672.0,1342374928.0,4.0,1342375184.0,1342375440.0,1342375696.0,1342375952.0,4.0,1342376208.0,1342376464.0,1342376720.0,1342376976.0,8.0,1342439688.0,1342439944.0,1342440200.0,1342440456.0,1342440712.0,1342440968.0,1342441224.0,1342441480.0,4.0,0.0,0.0,0.0,0.0,8.0,17.0,17.0,17.0,1.0,1.0,1.0,1.0,1.0,16.0,100.0,100.0,100.0,100.0,100.0,100.0,100.0,100.0,100.0,100.0,100.0,100.0,100.0,100.0,100.0,100.0,2.0,45.0,45.0,1.0,2.0,4.0,80.0,245.0,1.0,0.0,8.0,0.0,252.0,104.0,0.0,0.0,0.0,85.0,122.0,5.0,143.0,1837.0,3.0,6.0,1.0,12.0,0.0,4129.0,0.0,0.0,0.0,0.0,0.0,0.0,0.0,0.0,0.0,0.0,8.0,44.0,0.0,0.0,0.0,0.0,0.0,0.0,0.0,2.0,8.0,0.0,8.0,0.0,0.0,0.0,0.0,0.0,0.0,0.0,0.0,0.0,0.0,0.0,655761.0,0.0,340444200.0,34044204.0,2.02,129.0,0.0,2000.0,65.0,0.0,0.0,0.0,0.0,0.0,0.0,0.0,1.0,0.0,0.0,0.0,0.0,0.0,0.0,0.0,0.0,0.0,0.0,0.0,0.0,0.0,0.0,0.0,0.0,0.0,0.0,0.0,1.0,0.0,0.0,0.0,0.0,0.0,0.0,0.0,0.0,0.0,0.0,0.0,0.0,0.0,0.0,0.0,0.0,0.0,0.0,0.0,0.0,0.0,0.0,0.0,0.0,0.0,0.0,0.0,0.0,0.0,0.0,0.0,0.0,0.0,0.0,0.0,0.0,0.0,0.0,0.0,0.0,0.0,0.0,0.0,0.0,8.991,4.002,0.0,0.0,0.0,0.0,0.0,0.0,1.0,1.0,0.0,0.0,4000.0,0.0,0.0,0.0,0.0,0.0,0.0,
231,0.0,0.0,0.0,0.0,0.0,0.0,3.0,1.0,1.0,1.0,3.0,1.0,1.0,1.0,4.0,1275.0,3408964.0,131072.0,0.0,2.0,1537.0,1409.0,5.0,513.0,255.0,0.0,0.0,0.0,5.0,769.0,255.0,0.0,0.0,0.0,5.0,1025.0,255.0,0.0,0.0,0.0,5.0,1281.0,254.0,0.0,0.0,0.0,2.0,1644167432.0,1644167688.0,4.0,1678835984.0,1678836240.0,1678836496.0,1678836752.0,4.0,1678837008.0,1678837264.0,1678837520.0,1678837776.0,1.0,537198856.0,5.0,417.0,254.0,0.0,0.0,0.0,5.0,449.0,254.0,0.0,0.0,0.0,5.0,481.0,254.0,0.0,0.0,0.0,5.0,673.0,254.0,0.0,0.0,0.0,5.0,705.0,254.0,0.0,0.0,0.0,5.0,737.0,254.0,0.0,0.0,0.0,5.0,929.0,254.0,0.0,0.0,0.0,4.0,1342177544.0,1342177800.0,1342178056.0,1342178312.0,8.0,1342243080.0,1342243336.0,1342243592.0,1342243848.0,1342244104.0,1342244360.0,1342244616.0,1342244872.0,4.0,1342308624.0,1342308880.0,1342309136.0,1342309392.0,4.0,1342374160.0,1342374416.0,1342374672.0,1342374928.0,4.0,1342375184.0,1342375440.0,1342375696.0,1342375952.0,4.0,1342376208.0,1342376464.0,1342376720.0,1342376976.0,8.0,1342439688.0,1342439944.0,1342440200.0,1342440456.0,1342440712.0,1342440968.0,1342441224.0,1342441480.0,4.0,0.0,0.0,0.0,0.0,8.0,17.0,17.0,17.0,1.0,1.0,1.0,1.0,1.0,16.0,100.0,100.0,100.0,100.0,100.0,100.0,100.0,100.0,100.0,100.0,100.0,100.0,100.0,100.0,100.0,100.0,2.0,45.0,45.0,1.0,2.0,4.0,80.0,245.0,1.0,0.0,8.0,0.0,252.0,104.0,0.0,0.0,0.0,85.0,122.0,5.0,143.0,1837.0,3.0,6.0,1.0,12.0,0.0,4129.0,0.0,0.0,0.0,0.0,0.0,0.0,0.0,0.0,0.0,0.0,8.0,44.0,0.0,0.0,0.0,0.0,0.0,0.0,0.0,2.0,8.0,0.0,8.0,0.0,0.0,0.0,0.0,0.0,0.0,0.0,0.0,0.0,0.0,0.0,655761.0,0.0,340444200.0,34044204.0,2.02,129.0,0.0,2000.0,65.0,0.0,0.0,0.0,0.0,0.0,0.0,0.0,1.0,0.0,0.0,0.0,0.0,0.0,0.0,0.0,0.0,0.0,0.0,0.0,0.0,0.0,0.0,0.0,0.0,0.0,0.0,0.0,1.0,0.0,0.0,0.0,0.0,0.0,0.0,0.0,0.0,0.0,0.0,0.0,0.0,0.0,0.0,0.0,0.0,0.0,0.0,0.0,0.0,0.0,0.0,0.0,0.0,0.0,0.0,0.0,0.0,0.0,0.0,0.0,0.0,0.0,0.0,0.0,0.0,0.0,0.0,0.0,0.0,0.0,0.0,0.0,0.0,8.989,4.001,0.0,0.0,0.0,0.0,0.0,0.0,1.0,1.0,0.0,0.0,4000.0,0.0,0.0,0.0,0.0,0.0,0.0,
236,0.0,0.0,0.0,0.0,0.0,0.0,3.0,1.0,1.0,1.0,3.0,1.0,1.0,1.0,4.0,1275.0,3408964.0,131072.0,0.0,2.0,1537.0,1409.0,5.0,513.0,255.0,0.0,0.0,0.0,5.0,769.0,255.0,0.0,0.0,0.0,5.0,1025.0,255.0,0.0,0.0,0.0,5.0,1281.0,254.0,0.0,0.0,0.0,2.0,1644167432.0,1644167688.0,4.0,1678835984.0,1678836240.0,1678836496.0,1678836752.0,4.0,1678837008.0,1678837264.0,1678837520.0,1678837776.0,1.0,537198856.0,5.0,417.0,254.0,0.0,0.0,0.0,5.0,449.0,254.0,0.0,0.0,0.0,5.0,481.0,254.0,0.0,0.0,0.0,5.0,673.0,254.0,0.0,0.0,0.0,5.0,705.0,254.0,0.0,0.0,0.0,5.0,737.0,254.0,0.0,0.0,0.0,5.0,929.0,254.0,0.0,0.0,0.0,4.0,1342177544.0,1342177800.0,1342178056.0,1342178312.0,8.0,1342243080.0,1342243336.0,1342243592.0,1342243848.0,1342244104.0,1342244360.0,1342244616.0,1342244872.0,4.0,1342308624.0,1342308880.0,1342309136.0,1342309392.0,4.0,1342374160.0,1342374416.0,1342374672.0,1342374928.0,4.0,1342375184.0,1342375440.0,1342375696.0,1342375952.0,4.0,1342376208.0,1342376464.0,1342376720.0,1342376976.0,8.0,1342439688.0,1342439944.0,1342440200.0,1342440456.0,1342440712.0,1342440968.0,1342441224.0,1342441480.0,4.0,0.0,0.0,0.0,0.0,8.0,17.0,17.0,17.0,1.0,1.0,1.0,1.0,1.0,16.0,100.0,100.0,100.0,100.0,100.0,100.0,100.0,100.0,100.0,100.0,100.0,100.0,100.0,100.0,100.0,100.0,2.0,45.0,45.0,1.0,2.0,4.0,80.0,245.0,1.0,0.0,8.0,0.0,252.0,168.0,0.0,0.0,0.0,85.0,122.0,5.0,144.0,1837.0,3.0,6.0,1.0,12.0,0.0,0.0,0.0,0.0,0.0,0.0,0.0,0.0,0.0,0.0,0.0,0.0,8.0,44.0,0.0,0.0,0.0,0.0,0.0,0.0,0.0,2.0,8.0,0.0,8.0,0.0,0.0,0.0,0.0,0.0,0.0,0.0,0.0,0.0,0.0,0.0,655761.0,0.0,340444200.0,34044204.0,2.02,129.0,0.0,2000.0,65.0,0.0,0.0,0.0,0.0,0.0,0.0,0.0,1.0,0.0,0.0,0.0,0.0,0.0,0.0,0.0,0.0,0.0,0.0,0.0,0.0,0.0,0.0,0.0,0.0,0.0,0.0,0.0,1.0,0.0,0.0,0.0,0.0,0.0,0.0,0.0,0.0,0.0,0.0,0.0,0.0,0.0,0.0,0.0,0.0,0.0,0.0,0.0,0.0,0.0,0.0,0.0,0.0,0.0,0.0,0.0,0.0,0.0,0.0,0.0,0.0,0.0,0.0,0.0,0.0,0.0,0.0,0.0,0.0,0.0,0.0,0.0,0.0,0.0,0.0,0.0,0.0,0.0,0.0,0.0,0.0,1.0,1.0,0.0,0.0,4500.0,0.0,0.0,0.0,0.0,0.0,0.0,
237,0.0,0.0,0.0,0.0,0.0,0.0,3.0,1.0,1.0,1.0,3.0,1.0,1.0,1.0,4.0,1275.0,3408964.0,131072.0,0.0,2.0,1537.0,1409.0,5.0,513.0,255.0,0.0,0.0,0.0,5.0,769.0,255.0,0.0,0.0,0.0,5.0,1025.0,255.0,0.0,0.0,0.0,5.0,1281.0,254.0,0.0,0.0,0.0,2.0,1644167432.0,1644167688.0,4.0,1678835984.0,1678836240.0,1678836496.0,1678836752.0,4.0,1678837008.0,1678837264.0,1678837520.0,1678837776.0,1.0,537198856.0,5.0,417.0,254.0,0.0,0.0,0.0,5.0,449.0,254.0,0.0,0.0,0.0,5.0,481.0,254.0,0.0,0.0,0.0,5.0,673.0,254.0,0.0,0.0,0.0,5.0,705.0,254.0,0.0,0.0,0.0,5.0,737.0,254.0,0.0,0.0,0.0,5.0,929.0,254.0,0.0,0.0,0.0,4.0,1342177544.0,1342177800.0,1342178056.0,1342178312.0,8.0,1342243080.0,1342243336.0,1342243592.0,1342243848.0,1342244104.0,1342244360.0,1342244616.0,1342244872.0,4.0,1342308624.0,1342308880.0,1342309136.0,1342309392.0,4.0,1342374160.0,1342374416.0,1342374672.0,1342374928.0,4.0,1342375184.0,1342375440.0,1342375696.0,1342375952.0,4.0,1342376208.0,1342376464.0,1342376720.0,1342376976.0,8.0,1342439688.0,1342439944.0,1342440200.0,1342440456.0,1342440712.0,1342440968.0,1342441224.0,1342441480.0,4.0,0.0,0.0,0.0,0.0,8.0,17.0,17.0,17.0,1.0,1.0,1.0,1.0,1.0,16.0,100.0,100.0,100.0,100.0,100.0,100.0,100.0,100.0,100.0,100.0,100.0,100.0,100.0,100.0,100.0,100.0,2.0,45.0,45.0,1.0,2.0,4.0,80.0,245.0,1.0,0.0,8.0,0.0,252.0,168.0,0.0,0.0,0.0,85.0,122.0,5.0,144.0,1837.0,3.0,6.0,1.0,12.0,0.0,0.0,0.0,0.0,0.0,0.0,0.0,0.0,0.0,0.0,0.0,0.0,8.0,44.0,0.0,0.0,0.0,0.0,0.0,0.0,0.0,2.0,8.0,0.0,8.0,0.0,0.0,0.0,0.0,0.0,0.0,0.0,0.0,0.0,0.0,0.0,655761.0,0.0,340444200.0,34044204.0,2.02,129.0,0.0,2000.0,65.0,0.0,0.0,0.0,0.0,0.0,0.0,0.0,1.0,0.0,0.0,0.0,0.0,0.0,0.0,0.0,0.0,0.0,0.0,0.0,0.0,0.0,0.0,0.0,0.0,0.0,0.0,0.0,1.0,0.0,0.0,0.0,0.0,0.0,0.0,0.0,0.0,0.0,0.0,0.0,0.0,0.0,0.0,0.0,0.0,0.0,0.0,0.0,0.0,0.0,0.0,0.0,0.0,0.0,0.0,0.0,0.0,0.0,0.0,0.0,0.0,0.0,0.0,0.0,0.0,0.0,0.0,0.0,0.0,0.0,0.0,0.0,0.0,0.0,0.0,0.0,0.0,0.0,0.0,0.0,0.0,1.0,1.0,0.0,0.0,4500.0,0.0,0.0,0.0,0.0,0.0,0.0,
238,0.0,0.0,0.0,0.0,0.0,0.0,3.0,1.0,1.0,1.0,3.0,1.0,1.0,1.0,4.0,1275.0,3408964.0,131072.0,0.0,2.0,1537.0,1409.0,5.0,513.0,255.0,0.0,0.0,0.0,5.0,769.0,255.0,0.0,0.0,0.0,5.0,1025.0,255.0,0.0,0.0,0.0,5.0,1281.0,254.0,0.0,0.0,0.0,2.0,1644167432.0,1644167688.0,4.0,1678835984.0,1678836240.0,1678836496.0,1678836752.0,4.0,1678837008.0,1678837264.0,1678837520.0,1678837776.0,1.0,537198856.0,5.0,417.0,254.0,0.0,0.0,0.0,5.0,449.0,254.0,0.0,0.0,0.0,5.0,481.0,254.0,0.0,0.0,0.0,5.0,673.0,254.0,0.0,0.0,0.0,5.0,705.0,254.0,0.0,0.0,0.0,5.0,737.0,254.0,0.0,0.0,0.0,5.0,929.0,254.0,0.0,0.0,0.0,4.0,1342177544.0,1342177800.0,1342178056.0,1342178312.0,8.0,1342243080.0,1342243336.0,1342243592.0,1342243848.0,1342244104.0,1342244360.0,1342244616.0,1342244872.0,4.0,1342308624.0,1342308880.0,1342309136.0,1342309392.0,4.0,1342374160.0,1342374416.0,1342374672.0,1342374928.0,4.0,1342375184.0,1342375440.0,1342375696.0,1342375952.0,4.0,1342376208.0,1342376464.0,1342376720.0,1342376976.0,8.0,1342439688.0,1342439944.0,1342440200.0,1342440456.0,1342440712.0,1342440968.0,1342441224.0,1342441480.0,4.0,0.0,0.0,0.0,0.0,8.0,17.0,17.0,17.0,1.0,1.0,1.0,1.0,1.0,16.0,100.0,100.0,100.0,100.0,100.0,100.0,100.0,100.0,100.0,100.0,100.0,100.0,100.0,100.0,100.0,100.0,2.0,45.0,45.0,1.0,2.0,4.0,80.0,245.0,1.0,0.0,8.0,0.0,252.0,168.0,0.0,0.0,0.0,85.0,122.0,5.0,144.0,1837.0,3.0,6.0,1.0,12.0,0.0,0.0,0.0,0.0,0.0,0.0,0.0,0.0,0.0,0.0,0.0,0.0,8.0,44.0,0.0,0.0,0.0,0.0,0.0,0.0,0.0,2.0,8.0,0.0,8.0,0.0,0.0,0.0,0.0,0.0,0.0,0.0,0.0,0.0,0.0,0.0,655761.0,0.0,340444200.0,34044204.0,2.02,129.0,0.0,2000.0,65.0,0.0,0.0,0.0,0.0,0.0,0.0,0.0,1.0,0.0,0.0,0.0,0.0,0.0,0.0,0.0,0.0,0.0,0.0,0.0,0.0,0.0,0.0,0.0,0.0,0.0,0.0,0.0,1.0,0.0,0.0,0.0,0.0,0.0,0.0,0.0,0.0,0.0,0.0,0.0,0.0,0.0,0.0,0.0,0.0,0.0,0.0,0.0,0.0,0.0,0.0,0.0,0.0,0.0,0.0,0.0,0.0,0.0,0.0,0.0,0.0,0.0,0.0,0.0,0.0,0.0,0.0,0.0,0.0,0.0,0.0,0.0,0.0,0.0,0.0,0.0,0.0,0.0,0.0,0.0,0.0,1.0,1.0,0.0,0.0,4500.0,0.0,0.0,0.0,0.0,0.0,0.0,
241,0.0,0.0,0.0,0.0,0.0,0.0,3.0,1.0,1.0,1.0,3.0,1.0,1.0,1.0,4.0,1275.0,3408964.0,131072.0,0.0,2.0,1537.0,1409.0,5.0,513.0,255.0,0.0,0.0,0.0,5.0,769.0,255.0,0.0,0.0,0.0,5.0,1025.0,255.0,0.0,0.0,0.0,5.0,1281.0,254.0,0.0,0.0,0.0,2.0,1644167432.0,1644167688.0,4.0,1678835984.0,1678836240.0,1678836496.0,1678836752.0,4.0,1678837008.0,1678837264.0,1678837520.0,1678837776.0,1.0,537198856.0,5.0,417.0,254.0,0.0,0.0,0.0,5.0,449.0,254.0,0.0,0.0,0.0,5.0,481.0,254.0,0.0,0.0,0.0,5.0,673.0,254.0,0.0,0.0,0.0,5.0,705.0,254.0,0.0,0.0,0.0,5.0,737.0,254.0,0.0,0.0,0.0,5.0,929.0,254.0,0.0,0.0,0.0,4.0,1342177544.0,1342177800.0,1342178056.0,1342178312.0,8.0,1342243080.0,1342243336.0,1342243592.0,1342243848.0,1342244104.0,1342244360.0,1342244616.0,1342244872.0,4.0,1342308624.0,1342308880.0,1342309136.0,1342309392.0,4.0,1342374160.0,1342374416.0,1342374672.0,1342374928.0,4.0,1342375184.0,1342375440.0,1342375696.0,1342375952.0,4.0,1342376208.0,1342376464.0,1342376720.0,1342376976.0,8.0,1342439688.0,1342439944.0,1342440200.0,1342440456.0,1342440712.0,1342440968.0,1342441224.0,1342441480.0,4.0,0.0,0.0,0.0,0.0,8.0,17.0,17.0,17.0,1.0,1.0,1.0,1.0,1.0,16.0,100.0,100.0,100.0,100.0,100.0,100.0,100.0,100.0,100.0,100.0,100.0,100.0,100.0,100.0,100.0,100.0,2.0,45.0,45.0,1.0,2.0,4.0,80.0,245.0,1.0,0.0,8.0,0.0,252.0,168.0,0.0,0.0,0.0,85.0,122.0,5.0,145.0,1837.0,3.0,6.0,1.0,12.0,0.0,0.0,0.0,0.0,0.0,0.0,0.0,0.0,0.0,0.0,0.0,0.0,8.0,44.0,0.0,0.0,0.0,0.0,0.0,0.0,0.0,2.0,0.0,0.0,8.0,0.0,0.0,0.0,0.0,0.0,0.0,0.0,0.0,0.0,0.0,0.0,655761.0,0.0,340444200.0,34044204.0,2.02,129.0,0.0,2000.0,65.0,0.0,0.0,0.0,0.0,0.0,0.0,0.0,1.0,0.0,0.0,0.0,0.0,0.0,0.0,0.0,0.0,0.0,0.0,0.0,0.0,0.0,0.0,0.0,0.0,0.0,0.0,0.0,0.0,0.0,0.0,0.0,0.0,0.0,0.0,0.0,0.0,0.0,0.0,0.0,0.0,0.0,0.0,0.0,0.0,0.0,0.0,0.0,0.0,0.0,0.0,0.0,0.0,0.0,0.0,0.0,0.0,0.0,0.0,0.0,0.0,0.0,0.0,0.0,0.0,0.0,0.0,0.0,0.0,0.0,0.0,0.0,0.0,0.0,0.0,0.0,0.0,0.0,0.0,0.0,0.0,1.0,1.0,0.0,0.0,4500.0,0.0,0.0,0.0,0.0,0.0,0.0,
243,0.0,0.0,0.0,0.0,0.0,0.0,3.0,1.0,1.0,1.0,3.0,1.0,1.0,1.0,4.0,1275.0,3408964.0,131072.0,0.0,2.0,1537.0,1409.0,5.0,513.0,255.0,0.0,0.0,0.0,5.0,769.0,255.0,0.0,0.0,0.0,5.0,1025.0,255.0,0.0,0.0,0.0,5.0,1281.0,254.0,0.0,0.0,0.0,2.0,1644167432.0,1644167688.0,4.0,1678835984.0,1678836240.0,1678836496.0,1678836752.0,4.0,1678837008.0,1678837264.0,1678837520.0,1678837776.0,1.0,537198856.0,5.0,417.0,254.0,0.0,0.0,0.0,5.0,449.0,254.0,0.0,0.0,0.0,5.0,481.0,254.0,0.0,0.0,0.0,5.0,673.0,254.0,0.0,0.0,0.0,5.0,705.0,254.0,0.0,0.0,0.0,5.0,737.0,254.0,0.0,0.0,0.0,5.0,929.0,254.0,0.0,0.0,0.0,4.0,1342177544.0,1342177800.0,1342178056.0,1342178312.0,8.0,1342243080.0,1342243336.0,1342243592.0,1342243848.0,1342244104.0,1342244360.0,1342244616.0,1342244872.0,4.0,1342308624.0,1342308880.0,1342309136.0,1342309392.0,4.0,1342374160.0,1342374416.0,1342374672.0,1342374928.0,4.0,1342375184.0,1342375440.0,1342375696.0,1342375952.0,4.0,1342376208.0,1342376464.0,1342376720.0,1342376976.0,8.0,1342439688.0,1342439944.0,1342440200.0,1342440456.0,1342440712.0,1342440968.0,1342441224.0,1342441480.0,4.0,0.0,0.0,0.0,0.0,8.0,17.0,17.0,17.0,1.0,1.0,1.0,1.0,1.0,16.0,100.0,100.0,100.0,100.0,100.0,100.0,100.0,100.0,100.0,100.0,100.0,100.0,100.0,100.0,100.0,100.0,2.0,45.0,45.0,1.0,2.0,4.0,80.0,245.0,1.0,0.0,8.0,0.0,252.0,168.0,0.0,0.0,0.0,85.0,122.0,5.0,145.0,1842.0,3.0,6.0,1.0,12.0,0.0,0.0,0.0,0.0,0.0,0.0,0.0,0.0,0.0,0.0,0.0,0.0,8.0,44.0,0.0,0.0,0.0,0.0,0.0,0.0,0.0,2.0,0.0,0.0,8.0,0.0,0.0,0.0,0.0,0.0,0.0,0.0,0.0,0.0,0.0,0.0,655761.0,0.0,340444200.0,34044204.0,2.02,129.0,0.0,2000.0,65.0,0.0,0.0,0.0,0.0,0.0,0.0,0.0,1.0,0.0,0.0,0.0,0.0,0.0,0.0,0.0,0.0,0.0,0.0,0.0,0.0,0.0,0.0,0.0,0.0,0.0,0.0,0.0,0.0,0.0,0.0,0.0,0.0,0.0,0.0,0.0,0.0,0.0,0.0,0.0,0.0,0.0,0.0,0.0,0.0,0.0,0.0,0.0,0.0,0.0,0.0,0.0,0.0,0.0,0.0,0.0,0.0,0.0,0.0,0.0,0.0,0.0,0.0,0.0,0.0,0.0,0.0,0.0,0.0,0.0,0.0,0.0,0.0,0.0,0.0,0.0,0.0,0.0,0.0,0.0,0.0,1.0,1.0,0.0,0.0,0.0,0.0,0.0,0.0,0.0,0.0,0.0,
251,0.0,0.0,0.0,0.0,0.0,0.0,3.0,1.0,1.0,1.0,3.0,1.0,1.0,1.0,4.0,1275.0,3408964.0,131072.0,0.0,2.0,1537.0,1409.0,5.0,513.0,255.0,0.0,0.0,0.0,5.0,769.0,255.0,0.0,0.0,0.0,5.0,1025.0,255.0,0.0,0.0,0.0,5.0,1281.0,254.0,0.0,0.0,0.0,2.0,1644167432.0,1644167688.0,4.0,1678835984.0,1678836240.0,1678836496.0,1678836752.0,4.0,1678837008.0,1678837264.0,1678837520.0,1678837776.0,1.0,537198856.0,5.0,417.0,254.0,0.0,0.0,0.0,5.0,449.0,254.0,0.0,0.0,0.0,5.0,481.0,254.0,0.0,0.0,0.0,5.0,673.0,254.0,0.0,0.0,0.0,5.0,705.0,254.0,0.0,0.0,0.0,5.0,737.0,254.0,0.0,0.0,0.0,5.0,929.0,254.0,0.0,0.0,0.0,4.0,1342177544.0,1342177800.0,1342178056.0,1342178312.0,8.0,1342243080.0,1342243336.0,1342243592.0,1342243848.0,1342244104.0,1342244360.0,1342244616.0,1342244872.0,4.0,1342308624.0,1342308880.0,1342309136.0,1342309392.0,4.0,1342374160.0,1342374416.0,1342374672.0,1342374928.0,4.0,1342375184.0,1342375440.0,1342375696.0,1342375952.0,4.0,1342376208.0,1342376464.0,1342376720.0,1342376976.0,8.0,1342439688.0,1342439944.0,1342440200.0,1342440456.0,1342440712.0,1342440968.0,1342441224.0,1342441480.0,4.0,0.0,0.0,0.0,0.0,8.0,17.0,17.0,17.0,1.0,1.0,1.0,1.0,1.0,16.0,100.0,100.0,100.0,100.0,100.0,100.0,100.0,100.0,100.0,100.0,100.0,100.0,100.0,100.0,100.0,100.0,2.0,45.0,45.0,1.0,4.0,4.0,80.0,245.0,1.0,0.0,8.0,0.0,252.0,168.0,4.0,0.0,0.0,85.0,122.0,5.0,145.0,1842.0,3.0,6.0,1.0,12.0,0.0,0.0,0.0,0.0,0.0,0.0,0.0,0.0,0.0,0.0,0.0,0.0,8.0,44.0,0.0,0.0,0.0,0.0,0.0,0.0,0.0,2.0,32.0,0.0,8.0,0.0,0.0,0.0,0.0,0.0,0.0,0.0,0.0,0.0,0.0,0.0,655761.0,0.0,340444200.0,34044204.0,2.02,129.0,0.0,2000.0,65.0,0.0,0.0,0.0,0.0,0.0,0.0,0.0,1.0,0.0,0.0,0.0,0.0,0.0,0.0,0.0,0.0,0.0,0.0,0.0,0.0,0.0,0.0,0.0,0.0,0.0,0.0,0.0,0.0,0.0,1.0,0.0,0.0,0.0,0.0,0.0,0.0,0.0,0.0,0.0,0.0,0.0,0.0,0.0,0.0,0.0,0.0,0.0,0.0,0.0,0.0,0.0,0.0,0.0,0.0,0.0,0.0,0.0,0.0,0.0,0.0,0.0,0.0,0.0,0.0,0.0,0.0,0.0,0.0,0.0,0.0,0.0,0.0,14.412,0.0,0.0,0.0,0.0,0.0,0.0,0.0,1.0,1.0,0.0,0.0,0.0,0.0,0.0,0.0,0.0,0.0,0.0,
252,0.0,0.0,0.0,0.0,0.0,0.0,3.0,1.0,1.0,1.0,3.0,1.0,1.0,1.0,4.0,1275.0,3408964.0,131072.0,0.0,2.0,1537.0,1409.0,5.0,513.0,255.0,0.0,0.0,0.0,5.0,769.0,255.0,0.0,0.0,0.0,5.0,1025.0,255.0,0.0,0.0,0.0,5.0,1281.0,254.0,0.0,0.0,0.0,2.0,1644167432.0,1644167688.0,4.0,1678835984.0,1678836240.0,1678836496.0,1678836752.0,4.0,1678837008.0,1678837264.0,1678837520.0,1678837776.0,1.0,537198856.0,5.0,417.0,254.0,0.0,0.0,0.0,5.0,449.0,254.0,0.0,0.0,0.0,5.0,481.0,254.0,0.0,0.0,0.0,5.0,673.0,254.0,0.0,0.0,0.0,5.0,705.0,254.0,0.0,0.0,0.0,5.0,737.0,254.0,0.0,0.0,0.0,5.0,929.0,254.0,0.0,0.0,0.0,4.0,1342177544.0,1342177800.0,1342178056.0,1342178312.0,8.0,1342243080.0,1342243336.0,1342243592.0,1342243848.0,1342244104.0,1342244360.0,1342244616.0,1342244872.0,4.0,1342308624.0,1342308880.0,1342309136.0,1342309392.0,4.0,1342374160.0,1342374416.0,1342374672.0,1342374928.0,4.0,1342375184.0,1342375440.0,1342375696.0,1342375952.0,4.0,1342376208.0,1342376464.0,1342376720.0,1342376976.0,8.0,1342439688.0,1342439944.0,1342440200.0,1342440456.0,1342440712.0,1342440968.0,1342441224.0,1342441480.0,4.0,0.0,0.0,0.0,0.0,8.0,17.0,17.0,17.0,1.0,1.0,1.0,1.0,1.0,16.0,100.0,100.0,100.0,100.0,100.0,100.0,100.0,100.0,100.0,100.0,100.0,100.0,100.0,100.0,100.0,100.0,2.0,45.0,45.0,1.0,4.0,4.0,80.0,245.0,1.0,0.0,8.0,0.0,252.0,168.0,4.0,0.0,0.0,85.0,122.0,5.0,145.0,1837.0,3.0,6.0,1.0,12.0,0.0,0.0,0.0,0.0,0.0,0.0,0.0,0.0,0.0,0.0,0.0,0.0,8.0,44.0,0.0,0.0,0.0,0.0,0.0,0.0,0.0,2.0,32.0,0.0,8.0,0.0,0.0,0.0,0.0,0.0,0.0,0.0,0.0,0.0,0.0,0.0,655761.0,0.0,340444200.0,34044204.0,2.02,129.0,0.0,2000.0,65.0,0.0,0.0,0.0,0.0,0.0,0.0,0.0,1.0,0.0,0.0,0.0,0.0,0.0,0.0,0.0,0.0,0.0,0.0,0.0,0.0,0.0,0.0,0.0,0.0,0.0,0.0,0.0,0.0,0.0,1.0,0.0,0.0,0.0,0.0,0.0,0.0,0.0,0.0,0.0,0.0,0.0,0.0,0.0,0.0,0.0,0.0,0.0,0.0,0.0,0.0,0.0,0.0,0.0,0.0,0.0,0.0,0.0,0.0,0.0,0.0,0.0,0.0,0.0,0.0,0.0,0.0,0.0,0.0,0.0,0.0,0.0,0.0,14.412,0.0,0.0,0.0,0.0,0.0,0.0,0.0,1.0,1.0,0.0,0.0,0.0,0.0,0.0,0.0,0.0,0.0,0.0,
253,0.0,0.0,0.0,0.0,0.0,0.0,3.0,1.0,1.0,1.0,3.0,1.0,1.0,1.0,4.0,1275.0,3408964.0,131072.0,0.0,2.0,1537.0,1409.0,5.0,513.0,255.0,0.0,0.0,0.0,5.0,769.0,255.0,0.0,0.0,0.0,5.0,1025.0,255.0,0.0,0.0,0.0,5.0,1281.0,254.0,0.0,0.0,0.0,2.0,1644167432.0,1644167688.0,4.0,1678835984.0,1678836240.0,1678836496.0,1678836752.0,4.0,1678837008.0,1678837264.0,1678837520.0,1678837776.0,1.0,537198856.0,5.0,417.0,254.0,0.0,0.0,0.0,5.0,449.0,254.0,0.0,0.0,0.0,5.0,481.0,254.0,0.0,0.0,0.0,5.0,673.0,254.0,0.0,0.0,0.0,5.0,705.0,254.0,0.0,0.0,0.0,5.0,737.0,254.0,0.0,0.0,0.0,5.0,929.0,254.0,0.0,0.0,0.0,4.0,1342177544.0,1342177800.0,1342178056.0,1342178312.0,8.0,1342243080.0,1342243336.0,1342243592.0,1342243848.0,1342244104.0,1342244360.0,1342244616.0,1342244872.0,4.0,1342308624.0,1342308880.0,1342309136.0,1342309392.0,4.0,1342374160.0,1342374416.0,1342374672.0,1342374928.0,4.0,1342375184.0,1342375440.0,1342375696.0,1342375952.0,4.0,1342376208.0,1342376464.0,1342376720.0,1342376976.0,8.0,1342439688.0,1342439944.0,1342440200.0,1342440456.0,1342440712.0,1342440968.0,1342441224.0,1342441480.0,4.0,0.0,0.0,0.0,0.0,8.0,17.0,17.0,17.0,1.0,1.0,1.0,1.0,1.0,16.0,100.0,100.0,100.0,100.0,100.0,100.0,100.0,100.0,100.0,100.0,100.0,100.0,100.0,100.0,100.0,100.0,2.0,45.0,45.0,1.0,4.0,4.0,80.0,245.0,1.0,0.0,8.0,0.0,252.0,168.0,4.0,0.0,0.0,85.0,122.0,5.0,145.0,1837.0,3.0,6.0,1.0,12.0,0.0,0.0,0.0,0.0,0.0,0.0,0.0,0.0,0.0,0.0,0.0,0.0,8.0,44.0,0.0,0.0,0.0,0.0,0.0,0.0,0.0,2.0,32.0,0.0,8.0,0.0,0.0,0.0,0.0,0.0,0.0,0.0,0.0,0.0,0.0,0.0,655761.0,0.0,340444200.0,34044204.0,2.02,129.0,0.0,2000.0,65.0,0.0,0.0,0.0,0.0,0.0,0.0,0.0,1.0,0.0,0.0,0.0,0.0,0.0,0.0,0.0,0.0,0.0,0.0,0.0,0.0,0.0,0.0,0.0,0.0,0.0,0.0,0.0,0.0,0.0,1.0,0.0,0.0,0.0,0.0,0.0,0.0,0.0,0.0,0.0,0.0,0.0,0.0,0.0,0.0,0.0,0.0,0.0,0.0,0.0,0.0,0.0,0.0,0.0,0.0,0.0,0.0,0.0,0.0,0.0,0.0,0.0,0.0,0.0,0.0,0.0,0.0,0.0,0.0,0.0,0.0,0.0,0.0,14.412,0.0,0.0,0.0,0.0,0.0,0.0,0.0,1.0,1.0,0.0,0.0,0.0,0.0,0.0,0.0,0.0,0.0,0.0,
258,0.0,0.0,0.0,0.0,0.0,0.0,3.0,1.0,1.0,1.0,3.0,1.0,1.0,1.0,4.0,1275.0,3408964.0,131072.0,0.0,2.0,1537.0,1409.0,5.0,513.0,255.0,0.0,0.0,0.0,5.0,769.0,255.0,0.0,0.0,0.0,5.0,1025.0,255.0,0.0,0.0,0.0,5.0,1281.0,254.0,0.0,0.0,0.0,2.0,1644167432.0,1644167688.0,4.0,1678835984.0,1678836240.0,1678836496.0,1678836752.0,4.0,1678837008.0,1678837264.0,1678837520.0,1678837776.0,1.0,537198856.0,5.0,417.0,254.0,0.0,0.0,0.0,5.0,449.0,254.0,0.0,0.0,0.0,5.0,481.0,254.0,0.0,0.0,0.0,5.0,673.0,254.0,0.0,0.0,0.0,5.0,705.0,254.0,0.0,0.0,0.0,5.0,737.0,254.0,0.0,0.0,0.0,5.0,929.0,254.0,0.0,0.0,0.0,4.0,1342177544.0,1342177800.0,1342178056.0,1342178312.0,8.0,1342243080.0,1342243336.0,1342243592.0,1342243848.0,1342244104.0,1342244360.0,1342244616.0,1342244872.0,4.0,1342308624.0,1342308880.0,1342309136.0,1342309392.0,4.0,1342374160.0,1342374416.0,1342374672.0,1342374928.0,4.0,1342375184.0,1342375440.0,1342375696.0,1342375952.0,4.0,1342376208.0,1342376464.0,1342376720.0,1342376976.0,8.0,1342439688.0,1342439944.0,1342440200.0,1342440456.0,1342440712.0,1342440968.0,1342441224.0,1342441480.0,4.0,0.0,0.0,0.0,0.0,8.0,17.0,17.0,17.0,1.0,1.0,1.0,1.0,1.0,16.0,100.0,100.0,100.0,100.0,100.0,100.0,100.0,100.0,100.0,100.0,100.0,100.0,100.0,100.0,100.0,100.0,2.0,45.0,45.0,1.0,4.0,4.0,80.0,245.0,1.0,0.0,8.0,0.0,252.0,168.0,4.0,0.0,0.0,85.0,122.0,5.0,144.0,1842.0,3.0,6.0,1.0,12.0,0.0,0.0,489.0,0.0,0.0,0.0,0.0,0.0,0.0,0.0,0.0,489.0,8.0,44.0,0.0,0.0,0.0,0.0,0.0,0.0,0.0,2.0,32.0,0.0,8.0,0.0,0.0,0.0,0.0,0.0,0.0,0.0,0.0,0.0,0.0,0.0,655761.0,0.0,340444200.0,34044204.0,2.02,129.0,0.0,2000.0,65.0,0.0,0.0,0.0,0.0,0.0,0.0,0.0,1.0,0.0,0.0,0.0,0.0,0.0,0.0,0.0,0.0,0.0,0.0,0.0,0.0,0.0,0.0,0.0,0.0,0.0,0.0,0.0,0.0,0.0,1.0,0.0,0.0,0.0,0.0,0.0,0.0,0.0,0.0,0.0,0.0,0.0,0.0,0.0,0.0,0.0,0.0,0.0,0.0,0.0,0.0,0.0,0.0,0.0,0.0,0.0,0.0,0.0,0.0,0.0,0.0,0.0,0.0,0.0,0.0,0.0,0.0,0.0,0.0,0.0,0.0,0.0,0.0,13.715,0.499,0.0,0.0,0.0,0.0,0.0,0.0,1.0,1.0,0.0,0.0,500.0,0.0,0.0,0.0,0.0,0.0,0.0,
259,0.0,0.0,0.0,0.0,0.0,0.0,3.0,1.0,1.0,1.0,3.0,1.0,1.0,1.0,4.0,1275.0,3408964.0,131072.0,0.0,2.0,1537.0,1409.0,5.0,513.0,255.0,0.0,0.0,0.0,5.0,769.0,255.0,0.0,0.0,0.0,5.0,1025.0,255.0,0.0,0.0,0.0,5.0,1281.0,254.0,0.0,0.0,0.0,2.0,1644167432.0,1644167688.0,4.0,1678835984.0,1678836240.0,1678836496.0,1678836752.0,4.0,1678837008.0,1678837264.0,1678837520.0,1678837776.0,1.0,537198856.0,5.0,417.0,254.0,0.0,0.0,0.0,5.0,449.0,254.0,0.0,0.0,0.0,5.0,481.0,254.0,0.0,0.0,0.0,5.0,673.0,254.0,0.0,0.0,0.0,5.0,705.0,254.0,0.0,0.0,0.0,5.0,737.0,254.0,0.0,0.0,0.0,5.0,929.0,254.0,0.0,0.0,0.0,4.0,1342177544.0,1342177800.0,1342178056.0,1342178312.0,8.0,1342243080.0,1342243336.0,1342243592.0,1342243848.0,1342244104.0,1342244360.0,1342244616.0,1342244872.0,4.0,1342308624.0,1342308880.0,1342309136.0,1342309392.0,4.0,1342374160.0,1342374416.0,1342374672.0,1342374928.0,4.0,1342375184.0,1342375440.0,1342375696.0,1342375952.0,4.0,1342376208.0,1342376464.0,1342376720.0,1342376976.0,8.0,1342439688.0,1342439944.0,1342440200.0,1342440456.0,1342440712.0,1342440968.0,1342441224.0,1342441480.0,4.0,0.0,0.0,0.0,0.0,8.0,17.0,17.0,17.0,1.0,1.0,1.0,1.0,1.0,16.0,100.0,100.0,100.0,100.0,100.0,100.0,100.0,100.0,100.0,100.0,100.0,100.0,100.0,100.0,100.0,100.0,2.0,45.0,45.0,1.0,4.0,4.0,80.0,245.0,1.0,0.0,8.0,0.0,252.0,168.0,4.0,0.0,0.0,85.0,122.0,5.0,144.0,1842.0,3.0,6.0,1.0,12.0,0.0,0.0,489.0,0.0,0.0,0.0,0.0,0.0,0.0,0.0,0.0,489.0,8.0,44.0,0.0,0.0,0.0,0.0,0.0,0.0,0.0,2.0,32.0,0.0,8.0,0.0,0.0,0.0,0.0,0.0,0.0,0.0,0.0,0.0,0.0,0.0,655761.0,0.0,340444200.0,34044204.0,2.02,129.0,0.0,2000.0,65.0,0.0,0.0,0.0,0.0,0.0,0.0,0.0,1.0,0.0,0.0,0.0,0.0,0.0,0.0,0.0,0.0,0.0,0.0,0.0,0.0,0.0,0.0,0.0,0.0,0.0,0.0,0.0,0.0,0.0,1.0,0.0,0.0,0.0,0.0,0.0,0.0,0.0,0.0,0.0,0.0,0.0,0.0,0.0,0.0,0.0,0.0,0.0,0.0,0.0,0.0,0.0,0.0,0.0,0.0,0.0,0.0,0.0,0.0,0.0,0.0,0.0,0.0,0.0,0.0,0.0,0.0,0.0,0.0,0.0,0.0,0.0,0.0,13.715,0.499,0.0,0.0,0.0,0.0,0.0,0.0,1.0,1.0,0.0,0.0,500.0,0.0,0.0,0.0,0.0,0.0,0.0,
260,0.0,0.0,0.0,0.0,0.0,0.0,3.0,1.0,1.0,1.0,3.0,1.0,1.0,1.0,4.0,1275.0,3408964.0,131072.0,0.0,2.0,1537.0,1409.0,5.0,513.0,255.0,0.0,0.0,0.0,5.0,769.0,255.0,0.0,0.0,0.0,5.0,1025.0,255.0,0.0,0.0,0.0,5.0,1281.0,254.0,0.0,0.0,0.0,2.0,1644167432.0,1644167688.0,4.0,1678835984.0,1678836240.0,1678836496.0,1678836752.0,4.0,1678837008.0,1678837264.0,1678837520.0,1678837776.0,1.0,537198856.0,5.0,417.0,254.0,0.0,0.0,0.0,5.0,449.0,254.0,0.0,0.0,0.0,5.0,481.0,254.0,0.0,0.0,0.0,5.0,673.0,254.0,0.0,0.0,0.0,5.0,705.0,254.0,0.0,0.0,0.0,5.0,737.0,254.0,0.0,0.0,0.0,5.0,929.0,254.0,0.0,0.0,0.0,4.0,1342177544.0,1342177800.0,1342178056.0,1342178312.0,8.0,1342243080.0,1342243336.0,1342243592.0,1342243848.0,1342244104.0,1342244360.0,1342244616.0,1342244872.0,4.0,1342308624.0,1342308880.0,1342309136.0,1342309392.0,4.0,1342374160.0,1342374416.0,1342374672.0,1342374928.0,4.0,1342375184.0,1342375440.0,1342375696.0,1342375952.0,4.0,1342376208.0,1342376464.0,1342376720.0,1342376976.0,8.0,1342439688.0,1342439944.0,1342440200.0,1342440456.0,1342440712.0,1342440968.0,1342441224.0,1342441480.0,4.0,0.0,0.0,0.0,0.0,8.0,17.0,17.0,17.0,1.0,1.0,1.0,1.0,1.0,16.0,100.0,100.0,100.0,100.0,100.0,100.0,100.0,100.0,100.0,100.0,100.0,100.0,100.0,100.0,100.0,100.0,2.0,45.0,45.0,1.0,4.0,4.0,80.0,245.0,1.0,0.0,8.0,0.0,252.0,168.0,4.0,0.0,0.0,85.0,122.0,5.0,144.0,1842.0,3.0,6.0,1.0,12.0,0.0,0.0,489.0,0.0,0.0,0.0,0.0,0.0,0.0,0.0,0.0,489.0,8.0,44.0,0.0,0.0,0.0,0.0,0.0,0.0,0.0,2.0,32.0,0.0,8.0,0.0,0.0,0.0,0.0,0.0,0.0,0.0,0.0,0.0,0.0,0.0,655761.0,0.0,340444200.0,34044204.0,2.02,129.0,0.0,2000.0,65.0,0.0,0.0,0.0,0.0,0.0,0.0,0.0,1.0,0.0,0.0,0.0,0.0,0.0,0.0,0.0,0.0,0.0,0.0,0.0,0.0,0.0,0.0,0.0,0.0,0.0,0.0,0.0,0.0,0.0,1.0,0.0,0.0,0.0,0.0,0.0,0.0,0.0,0.0,0.0,0.0,0.0,0.0,0.0,0.0,0.0,0.0,0.0,0.0,0.0,0.0,0.0,0.0,0.0,0.0,0.0,0.0,0.0,0.0,0.0,0.0,0.0,0.0,0.0,0.0,0.0,0.0,0.0,0.0,0.0,0.0,0.0,0.0,13.715,0.499,0.0,0.0,0.0,0.0,0.0,0.0,1.0,1.0,0.0,0.0,500.0,0.0,0.0,0.0,0.0,0.0,0.0,
265,0.0,0.0,0.0,0.0,0.0,0.0,3.0,1.0,1.0,1.0,3.0,1.0,1.0,1.0,4.0,1275.0,3408964.0,131072.0,0.0,2.0,1537.0,1409.0,5.0,513.0,255.0,0.0,0.0,0.0,5.0,769.0,255.0,0.0,0.0,0.0,5.0,1025.0,255.0,0.0,0.0,0.0,5.0,1281.0,254.0,0.0,0.0,0.0,2.0,1644167432.0,1644167688.0,4.0,1678835984.0,1678836240.0,1678836496.0,1678836752.0,4.0,1678837008.0,1678837264.0,1678837520.0,1678837776.0,1.0,537198856.0,5.0,417.0,254.0,0.0,0.0,0.0,5.0,449.0,254.0,0.0,0.0,0.0,5.0,481.0,254.0,0.0,0.0,0.0,5.0,673.0,254.0,0.0,0.0,0.0,5.0,705.0,254.0,0.0,0.0,0.0,5.0,737.0,254.0,0.0,0.0,0.0,5.0,929.0,254.0,0.0,0.0,0.0,4.0,1342177544.0,1342177800.0,1342178056.0,1342178312.0,8.0,1342243080.0,1342243336.0,1342243592.0,1342243848.0,1342244104.0,1342244360.0,1342244616.0,1342244872.0,4.0,1342308624.0,1342308880.0,1342309136.0,1342309392.0,4.0,1342374160.0,1342374416.0,1342374672.0,1342374928.0,4.0,1342375184.0,1342375440.0,1342375696.0,1342375952.0,4.0,1342376208.0,1342376464.0,1342376720.0,1342376976.0,8.0,1342439688.0,1342439944.0,1342440200.0,1342440456.0,1342440712.0,1342440968.0,1342441224.0,1342441480.0,4.0,0.0,0.0,0.0,0.0,8.0,17.0,17.0,17.0,1.0,1.0,1.0,1.0,1.0,16.0,100.0,100.0,100.0,100.0,100.0,100.0,100.0,100.0,100.0,100.0,100.0,100.0,100.0,100.0,100.0,100.0,2.0,45.0,45.0,1.0,4.0,4.0,80.0,245.0,1.0,0.0,8.0,0.0,252.0,168.0,4.0,0.0,0.0,85.0,122.0,5.0,144.0,1842.0,3.0,6.0,1.0,12.0,0.0,0.0,1011.0,0.0,0.0,0.0,0.0,0.0,0.0,0.0,0.0,1011.0,8.0,44.0,0.0,0.0,0.0,0.0,0.0,0.0,0.0,2.0,32.0,0.0,8.0,0.0,0.0,0.0,0.0,0.0,0.0,0.0,0.0,0.0,0.0,0.0,655761.0,0.0,340444200.0,34044204.0,2.02,129.0,0.0,2000.0,65.0,0.0,0.0,0.0,0.0,0.0,0.0,0.0,1.0,0.0,0.0,0.0,0.0,0.0,0.0,0.0,0.0,0.0,0.0,0.0,0.0,0.0,0.0,0.0,0.0,0.0,0.0,0.0,0.0,0.0,1.0,0.0,0.0,0.0,0.0,0.0,0.0,0.0,0.0,0.0,0.0,0.0,0.0,0.0,0.0,0.0,0.0,0.0,0.0,0.0,0.0,0.0,0.0,0.0,0.0,0.0,0.0,0.0,0.0,0.0,0.0,0.0,0.0,0.0,0.0,0.0,0.0,0.0,0.0,0.0,0.0,0.0,0.0,13.045,0.999,0.0,0.0,0.0,0.0,0.0,0.0,1.0,1.0,0.0,0.0,1000.0,0.0,0.0,0.0,0.0,0.0,0.0,
266,0.0,0.0,0.0,0.0,0.0,0.0,3.0,1.0,1.0,1.0,3.0,1.0,1.0,1.0,4.0,1275.0,3408964.0,131072.0,0.0,2.0,1537.0,1409.0,5.0,513.0,255.0,0.0,0.0,0.0,5.0,769.0,255.0,0.0,0.0,0.0,5.0,1025.0,255.0,0.0,0.0,0.0,5.0,1281.0,254.0,0.0,0.0,0.0,2.0,1644167432.0,1644167688.0,4.0,1678835984.0,1678836240.0,1678836496.0,1678836752.0,4.0,1678837008.0,1678837264.0,1678837520.0,1678837776.0,1.0,537198856.0,5.0,417.0,254.0,0.0,0.0,0.0,5.0,449.0,254.0,0.0,0.0,0.0,5.0,481.0,254.0,0.0,0.0,0.0,5.0,673.0,254.0,0.0,0.0,0.0,5.0,705.0,254.0,0.0,0.0,0.0,5.0,737.0,254.0,0.0,0.0,0.0,5.0,929.0,254.0,0.0,0.0,0.0,4.0,1342177544.0,1342177800.0,1342178056.0,1342178312.0,8.0,1342243080.0,1342243336.0,1342243592.0,1342243848.0,1342244104.0,1342244360.0,1342244616.0,1342244872.0,4.0,1342308624.0,1342308880.0,1342309136.0,1342309392.0,4.0,1342374160.0,1342374416.0,1342374672.0,1342374928.0,4.0,1342375184.0,1342375440.0,1342375696.0,1342375952.0,4.0,1342376208.0,1342376464.0,1342376720.0,1342376976.0,8.0,1342439688.0,1342439944.0,1342440200.0,1342440456.0,1342440712.0,1342440968.0,1342441224.0,1342441480.0,4.0,0.0,0.0,0.0,0.0,8.0,17.0,17.0,17.0,1.0,1.0,1.0,1.0,1.0,16.0,100.0,100.0,100.0,100.0,100.0,100.0,100.0,100.0,100.0,100.0,100.0,100.0,100.0,100.0,100.0,100.0,2.0,45.0,45.0,1.0,4.0,4.0,80.0,245.0,1.0,0.0,8.0,0.0,252.0,168.0,4.0,0.0,0.0,85.0,122.0,5.0,144.0,1842.0,3.0,6.0,1.0,12.0,0.0,0.0,1011.0,0.0,0.0,0.0,0.0,0.0,0.0,0.0,0.0,1011.0,8.0,44.0,0.0,0.0,0.0,0.0,0.0,0.0,0.0,2.0,32.0,0.0,8.0,0.0,0.0,0.0,0.0,0.0,0.0,0.0,0.0,0.0,0.0,0.0,655761.0,0.0,340444200.0,34044204.0,2.02,129.0,0.0,2000.0,65.0,0.0,0.0,0.0,0.0,0.0,0.0,0.0,1.0,0.0,0.0,0.0,0.0,0.0,0.0,0.0,0.0,0.0,0.0,0.0,0.0,0.0,0.0,0.0,0.0,0.0,0.0,0.0,0.0,0.0,1.0,0.0,0.0,0.0,0.0,0.0,0.0,0.0,0.0,0.0,0.0,0.0,0.0,0.0,0.0,0.0,0.0,0.0,0.0,0.0,0.0,0.0,0.0,0.0,0.0,0.0,0.0,0.0,0.0,0.0,0.0,0.0,0.0,0.0,0.0,0.0,0.0,0.0,0.0,0.0,0.0,0.0,0.0,13.045,0.999,0.0,0.0,0.0,0.0,0.0,0.0,1.0,1.0,0.0,0.0,1000.0,0.0,0.0,0.0,0.0,0.0,0.0,
267,0.0,0.0,0.0,0.0,0.0,0.0,3.0,1.0,1.0,1.0,3.0,1.0,1.0,1.0,4.0,1275.0,3408964.0,131072.0,0.0,2.0,1537.0,1409.0,5.0,513.0,255.0,0.0,0.0,0.0,5.0,769.0,255.0,0.0,0.0,0.0,5.0,1025.0,255.0,0.0,0.0,0.0,5.0,1281.0,254.0,0.0,0.0,0.0,2.0,1644167432.0,1644167688.0,4.0,1678835984.0,1678836240.0,1678836496.0,1678836752.0,4.0,1678837008.0,1678837264.0,1678837520.0,1678837776.0,1.0,537198856.0,5.0,417.0,254.0,0.0,0.0,0.0,5.0,449.0,254.0,0.0,0.0,0.0,5.0,481.0,254.0,0.0,0.0,0.0,5.0,673.0,254.0,0.0,0.0,0.0,5.0,705.0,254.0,0.0,0.0,0.0,5.0,737.0,254.0,0.0,0.0,0.0,5.0,929.0,254.0,0.0,0.0,0.0,4.0,1342177544.0,1342177800.0,1342178056.0,1342178312.0,8.0,1342243080.0,1342243336.0,1342243592.0,1342243848.0,1342244104.0,1342244360.0,1342244616.0,1342244872.0,4.0,1342308624.0,1342308880.0,1342309136.0,1342309392.0,4.0,1342374160.0,1342374416.0,1342374672.0,1342374928.0,4.0,1342375184.0,1342375440.0,1342375696.0,1342375952.0,4.0,1342376208.0,1342376464.0,1342376720.0,1342376976.0,8.0,1342439688.0,1342439944.0,1342440200.0,1342440456.0,1342440712.0,1342440968.0,1342441224.0,1342441480.0,4.0,0.0,0.0,0.0,0.0,8.0,17.0,17.0,17.0,1.0,1.0,1.0,1.0,1.0,16.0,100.0,100.0,100.0,100.0,100.0,100.0,100.0,100.0,100.0,100.0,100.0,100.0,100.0,100.0,100.0,100.0,2.0,45.0,45.0,1.0,4.0,4.0,80.0,245.0,1.0,0.0,8.0,0.0,252.0,168.0,4.0,0.0,0.0,85.0,122.0,5.0,144.0,1842.0,3.0,6.0,1.0,12.0,0.0,0.0,1011.0,0.0,0.0,0.0,0.0,0.0,0.0,0.0,0.0,1011.0,8.0,44.0,0.0,0.0,0.0,0.0,0.0,0.0,0.0,2.0,32.0,0.0,8.0,0.0,0.0,0.0,0.0,0.0,0.0,0.0,0.0,0.0,0.0,0.0,655761.0,0.0,340444200.0,34044204.0,2.02,129.0,0.0,2000.0,65.0,0.0,0.0,0.0,0.0,0.0,0.0,0.0,1.0,0.0,0.0,0.0,0.0,0.0,0.0,0.0,0.0,0.0,0.0,0.0,0.0,0.0,0.0,0.0,0.0,0.0,0.0,0.0,0.0,0.0,1.0,0.0,0.0,0.0,0.0,0.0,0.0,0.0,0.0,0.0,0.0,0.0,0.0,0.0,0.0,0.0,0.0,0.0,0.0,0.0,0.0,0.0,0.0,0.0,0.0,0.0,0.0,0.0,0.0,0.0,0.0,0.0,0.0,0.0,0.0,0.0,0.0,0.0,0.0,0.0,0.0,0.0,0.0,13.045,0.999,0.0,0.0,0.0,0.0,0.0,0.0,1.0,1.0,0.0,0.0,1000.0,0.0,0.0,0.0,0.0,0.0,0.0,
272,0.0,0.0,0.0,0.0,0.0,0.0,3.0,1.0,1.0,1.0,3.0,1.0,1.0,1.0,4.0,1275.0,3408964.0,131072.0,0.0,2.0,1537.0,1409.0,5.0,513.0,255.0,0.0,0.0,0.0,5.0,769.0,255.0,0.0,0.0,0.0,5.0,1025.0,255.0,0.0,0.0,0.0,5.0,1281.0,254.0,0.0,0.0,0.0,2.0,1644167432.0,1644167688.0,4.0,1678835984.0,1678836240.0,1678836496.0,1678836752.0,4.0,1678837008.0,1678837264.0,1678837520.0,1678837776.0,1.0,537198856.0,5.0,417.0,254.0,0.0,0.0,0.0,5.0,449.0,254.0,0.0,0.0,0.0,5.0,481.0,254.0,0.0,0.0,0.0,5.0,673.0,254.0,0.0,0.0,0.0,5.0,705.0,254.0,0.0,0.0,0.0,5.0,737.0,254.0,0.0,0.0,0.0,5.0,929.0,254.0,0.0,0.0,0.0,4.0,1342177544.0,1342177800.0,1342178056.0,1342178312.0,8.0,1342243080.0,1342243336.0,1342243592.0,1342243848.0,1342244104.0,1342244360.0,1342244616.0,1342244872.0,4.0,1342308624.0,1342308880.0,1342309136.0,1342309392.0,4.0,1342374160.0,1342374416.0,1342374672.0,1342374928.0,4.0,1342375184.0,1342375440.0,1342375696.0,1342375952.0,4.0,1342376208.0,1342376464.0,1342376720.0,1342376976.0,8.0,1342439688.0,1342439944.0,1342440200.0,1342440456.0,1342440712.0,1342440968.0,1342441224.0,1342441480.0,4.0,0.0,0.0,0.0,0.0,8.0,17.0,17.0,17.0,1.0,1.0,1.0,1.0,1.0,16.0,100.0,100.0,100.0,100.0,100.0,100.0,100.0,100.0,100.0,100.0,100.0,100.0,100.0,100.0,100.0,100.0,2.0,45.0,45.0,1.0,4.0,4.0,80.0,245.0,1.0,0.0,8.0,0.0,252.0,168.0,4.0,0.0,0.0,85.0,122.0,5.0,144.0,1842.0,3.0,6.0,1.0,12.0,0.0,0.0,1533.0,0.0,0.0,0.0,0.0,0.0,0.0,0.0,0.0,1533.0,8.0,44.0,0.0,0.0,0.0,0.0,0.0,0.0,0.0,2.0,32.0,0.0,8.0,0.0,0.0,0.0,0.0,0.0,0.0,0.0,0.0,0.0,0.0,0.0,655761.0,0.0,340444200.0,34044204.0,2.02,129.0,0.0,2000.0,65.0,0.0,0.0,0.0,0.0,0.0,0.0,0.0,1.0,0.0,0.0,0.0,0.0,0.0,0.0,0.0,0.0,0.0,0.0,0.0,0.0,0.0,0.0,0.0,0.0,0.0,0.0,0.0,0.0,0.0,1.0,0.0,0.0,0.0,0.0,0.0,0.0,0.0,0.0,0.0,0.0,0.0,0.0,0.0,0.0,0.0,0.0,0.0,0.0,0.0,0.0,0.0,0.0,0.0,0.0,0.0,0.0,0.0,0.0,0.0,0.0,0.0,0.0,0.0,0.0,0.0,0.0,0.0,0.0,0.0,0.0,0.0,0.0,12.356,1.499,0.0,0.0,0.0,0.0,0.0,0.0,1.0,1.0,0.0,0.0,1500.0,0.0,0.0,0.0,0.0,0.0,0.0,
273,0.0,0.0,0.0,0.0,0.0,0.0,3.0,1.0,1.0,1.0,3.0,1.0,1.0,1.0,4.0,1275.0,3408964.0,131072.0,0.0,2.0,1537.0,1409.0,5.0,513.0,255.0,0.0,0.0,0.0,5.0,769.0,255.0,0.0,0.0,0.0,5.0,1025.0,255.0,0.0,0.0,0.0,5.0,1281.0,254.0,0.0,0.0,0.0,2.0,1644167432.0,1644167688.0,4.0,1678835984.0,1678836240.0,1678836496.0,1678836752.0,4.0,1678837008.0,1678837264.0,1678837520.0,1678837776.0,1.0,537198856.0,5.0,417.0,254.0,0.0,0.0,0.0,5.0,449.0,254.0,0.0,0.0,0.0,5.0,481.0,254.0,0.0,0.0,0.0,5.0,673.0,254.0,0.0,0.0,0.0,5.0,705.0,254.0,0.0,0.0,0.0,5.0,737.0,254.0,0.0,0.0,0.0,5.0,929.0,254.0,0.0,0.0,0.0,4.0,1342177544.0,1342177800.0,1342178056.0,1342178312.0,8.0,1342243080.0,1342243336.0,1342243592.0,1342243848.0,1342244104.0,1342244360.0,1342244616.0,1342244872.0,4.0,1342308624.0,1342308880.0,1342309136.0,1342309392.0,4.0,1342374160.0,1342374416.0,1342374672.0,1342374928.0,4.0,1342375184.0,1342375440.0,1342375696.0,1342375952.0,4.0,1342376208.0,1342376464.0,1342376720.0,1342376976.0,8.0,1342439688.0,1342439944.0,1342440200.0,1342440456.0,1342440712.0,1342440968.0,1342441224.0,1342441480.0,4.0,0.0,0.0,0.0,0.0,8.0,17.0,17.0,17.0,1.0,1.0,1.0,1.0,1.0,16.0,100.0,100.0,100.0,100.0,100.0,100.0,100.0,100.0,100.0,100.0,100.0,100.0,100.0,100.0,100.0,100.0,2.0,45.0,45.0,1.0,4.0,4.0,80.0,245.0,1.0,0.0,8.0,0.0,252.0,168.0,4.0,0.0,0.0,85.0,122.0,5.0,144.0,1842.0,3.0,6.0,1.0,12.0,0.0,0.0,1533.0,0.0,0.0,0.0,0.0,0.0,0.0,0.0,0.0,1533.0,8.0,44.0,0.0,0.0,0.0,0.0,0.0,0.0,0.0,2.0,32.0,0.0,8.0,0.0,0.0,0.0,0.0,0.0,0.0,0.0,0.0,0.0,0.0,0.0,655761.0,0.0,340444200.0,34044204.0,2.02,129.0,0.0,2000.0,65.0,0.0,0.0,0.0,0.0,0.0,0.0,0.0,1.0,0.0,0.0,0.0,0.0,0.0,0.0,0.0,0.0,0.0,0.0,0.0,0.0,0.0,0.0,0.0,0.0,0.0,0.0,0.0,0.0,0.0,1.0,0.0,0.0,0.0,0.0,0.0,0.0,0.0,0.0,0.0,0.0,0.0,0.0,0.0,0.0,0.0,0.0,0.0,0.0,0.0,0.0,0.0,0.0,0.0,0.0,0.0,0.0,0.0,0.0,0.0,0.0,0.0,0.0,0.0,0.0,0.0,0.0,0.0,0.0,0.0,0.0,0.0,0.0,12.356,1.499,0.0,0.0,0.0,0.0,0.0,0.0,1.0,1.0,0.0,0.0,1500.0,0.0,0.0,0.0,0.0,0.0,0.0,
274,0.0,0.0,0.0,0.0,0.0,0.0,3.0,1.0,1.0,1.0,3.0,1.0,1.0,1.0,4.0,1275.0,3408964.0,131072.0,0.0,2.0,1537.0,1409.0,5.0,513.0,255.0,0.0,0.0,0.0,5.0,769.0,255.0,0.0,0.0,0.0,5.0,1025.0,255.0,0.0,0.0,0.0,5.0,1281.0,254.0,0.0,0.0,0.0,2.0,1644167432.0,1644167688.0,4.0,1678835984.0,1678836240.0,1678836496.0,1678836752.0,4.0,1678837008.0,1678837264.0,1678837520.0,1678837776.0,1.0,537198856.0,5.0,417.0,254.0,0.0,0.0,0.0,5.0,449.0,254.0,0.0,0.0,0.0,5.0,481.0,254.0,0.0,0.0,0.0,5.0,673.0,254.0,0.0,0.0,0.0,5.0,705.0,254.0,0.0,0.0,0.0,5.0,737.0,254.0,0.0,0.0,0.0,5.0,929.0,254.0,0.0,0.0,0.0,4.0,1342177544.0,1342177800.0,1342178056.0,1342178312.0,8.0,1342243080.0,1342243336.0,1342243592.0,1342243848.0,1342244104.0,1342244360.0,1342244616.0,1342244872.0,4.0,1342308624.0,1342308880.0,1342309136.0,1342309392.0,4.0,1342374160.0,1342374416.0,1342374672.0,1342374928.0,4.0,1342375184.0,1342375440.0,1342375696.0,1342375952.0,4.0,1342376208.0,1342376464.0,1342376720.0,1342376976.0,8.0,1342439688.0,1342439944.0,1342440200.0,1342440456.0,1342440712.0,1342440968.0,1342441224.0,1342441480.0,4.0,0.0,0.0,0.0,0.0,8.0,17.0,17.0,17.0,1.0,1.0,1.0,1.0,1.0,16.0,100.0,100.0,100.0,100.0,100.0,100.0,100.0,100.0,100.0,100.0,100.0,100.0,100.0,100.0,100.0,100.0,2.0,45.0,45.0,1.0,4.0,4.0,80.0,245.0,1.0,0.0,8.0,0.0,252.0,168.0,4.0,0.0,0.0,85.0,122.0,5.0,144.0,1842.0,3.0,6.0,1.0,12.0,0.0,0.0,1533.0,0.0,0.0,0.0,0.0,0.0,0.0,0.0,0.0,1533.0,8.0,44.0,0.0,0.0,0.0,0.0,0.0,0.0,0.0,2.0,32.0,0.0,8.0,0.0,0.0,0.0,0.0,0.0,0.0,0.0,0.0,0.0,0.0,0.0,655761.0,0.0,340444200.0,34044204.0,2.02,129.0,0.0,2000.0,65.0,0.0,0.0,0.0,0.0,0.0,0.0,0.0,1.0,0.0,0.0,0.0,0.0,0.0,0.0,0.0,0.0,0.0,0.0,0.0,0.0,0.0,0.0,0.0,0.0,0.0,0.0,0.0,0.0,0.0,1.0,0.0,0.0,0.0,0.0,0.0,0.0,0.0,0.0,0.0,0.0,0.0,0.0,0.0,0.0,0.0,0.0,0.0,0.0,0.0,0.0,0.0,0.0,0.0,0.0,0.0,0.0,0.0,0.0,0.0,0.0,0.0,0.0,0.0,0.0,0.0,0.0,0.0,0.0,0.0,0.0,0.0,0.0,12.356,1.499,0.0,0.0,0.0,0.0,0.0,0.0,1.0,1.0,0.0,0.0,1500.0,0.0,0.0,0.0,0.0,0.0,0.0,
279,0.0,0.0,0.0,0.0,0.0,0.0,3.0,1.0,1.0,1.0,3.0,1.0,1.0,1.0,4.0,1275.0,3408964.0,131072.0,0.0,2.0,1537.0,1409.0,5.0,513.0,255.0,0.0,0.0,0.0,5.0,769.0,255.0,0.0,0.0,0.0,5.0,1025.0,255.0,0.0,0.0,0.0,5.0,1281.0,254.0,0.0,0.0,0.0,2.0,1644167432.0,1644167688.0,4.0,1678835984.0,1678836240.0,1678836496.0,1678836752.0,4.0,1678837008.0,1678837264.0,1678837520.0,1678837776.0,1.0,537198856.0,5.0,417.0,254.0,0.0,0.0,0.0,5.0,449.0,254.0,0.0,0.0,0.0,5.0,481.0,254.0,0.0,0.0,0.0,5.0,673.0,254.0,0.0,0.0,0.0,5.0,705.0,254.0,0.0,0.0,0.0,5.0,737.0,254.0,0.0,0.0,0.0,5.0,929.0,254.0,0.0,0.0,0.0,4.0,1342177544.0,1342177800.0,1342178056.0,1342178312.0,8.0,1342243080.0,1342243336.0,1342243592.0,1342243848.0,1342244104.0,1342244360.0,1342244616.0,1342244872.0,4.0,1342308624.0,1342308880.0,1342309136.0,1342309392.0,4.0,1342374160.0,1342374416.0,1342374672.0,1342374928.0,4.0,1342375184.0,1342375440.0,1342375696.0,1342375952.0,4.0,1342376208.0,1342376464.0,1342376720.0,1342376976.0,8.0,1342439688.0,1342439944.0,1342440200.0,1342440456.0,1342440712.0,1342440968.0,1342441224.0,1342441480.0,4.0,0.0,0.0,0.0,0.0,8.0,17.0,17.0,17.0,1.0,1.0,1.0,1.0,1.0,16.0,100.0,100.0,100.0,100.0,100.0,100.0,100.0,100.0,100.0,100.0,100.0,100.0,100.0,100.0,100.0,100.0,2.0,45.0,45.0,1.0,4.0,4.0,80.0,245.0,1.0,0.0,8.0,0.0,252.0,168.0,4.0,0.0,0.0,85.0,122.0,5.0,143.0,1842.0,3.0,6.0,1.0,12.0,0.0,0.0,2058.0,0.0,0.0,0.0,0.0,0.0,0.0,0.0,0.0,2058.0,8.0,44.0,0.0,0.0,0.0,0.0,0.0,0.0,0.0,2.0,32.0,0.0,8.0,0.0,0.0,0.0,0.0,0.0,0.0,0.0,0.0,0.0,0.0,0.0,655761.0,0.0,340444200.0,34044204.0,2.02,129.0,0.0,2000.0,65.0,0.0,0.0,0.0,0.0,0.0,0.0,0.0,1.0,0.0,0.0,0.0,0.0,0.0,0.0,0.0,0.0,0.0,0.0,0.0,0.0,0.0,0.0,0.0,0.0,0.0,0.0,0.0,0.0,0.0,1.0,0.0,0.0,0.0,0.0,0.0,0.0,0.0,0.0,0.0,0.0,0.0,0.0,0.0,0.0,0.0,0.0,0.0,0.0,0.0,0.0,0.0,0.0,0.0,0.0,0.0,0.0,0.0,0.0,0.0,0.0,0.0,0.0,0.0,0.0,0.0,0.0,0.0,0.0,0.0,0.0,0.0,0.0,11.668,1.999,0.0,0.0,0.0,0.0,0.0,0.0,1.0,1.0,0.0,0.0,2000.0,0.0,0.0,0.0,0.0,0.0,0.0,
280,0.0,0.0,0.0,0.0,0.0,0.0,3.0,1.0,1.0,1.0,3.0,1.0,1.0,1.0,4.0,1275.0,3408964.0,131072.0,0.0,2.0,1537.0,1409.0,5.0,513.0,255.0,0.0,0.0,0.0,5.0,769.0,255.0,0.0,0.0,0.0,5.0,1025.0,255.0,0.0,0.0,0.0,5.0,1281.0,254.0,0.0,0.0,0.0,2.0,1644167432.0,1644167688.0,4.0,1678835984.0,1678836240.0,1678836496.0,1678836752.0,4.0,1678837008.0,1678837264.0,1678837520.0,1678837776.0,1.0,537198856.0,5.0,417.0,254.0,0.0,0.0,0.0,5.0,449.0,254.0,0.0,0.0,0.0,5.0,481.0,254.0,0.0,0.0,0.0,5.0,673.0,254.0,0.0,0.0,0.0,5.0,705.0,254.0,0.0,0.0,0.0,5.0,737.0,254.0,0.0,0.0,0.0,5.0,929.0,254.0,0.0,0.0,0.0,4.0,1342177544.0,1342177800.0,1342178056.0,1342178312.0,8.0,1342243080.0,1342243336.0,1342243592.0,1342243848.0,1342244104.0,1342244360.0,1342244616.0,1342244872.0,4.0,1342308624.0,1342308880.0,1342309136.0,1342309392.0,4.0,1342374160.0,1342374416.0,1342374672.0,1342374928.0,4.0,1342375184.0,1342375440.0,1342375696.0,1342375952.0,4.0,1342376208.0,1342376464.0,1342376720.0,1342376976.0,8.0,1342439688.0,1342439944.0,1342440200.0,1342440456.0,1342440712.0,1342440968.0,1342441224.0,1342441480.0,4.0,0.0,0.0,0.0,0.0,8.0,17.0,17.0,17.0,1.0,1.0,1.0,1.0,1.0,16.0,100.0,100.0,100.0,100.0,100.0,100.0,100.0,100.0,100.0,100.0,100.0,100.0,100.0,100.0,100.0,100.0,2.0,45.0,45.0,1.0,4.0,4.0,80.0,245.0,1.0,0.0,8.0,0.0,252.0,168.0,4.0,0.0,0.0,85.0,122.0,5.0,143.0,1842.0,3.0,6.0,1.0,12.0,0.0,0.0,2058.0,0.0,0.0,0.0,0.0,0.0,0.0,0.0,0.0,2058.0,8.0,44.0,0.0,0.0,0.0,0.0,0.0,0.0,0.0,2.0,32.0,0.0,8.0,0.0,0.0,0.0,0.0,0.0,0.0,0.0,0.0,0.0,0.0,0.0,655761.0,0.0,340444200.0,34044204.0,2.02,129.0,0.0,2000.0,65.0,0.0,0.0,0.0,0.0,0.0,0.0,0.0,1.0,0.0,0.0,0.0,0.0,0.0,0.0,0.0,0.0,0.0,0.0,0.0,0.0,0.0,0.0,0.0,0.0,0.0,0.0,0.0,0.0,0.0,1.0,0.0,0.0,0.0,0.0,0.0,0.0,0.0,0.0,0.0,0.0,0.0,0.0,0.0,0.0,0.0,0.0,0.0,0.0,0.0,0.0,0.0,0.0,0.0,0.0,0.0,0.0,0.0,0.0,0.0,0.0,0.0,0.0,0.0,0.0,0.0,0.0,0.0,0.0,0.0,0.0,0.0,0.0,11.668,1.999,0.0,0.0,0.0,0.0,0.0,0.0,1.0,1.0,0.0,0.0,2000.0,0.0,0.0,0.0,0.0,0.0,0.0,
281,0.0,0.0,0.0,0.0,0.0,0.0,3.0,1.0,1.0,1.0,3.0,1.0,1.0,1.0,4.0,1275.0,3408964.0,131072.0,0.0,2.0,1537.0,1409.0,5.0,513.0,255.0,0.0,0.0,0.0,5.0,769.0,255.0,0.0,0.0,0.0,5.0,1025.0,255.0,0.0,0.0,0.0,5.0,1281.0,254.0,0.0,0.0,0.0,2.0,1644167432.0,1644167688.0,4.0,1678835984.0,1678836240.0,1678836496.0,1678836752.0,4.0,1678837008.0,1678837264.0,1678837520.0,1678837776.0,1.0,537198856.0,5.0,417.0,254.0,0.0,0.0,0.0,5.0,449.0,254.0,0.0,0.0,0.0,5.0,481.0,254.0,0.0,0.0,0.0,5.0,673.0,254.0,0.0,0.0,0.0,5.0,705.0,254.0,0.0,0.0,0.0,5.0,737.0,254.0,0.0,0.0,0.0,5.0,929.0,254.0,0.0,0.0,0.0,4.0,1342177544.0,1342177800.0,1342178056.0,1342178312.0,8.0,1342243080.0,1342243336.0,1342243592.0,1342243848.0,1342244104.0,1342244360.0,1342244616.0,1342244872.0,4.0,1342308624.0,1342308880.0,1342309136.0,1342309392.0,4.0,1342374160.0,1342374416.0,1342374672.0,1342374928.0,4.0,1342375184.0,1342375440.0,1342375696.0,1342375952.0,4.0,1342376208.0,1342376464.0,1342376720.0,1342376976.0,8.0,1342439688.0,1342439944.0,1342440200.0,1342440456.0,1342440712.0,1342440968.0,1342441224.0,1342441480.0,4.0,0.0,0.0,0.0,0.0,8.0,17.0,17.0,17.0,1.0,1.0,1.0,1.0,1.0,16.0,100.0,100.0,100.0,100.0,100.0,100.0,100.0,100.0,100.0,100.0,100.0,100.0,100.0,100.0,100.0,100.0,2.0,45.0,45.0,1.0,4.0,4.0,80.0,245.0,1.0,0.0,8.0,0.0,252.0,168.0,4.0,0.0,0.0,85.0,122.0,5.0,143.0,1842.0,3.0,6.0,1.0,12.0,0.0,0.0,2058.0,0.0,0.0,0.0,0.0,0.0,0.0,0.0,0.0,2058.0,8.0,44.0,0.0,0.0,0.0,0.0,0.0,0.0,0.0,2.0,32.0,0.0,8.0,0.0,0.0,0.0,0.0,0.0,0.0,0.0,0.0,0.0,0.0,0.0,655761.0,0.0,340444200.0,34044204.0,2.02,129.0,0.0,2000.0,65.0,0.0,0.0,0.0,0.0,0.0,0.0,0.0,1.0,0.0,0.0,0.0,0.0,0.0,0.0,0.0,0.0,0.0,0.0,0.0,0.0,0.0,0.0,0.0,0.0,0.0,0.0,0.0,0.0,0.0,1.0,0.0,0.0,0.0,0.0,0.0,0.0,0.0,0.0,0.0,0.0,0.0,0.0,0.0,0.0,0.0,0.0,0.0,0.0,0.0,0.0,0.0,0.0,0.0,0.0,0.0,0.0,0.0,0.0,0.0,0.0,0.0,0.0,0.0,0.0,0.0,0.0,0.0,0.0,0.0,0.0,0.0,0.0,11.668,1.999,0.0,0.0,0.0,0.0,0.0,0.0,1.0,1.0,0.0,0.0,2000.0,0.0,0.0,0.0,0.0,0.0,0.0,
286,0.0,0.0,0.0,0.0,0.0,0.0,3.0,1.0,1.0,1.0,3.0,1.0,1.0,1.0,4.0,1275.0,3408964.0,131072.0,0.0,2.0,1537.0,1409.0,5.0,513.0,255.0,0.0,0.0,0.0,5.0,769.0,255.0,0.0,0.0,0.0,5.0,1025.0,255.0,0.0,0.0,0.0,5.0,1281.0,254.0,0.0,0.0,0.0,2.0,1644167432.0,1644167688.0,4.0,1678835984.0,1678836240.0,1678836496.0,1678836752.0,4.0,1678837008.0,1678837264.0,1678837520.0,1678837776.0,1.0,537198856.0,5.0,417.0,254.0,0.0,0.0,0.0,5.0,449.0,254.0,0.0,0.0,0.0,5.0,481.0,254.0,0.0,0.0,0.0,5.0,673.0,254.0,0.0,0.0,0.0,5.0,705.0,254.0,0.0,0.0,0.0,5.0,737.0,254.0,0.0,0.0,0.0,5.0,929.0,254.0,0.0,0.0,0.0,4.0,1342177544.0,1342177800.0,1342178056.0,1342178312.0,8.0,1342243080.0,1342243336.0,1342243592.0,1342243848.0,1342244104.0,1342244360.0,1342244616.0,1342244872.0,4.0,1342308624.0,1342308880.0,1342309136.0,1342309392.0,4.0,1342374160.0,1342374416.0,1342374672.0,1342374928.0,4.0,1342375184.0,1342375440.0,1342375696.0,1342375952.0,4.0,1342376208.0,1342376464.0,1342376720.0,1342376976.0,8.0,1342439688.0,1342439944.0,1342440200.0,1342440456.0,1342440712.0,1342440968.0,1342441224.0,1342441480.0,4.0,0.0,0.0,0.0,0.0,8.0,17.0,17.0,17.0,1.0,1.0,1.0,1.0,1.0,16.0,100.0,100.0,100.0,100.0,100.0,100.0,100.0,100.0,100.0,100.0,100.0,100.0,100.0,100.0,100.0,100.0,2.0,45.0,45.0,1.0,4.0,4.0,80.0,245.0,1.0,0.0,8.0,0.0,252.0,168.0,4.0,0.0,0.0,85.0,122.0,5.0,143.0,1842.0,3.0,6.0,1.0,12.0,0.0,0.0,2584.0,0.0,0.0,0.0,0.0,0.0,0.0,0.0,0.0,2584.0,8.0,44.0,0.0,0.0,0.0,0.0,0.0,0.0,0.0,2.0,32.0,0.0,8.0,0.0,0.0,0.0,0.0,0.0,0.0,0.0,0.0,0.0,0.0,0.0,655761.0,0.0,340444200.0,34044204.0,2.02,129.0,0.0,2000.0,65.0,0.0,0.0,0.0,0.0,0.0,0.0,0.0,1.0,0.0,0.0,0.0,0.0,0.0,0.0,0.0,0.0,0.0,0.0,0.0,0.0,0.0,0.0,0.0,0.0,0.0,0.0,0.0,0.0,0.0,1.0,0.0,0.0,0.0,0.0,0.0,0.0,0.0,0.0,0.0,0.0,0.0,0.0,0.0,0.0,0.0,0.0,0.0,0.0,0.0,0.0,0.0,0.0,0.0,0.0,0.0,0.0,0.0,0.0,0.0,0.0,0.0,0.0,0.0,0.0,0.0,0.0,0.0,0.0,0.0,0.0,0.0,0.0,10.975,2.499,0.0,0.0,0.0,0.0,0.0,0.0,1.0,1.0,0.0,0.0,2500.0,0.0,0.0,0.0,0.0,0.0,0.0,
287,0.0,0.0,0.0,0.0,0.0,0.0,3.0,1.0,1.0,1.0,3.0,1.0,1.0,1.0,4.0,1275.0,3408964.0,131072.0,0.0,2.0,1537.0,1409.0,5.0,513.0,255.0,0.0,0.0,0.0,5.0,769.0,255.0,0.0,0.0,0.0,5.0,1025.0,255.0,0.0,0.0,0.0,5.0,1281.0,254.0,0.0,0.0,0.0,2.0,1644167432.0,1644167688.0,4.0,1678835984.0,1678836240.0,1678836496.0,1678836752.0,4.0,1678837008.0,1678837264.0,1678837520.0,1678837776.0,1.0,537198856.0,5.0,417.0,254.0,0.0,0.0,0.0,5.0,449.0,254.0,0.0,0.0,0.0,5.0,481.0,254.0,0.0,0.0,0.0,5.0,673.0,254.0,0.0,0.0,0.0,5.0,705.0,254.0,0.0,0.0,0.0,5.0,737.0,254.0,0.0,0.0,0.0,5.0,929.0,254.0,0.0,0.0,0.0,4.0,1342177544.0,1342177800.0,1342178056.0,1342178312.0,8.0,1342243080.0,1342243336.0,1342243592.0,1342243848.0,1342244104.0,1342244360.0,1342244616.0,1342244872.0,4.0,1342308624.0,1342308880.0,1342309136.0,1342309392.0,4.0,1342374160.0,1342374416.0,1342374672.0,1342374928.0,4.0,1342375184.0,1342375440.0,1342375696.0,1342375952.0,4.0,1342376208.0,1342376464.0,1342376720.0,1342376976.0,8.0,1342439688.0,1342439944.0,1342440200.0,1342440456.0,1342440712.0,1342440968.0,1342441224.0,1342441480.0,4.0,0.0,0.0,0.0,0.0,8.0,17.0,17.0,17.0,1.0,1.0,1.0,1.0,1.0,16.0,100.0,100.0,100.0,100.0,100.0,100.0,100.0,100.0,100.0,100.0,100.0,100.0,100.0,100.0,100.0,100.0,2.0,45.0,45.0,1.0,4.0,4.0,80.0,245.0,1.0,0.0,8.0,0.0,252.0,168.0,4.0,0.0,0.0,85.0,122.0,5.0,143.0,1842.0,3.0,6.0,1.0,12.0,0.0,0.0,2584.0,0.0,0.0,0.0,0.0,0.0,0.0,0.0,0.0,2584.0,8.0,44.0,0.0,0.0,0.0,0.0,0.0,0.0,0.0,2.0,32.0,0.0,8.0,0.0,0.0,0.0,0.0,0.0,0.0,0.0,0.0,0.0,0.0,0.0,655761.0,0.0,340444200.0,34044204.0,2.02,129.0,0.0,2000.0,65.0,0.0,0.0,0.0,0.0,0.0,0.0,0.0,1.0,0.0,0.0,0.0,0.0,0.0,0.0,0.0,0.0,0.0,0.0,0.0,0.0,0.0,0.0,0.0,0.0,0.0,0.0,0.0,0.0,0.0,1.0,0.0,0.0,0.0,0.0,0.0,0.0,0.0,0.0,0.0,0.0,0.0,0.0,0.0,0.0,0.0,0.0,0.0,0.0,0.0,0.0,0.0,0.0,0.0,0.0,0.0,0.0,0.0,0.0,0.0,0.0,0.0,0.0,0.0,0.0,0.0,0.0,0.0,0.0,0.0,0.0,0.0,0.0,10.975,2.499,0.0,0.0,0.0,0.0,0.0,0.0,1.0,1.0,0.0,0.0,2500.0,0.0,0.0,0.0,0.0,0.0,0.0,
288,0.0,0.0,0.0,0.0,0.0,0.0,3.0,1.0,1.0,1.0,3.0,1.0,1.0,1.0,4.0,1275.0,3408964.0,131072.0,0.0,2.0,1537.0,1409.0,5.0,513.0,255.0,0.0,0.0,0.0,5.0,769.0,255.0,0.0,0.0,0.0,5.0,1025.0,255.0,0.0,0.0,0.0,5.0,1281.0,254.0,0.0,0.0,0.0,2.0,1644167432.0,1644167688.0,4.0,1678835984.0,1678836240.0,1678836496.0,1678836752.0,4.0,1678837008.0,1678837264.0,1678837520.0,1678837776.0,1.0,537198856.0,5.0,417.0,254.0,0.0,0.0,0.0,5.0,449.0,254.0,0.0,0.0,0.0,5.0,481.0,254.0,0.0,0.0,0.0,5.0,673.0,254.0,0.0,0.0,0.0,5.0,705.0,254.0,0.0,0.0,0.0,5.0,737.0,254.0,0.0,0.0,0.0,5.0,929.0,254.0,0.0,0.0,0.0,4.0,1342177544.0,1342177800.0,1342178056.0,1342178312.0,8.0,1342243080.0,1342243336.0,1342243592.0,1342243848.0,1342244104.0,1342244360.0,1342244616.0,1342244872.0,4.0,1342308624.0,1342308880.0,1342309136.0,1342309392.0,4.0,1342374160.0,1342374416.0,1342374672.0,1342374928.0,4.0,1342375184.0,1342375440.0,1342375696.0,1342375952.0,4.0,1342376208.0,1342376464.0,1342376720.0,1342376976.0,8.0,1342439688.0,1342439944.0,1342440200.0,1342440456.0,1342440712.0,1342440968.0,1342441224.0,1342441480.0,4.0,0.0,0.0,0.0,0.0,8.0,17.0,17.0,17.0,1.0,1.0,1.0,1.0,1.0,16.0,100.0,100.0,100.0,100.0,100.0,100.0,100.0,100.0,100.0,100.0,100.0,100.0,100.0,100.0,100.0,100.0,2.0,45.0,45.0,1.0,4.0,4.0,80.0,245.0,1.0,0.0,8.0,0.0,252.0,168.0,4.0,0.0,0.0,85.0,122.0,5.0,143.0,1842.0,3.0,6.0,1.0,12.0,0.0,0.0,2584.0,0.0,0.0,0.0,0.0,0.0,0.0,0.0,0.0,2584.0,8.0,44.0,0.0,0.0,0.0,0.0,0.0,0.0,0.0,2.0,32.0,0.0,8.0,0.0,0.0,0.0,0.0,0.0,0.0,0.0,0.0,0.0,0.0,0.0,655761.0,0.0,340444200.0,34044204.0,2.02,129.0,0.0,2000.0,65.0,0.0,0.0,0.0,0.0,0.0,0.0,0.0,1.0,0.0,0.0,0.0,0.0,0.0,0.0,0.0,0.0,0.0,0.0,0.0,0.0,0.0,0.0,0.0,0.0,0.0,0.0,0.0,0.0,0.0,1.0,0.0,0.0,0.0,0.0,0.0,0.0,0.0,0.0,0.0,0.0,0.0,0.0,0.0,0.0,0.0,0.0,0.0,0.0,0.0,0.0,0.0,0.0,0.0,0.0,0.0,0.0,0.0,0.0,0.0,0.0,0.0,0.0,0.0,0.0,0.0,0.0,0.0,0.0,0.0,0.0,0.0,0.0,10.976,2.5,0.0,0.0,0.0,0.0,0.0,0.0,1.0,1.0,0.0,0.0,2500.0,0.0,0.0,0.0,0.0,0.0,0.0,
293,0.0,0.0,0.0,0.0,0.0,0.0,3.0,1.0,1.0,1.0,3.0,1.0,1.0,1.0,4.0,1275.0,3408964.0,131072.0,0.0,2.0,1537.0,1409.0,5.0,513.0,255.0,0.0,0.0,0.0,5.0,769.0,255.0,0.0,0.0,0.0,5.0,1025.0,255.0,0.0,0.0,0.0,5.0,1281.0,254.0,0.0,0.0,0.0,2.0,1644167432.0,1644167688.0,4.0,1678835984.0,1678836240.0,1678836496.0,1678836752.0,4.0,1678837008.0,1678837264.0,1678837520.0,1678837776.0,1.0,537198856.0,5.0,417.0,254.0,0.0,0.0,0.0,5.0,449.0,254.0,0.0,0.0,0.0,5.0,481.0,254.0,0.0,0.0,0.0,5.0,673.0,254.0,0.0,0.0,0.0,5.0,705.0,254.0,0.0,0.0,0.0,5.0,737.0,254.0,0.0,0.0,0.0,5.0,929.0,254.0,0.0,0.0,0.0,4.0,1342177544.0,1342177800.0,1342178056.0,1342178312.0,8.0,1342243080.0,1342243336.0,1342243592.0,1342243848.0,1342244104.0,1342244360.0,1342244616.0,1342244872.0,4.0,1342308624.0,1342308880.0,1342309136.0,1342309392.0,4.0,1342374160.0,1342374416.0,1342374672.0,1342374928.0,4.0,1342375184.0,1342375440.0,1342375696.0,1342375952.0,4.0,1342376208.0,1342376464.0,1342376720.0,1342376976.0,8.0,1342439688.0,1342439944.0,1342440200.0,1342440456.0,1342440712.0,1342440968.0,1342441224.0,1342441480.0,4.0,0.0,0.0,0.0,0.0,8.0,17.0,17.0,17.0,1.0,1.0,1.0,1.0,1.0,16.0,100.0,100.0,100.0,100.0,100.0,100.0,100.0,100.0,100.0,100.0,100.0,100.0,100.0,100.0,100.0,100.0,2.0,45.0,45.0,1.0,4.0,4.0,80.0,245.0,1.0,0.0,8.0,0.0,252.0,168.0,4.0,0.0,0.0,85.0,122.0,5.0,143.0,1842.0,3.0,6.0,1.0,12.0,0.0,0.0,3101.0,0.0,0.0,0.0,0.0,0.0,0.0,0.0,0.0,3101.0,8.0,44.0,0.0,0.0,0.0,0.0,0.0,0.0,0.0,2.0,32.0,0.0,8.0,0.0,0.0,0.0,0.0,0.0,0.0,0.0,0.0,0.0,0.0,0.0,655761.0,0.0,340444200.0,34044204.0,2.02,129.0,0.0,2000.0,65.0,0.0,0.0,0.0,0.0,0.0,0.0,0.0,1.0,0.0,0.0,0.0,0.0,0.0,0.0,0.0,0.0,0.0,0.0,0.0,0.0,0.0,0.0,0.0,0.0,0.0,0.0,0.0,0.0,0.0,1.0,0.0,0.0,0.0,0.0,0.0,0.0,0.0,0.0,0.0,0.0,0.0,0.0,0.0,0.0,0.0,0.0,0.0,0.0,0.0,0.0,0.0,0.0,0.0,0.0,0.0,0.0,0.0,0.0,0.0,0.0,0.0,0.0,0.0,0.0,0.0,0.0,0.0,0.0,0.0,0.0,0.0,0.0,10.3,2.999,0.0,0.0,0.0,0.0,0.0,0.0,1.0,1.0,0.0,0.0,3000.0,0.0,0.0,0.0,0.0,0.0,0.0,
294,0.0,0.0,0.0,0.0,0.0,0.0,3.0,1.0,1.0,1.0,3.0,1.0,1.0,1.0,4.0,1275.0,3408964.0,131072.0,0.0,2.0,1537.0,1409.0,5.0,513.0,255.0,0.0,0.0,0.0,5.0,769.0,255.0,0.0,0.0,0.0,5.0,1025.0,255.0,0.0,0.0,0.0,5.0,1281.0,254.0,0.0,0.0,0.0,2.0,1644167432.0,1644167688.0,4.0,1678835984.0,1678836240.0,1678836496.0,1678836752.0,4.0,1678837008.0,1678837264.0,1678837520.0,1678837776.0,1.0,537198856.0,5.0,417.0,254.0,0.0,0.0,0.0,5.0,449.0,254.0,0.0,0.0,0.0,5.0,481.0,254.0,0.0,0.0,0.0,5.0,673.0,254.0,0.0,0.0,0.0,5.0,705.0,254.0,0.0,0.0,0.0,5.0,737.0,254.0,0.0,0.0,0.0,5.0,929.0,254.0,0.0,0.0,0.0,4.0,1342177544.0,1342177800.0,1342178056.0,1342178312.0,8.0,1342243080.0,1342243336.0,1342243592.0,1342243848.0,1342244104.0,1342244360.0,1342244616.0,1342244872.0,4.0,1342308624.0,1342308880.0,1342309136.0,1342309392.0,4.0,1342374160.0,1342374416.0,1342374672.0,1342374928.0,4.0,1342375184.0,1342375440.0,1342375696.0,1342375952.0,4.0,1342376208.0,1342376464.0,1342376720.0,1342376976.0,8.0,1342439688.0,1342439944.0,1342440200.0,1342440456.0,1342440712.0,1342440968.0,1342441224.0,1342441480.0,4.0,0.0,0.0,0.0,0.0,8.0,17.0,17.0,17.0,1.0,1.0,1.0,1.0,1.0,16.0,100.0,100.0,100.0,100.0,100.0,100.0,100.0,100.0,100.0,100.0,100.0,100.0,100.0,100.0,100.0,100.0,2.0,45.0,45.0,1.0,4.0,4.0,80.0,245.0,1.0,0.0,8.0,0.0,252.0,168.0,4.0,0.0,0.0,85.0,122.0,5.0,143.0,1842.0,3.0,6.0,1.0,12.0,0.0,0.0,3101.0,0.0,0.0,0.0,0.0,0.0,0.0,0.0,0.0,3101.0,8.0,44.0,0.0,0.0,0.0,0.0,0.0,0.0,0.0,2.0,32.0,0.0,8.0,0.0,0.0,0.0,0.0,0.0,0.0,0.0,0.0,0.0,0.0,0.0,655761.0,0.0,340444200.0,34044204.0,2.02,129.0,0.0,2000.0,65.0,0.0,0.0,0.0,0.0,0.0,0.0,0.0,1.0,0.0,0.0,0.0,0.0,0.0,0.0,0.0,0.0,0.0,0.0,0.0,0.0,0.0,0.0,0.0,0.0,0.0,0.0,0.0,0.0,0.0,1.0,0.0,0.0,0.0,0.0,0.0,0.0,0.0,0.0,0.0,0.0,0.0,0.0,0.0,0.0,0.0,0.0,0.0,0.0,0.0,0.0,0.0,0.0,0.0,0.0,0.0,0.0,0.0,0.0,0.0,0.0,0.0,0.0,0.0,0.0,0.0,0.0,0.0,0.0,0.0,0.0,0.0,0.0,10.301,2.999,0.0,0.0,0.0,0.0,0.0,0.0,1.0,1.0,0.0,0.0,3000.0,0.0,0.0,0.0,0.0,0.0,0.0,
295,0.0,0.0,0.0,0.0,0.0,0.0,3.0,1.0,1.0,1.0,3.0,1.0,1.0,1.0,4.0,1275.0,3408964.0,131072.0,0.0,2.0,1537.0,1409.0,5.0,513.0,255.0,0.0,0.0,0.0,5.0,769.0,255.0,0.0,0.0,0.0,5.0,1025.0,255.0,0.0,0.0,0.0,5.0,1281.0,254.0,0.0,0.0,0.0,2.0,1644167432.0,1644167688.0,4.0,1678835984.0,1678836240.0,1678836496.0,1678836752.0,4.0,1678837008.0,1678837264.0,1678837520.0,1678837776.0,1.0,537198856.0,5.0,417.0,254.0,0.0,0.0,0.0,5.0,449.0,254.0,0.0,0.0,0.0,5.0,481.0,254.0,0.0,0.0,0.0,5.0,673.0,254.0,0.0,0.0,0.0,5.0,705.0,254.0,0.0,0.0,0.0,5.0,737.0,254.0,0.0,0.0,0.0,5.0,929.0,254.0,0.0,0.0,0.0,4.0,1342177544.0,1342177800.0,1342178056.0,1342178312.0,8.0,1342243080.0,1342243336.0,1342243592.0,1342243848.0,1342244104.0,1342244360.0,1342244616.0,1342244872.0,4.0,1342308624.0,1342308880.0,1342309136.0,1342309392.0,4.0,1342374160.0,1342374416.0,1342374672.0,1342374928.0,4.0,1342375184.0,1342375440.0,1342375696.0,1342375952.0,4.0,1342376208.0,1342376464.0,1342376720.0,1342376976.0,8.0,1342439688.0,1342439944.0,1342440200.0,1342440456.0,1342440712.0,1342440968.0,1342441224.0,1342441480.0,4.0,0.0,0.0,0.0,0.0,8.0,17.0,17.0,17.0,1.0,1.0,1.0,1.0,1.0,16.0,100.0,100.0,100.0,100.0,100.0,100.0,100.0,100.0,100.0,100.0,100.0,100.0,100.0,100.0,100.0,100.0,2.0,45.0,45.0,1.0,4.0,4.0,80.0,245.0,1.0,0.0,8.0,0.0,252.0,168.0,4.0,0.0,0.0,85.0,122.0,5.0,143.0,1842.0,3.0,6.0,1.0,12.0,0.0,0.0,3101.0,0.0,0.0,0.0,0.0,0.0,0.0,0.0,0.0,3101.0,8.0,44.0,0.0,0.0,0.0,0.0,0.0,0.0,0.0,2.0,32.0,0.0,8.0,0.0,0.0,0.0,0.0,0.0,0.0,0.0,0.0,0.0,0.0,0.0,655761.0,0.0,340444200.0,34044204.0,2.02,129.0,0.0,2000.0,65.0,0.0,0.0,0.0,0.0,0.0,0.0,0.0,1.0,0.0,0.0,0.0,0.0,0.0,0.0,0.0,0.0,0.0,0.0,0.0,0.0,0.0,0.0,0.0,0.0,0.0,0.0,0.0,0.0,0.0,1.0,0.0,0.0,0.0,0.0,0.0,0.0,0.0,0.0,0.0,0.0,0.0,0.0,0.0,0.0,0.0,0.0,0.0,0.0,0.0,0.0,0.0,0.0,0.0,0.0,0.0,0.0,0.0,0.0,0.0,0.0,0.0,0.0,0.0,0.0,0.0,0.0,0.0,0.0,0.0,0.0,0.0,0.0,10.301,2.999,0.0,0.0,0.0,0.0,0.0,0.0,1.0,1.0,0.0,0.0,3000.0,0.0,0.0,0.0,0.0,0.0,0.0,
300,0.0,0.0,0.0,0.0,0.0,0.0,3.0,1.0,1.0,1.0,3.0,1.0,1.0,1.0,4.0,1275.0,3408964.0,131072.0,0.0,2.0,1537.0,1409.0,5.0,513.0,255.0,0.0,0.0,0.0,5.0,769.0,255.0,0.0,0.0,0.0,5.0,1025.0,255.0,0.0,0.0,0.0,5.0,1281.0,254.0,0.0,0.0,0.0,2.0,1644167432.0,1644167688.0,4.0,1678835984.0,1678836240.0,1678836496.0,1678836752.0,4.0,1678837008.0,1678837264.0,1678837520.0,1678837776.0,1.0,537198856.0,5.0,417.0,254.0,0.0,0.0,0.0,5.0,449.0,254.0,0.0,0.0,0.0,5.0,481.0,254.0,0.0,0.0,0.0,5.0,673.0,254.0,0.0,0.0,0.0,5.0,705.0,254.0,0.0,0.0,0.0,5.0,737.0,254.0,0.0,0.0,0.0,5.0,929.0,254.0,0.0,0.0,0.0,4.0,1342177544.0,1342177800.0,1342178056.0,1342178312.0,8.0,1342243080.0,1342243336.0,1342243592.0,1342243848.0,1342244104.0,1342244360.0,1342244616.0,1342244872.0,4.0,1342308624.0,1342308880.0,1342309136.0,1342309392.0,4.0,1342374160.0,1342374416.0,1342374672.0,1342374928.0,4.0,1342375184.0,1342375440.0,1342375696.0,1342375952.0,4.0,1342376208.0,1342376464.0,1342376720.0,1342376976.0,8.0,1342439688.0,1342439944.0,1342440200.0,1342440456.0,1342440712.0,1342440968.0,1342441224.0,1342441480.0,4.0,0.0,0.0,0.0,0.0,8.0,17.0,17.0,17.0,1.0,1.0,1.0,1.0,1.0,16.0,100.0,100.0,100.0,100.0,100.0,100.0,100.0,100.0,100.0,100.0,100.0,100.0,100.0,100.0,100.0,100.0,2.0,45.0,45.0,1.0,4.0,4.0,80.0,245.0,1.0,0.0,8.0,0.0,252.0,168.0,4.0,0.0,0.0,85.0,122.0,5.0,143.0,1837.0,3.0,6.0,1.0,12.0,0.0,0.0,3627.0,0.0,0.0,0.0,0.0,0.0,0.0,0.0,0.0,3631.0,8.0,44.0,0.0,0.0,0.0,0.0,0.0,0.0,0.0,2.0,32.0,0.0,8.0,0.0,0.0,0.0,0.0,0.0,0.0,0.0,0.0,0.0,0.0,0.0,655761.0,0.0,340444200.0,34044204.0,2.02,129.0,0.0,2000.0,65.0,0.0,0.0,0.0,0.0,0.0,0.0,0.0,1.0,0.0,0.0,0.0,0.0,0.0,0.0,0.0,0.0,0.0,0.0,0.0,0.0,0.0,0.0,0.0,0.0,0.0,0.0,0.0,0.0,0.0,1.0,0.0,0.0,0.0,0.0,0.0,0.0,0.0,0.0,0.0,0.0,0.0,0.0,0.0,0.0,0.0,0.0,0.0,0.0,0.0,0.0,0.0,0.0,0.0,0.0,0.0,0.0,0.0,0.0,0.0,0.0,0.0,0.0,0.0,0.0,0.0,0.0,0.0,0.0,0.0,0.0,0.0,0.0,9.618,3.499,0.0,0.0,0.0,0.0,0.0,0.0,1.0,1.0,0.0,0.0,3500.0,0.0,0.0,0.0,0.0,0.0,0.0,
301,0.0,0.0,0.0,0.0,0.0,0.0,3.0,1.0,1.0,1.0,3.0,1.0,1.0,1.0,4.0,1275.0,3408964.0,131072.0,0.0,2.0,1537.0,1409.0,5.0,513.0,255.0,0.0,0.0,0.0,5.0,769.0,255.0,0.0,0.0,0.0,5.0,1025.0,255.0,0.0,0.0,0.0,5.0,1281.0,254.0,0.0,0.0,0.0,2.0,1644167432.0,1644167688.0,4.0,1678835984.0,1678836240.0,1678836496.0,1678836752.0,4.0,1678837008.0,1678837264.0,1678837520.0,1678837776.0,1.0,537198856.0,5.0,417.0,254.0,0.0,0.0,0.0,5.0,449.0,254.0,0.0,0.0,0.0,5.0,481.0,254.0,0.0,0.0,0.0,5.0,673.0,254.0,0.0,0.0,0.0,5.0,705.0,254.0,0.0,0.0,0.0,5.0,737.0,254.0,0.0,0.0,0.0,5.0,929.0,254.0,0.0,0.0,0.0,4.0,1342177544.0,1342177800.0,1342178056.0,1342178312.0,8.0,1342243080.0,1342243336.0,1342243592.0,1342243848.0,1342244104.0,1342244360.0,1342244616.0,1342244872.0,4.0,1342308624.0,1342308880.0,1342309136.0,1342309392.0,4.0,1342374160.0,1342374416.0,1342374672.0,1342374928.0,4.0,1342375184.0,1342375440.0,1342375696.0,1342375952.0,4.0,1342376208.0,1342376464.0,1342376720.0,1342376976.0,8.0,1342439688.0,1342439944.0,1342440200.0,1342440456.0,1342440712.0,1342440968.0,1342441224.0,1342441480.0,4.0,0.0,0.0,0.0,0.0,8.0,17.0,17.0,17.0,1.0,1.0,1.0,1.0,1.0,16.0,100.0,100.0,100.0,100.0,100.0,100.0,100.0,100.0,100.0,100.0,100.0,100.0,100.0,100.0,100.0,100.0,2.0,45.0,45.0,1.0,4.0,4.0,80.0,245.0,1.0,0.0,8.0,0.0,252.0,168.0,4.0,0.0,0.0,85.0,122.0,5.0,143.0,1842.0,3.0,6.0,1.0,12.0,0.0,0.0,3627.0,0.0,0.0,0.0,0.0,0.0,0.0,0.0,0.0,3627.0,8.0,44.0,0.0,0.0,0.0,0.0,0.0,0.0,0.0,2.0,32.0,0.0,8.0,0.0,0.0,0.0,0.0,0.0,0.0,0.0,0.0,0.0,0.0,0.0,655761.0,0.0,340444200.0,34044204.0,2.02,129.0,0.0,2000.0,65.0,0.0,0.0,0.0,0.0,0.0,0.0,0.0,1.0,0.0,0.0,0.0,0.0,0.0,0.0,0.0,0.0,0.0,0.0,0.0,0.0,0.0,0.0,0.0,0.0,0.0,0.0,0.0,0.0,0.0,1.0,0.0,0.0,0.0,0.0,0.0,0.0,0.0,0.0,0.0,0.0,0.0,0.0,0.0,0.0,0.0,0.0,0.0,0.0,0.0,0.0,0.0,0.0,0.0,0.0,0.0,0.0,0.0,0.0,0.0,0.0,0.0,0.0,0.0,0.0,0.0,0.0,0.0,0.0,0.0,0.0,0.0,0.0,9.62,3.499,0.0,0.0,0.0,0.0,0.0,0.0,1.0,1.0,0.0,0.0,3500.0,0.0,0.0,0.0,0.0,0.0,0.0,
302,0.0,0.0,0.0,0.0,0.0,0.0,3.0,1.0,1.0,1.0,3.0,1.0,1.0,1.0,4.0,1275.0,3408964.0,131072.0,0.0,2.0,1537.0,1409.0,5.0,513.0,255.0,0.0,0.0,0.0,5.0,769.0,255.0,0.0,0.0,0.0,5.0,1025.0,255.0,0.0,0.0,0.0,5.0,1281.0,254.0,0.0,0.0,0.0,2.0,1644167432.0,1644167688.0,4.0,1678835984.0,1678836240.0,1678836496.0,1678836752.0,4.0,1678837008.0,1678837264.0,1678837520.0,1678837776.0,1.0,537198856.0,5.0,417.0,254.0,0.0,0.0,0.0,5.0,449.0,254.0,0.0,0.0,0.0,5.0,481.0,254.0,0.0,0.0,0.0,5.0,673.0,254.0,0.0,0.0,0.0,5.0,705.0,254.0,0.0,0.0,0.0,5.0,737.0,254.0,0.0,0.0,0.0,5.0,929.0,254.0,0.0,0.0,0.0,4.0,1342177544.0,1342177800.0,1342178056.0,1342178312.0,8.0,1342243080.0,1342243336.0,1342243592.0,1342243848.0,1342244104.0,1342244360.0,1342244616.0,1342244872.0,4.0,1342308624.0,1342308880.0,1342309136.0,1342309392.0,4.0,1342374160.0,1342374416.0,1342374672.0,1342374928.0,4.0,1342375184.0,1342375440.0,1342375696.0,1342375952.0,4.0,1342376208.0,1342376464.0,1342376720.0,1342376976.0,8.0,1342439688.0,1342439944.0,1342440200.0,1342440456.0,1342440712.0,1342440968.0,1342441224.0,1342441480.0,4.0,0.0,0.0,0.0,0.0,8.0,17.0,17.0,17.0,1.0,1.0,1.0,1.0,1.0,16.0,100.0,100.0,100.0,100.0,100.0,100.0,100.0,100.0,100.0,100.0,100.0,100.0,100.0,100.0,100.0,100.0,2.0,45.0,45.0,1.0,4.0,4.0,80.0,245.0,1.0,0.0,8.0,0.0,252.0,168.0,4.0,0.0,0.0,85.0,122.0,5.0,143.0,1842.0,3.0,6.0,1.0,12.0,0.0,0.0,3627.0,0.0,0.0,0.0,0.0,0.0,0.0,0.0,0.0,3627.0,8.0,44.0,0.0,0.0,0.0,0.0,0.0,0.0,0.0,2.0,32.0,0.0,8.0,0.0,0.0,0.0,0.0,0.0,0.0,0.0,0.0,0.0,0.0,0.0,655761.0,0.0,340444200.0,34044204.0,2.02,129.0,0.0,2000.0,65.0,0.0,0.0,0.0,0.0,0.0,0.0,0.0,1.0,0.0,0.0,0.0,0.0,0.0,0.0,0.0,0.0,0.0,0.0,0.0,0.0,0.0,0.0,0.0,0.0,0.0,0.0,0.0,0.0,0.0,1.0,0.0,0.0,0.0,0.0,0.0,0.0,0.0,0.0,0.0,0.0,0.0,0.0,0.0,0.0,0.0,0.0,0.0,0.0,0.0,0.0,0.0,0.0,0.0,0.0,0.0,0.0,0.0,0.0,0.0,0.0,0.0,0.0,0.0,0.0,0.0,0.0,0.0,0.0,0.0,0.0,0.0,0.0,9.621,3.499,0.0,0.0,0.0,0.0,0.0,0.0,1.0,1.0,0.0,0.0,3500.0,0.0,0.0,0.0,0.0,0.0,0.0,
307,0.0,0.0,0.0,0.0,0.0,0.0,3.0,1.0,1.0,1.0,3.0,1.0,1.0,1.0,4.0,1275.0,3408964.0,131072.0,0.0,2.0,1537.0,1409.0,5.0,513.0,255.0,0.0,0.0,0.0,5.0,769.0,255.0,0.0,0.0,0.0,5.0,1025.0,255.0,0.0,0.0,0.0,5.0,1281.0,254.0,0.0,0.0,0.0,2.0,1644167432.0,1644167688.0,4.0,1678835984.0,1678836240.0,1678836496.0,1678836752.0,4.0,1678837008.0,1678837264.0,1678837520.0,1678837776.0,1.0,537198856.0,5.0,417.0,254.0,0.0,0.0,0.0,5.0,449.0,254.0,0.0,0.0,0.0,5.0,481.0,254.0,0.0,0.0,0.0,5.0,673.0,254.0,0.0,0.0,0.0,5.0,705.0,254.0,0.0,0.0,0.0,5.0,737.0,254.0,0.0,0.0,0.0,5.0,929.0,254.0,0.0,0.0,0.0,4.0,1342177544.0,1342177800.0,1342178056.0,1342178312.0,8.0,1342243080.0,1342243336.0,1342243592.0,1342243848.0,1342244104.0,1342244360.0,1342244616.0,1342244872.0,4.0,1342308624.0,1342308880.0,1342309136.0,1342309392.0,4.0,1342374160.0,1342374416.0,1342374672.0,1342374928.0,4.0,1342375184.0,1342375440.0,1342375696.0,1342375952.0,4.0,1342376208.0,1342376464.0,1342376720.0,1342376976.0,8.0,1342439688.0,1342439944.0,1342440200.0,1342440456.0,1342440712.0,1342440968.0,1342441224.0,1342441480.0,4.0,0.0,0.0,0.0,0.0,8.0,17.0,17.0,17.0,1.0,1.0,1.0,1.0,1.0,16.0,100.0,100.0,100.0,100.0,100.0,100.0,100.0,100.0,100.0,100.0,100.0,100.0,100.0,100.0,100.0,100.0,2.0,45.0,45.0,1.0,4.0,4.0,80.0,245.0,1.0,0.0,8.0,0.0,252.0,168.0,4.0,0.0,0.0,85.0,122.0,5.0,142.0,1842.0,3.0,6.0,1.0,12.0,0.0,0.0,4157.0,0.0,0.0,0.0,0.0,0.0,0.0,0.0,0.0,4157.0,8.0,44.0,0.0,0.0,0.0,0.0,0.0,0.0,0.0,2.0,32.0,0.0,8.0,0.0,0.0,0.0,0.0,0.0,0.0,0.0,0.0,0.0,0.0,0.0,655761.0,0.0,340444200.0,34044204.0,2.02,129.0,0.0,2000.0,65.0,0.0,0.0,0.0,0.0,0.0,0.0,0.0,1.0,0.0,0.0,0.0,0.0,0.0,0.0,0.0,0.0,0.0,0.0,0.0,0.0,0.0,0.0,0.0,0.0,0.0,0.0,0.0,0.0,0.0,1.0,0.0,0.0,0.0,0.0,0.0,0.0,0.0,0.0,0.0,0.0,0.0,0.0,0.0,0.0,0.0,0.0,0.0,0.0,0.0,0.0,0.0,0.0,0.0,0.0,0.0,0.0,0.0,0.0,0.0,0.0,0.0,0.0,0.0,0.0,0.0,0.0,0.0,0.0,0.0,0.0,0.0,0.0,8.944,4.001,0.0,0.0,0.0,0.0,0.0,0.0,1.0,1.0,0.0,0.0,4000.0,0.0,0.0,0.0,0.0,0.0,0.0,
308,0.0,0.0,0.0,0.0,0.0,0.0,3.0,1.0,1.0,1.0,3.0,1.0,1.0,1.0,4.0,1275.0,3408964.0,131072.0,0.0,2.0,1537.0,1409.0,5.0,513.0,255.0,0.0,0.0,0.0,5.0,769.0,255.0,0.0,0.0,0.0,5.0,1025.0,255.0,0.0,0.0,0.0,5.0,1281.0,254.0,0.0,0.0,0.0,2.0,1644167432.0,1644167688.0,4.0,1678835984.0,1678836240.0,1678836496.0,1678836752.0,4.0,1678837008.0,1678837264.0,1678837520.0,1678837776.0,1.0,537198856.0,5.0,417.0,254.0,0.0,0.0,0.0,5.0,449.0,254.0,0.0,0.0,0.0,5.0,481.0,254.0,0.0,0.0,0.0,5.0,673.0,254.0,0.0,0.0,0.0,5.0,705.0,254.0,0.0,0.0,0.0,5.0,737.0,254.0,0.0,0.0,0.0,5.0,929.0,254.0,0.0,0.0,0.0,4.0,1342177544.0,1342177800.0,1342178056.0,1342178312.0,8.0,1342243080.0,1342243336.0,1342243592.0,1342243848.0,1342244104.0,1342244360.0,1342244616.0,1342244872.0,4.0,1342308624.0,1342308880.0,1342309136.0,1342309392.0,4.0,1342374160.0,1342374416.0,1342374672.0,1342374928.0,4.0,1342375184.0,1342375440.0,1342375696.0,1342375952.0,4.0,1342376208.0,1342376464.0,1342376720.0,1342376976.0,8.0,1342439688.0,1342439944.0,1342440200.0,1342440456.0,1342440712.0,1342440968.0,1342441224.0,1342441480.0,4.0,0.0,0.0,0.0,0.0,8.0,17.0,17.0,17.0,1.0,1.0,1.0,1.0,1.0,16.0,100.0,100.0,100.0,100.0,100.0,100.0,100.0,100.0,100.0,100.0,100.0,100.0,100.0,100.0,100.0,100.0,2.0,45.0,45.0,1.0,4.0,4.0,80.0,245.0,1.0,0.0,8.0,0.0,252.0,168.0,4.0,0.0,0.0,85.0,122.0,5.0,142.0,1842.0,3.0,6.0,1.0,12.0,0.0,0.0,4157.0,0.0,0.0,0.0,0.0,0.0,0.0,0.0,0.0,4157.0,8.0,44.0,0.0,0.0,0.0,0.0,0.0,0.0,0.0,2.0,32.0,0.0,8.0,0.0,0.0,0.0,0.0,0.0,0.0,0.0,0.0,0.0,0.0,0.0,655761.0,0.0,340444200.0,34044204.0,2.02,129.0,0.0,2000.0,65.0,0.0,0.0,0.0,0.0,0.0,0.0,0.0,1.0,0.0,0.0,0.0,0.0,0.0,0.0,0.0,0.0,0.0,0.0,0.0,0.0,0.0,0.0,0.0,0.0,0.0,0.0,0.0,0.0,0.0,1.0,0.0,0.0,0.0,0.0,0.0,0.0,0.0,0.0,0.0,0.0,0.0,0.0,0.0,0.0,0.0,0.0,0.0,0.0,0.0,0.0,0.0,0.0,0.0,0.0,0.0,0.0,0.0,0.0,0.0,0.0,0.0,0.0,0.0,0.0,0.0,0.0,0.0,0.0,0.0,0.0,0.0,0.0,8.947,4.001,0.0,0.0,0.0,0.0,0.0,0.0,1.0,1.0,0.0,0.0,4000.0,0.0,0.0,0.0,0.0,0.0,0.0,
309,0.0,0.0,0.0,0.0,0.0,0.0,3.0,1.0,1.0,1.0,3.0,1.0,1.0,1.0,4.0,1275.0,3408964.0,131072.0,0.0,2.0,1537.0,1409.0,5.0,513.0,255.0,0.0,0.0,0.0,5.0,769.0,255.0,0.0,0.0,0.0,5.0,1025.0,255.0,0.0,0.0,0.0,5.0,1281.0,254.0,0.0,0.0,0.0,2.0,1644167432.0,1644167688.0,4.0,1678835984.0,1678836240.0,1678836496.0,1678836752.0,4.0,1678837008.0,1678837264.0,1678837520.0,1678837776.0,1.0,537198856.0,5.0,417.0,254.0,0.0,0.0,0.0,5.0,449.0,254.0,0.0,0.0,0.0,5.0,481.0,254.0,0.0,0.0,0.0,5.0,673.0,254.0,0.0,0.0,0.0,5.0,705.0,254.0,0.0,0.0,0.0,5.0,737.0,254.0,0.0,0.0,0.0,5.0,929.0,254.0,0.0,0.0,0.0,4.0,1342177544.0,1342177800.0,1342178056.0,1342178312.0,8.0,1342243080.0,1342243336.0,1342243592.0,1342243848.0,1342244104.0,1342244360.0,1342244616.0,1342244872.0,4.0,1342308624.0,1342308880.0,1342309136.0,1342309392.0,4.0,1342374160.0,1342374416.0,1342374672.0,1342374928.0,4.0,1342375184.0,1342375440.0,1342375696.0,1342375952.0,4.0,1342376208.0,1342376464.0,1342376720.0,1342376976.0,8.0,1342439688.0,1342439944.0,1342440200.0,1342440456.0,1342440712.0,1342440968.0,1342441224.0,1342441480.0,4.0,0.0,0.0,0.0,0.0,8.0,17.0,17.0,17.0,1.0,1.0,1.0,1.0,1.0,16.0,100.0,100.0,100.0,100.0,100.0,100.0,100.0,100.0,100.0,100.0,100.0,100.0,100.0,100.0,100.0,100.0,2.0,45.0,45.0,1.0,4.0,4.0,80.0,245.0,1.0,0.0,8.0,0.0,252.0,168.0,4.0,0.0,0.0,85.0,122.0,5.0,142.0,1842.0,3.0,6.0,1.0,12.0,0.0,0.0,4157.0,0.0,0.0,0.0,0.0,0.0,0.0,0.0,0.0,4157.0,8.0,44.0,0.0,0.0,0.0,0.0,0.0,0.0,0.0,2.0,32.0,0.0,8.0,0.0,0.0,0.0,0.0,0.0,0.0,0.0,0.0,0.0,0.0,0.0,655761.0,0.0,340444200.0,34044204.0,2.02,129.0,0.0,2000.0,65.0,0.0,0.0,0.0,0.0,0.0,0.0,0.0,1.0,0.0,0.0,0.0,0.0,0.0,0.0,0.0,0.0,0.0,0.0,0.0,0.0,0.0,0.0,0.0,0.0,0.0,0.0,0.0,0.0,0.0,1.0,0.0,0.0,0.0,0.0,0.0,0.0,0.0,0.0,0.0,0.0,0.0,0.0,0.0,0.0,0.0,0.0,0.0,0.0,0.0,0.0,0.0,0.0,0.0,0.0,0.0,0.0,0.0,0.0,0.0,0.0,0.0,0.0,0.0,0.0,0.0,0.0,0.0,0.0,0.0,0.0,0.0,0.0,8.947,4.001,0.0,0.0,0.0,0.0,0.0,0.0,1.0,1.0,0.0,0.0,4000.0,0.0,0.0,0.0,0.0,0.0,0.0,
314,0.0,0.0,0.0,0.0,0.0,0.0,3.0,1.0,1.0,1.0,3.0,1.0,1.0,1.0,4.0,1275.0,3408964.0,131072.0,0.0,2.0,1537.0,1409.0,5.0,513.0,255.0,0.0,0.0,0.0,5.0,769.0,255.0,0.0,0.0,0.0,5.0,1025.0,255.0,0.0,0.0,0.0,5.0,1281.0,254.0,0.0,0.0,0.0,2.0,1644167432.0,1644167688.0,4.0,1678835984.0,1678836240.0,1678836496.0,1678836752.0,4.0,1678837008.0,1678837264.0,1678837520.0,1678837776.0,1.0,537198856.0,5.0,417.0,254.0,0.0,0.0,0.0,5.0,449.0,254.0,0.0,0.0,0.0,5.0,481.0,254.0,0.0,0.0,0.0,5.0,673.0,254.0,0.0,0.0,0.0,5.0,705.0,254.0,0.0,0.0,0.0,5.0,737.0,254.0,0.0,0.0,0.0,5.0,929.0,254.0,0.0,0.0,0.0,4.0,1342177544.0,1342177800.0,1342178056.0,1342178312.0,8.0,1342243080.0,1342243336.0,1342243592.0,1342243848.0,1342244104.0,1342244360.0,1342244616.0,1342244872.0,4.0,1342308624.0,1342308880.0,1342309136.0,1342309392.0,4.0,1342374160.0,1342374416.0,1342374672.0,1342374928.0,4.0,1342375184.0,1342375440.0,1342375696.0,1342375952.0,4.0,1342376208.0,1342376464.0,1342376720.0,1342376976.0,8.0,1342439688.0,1342439944.0,1342440200.0,1342440456.0,1342440712.0,1342440968.0,1342441224.0,1342441480.0,4.0,0.0,0.0,0.0,0.0,8.0,17.0,17.0,17.0,1.0,1.0,1.0,1.0,1.0,16.0,100.0,100.0,100.0,100.0,100.0,100.0,100.0,100.0,100.0,100.0,100.0,100.0,100.0,100.0,100.0,100.0,2.0,45.0,45.0,1.0,4.0,4.0,80.0,245.0,1.0,0.0,8.0,0.0,252.0,168.0,8.0,0.0,0.0,85.0,122.0,5.0,145.0,1837.0,3.0,6.0,1.0,12.0,0.0,0.0,0.0,0.0,0.0,0.0,0.0,0.0,0.0,0.0,0.0,0.0,8.0,44.0,0.0,0.0,0.0,0.0,0.0,0.0,0.0,2.0,32.0,0.0,8.0,0.0,0.0,0.0,0.0,0.0,0.0,0.0,0.0,0.0,0.0,0.0,655761.0,0.0,340444200.0,34044204.0,2.02,129.0,0.0,2000.0,65.0,0.0,0.0,0.0,0.0,0.0,0.0,0.0,1.0,0.0,0.0,0.0,0.0,0.0,0.0,0.0,0.0,0.0,0.0,0.0,0.0,0.0,0.0,0.0,0.0,0.0,0.0,0.0,0.0,0.0,1.0,0.0,0.0,0.0,0.0,0.0,0.0,0.0,0.0,0.0,0.0,0.0,0.0,0.0,0.0,0.0,0.0,0.0,0.0,0.0,0.0,0.0,0.0,0.0,0.0,0.0,0.0,0.0,0.0,0.0,0.0,0.0,0.0,0.0,0.0,0.0,0.0,0.0,0.0,0.0,0.0,0.0,0.0,0.0,0.0,0.0,0.0,0.0,0.0,0.0,0.0,1.0,1.0,0.0,0.0,4500.0,0.0,0.0,0.0,0.0,0.0,0.0,
315,0.0,0.0,0.0,0.0,0.0,0.0,3.0,1.0,1.0,1.0,3.0,1.0,1.0,1.0,4.0,1275.0,3408964.0,131072.0,0.0,2.0,1537.0,1409.0,5.0,513.0,255.0,0.0,0.0,0.0,5.0,769.0,255.0,0.0,0.0,0.0,5.0,1025.0,255.0,0.0,0.0,0.0,5.0,1281.0,254.0,0.0,0.0,0.0,2.0,1644167432.0,1644167688.0,4.0,1678835984.0,1678836240.0,1678836496.0,1678836752.0,4.0,1678837008.0,1678837264.0,1678837520.0,1678837776.0,1.0,537198856.0,5.0,417.0,254.0,0.0,0.0,0.0,5.0,449.0,254.0,0.0,0.0,0.0,5.0,481.0,254.0,0.0,0.0,0.0,5.0,673.0,254.0,0.0,0.0,0.0,5.0,705.0,254.0,0.0,0.0,0.0,5.0,737.0,254.0,0.0,0.0,0.0,5.0,929.0,254.0,0.0,0.0,0.0,4.0,1342177544.0,1342177800.0,1342178056.0,1342178312.0,8.0,1342243080.0,1342243336.0,1342243592.0,1342243848.0,1342244104.0,1342244360.0,1342244616.0,1342244872.0,4.0,1342308624.0,1342308880.0,1342309136.0,1342309392.0,4.0,1342374160.0,1342374416.0,1342374672.0,1342374928.0,4.0,1342375184.0,1342375440.0,1342375696.0,1342375952.0,4.0,1342376208.0,1342376464.0,1342376720.0,1342376976.0,8.0,1342439688.0,1342439944.0,1342440200.0,1342440456.0,1342440712.0,1342440968.0,1342441224.0,1342441480.0,4.0,0.0,0.0,0.0,0.0,8.0,17.0,17.0,17.0,1.0,1.0,1.0,1.0,1.0,16.0,100.0,100.0,100.0,100.0,100.0,100.0,100.0,100.0,100.0,100.0,100.0,100.0,100.0,100.0,100.0,100.0,2.0,45.0,45.0,1.0,4.0,4.0,80.0,245.0,1.0,0.0,8.0,0.0,252.0,168.0,8.0,0.0,0.0,85.0,122.0,5.0,145.0,1842.0,3.0,6.0,1.0,12.0,0.0,0.0,0.0,0.0,0.0,0.0,0.0,0.0,0.0,0.0,0.0,0.0,8.0,44.0,0.0,0.0,0.0,0.0,0.0,0.0,0.0,2.0,32.0,0.0,8.0,0.0,0.0,0.0,0.0,0.0,0.0,0.0,0.0,0.0,0.0,0.0,655761.0,0.0,340444200.0,34044204.0,2.02,129.0,0.0,2000.0,65.0,0.0,0.0,0.0,0.0,0.0,0.0,0.0,1.0,0.0,0.0,0.0,0.0,0.0,0.0,0.0,0.0,0.0,0.0,0.0,0.0,0.0,0.0,0.0,0.0,0.0,0.0,0.0,0.0,0.0,1.0,0.0,0.0,0.0,0.0,0.0,0.0,0.0,0.0,0.0,0.0,0.0,0.0,0.0,0.0,0.0,0.0,0.0,0.0,0.0,0.0,0.0,0.0,0.0,0.0,0.0,0.0,0.0,0.0,0.0,0.0,0.0,0.0,0.0,0.0,0.0,0.0,0.0,0.0,0.0,0.0,0.0,0.0,0.0,0.0,0.0,0.0,0.0,0.0,0.0,0.0,1.0,1.0,0.0,0.0,4500.0,0.0,0.0,0.0,0.0,0.0,0.0,
316,0.0,0.0,0.0,0.0,0.0,0.0,3.0,1.0,1.0,1.0,3.0,1.0,1.0,1.0,4.0,1275.0,3408964.0,131072.0,0.0,2.0,1537.0,1409.0,5.0,513.0,255.0,0.0,0.0,0.0,5.0,769.0,255.0,0.0,0.0,0.0,5.0,1025.0,255.0,0.0,0.0,0.0,5.0,1281.0,254.0,0.0,0.0,0.0,2.0,1644167432.0,1644167688.0,4.0,1678835984.0,1678836240.0,1678836496.0,1678836752.0,4.0,1678837008.0,1678837264.0,1678837520.0,1678837776.0,1.0,537198856.0,5.0,417.0,254.0,0.0,0.0,0.0,5.0,449.0,254.0,0.0,0.0,0.0,5.0,481.0,254.0,0.0,0.0,0.0,5.0,673.0,254.0,0.0,0.0,0.0,5.0,705.0,254.0,0.0,0.0,0.0,5.0,737.0,254.0,0.0,0.0,0.0,5.0,929.0,254.0,0.0,0.0,0.0,4.0,1342177544.0,1342177800.0,1342178056.0,1342178312.0,8.0,1342243080.0,1342243336.0,1342243592.0,1342243848.0,1342244104.0,1342244360.0,1342244616.0,1342244872.0,4.0,1342308624.0,1342308880.0,1342309136.0,1342309392.0,4.0,1342374160.0,1342374416.0,1342374672.0,1342374928.0,4.0,1342375184.0,1342375440.0,1342375696.0,1342375952.0,4.0,1342376208.0,1342376464.0,1342376720.0,1342376976.0,8.0,1342439688.0,1342439944.0,1342440200.0,1342440456.0,1342440712.0,1342440968.0,1342441224.0,1342441480.0,4.0,0.0,0.0,0.0,0.0,8.0,17.0,17.0,17.0,1.0,1.0,1.0,1.0,1.0,16.0,100.0,100.0,100.0,100.0,100.0,100.0,100.0,100.0,100.0,100.0,100.0,100.0,100.0,100.0,100.0,100.0,2.0,45.0,45.0,1.0,4.0,4.0,80.0,245.0,1.0,0.0,8.0,0.0,252.0,168.0,8.0,0.0,0.0,85.0,122.0,5.0,145.0,1842.0,3.0,6.0,1.0,12.0,0.0,0.0,0.0,0.0,0.0,0.0,0.0,0.0,0.0,0.0,0.0,0.0,8.0,44.0,0.0,0.0,0.0,0.0,0.0,0.0,0.0,2.0,32.0,0.0,8.0,0.0,0.0,0.0,0.0,0.0,0.0,0.0,0.0,0.0,0.0,0.0,655761.0,0.0,340444200.0,34044204.0,2.02,129.0,0.0,2000.0,65.0,0.0,0.0,0.0,0.0,0.0,0.0,0.0,1.0,0.0,0.0,0.0,0.0,0.0,0.0,0.0,0.0,0.0,0.0,0.0,0.0,0.0,0.0,0.0,0.0,0.0,0.0,0.0,0.0,0.0,1.0,0.0,0.0,0.0,0.0,0.0,0.0,0.0,0.0,0.0,0.0,0.0,0.0,0.0,0.0,0.0,0.0,0.0,0.0,0.0,0.0,0.0,0.0,0.0,0.0,0.0,0.0,0.0,0.0,0.0,0.0,0.0,0.0,0.0,0.0,0.0,0.0,0.0,0.0,0.0,0.0,0.0,0.0,0.0,0.0,0.0,0.0,0.0,0.0,0.0,0.0,1.0,1.0,0.0,0.0,4500.0,0.0,0.0,0.0,0.0,0.0,0.0,
319,0.0,0.0,0.0,0.0,0.0,0.0,3.0,1.0,1.0,1.0,3.0,1.0,1.0,1.0,4.0,1275.0,3408964.0,131072.0,0.0,2.0,1537.0,1409.0,5.0,513.0,255.0,0.0,0.0,0.0,5.0,769.0,255.0,0.0,0.0,0.0,5.0,1025.0,255.0,0.0,0.0,0.0,5.0,1281.0,254.0,0.0,0.0,0.0,2.0,1644167432.0,1644167688.0,4.0,1678835984.0,1678836240.0,1678836496.0,1678836752.0,4.0,1678837008.0,1678837264.0,1678837520.0,1678837776.0,1.0,537198856.0,5.0,417.0,254.0,0.0,0.0,0.0,5.0,449.0,254.0,0.0,0.0,0.0,5.0,481.0,254.0,0.0,0.0,0.0,5.0,673.0,254.0,0.0,0.0,0.0,5.0,705.0,254.0,0.0,0.0,0.0,5.0,737.0,254.0,0.0,0.0,0.0,5.0,929.0,254.0,0.0,0.0,0.0,4.0,1342177544.0,1342177800.0,1342178056.0,1342178312.0,8.0,1342243080.0,1342243336.0,1342243592.0,1342243848.0,1342244104.0,1342244360.0,1342244616.0,1342244872.0,4.0,1342308624.0,1342308880.0,1342309136.0,1342309392.0,4.0,1342374160.0,1342374416.0,1342374672.0,1342374928.0,4.0,1342375184.0,1342375440.0,1342375696.0,1342375952.0,4.0,1342376208.0,1342376464.0,1342376720.0,1342376976.0,8.0,1342439688.0,1342439944.0,1342440200.0,1342440456.0,1342440712.0,1342440968.0,1342441224.0,1342441480.0,4.0,0.0,0.0,0.0,0.0,8.0,17.0,17.0,17.0,1.0,1.0,1.0,1.0,1.0,16.0,100.0,100.0,100.0,100.0,100.0,100.0,100.0,100.0,100.0,100.0,100.0,100.0,100.0,100.0,100.0,100.0,2.0,45.0,45.0,1.0,4.0,4.0,80.0,245.0,1.0,0.0,8.0,0.0,252.0,168.0,8.0,0.0,0.0,85.0,122.0,5.0,145.0,1842.0,3.0,6.0,1.0,12.0,0.0,0.0,0.0,0.0,0.0,0.0,0.0,0.0,0.0,0.0,0.0,0.0,8.0,44.0,0.0,0.0,0.0,0.0,0.0,0.0,0.0,2.0,0.0,0.0,8.0,0.0,0.0,0.0,0.0,0.0,0.0,0.0,0.0,0.0,0.0,0.0,655761.0,0.0,340444200.0,34044204.0,2.02,129.0,0.0,2000.0,65.0,0.0,0.0,0.0,0.0,0.0,0.0,0.0,1.0,0.0,0.0,0.0,0.0,0.0,0.0,0.0,0.0,0.0,0.0,0.0,0.0,0.0,0.0,0.0,0.0,0.0,0.0,0.0,0.0,0.0,0.0,0.0,0.0,0.0,0.0,0.0,0.0,0.0,0.0,0.0,0.0,0.0,0.0,0.0,0.0,0.0,0.0,0.0,0.0,0.0,0.0,0.0,0.0,0.0,0.0,0.0,0.0,0.0,0.0,0.0,0.0,0.0,0.0,0.0,0.0,0.0,0.0,0.0,0.0,0.0,0.0,0.0,0.0,0.0,0.0,0.0,0.0,0.0,0.0,0.0,0.0,1.0,1.0,0.0,0.0,4500.0,0.0,0.0,0.0,0.0,0.0,0.0,
321,0.0,0.0,0.0,0.0,0.0,0.0,3.0,1.0,1.0,1.0,3.0,1.0,1.0,1.0,4.0,1275.0,3408964.0,131072.0,0.0,2.0,1537.0,1409.0,5.0,513.0,255.0,0.0,0.0,0.0,5.0,769.0,255.0,0.0,0.0,0.0,5.0,1025.0,255.0,0.0,0.0,0.0,5.0,1281.0,254.0,0.0,0.0,0.0,2.0,1644167432.0,1644167688.0,4.0,1678835984.0,1678836240.0,1678836496.0,1678836752.0,4.0,1678837008.0,1678837264.0,1678837520.0,1678837776.0,1.0,537198856.0,5.0,417.0,254.0,0.0,0.0,0.0,5.0,449.0,254.0,0.0,0.0,0.0,5.0,481.0,254.0,0.0,0.0,0.0,5.0,673.0,254.0,0.0,0.0,0.0,5.0,705.0,254.0,0.0,0.0,0.0,5.0,737.0,254.0,0.0,0.0,0.0,5.0,929.0,254.0,0.0,0.0,0.0,4.0,1342177544.0,1342177800.0,1342178056.0,1342178312.0,8.0,1342243080.0,1342243336.0,1342243592.0,1342243848.0,1342244104.0,1342244360.0,1342244616.0,1342244872.0,4.0,1342308624.0,1342308880.0,1342309136.0,1342309392.0,4.0,1342374160.0,1342374416.0,1342374672.0,1342374928.0,4.0,1342375184.0,1342375440.0,1342375696.0,1342375952.0,4.0,1342376208.0,1342376464.0,1342376720.0,1342376976.0,8.0,1342439688.0,1342439944.0,1342440200.0,1342440456.0,1342440712.0,1342440968.0,1342441224.0,1342441480.0,4.0,0.0,0.0,0.0,0.0,8.0,17.0,17.0,17.0,1.0,1.0,1.0,1.0,1.0,16.0,100.0,100.0,100.0,100.0,100.0,100.0,100.0,100.0,100.0,100.0,100.0,100.0,100.0,100.0,100.0,100.0,2.0,45.0,45.0,1.0,4.0,4.0,80.0,245.0,1.0,0.0,8.0,0.0,252.0,168.0,8.0,0.0,0.0,85.0,122.0,5.0,145.0,1842.0,3.0,6.0,1.0,12.0,0.0,0.0,0.0,0.0,0.0,0.0,0.0,0.0,0.0,0.0,0.0,0.0,8.0,44.0,0.0,0.0,0.0,0.0,0.0,0.0,0.0,2.0,0.0,0.0,8.0,0.0,0.0,0.0,0.0,0.0,0.0,0.0,0.0,0.0,0.0,0.0,655761.0,0.0,340444200.0,34044204.0,2.02,129.0,0.0,2000.0,65.0,0.0,0.0,0.0,0.0,0.0,0.0,0.0,1.0,0.0,0.0,0.0,0.0,0.0,0.0,0.0,0.0,0.0,0.0,0.0,0.0,0.0,0.0,0.0,0.0,0.0,0.0,0.0,0.0,0.0,0.0,0.0,0.0,0.0,0.0,0.0,0.0,0.0,0.0,0.0,0.0,0.0,0.0,0.0,0.0,0.0,0.0,0.0,0.0,0.0,0.0,0.0,0.0,0.0,0.0,0.0,0.0,0.0,0.0,0.0,0.0,0.0,0.0,0.0,0.0,0.0,0.0,0.0,0.0,0.0,0.0,0.0,0.0,0.0,0.0,0.0,0.0,0.0,0.0,0.0,0.0,1.0,1.0,0.0,0.0,0.0,0.0,0.0,0.0,0.0,0.0,0.0,
329,0.0,0.0,0.0,0.0,0.0,0.0,3.0,1.0,1.0,1.0,3.0,1.0,1.0,1.0,4.0,1275.0,3408964.0,131072.0,0.0,2.0,1537.0,1409.0,5.0,513.0,255.0,0.0,0.0,0.0,5.0,769.0,255.0,0.0,0.0,0.0,5.0,1025.0,255.0,0.0,0.0,0.0,5.0,1281.0,254.0,0.0,0.0,0.0,2.0,1644167432.0,1644167688.0,4.0,1678835984.0,1678836240.0,1678836496.0,1678836752.0,4.0,1678837008.0,1678837264.0,1678837520.0,1678837776.0,1.0,537198856.0,5.0,417.0,254.0,0.0,0.0,0.0,5.0,449.0,254.0,0.0,0.0,0.0,5.0,481.0,254.0,0.0,0.0,0.0,5.0,673.0,254.0,0.0,0.0,0.0,5.0,705.0,254.0,0.0,0.0,0.0,5.0,737.0,254.0,0.0,0.0,0.0,5.0,929.0,254.0,0.0,0.0,0.0,4.0,1342177544.0,1342177800.0,1342178056.0,1342178312.0,8.0,1342243080.0,1342243336.0,1342243592.0,1342243848.0,1342244104.0,1342244360.0,1342244616.0,1342244872.0,4.0,1342308624.0,1342308880.0,1342309136.0,1342309392.0,4.0,1342374160.0,1342374416.0,1342374672.0,1342374928.0,4.0,1342375184.0,1342375440.0,1342375696.0,1342375952.0,4.0,1342376208.0,1342376464.0,1342376720.0,1342376976.0,8.0,1342439688.0,1342439944.0,1342440200.0,1342440456.0,1342440712.0,1342440968.0,1342441224.0,1342441480.0,4.0,0.0,0.0,0.0,0.0,8.0,17.0,17.0,17.0,17.0,1.0,1.0,1.0,1.0,16.0,100.0,100.0,100.0,100.0,100.0,100.0,100.0,100.0,100.0,100.0,100.0,100.0,100.0,100.0,100.0,100.0,2.0,45.0,45.0,1.0,0.0,4.0,80.0,245.0,1.0,0.0,8.0,0.0,252.0,168.0,24.0,0.0,0.0,85.0,122.0,5.0,145.0,1842.0,3.0,6.0,1.0,12.0,0.0,0.0,0.0,0.0,0.0,0.0,0.0,0.0,0.0,0.0,0.0,0.0,8.0,44.0,0.0,0.0,0.0,0.0,0.0,0.0,0.0,2.0,64.0,0.0,8.0,0.0,0.0,0.0,0.0,0.0,0.0,0.0,0.0,0.0,0.0,0.0,655761.0,0.0,340444200.0,34044204.0,2.02,129.0,0.0,2000.0,65.0,0.0,0.0,0.0,0.0,0.0,0.0,0.0,1.0,0.0,0.0,0.0,0.0,0.0,0.0,0.0,0.0,0.0,0.0,0.0,0.0,0.0,0.0,0.0,0.0,0.0,0.0,0.0,0.0,0.0,0.0,1.0,0.0,0.0,0.0,0.0,0.0,0.0,0.0,0.0,0.0,0.0,0.0,0.0,0.0,0.0,0.0,0.0,0.0,0.0,0.0,0.0,0.0,0.0,0.0,0.0,0.0,0.0,0.0,0.0,0.0,0.0,0.0,0.0,0.0,0.0,0.0,0.0,0.0,0.0,0.0,0.0,0.0,14.415,0.0,0.0,0.0,0.0,0.0,0.0,0.0,1.0,1.0,0.0,0.0,0.0,0.0,0.0,0.0,0.0,0.0,0.0,
330,0.0,0.0,0.0,0.0,0.0,0.0,3.0,1.0,1.0,1.0,3.0,1.0,1.0,1.0,4.0,1275.0,3408964.0,131072.0,0.0,2.0,1537.0,1409.0,5.0,513.0,255.0,0.0,0.0,0.0,5.0,769.0,255.0,0.0,0.0,0.0,5.0,1025.0,255.0,0.0,0.0,0.0,5.0,1281.0,254.0,0.0,0.0,0.0,2.0,1644167432.0,1644167688.0,4.0,1678835984.0,1678836240.0,1678836496.0,1678836752.0,4.0,1678837008.0,1678837264.0,1678837520.0,1678837776.0,1.0,537198856.0,5.0,417.0,254.0,0.0,0.0,0.0,5.0,449.0,254.0,0.0,0.0,0.0,5.0,481.0,254.0,0.0,0.0,0.0,5.0,673.0,254.0,0.0,0.0,0.0,5.0,705.0,254.0,0.0,0.0,0.0,5.0,737.0,254.0,0.0,0.0,0.0,5.0,929.0,254.0,0.0,0.0,0.0,4.0,1342177544.0,1342177800.0,1342178056.0,1342178312.0,8.0,1342243080.0,1342243336.0,1342243592.0,1342243848.0,1342244104.0,1342244360.0,1342244616.0,1342244872.0,4.0,1342308624.0,1342308880.0,1342309136.0,1342309392.0,4.0,1342374160.0,1342374416.0,1342374672.0,1342374928.0,4.0,1342375184.0,1342375440.0,1342375696.0,1342375952.0,4.0,1342376208.0,1342376464.0,1342376720.0,1342376976.0,8.0,1342439688.0,1342439944.0,1342440200.0,1342440456.0,1342440712.0,1342440968.0,1342441224.0,1342441480.0,4.0,0.0,0.0,0.0,0.0,8.0,17.0,17.0,17.0,17.0,1.0,1.0,1.0,1.0,16.0,100.0,100.0,100.0,100.0,100.0,100.0,100.0,100.0,100.0,100.0,100.0,100.0,100.0,100.0,100.0,100.0,2.0,45.0,45.0,1.0,0.0,4.0,80.0,245.0,1.0,0.0,8.0,0.0,252.0,168.0,24.0,0.0,0.0,85.0,122.0,5.0,145.0,1842.0,3.0,6.0,1.0,12.0,0.0,0.0,0.0,0.0,0.0,0.0,0.0,0.0,0.0,0.0,0.0,0.0,8.0,44.0,0.0,0.0,0.0,0.0,0.0,0.0,0.0,2.0,64.0,0.0,8.0,0.0,0.0,0.0,0.0,0.0,0.0,0.0,0.0,0.0,0.0,0.0,655761.0,0.0,340444200.0,34044204.0,2.02,129.0,0.0,2000.0,65.0,0.0,0.0,0.0,0.0,0.0,0.0,0.0,1.0,0.0,0.0,0.0,0.0,0.0,0.0,0.0,0.0,0.0,0.0,0.0,0.0,0.0,0.0,0.0,0.0,0.0,0.0,0.0,0.0,0.0,0.0,1.0,0.0,0.0,0.0,0.0,0.0,0.0,0.0,0.0,0.0,0.0,0.0,0.0,0.0,0.0,0.0,0.0,0.0,0.0,0.0,0.0,0.0,0.0,0.0,0.0,0.0,0.0,0.0,0.0,0.0,0.0,0.0,0.0,0.0,0.0,0.0,0.0,0.0,0.0,0.0,0.0,0.0,14.414,0.0,0.0,0.0,0.0,0.0,0.0,0.0,1.0,1.0,0.0,0.0,0.0,0.0,0.0,0.0,0.0,0.0,0.0,
331,0.0,0.0,0.0,0.0,0.0,0.0,3.0,1.0,1.0,1.0,3.0,1.0,1.0,1.0,4.0,1275.0,3408964.0,131072.0,0.0,2.0,1537.0,1409.0,5.0,513.0,255.0,0.0,0.0,0.0,5.0,769.0,255.0,0.0,0.0,0.0,5.0,1025.0,255.0,0.0,0.0,0.0,5.0,1281.0,254.0,0.0,0.0,0.0,2.0,1644167432.0,1644167688.0,4.0,1678835984.0,1678836240.0,1678836496.0,1678836752.0,4.0,1678837008.0,1678837264.0,1678837520.0,1678837776.0,1.0,537198856.0,5.0,417.0,254.0,0.0,0.0,0.0,5.0,449.0,254.0,0.0,0.0,0.0,5.0,481.0,254.0,0.0,0.0,0.0,5.0,673.0,254.0,0.0,0.0,0.0,5.0,705.0,254.0,0.0,0.0,0.0,5.0,737.0,254.0,0.0,0.0,0.0,5.0,929.0,254.0,0.0,0.0,0.0,4.0,1342177544.0,1342177800.0,1342178056.0,1342178312.0,8.0,1342243080.0,1342243336.0,1342243592.0,1342243848.0,1342244104.0,1342244360.0,1342244616.0,1342244872.0,4.0,1342308624.0,1342308880.0,1342309136.0,1342309392.0,4.0,1342374160.0,1342374416.0,1342374672.0,1342374928.0,4.0,1342375184.0,1342375440.0,1342375696.0,1342375952.0,4.0,1342376208.0,1342376464.0,1342376720.0,1342376976.0,8.0,1342439688.0,1342439944.0,1342440200.0,1342440456.0,1342440712.0,1342440968.0,1342441224.0,1342441480.0,4.0,0.0,0.0,0.0,0.0,8.0,17.0,17.0,17.0,17.0,1.0,1.0,1.0,1.0,16.0,100.0,100.0,100.0,100.0,100.0,100.0,100.0,100.0,100.0,100.0,100.0,100.0,100.0,100.0,100.0,100.0,2.0,45.0,45.0,1.0,0.0,4.0,80.0,245.0,1.0,0.0,8.0,0.0,252.0,168.0,24.0,0.0,0.0,85.0,122.0,5.0,145.0,1842.0,3.0,6.0,1.0,12.0,0.0,0.0,0.0,0.0,0.0,0.0,0.0,0.0,0.0,0.0,0.0,0.0,8.0,44.0,0.0,0.0,0.0,0.0,0.0,0.0,0.0,2.0,64.0,0.0,8.0,0.0,0.0,0.0,0.0,0.0,0.0,0.0,0.0,0.0,0.0,0.0,655761.0,0.0,340444200.0,34044204.0,2.02,129.0,0.0,2000.0,65.0,0.0,0.0,0.0,0.0,0.0,0.0,0.0,1.0,0.0,0.0,0.0,0.0,0.0,0.0,0.0,0.0,0.0,0.0,0.0,0.0,0.0,0.0,0.0,0.0,0.0,0.0,0.0,0.0,0.0,0.0,1.0,0.0,0.0,0.0,0.0,0.0,0.0,0.0,0.0,0.0,0.0,0.0,0.0,0.0,0.0,0.0,0.0,0.0,0.0,0.0,0.0,0.0,0.0,0.0,0.0,0.0,0.0,0.0,0.0,0.0,0.0,0.0,0.0,0.0,0.0,0.0,0.0,0.0,0.0,0.0,0.0,0.0,14.414,0.0,0.0,0.0,0.0,0.0,0.0,0.0,1.0,1.0,0.0,0.0,0.0,0.0,0.0,0.0,0.0,0.0,0.0,
336,0.0,0.0,0.0,0.0,0.0,0.0,3.0,1.0,1.0,1.0,3.0,1.0,1.0,1.0,4.0,1275.0,3408964.0,131072.0,0.0,2.0,1537.0,1409.0,5.0,513.0,255.0,0.0,0.0,0.0,5.0,769.0,255.0,0.0,0.0,0.0,5.0,1025.0,255.0,0.0,0.0,0.0,5.0,1281.0,254.0,0.0,0.0,0.0,2.0,1644167432.0,1644167688.0,4.0,1678835984.0,1678836240.0,1678836496.0,1678836752.0,4.0,1678837008.0,1678837264.0,1678837520.0,1678837776.0,1.0,537198856.0,5.0,417.0,254.0,0.0,0.0,0.0,5.0,449.0,254.0,0.0,0.0,0.0,5.0,481.0,254.0,0.0,0.0,0.0,5.0,673.0,254.0,0.0,0.0,0.0,5.0,705.0,254.0,0.0,0.0,0.0,5.0,737.0,254.0,0.0,0.0,0.0,5.0,929.0,254.0,0.0,0.0,0.0,4.0,1342177544.0,1342177800.0,1342178056.0,1342178312.0,8.0,1342243080.0,1342243336.0,1342243592.0,1342243848.0,1342244104.0,1342244360.0,1342244616.0,1342244872.0,4.0,1342308624.0,1342308880.0,1342309136.0,1342309392.0,4.0,1342374160.0,1342374416.0,1342374672.0,1342374928.0,4.0,1342375184.0,1342375440.0,1342375696.0,1342375952.0,4.0,1342376208.0,1342376464.0,1342376720.0,1342376976.0,8.0,1342439688.0,1342439944.0,1342440200.0,1342440456.0,1342440712.0,1342440968.0,1342441224.0,1342441480.0,4.0,0.0,0.0,0.0,0.0,8.0,17.0,17.0,17.0,17.0,1.0,1.0,1.0,1.0,16.0,100.0,100.0,100.0,100.0,100.0,100.0,100.0,100.0,100.0,100.0,100.0,100.0,100.0,100.0,100.0,100.0,2.0,45.0,45.0,1.0,0.0,4.0,80.0,245.0,1.0,0.0,8.0,0.0,252.0,168.0,24.0,0.0,0.0,85.0,122.0,5.0,144.0,1837.0,3.0,6.0,1.0,12.0,0.0,0.0,0.0,497.0,0.0,0.0,0.0,0.0,0.0,0.0,0.0,0.0,8.0,44.0,0.0,0.0,0.0,0.0,0.0,0.0,0.0,2.0,64.0,0.0,8.0,0.0,0.0,0.0,0.0,0.0,0.0,0.0,0.0,0.0,0.0,0.0,655761.0,0.0,340444200.0,34044204.0,2.02,129.0,0.0,2000.0,65.0,0.0,0.0,0.0,0.0,0.0,0.0,0.0,1.0,0.0,0.0,0.0,0.0,0.0,0.0,0.0,0.0,0.0,0.0,0.0,0.0,0.0,0.0,0.0,0.0,0.0,0.0,0.0,0.0,0.0,0.0,1.0,0.0,0.0,0.0,0.0,0.0,0.0,0.0,0.0,0.0,0.0,0.0,0.0,0.0,0.0,0.0,0.0,0.0,0.0,0.0,0.0,0.0,0.0,0.0,0.0,0.0,0.0,0.0,0.0,0.0,0.0,0.0,0.0,0.0,0.0,0.0,0.0,0.0,0.0,0.0,0.0,0.0,13.728,0.499,0.0,0.0,0.0,0.0,0.0,0.0,1.0,1.0,0.0,0.0,500.0,0.0,0.0,0.0,0.0,0.0,0.0,
337,0.0,0.0,0.0,0.0,0.0,0.0,3.0,1.0,1.0,1.0,3.0,1.0,1.0,1.0,4.0,1275.0,3408964.0,131072.0,0.0,2.0,1537.0,1409.0,5.0,513.0,255.0,0.0,0.0,0.0,5.0,769.0,255.0,0.0,0.0,0.0,5.0,1025.0,255.0,0.0,0.0,0.0,5.0,1281.0,254.0,0.0,0.0,0.0,2.0,1644167432.0,1644167688.0,4.0,1678835984.0,1678836240.0,1678836496.0,1678836752.0,4.0,1678837008.0,1678837264.0,1678837520.0,1678837776.0,1.0,537198856.0,5.0,417.0,254.0,0.0,0.0,0.0,5.0,449.0,254.0,0.0,0.0,0.0,5.0,481.0,254.0,0.0,0.0,0.0,5.0,673.0,254.0,0.0,0.0,0.0,5.0,705.0,254.0,0.0,0.0,0.0,5.0,737.0,254.0,0.0,0.0,0.0,5.0,929.0,254.0,0.0,0.0,0.0,4.0,1342177544.0,1342177800.0,1342178056.0,1342178312.0,8.0,1342243080.0,1342243336.0,1342243592.0,1342243848.0,1342244104.0,1342244360.0,1342244616.0,1342244872.0,4.0,1342308624.0,1342308880.0,1342309136.0,1342309392.0,4.0,1342374160.0,1342374416.0,1342374672.0,1342374928.0,4.0,1342375184.0,1342375440.0,1342375696.0,1342375952.0,4.0,1342376208.0,1342376464.0,1342376720.0,1342376976.0,8.0,1342439688.0,1342439944.0,1342440200.0,1342440456.0,1342440712.0,1342440968.0,1342441224.0,1342441480.0,4.0,0.0,0.0,0.0,0.0,8.0,17.0,17.0,17.0,17.0,1.0,1.0,1.0,1.0,16.0,100.0,100.0,100.0,100.0,100.0,100.0,100.0,100.0,100.0,100.0,100.0,100.0,100.0,100.0,100.0,100.0,2.0,45.0,45.0,1.0,0.0,4.0,80.0,245.0,1.0,0.0,8.0,0.0,252.0,168.0,24.0,0.0,0.0,85.0,122.0,5.0,144.0,1842.0,3.0,6.0,1.0,12.0,0.0,0.0,0.0,497.0,0.0,0.0,0.0,0.0,0.0,0.0,0.0,0.0,8.0,44.0,0.0,0.0,0.0,0.0,0.0,0.0,0.0,2.0,64.0,0.0,8.0,0.0,0.0,0.0,0.0,0.0,0.0,0.0,0.0,0.0,0.0,0.0,655761.0,0.0,340444200.0,34044204.0,2.02,129.0,0.0,2000.0,65.0,0.0,0.0,0.0,0.0,0.0,0.0,0.0,1.0,0.0,0.0,0.0,0.0,0.0,0.0,0.0,0.0,0.0,0.0,0.0,0.0,0.0,0.0,0.0,0.0,0.0,0.0,0.0,0.0,0.0,0.0,1.0,0.0,0.0,0.0,0.0,0.0,0.0,0.0,0.0,0.0,0.0,0.0,0.0,0.0,0.0,0.0,0.0,0.0,0.0,0.0,0.0,0.0,0.0,0.0,0.0,0.0,0.0,0.0,0.0,0.0,0.0,0.0,0.0,0.0,0.0,0.0,0.0,0.0,0.0,0.0,0.0,0.0,13.729,0.499,0.0,0.0,0.0,0.0,0.0,0.0,1.0,1.0,0.0,0.0,500.0,0.0,0.0,0.0,0.0,0.0,0.0,
338,0.0,0.0,0.0,0.0,0.0,0.0,3.0,1.0,1.0,1.0,3.0,1.0,1.0,1.0,4.0,1275.0,3408964.0,131072.0,0.0,2.0,1537.0,1409.0,5.0,513.0,255.0,0.0,0.0,0.0,5.0,769.0,255.0,0.0,0.0,0.0,5.0,1025.0,255.0,0.0,0.0,0.0,5.0,1281.0,254.0,0.0,0.0,0.0,2.0,1644167432.0,1644167688.0,4.0,1678835984.0,1678836240.0,1678836496.0,1678836752.0,4.0,1678837008.0,1678837264.0,1678837520.0,1678837776.0,1.0,537198856.0,5.0,417.0,254.0,0.0,0.0,0.0,5.0,449.0,254.0,0.0,0.0,0.0,5.0,481.0,254.0,0.0,0.0,0.0,5.0,673.0,254.0,0.0,0.0,0.0,5.0,705.0,254.0,0.0,0.0,0.0,5.0,737.0,254.0,0.0,0.0,0.0,5.0,929.0,254.0,0.0,0.0,0.0,4.0,1342177544.0,1342177800.0,1342178056.0,1342178312.0,8.0,1342243080.0,1342243336.0,1342243592.0,1342243848.0,1342244104.0,1342244360.0,1342244616.0,1342244872.0,4.0,1342308624.0,1342308880.0,1342309136.0,1342309392.0,4.0,1342374160.0,1342374416.0,1342374672.0,1342374928.0,4.0,1342375184.0,1342375440.0,1342375696.0,1342375952.0,4.0,1342376208.0,1342376464.0,1342376720.0,1342376976.0,8.0,1342439688.0,1342439944.0,1342440200.0,1342440456.0,1342440712.0,1342440968.0,1342441224.0,1342441480.0,4.0,0.0,0.0,0.0,0.0,8.0,17.0,17.0,17.0,17.0,1.0,1.0,1.0,1.0,16.0,100.0,100.0,100.0,100.0,100.0,100.0,100.0,100.0,100.0,100.0,100.0,100.0,100.0,100.0,100.0,100.0,2.0,45.0,45.0,1.0,0.0,4.0,80.0,245.0,1.0,0.0,8.0,0.0,252.0,168.0,24.0,0.0,0.0,85.0,122.0,5.0,144.0,1842.0,3.0,6.0,1.0,12.0,0.0,0.0,0.0,497.0,0.0,0.0,0.0,0.0,0.0,0.0,0.0,0.0,8.0,44.0,0.0,0.0,0.0,0.0,0.0,0.0,0.0,2.0,64.0,0.0,8.0,0.0,0.0,0.0,0.0,0.0,0.0,0.0,0.0,0.0,0.0,0.0,655761.0,0.0,340444200.0,34044204.0,2.02,129.0,0.0,2000.0,65.0,0.0,0.0,0.0,0.0,0.0,0.0,0.0,1.0,0.0,0.0,0.0,0.0,0.0,0.0,0.0,0.0,0.0,0.0,0.0,0.0,0.0,0.0,0.0,0.0,0.0,0.0,0.0,0.0,0.0,0.0,1.0,0.0,0.0,0.0,0.0,0.0,0.0,0.0,0.0,0.0,0.0,0.0,0.0,0.0,0.0,0.0,0.0,0.0,0.0,0.0,0.0,0.0,0.0,0.0,0.0,0.0,0.0,0.0,0.0,0.0,0.0,0.0,0.0,0.0,0.0,0.0,0.0,0.0,0.0,0.0,0.0,0.0,13.729,0.499,0.0,0.0,0.0,0.0,0.0,0.0,1.0,1.0,0.0,0.0,500.0,0.0,0.0,0.0,0.0,0.0,0.0,
343,0.0,0.0,0.0,0.0,0.0,0.0,3.0,1.0,1.0,1.0,3.0,1.0,1.0,1.0,4.0,1275.0,3408964.0,131072.0,0.0,2.0,1537.0,1409.0,5.0,513.0,255.0,0.0,0.0,0.0,5.0,769.0,255.0,0.0,0.0,0.0,5.0,1025.0,255.0,0.0,0.0,0.0,5.0,1281.0,254.0,0.0,0.0,0.0,2.0,1644167432.0,1644167688.0,4.0,1678835984.0,1678836240.0,1678836496.0,1678836752.0,4.0,1678837008.0,1678837264.0,1678837520.0,1678837776.0,1.0,537198856.0,5.0,417.0,254.0,0.0,0.0,0.0,5.0,449.0,254.0,0.0,0.0,0.0,5.0,481.0,254.0,0.0,0.0,0.0,5.0,673.0,254.0,0.0,0.0,0.0,5.0,705.0,254.0,0.0,0.0,0.0,5.0,737.0,254.0,0.0,0.0,0.0,5.0,929.0,254.0,0.0,0.0,0.0,4.0,1342177544.0,1342177800.0,1342178056.0,1342178312.0,8.0,1342243080.0,1342243336.0,1342243592.0,1342243848.0,1342244104.0,1342244360.0,1342244616.0,1342244872.0,4.0,1342308624.0,1342308880.0,1342309136.0,1342309392.0,4.0,1342374160.0,1342374416.0,1342374672.0,1342374928.0,4.0,1342375184.0,1342375440.0,1342375696.0,1342375952.0,4.0,1342376208.0,1342376464.0,1342376720.0,1342376976.0,8.0,1342439688.0,1342439944.0,1342440200.0,1342440456.0,1342440712.0,1342440968.0,1342441224.0,1342441480.0,4.0,0.0,0.0,0.0,0.0,8.0,17.0,17.0,17.0,17.0,1.0,1.0,1.0,1.0,16.0,100.0,100.0,100.0,100.0,100.0,100.0,100.0,100.0,100.0,100.0,100.0,100.0,100.0,100.0,100.0,100.0,2.0,45.0,45.0,1.0,0.0,4.0,80.0,245.0,1.0,0.0,8.0,0.0,252.0,168.0,24.0,0.0,0.0,85.0,122.0,5.0,144.0,1842.0,3.0,6.0,1.0,12.0,0.0,0.0,0.0,1023.0,0.0,0.0,0.0,0.0,0.0,0.0,0.0,0.0,8.0,44.0,0.0,0.0,0.0,0.0,0.0,0.0,0.0,2.0,64.0,0.0,8.0,0.0,0.0,0.0,0.0,0.0,0.0,0.0,0.0,0.0,0.0,0.0,655761.0,0.0,340444200.0,34044204.0,2.02,129.0,0.0,2000.0,65.0,0.0,0.0,0.0,0.0,0.0,0.0,0.0,1.0,0.0,0.0,0.0,0.0,0.0,0.0,0.0,0.0,0.0,0.0,0.0,0.0,0.0,0.0,0.0,0.0,0.0,0.0,0.0,0.0,0.0,0.0,1.0,0.0,0.0,0.0,0.0,0.0,0.0,0.0,0.0,0.0,0.0,0.0,0.0,0.0,0.0,0.0,0.0,0.0,0.0,0.0,0.0,0.0,0.0,0.0,0.0,0.0,0.0,0.0,0.0,0.0,0.0,0.0,0.0,0.0,0.0,0.0,0.0,0.0,0.0,0.0,0.0,0.0,13.07,0.999,0.0,0.0,0.0,0.0,0.0,0.0,1.0,1.0,0.0,0.0,1000.0,0.0,0.0,0.0,0.0,0.0,0.0,
344,0.0,0.0,0.0,0.0,0.0,0.0,3.0,1.0,1.0,1.0,3.0,1.0,1.0,1.0,4.0,1275.0,3408964.0,131072.0,0.0,2.0,1537.0,1409.0,5.0,513.0,255.0,0.0,0.0,0.0,5.0,769.0,255.0,0.0,0.0,0.0,5.0,1025.0,255.0,0.0,0.0,0.0,5.0,1281.0,254.0,0.0,0.0,0.0,2.0,1644167432.0,1644167688.0,4.0,1678835984.0,1678836240.0,1678836496.0,1678836752.0,4.0,1678837008.0,1678837264.0,1678837520.0,1678837776.0,1.0,537198856.0,5.0,417.0,254.0,0.0,0.0,0.0,5.0,449.0,254.0,0.0,0.0,0.0,5.0,481.0,254.0,0.0,0.0,0.0,5.0,673.0,254.0,0.0,0.0,0.0,5.0,705.0,254.0,0.0,0.0,0.0,5.0,737.0,254.0,0.0,0.0,0.0,5.0,929.0,254.0,0.0,0.0,0.0,4.0,1342177544.0,1342177800.0,1342178056.0,1342178312.0,8.0,1342243080.0,1342243336.0,1342243592.0,1342243848.0,1342244104.0,1342244360.0,1342244616.0,1342244872.0,4.0,1342308624.0,1342308880.0,1342309136.0,1342309392.0,4.0,1342374160.0,1342374416.0,1342374672.0,1342374928.0,4.0,1342375184.0,1342375440.0,1342375696.0,1342375952.0,4.0,1342376208.0,1342376464.0,1342376720.0,1342376976.0,8.0,1342439688.0,1342439944.0,1342440200.0,1342440456.0,1342440712.0,1342440968.0,1342441224.0,1342441480.0,4.0,0.0,0.0,0.0,0.0,8.0,17.0,17.0,17.0,17.0,1.0,1.0,1.0,1.0,16.0,100.0,100.0,100.0,100.0,100.0,100.0,100.0,100.0,100.0,100.0,100.0,100.0,100.0,100.0,100.0,100.0,2.0,45.0,45.0,1.0,0.0,4.0,80.0,245.0,1.0,0.0,8.0,0.0,252.0,168.0,24.0,0.0,0.0,85.0,122.0,5.0,144.0,1842.0,3.0,6.0,1.0,12.0,0.0,0.0,0.0,1023.0,0.0,0.0,0.0,0.0,0.0,0.0,0.0,0.0,8.0,44.0,0.0,0.0,0.0,0.0,0.0,0.0,0.0,2.0,64.0,0.0,8.0,0.0,0.0,0.0,0.0,0.0,0.0,0.0,0.0,0.0,0.0,0.0,655761.0,0.0,340444200.0,34044204.0,2.02,129.0,0.0,2000.0,65.0,0.0,0.0,0.0,0.0,0.0,0.0,0.0,1.0,0.0,0.0,0.0,0.0,0.0,0.0,0.0,0.0,0.0,0.0,0.0,0.0,0.0,0.0,0.0,0.0,0.0,0.0,0.0,0.0,0.0,0.0,1.0,0.0,0.0,0.0,0.0,0.0,0.0,0.0,0.0,0.0,0.0,0.0,0.0,0.0,0.0,0.0,0.0,0.0,0.0,0.0,0.0,0.0,0.0,0.0,0.0,0.0,0.0,0.0,0.0,0.0,0.0,0.0,0.0,0.0,0.0,0.0,0.0,0.0,0.0,0.0,0.0,0.0,13.069,0.999,0.0,0.0,0.0,0.0,0.0,0.0,1.0,1.0,0.0,0.0,1000.0,0.0,0.0,0.0,0.0,0.0,0.0,
345,0.0,0.0,0.0,0.0,0.0,0.0,3.0,1.0,1.0,1.0,3.0,1.0,1.0,1.0,4.0,1275.0,3408964.0,131072.0,0.0,2.0,1537.0,1409.0,5.0,513.0,255.0,0.0,0.0,0.0,5.0,769.0,255.0,0.0,0.0,0.0,5.0,1025.0,255.0,0.0,0.0,0.0,5.0,1281.0,254.0,0.0,0.0,0.0,2.0,1644167432.0,1644167688.0,4.0,1678835984.0,1678836240.0,1678836496.0,1678836752.0,4.0,1678837008.0,1678837264.0,1678837520.0,1678837776.0,1.0,537198856.0,5.0,417.0,254.0,0.0,0.0,0.0,5.0,449.0,254.0,0.0,0.0,0.0,5.0,481.0,254.0,0.0,0.0,0.0,5.0,673.0,254.0,0.0,0.0,0.0,5.0,705.0,254.0,0.0,0.0,0.0,5.0,737.0,254.0,0.0,0.0,0.0,5.0,929.0,254.0,0.0,0.0,0.0,4.0,1342177544.0,1342177800.0,1342178056.0,1342178312.0,8.0,1342243080.0,1342243336.0,1342243592.0,1342243848.0,1342244104.0,1342244360.0,1342244616.0,1342244872.0,4.0,1342308624.0,1342308880.0,1342309136.0,1342309392.0,4.0,1342374160.0,1342374416.0,1342374672.0,1342374928.0,4.0,1342375184.0,1342375440.0,1342375696.0,1342375952.0,4.0,1342376208.0,1342376464.0,1342376720.0,1342376976.0,8.0,1342439688.0,1342439944.0,1342440200.0,1342440456.0,1342440712.0,1342440968.0,1342441224.0,1342441480.0,4.0,0.0,0.0,0.0,0.0,8.0,17.0,17.0,17.0,17.0,1.0,1.0,1.0,1.0,16.0,100.0,100.0,100.0,100.0,100.0,100.0,100.0,100.0,100.0,100.0,100.0,100.0,100.0,100.0,100.0,100.0,2.0,45.0,45.0,1.0,0.0,4.0,80.0,245.0,1.0,0.0,8.0,0.0,252.0,168.0,24.0,0.0,0.0,85.0,122.0,5.0,144.0,1842.0,3.0,6.0,1.0,12.0,0.0,0.0,0.0,1023.0,0.0,0.0,0.0,0.0,0.0,0.0,0.0,0.0,8.0,44.0,0.0,0.0,0.0,0.0,0.0,0.0,0.0,2.0,64.0,0.0,8.0,0.0,0.0,0.0,0.0,0.0,0.0,0.0,0.0,0.0,0.0,0.0,655761.0,0.0,340444200.0,34044204.0,2.02,129.0,0.0,2000.0,65.0,0.0,0.0,0.0,0.0,0.0,0.0,0.0,1.0,0.0,0.0,0.0,0.0,0.0,0.0,0.0,0.0,0.0,0.0,0.0,0.0,0.0,0.0,0.0,0.0,0.0,0.0,0.0,0.0,0.0,0.0,1.0,0.0,0.0,0.0,0.0,0.0,0.0,0.0,0.0,0.0,0.0,0.0,0.0,0.0,0.0,0.0,0.0,0.0,0.0,0.0,0.0,0.0,0.0,0.0,0.0,0.0,0.0,0.0,0.0,0.0,0.0,0.0,0.0,0.0,0.0,0.0,0.0,0.0,0.0,0.0,0.0,0.0,13.069,0.999,0.0,0.0,0.0,0.0,0.0,0.0,1.0,1.0,0.0,0.0,1000.0,0.0,0.0,0.0,0.0,0.0,0.0,
350,0.0,0.0,0.0,0.0,0.0,0.0,3.0,1.0,1.0,1.0,3.0,1.0,1.0,1.0,4.0,1275.0,3408964.0,131072.0,0.0,2.0,1537.0,1409.0,5.0,513.0,255.0,0.0,0.0,0.0,5.0,769.0,255.0,0.0,0.0,0.0,5.0,1025.0,255.0,0.0,0.0,0.0,5.0,1281.0,254.0,0.0,0.0,0.0,2.0,1644167432.0,1644167688.0,4.0,1678835984.0,1678836240.0,1678836496.0,1678836752.0,4.0,1678837008.0,1678837264.0,1678837520.0,1678837776.0,1.0,537198856.0,5.0,417.0,254.0,0.0,0.0,0.0,5.0,449.0,254.0,0.0,0.0,0.0,5.0,481.0,254.0,0.0,0.0,0.0,5.0,673.0,254.0,0.0,0.0,0.0,5.0,705.0,254.0,0.0,0.0,0.0,5.0,737.0,254.0,0.0,0.0,0.0,5.0,929.0,254.0,0.0,0.0,0.0,4.0,1342177544.0,1342177800.0,1342178056.0,1342178312.0,8.0,1342243080.0,1342243336.0,1342243592.0,1342243848.0,1342244104.0,1342244360.0,1342244616.0,1342244872.0,4.0,1342308624.0,1342308880.0,1342309136.0,1342309392.0,4.0,1342374160.0,1342374416.0,1342374672.0,1342374928.0,4.0,1342375184.0,1342375440.0,1342375696.0,1342375952.0,4.0,1342376208.0,1342376464.0,1342376720.0,1342376976.0,8.0,1342439688.0,1342439944.0,1342440200.0,1342440456.0,1342440712.0,1342440968.0,1342441224.0,1342441480.0,4.0,0.0,0.0,0.0,0.0,8.0,17.0,17.0,17.0,17.0,1.0,1.0,1.0,1.0,16.0,100.0,100.0,100.0,100.0,100.0,100.0,100.0,100.0,100.0,100.0,100.0,100.0,100.0,100.0,100.0,100.0,2.0,45.0,45.0,1.0,0.0,4.0,80.0,245.0,1.0,0.0,8.0,0.0,252.0,168.0,24.0,0.0,0.0,85.0,122.0,5.0,144.0,1842.0,3.0,6.0,1.0,12.0,0.0,0.0,0.0,1552.0,0.0,0.0,0.0,0.0,0.0,0.0,0.0,0.0,8.0,44.0,0.0,0.0,0.0,0.0,0.0,0.0,0.0,2.0,64.0,0.0,8.0,0.0,0.0,0.0,0.0,0.0,0.0,0.0,0.0,0.0,0.0,0.0,655761.0,0.0,340444200.0,34044204.0,2.02,129.0,0.0,2000.0,65.0,0.0,0.0,0.0,0.0,0.0,0.0,0.0,1.0,0.0,0.0,0.0,0.0,0.0,0.0,0.0,0.0,0.0,0.0,0.0,0.0,0.0,0.0,0.0,0.0,0.0,0.0,0.0,0.0,0.0,0.0,1.0,0.0,0.0,0.0,0.0,0.0,0.0,0.0,0.0,0.0,0.0,0.0,0.0,0.0,0.0,0.0,0.0,0.0,0.0,0.0,0.0,0.0,0.0,0.0,0.0,0.0,0.0,0.0,0.0,0.0,0.0,0.0,0.0,0.0,0.0,0.0,0.0,0.0,0.0,0.0,0.0,0.0,12.392,1.499,0.0,0.0,0.0,0.0,0.0,0.0,1.0,1.0,0.0,0.0,1500.0,0.0,0.0,0.0,0.0,0.0,0.0,
351,0.0,0.0,0.0,0.0,0.0,0.0,3.0,1.0,1.0,1.0,3.0,1.0,1.0,1.0,4.0,1275.0,3408964.0,131072.0,0.0,2.0,1537.0,1409.0,5.0,513.0,255.0,0.0,0.0,0.0,5.0,769.0,255.0,0.0,0.0,0.0,5.0,1025.0,255.0,0.0,0.0,0.0,5.0,1281.0,254.0,0.0,0.0,0.0,2.0,1644167432.0,1644167688.0,4.0,1678835984.0,1678836240.0,1678836496.0,1678836752.0,4.0,1678837008.0,1678837264.0,1678837520.0,1678837776.0,1.0,537198856.0,5.0,417.0,254.0,0.0,0.0,0.0,5.0,449.0,254.0,0.0,0.0,0.0,5.0,481.0,254.0,0.0,0.0,0.0,5.0,673.0,254.0,0.0,0.0,0.0,5.0,705.0,254.0,0.0,0.0,0.0,5.0,737.0,254.0,0.0,0.0,0.0,5.0,929.0,254.0,0.0,0.0,0.0,4.0,1342177544.0,1342177800.0,1342178056.0,1342178312.0,8.0,1342243080.0,1342243336.0,1342243592.0,1342243848.0,1342244104.0,1342244360.0,1342244616.0,1342244872.0,4.0,1342308624.0,1342308880.0,1342309136.0,1342309392.0,4.0,1342374160.0,1342374416.0,1342374672.0,1342374928.0,4.0,1342375184.0,1342375440.0,1342375696.0,1342375952.0,4.0,1342376208.0,1342376464.0,1342376720.0,1342376976.0,8.0,1342439688.0,1342439944.0,1342440200.0,1342440456.0,1342440712.0,1342440968.0,1342441224.0,1342441480.0,4.0,0.0,0.0,0.0,0.0,8.0,17.0,17.0,17.0,17.0,1.0,1.0,1.0,1.0,16.0,100.0,100.0,100.0,100.0,100.0,100.0,100.0,100.0,100.0,100.0,100.0,100.0,100.0,100.0,100.0,100.0,2.0,45.0,45.0,1.0,0.0,4.0,80.0,245.0,1.0,0.0,8.0,0.0,252.0,168.0,24.0,0.0,0.0,85.0,122.0,5.0,144.0,1842.0,3.0,6.0,1.0,12.0,0.0,0.0,0.0,1552.0,0.0,0.0,0.0,0.0,0.0,0.0,0.0,0.0,8.0,44.0,0.0,0.0,0.0,0.0,0.0,0.0,0.0,2.0,64.0,0.0,8.0,0.0,0.0,0.0,0.0,0.0,0.0,0.0,0.0,0.0,0.0,0.0,655761.0,0.0,340444200.0,34044204.0,2.02,129.0,0.0,2000.0,65.0,0.0,0.0,0.0,0.0,0.0,0.0,0.0,1.0,0.0,0.0,0.0,0.0,0.0,0.0,0.0,0.0,0.0,0.0,0.0,0.0,0.0,0.0,0.0,0.0,0.0,0.0,0.0,0.0,0.0,0.0,1.0,0.0,0.0,0.0,0.0,0.0,0.0,0.0,0.0,0.0,0.0,0.0,0.0,0.0,0.0,0.0,0.0,0.0,0.0,0.0,0.0,0.0,0.0,0.0,0.0,0.0,0.0,0.0,0.0,0.0,0.0,0.0,0.0,0.0,0.0,0.0,0.0,0.0,0.0,0.0,0.0,0.0,12.392,1.499,0.0,0.0,0.0,0.0,0.0,0.0,1.0,1.0,0.0,0.0,1500.0,0.0,0.0,0.0,0.0,0.0,0.0,
352,0.0,0.0,0.0,0.0,0.0,0.0,3.0,1.0,1.0,1.0,3.0,1.0,1.0,1.0,4.0,1275.0,3408964.0,131072.0,0.0,2.0,1537.0,1409.0,5.0,513.0,255.0,0.0,0.0,0.0,5.0,769.0,255.0,0.0,0.0,0.0,5.0,1025.0,255.0,0.0,0.0,0.0,5.0,1281.0,254.0,0.0,0.0,0.0,2.0,1644167432.0,1644167688.0,4.0,1678835984.0,1678836240.0,1678836496.0,1678836752.0,4.0,1678837008.0,1678837264.0,1678837520.0,1678837776.0,1.0,537198856.0,5.0,417.0,254.0,0.0,0.0,0.0,5.0,449.0,254.0,0.0,0.0,0.0,5.0,481.0,254.0,0.0,0.0,0.0,5.0,673.0,254.0,0.0,0.0,0.0,5.0,705.0,254.0,0.0,0.0,0.0,5.0,737.0,254.0,0.0,0.0,0.0,5.0,929.0,254.0,0.0,0.0,0.0,4.0,1342177544.0,1342177800.0,1342178056.0,1342178312.0,8.0,1342243080.0,1342243336.0,1342243592.0,1342243848.0,1342244104.0,1342244360.0,1342244616.0,1342244872.0,4.0,1342308624.0,1342308880.0,1342309136.0,1342309392.0,4.0,1342374160.0,1342374416.0,1342374672.0,1342374928.0,4.0,1342375184.0,1342375440.0,1342375696.0,1342375952.0,4.0,1342376208.0,1342376464.0,1342376720.0,1342376976.0,8.0,1342439688.0,1342439944.0,1342440200.0,1342440456.0,1342440712.0,1342440968.0,1342441224.0,1342441480.0,4.0,0.0,0.0,0.0,0.0,8.0,17.0,17.0,17.0,17.0,1.0,1.0,1.0,1.0,16.0,100.0,100.0,100.0,100.0,100.0,100.0,100.0,100.0,100.0,100.0,100.0,100.0,100.0,100.0,100.0,100.0,2.0,45.0,45.0,1.0,0.0,4.0,80.0,245.0,1.0,0.0,8.0,0.0,252.0,168.0,24.0,0.0,0.0,85.0,122.0,5.0,144.0,1842.0,3.0,6.0,1.0,12.0,0.0,0.0,0.0,1552.0,0.0,0.0,0.0,0.0,0.0,0.0,0.0,0.0,8.0,44.0,0.0,0.0,0.0,0.0,0.0,0.0,0.0,2.0,64.0,0.0,8.0,0.0,0.0,0.0,0.0,0.0,0.0,0.0,0.0,0.0,0.0,0.0,655761.0,0.0,340444200.0,34044204.0,2.02,129.0,0.0,2000.0,65.0,0.0,0.0,0.0,0.0,0.0,0.0,0.0,1.0,0.0,0.0,0.0,0.0,0.0,0.0,0.0,0.0,0.0,0.0,0.0,0.0,0.0,0.0,0.0,0.0,0.0,0.0,0.0,0.0,0.0,0.0,1.0,0.0,0.0,0.0,0.0,0.0,0.0,0.0,0.0,0.0,0.0,0.0,0.0,0.0,0.0,0.0,0.0,0.0,0.0,0.0,0.0,0.0,0.0,0.0,0.0,0.0,0.0,0.0,0.0,0.0,0.0,0.0,0.0,0.0,0.0,0.0,0.0,0.0,0.0,0.0,0.0,0.0,12.392,1.499,0.0,0.0,0.0,0.0,0.0,0.0,1.0,1.0,0.0,0.0,1500.0,0.0,0.0,0.0,0.0,0.0,0.0,
357,0.0,0.0,0.0,0.0,0.0,0.0,3.0,1.0,1.0,1.0,3.0,1.0,1.0,1.0,4.0,1275.0,3408964.0,131072.0,0.0,2.0,1537.0,1409.0,5.0,513.0,255.0,0.0,0.0,0.0,5.0,769.0,255.0,0.0,0.0,0.0,5.0,1025.0,255.0,0.0,0.0,0.0,5.0,1281.0,254.0,0.0,0.0,0.0,2.0,1644167432.0,1644167688.0,4.0,1678835984.0,1678836240.0,1678836496.0,1678836752.0,4.0,1678837008.0,1678837264.0,1678837520.0,1678837776.0,1.0,537198856.0,5.0,417.0,254.0,0.0,0.0,0.0,5.0,449.0,254.0,0.0,0.0,0.0,5.0,481.0,254.0,0.0,0.0,0.0,5.0,673.0,254.0,0.0,0.0,0.0,5.0,705.0,254.0,0.0,0.0,0.0,5.0,737.0,254.0,0.0,0.0,0.0,5.0,929.0,254.0,0.0,0.0,0.0,4.0,1342177544.0,1342177800.0,1342178056.0,1342178312.0,8.0,1342243080.0,1342243336.0,1342243592.0,1342243848.0,1342244104.0,1342244360.0,1342244616.0,1342244872.0,4.0,1342308624.0,1342308880.0,1342309136.0,1342309392.0,4.0,1342374160.0,1342374416.0,1342374672.0,1342374928.0,4.0,1342375184.0,1342375440.0,1342375696.0,1342375952.0,4.0,1342376208.0,1342376464.0,1342376720.0,1342376976.0,8.0,1342439688.0,1342439944.0,1342440200.0,1342440456.0,1342440712.0,1342440968.0,1342441224.0,1342441480.0,4.0,0.0,0.0,0.0,0.0,8.0,17.0,17.0,17.0,17.0,1.0,1.0,1.0,1.0,16.0,100.0,100.0,100.0,100.0,100.0,100.0,100.0,100.0,100.0,100.0,100.0,100.0,100.0,100.0,100.0,100.0,2.0,45.0,45.0,1.0,0.0,4.0,80.0,245.0,1.0,0.0,8.0,0.0,252.0,168.0,24.0,0.0,0.0,85.0,122.0,5.0,144.0,1842.0,3.0,6.0,1.0,12.0,0.0,0.0,0.0,2082.0,0.0,0.0,0.0,0.0,0.0,0.0,0.0,0.0,8.0,44.0,0.0,0.0,0.0,0.0,0.0,0.0,0.0,2.0,64.0,0.0,8.0,0.0,0.0,0.0,0.0,0.0,0.0,0.0,0.0,0.0,0.0,0.0,655761.0,0.0,340444200.0,34044204.0,2.02,129.0,0.0,2000.0,65.0,0.0,0.0,0.0,0.0,0.0,0.0,0.0,1.0,0.0,0.0,0.0,0.0,0.0,0.0,0.0,0.0,0.0,0.0,0.0,0.0,0.0,0.0,0.0,0.0,0.0,0.0,0.0,0.0,0.0,0.0,1.0,0.0,0.0,0.0,0.0,0.0,0.0,0.0,0.0,0.0,0.0,0.0,0.0,0.0,0.0,0.0,0.0,0.0,0.0,0.0,0.0,0.0,0.0,0.0,0.0,0.0,0.0,0.0,0.0,0.0,0.0,0.0,0.0,0.0,0.0,0.0,0.0,0.0,0.0,0.0,0.0,0.0,11.707,1.999,0.0,0.0,0.0,0.0,0.0,0.0,1.0,1.0,0.0,0.0,2000.0,0.0,0.0,0.0,0.0,0.0,0.0,
358,0.0,0.0,0.0,0.0,0.0,0.0,3.0,1.0,1.0,1.0,3.0,1.0,1.0,1.0,4.0,1275.0,3408964.0,131072.0,0.0,2.0,1537.0,1409.0,5.0,513.0,255.0,0.0,0.0,0.0,5.0,769.0,255.0,0.0,0.0,0.0,5.0,1025.0,255.0,0.0,0.0,0.0,5.0,1281.0,254.0,0.0,0.0,0.0,2.0,1644167432.0,1644167688.0,4.0,1678835984.0,1678836240.0,1678836496.0,1678836752.0,4.0,1678837008.0,1678837264.0,1678837520.0,1678837776.0,1.0,537198856.0,5.0,417.0,254.0,0.0,0.0,0.0,5.0,449.0,254.0,0.0,0.0,0.0,5.0,481.0,254.0,0.0,0.0,0.0,5.0,673.0,254.0,0.0,0.0,0.0,5.0,705.0,254.0,0.0,0.0,0.0,5.0,737.0,254.0,0.0,0.0,0.0,5.0,929.0,254.0,0.0,0.0,0.0,4.0,1342177544.0,1342177800.0,1342178056.0,1342178312.0,8.0,1342243080.0,1342243336.0,1342243592.0,1342243848.0,1342244104.0,1342244360.0,1342244616.0,1342244872.0,4.0,1342308624.0,1342308880.0,1342309136.0,1342309392.0,4.0,1342374160.0,1342374416.0,1342374672.0,1342374928.0,4.0,1342375184.0,1342375440.0,1342375696.0,1342375952.0,4.0,1342376208.0,1342376464.0,1342376720.0,1342376976.0,8.0,1342439688.0,1342439944.0,1342440200.0,1342440456.0,1342440712.0,1342440968.0,1342441224.0,1342441480.0,4.0,0.0,0.0,0.0,0.0,8.0,17.0,17.0,17.0,17.0,1.0,1.0,1.0,1.0,16.0,100.0,100.0,100.0,100.0,100.0,100.0,100.0,100.0,100.0,100.0,100.0,100.0,100.0,100.0,100.0,100.0,2.0,45.0,45.0,1.0,0.0,4.0,80.0,245.0,1.0,0.0,8.0,0.0,252.0,168.0,24.0,0.0,0.0,85.0,122.0,5.0,143.0,1842.0,3.0,6.0,1.0,12.0,0.0,0.0,0.0,2082.0,0.0,0.0,0.0,0.0,0.0,0.0,0.0,0.0,8.0,44.0,0.0,0.0,0.0,0.0,0.0,0.0,0.0,2.0,64.0,0.0,8.0,0.0,0.0,0.0,0.0,0.0,0.0,0.0,0.0,0.0,0.0,0.0,655761.0,0.0,340444200.0,34044204.0,2.02,129.0,0.0,2000.0,65.0,0.0,0.0,0.0,0.0,0.0,0.0,0.0,1.0,0.0,0.0,0.0,0.0,0.0,0.0,0.0,0.0,0.0,0.0,0.0,0.0,0.0,0.0,0.0,0.0,0.0,0.0,0.0,0.0,0.0,0.0,1.0,0.0,0.0,0.0,0.0,0.0,0.0,0.0,0.0,0.0,0.0,0.0,0.0,0.0,0.0,0.0,0.0,0.0,0.0,0.0,0.0,0.0,0.0,0.0,0.0,0.0,0.0,0.0,0.0,0.0,0.0,0.0,0.0,0.0,0.0,0.0,0.0,0.0,0.0,0.0,0.0,0.0,11.708,1.999,0.0,0.0,0.0,0.0,0.0,0.0,1.0,1.0,0.0,0.0,2000.0,0.0,0.0,0.0,0.0,0.0,0.0,
359,0.0,0.0,0.0,0.0,0.0,0.0,3.0,1.0,1.0,1.0,3.0,1.0,1.0,1.0,4.0,1275.0,3408964.0,131072.0,0.0,2.0,1537.0,1409.0,5.0,513.0,255.0,0.0,0.0,0.0,5.0,769.0,255.0,0.0,0.0,0.0,5.0,1025.0,255.0,0.0,0.0,0.0,5.0,1281.0,254.0,0.0,0.0,0.0,2.0,1644167432.0,1644167688.0,4.0,1678835984.0,1678836240.0,1678836496.0,1678836752.0,4.0,1678837008.0,1678837264.0,1678837520.0,1678837776.0,1.0,537198856.0,5.0,417.0,254.0,0.0,0.0,0.0,5.0,449.0,254.0,0.0,0.0,0.0,5.0,481.0,254.0,0.0,0.0,0.0,5.0,673.0,254.0,0.0,0.0,0.0,5.0,705.0,254.0,0.0,0.0,0.0,5.0,737.0,254.0,0.0,0.0,0.0,5.0,929.0,254.0,0.0,0.0,0.0,4.0,1342177544.0,1342177800.0,1342178056.0,1342178312.0,8.0,1342243080.0,1342243336.0,1342243592.0,1342243848.0,1342244104.0,1342244360.0,1342244616.0,1342244872.0,4.0,1342308624.0,1342308880.0,1342309136.0,1342309392.0,4.0,1342374160.0,1342374416.0,1342374672.0,1342374928.0,4.0,1342375184.0,1342375440.0,1342375696.0,1342375952.0,4.0,1342376208.0,1342376464.0,1342376720.0,1342376976.0,8.0,1342439688.0,1342439944.0,1342440200.0,1342440456.0,1342440712.0,1342440968.0,1342441224.0,1342441480.0,4.0,0.0,0.0,0.0,0.0,8.0,17.0,17.0,17.0,17.0,1.0,1.0,1.0,1.0,16.0,100.0,100.0,100.0,100.0,100.0,100.0,100.0,100.0,100.0,100.0,100.0,100.0,100.0,100.0,100.0,100.0,2.0,45.0,45.0,1.0,0.0,4.0,80.0,245.0,1.0,0.0,8.0,0.0,252.0,168.0,24.0,0.0,0.0,85.0,122.0,5.0,143.0,1842.0,3.0,6.0,1.0,12.0,0.0,0.0,0.0,2082.0,0.0,0.0,0.0,0.0,0.0,0.0,0.0,0.0,8.0,44.0,0.0,0.0,0.0,0.0,0.0,0.0,0.0,2.0,64.0,0.0,8.0,0.0,0.0,0.0,0.0,0.0,0.0,0.0,0.0,0.0,0.0,0.0,655761.0,0.0,340444200.0,34044204.0,2.02,129.0,0.0,2000.0,65.0,0.0,0.0,0.0,0.0,0.0,0.0,0.0,1.0,0.0,0.0,0.0,0.0,0.0,0.0,0.0,0.0,0.0,0.0,0.0,0.0,0.0,0.0,0.0,0.0,0.0,0.0,0.0,0.0,0.0,0.0,1.0,0.0,0.0,0.0,0.0,0.0,0.0,0.0,0.0,0.0,0.0,0.0,0.0,0.0,0.0,0.0,0.0,0.0,0.0,0.0,0.0,0.0,0.0,0.0,0.0,0.0,0.0,0.0,0.0,0.0,0.0,0.0,0.0,0.0,0.0,0.0,0.0,0.0,0.0,0.0,0.0,0.0,11.708,1.999,0.0,0.0,0.0,0.0,0.0,0.0,1.0,1.0,0.0,0.0,2000.0,0.0,0.0,0.0,0.0,0.0,0.0,
364,0.0,0.0,0.0,0.0,0.0,0.0,3.0,1.0,1.0,1.0,3.0,1.0,1.0,1.0,4.0,1275.0,3408964.0,131072.0,0.0,2.0,1537.0,1409.0,5.0,513.0,255.0,0.0,0.0,0.0,5.0,769.0,255.0,0.0,0.0,0.0,5.0,1025.0,255.0,0.0,0.0,0.0,5.0,1281.0,254.0,0.0,0.0,0.0,2.0,1644167432.0,1644167688.0,4.0,1678835984.0,1678836240.0,1678836496.0,1678836752.0,4.0,1678837008.0,1678837264.0,1678837520.0,1678837776.0,1.0,537198856.0,5.0,417.0,254.0,0.0,0.0,0.0,5.0,449.0,254.0,0.0,0.0,0.0,5.0,481.0,254.0,0.0,0.0,0.0,5.0,673.0,254.0,0.0,0.0,0.0,5.0,705.0,254.0,0.0,0.0,0.0,5.0,737.0,254.0,0.0,0.0,0.0,5.0,929.0,254.0,0.0,0.0,0.0,4.0,1342177544.0,1342177800.0,1342178056.0,1342178312.0,8.0,1342243080.0,1342243336.0,1342243592.0,1342243848.0,1342244104.0,1342244360.0,1342244616.0,1342244872.0,4.0,1342308624.0,1342308880.0,1342309136.0,1342309392.0,4.0,1342374160.0,1342374416.0,1342374672.0,1342374928.0,4.0,1342375184.0,1342375440.0,1342375696.0,1342375952.0,4.0,1342376208.0,1342376464.0,1342376720.0,1342376976.0,8.0,1342439688.0,1342439944.0,1342440200.0,1342440456.0,1342440712.0,1342440968.0,1342441224.0,1342441480.0,4.0,0.0,0.0,0.0,0.0,8.0,17.0,17.0,17.0,17.0,1.0,1.0,1.0,1.0,16.0,100.0,100.0,100.0,100.0,100.0,100.0,100.0,100.0,100.0,100.0,100.0,100.0,100.0,100.0,100.0,100.0,2.0,45.0,45.0,1.0,0.0,4.0,80.0,245.0,1.0,0.0,8.0,0.0,252.0,168.0,24.0,0.0,0.0,85.0,122.0,5.0,143.0,1842.0,3.0,6.0,1.0,12.0,0.0,0.0,0.0,2620.0,0.0,0.0,0.0,0.0,0.0,0.0,0.0,0.0,8.0,44.0,0.0,0.0,0.0,0.0,0.0,0.0,0.0,2.0,64.0,0.0,8.0,0.0,0.0,0.0,0.0,0.0,0.0,0.0,0.0,0.0,0.0,0.0,655761.0,0.0,340444200.0,34044204.0,2.02,129.0,0.0,2000.0,65.0,0.0,0.0,0.0,0.0,0.0,0.0,0.0,1.0,0.0,0.0,0.0,0.0,0.0,0.0,0.0,0.0,0.0,0.0,0.0,0.0,0.0,0.0,0.0,0.0,0.0,0.0,0.0,0.0,0.0,0.0,1.0,0.0,0.0,0.0,0.0,0.0,0.0,0.0,0.0,0.0,0.0,0.0,0.0,0.0,0.0,0.0,0.0,0.0,0.0,0.0,0.0,0.0,0.0,0.0,0.0,0.0,0.0,0.0,0.0,0.0,0.0,0.0,0.0,0.0,0.0,0.0,0.0,0.0,0.0,0.0,0.0,0.0,11.023,2.499,0.0,0.0,0.0,0.0,0.0,0.0,1.0,1.0,0.0,0.0,2500.0,0.0,0.0,0.0,0.0,0.0,0.0,
365,0.0,0.0,0.0,0.0,0.0,0.0,3.0,1.0,1.0,1.0,3.0,1.0,1.0,1.0,4.0,1275.0,3408964.0,131072.0,0.0,2.0,1537.0,1409.0,5.0,513.0,255.0,0.0,0.0,0.0,5.0,769.0,255.0,0.0,0.0,0.0,5.0,1025.0,255.0,0.0,0.0,0.0,5.0,1281.0,254.0,0.0,0.0,0.0,2.0,1644167432.0,1644167688.0,4.0,1678835984.0,1678836240.0,1678836496.0,1678836752.0,4.0,1678837008.0,1678837264.0,1678837520.0,1678837776.0,1.0,537198856.0,5.0,417.0,254.0,0.0,0.0,0.0,5.0,449.0,254.0,0.0,0.0,0.0,5.0,481.0,254.0,0.0,0.0,0.0,5.0,673.0,254.0,0.0,0.0,0.0,5.0,705.0,254.0,0.0,0.0,0.0,5.0,737.0,254.0,0.0,0.0,0.0,5.0,929.0,254.0,0.0,0.0,0.0,4.0,1342177544.0,1342177800.0,1342178056.0,1342178312.0,8.0,1342243080.0,1342243336.0,1342243592.0,1342243848.0,1342244104.0,1342244360.0,1342244616.0,1342244872.0,4.0,1342308624.0,1342308880.0,1342309136.0,1342309392.0,4.0,1342374160.0,1342374416.0,1342374672.0,1342374928.0,4.0,1342375184.0,1342375440.0,1342375696.0,1342375952.0,4.0,1342376208.0,1342376464.0,1342376720.0,1342376976.0,8.0,1342439688.0,1342439944.0,1342440200.0,1342440456.0,1342440712.0,1342440968.0,1342441224.0,1342441480.0,4.0,0.0,0.0,0.0,0.0,8.0,17.0,17.0,17.0,17.0,1.0,1.0,1.0,1.0,16.0,100.0,100.0,100.0,100.0,100.0,100.0,100.0,100.0,100.0,100.0,100.0,100.0,100.0,100.0,100.0,100.0,2.0,45.0,45.0,1.0,0.0,4.0,80.0,245.0,1.0,0.0,8.0,0.0,252.0,168.0,24.0,0.0,0.0,85.0,122.0,5.0,143.0,1842.0,3.0,6.0,1.0,12.0,0.0,0.0,0.0,2620.0,0.0,0.0,0.0,0.0,0.0,0.0,0.0,0.0,8.0,44.0,0.0,0.0,0.0,0.0,0.0,0.0,0.0,2.0,64.0,0.0,8.0,0.0,0.0,0.0,0.0,0.0,0.0,0.0,0.0,0.0,0.0,0.0,655761.0,0.0,340444200.0,34044204.0,2.02,129.0,0.0,2000.0,65.0,0.0,0.0,0.0,0.0,0.0,0.0,0.0,1.0,0.0,0.0,0.0,0.0,0.0,0.0,0.0,0.0,0.0,0.0,0.0,0.0,0.0,0.0,0.0,0.0,0.0,0.0,0.0,0.0,0.0,0.0,1.0,0.0,0.0,0.0,0.0,0.0,0.0,0.0,0.0,0.0,0.0,0.0,0.0,0.0,0.0,0.0,0.0,0.0,0.0,0.0,0.0,0.0,0.0,0.0,0.0,0.0,0.0,0.0,0.0,0.0,0.0,0.0,0.0,0.0,0.0,0.0,0.0,0.0,0.0,0.0,0.0,0.0,11.025,2.499,0.0,0.0,0.0,0.0,0.0,0.0,1.0,1.0,0.0,0.0,2500.0,0.0,0.0,0.0,0.0,0.0,0.0,
366,0.0,0.0,0.0,0.0,0.0,0.0,3.0,1.0,1.0,1.0,3.0,1.0,1.0,1.0,4.0,1275.0,3408964.0,131072.0,0.0,2.0,1537.0,1409.0,5.0,513.0,255.0,0.0,0.0,0.0,5.0,769.0,255.0,0.0,0.0,0.0,5.0,1025.0,255.0,0.0,0.0,0.0,5.0,1281.0,254.0,0.0,0.0,0.0,2.0,1644167432.0,1644167688.0,4.0,1678835984.0,1678836240.0,1678836496.0,1678836752.0,4.0,1678837008.0,1678837264.0,1678837520.0,1678837776.0,1.0,537198856.0,5.0,417.0,254.0,0.0,0.0,0.0,5.0,449.0,254.0,0.0,0.0,0.0,5.0,481.0,254.0,0.0,0.0,0.0,5.0,673.0,254.0,0.0,0.0,0.0,5.0,705.0,254.0,0.0,0.0,0.0,5.0,737.0,254.0,0.0,0.0,0.0,5.0,929.0,254.0,0.0,0.0,0.0,4.0,1342177544.0,1342177800.0,1342178056.0,1342178312.0,8.0,1342243080.0,1342243336.0,1342243592.0,1342243848.0,1342244104.0,1342244360.0,1342244616.0,1342244872.0,4.0,1342308624.0,1342308880.0,1342309136.0,1342309392.0,4.0,1342374160.0,1342374416.0,1342374672.0,1342374928.0,4.0,1342375184.0,1342375440.0,1342375696.0,1342375952.0,4.0,1342376208.0,1342376464.0,1342376720.0,1342376976.0,8.0,1342439688.0,1342439944.0,1342440200.0,1342440456.0,1342440712.0,1342440968.0,1342441224.0,1342441480.0,4.0,0.0,0.0,0.0,0.0,8.0,17.0,17.0,17.0,17.0,1.0,1.0,1.0,1.0,16.0,100.0,100.0,100.0,100.0,100.0,100.0,100.0,100.0,100.0,100.0,100.0,100.0,100.0,100.0,100.0,100.0,2.0,45.0,45.0,1.0,0.0,4.0,80.0,245.0,1.0,0.0,8.0,0.0,252.0,168.0,24.0,0.0,0.0,85.0,122.0,5.0,143.0,1842.0,3.0,6.0,1.0,12.0,0.0,0.0,0.0,2620.0,0.0,0.0,0.0,0.0,0.0,0.0,0.0,0.0,8.0,44.0,0.0,0.0,0.0,0.0,0.0,0.0,0.0,2.0,64.0,0.0,8.0,0.0,0.0,0.0,0.0,0.0,0.0,0.0,0.0,0.0,0.0,0.0,655761.0,0.0,340444200.0,34044204.0,2.02,129.0,0.0,2000.0,65.0,0.0,0.0,0.0,0.0,0.0,0.0,0.0,1.0,0.0,0.0,0.0,0.0,0.0,0.0,0.0,0.0,0.0,0.0,0.0,0.0,0.0,0.0,0.0,0.0,0.0,0.0,0.0,0.0,0.0,0.0,1.0,0.0,0.0,0.0,0.0,0.0,0.0,0.0,0.0,0.0,0.0,0.0,0.0,0.0,0.0,0.0,0.0,0.0,0.0,0.0,0.0,0.0,0.0,0.0,0.0,0.0,0.0,0.0,0.0,0.0,0.0,0.0,0.0,0.0,0.0,0.0,0.0,0.0,0.0,0.0,0.0,0.0,11.026,2.499,0.0,0.0,0.0,0.0,0.0,0.0,1.0,1.0,0.0,0.0,2500.0,0.0,0.0,0.0,0.0,0.0,0.0,
371,0.0,0.0,0.0,0.0,0.0,0.0,3.0,1.0,1.0,1.0,3.0,1.0,1.0,1.0,4.0,1275.0,3408964.0,131072.0,0.0,2.0,1537.0,1409.0,5.0,513.0,255.0,0.0,0.0,0.0,5.0,769.0,255.0,0.0,0.0,0.0,5.0,1025.0,255.0,0.0,0.0,0.0,5.0,1281.0,254.0,0.0,0.0,0.0,2.0,1644167432.0,1644167688.0,4.0,1678835984.0,1678836240.0,1678836496.0,1678836752.0,4.0,1678837008.0,1678837264.0,1678837520.0,1678837776.0,1.0,537198856.0,5.0,417.0,254.0,0.0,0.0,0.0,5.0,449.0,254.0,0.0,0.0,0.0,5.0,481.0,254.0,0.0,0.0,0.0,5.0,673.0,254.0,0.0,0.0,0.0,5.0,705.0,254.0,0.0,0.0,0.0,5.0,737.0,254.0,0.0,0.0,0.0,5.0,929.0,254.0,0.0,0.0,0.0,4.0,1342177544.0,1342177800.0,1342178056.0,1342178312.0,8.0,1342243080.0,1342243336.0,1342243592.0,1342243848.0,1342244104.0,1342244360.0,1342244616.0,1342244872.0,4.0,1342308624.0,1342308880.0,1342309136.0,1342309392.0,4.0,1342374160.0,1342374416.0,1342374672.0,1342374928.0,4.0,1342375184.0,1342375440.0,1342375696.0,1342375952.0,4.0,1342376208.0,1342376464.0,1342376720.0,1342376976.0,8.0,1342439688.0,1342439944.0,1342440200.0,1342440456.0,1342440712.0,1342440968.0,1342441224.0,1342441480.0,4.0,0.0,0.0,0.0,0.0,8.0,17.0,17.0,17.0,17.0,1.0,1.0,1.0,1.0,16.0,100.0,100.0,100.0,100.0,100.0,100.0,100.0,100.0,100.0,100.0,100.0,100.0,100.0,100.0,100.0,100.0,2.0,45.0,45.0,1.0,0.0,4.0,80.0,245.0,1.0,0.0,8.0,0.0,252.0,168.0,24.0,0.0,0.0,85.0,122.0,5.0,143.0,1842.0,3.0,6.0,1.0,12.0,0.0,0.0,0.0,3149.0,0.0,0.0,0.0,0.0,0.0,0.0,0.0,0.0,8.0,44.0,0.0,0.0,0.0,0.0,0.0,0.0,0.0,2.0,64.0,0.0,8.0,0.0,0.0,0.0,0.0,0.0,0.0,0.0,0.0,0.0,0.0,0.0,655761.0,0.0,340444200.0,34044204.0,2.02,129.0,0.0,2000.0,65.0,0.0,0.0,0.0,0.0,0.0,0.0,0.0,1.0,0.0,0.0,0.0,0.0,0.0,0.0,0.0,0.0,0.0,0.0,0.0,0.0,0.0,0.0,0.0,0.0,0.0,0.0,0.0,0.0,0.0,0.0,1.0,0.0,0.0,0.0,0.0,0.0,0.0,0.0,0.0,0.0,0.0,0.0,0.0,0.0,0.0,0.0,0.0,0.0,0.0,0.0,0.0,0.0,0.0,0.0,0.0,0.0,0.0,0.0,0.0,0.0,0.0,0.0,0.0,0.0,0.0,0.0,0.0,0.0,0.0,0.0,0.0,0.0,10.357,2.999,0.0,0.0,0.0,0.0,0.0,0.0,1.0,1.0,0.0,0.0,3000.0,0.0,0.0,0.0,0.0,0.0,0.0,
372,0.0,0.0,0.0,0.0,0.0,0.0,3.0,1.0,1.0,1.0,3.0,1.0,1.0,1.0,4.0,1275.0,3408964.0,131072.0,0.0,2.0,1537.0,1409.0,5.0,513.0,255.0,0.0,0.0,0.0,5.0,769.0,255.0,0.0,0.0,0.0,5.0,1025.0,255.0,0.0,0.0,0.0,5.0,1281.0,254.0,0.0,0.0,0.0,2.0,1644167432.0,1644167688.0,4.0,1678835984.0,1678836240.0,1678836496.0,1678836752.0,4.0,1678837008.0,1678837264.0,1678837520.0,1678837776.0,1.0,537198856.0,5.0,417.0,254.0,0.0,0.0,0.0,5.0,449.0,254.0,0.0,0.0,0.0,5.0,481.0,254.0,0.0,0.0,0.0,5.0,673.0,254.0,0.0,0.0,0.0,5.0,705.0,254.0,0.0,0.0,0.0,5.0,737.0,254.0,0.0,0.0,0.0,5.0,929.0,254.0,0.0,0.0,0.0,4.0,1342177544.0,1342177800.0,1342178056.0,1342178312.0,8.0,1342243080.0,1342243336.0,1342243592.0,1342243848.0,1342244104.0,1342244360.0,1342244616.0,1342244872.0,4.0,1342308624.0,1342308880.0,1342309136.0,1342309392.0,4.0,1342374160.0,1342374416.0,1342374672.0,1342374928.0,4.0,1342375184.0,1342375440.0,1342375696.0,1342375952.0,4.0,1342376208.0,1342376464.0,1342376720.0,1342376976.0,8.0,1342439688.0,1342439944.0,1342440200.0,1342440456.0,1342440712.0,1342440968.0,1342441224.0,1342441480.0,4.0,0.0,0.0,0.0,0.0,8.0,17.0,17.0,17.0,17.0,1.0,1.0,1.0,1.0,16.0,100.0,100.0,100.0,100.0,100.0,100.0,100.0,100.0,100.0,100.0,100.0,100.0,100.0,100.0,100.0,100.0,2.0,45.0,45.0,1.0,0.0,4.0,80.0,245.0,1.0,0.0,8.0,0.0,252.0,168.0,24.0,0.0,0.0,85.0,122.0,5.0,143.0,1837.0,3.0,6.0,1.0,12.0,0.0,0.0,0.0,3149.0,0.0,0.0,0.0,0.0,0.0,0.0,0.0,0.0,8.0,44.0,0.0,0.0,0.0,0.0,0.0,0.0,0.0,2.0,64.0,0.0,8.0,0.0,0.0,0.0,0.0,0.0,0.0,0.0,0.0,0.0,0.0,0.0,655761.0,0.0,340444200.0,34044204.0,2.02,129.0,0.0,2000.0,65.0,0.0,0.0,0.0,0.0,0.0,0.0,0.0,1.0,0.0,0.0,0.0,0.0,0.0,0.0,0.0,0.0,0.0,0.0,0.0,0.0,0.0,0.0,0.0,0.0,0.0,0.0,0.0,0.0,0.0,0.0,1.0,0.0,0.0,0.0,0.0,0.0,0.0,0.0,0.0,0.0,0.0,0.0,0.0,0.0,0.0,0.0,0.0,0.0,0.0,0.0,0.0,0.0,0.0,0.0,0.0,0.0,0.0,0.0,0.0,0.0,0.0,0.0,0.0,0.0,0.0,0.0,0.0,0.0,0.0,0.0,0.0,0.0,10.358,2.999,0.0,0.0,0.0,0.0,0.0,0.0,1.0,1.0,0.0,0.0,3000.0,0.0,0.0,0.0,0.0,0.0,0.0,
373,0.0,0.0,0.0,0.0,0.0,0.0,3.0,1.0,1.0,1.0,3.0,1.0,1.0,1.0,4.0,1275.0,3408964.0,131072.0,0.0,2.0,1537.0,1409.0,5.0,513.0,255.0,0.0,0.0,0.0,5.0,769.0,255.0,0.0,0.0,0.0,5.0,1025.0,255.0,0.0,0.0,0.0,5.0,1281.0,254.0,0.0,0.0,0.0,2.0,1644167432.0,1644167688.0,4.0,1678835984.0,1678836240.0,1678836496.0,1678836752.0,4.0,1678837008.0,1678837264.0,1678837520.0,1678837776.0,1.0,537198856.0,5.0,417.0,254.0,0.0,0.0,0.0,5.0,449.0,254.0,0.0,0.0,0.0,5.0,481.0,254.0,0.0,0.0,0.0,5.0,673.0,254.0,0.0,0.0,0.0,5.0,705.0,254.0,0.0,0.0,0.0,5.0,737.0,254.0,0.0,0.0,0.0,5.0,929.0,254.0,0.0,0.0,0.0,4.0,1342177544.0,1342177800.0,1342178056.0,1342178312.0,8.0,1342243080.0,1342243336.0,1342243592.0,1342243848.0,1342244104.0,1342244360.0,1342244616.0,1342244872.0,4.0,1342308624.0,1342308880.0,1342309136.0,1342309392.0,4.0,1342374160.0,1342374416.0,1342374672.0,1342374928.0,4.0,1342375184.0,1342375440.0,1342375696.0,1342375952.0,4.0,1342376208.0,1342376464.0,1342376720.0,1342376976.0,8.0,1342439688.0,1342439944.0,1342440200.0,1342440456.0,1342440712.0,1342440968.0,1342441224.0,1342441480.0,4.0,0.0,0.0,0.0,0.0,8.0,17.0,17.0,17.0,17.0,1.0,1.0,1.0,1.0,16.0,100.0,100.0,100.0,100.0,100.0,100.0,100.0,100.0,100.0,100.0,100.0,100.0,100.0,100.0,100.0,100.0,2.0,45.0,45.0,1.0,0.0,4.0,80.0,245.0,1.0,0.0,8.0,0.0,252.0,168.0,24.0,0.0,0.0,85.0,122.0,5.0,143.0,1837.0,3.0,6.0,1.0,12.0,0.0,0.0,0.0,3149.0,0.0,0.0,0.0,0.0,0.0,0.0,0.0,0.0,8.0,44.0,0.0,0.0,0.0,0.0,0.0,0.0,0.0,2.0,64.0,0.0,8.0,0.0,0.0,0.0,0.0,0.0,0.0,0.0,0.0,0.0,0.0,0.0,655761.0,0.0,340444200.0,34044204.0,2.02,129.0,0.0,2000.0,65.0,0.0,0.0,0.0,0.0,0.0,0.0,0.0,1.0,0.0,0.0,0.0,0.0,0.0,0.0,0.0,0.0,0.0,0.0,0.0,0.0,0.0,0.0,0.0,0.0,0.0,0.0,0.0,0.0,0.0,0.0,1.0,0.0,0.0,0.0,0.0,0.0,0.0,0.0,0.0,0.0,0.0,0.0,0.0,0.0,0.0,0.0,0.0,0.0,0.0,0.0,0.0,0.0,0.0,0.0,0.0,0.0,0.0,0.0,0.0,0.0,0.0,0.0,0.0,0.0,0.0,0.0,0.0,0.0,0.0,0.0,0.0,0.0,10.358,2.999,0.0,0.0,0.0,0.0,0.0,0.0,1.0,1.0,0.0,0.0,3000.0,0.0,0.0,0.0,0.0,0.0,0.0,
378,0.0,0.0,0.0,0.0,0.0,0.0,3.0,1.0,1.0,1.0,3.0,1.0,1.0,1.0,4.0,1275.0,3408964.0,131072.0,0.0,2.0,1537.0,1409.0,5.0,513.0,255.0,0.0,0.0,0.0,5.0,769.0,255.0,0.0,0.0,0.0,5.0,1025.0,255.0,0.0,0.0,0.0,5.0,1281.0,254.0,0.0,0.0,0.0,2.0,1644167432.0,1644167688.0,4.0,1678835984.0,1678836240.0,1678836496.0,1678836752.0,4.0,1678837008.0,1678837264.0,1678837520.0,1678837776.0,1.0,537198856.0,5.0,417.0,254.0,0.0,0.0,0.0,5.0,449.0,254.0,0.0,0.0,0.0,5.0,481.0,254.0,0.0,0.0,0.0,5.0,673.0,254.0,0.0,0.0,0.0,5.0,705.0,254.0,0.0,0.0,0.0,5.0,737.0,254.0,0.0,0.0,0.0,5.0,929.0,254.0,0.0,0.0,0.0,4.0,1342177544.0,1342177800.0,1342178056.0,1342178312.0,8.0,1342243080.0,1342243336.0,1342243592.0,1342243848.0,1342244104.0,1342244360.0,1342244616.0,1342244872.0,4.0,1342308624.0,1342308880.0,1342309136.0,1342309392.0,4.0,1342374160.0,1342374416.0,1342374672.0,1342374928.0,4.0,1342375184.0,1342375440.0,1342375696.0,1342375952.0,4.0,1342376208.0,1342376464.0,1342376720.0,1342376976.0,8.0,1342439688.0,1342439944.0,1342440200.0,1342440456.0,1342440712.0,1342440968.0,1342441224.0,1342441480.0,4.0,0.0,0.0,0.0,0.0,8.0,17.0,17.0,17.0,17.0,1.0,1.0,1.0,1.0,16.0,100.0,100.0,100.0,100.0,100.0,100.0,100.0,100.0,100.0,100.0,100.0,100.0,100.0,100.0,100.0,100.0,2.0,45.0,45.0,1.0,0.0,4.0,80.0,245.0,1.0,0.0,8.0,0.0,252.0,168.0,24.0,0.0,0.0,85.0,122.0,5.0,143.0,1837.0,3.0,6.0,1.0,12.0,0.0,0.0,0.0,3683.0,0.0,0.0,0.0,0.0,0.0,0.0,0.0,0.0,8.0,44.0,0.0,0.0,0.0,0.0,0.0,0.0,0.0,2.0,64.0,0.0,8.0,0.0,0.0,0.0,0.0,0.0,0.0,0.0,0.0,0.0,0.0,0.0,655761.0,0.0,340444200.0,34044204.0,2.02,129.0,0.0,2000.0,65.0,0.0,0.0,0.0,0.0,0.0,0.0,0.0,1.0,0.0,0.0,0.0,0.0,0.0,0.0,0.0,0.0,0.0,0.0,0.0,0.0,0.0,0.0,0.0,0.0,0.0,0.0,0.0,0.0,0.0,0.0,1.0,0.0,0.0,0.0,0.0,0.0,0.0,0.0,0.0,0.0,0.0,0.0,0.0,0.0,0.0,0.0,0.0,0.0,0.0,0.0,0.0,0.0,0.0,0.0,0.0,0.0,0.0,0.0,0.0,0.0,0.0,0.0,0.0,0.0,0.0,0.0,0.0,0.0,0.0,0.0,0.0,0.0,9.695,3.499,0.0,0.0,0.0,0.0,0.0,0.0,1.0,1.0,0.0,0.0,3500.0,0.0,0.0,0.0,0.0,0.0,0.0,
379,0.0,0.0,0.0,0.0,0.0,0.0,3.0,1.0,1.0,1.0,3.0,1.0,1.0,1.0,4.0,1275.0,3408964.0,131072.0,0.0,2.0,1537.0,1409.0,5.0,513.0,255.0,0.0,0.0,0.0,5.0,769.0,255.0,0.0,0.0,0.0,5.0,1025.0,255.0,0.0,0.0,0.0,5.0,1281.0,254.0,0.0,0.0,0.0,2.0,1644167432.0,1644167688.0,4.0,1678835984.0,1678836240.0,1678836496.0,1678836752.0,4.0,1678837008.0,1678837264.0,1678837520.0,1678837776.0,1.0,537198856.0,5.0,417.0,254.0,0.0,0.0,0.0,5.0,449.0,254.0,0.0,0.0,0.0,5.0,481.0,254.0,0.0,0.0,0.0,5.0,673.0,254.0,0.0,0.0,0.0,5.0,705.0,254.0,0.0,0.0,0.0,5.0,737.0,254.0,0.0,0.0,0.0,5.0,929.0,254.0,0.0,0.0,0.0,4.0,1342177544.0,1342177800.0,1342178056.0,1342178312.0,8.0,1342243080.0,1342243336.0,1342243592.0,1342243848.0,1342244104.0,1342244360.0,1342244616.0,1342244872.0,4.0,1342308624.0,1342308880.0,1342309136.0,1342309392.0,4.0,1342374160.0,1342374416.0,1342374672.0,1342374928.0,4.0,1342375184.0,1342375440.0,1342375696.0,1342375952.0,4.0,1342376208.0,1342376464.0,1342376720.0,1342376976.0,8.0,1342439688.0,1342439944.0,1342440200.0,1342440456.0,1342440712.0,1342440968.0,1342441224.0,1342441480.0,4.0,0.0,0.0,0.0,0.0,8.0,17.0,17.0,17.0,17.0,1.0,1.0,1.0,1.0,16.0,100.0,100.0,100.0,100.0,100.0,100.0,100.0,100.0,100.0,100.0,100.0,100.0,100.0,100.0,100.0,100.0,2.0,45.0,45.0,1.0,0.0,4.0,80.0,245.0,1.0,0.0,8.0,0.0,252.0,168.0,24.0,0.0,0.0,85.0,122.0,5.0,143.0,1837.0,3.0,6.0,1.0,12.0,0.0,0.0,0.0,3683.0,0.0,0.0,0.0,0.0,0.0,0.0,0.0,0.0,8.0,44.0,0.0,0.0,0.0,0.0,0.0,0.0,0.0,2.0,64.0,0.0,8.0,0.0,0.0,0.0,0.0,0.0,0.0,0.0,0.0,0.0,0.0,0.0,655761.0,0.0,340444200.0,34044204.0,2.02,129.0,0.0,2000.0,65.0,0.0,0.0,0.0,0.0,0.0,0.0,0.0,1.0,0.0,0.0,0.0,0.0,0.0,0.0,0.0,0.0,0.0,0.0,0.0,0.0,0.0,0.0,0.0,0.0,0.0,0.0,0.0,0.0,0.0,0.0,1.0,0.0,0.0,0.0,0.0,0.0,0.0,0.0,0.0,0.0,0.0,0.0,0.0,0.0,0.0,0.0,0.0,0.0,0.0,0.0,0.0,0.0,0.0,0.0,0.0,0.0,0.0,0.0,0.0,0.0,0.0,0.0,0.0,0.0,0.0,0.0,0.0,0.0,0.0,0.0,0.0,0.0,9.696,3.499,0.0,0.0,0.0,0.0,0.0,0.0,1.0,1.0,0.0,0.0,3500.0,0.0,0.0,0.0,0.0,0.0,0.0,
380,0.0,0.0,0.0,0.0,0.0,0.0,3.0,1.0,1.0,1.0,3.0,1.0,1.0,1.0,4.0,1275.0,3408964.0,131072.0,0.0,2.0,1537.0,1409.0,5.0,513.0,255.0,0.0,0.0,0.0,5.0,769.0,255.0,0.0,0.0,0.0,5.0,1025.0,255.0,0.0,0.0,0.0,5.0,1281.0,254.0,0.0,0.0,0.0,2.0,1644167432.0,1644167688.0,4.0,1678835984.0,1678836240.0,1678836496.0,1678836752.0,4.0,1678837008.0,1678837264.0,1678837520.0,1678837776.0,1.0,537198856.0,5.0,417.0,254.0,0.0,0.0,0.0,5.0,449.0,254.0,0.0,0.0,0.0,5.0,481.0,254.0,0.0,0.0,0.0,5.0,673.0,254.0,0.0,0.0,0.0,5.0,705.0,254.0,0.0,0.0,0.0,5.0,737.0,254.0,0.0,0.0,0.0,5.0,929.0,254.0,0.0,0.0,0.0,4.0,1342177544.0,1342177800.0,1342178056.0,1342178312.0,8.0,1342243080.0,1342243336.0,1342243592.0,1342243848.0,1342244104.0,1342244360.0,1342244616.0,1342244872.0,4.0,1342308624.0,1342308880.0,1342309136.0,1342309392.0,4.0,1342374160.0,1342374416.0,1342374672.0,1342374928.0,4.0,1342375184.0,1342375440.0,1342375696.0,1342375952.0,4.0,1342376208.0,1342376464.0,1342376720.0,1342376976.0,8.0,1342439688.0,1342439944.0,1342440200.0,1342440456.0,1342440712.0,1342440968.0,1342441224.0,1342441480.0,4.0,0.0,0.0,0.0,0.0,8.0,17.0,17.0,17.0,17.0,1.0,1.0,1.0,1.0,16.0,100.0,100.0,100.0,100.0,100.0,100.0,100.0,100.0,100.0,100.0,100.0,100.0,100.0,100.0,100.0,100.0,2.0,45.0,45.0,1.0,0.0,4.0,80.0,245.0,1.0,0.0,8.0,0.0,252.0,168.0,24.0,0.0,0.0,85.0,122.0,5.0,143.0,1837.0,3.0,6.0,1.0,12.0,0.0,0.0,0.0,3683.0,0.0,0.0,0.0,0.0,0.0,0.0,0.0,0.0,8.0,44.0,0.0,0.0,0.0,0.0,0.0,0.0,0.0,2.0,64.0,0.0,8.0,0.0,0.0,0.0,0.0,0.0,0.0,0.0,0.0,0.0,0.0,0.0,655761.0,0.0,340444200.0,34044204.0,2.02,129.0,0.0,2000.0,65.0,0.0,0.0,0.0,0.0,0.0,0.0,0.0,1.0,0.0,0.0,0.0,0.0,0.0,0.0,0.0,0.0,0.0,0.0,0.0,0.0,0.0,0.0,0.0,0.0,0.0,0.0,0.0,0.0,0.0,0.0,1.0,0.0,0.0,0.0,0.0,0.0,0.0,0.0,0.0,0.0,0.0,0.0,0.0,0.0,0.0,0.0,0.0,0.0,0.0,0.0,0.0,0.0,0.0,0.0,0.0,0.0,0.0,0.0,0.0,0.0,0.0,0.0,0.0,0.0,0.0,0.0,0.0,0.0,0.0,0.0,0.0,0.0,9.696,3.499,0.0,0.0,0.0,0.0,0.0,0.0,1.0,1.0,0.0,0.0,3500.0,0.0,0.0,0.0,0.0,0.0,0.0,
385,0.0,0.0,0.0,0.0,0.0,0.0,3.0,1.0,1.0,1.0,3.0,1.0,1.0,1.0,4.0,1275.0,3408964.0,131072.0,0.0,2.0,1537.0,1409.0,5.0,513.0,255.0,0.0,0.0,0.0,5.0,769.0,255.0,0.0,0.0,0.0,5.0,1025.0,255.0,0.0,0.0,0.0,5.0,1281.0,254.0,0.0,0.0,0.0,2.0,1644167432.0,1644167688.0,4.0,1678835984.0,1678836240.0,1678836496.0,1678836752.0,4.0,1678837008.0,1678837264.0,1678837520.0,1678837776.0,1.0,537198856.0,5.0,417.0,254.0,0.0,0.0,0.0,5.0,449.0,254.0,0.0,0.0,0.0,5.0,481.0,254.0,0.0,0.0,0.0,5.0,673.0,254.0,0.0,0.0,0.0,5.0,705.0,254.0,0.0,0.0,0.0,5.0,737.0,254.0,0.0,0.0,0.0,5.0,929.0,254.0,0.0,0.0,0.0,4.0,1342177544.0,1342177800.0,1342178056.0,1342178312.0,8.0,1342243080.0,1342243336.0,1342243592.0,1342243848.0,1342244104.0,1342244360.0,1342244616.0,1342244872.0,4.0,1342308624.0,1342308880.0,1342309136.0,1342309392.0,4.0,1342374160.0,1342374416.0,1342374672.0,1342374928.0,4.0,1342375184.0,1342375440.0,1342375696.0,1342375952.0,4.0,1342376208.0,1342376464.0,1342376720.0,1342376976.0,8.0,1342439688.0,1342439944.0,1342440200.0,1342440456.0,1342440712.0,1342440968.0,1342441224.0,1342441480.0,4.0,0.0,0.0,0.0,0.0,8.0,17.0,17.0,17.0,17.0,1.0,1.0,1.0,1.0,16.0,100.0,100.0,100.0,100.0,100.0,100.0,100.0,100.0,100.0,100.0,100.0,100.0,100.0,100.0,100.0,100.0,2.0,45.0,45.0,1.0,0.0,4.0,80.0,245.0,1.0,0.0,8.0,0.0,252.0,168.0,24.0,0.0,0.0,85.0,122.0,5.0,142.0,1837.0,3.0,6.0,1.0,12.0,0.0,0.0,0.0,4216.0,0.0,0.0,0.0,0.0,0.0,0.0,0.0,0.0,8.0,44.0,0.0,0.0,0.0,0.0,0.0,0.0,0.0,2.0,64.0,0.0,8.0,0.0,0.0,0.0,0.0,0.0,0.0,0.0,0.0,0.0,0.0,0.0,655761.0,0.0,340444200.0,34044204.0,2.02,129.0,0.0,2000.0,65.0,0.0,0.0,0.0,0.0,0.0,0.0,0.0,1.0,0.0,0.0,0.0,0.0,0.0,0.0,0.0,0.0,0.0,0.0,0.0,0.0,0.0,0.0,0.0,0.0,0.0,0.0,0.0,0.0,0.0,0.0,1.0,0.0,0.0,0.0,0.0,0.0,0.0,0.0,0.0,0.0,0.0,0.0,0.0,0.0,0.0,0.0,0.0,0.0,0.0,0.0,0.0,0.0,0.0,0.0,0.0,0.0,0.0,0.0,0.0,0.0,0.0,0.0,0.0,0.0,0.0,0.0,0.0,0.0,0.0,0.0,0.0,0.0,9.03,4.001,0.0,0.0,0.0,0.0,0.0,0.0,1.0,1.0,0.0,0.0,4000.0,0.0,0.0,0.0,0.0,0.0,0.0,
386,0.0,0.0,0.0,0.0,0.0,0.0,3.0,1.0,1.0,1.0,3.0,1.0,1.0,1.0,4.0,1275.0,3408964.0,131072.0,0.0,2.0,1537.0,1409.0,5.0,513.0,255.0,0.0,0.0,0.0,5.0,769.0,255.0,0.0,0.0,0.0,5.0,1025.0,255.0,0.0,0.0,0.0,5.0,1281.0,254.0,0.0,0.0,0.0,2.0,1644167432.0,1644167688.0,4.0,1678835984.0,1678836240.0,1678836496.0,1678836752.0,4.0,1678837008.0,1678837264.0,1678837520.0,1678837776.0,1.0,537198856.0,5.0,417.0,254.0,0.0,0.0,0.0,5.0,449.0,254.0,0.0,0.0,0.0,5.0,481.0,254.0,0.0,0.0,0.0,5.0,673.0,254.0,0.0,0.0,0.0,5.0,705.0,254.0,0.0,0.0,0.0,5.0,737.0,254.0,0.0,0.0,0.0,5.0,929.0,254.0,0.0,0.0,0.0,4.0,1342177544.0,1342177800.0,1342178056.0,1342178312.0,8.0,1342243080.0,1342243336.0,1342243592.0,1342243848.0,1342244104.0,1342244360.0,1342244616.0,1342244872.0,4.0,1342308624.0,1342308880.0,1342309136.0,1342309392.0,4.0,1342374160.0,1342374416.0,1342374672.0,1342374928.0,4.0,1342375184.0,1342375440.0,1342375696.0,1342375952.0,4.0,1342376208.0,1342376464.0,1342376720.0,1342376976.0,8.0,1342439688.0,1342439944.0,1342440200.0,1342440456.0,1342440712.0,1342440968.0,1342441224.0,1342441480.0,4.0,0.0,0.0,0.0,0.0,8.0,17.0,17.0,17.0,17.0,1.0,1.0,1.0,1.0,16.0,100.0,100.0,100.0,100.0,100.0,100.0,100.0,100.0,100.0,100.0,100.0,100.0,100.0,100.0,100.0,100.0,2.0,45.0,45.0,1.0,0.0,4.0,80.0,245.0,1.0,0.0,8.0,0.0,252.0,168.0,24.0,0.0,0.0,85.0,122.0,5.0,142.0,1842.0,3.0,6.0,1.0,12.0,0.0,0.0,0.0,4216.0,0.0,0.0,0.0,0.0,0.0,0.0,0.0,0.0,8.0,44.0,0.0,0.0,0.0,0.0,0.0,0.0,0.0,2.0,64.0,0.0,8.0,0.0,0.0,0.0,0.0,0.0,0.0,0.0,0.0,0.0,0.0,0.0,655761.0,0.0,340444200.0,34044204.0,2.02,129.0,0.0,2000.0,65.0,0.0,0.0,0.0,0.0,0.0,0.0,0.0,1.0,0.0,0.0,0.0,0.0,0.0,0.0,0.0,0.0,0.0,0.0,0.0,0.0,0.0,0.0,0.0,0.0,0.0,0.0,0.0,0.0,0.0,0.0,1.0,0.0,0.0,0.0,0.0,0.0,0.0,0.0,0.0,0.0,0.0,0.0,0.0,0.0,0.0,0.0,0.0,0.0,0.0,0.0,0.0,0.0,0.0,0.0,0.0,0.0,0.0,0.0,0.0,0.0,0.0,0.0,0.0,0.0,0.0,0.0,0.0,0.0,0.0,0.0,0.0,0.0,9.029,4.0,0.0,0.0,0.0,0.0,0.0,0.0,1.0,1.0,0.0,0.0,4000.0,0.0,0.0,0.0,0.0,0.0,0.0,
387,0.0,0.0,0.0,0.0,0.0,0.0,3.0,1.0,1.0,1.0,3.0,1.0,1.0,1.0,4.0,1275.0,3408964.0,131072.0,0.0,2.0,1537.0,1409.0,5.0,513.0,255.0,0.0,0.0,0.0,5.0,769.0,255.0,0.0,0.0,0.0,5.0,1025.0,255.0,0.0,0.0,0.0,5.0,1281.0,254.0,0.0,0.0,0.0,2.0,1644167432.0,1644167688.0,4.0,1678835984.0,1678836240.0,1678836496.0,1678836752.0,4.0,1678837008.0,1678837264.0,1678837520.0,1678837776.0,1.0,537198856.0,5.0,417.0,254.0,0.0,0.0,0.0,5.0,449.0,254.0,0.0,0.0,0.0,5.0,481.0,254.0,0.0,0.0,0.0,5.0,673.0,254.0,0.0,0.0,0.0,5.0,705.0,254.0,0.0,0.0,0.0,5.0,737.0,254.0,0.0,0.0,0.0,5.0,929.0,254.0,0.0,0.0,0.0,4.0,1342177544.0,1342177800.0,1342178056.0,1342178312.0,8.0,1342243080.0,1342243336.0,1342243592.0,1342243848.0,1342244104.0,1342244360.0,1342244616.0,1342244872.0,4.0,1342308624.0,1342308880.0,1342309136.0,1342309392.0,4.0,1342374160.0,1342374416.0,1342374672.0,1342374928.0,4.0,1342375184.0,1342375440.0,1342375696.0,1342375952.0,4.0,1342376208.0,1342376464.0,1342376720.0,1342376976.0,8.0,1342439688.0,1342439944.0,1342440200.0,1342440456.0,1342440712.0,1342440968.0,1342441224.0,1342441480.0,4.0,0.0,0.0,0.0,0.0,8.0,17.0,17.0,17.0,17.0,1.0,1.0,1.0,1.0,16.0,100.0,100.0,100.0,100.0,100.0,100.0,100.0,100.0,100.0,100.0,100.0,100.0,100.0,100.0,100.0,100.0,2.0,45.0,45.0,1.0,0.0,4.0,80.0,245.0,1.0,0.0,8.0,0.0,252.0,168.0,24.0,0.0,0.0,85.0,122.0,5.0,142.0,1842.0,3.0,6.0,1.0,12.0,0.0,0.0,0.0,4216.0,0.0,0.0,0.0,0.0,0.0,0.0,0.0,0.0,8.0,44.0,0.0,0.0,0.0,0.0,0.0,0.0,0.0,2.0,64.0,0.0,8.0,0.0,0.0,0.0,0.0,0.0,0.0,0.0,0.0,0.0,0.0,0.0,655761.0,0.0,340444200.0,34044204.0,2.02,129.0,0.0,2000.0,65.0,0.0,0.0,0.0,0.0,0.0,0.0,0.0,1.0,0.0,0.0,0.0,0.0,0.0,0.0,0.0,0.0,0.0,0.0,0.0,0.0,0.0,0.0,0.0,0.0,0.0,0.0,0.0,0.0,0.0,0.0,1.0,0.0,0.0,0.0,0.0,0.0,0.0,0.0,0.0,0.0,0.0,0.0,0.0,0.0,0.0,0.0,0.0,0.0,0.0,0.0,0.0,0.0,0.0,0.0,0.0,0.0,0.0,0.0,0.0,0.0,0.0,0.0,0.0,0.0,0.0,0.0,0.0,0.0,0.0,0.0,0.0,0.0,9.029,4.0,0.0,0.0,0.0,0.0,0.0,0.0,1.0,1.0,0.0,0.0,4000.0,0.0,0.0,0.0,0.0,0.0,0.0,
392,0.0,0.0,0.0,0.0,0.0,0.0,3.0,1.0,1.0,1.0,3.0,1.0,1.0,1.0,4.0,1275.0,3408964.0,131072.0,0.0,2.0,1537.0,1409.0,5.0,513.0,255.0,0.0,0.0,0.0,5.0,769.0,255.0,0.0,0.0,0.0,5.0,1025.0,255.0,0.0,0.0,0.0,5.0,1281.0,254.0,0.0,0.0,0.0,2.0,1644167432.0,1644167688.0,4.0,1678835984.0,1678836240.0,1678836496.0,1678836752.0,4.0,1678837008.0,1678837264.0,1678837520.0,1678837776.0,1.0,537198856.0,5.0,417.0,254.0,0.0,0.0,0.0,5.0,449.0,254.0,0.0,0.0,0.0,5.0,481.0,254.0,0.0,0.0,0.0,5.0,673.0,254.0,0.0,0.0,0.0,5.0,705.0,254.0,0.0,0.0,0.0,5.0,737.0,254.0,0.0,0.0,0.0,5.0,929.0,254.0,0.0,0.0,0.0,4.0,1342177544.0,1342177800.0,1342178056.0,1342178312.0,8.0,1342243080.0,1342243336.0,1342243592.0,1342243848.0,1342244104.0,1342244360.0,1342244616.0,1342244872.0,4.0,1342308624.0,1342308880.0,1342309136.0,1342309392.0,4.0,1342374160.0,1342374416.0,1342374672.0,1342374928.0,4.0,1342375184.0,1342375440.0,1342375696.0,1342375952.0,4.0,1342376208.0,1342376464.0,1342376720.0,1342376976.0,8.0,1342439688.0,1342439944.0,1342440200.0,1342440456.0,1342440712.0,1342440968.0,1342441224.0,1342441480.0,4.0,0.0,0.0,0.0,0.0,8.0,17.0,17.0,17.0,17.0,1.0,1.0,1.0,1.0,16.0,100.0,100.0,100.0,100.0,100.0,100.0,100.0,100.0,100.0,100.0,100.0,100.0,100.0,100.0,100.0,100.0,2.0,45.0,45.0,1.0,0.0,4.0,80.0,245.0,1.0,0.0,8.0,0.0,252.0,168.0,40.0,0.0,0.0,85.0,122.0,5.0,144.0,1842.0,3.0,6.0,1.0,12.0,0.0,0.0,0.0,0.0,0.0,0.0,0.0,0.0,0.0,0.0,0.0,0.0,8.0,44.0,0.0,0.0,0.0,0.0,0.0,0.0,0.0,2.0,64.0,0.0,8.0,0.0,0.0,0.0,0.0,0.0,0.0,0.0,0.0,0.0,0.0,0.0,655761.0,0.0,340444200.0,34044204.0,2.02,129.0,0.0,2000.0,65.0,0.0,0.0,0.0,0.0,0.0,0.0,0.0,1.0,0.0,0.0,0.0,0.0,0.0,0.0,0.0,0.0,0.0,0.0,0.0,0.0,0.0,0.0,0.0,0.0,0.0,0.0,0.0,0.0,0.0,0.0,1.0,0.0,0.0,0.0,0.0,0.0,0.0,0.0,0.0,0.0,0.0,0.0,0.0,0.0,0.0,0.0,0.0,0.0,0.0,0.0,0.0,0.0,0.0,0.0,0.0,0.0,0.0,0.0,0.0,0.0,0.0,0.0,0.0,0.0,0.0,0.0,0.0,0.0,0.0,0.0,0.0,0.0,0.0,0.0,0.0,0.0,0.0,0.0,0.0,0.0,1.0,1.0,0.0,0.0,4500.0,0.0,0.0,0.0,0.0,0.0,0.0,
393,0.0,0.0,0.0,0.0,0.0,0.0,3.0,1.0,1.0,1.0,3.0,1.0,1.0,1.0,4.0,1275.0,3408964.0,131072.0,0.0,2.0,1537.0,1409.0,5.0,513.0,255.0,0.0,0.0,0.0,5.0,769.0,255.0,0.0,0.0,0.0,5.0,1025.0,255.0,0.0,0.0,0.0,5.0,1281.0,254.0,0.0,0.0,0.0,2.0,1644167432.0,1644167688.0,4.0,1678835984.0,1678836240.0,1678836496.0,1678836752.0,4.0,1678837008.0,1678837264.0,1678837520.0,1678837776.0,1.0,537198856.0,5.0,417.0,254.0,0.0,0.0,0.0,5.0,449.0,254.0,0.0,0.0,0.0,5.0,481.0,254.0,0.0,0.0,0.0,5.0,673.0,254.0,0.0,0.0,0.0,5.0,705.0,254.0,0.0,0.0,0.0,5.0,737.0,254.0,0.0,0.0,0.0,5.0,929.0,254.0,0.0,0.0,0.0,4.0,1342177544.0,1342177800.0,1342178056.0,1342178312.0,8.0,1342243080.0,1342243336.0,1342243592.0,1342243848.0,1342244104.0,1342244360.0,1342244616.0,1342244872.0,4.0,1342308624.0,1342308880.0,1342309136.0,1342309392.0,4.0,1342374160.0,1342374416.0,1342374672.0,1342374928.0,4.0,1342375184.0,1342375440.0,1342375696.0,1342375952.0,4.0,1342376208.0,1342376464.0,1342376720.0,1342376976.0,8.0,1342439688.0,1342439944.0,1342440200.0,1342440456.0,1342440712.0,1342440968.0,1342441224.0,1342441480.0,4.0,0.0,0.0,0.0,0.0,8.0,17.0,17.0,17.0,17.0,1.0,1.0,1.0,1.0,16.0,100.0,100.0,100.0,100.0,100.0,100.0,100.0,100.0,100.0,100.0,100.0,100.0,100.0,100.0,100.0,100.0,2.0,45.0,45.0,1.0,0.0,4.0,80.0,245.0,1.0,0.0,8.0,0.0,252.0,168.0,40.0,0.0,0.0,85.0,122.0,5.0,145.0,1842.0,3.0,6.0,1.0,12.0,0.0,0.0,0.0,0.0,0.0,0.0,0.0,0.0,0.0,0.0,0.0,0.0,8.0,44.0,0.0,0.0,0.0,0.0,0.0,0.0,0.0,2.0,64.0,0.0,8.0,0.0,0.0,0.0,0.0,0.0,0.0,0.0,0.0,0.0,0.0,0.0,655761.0,0.0,340444200.0,34044204.0,2.02,129.0,0.0,2000.0,65.0,0.0,0.0,0.0,0.0,0.0,0.0,0.0,1.0,0.0,0.0,0.0,0.0,0.0,0.0,0.0,0.0,0.0,0.0,0.0,0.0,0.0,0.0,0.0,0.0,0.0,0.0,0.0,0.0,0.0,0.0,1.0,0.0,0.0,0.0,0.0,0.0,0.0,0.0,0.0,0.0,0.0,0.0,0.0,0.0,0.0,0.0,0.0,0.0,0.0,0.0,0.0,0.0,0.0,0.0,0.0,0.0,0.0,0.0,0.0,0.0,0.0,0.0,0.0,0.0,0.0,0.0,0.0,0.0,0.0,0.0,0.0,0.0,0.0,0.0,0.0,0.0,0.0,0.0,0.0,0.0,1.0,1.0,0.0,0.0,4500.0,0.0,0.0,0.0,0.0,0.0,0.0,
394,0.0,0.0,0.0,0.0,0.0,0.0,3.0,1.0,1.0,1.0,3.0,1.0,1.0,1.0,4.0,1275.0,3408964.0,131072.0,0.0,2.0,1537.0,1409.0,5.0,513.0,255.0,0.0,0.0,0.0,5.0,769.0,255.0,0.0,0.0,0.0,5.0,1025.0,255.0,0.0,0.0,0.0,5.0,1281.0,254.0,0.0,0.0,0.0,2.0,1644167432.0,1644167688.0,4.0,1678835984.0,1678836240.0,1678836496.0,1678836752.0,4.0,1678837008.0,1678837264.0,1678837520.0,1678837776.0,1.0,537198856.0,5.0,417.0,254.0,0.0,0.0,0.0,5.0,449.0,254.0,0.0,0.0,0.0,5.0,481.0,254.0,0.0,0.0,0.0,5.0,673.0,254.0,0.0,0.0,0.0,5.0,705.0,254.0,0.0,0.0,0.0,5.0,737.0,254.0,0.0,0.0,0.0,5.0,929.0,254.0,0.0,0.0,0.0,4.0,1342177544.0,1342177800.0,1342178056.0,1342178312.0,8.0,1342243080.0,1342243336.0,1342243592.0,1342243848.0,1342244104.0,1342244360.0,1342244616.0,1342244872.0,4.0,1342308624.0,1342308880.0,1342309136.0,1342309392.0,4.0,1342374160.0,1342374416.0,1342374672.0,1342374928.0,4.0,1342375184.0,1342375440.0,1342375696.0,1342375952.0,4.0,1342376208.0,1342376464.0,1342376720.0,1342376976.0,8.0,1342439688.0,1342439944.0,1342440200.0,1342440456.0,1342440712.0,1342440968.0,1342441224.0,1342441480.0,4.0,0.0,0.0,0.0,0.0,8.0,17.0,17.0,17.0,17.0,1.0,1.0,1.0,1.0,16.0,100.0,100.0,100.0,100.0,100.0,100.0,100.0,100.0,100.0,100.0,100.0,100.0,100.0,100.0,100.0,100.0,2.0,45.0,45.0,1.0,0.0,4.0,80.0,245.0,1.0,0.0,8.0,0.0,252.0,168.0,40.0,0.0,0.0,85.0,122.0,5.0,145.0,1842.0,3.0,6.0,1.0,12.0,0.0,0.0,0.0,0.0,0.0,0.0,0.0,0.0,0.0,0.0,0.0,0.0,8.0,44.0,0.0,0.0,0.0,0.0,0.0,0.0,0.0,2.0,64.0,0.0,8.0,0.0,0.0,0.0,0.0,0.0,0.0,0.0,0.0,0.0,0.0,0.0,655761.0,0.0,340444200.0,34044204.0,2.02,129.0,0.0,2000.0,65.0,0.0,0.0,0.0,0.0,0.0,0.0,0.0,1.0,0.0,0.0,0.0,0.0,0.0,0.0,0.0,0.0,0.0,0.0,0.0,0.0,0.0,0.0,0.0,0.0,0.0,0.0,0.0,0.0,0.0,0.0,1.0,0.0,0.0,0.0,0.0,0.0,0.0,0.0,0.0,0.0,0.0,0.0,0.0,0.0,0.0,0.0,0.0,0.0,0.0,0.0,0.0,0.0,0.0,0.0,0.0,0.0,0.0,0.0,0.0,0.0,0.0,0.0,0.0,0.0,0.0,0.0,0.0,0.0,0.0,0.0,0.0,0.0,0.0,0.0,0.0,0.0,0.0,0.0,0.0,0.0,1.0,1.0,0.0,0.0,4500.0,0.0,0.0,0.0,0.0,0.0,0.0,
397,0.0,0.0,0.0,0.0,0.0,0.0,3.0,1.0,1.0,1.0,3.0,1.0,1.0,1.0,4.0,1275.0,3408964.0,131072.0,0.0,2.0,1537.0,1409.0,5.0,513.0,255.0,0.0,0.0,0.0,5.0,769.0,255.0,0.0,0.0,0.0,5.0,1025.0,255.0,0.0,0.0,0.0,5.0,1281.0,254.0,0.0,0.0,0.0,2.0,1644167432.0,1644167688.0,4.0,1678835984.0,1678836240.0,1678836496.0,1678836752.0,4.0,1678837008.0,1678837264.0,1678837520.0,1678837776.0,1.0,537198856.0,5.0,417.0,254.0,0.0,0.0,0.0,5.0,449.0,254.0,0.0,0.0,0.0,5.0,481.0,254.0,0.0,0.0,0.0,5.0,673.0,254.0,0.0,0.0,0.0,5.0,705.0,254.0,0.0,0.0,0.0,5.0,737.0,254.0,0.0,0.0,0.0,5.0,929.0,254.0,0.0,0.0,0.0,4.0,1342177544.0,1342177800.0,1342178056.0,1342178312.0,8.0,1342243080.0,1342243336.0,1342243592.0,1342243848.0,1342244104.0,1342244360.0,1342244616.0,1342244872.0,4.0,1342308624.0,1342308880.0,1342309136.0,1342309392.0,4.0,1342374160.0,1342374416.0,1342374672.0,1342374928.0,4.0,1342375184.0,1342375440.0,1342375696.0,1342375952.0,4.0,1342376208.0,1342376464.0,1342376720.0,1342376976.0,8.0,1342439688.0,1342439944.0,1342440200.0,1342440456.0,1342440712.0,1342440968.0,1342441224.0,1342441480.0,4.0,0.0,0.0,0.0,0.0,8.0,17.0,17.0,17.0,17.0,1.0,1.0,1.0,1.0,16.0,100.0,100.0,100.0,100.0,100.0,100.0,100.0,100.0,100.0,100.0,100.0,100.0,100.0,100.0,100.0,100.0,2.0,45.0,45.0,1.0,0.0,4.0,80.0,245.0,1.0,0.0,8.0,0.0,252.0,168.0,40.0,0.0,0.0,85.0,122.0,5.0,145.0,1842.0,3.0,6.0,1.0,12.0,0.0,0.0,0.0,0.0,0.0,0.0,0.0,0.0,0.0,0.0,0.0,0.0,8.0,44.0,0.0,0.0,0.0,0.0,0.0,0.0,0.0,2.0,0.0,0.0,8.0,0.0,0.0,0.0,0.0,0.0,0.0,0.0,0.0,0.0,0.0,0.0,655761.0,0.0,340444200.0,34044204.0,2.02,129.0,0.0,2000.0,65.0,0.0,0.0,0.0,0.0,0.0,0.0,0.0,1.0,0.0,0.0,0.0,0.0,0.0,0.0,0.0,0.0,0.0,0.0,0.0,0.0,0.0,0.0,0.0,0.0,0.0,0.0,0.0,0.0,0.0,0.0,0.0,0.0,0.0,0.0,0.0,0.0,0.0,0.0,0.0,0.0,0.0,0.0,0.0,0.0,0.0,0.0,0.0,0.0,0.0,0.0,0.0,0.0,0.0,0.0,0.0,0.0,0.0,0.0,0.0,0.0,0.0,0.0,0.0,0.0,0.0,0.0,0.0,0.0,0.0,0.0,0.0,0.0,0.0,0.0,0.0,0.0,0.0,0.0,0.0,0.0,1.0,1.0,0.0,0.0,4500.0,0.0,0.0,0.0,0.0,0.0,0.0,
399,0.0,0.0,0.0,0.0,0.0,0.0,3.0,1.0,1.0,1.0,3.0,1.0,1.0,1.0,4.0,1275.0,3408964.0,131072.0,0.0,2.0,1537.0,1409.0,5.0,513.0,255.0,0.0,0.0,0.0,5.0,769.0,255.0,0.0,0.0,0.0,5.0,1025.0,255.0,0.0,0.0,0.0,5.0,1281.0,254.0,0.0,0.0,0.0,2.0,1644167432.0,1644167688.0,4.0,1678835984.0,1678836240.0,1678836496.0,1678836752.0,4.0,1678837008.0,1678837264.0,1678837520.0,1678837776.0,1.0,537198856.0,5.0,417.0,254.0,0.0,0.0,0.0,5.0,449.0,254.0,0.0,0.0,0.0,5.0,481.0,254.0,0.0,0.0,0.0,5.0,673.0,254.0,0.0,0.0,0.0,5.0,705.0,254.0,0.0,0.0,0.0,5.0,737.0,254.0,0.0,0.0,0.0,5.0,929.0,254.0,0.0,0.0,0.0,4.0,1342177544.0,1342177800.0,1342178056.0,1342178312.0,8.0,1342243080.0,1342243336.0,1342243592.0,1342243848.0,1342244104.0,1342244360.0,1342244616.0,1342244872.0,4.0,1342308624.0,1342308880.0,1342309136.0,1342309392.0,4.0,1342374160.0,1342374416.0,1342374672.0,1342374928.0,4.0,1342375184.0,1342375440.0,1342375696.0,1342375952.0,4.0,1342376208.0,1342376464.0,1342376720.0,1342376976.0,8.0,1342439688.0,1342439944.0,1342440200.0,1342440456.0,1342440712.0,1342440968.0,1342441224.0,1342441480.0,4.0,0.0,0.0,0.0,0.0,8.0,17.0,17.0,17.0,17.0,1.0,1.0,1.0,1.0,16.0,100.0,100.0,100.0,100.0,100.0,100.0,100.0,100.0,100.0,100.0,100.0,100.0,100.0,100.0,100.0,100.0,2.0,45.0,45.0,1.0,0.0,4.0,80.0,245.0,1.0,0.0,8.0,0.0,252.0,168.0,40.0,0.0,0.0,85.0,122.0,5.0,145.0,1842.0,3.0,6.0,1.0,12.0,0.0,0.0,0.0,0.0,0.0,0.0,0.0,0.0,0.0,0.0,0.0,0.0,8.0,44.0,0.0,0.0,0.0,0.0,0.0,0.0,0.0,2.0,0.0,0.0,8.0,0.0,0.0,0.0,0.0,0.0,0.0,0.0,0.0,0.0,0.0,0.0,655761.0,0.0,340444200.0,34044204.0,2.02,129.0,0.0,2000.0,65.0,0.0,0.0,0.0,0.0,0.0,0.0,0.0,1.0,0.0,0.0,0.0,0.0,0.0,0.0,0.0,0.0,0.0,0.0,0.0,0.0,0.0,0.0,0.0,0.0,0.0,0.0,0.0,0.0,0.0,0.0,0.0,0.0,0.0,0.0,0.0,0.0,0.0,0.0,0.0,0.0,0.0,0.0,0.0,0.0,0.0,0.0,0.0,0.0,0.0,0.0,0.0,0.0,0.0,0.0,0.0,0.0,0.0,0.0,0.0,0.0,0.0,0.0,0.0,0.0,0.0,0.0,0.0,0.0,0.0,0.0,0.0,0.0,0.0,0.0,0.0,0.0,0.0,0.0,0.0,0.0,1.0,1.0,0.0,0.0,0.0,0.0,0.0,0.0,0.0,0.0,0.0,
407,0.0,0.0,0.0,0.0,0.0,0.0,3.0,1.0,1.0,1.0,3.0,1.0,1.0,1.0,4.0,1275.0,3408964.0,131072.0,0.0,2.0,1537.0,1409.0,5.0,513.0,255.0,0.0,0.0,0.0,5.0,769.0,255.0,0.0,0.0,0.0,5.0,1025.0,255.0,0.0,0.0,0.0,5.0,1281.0,254.0,0.0,0.0,0.0,2.0,1644167432.0,1644167688.0,4.0,1678835984.0,1678836240.0,1678836496.0,1678836752.0,4.0,1678837008.0,1678837264.0,1678837520.0,1678837776.0,1.0,537198856.0,5.0,417.0,254.0,0.0,0.0,0.0,5.0,449.0,254.0,0.0,0.0,0.0,5.0,481.0,254.0,0.0,0.0,0.0,5.0,673.0,254.0,0.0,0.0,0.0,5.0,705.0,254.0,0.0,0.0,0.0,5.0,737.0,254.0,0.0,0.0,0.0,5.0,929.0,254.0,0.0,0.0,0.0,4.0,1342177544.0,1342177800.0,1342178056.0,1342178312.0,8.0,1342243080.0,1342243336.0,1342243592.0,1342243848.0,1342244104.0,1342244360.0,1342244616.0,1342244872.0,4.0,1342308624.0,1342308880.0,1342309136.0,1342309392.0,4.0,1342374160.0,1342374416.0,1342374672.0,1342374928.0,4.0,1342375184.0,1342375440.0,1342375696.0,1342375952.0,4.0,1342376208.0,1342376464.0,1342376720.0,1342376976.0,8.0,1342439688.0,1342439944.0,1342440200.0,1342440456.0,1342440712.0,1342440968.0,1342441224.0,1342441480.0,4.0,0.0,0.0,0.0,0.0,8.0,17.0,17.0,17.0,17.0,1.0,1.0,1.0,1.0,16.0,100.0,100.0,100.0,100.0,100.0,100.0,100.0,100.0,100.0,100.0,100.0,100.0,100.0,100.0,100.0,100.0,2.0,45.0,45.0,1.0,8.0,4.0,80.0,245.0,1.0,0.0,8.0,0.0,252.0,168.0,104.0,0.0,0.0,85.0,122.0,5.0,145.0,1842.0,3.0,6.0,1.0,12.0,0.0,0.0,0.0,0.0,0.0,0.0,0.0,0.0,0.0,0.0,0.0,0.0,8.0,44.0,0.0,0.0,0.0,0.0,0.0,0.0,0.0,2.0,128.0,0.0,8.0,0.0,0.0,0.0,0.0,0.0,0.0,0.0,0.0,0.0,0.0,0.0,655761.0,0.0,340444200.0,34044204.0,2.02,129.0,0.0,2000.0,65.0,0.0,0.0,0.0,0.0,0.0,0.0,0.0,1.0,0.0,0.0,0.0,0.0,0.0,0.0,0.0,0.0,0.0,0.0,0.0,0.0,0.0,0.0,0.0,0.0,0.0,0.0,0.0,0.0,0.0,0.0,0.0,1.0,0.0,0.0,0.0,0.0,0.0,0.0,0.0,0.0,0.0,0.0,0.0,0.0,0.0,0.0,0.0,0.0,0.0,0.0,0.0,0.0,0.0,0.0,0.0,0.0,0.0,0.0,0.0,0.0,0.0,0.0,0.0,0.0,0.0,0.0,0.0,0.0,0.0,0.0,0.0,0.0,14.413,0.0,0.0,0.0,0.0,0.0,0.0,0.0,1.0,1.0,0.0,0.0,0.0,0.0,0.0,0.0,0.0,0.0,0.0,
408,0.0,0.0,0.0,0.0,0.0,0.0,3.0,1.0,1.0,1.0,3.0,1.0,1.0,1.0,4.0,1275.0,3408964.0,131072.0,0.0,2.0,1537.0,1409.0,5.0,513.0,255.0,0.0,0.0,0.0,5.0,769.0,255.0,0.0,0.0,0.0,5.0,1025.0,255.0,0.0,0.0,0.0,5.0,1281.0,254.0,0.0,0.0,0.0,2.0,1644167432.0,1644167688.0,4.0,1678835984.0,1678836240.0,1678836496.0,1678836752.0,4.0,1678837008.0,1678837264.0,1678837520.0,1678837776.0,1.0,537198856.0,5.0,417.0,254.0,0.0,0.0,0.0,5.0,449.0,254.0,0.0,0.0,0.0,5.0,481.0,254.0,0.0,0.0,0.0,5.0,673.0,254.0,0.0,0.0,0.0,5.0,705.0,254.0,0.0,0.0,0.0,5.0,737.0,254.0,0.0,0.0,0.0,5.0,929.0,254.0,0.0,0.0,0.0,4.0,1342177544.0,1342177800.0,1342178056.0,1342178312.0,8.0,1342243080.0,1342243336.0,1342243592.0,1342243848.0,1342244104.0,1342244360.0,1342244616.0,1342244872.0,4.0,1342308624.0,1342308880.0,1342309136.0,1342309392.0,4.0,1342374160.0,1342374416.0,1342374672.0,1342374928.0,4.0,1342375184.0,1342375440.0,1342375696.0,1342375952.0,4.0,1342376208.0,1342376464.0,1342376720.0,1342376976.0,8.0,1342439688.0,1342439944.0,1342440200.0,1342440456.0,1342440712.0,1342440968.0,1342441224.0,1342441480.0,4.0,0.0,0.0,0.0,0.0,8.0,17.0,17.0,17.0,17.0,1.0,1.0,1.0,1.0,16.0,100.0,100.0,100.0,100.0,100.0,100.0,100.0,100.0,100.0,100.0,100.0,100.0,100.0,100.0,100.0,100.0,2.0,45.0,45.0,1.0,8.0,4.0,80.0,245.0,1.0,0.0,8.0,0.0,252.0,168.0,104.0,0.0,0.0,85.0,122.0,5.0,144.0,1842.0,3.0,6.0,1.0,12.0,0.0,0.0,0.0,0.0,0.0,0.0,0.0,0.0,0.0,0.0,0.0,0.0,8.0,44.0,0.0,0.0,0.0,0.0,0.0,0.0,0.0,2.0,128.0,0.0,8.0,0.0,0.0,0.0,0.0,0.0,0.0,0.0,0.0,0.0,0.0,0.0,655761.0,0.0,340444200.0,34044204.0,2.02,129.0,0.0,2000.0,65.0,0.0,0.0,0.0,0.0,0.0,0.0,0.0,1.0,0.0,0.0,0.0,0.0,0.0,0.0,0.0,0.0,0.0,0.0,0.0,0.0,0.0,0.0,0.0,0.0,0.0,0.0,0.0,0.0,0.0,0.0,0.0,1.0,0.0,0.0,0.0,0.0,0.0,0.0,0.0,0.0,0.0,0.0,0.0,0.0,0.0,0.0,0.0,0.0,0.0,0.0,0.0,0.0,0.0,0.0,0.0,0.0,0.0,0.0,0.0,0.0,0.0,0.0,0.0,0.0,0.0,0.0,0.0,0.0,0.0,0.0,0.0,0.0,14.413,0.0,0.0,0.0,0.0,0.0,0.0,0.0,1.0,1.0,0.0,0.0,0.0,0.0,0.0,0.0,0.0,0.0,0.0,
409,0.0,0.0,0.0,0.0,0.0,0.0,3.0,1.0,1.0,1.0,3.0,1.0,1.0,1.0,4.0,1275.0,3408964.0,131072.0,0.0,2.0,1537.0,1409.0,5.0,513.0,255.0,0.0,0.0,0.0,5.0,769.0,255.0,0.0,0.0,0.0,5.0,1025.0,255.0,0.0,0.0,0.0,5.0,1281.0,254.0,0.0,0.0,0.0,2.0,1644167432.0,1644167688.0,4.0,1678835984.0,1678836240.0,1678836496.0,1678836752.0,4.0,1678837008.0,1678837264.0,1678837520.0,1678837776.0,1.0,537198856.0,5.0,417.0,254.0,0.0,0.0,0.0,5.0,449.0,254.0,0.0,0.0,0.0,5.0,481.0,254.0,0.0,0.0,0.0,5.0,673.0,254.0,0.0,0.0,0.0,5.0,705.0,254.0,0.0,0.0,0.0,5.0,737.0,254.0,0.0,0.0,0.0,5.0,929.0,254.0,0.0,0.0,0.0,4.0,1342177544.0,1342177800.0,1342178056.0,1342178312.0,8.0,1342243080.0,1342243336.0,1342243592.0,1342243848.0,1342244104.0,1342244360.0,1342244616.0,1342244872.0,4.0,1342308624.0,1342308880.0,1342309136.0,1342309392.0,4.0,1342374160.0,1342374416.0,1342374672.0,1342374928.0,4.0,1342375184.0,1342375440.0,1342375696.0,1342375952.0,4.0,1342376208.0,1342376464.0,1342376720.0,1342376976.0,8.0,1342439688.0,1342439944.0,1342440200.0,1342440456.0,1342440712.0,1342440968.0,1342441224.0,1342441480.0,4.0,0.0,0.0,0.0,0.0,8.0,17.0,17.0,17.0,17.0,1.0,1.0,1.0,1.0,16.0,100.0,100.0,100.0,100.0,100.0,100.0,100.0,100.0,100.0,100.0,100.0,100.0,100.0,100.0,100.0,100.0,2.0,45.0,45.0,1.0,8.0,4.0,80.0,245.0,1.0,0.0,8.0,0.0,252.0,168.0,104.0,0.0,0.0,85.0,122.0,5.0,144.0,1842.0,3.0,6.0,1.0,12.0,0.0,0.0,0.0,0.0,0.0,0.0,0.0,0.0,0.0,0.0,0.0,0.0,8.0,44.0,0.0,0.0,0.0,0.0,0.0,0.0,0.0,2.0,128.0,0.0,8.0,0.0,0.0,0.0,0.0,0.0,0.0,0.0,0.0,0.0,0.0,0.0,655761.0,0.0,340444200.0,34044204.0,2.02,129.0,0.0,2000.0,65.0,0.0,0.0,0.0,0.0,0.0,0.0,0.0,1.0,0.0,0.0,0.0,0.0,0.0,0.0,0.0,0.0,0.0,0.0,0.0,0.0,0.0,0.0,0.0,0.0,0.0,0.0,0.0,0.0,0.0,0.0,0.0,1.0,0.0,0.0,0.0,0.0,0.0,0.0,0.0,0.0,0.0,0.0,0.0,0.0,0.0,0.0,0.0,0.0,0.0,0.0,0.0,0.0,0.0,0.0,0.0,0.0,0.0,0.0,0.0,0.0,0.0,0.0,0.0,0.0,0.0,0.0,0.0,0.0,0.0,0.0,0.0,0.0,14.413,0.0,0.0,0.0,0.0,0.0,0.0,0.0,1.0,1.0,0.0,0.0,0.0,0.0,0.0,0.0,0.0,0.0,0.0,
414,0.0,0.0,0.0,0.0,0.0,0.0,3.0,1.0,1.0,1.0,3.0,1.0,1.0,1.0,4.0,1275.0,3408964.0,131072.0,0.0,2.0,1537.0,1409.0,5.0,513.0,255.0,0.0,0.0,0.0,5.0,769.0,255.0,0.0,0.0,0.0,5.0,1025.0,255.0,0.0,0.0,0.0,5.0,1281.0,254.0,0.0,0.0,0.0,2.0,1644167432.0,1644167688.0,4.0,1678835984.0,1678836240.0,1678836496.0,1678836752.0,4.0,1678837008.0,1678837264.0,1678837520.0,1678837776.0,1.0,537198856.0,5.0,417.0,254.0,0.0,0.0,0.0,5.0,449.0,254.0,0.0,0.0,0.0,5.0,481.0,254.0,0.0,0.0,0.0,5.0,673.0,254.0,0.0,0.0,0.0,5.0,705.0,254.0,0.0,0.0,0.0,5.0,737.0,254.0,0.0,0.0,0.0,5.0,929.0,254.0,0.0,0.0,0.0,4.0,1342177544.0,1342177800.0,1342178056.0,1342178312.0,8.0,1342243080.0,1342243336.0,1342243592.0,1342243848.0,1342244104.0,1342244360.0,1342244616.0,1342244872.0,4.0,1342308624.0,1342308880.0,1342309136.0,1342309392.0,4.0,1342374160.0,1342374416.0,1342374672.0,1342374928.0,4.0,1342375184.0,1342375440.0,1342375696.0,1342375952.0,4.0,1342376208.0,1342376464.0,1342376720.0,1342376976.0,8.0,1342439688.0,1342439944.0,1342440200.0,1342440456.0,1342440712.0,1342440968.0,1342441224.0,1342441480.0,4.0,0.0,0.0,0.0,0.0,8.0,17.0,17.0,17.0,17.0,1.0,1.0,1.0,1.0,16.0,100.0,100.0,100.0,100.0,100.0,100.0,100.0,100.0,100.0,100.0,100.0,100.0,100.0,100.0,100.0,100.0,2.0,45.0,45.0,1.0,8.0,4.0,80.0,245.0,1.0,0.0,8.0,0.0,252.0,168.0,104.0,0.0,0.0,85.0,122.0,5.0,144.0,1842.0,3.0,6.0,1.0,12.0,0.0,0.0,0.0,481.0,0.0,0.0,0.0,0.0,0.0,0.0,0.0,0.0,8.0,44.0,0.0,0.0,0.0,0.0,0.0,0.0,0.0,2.0,128.0,0.0,8.0,0.0,0.0,0.0,0.0,0.0,0.0,0.0,0.0,0.0,0.0,0.0,655761.0,0.0,340444200.0,34044204.0,2.02,129.0,0.0,2000.0,65.0,0.0,0.0,0.0,0.0,0.0,0.0,0.0,1.0,0.0,0.0,0.0,0.0,0.0,0.0,0.0,0.0,0.0,0.0,0.0,0.0,0.0,0.0,0.0,0.0,0.0,0.0,0.0,0.0,0.0,0.0,0.0,1.0,0.0,0.0,0.0,0.0,0.0,0.0,0.0,0.0,0.0,0.0,0.0,0.0,0.0,0.0,0.0,0.0,0.0,0.0,0.0,0.0,0.0,0.0,0.0,0.0,0.0,0.0,0.0,0.0,0.0,0.0,0.0,0.0,0.0,0.0,0.0,0.0,0.0,0.0,0.0,0.0,13.719,0.499,0.0,0.0,0.0,0.0,0.0,0.0,1.0,1.0,0.0,0.0,500.0,0.0,0.0,0.0,0.0,0.0,0.0,
415,0.0,0.0,0.0,0.0,0.0,0.0,3.0,1.0,1.0,1.0,3.0,1.0,1.0,1.0,4.0,1275.0,3408964.0,131072.0,0.0,2.0,1537.0,1409.0,5.0,513.0,255.0,0.0,0.0,0.0,5.0,769.0,255.0,0.0,0.0,0.0,5.0,1025.0,255.0,0.0,0.0,0.0,5.0,1281.0,254.0,0.0,0.0,0.0,2.0,1644167432.0,1644167688.0,4.0,1678835984.0,1678836240.0,1678836496.0,1678836752.0,4.0,1678837008.0,1678837264.0,1678837520.0,1678837776.0,1.0,537198856.0,5.0,417.0,254.0,0.0,0.0,0.0,5.0,449.0,254.0,0.0,0.0,0.0,5.0,481.0,254.0,0.0,0.0,0.0,5.0,673.0,254.0,0.0,0.0,0.0,5.0,705.0,254.0,0.0,0.0,0.0,5.0,737.0,254.0,0.0,0.0,0.0,5.0,929.0,254.0,0.0,0.0,0.0,4.0,1342177544.0,1342177800.0,1342178056.0,1342178312.0,8.0,1342243080.0,1342243336.0,1342243592.0,1342243848.0,1342244104.0,1342244360.0,1342244616.0,1342244872.0,4.0,1342308624.0,1342308880.0,1342309136.0,1342309392.0,4.0,1342374160.0,1342374416.0,1342374672.0,1342374928.0,4.0,1342375184.0,1342375440.0,1342375696.0,1342375952.0,4.0,1342376208.0,1342376464.0,1342376720.0,1342376976.0,8.0,1342439688.0,1342439944.0,1342440200.0,1342440456.0,1342440712.0,1342440968.0,1342441224.0,1342441480.0,4.0,0.0,0.0,0.0,0.0,8.0,17.0,17.0,17.0,17.0,1.0,1.0,1.0,1.0,16.0,100.0,100.0,100.0,100.0,100.0,100.0,100.0,100.0,100.0,100.0,100.0,100.0,100.0,100.0,100.0,100.0,2.0,45.0,45.0,1.0,8.0,4.0,80.0,245.0,1.0,0.0,8.0,0.0,252.0,168.0,104.0,0.0,0.0,85.0,122.0,5.0,144.0,1842.0,3.0,6.0,1.0,12.0,0.0,0.0,0.0,481.0,0.0,0.0,0.0,0.0,0.0,0.0,0.0,0.0,8.0,44.0,0.0,0.0,0.0,0.0,0.0,0.0,0.0,2.0,128.0,0.0,8.0,0.0,0.0,0.0,0.0,0.0,0.0,0.0,0.0,0.0,0.0,0.0,655761.0,0.0,340444200.0,34044204.0,2.02,129.0,0.0,2000.0,65.0,0.0,0.0,0.0,0.0,0.0,0.0,0.0,1.0,0.0,0.0,0.0,0.0,0.0,0.0,0.0,0.0,0.0,0.0,0.0,0.0,0.0,0.0,0.0,0.0,0.0,0.0,0.0,0.0,0.0,0.0,0.0,1.0,0.0,0.0,0.0,0.0,0.0,0.0,0.0,0.0,0.0,0.0,0.0,0.0,0.0,0.0,0.0,0.0,0.0,0.0,0.0,0.0,0.0,0.0,0.0,0.0,0.0,0.0,0.0,0.0,0.0,0.0,0.0,0.0,0.0,0.0,0.0,0.0,0.0,0.0,0.0,0.0,13.719,0.499,0.0,0.0,0.0,0.0,0.0,0.0,1.0,1.0,0.0,0.0,500.0,0.0,0.0,0.0,0.0,0.0,0.0,
416,0.0,0.0,0.0,0.0,0.0,0.0,3.0,1.0,1.0,1.0,3.0,1.0,1.0,1.0,4.0,1275.0,3408964.0,131072.0,0.0,2.0,1537.0,1409.0,5.0,513.0,255.0,0.0,0.0,0.0,5.0,769.0,255.0,0.0,0.0,0.0,5.0,1025.0,255.0,0.0,0.0,0.0,5.0,1281.0,254.0,0.0,0.0,0.0,2.0,1644167432.0,1644167688.0,4.0,1678835984.0,1678836240.0,1678836496.0,1678836752.0,4.0,1678837008.0,1678837264.0,1678837520.0,1678837776.0,1.0,537198856.0,5.0,417.0,254.0,0.0,0.0,0.0,5.0,449.0,254.0,0.0,0.0,0.0,5.0,481.0,254.0,0.0,0.0,0.0,5.0,673.0,254.0,0.0,0.0,0.0,5.0,705.0,254.0,0.0,0.0,0.0,5.0,737.0,254.0,0.0,0.0,0.0,5.0,929.0,254.0,0.0,0.0,0.0,4.0,1342177544.0,1342177800.0,1342178056.0,1342178312.0,8.0,1342243080.0,1342243336.0,1342243592.0,1342243848.0,1342244104.0,1342244360.0,1342244616.0,1342244872.0,4.0,1342308624.0,1342308880.0,1342309136.0,1342309392.0,4.0,1342374160.0,1342374416.0,1342374672.0,1342374928.0,4.0,1342375184.0,1342375440.0,1342375696.0,1342375952.0,4.0,1342376208.0,1342376464.0,1342376720.0,1342376976.0,8.0,1342439688.0,1342439944.0,1342440200.0,1342440456.0,1342440712.0,1342440968.0,1342441224.0,1342441480.0,4.0,0.0,0.0,0.0,0.0,8.0,17.0,17.0,17.0,17.0,1.0,1.0,1.0,1.0,16.0,100.0,100.0,100.0,100.0,100.0,100.0,100.0,100.0,100.0,100.0,100.0,100.0,100.0,100.0,100.0,100.0,2.0,45.0,45.0,1.0,8.0,4.0,80.0,245.0,1.0,0.0,8.0,0.0,252.0,168.0,104.0,0.0,0.0,85.0,122.0,5.0,144.0,1842.0,3.0,6.0,1.0,12.0,0.0,0.0,0.0,481.0,0.0,0.0,0.0,0.0,0.0,0.0,0.0,0.0,8.0,44.0,0.0,0.0,0.0,0.0,0.0,0.0,0.0,2.0,128.0,0.0,8.0,0.0,0.0,0.0,0.0,0.0,0.0,0.0,0.0,0.0,0.0,0.0,655761.0,0.0,340444200.0,34044204.0,2.02,129.0,0.0,2000.0,65.0,0.0,0.0,0.0,0.0,0.0,0.0,0.0,1.0,0.0,0.0,0.0,0.0,0.0,0.0,0.0,0.0,0.0,0.0,0.0,0.0,0.0,0.0,0.0,0.0,0.0,0.0,0.0,0.0,0.0,0.0,0.0,1.0,0.0,0.0,0.0,0.0,0.0,0.0,0.0,0.0,0.0,0.0,0.0,0.0,0.0,0.0,0.0,0.0,0.0,0.0,0.0,0.0,0.0,0.0,0.0,0.0,0.0,0.0,0.0,0.0,0.0,0.0,0.0,0.0,0.0,0.0,0.0,0.0,0.0,0.0,0.0,0.0,13.72,0.499,0.0,0.0,0.0,0.0,0.0,0.0,1.0,1.0,0.0,0.0,500.0,0.0,0.0,0.0,0.0,0.0,0.0,
421,0.0,0.0,0.0,0.0,0.0,0.0,3.0,1.0,1.0,1.0,3.0,1.0,1.0,1.0,4.0,1275.0,3408964.0,131072.0,0.0,2.0,1537.0,1409.0,5.0,513.0,255.0,0.0,0.0,0.0,5.0,769.0,255.0,0.0,0.0,0.0,5.0,1025.0,255.0,0.0,0.0,0.0,5.0,1281.0,254.0,0.0,0.0,0.0,2.0,1644167432.0,1644167688.0,4.0,1678835984.0,1678836240.0,1678836496.0,1678836752.0,4.0,1678837008.0,1678837264.0,1678837520.0,1678837776.0,1.0,537198856.0,5.0,417.0,254.0,0.0,0.0,0.0,5.0,449.0,254.0,0.0,0.0,0.0,5.0,481.0,254.0,0.0,0.0,0.0,5.0,673.0,254.0,0.0,0.0,0.0,5.0,705.0,254.0,0.0,0.0,0.0,5.0,737.0,254.0,0.0,0.0,0.0,5.0,929.0,254.0,0.0,0.0,0.0,4.0,1342177544.0,1342177800.0,1342178056.0,1342178312.0,8.0,1342243080.0,1342243336.0,1342243592.0,1342243848.0,1342244104.0,1342244360.0,1342244616.0,1342244872.0,4.0,1342308624.0,1342308880.0,1342309136.0,1342309392.0,4.0,1342374160.0,1342374416.0,1342374672.0,1342374928.0,4.0,1342375184.0,1342375440.0,1342375696.0,1342375952.0,4.0,1342376208.0,1342376464.0,1342376720.0,1342376976.0,8.0,1342439688.0,1342439944.0,1342440200.0,1342440456.0,1342440712.0,1342440968.0,1342441224.0,1342441480.0,4.0,0.0,0.0,0.0,0.0,8.0,17.0,17.0,17.0,17.0,1.0,1.0,1.0,1.0,16.0,100.0,100.0,100.0,100.0,100.0,100.0,100.0,100.0,100.0,100.0,100.0,100.0,100.0,100.0,100.0,100.0,2.0,45.0,45.0,1.0,8.0,4.0,80.0,245.0,1.0,0.0,8.0,0.0,252.0,168.0,104.0,0.0,0.0,85.0,122.0,5.0,144.0,1842.0,3.0,6.0,1.0,12.0,0.0,0.0,0.0,991.0,0.0,0.0,0.0,0.0,0.0,0.0,0.0,0.0,8.0,44.0,0.0,0.0,0.0,0.0,0.0,0.0,0.0,2.0,128.0,0.0,8.0,0.0,0.0,0.0,0.0,0.0,0.0,0.0,0.0,0.0,0.0,0.0,655761.0,0.0,340444200.0,34044204.0,2.02,129.0,0.0,2000.0,65.0,0.0,0.0,0.0,0.0,0.0,0.0,0.0,1.0,0.0,0.0,0.0,0.0,0.0,0.0,0.0,0.0,0.0,0.0,0.0,0.0,0.0,0.0,0.0,0.0,0.0,0.0,0.0,0.0,0.0,0.0,0.0,1.0,0.0,0.0,0.0,0.0,0.0,0.0,0.0,0.0,0.0,0.0,0.0,0.0,0.0,0.0,0.0,0.0,0.0,0.0,0.0,0.0,0.0,0.0,0.0,0.0,0.0,0.0,0.0,0.0,0.0,0.0,0.0,0.0,0.0,0.0,0.0,0.0,0.0,0.0,0.0,0.0,13.054,0.999,0.0,0.0,0.0,0.0,0.0,0.0,1.0,1.0,0.0,0.0,1000.0,0.0,0.0,0.0,0.0,0.0,0.0,
422,0.0,0.0,0.0,0.0,0.0,0.0,3.0,1.0,1.0,1.0,3.0,1.0,1.0,1.0,4.0,1275.0,3408964.0,131072.0,0.0,2.0,1537.0,1409.0,5.0,513.0,255.0,0.0,0.0,0.0,5.0,769.0,255.0,0.0,0.0,0.0,5.0,1025.0,255.0,0.0,0.0,0.0,5.0,1281.0,254.0,0.0,0.0,0.0,2.0,1644167432.0,1644167688.0,4.0,1678835984.0,1678836240.0,1678836496.0,1678836752.0,4.0,1678837008.0,1678837264.0,1678837520.0,1678837776.0,1.0,537198856.0,5.0,417.0,254.0,0.0,0.0,0.0,5.0,449.0,254.0,0.0,0.0,0.0,5.0,481.0,254.0,0.0,0.0,0.0,5.0,673.0,254.0,0.0,0.0,0.0,5.0,705.0,254.0,0.0,0.0,0.0,5.0,737.0,254.0,0.0,0.0,0.0,5.0,929.0,254.0,0.0,0.0,0.0,4.0,1342177544.0,1342177800.0,1342178056.0,1342178312.0,8.0,1342243080.0,1342243336.0,1342243592.0,1342243848.0,1342244104.0,1342244360.0,1342244616.0,1342244872.0,4.0,1342308624.0,1342308880.0,1342309136.0,1342309392.0,4.0,1342374160.0,1342374416.0,1342374672.0,1342374928.0,4.0,1342375184.0,1342375440.0,1342375696.0,1342375952.0,4.0,1342376208.0,1342376464.0,1342376720.0,1342376976.0,8.0,1342439688.0,1342439944.0,1342440200.0,1342440456.0,1342440712.0,1342440968.0,1342441224.0,1342441480.0,4.0,0.0,0.0,0.0,0.0,8.0,17.0,17.0,17.0,17.0,1.0,1.0,1.0,1.0,16.0,100.0,100.0,100.0,100.0,100.0,100.0,100.0,100.0,100.0,100.0,100.0,100.0,100.0,100.0,100.0,100.0,2.0,45.0,45.0,1.0,8.0,4.0,80.0,245.0,1.0,0.0,8.0,0.0,252.0,168.0,104.0,0.0,0.0,85.0,122.0,5.0,144.0,1842.0,3.0,6.0,1.0,12.0,0.0,0.0,0.0,995.0,0.0,0.0,0.0,0.0,0.0,0.0,0.0,0.0,8.0,44.0,0.0,0.0,0.0,0.0,0.0,0.0,0.0,2.0,128.0,0.0,8.0,0.0,0.0,0.0,0.0,0.0,0.0,0.0,0.0,0.0,0.0,0.0,655761.0,0.0,340444200.0,34044204.0,2.02,129.0,0.0,2000.0,65.0,0.0,0.0,0.0,0.0,0.0,0.0,0.0,1.0,0.0,0.0,0.0,0.0,0.0,0.0,0.0,0.0,0.0,0.0,0.0,0.0,0.0,0.0,0.0,0.0,0.0,0.0,0.0,0.0,0.0,0.0,0.0,1.0,0.0,0.0,0.0,0.0,0.0,0.0,0.0,0.0,0.0,0.0,0.0,0.0,0.0,0.0,0.0,0.0,0.0,0.0,0.0,0.0,0.0,0.0,0.0,0.0,0.0,0.0,0.0,0.0,0.0,0.0,0.0,0.0,0.0,0.0,0.0,0.0,0.0,0.0,0.0,0.0,13.053,0.999,0.0,0.0,0.0,0.0,0.0,0.0,1.0,1.0,0.0,0.0,1000.0,0.0,0.0,0.0,0.0,0.0,0.0,
423,0.0,0.0,0.0,0.0,0.0,0.0,3.0,1.0,1.0,1.0,3.0,1.0,1.0,1.0,4.0,1275.0,3408964.0,131072.0,0.0,2.0,1537.0,1409.0,5.0,513.0,255.0,0.0,0.0,0.0,5.0,769.0,255.0,0.0,0.0,0.0,5.0,1025.0,255.0,0.0,0.0,0.0,5.0,1281.0,254.0,0.0,0.0,0.0,2.0,1644167432.0,1644167688.0,4.0,1678835984.0,1678836240.0,1678836496.0,1678836752.0,4.0,1678837008.0,1678837264.0,1678837520.0,1678837776.0,1.0,537198856.0,5.0,417.0,254.0,0.0,0.0,0.0,5.0,449.0,254.0,0.0,0.0,0.0,5.0,481.0,254.0,0.0,0.0,0.0,5.0,673.0,254.0,0.0,0.0,0.0,5.0,705.0,254.0,0.0,0.0,0.0,5.0,737.0,254.0,0.0,0.0,0.0,5.0,929.0,254.0,0.0,0.0,0.0,4.0,1342177544.0,1342177800.0,1342178056.0,1342178312.0,8.0,1342243080.0,1342243336.0,1342243592.0,1342243848.0,1342244104.0,1342244360.0,1342244616.0,1342244872.0,4.0,1342308624.0,1342308880.0,1342309136.0,1342309392.0,4.0,1342374160.0,1342374416.0,1342374672.0,1342374928.0,4.0,1342375184.0,1342375440.0,1342375696.0,1342375952.0,4.0,1342376208.0,1342376464.0,1342376720.0,1342376976.0,8.0,1342439688.0,1342439944.0,1342440200.0,1342440456.0,1342440712.0,1342440968.0,1342441224.0,1342441480.0,4.0,0.0,0.0,0.0,0.0,8.0,17.0,17.0,17.0,17.0,1.0,1.0,1.0,1.0,16.0,100.0,100.0,100.0,100.0,100.0,100.0,100.0,100.0,100.0,100.0,100.0,100.0,100.0,100.0,100.0,100.0,2.0,45.0,45.0,1.0,8.0,4.0,80.0,245.0,1.0,0.0,8.0,0.0,252.0,168.0,104.0,0.0,0.0,85.0,122.0,5.0,144.0,1842.0,3.0,6.0,1.0,12.0,0.0,0.0,0.0,995.0,0.0,0.0,0.0,0.0,0.0,0.0,0.0,0.0,8.0,44.0,0.0,0.0,0.0,0.0,0.0,0.0,0.0,2.0,128.0,0.0,8.0,0.0,0.0,0.0,0.0,0.0,0.0,0.0,0.0,0.0,0.0,0.0,655761.0,0.0,340444200.0,34044204.0,2.02,129.0,0.0,2000.0,65.0,0.0,0.0,0.0,0.0,0.0,0.0,0.0,1.0,0.0,0.0,0.0,0.0,0.0,0.0,0.0,0.0,0.0,0.0,0.0,0.0,0.0,0.0,0.0,0.0,0.0,0.0,0.0,0.0,0.0,0.0,0.0,1.0,0.0,0.0,0.0,0.0,0.0,0.0,0.0,0.0,0.0,0.0,0.0,0.0,0.0,0.0,0.0,0.0,0.0,0.0,0.0,0.0,0.0,0.0,0.0,0.0,0.0,0.0,0.0,0.0,0.0,0.0,0.0,0.0,0.0,0.0,0.0,0.0,0.0,0.0,0.0,0.0,13.053,0.999,0.0,0.0,0.0,0.0,0.0,0.0,1.0,1.0,0.0,0.0,1000.0,0.0,0.0,0.0,0.0,0.0,0.0,
428,0.0,0.0,0.0,0.0,0.0,0.0,3.0,1.0,1.0,1.0,3.0,1.0,1.0,1.0,4.0,1275.0,3408964.0,131072.0,0.0,2.0,1537.0,1409.0,5.0,513.0,255.0,0.0,0.0,0.0,5.0,769.0,255.0,0.0,0.0,0.0,5.0,1025.0,255.0,0.0,0.0,0.0,5.0,1281.0,254.0,0.0,0.0,0.0,2.0,1644167432.0,1644167688.0,4.0,1678835984.0,1678836240.0,1678836496.0,1678836752.0,4.0,1678837008.0,1678837264.0,1678837520.0,1678837776.0,1.0,537198856.0,5.0,417.0,254.0,0.0,0.0,0.0,5.0,449.0,254.0,0.0,0.0,0.0,5.0,481.0,254.0,0.0,0.0,0.0,5.0,673.0,254.0,0.0,0.0,0.0,5.0,705.0,254.0,0.0,0.0,0.0,5.0,737.0,254.0,0.0,0.0,0.0,5.0,929.0,254.0,0.0,0.0,0.0,4.0,1342177544.0,1342177800.0,1342178056.0,1342178312.0,8.0,1342243080.0,1342243336.0,1342243592.0,1342243848.0,1342244104.0,1342244360.0,1342244616.0,1342244872.0,4.0,1342308624.0,1342308880.0,1342309136.0,1342309392.0,4.0,1342374160.0,1342374416.0,1342374672.0,1342374928.0,4.0,1342375184.0,1342375440.0,1342375696.0,1342375952.0,4.0,1342376208.0,1342376464.0,1342376720.0,1342376976.0,8.0,1342439688.0,1342439944.0,1342440200.0,1342440456.0,1342440712.0,1342440968.0,1342441224.0,1342441480.0,4.0,0.0,0.0,0.0,0.0,8.0,17.0,17.0,17.0,17.0,1.0,1.0,1.0,1.0,16.0,100.0,100.0,100.0,100.0,100.0,100.0,100.0,100.0,100.0,100.0,100.0,100.0,100.0,100.0,100.0,100.0,2.0,45.0,45.0,1.0,8.0,4.0,80.0,245.0,1.0,0.0,8.0,0.0,252.0,168.0,104.0,0.0,0.0,85.0,122.0,5.0,144.0,1842.0,3.0,6.0,1.0,12.0,0.0,0.0,0.0,1513.0,0.0,0.0,0.0,0.0,0.0,0.0,0.0,0.0,8.0,44.0,0.0,0.0,0.0,0.0,0.0,0.0,0.0,2.0,128.0,0.0,8.0,0.0,0.0,0.0,0.0,0.0,0.0,0.0,0.0,0.0,0.0,0.0,655761.0,0.0,340444200.0,34044204.0,2.02,129.0,0.0,2000.0,65.0,0.0,0.0,0.0,0.0,0.0,0.0,0.0,1.0,0.0,0.0,0.0,0.0,0.0,0.0,0.0,0.0,0.0,0.0,0.0,0.0,0.0,0.0,0.0,0.0,0.0,0.0,0.0,0.0,0.0,0.0,0.0,1.0,0.0,0.0,0.0,0.0,0.0,0.0,0.0,0.0,0.0,0.0,0.0,0.0,0.0,0.0,0.0,0.0,0.0,0.0,0.0,0.0,0.0,0.0,0.0,0.0,0.0,0.0,0.0,0.0,0.0,0.0,0.0,0.0,0.0,0.0,0.0,0.0,0.0,0.0,0.0,0.0,12.37,1.499,0.0,0.0,0.0,0.0,0.0,0.0,1.0,1.0,0.0,0.0,1500.0,0.0,0.0,0.0,0.0,0.0,0.0,
429,0.0,0.0,0.0,0.0,0.0,0.0,3.0,1.0,1.0,1.0,3.0,1.0,1.0,1.0,4.0,1275.0,3408964.0,131072.0,0.0,2.0,1537.0,1409.0,5.0,513.0,255.0,0.0,0.0,0.0,5.0,769.0,255.0,0.0,0.0,0.0,5.0,1025.0,255.0,0.0,0.0,0.0,5.0,1281.0,254.0,0.0,0.0,0.0,2.0,1644167432.0,1644167688.0,4.0,1678835984.0,1678836240.0,1678836496.0,1678836752.0,4.0,1678837008.0,1678837264.0,1678837520.0,1678837776.0,1.0,537198856.0,5.0,417.0,254.0,0.0,0.0,0.0,5.0,449.0,254.0,0.0,0.0,0.0,5.0,481.0,254.0,0.0,0.0,0.0,5.0,673.0,254.0,0.0,0.0,0.0,5.0,705.0,254.0,0.0,0.0,0.0,5.0,737.0,254.0,0.0,0.0,0.0,5.0,929.0,254.0,0.0,0.0,0.0,4.0,1342177544.0,1342177800.0,1342178056.0,1342178312.0,8.0,1342243080.0,1342243336.0,1342243592.0,1342243848.0,1342244104.0,1342244360.0,1342244616.0,1342244872.0,4.0,1342308624.0,1342308880.0,1342309136.0,1342309392.0,4.0,1342374160.0,1342374416.0,1342374672.0,1342374928.0,4.0,1342375184.0,1342375440.0,1342375696.0,1342375952.0,4.0,1342376208.0,1342376464.0,1342376720.0,1342376976.0,8.0,1342439688.0,1342439944.0,1342440200.0,1342440456.0,1342440712.0,1342440968.0,1342441224.0,1342441480.0,4.0,0.0,0.0,0.0,0.0,8.0,17.0,17.0,17.0,17.0,1.0,1.0,1.0,1.0,16.0,100.0,100.0,100.0,100.0,100.0,100.0,100.0,100.0,100.0,100.0,100.0,100.0,100.0,100.0,100.0,100.0,2.0,45.0,45.0,1.0,8.0,4.0,80.0,245.0,1.0,0.0,8.0,0.0,252.0,168.0,104.0,0.0,0.0,85.0,122.0,5.0,144.0,1837.0,3.0,6.0,1.0,12.0,0.0,0.0,0.0,1517.0,0.0,0.0,0.0,0.0,0.0,0.0,0.0,0.0,8.0,44.0,0.0,0.0,0.0,0.0,0.0,0.0,0.0,2.0,128.0,0.0,8.0,0.0,0.0,0.0,0.0,0.0,0.0,0.0,0.0,0.0,0.0,0.0,655761.0,0.0,340444200.0,34044204.0,2.02,129.0,0.0,2000.0,65.0,0.0,0.0,0.0,0.0,0.0,0.0,0.0,1.0,0.0,0.0,0.0,0.0,0.0,0.0,0.0,0.0,0.0,0.0,0.0,0.0,0.0,0.0,0.0,0.0,0.0,0.0,0.0,0.0,0.0,0.0,0.0,1.0,0.0,0.0,0.0,0.0,0.0,0.0,0.0,0.0,0.0,0.0,0.0,0.0,0.0,0.0,0.0,0.0,0.0,0.0,0.0,0.0,0.0,0.0,0.0,0.0,0.0,0.0,0.0,0.0,0.0,0.0,0.0,0.0,0.0,0.0,0.0,0.0,0.0,0.0,0.0,0.0,12.368,1.499,0.0,0.0,0.0,0.0,0.0,0.0,1.0,1.0,0.0,0.0,1500.0,0.0,0.0,0.0,0.0,0.0,0.0,
430,0.0,0.0,0.0,0.0,0.0,0.0,3.0,1.0,1.0,1.0,3.0,1.0,1.0,1.0,4.0,1275.0,3408964.0,131072.0,0.0,2.0,1537.0,1409.0,5.0,513.0,255.0,0.0,0.0,0.0,5.0,769.0,255.0,0.0,0.0,0.0,5.0,1025.0,255.0,0.0,0.0,0.0,5.0,1281.0,254.0,0.0,0.0,0.0,2.0,1644167432.0,1644167688.0,4.0,1678835984.0,1678836240.0,1678836496.0,1678836752.0,4.0,1678837008.0,1678837264.0,1678837520.0,1678837776.0,1.0,537198856.0,5.0,417.0,254.0,0.0,0.0,0.0,5.0,449.0,254.0,0.0,0.0,0.0,5.0,481.0,254.0,0.0,0.0,0.0,5.0,673.0,254.0,0.0,0.0,0.0,5.0,705.0,254.0,0.0,0.0,0.0,5.0,737.0,254.0,0.0,0.0,0.0,5.0,929.0,254.0,0.0,0.0,0.0,4.0,1342177544.0,1342177800.0,1342178056.0,1342178312.0,8.0,1342243080.0,1342243336.0,1342243592.0,1342243848.0,1342244104.0,1342244360.0,1342244616.0,1342244872.0,4.0,1342308624.0,1342308880.0,1342309136.0,1342309392.0,4.0,1342374160.0,1342374416.0,1342374672.0,1342374928.0,4.0,1342375184.0,1342375440.0,1342375696.0,1342375952.0,4.0,1342376208.0,1342376464.0,1342376720.0,1342376976.0,8.0,1342439688.0,1342439944.0,1342440200.0,1342440456.0,1342440712.0,1342440968.0,1342441224.0,1342441480.0,4.0,0.0,0.0,0.0,0.0,8.0,17.0,17.0,17.0,17.0,1.0,1.0,1.0,1.0,16.0,100.0,100.0,100.0,100.0,100.0,100.0,100.0,100.0,100.0,100.0,100.0,100.0,100.0,100.0,100.0,100.0,2.0,45.0,45.0,1.0,8.0,4.0,80.0,245.0,1.0,0.0,8.0,0.0,252.0,168.0,104.0,0.0,0.0,85.0,122.0,5.0,144.0,1837.0,3.0,6.0,1.0,12.0,0.0,0.0,0.0,1517.0,0.0,0.0,0.0,0.0,0.0,0.0,0.0,0.0,8.0,44.0,0.0,0.0,0.0,0.0,0.0,0.0,0.0,2.0,128.0,0.0,8.0,0.0,0.0,0.0,0.0,0.0,0.0,0.0,0.0,0.0,0.0,0.0,655761.0,0.0,340444200.0,34044204.0,2.02,129.0,0.0,2000.0,65.0,0.0,0.0,0.0,0.0,0.0,0.0,0.0,1.0,0.0,0.0,0.0,0.0,0.0,0.0,0.0,0.0,0.0,0.0,0.0,0.0,0.0,0.0,0.0,0.0,0.0,0.0,0.0,0.0,0.0,0.0,0.0,1.0,0.0,0.0,0.0,0.0,0.0,0.0,0.0,0.0,0.0,0.0,0.0,0.0,0.0,0.0,0.0,0.0,0.0,0.0,0.0,0.0,0.0,0.0,0.0,0.0,0.0,0.0,0.0,0.0,0.0,0.0,0.0,0.0,0.0,0.0,0.0,0.0,0.0,0.0,0.0,0.0,12.368,1.499,0.0,0.0,0.0,0.0,0.0,0.0,1.0,1.0,0.0,0.0,1500.0,0.0,0.0,0.0,0.0,0.0,0.0,
435,0.0,0.0,0.0,0.0,0.0,0.0,3.0,1.0,1.0,1.0,3.0,1.0,1.0,1.0,4.0,1275.0,3408964.0,131072.0,0.0,2.0,1537.0,1409.0,5.0,513.0,255.0,0.0,0.0,0.0,5.0,769.0,255.0,0.0,0.0,0.0,5.0,1025.0,255.0,0.0,0.0,0.0,5.0,1281.0,254.0,0.0,0.0,0.0,2.0,1644167432.0,1644167688.0,4.0,1678835984.0,1678836240.0,1678836496.0,1678836752.0,4.0,1678837008.0,1678837264.0,1678837520.0,1678837776.0,1.0,537198856.0,5.0,417.0,254.0,0.0,0.0,0.0,5.0,449.0,254.0,0.0,0.0,0.0,5.0,481.0,254.0,0.0,0.0,0.0,5.0,673.0,254.0,0.0,0.0,0.0,5.0,705.0,254.0,0.0,0.0,0.0,5.0,737.0,254.0,0.0,0.0,0.0,5.0,929.0,254.0,0.0,0.0,0.0,4.0,1342177544.0,1342177800.0,1342178056.0,1342178312.0,8.0,1342243080.0,1342243336.0,1342243592.0,1342243848.0,1342244104.0,1342244360.0,1342244616.0,1342244872.0,4.0,1342308624.0,1342308880.0,1342309136.0,1342309392.0,4.0,1342374160.0,1342374416.0,1342374672.0,1342374928.0,4.0,1342375184.0,1342375440.0,1342375696.0,1342375952.0,4.0,1342376208.0,1342376464.0,1342376720.0,1342376976.0,8.0,1342439688.0,1342439944.0,1342440200.0,1342440456.0,1342440712.0,1342440968.0,1342441224.0,1342441480.0,4.0,0.0,0.0,0.0,0.0,8.0,17.0,17.0,17.0,17.0,1.0,1.0,1.0,1.0,16.0,100.0,100.0,100.0,100.0,100.0,100.0,100.0,100.0,100.0,100.0,100.0,100.0,100.0,100.0,100.0,100.0,2.0,45.0,45.0,1.0,8.0,4.0,80.0,245.0,1.0,0.0,8.0,0.0,252.0,168.0,104.0,0.0,0.0,85.0,122.0,5.0,143.0,1842.0,3.0,6.0,1.0,12.0,0.0,0.0,0.0,2038.0,0.0,0.0,0.0,0.0,0.0,0.0,0.0,0.0,8.0,44.0,0.0,0.0,0.0,0.0,0.0,0.0,0.0,2.0,128.0,0.0,8.0,0.0,0.0,0.0,0.0,0.0,0.0,0.0,0.0,0.0,0.0,0.0,655761.0,0.0,340444200.0,34044204.0,2.02,129.0,0.0,2000.0,65.0,0.0,0.0,0.0,0.0,0.0,0.0,0.0,1.0,0.0,0.0,0.0,0.0,0.0,0.0,0.0,0.0,0.0,0.0,0.0,0.0,0.0,0.0,0.0,0.0,0.0,0.0,0.0,0.0,0.0,0.0,0.0,1.0,0.0,0.0,0.0,0.0,0.0,0.0,0.0,0.0,0.0,0.0,0.0,0.0,0.0,0.0,0.0,0.0,0.0,0.0,0.0,0.0,0.0,0.0,0.0,0.0,0.0,0.0,0.0,0.0,0.0,0.0,0.0,0.0,0.0,0.0,0.0,0.0,0.0,0.0,0.0,0.0,11.681,1.999,0.0,0.0,0.0,0.0,0.0,0.0,1.0,1.0,0.0,0.0,2000.0,0.0,0.0,0.0,0.0,0.0,0.0,
436,0.0,0.0,0.0,0.0,0.0,0.0,3.0,1.0,1.0,1.0,3.0,1.0,1.0,1.0,4.0,1275.0,3408964.0,131072.0,0.0,2.0,1537.0,1409.0,5.0,513.0,255.0,0.0,0.0,0.0,5.0,769.0,255.0,0.0,0.0,0.0,5.0,1025.0,255.0,0.0,0.0,0.0,5.0,1281.0,254.0,0.0,0.0,0.0,2.0,1644167432.0,1644167688.0,4.0,1678835984.0,1678836240.0,1678836496.0,1678836752.0,4.0,1678837008.0,1678837264.0,1678837520.0,1678837776.0,1.0,537198856.0,5.0,417.0,254.0,0.0,0.0,0.0,5.0,449.0,254.0,0.0,0.0,0.0,5.0,481.0,254.0,0.0,0.0,0.0,5.0,673.0,254.0,0.0,0.0,0.0,5.0,705.0,254.0,0.0,0.0,0.0,5.0,737.0,254.0,0.0,0.0,0.0,5.0,929.0,254.0,0.0,0.0,0.0,4.0,1342177544.0,1342177800.0,1342178056.0,1342178312.0,8.0,1342243080.0,1342243336.0,1342243592.0,1342243848.0,1342244104.0,1342244360.0,1342244616.0,1342244872.0,4.0,1342308624.0,1342308880.0,1342309136.0,1342309392.0,4.0,1342374160.0,1342374416.0,1342374672.0,1342374928.0,4.0,1342375184.0,1342375440.0,1342375696.0,1342375952.0,4.0,1342376208.0,1342376464.0,1342376720.0,1342376976.0,8.0,1342439688.0,1342439944.0,1342440200.0,1342440456.0,1342440712.0,1342440968.0,1342441224.0,1342441480.0,4.0,0.0,0.0,0.0,0.0,8.0,17.0,17.0,17.0,17.0,1.0,1.0,1.0,1.0,16.0,100.0,100.0,100.0,100.0,100.0,100.0,100.0,100.0,100.0,100.0,100.0,100.0,100.0,100.0,100.0,100.0,2.0,45.0,45.0,1.0,8.0,4.0,80.0,245.0,1.0,0.0,8.0,0.0,252.0,168.0,104.0,0.0,0.0,85.0,122.0,5.0,143.0,1842.0,3.0,6.0,1.0,12.0,0.0,0.0,0.0,2038.0,0.0,0.0,0.0,0.0,0.0,0.0,0.0,0.0,8.0,44.0,0.0,0.0,0.0,0.0,0.0,0.0,0.0,2.0,128.0,0.0,8.0,0.0,0.0,0.0,0.0,0.0,0.0,0.0,0.0,0.0,0.0,0.0,655761.0,0.0,340444200.0,34044204.0,2.02,129.0,0.0,2000.0,65.0,0.0,0.0,0.0,0.0,0.0,0.0,0.0,1.0,0.0,0.0,0.0,0.0,0.0,0.0,0.0,0.0,0.0,0.0,0.0,0.0,0.0,0.0,0.0,0.0,0.0,0.0,0.0,0.0,0.0,0.0,0.0,1.0,0.0,0.0,0.0,0.0,0.0,0.0,0.0,0.0,0.0,0.0,0.0,0.0,0.0,0.0,0.0,0.0,0.0,0.0,0.0,0.0,0.0,0.0,0.0,0.0,0.0,0.0,0.0,0.0,0.0,0.0,0.0,0.0,0.0,0.0,0.0,0.0,0.0,0.0,0.0,0.0,11.681,1.999,0.0,0.0,0.0,0.0,0.0,0.0,1.0,1.0,0.0,0.0,2000.0,0.0,0.0,0.0,0.0,0.0,0.0,
437,0.0,0.0,0.0,0.0,0.0,0.0,3.0,1.0,1.0,1.0,3.0,1.0,1.0,1.0,4.0,1275.0,3408964.0,131072.0,0.0,2.0,1537.0,1409.0,5.0,513.0,255.0,0.0,0.0,0.0,5.0,769.0,255.0,0.0,0.0,0.0,5.0,1025.0,255.0,0.0,0.0,0.0,5.0,1281.0,254.0,0.0,0.0,0.0,2.0,1644167432.0,1644167688.0,4.0,1678835984.0,1678836240.0,1678836496.0,1678836752.0,4.0,1678837008.0,1678837264.0,1678837520.0,1678837776.0,1.0,537198856.0,5.0,417.0,254.0,0.0,0.0,0.0,5.0,449.0,254.0,0.0,0.0,0.0,5.0,481.0,254.0,0.0,0.0,0.0,5.0,673.0,254.0,0.0,0.0,0.0,5.0,705.0,254.0,0.0,0.0,0.0,5.0,737.0,254.0,0.0,0.0,0.0,5.0,929.0,254.0,0.0,0.0,0.0,4.0,1342177544.0,1342177800.0,1342178056.0,1342178312.0,8.0,1342243080.0,1342243336.0,1342243592.0,1342243848.0,1342244104.0,1342244360.0,1342244616.0,1342244872.0,4.0,1342308624.0,1342308880.0,1342309136.0,1342309392.0,4.0,1342374160.0,1342374416.0,1342374672.0,1342374928.0,4.0,1342375184.0,1342375440.0,1342375696.0,1342375952.0,4.0,1342376208.0,1342376464.0,1342376720.0,1342376976.0,8.0,1342439688.0,1342439944.0,1342440200.0,1342440456.0,1342440712.0,1342440968.0,1342441224.0,1342441480.0,4.0,0.0,0.0,0.0,0.0,8.0,17.0,17.0,17.0,17.0,1.0,1.0,1.0,1.0,16.0,100.0,100.0,100.0,100.0,100.0,100.0,100.0,100.0,100.0,100.0,100.0,100.0,100.0,100.0,100.0,100.0,2.0,45.0,45.0,1.0,8.0,4.0,80.0,245.0,1.0,0.0,8.0,0.0,252.0,168.0,104.0,0.0,0.0,85.0,122.0,5.0,143.0,1842.0,3.0,6.0,1.0,12.0,0.0,0.0,0.0,2038.0,0.0,0.0,0.0,0.0,0.0,0.0,0.0,0.0,8.0,44.0,0.0,0.0,0.0,0.0,0.0,0.0,0.0,2.0,128.0,0.0,8.0,0.0,0.0,0.0,0.0,0.0,0.0,0.0,0.0,0.0,0.0,0.0,655761.0,0.0,340444200.0,34044204.0,2.02,129.0,0.0,2000.0,65.0,0.0,0.0,0.0,0.0,0.0,0.0,0.0,1.0,0.0,0.0,0.0,0.0,0.0,0.0,0.0,0.0,0.0,0.0,0.0,0.0,0.0,0.0,0.0,0.0,0.0,0.0,0.0,0.0,0.0,0.0,0.0,1.0,0.0,0.0,0.0,0.0,0.0,0.0,0.0,0.0,0.0,0.0,0.0,0.0,0.0,0.0,0.0,0.0,0.0,0.0,0.0,0.0,0.0,0.0,0.0,0.0,0.0,0.0,0.0,0.0,0.0,0.0,0.0,0.0,0.0,0.0,0.0,0.0,0.0,0.0,0.0,0.0,11.683,1.999,0.0,0.0,0.0,0.0,0.0,0.0,1.0,1.0,0.0,0.0,2000.0,0.0,0.0,0.0,0.0,0.0,0.0,
442,0.0,0.0,0.0,0.0,0.0,0.0,3.0,1.0,1.0,1.0,3.0,1.0,1.0,1.0,4.0,1275.0,3408964.0,131072.0,0.0,2.0,1537.0,1409.0,5.0,513.0,255.0,0.0,0.0,0.0,5.0,769.0,255.0,0.0,0.0,0.0,5.0,1025.0,255.0,0.0,0.0,0.0,5.0,1281.0,254.0,0.0,0.0,0.0,2.0,1644167432.0,1644167688.0,4.0,1678835984.0,1678836240.0,1678836496.0,1678836752.0,4.0,1678837008.0,1678837264.0,1678837520.0,1678837776.0,1.0,537198856.0,5.0,417.0,254.0,0.0,0.0,0.0,5.0,449.0,254.0,0.0,0.0,0.0,5.0,481.0,254.0,0.0,0.0,0.0,5.0,673.0,254.0,0.0,0.0,0.0,5.0,705.0,254.0,0.0,0.0,0.0,5.0,737.0,254.0,0.0,0.0,0.0,5.0,929.0,254.0,0.0,0.0,0.0,4.0,1342177544.0,1342177800.0,1342178056.0,1342178312.0,8.0,1342243080.0,1342243336.0,1342243592.0,1342243848.0,1342244104.0,1342244360.0,1342244616.0,1342244872.0,4.0,1342308624.0,1342308880.0,1342309136.0,1342309392.0,4.0,1342374160.0,1342374416.0,1342374672.0,1342374928.0,4.0,1342375184.0,1342375440.0,1342375696.0,1342375952.0,4.0,1342376208.0,1342376464.0,1342376720.0,1342376976.0,8.0,1342439688.0,1342439944.0,1342440200.0,1342440456.0,1342440712.0,1342440968.0,1342441224.0,1342441480.0,4.0,0.0,0.0,0.0,0.0,8.0,17.0,17.0,17.0,17.0,1.0,1.0,1.0,1.0,16.0,100.0,100.0,100.0,100.0,100.0,100.0,100.0,100.0,100.0,100.0,100.0,100.0,100.0,100.0,100.0,100.0,2.0,45.0,45.0,1.0,8.0,4.0,80.0,245.0,1.0,0.0,8.0,0.0,252.0,168.0,104.0,0.0,0.0,85.0,122.0,5.0,143.0,1842.0,3.0,6.0,1.0,12.0,0.0,0.0,0.0,2556.0,0.0,0.0,0.0,0.0,0.0,0.0,0.0,0.0,8.0,44.0,0.0,0.0,0.0,0.0,0.0,0.0,0.0,2.0,128.0,0.0,8.0,0.0,0.0,0.0,0.0,0.0,0.0,0.0,0.0,0.0,0.0,0.0,655761.0,0.0,340444200.0,34044204.0,2.02,129.0,0.0,2000.0,65.0,0.0,0.0,0.0,0.0,0.0,0.0,0.0,1.0,0.0,0.0,0.0,0.0,0.0,0.0,0.0,0.0,0.0,0.0,0.0,0.0,0.0,0.0,0.0,0.0,0.0,0.0,0.0,0.0,0.0,0.0,0.0,1.0,0.0,0.0,0.0,0.0,0.0,0.0,0.0,0.0,0.0,0.0,0.0,0.0,0.0,0.0,0.0,0.0,0.0,0.0,0.0,0.0,0.0,0.0,0.0,0.0,0.0,0.0,0.0,0.0,0.0,0.0,0.0,0.0,0.0,0.0,0.0,0.0,0.0,0.0,0.0,0.0,10.997,2.499,0.0,0.0,0.0,0.0,0.0,0.0,1.0,1.0,0.0,0.0,2500.0,0.0,0.0,0.0,0.0,0.0,0.0,
443,0.0,0.0,0.0,0.0,0.0,0.0,3.0,1.0,1.0,1.0,3.0,1.0,1.0,1.0,4.0,1275.0,3408964.0,131072.0,0.0,2.0,1537.0,1409.0,5.0,513.0,255.0,0.0,0.0,0.0,5.0,769.0,255.0,0.0,0.0,0.0,5.0,1025.0,255.0,0.0,0.0,0.0,5.0,1281.0,254.0,0.0,0.0,0.0,2.0,1644167432.0,1644167688.0,4.0,1678835984.0,1678836240.0,1678836496.0,1678836752.0,4.0,1678837008.0,1678837264.0,1678837520.0,1678837776.0,1.0,537198856.0,5.0,417.0,254.0,0.0,0.0,0.0,5.0,449.0,254.0,0.0,0.0,0.0,5.0,481.0,254.0,0.0,0.0,0.0,5.0,673.0,254.0,0.0,0.0,0.0,5.0,705.0,254.0,0.0,0.0,0.0,5.0,737.0,254.0,0.0,0.0,0.0,5.0,929.0,254.0,0.0,0.0,0.0,4.0,1342177544.0,1342177800.0,1342178056.0,1342178312.0,8.0,1342243080.0,1342243336.0,1342243592.0,1342243848.0,1342244104.0,1342244360.0,1342244616.0,1342244872.0,4.0,1342308624.0,1342308880.0,1342309136.0,1342309392.0,4.0,1342374160.0,1342374416.0,1342374672.0,1342374928.0,4.0,1342375184.0,1342375440.0,1342375696.0,1342375952.0,4.0,1342376208.0,1342376464.0,1342376720.0,1342376976.0,8.0,1342439688.0,1342439944.0,1342440200.0,1342440456.0,1342440712.0,1342440968.0,1342441224.0,1342441480.0,4.0,0.0,0.0,0.0,0.0,8.0,17.0,17.0,17.0,17.0,1.0,1.0,1.0,1.0,16.0,100.0,100.0,100.0,100.0,100.0,100.0,100.0,100.0,100.0,100.0,100.0,100.0,100.0,100.0,100.0,100.0,2.0,45.0,45.0,1.0,8.0,4.0,80.0,245.0,1.0,0.0,8.0,0.0,252.0,168.0,104.0,0.0,0.0,85.0,122.0,5.0,143.0,1842.0,3.0,6.0,1.0,12.0,0.0,0.0,0.0,2556.0,0.0,0.0,0.0,0.0,0.0,0.0,0.0,0.0,8.0,44.0,0.0,0.0,0.0,0.0,0.0,0.0,0.0,2.0,128.0,0.0,8.0,0.0,0.0,0.0,0.0,0.0,0.0,0.0,0.0,0.0,0.0,0.0,655761.0,0.0,340444200.0,34044204.0,2.02,129.0,0.0,2000.0,65.0,0.0,0.0,0.0,0.0,0.0,0.0,0.0,1.0,0.0,0.0,0.0,0.0,0.0,0.0,0.0,0.0,0.0,0.0,0.0,0.0,0.0,0.0,0.0,0.0,0.0,0.0,0.0,0.0,0.0,0.0,0.0,1.0,0.0,0.0,0.0,0.0,0.0,0.0,0.0,0.0,0.0,0.0,0.0,0.0,0.0,0.0,0.0,0.0,0.0,0.0,0.0,0.0,0.0,0.0,0.0,0.0,0.0,0.0,0.0,0.0,0.0,0.0,0.0,0.0,0.0,0.0,0.0,0.0,0.0,0.0,0.0,0.0,10.998,2.499,0.0,0.0,0.0,0.0,0.0,0.0,1.0,1.0,0.0,0.0,2500.0,0.0,0.0,0.0,0.0,0.0,0.0,
444,0.0,0.0,0.0,0.0,0.0,0.0,3.0,1.0,1.0,1.0,3.0,1.0,1.0,1.0,4.0,1275.0,3408964.0,131072.0,0.0,2.0,1537.0,1409.0,5.0,513.0,255.0,0.0,0.0,0.0,5.0,769.0,255.0,0.0,0.0,0.0,5.0,1025.0,255.0,0.0,0.0,0.0,5.0,1281.0,254.0,0.0,0.0,0.0,2.0,1644167432.0,1644167688.0,4.0,1678835984.0,1678836240.0,1678836496.0,1678836752.0,4.0,1678837008.0,1678837264.0,1678837520.0,1678837776.0,1.0,537198856.0,5.0,417.0,254.0,0.0,0.0,0.0,5.0,449.0,254.0,0.0,0.0,0.0,5.0,481.0,254.0,0.0,0.0,0.0,5.0,673.0,254.0,0.0,0.0,0.0,5.0,705.0,254.0,0.0,0.0,0.0,5.0,737.0,254.0,0.0,0.0,0.0,5.0,929.0,254.0,0.0,0.0,0.0,4.0,1342177544.0,1342177800.0,1342178056.0,1342178312.0,8.0,1342243080.0,1342243336.0,1342243592.0,1342243848.0,1342244104.0,1342244360.0,1342244616.0,1342244872.0,4.0,1342308624.0,1342308880.0,1342309136.0,1342309392.0,4.0,1342374160.0,1342374416.0,1342374672.0,1342374928.0,4.0,1342375184.0,1342375440.0,1342375696.0,1342375952.0,4.0,1342376208.0,1342376464.0,1342376720.0,1342376976.0,8.0,1342439688.0,1342439944.0,1342440200.0,1342440456.0,1342440712.0,1342440968.0,1342441224.0,1342441480.0,4.0,0.0,0.0,0.0,0.0,8.0,17.0,17.0,17.0,17.0,1.0,1.0,1.0,1.0,16.0,100.0,100.0,100.0,100.0,100.0,100.0,100.0,100.0,100.0,100.0,100.0,100.0,100.0,100.0,100.0,100.0,2.0,45.0,45.0,1.0,8.0,4.0,80.0,245.0,1.0,0.0,8.0,0.0,252.0,168.0,104.0,0.0,0.0,85.0,122.0,5.0,143.0,1842.0,3.0,6.0,1.0,12.0,0.0,0.0,0.0,2556.0,0.0,0.0,0.0,0.0,0.0,0.0,0.0,0.0,8.0,44.0,0.0,0.0,0.0,0.0,0.0,0.0,0.0,2.0,128.0,0.0,8.0,0.0,0.0,0.0,0.0,0.0,0.0,0.0,0.0,0.0,0.0,0.0,655761.0,0.0,340444200.0,34044204.0,2.02,129.0,0.0,2000.0,65.0,0.0,0.0,0.0,0.0,0.0,0.0,0.0,1.0,0.0,0.0,0.0,0.0,0.0,0.0,0.0,0.0,0.0,0.0,0.0,0.0,0.0,0.0,0.0,0.0,0.0,0.0,0.0,0.0,0.0,0.0,0.0,1.0,0.0,0.0,0.0,0.0,0.0,0.0,0.0,0.0,0.0,0.0,0.0,0.0,0.0,0.0,0.0,0.0,0.0,0.0,0.0,0.0,0.0,0.0,0.0,0.0,0.0,0.0,0.0,0.0,0.0,0.0,0.0,0.0,0.0,0.0,0.0,0.0,0.0,0.0,0.0,0.0,10.998,2.499,0.0,0.0,0.0,0.0,0.0,0.0,1.0,1.0,0.0,0.0,2500.0,0.0,0.0,0.0,0.0,0.0,0.0,
449,0.0,0.0,0.0,0.0,0.0,0.0,3.0,1.0,1.0,1.0,3.0,1.0,1.0,1.0,4.0,1275.0,3408964.0,131072.0,0.0,2.0,1537.0,1409.0,5.0,513.0,255.0,0.0,0.0,0.0,5.0,769.0,255.0,0.0,0.0,0.0,5.0,1025.0,255.0,0.0,0.0,0.0,5.0,1281.0,254.0,0.0,0.0,0.0,2.0,1644167432.0,1644167688.0,4.0,1678835984.0,1678836240.0,1678836496.0,1678836752.0,4.0,1678837008.0,1678837264.0,1678837520.0,1678837776.0,1.0,537198856.0,5.0,417.0,254.0,0.0,0.0,0.0,5.0,449.0,254.0,0.0,0.0,0.0,5.0,481.0,254.0,0.0,0.0,0.0,5.0,673.0,254.0,0.0,0.0,0.0,5.0,705.0,254.0,0.0,0.0,0.0,5.0,737.0,254.0,0.0,0.0,0.0,5.0,929.0,254.0,0.0,0.0,0.0,4.0,1342177544.0,1342177800.0,1342178056.0,1342178312.0,8.0,1342243080.0,1342243336.0,1342243592.0,1342243848.0,1342244104.0,1342244360.0,1342244616.0,1342244872.0,4.0,1342308624.0,1342308880.0,1342309136.0,1342309392.0,4.0,1342374160.0,1342374416.0,1342374672.0,1342374928.0,4.0,1342375184.0,1342375440.0,1342375696.0,1342375952.0,4.0,1342376208.0,1342376464.0,1342376720.0,1342376976.0,8.0,1342439688.0,1342439944.0,1342440200.0,1342440456.0,1342440712.0,1342440968.0,1342441224.0,1342441480.0,4.0,0.0,0.0,0.0,0.0,8.0,17.0,17.0,17.0,17.0,1.0,1.0,1.0,1.0,16.0,100.0,100.0,100.0,100.0,100.0,100.0,100.0,100.0,100.0,100.0,100.0,100.0,100.0,100.0,100.0,100.0,2.0,45.0,45.0,1.0,8.0,4.0,80.0,245.0,1.0,0.0,8.0,0.0,252.0,168.0,104.0,0.0,0.0,85.0,122.0,5.0,143.0,1842.0,3.0,6.0,1.0,12.0,0.0,0.0,0.0,3078.0,0.0,0.0,0.0,0.0,0.0,0.0,0.0,0.0,8.0,44.0,0.0,0.0,0.0,0.0,0.0,0.0,0.0,2.0,128.0,0.0,8.0,0.0,0.0,0.0,0.0,0.0,0.0,0.0,0.0,0.0,0.0,0.0,655761.0,0.0,340444200.0,34044204.0,2.02,129.0,0.0,2000.0,65.0,0.0,0.0,0.0,0.0,0.0,0.0,0.0,1.0,0.0,0.0,0.0,0.0,0.0,0.0,0.0,0.0,0.0,0.0,0.0,0.0,0.0,0.0,0.0,0.0,0.0,0.0,0.0,0.0,0.0,0.0,0.0,1.0,0.0,0.0,0.0,0.0,0.0,0.0,0.0,0.0,0.0,0.0,0.0,0.0,0.0,0.0,0.0,0.0,0.0,0.0,0.0,0.0,0.0,0.0,0.0,0.0,0.0,0.0,0.0,0.0,0.0,0.0,0.0,0.0,0.0,0.0,0.0,0.0,0.0,0.0,0.0,0.0,10.333,2.999,0.0,0.0,0.0,0.0,0.0,0.0,1.0,1.0,0.0,0.0,3000.0,0.0,0.0,0.0,0.0,0.0,0.0,
450,0.0,0.0,0.0,0.0,0.0,0.0,3.0,1.0,1.0,1.0,3.0,1.0,1.0,1.0,4.0,1275.0,3408964.0,131072.0,0.0,2.0,1537.0,1409.0,5.0,513.0,255.0,0.0,0.0,0.0,5.0,769.0,255.0,0.0,0.0,0.0,5.0,1025.0,255.0,0.0,0.0,0.0,5.0,1281.0,254.0,0.0,0.0,0.0,2.0,1644167432.0,1644167688.0,4.0,1678835984.0,1678836240.0,1678836496.0,1678836752.0,4.0,1678837008.0,1678837264.0,1678837520.0,1678837776.0,1.0,537198856.0,5.0,417.0,254.0,0.0,0.0,0.0,5.0,449.0,254.0,0.0,0.0,0.0,5.0,481.0,254.0,0.0,0.0,0.0,5.0,673.0,254.0,0.0,0.0,0.0,5.0,705.0,254.0,0.0,0.0,0.0,5.0,737.0,254.0,0.0,0.0,0.0,5.0,929.0,254.0,0.0,0.0,0.0,4.0,1342177544.0,1342177800.0,1342178056.0,1342178312.0,8.0,1342243080.0,1342243336.0,1342243592.0,1342243848.0,1342244104.0,1342244360.0,1342244616.0,1342244872.0,4.0,1342308624.0,1342308880.0,1342309136.0,1342309392.0,4.0,1342374160.0,1342374416.0,1342374672.0,1342374928.0,4.0,1342375184.0,1342375440.0,1342375696.0,1342375952.0,4.0,1342376208.0,1342376464.0,1342376720.0,1342376976.0,8.0,1342439688.0,1342439944.0,1342440200.0,1342440456.0,1342440712.0,1342440968.0,1342441224.0,1342441480.0,4.0,0.0,0.0,0.0,0.0,8.0,17.0,17.0,17.0,17.0,1.0,1.0,1.0,1.0,16.0,100.0,100.0,100.0,100.0,100.0,100.0,100.0,100.0,100.0,100.0,100.0,100.0,100.0,100.0,100.0,100.0,2.0,45.0,45.0,1.0,8.0,4.0,80.0,245.0,1.0,0.0,8.0,0.0,252.0,168.0,104.0,0.0,0.0,85.0,122.0,5.0,143.0,1842.0,3.0,6.0,1.0,12.0,0.0,0.0,0.0,3078.0,0.0,0.0,0.0,0.0,0.0,0.0,0.0,0.0,8.0,44.0,0.0,0.0,0.0,0.0,0.0,0.0,0.0,2.0,128.0,0.0,8.0,0.0,0.0,0.0,0.0,0.0,0.0,0.0,0.0,0.0,0.0,0.0,655761.0,0.0,340444200.0,34044204.0,2.02,129.0,0.0,2000.0,65.0,0.0,0.0,0.0,0.0,0.0,0.0,0.0,1.0,0.0,0.0,0.0,0.0,0.0,0.0,0.0,0.0,0.0,0.0,0.0,0.0,0.0,0.0,0.0,0.0,0.0,0.0,0.0,0.0,0.0,0.0,0.0,1.0,0.0,0.0,0.0,0.0,0.0,0.0,0.0,0.0,0.0,0.0,0.0,0.0,0.0,0.0,0.0,0.0,0.0,0.0,0.0,0.0,0.0,0.0,0.0,0.0,0.0,0.0,0.0,0.0,0.0,0.0,0.0,0.0,0.0,0.0,0.0,0.0,0.0,0.0,0.0,0.0,10.334,2.999,0.0,0.0,0.0,0.0,0.0,0.0,1.0,1.0,0.0,0.0,3000.0,0.0,0.0,0.0,0.0,0.0,0.0,
451,0.0,0.0,0.0,0.0,0.0,0.0,3.0,1.0,1.0,1.0,3.0,1.0,1.0,1.0,4.0,1275.0,3408964.0,131072.0,0.0,2.0,1537.0,1409.0,5.0,513.0,255.0,0.0,0.0,0.0,5.0,769.0,255.0,0.0,0.0,0.0,5.0,1025.0,255.0,0.0,0.0,0.0,5.0,1281.0,254.0,0.0,0.0,0.0,2.0,1644167432.0,1644167688.0,4.0,1678835984.0,1678836240.0,1678836496.0,1678836752.0,4.0,1678837008.0,1678837264.0,1678837520.0,1678837776.0,1.0,537198856.0,5.0,417.0,254.0,0.0,0.0,0.0,5.0,449.0,254.0,0.0,0.0,0.0,5.0,481.0,254.0,0.0,0.0,0.0,5.0,673.0,254.0,0.0,0.0,0.0,5.0,705.0,254.0,0.0,0.0,0.0,5.0,737.0,254.0,0.0,0.0,0.0,5.0,929.0,254.0,0.0,0.0,0.0,4.0,1342177544.0,1342177800.0,1342178056.0,1342178312.0,8.0,1342243080.0,1342243336.0,1342243592.0,1342243848.0,1342244104.0,1342244360.0,1342244616.0,1342244872.0,4.0,1342308624.0,1342308880.0,1342309136.0,1342309392.0,4.0,1342374160.0,1342374416.0,1342374672.0,1342374928.0,4.0,1342375184.0,1342375440.0,1342375696.0,1342375952.0,4.0,1342376208.0,1342376464.0,1342376720.0,1342376976.0,8.0,1342439688.0,1342439944.0,1342440200.0,1342440456.0,1342440712.0,1342440968.0,1342441224.0,1342441480.0,4.0,0.0,0.0,0.0,0.0,8.0,17.0,17.0,17.0,17.0,1.0,1.0,1.0,1.0,16.0,100.0,100.0,100.0,100.0,100.0,100.0,100.0,100.0,100.0,100.0,100.0,100.0,100.0,100.0,100.0,100.0,2.0,45.0,45.0,1.0,8.0,4.0,80.0,245.0,1.0,0.0,8.0,0.0,252.0,168.0,104.0,0.0,0.0,85.0,122.0,5.0,143.0,1842.0,3.0,6.0,1.0,12.0,0.0,0.0,0.0,3078.0,0.0,0.0,0.0,0.0,0.0,0.0,0.0,0.0,8.0,44.0,0.0,0.0,0.0,0.0,0.0,0.0,0.0,2.0,128.0,0.0,8.0,0.0,0.0,0.0,0.0,0.0,0.0,0.0,0.0,0.0,0.0,0.0,655761.0,0.0,340444200.0,34044204.0,2.02,129.0,0.0,2000.0,65.0,0.0,0.0,0.0,0.0,0.0,0.0,0.0,1.0,0.0,0.0,0.0,0.0,0.0,0.0,0.0,0.0,0.0,0.0,0.0,0.0,0.0,0.0,0.0,0.0,0.0,0.0,0.0,0.0,0.0,0.0,0.0,1.0,0.0,0.0,0.0,0.0,0.0,0.0,0.0,0.0,0.0,0.0,0.0,0.0,0.0,0.0,0.0,0.0,0.0,0.0,0.0,0.0,0.0,0.0,0.0,0.0,0.0,0.0,0.0,0.0,0.0,0.0,0.0,0.0,0.0,0.0,0.0,0.0,0.0,0.0,0.0,0.0,10.335,2.999,0.0,0.0,0.0,0.0,0.0,0.0,1.0,1.0,0.0,0.0,3000.0,0.0,0.0,0.0,0.0,0.0,0.0,
456,0.0,0.0,0.0,0.0,0.0,0.0,3.0,1.0,1.0,1.0,3.0,1.0,1.0,1.0,4.0,1275.0,3408964.0,131072.0,0.0,2.0,1537.0,1409.0,5.0,513.0,255.0,0.0,0.0,0.0,5.0,769.0,255.0,0.0,0.0,0.0,5.0,1025.0,255.0,0.0,0.0,0.0,5.0,1281.0,254.0,0.0,0.0,0.0,2.0,1644167432.0,1644167688.0,4.0,1678835984.0,1678836240.0,1678836496.0,1678836752.0,4.0,1678837008.0,1678837264.0,1678837520.0,1678837776.0,1.0,537198856.0,5.0,417.0,254.0,0.0,0.0,0.0,5.0,449.0,254.0,0.0,0.0,0.0,5.0,481.0,254.0,0.0,0.0,0.0,5.0,673.0,254.0,0.0,0.0,0.0,5.0,705.0,254.0,0.0,0.0,0.0,5.0,737.0,254.0,0.0,0.0,0.0,5.0,929.0,254.0,0.0,0.0,0.0,4.0,1342177544.0,1342177800.0,1342178056.0,1342178312.0,8.0,1342243080.0,1342243336.0,1342243592.0,1342243848.0,1342244104.0,1342244360.0,1342244616.0,1342244872.0,4.0,1342308624.0,1342308880.0,1342309136.0,1342309392.0,4.0,1342374160.0,1342374416.0,1342374672.0,1342374928.0,4.0,1342375184.0,1342375440.0,1342375696.0,1342375952.0,4.0,1342376208.0,1342376464.0,1342376720.0,1342376976.0,8.0,1342439688.0,1342439944.0,1342440200.0,1342440456.0,1342440712.0,1342440968.0,1342441224.0,1342441480.0,4.0,0.0,0.0,0.0,0.0,8.0,17.0,17.0,17.0,17.0,1.0,1.0,1.0,1.0,16.0,100.0,100.0,100.0,100.0,100.0,100.0,100.0,100.0,100.0,100.0,100.0,100.0,100.0,100.0,100.0,100.0,2.0,45.0,45.0,1.0,8.0,4.0,80.0,245.0,1.0,0.0,8.0,0.0,252.0,168.0,104.0,0.0,0.0,85.0,122.0,5.0,143.0,1842.0,3.0,6.0,1.0,12.0,0.0,0.0,0.0,3595.0,0.0,0.0,0.0,0.0,0.0,0.0,0.0,0.0,8.0,44.0,0.0,0.0,0.0,0.0,0.0,0.0,0.0,2.0,128.0,0.0,8.0,0.0,0.0,0.0,0.0,0.0,0.0,0.0,0.0,0.0,0.0,0.0,655761.0,0.0,340444200.0,34044204.0,2.02,129.0,0.0,2000.0,65.0,0.0,0.0,0.0,0.0,0.0,0.0,0.0,1.0,0.0,0.0,0.0,0.0,0.0,0.0,0.0,0.0,0.0,0.0,0.0,0.0,0.0,0.0,0.0,0.0,0.0,0.0,0.0,0.0,0.0,0.0,0.0,1.0,0.0,0.0,0.0,0.0,0.0,0.0,0.0,0.0,0.0,0.0,0.0,0.0,0.0,0.0,0.0,0.0,0.0,0.0,0.0,0.0,0.0,0.0,0.0,0.0,0.0,0.0,0.0,0.0,0.0,0.0,0.0,0.0,0.0,0.0,0.0,0.0,0.0,0.0,0.0,0.0,9.659,3.499,0.0,0.0,0.0,0.0,0.0,0.0,1.0,1.0,0.0,0.0,3500.0,0.0,0.0,0.0,0.0,0.0,0.0,
457,0.0,0.0,0.0,0.0,0.0,0.0,3.0,1.0,1.0,1.0,3.0,1.0,1.0,1.0,4.0,1275.0,3408964.0,131072.0,0.0,2.0,1537.0,1409.0,5.0,513.0,255.0,0.0,0.0,0.0,5.0,769.0,255.0,0.0,0.0,0.0,5.0,1025.0,255.0,0.0,0.0,0.0,5.0,1281.0,254.0,0.0,0.0,0.0,2.0,1644167432.0,1644167688.0,4.0,1678835984.0,1678836240.0,1678836496.0,1678836752.0,4.0,1678837008.0,1678837264.0,1678837520.0,1678837776.0,1.0,537198856.0,5.0,417.0,254.0,0.0,0.0,0.0,5.0,449.0,254.0,0.0,0.0,0.0,5.0,481.0,254.0,0.0,0.0,0.0,5.0,673.0,254.0,0.0,0.0,0.0,5.0,705.0,254.0,0.0,0.0,0.0,5.0,737.0,254.0,0.0,0.0,0.0,5.0,929.0,254.0,0.0,0.0,0.0,4.0,1342177544.0,1342177800.0,1342178056.0,1342178312.0,8.0,1342243080.0,1342243336.0,1342243592.0,1342243848.0,1342244104.0,1342244360.0,1342244616.0,1342244872.0,4.0,1342308624.0,1342308880.0,1342309136.0,1342309392.0,4.0,1342374160.0,1342374416.0,1342374672.0,1342374928.0,4.0,1342375184.0,1342375440.0,1342375696.0,1342375952.0,4.0,1342376208.0,1342376464.0,1342376720.0,1342376976.0,8.0,1342439688.0,1342439944.0,1342440200.0,1342440456.0,1342440712.0,1342440968.0,1342441224.0,1342441480.0,4.0,0.0,0.0,0.0,0.0,8.0,17.0,17.0,17.0,17.0,1.0,1.0,1.0,1.0,16.0,100.0,100.0,100.0,100.0,100.0,100.0,100.0,100.0,100.0,100.0,100.0,100.0,100.0,100.0,100.0,100.0,2.0,45.0,45.0,1.0,8.0,4.0,80.0,245.0,1.0,0.0,8.0,0.0,252.0,168.0,104.0,0.0,0.0,85.0,122.0,5.0,143.0,1842.0,3.0,6.0,1.0,12.0,0.0,0.0,0.0,3599.0,0.0,0.0,0.0,0.0,0.0,0.0,0.0,0.0,8.0,44.0,0.0,0.0,0.0,0.0,0.0,0.0,0.0,2.0,128.0,0.0,8.0,0.0,0.0,0.0,0.0,0.0,0.0,0.0,0.0,0.0,0.0,0.0,655761.0,0.0,340444200.0,34044204.0,2.02,129.0,0.0,2000.0,65.0,0.0,0.0,0.0,0.0,0.0,0.0,0.0,1.0,0.0,0.0,0.0,0.0,0.0,0.0,0.0,0.0,0.0,0.0,0.0,0.0,0.0,0.0,0.0,0.0,0.0,0.0,0.0,0.0,0.0,0.0,0.0,1.0,0.0,0.0,0.0,0.0,0.0,0.0,0.0,0.0,0.0,0.0,0.0,0.0,0.0,0.0,0.0,0.0,0.0,0.0,0.0,0.0,0.0,0.0,0.0,0.0,0.0,0.0,0.0,0.0,0.0,0.0,0.0,0.0,0.0,0.0,0.0,0.0,0.0,0.0,0.0,0.0,9.661,3.499,0.0,0.0,0.0,0.0,0.0,0.0,1.0,1.0,0.0,0.0,3500.0,0.0,0.0,0.0,0.0,0.0,0.0,
458,0.0,0.0,0.0,0.0,0.0,0.0,3.0,1.0,1.0,1.0,3.0,1.0,1.0,1.0,4.0,1275.0,3408964.0,131072.0,0.0,2.0,1537.0,1409.0,5.0,513.0,255.0,0.0,0.0,0.0,5.0,769.0,255.0,0.0,0.0,0.0,5.0,1025.0,255.0,0.0,0.0,0.0,5.0,1281.0,254.0,0.0,0.0,0.0,2.0,1644167432.0,1644167688.0,4.0,1678835984.0,1678836240.0,1678836496.0,1678836752.0,4.0,1678837008.0,1678837264.0,1678837520.0,1678837776.0,1.0,537198856.0,5.0,417.0,254.0,0.0,0.0,0.0,5.0,449.0,254.0,0.0,0.0,0.0,5.0,481.0,254.0,0.0,0.0,0.0,5.0,673.0,254.0,0.0,0.0,0.0,5.0,705.0,254.0,0.0,0.0,0.0,5.0,737.0,254.0,0.0,0.0,0.0,5.0,929.0,254.0,0.0,0.0,0.0,4.0,1342177544.0,1342177800.0,1342178056.0,1342178312.0,8.0,1342243080.0,1342243336.0,1342243592.0,1342243848.0,1342244104.0,1342244360.0,1342244616.0,1342244872.0,4.0,1342308624.0,1342308880.0,1342309136.0,1342309392.0,4.0,1342374160.0,1342374416.0,1342374672.0,1342374928.0,4.0,1342375184.0,1342375440.0,1342375696.0,1342375952.0,4.0,1342376208.0,1342376464.0,1342376720.0,1342376976.0,8.0,1342439688.0,1342439944.0,1342440200.0,1342440456.0,1342440712.0,1342440968.0,1342441224.0,1342441480.0,4.0,0.0,0.0,0.0,0.0,8.0,17.0,17.0,17.0,17.0,1.0,1.0,1.0,1.0,16.0,100.0,100.0,100.0,100.0,100.0,100.0,100.0,100.0,100.0,100.0,100.0,100.0,100.0,100.0,100.0,100.0,2.0,45.0,45.0,1.0,8.0,4.0,80.0,245.0,1.0,0.0,8.0,0.0,252.0,168.0,104.0,0.0,0.0,85.0,122.0,5.0,143.0,1842.0,3.0,6.0,1.0,12.0,0.0,0.0,0.0,3599.0,0.0,0.0,0.0,0.0,0.0,0.0,0.0,0.0,8.0,44.0,0.0,0.0,0.0,0.0,0.0,0.0,0.0,2.0,128.0,0.0,8.0,0.0,0.0,0.0,0.0,0.0,0.0,0.0,0.0,0.0,0.0,0.0,655761.0,0.0,340444200.0,34044204.0,2.02,129.0,0.0,2000.0,65.0,0.0,0.0,0.0,0.0,0.0,0.0,0.0,1.0,0.0,0.0,0.0,0.0,0.0,0.0,0.0,0.0,0.0,0.0,0.0,0.0,0.0,0.0,0.0,0.0,0.0,0.0,0.0,0.0,0.0,0.0,0.0,1.0,0.0,0.0,0.0,0.0,0.0,0.0,0.0,0.0,0.0,0.0,0.0,0.0,0.0,0.0,0.0,0.0,0.0,0.0,0.0,0.0,0.0,0.0,0.0,0.0,0.0,0.0,0.0,0.0,0.0,0.0,0.0,0.0,0.0,0.0,0.0,0.0,0.0,0.0,0.0,0.0,9.661,3.499,0.0,0.0,0.0,0.0,0.0,0.0,1.0,1.0,0.0,0.0,3500.0,0.0,0.0,0.0,0.0,0.0,0.0,
463,0.0,0.0,0.0,0.0,0.0,0.0,3.0,1.0,1.0,1.0,3.0,1.0,1.0,1.0,4.0,1275.0,3408964.0,131072.0,0.0,2.0,1537.0,1409.0,5.0,513.0,255.0,0.0,0.0,0.0,5.0,769.0,255.0,0.0,0.0,0.0,5.0,1025.0,255.0,0.0,0.0,0.0,5.0,1281.0,254.0,0.0,0.0,0.0,2.0,1644167432.0,1644167688.0,4.0,1678835984.0,1678836240.0,1678836496.0,1678836752.0,4.0,1678837008.0,1678837264.0,1678837520.0,1678837776.0,1.0,537198856.0,5.0,417.0,254.0,0.0,0.0,0.0,5.0,449.0,254.0,0.0,0.0,0.0,5.0,481.0,254.0,0.0,0.0,0.0,5.0,673.0,254.0,0.0,0.0,0.0,5.0,705.0,254.0,0.0,0.0,0.0,5.0,737.0,254.0,0.0,0.0,0.0,5.0,929.0,254.0,0.0,0.0,0.0,4.0,1342177544.0,1342177800.0,1342178056.0,1342178312.0,8.0,1342243080.0,1342243336.0,1342243592.0,1342243848.0,1342244104.0,1342244360.0,1342244616.0,1342244872.0,4.0,1342308624.0,1342308880.0,1342309136.0,1342309392.0,4.0,1342374160.0,1342374416.0,1342374672.0,1342374928.0,4.0,1342375184.0,1342375440.0,1342375696.0,1342375952.0,4.0,1342376208.0,1342376464.0,1342376720.0,1342376976.0,8.0,1342439688.0,1342439944.0,1342440200.0,1342440456.0,1342440712.0,1342440968.0,1342441224.0,1342441480.0,4.0,0.0,0.0,0.0,0.0,8.0,17.0,17.0,17.0,17.0,1.0,1.0,1.0,1.0,16.0,100.0,100.0,100.0,100.0,100.0,100.0,100.0,100.0,100.0,100.0,100.0,100.0,100.0,100.0,100.0,100.0,2.0,45.0,45.0,1.0,8.0,4.0,80.0,245.0,1.0,0.0,8.0,0.0,252.0,168.0,104.0,0.0,0.0,85.0,122.0,5.0,143.0,1837.0,3.0,6.0,1.0,12.0,0.0,0.0,0.0,4121.0,0.0,0.0,0.0,0.0,0.0,0.0,0.0,0.0,8.0,44.0,0.0,0.0,0.0,0.0,0.0,0.0,0.0,2.0,128.0,0.0,8.0,0.0,0.0,0.0,0.0,0.0,0.0,0.0,0.0,0.0,0.0,0.0,655761.0,0.0,340444200.0,34044204.0,2.02,129.0,0.0,2000.0,65.0,0.0,0.0,0.0,0.0,0.0,0.0,0.0,1.0,0.0,0.0,0.0,0.0,0.0,0.0,0.0,0.0,0.0,0.0,0.0,0.0,0.0,0.0,0.0,0.0,0.0,0.0,0.0,0.0,0.0,0.0,0.0,1.0,0.0,0.0,0.0,0.0,0.0,0.0,0.0,0.0,0.0,0.0,0.0,0.0,0.0,0.0,0.0,0.0,0.0,0.0,0.0,0.0,0.0,0.0,0.0,0.0,0.0,0.0,0.0,0.0,0.0,0.0,0.0,0.0,0.0,0.0,0.0,0.0,0.0,0.0,0.0,0.0,8.987,4.001,0.0,0.0,0.0,0.0,0.0,0.0,1.0,1.0,0.0,0.0,4000.0,0.0,0.0,0.0,0.0,0.0,0.0,
464,0.0,0.0,0.0,0.0,0.0,0.0,3.0,1.0,1.0,1.0,3.0,1.0,1.0,1.0,4.0,1275.0,3408964.0,131072.0,0.0,2.0,1537.0,1409.0,5.0,513.0,255.0,0.0,0.0,0.0,5.0,769.0,255.0,0.0,0.0,0.0,5.0,1025.0,255.0,0.0,0.0,0.0,5.0,1281.0,254.0,0.0,0.0,0.0,2.0,1644167432.0,1644167688.0,4.0,1678835984.0,1678836240.0,1678836496.0,1678836752.0,4.0,1678837008.0,1678837264.0,1678837520.0,1678837776.0,1.0,537198856.0,5.0,417.0,254.0,0.0,0.0,0.0,5.0,449.0,254.0,0.0,0.0,0.0,5.0,481.0,254.0,0.0,0.0,0.0,5.0,673.0,254.0,0.0,0.0,0.0,5.0,705.0,254.0,0.0,0.0,0.0,5.0,737.0,254.0,0.0,0.0,0.0,5.0,929.0,254.0,0.0,0.0,0.0,4.0,1342177544.0,1342177800.0,1342178056.0,1342178312.0,8.0,1342243080.0,1342243336.0,1342243592.0,1342243848.0,1342244104.0,1342244360.0,1342244616.0,1342244872.0,4.0,1342308624.0,1342308880.0,1342309136.0,1342309392.0,4.0,1342374160.0,1342374416.0,1342374672.0,1342374928.0,4.0,1342375184.0,1342375440.0,1342375696.0,1342375952.0,4.0,1342376208.0,1342376464.0,1342376720.0,1342376976.0,8.0,1342439688.0,1342439944.0,1342440200.0,1342440456.0,1342440712.0,1342440968.0,1342441224.0,1342441480.0,4.0,0.0,0.0,0.0,0.0,8.0,17.0,17.0,17.0,17.0,1.0,1.0,1.0,1.0,16.0,100.0,100.0,100.0,100.0,100.0,100.0,100.0,100.0,100.0,100.0,100.0,100.0,100.0,100.0,100.0,100.0,2.0,45.0,45.0,1.0,8.0,4.0,80.0,245.0,1.0,0.0,8.0,0.0,252.0,168.0,104.0,0.0,0.0,85.0,122.0,5.0,143.0,1842.0,3.0,6.0,1.0,12.0,0.0,0.0,0.0,4121.0,0.0,0.0,0.0,0.0,0.0,0.0,0.0,0.0,8.0,44.0,0.0,0.0,0.0,0.0,0.0,0.0,0.0,2.0,128.0,0.0,8.0,0.0,0.0,0.0,0.0,0.0,0.0,0.0,0.0,0.0,0.0,0.0,655761.0,0.0,340444200.0,34044204.0,2.02,129.0,0.0,2000.0,65.0,0.0,0.0,0.0,0.0,0.0,0.0,0.0,1.0,0.0,0.0,0.0,0.0,0.0,0.0,0.0,0.0,0.0,0.0,0.0,0.0,0.0,0.0,0.0,0.0,0.0,0.0,0.0,0.0,0.0,0.0,0.0,1.0,0.0,0.0,0.0,0.0,0.0,0.0,0.0,0.0,0.0,0.0,0.0,0.0,0.0,0.0,0.0,0.0,0.0,0.0,0.0,0.0,0.0,0.0,0.0,0.0,0.0,0.0,0.0,0.0,0.0,0.0,0.0,0.0,0.0,0.0,0.0,0.0,0.0,0.0,0.0,0.0,8.99,4.001,0.0,0.0,0.0,0.0,0.0,0.0,1.0,1.0,0.0,0.0,4000.0,0.0,0.0,0.0,0.0,0.0,0.0,
465,0.0,0.0,0.0,0.0,0.0,0.0,3.0,1.0,1.0,1.0,3.0,1.0,1.0,1.0,4.0,1275.0,3408964.0,131072.0,0.0,2.0,1537.0,1409.0,5.0,513.0,255.0,0.0,0.0,0.0,5.0,769.0,255.0,0.0,0.0,0.0,5.0,1025.0,255.0,0.0,0.0,0.0,5.0,1281.0,254.0,0.0,0.0,0.0,2.0,1644167432.0,1644167688.0,4.0,1678835984.0,1678836240.0,1678836496.0,1678836752.0,4.0,1678837008.0,1678837264.0,1678837520.0,1678837776.0,1.0,537198856.0,5.0,417.0,254.0,0.0,0.0,0.0,5.0,449.0,254.0,0.0,0.0,0.0,5.0,481.0,254.0,0.0,0.0,0.0,5.0,673.0,254.0,0.0,0.0,0.0,5.0,705.0,254.0,0.0,0.0,0.0,5.0,737.0,254.0,0.0,0.0,0.0,5.0,929.0,254.0,0.0,0.0,0.0,4.0,1342177544.0,1342177800.0,1342178056.0,1342178312.0,8.0,1342243080.0,1342243336.0,1342243592.0,1342243848.0,1342244104.0,1342244360.0,1342244616.0,1342244872.0,4.0,1342308624.0,1342308880.0,1342309136.0,1342309392.0,4.0,1342374160.0,1342374416.0,1342374672.0,1342374928.0,4.0,1342375184.0,1342375440.0,1342375696.0,1342375952.0,4.0,1342376208.0,1342376464.0,1342376720.0,1342376976.0,8.0,1342439688.0,1342439944.0,1342440200.0,1342440456.0,1342440712.0,1342440968.0,1342441224.0,1342441480.0,4.0,0.0,0.0,0.0,0.0,8.0,17.0,17.0,17.0,17.0,1.0,1.0,1.0,1.0,16.0,100.0,100.0,100.0,100.0,100.0,100.0,100.0,100.0,100.0,100.0,100.0,100.0,100.0,100.0,100.0,100.0,2.0,45.0,45.0,1.0,8.0,4.0,80.0,245.0,1.0,0.0,8.0,0.0,252.0,168.0,104.0,0.0,0.0,85.0,122.0,5.0,143.0,1842.0,3.0,6.0,1.0,12.0,0.0,0.0,0.0,4121.0,0.0,0.0,0.0,0.0,0.0,0.0,0.0,0.0,8.0,44.0,0.0,0.0,0.0,0.0,0.0,0.0,0.0,2.0,128.0,0.0,8.0,0.0,0.0,0.0,0.0,0.0,0.0,0.0,0.0,0.0,0.0,0.0,655761.0,0.0,340444200.0,34044204.0,2.02,129.0,0.0,2000.0,65.0,0.0,0.0,0.0,0.0,0.0,0.0,0.0,1.0,0.0,0.0,0.0,0.0,0.0,0.0,0.0,0.0,0.0,0.0,0.0,0.0,0.0,0.0,0.0,0.0,0.0,0.0,0.0,0.0,0.0,0.0,0.0,1.0,0.0,0.0,0.0,0.0,0.0,0.0,0.0,0.0,0.0,0.0,0.0,0.0,0.0,0.0,0.0,0.0,0.0,0.0,0.0,0.0,0.0,0.0,0.0,0.0,0.0,0.0,0.0,0.0,0.0,0.0,0.0,0.0,0.0,0.0,0.0,0.0,0.0,0.0,0.0,0.0,8.99,4.001,0.0,0.0,0.0,0.0,0.0,0.0,1.0,1.0,0.0,0.0,4000.0,0.0,0.0,0.0,0.0,0.0,0.0,
470,0.0,0.0,0.0,0.0,0.0,0.0,3.0,1.0,1.0,1.0,3.0,1.0,1.0,1.0,4.0,1275.0,3408964.0,131072.0,0.0,2.0,1537.0,1409.0,5.0,513.0,255.0,0.0,0.0,0.0,5.0,769.0,255.0,0.0,0.0,0.0,5.0,1025.0,255.0,0.0,0.0,0.0,5.0,1281.0,254.0,0.0,0.0,0.0,2.0,1644167432.0,1644167688.0,4.0,1678835984.0,1678836240.0,1678836496.0,1678836752.0,4.0,1678837008.0,1678837264.0,1678837520.0,1678837776.0,1.0,537198856.0,5.0,417.0,254.0,0.0,0.0,0.0,5.0,449.0,254.0,0.0,0.0,0.0,5.0,481.0,254.0,0.0,0.0,0.0,5.0,673.0,254.0,0.0,0.0,0.0,5.0,705.0,254.0,0.0,0.0,0.0,5.0,737.0,254.0,0.0,0.0,0.0,5.0,929.0,254.0,0.0,0.0,0.0,4.0,1342177544.0,1342177800.0,1342178056.0,1342178312.0,8.0,1342243080.0,1342243336.0,1342243592.0,1342243848.0,1342244104.0,1342244360.0,1342244616.0,1342244872.0,4.0,1342308624.0,1342308880.0,1342309136.0,1342309392.0,4.0,1342374160.0,1342374416.0,1342374672.0,1342374928.0,4.0,1342375184.0,1342375440.0,1342375696.0,1342375952.0,4.0,1342376208.0,1342376464.0,1342376720.0,1342376976.0,8.0,1342439688.0,1342439944.0,1342440200.0,1342440456.0,1342440712.0,1342440968.0,1342441224.0,1342441480.0,4.0,0.0,0.0,0.0,0.0,8.0,17.0,17.0,17.0,17.0,1.0,1.0,1.0,1.0,16.0,100.0,100.0,100.0,100.0,100.0,100.0,100.0,100.0,100.0,100.0,100.0,100.0,100.0,100.0,100.0,100.0,2.0,45.0,45.0,1.0,8.0,4.0,80.0,245.0,1.0,0.0,8.0,0.0,252.0,168.0,168.0,0.0,0.0,85.0,122.0,5.0,145.0,1842.0,3.0,6.0,1.0,12.0,0.0,0.0,0.0,0.0,0.0,0.0,0.0,0.0,0.0,0.0,0.0,0.0,8.0,44.0,0.0,0.0,0.0,0.0,0.0,0.0,0.0,2.0,128.0,0.0,8.0,0.0,0.0,0.0,0.0,0.0,0.0,0.0,0.0,0.0,0.0,0.0,655761.0,0.0,340444200.0,34044204.0,2.02,129.0,0.0,2000.0,65.0,0.0,0.0,0.0,0.0,0.0,0.0,0.0,1.0,0.0,0.0,0.0,0.0,0.0,0.0,0.0,0.0,0.0,0.0,0.0,0.0,0.0,0.0,0.0,0.0,0.0,0.0,0.0,0.0,0.0,0.0,0.0,1.0,0.0,0.0,0.0,0.0,0.0,0.0,0.0,0.0,0.0,0.0,0.0,0.0,0.0,0.0,0.0,0.0,0.0,0.0,0.0,0.0,0.0,0.0,0.0,0.0,0.0,0.0,0.0,0.0,0.0,0.0,0.0,0.0,0.0,0.0,0.0,0.0,0.0,0.0,0.0,0.0,0.0,0.0,0.0,0.0,0.0,0.0,0.0,0.0,1.0,1.0,0.0,0.0,4500.0,0.0,0.0,0.0,0.0,0.0,0.0,
471,0.0,0.0,0.0,0.0,0.0,0.0,3.0,1.0,1.0,1.0,3.0,1.0,1.0,1.0,4.0,1275.0,3408964.0,131072.0,0.0,2.0,1537.0,1409.0,5.0,513.0,255.0,0.0,0.0,0.0,5.0,769.0,255.0,0.0,0.0,0.0,5.0,1025.0,255.0,0.0,0.0,0.0,5.0,1281.0,254.0,0.0,0.0,0.0,2.0,1644167432.0,1644167688.0,4.0,1678835984.0,1678836240.0,1678836496.0,1678836752.0,4.0,1678837008.0,1678837264.0,1678837520.0,1678837776.0,1.0,537198856.0,5.0,417.0,254.0,0.0,0.0,0.0,5.0,449.0,254.0,0.0,0.0,0.0,5.0,481.0,254.0,0.0,0.0,0.0,5.0,673.0,254.0,0.0,0.0,0.0,5.0,705.0,254.0,0.0,0.0,0.0,5.0,737.0,254.0,0.0,0.0,0.0,5.0,929.0,254.0,0.0,0.0,0.0,4.0,1342177544.0,1342177800.0,1342178056.0,1342178312.0,8.0,1342243080.0,1342243336.0,1342243592.0,1342243848.0,1342244104.0,1342244360.0,1342244616.0,1342244872.0,4.0,1342308624.0,1342308880.0,1342309136.0,1342309392.0,4.0,1342374160.0,1342374416.0,1342374672.0,1342374928.0,4.0,1342375184.0,1342375440.0,1342375696.0,1342375952.0,4.0,1342376208.0,1342376464.0,1342376720.0,1342376976.0,8.0,1342439688.0,1342439944.0,1342440200.0,1342440456.0,1342440712.0,1342440968.0,1342441224.0,1342441480.0,4.0,0.0,0.0,0.0,0.0,8.0,17.0,17.0,17.0,17.0,1.0,1.0,1.0,1.0,16.0,100.0,100.0,100.0,100.0,100.0,100.0,100.0,100.0,100.0,100.0,100.0,100.0,100.0,100.0,100.0,100.0,2.0,45.0,45.0,1.0,8.0,4.0,80.0,245.0,1.0,0.0,8.0,0.0,252.0,168.0,168.0,0.0,0.0,85.0,122.0,5.0,145.0,1837.0,3.0,6.0,1.0,12.0,0.0,0.0,0.0,0.0,0.0,0.0,0.0,0.0,0.0,0.0,0.0,0.0,8.0,44.0,0.0,0.0,0.0,0.0,0.0,0.0,0.0,2.0,128.0,0.0,8.0,0.0,0.0,0.0,0.0,0.0,0.0,0.0,0.0,0.0,0.0,0.0,655761.0,0.0,340444200.0,34044204.0,2.02,129.0,0.0,2000.0,65.0,0.0,0.0,0.0,0.0,0.0,0.0,0.0,1.0,0.0,0.0,0.0,0.0,0.0,0.0,0.0,0.0,0.0,0.0,0.0,0.0,0.0,0.0,0.0,0.0,0.0,0.0,0.0,0.0,0.0,0.0,0.0,1.0,0.0,0.0,0.0,0.0,0.0,0.0,0.0,0.0,0.0,0.0,0.0,0.0,0.0,0.0,0.0,0.0,0.0,0.0,0.0,0.0,0.0,0.0,0.0,0.0,0.0,0.0,0.0,0.0,0.0,0.0,0.0,0.0,0.0,0.0,0.0,0.0,0.0,0.0,0.0,0.0,0.0,0.0,0.0,0.0,0.0,0.0,0.0,0.0,1.0,1.0,0.0,0.0,4500.0,0.0,0.0,0.0,0.0,0.0,0.0,
472,0.0,0.0,0.0,0.0,0.0,0.0,3.0,1.0,1.0,1.0,3.0,1.0,1.0,1.0,4.0,1275.0,3408964.0,131072.0,0.0,2.0,1537.0,1409.0,5.0,513.0,255.0,0.0,0.0,0.0,5.0,769.0,255.0,0.0,0.0,0.0,5.0,1025.0,255.0,0.0,0.0,0.0,5.0,1281.0,254.0,0.0,0.0,0.0,2.0,1644167432.0,1644167688.0,4.0,1678835984.0,1678836240.0,1678836496.0,1678836752.0,4.0,1678837008.0,1678837264.0,1678837520.0,1678837776.0,1.0,537198856.0,5.0,417.0,254.0,0.0,0.0,0.0,5.0,449.0,254.0,0.0,0.0,0.0,5.0,481.0,254.0,0.0,0.0,0.0,5.0,673.0,254.0,0.0,0.0,0.0,5.0,705.0,254.0,0.0,0.0,0.0,5.0,737.0,254.0,0.0,0.0,0.0,5.0,929.0,254.0,0.0,0.0,0.0,4.0,1342177544.0,1342177800.0,1342178056.0,1342178312.0,8.0,1342243080.0,1342243336.0,1342243592.0,1342243848.0,1342244104.0,1342244360.0,1342244616.0,1342244872.0,4.0,1342308624.0,1342308880.0,1342309136.0,1342309392.0,4.0,1342374160.0,1342374416.0,1342374672.0,1342374928.0,4.0,1342375184.0,1342375440.0,1342375696.0,1342375952.0,4.0,1342376208.0,1342376464.0,1342376720.0,1342376976.0,8.0,1342439688.0,1342439944.0,1342440200.0,1342440456.0,1342440712.0,1342440968.0,1342441224.0,1342441480.0,4.0,0.0,0.0,0.0,0.0,8.0,17.0,17.0,17.0,17.0,1.0,1.0,1.0,1.0,16.0,100.0,100.0,100.0,100.0,100.0,100.0,100.0,100.0,100.0,100.0,100.0,100.0,100.0,100.0,100.0,100.0,2.0,45.0,45.0,1.0,8.0,4.0,80.0,245.0,1.0,0.0,8.0,0.0,252.0,168.0,168.0,0.0,0.0,85.0,122.0,5.0,145.0,1837.0,3.0,6.0,1.0,12.0,0.0,0.0,0.0,0.0,0.0,0.0,0.0,0.0,0.0,0.0,0.0,0.0,8.0,44.0,0.0,0.0,0.0,0.0,0.0,0.0,0.0,2.0,128.0,0.0,8.0,0.0,0.0,0.0,0.0,0.0,0.0,0.0,0.0,0.0,0.0,0.0,655761.0,0.0,340444200.0,34044204.0,2.02,129.0,0.0,2000.0,65.0,0.0,0.0,0.0,0.0,0.0,0.0,0.0,1.0,0.0,0.0,0.0,0.0,0.0,0.0,0.0,0.0,0.0,0.0,0.0,0.0,0.0,0.0,0.0,0.0,0.0,0.0,0.0,0.0,0.0,0.0,0.0,1.0,0.0,0.0,0.0,0.0,0.0,0.0,0.0,0.0,0.0,0.0,0.0,0.0,0.0,0.0,0.0,0.0,0.0,0.0,0.0,0.0,0.0,0.0,0.0,0.0,0.0,0.0,0.0,0.0,0.0,0.0,0.0,0.0,0.0,0.0,0.0,0.0,0.0,0.0,0.0,0.0,0.0,0.0,0.0,0.0,0.0,0.0,0.0,0.0,1.0,1.0,0.0,0.0,4500.0,0.0,0.0,0.0,0.0,0.0,0.0,
475,0.0,0.0,0.0,0.0,0.0,0.0,3.0,1.0,1.0,1.0,3.0,1.0,1.0,1.0,4.0,1275.0,3408964.0,131072.0,0.0,2.0,1537.0,1409.0,5.0,513.0,255.0,0.0,0.0,0.0,5.0,769.0,255.0,0.0,0.0,0.0,5.0,1025.0,255.0,0.0,0.0,0.0,5.0,1281.0,254.0,0.0,0.0,0.0,2.0,1644167432.0,1644167688.0,4.0,1678835984.0,1678836240.0,1678836496.0,1678836752.0,4.0,1678837008.0,1678837264.0,1678837520.0,1678837776.0,1.0,537198856.0,5.0,417.0,254.0,0.0,0.0,0.0,5.0,449.0,254.0,0.0,0.0,0.0,5.0,481.0,254.0,0.0,0.0,0.0,5.0,673.0,254.0,0.0,0.0,0.0,5.0,705.0,254.0,0.0,0.0,0.0,5.0,737.0,254.0,0.0,0.0,0.0,5.0,929.0,254.0,0.0,0.0,0.0,4.0,1342177544.0,1342177800.0,1342178056.0,1342178312.0,8.0,1342243080.0,1342243336.0,1342243592.0,1342243848.0,1342244104.0,1342244360.0,1342244616.0,1342244872.0,4.0,1342308624.0,1342308880.0,1342309136.0,1342309392.0,4.0,1342374160.0,1342374416.0,1342374672.0,1342374928.0,4.0,1342375184.0,1342375440.0,1342375696.0,1342375952.0,4.0,1342376208.0,1342376464.0,1342376720.0,1342376976.0,8.0,1342439688.0,1342439944.0,1342440200.0,1342440456.0,1342440712.0,1342440968.0,1342441224.0,1342441480.0,4.0,0.0,0.0,0.0,0.0,8.0,17.0,17.0,17.0,17.0,1.0,1.0,1.0,1.0,16.0,100.0,100.0,100.0,100.0,100.0,100.0,100.0,100.0,100.0,100.0,100.0,100.0,100.0,100.0,100.0,100.0,2.0,45.0,45.0,1.0,8.0,4.0,80.0,245.0,1.0,0.0,8.0,0.0,252.0,168.0,168.0,0.0,0.0,85.0,122.0,5.0,145.0,1842.0,3.0,6.0,1.0,12.0,0.0,0.0,0.0,0.0,0.0,0.0,0.0,0.0,0.0,0.0,0.0,0.0,8.0,44.0,0.0,0.0,0.0,0.0,0.0,0.0,0.0,2.0,0.0,0.0,8.0,0.0,0.0,0.0,0.0,0.0,0.0,0.0,0.0,0.0,0.0,0.0,655761.0,0.0,340444200.0,34044204.0,2.02,129.0,0.0,2000.0,65.0,0.0,0.0,0.0,0.0,0.0,0.0,0.0,1.0,0.0,0.0,0.0,0.0,0.0,0.0,0.0,0.0,0.0,0.0,0.0,0.0,0.0,0.0,0.0,0.0,0.0,0.0,0.0,0.0,0.0,0.0,0.0,0.0,0.0,0.0,0.0,0.0,0.0,0.0,0.0,0.0,0.0,0.0,0.0,0.0,0.0,0.0,0.0,0.0,0.0,0.0,0.0,0.0,0.0,0.0,0.0,0.0,0.0,0.0,0.0,0.0,0.0,0.0,0.0,0.0,0.0,0.0,0.0,0.0,0.0,0.0,0.0,0.0,0.0,0.0,0.0,0.0,0.0,0.0,0.0,0.0,1.0,1.0,0.0,0.0,4500.0,0.0,0.0,0.0,0.0,0.0,0.0,
477,0.0,0.0,0.0,0.0,0.0,0.0,3.0,1.0,1.0,1.0,3.0,1.0,1.0,1.0,4.0,1275.0,3408964.0,131072.0,0.0,2.0,1537.0,1409.0,5.0,513.0,255.0,0.0,0.0,0.0,5.0,769.0,255.0,0.0,0.0,0.0,5.0,1025.0,255.0,0.0,0.0,0.0,5.0,1281.0,254.0,0.0,0.0,0.0,2.0,1644167432.0,1644167688.0,4.0,1678835984.0,1678836240.0,1678836496.0,1678836752.0,4.0,1678837008.0,1678837264.0,1678837520.0,1678837776.0,1.0,537198856.0,5.0,417.0,254.0,0.0,0.0,0.0,5.0,449.0,254.0,0.0,0.0,0.0,5.0,481.0,254.0,0.0,0.0,0.0,5.0,673.0,254.0,0.0,0.0,0.0,5.0,705.0,254.0,0.0,0.0,0.0,5.0,737.0,254.0,0.0,0.0,0.0,5.0,929.0,254.0,0.0,0.0,0.0,4.0,1342177544.0,1342177800.0,1342178056.0,1342178312.0,8.0,1342243080.0,1342243336.0,1342243592.0,1342243848.0,1342244104.0,1342244360.0,1342244616.0,1342244872.0,4.0,1342308624.0,1342308880.0,1342309136.0,1342309392.0,4.0,1342374160.0,1342374416.0,1342374672.0,1342374928.0,4.0,1342375184.0,1342375440.0,1342375696.0,1342375952.0,4.0,1342376208.0,1342376464.0,1342376720.0,1342376976.0,8.0,1342439688.0,1342439944.0,1342440200.0,1342440456.0,1342440712.0,1342440968.0,1342441224.0,1342441480.0,4.0,0.0,0.0,0.0,0.0,8.0,17.0,17.0,17.0,17.0,1.0,1.0,1.0,1.0,16.0,100.0,100.0,100.0,100.0,100.0,100.0,100.0,100.0,100.0,100.0,100.0,100.0,100.0,100.0,100.0,100.0,2.0,45.0,45.0,1.0,8.0,4.0,80.0,245.0,1.0,0.0,8.0,0.0,252.0,168.0,168.0,0.0,0.0,85.0,122.0,5.0,145.0,1842.0,3.0,6.0,1.0,12.0,0.0,0.0,0.0,0.0,0.0,0.0,0.0,0.0,0.0,0.0,0.0,0.0,8.0,44.0,0.0,0.0,0.0,0.0,0.0,0.0,0.0,2.0,0.0,0.0,8.0,0.0,0.0,0.0,0.0,0.0,0.0,0.0,0.0,0.0,0.0,0.0,655761.0,0.0,340444200.0,34044204.0,2.02,129.0,0.0,2000.0,65.0,0.0,0.0,0.0,0.0,0.0,0.0,0.0,1.0,0.0,0.0,0.0,0.0,0.0,0.0,0.0,0.0,0.0,0.0,0.0,0.0,0.0,0.0,0.0,0.0,0.0,0.0,0.0,0.0,0.0,0.0,0.0,0.0,0.0,0.0,0.0,0.0,0.0,0.0,0.0,0.0,0.0,0.0,0.0,0.0,0.0,0.0,0.0,0.0,0.0,0.0,0.0,0.0,0.0,0.0,0.0,0.0,0.0,0.0,0.0,0.0,0.0,0.0,0.0,0.0,0.0,0.0,0.0,0.0,0.0,0.0,0.0,0.0,0.0,0.0,0.0,0.0,0.0,0.0,0.0,0.0,1.0,1.0,0.0,0.0,0.0,0.0,0.0,0.0,0.0,0.0,0.0,
485,0.0,0.0,0.0,0.0,0.0,0.0,3.0,1.0,1.0,1.0,3.0,1.0,1.0,1.0,4.0,1275.0,3408964.0,131072.0,0.0,2.0,1537.0,1409.0,5.0,513.0,255.0,0.0,0.0,0.0,5.0,769.0,255.0,0.0,0.0,0.0,5.0,1025.0,255.0,0.0,0.0,0.0,5.0,1281.0,254.0,0.0,0.0,0.0,2.0,1644167432.0,1644167688.0,4.0,1678835984.0,1678836240.0,1678836496.0,1678836752.0,4.0,1678837008.0,1678837264.0,1678837520.0,1678837776.0,1.0,537198856.0,5.0,417.0,254.0,0.0,0.0,0.0,5.0,449.0,254.0,0.0,0.0,0.0,5.0,481.0,254.0,0.0,0.0,0.0,5.0,673.0,254.0,0.0,0.0,0.0,5.0,705.0,254.0,0.0,0.0,0.0,5.0,737.0,254.0,0.0,0.0,0.0,5.0,929.0,254.0,0.0,0.0,0.0,4.0,1342177544.0,1342177800.0,1342178056.0,1342178312.0,8.0,1342243080.0,1342243336.0,1342243592.0,1342243848.0,1342244104.0,1342244360.0,1342244616.0,1342244872.0,4.0,1342308624.0,1342308880.0,1342309136.0,1342309392.0,4.0,1342374160.0,1342374416.0,1342374672.0,1342374928.0,4.0,1342375184.0,1342375440.0,1342375696.0,1342375952.0,4.0,1342376208.0,1342376464.0,1342376720.0,1342376976.0,8.0,1342439688.0,1342439944.0,1342440200.0,1342440456.0,1342440712.0,1342440968.0,1342441224.0,1342441480.0,4.0,0.0,0.0,0.0,0.0,8.0,17.0,17.0,17.0,17.0,17.0,1.0,1.0,1.0,16.0,100.0,100.0,100.0,100.0,100.0,100.0,100.0,100.0,100.0,100.0,100.0,100.0,100.0,100.0,100.0,100.0,2.0,45.0,45.0,1.0,0.0,4.0,80.0,245.0,1.0,0.0,8.0,0.0,252.0,168.0,168.0,1.0,0.0,85.0,122.0,5.0,145.0,1842.0,3.0,6.0,1.0,12.0,0.0,0.0,0.0,0.0,0.0,0.0,0.0,0.0,0.0,0.0,0.0,0.0,8.0,44.0,0.0,0.0,0.0,0.0,0.0,0.0,0.0,2.0,0.0,1.0,8.0,0.0,0.0,0.0,0.0,0.0,0.0,0.0,0.0,0.0,0.0,0.0,655761.0,0.0,340444200.0,34044204.0,2.02,129.0,0.0,2000.0,65.0,0.0,0.0,0.0,0.0,0.0,0.0,0.0,1.0,0.0,0.0,0.0,0.0,0.0,0.0,0.0,0.0,0.0,0.0,0.0,0.0,0.0,0.0,0.0,0.0,0.0,0.0,0.0,0.0,0.0,0.0,0.0,0.0,1.0,0.0,0.0,0.0,0.0,0.0,0.0,0.0,0.0,0.0,0.0,0.0,0.0,0.0,0.0,0.0,0.0,0.0,0.0,0.0,0.0,0.0,0.0,0.0,0.0,0.0,0.0,0.0,0.0,0.0,0.0,0.0,0.0,0.0,0.0,0.0,0.0,0.0,0.0,0.0,14.409,0.0,0.0,0.0,0.0,0.0,0.0,0.0,1.0,1.0,0.0,0.0,0.0,0.0,0.0,0.0,0.0,0.0,0.0,
486,0.0,0.0,0.0,0.0,0.0,0.0,3.0,1.0,1.0,1.0,3.0,1.0,1.0,1.0,4.0,1275.0,3408964.0,131072.0,0.0,2.0,1537.0,1409.0,5.0,513.0,255.0,0.0,0.0,0.0,5.0,769.0,255.0,0.0,0.0,0.0,5.0,1025.0,255.0,0.0,0.0,0.0,5.0,1281.0,254.0,0.0,0.0,0.0,2.0,1644167432.0,1644167688.0,4.0,1678835984.0,1678836240.0,1678836496.0,1678836752.0,4.0,1678837008.0,1678837264.0,1678837520.0,1678837776.0,1.0,537198856.0,5.0,417.0,254.0,0.0,0.0,0.0,5.0,449.0,254.0,0.0,0.0,0.0,5.0,481.0,254.0,0.0,0.0,0.0,5.0,673.0,254.0,0.0,0.0,0.0,5.0,705.0,254.0,0.0,0.0,0.0,5.0,737.0,254.0,0.0,0.0,0.0,5.0,929.0,254.0,0.0,0.0,0.0,4.0,1342177544.0,1342177800.0,1342178056.0,1342178312.0,8.0,1342243080.0,1342243336.0,1342243592.0,1342243848.0,1342244104.0,1342244360.0,1342244616.0,1342244872.0,4.0,1342308624.0,1342308880.0,1342309136.0,1342309392.0,4.0,1342374160.0,1342374416.0,1342374672.0,1342374928.0,4.0,1342375184.0,1342375440.0,1342375696.0,1342375952.0,4.0,1342376208.0,1342376464.0,1342376720.0,1342376976.0,8.0,1342439688.0,1342439944.0,1342440200.0,1342440456.0,1342440712.0,1342440968.0,1342441224.0,1342441480.0,4.0,0.0,0.0,0.0,0.0,8.0,17.0,17.0,17.0,17.0,17.0,1.0,1.0,1.0,16.0,100.0,100.0,100.0,100.0,100.0,100.0,100.0,100.0,100.0,100.0,100.0,100.0,100.0,100.0,100.0,100.0,2.0,45.0,45.0,1.0,0.0,4.0,80.0,245.0,1.0,0.0,8.0,0.0,252.0,168.0,168.0,1.0,0.0,85.0,122.0,5.0,144.0,1842.0,3.0,6.0,1.0,12.0,0.0,0.0,0.0,0.0,0.0,0.0,0.0,0.0,0.0,0.0,0.0,0.0,8.0,44.0,0.0,0.0,0.0,0.0,0.0,0.0,0.0,2.0,0.0,1.0,8.0,0.0,0.0,0.0,0.0,0.0,0.0,0.0,0.0,0.0,0.0,0.0,655761.0,0.0,340444200.0,34044204.0,2.02,129.0,0.0,2000.0,65.0,0.0,0.0,0.0,0.0,0.0,0.0,0.0,1.0,0.0,0.0,0.0,0.0,0.0,0.0,0.0,0.0,0.0,0.0,0.0,0.0,0.0,0.0,0.0,0.0,0.0,0.0,0.0,0.0,0.0,0.0,0.0,0.0,1.0,0.0,0.0,0.0,0.0,0.0,0.0,0.0,0.0,0.0,0.0,0.0,0.0,0.0,0.0,0.0,0.0,0.0,0.0,0.0,0.0,0.0,0.0,0.0,0.0,0.0,0.0,0.0,0.0,0.0,0.0,0.0,0.0,0.0,0.0,0.0,0.0,0.0,0.0,0.0,14.41,0.0,0.0,0.0,0.0,0.0,0.0,0.0,1.0,1.0,0.0,0.0,0.0,0.0,0.0,0.0,0.0,0.0,0.0,
487,0.0,0.0,0.0,0.0,0.0,0.0,3.0,1.0,1.0,1.0,3.0,1.0,1.0,1.0,4.0,1275.0,3408964.0,131072.0,0.0,2.0,1537.0,1409.0,5.0,513.0,255.0,0.0,0.0,0.0,5.0,769.0,255.0,0.0,0.0,0.0,5.0,1025.0,255.0,0.0,0.0,0.0,5.0,1281.0,254.0,0.0,0.0,0.0,2.0,1644167432.0,1644167688.0,4.0,1678835984.0,1678836240.0,1678836496.0,1678836752.0,4.0,1678837008.0,1678837264.0,1678837520.0,1678837776.0,1.0,537198856.0,5.0,417.0,254.0,0.0,0.0,0.0,5.0,449.0,254.0,0.0,0.0,0.0,5.0,481.0,254.0,0.0,0.0,0.0,5.0,673.0,254.0,0.0,0.0,0.0,5.0,705.0,254.0,0.0,0.0,0.0,5.0,737.0,254.0,0.0,0.0,0.0,5.0,929.0,254.0,0.0,0.0,0.0,4.0,1342177544.0,1342177800.0,1342178056.0,1342178312.0,8.0,1342243080.0,1342243336.0,1342243592.0,1342243848.0,1342244104.0,1342244360.0,1342244616.0,1342244872.0,4.0,1342308624.0,1342308880.0,1342309136.0,1342309392.0,4.0,1342374160.0,1342374416.0,1342374672.0,1342374928.0,4.0,1342375184.0,1342375440.0,1342375696.0,1342375952.0,4.0,1342376208.0,1342376464.0,1342376720.0,1342376976.0,8.0,1342439688.0,1342439944.0,1342440200.0,1342440456.0,1342440712.0,1342440968.0,1342441224.0,1342441480.0,4.0,0.0,0.0,0.0,0.0,8.0,17.0,17.0,17.0,17.0,17.0,1.0,1.0,1.0,16.0,100.0,100.0,100.0,100.0,100.0,100.0,100.0,100.0,100.0,100.0,100.0,100.0,100.0,100.0,100.0,100.0,2.0,45.0,45.0,1.0,0.0,4.0,80.0,245.0,1.0,0.0,8.0,0.0,252.0,168.0,168.0,1.0,0.0,85.0,122.0,5.0,144.0,1842.0,3.0,6.0,1.0,12.0,0.0,0.0,0.0,0.0,0.0,0.0,0.0,0.0,0.0,0.0,0.0,0.0,8.0,44.0,0.0,0.0,0.0,0.0,0.0,0.0,0.0,2.0,0.0,1.0,8.0,0.0,0.0,0.0,0.0,0.0,0.0,0.0,0.0,0.0,0.0,0.0,655761.0,0.0,340444200.0,34044204.0,2.02,129.0,0.0,2000.0,65.0,0.0,0.0,0.0,0.0,0.0,0.0,0.0,1.0,0.0,0.0,0.0,0.0,0.0,0.0,0.0,0.0,0.0,0.0,0.0,0.0,0.0,0.0,0.0,0.0,0.0,0.0,0.0,0.0,0.0,0.0,0.0,0.0,1.0,0.0,0.0,0.0,0.0,0.0,0.0,0.0,0.0,0.0,0.0,0.0,0.0,0.0,0.0,0.0,0.0,0.0,0.0,0.0,0.0,0.0,0.0,0.0,0.0,0.0,0.0,0.0,0.0,0.0,0.0,0.0,0.0,0.0,0.0,0.0,0.0,0.0,0.0,0.0,14.408,0.0,0.0,0.0,0.0,0.0,0.0,0.0,1.0,1.0,0.0,0.0,0.0,0.0,0.0,0.0,0.0,0.0,0.0,
492,0.0,0.0,0.0,0.0,0.0,0.0,3.0,1.0,1.0,1.0,3.0,1.0,1.0,1.0,4.0,1275.0,3408964.0,131072.0,0.0,2.0,1537.0,1409.0,5.0,513.0,255.0,0.0,0.0,0.0,5.0,769.0,255.0,0.0,0.0,0.0,5.0,1025.0,255.0,0.0,0.0,0.0,5.0,1281.0,254.0,0.0,0.0,0.0,2.0,1644167432.0,1644167688.0,4.0,1678835984.0,1678836240.0,1678836496.0,1678836752.0,4.0,1678837008.0,1678837264.0,1678837520.0,1678837776.0,1.0,537198856.0,5.0,417.0,254.0,0.0,0.0,0.0,5.0,449.0,254.0,0.0,0.0,0.0,5.0,481.0,254.0,0.0,0.0,0.0,5.0,673.0,254.0,0.0,0.0,0.0,5.0,705.0,254.0,0.0,0.0,0.0,5.0,737.0,254.0,0.0,0.0,0.0,5.0,929.0,254.0,0.0,0.0,0.0,4.0,1342177544.0,1342177800.0,1342178056.0,1342178312.0,8.0,1342243080.0,1342243336.0,1342243592.0,1342243848.0,1342244104.0,1342244360.0,1342244616.0,1342244872.0,4.0,1342308624.0,1342308880.0,1342309136.0,1342309392.0,4.0,1342374160.0,1342374416.0,1342374672.0,1342374928.0,4.0,1342375184.0,1342375440.0,1342375696.0,1342375952.0,4.0,1342376208.0,1342376464.0,1342376720.0,1342376976.0,8.0,1342439688.0,1342439944.0,1342440200.0,1342440456.0,1342440712.0,1342440968.0,1342441224.0,1342441480.0,4.0,0.0,0.0,0.0,0.0,8.0,17.0,17.0,17.0,17.0,17.0,1.0,1.0,1.0,16.0,100.0,100.0,100.0,100.0,100.0,100.0,100.0,100.0,100.0,100.0,100.0,100.0,100.0,100.0,100.0,100.0,2.0,45.0,45.0,1.0,0.0,4.0,80.0,245.0,1.0,0.0,8.0,0.0,252.0,168.0,168.0,1.0,0.0,85.0,122.0,5.0,144.0,1842.0,3.0,6.0,1.0,12.0,0.0,0.0,0.0,0.0,501.0,0.0,0.0,0.0,0.0,0.0,0.0,0.0,8.0,44.0,0.0,0.0,0.0,0.0,0.0,0.0,0.0,2.0,0.0,1.0,8.0,0.0,0.0,0.0,0.0,0.0,0.0,0.0,0.0,0.0,0.0,0.0,655761.0,0.0,340444200.0,34044204.0,2.02,129.0,0.0,2000.0,65.0,0.0,0.0,0.0,0.0,0.0,0.0,0.0,1.0,0.0,0.0,0.0,0.0,0.0,0.0,0.0,0.0,0.0,0.0,0.0,0.0,0.0,0.0,0.0,0.0,0.0,0.0,0.0,0.0,0.0,0.0,0.0,0.0,1.0,0.0,0.0,0.0,0.0,0.0,0.0,0.0,0.0,0.0,0.0,0.0,0.0,0.0,0.0,0.0,0.0,0.0,0.0,0.0,0.0,0.0,0.0,0.0,0.0,0.0,0.0,0.0,0.0,0.0,0.0,0.0,0.0,0.0,0.0,0.0,0.0,0.0,0.0,0.0,13.711,0.499,0.0,0.0,0.0,0.0,0.0,0.0,1.0,1.0,0.0,0.0,500.0,0.0,0.0,0.0,0.0,0.0,0.0,
493,0.0,0.0,0.0,0.0,0.0,0.0,3.0,1.0,1.0,1.0,3.0,1.0,1.0,1.0,4.0,1275.0,3408964.0,131072.0,0.0,2.0,1537.0,1409.0,5.0,513.0,255.0,0.0,0.0,0.0,5.0,769.0,255.0,0.0,0.0,0.0,5.0,1025.0,255.0,0.0,0.0,0.0,5.0,1281.0,254.0,0.0,0.0,0.0,2.0,1644167432.0,1644167688.0,4.0,1678835984.0,1678836240.0,1678836496.0,1678836752.0,4.0,1678837008.0,1678837264.0,1678837520.0,1678837776.0,1.0,537198856.0,5.0,417.0,254.0,0.0,0.0,0.0,5.0,449.0,254.0,0.0,0.0,0.0,5.0,481.0,254.0,0.0,0.0,0.0,5.0,673.0,254.0,0.0,0.0,0.0,5.0,705.0,254.0,0.0,0.0,0.0,5.0,737.0,254.0,0.0,0.0,0.0,5.0,929.0,254.0,0.0,0.0,0.0,4.0,1342177544.0,1342177800.0,1342178056.0,1342178312.0,8.0,1342243080.0,1342243336.0,1342243592.0,1342243848.0,1342244104.0,1342244360.0,1342244616.0,1342244872.0,4.0,1342308624.0,1342308880.0,1342309136.0,1342309392.0,4.0,1342374160.0,1342374416.0,1342374672.0,1342374928.0,4.0,1342375184.0,1342375440.0,1342375696.0,1342375952.0,4.0,1342376208.0,1342376464.0,1342376720.0,1342376976.0,8.0,1342439688.0,1342439944.0,1342440200.0,1342440456.0,1342440712.0,1342440968.0,1342441224.0,1342441480.0,4.0,0.0,0.0,0.0,0.0,8.0,17.0,17.0,17.0,17.0,17.0,1.0,1.0,1.0,16.0,100.0,100.0,100.0,100.0,100.0,100.0,100.0,100.0,100.0,100.0,100.0,100.0,100.0,100.0,100.0,100.0,2.0,45.0,45.0,1.0,0.0,4.0,80.0,245.0,1.0,0.0,8.0,0.0,252.0,168.0,168.0,1.0,0.0,85.0,122.0,5.0,144.0,1842.0,3.0,6.0,1.0,12.0,0.0,0.0,0.0,0.0,501.0,0.0,0.0,0.0,0.0,0.0,0.0,0.0,8.0,44.0,0.0,0.0,0.0,0.0,0.0,0.0,0.0,2.0,0.0,1.0,8.0,0.0,0.0,0.0,0.0,0.0,0.0,0.0,0.0,0.0,0.0,0.0,655761.0,0.0,340444200.0,34044204.0,2.02,129.0,0.0,2000.0,65.0,0.0,0.0,0.0,0.0,0.0,0.0,0.0,1.0,0.0,0.0,0.0,0.0,0.0,0.0,0.0,0.0,0.0,0.0,0.0,0.0,0.0,0.0,0.0,0.0,0.0,0.0,0.0,0.0,0.0,0.0,0.0,0.0,1.0,0.0,0.0,0.0,0.0,0.0,0.0,0.0,0.0,0.0,0.0,0.0,0.0,0.0,0.0,0.0,0.0,0.0,0.0,0.0,0.0,0.0,0.0,0.0,0.0,0.0,0.0,0.0,0.0,0.0,0.0,0.0,0.0,0.0,0.0,0.0,0.0,0.0,0.0,0.0,13.711,0.499,0.0,0.0,0.0,0.0,0.0,0.0,1.0,1.0,0.0,0.0,500.0,0.0,0.0,0.0,0.0,0.0,0.0,
494,0.0,0.0,0.0,0.0,0.0,0.0,3.0,1.0,1.0,1.0,3.0,1.0,1.0,1.0,4.0,1275.0,3408964.0,131072.0,0.0,2.0,1537.0,1409.0,5.0,513.0,255.0,0.0,0.0,0.0,5.0,769.0,255.0,0.0,0.0,0.0,5.0,1025.0,255.0,0.0,0.0,0.0,5.0,1281.0,254.0,0.0,0.0,0.0,2.0,1644167432.0,1644167688.0,4.0,1678835984.0,1678836240.0,1678836496.0,1678836752.0,4.0,1678837008.0,1678837264.0,1678837520.0,1678837776.0,1.0,537198856.0,5.0,417.0,254.0,0.0,0.0,0.0,5.0,449.0,254.0,0.0,0.0,0.0,5.0,481.0,254.0,0.0,0.0,0.0,5.0,673.0,254.0,0.0,0.0,0.0,5.0,705.0,254.0,0.0,0.0,0.0,5.0,737.0,254.0,0.0,0.0,0.0,5.0,929.0,254.0,0.0,0.0,0.0,4.0,1342177544.0,1342177800.0,1342178056.0,1342178312.0,8.0,1342243080.0,1342243336.0,1342243592.0,1342243848.0,1342244104.0,1342244360.0,1342244616.0,1342244872.0,4.0,1342308624.0,1342308880.0,1342309136.0,1342309392.0,4.0,1342374160.0,1342374416.0,1342374672.0,1342374928.0,4.0,1342375184.0,1342375440.0,1342375696.0,1342375952.0,4.0,1342376208.0,1342376464.0,1342376720.0,1342376976.0,8.0,1342439688.0,1342439944.0,1342440200.0,1342440456.0,1342440712.0,1342440968.0,1342441224.0,1342441480.0,4.0,0.0,0.0,0.0,0.0,8.0,17.0,17.0,17.0,17.0,17.0,1.0,1.0,1.0,16.0,100.0,100.0,100.0,100.0,100.0,100.0,100.0,100.0,100.0,100.0,100.0,100.0,100.0,100.0,100.0,100.0,2.0,45.0,45.0,1.0,0.0,4.0,80.0,245.0,1.0,0.0,8.0,0.0,252.0,168.0,168.0,1.0,0.0,85.0,122.0,5.0,144.0,1842.0,3.0,6.0,1.0,12.0,0.0,0.0,0.0,0.0,501.0,0.0,0.0,0.0,0.0,0.0,0.0,0.0,8.0,44.0,0.0,0.0,0.0,0.0,0.0,0.0,0.0,2.0,0.0,1.0,8.0,0.0,0.0,0.0,0.0,0.0,0.0,0.0,0.0,0.0,0.0,0.0,655761.0,0.0,340444200.0,34044204.0,2.02,129.0,0.0,2000.0,65.0,0.0,0.0,0.0,0.0,0.0,0.0,0.0,1.0,0.0,0.0,0.0,0.0,0.0,0.0,0.0,0.0,0.0,0.0,0.0,0.0,0.0,0.0,0.0,0.0,0.0,0.0,0.0,0.0,0.0,0.0,0.0,0.0,1.0,0.0,0.0,0.0,0.0,0.0,0.0,0.0,0.0,0.0,0.0,0.0,0.0,0.0,0.0,0.0,0.0,0.0,0.0,0.0,0.0,0.0,0.0,0.0,0.0,0.0,0.0,0.0,0.0,0.0,0.0,0.0,0.0,0.0,0.0,0.0,0.0,0.0,0.0,0.0,13.71,0.499,0.0,0.0,0.0,0.0,0.0,0.0,1.0,1.0,0.0,0.0,500.0,0.0,0.0,0.0,0.0,0.0,0.0,
499,0.0,0.0,0.0,0.0,0.0,0.0,3.0,1.0,1.0,1.0,3.0,1.0,1.0,1.0,4.0,1275.0,3408964.0,131072.0,0.0,2.0,1537.0,1409.0,5.0,513.0,255.0,0.0,0.0,0.0,5.0,769.0,255.0,0.0,0.0,0.0,5.0,1025.0,255.0,0.0,0.0,0.0,5.0,1281.0,254.0,0.0,0.0,0.0,2.0,1644167432.0,1644167688.0,4.0,1678835984.0,1678836240.0,1678836496.0,1678836752.0,4.0,1678837008.0,1678837264.0,1678837520.0,1678837776.0,1.0,537198856.0,5.0,417.0,254.0,0.0,0.0,0.0,5.0,449.0,254.0,0.0,0.0,0.0,5.0,481.0,254.0,0.0,0.0,0.0,5.0,673.0,254.0,0.0,0.0,0.0,5.0,705.0,254.0,0.0,0.0,0.0,5.0,737.0,254.0,0.0,0.0,0.0,5.0,929.0,254.0,0.0,0.0,0.0,4.0,1342177544.0,1342177800.0,1342178056.0,1342178312.0,8.0,1342243080.0,1342243336.0,1342243592.0,1342243848.0,1342244104.0,1342244360.0,1342244616.0,1342244872.0,4.0,1342308624.0,1342308880.0,1342309136.0,1342309392.0,4.0,1342374160.0,1342374416.0,1342374672.0,1342374928.0,4.0,1342375184.0,1342375440.0,1342375696.0,1342375952.0,4.0,1342376208.0,1342376464.0,1342376720.0,1342376976.0,8.0,1342439688.0,1342439944.0,1342440200.0,1342440456.0,1342440712.0,1342440968.0,1342441224.0,1342441480.0,4.0,0.0,0.0,0.0,0.0,8.0,17.0,17.0,17.0,17.0,17.0,1.0,1.0,1.0,16.0,100.0,100.0,100.0,100.0,100.0,100.0,100.0,100.0,100.0,100.0,100.0,100.0,100.0,100.0,100.0,100.0,2.0,45.0,45.0,1.0,0.0,4.0,80.0,245.0,1.0,0.0,8.0,0.0,252.0,168.0,168.0,1.0,0.0,85.0,122.0,5.0,144.0,1842.0,3.0,6.0,1.0,12.0,0.0,0.0,0.0,0.0,1031.0,0.0,0.0,0.0,0.0,0.0,0.0,0.0,8.0,44.0,0.0,0.0,0.0,0.0,0.0,0.0,0.0,2.0,0.0,1.0,8.0,0.0,0.0,0.0,0.0,0.0,0.0,0.0,0.0,0.0,0.0,0.0,655761.0,0.0,340444200.0,34044204.0,2.02,129.0,0.0,2000.0,65.0,0.0,0.0,0.0,0.0,0.0,0.0,0.0,1.0,0.0,0.0,0.0,0.0,0.0,0.0,0.0,0.0,0.0,0.0,0.0,0.0,0.0,0.0,0.0,0.0,0.0,0.0,0.0,0.0,0.0,0.0,0.0,0.0,1.0,0.0,0.0,0.0,0.0,0.0,0.0,0.0,0.0,0.0,0.0,0.0,0.0,0.0,0.0,0.0,0.0,0.0,0.0,0.0,0.0,0.0,0.0,0.0,0.0,0.0,0.0,0.0,0.0,0.0,0.0,0.0,0.0,0.0,0.0,0.0,0.0,0.0,0.0,0.0,13.04,0.999,0.0,0.0,0.0,0.0,0.0,0.0,1.0,1.0,0.0,0.0,1000.0,0.0,0.0,0.0,0.0,0.0,0.0,
500,0.0,0.0,0.0,0.0,0.0,0.0,3.0,1.0,1.0,1.0,3.0,1.0,1.0,1.0,4.0,1275.0,3408964.0,131072.0,0.0,2.0,1537.0,1409.0,5.0,513.0,255.0,0.0,0.0,0.0,5.0,769.0,255.0,0.0,0.0,0.0,5.0,1025.0,255.0,0.0,0.0,0.0,5.0,1281.0,254.0,0.0,0.0,0.0,2.0,1644167432.0,1644167688.0,4.0,1678835984.0,1678836240.0,1678836496.0,1678836752.0,4.0,1678837008.0,1678837264.0,1678837520.0,1678837776.0,1.0,537198856.0,5.0,417.0,254.0,0.0,0.0,0.0,5.0,449.0,254.0,0.0,0.0,0.0,5.0,481.0,254.0,0.0,0.0,0.0,5.0,673.0,254.0,0.0,0.0,0.0,5.0,705.0,254.0,0.0,0.0,0.0,5.0,737.0,254.0,0.0,0.0,0.0,5.0,929.0,254.0,0.0,0.0,0.0,4.0,1342177544.0,1342177800.0,1342178056.0,1342178312.0,8.0,1342243080.0,1342243336.0,1342243592.0,1342243848.0,1342244104.0,1342244360.0,1342244616.0,1342244872.0,4.0,1342308624.0,1342308880.0,1342309136.0,1342309392.0,4.0,1342374160.0,1342374416.0,1342374672.0,1342374928.0,4.0,1342375184.0,1342375440.0,1342375696.0,1342375952.0,4.0,1342376208.0,1342376464.0,1342376720.0,1342376976.0,8.0,1342439688.0,1342439944.0,1342440200.0,1342440456.0,1342440712.0,1342440968.0,1342441224.0,1342441480.0,4.0,0.0,0.0,0.0,0.0,8.0,17.0,17.0,17.0,17.0,17.0,1.0,1.0,1.0,16.0,100.0,100.0,100.0,100.0,100.0,100.0,100.0,100.0,100.0,100.0,100.0,100.0,100.0,100.0,100.0,100.0,2.0,45.0,45.0,1.0,0.0,4.0,80.0,245.0,1.0,0.0,8.0,0.0,252.0,168.0,168.0,1.0,0.0,85.0,122.0,5.0,144.0,1842.0,3.0,6.0,1.0,12.0,0.0,0.0,0.0,0.0,1031.0,0.0,0.0,0.0,0.0,0.0,0.0,0.0,8.0,44.0,0.0,0.0,0.0,0.0,0.0,0.0,0.0,2.0,0.0,1.0,8.0,0.0,0.0,0.0,0.0,0.0,0.0,0.0,0.0,0.0,0.0,0.0,655761.0,0.0,340444200.0,34044204.0,2.02,129.0,0.0,2000.0,65.0,0.0,0.0,0.0,0.0,0.0,0.0,0.0,1.0,0.0,0.0,0.0,0.0,0.0,0.0,0.0,0.0,0.0,0.0,0.0,0.0,0.0,0.0,0.0,0.0,0.0,0.0,0.0,0.0,0.0,0.0,0.0,0.0,1.0,0.0,0.0,0.0,0.0,0.0,0.0,0.0,0.0,0.0,0.0,0.0,0.0,0.0,0.0,0.0,0.0,0.0,0.0,0.0,0.0,0.0,0.0,0.0,0.0,0.0,0.0,0.0,0.0,0.0,0.0,0.0,0.0,0.0,0.0,0.0,0.0,0.0,0.0,0.0,13.041,0.999,0.0,0.0,0.0,0.0,0.0,0.0,1.0,1.0,0.0,0.0,1000.0,0.0,0.0,0.0,0.0,0.0,0.0,
501,0.0,0.0,0.0,0.0,0.0,0.0,3.0,1.0,1.0,1.0,3.0,1.0,1.0,1.0,4.0,1275.0,3408964.0,131072.0,0.0,2.0,1537.0,1409.0,5.0,513.0,255.0,0.0,0.0,0.0,5.0,769.0,255.0,0.0,0.0,0.0,5.0,1025.0,255.0,0.0,0.0,0.0,5.0,1281.0,254.0,0.0,0.0,0.0,2.0,1644167432.0,1644167688.0,4.0,1678835984.0,1678836240.0,1678836496.0,1678836752.0,4.0,1678837008.0,1678837264.0,1678837520.0,1678837776.0,1.0,537198856.0,5.0,417.0,254.0,0.0,0.0,0.0,5.0,449.0,254.0,0.0,0.0,0.0,5.0,481.0,254.0,0.0,0.0,0.0,5.0,673.0,254.0,0.0,0.0,0.0,5.0,705.0,254.0,0.0,0.0,0.0,5.0,737.0,254.0,0.0,0.0,0.0,5.0,929.0,254.0,0.0,0.0,0.0,4.0,1342177544.0,1342177800.0,1342178056.0,1342178312.0,8.0,1342243080.0,1342243336.0,1342243592.0,1342243848.0,1342244104.0,1342244360.0,1342244616.0,1342244872.0,4.0,1342308624.0,1342308880.0,1342309136.0,1342309392.0,4.0,1342374160.0,1342374416.0,1342374672.0,1342374928.0,4.0,1342375184.0,1342375440.0,1342375696.0,1342375952.0,4.0,1342376208.0,1342376464.0,1342376720.0,1342376976.0,8.0,1342439688.0,1342439944.0,1342440200.0,1342440456.0,1342440712.0,1342440968.0,1342441224.0,1342441480.0,4.0,0.0,0.0,0.0,0.0,8.0,17.0,17.0,17.0,17.0,17.0,1.0,1.0,1.0,16.0,100.0,100.0,100.0,100.0,100.0,100.0,100.0,100.0,100.0,100.0,100.0,100.0,100.0,100.0,100.0,100.0,2.0,45.0,45.0,1.0,0.0,4.0,80.0,245.0,1.0,0.0,8.0,0.0,252.0,168.0,168.0,1.0,0.0,85.0,122.0,5.0,144.0,1842.0,3.0,6.0,1.0,12.0,0.0,0.0,0.0,0.0,1031.0,0.0,0.0,0.0,0.0,0.0,0.0,0.0,8.0,44.0,0.0,0.0,0.0,0.0,0.0,0.0,0.0,2.0,0.0,1.0,8.0,0.0,0.0,0.0,0.0,0.0,0.0,0.0,0.0,0.0,0.0,0.0,655761.0,0.0,340444200.0,34044204.0,2.02,129.0,0.0,2000.0,65.0,0.0,0.0,0.0,0.0,0.0,0.0,0.0,1.0,0.0,0.0,0.0,0.0,0.0,0.0,0.0,0.0,0.0,0.0,0.0,0.0,0.0,0.0,0.0,0.0,0.0,0.0,0.0,0.0,0.0,0.0,0.0,0.0,1.0,0.0,0.0,0.0,0.0,0.0,0.0,0.0,0.0,0.0,0.0,0.0,0.0,0.0,0.0,0.0,0.0,0.0,0.0,0.0,0.0,0.0,0.0,0.0,0.0,0.0,0.0,0.0,0.0,0.0,0.0,0.0,0.0,0.0,0.0,0.0,0.0,0.0,0.0,0.0,13.041,0.999,0.0,0.0,0.0,0.0,0.0,0.0,1.0,1.0,0.0,0.0,1000.0,0.0,0.0,0.0,0.0,0.0,0.0,
506,0.0,0.0,0.0,0.0,0.0,0.0,3.0,1.0,1.0,1.0,3.0,1.0,1.0,1.0,4.0,1275.0,3408964.0,131072.0,0.0,2.0,1537.0,1409.0,5.0,513.0,255.0,0.0,0.0,0.0,5.0,769.0,255.0,0.0,0.0,0.0,5.0,1025.0,255.0,0.0,0.0,0.0,5.0,1281.0,254.0,0.0,0.0,0.0,2.0,1644167432.0,1644167688.0,4.0,1678835984.0,1678836240.0,1678836496.0,1678836752.0,4.0,1678837008.0,1678837264.0,1678837520.0,1678837776.0,1.0,537198856.0,5.0,417.0,254.0,0.0,0.0,0.0,5.0,449.0,254.0,0.0,0.0,0.0,5.0,481.0,254.0,0.0,0.0,0.0,5.0,673.0,254.0,0.0,0.0,0.0,5.0,705.0,254.0,0.0,0.0,0.0,5.0,737.0,254.0,0.0,0.0,0.0,5.0,929.0,254.0,0.0,0.0,0.0,4.0,1342177544.0,1342177800.0,1342178056.0,1342178312.0,8.0,1342243080.0,1342243336.0,1342243592.0,1342243848.0,1342244104.0,1342244360.0,1342244616.0,1342244872.0,4.0,1342308624.0,1342308880.0,1342309136.0,1342309392.0,4.0,1342374160.0,1342374416.0,1342374672.0,1342374928.0,4.0,1342375184.0,1342375440.0,1342375696.0,1342375952.0,4.0,1342376208.0,1342376464.0,1342376720.0,1342376976.0,8.0,1342439688.0,1342439944.0,1342440200.0,1342440456.0,1342440712.0,1342440968.0,1342441224.0,1342441480.0,4.0,0.0,0.0,0.0,0.0,8.0,17.0,17.0,17.0,17.0,17.0,1.0,1.0,1.0,16.0,100.0,100.0,100.0,100.0,100.0,100.0,100.0,100.0,100.0,100.0,100.0,100.0,100.0,100.0,100.0,100.0,2.0,45.0,45.0,1.0,0.0,4.0,80.0,245.0,1.0,0.0,8.0,0.0,252.0,168.0,168.0,1.0,0.0,85.0,122.0,5.0,144.0,1837.0,3.0,6.0,1.0,12.0,0.0,0.0,0.0,0.0,1564.0,0.0,0.0,0.0,0.0,0.0,0.0,0.0,8.0,44.0,0.0,0.0,0.0,0.0,0.0,0.0,0.0,2.0,0.0,1.0,8.0,0.0,0.0,0.0,0.0,0.0,0.0,0.0,0.0,0.0,0.0,0.0,655761.0,0.0,340444200.0,34044204.0,2.02,129.0,0.0,2000.0,65.0,0.0,0.0,0.0,0.0,0.0,0.0,0.0,1.0,0.0,0.0,0.0,0.0,0.0,0.0,0.0,0.0,0.0,0.0,0.0,0.0,0.0,0.0,0.0,0.0,0.0,0.0,0.0,0.0,0.0,0.0,0.0,0.0,1.0,0.0,0.0,0.0,0.0,0.0,0.0,0.0,0.0,0.0,0.0,0.0,0.0,0.0,0.0,0.0,0.0,0.0,0.0,0.0,0.0,0.0,0.0,0.0,0.0,0.0,0.0,0.0,0.0,0.0,0.0,0.0,0.0,0.0,0.0,0.0,0.0,0.0,0.0,0.0,12.357,1.499,0.0,0.0,0.0,0.0,0.0,0.0,1.0,1.0,0.0,0.0,1500.0,0.0,0.0,0.0,0.0,0.0,0.0,
507,0.0,0.0,0.0,0.0,0.0,0.0,3.0,1.0,1.0,1.0,3.0,1.0,1.0,1.0,4.0,1275.0,3408964.0,131072.0,0.0,2.0,1537.0,1409.0,5.0,513.0,255.0,0.0,0.0,0.0,5.0,769.0,255.0,0.0,0.0,0.0,5.0,1025.0,255.0,0.0,0.0,0.0,5.0,1281.0,254.0,0.0,0.0,0.0,2.0,1644167432.0,1644167688.0,4.0,1678835984.0,1678836240.0,1678836496.0,1678836752.0,4.0,1678837008.0,1678837264.0,1678837520.0,1678837776.0,1.0,537198856.0,5.0,417.0,254.0,0.0,0.0,0.0,5.0,449.0,254.0,0.0,0.0,0.0,5.0,481.0,254.0,0.0,0.0,0.0,5.0,673.0,254.0,0.0,0.0,0.0,5.0,705.0,254.0,0.0,0.0,0.0,5.0,737.0,254.0,0.0,0.0,0.0,5.0,929.0,254.0,0.0,0.0,0.0,4.0,1342177544.0,1342177800.0,1342178056.0,1342178312.0,8.0,1342243080.0,1342243336.0,1342243592.0,1342243848.0,1342244104.0,1342244360.0,1342244616.0,1342244872.0,4.0,1342308624.0,1342308880.0,1342309136.0,1342309392.0,4.0,1342374160.0,1342374416.0,1342374672.0,1342374928.0,4.0,1342375184.0,1342375440.0,1342375696.0,1342375952.0,4.0,1342376208.0,1342376464.0,1342376720.0,1342376976.0,8.0,1342439688.0,1342439944.0,1342440200.0,1342440456.0,1342440712.0,1342440968.0,1342441224.0,1342441480.0,4.0,0.0,0.0,0.0,0.0,8.0,17.0,17.0,17.0,17.0,17.0,1.0,1.0,1.0,16.0,100.0,100.0,100.0,100.0,100.0,100.0,100.0,100.0,100.0,100.0,100.0,100.0,100.0,100.0,100.0,100.0,2.0,45.0,45.0,1.0,0.0,4.0,80.0,245.0,1.0,0.0,8.0,0.0,252.0,168.0,168.0,1.0,0.0,85.0,122.0,5.0,144.0,1837.0,3.0,6.0,1.0,12.0,0.0,0.0,0.0,0.0,1564.0,0.0,0.0,0.0,0.0,0.0,0.0,0.0,8.0,44.0,0.0,0.0,0.0,0.0,0.0,0.0,0.0,2.0,0.0,1.0,8.0,0.0,0.0,0.0,0.0,0.0,0.0,0.0,0.0,0.0,0.0,0.0,655761.0,0.0,340444200.0,34044204.0,2.02,129.0,0.0,2000.0,65.0,0.0,0.0,0.0,0.0,0.0,0.0,0.0,1.0,0.0,0.0,0.0,0.0,0.0,0.0,0.0,0.0,0.0,0.0,0.0,0.0,0.0,0.0,0.0,0.0,0.0,0.0,0.0,0.0,0.0,0.0,0.0,0.0,1.0,0.0,0.0,0.0,0.0,0.0,0.0,0.0,0.0,0.0,0.0,0.0,0.0,0.0,0.0,0.0,0.0,0.0,0.0,0.0,0.0,0.0,0.0,0.0,0.0,0.0,0.0,0.0,0.0,0.0,0.0,0.0,0.0,0.0,0.0,0.0,0.0,0.0,0.0,0.0,12.358,1.499,0.0,0.0,0.0,0.0,0.0,0.0,1.0,1.0,0.0,0.0,1500.0,0.0,0.0,0.0,0.0,0.0,0.0,
508,0.0,0.0,0.0,0.0,0.0,0.0,3.0,1.0,1.0,1.0,3.0,1.0,1.0,1.0,4.0,1275.0,3408964.0,131072.0,0.0,2.0,1537.0,1409.0,5.0,513.0,255.0,0.0,0.0,0.0,5.0,769.0,255.0,0.0,0.0,0.0,5.0,1025.0,255.0,0.0,0.0,0.0,5.0,1281.0,254.0,0.0,0.0,0.0,2.0,1644167432.0,1644167688.0,4.0,1678835984.0,1678836240.0,1678836496.0,1678836752.0,4.0,1678837008.0,1678837264.0,1678837520.0,1678837776.0,1.0,537198856.0,5.0,417.0,254.0,0.0,0.0,0.0,5.0,449.0,254.0,0.0,0.0,0.0,5.0,481.0,254.0,0.0,0.0,0.0,5.0,673.0,254.0,0.0,0.0,0.0,5.0,705.0,254.0,0.0,0.0,0.0,5.0,737.0,254.0,0.0,0.0,0.0,5.0,929.0,254.0,0.0,0.0,0.0,4.0,1342177544.0,1342177800.0,1342178056.0,1342178312.0,8.0,1342243080.0,1342243336.0,1342243592.0,1342243848.0,1342244104.0,1342244360.0,1342244616.0,1342244872.0,4.0,1342308624.0,1342308880.0,1342309136.0,1342309392.0,4.0,1342374160.0,1342374416.0,1342374672.0,1342374928.0,4.0,1342375184.0,1342375440.0,1342375696.0,1342375952.0,4.0,1342376208.0,1342376464.0,1342376720.0,1342376976.0,8.0,1342439688.0,1342439944.0,1342440200.0,1342440456.0,1342440712.0,1342440968.0,1342441224.0,1342441480.0,4.0,0.0,0.0,0.0,0.0,8.0,17.0,17.0,17.0,17.0,17.0,1.0,1.0,1.0,16.0,100.0,100.0,100.0,100.0,100.0,100.0,100.0,100.0,100.0,100.0,100.0,100.0,100.0,100.0,100.0,100.0,2.0,45.0,45.0,1.0,0.0,4.0,80.0,245.0,1.0,0.0,8.0,0.0,252.0,168.0,168.0,1.0,0.0,85.0,122.0,5.0,144.0,1837.0,3.0,6.0,1.0,12.0,0.0,0.0,0.0,0.0,1564.0,0.0,0.0,0.0,0.0,0.0,0.0,0.0,8.0,44.0,0.0,0.0,0.0,0.0,0.0,0.0,0.0,2.0,0.0,1.0,8.0,0.0,0.0,0.0,0.0,0.0,0.0,0.0,0.0,0.0,0.0,0.0,655761.0,0.0,340444200.0,34044204.0,2.02,129.0,0.0,2000.0,65.0,0.0,0.0,0.0,0.0,0.0,0.0,0.0,1.0,0.0,0.0,0.0,0.0,0.0,0.0,0.0,0.0,0.0,0.0,0.0,0.0,0.0,0.0,0.0,0.0,0.0,0.0,0.0,0.0,0.0,0.0,0.0,0.0,1.0,0.0,0.0,0.0,0.0,0.0,0.0,0.0,0.0,0.0,0.0,0.0,0.0,0.0,0.0,0.0,0.0,0.0,0.0,0.0,0.0,0.0,0.0,0.0,0.0,0.0,0.0,0.0,0.0,0.0,0.0,0.0,0.0,0.0,0.0,0.0,0.0,0.0,0.0,0.0,12.358,1.499,0.0,0.0,0.0,0.0,0.0,0.0,1.0,1.0,0.0,0.0,1500.0,0.0,0.0,0.0,0.0,0.0,0.0,
513,0.0,0.0,0.0,0.0,0.0,0.0,3.0,1.0,1.0,1.0,3.0,1.0,1.0,1.0,4.0,1275.0,3408964.0,131072.0,0.0,2.0,1537.0,1409.0,5.0,513.0,255.0,0.0,0.0,0.0,5.0,769.0,255.0,0.0,0.0,0.0,5.0,1025.0,255.0,0.0,0.0,0.0,5.0,1281.0,254.0,0.0,0.0,0.0,2.0,1644167432.0,1644167688.0,4.0,1678835984.0,1678836240.0,1678836496.0,1678836752.0,4.0,1678837008.0,1678837264.0,1678837520.0,1678837776.0,1.0,537198856.0,5.0,417.0,254.0,0.0,0.0,0.0,5.0,449.0,254.0,0.0,0.0,0.0,5.0,481.0,254.0,0.0,0.0,0.0,5.0,673.0,254.0,0.0,0.0,0.0,5.0,705.0,254.0,0.0,0.0,0.0,5.0,737.0,254.0,0.0,0.0,0.0,5.0,929.0,254.0,0.0,0.0,0.0,4.0,1342177544.0,1342177800.0,1342178056.0,1342178312.0,8.0,1342243080.0,1342243336.0,1342243592.0,1342243848.0,1342244104.0,1342244360.0,1342244616.0,1342244872.0,4.0,1342308624.0,1342308880.0,1342309136.0,1342309392.0,4.0,1342374160.0,1342374416.0,1342374672.0,1342374928.0,4.0,1342375184.0,1342375440.0,1342375696.0,1342375952.0,4.0,1342376208.0,1342376464.0,1342376720.0,1342376976.0,8.0,1342439688.0,1342439944.0,1342440200.0,1342440456.0,1342440712.0,1342440968.0,1342441224.0,1342441480.0,4.0,0.0,0.0,0.0,0.0,8.0,17.0,17.0,17.0,17.0,17.0,1.0,1.0,1.0,16.0,100.0,100.0,100.0,100.0,100.0,100.0,100.0,100.0,100.0,100.0,100.0,100.0,100.0,100.0,100.0,100.0,2.0,45.0,45.0,1.0,0.0,4.0,80.0,245.0,1.0,0.0,8.0,0.0,252.0,168.0,168.0,1.0,0.0,85.0,122.0,5.0,143.0,1842.0,3.0,6.0,1.0,12.0,0.0,0.0,0.0,0.0,2102.0,0.0,0.0,0.0,0.0,0.0,0.0,0.0,8.0,44.0,0.0,0.0,0.0,0.0,0.0,0.0,0.0,2.0,0.0,1.0,8.0,0.0,0.0,0.0,0.0,0.0,0.0,0.0,0.0,0.0,0.0,0.0,655761.0,0.0,340444200.0,34044204.0,2.02,129.0,0.0,2000.0,65.0,0.0,0.0,0.0,0.0,0.0,0.0,0.0,1.0,0.0,0.0,0.0,0.0,0.0,0.0,0.0,0.0,0.0,0.0,0.0,0.0,0.0,0.0,0.0,0.0,0.0,0.0,0.0,0.0,0.0,0.0,0.0,0.0,1.0,0.0,0.0,0.0,0.0,0.0,0.0,0.0,0.0,0.0,0.0,0.0,0.0,0.0,0.0,0.0,0.0,0.0,0.0,0.0,0.0,0.0,0.0,0.0,0.0,0.0,0.0,0.0,0.0,0.0,0.0,0.0,0.0,0.0,0.0,0.0,0.0,0.0,0.0,0.0,11.676,1.999,0.0,0.0,0.0,0.0,0.0,0.0,1.0,1.0,0.0,0.0,2000.0,0.0,0.0,0.0,0.0,0.0,0.0,
514,0.0,0.0,0.0,0.0,0.0,0.0,3.0,1.0,1.0,1.0,3.0,1.0,1.0,1.0,4.0,1275.0,3408964.0,131072.0,0.0,2.0,1537.0,1409.0,5.0,513.0,255.0,0.0,0.0,0.0,5.0,769.0,255.0,0.0,0.0,0.0,5.0,1025.0,255.0,0.0,0.0,0.0,5.0,1281.0,254.0,0.0,0.0,0.0,2.0,1644167432.0,1644167688.0,4.0,1678835984.0,1678836240.0,1678836496.0,1678836752.0,4.0,1678837008.0,1678837264.0,1678837520.0,1678837776.0,1.0,537198856.0,5.0,417.0,254.0,0.0,0.0,0.0,5.0,449.0,254.0,0.0,0.0,0.0,5.0,481.0,254.0,0.0,0.0,0.0,5.0,673.0,254.0,0.0,0.0,0.0,5.0,705.0,254.0,0.0,0.0,0.0,5.0,737.0,254.0,0.0,0.0,0.0,5.0,929.0,254.0,0.0,0.0,0.0,4.0,1342177544.0,1342177800.0,1342178056.0,1342178312.0,8.0,1342243080.0,1342243336.0,1342243592.0,1342243848.0,1342244104.0,1342244360.0,1342244616.0,1342244872.0,4.0,1342308624.0,1342308880.0,1342309136.0,1342309392.0,4.0,1342374160.0,1342374416.0,1342374672.0,1342374928.0,4.0,1342375184.0,1342375440.0,1342375696.0,1342375952.0,4.0,1342376208.0,1342376464.0,1342376720.0,1342376976.0,8.0,1342439688.0,1342439944.0,1342440200.0,1342440456.0,1342440712.0,1342440968.0,1342441224.0,1342441480.0,4.0,0.0,0.0,0.0,0.0,8.0,17.0,17.0,17.0,17.0,17.0,1.0,1.0,1.0,16.0,100.0,100.0,100.0,100.0,100.0,100.0,100.0,100.0,100.0,100.0,100.0,100.0,100.0,100.0,100.0,100.0,2.0,45.0,45.0,1.0,0.0,4.0,80.0,245.0,1.0,0.0,8.0,0.0,252.0,168.0,168.0,1.0,0.0,85.0,122.0,5.0,144.0,1842.0,3.0,6.0,1.0,12.0,0.0,0.0,0.0,0.0,2102.0,0.0,0.0,0.0,0.0,0.0,0.0,0.0,8.0,44.0,0.0,0.0,0.0,0.0,0.0,0.0,0.0,2.0,0.0,1.0,8.0,0.0,0.0,0.0,0.0,0.0,0.0,0.0,0.0,0.0,0.0,0.0,655761.0,0.0,340444200.0,34044204.0,2.02,129.0,0.0,2000.0,65.0,0.0,0.0,0.0,0.0,0.0,0.0,0.0,1.0,0.0,0.0,0.0,0.0,0.0,0.0,0.0,0.0,0.0,0.0,0.0,0.0,0.0,0.0,0.0,0.0,0.0,0.0,0.0,0.0,0.0,0.0,0.0,0.0,1.0,0.0,0.0,0.0,0.0,0.0,0.0,0.0,0.0,0.0,0.0,0.0,0.0,0.0,0.0,0.0,0.0,0.0,0.0,0.0,0.0,0.0,0.0,0.0,0.0,0.0,0.0,0.0,0.0,0.0,0.0,0.0,0.0,0.0,0.0,0.0,0.0,0.0,0.0,0.0,11.676,1.999,0.0,0.0,0.0,0.0,0.0,0.0,1.0,1.0,0.0,0.0,2000.0,0.0,0.0,0.0,0.0,0.0,0.0,
515,0.0,0.0,0.0,0.0,0.0,0.0,3.0,1.0,1.0,1.0,3.0,1.0,1.0,1.0,4.0,1275.0,3408964.0,131072.0,0.0,2.0,1537.0,1409.0,5.0,513.0,255.0,0.0,0.0,0.0,5.0,769.0,255.0,0.0,0.0,0.0,5.0,1025.0,255.0,0.0,0.0,0.0,5.0,1281.0,254.0,0.0,0.0,0.0,2.0,1644167432.0,1644167688.0,4.0,1678835984.0,1678836240.0,1678836496.0,1678836752.0,4.0,1678837008.0,1678837264.0,1678837520.0,1678837776.0,1.0,537198856.0,5.0,417.0,254.0,0.0,0.0,0.0,5.0,449.0,254.0,0.0,0.0,0.0,5.0,481.0,254.0,0.0,0.0,0.0,5.0,673.0,254.0,0.0,0.0,0.0,5.0,705.0,254.0,0.0,0.0,0.0,5.0,737.0,254.0,0.0,0.0,0.0,5.0,929.0,254.0,0.0,0.0,0.0,4.0,1342177544.0,1342177800.0,1342178056.0,1342178312.0,8.0,1342243080.0,1342243336.0,1342243592.0,1342243848.0,1342244104.0,1342244360.0,1342244616.0,1342244872.0,4.0,1342308624.0,1342308880.0,1342309136.0,1342309392.0,4.0,1342374160.0,1342374416.0,1342374672.0,1342374928.0,4.0,1342375184.0,1342375440.0,1342375696.0,1342375952.0,4.0,1342376208.0,1342376464.0,1342376720.0,1342376976.0,8.0,1342439688.0,1342439944.0,1342440200.0,1342440456.0,1342440712.0,1342440968.0,1342441224.0,1342441480.0,4.0,0.0,0.0,0.0,0.0,8.0,17.0,17.0,17.0,17.0,17.0,1.0,1.0,1.0,16.0,100.0,100.0,100.0,100.0,100.0,100.0,100.0,100.0,100.0,100.0,100.0,100.0,100.0,100.0,100.0,100.0,2.0,45.0,45.0,1.0,0.0,4.0,80.0,245.0,1.0,0.0,8.0,0.0,252.0,168.0,168.0,1.0,0.0,85.0,122.0,5.0,144.0,1842.0,3.0,6.0,1.0,12.0,0.0,0.0,0.0,0.0,2102.0,0.0,0.0,0.0,0.0,0.0,0.0,0.0,8.0,44.0,0.0,0.0,0.0,0.0,0.0,0.0,0.0,2.0,0.0,1.0,8.0,0.0,0.0,0.0,0.0,0.0,0.0,0.0,0.0,0.0,0.0,0.0,655761.0,0.0,340444200.0,34044204.0,2.02,129.0,0.0,2000.0,65.0,0.0,0.0,0.0,0.0,0.0,0.0,0.0,1.0,0.0,0.0,0.0,0.0,0.0,0.0,0.0,0.0,0.0,0.0,0.0,0.0,0.0,0.0,0.0,0.0,0.0,0.0,0.0,0.0,0.0,0.0,0.0,0.0,1.0,0.0,0.0,0.0,0.0,0.0,0.0,0.0,0.0,0.0,0.0,0.0,0.0,0.0,0.0,0.0,0.0,0.0,0.0,0.0,0.0,0.0,0.0,0.0,0.0,0.0,0.0,0.0,0.0,0.0,0.0,0.0,0.0,0.0,0.0,0.0,0.0,0.0,0.0,0.0,11.677,1.999,0.0,0.0,0.0,0.0,0.0,0.0,1.0,1.0,0.0,0.0,2000.0,0.0,0.0,0.0,0.0,0.0,0.0,
520,0.0,0.0,0.0,0.0,0.0,0.0,3.0,1.0,1.0,1.0,3.0,1.0,1.0,1.0,4.0,1275.0,3408964.0,131072.0,0.0,2.0,1537.0,1409.0,5.0,513.0,255.0,0.0,0.0,0.0,5.0,769.0,255.0,0.0,0.0,0.0,5.0,1025.0,255.0,0.0,0.0,0.0,5.0,1281.0,254.0,0.0,0.0,0.0,2.0,1644167432.0,1644167688.0,4.0,1678835984.0,1678836240.0,1678836496.0,1678836752.0,4.0,1678837008.0,1678837264.0,1678837520.0,1678837776.0,1.0,537198856.0,5.0,417.0,254.0,0.0,0.0,0.0,5.0,449.0,254.0,0.0,0.0,0.0,5.0,481.0,254.0,0.0,0.0,0.0,5.0,673.0,254.0,0.0,0.0,0.0,5.0,705.0,254.0,0.0,0.0,0.0,5.0,737.0,254.0,0.0,0.0,0.0,5.0,929.0,254.0,0.0,0.0,0.0,4.0,1342177544.0,1342177800.0,1342178056.0,1342178312.0,8.0,1342243080.0,1342243336.0,1342243592.0,1342243848.0,1342244104.0,1342244360.0,1342244616.0,1342244872.0,4.0,1342308624.0,1342308880.0,1342309136.0,1342309392.0,4.0,1342374160.0,1342374416.0,1342374672.0,1342374928.0,4.0,1342375184.0,1342375440.0,1342375696.0,1342375952.0,4.0,1342376208.0,1342376464.0,1342376720.0,1342376976.0,8.0,1342439688.0,1342439944.0,1342440200.0,1342440456.0,1342440712.0,1342440968.0,1342441224.0,1342441480.0,4.0,0.0,0.0,0.0,0.0,8.0,17.0,17.0,17.0,17.0,17.0,1.0,1.0,1.0,16.0,100.0,100.0,100.0,100.0,100.0,100.0,100.0,100.0,100.0,100.0,100.0,100.0,100.0,100.0,100.0,100.0,2.0,45.0,45.0,1.0,0.0,4.0,80.0,245.0,1.0,0.0,8.0,0.0,252.0,168.0,168.0,1.0,0.0,85.0,122.0,5.0,143.0,1837.0,3.0,6.0,1.0,12.0,0.0,0.0,0.0,0.0,2640.0,0.0,0.0,0.0,0.0,0.0,0.0,0.0,8.0,44.0,0.0,0.0,0.0,0.0,0.0,0.0,0.0,2.0,0.0,1.0,8.0,0.0,0.0,0.0,0.0,0.0,0.0,0.0,0.0,0.0,0.0,0.0,655761.0,0.0,340444200.0,34044204.0,2.02,129.0,0.0,2000.0,65.0,0.0,0.0,0.0,0.0,0.0,0.0,0.0,1.0,0.0,0.0,0.0,0.0,0.0,0.0,0.0,0.0,0.0,0.0,0.0,0.0,0.0,0.0,0.0,0.0,0.0,0.0,0.0,0.0,0.0,0.0,0.0,0.0,1.0,0.0,0.0,0.0,0.0,0.0,0.0,0.0,0.0,0.0,0.0,0.0,0.0,0.0,0.0,0.0,0.0,0.0,0.0,0.0,0.0,0.0,0.0,0.0,0.0,0.0,0.0,0.0,0.0,0.0,0.0,0.0,0.0,0.0,0.0,0.0,0.0,0.0,0.0,0.0,10.977,2.499,0.0,0.0,0.0,0.0,0.0,0.0,1.0,1.0,0.0,0.0,2500.0,0.0,0.0,0.0,0.0,0.0,0.0,
521,0.0,0.0,0.0,0.0,0.0,0.0,3.0,1.0,1.0,1.0,3.0,1.0,1.0,1.0,4.0,1275.0,3408964.0,131072.0,0.0,2.0,1537.0,1409.0,5.0,513.0,255.0,0.0,0.0,0.0,5.0,769.0,255.0,0.0,0.0,0.0,5.0,1025.0,255.0,0.0,0.0,0.0,5.0,1281.0,254.0,0.0,0.0,0.0,2.0,1644167432.0,1644167688.0,4.0,1678835984.0,1678836240.0,1678836496.0,1678836752.0,4.0,1678837008.0,1678837264.0,1678837520.0,1678837776.0,1.0,537198856.0,5.0,417.0,254.0,0.0,0.0,0.0,5.0,449.0,254.0,0.0,0.0,0.0,5.0,481.0,254.0,0.0,0.0,0.0,5.0,673.0,254.0,0.0,0.0,0.0,5.0,705.0,254.0,0.0,0.0,0.0,5.0,737.0,254.0,0.0,0.0,0.0,5.0,929.0,254.0,0.0,0.0,0.0,4.0,1342177544.0,1342177800.0,1342178056.0,1342178312.0,8.0,1342243080.0,1342243336.0,1342243592.0,1342243848.0,1342244104.0,1342244360.0,1342244616.0,1342244872.0,4.0,1342308624.0,1342308880.0,1342309136.0,1342309392.0,4.0,1342374160.0,1342374416.0,1342374672.0,1342374928.0,4.0,1342375184.0,1342375440.0,1342375696.0,1342375952.0,4.0,1342376208.0,1342376464.0,1342376720.0,1342376976.0,8.0,1342439688.0,1342439944.0,1342440200.0,1342440456.0,1342440712.0,1342440968.0,1342441224.0,1342441480.0,4.0,0.0,0.0,0.0,0.0,8.0,17.0,17.0,17.0,17.0,17.0,1.0,1.0,1.0,16.0,100.0,100.0,100.0,100.0,100.0,100.0,100.0,100.0,100.0,100.0,100.0,100.0,100.0,100.0,100.0,100.0,2.0,45.0,45.0,1.0,0.0,4.0,80.0,245.0,1.0,0.0,8.0,0.0,252.0,168.0,168.0,1.0,0.0,85.0,122.0,5.0,143.0,1837.0,3.0,6.0,1.0,12.0,0.0,0.0,0.0,0.0,2640.0,0.0,0.0,0.0,0.0,0.0,0.0,0.0,8.0,44.0,0.0,0.0,0.0,0.0,0.0,0.0,0.0,2.0,0.0,1.0,8.0,0.0,0.0,0.0,0.0,0.0,0.0,0.0,0.0,0.0,0.0,0.0,655761.0,0.0,340444200.0,34044204.0,2.02,129.0,0.0,2000.0,65.0,0.0,0.0,0.0,0.0,0.0,0.0,0.0,1.0,0.0,0.0,0.0,0.0,0.0,0.0,0.0,0.0,0.0,0.0,0.0,0.0,0.0,0.0,0.0,0.0,0.0,0.0,0.0,0.0,0.0,0.0,0.0,0.0,1.0,0.0,0.0,0.0,0.0,0.0,0.0,0.0,0.0,0.0,0.0,0.0,0.0,0.0,0.0,0.0,0.0,0.0,0.0,0.0,0.0,0.0,0.0,0.0,0.0,0.0,0.0,0.0,0.0,0.0,0.0,0.0,0.0,0.0,0.0,0.0,0.0,0.0,0.0,0.0,10.978,2.499,0.0,0.0,0.0,0.0,0.0,0.0,1.0,1.0,0.0,0.0,2500.0,0.0,0.0,0.0,0.0,0.0,0.0,
522,0.0,0.0,0.0,0.0,0.0,0.0,3.0,1.0,1.0,1.0,3.0,1.0,1.0,1.0,4.0,1275.0,3408964.0,131072.0,0.0,2.0,1537.0,1409.0,5.0,513.0,255.0,0.0,0.0,0.0,5.0,769.0,255.0,0.0,0.0,0.0,5.0,1025.0,255.0,0.0,0.0,0.0,5.0,1281.0,254.0,0.0,0.0,0.0,2.0,1644167432.0,1644167688.0,4.0,1678835984.0,1678836240.0,1678836496.0,1678836752.0,4.0,1678837008.0,1678837264.0,1678837520.0,1678837776.0,1.0,537198856.0,5.0,417.0,254.0,0.0,0.0,0.0,5.0,449.0,254.0,0.0,0.0,0.0,5.0,481.0,254.0,0.0,0.0,0.0,5.0,673.0,254.0,0.0,0.0,0.0,5.0,705.0,254.0,0.0,0.0,0.0,5.0,737.0,254.0,0.0,0.0,0.0,5.0,929.0,254.0,0.0,0.0,0.0,4.0,1342177544.0,1342177800.0,1342178056.0,1342178312.0,8.0,1342243080.0,1342243336.0,1342243592.0,1342243848.0,1342244104.0,1342244360.0,1342244616.0,1342244872.0,4.0,1342308624.0,1342308880.0,1342309136.0,1342309392.0,4.0,1342374160.0,1342374416.0,1342374672.0,1342374928.0,4.0,1342375184.0,1342375440.0,1342375696.0,1342375952.0,4.0,1342376208.0,1342376464.0,1342376720.0,1342376976.0,8.0,1342439688.0,1342439944.0,1342440200.0,1342440456.0,1342440712.0,1342440968.0,1342441224.0,1342441480.0,4.0,0.0,0.0,0.0,0.0,8.0,17.0,17.0,17.0,17.0,17.0,1.0,1.0,1.0,16.0,100.0,100.0,100.0,100.0,100.0,100.0,100.0,100.0,100.0,100.0,100.0,100.0,100.0,100.0,100.0,100.0,2.0,45.0,45.0,1.0,0.0,4.0,80.0,245.0,1.0,0.0,8.0,0.0,252.0,168.0,168.0,1.0,0.0,85.0,122.0,5.0,143.0,1837.0,3.0,6.0,1.0,12.0,0.0,0.0,0.0,0.0,2640.0,0.0,0.0,0.0,0.0,0.0,0.0,0.0,8.0,44.0,0.0,0.0,0.0,0.0,0.0,0.0,0.0,2.0,0.0,1.0,8.0,0.0,0.0,0.0,0.0,0.0,0.0,0.0,0.0,0.0,0.0,0.0,655761.0,0.0,340444200.0,34044204.0,2.02,129.0,0.0,2000.0,65.0,0.0,0.0,0.0,0.0,0.0,0.0,0.0,1.0,0.0,0.0,0.0,0.0,0.0,0.0,0.0,0.0,0.0,0.0,0.0,0.0,0.0,0.0,0.0,0.0,0.0,0.0,0.0,0.0,0.0,0.0,0.0,0.0,1.0,0.0,0.0,0.0,0.0,0.0,0.0,0.0,0.0,0.0,0.0,0.0,0.0,0.0,0.0,0.0,0.0,0.0,0.0,0.0,0.0,0.0,0.0,0.0,0.0,0.0,0.0,0.0,0.0,0.0,0.0,0.0,0.0,0.0,0.0,0.0,0.0,0.0,0.0,0.0,10.978,2.499,0.0,0.0,0.0,0.0,0.0,0.0,1.0,1.0,0.0,0.0,2500.0,0.0,0.0,0.0,0.0,0.0,0.0,
527,0.0,0.0,0.0,0.0,0.0,0.0,3.0,1.0,1.0,1.0,3.0,1.0,1.0,1.0,4.0,1275.0,3408964.0,131072.0,0.0,2.0,1537.0,1409.0,5.0,513.0,255.0,0.0,0.0,0.0,5.0,769.0,255.0,0.0,0.0,0.0,5.0,1025.0,255.0,0.0,0.0,0.0,5.0,1281.0,254.0,0.0,0.0,0.0,2.0,1644167432.0,1644167688.0,4.0,1678835984.0,1678836240.0,1678836496.0,1678836752.0,4.0,1678837008.0,1678837264.0,1678837520.0,1678837776.0,1.0,537198856.0,5.0,417.0,254.0,0.0,0.0,0.0,5.0,449.0,254.0,0.0,0.0,0.0,5.0,481.0,254.0,0.0,0.0,0.0,5.0,673.0,254.0,0.0,0.0,0.0,5.0,705.0,254.0,0.0,0.0,0.0,5.0,737.0,254.0,0.0,0.0,0.0,5.0,929.0,254.0,0.0,0.0,0.0,4.0,1342177544.0,1342177800.0,1342178056.0,1342178312.0,8.0,1342243080.0,1342243336.0,1342243592.0,1342243848.0,1342244104.0,1342244360.0,1342244616.0,1342244872.0,4.0,1342308624.0,1342308880.0,1342309136.0,1342309392.0,4.0,1342374160.0,1342374416.0,1342374672.0,1342374928.0,4.0,1342375184.0,1342375440.0,1342375696.0,1342375952.0,4.0,1342376208.0,1342376464.0,1342376720.0,1342376976.0,8.0,1342439688.0,1342439944.0,1342440200.0,1342440456.0,1342440712.0,1342440968.0,1342441224.0,1342441480.0,4.0,0.0,0.0,0.0,0.0,8.0,17.0,17.0,17.0,17.0,17.0,1.0,1.0,1.0,16.0,100.0,100.0,100.0,100.0,100.0,100.0,100.0,100.0,100.0,100.0,100.0,100.0,100.0,100.0,100.0,100.0,2.0,45.0,45.0,1.0,0.0,4.0,80.0,245.0,1.0,0.0,8.0,0.0,252.0,168.0,168.0,1.0,0.0,85.0,122.0,5.0,143.0,1842.0,3.0,6.0,1.0,12.0,0.0,0.0,0.0,0.0,3173.0,0.0,0.0,0.0,0.0,0.0,0.0,0.0,8.0,44.0,0.0,0.0,0.0,0.0,0.0,0.0,0.0,2.0,0.0,1.0,8.0,0.0,0.0,0.0,0.0,0.0,0.0,0.0,0.0,0.0,0.0,0.0,655761.0,0.0,340444200.0,34044204.0,2.02,129.0,0.0,2000.0,65.0,0.0,0.0,0.0,0.0,0.0,0.0,0.0,1.0,0.0,0.0,0.0,0.0,0.0,0.0,0.0,0.0,0.0,0.0,0.0,0.0,0.0,0.0,0.0,0.0,0.0,0.0,0.0,0.0,0.0,0.0,0.0,0.0,1.0,0.0,0.0,0.0,0.0,0.0,0.0,0.0,0.0,0.0,0.0,0.0,0.0,0.0,0.0,0.0,0.0,0.0,0.0,0.0,0.0,0.0,0.0,0.0,0.0,0.0,0.0,0.0,0.0,0.0,0.0,0.0,0.0,0.0,0.0,0.0,0.0,0.0,0.0,0.0,10.314,2.999,0.0,0.0,0.0,0.0,0.0,0.0,1.0,1.0,0.0,0.0,3000.0,0.0,0.0,0.0,0.0,0.0,0.0,
528,0.0,0.0,0.0,0.0,0.0,0.0,3.0,1.0,1.0,1.0,3.0,1.0,1.0,1.0,4.0,1275.0,3408964.0,131072.0,0.0,2.0,1537.0,1409.0,5.0,513.0,255.0,0.0,0.0,0.0,5.0,769.0,255.0,0.0,0.0,0.0,5.0,1025.0,255.0,0.0,0.0,0.0,5.0,1281.0,254.0,0.0,0.0,0.0,2.0,1644167432.0,1644167688.0,4.0,1678835984.0,1678836240.0,1678836496.0,1678836752.0,4.0,1678837008.0,1678837264.0,1678837520.0,1678837776.0,1.0,537198856.0,5.0,417.0,254.0,0.0,0.0,0.0,5.0,449.0,254.0,0.0,0.0,0.0,5.0,481.0,254.0,0.0,0.0,0.0,5.0,673.0,254.0,0.0,0.0,0.0,5.0,705.0,254.0,0.0,0.0,0.0,5.0,737.0,254.0,0.0,0.0,0.0,5.0,929.0,254.0,0.0,0.0,0.0,4.0,1342177544.0,1342177800.0,1342178056.0,1342178312.0,8.0,1342243080.0,1342243336.0,1342243592.0,1342243848.0,1342244104.0,1342244360.0,1342244616.0,1342244872.0,4.0,1342308624.0,1342308880.0,1342309136.0,1342309392.0,4.0,1342374160.0,1342374416.0,1342374672.0,1342374928.0,4.0,1342375184.0,1342375440.0,1342375696.0,1342375952.0,4.0,1342376208.0,1342376464.0,1342376720.0,1342376976.0,8.0,1342439688.0,1342439944.0,1342440200.0,1342440456.0,1342440712.0,1342440968.0,1342441224.0,1342441480.0,4.0,0.0,0.0,0.0,0.0,8.0,17.0,17.0,17.0,17.0,17.0,1.0,1.0,1.0,16.0,100.0,100.0,100.0,100.0,100.0,100.0,100.0,100.0,100.0,100.0,100.0,100.0,100.0,100.0,100.0,100.0,2.0,45.0,45.0,1.0,0.0,4.0,80.0,245.0,1.0,0.0,8.0,0.0,252.0,168.0,168.0,1.0,0.0,85.0,122.0,5.0,143.0,1842.0,3.0,6.0,1.0,12.0,0.0,0.0,0.0,0.0,3173.0,0.0,0.0,0.0,0.0,0.0,0.0,0.0,8.0,44.0,0.0,0.0,0.0,0.0,0.0,0.0,0.0,2.0,0.0,1.0,8.0,0.0,0.0,0.0,0.0,0.0,0.0,0.0,0.0,0.0,0.0,0.0,655761.0,0.0,340444200.0,34044204.0,2.02,129.0,0.0,2000.0,65.0,0.0,0.0,0.0,0.0,0.0,0.0,0.0,1.0,0.0,0.0,0.0,0.0,0.0,0.0,0.0,0.0,0.0,0.0,0.0,0.0,0.0,0.0,0.0,0.0,0.0,0.0,0.0,0.0,0.0,0.0,0.0,0.0,1.0,0.0,0.0,0.0,0.0,0.0,0.0,0.0,0.0,0.0,0.0,0.0,0.0,0.0,0.0,0.0,0.0,0.0,0.0,0.0,0.0,0.0,0.0,0.0,0.0,0.0,0.0,0.0,0.0,0.0,0.0,0.0,0.0,0.0,0.0,0.0,0.0,0.0,0.0,0.0,10.314,2.999,0.0,0.0,0.0,0.0,0.0,0.0,1.0,1.0,0.0,0.0,3000.0,0.0,0.0,0.0,0.0,0.0,0.0,
529,0.0,0.0,0.0,0.0,0.0,0.0,3.0,1.0,1.0,1.0,3.0,1.0,1.0,1.0,4.0,1275.0,3408964.0,131072.0,0.0,2.0,1537.0,1409.0,5.0,513.0,255.0,0.0,0.0,0.0,5.0,769.0,255.0,0.0,0.0,0.0,5.0,1025.0,255.0,0.0,0.0,0.0,5.0,1281.0,254.0,0.0,0.0,0.0,2.0,1644167432.0,1644167688.0,4.0,1678835984.0,1678836240.0,1678836496.0,1678836752.0,4.0,1678837008.0,1678837264.0,1678837520.0,1678837776.0,1.0,537198856.0,5.0,417.0,254.0,0.0,0.0,0.0,5.0,449.0,254.0,0.0,0.0,0.0,5.0,481.0,254.0,0.0,0.0,0.0,5.0,673.0,254.0,0.0,0.0,0.0,5.0,705.0,254.0,0.0,0.0,0.0,5.0,737.0,254.0,0.0,0.0,0.0,5.0,929.0,254.0,0.0,0.0,0.0,4.0,1342177544.0,1342177800.0,1342178056.0,1342178312.0,8.0,1342243080.0,1342243336.0,1342243592.0,1342243848.0,1342244104.0,1342244360.0,1342244616.0,1342244872.0,4.0,1342308624.0,1342308880.0,1342309136.0,1342309392.0,4.0,1342374160.0,1342374416.0,1342374672.0,1342374928.0,4.0,1342375184.0,1342375440.0,1342375696.0,1342375952.0,4.0,1342376208.0,1342376464.0,1342376720.0,1342376976.0,8.0,1342439688.0,1342439944.0,1342440200.0,1342440456.0,1342440712.0,1342440968.0,1342441224.0,1342441480.0,4.0,0.0,0.0,0.0,0.0,8.0,17.0,17.0,17.0,17.0,17.0,1.0,1.0,1.0,16.0,100.0,100.0,100.0,100.0,100.0,100.0,100.0,100.0,100.0,100.0,100.0,100.0,100.0,100.0,100.0,100.0,2.0,45.0,45.0,1.0,0.0,4.0,80.0,245.0,1.0,0.0,8.0,0.0,252.0,168.0,168.0,1.0,0.0,85.0,122.0,5.0,143.0,1842.0,3.0,6.0,1.0,12.0,0.0,0.0,0.0,0.0,3173.0,0.0,0.0,0.0,0.0,0.0,0.0,0.0,8.0,44.0,0.0,0.0,0.0,0.0,0.0,0.0,0.0,2.0,0.0,1.0,8.0,0.0,0.0,0.0,0.0,0.0,0.0,0.0,0.0,0.0,0.0,0.0,655761.0,0.0,340444200.0,34044204.0,2.02,129.0,0.0,2000.0,65.0,0.0,0.0,0.0,0.0,0.0,0.0,0.0,1.0,0.0,0.0,0.0,0.0,0.0,0.0,0.0,0.0,0.0,0.0,0.0,0.0,0.0,0.0,0.0,0.0,0.0,0.0,0.0,0.0,0.0,0.0,0.0,0.0,1.0,0.0,0.0,0.0,0.0,0.0,0.0,0.0,0.0,0.0,0.0,0.0,0.0,0.0,0.0,0.0,0.0,0.0,0.0,0.0,0.0,0.0,0.0,0.0,0.0,0.0,0.0,0.0,0.0,0.0,0.0,0.0,0.0,0.0,0.0,0.0,0.0,0.0,0.0,0.0,10.316,2.999,0.0,0.0,0.0,0.0,0.0,0.0,1.0,1.0,0.0,0.0,3000.0,0.0,0.0,0.0,0.0,0.0,0.0,
534,0.0,0.0,0.0,0.0,0.0,0.0,3.0,1.0,1.0,1.0,3.0,1.0,1.0,1.0,4.0,1275.0,3408964.0,131072.0,0.0,2.0,1537.0,1409.0,5.0,513.0,255.0,0.0,0.0,0.0,5.0,769.0,255.0,0.0,0.0,0.0,5.0,1025.0,255.0,0.0,0.0,0.0,5.0,1281.0,254.0,0.0,0.0,0.0,2.0,1644167432.0,1644167688.0,4.0,1678835984.0,1678836240.0,1678836496.0,1678836752.0,4.0,1678837008.0,1678837264.0,1678837520.0,1678837776.0,1.0,537198856.0,5.0,417.0,254.0,0.0,0.0,0.0,5.0,449.0,254.0,0.0,0.0,0.0,5.0,481.0,254.0,0.0,0.0,0.0,5.0,673.0,254.0,0.0,0.0,0.0,5.0,705.0,254.0,0.0,0.0,0.0,5.0,737.0,254.0,0.0,0.0,0.0,5.0,929.0,254.0,0.0,0.0,0.0,4.0,1342177544.0,1342177800.0,1342178056.0,1342178312.0,8.0,1342243080.0,1342243336.0,1342243592.0,1342243848.0,1342244104.0,1342244360.0,1342244616.0,1342244872.0,4.0,1342308624.0,1342308880.0,1342309136.0,1342309392.0,4.0,1342374160.0,1342374416.0,1342374672.0,1342374928.0,4.0,1342375184.0,1342375440.0,1342375696.0,1342375952.0,4.0,1342376208.0,1342376464.0,1342376720.0,1342376976.0,8.0,1342439688.0,1342439944.0,1342440200.0,1342440456.0,1342440712.0,1342440968.0,1342441224.0,1342441480.0,4.0,0.0,0.0,0.0,0.0,8.0,17.0,17.0,17.0,17.0,17.0,1.0,1.0,1.0,16.0,100.0,100.0,100.0,100.0,100.0,100.0,100.0,100.0,100.0,100.0,100.0,100.0,100.0,100.0,100.0,100.0,2.0,45.0,45.0,1.0,0.0,4.0,80.0,245.0,1.0,0.0,8.0,0.0,252.0,168.0,168.0,1.0,0.0,85.0,122.0,5.0,143.0,1842.0,3.0,6.0,1.0,12.0,0.0,0.0,0.0,0.0,3715.0,0.0,0.0,0.0,0.0,0.0,0.0,0.0,8.0,44.0,0.0,0.0,0.0,0.0,0.0,0.0,0.0,2.0,0.0,1.0,8.0,0.0,0.0,0.0,0.0,0.0,0.0,0.0,0.0,0.0,0.0,0.0,655761.0,0.0,340444200.0,34044204.0,2.02,129.0,0.0,2000.0,65.0,0.0,0.0,0.0,0.0,0.0,0.0,0.0,1.0,0.0,0.0,0.0,0.0,0.0,0.0,0.0,0.0,0.0,0.0,0.0,0.0,0.0,0.0,0.0,0.0,0.0,0.0,0.0,0.0,0.0,0.0,0.0,0.0,1.0,0.0,0.0,0.0,0.0,0.0,0.0,0.0,0.0,0.0,0.0,0.0,0.0,0.0,0.0,0.0,0.0,0.0,0.0,0.0,0.0,0.0,0.0,0.0,0.0,0.0,0.0,0.0,0.0,0.0,0.0,0.0,0.0,0.0,0.0,0.0,0.0,0.0,0.0,0.0,9.637,3.499,0.0,0.0,0.0,0.0,0.0,0.0,1.0,1.0,0.0,0.0,3500.0,0.0,0.0,0.0,0.0,0.0,0.0,
535,0.0,0.0,0.0,0.0,0.0,0.0,3.0,1.0,1.0,1.0,3.0,1.0,1.0,1.0,4.0,1275.0,3408964.0,131072.0,0.0,2.0,1537.0,1409.0,5.0,513.0,255.0,0.0,0.0,0.0,5.0,769.0,255.0,0.0,0.0,0.0,5.0,1025.0,255.0,0.0,0.0,0.0,5.0,1281.0,254.0,0.0,0.0,0.0,2.0,1644167432.0,1644167688.0,4.0,1678835984.0,1678836240.0,1678836496.0,1678836752.0,4.0,1678837008.0,1678837264.0,1678837520.0,1678837776.0,1.0,537198856.0,5.0,417.0,254.0,0.0,0.0,0.0,5.0,449.0,254.0,0.0,0.0,0.0,5.0,481.0,254.0,0.0,0.0,0.0,5.0,673.0,254.0,0.0,0.0,0.0,5.0,705.0,254.0,0.0,0.0,0.0,5.0,737.0,254.0,0.0,0.0,0.0,5.0,929.0,254.0,0.0,0.0,0.0,4.0,1342177544.0,1342177800.0,1342178056.0,1342178312.0,8.0,1342243080.0,1342243336.0,1342243592.0,1342243848.0,1342244104.0,1342244360.0,1342244616.0,1342244872.0,4.0,1342308624.0,1342308880.0,1342309136.0,1342309392.0,4.0,1342374160.0,1342374416.0,1342374672.0,1342374928.0,4.0,1342375184.0,1342375440.0,1342375696.0,1342375952.0,4.0,1342376208.0,1342376464.0,1342376720.0,1342376976.0,8.0,1342439688.0,1342439944.0,1342440200.0,1342440456.0,1342440712.0,1342440968.0,1342441224.0,1342441480.0,4.0,0.0,0.0,0.0,0.0,8.0,17.0,17.0,17.0,17.0,17.0,1.0,1.0,1.0,16.0,100.0,100.0,100.0,100.0,100.0,100.0,100.0,100.0,100.0,100.0,100.0,100.0,100.0,100.0,100.0,100.0,2.0,45.0,45.0,1.0,0.0,4.0,80.0,245.0,1.0,0.0,8.0,0.0,252.0,168.0,168.0,1.0,0.0,85.0,122.0,5.0,143.0,1842.0,3.0,6.0,1.0,12.0,0.0,0.0,0.0,0.0,3711.0,0.0,0.0,0.0,0.0,0.0,0.0,0.0,8.0,44.0,0.0,0.0,0.0,0.0,0.0,0.0,0.0,2.0,0.0,1.0,8.0,0.0,0.0,0.0,0.0,0.0,0.0,0.0,0.0,0.0,0.0,0.0,655761.0,0.0,340444200.0,34044204.0,2.02,129.0,0.0,2000.0,65.0,0.0,0.0,0.0,0.0,0.0,0.0,0.0,1.0,0.0,0.0,0.0,0.0,0.0,0.0,0.0,0.0,0.0,0.0,0.0,0.0,0.0,0.0,0.0,0.0,0.0,0.0,0.0,0.0,0.0,0.0,0.0,0.0,1.0,0.0,0.0,0.0,0.0,0.0,0.0,0.0,0.0,0.0,0.0,0.0,0.0,0.0,0.0,0.0,0.0,0.0,0.0,0.0,0.0,0.0,0.0,0.0,0.0,0.0,0.0,0.0,0.0,0.0,0.0,0.0,0.0,0.0,0.0,0.0,0.0,0.0,0.0,0.0,9.638,3.5,0.0,0.0,0.0,0.0,0.0,0.0,1.0,1.0,0.0,0.0,3500.0,0.0,0.0,0.0,0.0,0.0,0.0,
536,0.0,0.0,0.0,0.0,0.0,0.0,3.0,1.0,1.0,1.0,3.0,1.0,1.0,1.0,4.0,1275.0,3408964.0,131072.0,0.0,2.0,1537.0,1409.0,5.0,513.0,255.0,0.0,0.0,0.0,5.0,769.0,255.0,0.0,0.0,0.0,5.0,1025.0,255.0,0.0,0.0,0.0,5.0,1281.0,254.0,0.0,0.0,0.0,2.0,1644167432.0,1644167688.0,4.0,1678835984.0,1678836240.0,1678836496.0,1678836752.0,4.0,1678837008.0,1678837264.0,1678837520.0,1678837776.0,1.0,537198856.0,5.0,417.0,254.0,0.0,0.0,0.0,5.0,449.0,254.0,0.0,0.0,0.0,5.0,481.0,254.0,0.0,0.0,0.0,5.0,673.0,254.0,0.0,0.0,0.0,5.0,705.0,254.0,0.0,0.0,0.0,5.0,737.0,254.0,0.0,0.0,0.0,5.0,929.0,254.0,0.0,0.0,0.0,4.0,1342177544.0,1342177800.0,1342178056.0,1342178312.0,8.0,1342243080.0,1342243336.0,1342243592.0,1342243848.0,1342244104.0,1342244360.0,1342244616.0,1342244872.0,4.0,1342308624.0,1342308880.0,1342309136.0,1342309392.0,4.0,1342374160.0,1342374416.0,1342374672.0,1342374928.0,4.0,1342375184.0,1342375440.0,1342375696.0,1342375952.0,4.0,1342376208.0,1342376464.0,1342376720.0,1342376976.0,8.0,1342439688.0,1342439944.0,1342440200.0,1342440456.0,1342440712.0,1342440968.0,1342441224.0,1342441480.0,4.0,0.0,0.0,0.0,0.0,8.0,17.0,17.0,17.0,17.0,17.0,1.0,1.0,1.0,16.0,100.0,100.0,100.0,100.0,100.0,100.0,100.0,100.0,100.0,100.0,100.0,100.0,100.0,100.0,100.0,100.0,2.0,45.0,45.0,1.0,0.0,4.0,80.0,245.0,1.0,0.0,8.0,0.0,252.0,168.0,168.0,1.0,0.0,85.0,122.0,5.0,143.0,1842.0,3.0,6.0,1.0,12.0,0.0,0.0,0.0,0.0,3711.0,0.0,0.0,0.0,0.0,0.0,0.0,0.0,8.0,44.0,0.0,0.0,0.0,0.0,0.0,0.0,0.0,2.0,0.0,1.0,8.0,0.0,0.0,0.0,0.0,0.0,0.0,0.0,0.0,0.0,0.0,0.0,655761.0,0.0,340444200.0,34044204.0,2.02,129.0,0.0,2000.0,65.0,0.0,0.0,0.0,0.0,0.0,0.0,0.0,1.0,0.0,0.0,0.0,0.0,0.0,0.0,0.0,0.0,0.0,0.0,0.0,0.0,0.0,0.0,0.0,0.0,0.0,0.0,0.0,0.0,0.0,0.0,0.0,0.0,1.0,0.0,0.0,0.0,0.0,0.0,0.0,0.0,0.0,0.0,0.0,0.0,0.0,0.0,0.0,0.0,0.0,0.0,0.0,0.0,0.0,0.0,0.0,0.0,0.0,0.0,0.0,0.0,0.0,0.0,0.0,0.0,0.0,0.0,0.0,0.0,0.0,0.0,0.0,0.0,9.638,3.5,0.0,0.0,0.0,0.0,0.0,0.0,1.0,1.0,0.0,0.0,3500.0,0.0,0.0,0.0,0.0,0.0,0.0,
541,0.0,0.0,0.0,0.0,0.0,0.0,3.0,1.0,1.0,1.0,3.0,1.0,1.0,1.0,4.0,1275.0,3408964.0,131072.0,0.0,2.0,1537.0,1409.0,5.0,513.0,255.0,0.0,0.0,0.0,5.0,769.0,255.0,0.0,0.0,0.0,5.0,1025.0,255.0,0.0,0.0,0.0,5.0,1281.0,254.0,0.0,0.0,0.0,2.0,1644167432.0,1644167688.0,4.0,1678835984.0,1678836240.0,1678836496.0,1678836752.0,4.0,1678837008.0,1678837264.0,1678837520.0,1678837776.0,1.0,537198856.0,5.0,417.0,254.0,0.0,0.0,0.0,5.0,449.0,254.0,0.0,0.0,0.0,5.0,481.0,254.0,0.0,0.0,0.0,5.0,673.0,254.0,0.0,0.0,0.0,5.0,705.0,254.0,0.0,0.0,0.0,5.0,737.0,254.0,0.0,0.0,0.0,5.0,929.0,254.0,0.0,0.0,0.0,4.0,1342177544.0,1342177800.0,1342178056.0,1342178312.0,8.0,1342243080.0,1342243336.0,1342243592.0,1342243848.0,1342244104.0,1342244360.0,1342244616.0,1342244872.0,4.0,1342308624.0,1342308880.0,1342309136.0,1342309392.0,4.0,1342374160.0,1342374416.0,1342374672.0,1342374928.0,4.0,1342375184.0,1342375440.0,1342375696.0,1342375952.0,4.0,1342376208.0,1342376464.0,1342376720.0,1342376976.0,8.0,1342439688.0,1342439944.0,1342440200.0,1342440456.0,1342440712.0,1342440968.0,1342441224.0,1342441480.0,4.0,0.0,0.0,0.0,0.0,8.0,17.0,17.0,17.0,17.0,17.0,1.0,1.0,1.0,16.0,100.0,100.0,100.0,100.0,100.0,100.0,100.0,100.0,100.0,100.0,100.0,100.0,100.0,100.0,100.0,100.0,2.0,45.0,45.0,1.0,0.0,4.0,80.0,245.0,1.0,0.0,8.0,0.0,252.0,168.0,168.0,1.0,0.0,85.0,122.0,5.0,143.0,1842.0,3.0,6.0,1.0,12.0,0.0,0.0,0.0,0.0,4248.0,0.0,0.0,0.0,0.0,0.0,0.0,0.0,8.0,44.0,0.0,0.0,0.0,0.0,0.0,0.0,0.0,2.0,0.0,1.0,8.0,0.0,0.0,0.0,0.0,0.0,0.0,0.0,0.0,0.0,0.0,0.0,655761.0,0.0,340444200.0,34044204.0,2.02,129.0,0.0,2000.0,65.0,0.0,0.0,0.0,0.0,0.0,0.0,0.0,1.0,0.0,0.0,0.0,0.0,0.0,0.0,0.0,0.0,0.0,0.0,0.0,0.0,0.0,0.0,0.0,0.0,0.0,0.0,0.0,0.0,0.0,0.0,0.0,0.0,1.0,0.0,0.0,0.0,0.0,0.0,0.0,0.0,0.0,0.0,0.0,0.0,0.0,0.0,0.0,0.0,0.0,0.0,0.0,0.0,0.0,0.0,0.0,0.0,0.0,0.0,0.0,0.0,0.0,0.0,0.0,0.0,0.0,0.0,0.0,0.0,0.0,0.0,0.0,0.0,8.954,4.002,0.0,0.0,0.0,0.0,0.0,0.0,1.0,1.0,0.0,0.0,4000.0,0.0,0.0,0.0,0.0,0.0,0.0,
542,0.0,0.0,0.0,0.0,0.0,0.0,3.0,1.0,1.0,1.0,3.0,1.0,1.0,1.0,4.0,1275.0,3408964.0,131072.0,0.0,2.0,1537.0,1409.0,5.0,513.0,255.0,0.0,0.0,0.0,5.0,769.0,255.0,0.0,0.0,0.0,5.0,1025.0,255.0,0.0,0.0,0.0,5.0,1281.0,254.0,0.0,0.0,0.0,2.0,1644167432.0,1644167688.0,4.0,1678835984.0,1678836240.0,1678836496.0,1678836752.0,4.0,1678837008.0,1678837264.0,1678837520.0,1678837776.0,1.0,537198856.0,5.0,417.0,254.0,0.0,0.0,0.0,5.0,449.0,254.0,0.0,0.0,0.0,5.0,481.0,254.0,0.0,0.0,0.0,5.0,673.0,254.0,0.0,0.0,0.0,5.0,705.0,254.0,0.0,0.0,0.0,5.0,737.0,254.0,0.0,0.0,0.0,5.0,929.0,254.0,0.0,0.0,0.0,4.0,1342177544.0,1342177800.0,1342178056.0,1342178312.0,8.0,1342243080.0,1342243336.0,1342243592.0,1342243848.0,1342244104.0,1342244360.0,1342244616.0,1342244872.0,4.0,1342308624.0,1342308880.0,1342309136.0,1342309392.0,4.0,1342374160.0,1342374416.0,1342374672.0,1342374928.0,4.0,1342375184.0,1342375440.0,1342375696.0,1342375952.0,4.0,1342376208.0,1342376464.0,1342376720.0,1342376976.0,8.0,1342439688.0,1342439944.0,1342440200.0,1342440456.0,1342440712.0,1342440968.0,1342441224.0,1342441480.0,4.0,0.0,0.0,0.0,0.0,8.0,17.0,17.0,17.0,17.0,17.0,1.0,1.0,1.0,16.0,100.0,100.0,100.0,100.0,100.0,100.0,100.0,100.0,100.0,100.0,100.0,100.0,100.0,100.0,100.0,100.0,2.0,45.0,45.0,1.0,0.0,4.0,80.0,245.0,1.0,0.0,8.0,0.0,252.0,168.0,168.0,1.0,0.0,85.0,122.0,5.0,143.0,1842.0,3.0,6.0,1.0,12.0,0.0,0.0,0.0,0.0,4248.0,0.0,0.0,0.0,0.0,0.0,0.0,0.0,8.0,44.0,0.0,0.0,0.0,0.0,0.0,0.0,0.0,2.0,0.0,1.0,8.0,0.0,0.0,0.0,0.0,0.0,0.0,0.0,0.0,0.0,0.0,0.0,655761.0,0.0,340444200.0,34044204.0,2.02,129.0,0.0,2000.0,65.0,0.0,0.0,0.0,0.0,0.0,0.0,0.0,1.0,0.0,0.0,0.0,0.0,0.0,0.0,0.0,0.0,0.0,0.0,0.0,0.0,0.0,0.0,0.0,0.0,0.0,0.0,0.0,0.0,0.0,0.0,0.0,0.0,1.0,0.0,0.0,0.0,0.0,0.0,0.0,0.0,0.0,0.0,0.0,0.0,0.0,0.0,0.0,0.0,0.0,0.0,0.0,0.0,0.0,0.0,0.0,0.0,0.0,0.0,0.0,0.0,0.0,0.0,0.0,0.0,0.0,0.0,0.0,0.0,0.0,0.0,0.0,0.0,8.955,4.001,0.0,0.0,0.0,0.0,0.0,0.0,1.0,1.0,0.0,0.0,4000.0,0.0,0.0,0.0,0.0,0.0,0.0,
543,0.0,0.0,0.0,0.0,0.0,0.0,3.0,1.0,1.0,1.0,3.0,1.0,1.0,1.0,4.0,1275.0,3408964.0,131072.0,0.0,2.0,1537.0,1409.0,5.0,513.0,255.0,0.0,0.0,0.0,5.0,769.0,255.0,0.0,0.0,0.0,5.0,1025.0,255.0,0.0,0.0,0.0,5.0,1281.0,254.0,0.0,0.0,0.0,2.0,1644167432.0,1644167688.0,4.0,1678835984.0,1678836240.0,1678836496.0,1678836752.0,4.0,1678837008.0,1678837264.0,1678837520.0,1678837776.0,1.0,537198856.0,5.0,417.0,254.0,0.0,0.0,0.0,5.0,449.0,254.0,0.0,0.0,0.0,5.0,481.0,254.0,0.0,0.0,0.0,5.0,673.0,254.0,0.0,0.0,0.0,5.0,705.0,254.0,0.0,0.0,0.0,5.0,737.0,254.0,0.0,0.0,0.0,5.0,929.0,254.0,0.0,0.0,0.0,4.0,1342177544.0,1342177800.0,1342178056.0,1342178312.0,8.0,1342243080.0,1342243336.0,1342243592.0,1342243848.0,1342244104.0,1342244360.0,1342244616.0,1342244872.0,4.0,1342308624.0,1342308880.0,1342309136.0,1342309392.0,4.0,1342374160.0,1342374416.0,1342374672.0,1342374928.0,4.0,1342375184.0,1342375440.0,1342375696.0,1342375952.0,4.0,1342376208.0,1342376464.0,1342376720.0,1342376976.0,8.0,1342439688.0,1342439944.0,1342440200.0,1342440456.0,1342440712.0,1342440968.0,1342441224.0,1342441480.0,4.0,0.0,0.0,0.0,0.0,8.0,17.0,17.0,17.0,17.0,17.0,1.0,1.0,1.0,16.0,100.0,100.0,100.0,100.0,100.0,100.0,100.0,100.0,100.0,100.0,100.0,100.0,100.0,100.0,100.0,100.0,2.0,45.0,45.0,1.0,0.0,4.0,80.0,245.0,1.0,0.0,8.0,0.0,252.0,168.0,168.0,1.0,0.0,85.0,122.0,5.0,143.0,1842.0,3.0,6.0,1.0,12.0,0.0,0.0,0.0,0.0,4248.0,0.0,0.0,0.0,0.0,0.0,0.0,0.0,8.0,44.0,0.0,0.0,0.0,0.0,0.0,0.0,0.0,2.0,0.0,1.0,8.0,0.0,0.0,0.0,0.0,0.0,0.0,0.0,0.0,0.0,0.0,0.0,655761.0,0.0,340444200.0,34044204.0,2.02,129.0,0.0,2000.0,65.0,0.0,0.0,0.0,0.0,0.0,0.0,0.0,1.0,0.0,0.0,0.0,0.0,0.0,0.0,0.0,0.0,0.0,0.0,0.0,0.0,0.0,0.0,0.0,0.0,0.0,0.0,0.0,0.0,0.0,0.0,0.0,0.0,1.0,0.0,0.0,0.0,0.0,0.0,0.0,0.0,0.0,0.0,0.0,0.0,0.0,0.0,0.0,0.0,0.0,0.0,0.0,0.0,0.0,0.0,0.0,0.0,0.0,0.0,0.0,0.0,0.0,0.0,0.0,0.0,0.0,0.0,0.0,0.0,0.0,0.0,0.0,0.0,8.955,4.001,0.0,0.0,0.0,0.0,0.0,0.0,1.0,1.0,0.0,0.0,4000.0,0.0,0.0,0.0,0.0,0.0,0.0,
548,0.0,0.0,0.0,0.0,0.0,0.0,3.0,1.0,1.0,1.0,3.0,1.0,1.0,1.0,4.0,1275.0,3408964.0,131072.0,0.0,2.0,1537.0,1409.0,5.0,513.0,255.0,0.0,0.0,0.0,5.0,769.0,255.0,0.0,0.0,0.0,5.0,1025.0,255.0,0.0,0.0,0.0,5.0,1281.0,254.0,0.0,0.0,0.0,2.0,1644167432.0,1644167688.0,4.0,1678835984.0,1678836240.0,1678836496.0,1678836752.0,4.0,1678837008.0,1678837264.0,1678837520.0,1678837776.0,1.0,537198856.0,5.0,417.0,254.0,0.0,0.0,0.0,5.0,449.0,254.0,0.0,0.0,0.0,5.0,481.0,254.0,0.0,0.0,0.0,5.0,673.0,254.0,0.0,0.0,0.0,5.0,705.0,254.0,0.0,0.0,0.0,5.0,737.0,254.0,0.0,0.0,0.0,5.0,929.0,254.0,0.0,0.0,0.0,4.0,1342177544.0,1342177800.0,1342178056.0,1342178312.0,8.0,1342243080.0,1342243336.0,1342243592.0,1342243848.0,1342244104.0,1342244360.0,1342244616.0,1342244872.0,4.0,1342308624.0,1342308880.0,1342309136.0,1342309392.0,4.0,1342374160.0,1342374416.0,1342374672.0,1342374928.0,4.0,1342375184.0,1342375440.0,1342375696.0,1342375952.0,4.0,1342376208.0,1342376464.0,1342376720.0,1342376976.0,8.0,1342439688.0,1342439944.0,1342440200.0,1342440456.0,1342440712.0,1342440968.0,1342441224.0,1342441480.0,4.0,0.0,0.0,0.0,0.0,8.0,17.0,17.0,17.0,17.0,17.0,1.0,1.0,1.0,16.0,100.0,100.0,100.0,100.0,100.0,100.0,100.0,100.0,100.0,100.0,100.0,100.0,100.0,100.0,100.0,100.0,2.0,45.0,45.0,1.0,0.0,4.0,80.0,245.0,1.0,0.0,8.0,0.0,252.0,168.0,168.0,2.0,0.0,85.0,122.0,5.0,145.0,1842.0,3.0,6.0,1.0,12.0,0.0,0.0,0.0,0.0,0.0,0.0,0.0,0.0,0.0,0.0,0.0,0.0,8.0,44.0,0.0,0.0,0.0,0.0,0.0,0.0,0.0,2.0,0.0,1.0,8.0,0.0,0.0,0.0,0.0,0.0,0.0,0.0,0.0,0.0,0.0,0.0,655761.0,0.0,340444200.0,34044204.0,2.02,129.0,0.0,2000.0,65.0,0.0,0.0,0.0,0.0,0.0,0.0,0.0,1.0,0.0,0.0,0.0,0.0,0.0,0.0,0.0,0.0,0.0,0.0,0.0,0.0,0.0,0.0,0.0,0.0,0.0,0.0,0.0,0.0,0.0,0.0,0.0,0.0,1.0,0.0,0.0,0.0,0.0,0.0,0.0,0.0,0.0,0.0,0.0,0.0,0.0,0.0,0.0,0.0,0.0,0.0,0.0,0.0,0.0,0.0,0.0,0.0,0.0,0.0,0.0,0.0,0.0,0.0,0.0,0.0,0.0,0.0,0.0,0.0,0.0,0.0,0.0,0.0,0.0,0.0,0.0,0.0,0.0,0.0,0.0,0.0,1.0,1.0,0.0,0.0,4500.0,0.0,0.0,0.0,0.0,0.0,0.0,
549,0.0,0.0,0.0,0.0,0.0,0.0,3.0,1.0,1.0,1.0,3.0,1.0,1.0,1.0,4.0,1275.0,3408964.0,131072.0,0.0,2.0,1537.0,1409.0,5.0,513.0,255.0,0.0,0.0,0.0,5.0,769.0,255.0,0.0,0.0,0.0,5.0,1025.0,255.0,0.0,0.0,0.0,5.0,1281.0,254.0,0.0,0.0,0.0,2.0,1644167432.0,1644167688.0,4.0,1678835984.0,1678836240.0,1678836496.0,1678836752.0,4.0,1678837008.0,1678837264.0,1678837520.0,1678837776.0,1.0,537198856.0,5.0,417.0,254.0,0.0,0.0,0.0,5.0,449.0,254.0,0.0,0.0,0.0,5.0,481.0,254.0,0.0,0.0,0.0,5.0,673.0,254.0,0.0,0.0,0.0,5.0,705.0,254.0,0.0,0.0,0.0,5.0,737.0,254.0,0.0,0.0,0.0,5.0,929.0,254.0,0.0,0.0,0.0,4.0,1342177544.0,1342177800.0,1342178056.0,1342178312.0,8.0,1342243080.0,1342243336.0,1342243592.0,1342243848.0,1342244104.0,1342244360.0,1342244616.0,1342244872.0,4.0,1342308624.0,1342308880.0,1342309136.0,1342309392.0,4.0,1342374160.0,1342374416.0,1342374672.0,1342374928.0,4.0,1342375184.0,1342375440.0,1342375696.0,1342375952.0,4.0,1342376208.0,1342376464.0,1342376720.0,1342376976.0,8.0,1342439688.0,1342439944.0,1342440200.0,1342440456.0,1342440712.0,1342440968.0,1342441224.0,1342441480.0,4.0,0.0,0.0,0.0,0.0,8.0,17.0,17.0,17.0,17.0,17.0,1.0,1.0,1.0,16.0,100.0,100.0,100.0,100.0,100.0,100.0,100.0,100.0,100.0,100.0,100.0,100.0,100.0,100.0,100.0,100.0,2.0,45.0,45.0,1.0,0.0,4.0,80.0,245.0,1.0,0.0,8.0,0.0,252.0,168.0,168.0,2.0,0.0,85.0,122.0,5.0,145.0,1842.0,3.0,6.0,1.0,12.0,0.0,0.0,0.0,0.0,0.0,0.0,0.0,0.0,0.0,0.0,0.0,0.0,8.0,44.0,0.0,0.0,0.0,0.0,0.0,0.0,0.0,2.0,0.0,1.0,8.0,0.0,0.0,0.0,0.0,0.0,0.0,0.0,0.0,0.0,0.0,0.0,655761.0,0.0,340444200.0,34044204.0,2.02,129.0,0.0,2000.0,65.0,0.0,0.0,0.0,0.0,0.0,0.0,0.0,1.0,0.0,0.0,0.0,0.0,0.0,0.0,0.0,0.0,0.0,0.0,0.0,0.0,0.0,0.0,0.0,0.0,0.0,0.0,0.0,0.0,0.0,0.0,0.0,0.0,1.0,0.0,0.0,0.0,0.0,0.0,0.0,0.0,0.0,0.0,0.0,0.0,0.0,0.0,0.0,0.0,0.0,0.0,0.0,0.0,0.0,0.0,0.0,0.0,0.0,0.0,0.0,0.0,0.0,0.0,0.0,0.0,0.0,0.0,0.0,0.0,0.0,0.0,0.0,0.0,0.0,0.0,0.0,0.0,0.0,0.0,0.0,0.0,1.0,1.0,0.0,0.0,4500.0,0.0,0.0,0.0,0.0,0.0,0.0,
550,0.0,0.0,0.0,0.0,0.0,0.0,3.0,1.0,1.0,1.0,3.0,1.0,1.0,1.0,4.0,1275.0,3408964.0,131072.0,0.0,2.0,1537.0,1409.0,5.0,513.0,255.0,0.0,0.0,0.0,5.0,769.0,255.0,0.0,0.0,0.0,5.0,1025.0,255.0,0.0,0.0,0.0,5.0,1281.0,254.0,0.0,0.0,0.0,2.0,1644167432.0,1644167688.0,4.0,1678835984.0,1678836240.0,1678836496.0,1678836752.0,4.0,1678837008.0,1678837264.0,1678837520.0,1678837776.0,1.0,537198856.0,5.0,417.0,254.0,0.0,0.0,0.0,5.0,449.0,254.0,0.0,0.0,0.0,5.0,481.0,254.0,0.0,0.0,0.0,5.0,673.0,254.0,0.0,0.0,0.0,5.0,705.0,254.0,0.0,0.0,0.0,5.0,737.0,254.0,0.0,0.0,0.0,5.0,929.0,254.0,0.0,0.0,0.0,4.0,1342177544.0,1342177800.0,1342178056.0,1342178312.0,8.0,1342243080.0,1342243336.0,1342243592.0,1342243848.0,1342244104.0,1342244360.0,1342244616.0,1342244872.0,4.0,1342308624.0,1342308880.0,1342309136.0,1342309392.0,4.0,1342374160.0,1342374416.0,1342374672.0,1342374928.0,4.0,1342375184.0,1342375440.0,1342375696.0,1342375952.0,4.0,1342376208.0,1342376464.0,1342376720.0,1342376976.0,8.0,1342439688.0,1342439944.0,1342440200.0,1342440456.0,1342440712.0,1342440968.0,1342441224.0,1342441480.0,4.0,0.0,0.0,0.0,0.0,8.0,17.0,17.0,17.0,17.0,17.0,1.0,1.0,1.0,16.0,100.0,100.0,100.0,100.0,100.0,100.0,100.0,100.0,100.0,100.0,100.0,100.0,100.0,100.0,100.0,100.0,2.0,45.0,45.0,1.0,0.0,4.0,80.0,245.0,1.0,0.0,8.0,0.0,252.0,168.0,168.0,2.0,0.0,85.0,122.0,5.0,145.0,1842.0,3.0,6.0,1.0,12.0,0.0,0.0,0.0,0.0,0.0,0.0,0.0,0.0,0.0,0.0,0.0,0.0,8.0,44.0,0.0,0.0,0.0,0.0,0.0,0.0,0.0,2.0,0.0,1.0,8.0,0.0,0.0,0.0,0.0,0.0,0.0,0.0,0.0,0.0,0.0,0.0,655761.0,0.0,340444200.0,34044204.0,2.02,129.0,0.0,2000.0,65.0,0.0,0.0,0.0,0.0,0.0,0.0,0.0,1.0,0.0,0.0,0.0,0.0,0.0,0.0,0.0,0.0,0.0,0.0,0.0,0.0,0.0,0.0,0.0,0.0,0.0,0.0,0.0,0.0,0.0,0.0,0.0,0.0,1.0,0.0,0.0,0.0,0.0,0.0,0.0,0.0,0.0,0.0,0.0,0.0,0.0,0.0,0.0,0.0,0.0,0.0,0.0,0.0,0.0,0.0,0.0,0.0,0.0,0.0,0.0,0.0,0.0,0.0,0.0,0.0,0.0,0.0,0.0,0.0,0.0,0.0,0.0,0.0,0.0,0.0,0.0,0.0,0.0,0.0,0.0,0.0,1.0,1.0,0.0,0.0,4500.0,0.0,0.0,0.0,0.0,0.0,0.0,
553,0.0,0.0,0.0,0.0,0.0,0.0,3.0,1.0,1.0,1.0,3.0,1.0,1.0,1.0,4.0,1275.0,3408964.0,131072.0,0.0,2.0,1537.0,1409.0,5.0,513.0,255.0,0.0,0.0,0.0,5.0,769.0,255.0,0.0,0.0,0.0,5.0,1025.0,255.0,0.0,0.0,0.0,5.0,1281.0,254.0,0.0,0.0,0.0,2.0,1644167432.0,1644167688.0,4.0,1678835984.0,1678836240.0,1678836496.0,1678836752.0,4.0,1678837008.0,1678837264.0,1678837520.0,1678837776.0,1.0,537198856.0,5.0,417.0,254.0,0.0,0.0,0.0,5.0,449.0,254.0,0.0,0.0,0.0,5.0,481.0,254.0,0.0,0.0,0.0,5.0,673.0,254.0,0.0,0.0,0.0,5.0,705.0,254.0,0.0,0.0,0.0,5.0,737.0,254.0,0.0,0.0,0.0,5.0,929.0,254.0,0.0,0.0,0.0,4.0,1342177544.0,1342177800.0,1342178056.0,1342178312.0,8.0,1342243080.0,1342243336.0,1342243592.0,1342243848.0,1342244104.0,1342244360.0,1342244616.0,1342244872.0,4.0,1342308624.0,1342308880.0,1342309136.0,1342309392.0,4.0,1342374160.0,1342374416.0,1342374672.0,1342374928.0,4.0,1342375184.0,1342375440.0,1342375696.0,1342375952.0,4.0,1342376208.0,1342376464.0,1342376720.0,1342376976.0,8.0,1342439688.0,1342439944.0,1342440200.0,1342440456.0,1342440712.0,1342440968.0,1342441224.0,1342441480.0,4.0,0.0,0.0,0.0,0.0,8.0,17.0,17.0,17.0,17.0,17.0,1.0,1.0,1.0,16.0,100.0,100.0,100.0,100.0,100.0,100.0,100.0,100.0,100.0,100.0,100.0,100.0,100.0,100.0,100.0,100.0,2.0,45.0,45.0,1.0,0.0,4.0,80.0,245.0,1.0,0.0,8.0,0.0,252.0,168.0,168.0,2.0,0.0,85.0,122.0,5.0,145.0,1837.0,3.0,6.0,1.0,12.0,0.0,0.0,0.0,0.0,0.0,0.0,0.0,0.0,0.0,0.0,0.0,0.0,8.0,44.0,0.0,0.0,0.0,0.0,0.0,0.0,0.0,2.0,0.0,0.0,8.0,0.0,0.0,0.0,0.0,0.0,0.0,0.0,0.0,0.0,0.0,0.0,655761.0,0.0,340444200.0,34044204.0,2.02,129.0,0.0,2000.0,65.0,0.0,0.0,0.0,0.0,0.0,0.0,0.0,1.0,0.0,0.0,0.0,0.0,0.0,0.0,0.0,0.0,0.0,0.0,0.0,0.0,0.0,0.0,0.0,0.0,0.0,0.0,0.0,0.0,0.0,0.0,0.0,0.0,0.0,0.0,0.0,0.0,0.0,0.0,0.0,0.0,0.0,0.0,0.0,0.0,0.0,0.0,0.0,0.0,0.0,0.0,0.0,0.0,0.0,0.0,0.0,0.0,0.0,0.0,0.0,0.0,0.0,0.0,0.0,0.0,0.0,0.0,0.0,0.0,0.0,0.0,0.0,0.0,0.0,0.0,0.0,0.0,0.0,0.0,0.0,0.0,1.0,1.0,0.0,0.0,4500.0,0.0,0.0,0.0,0.0,0.0,0.0,
555,0.0,0.0,0.0,0.0,0.0,0.0,3.0,1.0,1.0,1.0,3.0,1.0,1.0,1.0,4.0,1275.0,3408964.0,131072.0,0.0,2.0,1537.0,1409.0,5.0,513.0,255.0,0.0,0.0,0.0,5.0,769.0,255.0,0.0,0.0,0.0,5.0,1025.0,255.0,0.0,0.0,0.0,5.0,1281.0,254.0,0.0,0.0,0.0,2.0,1644167432.0,1644167688.0,4.0,1678835984.0,1678836240.0,1678836496.0,1678836752.0,4.0,1678837008.0,1678837264.0,1678837520.0,1678837776.0,1.0,537198856.0,5.0,417.0,254.0,0.0,0.0,0.0,5.0,449.0,254.0,0.0,0.0,0.0,5.0,481.0,254.0,0.0,0.0,0.0,5.0,673.0,254.0,0.0,0.0,0.0,5.0,705.0,254.0,0.0,0.0,0.0,5.0,737.0,254.0,0.0,0.0,0.0,5.0,929.0,254.0,0.0,0.0,0.0,4.0,1342177544.0,1342177800.0,1342178056.0,1342178312.0,8.0,1342243080.0,1342243336.0,1342243592.0,1342243848.0,1342244104.0,1342244360.0,1342244616.0,1342244872.0,4.0,1342308624.0,1342308880.0,1342309136.0,1342309392.0,4.0,1342374160.0,1342374416.0,1342374672.0,1342374928.0,4.0,1342375184.0,1342375440.0,1342375696.0,1342375952.0,4.0,1342376208.0,1342376464.0,1342376720.0,1342376976.0,8.0,1342439688.0,1342439944.0,1342440200.0,1342440456.0,1342440712.0,1342440968.0,1342441224.0,1342441480.0,4.0,0.0,0.0,0.0,0.0,8.0,17.0,17.0,17.0,17.0,17.0,1.0,1.0,1.0,16.0,100.0,100.0,100.0,100.0,100.0,100.0,100.0,100.0,100.0,100.0,100.0,100.0,100.0,100.0,100.0,100.0,2.0,45.0,45.0,1.0,0.0,4.0,80.0,245.0,1.0,0.0,8.0,0.0,252.0,168.0,168.0,2.0,0.0,85.0,122.0,5.0,144.0,1842.0,3.0,6.0,1.0,12.0,0.0,0.0,0.0,0.0,0.0,0.0,0.0,0.0,0.0,0.0,0.0,0.0,8.0,44.0,0.0,0.0,0.0,0.0,0.0,0.0,0.0,2.0,0.0,0.0,8.0,0.0,0.0,0.0,0.0,0.0,0.0,0.0,0.0,0.0,0.0,0.0,655761.0,0.0,340444200.0,34044204.0,2.02,129.0,0.0,2000.0,65.0,0.0,0.0,0.0,0.0,0.0,0.0,0.0,1.0,0.0,0.0,0.0,0.0,0.0,0.0,0.0,0.0,0.0,0.0,0.0,0.0,0.0,0.0,0.0,0.0,0.0,0.0,0.0,0.0,0.0,0.0,0.0,0.0,0.0,0.0,0.0,0.0,0.0,0.0,0.0,0.0,0.0,0.0,0.0,0.0,0.0,0.0,0.0,0.0,0.0,0.0,0.0,0.0,0.0,0.0,0.0,0.0,0.0,0.0,0.0,0.0,0.0,0.0,0.0,0.0,0.0,0.0,0.0,0.0,0.0,0.0,0.0,0.0,0.0,0.0,0.0,0.0,0.0,0.0,0.0,0.0,1.0,1.0,0.0,0.0,0.0,0.0,0.0,0.0,0.0,0.0,0.0,
563,0.0,0.0,0.0,0.0,0.0,0.0,3.0,1.0,1.0,1.0,3.0,1.0,1.0,1.0,4.0,1275.0,3408964.0,131072.0,0.0,2.0,1537.0,1409.0,5.0,513.0,255.0,0.0,0.0,0.0,5.0,769.0,255.0,0.0,0.0,0.0,5.0,1025.0,255.0,0.0,0.0,0.0,5.0,1281.0,254.0,0.0,0.0,0.0,2.0,1644167432.0,1644167688.0,4.0,1678835984.0,1678836240.0,1678836496.0,1678836752.0,4.0,1678837008.0,1678837264.0,1678837520.0,1678837776.0,1.0,537198856.0,5.0,417.0,254.0,0.0,0.0,0.0,5.0,449.0,254.0,0.0,0.0,0.0,5.0,481.0,254.0,0.0,0.0,0.0,5.0,673.0,254.0,0.0,0.0,0.0,5.0,705.0,254.0,0.0,0.0,0.0,5.0,737.0,254.0,0.0,0.0,0.0,5.0,929.0,254.0,0.0,0.0,0.0,4.0,1342177544.0,1342177800.0,1342178056.0,1342178312.0,8.0,1342243080.0,1342243336.0,1342243592.0,1342243848.0,1342244104.0,1342244360.0,1342244616.0,1342244872.0,4.0,1342308624.0,1342308880.0,1342309136.0,1342309392.0,4.0,1342374160.0,1342374416.0,1342374672.0,1342374928.0,4.0,1342375184.0,1342375440.0,1342375696.0,1342375952.0,4.0,1342376208.0,1342376464.0,1342376720.0,1342376976.0,8.0,1342439688.0,1342439944.0,1342440200.0,1342440456.0,1342440712.0,1342440968.0,1342441224.0,1342441480.0,4.0,0.0,0.0,0.0,0.0,8.0,17.0,17.0,17.0,17.0,17.0,1.0,1.0,1.0,16.0,100.0,100.0,100.0,100.0,100.0,100.0,100.0,100.0,100.0,100.0,100.0,100.0,100.0,100.0,100.0,100.0,2.0,45.0,45.0,1.0,16.0,4.0,80.0,245.0,1.0,0.0,8.0,0.0,252.0,168.0,168.0,6.0,0.0,85.0,122.0,5.0,144.0,1842.0,3.0,6.0,1.0,12.0,0.0,0.0,0.0,0.0,0.0,0.0,0.0,0.0,0.0,0.0,0.0,0.0,8.0,44.0,0.0,0.0,0.0,0.0,0.0,0.0,0.0,2.0,0.0,2.0,8.0,0.0,0.0,0.0,0.0,0.0,0.0,0.0,0.0,0.0,0.0,0.0,655761.0,0.0,340444200.0,34044204.0,2.02,129.0,0.0,2000.0,65.0,0.0,0.0,0.0,0.0,0.0,0.0,0.0,1.0,0.0,0.0,0.0,0.0,0.0,0.0,0.0,0.0,0.0,0.0,0.0,0.0,0.0,0.0,0.0,0.0,0.0,0.0,0.0,0.0,0.0,0.0,0.0,0.0,0.0,1.0,0.0,0.0,0.0,0.0,0.0,0.0,0.0,0.0,0.0,0.0,0.0,0.0,0.0,0.0,0.0,0.0,0.0,0.0,0.0,0.0,0.0,0.0,0.0,0.0,0.0,0.0,0.0,0.0,0.0,0.0,0.0,0.0,0.0,0.0,0.0,0.0,0.0,0.0,14.419,0.0,0.0,0.0,0.0,0.0,0.0,0.0,1.0,1.0,0.0,0.0,0.0,0.0,0.0,0.0,0.0,0.0,0.0,
564,0.0,0.0,0.0,0.0,0.0,0.0,3.0,1.0,1.0,1.0,3.0,1.0,1.0,1.0,4.0,1275.0,3408964.0,131072.0,0.0,2.0,1537.0,1409.0,5.0,513.0,255.0,0.0,0.0,0.0,5.0,769.0,255.0,0.0,0.0,0.0,5.0,1025.0,255.0,0.0,0.0,0.0,5.0,1281.0,254.0,0.0,0.0,0.0,2.0,1644167432.0,1644167688.0,4.0,1678835984.0,1678836240.0,1678836496.0,1678836752.0,4.0,1678837008.0,1678837264.0,1678837520.0,1678837776.0,1.0,537198856.0,5.0,417.0,254.0,0.0,0.0,0.0,5.0,449.0,254.0,0.0,0.0,0.0,5.0,481.0,254.0,0.0,0.0,0.0,5.0,673.0,254.0,0.0,0.0,0.0,5.0,705.0,254.0,0.0,0.0,0.0,5.0,737.0,254.0,0.0,0.0,0.0,5.0,929.0,254.0,0.0,0.0,0.0,4.0,1342177544.0,1342177800.0,1342178056.0,1342178312.0,8.0,1342243080.0,1342243336.0,1342243592.0,1342243848.0,1342244104.0,1342244360.0,1342244616.0,1342244872.0,4.0,1342308624.0,1342308880.0,1342309136.0,1342309392.0,4.0,1342374160.0,1342374416.0,1342374672.0,1342374928.0,4.0,1342375184.0,1342375440.0,1342375696.0,1342375952.0,4.0,1342376208.0,1342376464.0,1342376720.0,1342376976.0,8.0,1342439688.0,1342439944.0,1342440200.0,1342440456.0,1342440712.0,1342440968.0,1342441224.0,1342441480.0,4.0,0.0,0.0,0.0,0.0,8.0,17.0,17.0,17.0,17.0,17.0,1.0,1.0,1.0,16.0,100.0,100.0,100.0,100.0,100.0,100.0,100.0,100.0,100.0,100.0,100.0,100.0,100.0,100.0,100.0,100.0,2.0,45.0,45.0,1.0,16.0,4.0,80.0,245.0,1.0,0.0,8.0,0.0,252.0,168.0,168.0,6.0,0.0,85.0,122.0,5.0,145.0,1842.0,3.0,6.0,1.0,12.0,0.0,0.0,0.0,0.0,0.0,0.0,0.0,0.0,0.0,0.0,0.0,0.0,8.0,44.0,0.0,0.0,0.0,0.0,0.0,0.0,0.0,2.0,0.0,2.0,8.0,0.0,0.0,0.0,0.0,0.0,0.0,0.0,0.0,0.0,0.0,0.0,655761.0,0.0,340444200.0,34044204.0,2.02,129.0,0.0,2000.0,65.0,0.0,0.0,0.0,0.0,0.0,0.0,0.0,1.0,0.0,0.0,0.0,0.0,0.0,0.0,0.0,0.0,0.0,0.0,0.0,0.0,0.0,0.0,0.0,0.0,0.0,0.0,0.0,0.0,0.0,0.0,0.0,0.0,0.0,1.0,0.0,0.0,0.0,0.0,0.0,0.0,0.0,0.0,0.0,0.0,0.0,0.0,0.0,0.0,0.0,0.0,0.0,0.0,0.0,0.0,0.0,0.0,0.0,0.0,0.0,0.0,0.0,0.0,0.0,0.0,0.0,0.0,0.0,0.0,0.0,0.0,0.0,0.0,14.418,0.0,0.0,0.0,0.0,0.0,0.0,0.0,1.0,1.0,0.0,0.0,0.0,0.0,0.0,0.0,0.0,0.0,0.0,
565,0.0,0.0,0.0,0.0,0.0,0.0,3.0,1.0,1.0,1.0,3.0,1.0,1.0,1.0,4.0,1275.0,3408964.0,131072.0,0.0,2.0,1537.0,1409.0,5.0,513.0,255.0,0.0,0.0,0.0,5.0,769.0,255.0,0.0,0.0,0.0,5.0,1025.0,255.0,0.0,0.0,0.0,5.0,1281.0,254.0,0.0,0.0,0.0,2.0,1644167432.0,1644167688.0,4.0,1678835984.0,1678836240.0,1678836496.0,1678836752.0,4.0,1678837008.0,1678837264.0,1678837520.0,1678837776.0,1.0,537198856.0,5.0,417.0,254.0,0.0,0.0,0.0,5.0,449.0,254.0,0.0,0.0,0.0,5.0,481.0,254.0,0.0,0.0,0.0,5.0,673.0,254.0,0.0,0.0,0.0,5.0,705.0,254.0,0.0,0.0,0.0,5.0,737.0,254.0,0.0,0.0,0.0,5.0,929.0,254.0,0.0,0.0,0.0,4.0,1342177544.0,1342177800.0,1342178056.0,1342178312.0,8.0,1342243080.0,1342243336.0,1342243592.0,1342243848.0,1342244104.0,1342244360.0,1342244616.0,1342244872.0,4.0,1342308624.0,1342308880.0,1342309136.0,1342309392.0,4.0,1342374160.0,1342374416.0,1342374672.0,1342374928.0,4.0,1342375184.0,1342375440.0,1342375696.0,1342375952.0,4.0,1342376208.0,1342376464.0,1342376720.0,1342376976.0,8.0,1342439688.0,1342439944.0,1342440200.0,1342440456.0,1342440712.0,1342440968.0,1342441224.0,1342441480.0,4.0,0.0,0.0,0.0,0.0,8.0,17.0,17.0,17.0,17.0,17.0,1.0,1.0,1.0,16.0,100.0,100.0,100.0,100.0,100.0,100.0,100.0,100.0,100.0,100.0,100.0,100.0,100.0,100.0,100.0,100.0,2.0,45.0,45.0,1.0,16.0,4.0,80.0,245.0,1.0,0.0,8.0,0.0,252.0,168.0,168.0,6.0,0.0,85.0,122.0,5.0,145.0,1842.0,3.0,6.0,1.0,12.0,0.0,0.0,0.0,0.0,0.0,0.0,0.0,0.0,0.0,0.0,0.0,0.0,8.0,44.0,0.0,0.0,0.0,0.0,0.0,0.0,0.0,2.0,0.0,2.0,8.0,0.0,0.0,0.0,0.0,0.0,0.0,0.0,0.0,0.0,0.0,0.0,655761.0,0.0,340444200.0,34044204.0,2.02,129.0,0.0,2000.0,65.0,0.0,0.0,0.0,0.0,0.0,0.0,0.0,1.0,0.0,0.0,0.0,0.0,0.0,0.0,0.0,0.0,0.0,0.0,0.0,0.0,0.0,0.0,0.0,0.0,0.0,0.0,0.0,0.0,0.0,0.0,0.0,0.0,0.0,1.0,0.0,0.0,0.0,0.0,0.0,0.0,0.0,0.0,0.0,0.0,0.0,0.0,0.0,0.0,0.0,0.0,0.0,0.0,0.0,0.0,0.0,0.0,0.0,0.0,0.0,0.0,0.0,0.0,0.0,0.0,0.0,0.0,0.0,0.0,0.0,0.0,0.0,0.0,14.418,0.0,0.0,0.0,0.0,0.0,0.0,0.0,1.0,1.0,0.0,0.0,0.0,0.0,0.0,0.0,0.0,0.0,0.0,
570,0.0,0.0,0.0,0.0,0.0,0.0,3.0,1.0,1.0,1.0,3.0,1.0,1.0,1.0,4.0,1275.0,3408964.0,131072.0,0.0,2.0,1537.0,1409.0,5.0,513.0,255.0,0.0,0.0,0.0,5.0,769.0,255.0,0.0,0.0,0.0,5.0,1025.0,255.0,0.0,0.0,0.0,5.0,1281.0,254.0,0.0,0.0,0.0,2.0,1644167432.0,1644167688.0,4.0,1678835984.0,1678836240.0,1678836496.0,1678836752.0,4.0,1678837008.0,1678837264.0,1678837520.0,1678837776.0,1.0,537198856.0,5.0,417.0,254.0,0.0,0.0,0.0,5.0,449.0,254.0,0.0,0.0,0.0,5.0,481.0,254.0,0.0,0.0,0.0,5.0,673.0,254.0,0.0,0.0,0.0,5.0,705.0,254.0,0.0,0.0,0.0,5.0,737.0,254.0,0.0,0.0,0.0,5.0,929.0,254.0,0.0,0.0,0.0,4.0,1342177544.0,1342177800.0,1342178056.0,1342178312.0,8.0,1342243080.0,1342243336.0,1342243592.0,1342243848.0,1342244104.0,1342244360.0,1342244616.0,1342244872.0,4.0,1342308624.0,1342308880.0,1342309136.0,1342309392.0,4.0,1342374160.0,1342374416.0,1342374672.0,1342374928.0,4.0,1342375184.0,1342375440.0,1342375696.0,1342375952.0,4.0,1342376208.0,1342376464.0,1342376720.0,1342376976.0,8.0,1342439688.0,1342439944.0,1342440200.0,1342440456.0,1342440712.0,1342440968.0,1342441224.0,1342441480.0,4.0,0.0,0.0,0.0,0.0,8.0,17.0,17.0,17.0,17.0,17.0,1.0,1.0,1.0,16.0,100.0,100.0,100.0,100.0,100.0,100.0,100.0,100.0,100.0,100.0,100.0,100.0,100.0,100.0,100.0,100.0,2.0,45.0,45.0,1.0,16.0,4.0,80.0,245.0,1.0,0.0,8.0,0.0,252.0,168.0,168.0,6.0,0.0,85.0,122.0,5.0,144.0,1842.0,3.0,6.0,1.0,12.0,0.0,0.0,0.0,0.0,485.0,0.0,0.0,0.0,0.0,0.0,0.0,0.0,8.0,44.0,0.0,0.0,0.0,0.0,0.0,0.0,0.0,2.0,0.0,2.0,8.0,0.0,0.0,0.0,0.0,0.0,0.0,0.0,0.0,0.0,0.0,0.0,655761.0,0.0,340444200.0,34044204.0,2.02,129.0,0.0,2000.0,65.0,0.0,0.0,0.0,0.0,0.0,0.0,0.0,1.0,0.0,0.0,0.0,0.0,0.0,0.0,0.0,0.0,0.0,0.0,0.0,0.0,0.0,0.0,0.0,0.0,0.0,0.0,0.0,0.0,0.0,0.0,0.0,0.0,0.0,1.0,0.0,0.0,0.0,0.0,0.0,0.0,0.0,0.0,0.0,0.0,0.0,0.0,0.0,0.0,0.0,0.0,0.0,0.0,0.0,0.0,0.0,0.0,0.0,0.0,0.0,0.0,0.0,0.0,0.0,0.0,0.0,0.0,0.0,0.0,0.0,0.0,0.0,0.0,13.732,0.499,0.0,0.0,0.0,0.0,0.0,0.0,1.0,1.0,0.0,0.0,500.0,0.0,0.0,0.0,0.0,0.0,0.0,
571,0.0,0.0,0.0,0.0,0.0,0.0,3.0,1.0,1.0,1.0,3.0,1.0,1.0,1.0,4.0,1275.0,3408964.0,131072.0,0.0,2.0,1537.0,1409.0,5.0,513.0,255.0,0.0,0.0,0.0,5.0,769.0,255.0,0.0,0.0,0.0,5.0,1025.0,255.0,0.0,0.0,0.0,5.0,1281.0,254.0,0.0,0.0,0.0,2.0,1644167432.0,1644167688.0,4.0,1678835984.0,1678836240.0,1678836496.0,1678836752.0,4.0,1678837008.0,1678837264.0,1678837520.0,1678837776.0,1.0,537198856.0,5.0,417.0,254.0,0.0,0.0,0.0,5.0,449.0,254.0,0.0,0.0,0.0,5.0,481.0,254.0,0.0,0.0,0.0,5.0,673.0,254.0,0.0,0.0,0.0,5.0,705.0,254.0,0.0,0.0,0.0,5.0,737.0,254.0,0.0,0.0,0.0,5.0,929.0,254.0,0.0,0.0,0.0,4.0,1342177544.0,1342177800.0,1342178056.0,1342178312.0,8.0,1342243080.0,1342243336.0,1342243592.0,1342243848.0,1342244104.0,1342244360.0,1342244616.0,1342244872.0,4.0,1342308624.0,1342308880.0,1342309136.0,1342309392.0,4.0,1342374160.0,1342374416.0,1342374672.0,1342374928.0,4.0,1342375184.0,1342375440.0,1342375696.0,1342375952.0,4.0,1342376208.0,1342376464.0,1342376720.0,1342376976.0,8.0,1342439688.0,1342439944.0,1342440200.0,1342440456.0,1342440712.0,1342440968.0,1342441224.0,1342441480.0,4.0,0.0,0.0,0.0,0.0,8.0,17.0,17.0,17.0,17.0,17.0,1.0,1.0,1.0,16.0,100.0,100.0,100.0,100.0,100.0,100.0,100.0,100.0,100.0,100.0,100.0,100.0,100.0,100.0,100.0,100.0,2.0,45.0,45.0,1.0,16.0,4.0,80.0,245.0,1.0,0.0,8.0,0.0,252.0,168.0,168.0,6.0,0.0,85.0,122.0,5.0,144.0,1842.0,3.0,6.0,1.0,12.0,0.0,0.0,0.0,0.0,489.0,0.0,0.0,0.0,0.0,0.0,0.0,0.0,8.0,44.0,0.0,0.0,0.0,0.0,0.0,0.0,0.0,2.0,0.0,2.0,8.0,0.0,0.0,0.0,0.0,0.0,0.0,0.0,0.0,0.0,0.0,0.0,655761.0,0.0,340444200.0,34044204.0,2.02,129.0,0.0,2000.0,65.0,0.0,0.0,0.0,0.0,0.0,0.0,0.0,1.0,0.0,0.0,0.0,0.0,0.0,0.0,0.0,0.0,0.0,0.0,0.0,0.0,0.0,0.0,0.0,0.0,0.0,0.0,0.0,0.0,0.0,0.0,0.0,0.0,0.0,1.0,0.0,0.0,0.0,0.0,0.0,0.0,0.0,0.0,0.0,0.0,0.0,0.0,0.0,0.0,0.0,0.0,0.0,0.0,0.0,0.0,0.0,0.0,0.0,0.0,0.0,0.0,0.0,0.0,0.0,0.0,0.0,0.0,0.0,0.0,0.0,0.0,0.0,0.0,13.733,0.499,0.0,0.0,0.0,0.0,0.0,0.0,1.0,1.0,0.0,0.0,500.0,0.0,0.0,0.0,0.0,0.0,0.0,
572,0.0,0.0,0.0,0.0,0.0,0.0,3.0,1.0,1.0,1.0,3.0,1.0,1.0,1.0,4.0,1275.0,3408964.0,131072.0,0.0,2.0,1537.0,1409.0,5.0,513.0,255.0,0.0,0.0,0.0,5.0,769.0,255.0,0.0,0.0,0.0,5.0,1025.0,255.0,0.0,0.0,0.0,5.0,1281.0,254.0,0.0,0.0,0.0,2.0,1644167432.0,1644167688.0,4.0,1678835984.0,1678836240.0,1678836496.0,1678836752.0,4.0,1678837008.0,1678837264.0,1678837520.0,1678837776.0,1.0,537198856.0,5.0,417.0,254.0,0.0,0.0,0.0,5.0,449.0,254.0,0.0,0.0,0.0,5.0,481.0,254.0,0.0,0.0,0.0,5.0,673.0,254.0,0.0,0.0,0.0,5.0,705.0,254.0,0.0,0.0,0.0,5.0,737.0,254.0,0.0,0.0,0.0,5.0,929.0,254.0,0.0,0.0,0.0,4.0,1342177544.0,1342177800.0,1342178056.0,1342178312.0,8.0,1342243080.0,1342243336.0,1342243592.0,1342243848.0,1342244104.0,1342244360.0,1342244616.0,1342244872.0,4.0,1342308624.0,1342308880.0,1342309136.0,1342309392.0,4.0,1342374160.0,1342374416.0,1342374672.0,1342374928.0,4.0,1342375184.0,1342375440.0,1342375696.0,1342375952.0,4.0,1342376208.0,1342376464.0,1342376720.0,1342376976.0,8.0,1342439688.0,1342439944.0,1342440200.0,1342440456.0,1342440712.0,1342440968.0,1342441224.0,1342441480.0,4.0,0.0,0.0,0.0,0.0,8.0,17.0,17.0,17.0,17.0,17.0,1.0,1.0,1.0,16.0,100.0,100.0,100.0,100.0,100.0,100.0,100.0,100.0,100.0,100.0,100.0,100.0,100.0,100.0,100.0,100.0,2.0,45.0,45.0,1.0,16.0,4.0,80.0,245.0,1.0,0.0,8.0,0.0,252.0,168.0,168.0,6.0,0.0,85.0,122.0,5.0,144.0,1842.0,3.0,6.0,1.0,12.0,0.0,0.0,0.0,0.0,489.0,0.0,0.0,0.0,0.0,0.0,0.0,0.0,8.0,44.0,0.0,0.0,0.0,0.0,0.0,0.0,0.0,2.0,0.0,2.0,8.0,0.0,0.0,0.0,0.0,0.0,0.0,0.0,0.0,0.0,0.0,0.0,655761.0,0.0,340444200.0,34044204.0,2.02,129.0,0.0,2000.0,65.0,0.0,0.0,0.0,0.0,0.0,0.0,0.0,1.0,0.0,0.0,0.0,0.0,0.0,0.0,0.0,0.0,0.0,0.0,0.0,0.0,0.0,0.0,0.0,0.0,0.0,0.0,0.0,0.0,0.0,0.0,0.0,0.0,0.0,1.0,0.0,0.0,0.0,0.0,0.0,0.0,0.0,0.0,0.0,0.0,0.0,0.0,0.0,0.0,0.0,0.0,0.0,0.0,0.0,0.0,0.0,0.0,0.0,0.0,0.0,0.0,0.0,0.0,0.0,0.0,0.0,0.0,0.0,0.0,0.0,0.0,0.0,0.0,13.733,0.499,0.0,0.0,0.0,0.0,0.0,0.0,1.0,1.0,0.0,0.0,500.0,0.0,0.0,0.0,0.0,0.0,0.0,
577,0.0,0.0,0.0,0.0,0.0,0.0,3.0,1.0,1.0,1.0,3.0,1.0,1.0,1.0,4.0,1275.0,3408964.0,131072.0,0.0,2.0,1537.0,1409.0,5.0,513.0,255.0,0.0,0.0,0.0,5.0,769.0,255.0,0.0,0.0,0.0,5.0,1025.0,255.0,0.0,0.0,0.0,5.0,1281.0,254.0,0.0,0.0,0.0,2.0,1644167432.0,1644167688.0,4.0,1678835984.0,1678836240.0,1678836496.0,1678836752.0,4.0,1678837008.0,1678837264.0,1678837520.0,1678837776.0,1.0,537198856.0,5.0,417.0,254.0,0.0,0.0,0.0,5.0,449.0,254.0,0.0,0.0,0.0,5.0,481.0,254.0,0.0,0.0,0.0,5.0,673.0,254.0,0.0,0.0,0.0,5.0,705.0,254.0,0.0,0.0,0.0,5.0,737.0,254.0,0.0,0.0,0.0,5.0,929.0,254.0,0.0,0.0,0.0,4.0,1342177544.0,1342177800.0,1342178056.0,1342178312.0,8.0,1342243080.0,1342243336.0,1342243592.0,1342243848.0,1342244104.0,1342244360.0,1342244616.0,1342244872.0,4.0,1342308624.0,1342308880.0,1342309136.0,1342309392.0,4.0,1342374160.0,1342374416.0,1342374672.0,1342374928.0,4.0,1342375184.0,1342375440.0,1342375696.0,1342375952.0,4.0,1342376208.0,1342376464.0,1342376720.0,1342376976.0,8.0,1342439688.0,1342439944.0,1342440200.0,1342440456.0,1342440712.0,1342440968.0,1342441224.0,1342441480.0,4.0,0.0,0.0,0.0,0.0,8.0,17.0,17.0,17.0,17.0,17.0,1.0,1.0,1.0,16.0,100.0,100.0,100.0,100.0,100.0,100.0,100.0,100.0,100.0,100.0,100.0,100.0,100.0,100.0,100.0,100.0,2.0,45.0,45.0,1.0,16.0,4.0,80.0,245.0,1.0,0.0,8.0,0.0,252.0,168.0,168.0,6.0,0.0,85.0,122.0,5.0,144.0,1842.0,3.0,6.0,1.0,12.0,0.0,0.0,0.0,0.0,1007.0,0.0,0.0,0.0,0.0,0.0,0.0,0.0,8.0,44.0,0.0,0.0,0.0,0.0,0.0,0.0,0.0,2.0,0.0,2.0,8.0,0.0,0.0,0.0,0.0,0.0,0.0,0.0,0.0,0.0,0.0,0.0,655761.0,0.0,340444200.0,34044204.0,2.02,129.0,0.0,2000.0,65.0,0.0,0.0,0.0,0.0,0.0,0.0,0.0,1.0,0.0,0.0,0.0,0.0,0.0,0.0,0.0,0.0,0.0,0.0,0.0,0.0,0.0,0.0,0.0,0.0,0.0,0.0,0.0,0.0,0.0,0.0,0.0,0.0,0.0,1.0,0.0,0.0,0.0,0.0,0.0,0.0,0.0,0.0,0.0,0.0,0.0,0.0,0.0,0.0,0.0,0.0,0.0,0.0,0.0,0.0,0.0,0.0,0.0,0.0,0.0,0.0,0.0,0.0,0.0,0.0,0.0,0.0,0.0,0.0,0.0,0.0,0.0,0.0,13.072,0.999,0.0,0.0,0.0,0.0,0.0,0.0,1.0,1.0,0.0,0.0,1000.0,0.0,0.0,0.0,0.0,0.0,0.0,
578,0.0,0.0,0.0,0.0,0.0,0.0,3.0,1.0,1.0,1.0,3.0,1.0,1.0,1.0,4.0,1275.0,3408964.0,131072.0,0.0,2.0,1537.0,1409.0,5.0,513.0,255.0,0.0,0.0,0.0,5.0,769.0,255.0,0.0,0.0,0.0,5.0,1025.0,255.0,0.0,0.0,0.0,5.0,1281.0,254.0,0.0,0.0,0.0,2.0,1644167432.0,1644167688.0,4.0,1678835984.0,1678836240.0,1678836496.0,1678836752.0,4.0,1678837008.0,1678837264.0,1678837520.0,1678837776.0,1.0,537198856.0,5.0,417.0,254.0,0.0,0.0,0.0,5.0,449.0,254.0,0.0,0.0,0.0,5.0,481.0,254.0,0.0,0.0,0.0,5.0,673.0,254.0,0.0,0.0,0.0,5.0,705.0,254.0,0.0,0.0,0.0,5.0,737.0,254.0,0.0,0.0,0.0,5.0,929.0,254.0,0.0,0.0,0.0,4.0,1342177544.0,1342177800.0,1342178056.0,1342178312.0,8.0,1342243080.0,1342243336.0,1342243592.0,1342243848.0,1342244104.0,1342244360.0,1342244616.0,1342244872.0,4.0,1342308624.0,1342308880.0,1342309136.0,1342309392.0,4.0,1342374160.0,1342374416.0,1342374672.0,1342374928.0,4.0,1342375184.0,1342375440.0,1342375696.0,1342375952.0,4.0,1342376208.0,1342376464.0,1342376720.0,1342376976.0,8.0,1342439688.0,1342439944.0,1342440200.0,1342440456.0,1342440712.0,1342440968.0,1342441224.0,1342441480.0,4.0,0.0,0.0,0.0,0.0,8.0,17.0,17.0,17.0,17.0,17.0,1.0,1.0,1.0,16.0,100.0,100.0,100.0,100.0,100.0,100.0,100.0,100.0,100.0,100.0,100.0,100.0,100.0,100.0,100.0,100.0,2.0,45.0,45.0,1.0,16.0,4.0,80.0,245.0,1.0,0.0,8.0,0.0,252.0,168.0,168.0,6.0,0.0,85.0,122.0,5.0,144.0,1842.0,3.0,6.0,1.0,12.0,0.0,0.0,0.0,0.0,1007.0,0.0,0.0,0.0,0.0,0.0,0.0,0.0,8.0,44.0,0.0,0.0,0.0,0.0,0.0,0.0,0.0,2.0,0.0,2.0,8.0,0.0,0.0,0.0,0.0,0.0,0.0,0.0,0.0,0.0,0.0,0.0,655761.0,0.0,340444200.0,34044204.0,2.02,129.0,0.0,2000.0,65.0,0.0,0.0,0.0,0.0,0.0,0.0,0.0,1.0,0.0,0.0,0.0,0.0,0.0,0.0,0.0,0.0,0.0,0.0,0.0,0.0,0.0,0.0,0.0,0.0,0.0,0.0,0.0,0.0,0.0,0.0,0.0,0.0,0.0,1.0,0.0,0.0,0.0,0.0,0.0,0.0,0.0,0.0,0.0,0.0,0.0,0.0,0.0,0.0,0.0,0.0,0.0,0.0,0.0,0.0,0.0,0.0,0.0,0.0,0.0,0.0,0.0,0.0,0.0,0.0,0.0,0.0,0.0,0.0,0.0,0.0,0.0,0.0,13.071,0.999,0.0,0.0,0.0,0.0,0.0,0.0,1.0,1.0,0.0,0.0,1000.0,0.0,0.0,0.0,0.0,0.0,0.0,
579,0.0,0.0,0.0,0.0,0.0,0.0,3.0,1.0,1.0,1.0,3.0,1.0,1.0,1.0,4.0,1275.0,3408964.0,131072.0,0.0,2.0,1537.0,1409.0,5.0,513.0,255.0,0.0,0.0,0.0,5.0,769.0,255.0,0.0,0.0,0.0,5.0,1025.0,255.0,0.0,0.0,0.0,5.0,1281.0,254.0,0.0,0.0,0.0,2.0,1644167432.0,1644167688.0,4.0,1678835984.0,1678836240.0,1678836496.0,1678836752.0,4.0,1678837008.0,1678837264.0,1678837520.0,1678837776.0,1.0,537198856.0,5.0,417.0,254.0,0.0,0.0,0.0,5.0,449.0,254.0,0.0,0.0,0.0,5.0,481.0,254.0,0.0,0.0,0.0,5.0,673.0,254.0,0.0,0.0,0.0,5.0,705.0,254.0,0.0,0.0,0.0,5.0,737.0,254.0,0.0,0.0,0.0,5.0,929.0,254.0,0.0,0.0,0.0,4.0,1342177544.0,1342177800.0,1342178056.0,1342178312.0,8.0,1342243080.0,1342243336.0,1342243592.0,1342243848.0,1342244104.0,1342244360.0,1342244616.0,1342244872.0,4.0,1342308624.0,1342308880.0,1342309136.0,1342309392.0,4.0,1342374160.0,1342374416.0,1342374672.0,1342374928.0,4.0,1342375184.0,1342375440.0,1342375696.0,1342375952.0,4.0,1342376208.0,1342376464.0,1342376720.0,1342376976.0,8.0,1342439688.0,1342439944.0,1342440200.0,1342440456.0,1342440712.0,1342440968.0,1342441224.0,1342441480.0,4.0,0.0,0.0,0.0,0.0,8.0,17.0,17.0,17.0,17.0,17.0,1.0,1.0,1.0,16.0,100.0,100.0,100.0,100.0,100.0,100.0,100.0,100.0,100.0,100.0,100.0,100.0,100.0,100.0,100.0,100.0,2.0,45.0,45.0,1.0,16.0,4.0,80.0,245.0,1.0,0.0,8.0,0.0,252.0,168.0,168.0,6.0,0.0,85.0,122.0,5.0,144.0,1842.0,3.0,6.0,1.0,12.0,0.0,0.0,0.0,0.0,1007.0,0.0,0.0,0.0,0.0,0.0,0.0,0.0,8.0,44.0,0.0,0.0,0.0,0.0,0.0,0.0,0.0,2.0,0.0,2.0,8.0,0.0,0.0,0.0,0.0,0.0,0.0,0.0,0.0,0.0,0.0,0.0,655761.0,0.0,340444200.0,34044204.0,2.02,129.0,0.0,2000.0,65.0,0.0,0.0,0.0,0.0,0.0,0.0,0.0,1.0,0.0,0.0,0.0,0.0,0.0,0.0,0.0,0.0,0.0,0.0,0.0,0.0,0.0,0.0,0.0,0.0,0.0,0.0,0.0,0.0,0.0,0.0,0.0,0.0,0.0,1.0,0.0,0.0,0.0,0.0,0.0,0.0,0.0,0.0,0.0,0.0,0.0,0.0,0.0,0.0,0.0,0.0,0.0,0.0,0.0,0.0,0.0,0.0,0.0,0.0,0.0,0.0,0.0,0.0,0.0,0.0,0.0,0.0,0.0,0.0,0.0,0.0,0.0,0.0,13.071,0.999,0.0,0.0,0.0,0.0,0.0,0.0,1.0,1.0,0.0,0.0,1000.0,0.0,0.0,0.0,0.0,0.0,0.0,
584,0.0,0.0,0.0,0.0,0.0,0.0,3.0,1.0,1.0,1.0,3.0,1.0,1.0,1.0,4.0,1275.0,3408964.0,131072.0,0.0,2.0,1537.0,1409.0,5.0,513.0,255.0,0.0,0.0,0.0,5.0,769.0,255.0,0.0,0.0,0.0,5.0,1025.0,255.0,0.0,0.0,0.0,5.0,1281.0,254.0,0.0,0.0,0.0,2.0,1644167432.0,1644167688.0,4.0,1678835984.0,1678836240.0,1678836496.0,1678836752.0,4.0,1678837008.0,1678837264.0,1678837520.0,1678837776.0,1.0,537198856.0,5.0,417.0,254.0,0.0,0.0,0.0,5.0,449.0,254.0,0.0,0.0,0.0,5.0,481.0,254.0,0.0,0.0,0.0,5.0,673.0,254.0,0.0,0.0,0.0,5.0,705.0,254.0,0.0,0.0,0.0,5.0,737.0,254.0,0.0,0.0,0.0,5.0,929.0,254.0,0.0,0.0,0.0,4.0,1342177544.0,1342177800.0,1342178056.0,1342178312.0,8.0,1342243080.0,1342243336.0,1342243592.0,1342243848.0,1342244104.0,1342244360.0,1342244616.0,1342244872.0,4.0,1342308624.0,1342308880.0,1342309136.0,1342309392.0,4.0,1342374160.0,1342374416.0,1342374672.0,1342374928.0,4.0,1342375184.0,1342375440.0,1342375696.0,1342375952.0,4.0,1342376208.0,1342376464.0,1342376720.0,1342376976.0,8.0,1342439688.0,1342439944.0,1342440200.0,1342440456.0,1342440712.0,1342440968.0,1342441224.0,1342441480.0,4.0,0.0,0.0,0.0,0.0,8.0,17.0,17.0,17.0,17.0,17.0,1.0,1.0,1.0,16.0,100.0,100.0,100.0,100.0,100.0,100.0,100.0,100.0,100.0,100.0,100.0,100.0,100.0,100.0,100.0,100.0,2.0,45.0,45.0,1.0,16.0,4.0,80.0,245.0,1.0,0.0,8.0,0.0,252.0,168.0,168.0,6.0,0.0,85.0,122.0,5.0,144.0,1842.0,3.0,6.0,1.0,12.0,0.0,0.0,0.0,0.0,1525.0,0.0,0.0,0.0,0.0,0.0,0.0,0.0,8.0,44.0,0.0,0.0,0.0,0.0,0.0,0.0,0.0,2.0,0.0,2.0,8.0,0.0,0.0,0.0,0.0,0.0,0.0,0.0,0.0,0.0,0.0,0.0,655761.0,0.0,340444200.0,34044204.0,2.02,129.0,0.0,2000.0,65.0,0.0,0.0,0.0,0.0,0.0,0.0,0.0,1.0,0.0,0.0,0.0,0.0,0.0,0.0,0.0,0.0,0.0,0.0,0.0,0.0,0.0,0.0,0.0,0.0,0.0,0.0,0.0,0.0,0.0,0.0,0.0,0.0,0.0,1.0,0.0,0.0,0.0,0.0,0.0,0.0,0.0,0.0,0.0,0.0,0.0,0.0,0.0,0.0,0.0,0.0,0.0,0.0,0.0,0.0,0.0,0.0,0.0,0.0,0.0,0.0,0.0,0.0,0.0,0.0,0.0,0.0,0.0,0.0,0.0,0.0,0.0,0.0,12.393,1.499,0.0,0.0,0.0,0.0,0.0,0.0,1.0,1.0,0.0,0.0,1500.0,0.0,0.0,0.0,0.0,0.0,0.0,
585,0.0,0.0,0.0,0.0,0.0,0.0,3.0,1.0,1.0,1.0,3.0,1.0,1.0,1.0,4.0,1275.0,3408964.0,131072.0,0.0,2.0,1537.0,1409.0,5.0,513.0,255.0,0.0,0.0,0.0,5.0,769.0,255.0,0.0,0.0,0.0,5.0,1025.0,255.0,0.0,0.0,0.0,5.0,1281.0,254.0,0.0,0.0,0.0,2.0,1644167432.0,1644167688.0,4.0,1678835984.0,1678836240.0,1678836496.0,1678836752.0,4.0,1678837008.0,1678837264.0,1678837520.0,1678837776.0,1.0,537198856.0,5.0,417.0,254.0,0.0,0.0,0.0,5.0,449.0,254.0,0.0,0.0,0.0,5.0,481.0,254.0,0.0,0.0,0.0,5.0,673.0,254.0,0.0,0.0,0.0,5.0,705.0,254.0,0.0,0.0,0.0,5.0,737.0,254.0,0.0,0.0,0.0,5.0,929.0,254.0,0.0,0.0,0.0,4.0,1342177544.0,1342177800.0,1342178056.0,1342178312.0,8.0,1342243080.0,1342243336.0,1342243592.0,1342243848.0,1342244104.0,1342244360.0,1342244616.0,1342244872.0,4.0,1342308624.0,1342308880.0,1342309136.0,1342309392.0,4.0,1342374160.0,1342374416.0,1342374672.0,1342374928.0,4.0,1342375184.0,1342375440.0,1342375696.0,1342375952.0,4.0,1342376208.0,1342376464.0,1342376720.0,1342376976.0,8.0,1342439688.0,1342439944.0,1342440200.0,1342440456.0,1342440712.0,1342440968.0,1342441224.0,1342441480.0,4.0,0.0,0.0,0.0,0.0,8.0,17.0,17.0,17.0,17.0,17.0,1.0,1.0,1.0,16.0,100.0,100.0,100.0,100.0,100.0,100.0,100.0,100.0,100.0,100.0,100.0,100.0,100.0,100.0,100.0,100.0,2.0,45.0,45.0,1.0,16.0,4.0,80.0,245.0,1.0,0.0,8.0,0.0,252.0,168.0,168.0,6.0,0.0,85.0,122.0,5.0,144.0,1842.0,3.0,6.0,1.0,12.0,0.0,0.0,0.0,0.0,1525.0,0.0,0.0,0.0,0.0,0.0,0.0,0.0,8.0,44.0,0.0,0.0,0.0,0.0,0.0,0.0,0.0,2.0,0.0,2.0,8.0,0.0,0.0,0.0,0.0,0.0,0.0,0.0,0.0,0.0,0.0,0.0,655761.0,0.0,340444200.0,34044204.0,2.02,129.0,0.0,2000.0,65.0,0.0,0.0,0.0,0.0,0.0,0.0,0.0,1.0,0.0,0.0,0.0,0.0,0.0,0.0,0.0,0.0,0.0,0.0,0.0,0.0,0.0,0.0,0.0,0.0,0.0,0.0,0.0,0.0,0.0,0.0,0.0,0.0,0.0,1.0,0.0,0.0,0.0,0.0,0.0,0.0,0.0,0.0,0.0,0.0,0.0,0.0,0.0,0.0,0.0,0.0,0.0,0.0,0.0,0.0,0.0,0.0,0.0,0.0,0.0,0.0,0.0,0.0,0.0,0.0,0.0,0.0,0.0,0.0,0.0,0.0,0.0,0.0,12.393,1.499,0.0,0.0,0.0,0.0,0.0,0.0,1.0,1.0,0.0,0.0,1500.0,0.0,0.0,0.0,0.0,0.0,0.0,
586,0.0,0.0,0.0,0.0,0.0,0.0,3.0,1.0,1.0,1.0,3.0,1.0,1.0,1.0,4.0,1275.0,3408964.0,131072.0,0.0,2.0,1537.0,1409.0,5.0,513.0,255.0,0.0,0.0,0.0,5.0,769.0,255.0,0.0,0.0,0.0,5.0,1025.0,255.0,0.0,0.0,0.0,5.0,1281.0,254.0,0.0,0.0,0.0,2.0,1644167432.0,1644167688.0,4.0,1678835984.0,1678836240.0,1678836496.0,1678836752.0,4.0,1678837008.0,1678837264.0,1678837520.0,1678837776.0,1.0,537198856.0,5.0,417.0,254.0,0.0,0.0,0.0,5.0,449.0,254.0,0.0,0.0,0.0,5.0,481.0,254.0,0.0,0.0,0.0,5.0,673.0,254.0,0.0,0.0,0.0,5.0,705.0,254.0,0.0,0.0,0.0,5.0,737.0,254.0,0.0,0.0,0.0,5.0,929.0,254.0,0.0,0.0,0.0,4.0,1342177544.0,1342177800.0,1342178056.0,1342178312.0,8.0,1342243080.0,1342243336.0,1342243592.0,1342243848.0,1342244104.0,1342244360.0,1342244616.0,1342244872.0,4.0,1342308624.0,1342308880.0,1342309136.0,1342309392.0,4.0,1342374160.0,1342374416.0,1342374672.0,1342374928.0,4.0,1342375184.0,1342375440.0,1342375696.0,1342375952.0,4.0,1342376208.0,1342376464.0,1342376720.0,1342376976.0,8.0,1342439688.0,1342439944.0,1342440200.0,1342440456.0,1342440712.0,1342440968.0,1342441224.0,1342441480.0,4.0,0.0,0.0,0.0,0.0,8.0,17.0,17.0,17.0,17.0,17.0,1.0,1.0,1.0,16.0,100.0,100.0,100.0,100.0,100.0,100.0,100.0,100.0,100.0,100.0,100.0,100.0,100.0,100.0,100.0,100.0,2.0,45.0,45.0,1.0,16.0,4.0,80.0,245.0,1.0,0.0,8.0,0.0,252.0,168.0,168.0,6.0,0.0,85.0,122.0,5.0,144.0,1842.0,3.0,6.0,1.0,12.0,0.0,0.0,0.0,0.0,1525.0,0.0,0.0,0.0,0.0,0.0,0.0,0.0,8.0,44.0,0.0,0.0,0.0,0.0,0.0,0.0,0.0,2.0,0.0,2.0,8.0,0.0,0.0,0.0,0.0,0.0,0.0,0.0,0.0,0.0,0.0,0.0,655761.0,0.0,340444200.0,34044204.0,2.02,129.0,0.0,2000.0,65.0,0.0,0.0,0.0,0.0,0.0,0.0,0.0,1.0,0.0,0.0,0.0,0.0,0.0,0.0,0.0,0.0,0.0,0.0,0.0,0.0,0.0,0.0,0.0,0.0,0.0,0.0,0.0,0.0,0.0,0.0,0.0,0.0,0.0,1.0,0.0,0.0,0.0,0.0,0.0,0.0,0.0,0.0,0.0,0.0,0.0,0.0,0.0,0.0,0.0,0.0,0.0,0.0,0.0,0.0,0.0,0.0,0.0,0.0,0.0,0.0,0.0,0.0,0.0,0.0,0.0,0.0,0.0,0.0,0.0,0.0,0.0,0.0,12.393,1.499,0.0,0.0,0.0,0.0,0.0,0.0,1.0,1.0,0.0,0.0,1500.0,0.0,0.0,0.0,0.0,0.0,0.0,
591,0.0,0.0,0.0,0.0,0.0,0.0,3.0,1.0,1.0,1.0,3.0,1.0,1.0,1.0,4.0,1275.0,3408964.0,131072.0,0.0,2.0,1537.0,1409.0,5.0,513.0,255.0,0.0,0.0,0.0,5.0,769.0,255.0,0.0,0.0,0.0,5.0,1025.0,255.0,0.0,0.0,0.0,5.0,1281.0,254.0,0.0,0.0,0.0,2.0,1644167432.0,1644167688.0,4.0,1678835984.0,1678836240.0,1678836496.0,1678836752.0,4.0,1678837008.0,1678837264.0,1678837520.0,1678837776.0,1.0,537198856.0,5.0,417.0,254.0,0.0,0.0,0.0,5.0,449.0,254.0,0.0,0.0,0.0,5.0,481.0,254.0,0.0,0.0,0.0,5.0,673.0,254.0,0.0,0.0,0.0,5.0,705.0,254.0,0.0,0.0,0.0,5.0,737.0,254.0,0.0,0.0,0.0,5.0,929.0,254.0,0.0,0.0,0.0,4.0,1342177544.0,1342177800.0,1342178056.0,1342178312.0,8.0,1342243080.0,1342243336.0,1342243592.0,1342243848.0,1342244104.0,1342244360.0,1342244616.0,1342244872.0,4.0,1342308624.0,1342308880.0,1342309136.0,1342309392.0,4.0,1342374160.0,1342374416.0,1342374672.0,1342374928.0,4.0,1342375184.0,1342375440.0,1342375696.0,1342375952.0,4.0,1342376208.0,1342376464.0,1342376720.0,1342376976.0,8.0,1342439688.0,1342439944.0,1342440200.0,1342440456.0,1342440712.0,1342440968.0,1342441224.0,1342441480.0,4.0,0.0,0.0,0.0,0.0,8.0,17.0,17.0,17.0,17.0,17.0,1.0,1.0,1.0,16.0,100.0,100.0,100.0,100.0,100.0,100.0,100.0,100.0,100.0,100.0,100.0,100.0,100.0,100.0,100.0,100.0,2.0,45.0,45.0,1.0,16.0,4.0,80.0,245.0,1.0,0.0,8.0,0.0,252.0,168.0,168.0,6.0,0.0,85.0,122.0,5.0,144.0,1842.0,3.0,6.0,1.0,12.0,0.0,0.0,0.0,0.0,2050.0,0.0,0.0,0.0,0.0,0.0,0.0,0.0,8.0,44.0,0.0,0.0,0.0,0.0,0.0,0.0,0.0,2.0,0.0,2.0,8.0,0.0,0.0,0.0,0.0,0.0,0.0,0.0,0.0,0.0,0.0,0.0,655761.0,0.0,340444200.0,34044204.0,2.02,129.0,0.0,2000.0,65.0,0.0,0.0,0.0,0.0,0.0,0.0,0.0,1.0,0.0,0.0,0.0,0.0,0.0,0.0,0.0,0.0,0.0,0.0,0.0,0.0,0.0,0.0,0.0,0.0,0.0,0.0,0.0,0.0,0.0,0.0,0.0,0.0,0.0,1.0,0.0,0.0,0.0,0.0,0.0,0.0,0.0,0.0,0.0,0.0,0.0,0.0,0.0,0.0,0.0,0.0,0.0,0.0,0.0,0.0,0.0,0.0,0.0,0.0,0.0,0.0,0.0,0.0,0.0,0.0,0.0,0.0,0.0,0.0,0.0,0.0,0.0,0.0,11.712,1.999,0.0,0.0,0.0,0.0,0.0,0.0,1.0,1.0,0.0,0.0,2000.0,0.0,0.0,0.0,0.0,0.0,0.0,
592,0.0,0.0,0.0,0.0,0.0,0.0,3.0,1.0,1.0,1.0,3.0,1.0,1.0,1.0,4.0,1275.0,3408964.0,131072.0,0.0,2.0,1537.0,1409.0,5.0,513.0,255.0,0.0,0.0,0.0,5.0,769.0,255.0,0.0,0.0,0.0,5.0,1025.0,255.0,0.0,0.0,0.0,5.0,1281.0,254.0,0.0,0.0,0.0,2.0,1644167432.0,1644167688.0,4.0,1678835984.0,1678836240.0,1678836496.0,1678836752.0,4.0,1678837008.0,1678837264.0,1678837520.0,1678837776.0,1.0,537198856.0,5.0,417.0,254.0,0.0,0.0,0.0,5.0,449.0,254.0,0.0,0.0,0.0,5.0,481.0,254.0,0.0,0.0,0.0,5.0,673.0,254.0,0.0,0.0,0.0,5.0,705.0,254.0,0.0,0.0,0.0,5.0,737.0,254.0,0.0,0.0,0.0,5.0,929.0,254.0,0.0,0.0,0.0,4.0,1342177544.0,1342177800.0,1342178056.0,1342178312.0,8.0,1342243080.0,1342243336.0,1342243592.0,1342243848.0,1342244104.0,1342244360.0,1342244616.0,1342244872.0,4.0,1342308624.0,1342308880.0,1342309136.0,1342309392.0,4.0,1342374160.0,1342374416.0,1342374672.0,1342374928.0,4.0,1342375184.0,1342375440.0,1342375696.0,1342375952.0,4.0,1342376208.0,1342376464.0,1342376720.0,1342376976.0,8.0,1342439688.0,1342439944.0,1342440200.0,1342440456.0,1342440712.0,1342440968.0,1342441224.0,1342441480.0,4.0,0.0,0.0,0.0,0.0,8.0,17.0,17.0,17.0,17.0,17.0,1.0,1.0,1.0,16.0,100.0,100.0,100.0,100.0,100.0,100.0,100.0,100.0,100.0,100.0,100.0,100.0,100.0,100.0,100.0,100.0,2.0,45.0,45.0,1.0,16.0,4.0,80.0,245.0,1.0,0.0,8.0,0.0,252.0,168.0,168.0,6.0,0.0,85.0,122.0,5.0,144.0,1842.0,3.0,6.0,1.0,12.0,0.0,0.0,0.0,0.0,2054.0,0.0,0.0,0.0,0.0,0.0,0.0,0.0,8.0,44.0,0.0,0.0,0.0,0.0,0.0,0.0,0.0,2.0,0.0,2.0,8.0,0.0,0.0,0.0,0.0,0.0,0.0,0.0,0.0,0.0,0.0,0.0,655761.0,0.0,340444200.0,34044204.0,2.02,129.0,0.0,2000.0,65.0,0.0,0.0,0.0,0.0,0.0,0.0,0.0,1.0,0.0,0.0,0.0,0.0,0.0,0.0,0.0,0.0,0.0,0.0,0.0,0.0,0.0,0.0,0.0,0.0,0.0,0.0,0.0,0.0,0.0,0.0,0.0,0.0,0.0,1.0,0.0,0.0,0.0,0.0,0.0,0.0,0.0,0.0,0.0,0.0,0.0,0.0,0.0,0.0,0.0,0.0,0.0,0.0,0.0,0.0,0.0,0.0,0.0,0.0,0.0,0.0,0.0,0.0,0.0,0.0,0.0,0.0,0.0,0.0,0.0,0.0,0.0,0.0,11.712,1.999,0.0,0.0,0.0,0.0,0.0,0.0,1.0,1.0,0.0,0.0,2000.0,0.0,0.0,0.0,0.0,0.0,0.0,
593,0.0,0.0,0.0,0.0,0.0,0.0,3.0,1.0,1.0,1.0,3.0,1.0,1.0,1.0,4.0,1275.0,3408964.0,131072.0,0.0,2.0,1537.0,1409.0,5.0,513.0,255.0,0.0,0.0,0.0,5.0,769.0,255.0,0.0,0.0,0.0,5.0,1025.0,255.0,0.0,0.0,0.0,5.0,1281.0,254.0,0.0,0.0,0.0,2.0,1644167432.0,1644167688.0,4.0,1678835984.0,1678836240.0,1678836496.0,1678836752.0,4.0,1678837008.0,1678837264.0,1678837520.0,1678837776.0,1.0,537198856.0,5.0,417.0,254.0,0.0,0.0,0.0,5.0,449.0,254.0,0.0,0.0,0.0,5.0,481.0,254.0,0.0,0.0,0.0,5.0,673.0,254.0,0.0,0.0,0.0,5.0,705.0,254.0,0.0,0.0,0.0,5.0,737.0,254.0,0.0,0.0,0.0,5.0,929.0,254.0,0.0,0.0,0.0,4.0,1342177544.0,1342177800.0,1342178056.0,1342178312.0,8.0,1342243080.0,1342243336.0,1342243592.0,1342243848.0,1342244104.0,1342244360.0,1342244616.0,1342244872.0,4.0,1342308624.0,1342308880.0,1342309136.0,1342309392.0,4.0,1342374160.0,1342374416.0,1342374672.0,1342374928.0,4.0,1342375184.0,1342375440.0,1342375696.0,1342375952.0,4.0,1342376208.0,1342376464.0,1342376720.0,1342376976.0,8.0,1342439688.0,1342439944.0,1342440200.0,1342440456.0,1342440712.0,1342440968.0,1342441224.0,1342441480.0,4.0,0.0,0.0,0.0,0.0,8.0,17.0,17.0,17.0,17.0,17.0,1.0,1.0,1.0,16.0,100.0,100.0,100.0,100.0,100.0,100.0,100.0,100.0,100.0,100.0,100.0,100.0,100.0,100.0,100.0,100.0,2.0,45.0,45.0,1.0,16.0,4.0,80.0,245.0,1.0,0.0,8.0,0.0,252.0,168.0,168.0,6.0,0.0,85.0,122.0,5.0,144.0,1842.0,3.0,6.0,1.0,12.0,0.0,0.0,0.0,0.0,2054.0,0.0,0.0,0.0,0.0,0.0,0.0,0.0,8.0,44.0,0.0,0.0,0.0,0.0,0.0,0.0,0.0,2.0,0.0,2.0,8.0,0.0,0.0,0.0,0.0,0.0,0.0,0.0,0.0,0.0,0.0,0.0,655761.0,0.0,340444200.0,34044204.0,2.02,129.0,0.0,2000.0,65.0,0.0,0.0,0.0,0.0,0.0,0.0,0.0,1.0,0.0,0.0,0.0,0.0,0.0,0.0,0.0,0.0,0.0,0.0,0.0,0.0,0.0,0.0,0.0,0.0,0.0,0.0,0.0,0.0,0.0,0.0,0.0,0.0,0.0,1.0,0.0,0.0,0.0,0.0,0.0,0.0,0.0,0.0,0.0,0.0,0.0,0.0,0.0,0.0,0.0,0.0,0.0,0.0,0.0,0.0,0.0,0.0,0.0,0.0,0.0,0.0,0.0,0.0,0.0,0.0,0.0,0.0,0.0,0.0,0.0,0.0,0.0,0.0,11.712,1.999,0.0,0.0,0.0,0.0,0.0,0.0,1.0,1.0,0.0,0.0,2000.0,0.0,0.0,0.0,0.0,0.0,0.0,
598,0.0,0.0,0.0,0.0,0.0,0.0,3.0,1.0,1.0,1.0,3.0,1.0,1.0,1.0,4.0,1275.0,3408964.0,131072.0,0.0,2.0,1537.0,1409.0,5.0,513.0,255.0,0.0,0.0,0.0,5.0,769.0,255.0,0.0,0.0,0.0,5.0,1025.0,255.0,0.0,0.0,0.0,5.0,1281.0,254.0,0.0,0.0,0.0,2.0,1644167432.0,1644167688.0,4.0,1678835984.0,1678836240.0,1678836496.0,1678836752.0,4.0,1678837008.0,1678837264.0,1678837520.0,1678837776.0,1.0,537198856.0,5.0,417.0,254.0,0.0,0.0,0.0,5.0,449.0,254.0,0.0,0.0,0.0,5.0,481.0,254.0,0.0,0.0,0.0,5.0,673.0,254.0,0.0,0.0,0.0,5.0,705.0,254.0,0.0,0.0,0.0,5.0,737.0,254.0,0.0,0.0,0.0,5.0,929.0,254.0,0.0,0.0,0.0,4.0,1342177544.0,1342177800.0,1342178056.0,1342178312.0,8.0,1342243080.0,1342243336.0,1342243592.0,1342243848.0,1342244104.0,1342244360.0,1342244616.0,1342244872.0,4.0,1342308624.0,1342308880.0,1342309136.0,1342309392.0,4.0,1342374160.0,1342374416.0,1342374672.0,1342374928.0,4.0,1342375184.0,1342375440.0,1342375696.0,1342375952.0,4.0,1342376208.0,1342376464.0,1342376720.0,1342376976.0,8.0,1342439688.0,1342439944.0,1342440200.0,1342440456.0,1342440712.0,1342440968.0,1342441224.0,1342441480.0,4.0,0.0,0.0,0.0,0.0,8.0,17.0,17.0,17.0,17.0,17.0,1.0,1.0,1.0,16.0,100.0,100.0,100.0,100.0,100.0,100.0,100.0,100.0,100.0,100.0,100.0,100.0,100.0,100.0,100.0,100.0,2.0,45.0,45.0,1.0,16.0,4.0,80.0,245.0,1.0,0.0,8.0,0.0,252.0,168.0,168.0,6.0,0.0,85.0,122.0,5.0,143.0,1842.0,3.0,6.0,1.0,12.0,0.0,0.0,0.0,0.0,2576.0,0.0,0.0,0.0,0.0,0.0,0.0,0.0,8.0,44.0,0.0,0.0,0.0,0.0,0.0,0.0,0.0,2.0,0.0,2.0,8.0,0.0,0.0,0.0,0.0,0.0,0.0,0.0,0.0,0.0,0.0,0.0,655761.0,0.0,340444200.0,34044204.0,2.02,129.0,0.0,2000.0,65.0,0.0,0.0,0.0,0.0,0.0,0.0,0.0,1.0,0.0,0.0,0.0,0.0,0.0,0.0,0.0,0.0,0.0,0.0,0.0,0.0,0.0,0.0,0.0,0.0,0.0,0.0,0.0,0.0,0.0,0.0,0.0,0.0,0.0,1.0,0.0,0.0,0.0,0.0,0.0,0.0,0.0,0.0,0.0,0.0,0.0,0.0,0.0,0.0,0.0,0.0,0.0,0.0,0.0,0.0,0.0,0.0,0.0,0.0,0.0,0.0,0.0,0.0,0.0,0.0,0.0,0.0,0.0,0.0,0.0,0.0,0.0,0.0,11.03,2.499,0.0,0.0,0.0,0.0,0.0,0.0,1.0,1.0,0.0,0.0,2500.0,0.0,0.0,0.0,0.0,0.0,0.0,
599,0.0,0.0,0.0,0.0,0.0,0.0,3.0,1.0,1.0,1.0,3.0,1.0,1.0,1.0,4.0,1275.0,3408964.0,131072.0,0.0,2.0,1537.0,1409.0,5.0,513.0,255.0,0.0,0.0,0.0,5.0,769.0,255.0,0.0,0.0,0.0,5.0,1025.0,255.0,0.0,0.0,0.0,5.0,1281.0,254.0,0.0,0.0,0.0,2.0,1644167432.0,1644167688.0,4.0,1678835984.0,1678836240.0,1678836496.0,1678836752.0,4.0,1678837008.0,1678837264.0,1678837520.0,1678837776.0,1.0,537198856.0,5.0,417.0,254.0,0.0,0.0,0.0,5.0,449.0,254.0,0.0,0.0,0.0,5.0,481.0,254.0,0.0,0.0,0.0,5.0,673.0,254.0,0.0,0.0,0.0,5.0,705.0,254.0,0.0,0.0,0.0,5.0,737.0,254.0,0.0,0.0,0.0,5.0,929.0,254.0,0.0,0.0,0.0,4.0,1342177544.0,1342177800.0,1342178056.0,1342178312.0,8.0,1342243080.0,1342243336.0,1342243592.0,1342243848.0,1342244104.0,1342244360.0,1342244616.0,1342244872.0,4.0,1342308624.0,1342308880.0,1342309136.0,1342309392.0,4.0,1342374160.0,1342374416.0,1342374672.0,1342374928.0,4.0,1342375184.0,1342375440.0,1342375696.0,1342375952.0,4.0,1342376208.0,1342376464.0,1342376720.0,1342376976.0,8.0,1342439688.0,1342439944.0,1342440200.0,1342440456.0,1342440712.0,1342440968.0,1342441224.0,1342441480.0,4.0,0.0,0.0,0.0,0.0,8.0,17.0,17.0,17.0,17.0,17.0,1.0,1.0,1.0,16.0,100.0,100.0,100.0,100.0,100.0,100.0,100.0,100.0,100.0,100.0,100.0,100.0,100.0,100.0,100.0,100.0,2.0,45.0,45.0,1.0,16.0,4.0,80.0,245.0,1.0,0.0,8.0,0.0,252.0,168.0,168.0,6.0,0.0,85.0,122.0,5.0,143.0,1842.0,3.0,6.0,1.0,12.0,0.0,0.0,0.0,0.0,2580.0,0.0,0.0,0.0,0.0,0.0,0.0,0.0,8.0,44.0,0.0,0.0,0.0,0.0,0.0,0.0,0.0,2.0,0.0,2.0,8.0,0.0,0.0,0.0,0.0,0.0,0.0,0.0,0.0,0.0,0.0,0.0,655761.0,0.0,340444200.0,34044204.0,2.02,129.0,0.0,2000.0,65.0,0.0,0.0,0.0,0.0,0.0,0.0,0.0,1.0,0.0,0.0,0.0,0.0,0.0,0.0,0.0,0.0,0.0,0.0,0.0,0.0,0.0,0.0,0.0,0.0,0.0,0.0,0.0,0.0,0.0,0.0,0.0,0.0,0.0,1.0,0.0,0.0,0.0,0.0,0.0,0.0,0.0,0.0,0.0,0.0,0.0,0.0,0.0,0.0,0.0,0.0,0.0,0.0,0.0,0.0,0.0,0.0,0.0,0.0,0.0,0.0,0.0,0.0,0.0,0.0,0.0,0.0,0.0,0.0,0.0,0.0,0.0,0.0,11.028,2.499,0.0,0.0,0.0,0.0,0.0,0.0,1.0,1.0,0.0,0.0,2500.0,0.0,0.0,0.0,0.0,0.0,0.0,
600,0.0,0.0,0.0,0.0,0.0,0.0,3.0,1.0,1.0,1.0,3.0,1.0,1.0,1.0,4.0,1275.0,3408964.0,131072.0,0.0,2.0,1537.0,1409.0,5.0,513.0,255.0,0.0,0.0,0.0,5.0,769.0,255.0,0.0,0.0,0.0,5.0,1025.0,255.0,0.0,0.0,0.0,5.0,1281.0,254.0,0.0,0.0,0.0,2.0,1644167432.0,1644167688.0,4.0,1678835984.0,1678836240.0,1678836496.0,1678836752.0,4.0,1678837008.0,1678837264.0,1678837520.0,1678837776.0,1.0,537198856.0,5.0,417.0,254.0,0.0,0.0,0.0,5.0,449.0,254.0,0.0,0.0,0.0,5.0,481.0,254.0,0.0,0.0,0.0,5.0,673.0,254.0,0.0,0.0,0.0,5.0,705.0,254.0,0.0,0.0,0.0,5.0,737.0,254.0,0.0,0.0,0.0,5.0,929.0,254.0,0.0,0.0,0.0,4.0,1342177544.0,1342177800.0,1342178056.0,1342178312.0,8.0,1342243080.0,1342243336.0,1342243592.0,1342243848.0,1342244104.0,1342244360.0,1342244616.0,1342244872.0,4.0,1342308624.0,1342308880.0,1342309136.0,1342309392.0,4.0,1342374160.0,1342374416.0,1342374672.0,1342374928.0,4.0,1342375184.0,1342375440.0,1342375696.0,1342375952.0,4.0,1342376208.0,1342376464.0,1342376720.0,1342376976.0,8.0,1342439688.0,1342439944.0,1342440200.0,1342440456.0,1342440712.0,1342440968.0,1342441224.0,1342441480.0,4.0,0.0,0.0,0.0,0.0,8.0,17.0,17.0,17.0,17.0,17.0,1.0,1.0,1.0,16.0,100.0,100.0,100.0,100.0,100.0,100.0,100.0,100.0,100.0,100.0,100.0,100.0,100.0,100.0,100.0,100.0,2.0,45.0,45.0,1.0,16.0,4.0,80.0,245.0,1.0,0.0,8.0,0.0,252.0,168.0,168.0,6.0,0.0,85.0,122.0,5.0,143.0,1842.0,3.0,6.0,1.0,12.0,0.0,0.0,0.0,0.0,2580.0,0.0,0.0,0.0,0.0,0.0,0.0,0.0,8.0,44.0,0.0,0.0,0.0,0.0,0.0,0.0,0.0,2.0,0.0,2.0,8.0,0.0,0.0,0.0,0.0,0.0,0.0,0.0,0.0,0.0,0.0,0.0,655761.0,0.0,340444200.0,34044204.0,2.02,129.0,0.0,2000.0,65.0,0.0,0.0,0.0,0.0,0.0,0.0,0.0,1.0,0.0,0.0,0.0,0.0,0.0,0.0,0.0,0.0,0.0,0.0,0.0,0.0,0.0,0.0,0.0,0.0,0.0,0.0,0.0,0.0,0.0,0.0,0.0,0.0,0.0,1.0,0.0,0.0,0.0,0.0,0.0,0.0,0.0,0.0,0.0,0.0,0.0,0.0,0.0,0.0,0.0,0.0,0.0,0.0,0.0,0.0,0.0,0.0,0.0,0.0,0.0,0.0,0.0,0.0,0.0,0.0,0.0,0.0,0.0,0.0,0.0,0.0,0.0,0.0,11.028,2.499,0.0,0.0,0.0,0.0,0.0,0.0,1.0,1.0,0.0,0.0,2500.0,0.0,0.0,0.0,0.0,0.0,0.0,
605,0.0,0.0,0.0,0.0,0.0,0.0,3.0,1.0,1.0,1.0,3.0,1.0,1.0,1.0,4.0,1275.0,3408964.0,131072.0,0.0,2.0,1537.0,1409.0,5.0,513.0,255.0,0.0,0.0,0.0,5.0,769.0,255.0,0.0,0.0,0.0,5.0,1025.0,255.0,0.0,0.0,0.0,5.0,1281.0,254.0,0.0,0.0,0.0,2.0,1644167432.0,1644167688.0,4.0,1678835984.0,1678836240.0,1678836496.0,1678836752.0,4.0,1678837008.0,1678837264.0,1678837520.0,1678837776.0,1.0,537198856.0,5.0,417.0,254.0,0.0,0.0,0.0,5.0,449.0,254.0,0.0,0.0,0.0,5.0,481.0,254.0,0.0,0.0,0.0,5.0,673.0,254.0,0.0,0.0,0.0,5.0,705.0,254.0,0.0,0.0,0.0,5.0,737.0,254.0,0.0,0.0,0.0,5.0,929.0,254.0,0.0,0.0,0.0,4.0,1342177544.0,1342177800.0,1342178056.0,1342178312.0,8.0,1342243080.0,1342243336.0,1342243592.0,1342243848.0,1342244104.0,1342244360.0,1342244616.0,1342244872.0,4.0,1342308624.0,1342308880.0,1342309136.0,1342309392.0,4.0,1342374160.0,1342374416.0,1342374672.0,1342374928.0,4.0,1342375184.0,1342375440.0,1342375696.0,1342375952.0,4.0,1342376208.0,1342376464.0,1342376720.0,1342376976.0,8.0,1342439688.0,1342439944.0,1342440200.0,1342440456.0,1342440712.0,1342440968.0,1342441224.0,1342441480.0,4.0,0.0,0.0,0.0,0.0,8.0,17.0,17.0,17.0,17.0,17.0,1.0,1.0,1.0,16.0,100.0,100.0,100.0,100.0,100.0,100.0,100.0,100.0,100.0,100.0,100.0,100.0,100.0,100.0,100.0,100.0,2.0,45.0,45.0,1.0,16.0,4.0,80.0,245.0,1.0,0.0,8.0,0.0,252.0,168.0,168.0,6.0,0.0,85.0,122.0,5.0,143.0,1837.0,3.0,6.0,1.0,12.0,0.0,0.0,0.0,0.0,3097.0,0.0,0.0,0.0,0.0,0.0,0.0,0.0,8.0,44.0,0.0,0.0,0.0,0.0,0.0,0.0,0.0,2.0,0.0,2.0,8.0,0.0,0.0,0.0,0.0,0.0,0.0,0.0,0.0,0.0,0.0,0.0,655761.0,0.0,340444200.0,34044204.0,2.02,129.0,0.0,2000.0,65.0,0.0,0.0,0.0,0.0,0.0,0.0,0.0,1.0,0.0,0.0,0.0,0.0,0.0,0.0,0.0,0.0,0.0,0.0,0.0,0.0,0.0,0.0,0.0,0.0,0.0,0.0,0.0,0.0,0.0,0.0,0.0,0.0,0.0,1.0,0.0,0.0,0.0,0.0,0.0,0.0,0.0,0.0,0.0,0.0,0.0,0.0,0.0,0.0,0.0,0.0,0.0,0.0,0.0,0.0,0.0,0.0,0.0,0.0,0.0,0.0,0.0,0.0,0.0,0.0,0.0,0.0,0.0,0.0,0.0,0.0,0.0,0.0,10.36,2.999,0.0,0.0,0.0,0.0,0.0,0.0,1.0,1.0,0.0,0.0,3000.0,0.0,0.0,0.0,0.0,0.0,0.0,
606,0.0,0.0,0.0,0.0,0.0,0.0,3.0,1.0,1.0,1.0,3.0,1.0,1.0,1.0,4.0,1275.0,3408964.0,131072.0,0.0,2.0,1537.0,1409.0,5.0,513.0,255.0,0.0,0.0,0.0,5.0,769.0,255.0,0.0,0.0,0.0,5.0,1025.0,255.0,0.0,0.0,0.0,5.0,1281.0,254.0,0.0,0.0,0.0,2.0,1644167432.0,1644167688.0,4.0,1678835984.0,1678836240.0,1678836496.0,1678836752.0,4.0,1678837008.0,1678837264.0,1678837520.0,1678837776.0,1.0,537198856.0,5.0,417.0,254.0,0.0,0.0,0.0,5.0,449.0,254.0,0.0,0.0,0.0,5.0,481.0,254.0,0.0,0.0,0.0,5.0,673.0,254.0,0.0,0.0,0.0,5.0,705.0,254.0,0.0,0.0,0.0,5.0,737.0,254.0,0.0,0.0,0.0,5.0,929.0,254.0,0.0,0.0,0.0,4.0,1342177544.0,1342177800.0,1342178056.0,1342178312.0,8.0,1342243080.0,1342243336.0,1342243592.0,1342243848.0,1342244104.0,1342244360.0,1342244616.0,1342244872.0,4.0,1342308624.0,1342308880.0,1342309136.0,1342309392.0,4.0,1342374160.0,1342374416.0,1342374672.0,1342374928.0,4.0,1342375184.0,1342375440.0,1342375696.0,1342375952.0,4.0,1342376208.0,1342376464.0,1342376720.0,1342376976.0,8.0,1342439688.0,1342439944.0,1342440200.0,1342440456.0,1342440712.0,1342440968.0,1342441224.0,1342441480.0,4.0,0.0,0.0,0.0,0.0,8.0,17.0,17.0,17.0,17.0,17.0,1.0,1.0,1.0,16.0,100.0,100.0,100.0,100.0,100.0,100.0,100.0,100.0,100.0,100.0,100.0,100.0,100.0,100.0,100.0,100.0,2.0,45.0,45.0,1.0,16.0,4.0,80.0,245.0,1.0,0.0,8.0,0.0,252.0,168.0,168.0,6.0,0.0,85.0,122.0,5.0,143.0,1842.0,3.0,6.0,1.0,12.0,0.0,0.0,0.0,0.0,3101.0,0.0,0.0,0.0,0.0,0.0,0.0,0.0,8.0,44.0,0.0,0.0,0.0,0.0,0.0,0.0,0.0,2.0,0.0,2.0,8.0,0.0,0.0,0.0,0.0,0.0,0.0,0.0,0.0,0.0,0.0,0.0,655761.0,0.0,340444200.0,34044204.0,2.02,129.0,0.0,2000.0,65.0,0.0,0.0,0.0,0.0,0.0,0.0,0.0,1.0,0.0,0.0,0.0,0.0,0.0,0.0,0.0,0.0,0.0,0.0,0.0,0.0,0.0,0.0,0.0,0.0,0.0,0.0,0.0,0.0,0.0,0.0,0.0,0.0,0.0,1.0,0.0,0.0,0.0,0.0,0.0,0.0,0.0,0.0,0.0,0.0,0.0,0.0,0.0,0.0,0.0,0.0,0.0,0.0,0.0,0.0,0.0,0.0,0.0,0.0,0.0,0.0,0.0,0.0,0.0,0.0,0.0,0.0,0.0,0.0,0.0,0.0,0.0,0.0,10.359,2.999,0.0,0.0,0.0,0.0,0.0,0.0,1.0,1.0,0.0,0.0,3000.0,0.0,0.0,0.0,0.0,0.0,0.0,
607,0.0,0.0,0.0,0.0,0.0,0.0,3.0,1.0,1.0,1.0,3.0,1.0,1.0,1.0,4.0,1275.0,3408964.0,131072.0,0.0,2.0,1537.0,1409.0,5.0,513.0,255.0,0.0,0.0,0.0,5.0,769.0,255.0,0.0,0.0,0.0,5.0,1025.0,255.0,0.0,0.0,0.0,5.0,1281.0,254.0,0.0,0.0,0.0,2.0,1644167432.0,1644167688.0,4.0,1678835984.0,1678836240.0,1678836496.0,1678836752.0,4.0,1678837008.0,1678837264.0,1678837520.0,1678837776.0,1.0,537198856.0,5.0,417.0,254.0,0.0,0.0,0.0,5.0,449.0,254.0,0.0,0.0,0.0,5.0,481.0,254.0,0.0,0.0,0.0,5.0,673.0,254.0,0.0,0.0,0.0,5.0,705.0,254.0,0.0,0.0,0.0,5.0,737.0,254.0,0.0,0.0,0.0,5.0,929.0,254.0,0.0,0.0,0.0,4.0,1342177544.0,1342177800.0,1342178056.0,1342178312.0,8.0,1342243080.0,1342243336.0,1342243592.0,1342243848.0,1342244104.0,1342244360.0,1342244616.0,1342244872.0,4.0,1342308624.0,1342308880.0,1342309136.0,1342309392.0,4.0,1342374160.0,1342374416.0,1342374672.0,1342374928.0,4.0,1342375184.0,1342375440.0,1342375696.0,1342375952.0,4.0,1342376208.0,1342376464.0,1342376720.0,1342376976.0,8.0,1342439688.0,1342439944.0,1342440200.0,1342440456.0,1342440712.0,1342440968.0,1342441224.0,1342441480.0,4.0,0.0,0.0,0.0,0.0,8.0,17.0,17.0,17.0,17.0,17.0,1.0,1.0,1.0,16.0,100.0,100.0,100.0,100.0,100.0,100.0,100.0,100.0,100.0,100.0,100.0,100.0,100.0,100.0,100.0,100.0,2.0,45.0,45.0,1.0,16.0,4.0,80.0,245.0,1.0,0.0,8.0,0.0,252.0,168.0,168.0,6.0,0.0,85.0,122.0,5.0,143.0,1842.0,3.0,6.0,1.0,12.0,0.0,0.0,0.0,0.0,3101.0,0.0,0.0,0.0,0.0,0.0,0.0,0.0,8.0,44.0,0.0,0.0,0.0,0.0,0.0,0.0,0.0,2.0,0.0,2.0,8.0,0.0,0.0,0.0,0.0,0.0,0.0,0.0,0.0,0.0,0.0,0.0,655761.0,0.0,340444200.0,34044204.0,2.02,129.0,0.0,2000.0,65.0,0.0,0.0,0.0,0.0,0.0,0.0,0.0,1.0,0.0,0.0,0.0,0.0,0.0,0.0,0.0,0.0,0.0,0.0,0.0,0.0,0.0,0.0,0.0,0.0,0.0,0.0,0.0,0.0,0.0,0.0,0.0,0.0,0.0,1.0,0.0,0.0,0.0,0.0,0.0,0.0,0.0,0.0,0.0,0.0,0.0,0.0,0.0,0.0,0.0,0.0,0.0,0.0,0.0,0.0,0.0,0.0,0.0,0.0,0.0,0.0,0.0,0.0,0.0,0.0,0.0,0.0,0.0,0.0,0.0,0.0,0.0,0.0,10.358,2.999,0.0,0.0,0.0,0.0,0.0,0.0,1.0,1.0,0.0,0.0,3000.0,0.0,0.0,0.0,0.0,0.0,0.0,
612,0.0,0.0,0.0,0.0,0.0,0.0,3.0,1.0,1.0,1.0,3.0,1.0,1.0,1.0,4.0,1275.0,3408964.0,131072.0,0.0,2.0,1537.0,1409.0,5.0,513.0,255.0,0.0,0.0,0.0,5.0,769.0,255.0,0.0,0.0,0.0,5.0,1025.0,255.0,0.0,0.0,0.0,5.0,1281.0,254.0,0.0,0.0,0.0,2.0,1644167432.0,1644167688.0,4.0,1678835984.0,1678836240.0,1678836496.0,1678836752.0,4.0,1678837008.0,1678837264.0,1678837520.0,1678837776.0,1.0,537198856.0,5.0,417.0,254.0,0.0,0.0,0.0,5.0,449.0,254.0,0.0,0.0,0.0,5.0,481.0,254.0,0.0,0.0,0.0,5.0,673.0,254.0,0.0,0.0,0.0,5.0,705.0,254.0,0.0,0.0,0.0,5.0,737.0,254.0,0.0,0.0,0.0,5.0,929.0,254.0,0.0,0.0,0.0,4.0,1342177544.0,1342177800.0,1342178056.0,1342178312.0,8.0,1342243080.0,1342243336.0,1342243592.0,1342243848.0,1342244104.0,1342244360.0,1342244616.0,1342244872.0,4.0,1342308624.0,1342308880.0,1342309136.0,1342309392.0,4.0,1342374160.0,1342374416.0,1342374672.0,1342374928.0,4.0,1342375184.0,1342375440.0,1342375696.0,1342375952.0,4.0,1342376208.0,1342376464.0,1342376720.0,1342376976.0,8.0,1342439688.0,1342439944.0,1342440200.0,1342440456.0,1342440712.0,1342440968.0,1342441224.0,1342441480.0,4.0,0.0,0.0,0.0,0.0,8.0,17.0,17.0,17.0,17.0,17.0,1.0,1.0,1.0,16.0,100.0,100.0,100.0,100.0,100.0,100.0,100.0,100.0,100.0,100.0,100.0,100.0,100.0,100.0,100.0,100.0,2.0,45.0,45.0,1.0,16.0,4.0,80.0,245.0,1.0,0.0,8.0,0.0,252.0,168.0,168.0,6.0,0.0,85.0,122.0,5.0,143.0,1837.0,3.0,6.0,1.0,12.0,0.0,0.0,0.0,0.0,3623.0,0.0,0.0,0.0,0.0,0.0,0.0,0.0,8.0,44.0,0.0,0.0,0.0,0.0,0.0,0.0,0.0,2.0,0.0,2.0,8.0,0.0,0.0,0.0,0.0,0.0,0.0,0.0,0.0,0.0,0.0,0.0,655761.0,0.0,340444200.0,34044204.0,2.02,129.0,0.0,2000.0,65.0,0.0,0.0,0.0,0.0,0.0,0.0,0.0,1.0,0.0,0.0,0.0,0.0,0.0,0.0,0.0,0.0,0.0,0.0,0.0,0.0,0.0,0.0,0.0,0.0,0.0,0.0,0.0,0.0,0.0,0.0,0.0,0.0,0.0,1.0,0.0,0.0,0.0,0.0,0.0,0.0,0.0,0.0,0.0,0.0,0.0,0.0,0.0,0.0,0.0,0.0,0.0,0.0,0.0,0.0,0.0,0.0,0.0,0.0,0.0,0.0,0.0,0.0,0.0,0.0,0.0,0.0,0.0,0.0,0.0,0.0,0.0,0.0,9.683,3.499,0.0,0.0,0.0,0.0,0.0,0.0,1.0,1.0,0.0,0.0,3500.0,0.0,0.0,0.0,0.0,0.0,0.0,
613,0.0,0.0,0.0,0.0,0.0,0.0,3.0,1.0,1.0,1.0,3.0,1.0,1.0,1.0,4.0,1275.0,3408964.0,131072.0,0.0,2.0,1537.0,1409.0,5.0,513.0,255.0,0.0,0.0,0.0,5.0,769.0,255.0,0.0,0.0,0.0,5.0,1025.0,255.0,0.0,0.0,0.0,5.0,1281.0,254.0,0.0,0.0,0.0,2.0,1644167432.0,1644167688.0,4.0,1678835984.0,1678836240.0,1678836496.0,1678836752.0,4.0,1678837008.0,1678837264.0,1678837520.0,1678837776.0,1.0,537198856.0,5.0,417.0,254.0,0.0,0.0,0.0,5.0,449.0,254.0,0.0,0.0,0.0,5.0,481.0,254.0,0.0,0.0,0.0,5.0,673.0,254.0,0.0,0.0,0.0,5.0,705.0,254.0,0.0,0.0,0.0,5.0,737.0,254.0,0.0,0.0,0.0,5.0,929.0,254.0,0.0,0.0,0.0,4.0,1342177544.0,1342177800.0,1342178056.0,1342178312.0,8.0,1342243080.0,1342243336.0,1342243592.0,1342243848.0,1342244104.0,1342244360.0,1342244616.0,1342244872.0,4.0,1342308624.0,1342308880.0,1342309136.0,1342309392.0,4.0,1342374160.0,1342374416.0,1342374672.0,1342374928.0,4.0,1342375184.0,1342375440.0,1342375696.0,1342375952.0,4.0,1342376208.0,1342376464.0,1342376720.0,1342376976.0,8.0,1342439688.0,1342439944.0,1342440200.0,1342440456.0,1342440712.0,1342440968.0,1342441224.0,1342441480.0,4.0,0.0,0.0,0.0,0.0,8.0,17.0,17.0,17.0,17.0,17.0,1.0,1.0,1.0,16.0,100.0,100.0,100.0,100.0,100.0,100.0,100.0,100.0,100.0,100.0,100.0,100.0,100.0,100.0,100.0,100.0,2.0,45.0,45.0,1.0,16.0,4.0,80.0,245.0,1.0,0.0,8.0,0.0,252.0,168.0,168.0,6.0,0.0,85.0,122.0,5.0,143.0,1842.0,3.0,6.0,1.0,12.0,0.0,0.0,0.0,0.0,3623.0,0.0,0.0,0.0,0.0,0.0,0.0,0.0,8.0,44.0,0.0,0.0,0.0,0.0,0.0,0.0,0.0,2.0,0.0,2.0,8.0,0.0,0.0,0.0,0.0,0.0,0.0,0.0,0.0,0.0,0.0,0.0,655761.0,0.0,340444200.0,34044204.0,2.02,129.0,0.0,2000.0,65.0,0.0,0.0,0.0,0.0,0.0,0.0,0.0,1.0,0.0,0.0,0.0,0.0,0.0,0.0,0.0,0.0,0.0,0.0,0.0,0.0,0.0,0.0,0.0,0.0,0.0,0.0,0.0,0.0,0.0,0.0,0.0,0.0,0.0,1.0,0.0,0.0,0.0,0.0,0.0,0.0,0.0,0.0,0.0,0.0,0.0,0.0,0.0,0.0,0.0,0.0,0.0,0.0,0.0,0.0,0.0,0.0,0.0,0.0,0.0,0.0,0.0,0.0,0.0,0.0,0.0,0.0,0.0,0.0,0.0,0.0,0.0,0.0,9.681,3.499,0.0,0.0,0.0,0.0,0.0,0.0,1.0,1.0,0.0,0.0,3500.0,0.0,0.0,0.0,0.0,0.0,0.0,
614,0.0,0.0,0.0,0.0,0.0,0.0,3.0,1.0,1.0,1.0,3.0,1.0,1.0,1.0,4.0,1275.0,3408964.0,131072.0,0.0,2.0,1537.0,1409.0,5.0,513.0,255.0,0.0,0.0,0.0,5.0,769.0,255.0,0.0,0.0,0.0,5.0,1025.0,255.0,0.0,0.0,0.0,5.0,1281.0,254.0,0.0,0.0,0.0,2.0,1644167432.0,1644167688.0,4.0,1678835984.0,1678836240.0,1678836496.0,1678836752.0,4.0,1678837008.0,1678837264.0,1678837520.0,1678837776.0,1.0,537198856.0,5.0,417.0,254.0,0.0,0.0,0.0,5.0,449.0,254.0,0.0,0.0,0.0,5.0,481.0,254.0,0.0,0.0,0.0,5.0,673.0,254.0,0.0,0.0,0.0,5.0,705.0,254.0,0.0,0.0,0.0,5.0,737.0,254.0,0.0,0.0,0.0,5.0,929.0,254.0,0.0,0.0,0.0,4.0,1342177544.0,1342177800.0,1342178056.0,1342178312.0,8.0,1342243080.0,1342243336.0,1342243592.0,1342243848.0,1342244104.0,1342244360.0,1342244616.0,1342244872.0,4.0,1342308624.0,1342308880.0,1342309136.0,1342309392.0,4.0,1342374160.0,1342374416.0,1342374672.0,1342374928.0,4.0,1342375184.0,1342375440.0,1342375696.0,1342375952.0,4.0,1342376208.0,1342376464.0,1342376720.0,1342376976.0,8.0,1342439688.0,1342439944.0,1342440200.0,1342440456.0,1342440712.0,1342440968.0,1342441224.0,1342441480.0,4.0,0.0,0.0,0.0,0.0,8.0,17.0,17.0,17.0,17.0,17.0,1.0,1.0,1.0,16.0,100.0,100.0,100.0,100.0,100.0,100.0,100.0,100.0,100.0,100.0,100.0,100.0,100.0,100.0,100.0,100.0,2.0,45.0,45.0,1.0,16.0,4.0,80.0,245.0,1.0,0.0,8.0,0.0,252.0,168.0,168.0,6.0,0.0,85.0,122.0,5.0,143.0,1842.0,3.0,6.0,1.0,12.0,0.0,0.0,0.0,0.0,3623.0,0.0,0.0,0.0,0.0,0.0,0.0,0.0,8.0,44.0,0.0,0.0,0.0,0.0,0.0,0.0,0.0,2.0,0.0,2.0,8.0,0.0,0.0,0.0,0.0,0.0,0.0,0.0,0.0,0.0,0.0,0.0,655761.0,0.0,340444200.0,34044204.0,2.02,129.0,0.0,2000.0,65.0,0.0,0.0,0.0,0.0,0.0,0.0,0.0,1.0,0.0,0.0,0.0,0.0,0.0,0.0,0.0,0.0,0.0,0.0,0.0,0.0,0.0,0.0,0.0,0.0,0.0,0.0,0.0,0.0,0.0,0.0,0.0,0.0,0.0,1.0,0.0,0.0,0.0,0.0,0.0,0.0,0.0,0.0,0.0,0.0,0.0,0.0,0.0,0.0,0.0,0.0,0.0,0.0,0.0,0.0,0.0,0.0,0.0,0.0,0.0,0.0,0.0,0.0,0.0,0.0,0.0,0.0,0.0,0.0,0.0,0.0,0.0,0.0,9.681,3.499,0.0,0.0,0.0,0.0,0.0,0.0,1.0,1.0,0.0,0.0,3500.0,0.0,0.0,0.0,0.0,0.0,0.0,
619,0.0,0.0,0.0,0.0,0.0,0.0,3.0,1.0,1.0,1.0,3.0,1.0,1.0,1.0,4.0,1275.0,3408964.0,131072.0,0.0,2.0,1537.0,1409.0,5.0,513.0,255.0,0.0,0.0,0.0,5.0,769.0,255.0,0.0,0.0,0.0,5.0,1025.0,255.0,0.0,0.0,0.0,5.0,1281.0,254.0,0.0,0.0,0.0,2.0,1644167432.0,1644167688.0,4.0,1678835984.0,1678836240.0,1678836496.0,1678836752.0,4.0,1678837008.0,1678837264.0,1678837520.0,1678837776.0,1.0,537198856.0,5.0,417.0,254.0,0.0,0.0,0.0,5.0,449.0,254.0,0.0,0.0,0.0,5.0,481.0,254.0,0.0,0.0,0.0,5.0,673.0,254.0,0.0,0.0,0.0,5.0,705.0,254.0,0.0,0.0,0.0,5.0,737.0,254.0,0.0,0.0,0.0,5.0,929.0,254.0,0.0,0.0,0.0,4.0,1342177544.0,1342177800.0,1342178056.0,1342178312.0,8.0,1342243080.0,1342243336.0,1342243592.0,1342243848.0,1342244104.0,1342244360.0,1342244616.0,1342244872.0,4.0,1342308624.0,1342308880.0,1342309136.0,1342309392.0,4.0,1342374160.0,1342374416.0,1342374672.0,1342374928.0,4.0,1342375184.0,1342375440.0,1342375696.0,1342375952.0,4.0,1342376208.0,1342376464.0,1342376720.0,1342376976.0,8.0,1342439688.0,1342439944.0,1342440200.0,1342440456.0,1342440712.0,1342440968.0,1342441224.0,1342441480.0,4.0,0.0,0.0,0.0,0.0,8.0,17.0,17.0,17.0,17.0,17.0,1.0,1.0,1.0,16.0,100.0,100.0,100.0,100.0,100.0,100.0,100.0,100.0,100.0,100.0,100.0,100.0,100.0,100.0,100.0,100.0,2.0,45.0,45.0,1.0,16.0,4.0,80.0,245.0,1.0,0.0,8.0,0.0,252.0,168.0,168.0,6.0,0.0,85.0,122.0,5.0,142.0,1842.0,3.0,6.0,1.0,12.0,0.0,0.0,0.0,0.0,4149.0,0.0,0.0,0.0,0.0,0.0,0.0,0.0,8.0,44.0,0.0,0.0,0.0,0.0,0.0,0.0,0.0,2.0,0.0,2.0,8.0,0.0,0.0,0.0,0.0,0.0,0.0,0.0,0.0,0.0,0.0,0.0,655761.0,0.0,340444200.0,34044204.0,2.02,129.0,0.0,2000.0,65.0,0.0,0.0,0.0,0.0,0.0,0.0,0.0,1.0,0.0,0.0,0.0,0.0,0.0,0.0,0.0,0.0,0.0,0.0,0.0,0.0,0.0,0.0,0.0,0.0,0.0,0.0,0.0,0.0,0.0,0.0,0.0,0.0,0.0,1.0,0.0,0.0,0.0,0.0,0.0,0.0,0.0,0.0,0.0,0.0,0.0,0.0,0.0,0.0,0.0,0.0,0.0,0.0,0.0,0.0,0.0,0.0,0.0,0.0,0.0,0.0,0.0,0.0,0.0,0.0,0.0,0.0,0.0,0.0,0.0,0.0,0.0,0.0,9.007,4.001,0.0,0.0,0.0,0.0,0.0,0.0,1.0,1.0,0.0,0.0,4000.0,0.0,0.0,0.0,0.0,0.0,0.0,
620,0.0,0.0,0.0,0.0,0.0,0.0,3.0,1.0,1.0,1.0,3.0,1.0,1.0,1.0,4.0,1275.0,3408964.0,131072.0,0.0,2.0,1537.0,1409.0,5.0,513.0,255.0,0.0,0.0,0.0,5.0,769.0,255.0,0.0,0.0,0.0,5.0,1025.0,255.0,0.0,0.0,0.0,5.0,1281.0,254.0,0.0,0.0,0.0,2.0,1644167432.0,1644167688.0,4.0,1678835984.0,1678836240.0,1678836496.0,1678836752.0,4.0,1678837008.0,1678837264.0,1678837520.0,1678837776.0,1.0,537198856.0,5.0,417.0,254.0,0.0,0.0,0.0,5.0,449.0,254.0,0.0,0.0,0.0,5.0,481.0,254.0,0.0,0.0,0.0,5.0,673.0,254.0,0.0,0.0,0.0,5.0,705.0,254.0,0.0,0.0,0.0,5.0,737.0,254.0,0.0,0.0,0.0,5.0,929.0,254.0,0.0,0.0,0.0,4.0,1342177544.0,1342177800.0,1342178056.0,1342178312.0,8.0,1342243080.0,1342243336.0,1342243592.0,1342243848.0,1342244104.0,1342244360.0,1342244616.0,1342244872.0,4.0,1342308624.0,1342308880.0,1342309136.0,1342309392.0,4.0,1342374160.0,1342374416.0,1342374672.0,1342374928.0,4.0,1342375184.0,1342375440.0,1342375696.0,1342375952.0,4.0,1342376208.0,1342376464.0,1342376720.0,1342376976.0,8.0,1342439688.0,1342439944.0,1342440200.0,1342440456.0,1342440712.0,1342440968.0,1342441224.0,1342441480.0,4.0,0.0,0.0,0.0,0.0,8.0,17.0,17.0,17.0,17.0,17.0,1.0,1.0,1.0,16.0,100.0,100.0,100.0,100.0,100.0,100.0,100.0,100.0,100.0,100.0,100.0,100.0,100.0,100.0,100.0,100.0,2.0,45.0,45.0,1.0,16.0,4.0,80.0,245.0,1.0,0.0,8.0,0.0,252.0,168.0,168.0,6.0,0.0,85.0,122.0,5.0,142.0,1837.0,3.0,6.0,1.0,12.0,0.0,0.0,0.0,0.0,4149.0,0.0,0.0,0.0,0.0,0.0,0.0,0.0,8.0,44.0,0.0,0.0,0.0,0.0,0.0,0.0,0.0,2.0,0.0,2.0,8.0,0.0,0.0,0.0,0.0,0.0,0.0,0.0,0.0,0.0,0.0,0.0,655761.0,0.0,340444200.0,34044204.0,2.02,129.0,0.0,2000.0,65.0,0.0,0.0,0.0,0.0,0.0,0.0,0.0,1.0,0.0,0.0,0.0,0.0,0.0,0.0,0.0,0.0,0.0,0.0,0.0,0.0,0.0,0.0,0.0,0.0,0.0,0.0,0.0,0.0,0.0,0.0,0.0,0.0,0.0,1.0,0.0,0.0,0.0,0.0,0.0,0.0,0.0,0.0,0.0,0.0,0.0,0.0,0.0,0.0,0.0,0.0,0.0,0.0,0.0,0.0,0.0,0.0,0.0,0.0,0.0,0.0,0.0,0.0,0.0,0.0,0.0,0.0,0.0,0.0,0.0,0.0,0.0,0.0,9.009,4.0,0.0,0.0,0.0,0.0,0.0,0.0,1.0,1.0,0.0,0.0,4000.0,0.0,0.0,0.0,0.0,0.0,0.0,
621,0.0,0.0,0.0,0.0,0.0,0.0,3.0,1.0,1.0,1.0,3.0,1.0,1.0,1.0,4.0,1275.0,3408964.0,131072.0,0.0,2.0,1537.0,1409.0,5.0,513.0,255.0,0.0,0.0,0.0,5.0,769.0,255.0,0.0,0.0,0.0,5.0,1025.0,255.0,0.0,0.0,0.0,5.0,1281.0,254.0,0.0,0.0,0.0,2.0,1644167432.0,1644167688.0,4.0,1678835984.0,1678836240.0,1678836496.0,1678836752.0,4.0,1678837008.0,1678837264.0,1678837520.0,1678837776.0,1.0,537198856.0,5.0,417.0,254.0,0.0,0.0,0.0,5.0,449.0,254.0,0.0,0.0,0.0,5.0,481.0,254.0,0.0,0.0,0.0,5.0,673.0,254.0,0.0,0.0,0.0,5.0,705.0,254.0,0.0,0.0,0.0,5.0,737.0,254.0,0.0,0.0,0.0,5.0,929.0,254.0,0.0,0.0,0.0,4.0,1342177544.0,1342177800.0,1342178056.0,1342178312.0,8.0,1342243080.0,1342243336.0,1342243592.0,1342243848.0,1342244104.0,1342244360.0,1342244616.0,1342244872.0,4.0,1342308624.0,1342308880.0,1342309136.0,1342309392.0,4.0,1342374160.0,1342374416.0,1342374672.0,1342374928.0,4.0,1342375184.0,1342375440.0,1342375696.0,1342375952.0,4.0,1342376208.0,1342376464.0,1342376720.0,1342376976.0,8.0,1342439688.0,1342439944.0,1342440200.0,1342440456.0,1342440712.0,1342440968.0,1342441224.0,1342441480.0,4.0,0.0,0.0,0.0,0.0,8.0,17.0,17.0,17.0,17.0,17.0,1.0,1.0,1.0,16.0,100.0,100.0,100.0,100.0,100.0,100.0,100.0,100.0,100.0,100.0,100.0,100.0,100.0,100.0,100.0,100.0,2.0,45.0,45.0,1.0,16.0,4.0,80.0,245.0,1.0,0.0,8.0,0.0,252.0,168.0,168.0,6.0,0.0,85.0,122.0,5.0,142.0,1837.0,3.0,6.0,1.0,12.0,0.0,0.0,0.0,0.0,4149.0,0.0,0.0,0.0,0.0,0.0,0.0,0.0,8.0,44.0,0.0,0.0,0.0,0.0,0.0,0.0,0.0,2.0,0.0,2.0,8.0,0.0,0.0,0.0,0.0,0.0,0.0,0.0,0.0,0.0,0.0,0.0,655761.0,0.0,340444200.0,34044204.0,2.02,129.0,0.0,2000.0,65.0,0.0,0.0,0.0,0.0,0.0,0.0,0.0,1.0,0.0,0.0,0.0,0.0,0.0,0.0,0.0,0.0,0.0,0.0,0.0,0.0,0.0,0.0,0.0,0.0,0.0,0.0,0.0,0.0,0.0,0.0,0.0,0.0,0.0,1.0,0.0,0.0,0.0,0.0,0.0,0.0,0.0,0.0,0.0,0.0,0.0,0.0,0.0,0.0,0.0,0.0,0.0,0.0,0.0,0.0,0.0,0.0,0.0,0.0,0.0,0.0,0.0,0.0,0.0,0.0,0.0,0.0,0.0,0.0,0.0,0.0,0.0,0.0,9.009,4.0,0.0,0.0,0.0,0.0,0.0,0.0,1.0,1.0,0.0,0.0,4000.0,0.0,0.0,0.0,0.0,0.0,0.0,
626,0.0,0.0,0.0,0.0,0.0,0.0,3.0,1.0,1.0,1.0,3.0,1.0,1.0,1.0,4.0,1275.0,3408964.0,131072.0,0.0,2.0,1537.0,1409.0,5.0,513.0,255.0,0.0,0.0,0.0,5.0,769.0,255.0,0.0,0.0,0.0,5.0,1025.0,255.0,0.0,0.0,0.0,5.0,1281.0,254.0,0.0,0.0,0.0,2.0,1644167432.0,1644167688.0,4.0,1678835984.0,1678836240.0,1678836496.0,1678836752.0,4.0,1678837008.0,1678837264.0,1678837520.0,1678837776.0,1.0,537198856.0,5.0,417.0,254.0,0.0,0.0,0.0,5.0,449.0,254.0,0.0,0.0,0.0,5.0,481.0,254.0,0.0,0.0,0.0,5.0,673.0,254.0,0.0,0.0,0.0,5.0,705.0,254.0,0.0,0.0,0.0,5.0,737.0,254.0,0.0,0.0,0.0,5.0,929.0,254.0,0.0,0.0,0.0,4.0,1342177544.0,1342177800.0,1342178056.0,1342178312.0,8.0,1342243080.0,1342243336.0,1342243592.0,1342243848.0,1342244104.0,1342244360.0,1342244616.0,1342244872.0,4.0,1342308624.0,1342308880.0,1342309136.0,1342309392.0,4.0,1342374160.0,1342374416.0,1342374672.0,1342374928.0,4.0,1342375184.0,1342375440.0,1342375696.0,1342375952.0,4.0,1342376208.0,1342376464.0,1342376720.0,1342376976.0,8.0,1342439688.0,1342439944.0,1342440200.0,1342440456.0,1342440712.0,1342440968.0,1342441224.0,1342441480.0,4.0,0.0,0.0,0.0,0.0,8.0,17.0,17.0,17.0,17.0,17.0,1.0,1.0,1.0,16.0,100.0,100.0,100.0,100.0,100.0,100.0,100.0,100.0,100.0,100.0,100.0,100.0,100.0,100.0,100.0,100.0,2.0,45.0,45.0,1.0,16.0,4.0,80.0,245.0,1.0,0.0,8.0,0.0,252.0,168.0,168.0,10.0,0.0,85.0,122.0,5.0,145.0,1842.0,3.0,6.0,1.0,12.0,0.0,0.0,0.0,0.0,0.0,0.0,0.0,0.0,0.0,0.0,0.0,0.0,8.0,44.0,0.0,0.0,0.0,0.0,0.0,0.0,0.0,2.0,0.0,2.0,8.0,0.0,0.0,0.0,0.0,0.0,0.0,0.0,0.0,0.0,0.0,0.0,655761.0,0.0,340444200.0,34044204.0,2.02,129.0,0.0,2000.0,65.0,0.0,0.0,0.0,0.0,0.0,0.0,0.0,1.0,0.0,0.0,0.0,0.0,0.0,0.0,0.0,0.0,0.0,0.0,0.0,0.0,0.0,0.0,0.0,0.0,0.0,0.0,0.0,0.0,0.0,0.0,0.0,0.0,0.0,1.0,0.0,0.0,0.0,0.0,0.0,0.0,0.0,0.0,0.0,0.0,0.0,0.0,0.0,0.0,0.0,0.0,0.0,0.0,0.0,0.0,0.0,0.0,0.0,0.0,0.0,0.0,0.0,0.0,0.0,0.0,0.0,0.0,0.0,0.0,0.0,0.0,0.0,0.0,0.0,0.0,0.0,0.0,0.0,0.0,0.0,0.0,1.0,1.0,0.0,0.0,4500.0,0.0,0.0,0.0,0.0,0.0,0.0,
627,0.0,0.0,0.0,0.0,0.0,0.0,3.0,1.0,1.0,1.0,3.0,1.0,1.0,1.0,4.0,1275.0,3408964.0,131072.0,0.0,2.0,1537.0,1409.0,5.0,513.0,255.0,0.0,0.0,0.0,5.0,769.0,255.0,0.0,0.0,0.0,5.0,1025.0,255.0,0.0,0.0,0.0,5.0,1281.0,254.0,0.0,0.0,0.0,2.0,1644167432.0,1644167688.0,4.0,1678835984.0,1678836240.0,1678836496.0,1678836752.0,4.0,1678837008.0,1678837264.0,1678837520.0,1678837776.0,1.0,537198856.0,5.0,417.0,254.0,0.0,0.0,0.0,5.0,449.0,254.0,0.0,0.0,0.0,5.0,481.0,254.0,0.0,0.0,0.0,5.0,673.0,254.0,0.0,0.0,0.0,5.0,705.0,254.0,0.0,0.0,0.0,5.0,737.0,254.0,0.0,0.0,0.0,5.0,929.0,254.0,0.0,0.0,0.0,4.0,1342177544.0,1342177800.0,1342178056.0,1342178312.0,8.0,1342243080.0,1342243336.0,1342243592.0,1342243848.0,1342244104.0,1342244360.0,1342244616.0,1342244872.0,4.0,1342308624.0,1342308880.0,1342309136.0,1342309392.0,4.0,1342374160.0,1342374416.0,1342374672.0,1342374928.0,4.0,1342375184.0,1342375440.0,1342375696.0,1342375952.0,4.0,1342376208.0,1342376464.0,1342376720.0,1342376976.0,8.0,1342439688.0,1342439944.0,1342440200.0,1342440456.0,1342440712.0,1342440968.0,1342441224.0,1342441480.0,4.0,0.0,0.0,0.0,0.0,8.0,17.0,17.0,17.0,17.0,17.0,1.0,1.0,1.0,16.0,100.0,100.0,100.0,100.0,100.0,100.0,100.0,100.0,100.0,100.0,100.0,100.0,100.0,100.0,100.0,100.0,2.0,45.0,45.0,1.0,16.0,4.0,80.0,245.0,1.0,0.0,8.0,0.0,252.0,168.0,168.0,10.0,0.0,85.0,122.0,5.0,144.0,1842.0,3.0,6.0,1.0,12.0,0.0,0.0,0.0,0.0,0.0,0.0,0.0,0.0,0.0,0.0,0.0,0.0,8.0,44.0,0.0,0.0,0.0,0.0,0.0,0.0,0.0,2.0,0.0,2.0,8.0,0.0,0.0,0.0,0.0,0.0,0.0,0.0,0.0,0.0,0.0,0.0,655761.0,0.0,340444200.0,34044204.0,2.02,129.0,0.0,2000.0,65.0,0.0,0.0,0.0,0.0,0.0,0.0,0.0,1.0,0.0,0.0,0.0,0.0,0.0,0.0,0.0,0.0,0.0,0.0,0.0,0.0,0.0,0.0,0.0,0.0,0.0,0.0,0.0,0.0,0.0,0.0,0.0,0.0,0.0,1.0,0.0,0.0,0.0,0.0,0.0,0.0,0.0,0.0,0.0,0.0,0.0,0.0,0.0,0.0,0.0,0.0,0.0,0.0,0.0,0.0,0.0,0.0,0.0,0.0,0.0,0.0,0.0,0.0,0.0,0.0,0.0,0.0,0.0,0.0,0.0,0.0,0.0,0.0,0.0,0.0,0.0,0.0,0.0,0.0,0.0,0.0,1.0,1.0,0.0,0.0,4500.0,0.0,0.0,0.0,0.0,0.0,0.0,
628,0.0,0.0,0.0,0.0,0.0,0.0,3.0,1.0,1.0,1.0,3.0,1.0,1.0,1.0,4.0,1275.0,3408964.0,131072.0,0.0,2.0,1537.0,1409.0,5.0,513.0,255.0,0.0,0.0,0.0,5.0,769.0,255.0,0.0,0.0,0.0,5.0,1025.0,255.0,0.0,0.0,0.0,5.0,1281.0,254.0,0.0,0.0,0.0,2.0,1644167432.0,1644167688.0,4.0,1678835984.0,1678836240.0,1678836496.0,1678836752.0,4.0,1678837008.0,1678837264.0,1678837520.0,1678837776.0,1.0,537198856.0,5.0,417.0,254.0,0.0,0.0,0.0,5.0,449.0,254.0,0.0,0.0,0.0,5.0,481.0,254.0,0.0,0.0,0.0,5.0,673.0,254.0,0.0,0.0,0.0,5.0,705.0,254.0,0.0,0.0,0.0,5.0,737.0,254.0,0.0,0.0,0.0,5.0,929.0,254.0,0.0,0.0,0.0,4.0,1342177544.0,1342177800.0,1342178056.0,1342178312.0,8.0,1342243080.0,1342243336.0,1342243592.0,1342243848.0,1342244104.0,1342244360.0,1342244616.0,1342244872.0,4.0,1342308624.0,1342308880.0,1342309136.0,1342309392.0,4.0,1342374160.0,1342374416.0,1342374672.0,1342374928.0,4.0,1342375184.0,1342375440.0,1342375696.0,1342375952.0,4.0,1342376208.0,1342376464.0,1342376720.0,1342376976.0,8.0,1342439688.0,1342439944.0,1342440200.0,1342440456.0,1342440712.0,1342440968.0,1342441224.0,1342441480.0,4.0,0.0,0.0,0.0,0.0,8.0,17.0,17.0,17.0,17.0,17.0,1.0,1.0,1.0,16.0,100.0,100.0,100.0,100.0,100.0,100.0,100.0,100.0,100.0,100.0,100.0,100.0,100.0,100.0,100.0,100.0,2.0,45.0,45.0,1.0,16.0,4.0,80.0,245.0,1.0,0.0,8.0,0.0,252.0,168.0,168.0,10.0,0.0,85.0,122.0,5.0,144.0,1842.0,3.0,6.0,1.0,12.0,0.0,0.0,0.0,0.0,0.0,0.0,0.0,0.0,0.0,0.0,0.0,0.0,8.0,44.0,0.0,0.0,0.0,0.0,0.0,0.0,0.0,2.0,0.0,2.0,8.0,0.0,0.0,0.0,0.0,0.0,0.0,0.0,0.0,0.0,0.0,0.0,655761.0,0.0,340444200.0,34044204.0,2.02,129.0,0.0,2000.0,65.0,0.0,0.0,0.0,0.0,0.0,0.0,0.0,1.0,0.0,0.0,0.0,0.0,0.0,0.0,0.0,0.0,0.0,0.0,0.0,0.0,0.0,0.0,0.0,0.0,0.0,0.0,0.0,0.0,0.0,0.0,0.0,0.0,0.0,1.0,0.0,0.0,0.0,0.0,0.0,0.0,0.0,0.0,0.0,0.0,0.0,0.0,0.0,0.0,0.0,0.0,0.0,0.0,0.0,0.0,0.0,0.0,0.0,0.0,0.0,0.0,0.0,0.0,0.0,0.0,0.0,0.0,0.0,0.0,0.0,0.0,0.0,0.0,0.0,0.0,0.0,0.0,0.0,0.0,0.0,0.0,1.0,1.0,0.0,0.0,4500.0,0.0,0.0,0.0,0.0,0.0,0.0,
631,0.0,0.0,0.0,0.0,0.0,0.0,3.0,1.0,1.0,1.0,3.0,1.0,1.0,1.0,4.0,1275.0,3408964.0,131072.0,0.0,2.0,1537.0,1409.0,5.0,513.0,255.0,0.0,0.0,0.0,5.0,769.0,255.0,0.0,0.0,0.0,5.0,1025.0,255.0,0.0,0.0,0.0,5.0,1281.0,254.0,0.0,0.0,0.0,2.0,1644167432.0,1644167688.0,4.0,1678835984.0,1678836240.0,1678836496.0,1678836752.0,4.0,1678837008.0,1678837264.0,1678837520.0,1678837776.0,1.0,537198856.0,5.0,417.0,254.0,0.0,0.0,0.0,5.0,449.0,254.0,0.0,0.0,0.0,5.0,481.0,254.0,0.0,0.0,0.0,5.0,673.0,254.0,0.0,0.0,0.0,5.0,705.0,254.0,0.0,0.0,0.0,5.0,737.0,254.0,0.0,0.0,0.0,5.0,929.0,254.0,0.0,0.0,0.0,4.0,1342177544.0,1342177800.0,1342178056.0,1342178312.0,8.0,1342243080.0,1342243336.0,1342243592.0,1342243848.0,1342244104.0,1342244360.0,1342244616.0,1342244872.0,4.0,1342308624.0,1342308880.0,1342309136.0,1342309392.0,4.0,1342374160.0,1342374416.0,1342374672.0,1342374928.0,4.0,1342375184.0,1342375440.0,1342375696.0,1342375952.0,4.0,1342376208.0,1342376464.0,1342376720.0,1342376976.0,8.0,1342439688.0,1342439944.0,1342440200.0,1342440456.0,1342440712.0,1342440968.0,1342441224.0,1342441480.0,4.0,0.0,0.0,0.0,0.0,8.0,17.0,17.0,17.0,17.0,17.0,1.0,1.0,1.0,16.0,100.0,100.0,100.0,100.0,100.0,100.0,100.0,100.0,100.0,100.0,100.0,100.0,100.0,100.0,100.0,100.0,2.0,45.0,45.0,1.0,16.0,4.0,80.0,245.0,1.0,0.0,8.0,0.0,252.0,168.0,168.0,10.0,0.0,85.0,122.0,5.0,145.0,1842.0,3.0,6.0,1.0,12.0,0.0,0.0,0.0,0.0,0.0,0.0,0.0,0.0,0.0,0.0,0.0,0.0,8.0,44.0,0.0,0.0,0.0,0.0,0.0,0.0,0.0,2.0,0.0,0.0,8.0,0.0,0.0,0.0,0.0,0.0,0.0,0.0,0.0,0.0,0.0,0.0,655761.0,0.0,340444200.0,34044204.0,2.02,129.0,0.0,2000.0,65.0,0.0,0.0,0.0,0.0,0.0,0.0,0.0,1.0,0.0,0.0,0.0,0.0,0.0,0.0,0.0,0.0,0.0,0.0,0.0,0.0,0.0,0.0,0.0,0.0,0.0,0.0,0.0,0.0,0.0,0.0,0.0,0.0,0.0,0.0,0.0,0.0,0.0,0.0,0.0,0.0,0.0,0.0,0.0,0.0,0.0,0.0,0.0,0.0,0.0,0.0,0.0,0.0,0.0,0.0,0.0,0.0,0.0,0.0,0.0,0.0,0.0,0.0,0.0,0.0,0.0,0.0,0.0,0.0,0.0,0.0,0.0,0.0,0.0,0.0,0.0,0.0,0.0,0.0,0.0,0.0,1.0,1.0,0.0,0.0,4500.0,0.0,0.0,0.0,0.0,0.0,0.0,
633,0.0,0.0,0.0,0.0,0.0,0.0,3.0,1.0,1.0,1.0,3.0,1.0,1.0,1.0,4.0,1275.0,3408964.0,131072.0,0.0,2.0,1537.0,1409.0,5.0,513.0,255.0,0.0,0.0,0.0,5.0,769.0,255.0,0.0,0.0,0.0,5.0,1025.0,255.0,0.0,0.0,0.0,5.0,1281.0,254.0,0.0,0.0,0.0,2.0,1644167432.0,1644167688.0,4.0,1678835984.0,1678836240.0,1678836496.0,1678836752.0,4.0,1678837008.0,1678837264.0,1678837520.0,1678837776.0,1.0,537198856.0,5.0,417.0,254.0,0.0,0.0,0.0,5.0,449.0,254.0,0.0,0.0,0.0,5.0,481.0,254.0,0.0,0.0,0.0,5.0,673.0,254.0,0.0,0.0,0.0,5.0,705.0,254.0,0.0,0.0,0.0,5.0,737.0,254.0,0.0,0.0,0.0,5.0,929.0,254.0,0.0,0.0,0.0,4.0,1342177544.0,1342177800.0,1342178056.0,1342178312.0,8.0,1342243080.0,1342243336.0,1342243592.0,1342243848.0,1342244104.0,1342244360.0,1342244616.0,1342244872.0,4.0,1342308624.0,1342308880.0,1342309136.0,1342309392.0,4.0,1342374160.0,1342374416.0,1342374672.0,1342374928.0,4.0,1342375184.0,1342375440.0,1342375696.0,1342375952.0,4.0,1342376208.0,1342376464.0,1342376720.0,1342376976.0,8.0,1342439688.0,1342439944.0,1342440200.0,1342440456.0,1342440712.0,1342440968.0,1342441224.0,1342441480.0,4.0,0.0,0.0,0.0,0.0,8.0,17.0,17.0,17.0,17.0,17.0,1.0,1.0,1.0,16.0,100.0,100.0,100.0,100.0,100.0,100.0,100.0,100.0,100.0,100.0,100.0,100.0,100.0,100.0,100.0,100.0,2.0,45.0,45.0,1.0,16.0,4.0,80.0,245.0,1.0,0.0,8.0,0.0,252.0,168.0,168.0,10.0,0.0,85.0,122.0,5.0,145.0,1842.0,3.0,6.0,1.0,12.0,0.0,0.0,0.0,0.0,0.0,0.0,0.0,0.0,0.0,0.0,0.0,0.0,8.0,44.0,0.0,0.0,0.0,0.0,0.0,0.0,0.0,2.0,0.0,0.0,8.0,0.0,0.0,0.0,0.0,0.0,0.0,0.0,0.0,0.0,0.0,0.0,655761.0,0.0,340444200.0,34044204.0,2.02,129.0,0.0,2000.0,65.0,0.0,0.0,0.0,0.0,0.0,0.0,0.0,1.0,0.0,0.0,0.0,0.0,0.0,0.0,0.0,0.0,0.0,0.0,0.0,0.0,0.0,0.0,0.0,0.0,0.0,0.0,0.0,0.0,0.0,0.0,0.0,0.0,0.0,0.0,0.0,0.0,0.0,0.0,0.0,0.0,0.0,0.0,0.0,0.0,0.0,0.0,0.0,0.0,0.0,0.0,0.0,0.0,0.0,0.0,0.0,0.0,0.0,0.0,0.0,0.0,0.0,0.0,0.0,0.0,0.0,0.0,0.0,0.0,0.0,0.0,0.0,0.0,0.0,0.0,0.0,0.0,0.0,0.0,0.0,0.0,1.0,1.0,0.0,0.0,0.0,0.0,0.0,0.0,0.0,0.0,0.0,
641,0.0,0.0,0.0,0.0,0.0,0.0,3.0,1.0,1.0,1.0,3.0,1.0,1.0,1.0,4.0,1275.0,3408964.0,131072.0,0.0,2.0,1537.0,1409.0,5.0,513.0,255.0,0.0,0.0,0.0,5.0,769.0,255.0,0.0,0.0,0.0,5.0,1025.0,255.0,0.0,0.0,0.0,5.0,1281.0,254.0,0.0,0.0,0.0,2.0,1644167432.0,1644167688.0,4.0,1678835984.0,1678836240.0,1678836496.0,1678836752.0,4.0,1678837008.0,1678837264.0,1678837520.0,1678837776.0,1.0,537198856.0,5.0,417.0,254.0,0.0,0.0,0.0,5.0,449.0,254.0,0.0,0.0,0.0,5.0,481.0,254.0,0.0,0.0,0.0,5.0,673.0,254.0,0.0,0.0,0.0,5.0,705.0,254.0,0.0,0.0,0.0,5.0,737.0,254.0,0.0,0.0,0.0,5.0,929.0,254.0,0.0,0.0,0.0,4.0,1342177544.0,1342177800.0,1342178056.0,1342178312.0,8.0,1342243080.0,1342243336.0,1342243592.0,1342243848.0,1342244104.0,1342244360.0,1342244616.0,1342244872.0,4.0,1342308624.0,1342308880.0,1342309136.0,1342309392.0,4.0,1342374160.0,1342374416.0,1342374672.0,1342374928.0,4.0,1342375184.0,1342375440.0,1342375696.0,1342375952.0,4.0,1342376208.0,1342376464.0,1342376720.0,1342376976.0,8.0,1342439688.0,1342439944.0,1342440200.0,1342440456.0,1342440712.0,1342440968.0,1342441224.0,1342441480.0,4.0,0.0,0.0,0.0,0.0,8.0,17.0,17.0,17.0,17.0,17.0,17.0,1.0,1.0,16.0,100.0,100.0,100.0,100.0,100.0,100.0,100.0,100.0,100.0,100.0,100.0,100.0,100.0,100.0,100.0,100.0,2.0,45.0,45.0,1.0,0.0,4.0,80.0,245.0,1.0,0.0,8.0,0.0,252.0,168.0,168.0,26.0,0.0,85.0,122.0,5.0,145.0,1837.0,3.0,6.0,1.0,12.0,0.0,0.0,0.0,0.0,0.0,0.0,0.0,0.0,0.0,0.0,0.0,0.0,8.0,44.0,0.0,0.0,0.0,0.0,0.0,0.0,0.0,2.0,0.0,4.0,8.0,0.0,0.0,0.0,0.0,0.0,0.0,0.0,0.0,0.0,0.0,0.0,655761.0,0.0,340444200.0,34044204.0,2.02,129.0,0.0,2000.0,65.0,0.0,0.0,0.0,0.0,0.0,0.0,0.0,1.0,0.0,0.0,0.0,0.0,0.0,0.0,0.0,0.0,0.0,0.0,0.0,0.0,0.0,0.0,0.0,0.0,0.0,0.0,0.0,0.0,0.0,0.0,0.0,0.0,0.0,0.0,1.0,0.0,0.0,0.0,0.0,0.0,0.0,0.0,0.0,0.0,0.0,0.0,0.0,0.0,0.0,0.0,0.0,0.0,0.0,0.0,0.0,0.0,0.0,0.0,0.0,0.0,0.0,0.0,0.0,0.0,0.0,0.0,0.0,0.0,0.0,0.0,0.0,0.0,14.41,0.0,0.0,0.0,0.0,0.0,0.0,0.0,1.0,1.0,0.0,0.0,0.0,0.0,0.0,0.0,0.0,0.0,0.0,
642,0.0,0.0,0.0,0.0,0.0,0.0,3.0,1.0,1.0,1.0,3.0,1.0,1.0,1.0,4.0,1275.0,3408964.0,131072.0,0.0,2.0,1537.0,1409.0,5.0,513.0,255.0,0.0,0.0,0.0,5.0,769.0,255.0,0.0,0.0,0.0,5.0,1025.0,255.0,0.0,0.0,0.0,5.0,1281.0,254.0,0.0,0.0,0.0,2.0,1644167432.0,1644167688.0,4.0,1678835984.0,1678836240.0,1678836496.0,1678836752.0,4.0,1678837008.0,1678837264.0,1678837520.0,1678837776.0,1.0,537198856.0,5.0,417.0,254.0,0.0,0.0,0.0,5.0,449.0,254.0,0.0,0.0,0.0,5.0,481.0,254.0,0.0,0.0,0.0,5.0,673.0,254.0,0.0,0.0,0.0,5.0,705.0,254.0,0.0,0.0,0.0,5.0,737.0,254.0,0.0,0.0,0.0,5.0,929.0,254.0,0.0,0.0,0.0,4.0,1342177544.0,1342177800.0,1342178056.0,1342178312.0,8.0,1342243080.0,1342243336.0,1342243592.0,1342243848.0,1342244104.0,1342244360.0,1342244616.0,1342244872.0,4.0,1342308624.0,1342308880.0,1342309136.0,1342309392.0,4.0,1342374160.0,1342374416.0,1342374672.0,1342374928.0,4.0,1342375184.0,1342375440.0,1342375696.0,1342375952.0,4.0,1342376208.0,1342376464.0,1342376720.0,1342376976.0,8.0,1342439688.0,1342439944.0,1342440200.0,1342440456.0,1342440712.0,1342440968.0,1342441224.0,1342441480.0,4.0,0.0,0.0,0.0,0.0,8.0,17.0,17.0,17.0,17.0,17.0,17.0,1.0,1.0,16.0,100.0,100.0,100.0,100.0,100.0,100.0,100.0,100.0,100.0,100.0,100.0,100.0,100.0,100.0,100.0,100.0,2.0,45.0,45.0,1.0,0.0,4.0,80.0,245.0,1.0,0.0,8.0,0.0,252.0,168.0,168.0,26.0,0.0,85.0,122.0,5.0,144.0,1837.0,3.0,6.0,1.0,12.0,0.0,0.0,0.0,0.0,0.0,0.0,0.0,0.0,0.0,0.0,0.0,0.0,8.0,44.0,0.0,0.0,0.0,0.0,0.0,0.0,0.0,2.0,0.0,4.0,8.0,0.0,0.0,0.0,0.0,0.0,0.0,0.0,0.0,0.0,0.0,0.0,655761.0,0.0,340444200.0,34044204.0,2.02,129.0,0.0,2000.0,65.0,0.0,0.0,0.0,0.0,0.0,0.0,0.0,1.0,0.0,0.0,0.0,0.0,0.0,0.0,0.0,0.0,0.0,0.0,0.0,0.0,0.0,0.0,0.0,0.0,0.0,0.0,0.0,0.0,0.0,0.0,0.0,0.0,0.0,0.0,1.0,0.0,0.0,0.0,0.0,0.0,0.0,0.0,0.0,0.0,0.0,0.0,0.0,0.0,0.0,0.0,0.0,0.0,0.0,0.0,0.0,0.0,0.0,0.0,0.0,0.0,0.0,0.0,0.0,0.0,0.0,0.0,0.0,0.0,0.0,0.0,0.0,0.0,14.412,0.0,0.0,0.0,0.0,0.0,0.0,0.0,1.0,1.0,0.0,0.0,0.0,0.0,0.0,0.0,0.0,0.0,0.0,
643,0.0,0.0,0.0,0.0,0.0,0.0,3.0,1.0,1.0,1.0,3.0,1.0,1.0,1.0,4.0,1275.0,3408964.0,131072.0,0.0,2.0,1537.0,1409.0,5.0,513.0,255.0,0.0,0.0,0.0,5.0,769.0,255.0,0.0,0.0,0.0,5.0,1025.0,255.0,0.0,0.0,0.0,5.0,1281.0,254.0,0.0,0.0,0.0,2.0,1644167432.0,1644167688.0,4.0,1678835984.0,1678836240.0,1678836496.0,1678836752.0,4.0,1678837008.0,1678837264.0,1678837520.0,1678837776.0,1.0,537198856.0,5.0,417.0,254.0,0.0,0.0,0.0,5.0,449.0,254.0,0.0,0.0,0.0,5.0,481.0,254.0,0.0,0.0,0.0,5.0,673.0,254.0,0.0,0.0,0.0,5.0,705.0,254.0,0.0,0.0,0.0,5.0,737.0,254.0,0.0,0.0,0.0,5.0,929.0,254.0,0.0,0.0,0.0,4.0,1342177544.0,1342177800.0,1342178056.0,1342178312.0,8.0,1342243080.0,1342243336.0,1342243592.0,1342243848.0,1342244104.0,1342244360.0,1342244616.0,1342244872.0,4.0,1342308624.0,1342308880.0,1342309136.0,1342309392.0,4.0,1342374160.0,1342374416.0,1342374672.0,1342374928.0,4.0,1342375184.0,1342375440.0,1342375696.0,1342375952.0,4.0,1342376208.0,1342376464.0,1342376720.0,1342376976.0,8.0,1342439688.0,1342439944.0,1342440200.0,1342440456.0,1342440712.0,1342440968.0,1342441224.0,1342441480.0,4.0,0.0,0.0,0.0,0.0,8.0,17.0,17.0,17.0,17.0,17.0,17.0,1.0,1.0,16.0,100.0,100.0,100.0,100.0,100.0,100.0,100.0,100.0,100.0,100.0,100.0,100.0,100.0,100.0,100.0,100.0,2.0,45.0,45.0,1.0,0.0,4.0,80.0,245.0,1.0,0.0,8.0,0.0,252.0,168.0,168.0,26.0,0.0,85.0,122.0,5.0,144.0,1837.0,3.0,6.0,1.0,12.0,0.0,0.0,0.0,0.0,0.0,0.0,0.0,0.0,0.0,0.0,0.0,0.0,8.0,44.0,0.0,0.0,0.0,0.0,0.0,0.0,0.0,2.0,0.0,4.0,8.0,0.0,0.0,0.0,0.0,0.0,0.0,0.0,0.0,0.0,0.0,0.0,655761.0,0.0,340444200.0,34044204.0,2.02,129.0,0.0,2000.0,65.0,0.0,0.0,0.0,0.0,0.0,0.0,0.0,1.0,0.0,0.0,0.0,0.0,0.0,0.0,0.0,0.0,0.0,0.0,0.0,0.0,0.0,0.0,0.0,0.0,0.0,0.0,0.0,0.0,0.0,0.0,0.0,0.0,0.0,0.0,1.0,0.0,0.0,0.0,0.0,0.0,0.0,0.0,0.0,0.0,0.0,0.0,0.0,0.0,0.0,0.0,0.0,0.0,0.0,0.0,0.0,0.0,0.0,0.0,0.0,0.0,0.0,0.0,0.0,0.0,0.0,0.0,0.0,0.0,0.0,0.0,0.0,0.0,14.412,0.0,0.0,0.0,0.0,0.0,0.0,0.0,1.0,1.0,0.0,0.0,0.0,0.0,0.0,0.0,0.0,0.0,0.0,
648,0.0,0.0,0.0,0.0,0.0,0.0,3.0,1.0,1.0,1.0,3.0,1.0,1.0,1.0,4.0,1275.0,3408964.0,131072.0,0.0,2.0,1537.0,1409.0,5.0,513.0,255.0,0.0,0.0,0.0,5.0,769.0,255.0,0.0,0.0,0.0,5.0,1025.0,255.0,0.0,0.0,0.0,5.0,1281.0,254.0,0.0,0.0,0.0,2.0,1644167432.0,1644167688.0,4.0,1678835984.0,1678836240.0,1678836496.0,1678836752.0,4.0,1678837008.0,1678837264.0,1678837520.0,1678837776.0,1.0,537198856.0,5.0,417.0,254.0,0.0,0.0,0.0,5.0,449.0,254.0,0.0,0.0,0.0,5.0,481.0,254.0,0.0,0.0,0.0,5.0,673.0,254.0,0.0,0.0,0.0,5.0,705.0,254.0,0.0,0.0,0.0,5.0,737.0,254.0,0.0,0.0,0.0,5.0,929.0,254.0,0.0,0.0,0.0,4.0,1342177544.0,1342177800.0,1342178056.0,1342178312.0,8.0,1342243080.0,1342243336.0,1342243592.0,1342243848.0,1342244104.0,1342244360.0,1342244616.0,1342244872.0,4.0,1342308624.0,1342308880.0,1342309136.0,1342309392.0,4.0,1342374160.0,1342374416.0,1342374672.0,1342374928.0,4.0,1342375184.0,1342375440.0,1342375696.0,1342375952.0,4.0,1342376208.0,1342376464.0,1342376720.0,1342376976.0,8.0,1342439688.0,1342439944.0,1342440200.0,1342440456.0,1342440712.0,1342440968.0,1342441224.0,1342441480.0,4.0,0.0,0.0,0.0,0.0,8.0,17.0,17.0,17.0,17.0,17.0,17.0,1.0,1.0,16.0,100.0,100.0,100.0,100.0,100.0,100.0,100.0,100.0,100.0,100.0,100.0,100.0,100.0,100.0,100.0,100.0,2.0,45.0,45.0,1.0,0.0,4.0,80.0,245.0,1.0,0.0,8.0,0.0,252.0,168.0,168.0,26.0,0.0,85.0,122.0,5.0,144.0,1842.0,3.0,6.0,1.0,12.0,0.0,0.0,0.0,0.0,0.0,501.0,0.0,0.0,0.0,0.0,0.0,0.0,8.0,44.0,0.0,0.0,0.0,0.0,0.0,0.0,0.0,2.0,0.0,4.0,8.0,0.0,0.0,0.0,0.0,0.0,0.0,0.0,0.0,0.0,0.0,0.0,655761.0,0.0,340444200.0,34044204.0,2.02,129.0,0.0,2000.0,65.0,0.0,0.0,0.0,0.0,0.0,0.0,0.0,1.0,0.0,0.0,0.0,0.0,0.0,0.0,0.0,0.0,0.0,0.0,0.0,0.0,0.0,0.0,0.0,0.0,0.0,0.0,0.0,0.0,0.0,0.0,0.0,0.0,0.0,0.0,1.0,0.0,0.0,0.0,0.0,0.0,0.0,0.0,0.0,0.0,0.0,0.0,0.0,0.0,0.0,0.0,0.0,0.0,0.0,0.0,0.0,0.0,0.0,0.0,0.0,0.0,0.0,0.0,0.0,0.0,0.0,0.0,0.0,0.0,0.0,0.0,0.0,0.0,13.721,0.499,0.0,0.0,0.0,0.0,0.0,0.0,1.0,1.0,0.0,0.0,500.0,0.0,0.0,0.0,0.0,0.0,0.0,
649,0.0,0.0,0.0,0.0,0.0,0.0,3.0,1.0,1.0,1.0,3.0,1.0,1.0,1.0,4.0,1275.0,3408964.0,131072.0,0.0,2.0,1537.0,1409.0,5.0,513.0,255.0,0.0,0.0,0.0,5.0,769.0,255.0,0.0,0.0,0.0,5.0,1025.0,255.0,0.0,0.0,0.0,5.0,1281.0,254.0,0.0,0.0,0.0,2.0,1644167432.0,1644167688.0,4.0,1678835984.0,1678836240.0,1678836496.0,1678836752.0,4.0,1678837008.0,1678837264.0,1678837520.0,1678837776.0,1.0,537198856.0,5.0,417.0,254.0,0.0,0.0,0.0,5.0,449.0,254.0,0.0,0.0,0.0,5.0,481.0,254.0,0.0,0.0,0.0,5.0,673.0,254.0,0.0,0.0,0.0,5.0,705.0,254.0,0.0,0.0,0.0,5.0,737.0,254.0,0.0,0.0,0.0,5.0,929.0,254.0,0.0,0.0,0.0,4.0,1342177544.0,1342177800.0,1342178056.0,1342178312.0,8.0,1342243080.0,1342243336.0,1342243592.0,1342243848.0,1342244104.0,1342244360.0,1342244616.0,1342244872.0,4.0,1342308624.0,1342308880.0,1342309136.0,1342309392.0,4.0,1342374160.0,1342374416.0,1342374672.0,1342374928.0,4.0,1342375184.0,1342375440.0,1342375696.0,1342375952.0,4.0,1342376208.0,1342376464.0,1342376720.0,1342376976.0,8.0,1342439688.0,1342439944.0,1342440200.0,1342440456.0,1342440712.0,1342440968.0,1342441224.0,1342441480.0,4.0,0.0,0.0,0.0,0.0,8.0,17.0,17.0,17.0,17.0,17.0,17.0,1.0,1.0,16.0,100.0,100.0,100.0,100.0,100.0,100.0,100.0,100.0,100.0,100.0,100.0,100.0,100.0,100.0,100.0,100.0,2.0,45.0,45.0,1.0,0.0,4.0,80.0,245.0,1.0,0.0,8.0,0.0,252.0,168.0,168.0,26.0,0.0,85.0,122.0,5.0,144.0,1842.0,3.0,6.0,1.0,12.0,0.0,0.0,0.0,0.0,0.0,501.0,0.0,0.0,0.0,0.0,0.0,0.0,8.0,44.0,0.0,0.0,0.0,0.0,0.0,0.0,0.0,2.0,0.0,4.0,8.0,0.0,0.0,0.0,0.0,0.0,0.0,0.0,0.0,0.0,0.0,0.0,655761.0,0.0,340444200.0,34044204.0,2.02,129.0,0.0,2000.0,65.0,0.0,0.0,0.0,0.0,0.0,0.0,0.0,1.0,0.0,0.0,0.0,0.0,0.0,0.0,0.0,0.0,0.0,0.0,0.0,0.0,0.0,0.0,0.0,0.0,0.0,0.0,0.0,0.0,0.0,0.0,0.0,0.0,0.0,0.0,1.0,0.0,0.0,0.0,0.0,0.0,0.0,0.0,0.0,0.0,0.0,0.0,0.0,0.0,0.0,0.0,0.0,0.0,0.0,0.0,0.0,0.0,0.0,0.0,0.0,0.0,0.0,0.0,0.0,0.0,0.0,0.0,0.0,0.0,0.0,0.0,0.0,0.0,13.72,0.499,0.0,0.0,0.0,0.0,0.0,0.0,1.0,1.0,0.0,0.0,500.0,0.0,0.0,0.0,0.0,0.0,0.0,
650,0.0,0.0,0.0,0.0,0.0,0.0,3.0,1.0,1.0,1.0,3.0,1.0,1.0,1.0,4.0,1275.0,3408964.0,131072.0,0.0,2.0,1537.0,1409.0,5.0,513.0,255.0,0.0,0.0,0.0,5.0,769.0,255.0,0.0,0.0,0.0,5.0,1025.0,255.0,0.0,0.0,0.0,5.0,1281.0,254.0,0.0,0.0,0.0,2.0,1644167432.0,1644167688.0,4.0,1678835984.0,1678836240.0,1678836496.0,1678836752.0,4.0,1678837008.0,1678837264.0,1678837520.0,1678837776.0,1.0,537198856.0,5.0,417.0,254.0,0.0,0.0,0.0,5.0,449.0,254.0,0.0,0.0,0.0,5.0,481.0,254.0,0.0,0.0,0.0,5.0,673.0,254.0,0.0,0.0,0.0,5.0,705.0,254.0,0.0,0.0,0.0,5.0,737.0,254.0,0.0,0.0,0.0,5.0,929.0,254.0,0.0,0.0,0.0,4.0,1342177544.0,1342177800.0,1342178056.0,1342178312.0,8.0,1342243080.0,1342243336.0,1342243592.0,1342243848.0,1342244104.0,1342244360.0,1342244616.0,1342244872.0,4.0,1342308624.0,1342308880.0,1342309136.0,1342309392.0,4.0,1342374160.0,1342374416.0,1342374672.0,1342374928.0,4.0,1342375184.0,1342375440.0,1342375696.0,1342375952.0,4.0,1342376208.0,1342376464.0,1342376720.0,1342376976.0,8.0,1342439688.0,1342439944.0,1342440200.0,1342440456.0,1342440712.0,1342440968.0,1342441224.0,1342441480.0,4.0,0.0,0.0,0.0,0.0,8.0,17.0,17.0,17.0,17.0,17.0,17.0,1.0,1.0,16.0,100.0,100.0,100.0,100.0,100.0,100.0,100.0,100.0,100.0,100.0,100.0,100.0,100.0,100.0,100.0,100.0,2.0,45.0,45.0,1.0,0.0,4.0,80.0,245.0,1.0,0.0,8.0,0.0,252.0,168.0,168.0,26.0,0.0,85.0,122.0,5.0,144.0,1842.0,3.0,6.0,1.0,12.0,0.0,0.0,0.0,0.0,0.0,501.0,0.0,0.0,0.0,0.0,0.0,0.0,8.0,44.0,0.0,0.0,0.0,0.0,0.0,0.0,0.0,2.0,0.0,4.0,8.0,0.0,0.0,0.0,0.0,0.0,0.0,0.0,0.0,0.0,0.0,0.0,655761.0,0.0,340444200.0,34044204.0,2.02,129.0,0.0,2000.0,65.0,0.0,0.0,0.0,0.0,0.0,0.0,0.0,1.0,0.0,0.0,0.0,0.0,0.0,0.0,0.0,0.0,0.0,0.0,0.0,0.0,0.0,0.0,0.0,0.0,0.0,0.0,0.0,0.0,0.0,0.0,0.0,0.0,0.0,0.0,1.0,0.0,0.0,0.0,0.0,0.0,0.0,0.0,0.0,0.0,0.0,0.0,0.0,0.0,0.0,0.0,0.0,0.0,0.0,0.0,0.0,0.0,0.0,0.0,0.0,0.0,0.0,0.0,0.0,0.0,0.0,0.0,0.0,0.0,0.0,0.0,0.0,0.0,13.722,0.499,0.0,0.0,0.0,0.0,0.0,0.0,1.0,1.0,0.0,0.0,500.0,0.0,0.0,0.0,0.0,0.0,0.0,
655,0.0,0.0,0.0,0.0,0.0,0.0,3.0,1.0,1.0,1.0,3.0,1.0,1.0,1.0,4.0,1275.0,3408964.0,131072.0,0.0,2.0,1537.0,1409.0,5.0,513.0,255.0,0.0,0.0,0.0,5.0,769.0,255.0,0.0,0.0,0.0,5.0,1025.0,255.0,0.0,0.0,0.0,5.0,1281.0,254.0,0.0,0.0,0.0,2.0,1644167432.0,1644167688.0,4.0,1678835984.0,1678836240.0,1678836496.0,1678836752.0,4.0,1678837008.0,1678837264.0,1678837520.0,1678837776.0,1.0,537198856.0,5.0,417.0,254.0,0.0,0.0,0.0,5.0,449.0,254.0,0.0,0.0,0.0,5.0,481.0,254.0,0.0,0.0,0.0,5.0,673.0,254.0,0.0,0.0,0.0,5.0,705.0,254.0,0.0,0.0,0.0,5.0,737.0,254.0,0.0,0.0,0.0,5.0,929.0,254.0,0.0,0.0,0.0,4.0,1342177544.0,1342177800.0,1342178056.0,1342178312.0,8.0,1342243080.0,1342243336.0,1342243592.0,1342243848.0,1342244104.0,1342244360.0,1342244616.0,1342244872.0,4.0,1342308624.0,1342308880.0,1342309136.0,1342309392.0,4.0,1342374160.0,1342374416.0,1342374672.0,1342374928.0,4.0,1342375184.0,1342375440.0,1342375696.0,1342375952.0,4.0,1342376208.0,1342376464.0,1342376720.0,1342376976.0,8.0,1342439688.0,1342439944.0,1342440200.0,1342440456.0,1342440712.0,1342440968.0,1342441224.0,1342441480.0,4.0,0.0,0.0,0.0,0.0,8.0,17.0,17.0,17.0,17.0,17.0,17.0,1.0,1.0,16.0,100.0,100.0,100.0,100.0,100.0,100.0,100.0,100.0,100.0,100.0,100.0,100.0,100.0,100.0,100.0,100.0,2.0,45.0,45.0,1.0,0.0,4.0,80.0,245.0,1.0,0.0,8.0,0.0,252.0,168.0,168.0,26.0,0.0,85.0,122.0,5.0,144.0,1842.0,3.0,6.0,1.0,12.0,0.0,0.0,0.0,0.0,0.0,1027.0,0.0,0.0,0.0,0.0,0.0,0.0,8.0,44.0,0.0,0.0,0.0,0.0,0.0,0.0,0.0,2.0,0.0,4.0,8.0,0.0,0.0,0.0,0.0,0.0,0.0,0.0,0.0,0.0,0.0,0.0,655761.0,0.0,340444200.0,34044204.0,2.02,129.0,0.0,2000.0,65.0,0.0,0.0,0.0,0.0,0.0,0.0,0.0,1.0,0.0,0.0,0.0,0.0,0.0,0.0,0.0,0.0,0.0,0.0,0.0,0.0,0.0,0.0,0.0,0.0,0.0,0.0,0.0,0.0,0.0,0.0,0.0,0.0,0.0,0.0,1.0,0.0,0.0,0.0,0.0,0.0,0.0,0.0,0.0,0.0,0.0,0.0,0.0,0.0,0.0,0.0,0.0,0.0,0.0,0.0,0.0,0.0,0.0,0.0,0.0,0.0,0.0,0.0,0.0,0.0,0.0,0.0,0.0,0.0,0.0,0.0,0.0,0.0,13.063,0.999,0.0,0.0,0.0,0.0,0.0,0.0,1.0,1.0,0.0,0.0,1000.0,0.0,0.0,0.0,0.0,0.0,0.0,
656,0.0,0.0,0.0,0.0,0.0,0.0,3.0,1.0,1.0,1.0,3.0,1.0,1.0,1.0,4.0,1275.0,3408964.0,131072.0,0.0,2.0,1537.0,1409.0,5.0,513.0,255.0,0.0,0.0,0.0,5.0,769.0,255.0,0.0,0.0,0.0,5.0,1025.0,255.0,0.0,0.0,0.0,5.0,1281.0,254.0,0.0,0.0,0.0,2.0,1644167432.0,1644167688.0,4.0,1678835984.0,1678836240.0,1678836496.0,1678836752.0,4.0,1678837008.0,1678837264.0,1678837520.0,1678837776.0,1.0,537198856.0,5.0,417.0,254.0,0.0,0.0,0.0,5.0,449.0,254.0,0.0,0.0,0.0,5.0,481.0,254.0,0.0,0.0,0.0,5.0,673.0,254.0,0.0,0.0,0.0,5.0,705.0,254.0,0.0,0.0,0.0,5.0,737.0,254.0,0.0,0.0,0.0,5.0,929.0,254.0,0.0,0.0,0.0,4.0,1342177544.0,1342177800.0,1342178056.0,1342178312.0,8.0,1342243080.0,1342243336.0,1342243592.0,1342243848.0,1342244104.0,1342244360.0,1342244616.0,1342244872.0,4.0,1342308624.0,1342308880.0,1342309136.0,1342309392.0,4.0,1342374160.0,1342374416.0,1342374672.0,1342374928.0,4.0,1342375184.0,1342375440.0,1342375696.0,1342375952.0,4.0,1342376208.0,1342376464.0,1342376720.0,1342376976.0,8.0,1342439688.0,1342439944.0,1342440200.0,1342440456.0,1342440712.0,1342440968.0,1342441224.0,1342441480.0,4.0,0.0,0.0,0.0,0.0,8.0,17.0,17.0,17.0,17.0,17.0,17.0,1.0,1.0,16.0,100.0,100.0,100.0,100.0,100.0,100.0,100.0,100.0,100.0,100.0,100.0,100.0,100.0,100.0,100.0,100.0,2.0,45.0,45.0,1.0,0.0,4.0,80.0,245.0,1.0,0.0,8.0,0.0,252.0,168.0,168.0,26.0,0.0,85.0,122.0,5.0,144.0,1842.0,3.0,6.0,1.0,12.0,0.0,0.0,0.0,0.0,0.0,1027.0,0.0,0.0,0.0,0.0,0.0,0.0,8.0,44.0,0.0,0.0,0.0,0.0,0.0,0.0,0.0,2.0,0.0,4.0,8.0,0.0,0.0,0.0,0.0,0.0,0.0,0.0,0.0,0.0,0.0,0.0,655761.0,0.0,340444200.0,34044204.0,2.02,129.0,0.0,2000.0,65.0,0.0,0.0,0.0,0.0,0.0,0.0,0.0,1.0,0.0,0.0,0.0,0.0,0.0,0.0,0.0,0.0,0.0,0.0,0.0,0.0,0.0,0.0,0.0,0.0,0.0,0.0,0.0,0.0,0.0,0.0,0.0,0.0,0.0,0.0,1.0,0.0,0.0,0.0,0.0,0.0,0.0,0.0,0.0,0.0,0.0,0.0,0.0,0.0,0.0,0.0,0.0,0.0,0.0,0.0,0.0,0.0,0.0,0.0,0.0,0.0,0.0,0.0,0.0,0.0,0.0,0.0,0.0,0.0,0.0,0.0,0.0,0.0,13.064,0.999,0.0,0.0,0.0,0.0,0.0,0.0,1.0,1.0,0.0,0.0,1000.0,0.0,0.0,0.0,0.0,0.0,0.0,
657,0.0,0.0,0.0,0.0,0.0,0.0,3.0,1.0,1.0,1.0,3.0,1.0,1.0,1.0,4.0,1275.0,3408964.0,131072.0,0.0,2.0,1537.0,1409.0,5.0,513.0,255.0,0.0,0.0,0.0,5.0,769.0,255.0,0.0,0.0,0.0,5.0,1025.0,255.0,0.0,0.0,0.0,5.0,1281.0,254.0,0.0,0.0,0.0,2.0,1644167432.0,1644167688.0,4.0,1678835984.0,1678836240.0,1678836496.0,1678836752.0,4.0,1678837008.0,1678837264.0,1678837520.0,1678837776.0,1.0,537198856.0,5.0,417.0,254.0,0.0,0.0,0.0,5.0,449.0,254.0,0.0,0.0,0.0,5.0,481.0,254.0,0.0,0.0,0.0,5.0,673.0,254.0,0.0,0.0,0.0,5.0,705.0,254.0,0.0,0.0,0.0,5.0,737.0,254.0,0.0,0.0,0.0,5.0,929.0,254.0,0.0,0.0,0.0,4.0,1342177544.0,1342177800.0,1342178056.0,1342178312.0,8.0,1342243080.0,1342243336.0,1342243592.0,1342243848.0,1342244104.0,1342244360.0,1342244616.0,1342244872.0,4.0,1342308624.0,1342308880.0,1342309136.0,1342309392.0,4.0,1342374160.0,1342374416.0,1342374672.0,1342374928.0,4.0,1342375184.0,1342375440.0,1342375696.0,1342375952.0,4.0,1342376208.0,1342376464.0,1342376720.0,1342376976.0,8.0,1342439688.0,1342439944.0,1342440200.0,1342440456.0,1342440712.0,1342440968.0,1342441224.0,1342441480.0,4.0,0.0,0.0,0.0,0.0,8.0,17.0,17.0,17.0,17.0,17.0,17.0,1.0,1.0,16.0,100.0,100.0,100.0,100.0,100.0,100.0,100.0,100.0,100.0,100.0,100.0,100.0,100.0,100.0,100.0,100.0,2.0,45.0,45.0,1.0,0.0,4.0,80.0,245.0,1.0,0.0,8.0,0.0,252.0,168.0,168.0,26.0,0.0,85.0,122.0,5.0,144.0,1842.0,3.0,6.0,1.0,12.0,0.0,0.0,0.0,0.0,0.0,1027.0,0.0,0.0,0.0,0.0,0.0,0.0,8.0,44.0,0.0,0.0,0.0,0.0,0.0,0.0,0.0,2.0,0.0,4.0,8.0,0.0,0.0,0.0,0.0,0.0,0.0,0.0,0.0,0.0,0.0,0.0,655761.0,0.0,340444200.0,34044204.0,2.02,129.0,0.0,2000.0,65.0,0.0,0.0,0.0,0.0,0.0,0.0,0.0,1.0,0.0,0.0,0.0,0.0,0.0,0.0,0.0,0.0,0.0,0.0,0.0,0.0,0.0,0.0,0.0,0.0,0.0,0.0,0.0,0.0,0.0,0.0,0.0,0.0,0.0,0.0,1.0,0.0,0.0,0.0,0.0,0.0,0.0,0.0,0.0,0.0,0.0,0.0,0.0,0.0,0.0,0.0,0.0,0.0,0.0,0.0,0.0,0.0,0.0,0.0,0.0,0.0,0.0,0.0,0.0,0.0,0.0,0.0,0.0,0.0,0.0,0.0,0.0,0.0,13.064,0.999,0.0,0.0,0.0,0.0,0.0,0.0,1.0,1.0,0.0,0.0,1000.0,0.0,0.0,0.0,0.0,0.0,0.0,
662,0.0,0.0,0.0,0.0,0.0,0.0,3.0,1.0,1.0,1.0,3.0,1.0,1.0,1.0,4.0,1275.0,3408964.0,131072.0,0.0,2.0,1537.0,1409.0,5.0,513.0,255.0,0.0,0.0,0.0,5.0,769.0,255.0,0.0,0.0,0.0,5.0,1025.0,255.0,0.0,0.0,0.0,5.0,1281.0,254.0,0.0,0.0,0.0,2.0,1644167432.0,1644167688.0,4.0,1678835984.0,1678836240.0,1678836496.0,1678836752.0,4.0,1678837008.0,1678837264.0,1678837520.0,1678837776.0,1.0,537198856.0,5.0,417.0,254.0,0.0,0.0,0.0,5.0,449.0,254.0,0.0,0.0,0.0,5.0,481.0,254.0,0.0,0.0,0.0,5.0,673.0,254.0,0.0,0.0,0.0,5.0,705.0,254.0,0.0,0.0,0.0,5.0,737.0,254.0,0.0,0.0,0.0,5.0,929.0,254.0,0.0,0.0,0.0,4.0,1342177544.0,1342177800.0,1342178056.0,1342178312.0,8.0,1342243080.0,1342243336.0,1342243592.0,1342243848.0,1342244104.0,1342244360.0,1342244616.0,1342244872.0,4.0,1342308624.0,1342308880.0,1342309136.0,1342309392.0,4.0,1342374160.0,1342374416.0,1342374672.0,1342374928.0,4.0,1342375184.0,1342375440.0,1342375696.0,1342375952.0,4.0,1342376208.0,1342376464.0,1342376720.0,1342376976.0,8.0,1342439688.0,1342439944.0,1342440200.0,1342440456.0,1342440712.0,1342440968.0,1342441224.0,1342441480.0,4.0,0.0,0.0,0.0,0.0,8.0,17.0,17.0,17.0,17.0,17.0,17.0,1.0,1.0,16.0,100.0,100.0,100.0,100.0,100.0,100.0,100.0,100.0,100.0,100.0,100.0,100.0,100.0,100.0,100.0,100.0,2.0,45.0,45.0,1.0,0.0,4.0,80.0,245.0,1.0,0.0,8.0,0.0,252.0,168.0,168.0,26.0,0.0,85.0,122.0,5.0,144.0,1842.0,3.0,6.0,1.0,12.0,0.0,0.0,0.0,0.0,0.0,1556.0,0.0,0.0,0.0,0.0,0.0,0.0,8.0,44.0,0.0,0.0,0.0,0.0,0.0,0.0,0.0,2.0,0.0,4.0,8.0,0.0,0.0,0.0,0.0,0.0,0.0,0.0,0.0,0.0,0.0,0.0,655761.0,0.0,340444200.0,34044204.0,2.02,129.0,0.0,2000.0,65.0,0.0,0.0,0.0,0.0,0.0,0.0,0.0,1.0,0.0,0.0,0.0,0.0,0.0,0.0,0.0,0.0,0.0,0.0,0.0,0.0,0.0,0.0,0.0,0.0,0.0,0.0,0.0,0.0,0.0,0.0,0.0,0.0,0.0,0.0,1.0,0.0,0.0,0.0,0.0,0.0,0.0,0.0,0.0,0.0,0.0,0.0,0.0,0.0,0.0,0.0,0.0,0.0,0.0,0.0,0.0,0.0,0.0,0.0,0.0,0.0,0.0,0.0,0.0,0.0,0.0,0.0,0.0,0.0,0.0,0.0,0.0,0.0,12.373,1.499,0.0,0.0,0.0,0.0,0.0,0.0,1.0,1.0,0.0,0.0,1500.0,0.0,0.0,0.0,0.0,0.0,0.0,
663,0.0,0.0,0.0,0.0,0.0,0.0,3.0,1.0,1.0,1.0,3.0,1.0,1.0,1.0,4.0,1275.0,3408964.0,131072.0,0.0,2.0,1537.0,1409.0,5.0,513.0,255.0,0.0,0.0,0.0,5.0,769.0,255.0,0.0,0.0,0.0,5.0,1025.0,255.0,0.0,0.0,0.0,5.0,1281.0,254.0,0.0,0.0,0.0,2.0,1644167432.0,1644167688.0,4.0,1678835984.0,1678836240.0,1678836496.0,1678836752.0,4.0,1678837008.0,1678837264.0,1678837520.0,1678837776.0,1.0,537198856.0,5.0,417.0,254.0,0.0,0.0,0.0,5.0,449.0,254.0,0.0,0.0,0.0,5.0,481.0,254.0,0.0,0.0,0.0,5.0,673.0,254.0,0.0,0.0,0.0,5.0,705.0,254.0,0.0,0.0,0.0,5.0,737.0,254.0,0.0,0.0,0.0,5.0,929.0,254.0,0.0,0.0,0.0,4.0,1342177544.0,1342177800.0,1342178056.0,1342178312.0,8.0,1342243080.0,1342243336.0,1342243592.0,1342243848.0,1342244104.0,1342244360.0,1342244616.0,1342244872.0,4.0,1342308624.0,1342308880.0,1342309136.0,1342309392.0,4.0,1342374160.0,1342374416.0,1342374672.0,1342374928.0,4.0,1342375184.0,1342375440.0,1342375696.0,1342375952.0,4.0,1342376208.0,1342376464.0,1342376720.0,1342376976.0,8.0,1342439688.0,1342439944.0,1342440200.0,1342440456.0,1342440712.0,1342440968.0,1342441224.0,1342441480.0,4.0,0.0,0.0,0.0,0.0,8.0,17.0,17.0,17.0,17.0,17.0,17.0,1.0,1.0,16.0,100.0,100.0,100.0,100.0,100.0,100.0,100.0,100.0,100.0,100.0,100.0,100.0,100.0,100.0,100.0,100.0,2.0,45.0,45.0,1.0,0.0,4.0,80.0,245.0,1.0,0.0,8.0,0.0,252.0,168.0,168.0,26.0,0.0,85.0,122.0,5.0,144.0,1842.0,3.0,6.0,1.0,12.0,0.0,0.0,0.0,0.0,0.0,1560.0,0.0,0.0,0.0,0.0,0.0,0.0,8.0,44.0,0.0,0.0,0.0,0.0,0.0,0.0,0.0,2.0,0.0,4.0,8.0,0.0,0.0,0.0,0.0,0.0,0.0,0.0,0.0,0.0,0.0,0.0,655761.0,0.0,340444200.0,34044204.0,2.02,129.0,0.0,2000.0,65.0,0.0,0.0,0.0,0.0,0.0,0.0,0.0,1.0,0.0,0.0,0.0,0.0,0.0,0.0,0.0,0.0,0.0,0.0,0.0,0.0,0.0,0.0,0.0,0.0,0.0,0.0,0.0,0.0,0.0,0.0,0.0,0.0,0.0,0.0,1.0,0.0,0.0,0.0,0.0,0.0,0.0,0.0,0.0,0.0,0.0,0.0,0.0,0.0,0.0,0.0,0.0,0.0,0.0,0.0,0.0,0.0,0.0,0.0,0.0,0.0,0.0,0.0,0.0,0.0,0.0,0.0,0.0,0.0,0.0,0.0,0.0,0.0,12.373,1.499,0.0,0.0,0.0,0.0,0.0,0.0,1.0,1.0,0.0,0.0,1500.0,0.0,0.0,0.0,0.0,0.0,0.0,
664,0.0,0.0,0.0,0.0,0.0,0.0,3.0,1.0,1.0,1.0,3.0,1.0,1.0,1.0,4.0,1275.0,3408964.0,131072.0,0.0,2.0,1537.0,1409.0,5.0,513.0,255.0,0.0,0.0,0.0,5.0,769.0,255.0,0.0,0.0,0.0,5.0,1025.0,255.0,0.0,0.0,0.0,5.0,1281.0,254.0,0.0,0.0,0.0,2.0,1644167432.0,1644167688.0,4.0,1678835984.0,1678836240.0,1678836496.0,1678836752.0,4.0,1678837008.0,1678837264.0,1678837520.0,1678837776.0,1.0,537198856.0,5.0,417.0,254.0,0.0,0.0,0.0,5.0,449.0,254.0,0.0,0.0,0.0,5.0,481.0,254.0,0.0,0.0,0.0,5.0,673.0,254.0,0.0,0.0,0.0,5.0,705.0,254.0,0.0,0.0,0.0,5.0,737.0,254.0,0.0,0.0,0.0,5.0,929.0,254.0,0.0,0.0,0.0,4.0,1342177544.0,1342177800.0,1342178056.0,1342178312.0,8.0,1342243080.0,1342243336.0,1342243592.0,1342243848.0,1342244104.0,1342244360.0,1342244616.0,1342244872.0,4.0,1342308624.0,1342308880.0,1342309136.0,1342309392.0,4.0,1342374160.0,1342374416.0,1342374672.0,1342374928.0,4.0,1342375184.0,1342375440.0,1342375696.0,1342375952.0,4.0,1342376208.0,1342376464.0,1342376720.0,1342376976.0,8.0,1342439688.0,1342439944.0,1342440200.0,1342440456.0,1342440712.0,1342440968.0,1342441224.0,1342441480.0,4.0,0.0,0.0,0.0,0.0,8.0,17.0,17.0,17.0,17.0,17.0,17.0,1.0,1.0,16.0,100.0,100.0,100.0,100.0,100.0,100.0,100.0,100.0,100.0,100.0,100.0,100.0,100.0,100.0,100.0,100.0,2.0,45.0,45.0,1.0,0.0,4.0,80.0,245.0,1.0,0.0,8.0,0.0,252.0,168.0,168.0,26.0,0.0,85.0,122.0,5.0,144.0,1842.0,3.0,6.0,1.0,12.0,0.0,0.0,0.0,0.0,0.0,1560.0,0.0,0.0,0.0,0.0,0.0,0.0,8.0,44.0,0.0,0.0,0.0,0.0,0.0,0.0,0.0,2.0,0.0,4.0,8.0,0.0,0.0,0.0,0.0,0.0,0.0,0.0,0.0,0.0,0.0,0.0,655761.0,0.0,340444200.0,34044204.0,2.02,129.0,0.0,2000.0,65.0,0.0,0.0,0.0,0.0,0.0,0.0,0.0,1.0,0.0,0.0,0.0,0.0,0.0,0.0,0.0,0.0,0.0,0.0,0.0,0.0,0.0,0.0,0.0,0.0,0.0,0.0,0.0,0.0,0.0,0.0,0.0,0.0,0.0,0.0,1.0,0.0,0.0,0.0,0.0,0.0,0.0,0.0,0.0,0.0,0.0,0.0,0.0,0.0,0.0,0.0,0.0,0.0,0.0,0.0,0.0,0.0,0.0,0.0,0.0,0.0,0.0,0.0,0.0,0.0,0.0,0.0,0.0,0.0,0.0,0.0,0.0,0.0,12.373,1.499,0.0,0.0,0.0,0.0,0.0,0.0,1.0,1.0,0.0,0.0,1500.0,0.0,0.0,0.0,0.0,0.0,0.0,
669,0.0,0.0,0.0,0.0,0.0,0.0,3.0,1.0,1.0,1.0,3.0,1.0,1.0,1.0,4.0,1275.0,3408964.0,131072.0,0.0,2.0,1537.0,1409.0,5.0,513.0,255.0,0.0,0.0,0.0,5.0,769.0,255.0,0.0,0.0,0.0,5.0,1025.0,255.0,0.0,0.0,0.0,5.0,1281.0,254.0,0.0,0.0,0.0,2.0,1644167432.0,1644167688.0,4.0,1678835984.0,1678836240.0,1678836496.0,1678836752.0,4.0,1678837008.0,1678837264.0,1678837520.0,1678837776.0,1.0,537198856.0,5.0,417.0,254.0,0.0,0.0,0.0,5.0,449.0,254.0,0.0,0.0,0.0,5.0,481.0,254.0,0.0,0.0,0.0,5.0,673.0,254.0,0.0,0.0,0.0,5.0,705.0,254.0,0.0,0.0,0.0,5.0,737.0,254.0,0.0,0.0,0.0,5.0,929.0,254.0,0.0,0.0,0.0,4.0,1342177544.0,1342177800.0,1342178056.0,1342178312.0,8.0,1342243080.0,1342243336.0,1342243592.0,1342243848.0,1342244104.0,1342244360.0,1342244616.0,1342244872.0,4.0,1342308624.0,1342308880.0,1342309136.0,1342309392.0,4.0,1342374160.0,1342374416.0,1342374672.0,1342374928.0,4.0,1342375184.0,1342375440.0,1342375696.0,1342375952.0,4.0,1342376208.0,1342376464.0,1342376720.0,1342376976.0,8.0,1342439688.0,1342439944.0,1342440200.0,1342440456.0,1342440712.0,1342440968.0,1342441224.0,1342441480.0,4.0,0.0,0.0,0.0,0.0,8.0,17.0,17.0,17.0,17.0,17.0,17.0,1.0,1.0,16.0,100.0,100.0,100.0,100.0,100.0,100.0,100.0,100.0,100.0,100.0,100.0,100.0,100.0,100.0,100.0,100.0,2.0,45.0,45.0,1.0,0.0,4.0,80.0,245.0,1.0,0.0,8.0,0.0,252.0,168.0,168.0,26.0,0.0,85.0,122.0,5.0,143.0,1842.0,3.0,6.0,1.0,12.0,0.0,0.0,0.0,0.0,0.0,2098.0,0.0,0.0,0.0,0.0,0.0,0.0,8.0,44.0,0.0,0.0,0.0,0.0,0.0,0.0,0.0,2.0,0.0,4.0,8.0,0.0,0.0,0.0,0.0,0.0,0.0,0.0,0.0,0.0,0.0,0.0,655761.0,0.0,340444200.0,34044204.0,2.02,129.0,0.0,2000.0,65.0,0.0,0.0,0.0,0.0,0.0,0.0,0.0,1.0,0.0,0.0,0.0,0.0,0.0,0.0,0.0,0.0,0.0,0.0,0.0,0.0,0.0,0.0,0.0,0.0,0.0,0.0,0.0,0.0,0.0,0.0,0.0,0.0,0.0,0.0,1.0,0.0,0.0,0.0,0.0,0.0,0.0,0.0,0.0,0.0,0.0,0.0,0.0,0.0,0.0,0.0,0.0,0.0,0.0,0.0,0.0,0.0,0.0,0.0,0.0,0.0,0.0,0.0,0.0,0.0,0.0,0.0,0.0,0.0,0.0,0.0,0.0,0.0,11.69,1.999,0.0,0.0,0.0,0.0,0.0,0.0,1.0,1.0,0.0,0.0,2000.0,0.0,0.0,0.0,0.0,0.0,0.0,
670,0.0,0.0,0.0,0.0,0.0,0.0,3.0,1.0,1.0,1.0,3.0,1.0,1.0,1.0,4.0,1275.0,3408964.0,131072.0,0.0,2.0,1537.0,1409.0,5.0,513.0,255.0,0.0,0.0,0.0,5.0,769.0,255.0,0.0,0.0,0.0,5.0,1025.0,255.0,0.0,0.0,0.0,5.0,1281.0,254.0,0.0,0.0,0.0,2.0,1644167432.0,1644167688.0,4.0,1678835984.0,1678836240.0,1678836496.0,1678836752.0,4.0,1678837008.0,1678837264.0,1678837520.0,1678837776.0,1.0,537198856.0,5.0,417.0,254.0,0.0,0.0,0.0,5.0,449.0,254.0,0.0,0.0,0.0,5.0,481.0,254.0,0.0,0.0,0.0,5.0,673.0,254.0,0.0,0.0,0.0,5.0,705.0,254.0,0.0,0.0,0.0,5.0,737.0,254.0,0.0,0.0,0.0,5.0,929.0,254.0,0.0,0.0,0.0,4.0,1342177544.0,1342177800.0,1342178056.0,1342178312.0,8.0,1342243080.0,1342243336.0,1342243592.0,1342243848.0,1342244104.0,1342244360.0,1342244616.0,1342244872.0,4.0,1342308624.0,1342308880.0,1342309136.0,1342309392.0,4.0,1342374160.0,1342374416.0,1342374672.0,1342374928.0,4.0,1342375184.0,1342375440.0,1342375696.0,1342375952.0,4.0,1342376208.0,1342376464.0,1342376720.0,1342376976.0,8.0,1342439688.0,1342439944.0,1342440200.0,1342440456.0,1342440712.0,1342440968.0,1342441224.0,1342441480.0,4.0,0.0,0.0,0.0,0.0,8.0,17.0,17.0,17.0,17.0,17.0,17.0,1.0,1.0,16.0,100.0,100.0,100.0,100.0,100.0,100.0,100.0,100.0,100.0,100.0,100.0,100.0,100.0,100.0,100.0,100.0,2.0,45.0,45.0,1.0,0.0,4.0,80.0,245.0,1.0,0.0,8.0,0.0,252.0,168.0,168.0,26.0,0.0,85.0,122.0,5.0,143.0,1837.0,3.0,6.0,1.0,12.0,0.0,0.0,0.0,0.0,0.0,2098.0,0.0,0.0,0.0,0.0,0.0,0.0,8.0,44.0,0.0,0.0,0.0,0.0,0.0,0.0,0.0,2.0,0.0,4.0,8.0,0.0,0.0,0.0,0.0,0.0,0.0,0.0,0.0,0.0,0.0,0.0,655761.0,0.0,340444200.0,34044204.0,2.02,129.0,0.0,2000.0,65.0,0.0,0.0,0.0,0.0,0.0,0.0,0.0,1.0,0.0,0.0,0.0,0.0,0.0,0.0,0.0,0.0,0.0,0.0,0.0,0.0,0.0,0.0,0.0,0.0,0.0,0.0,0.0,0.0,0.0,0.0,0.0,0.0,0.0,0.0,1.0,0.0,0.0,0.0,0.0,0.0,0.0,0.0,0.0,0.0,0.0,0.0,0.0,0.0,0.0,0.0,0.0,0.0,0.0,0.0,0.0,0.0,0.0,0.0,0.0,0.0,0.0,0.0,0.0,0.0,0.0,0.0,0.0,0.0,0.0,0.0,0.0,0.0,11.692,1.999,0.0,0.0,0.0,0.0,0.0,0.0,1.0,1.0,0.0,0.0,2000.0,0.0,0.0,0.0,0.0,0.0,0.0,
671,0.0,0.0,0.0,0.0,0.0,0.0,3.0,1.0,1.0,1.0,3.0,1.0,1.0,1.0,4.0,1275.0,3408964.0,131072.0,0.0,2.0,1537.0,1409.0,5.0,513.0,255.0,0.0,0.0,0.0,5.0,769.0,255.0,0.0,0.0,0.0,5.0,1025.0,255.0,0.0,0.0,0.0,5.0,1281.0,254.0,0.0,0.0,0.0,2.0,1644167432.0,1644167688.0,4.0,1678835984.0,1678836240.0,1678836496.0,1678836752.0,4.0,1678837008.0,1678837264.0,1678837520.0,1678837776.0,1.0,537198856.0,5.0,417.0,254.0,0.0,0.0,0.0,5.0,449.0,254.0,0.0,0.0,0.0,5.0,481.0,254.0,0.0,0.0,0.0,5.0,673.0,254.0,0.0,0.0,0.0,5.0,705.0,254.0,0.0,0.0,0.0,5.0,737.0,254.0,0.0,0.0,0.0,5.0,929.0,254.0,0.0,0.0,0.0,4.0,1342177544.0,1342177800.0,1342178056.0,1342178312.0,8.0,1342243080.0,1342243336.0,1342243592.0,1342243848.0,1342244104.0,1342244360.0,1342244616.0,1342244872.0,4.0,1342308624.0,1342308880.0,1342309136.0,1342309392.0,4.0,1342374160.0,1342374416.0,1342374672.0,1342374928.0,4.0,1342375184.0,1342375440.0,1342375696.0,1342375952.0,4.0,1342376208.0,1342376464.0,1342376720.0,1342376976.0,8.0,1342439688.0,1342439944.0,1342440200.0,1342440456.0,1342440712.0,1342440968.0,1342441224.0,1342441480.0,4.0,0.0,0.0,0.0,0.0,8.0,17.0,17.0,17.0,17.0,17.0,17.0,1.0,1.0,16.0,100.0,100.0,100.0,100.0,100.0,100.0,100.0,100.0,100.0,100.0,100.0,100.0,100.0,100.0,100.0,100.0,2.0,45.0,45.0,1.0,0.0,4.0,80.0,245.0,1.0,0.0,8.0,0.0,252.0,168.0,168.0,26.0,0.0,85.0,122.0,5.0,143.0,1837.0,3.0,6.0,1.0,12.0,0.0,0.0,0.0,0.0,0.0,2098.0,0.0,0.0,0.0,0.0,0.0,0.0,8.0,44.0,0.0,0.0,0.0,0.0,0.0,0.0,0.0,2.0,0.0,4.0,8.0,0.0,0.0,0.0,0.0,0.0,0.0,0.0,0.0,0.0,0.0,0.0,655761.0,0.0,340444200.0,34044204.0,2.02,129.0,0.0,2000.0,65.0,0.0,0.0,0.0,0.0,0.0,0.0,0.0,1.0,0.0,0.0,0.0,0.0,0.0,0.0,0.0,0.0,0.0,0.0,0.0,0.0,0.0,0.0,0.0,0.0,0.0,0.0,0.0,0.0,0.0,0.0,0.0,0.0,0.0,0.0,1.0,0.0,0.0,0.0,0.0,0.0,0.0,0.0,0.0,0.0,0.0,0.0,0.0,0.0,0.0,0.0,0.0,0.0,0.0,0.0,0.0,0.0,0.0,0.0,0.0,0.0,0.0,0.0,0.0,0.0,0.0,0.0,0.0,0.0,0.0,0.0,0.0,0.0,11.692,1.999,0.0,0.0,0.0,0.0,0.0,0.0,1.0,1.0,0.0,0.0,2000.0,0.0,0.0,0.0,0.0,0.0,0.0,
676,0.0,0.0,0.0,0.0,0.0,0.0,3.0,1.0,1.0,1.0,3.0,1.0,1.0,1.0,4.0,1275.0,3408964.0,131072.0,0.0,2.0,1537.0,1409.0,5.0,513.0,255.0,0.0,0.0,0.0,5.0,769.0,255.0,0.0,0.0,0.0,5.0,1025.0,255.0,0.0,0.0,0.0,5.0,1281.0,254.0,0.0,0.0,0.0,2.0,1644167432.0,1644167688.0,4.0,1678835984.0,1678836240.0,1678836496.0,1678836752.0,4.0,1678837008.0,1678837264.0,1678837520.0,1678837776.0,1.0,537198856.0,5.0,417.0,254.0,0.0,0.0,0.0,5.0,449.0,254.0,0.0,0.0,0.0,5.0,481.0,254.0,0.0,0.0,0.0,5.0,673.0,254.0,0.0,0.0,0.0,5.0,705.0,254.0,0.0,0.0,0.0,5.0,737.0,254.0,0.0,0.0,0.0,5.0,929.0,254.0,0.0,0.0,0.0,4.0,1342177544.0,1342177800.0,1342178056.0,1342178312.0,8.0,1342243080.0,1342243336.0,1342243592.0,1342243848.0,1342244104.0,1342244360.0,1342244616.0,1342244872.0,4.0,1342308624.0,1342308880.0,1342309136.0,1342309392.0,4.0,1342374160.0,1342374416.0,1342374672.0,1342374928.0,4.0,1342375184.0,1342375440.0,1342375696.0,1342375952.0,4.0,1342376208.0,1342376464.0,1342376720.0,1342376976.0,8.0,1342439688.0,1342439944.0,1342440200.0,1342440456.0,1342440712.0,1342440968.0,1342441224.0,1342441480.0,4.0,0.0,0.0,0.0,0.0,8.0,17.0,17.0,17.0,17.0,17.0,17.0,1.0,1.0,16.0,100.0,100.0,100.0,100.0,100.0,100.0,100.0,100.0,100.0,100.0,100.0,100.0,100.0,100.0,100.0,100.0,2.0,45.0,45.0,1.0,0.0,4.0,80.0,245.0,1.0,0.0,8.0,0.0,252.0,168.0,168.0,26.0,0.0,85.0,122.0,5.0,143.0,1842.0,3.0,6.0,1.0,12.0,0.0,0.0,0.0,0.0,0.0,2636.0,0.0,0.0,0.0,0.0,0.0,0.0,8.0,44.0,0.0,0.0,0.0,0.0,0.0,0.0,0.0,2.0,0.0,4.0,8.0,0.0,0.0,0.0,0.0,0.0,0.0,0.0,0.0,0.0,0.0,0.0,655761.0,0.0,340444200.0,34044204.0,2.02,129.0,0.0,2000.0,65.0,0.0,0.0,0.0,0.0,0.0,0.0,0.0,1.0,0.0,0.0,0.0,0.0,0.0,0.0,0.0,0.0,0.0,0.0,0.0,0.0,0.0,0.0,0.0,0.0,0.0,0.0,0.0,0.0,0.0,0.0,0.0,0.0,0.0,0.0,1.0,0.0,0.0,0.0,0.0,0.0,0.0,0.0,0.0,0.0,0.0,0.0,0.0,0.0,0.0,0.0,0.0,0.0,0.0,0.0,0.0,0.0,0.0,0.0,0.0,0.0,0.0,0.0,0.0,0.0,0.0,0.0,0.0,0.0,0.0,0.0,0.0,0.0,11.006,2.499,0.0,0.0,0.0,0.0,0.0,0.0,1.0,1.0,0.0,0.0,2500.0,0.0,0.0,0.0,0.0,0.0,0.0,
677,0.0,0.0,0.0,0.0,0.0,0.0,3.0,1.0,1.0,1.0,3.0,1.0,1.0,1.0,4.0,1275.0,3408964.0,131072.0,0.0,2.0,1537.0,1409.0,5.0,513.0,255.0,0.0,0.0,0.0,5.0,769.0,255.0,0.0,0.0,0.0,5.0,1025.0,255.0,0.0,0.0,0.0,5.0,1281.0,254.0,0.0,0.0,0.0,2.0,1644167432.0,1644167688.0,4.0,1678835984.0,1678836240.0,1678836496.0,1678836752.0,4.0,1678837008.0,1678837264.0,1678837520.0,1678837776.0,1.0,537198856.0,5.0,417.0,254.0,0.0,0.0,0.0,5.0,449.0,254.0,0.0,0.0,0.0,5.0,481.0,254.0,0.0,0.0,0.0,5.0,673.0,254.0,0.0,0.0,0.0,5.0,705.0,254.0,0.0,0.0,0.0,5.0,737.0,254.0,0.0,0.0,0.0,5.0,929.0,254.0,0.0,0.0,0.0,4.0,1342177544.0,1342177800.0,1342178056.0,1342178312.0,8.0,1342243080.0,1342243336.0,1342243592.0,1342243848.0,1342244104.0,1342244360.0,1342244616.0,1342244872.0,4.0,1342308624.0,1342308880.0,1342309136.0,1342309392.0,4.0,1342374160.0,1342374416.0,1342374672.0,1342374928.0,4.0,1342375184.0,1342375440.0,1342375696.0,1342375952.0,4.0,1342376208.0,1342376464.0,1342376720.0,1342376976.0,8.0,1342439688.0,1342439944.0,1342440200.0,1342440456.0,1342440712.0,1342440968.0,1342441224.0,1342441480.0,4.0,0.0,0.0,0.0,0.0,8.0,17.0,17.0,17.0,17.0,17.0,17.0,1.0,1.0,16.0,100.0,100.0,100.0,100.0,100.0,100.0,100.0,100.0,100.0,100.0,100.0,100.0,100.0,100.0,100.0,100.0,2.0,45.0,45.0,1.0,0.0,4.0,80.0,245.0,1.0,0.0,8.0,0.0,252.0,168.0,168.0,26.0,0.0,85.0,122.0,5.0,143.0,1842.0,3.0,6.0,1.0,12.0,0.0,0.0,0.0,0.0,0.0,2632.0,0.0,0.0,0.0,0.0,0.0,0.0,8.0,44.0,0.0,0.0,0.0,0.0,0.0,0.0,0.0,2.0,0.0,4.0,8.0,0.0,0.0,0.0,0.0,0.0,0.0,0.0,0.0,0.0,0.0,0.0,655761.0,0.0,340444200.0,34044204.0,2.02,129.0,0.0,2000.0,65.0,0.0,0.0,0.0,0.0,0.0,0.0,0.0,1.0,0.0,0.0,0.0,0.0,0.0,0.0,0.0,0.0,0.0,0.0,0.0,0.0,0.0,0.0,0.0,0.0,0.0,0.0,0.0,0.0,0.0,0.0,0.0,0.0,0.0,0.0,1.0,0.0,0.0,0.0,0.0,0.0,0.0,0.0,0.0,0.0,0.0,0.0,0.0,0.0,0.0,0.0,0.0,0.0,0.0,0.0,0.0,0.0,0.0,0.0,0.0,0.0,0.0,0.0,0.0,0.0,0.0,0.0,0.0,0.0,0.0,0.0,0.0,0.0,11.006,2.5,0.0,0.0,0.0,0.0,0.0,0.0,1.0,1.0,0.0,0.0,2500.0,0.0,0.0,0.0,0.0,0.0,0.0,
678,0.0,0.0,0.0,0.0,0.0,0.0,3.0,1.0,1.0,1.0,3.0,1.0,1.0,1.0,4.0,1275.0,3408964.0,131072.0,0.0,2.0,1537.0,1409.0,5.0,513.0,255.0,0.0,0.0,0.0,5.0,769.0,255.0,0.0,0.0,0.0,5.0,1025.0,255.0,0.0,0.0,0.0,5.0,1281.0,254.0,0.0,0.0,0.0,2.0,1644167432.0,1644167688.0,4.0,1678835984.0,1678836240.0,1678836496.0,1678836752.0,4.0,1678837008.0,1678837264.0,1678837520.0,1678837776.0,1.0,537198856.0,5.0,417.0,254.0,0.0,0.0,0.0,5.0,449.0,254.0,0.0,0.0,0.0,5.0,481.0,254.0,0.0,0.0,0.0,5.0,673.0,254.0,0.0,0.0,0.0,5.0,705.0,254.0,0.0,0.0,0.0,5.0,737.0,254.0,0.0,0.0,0.0,5.0,929.0,254.0,0.0,0.0,0.0,4.0,1342177544.0,1342177800.0,1342178056.0,1342178312.0,8.0,1342243080.0,1342243336.0,1342243592.0,1342243848.0,1342244104.0,1342244360.0,1342244616.0,1342244872.0,4.0,1342308624.0,1342308880.0,1342309136.0,1342309392.0,4.0,1342374160.0,1342374416.0,1342374672.0,1342374928.0,4.0,1342375184.0,1342375440.0,1342375696.0,1342375952.0,4.0,1342376208.0,1342376464.0,1342376720.0,1342376976.0,8.0,1342439688.0,1342439944.0,1342440200.0,1342440456.0,1342440712.0,1342440968.0,1342441224.0,1342441480.0,4.0,0.0,0.0,0.0,0.0,8.0,17.0,17.0,17.0,17.0,17.0,17.0,1.0,1.0,16.0,100.0,100.0,100.0,100.0,100.0,100.0,100.0,100.0,100.0,100.0,100.0,100.0,100.0,100.0,100.0,100.0,2.0,45.0,45.0,1.0,0.0,4.0,80.0,245.0,1.0,0.0,8.0,0.0,252.0,168.0,168.0,26.0,0.0,85.0,122.0,5.0,143.0,1842.0,3.0,6.0,1.0,12.0,0.0,0.0,0.0,0.0,0.0,2632.0,0.0,0.0,0.0,0.0,0.0,0.0,8.0,44.0,0.0,0.0,0.0,0.0,0.0,0.0,0.0,2.0,0.0,4.0,8.0,0.0,0.0,0.0,0.0,0.0,0.0,0.0,0.0,0.0,0.0,0.0,655761.0,0.0,340444200.0,34044204.0,2.02,129.0,0.0,2000.0,65.0,0.0,0.0,0.0,0.0,0.0,0.0,0.0,1.0,0.0,0.0,0.0,0.0,0.0,0.0,0.0,0.0,0.0,0.0,0.0,0.0,0.0,0.0,0.0,0.0,0.0,0.0,0.0,0.0,0.0,0.0,0.0,0.0,0.0,0.0,1.0,0.0,0.0,0.0,0.0,0.0,0.0,0.0,0.0,0.0,0.0,0.0,0.0,0.0,0.0,0.0,0.0,0.0,0.0,0.0,0.0,0.0,0.0,0.0,0.0,0.0,0.0,0.0,0.0,0.0,0.0,0.0,0.0,0.0,0.0,0.0,0.0,0.0,11.007,2.5,0.0,0.0,0.0,0.0,0.0,0.0,1.0,1.0,0.0,0.0,2500.0,0.0,0.0,0.0,0.0,0.0,0.0,
683,0.0,0.0,0.0,0.0,0.0,0.0,3.0,1.0,1.0,1.0,3.0,1.0,1.0,1.0,4.0,1275.0,3408964.0,131072.0,0.0,2.0,1537.0,1409.0,5.0,513.0,255.0,0.0,0.0,0.0,5.0,769.0,255.0,0.0,0.0,0.0,5.0,1025.0,255.0,0.0,0.0,0.0,5.0,1281.0,254.0,0.0,0.0,0.0,2.0,1644167432.0,1644167688.0,4.0,1678835984.0,1678836240.0,1678836496.0,1678836752.0,4.0,1678837008.0,1678837264.0,1678837520.0,1678837776.0,1.0,537198856.0,5.0,417.0,254.0,0.0,0.0,0.0,5.0,449.0,254.0,0.0,0.0,0.0,5.0,481.0,254.0,0.0,0.0,0.0,5.0,673.0,254.0,0.0,0.0,0.0,5.0,705.0,254.0,0.0,0.0,0.0,5.0,737.0,254.0,0.0,0.0,0.0,5.0,929.0,254.0,0.0,0.0,0.0,4.0,1342177544.0,1342177800.0,1342178056.0,1342178312.0,8.0,1342243080.0,1342243336.0,1342243592.0,1342243848.0,1342244104.0,1342244360.0,1342244616.0,1342244872.0,4.0,1342308624.0,1342308880.0,1342309136.0,1342309392.0,4.0,1342374160.0,1342374416.0,1342374672.0,1342374928.0,4.0,1342375184.0,1342375440.0,1342375696.0,1342375952.0,4.0,1342376208.0,1342376464.0,1342376720.0,1342376976.0,8.0,1342439688.0,1342439944.0,1342440200.0,1342440456.0,1342440712.0,1342440968.0,1342441224.0,1342441480.0,4.0,0.0,0.0,0.0,0.0,8.0,17.0,17.0,17.0,17.0,17.0,17.0,1.0,1.0,16.0,100.0,100.0,100.0,100.0,100.0,100.0,100.0,100.0,100.0,100.0,100.0,100.0,100.0,100.0,100.0,100.0,2.0,45.0,45.0,1.0,0.0,4.0,80.0,245.0,1.0,0.0,8.0,0.0,252.0,168.0,168.0,26.0,0.0,85.0,122.0,5.0,143.0,1842.0,3.0,6.0,1.0,12.0,0.0,0.0,0.0,0.0,0.0,3165.0,0.0,0.0,0.0,0.0,0.0,0.0,8.0,44.0,0.0,0.0,0.0,0.0,0.0,0.0,0.0,2.0,0.0,4.0,8.0,0.0,0.0,0.0,0.0,0.0,0.0,0.0,0.0,0.0,0.0,0.0,655761.0,0.0,340444200.0,34044204.0,2.02,129.0,0.0,2000.0,65.0,0.0,0.0,0.0,0.0,0.0,0.0,0.0,1.0,0.0,0.0,0.0,0.0,0.0,0.0,0.0,0.0,0.0,0.0,0.0,0.0,0.0,0.0,0.0,0.0,0.0,0.0,0.0,0.0,0.0,0.0,0.0,0.0,0.0,0.0,1.0,0.0,0.0,0.0,0.0,0.0,0.0,0.0,0.0,0.0,0.0,0.0,0.0,0.0,0.0,0.0,0.0,0.0,0.0,0.0,0.0,0.0,0.0,0.0,0.0,0.0,0.0,0.0,0.0,0.0,0.0,0.0,0.0,0.0,0.0,0.0,0.0,0.0,10.34,2.999,0.0,0.0,0.0,0.0,0.0,0.0,1.0,1.0,0.0,0.0,3000.0,0.0,0.0,0.0,0.0,0.0,0.0,
684,0.0,0.0,0.0,0.0,0.0,0.0,3.0,1.0,1.0,1.0,3.0,1.0,1.0,1.0,4.0,1275.0,3408964.0,131072.0,0.0,2.0,1537.0,1409.0,5.0,513.0,255.0,0.0,0.0,0.0,5.0,769.0,255.0,0.0,0.0,0.0,5.0,1025.0,255.0,0.0,0.0,0.0,5.0,1281.0,254.0,0.0,0.0,0.0,2.0,1644167432.0,1644167688.0,4.0,1678835984.0,1678836240.0,1678836496.0,1678836752.0,4.0,1678837008.0,1678837264.0,1678837520.0,1678837776.0,1.0,537198856.0,5.0,417.0,254.0,0.0,0.0,0.0,5.0,449.0,254.0,0.0,0.0,0.0,5.0,481.0,254.0,0.0,0.0,0.0,5.0,673.0,254.0,0.0,0.0,0.0,5.0,705.0,254.0,0.0,0.0,0.0,5.0,737.0,254.0,0.0,0.0,0.0,5.0,929.0,254.0,0.0,0.0,0.0,4.0,1342177544.0,1342177800.0,1342178056.0,1342178312.0,8.0,1342243080.0,1342243336.0,1342243592.0,1342243848.0,1342244104.0,1342244360.0,1342244616.0,1342244872.0,4.0,1342308624.0,1342308880.0,1342309136.0,1342309392.0,4.0,1342374160.0,1342374416.0,1342374672.0,1342374928.0,4.0,1342375184.0,1342375440.0,1342375696.0,1342375952.0,4.0,1342376208.0,1342376464.0,1342376720.0,1342376976.0,8.0,1342439688.0,1342439944.0,1342440200.0,1342440456.0,1342440712.0,1342440968.0,1342441224.0,1342441480.0,4.0,0.0,0.0,0.0,0.0,8.0,17.0,17.0,17.0,17.0,17.0,17.0,1.0,1.0,16.0,100.0,100.0,100.0,100.0,100.0,100.0,100.0,100.0,100.0,100.0,100.0,100.0,100.0,100.0,100.0,100.0,2.0,45.0,45.0,1.0,0.0,4.0,80.0,245.0,1.0,0.0,8.0,0.0,252.0,168.0,168.0,26.0,0.0,85.0,122.0,5.0,143.0,1837.0,3.0,6.0,1.0,12.0,0.0,0.0,0.0,0.0,0.0,3165.0,0.0,0.0,0.0,0.0,0.0,0.0,8.0,44.0,0.0,0.0,0.0,0.0,0.0,0.0,0.0,2.0,0.0,4.0,8.0,0.0,0.0,0.0,0.0,0.0,0.0,0.0,0.0,0.0,0.0,0.0,655761.0,0.0,340444200.0,34044204.0,2.02,129.0,0.0,2000.0,65.0,0.0,0.0,0.0,0.0,0.0,0.0,0.0,1.0,0.0,0.0,0.0,0.0,0.0,0.0,0.0,0.0,0.0,0.0,0.0,0.0,0.0,0.0,0.0,0.0,0.0,0.0,0.0,0.0,0.0,0.0,0.0,0.0,0.0,0.0,1.0,0.0,0.0,0.0,0.0,0.0,0.0,0.0,0.0,0.0,0.0,0.0,0.0,0.0,0.0,0.0,0.0,0.0,0.0,0.0,0.0,0.0,0.0,0.0,0.0,0.0,0.0,0.0,0.0,0.0,0.0,0.0,0.0,0.0,0.0,0.0,0.0,0.0,10.343,2.999,0.0,0.0,0.0,0.0,0.0,0.0,1.0,1.0,0.0,0.0,3000.0,0.0,0.0,0.0,0.0,0.0,0.0,
685,0.0,0.0,0.0,0.0,0.0,0.0,3.0,1.0,1.0,1.0,3.0,1.0,1.0,1.0,4.0,1275.0,3408964.0,131072.0,0.0,2.0,1537.0,1409.0,5.0,513.0,255.0,0.0,0.0,0.0,5.0,769.0,255.0,0.0,0.0,0.0,5.0,1025.0,255.0,0.0,0.0,0.0,5.0,1281.0,254.0,0.0,0.0,0.0,2.0,1644167432.0,1644167688.0,4.0,1678835984.0,1678836240.0,1678836496.0,1678836752.0,4.0,1678837008.0,1678837264.0,1678837520.0,1678837776.0,1.0,537198856.0,5.0,417.0,254.0,0.0,0.0,0.0,5.0,449.0,254.0,0.0,0.0,0.0,5.0,481.0,254.0,0.0,0.0,0.0,5.0,673.0,254.0,0.0,0.0,0.0,5.0,705.0,254.0,0.0,0.0,0.0,5.0,737.0,254.0,0.0,0.0,0.0,5.0,929.0,254.0,0.0,0.0,0.0,4.0,1342177544.0,1342177800.0,1342178056.0,1342178312.0,8.0,1342243080.0,1342243336.0,1342243592.0,1342243848.0,1342244104.0,1342244360.0,1342244616.0,1342244872.0,4.0,1342308624.0,1342308880.0,1342309136.0,1342309392.0,4.0,1342374160.0,1342374416.0,1342374672.0,1342374928.0,4.0,1342375184.0,1342375440.0,1342375696.0,1342375952.0,4.0,1342376208.0,1342376464.0,1342376720.0,1342376976.0,8.0,1342439688.0,1342439944.0,1342440200.0,1342440456.0,1342440712.0,1342440968.0,1342441224.0,1342441480.0,4.0,0.0,0.0,0.0,0.0,8.0,17.0,17.0,17.0,17.0,17.0,17.0,1.0,1.0,16.0,100.0,100.0,100.0,100.0,100.0,100.0,100.0,100.0,100.0,100.0,100.0,100.0,100.0,100.0,100.0,100.0,2.0,45.0,45.0,1.0,0.0,4.0,80.0,245.0,1.0,0.0,8.0,0.0,252.0,168.0,168.0,26.0,0.0,85.0,122.0,5.0,143.0,1837.0,3.0,6.0,1.0,12.0,0.0,0.0,0.0,0.0,0.0,3165.0,0.0,0.0,0.0,0.0,0.0,0.0,8.0,44.0,0.0,0.0,0.0,0.0,0.0,0.0,0.0,2.0,0.0,4.0,8.0,0.0,0.0,0.0,0.0,0.0,0.0,0.0,0.0,0.0,0.0,0.0,655761.0,0.0,340444200.0,34044204.0,2.02,129.0,0.0,2000.0,65.0,0.0,0.0,0.0,0.0,0.0,0.0,0.0,1.0,0.0,0.0,0.0,0.0,0.0,0.0,0.0,0.0,0.0,0.0,0.0,0.0,0.0,0.0,0.0,0.0,0.0,0.0,0.0,0.0,0.0,0.0,0.0,0.0,0.0,0.0,1.0,0.0,0.0,0.0,0.0,0.0,0.0,0.0,0.0,0.0,0.0,0.0,0.0,0.0,0.0,0.0,0.0,0.0,0.0,0.0,0.0,0.0,0.0,0.0,0.0,0.0,0.0,0.0,0.0,0.0,0.0,0.0,0.0,0.0,0.0,0.0,0.0,0.0,10.343,2.999,0.0,0.0,0.0,0.0,0.0,0.0,1.0,1.0,0.0,0.0,3000.0,0.0,0.0,0.0,0.0,0.0,0.0,
690,0.0,0.0,0.0,0.0,0.0,0.0,3.0,1.0,1.0,1.0,3.0,1.0,1.0,1.0,4.0,1275.0,3408964.0,131072.0,0.0,2.0,1537.0,1409.0,5.0,513.0,255.0,0.0,0.0,0.0,5.0,769.0,255.0,0.0,0.0,0.0,5.0,1025.0,255.0,0.0,0.0,0.0,5.0,1281.0,254.0,0.0,0.0,0.0,2.0,1644167432.0,1644167688.0,4.0,1678835984.0,1678836240.0,1678836496.0,1678836752.0,4.0,1678837008.0,1678837264.0,1678837520.0,1678837776.0,1.0,537198856.0,5.0,417.0,254.0,0.0,0.0,0.0,5.0,449.0,254.0,0.0,0.0,0.0,5.0,481.0,254.0,0.0,0.0,0.0,5.0,673.0,254.0,0.0,0.0,0.0,5.0,705.0,254.0,0.0,0.0,0.0,5.0,737.0,254.0,0.0,0.0,0.0,5.0,929.0,254.0,0.0,0.0,0.0,4.0,1342177544.0,1342177800.0,1342178056.0,1342178312.0,8.0,1342243080.0,1342243336.0,1342243592.0,1342243848.0,1342244104.0,1342244360.0,1342244616.0,1342244872.0,4.0,1342308624.0,1342308880.0,1342309136.0,1342309392.0,4.0,1342374160.0,1342374416.0,1342374672.0,1342374928.0,4.0,1342375184.0,1342375440.0,1342375696.0,1342375952.0,4.0,1342376208.0,1342376464.0,1342376720.0,1342376976.0,8.0,1342439688.0,1342439944.0,1342440200.0,1342440456.0,1342440712.0,1342440968.0,1342441224.0,1342441480.0,4.0,0.0,0.0,0.0,0.0,8.0,17.0,17.0,17.0,17.0,17.0,17.0,1.0,1.0,16.0,100.0,100.0,100.0,100.0,100.0,100.0,100.0,100.0,100.0,100.0,100.0,100.0,100.0,100.0,100.0,100.0,2.0,45.0,45.0,1.0,0.0,4.0,80.0,245.0,1.0,0.0,8.0,0.0,252.0,168.0,168.0,26.0,0.0,85.0,122.0,5.0,143.0,1837.0,3.0,6.0,1.0,12.0,0.0,0.0,0.0,0.0,0.0,3699.0,0.0,0.0,0.0,0.0,0.0,0.0,8.0,44.0,0.0,0.0,0.0,0.0,0.0,0.0,0.0,2.0,0.0,4.0,8.0,0.0,0.0,0.0,0.0,0.0,0.0,0.0,0.0,0.0,0.0,0.0,655761.0,0.0,340444200.0,34044204.0,2.02,129.0,0.0,2000.0,65.0,0.0,0.0,0.0,0.0,0.0,0.0,0.0,1.0,0.0,0.0,0.0,0.0,0.0,0.0,0.0,0.0,0.0,0.0,0.0,0.0,0.0,0.0,0.0,0.0,0.0,0.0,0.0,0.0,0.0,0.0,0.0,0.0,0.0,0.0,1.0,0.0,0.0,0.0,0.0,0.0,0.0,0.0,0.0,0.0,0.0,0.0,0.0,0.0,0.0,0.0,0.0,0.0,0.0,0.0,0.0,0.0,0.0,0.0,0.0,0.0,0.0,0.0,0.0,0.0,0.0,0.0,0.0,0.0,0.0,0.0,0.0,0.0,9.67,3.5,0.0,0.0,0.0,0.0,0.0,0.0,1.0,1.0,0.0,0.0,3500.0,0.0,0.0,0.0,0.0,0.0,0.0,
691,0.0,0.0,0.0,0.0,0.0,0.0,3.0,1.0,1.0,1.0,3.0,1.0,1.0,1.0,4.0,1275.0,3408964.0,131072.0,0.0,2.0,1537.0,1409.0,5.0,513.0,255.0,0.0,0.0,0.0,5.0,769.0,255.0,0.0,0.0,0.0,5.0,1025.0,255.0,0.0,0.0,0.0,5.0,1281.0,254.0,0.0,0.0,0.0,2.0,1644167432.0,1644167688.0,4.0,1678835984.0,1678836240.0,1678836496.0,1678836752.0,4.0,1678837008.0,1678837264.0,1678837520.0,1678837776.0,1.0,537198856.0,5.0,417.0,254.0,0.0,0.0,0.0,5.0,449.0,254.0,0.0,0.0,0.0,5.0,481.0,254.0,0.0,0.0,0.0,5.0,673.0,254.0,0.0,0.0,0.0,5.0,705.0,254.0,0.0,0.0,0.0,5.0,737.0,254.0,0.0,0.0,0.0,5.0,929.0,254.0,0.0,0.0,0.0,4.0,1342177544.0,1342177800.0,1342178056.0,1342178312.0,8.0,1342243080.0,1342243336.0,1342243592.0,1342243848.0,1342244104.0,1342244360.0,1342244616.0,1342244872.0,4.0,1342308624.0,1342308880.0,1342309136.0,1342309392.0,4.0,1342374160.0,1342374416.0,1342374672.0,1342374928.0,4.0,1342375184.0,1342375440.0,1342375696.0,1342375952.0,4.0,1342376208.0,1342376464.0,1342376720.0,1342376976.0,8.0,1342439688.0,1342439944.0,1342440200.0,1342440456.0,1342440712.0,1342440968.0,1342441224.0,1342441480.0,4.0,0.0,0.0,0.0,0.0,8.0,17.0,17.0,17.0,17.0,17.0,17.0,1.0,1.0,16.0,100.0,100.0,100.0,100.0,100.0,100.0,100.0,100.0,100.0,100.0,100.0,100.0,100.0,100.0,100.0,100.0,2.0,45.0,45.0,1.0,0.0,4.0,80.0,245.0,1.0,0.0,8.0,0.0,252.0,168.0,168.0,26.0,0.0,85.0,122.0,5.0,143.0,1837.0,3.0,6.0,1.0,12.0,0.0,0.0,0.0,0.0,0.0,3699.0,0.0,0.0,0.0,0.0,0.0,0.0,8.0,44.0,0.0,0.0,0.0,0.0,0.0,0.0,0.0,2.0,0.0,4.0,8.0,0.0,0.0,0.0,0.0,0.0,0.0,0.0,0.0,0.0,0.0,0.0,655761.0,0.0,340444200.0,34044204.0,2.02,129.0,0.0,2000.0,65.0,0.0,0.0,0.0,0.0,0.0,0.0,0.0,1.0,0.0,0.0,0.0,0.0,0.0,0.0,0.0,0.0,0.0,0.0,0.0,0.0,0.0,0.0,0.0,0.0,0.0,0.0,0.0,0.0,0.0,0.0,0.0,0.0,0.0,0.0,1.0,0.0,0.0,0.0,0.0,0.0,0.0,0.0,0.0,0.0,0.0,0.0,0.0,0.0,0.0,0.0,0.0,0.0,0.0,0.0,0.0,0.0,0.0,0.0,0.0,0.0,0.0,0.0,0.0,0.0,0.0,0.0,0.0,0.0,0.0,0.0,0.0,0.0,9.671,3.499,0.0,0.0,0.0,0.0,0.0,0.0,1.0,1.0,0.0,0.0,3500.0,0.0,0.0,0.0,0.0,0.0,0.0,
692,0.0,0.0,0.0,0.0,0.0,0.0,3.0,1.0,1.0,1.0,3.0,1.0,1.0,1.0,4.0,1275.0,3408964.0,131072.0,0.0,2.0,1537.0,1409.0,5.0,513.0,255.0,0.0,0.0,0.0,5.0,769.0,255.0,0.0,0.0,0.0,5.0,1025.0,255.0,0.0,0.0,0.0,5.0,1281.0,254.0,0.0,0.0,0.0,2.0,1644167432.0,1644167688.0,4.0,1678835984.0,1678836240.0,1678836496.0,1678836752.0,4.0,1678837008.0,1678837264.0,1678837520.0,1678837776.0,1.0,537198856.0,5.0,417.0,254.0,0.0,0.0,0.0,5.0,449.0,254.0,0.0,0.0,0.0,5.0,481.0,254.0,0.0,0.0,0.0,5.0,673.0,254.0,0.0,0.0,0.0,5.0,705.0,254.0,0.0,0.0,0.0,5.0,737.0,254.0,0.0,0.0,0.0,5.0,929.0,254.0,0.0,0.0,0.0,4.0,1342177544.0,1342177800.0,1342178056.0,1342178312.0,8.0,1342243080.0,1342243336.0,1342243592.0,1342243848.0,1342244104.0,1342244360.0,1342244616.0,1342244872.0,4.0,1342308624.0,1342308880.0,1342309136.0,1342309392.0,4.0,1342374160.0,1342374416.0,1342374672.0,1342374928.0,4.0,1342375184.0,1342375440.0,1342375696.0,1342375952.0,4.0,1342376208.0,1342376464.0,1342376720.0,1342376976.0,8.0,1342439688.0,1342439944.0,1342440200.0,1342440456.0,1342440712.0,1342440968.0,1342441224.0,1342441480.0,4.0,0.0,0.0,0.0,0.0,8.0,17.0,17.0,17.0,17.0,17.0,17.0,1.0,1.0,16.0,100.0,100.0,100.0,100.0,100.0,100.0,100.0,100.0,100.0,100.0,100.0,100.0,100.0,100.0,100.0,100.0,2.0,45.0,45.0,1.0,0.0,4.0,80.0,245.0,1.0,0.0,8.0,0.0,252.0,168.0,168.0,26.0,0.0,85.0,122.0,5.0,143.0,1837.0,3.0,6.0,1.0,12.0,0.0,0.0,0.0,0.0,0.0,3699.0,0.0,0.0,0.0,0.0,0.0,0.0,8.0,44.0,0.0,0.0,0.0,0.0,0.0,0.0,0.0,2.0,0.0,4.0,8.0,0.0,0.0,0.0,0.0,0.0,0.0,0.0,0.0,0.0,0.0,0.0,655761.0,0.0,340444200.0,34044204.0,2.02,129.0,0.0,2000.0,65.0,0.0,0.0,0.0,0.0,0.0,0.0,0.0,1.0,0.0,0.0,0.0,0.0,0.0,0.0,0.0,0.0,0.0,0.0,0.0,0.0,0.0,0.0,0.0,0.0,0.0,0.0,0.0,0.0,0.0,0.0,0.0,0.0,0.0,0.0,1.0,0.0,0.0,0.0,0.0,0.0,0.0,0.0,0.0,0.0,0.0,0.0,0.0,0.0,0.0,0.0,0.0,0.0,0.0,0.0,0.0,0.0,0.0,0.0,0.0,0.0,0.0,0.0,0.0,0.0,0.0,0.0,0.0,0.0,0.0,0.0,0.0,0.0,9.671,3.499,0.0,0.0,0.0,0.0,0.0,0.0,1.0,1.0,0.0,0.0,3500.0,0.0,0.0,0.0,0.0,0.0,0.0,
697,0.0,0.0,0.0,0.0,0.0,0.0,3.0,1.0,1.0,1.0,3.0,1.0,1.0,1.0,4.0,1275.0,3408964.0,131072.0,0.0,2.0,1537.0,1409.0,5.0,513.0,255.0,0.0,0.0,0.0,5.0,769.0,255.0,0.0,0.0,0.0,5.0,1025.0,255.0,0.0,0.0,0.0,5.0,1281.0,254.0,0.0,0.0,0.0,2.0,1644167432.0,1644167688.0,4.0,1678835984.0,1678836240.0,1678836496.0,1678836752.0,4.0,1678837008.0,1678837264.0,1678837520.0,1678837776.0,1.0,537198856.0,5.0,417.0,254.0,0.0,0.0,0.0,5.0,449.0,254.0,0.0,0.0,0.0,5.0,481.0,254.0,0.0,0.0,0.0,5.0,673.0,254.0,0.0,0.0,0.0,5.0,705.0,254.0,0.0,0.0,0.0,5.0,737.0,254.0,0.0,0.0,0.0,5.0,929.0,254.0,0.0,0.0,0.0,4.0,1342177544.0,1342177800.0,1342178056.0,1342178312.0,8.0,1342243080.0,1342243336.0,1342243592.0,1342243848.0,1342244104.0,1342244360.0,1342244616.0,1342244872.0,4.0,1342308624.0,1342308880.0,1342309136.0,1342309392.0,4.0,1342374160.0,1342374416.0,1342374672.0,1342374928.0,4.0,1342375184.0,1342375440.0,1342375696.0,1342375952.0,4.0,1342376208.0,1342376464.0,1342376720.0,1342376976.0,8.0,1342439688.0,1342439944.0,1342440200.0,1342440456.0,1342440712.0,1342440968.0,1342441224.0,1342441480.0,4.0,0.0,0.0,0.0,0.0,8.0,17.0,17.0,17.0,17.0,17.0,17.0,1.0,1.0,16.0,100.0,100.0,100.0,100.0,100.0,100.0,100.0,100.0,100.0,100.0,100.0,100.0,100.0,100.0,100.0,100.0,2.0,45.0,45.0,1.0,0.0,4.0,80.0,245.0,1.0,0.0,8.0,0.0,252.0,168.0,168.0,26.0,0.0,85.0,122.0,5.0,143.0,1842.0,3.0,6.0,1.0,12.0,0.0,0.0,0.0,0.0,0.0,4240.0,0.0,0.0,0.0,0.0,0.0,0.0,8.0,44.0,0.0,0.0,0.0,0.0,0.0,0.0,0.0,2.0,0.0,4.0,8.0,0.0,0.0,0.0,0.0,0.0,0.0,0.0,0.0,0.0,0.0,0.0,655761.0,0.0,340444200.0,34044204.0,2.02,129.0,0.0,2000.0,65.0,0.0,0.0,0.0,0.0,0.0,0.0,0.0,1.0,0.0,0.0,0.0,0.0,0.0,0.0,0.0,0.0,0.0,0.0,0.0,0.0,0.0,0.0,0.0,0.0,0.0,0.0,0.0,0.0,0.0,0.0,0.0,0.0,0.0,0.0,1.0,0.0,0.0,0.0,0.0,0.0,0.0,0.0,0.0,0.0,0.0,0.0,0.0,0.0,0.0,0.0,0.0,0.0,0.0,0.0,0.0,0.0,0.0,0.0,0.0,0.0,0.0,0.0,0.0,0.0,0.0,0.0,0.0,0.0,0.0,0.0,0.0,0.0,9.004,4.001,0.0,0.0,0.0,0.0,0.0,0.0,1.0,1.0,0.0,0.0,4000.0,0.0,0.0,0.0,0.0,0.0,0.0,
698,0.0,0.0,0.0,0.0,0.0,0.0,3.0,1.0,1.0,1.0,3.0,1.0,1.0,1.0,4.0,1275.0,3408964.0,131072.0,0.0,2.0,1537.0,1409.0,5.0,513.0,255.0,0.0,0.0,0.0,5.0,769.0,255.0,0.0,0.0,0.0,5.0,1025.0,255.0,0.0,0.0,0.0,5.0,1281.0,254.0,0.0,0.0,0.0,2.0,1644167432.0,1644167688.0,4.0,1678835984.0,1678836240.0,1678836496.0,1678836752.0,4.0,1678837008.0,1678837264.0,1678837520.0,1678837776.0,1.0,537198856.0,5.0,417.0,254.0,0.0,0.0,0.0,5.0,449.0,254.0,0.0,0.0,0.0,5.0,481.0,254.0,0.0,0.0,0.0,5.0,673.0,254.0,0.0,0.0,0.0,5.0,705.0,254.0,0.0,0.0,0.0,5.0,737.0,254.0,0.0,0.0,0.0,5.0,929.0,254.0,0.0,0.0,0.0,4.0,1342177544.0,1342177800.0,1342178056.0,1342178312.0,8.0,1342243080.0,1342243336.0,1342243592.0,1342243848.0,1342244104.0,1342244360.0,1342244616.0,1342244872.0,4.0,1342308624.0,1342308880.0,1342309136.0,1342309392.0,4.0,1342374160.0,1342374416.0,1342374672.0,1342374928.0,4.0,1342375184.0,1342375440.0,1342375696.0,1342375952.0,4.0,1342376208.0,1342376464.0,1342376720.0,1342376976.0,8.0,1342439688.0,1342439944.0,1342440200.0,1342440456.0,1342440712.0,1342440968.0,1342441224.0,1342441480.0,4.0,0.0,0.0,0.0,0.0,8.0,17.0,17.0,17.0,17.0,17.0,17.0,1.0,1.0,16.0,100.0,100.0,100.0,100.0,100.0,100.0,100.0,100.0,100.0,100.0,100.0,100.0,100.0,100.0,100.0,100.0,2.0,45.0,45.0,1.0,0.0,4.0,80.0,245.0,1.0,0.0,8.0,0.0,252.0,168.0,168.0,26.0,0.0,85.0,122.0,5.0,142.0,1842.0,3.0,6.0,1.0,12.0,0.0,0.0,0.0,0.0,0.0,4240.0,0.0,0.0,0.0,0.0,0.0,0.0,8.0,44.0,0.0,0.0,0.0,0.0,0.0,0.0,0.0,2.0,0.0,4.0,8.0,0.0,0.0,0.0,0.0,0.0,0.0,0.0,0.0,0.0,0.0,0.0,655761.0,0.0,340444200.0,34044204.0,2.02,129.0,0.0,2000.0,65.0,0.0,0.0,0.0,0.0,0.0,0.0,0.0,1.0,0.0,0.0,0.0,0.0,0.0,0.0,0.0,0.0,0.0,0.0,0.0,0.0,0.0,0.0,0.0,0.0,0.0,0.0,0.0,0.0,0.0,0.0,0.0,0.0,0.0,0.0,1.0,0.0,0.0,0.0,0.0,0.0,0.0,0.0,0.0,0.0,0.0,0.0,0.0,0.0,0.0,0.0,0.0,0.0,0.0,0.0,0.0,0.0,0.0,0.0,0.0,0.0,0.0,0.0,0.0,0.0,0.0,0.0,0.0,0.0,0.0,0.0,0.0,0.0,9.005,4.0,0.0,0.0,0.0,0.0,0.0,0.0,1.0,1.0,0.0,0.0,4000.0,0.0,0.0,0.0,0.0,0.0,0.0,
699,0.0,0.0,0.0,0.0,0.0,0.0,3.0,1.0,1.0,1.0,3.0,1.0,1.0,1.0,4.0,1275.0,3408964.0,131072.0,0.0,2.0,1537.0,1409.0,5.0,513.0,255.0,0.0,0.0,0.0,5.0,769.0,255.0,0.0,0.0,0.0,5.0,1025.0,255.0,0.0,0.0,0.0,5.0,1281.0,254.0,0.0,0.0,0.0,2.0,1644167432.0,1644167688.0,4.0,1678835984.0,1678836240.0,1678836496.0,1678836752.0,4.0,1678837008.0,1678837264.0,1678837520.0,1678837776.0,1.0,537198856.0,5.0,417.0,254.0,0.0,0.0,0.0,5.0,449.0,254.0,0.0,0.0,0.0,5.0,481.0,254.0,0.0,0.0,0.0,5.0,673.0,254.0,0.0,0.0,0.0,5.0,705.0,254.0,0.0,0.0,0.0,5.0,737.0,254.0,0.0,0.0,0.0,5.0,929.0,254.0,0.0,0.0,0.0,4.0,1342177544.0,1342177800.0,1342178056.0,1342178312.0,8.0,1342243080.0,1342243336.0,1342243592.0,1342243848.0,1342244104.0,1342244360.0,1342244616.0,1342244872.0,4.0,1342308624.0,1342308880.0,1342309136.0,1342309392.0,4.0,1342374160.0,1342374416.0,1342374672.0,1342374928.0,4.0,1342375184.0,1342375440.0,1342375696.0,1342375952.0,4.0,1342376208.0,1342376464.0,1342376720.0,1342376976.0,8.0,1342439688.0,1342439944.0,1342440200.0,1342440456.0,1342440712.0,1342440968.0,1342441224.0,1342441480.0,4.0,0.0,0.0,0.0,0.0,8.0,17.0,17.0,17.0,17.0,17.0,17.0,1.0,1.0,16.0,100.0,100.0,100.0,100.0,100.0,100.0,100.0,100.0,100.0,100.0,100.0,100.0,100.0,100.0,100.0,100.0,2.0,45.0,45.0,1.0,0.0,4.0,80.0,245.0,1.0,0.0,8.0,0.0,252.0,168.0,168.0,26.0,0.0,85.0,122.0,5.0,142.0,1842.0,3.0,6.0,1.0,12.0,0.0,0.0,0.0,0.0,0.0,4240.0,0.0,0.0,0.0,0.0,0.0,0.0,8.0,44.0,0.0,0.0,0.0,0.0,0.0,0.0,0.0,2.0,0.0,4.0,8.0,0.0,0.0,0.0,0.0,0.0,0.0,0.0,0.0,0.0,0.0,0.0,655761.0,0.0,340444200.0,34044204.0,2.02,129.0,0.0,2000.0,65.0,0.0,0.0,0.0,0.0,0.0,0.0,0.0,1.0,0.0,0.0,0.0,0.0,0.0,0.0,0.0,0.0,0.0,0.0,0.0,0.0,0.0,0.0,0.0,0.0,0.0,0.0,0.0,0.0,0.0,0.0,0.0,0.0,0.0,0.0,1.0,0.0,0.0,0.0,0.0,0.0,0.0,0.0,0.0,0.0,0.0,0.0,0.0,0.0,0.0,0.0,0.0,0.0,0.0,0.0,0.0,0.0,0.0,0.0,0.0,0.0,0.0,0.0,0.0,0.0,0.0,0.0,0.0,0.0,0.0,0.0,0.0,0.0,9.005,4.0,0.0,0.0,0.0,0.0,0.0,0.0,1.0,1.0,0.0,0.0,4000.0,0.0,0.0,0.0,0.0,0.0,0.0,
704,0.0,0.0,0.0,0.0,0.0,0.0,3.0,1.0,1.0,1.0,3.0,1.0,1.0,1.0,4.0,1275.0,3408964.0,131072.0,0.0,2.0,1537.0,1409.0,5.0,513.0,255.0,0.0,0.0,0.0,5.0,769.0,255.0,0.0,0.0,0.0,5.0,1025.0,255.0,0.0,0.0,0.0,5.0,1281.0,254.0,0.0,0.0,0.0,2.0,1644167432.0,1644167688.0,4.0,1678835984.0,1678836240.0,1678836496.0,1678836752.0,4.0,1678837008.0,1678837264.0,1678837520.0,1678837776.0,1.0,537198856.0,5.0,417.0,254.0,0.0,0.0,0.0,5.0,449.0,254.0,0.0,0.0,0.0,5.0,481.0,254.0,0.0,0.0,0.0,5.0,673.0,254.0,0.0,0.0,0.0,5.0,705.0,254.0,0.0,0.0,0.0,5.0,737.0,254.0,0.0,0.0,0.0,5.0,929.0,254.0,0.0,0.0,0.0,4.0,1342177544.0,1342177800.0,1342178056.0,1342178312.0,8.0,1342243080.0,1342243336.0,1342243592.0,1342243848.0,1342244104.0,1342244360.0,1342244616.0,1342244872.0,4.0,1342308624.0,1342308880.0,1342309136.0,1342309392.0,4.0,1342374160.0,1342374416.0,1342374672.0,1342374928.0,4.0,1342375184.0,1342375440.0,1342375696.0,1342375952.0,4.0,1342376208.0,1342376464.0,1342376720.0,1342376976.0,8.0,1342439688.0,1342439944.0,1342440200.0,1342440456.0,1342440712.0,1342440968.0,1342441224.0,1342441480.0,4.0,0.0,0.0,0.0,0.0,8.0,17.0,17.0,17.0,17.0,17.0,17.0,1.0,1.0,16.0,100.0,100.0,100.0,100.0,100.0,100.0,100.0,100.0,100.0,100.0,100.0,100.0,100.0,100.0,100.0,100.0,2.0,45.0,45.0,1.0,0.0,4.0,80.0,245.0,1.0,0.0,8.0,0.0,252.0,168.0,168.0,42.0,0.0,85.0,122.0,5.0,145.0,1842.0,3.0,6.0,1.0,12.0,0.0,0.0,0.0,0.0,0.0,0.0,0.0,0.0,0.0,0.0,0.0,0.0,8.0,44.0,0.0,0.0,0.0,0.0,0.0,0.0,0.0,2.0,0.0,4.0,8.0,0.0,0.0,0.0,0.0,0.0,0.0,0.0,0.0,0.0,0.0,0.0,655761.0,0.0,340444200.0,34044204.0,2.02,129.0,0.0,2000.0,65.0,0.0,0.0,0.0,0.0,0.0,0.0,0.0,1.0,0.0,0.0,0.0,0.0,0.0,0.0,0.0,0.0,0.0,0.0,0.0,0.0,0.0,0.0,0.0,0.0,0.0,0.0,0.0,0.0,0.0,0.0,0.0,0.0,0.0,0.0,1.0,0.0,0.0,0.0,0.0,0.0,0.0,0.0,0.0,0.0,0.0,0.0,0.0,0.0,0.0,0.0,0.0,0.0,0.0,0.0,0.0,0.0,0.0,0.0,0.0,0.0,0.0,0.0,0.0,0.0,0.0,0.0,0.0,0.0,0.0,0.0,0.0,0.0,0.0,0.0,0.0,0.0,0.0,0.0,0.0,0.0,1.0,1.0,0.0,0.0,4500.0,0.0,0.0,0.0,0.0,0.0,0.0,
705,0.0,0.0,0.0,0.0,0.0,0.0,3.0,1.0,1.0,1.0,3.0,1.0,1.0,1.0,4.0,1275.0,3408964.0,131072.0,0.0,2.0,1537.0,1409.0,5.0,513.0,255.0,0.0,0.0,0.0,5.0,769.0,255.0,0.0,0.0,0.0,5.0,1025.0,255.0,0.0,0.0,0.0,5.0,1281.0,254.0,0.0,0.0,0.0,2.0,1644167432.0,1644167688.0,4.0,1678835984.0,1678836240.0,1678836496.0,1678836752.0,4.0,1678837008.0,1678837264.0,1678837520.0,1678837776.0,1.0,537198856.0,5.0,417.0,254.0,0.0,0.0,0.0,5.0,449.0,254.0,0.0,0.0,0.0,5.0,481.0,254.0,0.0,0.0,0.0,5.0,673.0,254.0,0.0,0.0,0.0,5.0,705.0,254.0,0.0,0.0,0.0,5.0,737.0,254.0,0.0,0.0,0.0,5.0,929.0,254.0,0.0,0.0,0.0,4.0,1342177544.0,1342177800.0,1342178056.0,1342178312.0,8.0,1342243080.0,1342243336.0,1342243592.0,1342243848.0,1342244104.0,1342244360.0,1342244616.0,1342244872.0,4.0,1342308624.0,1342308880.0,1342309136.0,1342309392.0,4.0,1342374160.0,1342374416.0,1342374672.0,1342374928.0,4.0,1342375184.0,1342375440.0,1342375696.0,1342375952.0,4.0,1342376208.0,1342376464.0,1342376720.0,1342376976.0,8.0,1342439688.0,1342439944.0,1342440200.0,1342440456.0,1342440712.0,1342440968.0,1342441224.0,1342441480.0,4.0,0.0,0.0,0.0,0.0,8.0,17.0,17.0,17.0,17.0,17.0,17.0,1.0,1.0,16.0,100.0,100.0,100.0,100.0,100.0,100.0,100.0,100.0,100.0,100.0,100.0,100.0,100.0,100.0,100.0,100.0,2.0,45.0,45.0,1.0,0.0,4.0,80.0,245.0,1.0,0.0,8.0,0.0,252.0,168.0,168.0,42.0,0.0,85.0,122.0,5.0,144.0,1842.0,3.0,6.0,1.0,12.0,0.0,0.0,0.0,0.0,0.0,0.0,0.0,0.0,0.0,0.0,0.0,0.0,8.0,44.0,0.0,0.0,0.0,0.0,0.0,0.0,0.0,2.0,0.0,4.0,8.0,0.0,0.0,0.0,0.0,0.0,0.0,0.0,0.0,0.0,0.0,0.0,655761.0,0.0,340444200.0,34044204.0,2.02,129.0,0.0,2000.0,65.0,0.0,0.0,0.0,0.0,0.0,0.0,0.0,1.0,0.0,0.0,0.0,0.0,0.0,0.0,0.0,0.0,0.0,0.0,0.0,0.0,0.0,0.0,0.0,0.0,0.0,0.0,0.0,0.0,0.0,0.0,0.0,0.0,0.0,0.0,1.0,0.0,0.0,0.0,0.0,0.0,0.0,0.0,0.0,0.0,0.0,0.0,0.0,0.0,0.0,0.0,0.0,0.0,0.0,0.0,0.0,0.0,0.0,0.0,0.0,0.0,0.0,0.0,0.0,0.0,0.0,0.0,0.0,0.0,0.0,0.0,0.0,0.0,0.0,0.0,0.0,0.0,0.0,0.0,0.0,0.0,1.0,1.0,0.0,0.0,4500.0,0.0,0.0,0.0,0.0,0.0,0.0,
706,0.0,0.0,0.0,0.0,0.0,0.0,3.0,1.0,1.0,1.0,3.0,1.0,1.0,1.0,4.0,1275.0,3408964.0,131072.0,0.0,2.0,1537.0,1409.0,5.0,513.0,255.0,0.0,0.0,0.0,5.0,769.0,255.0,0.0,0.0,0.0,5.0,1025.0,255.0,0.0,0.0,0.0,5.0,1281.0,254.0,0.0,0.0,0.0,2.0,1644167432.0,1644167688.0,4.0,1678835984.0,1678836240.0,1678836496.0,1678836752.0,4.0,1678837008.0,1678837264.0,1678837520.0,1678837776.0,1.0,537198856.0,5.0,417.0,254.0,0.0,0.0,0.0,5.0,449.0,254.0,0.0,0.0,0.0,5.0,481.0,254.0,0.0,0.0,0.0,5.0,673.0,254.0,0.0,0.0,0.0,5.0,705.0,254.0,0.0,0.0,0.0,5.0,737.0,254.0,0.0,0.0,0.0,5.0,929.0,254.0,0.0,0.0,0.0,4.0,1342177544.0,1342177800.0,1342178056.0,1342178312.0,8.0,1342243080.0,1342243336.0,1342243592.0,1342243848.0,1342244104.0,1342244360.0,1342244616.0,1342244872.0,4.0,1342308624.0,1342308880.0,1342309136.0,1342309392.0,4.0,1342374160.0,1342374416.0,1342374672.0,1342374928.0,4.0,1342375184.0,1342375440.0,1342375696.0,1342375952.0,4.0,1342376208.0,1342376464.0,1342376720.0,1342376976.0,8.0,1342439688.0,1342439944.0,1342440200.0,1342440456.0,1342440712.0,1342440968.0,1342441224.0,1342441480.0,4.0,0.0,0.0,0.0,0.0,8.0,17.0,17.0,17.0,17.0,17.0,17.0,1.0,1.0,16.0,100.0,100.0,100.0,100.0,100.0,100.0,100.0,100.0,100.0,100.0,100.0,100.0,100.0,100.0,100.0,100.0,2.0,45.0,45.0,1.0,0.0,4.0,80.0,245.0,1.0,0.0,8.0,0.0,252.0,168.0,168.0,42.0,0.0,85.0,122.0,5.0,144.0,1842.0,3.0,6.0,1.0,12.0,0.0,0.0,0.0,0.0,0.0,0.0,0.0,0.0,0.0,0.0,0.0,0.0,8.0,44.0,0.0,0.0,0.0,0.0,0.0,0.0,0.0,2.0,0.0,4.0,8.0,0.0,0.0,0.0,0.0,0.0,0.0,0.0,0.0,0.0,0.0,0.0,655761.0,0.0,340444200.0,34044204.0,2.02,129.0,0.0,2000.0,65.0,0.0,0.0,0.0,0.0,0.0,0.0,0.0,1.0,0.0,0.0,0.0,0.0,0.0,0.0,0.0,0.0,0.0,0.0,0.0,0.0,0.0,0.0,0.0,0.0,0.0,0.0,0.0,0.0,0.0,0.0,0.0,0.0,0.0,0.0,1.0,0.0,0.0,0.0,0.0,0.0,0.0,0.0,0.0,0.0,0.0,0.0,0.0,0.0,0.0,0.0,0.0,0.0,0.0,0.0,0.0,0.0,0.0,0.0,0.0,0.0,0.0,0.0,0.0,0.0,0.0,0.0,0.0,0.0,0.0,0.0,0.0,0.0,0.0,0.0,0.0,0.0,0.0,0.0,0.0,0.0,1.0,1.0,0.0,0.0,4500.0,0.0,0.0,0.0,0.0,0.0,0.0,
709,0.0,0.0,0.0,0.0,0.0,0.0,3.0,1.0,1.0,1.0,3.0,1.0,1.0,1.0,4.0,1275.0,3408964.0,131072.0,0.0,2.0,1537.0,1409.0,5.0,513.0,255.0,0.0,0.0,0.0,5.0,769.0,255.0,0.0,0.0,0.0,5.0,1025.0,255.0,0.0,0.0,0.0,5.0,1281.0,254.0,0.0,0.0,0.0,2.0,1644167432.0,1644167688.0,4.0,1678835984.0,1678836240.0,1678836496.0,1678836752.0,4.0,1678837008.0,1678837264.0,1678837520.0,1678837776.0,1.0,537198856.0,5.0,417.0,254.0,0.0,0.0,0.0,5.0,449.0,254.0,0.0,0.0,0.0,5.0,481.0,254.0,0.0,0.0,0.0,5.0,673.0,254.0,0.0,0.0,0.0,5.0,705.0,254.0,0.0,0.0,0.0,5.0,737.0,254.0,0.0,0.0,0.0,5.0,929.0,254.0,0.0,0.0,0.0,4.0,1342177544.0,1342177800.0,1342178056.0,1342178312.0,8.0,1342243080.0,1342243336.0,1342243592.0,1342243848.0,1342244104.0,1342244360.0,1342244616.0,1342244872.0,4.0,1342308624.0,1342308880.0,1342309136.0,1342309392.0,4.0,1342374160.0,1342374416.0,1342374672.0,1342374928.0,4.0,1342375184.0,1342375440.0,1342375696.0,1342375952.0,4.0,1342376208.0,1342376464.0,1342376720.0,1342376976.0,8.0,1342439688.0,1342439944.0,1342440200.0,1342440456.0,1342440712.0,1342440968.0,1342441224.0,1342441480.0,4.0,0.0,0.0,0.0,0.0,8.0,17.0,17.0,17.0,17.0,17.0,17.0,1.0,1.0,16.0,100.0,100.0,100.0,100.0,100.0,100.0,100.0,100.0,100.0,100.0,100.0,100.0,100.0,100.0,100.0,100.0,2.0,45.0,45.0,1.0,0.0,4.0,80.0,245.0,1.0,0.0,8.0,0.0,252.0,168.0,168.0,42.0,0.0,85.0,122.0,5.0,145.0,1837.0,3.0,6.0,1.0,12.0,0.0,0.0,0.0,0.0,0.0,0.0,0.0,0.0,0.0,0.0,0.0,0.0,8.0,44.0,0.0,0.0,0.0,0.0,0.0,0.0,0.0,2.0,0.0,0.0,8.0,0.0,0.0,0.0,0.0,0.0,0.0,0.0,0.0,0.0,0.0,0.0,655761.0,0.0,340444200.0,34044204.0,2.02,129.0,0.0,2000.0,65.0,0.0,0.0,0.0,0.0,0.0,0.0,0.0,1.0,0.0,0.0,0.0,0.0,0.0,0.0,0.0,0.0,0.0,0.0,0.0,0.0,0.0,0.0,0.0,0.0,0.0,0.0,0.0,0.0,0.0,0.0,0.0,0.0,0.0,0.0,0.0,0.0,0.0,0.0,0.0,0.0,0.0,0.0,0.0,0.0,0.0,0.0,0.0,0.0,0.0,0.0,0.0,0.0,0.0,0.0,0.0,0.0,0.0,0.0,0.0,0.0,0.0,0.0,0.0,0.0,0.0,0.0,0.0,0.0,0.0,0.0,0.0,0.0,0.0,0.0,0.0,0.0,0.0,0.0,0.0,0.0,1.0,1.0,0.0,0.0,4500.0,0.0,0.0,0.0,0.0,0.0,0.0,
711,0.0,0.0,0.0,0.0,0.0,0.0,3.0,1.0,1.0,1.0,3.0,1.0,1.0,1.0,4.0,1275.0,3408964.0,131072.0,0.0,2.0,1537.0,1409.0,5.0,513.0,255.0,0.0,0.0,0.0,5.0,769.0,255.0,0.0,0.0,0.0,5.0,1025.0,255.0,0.0,0.0,0.0,5.0,1281.0,254.0,0.0,0.0,0.0,2.0,1644167432.0,1644167688.0,4.0,1678835984.0,1678836240.0,1678836496.0,1678836752.0,4.0,1678837008.0,1678837264.0,1678837520.0,1678837776.0,1.0,537198856.0,5.0,417.0,254.0,0.0,0.0,0.0,5.0,449.0,254.0,0.0,0.0,0.0,5.0,481.0,254.0,0.0,0.0,0.0,5.0,673.0,254.0,0.0,0.0,0.0,5.0,705.0,254.0,0.0,0.0,0.0,5.0,737.0,254.0,0.0,0.0,0.0,5.0,929.0,254.0,0.0,0.0,0.0,4.0,1342177544.0,1342177800.0,1342178056.0,1342178312.0,8.0,1342243080.0,1342243336.0,1342243592.0,1342243848.0,1342244104.0,1342244360.0,1342244616.0,1342244872.0,4.0,1342308624.0,1342308880.0,1342309136.0,1342309392.0,4.0,1342374160.0,1342374416.0,1342374672.0,1342374928.0,4.0,1342375184.0,1342375440.0,1342375696.0,1342375952.0,4.0,1342376208.0,1342376464.0,1342376720.0,1342376976.0,8.0,1342439688.0,1342439944.0,1342440200.0,1342440456.0,1342440712.0,1342440968.0,1342441224.0,1342441480.0,4.0,0.0,0.0,0.0,0.0,8.0,17.0,17.0,17.0,17.0,17.0,17.0,1.0,1.0,16.0,100.0,100.0,100.0,100.0,100.0,100.0,100.0,100.0,100.0,100.0,100.0,100.0,100.0,100.0,100.0,100.0,2.0,45.0,45.0,1.0,0.0,4.0,80.0,245.0,1.0,0.0,8.0,0.0,252.0,168.0,168.0,42.0,0.0,85.0,122.0,5.0,144.0,1842.0,3.0,6.0,1.0,12.0,0.0,0.0,0.0,0.0,0.0,0.0,0.0,0.0,0.0,0.0,0.0,0.0,8.0,44.0,0.0,0.0,0.0,0.0,0.0,0.0,0.0,2.0,0.0,0.0,8.0,0.0,0.0,0.0,0.0,0.0,0.0,0.0,0.0,0.0,0.0,0.0,655761.0,0.0,340444200.0,34044204.0,2.02,129.0,0.0,2000.0,65.0,0.0,0.0,0.0,0.0,0.0,0.0,0.0,1.0,0.0,0.0,0.0,0.0,0.0,0.0,0.0,0.0,0.0,0.0,0.0,0.0,0.0,0.0,0.0,0.0,0.0,0.0,0.0,0.0,0.0,0.0,0.0,0.0,0.0,0.0,0.0,0.0,0.0,0.0,0.0,0.0,0.0,0.0,0.0,0.0,0.0,0.0,0.0,0.0,0.0,0.0,0.0,0.0,0.0,0.0,0.0,0.0,0.0,0.0,0.0,0.0,0.0,0.0,0.0,0.0,0.0,0.0,0.0,0.0,0.0,0.0,0.0,0.0,0.0,0.0,0.0,0.0,0.0,0.0,0.0,0.0,1.0,1.0,0.0,0.0,0.0,0.0,0.0,0.0,0.0,0.0,0.0,
719,0.0,0.0,0.0,0.0,0.0,0.0,3.0,1.0,1.0,1.0,3.0,1.0,1.0,1.0,4.0,1275.0,3408964.0,131072.0,0.0,2.0,1537.0,1409.0,5.0,513.0,255.0,0.0,0.0,0.0,5.0,769.0,255.0,0.0,0.0,0.0,5.0,1025.0,255.0,0.0,0.0,0.0,5.0,1281.0,254.0,0.0,0.0,0.0,2.0,1644167432.0,1644167688.0,4.0,1678835984.0,1678836240.0,1678836496.0,1678836752.0,4.0,1678837008.0,1678837264.0,1678837520.0,1678837776.0,1.0,537198856.0,5.0,417.0,254.0,0.0,0.0,0.0,5.0,449.0,254.0,0.0,0.0,0.0,5.0,481.0,254.0,0.0,0.0,0.0,5.0,673.0,254.0,0.0,0.0,0.0,5.0,705.0,254.0,0.0,0.0,0.0,5.0,737.0,254.0,0.0,0.0,0.0,5.0,929.0,254.0,0.0,0.0,0.0,4.0,1342177544.0,1342177800.0,1342178056.0,1342178312.0,8.0,1342243080.0,1342243336.0,1342243592.0,1342243848.0,1342244104.0,1342244360.0,1342244616.0,1342244872.0,4.0,1342308624.0,1342308880.0,1342309136.0,1342309392.0,4.0,1342374160.0,1342374416.0,1342374672.0,1342374928.0,4.0,1342375184.0,1342375440.0,1342375696.0,1342375952.0,4.0,1342376208.0,1342376464.0,1342376720.0,1342376976.0,8.0,1342439688.0,1342439944.0,1342440200.0,1342440456.0,1342440712.0,1342440968.0,1342441224.0,1342441480.0,4.0,0.0,0.0,0.0,0.0,8.0,17.0,17.0,17.0,17.0,17.0,17.0,1.0,1.0,16.0,100.0,100.0,100.0,100.0,100.0,100.0,100.0,100.0,100.0,100.0,100.0,100.0,100.0,100.0,100.0,100.0,2.0,45.0,45.0,1.0,32.0,4.0,80.0,245.0,1.0,0.0,8.0,0.0,252.0,168.0,168.0,106.0,0.0,85.0,122.0,5.0,145.0,1842.0,3.0,6.0,1.0,12.0,0.0,0.0,0.0,0.0,0.0,0.0,0.0,0.0,0.0,0.0,0.0,0.0,8.0,44.0,0.0,0.0,0.0,0.0,0.0,0.0,0.0,2.0,0.0,8.0,8.0,0.0,0.0,0.0,0.0,0.0,0.0,0.0,0.0,0.0,0.0,0.0,655761.0,0.0,340444200.0,34044204.0,2.02,129.0,0.0,2000.0,65.0,0.0,0.0,0.0,0.0,0.0,0.0,0.0,1.0,0.0,0.0,0.0,0.0,0.0,0.0,0.0,0.0,0.0,0.0,0.0,0.0,0.0,0.0,0.0,0.0,0.0,0.0,0.0,0.0,0.0,0.0,0.0,0.0,0.0,0.0,0.0,1.0,0.0,0.0,0.0,0.0,0.0,0.0,0.0,0.0,0.0,0.0,0.0,0.0,0.0,0.0,0.0,0.0,0.0,0.0,0.0,0.0,0.0,0.0,0.0,0.0,0.0,0.0,0.0,0.0,0.0,0.0,0.0,0.0,0.0,0.0,0.0,0.0,14.41,0.0,0.0,0.0,0.0,0.0,0.0,0.0,1.0,1.0,0.0,0.0,0.0,0.0,0.0,0.0,0.0,0.0,0.0,
720,0.0,0.0,0.0,0.0,0.0,0.0,3.0,1.0,1.0,1.0,3.0,1.0,1.0,1.0,4.0,1275.0,3408964.0,131072.0,0.0,2.0,1537.0,1409.0,5.0,513.0,255.0,0.0,0.0,0.0,5.0,769.0,255.0,0.0,0.0,0.0,5.0,1025.0,255.0,0.0,0.0,0.0,5.0,1281.0,254.0,0.0,0.0,0.0,2.0,1644167432.0,1644167688.0,4.0,1678835984.0,1678836240.0,1678836496.0,1678836752.0,4.0,1678837008.0,1678837264.0,1678837520.0,1678837776.0,1.0,537198856.0,5.0,417.0,254.0,0.0,0.0,0.0,5.0,449.0,254.0,0.0,0.0,0.0,5.0,481.0,254.0,0.0,0.0,0.0,5.0,673.0,254.0,0.0,0.0,0.0,5.0,705.0,254.0,0.0,0.0,0.0,5.0,737.0,254.0,0.0,0.0,0.0,5.0,929.0,254.0,0.0,0.0,0.0,4.0,1342177544.0,1342177800.0,1342178056.0,1342178312.0,8.0,1342243080.0,1342243336.0,1342243592.0,1342243848.0,1342244104.0,1342244360.0,1342244616.0,1342244872.0,4.0,1342308624.0,1342308880.0,1342309136.0,1342309392.0,4.0,1342374160.0,1342374416.0,1342374672.0,1342374928.0,4.0,1342375184.0,1342375440.0,1342375696.0,1342375952.0,4.0,1342376208.0,1342376464.0,1342376720.0,1342376976.0,8.0,1342439688.0,1342439944.0,1342440200.0,1342440456.0,1342440712.0,1342440968.0,1342441224.0,1342441480.0,4.0,0.0,0.0,0.0,0.0,8.0,17.0,17.0,17.0,17.0,17.0,17.0,1.0,1.0,16.0,100.0,100.0,100.0,100.0,100.0,100.0,100.0,100.0,100.0,100.0,100.0,100.0,100.0,100.0,100.0,100.0,2.0,45.0,45.0,1.0,32.0,4.0,80.0,245.0,1.0,0.0,8.0,0.0,252.0,168.0,168.0,106.0,0.0,85.0,122.0,5.0,144.0,1837.0,3.0,6.0,1.0,12.0,0.0,0.0,0.0,0.0,0.0,0.0,0.0,0.0,0.0,0.0,0.0,0.0,8.0,44.0,0.0,0.0,0.0,0.0,0.0,0.0,0.0,2.0,0.0,8.0,8.0,0.0,0.0,0.0,0.0,0.0,0.0,0.0,0.0,0.0,0.0,0.0,655761.0,0.0,340444200.0,34044204.0,2.02,129.0,0.0,2000.0,65.0,0.0,0.0,0.0,0.0,0.0,0.0,0.0,1.0,0.0,0.0,0.0,0.0,0.0,0.0,0.0,0.0,0.0,0.0,0.0,0.0,0.0,0.0,0.0,0.0,0.0,0.0,0.0,0.0,0.0,0.0,0.0,0.0,0.0,0.0,0.0,1.0,0.0,0.0,0.0,0.0,0.0,0.0,0.0,0.0,0.0,0.0,0.0,0.0,0.0,0.0,0.0,0.0,0.0,0.0,0.0,0.0,0.0,0.0,0.0,0.0,0.0,0.0,0.0,0.0,0.0,0.0,0.0,0.0,0.0,0.0,0.0,0.0,14.409,0.0,0.0,0.0,0.0,0.0,0.0,0.0,1.0,1.0,0.0,0.0,0.0,0.0,0.0,0.0,0.0,0.0,0.0,
721,0.0,0.0,0.0,0.0,0.0,0.0,3.0,1.0,1.0,1.0,3.0,1.0,1.0,1.0,4.0,1275.0,3408964.0,131072.0,0.0,2.0,1537.0,1409.0,5.0,513.0,255.0,0.0,0.0,0.0,5.0,769.0,255.0,0.0,0.0,0.0,5.0,1025.0,255.0,0.0,0.0,0.0,5.0,1281.0,254.0,0.0,0.0,0.0,2.0,1644167432.0,1644167688.0,4.0,1678835984.0,1678836240.0,1678836496.0,1678836752.0,4.0,1678837008.0,1678837264.0,1678837520.0,1678837776.0,1.0,537198856.0,5.0,417.0,254.0,0.0,0.0,0.0,5.0,449.0,254.0,0.0,0.0,0.0,5.0,481.0,254.0,0.0,0.0,0.0,5.0,673.0,254.0,0.0,0.0,0.0,5.0,705.0,254.0,0.0,0.0,0.0,5.0,737.0,254.0,0.0,0.0,0.0,5.0,929.0,254.0,0.0,0.0,0.0,4.0,1342177544.0,1342177800.0,1342178056.0,1342178312.0,8.0,1342243080.0,1342243336.0,1342243592.0,1342243848.0,1342244104.0,1342244360.0,1342244616.0,1342244872.0,4.0,1342308624.0,1342308880.0,1342309136.0,1342309392.0,4.0,1342374160.0,1342374416.0,1342374672.0,1342374928.0,4.0,1342375184.0,1342375440.0,1342375696.0,1342375952.0,4.0,1342376208.0,1342376464.0,1342376720.0,1342376976.0,8.0,1342439688.0,1342439944.0,1342440200.0,1342440456.0,1342440712.0,1342440968.0,1342441224.0,1342441480.0,4.0,0.0,0.0,0.0,0.0,8.0,17.0,17.0,17.0,17.0,17.0,17.0,1.0,1.0,16.0,100.0,100.0,100.0,100.0,100.0,100.0,100.0,100.0,100.0,100.0,100.0,100.0,100.0,100.0,100.0,100.0,2.0,45.0,45.0,1.0,32.0,4.0,80.0,245.0,1.0,0.0,8.0,0.0,252.0,168.0,168.0,106.0,0.0,85.0,122.0,5.0,144.0,1837.0,3.0,6.0,1.0,12.0,0.0,0.0,0.0,0.0,0.0,0.0,0.0,0.0,0.0,0.0,0.0,0.0,8.0,44.0,0.0,0.0,0.0,0.0,0.0,0.0,0.0,2.0,0.0,8.0,8.0,0.0,0.0,0.0,0.0,0.0,0.0,0.0,0.0,0.0,0.0,0.0,655761.0,0.0,340444200.0,34044204.0,2.02,129.0,0.0,2000.0,65.0,0.0,0.0,0.0,0.0,0.0,0.0,0.0,1.0,0.0,0.0,0.0,0.0,0.0,0.0,0.0,0.0,0.0,0.0,0.0,0.0,0.0,0.0,0.0,0.0,0.0,0.0,0.0,0.0,0.0,0.0,0.0,0.0,0.0,0.0,0.0,1.0,0.0,0.0,0.0,0.0,0.0,0.0,0.0,0.0,0.0,0.0,0.0,0.0,0.0,0.0,0.0,0.0,0.0,0.0,0.0,0.0,0.0,0.0,0.0,0.0,0.0,0.0,0.0,0.0,0.0,0.0,0.0,0.0,0.0,0.0,0.0,0.0,14.409,0.0,0.0,0.0,0.0,0.0,0.0,0.0,1.0,1.0,0.0,0.0,0.0,0.0,0.0,0.0,0.0,0.0,0.0,
726,0.0,0.0,0.0,0.0,0.0,0.0,3.0,1.0,1.0,1.0,3.0,1.0,1.0,1.0,4.0,1275.0,3408964.0,131072.0,0.0,2.0,1537.0,1409.0,5.0,513.0,255.0,0.0,0.0,0.0,5.0,769.0,255.0,0.0,0.0,0.0,5.0,1025.0,255.0,0.0,0.0,0.0,5.0,1281.0,254.0,0.0,0.0,0.0,2.0,1644167432.0,1644167688.0,4.0,1678835984.0,1678836240.0,1678836496.0,1678836752.0,4.0,1678837008.0,1678837264.0,1678837520.0,1678837776.0,1.0,537198856.0,5.0,417.0,254.0,0.0,0.0,0.0,5.0,449.0,254.0,0.0,0.0,0.0,5.0,481.0,254.0,0.0,0.0,0.0,5.0,673.0,254.0,0.0,0.0,0.0,5.0,705.0,254.0,0.0,0.0,0.0,5.0,737.0,254.0,0.0,0.0,0.0,5.0,929.0,254.0,0.0,0.0,0.0,4.0,1342177544.0,1342177800.0,1342178056.0,1342178312.0,8.0,1342243080.0,1342243336.0,1342243592.0,1342243848.0,1342244104.0,1342244360.0,1342244616.0,1342244872.0,4.0,1342308624.0,1342308880.0,1342309136.0,1342309392.0,4.0,1342374160.0,1342374416.0,1342374672.0,1342374928.0,4.0,1342375184.0,1342375440.0,1342375696.0,1342375952.0,4.0,1342376208.0,1342376464.0,1342376720.0,1342376976.0,8.0,1342439688.0,1342439944.0,1342440200.0,1342440456.0,1342440712.0,1342440968.0,1342441224.0,1342441480.0,4.0,0.0,0.0,0.0,0.0,8.0,17.0,17.0,17.0,17.0,17.0,17.0,1.0,1.0,16.0,100.0,100.0,100.0,100.0,100.0,100.0,100.0,100.0,100.0,100.0,100.0,100.0,100.0,100.0,100.0,100.0,2.0,45.0,45.0,1.0,32.0,4.0,80.0,245.0,1.0,0.0,8.0,0.0,252.0,168.0,168.0,106.0,0.0,85.0,122.0,5.0,144.0,1842.0,3.0,6.0,1.0,12.0,0.0,0.0,0.0,0.0,0.0,501.0,0.0,0.0,0.0,0.0,0.0,0.0,8.0,44.0,0.0,0.0,0.0,0.0,0.0,0.0,0.0,2.0,0.0,8.0,8.0,0.0,0.0,0.0,0.0,0.0,0.0,0.0,0.0,0.0,0.0,0.0,655761.0,0.0,340444200.0,34044204.0,2.02,129.0,0.0,2000.0,65.0,0.0,0.0,0.0,0.0,0.0,0.0,0.0,1.0,0.0,0.0,0.0,0.0,0.0,0.0,0.0,0.0,0.0,0.0,0.0,0.0,0.0,0.0,0.0,0.0,0.0,0.0,0.0,0.0,0.0,0.0,0.0,0.0,0.0,0.0,0.0,1.0,0.0,0.0,0.0,0.0,0.0,0.0,0.0,0.0,0.0,0.0,0.0,0.0,0.0,0.0,0.0,0.0,0.0,0.0,0.0,0.0,0.0,0.0,0.0,0.0,0.0,0.0,0.0,0.0,0.0,0.0,0.0,0.0,0.0,0.0,0.0,0.0,13.717,0.499,0.0,0.0,0.0,0.0,0.0,0.0,1.0,1.0,0.0,0.0,500.0,0.0,0.0,0.0,0.0,0.0,0.0,
727,0.0,0.0,0.0,0.0,0.0,0.0,3.0,1.0,1.0,1.0,3.0,1.0,1.0,1.0,4.0,1275.0,3408964.0,131072.0,0.0,2.0,1537.0,1409.0,5.0,513.0,255.0,0.0,0.0,0.0,5.0,769.0,255.0,0.0,0.0,0.0,5.0,1025.0,255.0,0.0,0.0,0.0,5.0,1281.0,254.0,0.0,0.0,0.0,2.0,1644167432.0,1644167688.0,4.0,1678835984.0,1678836240.0,1678836496.0,1678836752.0,4.0,1678837008.0,1678837264.0,1678837520.0,1678837776.0,1.0,537198856.0,5.0,417.0,254.0,0.0,0.0,0.0,5.0,449.0,254.0,0.0,0.0,0.0,5.0,481.0,254.0,0.0,0.0,0.0,5.0,673.0,254.0,0.0,0.0,0.0,5.0,705.0,254.0,0.0,0.0,0.0,5.0,737.0,254.0,0.0,0.0,0.0,5.0,929.0,254.0,0.0,0.0,0.0,4.0,1342177544.0,1342177800.0,1342178056.0,1342178312.0,8.0,1342243080.0,1342243336.0,1342243592.0,1342243848.0,1342244104.0,1342244360.0,1342244616.0,1342244872.0,4.0,1342308624.0,1342308880.0,1342309136.0,1342309392.0,4.0,1342374160.0,1342374416.0,1342374672.0,1342374928.0,4.0,1342375184.0,1342375440.0,1342375696.0,1342375952.0,4.0,1342376208.0,1342376464.0,1342376720.0,1342376976.0,8.0,1342439688.0,1342439944.0,1342440200.0,1342440456.0,1342440712.0,1342440968.0,1342441224.0,1342441480.0,4.0,0.0,0.0,0.0,0.0,8.0,17.0,17.0,17.0,17.0,17.0,17.0,1.0,1.0,16.0,100.0,100.0,100.0,100.0,100.0,100.0,100.0,100.0,100.0,100.0,100.0,100.0,100.0,100.0,100.0,100.0,2.0,45.0,45.0,1.0,32.0,4.0,80.0,245.0,1.0,0.0,8.0,0.0,252.0,168.0,168.0,106.0,0.0,85.0,122.0,5.0,144.0,1842.0,3.0,6.0,1.0,12.0,0.0,0.0,0.0,0.0,0.0,501.0,0.0,0.0,0.0,0.0,0.0,0.0,8.0,44.0,0.0,0.0,0.0,0.0,0.0,0.0,0.0,2.0,0.0,8.0,8.0,0.0,0.0,0.0,0.0,0.0,0.0,0.0,0.0,0.0,0.0,0.0,655761.0,0.0,340444200.0,34044204.0,2.02,129.0,0.0,2000.0,65.0,0.0,0.0,0.0,0.0,0.0,0.0,0.0,1.0,0.0,0.0,0.0,0.0,0.0,0.0,0.0,0.0,0.0,0.0,0.0,0.0,0.0,0.0,0.0,0.0,0.0,0.0,0.0,0.0,0.0,0.0,0.0,0.0,0.0,0.0,0.0,1.0,0.0,0.0,0.0,0.0,0.0,0.0,0.0,0.0,0.0,0.0,0.0,0.0,0.0,0.0,0.0,0.0,0.0,0.0,0.0,0.0,0.0,0.0,0.0,0.0,0.0,0.0,0.0,0.0,0.0,0.0,0.0,0.0,0.0,0.0,0.0,0.0,13.718,0.499,0.0,0.0,0.0,0.0,0.0,0.0,1.0,1.0,0.0,0.0,500.0,0.0,0.0,0.0,0.0,0.0,0.0,
728,0.0,0.0,0.0,0.0,0.0,0.0,3.0,1.0,1.0,1.0,3.0,1.0,1.0,1.0,4.0,1275.0,3408964.0,131072.0,0.0,2.0,1537.0,1409.0,5.0,513.0,255.0,0.0,0.0,0.0,5.0,769.0,255.0,0.0,0.0,0.0,5.0,1025.0,255.0,0.0,0.0,0.0,5.0,1281.0,254.0,0.0,0.0,0.0,2.0,1644167432.0,1644167688.0,4.0,1678835984.0,1678836240.0,1678836496.0,1678836752.0,4.0,1678837008.0,1678837264.0,1678837520.0,1678837776.0,1.0,537198856.0,5.0,417.0,254.0,0.0,0.0,0.0,5.0,449.0,254.0,0.0,0.0,0.0,5.0,481.0,254.0,0.0,0.0,0.0,5.0,673.0,254.0,0.0,0.0,0.0,5.0,705.0,254.0,0.0,0.0,0.0,5.0,737.0,254.0,0.0,0.0,0.0,5.0,929.0,254.0,0.0,0.0,0.0,4.0,1342177544.0,1342177800.0,1342178056.0,1342178312.0,8.0,1342243080.0,1342243336.0,1342243592.0,1342243848.0,1342244104.0,1342244360.0,1342244616.0,1342244872.0,4.0,1342308624.0,1342308880.0,1342309136.0,1342309392.0,4.0,1342374160.0,1342374416.0,1342374672.0,1342374928.0,4.0,1342375184.0,1342375440.0,1342375696.0,1342375952.0,4.0,1342376208.0,1342376464.0,1342376720.0,1342376976.0,8.0,1342439688.0,1342439944.0,1342440200.0,1342440456.0,1342440712.0,1342440968.0,1342441224.0,1342441480.0,4.0,0.0,0.0,0.0,0.0,8.0,17.0,17.0,17.0,17.0,17.0,17.0,1.0,1.0,16.0,100.0,100.0,100.0,100.0,100.0,100.0,100.0,100.0,100.0,100.0,100.0,100.0,100.0,100.0,100.0,100.0,2.0,45.0,45.0,1.0,32.0,4.0,80.0,245.0,1.0,0.0,8.0,0.0,252.0,168.0,168.0,106.0,0.0,85.0,122.0,5.0,144.0,1842.0,3.0,6.0,1.0,12.0,0.0,0.0,0.0,0.0,0.0,501.0,0.0,0.0,0.0,0.0,0.0,0.0,8.0,44.0,0.0,0.0,0.0,0.0,0.0,0.0,0.0,2.0,0.0,8.0,8.0,0.0,0.0,0.0,0.0,0.0,0.0,0.0,0.0,0.0,0.0,0.0,655761.0,0.0,340444200.0,34044204.0,2.02,129.0,0.0,2000.0,65.0,0.0,0.0,0.0,0.0,0.0,0.0,0.0,1.0,0.0,0.0,0.0,0.0,0.0,0.0,0.0,0.0,0.0,0.0,0.0,0.0,0.0,0.0,0.0,0.0,0.0,0.0,0.0,0.0,0.0,0.0,0.0,0.0,0.0,0.0,0.0,1.0,0.0,0.0,0.0,0.0,0.0,0.0,0.0,0.0,0.0,0.0,0.0,0.0,0.0,0.0,0.0,0.0,0.0,0.0,0.0,0.0,0.0,0.0,0.0,0.0,0.0,0.0,0.0,0.0,0.0,0.0,0.0,0.0,0.0,0.0,0.0,0.0,13.718,0.499,0.0,0.0,0.0,0.0,0.0,0.0,1.0,1.0,0.0,0.0,500.0,0.0,0.0,0.0,0.0,0.0,0.0,
733,0.0,0.0,0.0,0.0,0.0,0.0,3.0,1.0,1.0,1.0,3.0,1.0,1.0,1.0,4.0,1275.0,3408964.0,131072.0,0.0,2.0,1537.0,1409.0,5.0,513.0,255.0,0.0,0.0,0.0,5.0,769.0,255.0,0.0,0.0,0.0,5.0,1025.0,255.0,0.0,0.0,0.0,5.0,1281.0,254.0,0.0,0.0,0.0,2.0,1644167432.0,1644167688.0,4.0,1678835984.0,1678836240.0,1678836496.0,1678836752.0,4.0,1678837008.0,1678837264.0,1678837520.0,1678837776.0,1.0,537198856.0,5.0,417.0,254.0,0.0,0.0,0.0,5.0,449.0,254.0,0.0,0.0,0.0,5.0,481.0,254.0,0.0,0.0,0.0,5.0,673.0,254.0,0.0,0.0,0.0,5.0,705.0,254.0,0.0,0.0,0.0,5.0,737.0,254.0,0.0,0.0,0.0,5.0,929.0,254.0,0.0,0.0,0.0,4.0,1342177544.0,1342177800.0,1342178056.0,1342178312.0,8.0,1342243080.0,1342243336.0,1342243592.0,1342243848.0,1342244104.0,1342244360.0,1342244616.0,1342244872.0,4.0,1342308624.0,1342308880.0,1342309136.0,1342309392.0,4.0,1342374160.0,1342374416.0,1342374672.0,1342374928.0,4.0,1342375184.0,1342375440.0,1342375696.0,1342375952.0,4.0,1342376208.0,1342376464.0,1342376720.0,1342376976.0,8.0,1342439688.0,1342439944.0,1342440200.0,1342440456.0,1342440712.0,1342440968.0,1342441224.0,1342441480.0,4.0,0.0,0.0,0.0,0.0,8.0,17.0,17.0,17.0,17.0,17.0,17.0,1.0,1.0,16.0,100.0,100.0,100.0,100.0,100.0,100.0,100.0,100.0,100.0,100.0,100.0,100.0,100.0,100.0,100.0,100.0,2.0,45.0,45.0,1.0,32.0,4.0,80.0,245.0,1.0,0.0,8.0,0.0,252.0,168.0,168.0,106.0,0.0,85.0,122.0,5.0,144.0,1837.0,3.0,6.0,1.0,12.0,0.0,0.0,0.0,0.0,0.0,1019.0,0.0,0.0,0.0,0.0,0.0,0.0,8.0,44.0,0.0,0.0,0.0,0.0,0.0,0.0,0.0,2.0,0.0,8.0,8.0,0.0,0.0,0.0,0.0,0.0,0.0,0.0,0.0,0.0,0.0,0.0,655761.0,0.0,340444200.0,34044204.0,2.02,129.0,0.0,2000.0,65.0,0.0,0.0,0.0,0.0,0.0,0.0,0.0,1.0,0.0,0.0,0.0,0.0,0.0,0.0,0.0,0.0,0.0,0.0,0.0,0.0,0.0,0.0,0.0,0.0,0.0,0.0,0.0,0.0,0.0,0.0,0.0,0.0,0.0,0.0,0.0,1.0,0.0,0.0,0.0,0.0,0.0,0.0,0.0,0.0,0.0,0.0,0.0,0.0,0.0,0.0,0.0,0.0,0.0,0.0,0.0,0.0,0.0,0.0,0.0,0.0,0.0,0.0,0.0,0.0,0.0,0.0,0.0,0.0,0.0,0.0,0.0,0.0,13.059,0.999,0.0,0.0,0.0,0.0,0.0,0.0,1.0,1.0,0.0,0.0,1000.0,0.0,0.0,0.0,0.0,0.0,0.0,
734,0.0,0.0,0.0,0.0,0.0,0.0,3.0,1.0,1.0,1.0,3.0,1.0,1.0,1.0,4.0,1275.0,3408964.0,131072.0,0.0,2.0,1537.0,1409.0,5.0,513.0,255.0,0.0,0.0,0.0,5.0,769.0,255.0,0.0,0.0,0.0,5.0,1025.0,255.0,0.0,0.0,0.0,5.0,1281.0,254.0,0.0,0.0,0.0,2.0,1644167432.0,1644167688.0,4.0,1678835984.0,1678836240.0,1678836496.0,1678836752.0,4.0,1678837008.0,1678837264.0,1678837520.0,1678837776.0,1.0,537198856.0,5.0,417.0,254.0,0.0,0.0,0.0,5.0,449.0,254.0,0.0,0.0,0.0,5.0,481.0,254.0,0.0,0.0,0.0,5.0,673.0,254.0,0.0,0.0,0.0,5.0,705.0,254.0,0.0,0.0,0.0,5.0,737.0,254.0,0.0,0.0,0.0,5.0,929.0,254.0,0.0,0.0,0.0,4.0,1342177544.0,1342177800.0,1342178056.0,1342178312.0,8.0,1342243080.0,1342243336.0,1342243592.0,1342243848.0,1342244104.0,1342244360.0,1342244616.0,1342244872.0,4.0,1342308624.0,1342308880.0,1342309136.0,1342309392.0,4.0,1342374160.0,1342374416.0,1342374672.0,1342374928.0,4.0,1342375184.0,1342375440.0,1342375696.0,1342375952.0,4.0,1342376208.0,1342376464.0,1342376720.0,1342376976.0,8.0,1342439688.0,1342439944.0,1342440200.0,1342440456.0,1342440712.0,1342440968.0,1342441224.0,1342441480.0,4.0,0.0,0.0,0.0,0.0,8.0,17.0,17.0,17.0,17.0,17.0,17.0,1.0,1.0,16.0,100.0,100.0,100.0,100.0,100.0,100.0,100.0,100.0,100.0,100.0,100.0,100.0,100.0,100.0,100.0,100.0,2.0,45.0,45.0,1.0,32.0,4.0,80.0,245.0,1.0,0.0,8.0,0.0,252.0,168.0,168.0,106.0,0.0,85.0,122.0,5.0,144.0,1842.0,3.0,6.0,1.0,12.0,0.0,0.0,0.0,0.0,0.0,1019.0,0.0,0.0,0.0,0.0,0.0,0.0,8.0,44.0,0.0,0.0,0.0,0.0,0.0,0.0,0.0,2.0,0.0,8.0,8.0,0.0,0.0,0.0,0.0,0.0,0.0,0.0,0.0,0.0,0.0,0.0,655761.0,0.0,340444200.0,34044204.0,2.02,129.0,0.0,2000.0,65.0,0.0,0.0,0.0,0.0,0.0,0.0,0.0,1.0,0.0,0.0,0.0,0.0,0.0,0.0,0.0,0.0,0.0,0.0,0.0,0.0,0.0,0.0,0.0,0.0,0.0,0.0,0.0,0.0,0.0,0.0,0.0,0.0,0.0,0.0,0.0,1.0,0.0,0.0,0.0,0.0,0.0,0.0,0.0,0.0,0.0,0.0,0.0,0.0,0.0,0.0,0.0,0.0,0.0,0.0,0.0,0.0,0.0,0.0,0.0,0.0,0.0,0.0,0.0,0.0,0.0,0.0,0.0,0.0,0.0,0.0,0.0,0.0,13.06,0.999,0.0,0.0,0.0,0.0,0.0,0.0,1.0,1.0,0.0,0.0,1000.0,0.0,0.0,0.0,0.0,0.0,0.0,
735,0.0,0.0,0.0,0.0,0.0,0.0,3.0,1.0,1.0,1.0,3.0,1.0,1.0,1.0,4.0,1275.0,3408964.0,131072.0,0.0,2.0,1537.0,1409.0,5.0,513.0,255.0,0.0,0.0,0.0,5.0,769.0,255.0,0.0,0.0,0.0,5.0,1025.0,255.0,0.0,0.0,0.0,5.0,1281.0,254.0,0.0,0.0,0.0,2.0,1644167432.0,1644167688.0,4.0,1678835984.0,1678836240.0,1678836496.0,1678836752.0,4.0,1678837008.0,1678837264.0,1678837520.0,1678837776.0,1.0,537198856.0,5.0,417.0,254.0,0.0,0.0,0.0,5.0,449.0,254.0,0.0,0.0,0.0,5.0,481.0,254.0,0.0,0.0,0.0,5.0,673.0,254.0,0.0,0.0,0.0,5.0,705.0,254.0,0.0,0.0,0.0,5.0,737.0,254.0,0.0,0.0,0.0,5.0,929.0,254.0,0.0,0.0,0.0,4.0,1342177544.0,1342177800.0,1342178056.0,1342178312.0,8.0,1342243080.0,1342243336.0,1342243592.0,1342243848.0,1342244104.0,1342244360.0,1342244616.0,1342244872.0,4.0,1342308624.0,1342308880.0,1342309136.0,1342309392.0,4.0,1342374160.0,1342374416.0,1342374672.0,1342374928.0,4.0,1342375184.0,1342375440.0,1342375696.0,1342375952.0,4.0,1342376208.0,1342376464.0,1342376720.0,1342376976.0,8.0,1342439688.0,1342439944.0,1342440200.0,1342440456.0,1342440712.0,1342440968.0,1342441224.0,1342441480.0,4.0,0.0,0.0,0.0,0.0,8.0,17.0,17.0,17.0,17.0,17.0,17.0,1.0,1.0,16.0,100.0,100.0,100.0,100.0,100.0,100.0,100.0,100.0,100.0,100.0,100.0,100.0,100.0,100.0,100.0,100.0,2.0,45.0,45.0,1.0,32.0,4.0,80.0,245.0,1.0,0.0,8.0,0.0,252.0,168.0,168.0,106.0,0.0,85.0,122.0,5.0,144.0,1842.0,3.0,6.0,1.0,12.0,0.0,0.0,0.0,0.0,0.0,1019.0,0.0,0.0,0.0,0.0,0.0,0.0,8.0,44.0,0.0,0.0,0.0,0.0,0.0,0.0,0.0,2.0,0.0,8.0,8.0,0.0,0.0,0.0,0.0,0.0,0.0,0.0,0.0,0.0,0.0,0.0,655761.0,0.0,340444200.0,34044204.0,2.02,129.0,0.0,2000.0,65.0,0.0,0.0,0.0,0.0,0.0,0.0,0.0,1.0,0.0,0.0,0.0,0.0,0.0,0.0,0.0,0.0,0.0,0.0,0.0,0.0,0.0,0.0,0.0,0.0,0.0,0.0,0.0,0.0,0.0,0.0,0.0,0.0,0.0,0.0,0.0,1.0,0.0,0.0,0.0,0.0,0.0,0.0,0.0,0.0,0.0,0.0,0.0,0.0,0.0,0.0,0.0,0.0,0.0,0.0,0.0,0.0,0.0,0.0,0.0,0.0,0.0,0.0,0.0,0.0,0.0,0.0,0.0,0.0,0.0,0.0,0.0,0.0,13.059,0.999,0.0,0.0,0.0,0.0,0.0,0.0,1.0,1.0,0.0,0.0,1000.0,0.0,0.0,0.0,0.0,0.0,0.0,
740,0.0,0.0,0.0,0.0,0.0,0.0,3.0,1.0,1.0,1.0,3.0,1.0,1.0,1.0,4.0,1275.0,3408964.0,131072.0,0.0,2.0,1537.0,1409.0,5.0,513.0,255.0,0.0,0.0,0.0,5.0,769.0,255.0,0.0,0.0,0.0,5.0,1025.0,255.0,0.0,0.0,0.0,5.0,1281.0,254.0,0.0,0.0,0.0,2.0,1644167432.0,1644167688.0,4.0,1678835984.0,1678836240.0,1678836496.0,1678836752.0,4.0,1678837008.0,1678837264.0,1678837520.0,1678837776.0,1.0,537198856.0,5.0,417.0,254.0,0.0,0.0,0.0,5.0,449.0,254.0,0.0,0.0,0.0,5.0,481.0,254.0,0.0,0.0,0.0,5.0,673.0,254.0,0.0,0.0,0.0,5.0,705.0,254.0,0.0,0.0,0.0,5.0,737.0,254.0,0.0,0.0,0.0,5.0,929.0,254.0,0.0,0.0,0.0,4.0,1342177544.0,1342177800.0,1342178056.0,1342178312.0,8.0,1342243080.0,1342243336.0,1342243592.0,1342243848.0,1342244104.0,1342244360.0,1342244616.0,1342244872.0,4.0,1342308624.0,1342308880.0,1342309136.0,1342309392.0,4.0,1342374160.0,1342374416.0,1342374672.0,1342374928.0,4.0,1342375184.0,1342375440.0,1342375696.0,1342375952.0,4.0,1342376208.0,1342376464.0,1342376720.0,1342376976.0,8.0,1342439688.0,1342439944.0,1342440200.0,1342440456.0,1342440712.0,1342440968.0,1342441224.0,1342441480.0,4.0,0.0,0.0,0.0,0.0,8.0,17.0,17.0,17.0,17.0,17.0,17.0,1.0,1.0,16.0,100.0,100.0,100.0,100.0,100.0,100.0,100.0,100.0,100.0,100.0,100.0,100.0,100.0,100.0,100.0,100.0,2.0,45.0,45.0,1.0,32.0,4.0,80.0,245.0,1.0,0.0,8.0,0.0,252.0,168.0,168.0,106.0,0.0,85.0,122.0,5.0,144.0,1842.0,3.0,6.0,1.0,12.0,0.0,0.0,0.0,0.0,0.0,1541.0,0.0,0.0,0.0,0.0,0.0,0.0,8.0,44.0,0.0,0.0,0.0,0.0,0.0,0.0,0.0,2.0,0.0,8.0,8.0,0.0,0.0,0.0,0.0,0.0,0.0,0.0,0.0,0.0,0.0,0.0,655761.0,0.0,340444200.0,34044204.0,2.02,129.0,0.0,2000.0,65.0,0.0,0.0,0.0,0.0,0.0,0.0,0.0,1.0,0.0,0.0,0.0,0.0,0.0,0.0,0.0,0.0,0.0,0.0,0.0,0.0,0.0,0.0,0.0,0.0,0.0,0.0,0.0,0.0,0.0,0.0,0.0,0.0,0.0,0.0,0.0,1.0,0.0,0.0,0.0,0.0,0.0,0.0,0.0,0.0,0.0,0.0,0.0,0.0,0.0,0.0,0.0,0.0,0.0,0.0,0.0,0.0,0.0,0.0,0.0,0.0,0.0,0.0,0.0,0.0,0.0,0.0,0.0,0.0,0.0,0.0,0.0,0.0,12.374,1.499,0.0,0.0,0.0,0.0,0.0,0.0,1.0,1.0,0.0,0.0,1500.0,0.0,0.0,0.0,0.0,0.0,0.0,
741,0.0,0.0,0.0,0.0,0.0,0.0,3.0,1.0,1.0,1.0,3.0,1.0,1.0,1.0,4.0,1275.0,3408964.0,131072.0,0.0,2.0,1537.0,1409.0,5.0,513.0,255.0,0.0,0.0,0.0,5.0,769.0,255.0,0.0,0.0,0.0,5.0,1025.0,255.0,0.0,0.0,0.0,5.0,1281.0,254.0,0.0,0.0,0.0,2.0,1644167432.0,1644167688.0,4.0,1678835984.0,1678836240.0,1678836496.0,1678836752.0,4.0,1678837008.0,1678837264.0,1678837520.0,1678837776.0,1.0,537198856.0,5.0,417.0,254.0,0.0,0.0,0.0,5.0,449.0,254.0,0.0,0.0,0.0,5.0,481.0,254.0,0.0,0.0,0.0,5.0,673.0,254.0,0.0,0.0,0.0,5.0,705.0,254.0,0.0,0.0,0.0,5.0,737.0,254.0,0.0,0.0,0.0,5.0,929.0,254.0,0.0,0.0,0.0,4.0,1342177544.0,1342177800.0,1342178056.0,1342178312.0,8.0,1342243080.0,1342243336.0,1342243592.0,1342243848.0,1342244104.0,1342244360.0,1342244616.0,1342244872.0,4.0,1342308624.0,1342308880.0,1342309136.0,1342309392.0,4.0,1342374160.0,1342374416.0,1342374672.0,1342374928.0,4.0,1342375184.0,1342375440.0,1342375696.0,1342375952.0,4.0,1342376208.0,1342376464.0,1342376720.0,1342376976.0,8.0,1342439688.0,1342439944.0,1342440200.0,1342440456.0,1342440712.0,1342440968.0,1342441224.0,1342441480.0,4.0,0.0,0.0,0.0,0.0,8.0,17.0,17.0,17.0,17.0,17.0,17.0,1.0,1.0,16.0,100.0,100.0,100.0,100.0,100.0,100.0,100.0,100.0,100.0,100.0,100.0,100.0,100.0,100.0,100.0,100.0,2.0,45.0,45.0,1.0,32.0,4.0,80.0,245.0,1.0,0.0,8.0,0.0,252.0,168.0,168.0,106.0,0.0,85.0,122.0,5.0,144.0,1842.0,3.0,6.0,1.0,12.0,0.0,0.0,0.0,0.0,0.0,1541.0,0.0,0.0,0.0,0.0,0.0,0.0,8.0,44.0,0.0,0.0,0.0,0.0,0.0,0.0,0.0,2.0,0.0,8.0,8.0,0.0,0.0,0.0,0.0,0.0,0.0,0.0,0.0,0.0,0.0,0.0,655761.0,0.0,340444200.0,34044204.0,2.02,129.0,0.0,2000.0,65.0,0.0,0.0,0.0,0.0,0.0,0.0,0.0,1.0,0.0,0.0,0.0,0.0,0.0,0.0,0.0,0.0,0.0,0.0,0.0,0.0,0.0,0.0,0.0,0.0,0.0,0.0,0.0,0.0,0.0,0.0,0.0,0.0,0.0,0.0,0.0,1.0,0.0,0.0,0.0,0.0,0.0,0.0,0.0,0.0,0.0,0.0,0.0,0.0,0.0,0.0,0.0,0.0,0.0,0.0,0.0,0.0,0.0,0.0,0.0,0.0,0.0,0.0,0.0,0.0,0.0,0.0,0.0,0.0,0.0,0.0,0.0,0.0,12.375,1.499,0.0,0.0,0.0,0.0,0.0,0.0,1.0,1.0,0.0,0.0,1500.0,0.0,0.0,0.0,0.0,0.0,0.0,
742,0.0,0.0,0.0,0.0,0.0,0.0,3.0,1.0,1.0,1.0,3.0,1.0,1.0,1.0,4.0,1275.0,3408964.0,131072.0,0.0,2.0,1537.0,1409.0,5.0,513.0,255.0,0.0,0.0,0.0,5.0,769.0,255.0,0.0,0.0,0.0,5.0,1025.0,255.0,0.0,0.0,0.0,5.0,1281.0,254.0,0.0,0.0,0.0,2.0,1644167432.0,1644167688.0,4.0,1678835984.0,1678836240.0,1678836496.0,1678836752.0,4.0,1678837008.0,1678837264.0,1678837520.0,1678837776.0,1.0,537198856.0,5.0,417.0,254.0,0.0,0.0,0.0,5.0,449.0,254.0,0.0,0.0,0.0,5.0,481.0,254.0,0.0,0.0,0.0,5.0,673.0,254.0,0.0,0.0,0.0,5.0,705.0,254.0,0.0,0.0,0.0,5.0,737.0,254.0,0.0,0.0,0.0,5.0,929.0,254.0,0.0,0.0,0.0,4.0,1342177544.0,1342177800.0,1342178056.0,1342178312.0,8.0,1342243080.0,1342243336.0,1342243592.0,1342243848.0,1342244104.0,1342244360.0,1342244616.0,1342244872.0,4.0,1342308624.0,1342308880.0,1342309136.0,1342309392.0,4.0,1342374160.0,1342374416.0,1342374672.0,1342374928.0,4.0,1342375184.0,1342375440.0,1342375696.0,1342375952.0,4.0,1342376208.0,1342376464.0,1342376720.0,1342376976.0,8.0,1342439688.0,1342439944.0,1342440200.0,1342440456.0,1342440712.0,1342440968.0,1342441224.0,1342441480.0,4.0,0.0,0.0,0.0,0.0,8.0,17.0,17.0,17.0,17.0,17.0,17.0,1.0,1.0,16.0,100.0,100.0,100.0,100.0,100.0,100.0,100.0,100.0,100.0,100.0,100.0,100.0,100.0,100.0,100.0,100.0,2.0,45.0,45.0,1.0,32.0,4.0,80.0,245.0,1.0,0.0,8.0,0.0,252.0,168.0,168.0,106.0,0.0,85.0,122.0,5.0,144.0,1842.0,3.0,6.0,1.0,12.0,0.0,0.0,0.0,0.0,0.0,1541.0,0.0,0.0,0.0,0.0,0.0,0.0,8.0,44.0,0.0,0.0,0.0,0.0,0.0,0.0,0.0,2.0,0.0,8.0,8.0,0.0,0.0,0.0,0.0,0.0,0.0,0.0,0.0,0.0,0.0,0.0,655761.0,0.0,340444200.0,34044204.0,2.02,129.0,0.0,2000.0,65.0,0.0,0.0,0.0,0.0,0.0,0.0,0.0,1.0,0.0,0.0,0.0,0.0,0.0,0.0,0.0,0.0,0.0,0.0,0.0,0.0,0.0,0.0,0.0,0.0,0.0,0.0,0.0,0.0,0.0,0.0,0.0,0.0,0.0,0.0,0.0,1.0,0.0,0.0,0.0,0.0,0.0,0.0,0.0,0.0,0.0,0.0,0.0,0.0,0.0,0.0,0.0,0.0,0.0,0.0,0.0,0.0,0.0,0.0,0.0,0.0,0.0,0.0,0.0,0.0,0.0,0.0,0.0,0.0,0.0,0.0,0.0,0.0,12.375,1.499,0.0,0.0,0.0,0.0,0.0,0.0,1.0,1.0,0.0,0.0,1500.0,0.0,0.0,0.0,0.0,0.0,0.0,
747,0.0,0.0,0.0,0.0,0.0,0.0,3.0,1.0,1.0,1.0,3.0,1.0,1.0,1.0,4.0,1275.0,3408964.0,131072.0,0.0,2.0,1537.0,1409.0,5.0,513.0,255.0,0.0,0.0,0.0,5.0,769.0,255.0,0.0,0.0,0.0,5.0,1025.0,255.0,0.0,0.0,0.0,5.0,1281.0,254.0,0.0,0.0,0.0,2.0,1644167432.0,1644167688.0,4.0,1678835984.0,1678836240.0,1678836496.0,1678836752.0,4.0,1678837008.0,1678837264.0,1678837520.0,1678837776.0,1.0,537198856.0,5.0,417.0,254.0,0.0,0.0,0.0,5.0,449.0,254.0,0.0,0.0,0.0,5.0,481.0,254.0,0.0,0.0,0.0,5.0,673.0,254.0,0.0,0.0,0.0,5.0,705.0,254.0,0.0,0.0,0.0,5.0,737.0,254.0,0.0,0.0,0.0,5.0,929.0,254.0,0.0,0.0,0.0,4.0,1342177544.0,1342177800.0,1342178056.0,1342178312.0,8.0,1342243080.0,1342243336.0,1342243592.0,1342243848.0,1342244104.0,1342244360.0,1342244616.0,1342244872.0,4.0,1342308624.0,1342308880.0,1342309136.0,1342309392.0,4.0,1342374160.0,1342374416.0,1342374672.0,1342374928.0,4.0,1342375184.0,1342375440.0,1342375696.0,1342375952.0,4.0,1342376208.0,1342376464.0,1342376720.0,1342376976.0,8.0,1342439688.0,1342439944.0,1342440200.0,1342440456.0,1342440712.0,1342440968.0,1342441224.0,1342441480.0,4.0,0.0,0.0,0.0,0.0,8.0,17.0,17.0,17.0,17.0,17.0,17.0,1.0,1.0,16.0,100.0,100.0,100.0,100.0,100.0,100.0,100.0,100.0,100.0,100.0,100.0,100.0,100.0,100.0,100.0,100.0,2.0,45.0,45.0,1.0,32.0,4.0,80.0,245.0,1.0,0.0,8.0,0.0,252.0,168.0,168.0,106.0,0.0,85.0,122.0,5.0,143.0,1842.0,3.0,6.0,1.0,12.0,0.0,0.0,0.0,0.0,0.0,2070.0,0.0,0.0,0.0,0.0,0.0,0.0,8.0,44.0,0.0,0.0,0.0,0.0,0.0,0.0,0.0,2.0,0.0,8.0,8.0,0.0,0.0,0.0,0.0,0.0,0.0,0.0,0.0,0.0,0.0,0.0,655761.0,0.0,340444200.0,34044204.0,2.02,129.0,0.0,2000.0,65.0,0.0,0.0,0.0,0.0,0.0,0.0,0.0,1.0,0.0,0.0,0.0,0.0,0.0,0.0,0.0,0.0,0.0,0.0,0.0,0.0,0.0,0.0,0.0,0.0,0.0,0.0,0.0,0.0,0.0,0.0,0.0,0.0,0.0,0.0,0.0,1.0,0.0,0.0,0.0,0.0,0.0,0.0,0.0,0.0,0.0,0.0,0.0,0.0,0.0,0.0,0.0,0.0,0.0,0.0,0.0,0.0,0.0,0.0,0.0,0.0,0.0,0.0,0.0,0.0,0.0,0.0,0.0,0.0,0.0,0.0,0.0,0.0,11.693,1.999,0.0,0.0,0.0,0.0,0.0,0.0,1.0,1.0,0.0,0.0,2000.0,0.0,0.0,0.0,0.0,0.0,0.0,
748,0.0,0.0,0.0,0.0,0.0,0.0,3.0,1.0,1.0,1.0,3.0,1.0,1.0,1.0,4.0,1275.0,3408964.0,131072.0,0.0,2.0,1537.0,1409.0,5.0,513.0,255.0,0.0,0.0,0.0,5.0,769.0,255.0,0.0,0.0,0.0,5.0,1025.0,255.0,0.0,0.0,0.0,5.0,1281.0,254.0,0.0,0.0,0.0,2.0,1644167432.0,1644167688.0,4.0,1678835984.0,1678836240.0,1678836496.0,1678836752.0,4.0,1678837008.0,1678837264.0,1678837520.0,1678837776.0,1.0,537198856.0,5.0,417.0,254.0,0.0,0.0,0.0,5.0,449.0,254.0,0.0,0.0,0.0,5.0,481.0,254.0,0.0,0.0,0.0,5.0,673.0,254.0,0.0,0.0,0.0,5.0,705.0,254.0,0.0,0.0,0.0,5.0,737.0,254.0,0.0,0.0,0.0,5.0,929.0,254.0,0.0,0.0,0.0,4.0,1342177544.0,1342177800.0,1342178056.0,1342178312.0,8.0,1342243080.0,1342243336.0,1342243592.0,1342243848.0,1342244104.0,1342244360.0,1342244616.0,1342244872.0,4.0,1342308624.0,1342308880.0,1342309136.0,1342309392.0,4.0,1342374160.0,1342374416.0,1342374672.0,1342374928.0,4.0,1342375184.0,1342375440.0,1342375696.0,1342375952.0,4.0,1342376208.0,1342376464.0,1342376720.0,1342376976.0,8.0,1342439688.0,1342439944.0,1342440200.0,1342440456.0,1342440712.0,1342440968.0,1342441224.0,1342441480.0,4.0,0.0,0.0,0.0,0.0,8.0,17.0,17.0,17.0,17.0,17.0,17.0,1.0,1.0,16.0,100.0,100.0,100.0,100.0,100.0,100.0,100.0,100.0,100.0,100.0,100.0,100.0,100.0,100.0,100.0,100.0,2.0,45.0,45.0,1.0,32.0,4.0,80.0,245.0,1.0,0.0,8.0,0.0,252.0,168.0,168.0,106.0,0.0,85.0,122.0,5.0,144.0,1842.0,3.0,6.0,1.0,12.0,0.0,0.0,0.0,0.0,0.0,2070.0,0.0,0.0,0.0,0.0,0.0,0.0,8.0,44.0,0.0,0.0,0.0,0.0,0.0,0.0,0.0,2.0,0.0,8.0,8.0,0.0,0.0,0.0,0.0,0.0,0.0,0.0,0.0,0.0,0.0,0.0,655761.0,0.0,340444200.0,34044204.0,2.02,129.0,0.0,2000.0,65.0,0.0,0.0,0.0,0.0,0.0,0.0,0.0,1.0,0.0,0.0,0.0,0.0,0.0,0.0,0.0,0.0,0.0,0.0,0.0,0.0,0.0,0.0,0.0,0.0,0.0,0.0,0.0,0.0,0.0,0.0,0.0,0.0,0.0,0.0,0.0,1.0,0.0,0.0,0.0,0.0,0.0,0.0,0.0,0.0,0.0,0.0,0.0,0.0,0.0,0.0,0.0,0.0,0.0,0.0,0.0,0.0,0.0,0.0,0.0,0.0,0.0,0.0,0.0,0.0,0.0,0.0,0.0,0.0,0.0,0.0,0.0,0.0,11.694,1.999,0.0,0.0,0.0,0.0,0.0,0.0,1.0,1.0,0.0,0.0,2000.0,0.0,0.0,0.0,0.0,0.0,0.0,
749,0.0,0.0,0.0,0.0,0.0,0.0,3.0,1.0,1.0,1.0,3.0,1.0,1.0,1.0,4.0,1275.0,3408964.0,131072.0,0.0,2.0,1537.0,1409.0,5.0,513.0,255.0,0.0,0.0,0.0,5.0,769.0,255.0,0.0,0.0,0.0,5.0,1025.0,255.0,0.0,0.0,0.0,5.0,1281.0,254.0,0.0,0.0,0.0,2.0,1644167432.0,1644167688.0,4.0,1678835984.0,1678836240.0,1678836496.0,1678836752.0,4.0,1678837008.0,1678837264.0,1678837520.0,1678837776.0,1.0,537198856.0,5.0,417.0,254.0,0.0,0.0,0.0,5.0,449.0,254.0,0.0,0.0,0.0,5.0,481.0,254.0,0.0,0.0,0.0,5.0,673.0,254.0,0.0,0.0,0.0,5.0,705.0,254.0,0.0,0.0,0.0,5.0,737.0,254.0,0.0,0.0,0.0,5.0,929.0,254.0,0.0,0.0,0.0,4.0,1342177544.0,1342177800.0,1342178056.0,1342178312.0,8.0,1342243080.0,1342243336.0,1342243592.0,1342243848.0,1342244104.0,1342244360.0,1342244616.0,1342244872.0,4.0,1342308624.0,1342308880.0,1342309136.0,1342309392.0,4.0,1342374160.0,1342374416.0,1342374672.0,1342374928.0,4.0,1342375184.0,1342375440.0,1342375696.0,1342375952.0,4.0,1342376208.0,1342376464.0,1342376720.0,1342376976.0,8.0,1342439688.0,1342439944.0,1342440200.0,1342440456.0,1342440712.0,1342440968.0,1342441224.0,1342441480.0,4.0,0.0,0.0,0.0,0.0,8.0,17.0,17.0,17.0,17.0,17.0,17.0,1.0,1.0,16.0,100.0,100.0,100.0,100.0,100.0,100.0,100.0,100.0,100.0,100.0,100.0,100.0,100.0,100.0,100.0,100.0,2.0,45.0,45.0,1.0,32.0,4.0,80.0,245.0,1.0,0.0,8.0,0.0,252.0,168.0,168.0,106.0,0.0,85.0,122.0,5.0,144.0,1842.0,3.0,6.0,1.0,12.0,0.0,0.0,0.0,0.0,0.0,2070.0,0.0,0.0,0.0,0.0,0.0,0.0,8.0,44.0,0.0,0.0,0.0,0.0,0.0,0.0,0.0,2.0,0.0,8.0,8.0,0.0,0.0,0.0,0.0,0.0,0.0,0.0,0.0,0.0,0.0,0.0,655761.0,0.0,340444200.0,34044204.0,2.02,129.0,0.0,2000.0,65.0,0.0,0.0,0.0,0.0,0.0,0.0,0.0,1.0,0.0,0.0,0.0,0.0,0.0,0.0,0.0,0.0,0.0,0.0,0.0,0.0,0.0,0.0,0.0,0.0,0.0,0.0,0.0,0.0,0.0,0.0,0.0,0.0,0.0,0.0,0.0,1.0,0.0,0.0,0.0,0.0,0.0,0.0,0.0,0.0,0.0,0.0,0.0,0.0,0.0,0.0,0.0,0.0,0.0,0.0,0.0,0.0,0.0,0.0,0.0,0.0,0.0,0.0,0.0,0.0,0.0,0.0,0.0,0.0,0.0,0.0,0.0,0.0,11.692,1.999,0.0,0.0,0.0,0.0,0.0,0.0,1.0,1.0,0.0,0.0,2000.0,0.0,0.0,0.0,0.0,0.0,0.0,
754,0.0,0.0,0.0,0.0,0.0,0.0,3.0,1.0,1.0,1.0,3.0,1.0,1.0,1.0,4.0,1275.0,3408964.0,131072.0,0.0,2.0,1537.0,1409.0,5.0,513.0,255.0,0.0,0.0,0.0,5.0,769.0,255.0,0.0,0.0,0.0,5.0,1025.0,255.0,0.0,0.0,0.0,5.0,1281.0,254.0,0.0,0.0,0.0,2.0,1644167432.0,1644167688.0,4.0,1678835984.0,1678836240.0,1678836496.0,1678836752.0,4.0,1678837008.0,1678837264.0,1678837520.0,1678837776.0,1.0,537198856.0,5.0,417.0,254.0,0.0,0.0,0.0,5.0,449.0,254.0,0.0,0.0,0.0,5.0,481.0,254.0,0.0,0.0,0.0,5.0,673.0,254.0,0.0,0.0,0.0,5.0,705.0,254.0,0.0,0.0,0.0,5.0,737.0,254.0,0.0,0.0,0.0,5.0,929.0,254.0,0.0,0.0,0.0,4.0,1342177544.0,1342177800.0,1342178056.0,1342178312.0,8.0,1342243080.0,1342243336.0,1342243592.0,1342243848.0,1342244104.0,1342244360.0,1342244616.0,1342244872.0,4.0,1342308624.0,1342308880.0,1342309136.0,1342309392.0,4.0,1342374160.0,1342374416.0,1342374672.0,1342374928.0,4.0,1342375184.0,1342375440.0,1342375696.0,1342375952.0,4.0,1342376208.0,1342376464.0,1342376720.0,1342376976.0,8.0,1342439688.0,1342439944.0,1342440200.0,1342440456.0,1342440712.0,1342440968.0,1342441224.0,1342441480.0,4.0,0.0,0.0,0.0,0.0,8.0,17.0,17.0,17.0,17.0,17.0,17.0,1.0,1.0,16.0,100.0,100.0,100.0,100.0,100.0,100.0,100.0,100.0,100.0,100.0,100.0,100.0,100.0,100.0,100.0,100.0,2.0,45.0,45.0,1.0,32.0,4.0,80.0,245.0,1.0,0.0,8.0,0.0,252.0,168.0,168.0,106.0,0.0,85.0,122.0,5.0,143.0,1842.0,3.0,6.0,1.0,12.0,0.0,0.0,0.0,0.0,0.0,2596.0,0.0,0.0,0.0,0.0,0.0,0.0,8.0,44.0,0.0,0.0,0.0,0.0,0.0,0.0,0.0,2.0,0.0,8.0,8.0,0.0,0.0,0.0,0.0,0.0,0.0,0.0,0.0,0.0,0.0,0.0,655761.0,0.0,340444200.0,34044204.0,2.02,129.0,0.0,2000.0,65.0,0.0,0.0,0.0,0.0,0.0,0.0,0.0,1.0,0.0,0.0,0.0,0.0,0.0,0.0,0.0,0.0,0.0,0.0,0.0,0.0,0.0,0.0,0.0,0.0,0.0,0.0,0.0,0.0,0.0,0.0,0.0,0.0,0.0,0.0,0.0,1.0,0.0,0.0,0.0,0.0,0.0,0.0,0.0,0.0,0.0,0.0,0.0,0.0,0.0,0.0,0.0,0.0,0.0,0.0,0.0,0.0,0.0,0.0,0.0,0.0,0.0,0.0,0.0,0.0,0.0,0.0,0.0,0.0,0.0,0.0,0.0,0.0,10.999,2.499,0.0,0.0,0.0,0.0,0.0,0.0,1.0,1.0,0.0,0.0,2500.0,0.0,0.0,0.0,0.0,0.0,0.0,
755,0.0,0.0,0.0,0.0,0.0,0.0,3.0,1.0,1.0,1.0,3.0,1.0,1.0,1.0,4.0,1275.0,3408964.0,131072.0,0.0,2.0,1537.0,1409.0,5.0,513.0,255.0,0.0,0.0,0.0,5.0,769.0,255.0,0.0,0.0,0.0,5.0,1025.0,255.0,0.0,0.0,0.0,5.0,1281.0,254.0,0.0,0.0,0.0,2.0,1644167432.0,1644167688.0,4.0,1678835984.0,1678836240.0,1678836496.0,1678836752.0,4.0,1678837008.0,1678837264.0,1678837520.0,1678837776.0,1.0,537198856.0,5.0,417.0,254.0,0.0,0.0,0.0,5.0,449.0,254.0,0.0,0.0,0.0,5.0,481.0,254.0,0.0,0.0,0.0,5.0,673.0,254.0,0.0,0.0,0.0,5.0,705.0,254.0,0.0,0.0,0.0,5.0,737.0,254.0,0.0,0.0,0.0,5.0,929.0,254.0,0.0,0.0,0.0,4.0,1342177544.0,1342177800.0,1342178056.0,1342178312.0,8.0,1342243080.0,1342243336.0,1342243592.0,1342243848.0,1342244104.0,1342244360.0,1342244616.0,1342244872.0,4.0,1342308624.0,1342308880.0,1342309136.0,1342309392.0,4.0,1342374160.0,1342374416.0,1342374672.0,1342374928.0,4.0,1342375184.0,1342375440.0,1342375696.0,1342375952.0,4.0,1342376208.0,1342376464.0,1342376720.0,1342376976.0,8.0,1342439688.0,1342439944.0,1342440200.0,1342440456.0,1342440712.0,1342440968.0,1342441224.0,1342441480.0,4.0,0.0,0.0,0.0,0.0,8.0,17.0,17.0,17.0,17.0,17.0,17.0,1.0,1.0,16.0,100.0,100.0,100.0,100.0,100.0,100.0,100.0,100.0,100.0,100.0,100.0,100.0,100.0,100.0,100.0,100.0,2.0,45.0,45.0,1.0,32.0,4.0,80.0,245.0,1.0,0.0,8.0,0.0,252.0,168.0,168.0,106.0,0.0,85.0,122.0,5.0,143.0,1842.0,3.0,6.0,1.0,12.0,0.0,0.0,0.0,0.0,0.0,2596.0,0.0,0.0,0.0,0.0,0.0,0.0,8.0,44.0,0.0,0.0,0.0,0.0,0.0,0.0,0.0,2.0,0.0,8.0,8.0,0.0,0.0,0.0,0.0,0.0,0.0,0.0,0.0,0.0,0.0,0.0,655761.0,0.0,340444200.0,34044204.0,2.02,129.0,0.0,2000.0,65.0,0.0,0.0,0.0,0.0,0.0,0.0,0.0,1.0,0.0,0.0,0.0,0.0,0.0,0.0,0.0,0.0,0.0,0.0,0.0,0.0,0.0,0.0,0.0,0.0,0.0,0.0,0.0,0.0,0.0,0.0,0.0,0.0,0.0,0.0,0.0,1.0,0.0,0.0,0.0,0.0,0.0,0.0,0.0,0.0,0.0,0.0,0.0,0.0,0.0,0.0,0.0,0.0,0.0,0.0,0.0,0.0,0.0,0.0,0.0,0.0,0.0,0.0,0.0,0.0,0.0,0.0,0.0,0.0,0.0,0.0,0.0,0.0,11.002,2.5,0.0,0.0,0.0,0.0,0.0,0.0,1.0,1.0,0.0,0.0,2500.0,0.0,0.0,0.0,0.0,0.0,0.0,
756,0.0,0.0,0.0,0.0,0.0,0.0,3.0,1.0,1.0,1.0,3.0,1.0,1.0,1.0,4.0,1275.0,3408964.0,131072.0,0.0,2.0,1537.0,1409.0,5.0,513.0,255.0,0.0,0.0,0.0,5.0,769.0,255.0,0.0,0.0,0.0,5.0,1025.0,255.0,0.0,0.0,0.0,5.0,1281.0,254.0,0.0,0.0,0.0,2.0,1644167432.0,1644167688.0,4.0,1678835984.0,1678836240.0,1678836496.0,1678836752.0,4.0,1678837008.0,1678837264.0,1678837520.0,1678837776.0,1.0,537198856.0,5.0,417.0,254.0,0.0,0.0,0.0,5.0,449.0,254.0,0.0,0.0,0.0,5.0,481.0,254.0,0.0,0.0,0.0,5.0,673.0,254.0,0.0,0.0,0.0,5.0,705.0,254.0,0.0,0.0,0.0,5.0,737.0,254.0,0.0,0.0,0.0,5.0,929.0,254.0,0.0,0.0,0.0,4.0,1342177544.0,1342177800.0,1342178056.0,1342178312.0,8.0,1342243080.0,1342243336.0,1342243592.0,1342243848.0,1342244104.0,1342244360.0,1342244616.0,1342244872.0,4.0,1342308624.0,1342308880.0,1342309136.0,1342309392.0,4.0,1342374160.0,1342374416.0,1342374672.0,1342374928.0,4.0,1342375184.0,1342375440.0,1342375696.0,1342375952.0,4.0,1342376208.0,1342376464.0,1342376720.0,1342376976.0,8.0,1342439688.0,1342439944.0,1342440200.0,1342440456.0,1342440712.0,1342440968.0,1342441224.0,1342441480.0,4.0,0.0,0.0,0.0,0.0,8.0,17.0,17.0,17.0,17.0,17.0,17.0,1.0,1.0,16.0,100.0,100.0,100.0,100.0,100.0,100.0,100.0,100.0,100.0,100.0,100.0,100.0,100.0,100.0,100.0,100.0,2.0,45.0,45.0,1.0,32.0,4.0,80.0,245.0,1.0,0.0,8.0,0.0,252.0,168.0,168.0,106.0,0.0,85.0,122.0,5.0,143.0,1842.0,3.0,6.0,1.0,12.0,0.0,0.0,0.0,0.0,0.0,2596.0,0.0,0.0,0.0,0.0,0.0,0.0,8.0,44.0,0.0,0.0,0.0,0.0,0.0,0.0,0.0,2.0,0.0,8.0,8.0,0.0,0.0,0.0,0.0,0.0,0.0,0.0,0.0,0.0,0.0,0.0,655761.0,0.0,340444200.0,34044204.0,2.02,129.0,0.0,2000.0,65.0,0.0,0.0,0.0,0.0,0.0,0.0,0.0,1.0,0.0,0.0,0.0,0.0,0.0,0.0,0.0,0.0,0.0,0.0,0.0,0.0,0.0,0.0,0.0,0.0,0.0,0.0,0.0,0.0,0.0,0.0,0.0,0.0,0.0,0.0,0.0,1.0,0.0,0.0,0.0,0.0,0.0,0.0,0.0,0.0,0.0,0.0,0.0,0.0,0.0,0.0,0.0,0.0,0.0,0.0,0.0,0.0,0.0,0.0,0.0,0.0,0.0,0.0,0.0,0.0,0.0,0.0,0.0,0.0,0.0,0.0,0.0,0.0,11.002,2.5,0.0,0.0,0.0,0.0,0.0,0.0,1.0,1.0,0.0,0.0,2500.0,0.0,0.0,0.0,0.0,0.0,0.0,
761,0.0,0.0,0.0,0.0,0.0,0.0,3.0,1.0,1.0,1.0,3.0,1.0,1.0,1.0,4.0,1275.0,3408964.0,131072.0,0.0,2.0,1537.0,1409.0,5.0,513.0,255.0,0.0,0.0,0.0,5.0,769.0,255.0,0.0,0.0,0.0,5.0,1025.0,255.0,0.0,0.0,0.0,5.0,1281.0,254.0,0.0,0.0,0.0,2.0,1644167432.0,1644167688.0,4.0,1678835984.0,1678836240.0,1678836496.0,1678836752.0,4.0,1678837008.0,1678837264.0,1678837520.0,1678837776.0,1.0,537198856.0,5.0,417.0,254.0,0.0,0.0,0.0,5.0,449.0,254.0,0.0,0.0,0.0,5.0,481.0,254.0,0.0,0.0,0.0,5.0,673.0,254.0,0.0,0.0,0.0,5.0,705.0,254.0,0.0,0.0,0.0,5.0,737.0,254.0,0.0,0.0,0.0,5.0,929.0,254.0,0.0,0.0,0.0,4.0,1342177544.0,1342177800.0,1342178056.0,1342178312.0,8.0,1342243080.0,1342243336.0,1342243592.0,1342243848.0,1342244104.0,1342244360.0,1342244616.0,1342244872.0,4.0,1342308624.0,1342308880.0,1342309136.0,1342309392.0,4.0,1342374160.0,1342374416.0,1342374672.0,1342374928.0,4.0,1342375184.0,1342375440.0,1342375696.0,1342375952.0,4.0,1342376208.0,1342376464.0,1342376720.0,1342376976.0,8.0,1342439688.0,1342439944.0,1342440200.0,1342440456.0,1342440712.0,1342440968.0,1342441224.0,1342441480.0,4.0,0.0,0.0,0.0,0.0,8.0,17.0,17.0,17.0,17.0,17.0,17.0,1.0,1.0,16.0,100.0,100.0,100.0,100.0,100.0,100.0,100.0,100.0,100.0,100.0,100.0,100.0,100.0,100.0,100.0,100.0,2.0,45.0,45.0,1.0,32.0,4.0,80.0,245.0,1.0,0.0,8.0,0.0,252.0,168.0,168.0,106.0,0.0,85.0,122.0,5.0,143.0,1842.0,3.0,6.0,1.0,12.0,0.0,0.0,0.0,0.0,0.0,3121.0,0.0,0.0,0.0,0.0,0.0,0.0,8.0,44.0,0.0,0.0,0.0,0.0,0.0,0.0,0.0,2.0,0.0,8.0,8.0,0.0,0.0,0.0,0.0,0.0,0.0,0.0,0.0,0.0,0.0,0.0,655761.0,0.0,340444200.0,34044204.0,2.02,129.0,0.0,2000.0,65.0,0.0,0.0,0.0,0.0,0.0,0.0,0.0,1.0,0.0,0.0,0.0,0.0,0.0,0.0,0.0,0.0,0.0,0.0,0.0,0.0,0.0,0.0,0.0,0.0,0.0,0.0,0.0,0.0,0.0,0.0,0.0,0.0,0.0,0.0,0.0,1.0,0.0,0.0,0.0,0.0,0.0,0.0,0.0,0.0,0.0,0.0,0.0,0.0,0.0,0.0,0.0,0.0,0.0,0.0,0.0,0.0,0.0,0.0,0.0,0.0,0.0,0.0,0.0,0.0,0.0,0.0,0.0,0.0,0.0,0.0,0.0,0.0,10.338,2.999,0.0,0.0,0.0,0.0,0.0,0.0,1.0,1.0,0.0,0.0,3000.0,0.0,0.0,0.0,0.0,0.0,0.0,
762,0.0,0.0,0.0,0.0,0.0,0.0,3.0,1.0,1.0,1.0,3.0,1.0,1.0,1.0,4.0,1275.0,3408964.0,131072.0,0.0,2.0,1537.0,1409.0,5.0,513.0,255.0,0.0,0.0,0.0,5.0,769.0,255.0,0.0,0.0,0.0,5.0,1025.0,255.0,0.0,0.0,0.0,5.0,1281.0,254.0,0.0,0.0,0.0,2.0,1644167432.0,1644167688.0,4.0,1678835984.0,1678836240.0,1678836496.0,1678836752.0,4.0,1678837008.0,1678837264.0,1678837520.0,1678837776.0,1.0,537198856.0,5.0,417.0,254.0,0.0,0.0,0.0,5.0,449.0,254.0,0.0,0.0,0.0,5.0,481.0,254.0,0.0,0.0,0.0,5.0,673.0,254.0,0.0,0.0,0.0,5.0,705.0,254.0,0.0,0.0,0.0,5.0,737.0,254.0,0.0,0.0,0.0,5.0,929.0,254.0,0.0,0.0,0.0,4.0,1342177544.0,1342177800.0,1342178056.0,1342178312.0,8.0,1342243080.0,1342243336.0,1342243592.0,1342243848.0,1342244104.0,1342244360.0,1342244616.0,1342244872.0,4.0,1342308624.0,1342308880.0,1342309136.0,1342309392.0,4.0,1342374160.0,1342374416.0,1342374672.0,1342374928.0,4.0,1342375184.0,1342375440.0,1342375696.0,1342375952.0,4.0,1342376208.0,1342376464.0,1342376720.0,1342376976.0,8.0,1342439688.0,1342439944.0,1342440200.0,1342440456.0,1342440712.0,1342440968.0,1342441224.0,1342441480.0,4.0,0.0,0.0,0.0,0.0,8.0,17.0,17.0,17.0,17.0,17.0,17.0,1.0,1.0,16.0,100.0,100.0,100.0,100.0,100.0,100.0,100.0,100.0,100.0,100.0,100.0,100.0,100.0,100.0,100.0,100.0,2.0,45.0,45.0,1.0,32.0,4.0,80.0,245.0,1.0,0.0,8.0,0.0,252.0,168.0,168.0,106.0,0.0,85.0,122.0,5.0,143.0,1842.0,3.0,6.0,1.0,12.0,0.0,0.0,0.0,0.0,0.0,3121.0,0.0,0.0,0.0,0.0,0.0,0.0,8.0,44.0,0.0,0.0,0.0,0.0,0.0,0.0,0.0,2.0,0.0,8.0,8.0,0.0,0.0,0.0,0.0,0.0,0.0,0.0,0.0,0.0,0.0,0.0,655761.0,0.0,340444200.0,34044204.0,2.02,129.0,0.0,2000.0,65.0,0.0,0.0,0.0,0.0,0.0,0.0,0.0,1.0,0.0,0.0,0.0,0.0,0.0,0.0,0.0,0.0,0.0,0.0,0.0,0.0,0.0,0.0,0.0,0.0,0.0,0.0,0.0,0.0,0.0,0.0,0.0,0.0,0.0,0.0,0.0,1.0,0.0,0.0,0.0,0.0,0.0,0.0,0.0,0.0,0.0,0.0,0.0,0.0,0.0,0.0,0.0,0.0,0.0,0.0,0.0,0.0,0.0,0.0,0.0,0.0,0.0,0.0,0.0,0.0,0.0,0.0,0.0,0.0,0.0,0.0,0.0,0.0,10.338,2.999,0.0,0.0,0.0,0.0,0.0,0.0,1.0,1.0,0.0,0.0,3000.0,0.0,0.0,0.0,0.0,0.0,0.0,
763,0.0,0.0,0.0,0.0,0.0,0.0,3.0,1.0,1.0,1.0,3.0,1.0,1.0,1.0,4.0,1275.0,3408964.0,131072.0,0.0,2.0,1537.0,1409.0,5.0,513.0,255.0,0.0,0.0,0.0,5.0,769.0,255.0,0.0,0.0,0.0,5.0,1025.0,255.0,0.0,0.0,0.0,5.0,1281.0,254.0,0.0,0.0,0.0,2.0,1644167432.0,1644167688.0,4.0,1678835984.0,1678836240.0,1678836496.0,1678836752.0,4.0,1678837008.0,1678837264.0,1678837520.0,1678837776.0,1.0,537198856.0,5.0,417.0,254.0,0.0,0.0,0.0,5.0,449.0,254.0,0.0,0.0,0.0,5.0,481.0,254.0,0.0,0.0,0.0,5.0,673.0,254.0,0.0,0.0,0.0,5.0,705.0,254.0,0.0,0.0,0.0,5.0,737.0,254.0,0.0,0.0,0.0,5.0,929.0,254.0,0.0,0.0,0.0,4.0,1342177544.0,1342177800.0,1342178056.0,1342178312.0,8.0,1342243080.0,1342243336.0,1342243592.0,1342243848.0,1342244104.0,1342244360.0,1342244616.0,1342244872.0,4.0,1342308624.0,1342308880.0,1342309136.0,1342309392.0,4.0,1342374160.0,1342374416.0,1342374672.0,1342374928.0,4.0,1342375184.0,1342375440.0,1342375696.0,1342375952.0,4.0,1342376208.0,1342376464.0,1342376720.0,1342376976.0,8.0,1342439688.0,1342439944.0,1342440200.0,1342440456.0,1342440712.0,1342440968.0,1342441224.0,1342441480.0,4.0,0.0,0.0,0.0,0.0,8.0,17.0,17.0,17.0,17.0,17.0,17.0,1.0,1.0,16.0,100.0,100.0,100.0,100.0,100.0,100.0,100.0,100.0,100.0,100.0,100.0,100.0,100.0,100.0,100.0,100.0,2.0,45.0,45.0,1.0,32.0,4.0,80.0,245.0,1.0,0.0,8.0,0.0,252.0,168.0,168.0,106.0,0.0,85.0,122.0,5.0,143.0,1842.0,3.0,6.0,1.0,12.0,0.0,0.0,0.0,0.0,0.0,3121.0,0.0,0.0,0.0,0.0,0.0,0.0,8.0,44.0,0.0,0.0,0.0,0.0,0.0,0.0,0.0,2.0,0.0,8.0,8.0,0.0,0.0,0.0,0.0,0.0,0.0,0.0,0.0,0.0,0.0,0.0,655761.0,0.0,340444200.0,34044204.0,2.02,129.0,0.0,2000.0,65.0,0.0,0.0,0.0,0.0,0.0,0.0,0.0,1.0,0.0,0.0,0.0,0.0,0.0,0.0,0.0,0.0,0.0,0.0,0.0,0.0,0.0,0.0,0.0,0.0,0.0,0.0,0.0,0.0,0.0,0.0,0.0,0.0,0.0,0.0,0.0,1.0,0.0,0.0,0.0,0.0,0.0,0.0,0.0,0.0,0.0,0.0,0.0,0.0,0.0,0.0,0.0,0.0,0.0,0.0,0.0,0.0,0.0,0.0,0.0,0.0,0.0,0.0,0.0,0.0,0.0,0.0,0.0,0.0,0.0,0.0,0.0,0.0,10.338,2.999,0.0,0.0,0.0,0.0,0.0,0.0,1.0,1.0,0.0,0.0,3000.0,0.0,0.0,0.0,0.0,0.0,0.0,
768,0.0,0.0,0.0,0.0,0.0,0.0,3.0,1.0,1.0,1.0,3.0,1.0,1.0,1.0,4.0,1275.0,3408964.0,131072.0,0.0,2.0,1537.0,1409.0,5.0,513.0,255.0,0.0,0.0,0.0,5.0,769.0,255.0,0.0,0.0,0.0,5.0,1025.0,255.0,0.0,0.0,0.0,5.0,1281.0,254.0,0.0,0.0,0.0,2.0,1644167432.0,1644167688.0,4.0,1678835984.0,1678836240.0,1678836496.0,1678836752.0,4.0,1678837008.0,1678837264.0,1678837520.0,1678837776.0,1.0,537198856.0,5.0,417.0,254.0,0.0,0.0,0.0,5.0,449.0,254.0,0.0,0.0,0.0,5.0,481.0,254.0,0.0,0.0,0.0,5.0,673.0,254.0,0.0,0.0,0.0,5.0,705.0,254.0,0.0,0.0,0.0,5.0,737.0,254.0,0.0,0.0,0.0,5.0,929.0,254.0,0.0,0.0,0.0,4.0,1342177544.0,1342177800.0,1342178056.0,1342178312.0,8.0,1342243080.0,1342243336.0,1342243592.0,1342243848.0,1342244104.0,1342244360.0,1342244616.0,1342244872.0,4.0,1342308624.0,1342308880.0,1342309136.0,1342309392.0,4.0,1342374160.0,1342374416.0,1342374672.0,1342374928.0,4.0,1342375184.0,1342375440.0,1342375696.0,1342375952.0,4.0,1342376208.0,1342376464.0,1342376720.0,1342376976.0,8.0,1342439688.0,1342439944.0,1342440200.0,1342440456.0,1342440712.0,1342440968.0,1342441224.0,1342441480.0,4.0,0.0,0.0,0.0,0.0,8.0,17.0,17.0,17.0,17.0,17.0,17.0,1.0,1.0,16.0,100.0,100.0,100.0,100.0,100.0,100.0,100.0,100.0,100.0,100.0,100.0,100.0,100.0,100.0,100.0,100.0,2.0,45.0,45.0,1.0,32.0,4.0,80.0,245.0,1.0,0.0,8.0,0.0,252.0,168.0,168.0,106.0,0.0,85.0,122.0,5.0,143.0,1837.0,3.0,6.0,1.0,12.0,0.0,0.0,0.0,0.0,0.0,3651.0,0.0,0.0,0.0,0.0,0.0,0.0,8.0,44.0,0.0,0.0,0.0,0.0,0.0,0.0,0.0,2.0,0.0,8.0,8.0,0.0,0.0,0.0,0.0,0.0,0.0,0.0,0.0,0.0,0.0,0.0,655761.0,0.0,340444200.0,34044204.0,2.02,129.0,0.0,2000.0,65.0,0.0,0.0,0.0,0.0,0.0,0.0,0.0,1.0,0.0,0.0,0.0,0.0,0.0,0.0,0.0,0.0,0.0,0.0,0.0,0.0,0.0,0.0,0.0,0.0,0.0,0.0,0.0,0.0,0.0,0.0,0.0,0.0,0.0,0.0,0.0,1.0,0.0,0.0,0.0,0.0,0.0,0.0,0.0,0.0,0.0,0.0,0.0,0.0,0.0,0.0,0.0,0.0,0.0,0.0,0.0,0.0,0.0,0.0,0.0,0.0,0.0,0.0,0.0,0.0,0.0,0.0,0.0,0.0,0.0,0.0,0.0,0.0,9.663,3.499,0.0,0.0,0.0,0.0,0.0,0.0,1.0,1.0,0.0,0.0,3500.0,0.0,0.0,0.0,0.0,0.0,0.0,
769,0.0,0.0,0.0,0.0,0.0,0.0,3.0,1.0,1.0,1.0,3.0,1.0,1.0,1.0,4.0,1275.0,3408964.0,131072.0,0.0,2.0,1537.0,1409.0,5.0,513.0,255.0,0.0,0.0,0.0,5.0,769.0,255.0,0.0,0.0,0.0,5.0,1025.0,255.0,0.0,0.0,0.0,5.0,1281.0,254.0,0.0,0.0,0.0,2.0,1644167432.0,1644167688.0,4.0,1678835984.0,1678836240.0,1678836496.0,1678836752.0,4.0,1678837008.0,1678837264.0,1678837520.0,1678837776.0,1.0,537198856.0,5.0,417.0,254.0,0.0,0.0,0.0,5.0,449.0,254.0,0.0,0.0,0.0,5.0,481.0,254.0,0.0,0.0,0.0,5.0,673.0,254.0,0.0,0.0,0.0,5.0,705.0,254.0,0.0,0.0,0.0,5.0,737.0,254.0,0.0,0.0,0.0,5.0,929.0,254.0,0.0,0.0,0.0,4.0,1342177544.0,1342177800.0,1342178056.0,1342178312.0,8.0,1342243080.0,1342243336.0,1342243592.0,1342243848.0,1342244104.0,1342244360.0,1342244616.0,1342244872.0,4.0,1342308624.0,1342308880.0,1342309136.0,1342309392.0,4.0,1342374160.0,1342374416.0,1342374672.0,1342374928.0,4.0,1342375184.0,1342375440.0,1342375696.0,1342375952.0,4.0,1342376208.0,1342376464.0,1342376720.0,1342376976.0,8.0,1342439688.0,1342439944.0,1342440200.0,1342440456.0,1342440712.0,1342440968.0,1342441224.0,1342441480.0,4.0,0.0,0.0,0.0,0.0,8.0,17.0,17.0,17.0,17.0,17.0,17.0,1.0,1.0,16.0,100.0,100.0,100.0,100.0,100.0,100.0,100.0,100.0,100.0,100.0,100.0,100.0,100.0,100.0,100.0,100.0,2.0,45.0,45.0,1.0,32.0,4.0,80.0,245.0,1.0,0.0,8.0,0.0,252.0,168.0,168.0,106.0,0.0,85.0,122.0,5.0,143.0,1842.0,3.0,6.0,1.0,12.0,0.0,0.0,0.0,0.0,0.0,3651.0,0.0,0.0,0.0,0.0,0.0,0.0,8.0,44.0,0.0,0.0,0.0,0.0,0.0,0.0,0.0,2.0,0.0,8.0,8.0,0.0,0.0,0.0,0.0,0.0,0.0,0.0,0.0,0.0,0.0,0.0,655761.0,0.0,340444200.0,34044204.0,2.02,129.0,0.0,2000.0,65.0,0.0,0.0,0.0,0.0,0.0,0.0,0.0,1.0,0.0,0.0,0.0,0.0,0.0,0.0,0.0,0.0,0.0,0.0,0.0,0.0,0.0,0.0,0.0,0.0,0.0,0.0,0.0,0.0,0.0,0.0,0.0,0.0,0.0,0.0,0.0,1.0,0.0,0.0,0.0,0.0,0.0,0.0,0.0,0.0,0.0,0.0,0.0,0.0,0.0,0.0,0.0,0.0,0.0,0.0,0.0,0.0,0.0,0.0,0.0,0.0,0.0,0.0,0.0,0.0,0.0,0.0,0.0,0.0,0.0,0.0,0.0,0.0,9.665,3.5,0.0,0.0,0.0,0.0,0.0,0.0,1.0,1.0,0.0,0.0,3500.0,0.0,0.0,0.0,0.0,0.0,0.0,
770,0.0,0.0,0.0,0.0,0.0,0.0,3.0,1.0,1.0,1.0,3.0,1.0,1.0,1.0,4.0,1275.0,3408964.0,131072.0,0.0,2.0,1537.0,1409.0,5.0,513.0,255.0,0.0,0.0,0.0,5.0,769.0,255.0,0.0,0.0,0.0,5.0,1025.0,255.0,0.0,0.0,0.0,5.0,1281.0,254.0,0.0,0.0,0.0,2.0,1644167432.0,1644167688.0,4.0,1678835984.0,1678836240.0,1678836496.0,1678836752.0,4.0,1678837008.0,1678837264.0,1678837520.0,1678837776.0,1.0,537198856.0,5.0,417.0,254.0,0.0,0.0,0.0,5.0,449.0,254.0,0.0,0.0,0.0,5.0,481.0,254.0,0.0,0.0,0.0,5.0,673.0,254.0,0.0,0.0,0.0,5.0,705.0,254.0,0.0,0.0,0.0,5.0,737.0,254.0,0.0,0.0,0.0,5.0,929.0,254.0,0.0,0.0,0.0,4.0,1342177544.0,1342177800.0,1342178056.0,1342178312.0,8.0,1342243080.0,1342243336.0,1342243592.0,1342243848.0,1342244104.0,1342244360.0,1342244616.0,1342244872.0,4.0,1342308624.0,1342308880.0,1342309136.0,1342309392.0,4.0,1342374160.0,1342374416.0,1342374672.0,1342374928.0,4.0,1342375184.0,1342375440.0,1342375696.0,1342375952.0,4.0,1342376208.0,1342376464.0,1342376720.0,1342376976.0,8.0,1342439688.0,1342439944.0,1342440200.0,1342440456.0,1342440712.0,1342440968.0,1342441224.0,1342441480.0,4.0,0.0,0.0,0.0,0.0,8.0,17.0,17.0,17.0,17.0,17.0,17.0,1.0,1.0,16.0,100.0,100.0,100.0,100.0,100.0,100.0,100.0,100.0,100.0,100.0,100.0,100.0,100.0,100.0,100.0,100.0,2.0,45.0,45.0,1.0,32.0,4.0,80.0,245.0,1.0,0.0,8.0,0.0,252.0,168.0,168.0,106.0,0.0,85.0,122.0,5.0,143.0,1842.0,3.0,6.0,1.0,12.0,0.0,0.0,0.0,0.0,0.0,3651.0,0.0,0.0,0.0,0.0,0.0,0.0,8.0,44.0,0.0,0.0,0.0,0.0,0.0,0.0,0.0,2.0,0.0,8.0,8.0,0.0,0.0,0.0,0.0,0.0,0.0,0.0,0.0,0.0,0.0,0.0,655761.0,0.0,340444200.0,34044204.0,2.02,129.0,0.0,2000.0,65.0,0.0,0.0,0.0,0.0,0.0,0.0,0.0,1.0,0.0,0.0,0.0,0.0,0.0,0.0,0.0,0.0,0.0,0.0,0.0,0.0,0.0,0.0,0.0,0.0,0.0,0.0,0.0,0.0,0.0,0.0,0.0,0.0,0.0,0.0,0.0,1.0,0.0,0.0,0.0,0.0,0.0,0.0,0.0,0.0,0.0,0.0,0.0,0.0,0.0,0.0,0.0,0.0,0.0,0.0,0.0,0.0,0.0,0.0,0.0,0.0,0.0,0.0,0.0,0.0,0.0,0.0,0.0,0.0,0.0,0.0,0.0,0.0,9.665,3.5,0.0,0.0,0.0,0.0,0.0,0.0,1.0,1.0,0.0,0.0,3500.0,0.0,0.0,0.0,0.0,0.0,0.0,
775,0.0,0.0,0.0,0.0,0.0,0.0,3.0,1.0,1.0,1.0,3.0,1.0,1.0,1.0,4.0,1275.0,3408964.0,131072.0,0.0,2.0,1537.0,1409.0,5.0,513.0,255.0,0.0,0.0,0.0,5.0,769.0,255.0,0.0,0.0,0.0,5.0,1025.0,255.0,0.0,0.0,0.0,5.0,1281.0,254.0,0.0,0.0,0.0,2.0,1644167432.0,1644167688.0,4.0,1678835984.0,1678836240.0,1678836496.0,1678836752.0,4.0,1678837008.0,1678837264.0,1678837520.0,1678837776.0,1.0,537198856.0,5.0,417.0,254.0,0.0,0.0,0.0,5.0,449.0,254.0,0.0,0.0,0.0,5.0,481.0,254.0,0.0,0.0,0.0,5.0,673.0,254.0,0.0,0.0,0.0,5.0,705.0,254.0,0.0,0.0,0.0,5.0,737.0,254.0,0.0,0.0,0.0,5.0,929.0,254.0,0.0,0.0,0.0,4.0,1342177544.0,1342177800.0,1342178056.0,1342178312.0,8.0,1342243080.0,1342243336.0,1342243592.0,1342243848.0,1342244104.0,1342244360.0,1342244616.0,1342244872.0,4.0,1342308624.0,1342308880.0,1342309136.0,1342309392.0,4.0,1342374160.0,1342374416.0,1342374672.0,1342374928.0,4.0,1342375184.0,1342375440.0,1342375696.0,1342375952.0,4.0,1342376208.0,1342376464.0,1342376720.0,1342376976.0,8.0,1342439688.0,1342439944.0,1342440200.0,1342440456.0,1342440712.0,1342440968.0,1342441224.0,1342441480.0,4.0,0.0,0.0,0.0,0.0,8.0,17.0,17.0,17.0,17.0,17.0,17.0,1.0,1.0,16.0,100.0,100.0,100.0,100.0,100.0,100.0,100.0,100.0,100.0,100.0,100.0,100.0,100.0,100.0,100.0,100.0,2.0,45.0,45.0,1.0,32.0,4.0,80.0,245.0,1.0,0.0,8.0,0.0,252.0,168.0,168.0,106.0,0.0,85.0,122.0,5.0,142.0,1842.0,3.0,6.0,1.0,12.0,0.0,0.0,0.0,0.0,0.0,4177.0,0.0,0.0,0.0,0.0,0.0,0.0,8.0,44.0,0.0,0.0,0.0,0.0,0.0,0.0,0.0,2.0,0.0,8.0,8.0,0.0,0.0,0.0,0.0,0.0,0.0,0.0,0.0,0.0,0.0,0.0,655761.0,0.0,340444200.0,34044204.0,2.02,129.0,0.0,2000.0,65.0,0.0,0.0,0.0,0.0,0.0,0.0,0.0,1.0,0.0,0.0,0.0,0.0,0.0,0.0,0.0,0.0,0.0,0.0,0.0,0.0,0.0,0.0,0.0,0.0,0.0,0.0,0.0,0.0,0.0,0.0,0.0,0.0,0.0,0.0,0.0,1.0,0.0,0.0,0.0,0.0,0.0,0.0,0.0,0.0,0.0,0.0,0.0,0.0,0.0,0.0,0.0,0.0,0.0,0.0,0.0,0.0,0.0,0.0,0.0,0.0,0.0,0.0,0.0,0.0,0.0,0.0,0.0,0.0,0.0,0.0,0.0,0.0,8.993,4.001,0.0,0.0,0.0,0.0,0.0,0.0,1.0,1.0,0.0,0.0,4000.0,0.0,0.0,0.0,0.0,0.0,0.0,
776,0.0,0.0,0.0,0.0,0.0,0.0,3.0,1.0,1.0,1.0,3.0,1.0,1.0,1.0,4.0,1275.0,3408964.0,131072.0,0.0,2.0,1537.0,1409.0,5.0,513.0,255.0,0.0,0.0,0.0,5.0,769.0,255.0,0.0,0.0,0.0,5.0,1025.0,255.0,0.0,0.0,0.0,5.0,1281.0,254.0,0.0,0.0,0.0,2.0,1644167432.0,1644167688.0,4.0,1678835984.0,1678836240.0,1678836496.0,1678836752.0,4.0,1678837008.0,1678837264.0,1678837520.0,1678837776.0,1.0,537198856.0,5.0,417.0,254.0,0.0,0.0,0.0,5.0,449.0,254.0,0.0,0.0,0.0,5.0,481.0,254.0,0.0,0.0,0.0,5.0,673.0,254.0,0.0,0.0,0.0,5.0,705.0,254.0,0.0,0.0,0.0,5.0,737.0,254.0,0.0,0.0,0.0,5.0,929.0,254.0,0.0,0.0,0.0,4.0,1342177544.0,1342177800.0,1342178056.0,1342178312.0,8.0,1342243080.0,1342243336.0,1342243592.0,1342243848.0,1342244104.0,1342244360.0,1342244616.0,1342244872.0,4.0,1342308624.0,1342308880.0,1342309136.0,1342309392.0,4.0,1342374160.0,1342374416.0,1342374672.0,1342374928.0,4.0,1342375184.0,1342375440.0,1342375696.0,1342375952.0,4.0,1342376208.0,1342376464.0,1342376720.0,1342376976.0,8.0,1342439688.0,1342439944.0,1342440200.0,1342440456.0,1342440712.0,1342440968.0,1342441224.0,1342441480.0,4.0,0.0,0.0,0.0,0.0,8.0,17.0,17.0,17.0,17.0,17.0,17.0,1.0,1.0,16.0,100.0,100.0,100.0,100.0,100.0,100.0,100.0,100.0,100.0,100.0,100.0,100.0,100.0,100.0,100.0,100.0,2.0,45.0,45.0,1.0,32.0,4.0,80.0,245.0,1.0,0.0,8.0,0.0,252.0,168.0,168.0,106.0,0.0,85.0,122.0,5.0,143.0,1842.0,3.0,6.0,1.0,12.0,0.0,0.0,0.0,0.0,0.0,4177.0,0.0,0.0,0.0,0.0,0.0,0.0,8.0,44.0,0.0,0.0,0.0,0.0,0.0,0.0,0.0,2.0,0.0,8.0,8.0,0.0,0.0,0.0,0.0,0.0,0.0,0.0,0.0,0.0,0.0,0.0,655761.0,0.0,340444200.0,34044204.0,2.02,129.0,0.0,2000.0,65.0,0.0,0.0,0.0,0.0,0.0,0.0,0.0,1.0,0.0,0.0,0.0,0.0,0.0,0.0,0.0,0.0,0.0,0.0,0.0,0.0,0.0,0.0,0.0,0.0,0.0,0.0,0.0,0.0,0.0,0.0,0.0,0.0,0.0,0.0,0.0,1.0,0.0,0.0,0.0,0.0,0.0,0.0,0.0,0.0,0.0,0.0,0.0,0.0,0.0,0.0,0.0,0.0,0.0,0.0,0.0,0.0,0.0,0.0,0.0,0.0,0.0,0.0,0.0,0.0,0.0,0.0,0.0,0.0,0.0,0.0,0.0,0.0,8.994,4.001,0.0,0.0,0.0,0.0,0.0,0.0,1.0,1.0,0.0,0.0,4000.0,0.0,0.0,0.0,0.0,0.0,0.0,
777,0.0,0.0,0.0,0.0,0.0,0.0,3.0,1.0,1.0,1.0,3.0,1.0,1.0,1.0,4.0,1275.0,3408964.0,131072.0,0.0,2.0,1537.0,1409.0,5.0,513.0,255.0,0.0,0.0,0.0,5.0,769.0,255.0,0.0,0.0,0.0,5.0,1025.0,255.0,0.0,0.0,0.0,5.0,1281.0,254.0,0.0,0.0,0.0,2.0,1644167432.0,1644167688.0,4.0,1678835984.0,1678836240.0,1678836496.0,1678836752.0,4.0,1678837008.0,1678837264.0,1678837520.0,1678837776.0,1.0,537198856.0,5.0,417.0,254.0,0.0,0.0,0.0,5.0,449.0,254.0,0.0,0.0,0.0,5.0,481.0,254.0,0.0,0.0,0.0,5.0,673.0,254.0,0.0,0.0,0.0,5.0,705.0,254.0,0.0,0.0,0.0,5.0,737.0,254.0,0.0,0.0,0.0,5.0,929.0,254.0,0.0,0.0,0.0,4.0,1342177544.0,1342177800.0,1342178056.0,1342178312.0,8.0,1342243080.0,1342243336.0,1342243592.0,1342243848.0,1342244104.0,1342244360.0,1342244616.0,1342244872.0,4.0,1342308624.0,1342308880.0,1342309136.0,1342309392.0,4.0,1342374160.0,1342374416.0,1342374672.0,1342374928.0,4.0,1342375184.0,1342375440.0,1342375696.0,1342375952.0,4.0,1342376208.0,1342376464.0,1342376720.0,1342376976.0,8.0,1342439688.0,1342439944.0,1342440200.0,1342440456.0,1342440712.0,1342440968.0,1342441224.0,1342441480.0,4.0,0.0,0.0,0.0,0.0,8.0,17.0,17.0,17.0,17.0,17.0,17.0,1.0,1.0,16.0,100.0,100.0,100.0,100.0,100.0,100.0,100.0,100.0,100.0,100.0,100.0,100.0,100.0,100.0,100.0,100.0,2.0,45.0,45.0,1.0,32.0,4.0,80.0,245.0,1.0,0.0,8.0,0.0,252.0,168.0,168.0,106.0,0.0,85.0,122.0,5.0,143.0,1842.0,3.0,6.0,1.0,12.0,0.0,0.0,0.0,0.0,0.0,4177.0,0.0,0.0,0.0,0.0,0.0,0.0,8.0,44.0,0.0,0.0,0.0,0.0,0.0,0.0,0.0,2.0,0.0,8.0,8.0,0.0,0.0,0.0,0.0,0.0,0.0,0.0,0.0,0.0,0.0,0.0,655761.0,0.0,340444200.0,34044204.0,2.02,129.0,0.0,2000.0,65.0,0.0,0.0,0.0,0.0,0.0,0.0,0.0,1.0,0.0,0.0,0.0,0.0,0.0,0.0,0.0,0.0,0.0,0.0,0.0,0.0,0.0,0.0,0.0,0.0,0.0,0.0,0.0,0.0,0.0,0.0,0.0,0.0,0.0,0.0,0.0,1.0,0.0,0.0,0.0,0.0,0.0,0.0,0.0,0.0,0.0,0.0,0.0,0.0,0.0,0.0,0.0,0.0,0.0,0.0,0.0,0.0,0.0,0.0,0.0,0.0,0.0,0.0,0.0,0.0,0.0,0.0,0.0,0.0,0.0,0.0,0.0,0.0,8.994,4.001,0.0,0.0,0.0,0.0,0.0,0.0,1.0,1.0,0.0,0.0,4000.0,0.0,0.0,0.0,0.0,0.0,0.0,
782,0.0,0.0,0.0,0.0,0.0,0.0,3.0,1.0,1.0,1.0,3.0,1.0,1.0,1.0,4.0,1275.0,3408964.0,131072.0,0.0,2.0,1537.0,1409.0,5.0,513.0,255.0,0.0,0.0,0.0,5.0,769.0,255.0,0.0,0.0,0.0,5.0,1025.0,255.0,0.0,0.0,0.0,5.0,1281.0,254.0,0.0,0.0,0.0,2.0,1644167432.0,1644167688.0,4.0,1678835984.0,1678836240.0,1678836496.0,1678836752.0,4.0,1678837008.0,1678837264.0,1678837520.0,1678837776.0,1.0,537198856.0,5.0,417.0,254.0,0.0,0.0,0.0,5.0,449.0,254.0,0.0,0.0,0.0,5.0,481.0,254.0,0.0,0.0,0.0,5.0,673.0,254.0,0.0,0.0,0.0,5.0,705.0,254.0,0.0,0.0,0.0,5.0,737.0,254.0,0.0,0.0,0.0,5.0,929.0,254.0,0.0,0.0,0.0,4.0,1342177544.0,1342177800.0,1342178056.0,1342178312.0,8.0,1342243080.0,1342243336.0,1342243592.0,1342243848.0,1342244104.0,1342244360.0,1342244616.0,1342244872.0,4.0,1342308624.0,1342308880.0,1342309136.0,1342309392.0,4.0,1342374160.0,1342374416.0,1342374672.0,1342374928.0,4.0,1342375184.0,1342375440.0,1342375696.0,1342375952.0,4.0,1342376208.0,1342376464.0,1342376720.0,1342376976.0,8.0,1342439688.0,1342439944.0,1342440200.0,1342440456.0,1342440712.0,1342440968.0,1342441224.0,1342441480.0,4.0,0.0,0.0,0.0,0.0,8.0,17.0,17.0,17.0,17.0,17.0,17.0,1.0,1.0,16.0,100.0,100.0,100.0,100.0,100.0,100.0,100.0,100.0,100.0,100.0,100.0,100.0,100.0,100.0,100.0,100.0,2.0,45.0,45.0,1.0,32.0,4.0,80.0,245.0,1.0,0.0,8.0,0.0,252.0,168.0,168.0,170.0,0.0,85.0,122.0,5.0,145.0,1842.0,3.0,6.0,1.0,12.0,0.0,0.0,0.0,0.0,0.0,0.0,0.0,0.0,0.0,0.0,0.0,0.0,8.0,44.0,0.0,0.0,0.0,0.0,0.0,0.0,0.0,2.0,0.0,8.0,8.0,0.0,0.0,0.0,0.0,0.0,0.0,0.0,0.0,0.0,0.0,0.0,655761.0,0.0,340444200.0,34044204.0,2.02,129.0,0.0,2000.0,65.0,0.0,0.0,0.0,0.0,0.0,0.0,0.0,1.0,0.0,0.0,0.0,0.0,0.0,0.0,0.0,0.0,0.0,0.0,0.0,0.0,0.0,0.0,0.0,0.0,0.0,0.0,0.0,0.0,0.0,0.0,0.0,0.0,0.0,0.0,0.0,1.0,0.0,0.0,0.0,0.0,0.0,0.0,0.0,0.0,0.0,0.0,0.0,0.0,0.0,0.0,0.0,0.0,0.0,0.0,0.0,0.0,0.0,0.0,0.0,0.0,0.0,0.0,0.0,0.0,0.0,0.0,0.0,0.0,0.0,0.0,0.0,0.0,0.0,0.0,0.0,0.0,0.0,0.0,0.0,0.0,1.0,1.0,0.0,0.0,4500.0,0.0,0.0,0.0,0.0,0.0,0.0,
783,0.0,0.0,0.0,0.0,0.0,0.0,3.0,1.0,1.0,1.0,3.0,1.0,1.0,1.0,4.0,1275.0,3408964.0,131072.0,0.0,2.0,1537.0,1409.0,5.0,513.0,255.0,0.0,0.0,0.0,5.0,769.0,255.0,0.0,0.0,0.0,5.0,1025.0,255.0,0.0,0.0,0.0,5.0,1281.0,254.0,0.0,0.0,0.0,2.0,1644167432.0,1644167688.0,4.0,1678835984.0,1678836240.0,1678836496.0,1678836752.0,4.0,1678837008.0,1678837264.0,1678837520.0,1678837776.0,1.0,537198856.0,5.0,417.0,254.0,0.0,0.0,0.0,5.0,449.0,254.0,0.0,0.0,0.0,5.0,481.0,254.0,0.0,0.0,0.0,5.0,673.0,254.0,0.0,0.0,0.0,5.0,705.0,254.0,0.0,0.0,0.0,5.0,737.0,254.0,0.0,0.0,0.0,5.0,929.0,254.0,0.0,0.0,0.0,4.0,1342177544.0,1342177800.0,1342178056.0,1342178312.0,8.0,1342243080.0,1342243336.0,1342243592.0,1342243848.0,1342244104.0,1342244360.0,1342244616.0,1342244872.0,4.0,1342308624.0,1342308880.0,1342309136.0,1342309392.0,4.0,1342374160.0,1342374416.0,1342374672.0,1342374928.0,4.0,1342375184.0,1342375440.0,1342375696.0,1342375952.0,4.0,1342376208.0,1342376464.0,1342376720.0,1342376976.0,8.0,1342439688.0,1342439944.0,1342440200.0,1342440456.0,1342440712.0,1342440968.0,1342441224.0,1342441480.0,4.0,0.0,0.0,0.0,0.0,8.0,17.0,17.0,17.0,17.0,17.0,17.0,1.0,1.0,16.0,100.0,100.0,100.0,100.0,100.0,100.0,100.0,100.0,100.0,100.0,100.0,100.0,100.0,100.0,100.0,100.0,2.0,45.0,45.0,1.0,32.0,4.0,80.0,245.0,1.0,0.0,8.0,0.0,252.0,168.0,168.0,170.0,0.0,85.0,122.0,5.0,144.0,1842.0,3.0,6.0,1.0,12.0,0.0,0.0,0.0,0.0,0.0,0.0,0.0,0.0,0.0,0.0,0.0,0.0,8.0,44.0,0.0,0.0,0.0,0.0,0.0,0.0,0.0,2.0,0.0,8.0,8.0,0.0,0.0,0.0,0.0,0.0,0.0,0.0,0.0,0.0,0.0,0.0,655761.0,0.0,340444200.0,34044204.0,2.02,129.0,0.0,2000.0,65.0,0.0,0.0,0.0,0.0,0.0,0.0,0.0,1.0,0.0,0.0,0.0,0.0,0.0,0.0,0.0,0.0,0.0,0.0,0.0,0.0,0.0,0.0,0.0,0.0,0.0,0.0,0.0,0.0,0.0,0.0,0.0,0.0,0.0,0.0,0.0,1.0,0.0,0.0,0.0,0.0,0.0,0.0,0.0,0.0,0.0,0.0,0.0,0.0,0.0,0.0,0.0,0.0,0.0,0.0,0.0,0.0,0.0,0.0,0.0,0.0,0.0,0.0,0.0,0.0,0.0,0.0,0.0,0.0,0.0,0.0,0.0,0.0,0.0,0.0,0.0,0.0,0.0,0.0,0.0,0.0,1.0,1.0,0.0,0.0,4500.0,0.0,0.0,0.0,0.0,0.0,0.0,
784,0.0,0.0,0.0,0.0,0.0,0.0,3.0,1.0,1.0,1.0,3.0,1.0,1.0,1.0,4.0,1275.0,3408964.0,131072.0,0.0,2.0,1537.0,1409.0,5.0,513.0,255.0,0.0,0.0,0.0,5.0,769.0,255.0,0.0,0.0,0.0,5.0,1025.0,255.0,0.0,0.0,0.0,5.0,1281.0,254.0,0.0,0.0,0.0,2.0,1644167432.0,1644167688.0,4.0,1678835984.0,1678836240.0,1678836496.0,1678836752.0,4.0,1678837008.0,1678837264.0,1678837520.0,1678837776.0,1.0,537198856.0,5.0,417.0,254.0,0.0,0.0,0.0,5.0,449.0,254.0,0.0,0.0,0.0,5.0,481.0,254.0,0.0,0.0,0.0,5.0,673.0,254.0,0.0,0.0,0.0,5.0,705.0,254.0,0.0,0.0,0.0,5.0,737.0,254.0,0.0,0.0,0.0,5.0,929.0,254.0,0.0,0.0,0.0,4.0,1342177544.0,1342177800.0,1342178056.0,1342178312.0,8.0,1342243080.0,1342243336.0,1342243592.0,1342243848.0,1342244104.0,1342244360.0,1342244616.0,1342244872.0,4.0,1342308624.0,1342308880.0,1342309136.0,1342309392.0,4.0,1342374160.0,1342374416.0,1342374672.0,1342374928.0,4.0,1342375184.0,1342375440.0,1342375696.0,1342375952.0,4.0,1342376208.0,1342376464.0,1342376720.0,1342376976.0,8.0,1342439688.0,1342439944.0,1342440200.0,1342440456.0,1342440712.0,1342440968.0,1342441224.0,1342441480.0,4.0,0.0,0.0,0.0,0.0,8.0,17.0,17.0,17.0,17.0,17.0,17.0,1.0,1.0,16.0,100.0,100.0,100.0,100.0,100.0,100.0,100.0,100.0,100.0,100.0,100.0,100.0,100.0,100.0,100.0,100.0,2.0,45.0,45.0,1.0,32.0,4.0,80.0,245.0,1.0,0.0,8.0,0.0,252.0,168.0,168.0,170.0,0.0,85.0,122.0,5.0,144.0,1842.0,3.0,6.0,1.0,12.0,0.0,0.0,0.0,0.0,0.0,0.0,0.0,0.0,0.0,0.0,0.0,0.0,8.0,44.0,0.0,0.0,0.0,0.0,0.0,0.0,0.0,2.0,0.0,8.0,8.0,0.0,0.0,0.0,0.0,0.0,0.0,0.0,0.0,0.0,0.0,0.0,655761.0,0.0,340444200.0,34044204.0,2.02,129.0,0.0,2000.0,65.0,0.0,0.0,0.0,0.0,0.0,0.0,0.0,1.0,0.0,0.0,0.0,0.0,0.0,0.0,0.0,0.0,0.0,0.0,0.0,0.0,0.0,0.0,0.0,0.0,0.0,0.0,0.0,0.0,0.0,0.0,0.0,0.0,0.0,0.0,0.0,1.0,0.0,0.0,0.0,0.0,0.0,0.0,0.0,0.0,0.0,0.0,0.0,0.0,0.0,0.0,0.0,0.0,0.0,0.0,0.0,0.0,0.0,0.0,0.0,0.0,0.0,0.0,0.0,0.0,0.0,0.0,0.0,0.0,0.0,0.0,0.0,0.0,0.0,0.0,0.0,0.0,0.0,0.0,0.0,0.0,1.0,1.0,0.0,0.0,4500.0,0.0,0.0,0.0,0.0,0.0,0.0,
787,0.0,0.0,0.0,0.0,0.0,0.0,3.0,1.0,1.0,1.0,3.0,1.0,1.0,1.0,4.0,1275.0,3408964.0,131072.0,0.0,2.0,1537.0,1409.0,5.0,513.0,255.0,0.0,0.0,0.0,5.0,769.0,255.0,0.0,0.0,0.0,5.0,1025.0,255.0,0.0,0.0,0.0,5.0,1281.0,254.0,0.0,0.0,0.0,2.0,1644167432.0,1644167688.0,4.0,1678835984.0,1678836240.0,1678836496.0,1678836752.0,4.0,1678837008.0,1678837264.0,1678837520.0,1678837776.0,1.0,537198856.0,5.0,417.0,254.0,0.0,0.0,0.0,5.0,449.0,254.0,0.0,0.0,0.0,5.0,481.0,254.0,0.0,0.0,0.0,5.0,673.0,254.0,0.0,0.0,0.0,5.0,705.0,254.0,0.0,0.0,0.0,5.0,737.0,254.0,0.0,0.0,0.0,5.0,929.0,254.0,0.0,0.0,0.0,4.0,1342177544.0,1342177800.0,1342178056.0,1342178312.0,8.0,1342243080.0,1342243336.0,1342243592.0,1342243848.0,1342244104.0,1342244360.0,1342244616.0,1342244872.0,4.0,1342308624.0,1342308880.0,1342309136.0,1342309392.0,4.0,1342374160.0,1342374416.0,1342374672.0,1342374928.0,4.0,1342375184.0,1342375440.0,1342375696.0,1342375952.0,4.0,1342376208.0,1342376464.0,1342376720.0,1342376976.0,8.0,1342439688.0,1342439944.0,1342440200.0,1342440456.0,1342440712.0,1342440968.0,1342441224.0,1342441480.0,4.0,0.0,0.0,0.0,0.0,8.0,17.0,17.0,17.0,17.0,17.0,17.0,1.0,1.0,16.0,100.0,100.0,100.0,100.0,100.0,100.0,100.0,100.0,100.0,100.0,100.0,100.0,100.0,100.0,100.0,100.0,2.0,45.0,45.0,1.0,32.0,4.0,80.0,245.0,1.0,0.0,8.0,0.0,252.0,168.0,168.0,170.0,0.0,85.0,122.0,5.0,145.0,1842.0,3.0,6.0,1.0,12.0,0.0,0.0,0.0,0.0,0.0,0.0,0.0,0.0,0.0,0.0,0.0,0.0,8.0,44.0,0.0,0.0,0.0,0.0,0.0,0.0,0.0,2.0,0.0,0.0,8.0,0.0,0.0,0.0,0.0,0.0,0.0,0.0,0.0,0.0,0.0,0.0,655761.0,0.0,340444200.0,34044204.0,2.02,129.0,0.0,2000.0,65.0,0.0,0.0,0.0,0.0,0.0,0.0,0.0,1.0,0.0,0.0,0.0,0.0,0.0,0.0,0.0,0.0,0.0,0.0,0.0,0.0,0.0,0.0,0.0,0.0,0.0,0.0,0.0,0.0,0.0,0.0,0.0,0.0,0.0,0.0,0.0,0.0,0.0,0.0,0.0,0.0,0.0,0.0,0.0,0.0,0.0,0.0,0.0,0.0,0.0,0.0,0.0,0.0,0.0,0.0,0.0,0.0,0.0,0.0,0.0,0.0,0.0,0.0,0.0,0.0,0.0,0.0,0.0,0.0,0.0,0.0,0.0,0.0,0.0,0.0,0.0,0.0,0.0,0.0,0.0,0.0,1.0,1.0,0.0,0.0,4500.0,0.0,0.0,0.0,0.0,0.0,0.0,
789,0.0,0.0,0.0,0.0,0.0,0.0,3.0,1.0,1.0,1.0,3.0,1.0,1.0,1.0,4.0,1275.0,3408964.0,131072.0,0.0,2.0,1537.0,1409.0,5.0,513.0,255.0,0.0,0.0,0.0,5.0,769.0,255.0,0.0,0.0,0.0,5.0,1025.0,255.0,0.0,0.0,0.0,5.0,1281.0,254.0,0.0,0.0,0.0,2.0,1644167432.0,1644167688.0,4.0,1678835984.0,1678836240.0,1678836496.0,1678836752.0,4.0,1678837008.0,1678837264.0,1678837520.0,1678837776.0,1.0,537198856.0,5.0,417.0,254.0,0.0,0.0,0.0,5.0,449.0,254.0,0.0,0.0,0.0,5.0,481.0,254.0,0.0,0.0,0.0,5.0,673.0,254.0,0.0,0.0,0.0,5.0,705.0,254.0,0.0,0.0,0.0,5.0,737.0,254.0,0.0,0.0,0.0,5.0,929.0,254.0,0.0,0.0,0.0,4.0,1342177544.0,1342177800.0,1342178056.0,1342178312.0,8.0,1342243080.0,1342243336.0,1342243592.0,1342243848.0,1342244104.0,1342244360.0,1342244616.0,1342244872.0,4.0,1342308624.0,1342308880.0,1342309136.0,1342309392.0,4.0,1342374160.0,1342374416.0,1342374672.0,1342374928.0,4.0,1342375184.0,1342375440.0,1342375696.0,1342375952.0,4.0,1342376208.0,1342376464.0,1342376720.0,1342376976.0,8.0,1342439688.0,1342439944.0,1342440200.0,1342440456.0,1342440712.0,1342440968.0,1342441224.0,1342441480.0,4.0,0.0,0.0,0.0,0.0,8.0,17.0,17.0,17.0,17.0,17.0,17.0,1.0,1.0,16.0,100.0,100.0,100.0,100.0,100.0,100.0,100.0,100.0,100.0,100.0,100.0,100.0,100.0,100.0,100.0,100.0,2.0,45.0,45.0,1.0,32.0,4.0,80.0,245.0,1.0,0.0,8.0,0.0,252.0,168.0,168.0,170.0,0.0,85.0,122.0,5.0,144.0,1842.0,3.0,6.0,1.0,12.0,0.0,0.0,0.0,0.0,0.0,0.0,0.0,0.0,0.0,0.0,0.0,0.0,8.0,44.0,0.0,0.0,0.0,0.0,0.0,0.0,0.0,2.0,0.0,0.0,8.0,0.0,0.0,0.0,0.0,0.0,0.0,0.0,0.0,0.0,0.0,0.0,655761.0,0.0,340444200.0,34044204.0,2.02,129.0,0.0,2000.0,65.0,0.0,0.0,0.0,0.0,0.0,0.0,0.0,1.0,0.0,0.0,0.0,0.0,0.0,0.0,0.0,0.0,0.0,0.0,0.0,0.0,0.0,0.0,0.0,0.0,0.0,0.0,0.0,0.0,0.0,0.0,0.0,0.0,0.0,0.0,0.0,0.0,0.0,0.0,0.0,0.0,0.0,0.0,0.0,0.0,0.0,0.0,0.0,0.0,0.0,0.0,0.0,0.0,0.0,0.0,0.0,0.0,0.0,0.0,0.0,0.0,0.0,0.0,0.0,0.0,0.0,0.0,0.0,0.0,0.0,0.0,0.0,0.0,0.0,0.0,0.0,0.0,0.0,0.0,0.0,0.0,1.0,1.0,0.0,0.0,0.0,0.0,0.0,0.0,0.0,0.0,0.0,
797,0.0,0.0,0.0,0.0,0.0,0.0,3.0,1.0,1.0,1.0,3.0,1.0,1.0,1.0,4.0,1275.0,3408964.0,131072.0,0.0,2.0,1537.0,1409.0,5.0,513.0,255.0,0.0,0.0,0.0,5.0,769.0,255.0,0.0,0.0,0.0,5.0,1025.0,255.0,0.0,0.0,0.0,5.0,1281.0,254.0,0.0,0.0,0.0,2.0,1644167432.0,1644167688.0,4.0,1678835984.0,1678836240.0,1678836496.0,1678836752.0,4.0,1678837008.0,1678837264.0,1678837520.0,1678837776.0,1.0,537198856.0,5.0,417.0,254.0,0.0,0.0,0.0,5.0,449.0,254.0,0.0,0.0,0.0,5.0,481.0,254.0,0.0,0.0,0.0,5.0,673.0,254.0,0.0,0.0,0.0,5.0,705.0,254.0,0.0,0.0,0.0,5.0,737.0,254.0,0.0,0.0,0.0,5.0,929.0,254.0,0.0,0.0,0.0,4.0,1342177544.0,1342177800.0,1342178056.0,1342178312.0,8.0,1342243080.0,1342243336.0,1342243592.0,1342243848.0,1342244104.0,1342244360.0,1342244616.0,1342244872.0,4.0,1342308624.0,1342308880.0,1342309136.0,1342309392.0,4.0,1342374160.0,1342374416.0,1342374672.0,1342374928.0,4.0,1342375184.0,1342375440.0,1342375696.0,1342375952.0,4.0,1342376208.0,1342376464.0,1342376720.0,1342376976.0,8.0,1342439688.0,1342439944.0,1342440200.0,1342440456.0,1342440712.0,1342440968.0,1342441224.0,1342441480.0,4.0,0.0,0.0,0.0,0.0,8.0,17.0,17.0,17.0,17.0,17.0,17.0,17.0,1.0,16.0,100.0,100.0,100.0,100.0,100.0,100.0,100.0,100.0,100.0,100.0,100.0,100.0,100.0,100.0,100.0,100.0,2.0,45.0,45.0,1.0,0.0,4.0,80.0,245.0,1.0,0.0,8.0,0.0,252.0,168.0,168.0,170.0,1.0,85.0,122.0,5.0,145.0,1842.0,3.0,6.0,1.0,12.0,0.0,0.0,0.0,0.0,0.0,0.0,0.0,0.0,0.0,0.0,0.0,0.0,8.0,44.0,0.0,0.0,0.0,0.0,0.0,0.0,0.0,2.0,0.0,16.0,8.0,0.0,0.0,0.0,0.0,0.0,0.0,0.0,0.0,0.0,0.0,0.0,655761.0,0.0,340444200.0,34044204.0,2.02,129.0,0.0,2000.0,65.0,0.0,0.0,0.0,0.0,0.0,0.0,0.0,1.0,0.0,0.0,0.0,0.0,0.0,0.0,0.0,0.0,0.0,0.0,0.0,0.0,0.0,0.0,0.0,0.0,0.0,0.0,0.0,0.0,0.0,0.0,0.0,0.0,0.0,0.0,0.0,0.0,1.0,0.0,0.0,0.0,0.0,0.0,0.0,0.0,0.0,0.0,0.0,0.0,0.0,0.0,0.0,0.0,0.0,0.0,0.0,0.0,0.0,0.0,0.0,0.0,0.0,0.0,0.0,0.0,0.0,0.0,0.0,0.0,0.0,0.0,0.0,0.0,14.409,0.0,0.0,0.0,0.0,0.0,0.0,0.0,1.0,1.0,0.0,0.0,0.0,0.0,0.0,0.0,0.0,0.0,0.0,
798,0.0,0.0,0.0,0.0,0.0,0.0,3.0,1.0,1.0,1.0,3.0,1.0,1.0,1.0,4.0,1275.0,3408964.0,131072.0,0.0,2.0,1537.0,1409.0,5.0,513.0,255.0,0.0,0.0,0.0,5.0,769.0,255.0,0.0,0.0,0.0,5.0,1025.0,255.0,0.0,0.0,0.0,5.0,1281.0,254.0,0.0,0.0,0.0,2.0,1644167432.0,1644167688.0,4.0,1678835984.0,1678836240.0,1678836496.0,1678836752.0,4.0,1678837008.0,1678837264.0,1678837520.0,1678837776.0,1.0,537198856.0,5.0,417.0,254.0,0.0,0.0,0.0,5.0,449.0,254.0,0.0,0.0,0.0,5.0,481.0,254.0,0.0,0.0,0.0,5.0,673.0,254.0,0.0,0.0,0.0,5.0,705.0,254.0,0.0,0.0,0.0,5.0,737.0,254.0,0.0,0.0,0.0,5.0,929.0,254.0,0.0,0.0,0.0,4.0,1342177544.0,1342177800.0,1342178056.0,1342178312.0,8.0,1342243080.0,1342243336.0,1342243592.0,1342243848.0,1342244104.0,1342244360.0,1342244616.0,1342244872.0,4.0,1342308624.0,1342308880.0,1342309136.0,1342309392.0,4.0,1342374160.0,1342374416.0,1342374672.0,1342374928.0,4.0,1342375184.0,1342375440.0,1342375696.0,1342375952.0,4.0,1342376208.0,1342376464.0,1342376720.0,1342376976.0,8.0,1342439688.0,1342439944.0,1342440200.0,1342440456.0,1342440712.0,1342440968.0,1342441224.0,1342441480.0,4.0,0.0,0.0,0.0,0.0,8.0,17.0,17.0,17.0,17.0,17.0,17.0,17.0,1.0,16.0,100.0,100.0,100.0,100.0,100.0,100.0,100.0,100.0,100.0,100.0,100.0,100.0,100.0,100.0,100.0,100.0,2.0,45.0,45.0,1.0,0.0,4.0,80.0,245.0,1.0,0.0,8.0,0.0,252.0,168.0,168.0,170.0,1.0,85.0,122.0,5.0,144.0,1842.0,3.0,6.0,1.0,12.0,0.0,0.0,0.0,0.0,0.0,0.0,0.0,0.0,0.0,0.0,0.0,0.0,8.0,44.0,0.0,0.0,0.0,0.0,0.0,0.0,0.0,2.0,0.0,16.0,8.0,0.0,0.0,0.0,0.0,0.0,0.0,0.0,0.0,0.0,0.0,0.0,655761.0,0.0,340444200.0,34044204.0,2.02,129.0,0.0,2000.0,65.0,0.0,0.0,0.0,0.0,0.0,0.0,0.0,1.0,0.0,0.0,0.0,0.0,0.0,0.0,0.0,0.0,0.0,0.0,0.0,0.0,0.0,0.0,0.0,0.0,0.0,0.0,0.0,0.0,0.0,0.0,0.0,0.0,0.0,0.0,0.0,0.0,1.0,0.0,0.0,0.0,0.0,0.0,0.0,0.0,0.0,0.0,0.0,0.0,0.0,0.0,0.0,0.0,0.0,0.0,0.0,0.0,0.0,0.0,0.0,0.0,0.0,0.0,0.0,0.0,0.0,0.0,0.0,0.0,0.0,0.0,0.0,0.0,14.408,0.0,0.0,0.0,0.0,0.0,0.0,0.0,1.0,1.0,0.0,0.0,0.0,0.0,0.0,0.0,0.0,0.0,0.0,
799,0.0,0.0,0.0,0.0,0.0,0.0,3.0,1.0,1.0,1.0,3.0,1.0,1.0,1.0,4.0,1275.0,3408964.0,131072.0,0.0,2.0,1537.0,1409.0,5.0,513.0,255.0,0.0,0.0,0.0,5.0,769.0,255.0,0.0,0.0,0.0,5.0,1025.0,255.0,0.0,0.0,0.0,5.0,1281.0,254.0,0.0,0.0,0.0,2.0,1644167432.0,1644167688.0,4.0,1678835984.0,1678836240.0,1678836496.0,1678836752.0,4.0,1678837008.0,1678837264.0,1678837520.0,1678837776.0,1.0,537198856.0,5.0,417.0,254.0,0.0,0.0,0.0,5.0,449.0,254.0,0.0,0.0,0.0,5.0,481.0,254.0,0.0,0.0,0.0,5.0,673.0,254.0,0.0,0.0,0.0,5.0,705.0,254.0,0.0,0.0,0.0,5.0,737.0,254.0,0.0,0.0,0.0,5.0,929.0,254.0,0.0,0.0,0.0,4.0,1342177544.0,1342177800.0,1342178056.0,1342178312.0,8.0,1342243080.0,1342243336.0,1342243592.0,1342243848.0,1342244104.0,1342244360.0,1342244616.0,1342244872.0,4.0,1342308624.0,1342308880.0,1342309136.0,1342309392.0,4.0,1342374160.0,1342374416.0,1342374672.0,1342374928.0,4.0,1342375184.0,1342375440.0,1342375696.0,1342375952.0,4.0,1342376208.0,1342376464.0,1342376720.0,1342376976.0,8.0,1342439688.0,1342439944.0,1342440200.0,1342440456.0,1342440712.0,1342440968.0,1342441224.0,1342441480.0,4.0,0.0,0.0,0.0,0.0,8.0,17.0,17.0,17.0,17.0,17.0,17.0,17.0,1.0,16.0,100.0,100.0,100.0,100.0,100.0,100.0,100.0,100.0,100.0,100.0,100.0,100.0,100.0,100.0,100.0,100.0,2.0,45.0,45.0,1.0,0.0,4.0,80.0,245.0,1.0,0.0,8.0,0.0,252.0,168.0,168.0,170.0,1.0,85.0,122.0,5.0,144.0,1842.0,3.0,6.0,1.0,12.0,0.0,0.0,0.0,0.0,0.0,0.0,0.0,0.0,0.0,0.0,0.0,0.0,8.0,44.0,0.0,0.0,0.0,0.0,0.0,0.0,0.0,2.0,0.0,16.0,8.0,0.0,0.0,0.0,0.0,0.0,0.0,0.0,0.0,0.0,0.0,0.0,655761.0,0.0,340444200.0,34044204.0,2.02,129.0,0.0,2000.0,65.0,0.0,0.0,0.0,0.0,0.0,0.0,0.0,1.0,0.0,0.0,0.0,0.0,0.0,0.0,0.0,0.0,0.0,0.0,0.0,0.0,0.0,0.0,0.0,0.0,0.0,0.0,0.0,0.0,0.0,0.0,0.0,0.0,0.0,0.0,0.0,0.0,1.0,0.0,0.0,0.0,0.0,0.0,0.0,0.0,0.0,0.0,0.0,0.0,0.0,0.0,0.0,0.0,0.0,0.0,0.0,0.0,0.0,0.0,0.0,0.0,0.0,0.0,0.0,0.0,0.0,0.0,0.0,0.0,0.0,0.0,0.0,0.0,14.408,0.0,0.0,0.0,0.0,0.0,0.0,0.0,1.0,1.0,0.0,0.0,0.0,0.0,0.0,0.0,0.0,0.0,0.0,
804,0.0,0.0,0.0,0.0,0.0,0.0,3.0,1.0,1.0,1.0,3.0,1.0,1.0,1.0,4.0,1275.0,3408964.0,131072.0,0.0,2.0,1537.0,1409.0,5.0,513.0,255.0,0.0,0.0,0.0,5.0,769.0,255.0,0.0,0.0,0.0,5.0,1025.0,255.0,0.0,0.0,0.0,5.0,1281.0,254.0,0.0,0.0,0.0,2.0,1644167432.0,1644167688.0,4.0,1678835984.0,1678836240.0,1678836496.0,1678836752.0,4.0,1678837008.0,1678837264.0,1678837520.0,1678837776.0,1.0,537198856.0,5.0,417.0,254.0,0.0,0.0,0.0,5.0,449.0,254.0,0.0,0.0,0.0,5.0,481.0,254.0,0.0,0.0,0.0,5.0,673.0,254.0,0.0,0.0,0.0,5.0,705.0,254.0,0.0,0.0,0.0,5.0,737.0,254.0,0.0,0.0,0.0,5.0,929.0,254.0,0.0,0.0,0.0,4.0,1342177544.0,1342177800.0,1342178056.0,1342178312.0,8.0,1342243080.0,1342243336.0,1342243592.0,1342243848.0,1342244104.0,1342244360.0,1342244616.0,1342244872.0,4.0,1342308624.0,1342308880.0,1342309136.0,1342309392.0,4.0,1342374160.0,1342374416.0,1342374672.0,1342374928.0,4.0,1342375184.0,1342375440.0,1342375696.0,1342375952.0,4.0,1342376208.0,1342376464.0,1342376720.0,1342376976.0,8.0,1342439688.0,1342439944.0,1342440200.0,1342440456.0,1342440712.0,1342440968.0,1342441224.0,1342441480.0,4.0,0.0,0.0,0.0,0.0,8.0,17.0,17.0,17.0,17.0,17.0,17.0,17.0,1.0,16.0,100.0,100.0,100.0,100.0,100.0,100.0,100.0,100.0,100.0,100.0,100.0,100.0,100.0,100.0,100.0,100.0,2.0,45.0,45.0,1.0,0.0,4.0,80.0,245.0,1.0,0.0,8.0,0.0,252.0,168.0,168.0,170.0,1.0,85.0,122.0,5.0,144.0,1842.0,3.0,6.0,1.0,12.0,0.0,0.0,0.0,0.0,0.0,0.0,501.0,0.0,0.0,0.0,0.0,0.0,8.0,44.0,0.0,0.0,0.0,0.0,0.0,0.0,0.0,2.0,0.0,16.0,8.0,0.0,0.0,0.0,0.0,0.0,0.0,0.0,0.0,0.0,0.0,0.0,655761.0,0.0,340444200.0,34044204.0,2.02,129.0,0.0,2000.0,65.0,0.0,0.0,0.0,0.0,0.0,0.0,0.0,1.0,0.0,0.0,0.0,0.0,0.0,0.0,0.0,0.0,0.0,0.0,0.0,0.0,0.0,0.0,0.0,0.0,0.0,0.0,0.0,0.0,0.0,0.0,0.0,0.0,0.0,0.0,0.0,0.0,1.0,0.0,0.0,0.0,0.0,0.0,0.0,0.0,0.0,0.0,0.0,0.0,0.0,0.0,0.0,0.0,0.0,0.0,0.0,0.0,0.0,0.0,0.0,0.0,0.0,0.0,0.0,0.0,0.0,0.0,0.0,0.0,0.0,0.0,0.0,0.0,13.724,0.499,0.0,0.0,0.0,0.0,0.0,0.0,1.0,1.0,0.0,0.0,500.0,0.0,0.0,0.0,0.0,0.0,0.0,
805,0.0,0.0,0.0,0.0,0.0,0.0,3.0,1.0,1.0,1.0,3.0,1.0,1.0,1.0,4.0,1275.0,3408964.0,131072.0,0.0,2.0,1537.0,1409.0,5.0,513.0,255.0,0.0,0.0,0.0,5.0,769.0,255.0,0.0,0.0,0.0,5.0,1025.0,255.0,0.0,0.0,0.0,5.0,1281.0,254.0,0.0,0.0,0.0,2.0,1644167432.0,1644167688.0,4.0,1678835984.0,1678836240.0,1678836496.0,1678836752.0,4.0,1678837008.0,1678837264.0,1678837520.0,1678837776.0,1.0,537198856.0,5.0,417.0,254.0,0.0,0.0,0.0,5.0,449.0,254.0,0.0,0.0,0.0,5.0,481.0,254.0,0.0,0.0,0.0,5.0,673.0,254.0,0.0,0.0,0.0,5.0,705.0,254.0,0.0,0.0,0.0,5.0,737.0,254.0,0.0,0.0,0.0,5.0,929.0,254.0,0.0,0.0,0.0,4.0,1342177544.0,1342177800.0,1342178056.0,1342178312.0,8.0,1342243080.0,1342243336.0,1342243592.0,1342243848.0,1342244104.0,1342244360.0,1342244616.0,1342244872.0,4.0,1342308624.0,1342308880.0,1342309136.0,1342309392.0,4.0,1342374160.0,1342374416.0,1342374672.0,1342374928.0,4.0,1342375184.0,1342375440.0,1342375696.0,1342375952.0,4.0,1342376208.0,1342376464.0,1342376720.0,1342376976.0,8.0,1342439688.0,1342439944.0,1342440200.0,1342440456.0,1342440712.0,1342440968.0,1342441224.0,1342441480.0,4.0,0.0,0.0,0.0,0.0,8.0,17.0,17.0,17.0,17.0,17.0,17.0,17.0,1.0,16.0,100.0,100.0,100.0,100.0,100.0,100.0,100.0,100.0,100.0,100.0,100.0,100.0,100.0,100.0,100.0,100.0,2.0,45.0,45.0,1.0,0.0,4.0,80.0,245.0,1.0,0.0,8.0,0.0,252.0,168.0,168.0,170.0,1.0,85.0,122.0,5.0,144.0,1842.0,3.0,6.0,1.0,12.0,0.0,0.0,0.0,0.0,0.0,0.0,501.0,0.0,0.0,0.0,0.0,0.0,8.0,44.0,0.0,0.0,0.0,0.0,0.0,0.0,0.0,2.0,0.0,16.0,8.0,0.0,0.0,0.0,0.0,0.0,0.0,0.0,0.0,0.0,0.0,0.0,655761.0,0.0,340444200.0,34044204.0,2.02,129.0,0.0,2000.0,65.0,0.0,0.0,0.0,0.0,0.0,0.0,0.0,1.0,0.0,0.0,0.0,0.0,0.0,0.0,0.0,0.0,0.0,0.0,0.0,0.0,0.0,0.0,0.0,0.0,0.0,0.0,0.0,0.0,0.0,0.0,0.0,0.0,0.0,0.0,0.0,0.0,1.0,0.0,0.0,0.0,0.0,0.0,0.0,0.0,0.0,0.0,0.0,0.0,0.0,0.0,0.0,0.0,0.0,0.0,0.0,0.0,0.0,0.0,0.0,0.0,0.0,0.0,0.0,0.0,0.0,0.0,0.0,0.0,0.0,0.0,0.0,0.0,13.725,0.499,0.0,0.0,0.0,0.0,0.0,0.0,1.0,1.0,0.0,0.0,500.0,0.0,0.0,0.0,0.0,0.0,0.0,
806,0.0,0.0,0.0,0.0,0.0,0.0,3.0,1.0,1.0,1.0,3.0,1.0,1.0,1.0,4.0,1275.0,3408964.0,131072.0,0.0,2.0,1537.0,1409.0,5.0,513.0,255.0,0.0,0.0,0.0,5.0,769.0,255.0,0.0,0.0,0.0,5.0,1025.0,255.0,0.0,0.0,0.0,5.0,1281.0,254.0,0.0,0.0,0.0,2.0,1644167432.0,1644167688.0,4.0,1678835984.0,1678836240.0,1678836496.0,1678836752.0,4.0,1678837008.0,1678837264.0,1678837520.0,1678837776.0,1.0,537198856.0,5.0,417.0,254.0,0.0,0.0,0.0,5.0,449.0,254.0,0.0,0.0,0.0,5.0,481.0,254.0,0.0,0.0,0.0,5.0,673.0,254.0,0.0,0.0,0.0,5.0,705.0,254.0,0.0,0.0,0.0,5.0,737.0,254.0,0.0,0.0,0.0,5.0,929.0,254.0,0.0,0.0,0.0,4.0,1342177544.0,1342177800.0,1342178056.0,1342178312.0,8.0,1342243080.0,1342243336.0,1342243592.0,1342243848.0,1342244104.0,1342244360.0,1342244616.0,1342244872.0,4.0,1342308624.0,1342308880.0,1342309136.0,1342309392.0,4.0,1342374160.0,1342374416.0,1342374672.0,1342374928.0,4.0,1342375184.0,1342375440.0,1342375696.0,1342375952.0,4.0,1342376208.0,1342376464.0,1342376720.0,1342376976.0,8.0,1342439688.0,1342439944.0,1342440200.0,1342440456.0,1342440712.0,1342440968.0,1342441224.0,1342441480.0,4.0,0.0,0.0,0.0,0.0,8.0,17.0,17.0,17.0,17.0,17.0,17.0,17.0,1.0,16.0,100.0,100.0,100.0,100.0,100.0,100.0,100.0,100.0,100.0,100.0,100.0,100.0,100.0,100.0,100.0,100.0,2.0,45.0,45.0,1.0,0.0,4.0,80.0,245.0,1.0,0.0,8.0,0.0,252.0,168.0,168.0,170.0,1.0,85.0,122.0,5.0,144.0,1842.0,3.0,6.0,1.0,12.0,0.0,0.0,0.0,0.0,0.0,0.0,501.0,0.0,0.0,0.0,0.0,0.0,8.0,44.0,0.0,0.0,0.0,0.0,0.0,0.0,0.0,2.0,0.0,16.0,8.0,0.0,0.0,0.0,0.0,0.0,0.0,0.0,0.0,0.0,0.0,0.0,655761.0,0.0,340444200.0,34044204.0,2.02,129.0,0.0,2000.0,65.0,0.0,0.0,0.0,0.0,0.0,0.0,0.0,1.0,0.0,0.0,0.0,0.0,0.0,0.0,0.0,0.0,0.0,0.0,0.0,0.0,0.0,0.0,0.0,0.0,0.0,0.0,0.0,0.0,0.0,0.0,0.0,0.0,0.0,0.0,0.0,0.0,1.0,0.0,0.0,0.0,0.0,0.0,0.0,0.0,0.0,0.0,0.0,0.0,0.0,0.0,0.0,0.0,0.0,0.0,0.0,0.0,0.0,0.0,0.0,0.0,0.0,0.0,0.0,0.0,0.0,0.0,0.0,0.0,0.0,0.0,0.0,0.0,13.725,0.499,0.0,0.0,0.0,0.0,0.0,0.0,1.0,1.0,0.0,0.0,500.0,0.0,0.0,0.0,0.0,0.0,0.0,
811,0.0,0.0,0.0,0.0,0.0,0.0,3.0,1.0,1.0,1.0,3.0,1.0,1.0,1.0,4.0,1275.0,3408964.0,131072.0,0.0,2.0,1537.0,1409.0,5.0,513.0,255.0,0.0,0.0,0.0,5.0,769.0,255.0,0.0,0.0,0.0,5.0,1025.0,255.0,0.0,0.0,0.0,5.0,1281.0,254.0,0.0,0.0,0.0,2.0,1644167432.0,1644167688.0,4.0,1678835984.0,1678836240.0,1678836496.0,1678836752.0,4.0,1678837008.0,1678837264.0,1678837520.0,1678837776.0,1.0,537198856.0,5.0,417.0,254.0,0.0,0.0,0.0,5.0,449.0,254.0,0.0,0.0,0.0,5.0,481.0,254.0,0.0,0.0,0.0,5.0,673.0,254.0,0.0,0.0,0.0,5.0,705.0,254.0,0.0,0.0,0.0,5.0,737.0,254.0,0.0,0.0,0.0,5.0,929.0,254.0,0.0,0.0,0.0,4.0,1342177544.0,1342177800.0,1342178056.0,1342178312.0,8.0,1342243080.0,1342243336.0,1342243592.0,1342243848.0,1342244104.0,1342244360.0,1342244616.0,1342244872.0,4.0,1342308624.0,1342308880.0,1342309136.0,1342309392.0,4.0,1342374160.0,1342374416.0,1342374672.0,1342374928.0,4.0,1342375184.0,1342375440.0,1342375696.0,1342375952.0,4.0,1342376208.0,1342376464.0,1342376720.0,1342376976.0,8.0,1342439688.0,1342439944.0,1342440200.0,1342440456.0,1342440712.0,1342440968.0,1342441224.0,1342441480.0,4.0,0.0,0.0,0.0,0.0,8.0,17.0,17.0,17.0,17.0,17.0,17.0,17.0,1.0,16.0,100.0,100.0,100.0,100.0,100.0,100.0,100.0,100.0,100.0,100.0,100.0,100.0,100.0,100.0,100.0,100.0,2.0,45.0,45.0,1.0,0.0,4.0,80.0,245.0,1.0,0.0,8.0,0.0,252.0,168.0,168.0,170.0,1.0,85.0,122.0,5.0,144.0,1842.0,3.0,6.0,1.0,12.0,0.0,0.0,0.0,0.0,0.0,0.0,1023.0,0.0,0.0,0.0,0.0,0.0,8.0,44.0,0.0,0.0,0.0,0.0,0.0,0.0,0.0,2.0,0.0,16.0,8.0,0.0,0.0,0.0,0.0,0.0,0.0,0.0,0.0,0.0,0.0,0.0,655761.0,0.0,340444200.0,34044204.0,2.02,129.0,0.0,2000.0,65.0,0.0,0.0,0.0,0.0,0.0,0.0,0.0,1.0,0.0,0.0,0.0,0.0,0.0,0.0,0.0,0.0,0.0,0.0,0.0,0.0,0.0,0.0,0.0,0.0,0.0,0.0,0.0,0.0,0.0,0.0,0.0,0.0,0.0,0.0,0.0,0.0,1.0,0.0,0.0,0.0,0.0,0.0,0.0,0.0,0.0,0.0,0.0,0.0,0.0,0.0,0.0,0.0,0.0,0.0,0.0,0.0,0.0,0.0,0.0,0.0,0.0,0.0,0.0,0.0,0.0,0.0,0.0,0.0,0.0,0.0,0.0,0.0,13.072,0.999,0.0,0.0,0.0,0.0,0.0,0.0,1.0,1.0,0.0,0.0,1000.0,0.0,0.0,0.0,0.0,0.0,0.0,
812,0.0,0.0,0.0,0.0,0.0,0.0,3.0,1.0,1.0,1.0,3.0,1.0,1.0,1.0,4.0,1275.0,3408964.0,131072.0,0.0,2.0,1537.0,1409.0,5.0,513.0,255.0,0.0,0.0,0.0,5.0,769.0,255.0,0.0,0.0,0.0,5.0,1025.0,255.0,0.0,0.0,0.0,5.0,1281.0,254.0,0.0,0.0,0.0,2.0,1644167432.0,1644167688.0,4.0,1678835984.0,1678836240.0,1678836496.0,1678836752.0,4.0,1678837008.0,1678837264.0,1678837520.0,1678837776.0,1.0,537198856.0,5.0,417.0,254.0,0.0,0.0,0.0,5.0,449.0,254.0,0.0,0.0,0.0,5.0,481.0,254.0,0.0,0.0,0.0,5.0,673.0,254.0,0.0,0.0,0.0,5.0,705.0,254.0,0.0,0.0,0.0,5.0,737.0,254.0,0.0,0.0,0.0,5.0,929.0,254.0,0.0,0.0,0.0,4.0,1342177544.0,1342177800.0,1342178056.0,1342178312.0,8.0,1342243080.0,1342243336.0,1342243592.0,1342243848.0,1342244104.0,1342244360.0,1342244616.0,1342244872.0,4.0,1342308624.0,1342308880.0,1342309136.0,1342309392.0,4.0,1342374160.0,1342374416.0,1342374672.0,1342374928.0,4.0,1342375184.0,1342375440.0,1342375696.0,1342375952.0,4.0,1342376208.0,1342376464.0,1342376720.0,1342376976.0,8.0,1342439688.0,1342439944.0,1342440200.0,1342440456.0,1342440712.0,1342440968.0,1342441224.0,1342441480.0,4.0,0.0,0.0,0.0,0.0,8.0,17.0,17.0,17.0,17.0,17.0,17.0,17.0,1.0,16.0,100.0,100.0,100.0,100.0,100.0,100.0,100.0,100.0,100.0,100.0,100.0,100.0,100.0,100.0,100.0,100.0,2.0,45.0,45.0,1.0,0.0,4.0,80.0,245.0,1.0,0.0,8.0,0.0,252.0,168.0,168.0,170.0,1.0,85.0,122.0,5.0,144.0,1842.0,3.0,6.0,1.0,12.0,0.0,0.0,0.0,0.0,0.0,0.0,1023.0,0.0,0.0,0.0,0.0,0.0,8.0,44.0,0.0,0.0,0.0,0.0,0.0,0.0,0.0,2.0,0.0,16.0,8.0,0.0,0.0,0.0,0.0,0.0,0.0,0.0,0.0,0.0,0.0,0.0,655761.0,0.0,340444200.0,34044204.0,2.02,129.0,0.0,2000.0,65.0,0.0,0.0,0.0,0.0,0.0,0.0,0.0,1.0,0.0,0.0,0.0,0.0,0.0,0.0,0.0,0.0,0.0,0.0,0.0,0.0,0.0,0.0,0.0,0.0,0.0,0.0,0.0,0.0,0.0,0.0,0.0,0.0,0.0,0.0,0.0,0.0,1.0,0.0,0.0,0.0,0.0,0.0,0.0,0.0,0.0,0.0,0.0,0.0,0.0,0.0,0.0,0.0,0.0,0.0,0.0,0.0,0.0,0.0,0.0,0.0,0.0,0.0,0.0,0.0,0.0,0.0,0.0,0.0,0.0,0.0,0.0,0.0,13.07,0.999,0.0,0.0,0.0,0.0,0.0,0.0,1.0,1.0,0.0,0.0,1000.0,0.0,0.0,0.0,0.0,0.0,0.0,
813,0.0,0.0,0.0,0.0,0.0,0.0,3.0,1.0,1.0,1.0,3.0,1.0,1.0,1.0,4.0,1275.0,3408964.0,131072.0,0.0,2.0,1537.0,1409.0,5.0,513.0,255.0,0.0,0.0,0.0,5.0,769.0,255.0,0.0,0.0,0.0,5.0,1025.0,255.0,0.0,0.0,0.0,5.0,1281.0,254.0,0.0,0.0,0.0,2.0,1644167432.0,1644167688.0,4.0,1678835984.0,1678836240.0,1678836496.0,1678836752.0,4.0,1678837008.0,1678837264.0,1678837520.0,1678837776.0,1.0,537198856.0,5.0,417.0,254.0,0.0,0.0,0.0,5.0,449.0,254.0,0.0,0.0,0.0,5.0,481.0,254.0,0.0,0.0,0.0,5.0,673.0,254.0,0.0,0.0,0.0,5.0,705.0,254.0,0.0,0.0,0.0,5.0,737.0,254.0,0.0,0.0,0.0,5.0,929.0,254.0,0.0,0.0,0.0,4.0,1342177544.0,1342177800.0,1342178056.0,1342178312.0,8.0,1342243080.0,1342243336.0,1342243592.0,1342243848.0,1342244104.0,1342244360.0,1342244616.0,1342244872.0,4.0,1342308624.0,1342308880.0,1342309136.0,1342309392.0,4.0,1342374160.0,1342374416.0,1342374672.0,1342374928.0,4.0,1342375184.0,1342375440.0,1342375696.0,1342375952.0,4.0,1342376208.0,1342376464.0,1342376720.0,1342376976.0,8.0,1342439688.0,1342439944.0,1342440200.0,1342440456.0,1342440712.0,1342440968.0,1342441224.0,1342441480.0,4.0,0.0,0.0,0.0,0.0,8.0,17.0,17.0,17.0,17.0,17.0,17.0,17.0,1.0,16.0,100.0,100.0,100.0,100.0,100.0,100.0,100.0,100.0,100.0,100.0,100.0,100.0,100.0,100.0,100.0,100.0,2.0,45.0,45.0,1.0,0.0,4.0,80.0,245.0,1.0,0.0,8.0,0.0,252.0,168.0,168.0,170.0,1.0,85.0,122.0,5.0,144.0,1842.0,3.0,6.0,1.0,12.0,0.0,0.0,0.0,0.0,0.0,0.0,1023.0,0.0,0.0,0.0,0.0,0.0,8.0,44.0,0.0,0.0,0.0,0.0,0.0,0.0,0.0,2.0,0.0,16.0,8.0,0.0,0.0,0.0,0.0,0.0,0.0,0.0,0.0,0.0,0.0,0.0,655761.0,0.0,340444200.0,34044204.0,2.02,129.0,0.0,2000.0,65.0,0.0,0.0,0.0,0.0,0.0,0.0,0.0,1.0,0.0,0.0,0.0,0.0,0.0,0.0,0.0,0.0,0.0,0.0,0.0,0.0,0.0,0.0,0.0,0.0,0.0,0.0,0.0,0.0,0.0,0.0,0.0,0.0,0.0,0.0,0.0,0.0,1.0,0.0,0.0,0.0,0.0,0.0,0.0,0.0,0.0,0.0,0.0,0.0,0.0,0.0,0.0,0.0,0.0,0.0,0.0,0.0,0.0,0.0,0.0,0.0,0.0,0.0,0.0,0.0,0.0,0.0,0.0,0.0,0.0,0.0,0.0,0.0,13.07,0.999,0.0,0.0,0.0,0.0,0.0,0.0,1.0,1.0,0.0,0.0,1000.0,0.0,0.0,0.0,0.0,0.0,0.0,
818,0.0,0.0,0.0,0.0,0.0,0.0,3.0,1.0,1.0,1.0,3.0,1.0,1.0,1.0,4.0,1275.0,3408964.0,131072.0,0.0,2.0,1537.0,1409.0,5.0,513.0,255.0,0.0,0.0,0.0,5.0,769.0,255.0,0.0,0.0,0.0,5.0,1025.0,255.0,0.0,0.0,0.0,5.0,1281.0,254.0,0.0,0.0,0.0,2.0,1644167432.0,1644167688.0,4.0,1678835984.0,1678836240.0,1678836496.0,1678836752.0,4.0,1678837008.0,1678837264.0,1678837520.0,1678837776.0,1.0,537198856.0,5.0,417.0,254.0,0.0,0.0,0.0,5.0,449.0,254.0,0.0,0.0,0.0,5.0,481.0,254.0,0.0,0.0,0.0,5.0,673.0,254.0,0.0,0.0,0.0,5.0,705.0,254.0,0.0,0.0,0.0,5.0,737.0,254.0,0.0,0.0,0.0,5.0,929.0,254.0,0.0,0.0,0.0,4.0,1342177544.0,1342177800.0,1342178056.0,1342178312.0,8.0,1342243080.0,1342243336.0,1342243592.0,1342243848.0,1342244104.0,1342244360.0,1342244616.0,1342244872.0,4.0,1342308624.0,1342308880.0,1342309136.0,1342309392.0,4.0,1342374160.0,1342374416.0,1342374672.0,1342374928.0,4.0,1342375184.0,1342375440.0,1342375696.0,1342375952.0,4.0,1342376208.0,1342376464.0,1342376720.0,1342376976.0,8.0,1342439688.0,1342439944.0,1342440200.0,1342440456.0,1342440712.0,1342440968.0,1342441224.0,1342441480.0,4.0,0.0,0.0,0.0,0.0,8.0,17.0,17.0,17.0,17.0,17.0,17.0,17.0,1.0,16.0,100.0,100.0,100.0,100.0,100.0,100.0,100.0,100.0,100.0,100.0,100.0,100.0,100.0,100.0,100.0,100.0,2.0,45.0,45.0,1.0,0.0,4.0,80.0,245.0,1.0,0.0,8.0,0.0,252.0,168.0,168.0,170.0,1.0,85.0,122.0,5.0,144.0,1842.0,3.0,6.0,1.0,12.0,0.0,0.0,0.0,0.0,0.0,0.0,1552.0,0.0,0.0,0.0,0.0,0.0,8.0,44.0,0.0,0.0,0.0,0.0,0.0,0.0,0.0,2.0,0.0,16.0,8.0,0.0,0.0,0.0,0.0,0.0,0.0,0.0,0.0,0.0,0.0,0.0,655761.0,0.0,340444200.0,34044204.0,2.02,129.0,0.0,2000.0,65.0,0.0,0.0,0.0,0.0,0.0,0.0,0.0,1.0,0.0,0.0,0.0,0.0,0.0,0.0,0.0,0.0,0.0,0.0,0.0,0.0,0.0,0.0,0.0,0.0,0.0,0.0,0.0,0.0,0.0,0.0,0.0,0.0,0.0,0.0,0.0,0.0,1.0,0.0,0.0,0.0,0.0,0.0,0.0,0.0,0.0,0.0,0.0,0.0,0.0,0.0,0.0,0.0,0.0,0.0,0.0,0.0,0.0,0.0,0.0,0.0,0.0,0.0,0.0,0.0,0.0,0.0,0.0,0.0,0.0,0.0,0.0,0.0,12.399,1.499,0.0,0.0,0.0,0.0,0.0,0.0,1.0,1.0,0.0,0.0,1500.0,0.0,0.0,0.0,0.0,0.0,0.0,
819,0.0,0.0,0.0,0.0,0.0,0.0,3.0,1.0,1.0,1.0,3.0,1.0,1.0,1.0,4.0,1275.0,3408964.0,131072.0,0.0,2.0,1537.0,1409.0,5.0,513.0,255.0,0.0,0.0,0.0,5.0,769.0,255.0,0.0,0.0,0.0,5.0,1025.0,255.0,0.0,0.0,0.0,5.0,1281.0,254.0,0.0,0.0,0.0,2.0,1644167432.0,1644167688.0,4.0,1678835984.0,1678836240.0,1678836496.0,1678836752.0,4.0,1678837008.0,1678837264.0,1678837520.0,1678837776.0,1.0,537198856.0,5.0,417.0,254.0,0.0,0.0,0.0,5.0,449.0,254.0,0.0,0.0,0.0,5.0,481.0,254.0,0.0,0.0,0.0,5.0,673.0,254.0,0.0,0.0,0.0,5.0,705.0,254.0,0.0,0.0,0.0,5.0,737.0,254.0,0.0,0.0,0.0,5.0,929.0,254.0,0.0,0.0,0.0,4.0,1342177544.0,1342177800.0,1342178056.0,1342178312.0,8.0,1342243080.0,1342243336.0,1342243592.0,1342243848.0,1342244104.0,1342244360.0,1342244616.0,1342244872.0,4.0,1342308624.0,1342308880.0,1342309136.0,1342309392.0,4.0,1342374160.0,1342374416.0,1342374672.0,1342374928.0,4.0,1342375184.0,1342375440.0,1342375696.0,1342375952.0,4.0,1342376208.0,1342376464.0,1342376720.0,1342376976.0,8.0,1342439688.0,1342439944.0,1342440200.0,1342440456.0,1342440712.0,1342440968.0,1342441224.0,1342441480.0,4.0,0.0,0.0,0.0,0.0,8.0,17.0,17.0,17.0,17.0,17.0,17.0,17.0,1.0,16.0,100.0,100.0,100.0,100.0,100.0,100.0,100.0,100.0,100.0,100.0,100.0,100.0,100.0,100.0,100.0,100.0,2.0,45.0,45.0,1.0,0.0,4.0,80.0,245.0,1.0,0.0,8.0,0.0,252.0,168.0,168.0,170.0,1.0,85.0,122.0,5.0,144.0,1842.0,3.0,6.0,1.0,12.0,0.0,0.0,0.0,0.0,0.0,0.0,1552.0,0.0,0.0,0.0,0.0,0.0,8.0,44.0,0.0,0.0,0.0,0.0,0.0,0.0,0.0,2.0,0.0,16.0,8.0,0.0,0.0,0.0,0.0,0.0,0.0,0.0,0.0,0.0,0.0,0.0,655761.0,0.0,340444200.0,34044204.0,2.02,129.0,0.0,2000.0,65.0,0.0,0.0,0.0,0.0,0.0,0.0,0.0,1.0,0.0,0.0,0.0,0.0,0.0,0.0,0.0,0.0,0.0,0.0,0.0,0.0,0.0,0.0,0.0,0.0,0.0,0.0,0.0,0.0,0.0,0.0,0.0,0.0,0.0,0.0,0.0,0.0,1.0,0.0,0.0,0.0,0.0,0.0,0.0,0.0,0.0,0.0,0.0,0.0,0.0,0.0,0.0,0.0,0.0,0.0,0.0,0.0,0.0,0.0,0.0,0.0,0.0,0.0,0.0,0.0,0.0,0.0,0.0,0.0,0.0,0.0,0.0,0.0,12.401,1.499,0.0,0.0,0.0,0.0,0.0,0.0,1.0,1.0,0.0,0.0,1500.0,0.0,0.0,0.0,0.0,0.0,0.0,
820,0.0,0.0,0.0,0.0,0.0,0.0,3.0,1.0,1.0,1.0,3.0,1.0,1.0,1.0,4.0,1275.0,3408964.0,131072.0,0.0,2.0,1537.0,1409.0,5.0,513.0,255.0,0.0,0.0,0.0,5.0,769.0,255.0,0.0,0.0,0.0,5.0,1025.0,255.0,0.0,0.0,0.0,5.0,1281.0,254.0,0.0,0.0,0.0,2.0,1644167432.0,1644167688.0,4.0,1678835984.0,1678836240.0,1678836496.0,1678836752.0,4.0,1678837008.0,1678837264.0,1678837520.0,1678837776.0,1.0,537198856.0,5.0,417.0,254.0,0.0,0.0,0.0,5.0,449.0,254.0,0.0,0.0,0.0,5.0,481.0,254.0,0.0,0.0,0.0,5.0,673.0,254.0,0.0,0.0,0.0,5.0,705.0,254.0,0.0,0.0,0.0,5.0,737.0,254.0,0.0,0.0,0.0,5.0,929.0,254.0,0.0,0.0,0.0,4.0,1342177544.0,1342177800.0,1342178056.0,1342178312.0,8.0,1342243080.0,1342243336.0,1342243592.0,1342243848.0,1342244104.0,1342244360.0,1342244616.0,1342244872.0,4.0,1342308624.0,1342308880.0,1342309136.0,1342309392.0,4.0,1342374160.0,1342374416.0,1342374672.0,1342374928.0,4.0,1342375184.0,1342375440.0,1342375696.0,1342375952.0,4.0,1342376208.0,1342376464.0,1342376720.0,1342376976.0,8.0,1342439688.0,1342439944.0,1342440200.0,1342440456.0,1342440712.0,1342440968.0,1342441224.0,1342441480.0,4.0,0.0,0.0,0.0,0.0,8.0,17.0,17.0,17.0,17.0,17.0,17.0,17.0,1.0,16.0,100.0,100.0,100.0,100.0,100.0,100.0,100.0,100.0,100.0,100.0,100.0,100.0,100.0,100.0,100.0,100.0,2.0,45.0,45.0,1.0,0.0,4.0,80.0,245.0,1.0,0.0,8.0,0.0,252.0,168.0,168.0,170.0,1.0,85.0,122.0,5.0,144.0,1842.0,3.0,6.0,1.0,12.0,0.0,0.0,0.0,0.0,0.0,0.0,1552.0,0.0,0.0,0.0,0.0,0.0,8.0,44.0,0.0,0.0,0.0,0.0,0.0,0.0,0.0,2.0,0.0,16.0,8.0,0.0,0.0,0.0,0.0,0.0,0.0,0.0,0.0,0.0,0.0,0.0,655761.0,0.0,340444200.0,34044204.0,2.02,129.0,0.0,2000.0,65.0,0.0,0.0,0.0,0.0,0.0,0.0,0.0,1.0,0.0,0.0,0.0,0.0,0.0,0.0,0.0,0.0,0.0,0.0,0.0,0.0,0.0,0.0,0.0,0.0,0.0,0.0,0.0,0.0,0.0,0.0,0.0,0.0,0.0,0.0,0.0,0.0,1.0,0.0,0.0,0.0,0.0,0.0,0.0,0.0,0.0,0.0,0.0,0.0,0.0,0.0,0.0,0.0,0.0,0.0,0.0,0.0,0.0,0.0,0.0,0.0,0.0,0.0,0.0,0.0,0.0,0.0,0.0,0.0,0.0,0.0,0.0,0.0,12.401,1.499,0.0,0.0,0.0,0.0,0.0,0.0,1.0,1.0,0.0,0.0,1500.0,0.0,0.0,0.0,0.0,0.0,0.0,
825,0.0,0.0,0.0,0.0,0.0,0.0,3.0,1.0,1.0,1.0,3.0,1.0,1.0,1.0,4.0,1275.0,3408964.0,131072.0,0.0,2.0,1537.0,1409.0,5.0,513.0,255.0,0.0,0.0,0.0,5.0,769.0,255.0,0.0,0.0,0.0,5.0,1025.0,255.0,0.0,0.0,0.0,5.0,1281.0,254.0,0.0,0.0,0.0,2.0,1644167432.0,1644167688.0,4.0,1678835984.0,1678836240.0,1678836496.0,1678836752.0,4.0,1678837008.0,1678837264.0,1678837520.0,1678837776.0,1.0,537198856.0,5.0,417.0,254.0,0.0,0.0,0.0,5.0,449.0,254.0,0.0,0.0,0.0,5.0,481.0,254.0,0.0,0.0,0.0,5.0,673.0,254.0,0.0,0.0,0.0,5.0,705.0,254.0,0.0,0.0,0.0,5.0,737.0,254.0,0.0,0.0,0.0,5.0,929.0,254.0,0.0,0.0,0.0,4.0,1342177544.0,1342177800.0,1342178056.0,1342178312.0,8.0,1342243080.0,1342243336.0,1342243592.0,1342243848.0,1342244104.0,1342244360.0,1342244616.0,1342244872.0,4.0,1342308624.0,1342308880.0,1342309136.0,1342309392.0,4.0,1342374160.0,1342374416.0,1342374672.0,1342374928.0,4.0,1342375184.0,1342375440.0,1342375696.0,1342375952.0,4.0,1342376208.0,1342376464.0,1342376720.0,1342376976.0,8.0,1342439688.0,1342439944.0,1342440200.0,1342440456.0,1342440712.0,1342440968.0,1342441224.0,1342441480.0,4.0,0.0,0.0,0.0,0.0,8.0,17.0,17.0,17.0,17.0,17.0,17.0,17.0,1.0,16.0,100.0,100.0,100.0,100.0,100.0,100.0,100.0,100.0,100.0,100.0,100.0,100.0,100.0,100.0,100.0,100.0,2.0,45.0,45.0,1.0,0.0,4.0,80.0,245.0,1.0,0.0,8.0,0.0,252.0,168.0,168.0,170.0,1.0,85.0,122.0,5.0,143.0,1842.0,3.0,6.0,1.0,12.0,0.0,0.0,0.0,0.0,0.0,0.0,2086.0,0.0,0.0,0.0,0.0,0.0,8.0,44.0,0.0,0.0,0.0,0.0,0.0,0.0,0.0,2.0,0.0,16.0,8.0,0.0,0.0,0.0,0.0,0.0,0.0,0.0,0.0,0.0,0.0,0.0,655761.0,0.0,340444200.0,34044204.0,2.02,129.0,0.0,2000.0,65.0,0.0,0.0,0.0,0.0,0.0,0.0,0.0,1.0,0.0,0.0,0.0,0.0,0.0,0.0,0.0,0.0,0.0,0.0,0.0,0.0,0.0,0.0,0.0,0.0,0.0,0.0,0.0,0.0,0.0,0.0,0.0,0.0,0.0,0.0,0.0,0.0,1.0,0.0,0.0,0.0,0.0,0.0,0.0,0.0,0.0,0.0,0.0,0.0,0.0,0.0,0.0,0.0,0.0,0.0,0.0,0.0,0.0,0.0,0.0,0.0,0.0,0.0,0.0,0.0,0.0,0.0,0.0,0.0,0.0,0.0,0.0,0.0,11.718,1.999,0.0,0.0,0.0,0.0,0.0,0.0,1.0,1.0,0.0,0.0,2000.0,0.0,0.0,0.0,0.0,0.0,0.0,
826,0.0,0.0,0.0,0.0,0.0,0.0,3.0,1.0,1.0,1.0,3.0,1.0,1.0,1.0,4.0,1275.0,3408964.0,131072.0,0.0,2.0,1537.0,1409.0,5.0,513.0,255.0,0.0,0.0,0.0,5.0,769.0,255.0,0.0,0.0,0.0,5.0,1025.0,255.0,0.0,0.0,0.0,5.0,1281.0,254.0,0.0,0.0,0.0,2.0,1644167432.0,1644167688.0,4.0,1678835984.0,1678836240.0,1678836496.0,1678836752.0,4.0,1678837008.0,1678837264.0,1678837520.0,1678837776.0,1.0,537198856.0,5.0,417.0,254.0,0.0,0.0,0.0,5.0,449.0,254.0,0.0,0.0,0.0,5.0,481.0,254.0,0.0,0.0,0.0,5.0,673.0,254.0,0.0,0.0,0.0,5.0,705.0,254.0,0.0,0.0,0.0,5.0,737.0,254.0,0.0,0.0,0.0,5.0,929.0,254.0,0.0,0.0,0.0,4.0,1342177544.0,1342177800.0,1342178056.0,1342178312.0,8.0,1342243080.0,1342243336.0,1342243592.0,1342243848.0,1342244104.0,1342244360.0,1342244616.0,1342244872.0,4.0,1342308624.0,1342308880.0,1342309136.0,1342309392.0,4.0,1342374160.0,1342374416.0,1342374672.0,1342374928.0,4.0,1342375184.0,1342375440.0,1342375696.0,1342375952.0,4.0,1342376208.0,1342376464.0,1342376720.0,1342376976.0,8.0,1342439688.0,1342439944.0,1342440200.0,1342440456.0,1342440712.0,1342440968.0,1342441224.0,1342441480.0,4.0,0.0,0.0,0.0,0.0,8.0,17.0,17.0,17.0,17.0,17.0,17.0,17.0,1.0,16.0,100.0,100.0,100.0,100.0,100.0,100.0,100.0,100.0,100.0,100.0,100.0,100.0,100.0,100.0,100.0,100.0,2.0,45.0,45.0,1.0,0.0,4.0,80.0,245.0,1.0,0.0,8.0,0.0,252.0,168.0,168.0,170.0,1.0,85.0,122.0,5.0,143.0,1842.0,3.0,6.0,1.0,12.0,0.0,0.0,0.0,0.0,0.0,0.0,2090.0,0.0,0.0,0.0,0.0,0.0,8.0,44.0,0.0,0.0,0.0,0.0,0.0,0.0,0.0,2.0,0.0,16.0,8.0,0.0,0.0,0.0,0.0,0.0,0.0,0.0,0.0,0.0,0.0,0.0,655761.0,0.0,340444200.0,34044204.0,2.02,129.0,0.0,2000.0,65.0,0.0,0.0,0.0,0.0,0.0,0.0,0.0,1.0,0.0,0.0,0.0,0.0,0.0,0.0,0.0,0.0,0.0,0.0,0.0,0.0,0.0,0.0,0.0,0.0,0.0,0.0,0.0,0.0,0.0,0.0,0.0,0.0,0.0,0.0,0.0,0.0,1.0,0.0,0.0,0.0,0.0,0.0,0.0,0.0,0.0,0.0,0.0,0.0,0.0,0.0,0.0,0.0,0.0,0.0,0.0,0.0,0.0,0.0,0.0,0.0,0.0,0.0,0.0,0.0,0.0,0.0,0.0,0.0,0.0,0.0,0.0,0.0,11.718,1.999,0.0,0.0,0.0,0.0,0.0,0.0,1.0,1.0,0.0,0.0,2000.0,0.0,0.0,0.0,0.0,0.0,0.0,
827,0.0,0.0,0.0,0.0,0.0,0.0,3.0,1.0,1.0,1.0,3.0,1.0,1.0,1.0,4.0,1275.0,3408964.0,131072.0,0.0,2.0,1537.0,1409.0,5.0,513.0,255.0,0.0,0.0,0.0,5.0,769.0,255.0,0.0,0.0,0.0,5.0,1025.0,255.0,0.0,0.0,0.0,5.0,1281.0,254.0,0.0,0.0,0.0,2.0,1644167432.0,1644167688.0,4.0,1678835984.0,1678836240.0,1678836496.0,1678836752.0,4.0,1678837008.0,1678837264.0,1678837520.0,1678837776.0,1.0,537198856.0,5.0,417.0,254.0,0.0,0.0,0.0,5.0,449.0,254.0,0.0,0.0,0.0,5.0,481.0,254.0,0.0,0.0,0.0,5.0,673.0,254.0,0.0,0.0,0.0,5.0,705.0,254.0,0.0,0.0,0.0,5.0,737.0,254.0,0.0,0.0,0.0,5.0,929.0,254.0,0.0,0.0,0.0,4.0,1342177544.0,1342177800.0,1342178056.0,1342178312.0,8.0,1342243080.0,1342243336.0,1342243592.0,1342243848.0,1342244104.0,1342244360.0,1342244616.0,1342244872.0,4.0,1342308624.0,1342308880.0,1342309136.0,1342309392.0,4.0,1342374160.0,1342374416.0,1342374672.0,1342374928.0,4.0,1342375184.0,1342375440.0,1342375696.0,1342375952.0,4.0,1342376208.0,1342376464.0,1342376720.0,1342376976.0,8.0,1342439688.0,1342439944.0,1342440200.0,1342440456.0,1342440712.0,1342440968.0,1342441224.0,1342441480.0,4.0,0.0,0.0,0.0,0.0,8.0,17.0,17.0,17.0,17.0,17.0,17.0,17.0,1.0,16.0,100.0,100.0,100.0,100.0,100.0,100.0,100.0,100.0,100.0,100.0,100.0,100.0,100.0,100.0,100.0,100.0,2.0,45.0,45.0,1.0,0.0,4.0,80.0,245.0,1.0,0.0,8.0,0.0,252.0,168.0,168.0,170.0,1.0,85.0,122.0,5.0,143.0,1842.0,3.0,6.0,1.0,12.0,0.0,0.0,0.0,0.0,0.0,0.0,2090.0,0.0,0.0,0.0,0.0,0.0,8.0,44.0,0.0,0.0,0.0,0.0,0.0,0.0,0.0,2.0,0.0,16.0,8.0,0.0,0.0,0.0,0.0,0.0,0.0,0.0,0.0,0.0,0.0,0.0,655761.0,0.0,340444200.0,34044204.0,2.02,129.0,0.0,2000.0,65.0,0.0,0.0,0.0,0.0,0.0,0.0,0.0,1.0,0.0,0.0,0.0,0.0,0.0,0.0,0.0,0.0,0.0,0.0,0.0,0.0,0.0,0.0,0.0,0.0,0.0,0.0,0.0,0.0,0.0,0.0,0.0,0.0,0.0,0.0,0.0,0.0,1.0,0.0,0.0,0.0,0.0,0.0,0.0,0.0,0.0,0.0,0.0,0.0,0.0,0.0,0.0,0.0,0.0,0.0,0.0,0.0,0.0,0.0,0.0,0.0,0.0,0.0,0.0,0.0,0.0,0.0,0.0,0.0,0.0,0.0,0.0,0.0,11.718,1.999,0.0,0.0,0.0,0.0,0.0,0.0,1.0,1.0,0.0,0.0,2000.0,0.0,0.0,0.0,0.0,0.0,0.0,
832,0.0,0.0,0.0,0.0,0.0,0.0,3.0,1.0,1.0,1.0,3.0,1.0,1.0,1.0,4.0,1275.0,3408964.0,131072.0,0.0,2.0,1537.0,1409.0,5.0,513.0,255.0,0.0,0.0,0.0,5.0,769.0,255.0,0.0,0.0,0.0,5.0,1025.0,255.0,0.0,0.0,0.0,5.0,1281.0,254.0,0.0,0.0,0.0,2.0,1644167432.0,1644167688.0,4.0,1678835984.0,1678836240.0,1678836496.0,1678836752.0,4.0,1678837008.0,1678837264.0,1678837520.0,1678837776.0,1.0,537198856.0,5.0,417.0,254.0,0.0,0.0,0.0,5.0,449.0,254.0,0.0,0.0,0.0,5.0,481.0,254.0,0.0,0.0,0.0,5.0,673.0,254.0,0.0,0.0,0.0,5.0,705.0,254.0,0.0,0.0,0.0,5.0,737.0,254.0,0.0,0.0,0.0,5.0,929.0,254.0,0.0,0.0,0.0,4.0,1342177544.0,1342177800.0,1342178056.0,1342178312.0,8.0,1342243080.0,1342243336.0,1342243592.0,1342243848.0,1342244104.0,1342244360.0,1342244616.0,1342244872.0,4.0,1342308624.0,1342308880.0,1342309136.0,1342309392.0,4.0,1342374160.0,1342374416.0,1342374672.0,1342374928.0,4.0,1342375184.0,1342375440.0,1342375696.0,1342375952.0,4.0,1342376208.0,1342376464.0,1342376720.0,1342376976.0,8.0,1342439688.0,1342439944.0,1342440200.0,1342440456.0,1342440712.0,1342440968.0,1342441224.0,1342441480.0,4.0,0.0,0.0,0.0,0.0,8.0,17.0,17.0,17.0,17.0,17.0,17.0,17.0,1.0,16.0,100.0,100.0,100.0,100.0,100.0,100.0,100.0,100.0,100.0,100.0,100.0,100.0,100.0,100.0,100.0,100.0,2.0,45.0,45.0,1.0,0.0,4.0,80.0,245.0,1.0,0.0,8.0,0.0,252.0,168.0,168.0,170.0,1.0,85.0,122.0,5.0,143.0,1842.0,3.0,6.0,1.0,12.0,0.0,0.0,0.0,0.0,0.0,0.0,2624.0,0.0,0.0,0.0,0.0,0.0,8.0,44.0,0.0,0.0,0.0,0.0,0.0,0.0,0.0,2.0,0.0,16.0,8.0,0.0,0.0,0.0,0.0,0.0,0.0,0.0,0.0,0.0,0.0,0.0,655761.0,0.0,340444200.0,34044204.0,2.02,129.0,0.0,2000.0,65.0,0.0,0.0,0.0,0.0,0.0,0.0,0.0,1.0,0.0,0.0,0.0,0.0,0.0,0.0,0.0,0.0,0.0,0.0,0.0,0.0,0.0,0.0,0.0,0.0,0.0,0.0,0.0,0.0,0.0,0.0,0.0,0.0,0.0,0.0,0.0,0.0,1.0,0.0,0.0,0.0,0.0,0.0,0.0,0.0,0.0,0.0,0.0,0.0,0.0,0.0,0.0,0.0,0.0,0.0,0.0,0.0,0.0,0.0,0.0,0.0,0.0,0.0,0.0,0.0,0.0,0.0,0.0,0.0,0.0,0.0,0.0,0.0,11.034,2.5,0.0,0.0,0.0,0.0,0.0,0.0,1.0,1.0,0.0,0.0,2500.0,0.0,0.0,0.0,0.0,0.0,0.0,
833,0.0,0.0,0.0,0.0,0.0,0.0,3.0,1.0,1.0,1.0,3.0,1.0,1.0,1.0,4.0,1275.0,3408964.0,131072.0,0.0,2.0,1537.0,1409.0,5.0,513.0,255.0,0.0,0.0,0.0,5.0,769.0,255.0,0.0,0.0,0.0,5.0,1025.0,255.0,0.0,0.0,0.0,5.0,1281.0,254.0,0.0,0.0,0.0,2.0,1644167432.0,1644167688.0,4.0,1678835984.0,1678836240.0,1678836496.0,1678836752.0,4.0,1678837008.0,1678837264.0,1678837520.0,1678837776.0,1.0,537198856.0,5.0,417.0,254.0,0.0,0.0,0.0,5.0,449.0,254.0,0.0,0.0,0.0,5.0,481.0,254.0,0.0,0.0,0.0,5.0,673.0,254.0,0.0,0.0,0.0,5.0,705.0,254.0,0.0,0.0,0.0,5.0,737.0,254.0,0.0,0.0,0.0,5.0,929.0,254.0,0.0,0.0,0.0,4.0,1342177544.0,1342177800.0,1342178056.0,1342178312.0,8.0,1342243080.0,1342243336.0,1342243592.0,1342243848.0,1342244104.0,1342244360.0,1342244616.0,1342244872.0,4.0,1342308624.0,1342308880.0,1342309136.0,1342309392.0,4.0,1342374160.0,1342374416.0,1342374672.0,1342374928.0,4.0,1342375184.0,1342375440.0,1342375696.0,1342375952.0,4.0,1342376208.0,1342376464.0,1342376720.0,1342376976.0,8.0,1342439688.0,1342439944.0,1342440200.0,1342440456.0,1342440712.0,1342440968.0,1342441224.0,1342441480.0,4.0,0.0,0.0,0.0,0.0,8.0,17.0,17.0,17.0,17.0,17.0,17.0,17.0,1.0,16.0,100.0,100.0,100.0,100.0,100.0,100.0,100.0,100.0,100.0,100.0,100.0,100.0,100.0,100.0,100.0,100.0,2.0,45.0,45.0,1.0,0.0,4.0,80.0,245.0,1.0,0.0,8.0,0.0,252.0,168.0,168.0,170.0,1.0,85.0,122.0,5.0,143.0,1842.0,3.0,6.0,1.0,12.0,0.0,0.0,0.0,0.0,0.0,0.0,2624.0,0.0,0.0,0.0,0.0,0.0,8.0,44.0,0.0,0.0,0.0,0.0,0.0,0.0,0.0,2.0,0.0,16.0,8.0,0.0,0.0,0.0,0.0,0.0,0.0,0.0,0.0,0.0,0.0,0.0,655761.0,0.0,340444200.0,34044204.0,2.02,129.0,0.0,2000.0,65.0,0.0,0.0,0.0,0.0,0.0,0.0,0.0,1.0,0.0,0.0,0.0,0.0,0.0,0.0,0.0,0.0,0.0,0.0,0.0,0.0,0.0,0.0,0.0,0.0,0.0,0.0,0.0,0.0,0.0,0.0,0.0,0.0,0.0,0.0,0.0,0.0,1.0,0.0,0.0,0.0,0.0,0.0,0.0,0.0,0.0,0.0,0.0,0.0,0.0,0.0,0.0,0.0,0.0,0.0,0.0,0.0,0.0,0.0,0.0,0.0,0.0,0.0,0.0,0.0,0.0,0.0,0.0,0.0,0.0,0.0,0.0,0.0,11.034,2.5,0.0,0.0,0.0,0.0,0.0,0.0,1.0,1.0,0.0,0.0,2500.0,0.0,0.0,0.0,0.0,0.0,0.0,
834,0.0,0.0,0.0,0.0,0.0,0.0,3.0,1.0,1.0,1.0,3.0,1.0,1.0,1.0,4.0,1275.0,3408964.0,131072.0,0.0,2.0,1537.0,1409.0,5.0,513.0,255.0,0.0,0.0,0.0,5.0,769.0,255.0,0.0,0.0,0.0,5.0,1025.0,255.0,0.0,0.0,0.0,5.0,1281.0,254.0,0.0,0.0,0.0,2.0,1644167432.0,1644167688.0,4.0,1678835984.0,1678836240.0,1678836496.0,1678836752.0,4.0,1678837008.0,1678837264.0,1678837520.0,1678837776.0,1.0,537198856.0,5.0,417.0,254.0,0.0,0.0,0.0,5.0,449.0,254.0,0.0,0.0,0.0,5.0,481.0,254.0,0.0,0.0,0.0,5.0,673.0,254.0,0.0,0.0,0.0,5.0,705.0,254.0,0.0,0.0,0.0,5.0,737.0,254.0,0.0,0.0,0.0,5.0,929.0,254.0,0.0,0.0,0.0,4.0,1342177544.0,1342177800.0,1342178056.0,1342178312.0,8.0,1342243080.0,1342243336.0,1342243592.0,1342243848.0,1342244104.0,1342244360.0,1342244616.0,1342244872.0,4.0,1342308624.0,1342308880.0,1342309136.0,1342309392.0,4.0,1342374160.0,1342374416.0,1342374672.0,1342374928.0,4.0,1342375184.0,1342375440.0,1342375696.0,1342375952.0,4.0,1342376208.0,1342376464.0,1342376720.0,1342376976.0,8.0,1342439688.0,1342439944.0,1342440200.0,1342440456.0,1342440712.0,1342440968.0,1342441224.0,1342441480.0,4.0,0.0,0.0,0.0,0.0,8.0,17.0,17.0,17.0,17.0,17.0,17.0,17.0,1.0,16.0,100.0,100.0,100.0,100.0,100.0,100.0,100.0,100.0,100.0,100.0,100.0,100.0,100.0,100.0,100.0,100.0,2.0,45.0,45.0,1.0,0.0,4.0,80.0,245.0,1.0,0.0,8.0,0.0,252.0,168.0,168.0,170.0,1.0,85.0,122.0,5.0,143.0,1842.0,3.0,6.0,1.0,12.0,0.0,0.0,0.0,0.0,0.0,0.0,2624.0,0.0,0.0,0.0,0.0,0.0,8.0,44.0,0.0,0.0,0.0,0.0,0.0,0.0,0.0,2.0,0.0,16.0,8.0,0.0,0.0,0.0,0.0,0.0,0.0,0.0,0.0,0.0,0.0,0.0,655761.0,0.0,340444200.0,34044204.0,2.02,129.0,0.0,2000.0,65.0,0.0,0.0,0.0,0.0,0.0,0.0,0.0,1.0,0.0,0.0,0.0,0.0,0.0,0.0,0.0,0.0,0.0,0.0,0.0,0.0,0.0,0.0,0.0,0.0,0.0,0.0,0.0,0.0,0.0,0.0,0.0,0.0,0.0,0.0,0.0,0.0,1.0,0.0,0.0,0.0,0.0,0.0,0.0,0.0,0.0,0.0,0.0,0.0,0.0,0.0,0.0,0.0,0.0,0.0,0.0,0.0,0.0,0.0,0.0,0.0,0.0,0.0,0.0,0.0,0.0,0.0,0.0,0.0,0.0,0.0,0.0,0.0,11.034,2.5,0.0,0.0,0.0,0.0,0.0,0.0,1.0,1.0,0.0,0.0,2500.0,0.0,0.0,0.0,0.0,0.0,0.0,
839,0.0,0.0,0.0,0.0,0.0,0.0,3.0,1.0,1.0,1.0,3.0,1.0,1.0,1.0,4.0,1275.0,3408964.0,131072.0,0.0,2.0,1537.0,1409.0,5.0,513.0,255.0,0.0,0.0,0.0,5.0,769.0,255.0,0.0,0.0,0.0,5.0,1025.0,255.0,0.0,0.0,0.0,5.0,1281.0,254.0,0.0,0.0,0.0,2.0,1644167432.0,1644167688.0,4.0,1678835984.0,1678836240.0,1678836496.0,1678836752.0,4.0,1678837008.0,1678837264.0,1678837520.0,1678837776.0,1.0,537198856.0,5.0,417.0,254.0,0.0,0.0,0.0,5.0,449.0,254.0,0.0,0.0,0.0,5.0,481.0,254.0,0.0,0.0,0.0,5.0,673.0,254.0,0.0,0.0,0.0,5.0,705.0,254.0,0.0,0.0,0.0,5.0,737.0,254.0,0.0,0.0,0.0,5.0,929.0,254.0,0.0,0.0,0.0,4.0,1342177544.0,1342177800.0,1342178056.0,1342178312.0,8.0,1342243080.0,1342243336.0,1342243592.0,1342243848.0,1342244104.0,1342244360.0,1342244616.0,1342244872.0,4.0,1342308624.0,1342308880.0,1342309136.0,1342309392.0,4.0,1342374160.0,1342374416.0,1342374672.0,1342374928.0,4.0,1342375184.0,1342375440.0,1342375696.0,1342375952.0,4.0,1342376208.0,1342376464.0,1342376720.0,1342376976.0,8.0,1342439688.0,1342439944.0,1342440200.0,1342440456.0,1342440712.0,1342440968.0,1342441224.0,1342441480.0,4.0,0.0,0.0,0.0,0.0,8.0,17.0,17.0,17.0,17.0,17.0,17.0,17.0,1.0,16.0,100.0,100.0,100.0,100.0,100.0,100.0,100.0,100.0,100.0,100.0,100.0,100.0,100.0,100.0,100.0,100.0,2.0,45.0,45.0,1.0,0.0,4.0,80.0,245.0,1.0,0.0,8.0,0.0,252.0,168.0,168.0,170.0,1.0,85.0,122.0,5.0,143.0,1842.0,3.0,6.0,1.0,12.0,0.0,0.0,0.0,0.0,0.0,0.0,3153.0,0.0,0.0,0.0,0.0,0.0,8.0,44.0,0.0,0.0,0.0,0.0,0.0,0.0,0.0,2.0,0.0,16.0,8.0,0.0,0.0,0.0,0.0,0.0,0.0,0.0,0.0,0.0,0.0,0.0,655761.0,0.0,340444200.0,34044204.0,2.02,129.0,0.0,2000.0,65.0,0.0,0.0,0.0,0.0,0.0,0.0,0.0,1.0,0.0,0.0,0.0,0.0,0.0,0.0,0.0,0.0,0.0,0.0,0.0,0.0,0.0,0.0,0.0,0.0,0.0,0.0,0.0,0.0,0.0,0.0,0.0,0.0,0.0,0.0,0.0,0.0,1.0,0.0,0.0,0.0,0.0,0.0,0.0,0.0,0.0,0.0,0.0,0.0,0.0,0.0,0.0,0.0,0.0,0.0,0.0,0.0,0.0,0.0,0.0,0.0,0.0,0.0,0.0,0.0,0.0,0.0,0.0,0.0,0.0,0.0,0.0,0.0,10.376,2.999,0.0,0.0,0.0,0.0,0.0,0.0,1.0,1.0,0.0,0.0,3000.0,0.0,0.0,0.0,0.0,0.0,0.0,
840,0.0,0.0,0.0,0.0,0.0,0.0,3.0,1.0,1.0,1.0,3.0,1.0,1.0,1.0,4.0,1275.0,3408964.0,131072.0,0.0,2.0,1537.0,1409.0,5.0,513.0,255.0,0.0,0.0,0.0,5.0,769.0,255.0,0.0,0.0,0.0,5.0,1025.0,255.0,0.0,0.0,0.0,5.0,1281.0,254.0,0.0,0.0,0.0,2.0,1644167432.0,1644167688.0,4.0,1678835984.0,1678836240.0,1678836496.0,1678836752.0,4.0,1678837008.0,1678837264.0,1678837520.0,1678837776.0,1.0,537198856.0,5.0,417.0,254.0,0.0,0.0,0.0,5.0,449.0,254.0,0.0,0.0,0.0,5.0,481.0,254.0,0.0,0.0,0.0,5.0,673.0,254.0,0.0,0.0,0.0,5.0,705.0,254.0,0.0,0.0,0.0,5.0,737.0,254.0,0.0,0.0,0.0,5.0,929.0,254.0,0.0,0.0,0.0,4.0,1342177544.0,1342177800.0,1342178056.0,1342178312.0,8.0,1342243080.0,1342243336.0,1342243592.0,1342243848.0,1342244104.0,1342244360.0,1342244616.0,1342244872.0,4.0,1342308624.0,1342308880.0,1342309136.0,1342309392.0,4.0,1342374160.0,1342374416.0,1342374672.0,1342374928.0,4.0,1342375184.0,1342375440.0,1342375696.0,1342375952.0,4.0,1342376208.0,1342376464.0,1342376720.0,1342376976.0,8.0,1342439688.0,1342439944.0,1342440200.0,1342440456.0,1342440712.0,1342440968.0,1342441224.0,1342441480.0,4.0,0.0,0.0,0.0,0.0,8.0,17.0,17.0,17.0,17.0,17.0,17.0,17.0,1.0,16.0,100.0,100.0,100.0,100.0,100.0,100.0,100.0,100.0,100.0,100.0,100.0,100.0,100.0,100.0,100.0,100.0,2.0,45.0,45.0,1.0,0.0,4.0,80.0,245.0,1.0,0.0,8.0,0.0,252.0,168.0,168.0,170.0,1.0,85.0,122.0,5.0,143.0,1842.0,3.0,6.0,1.0,12.0,0.0,0.0,0.0,0.0,0.0,0.0,3153.0,0.0,0.0,0.0,0.0,0.0,8.0,44.0,0.0,0.0,0.0,0.0,0.0,0.0,0.0,2.0,0.0,16.0,8.0,0.0,0.0,0.0,0.0,0.0,0.0,0.0,0.0,0.0,0.0,0.0,655761.0,0.0,340444200.0,34044204.0,2.02,129.0,0.0,2000.0,65.0,0.0,0.0,0.0,0.0,0.0,0.0,0.0,1.0,0.0,0.0,0.0,0.0,0.0,0.0,0.0,0.0,0.0,0.0,0.0,0.0,0.0,0.0,0.0,0.0,0.0,0.0,0.0,0.0,0.0,0.0,0.0,0.0,0.0,0.0,0.0,0.0,1.0,0.0,0.0,0.0,0.0,0.0,0.0,0.0,0.0,0.0,0.0,0.0,0.0,0.0,0.0,0.0,0.0,0.0,0.0,0.0,0.0,0.0,0.0,0.0,0.0,0.0,0.0,0.0,0.0,0.0,0.0,0.0,0.0,0.0,0.0,0.0,10.376,2.999,0.0,0.0,0.0,0.0,0.0,0.0,1.0,1.0,0.0,0.0,3000.0,0.0,0.0,0.0,0.0,0.0,0.0,
841,0.0,0.0,0.0,0.0,0.0,0.0,3.0,1.0,1.0,1.0,3.0,1.0,1.0,1.0,4.0,1275.0,3408964.0,131072.0,0.0,2.0,1537.0,1409.0,5.0,513.0,255.0,0.0,0.0,0.0,5.0,769.0,255.0,0.0,0.0,0.0,5.0,1025.0,255.0,0.0,0.0,0.0,5.0,1281.0,254.0,0.0,0.0,0.0,2.0,1644167432.0,1644167688.0,4.0,1678835984.0,1678836240.0,1678836496.0,1678836752.0,4.0,1678837008.0,1678837264.0,1678837520.0,1678837776.0,1.0,537198856.0,5.0,417.0,254.0,0.0,0.0,0.0,5.0,449.0,254.0,0.0,0.0,0.0,5.0,481.0,254.0,0.0,0.0,0.0,5.0,673.0,254.0,0.0,0.0,0.0,5.0,705.0,254.0,0.0,0.0,0.0,5.0,737.0,254.0,0.0,0.0,0.0,5.0,929.0,254.0,0.0,0.0,0.0,4.0,1342177544.0,1342177800.0,1342178056.0,1342178312.0,8.0,1342243080.0,1342243336.0,1342243592.0,1342243848.0,1342244104.0,1342244360.0,1342244616.0,1342244872.0,4.0,1342308624.0,1342308880.0,1342309136.0,1342309392.0,4.0,1342374160.0,1342374416.0,1342374672.0,1342374928.0,4.0,1342375184.0,1342375440.0,1342375696.0,1342375952.0,4.0,1342376208.0,1342376464.0,1342376720.0,1342376976.0,8.0,1342439688.0,1342439944.0,1342440200.0,1342440456.0,1342440712.0,1342440968.0,1342441224.0,1342441480.0,4.0,0.0,0.0,0.0,0.0,8.0,17.0,17.0,17.0,17.0,17.0,17.0,17.0,1.0,16.0,100.0,100.0,100.0,100.0,100.0,100.0,100.0,100.0,100.0,100.0,100.0,100.0,100.0,100.0,100.0,100.0,2.0,45.0,45.0,1.0,0.0,4.0,80.0,245.0,1.0,0.0,8.0,0.0,252.0,168.0,168.0,170.0,1.0,85.0,122.0,5.0,143.0,1842.0,3.0,6.0,1.0,12.0,0.0,0.0,0.0,0.0,0.0,0.0,3153.0,0.0,0.0,0.0,0.0,0.0,8.0,44.0,0.0,0.0,0.0,0.0,0.0,0.0,0.0,2.0,0.0,16.0,8.0,0.0,0.0,0.0,0.0,0.0,0.0,0.0,0.0,0.0,0.0,0.0,655761.0,0.0,340444200.0,34044204.0,2.02,129.0,0.0,2000.0,65.0,0.0,0.0,0.0,0.0,0.0,0.0,0.0,1.0,0.0,0.0,0.0,0.0,0.0,0.0,0.0,0.0,0.0,0.0,0.0,0.0,0.0,0.0,0.0,0.0,0.0,0.0,0.0,0.0,0.0,0.0,0.0,0.0,0.0,0.0,0.0,0.0,1.0,0.0,0.0,0.0,0.0,0.0,0.0,0.0,0.0,0.0,0.0,0.0,0.0,0.0,0.0,0.0,0.0,0.0,0.0,0.0,0.0,0.0,0.0,0.0,0.0,0.0,0.0,0.0,0.0,0.0,0.0,0.0,0.0,0.0,0.0,0.0,10.376,2.999,0.0,0.0,0.0,0.0,0.0,0.0,1.0,1.0,0.0,0.0,3000.0,0.0,0.0,0.0,0.0,0.0,0.0,
846,0.0,0.0,0.0,0.0,0.0,0.0,3.0,1.0,1.0,1.0,3.0,1.0,1.0,1.0,4.0,1275.0,3408964.0,131072.0,0.0,2.0,1537.0,1409.0,5.0,513.0,255.0,0.0,0.0,0.0,5.0,769.0,255.0,0.0,0.0,0.0,5.0,1025.0,255.0,0.0,0.0,0.0,5.0,1281.0,254.0,0.0,0.0,0.0,2.0,1644167432.0,1644167688.0,4.0,1678835984.0,1678836240.0,1678836496.0,1678836752.0,4.0,1678837008.0,1678837264.0,1678837520.0,1678837776.0,1.0,537198856.0,5.0,417.0,254.0,0.0,0.0,0.0,5.0,449.0,254.0,0.0,0.0,0.0,5.0,481.0,254.0,0.0,0.0,0.0,5.0,673.0,254.0,0.0,0.0,0.0,5.0,705.0,254.0,0.0,0.0,0.0,5.0,737.0,254.0,0.0,0.0,0.0,5.0,929.0,254.0,0.0,0.0,0.0,4.0,1342177544.0,1342177800.0,1342178056.0,1342178312.0,8.0,1342243080.0,1342243336.0,1342243592.0,1342243848.0,1342244104.0,1342244360.0,1342244616.0,1342244872.0,4.0,1342308624.0,1342308880.0,1342309136.0,1342309392.0,4.0,1342374160.0,1342374416.0,1342374672.0,1342374928.0,4.0,1342375184.0,1342375440.0,1342375696.0,1342375952.0,4.0,1342376208.0,1342376464.0,1342376720.0,1342376976.0,8.0,1342439688.0,1342439944.0,1342440200.0,1342440456.0,1342440712.0,1342440968.0,1342441224.0,1342441480.0,4.0,0.0,0.0,0.0,0.0,8.0,17.0,17.0,17.0,17.0,17.0,17.0,17.0,1.0,16.0,100.0,100.0,100.0,100.0,100.0,100.0,100.0,100.0,100.0,100.0,100.0,100.0,100.0,100.0,100.0,100.0,2.0,45.0,45.0,1.0,0.0,4.0,80.0,245.0,1.0,0.0,8.0,0.0,252.0,168.0,168.0,170.0,1.0,85.0,122.0,5.0,143.0,1842.0,3.0,6.0,1.0,12.0,0.0,0.0,0.0,0.0,0.0,0.0,3687.0,0.0,0.0,0.0,0.0,0.0,8.0,44.0,0.0,0.0,0.0,0.0,0.0,0.0,0.0,2.0,0.0,16.0,8.0,0.0,0.0,0.0,0.0,0.0,0.0,0.0,0.0,0.0,0.0,0.0,655761.0,0.0,340444200.0,34044204.0,2.02,129.0,0.0,2000.0,65.0,0.0,0.0,0.0,0.0,0.0,0.0,0.0,1.0,0.0,0.0,0.0,0.0,0.0,0.0,0.0,0.0,0.0,0.0,0.0,0.0,0.0,0.0,0.0,0.0,0.0,0.0,0.0,0.0,0.0,0.0,0.0,0.0,0.0,0.0,0.0,0.0,1.0,0.0,0.0,0.0,0.0,0.0,0.0,0.0,0.0,0.0,0.0,0.0,0.0,0.0,0.0,0.0,0.0,0.0,0.0,0.0,0.0,0.0,0.0,0.0,0.0,0.0,0.0,0.0,0.0,0.0,0.0,0.0,0.0,0.0,0.0,0.0,9.698,3.499,0.0,0.0,0.0,0.0,0.0,0.0,1.0,1.0,0.0,0.0,3500.0,0.0,0.0,0.0,0.0,0.0,0.0,
847,0.0,0.0,0.0,0.0,0.0,0.0,3.0,1.0,1.0,1.0,3.0,1.0,1.0,1.0,4.0,1275.0,3408964.0,131072.0,0.0,2.0,1537.0,1409.0,5.0,513.0,255.0,0.0,0.0,0.0,5.0,769.0,255.0,0.0,0.0,0.0,5.0,1025.0,255.0,0.0,0.0,0.0,5.0,1281.0,254.0,0.0,0.0,0.0,2.0,1644167432.0,1644167688.0,4.0,1678835984.0,1678836240.0,1678836496.0,1678836752.0,4.0,1678837008.0,1678837264.0,1678837520.0,1678837776.0,1.0,537198856.0,5.0,417.0,254.0,0.0,0.0,0.0,5.0,449.0,254.0,0.0,0.0,0.0,5.0,481.0,254.0,0.0,0.0,0.0,5.0,673.0,254.0,0.0,0.0,0.0,5.0,705.0,254.0,0.0,0.0,0.0,5.0,737.0,254.0,0.0,0.0,0.0,5.0,929.0,254.0,0.0,0.0,0.0,4.0,1342177544.0,1342177800.0,1342178056.0,1342178312.0,8.0,1342243080.0,1342243336.0,1342243592.0,1342243848.0,1342244104.0,1342244360.0,1342244616.0,1342244872.0,4.0,1342308624.0,1342308880.0,1342309136.0,1342309392.0,4.0,1342374160.0,1342374416.0,1342374672.0,1342374928.0,4.0,1342375184.0,1342375440.0,1342375696.0,1342375952.0,4.0,1342376208.0,1342376464.0,1342376720.0,1342376976.0,8.0,1342439688.0,1342439944.0,1342440200.0,1342440456.0,1342440712.0,1342440968.0,1342441224.0,1342441480.0,4.0,0.0,0.0,0.0,0.0,8.0,17.0,17.0,17.0,17.0,17.0,17.0,17.0,1.0,16.0,100.0,100.0,100.0,100.0,100.0,100.0,100.0,100.0,100.0,100.0,100.0,100.0,100.0,100.0,100.0,100.0,2.0,45.0,45.0,1.0,0.0,4.0,80.0,245.0,1.0,0.0,8.0,0.0,252.0,168.0,168.0,170.0,1.0,85.0,122.0,5.0,143.0,1842.0,3.0,6.0,1.0,12.0,0.0,0.0,0.0,0.0,0.0,0.0,3687.0,0.0,0.0,0.0,0.0,0.0,8.0,44.0,0.0,0.0,0.0,0.0,0.0,0.0,0.0,2.0,0.0,16.0,8.0,0.0,0.0,0.0,0.0,0.0,0.0,0.0,0.0,0.0,0.0,0.0,655761.0,0.0,340444200.0,34044204.0,2.02,129.0,0.0,2000.0,65.0,0.0,0.0,0.0,0.0,0.0,0.0,0.0,1.0,0.0,0.0,0.0,0.0,0.0,0.0,0.0,0.0,0.0,0.0,0.0,0.0,0.0,0.0,0.0,0.0,0.0,0.0,0.0,0.0,0.0,0.0,0.0,0.0,0.0,0.0,0.0,0.0,1.0,0.0,0.0,0.0,0.0,0.0,0.0,0.0,0.0,0.0,0.0,0.0,0.0,0.0,0.0,0.0,0.0,0.0,0.0,0.0,0.0,0.0,0.0,0.0,0.0,0.0,0.0,0.0,0.0,0.0,0.0,0.0,0.0,0.0,0.0,0.0,9.697,3.499,0.0,0.0,0.0,0.0,0.0,0.0,1.0,1.0,0.0,0.0,3500.0,0.0,0.0,0.0,0.0,0.0,0.0,
848,0.0,0.0,0.0,0.0,0.0,0.0,3.0,1.0,1.0,1.0,3.0,1.0,1.0,1.0,4.0,1275.0,3408964.0,131072.0,0.0,2.0,1537.0,1409.0,5.0,513.0,255.0,0.0,0.0,0.0,5.0,769.0,255.0,0.0,0.0,0.0,5.0,1025.0,255.0,0.0,0.0,0.0,5.0,1281.0,254.0,0.0,0.0,0.0,2.0,1644167432.0,1644167688.0,4.0,1678835984.0,1678836240.0,1678836496.0,1678836752.0,4.0,1678837008.0,1678837264.0,1678837520.0,1678837776.0,1.0,537198856.0,5.0,417.0,254.0,0.0,0.0,0.0,5.0,449.0,254.0,0.0,0.0,0.0,5.0,481.0,254.0,0.0,0.0,0.0,5.0,673.0,254.0,0.0,0.0,0.0,5.0,705.0,254.0,0.0,0.0,0.0,5.0,737.0,254.0,0.0,0.0,0.0,5.0,929.0,254.0,0.0,0.0,0.0,4.0,1342177544.0,1342177800.0,1342178056.0,1342178312.0,8.0,1342243080.0,1342243336.0,1342243592.0,1342243848.0,1342244104.0,1342244360.0,1342244616.0,1342244872.0,4.0,1342308624.0,1342308880.0,1342309136.0,1342309392.0,4.0,1342374160.0,1342374416.0,1342374672.0,1342374928.0,4.0,1342375184.0,1342375440.0,1342375696.0,1342375952.0,4.0,1342376208.0,1342376464.0,1342376720.0,1342376976.0,8.0,1342439688.0,1342439944.0,1342440200.0,1342440456.0,1342440712.0,1342440968.0,1342441224.0,1342441480.0,4.0,0.0,0.0,0.0,0.0,8.0,17.0,17.0,17.0,17.0,17.0,17.0,17.0,1.0,16.0,100.0,100.0,100.0,100.0,100.0,100.0,100.0,100.0,100.0,100.0,100.0,100.0,100.0,100.0,100.0,100.0,2.0,45.0,45.0,1.0,0.0,4.0,80.0,245.0,1.0,0.0,8.0,0.0,252.0,168.0,168.0,170.0,1.0,85.0,122.0,5.0,143.0,1842.0,3.0,6.0,1.0,12.0,0.0,0.0,0.0,0.0,0.0,0.0,3687.0,0.0,0.0,0.0,0.0,0.0,8.0,44.0,0.0,0.0,0.0,0.0,0.0,0.0,0.0,2.0,0.0,16.0,8.0,0.0,0.0,0.0,0.0,0.0,0.0,0.0,0.0,0.0,0.0,0.0,655761.0,0.0,340444200.0,34044204.0,2.02,129.0,0.0,2000.0,65.0,0.0,0.0,0.0,0.0,0.0,0.0,0.0,1.0,0.0,0.0,0.0,0.0,0.0,0.0,0.0,0.0,0.0,0.0,0.0,0.0,0.0,0.0,0.0,0.0,0.0,0.0,0.0,0.0,0.0,0.0,0.0,0.0,0.0,0.0,0.0,0.0,1.0,0.0,0.0,0.0,0.0,0.0,0.0,0.0,0.0,0.0,0.0,0.0,0.0,0.0,0.0,0.0,0.0,0.0,0.0,0.0,0.0,0.0,0.0,0.0,0.0,0.0,0.0,0.0,0.0,0.0,0.0,0.0,0.0,0.0,0.0,0.0,9.697,3.499,0.0,0.0,0.0,0.0,0.0,0.0,1.0,1.0,0.0,0.0,3500.0,0.0,0.0,0.0,0.0,0.0,0.0,
853,0.0,0.0,0.0,0.0,0.0,0.0,3.0,1.0,1.0,1.0,3.0,1.0,1.0,1.0,4.0,1275.0,3408964.0,131072.0,0.0,2.0,1537.0,1409.0,5.0,513.0,255.0,0.0,0.0,0.0,5.0,769.0,255.0,0.0,0.0,0.0,5.0,1025.0,255.0,0.0,0.0,0.0,5.0,1281.0,254.0,0.0,0.0,0.0,2.0,1644167432.0,1644167688.0,4.0,1678835984.0,1678836240.0,1678836496.0,1678836752.0,4.0,1678837008.0,1678837264.0,1678837520.0,1678837776.0,1.0,537198856.0,5.0,417.0,254.0,0.0,0.0,0.0,5.0,449.0,254.0,0.0,0.0,0.0,5.0,481.0,254.0,0.0,0.0,0.0,5.0,673.0,254.0,0.0,0.0,0.0,5.0,705.0,254.0,0.0,0.0,0.0,5.0,737.0,254.0,0.0,0.0,0.0,5.0,929.0,254.0,0.0,0.0,0.0,4.0,1342177544.0,1342177800.0,1342178056.0,1342178312.0,8.0,1342243080.0,1342243336.0,1342243592.0,1342243848.0,1342244104.0,1342244360.0,1342244616.0,1342244872.0,4.0,1342308624.0,1342308880.0,1342309136.0,1342309392.0,4.0,1342374160.0,1342374416.0,1342374672.0,1342374928.0,4.0,1342375184.0,1342375440.0,1342375696.0,1342375952.0,4.0,1342376208.0,1342376464.0,1342376720.0,1342376976.0,8.0,1342439688.0,1342439944.0,1342440200.0,1342440456.0,1342440712.0,1342440968.0,1342441224.0,1342441480.0,4.0,0.0,0.0,0.0,0.0,8.0,17.0,17.0,17.0,17.0,17.0,17.0,17.0,1.0,16.0,100.0,100.0,100.0,100.0,100.0,100.0,100.0,100.0,100.0,100.0,100.0,100.0,100.0,100.0,100.0,100.0,2.0,45.0,45.0,1.0,0.0,4.0,80.0,245.0,1.0,0.0,8.0,0.0,252.0,168.0,168.0,170.0,1.0,85.0,122.0,5.0,142.0,1842.0,3.0,6.0,1.0,12.0,0.0,0.0,0.0,0.0,0.0,0.0,4220.0,0.0,0.0,0.0,0.0,0.0,8.0,44.0,0.0,0.0,0.0,0.0,0.0,0.0,0.0,2.0,0.0,16.0,8.0,0.0,0.0,0.0,0.0,0.0,0.0,0.0,0.0,0.0,0.0,0.0,655761.0,0.0,340444200.0,34044204.0,2.02,129.0,0.0,2000.0,65.0,0.0,0.0,0.0,0.0,0.0,0.0,0.0,1.0,0.0,0.0,0.0,0.0,0.0,0.0,0.0,0.0,0.0,0.0,0.0,0.0,0.0,0.0,0.0,0.0,0.0,0.0,0.0,0.0,0.0,0.0,0.0,0.0,0.0,0.0,0.0,0.0,1.0,0.0,0.0,0.0,0.0,0.0,0.0,0.0,0.0,0.0,0.0,0.0,0.0,0.0,0.0,0.0,0.0,0.0,0.0,0.0,0.0,0.0,0.0,0.0,0.0,0.0,0.0,0.0,0.0,0.0,0.0,0.0,0.0,0.0,0.0,0.0,9.023,4.0,0.0,0.0,0.0,0.0,0.0,0.0,1.0,1.0,0.0,0.0,4000.0,0.0,0.0,0.0,0.0,0.0,0.0,
854,0.0,0.0,0.0,0.0,0.0,0.0,3.0,1.0,1.0,1.0,3.0,1.0,1.0,1.0,4.0,1275.0,3408964.0,131072.0,0.0,2.0,1537.0,1409.0,5.0,513.0,255.0,0.0,0.0,0.0,5.0,769.0,255.0,0.0,0.0,0.0,5.0,1025.0,255.0,0.0,0.0,0.0,5.0,1281.0,254.0,0.0,0.0,0.0,2.0,1644167432.0,1644167688.0,4.0,1678835984.0,1678836240.0,1678836496.0,1678836752.0,4.0,1678837008.0,1678837264.0,1678837520.0,1678837776.0,1.0,537198856.0,5.0,417.0,254.0,0.0,0.0,0.0,5.0,449.0,254.0,0.0,0.0,0.0,5.0,481.0,254.0,0.0,0.0,0.0,5.0,673.0,254.0,0.0,0.0,0.0,5.0,705.0,254.0,0.0,0.0,0.0,5.0,737.0,254.0,0.0,0.0,0.0,5.0,929.0,254.0,0.0,0.0,0.0,4.0,1342177544.0,1342177800.0,1342178056.0,1342178312.0,8.0,1342243080.0,1342243336.0,1342243592.0,1342243848.0,1342244104.0,1342244360.0,1342244616.0,1342244872.0,4.0,1342308624.0,1342308880.0,1342309136.0,1342309392.0,4.0,1342374160.0,1342374416.0,1342374672.0,1342374928.0,4.0,1342375184.0,1342375440.0,1342375696.0,1342375952.0,4.0,1342376208.0,1342376464.0,1342376720.0,1342376976.0,8.0,1342439688.0,1342439944.0,1342440200.0,1342440456.0,1342440712.0,1342440968.0,1342441224.0,1342441480.0,4.0,0.0,0.0,0.0,0.0,8.0,17.0,17.0,17.0,17.0,17.0,17.0,17.0,1.0,16.0,100.0,100.0,100.0,100.0,100.0,100.0,100.0,100.0,100.0,100.0,100.0,100.0,100.0,100.0,100.0,100.0,2.0,45.0,45.0,1.0,0.0,4.0,80.0,245.0,1.0,0.0,8.0,0.0,252.0,168.0,168.0,170.0,1.0,85.0,122.0,5.0,143.0,1842.0,3.0,6.0,1.0,12.0,0.0,0.0,0.0,0.0,0.0,0.0,4224.0,0.0,0.0,0.0,0.0,0.0,8.0,44.0,0.0,0.0,0.0,0.0,0.0,0.0,0.0,2.0,0.0,16.0,8.0,0.0,0.0,0.0,0.0,0.0,0.0,0.0,0.0,0.0,0.0,0.0,655761.0,0.0,340444200.0,34044204.0,2.02,129.0,0.0,2000.0,65.0,0.0,0.0,0.0,0.0,0.0,0.0,0.0,1.0,0.0,0.0,0.0,0.0,0.0,0.0,0.0,0.0,0.0,0.0,0.0,0.0,0.0,0.0,0.0,0.0,0.0,0.0,0.0,0.0,0.0,0.0,0.0,0.0,0.0,0.0,0.0,0.0,1.0,0.0,0.0,0.0,0.0,0.0,0.0,0.0,0.0,0.0,0.0,0.0,0.0,0.0,0.0,0.0,0.0,0.0,0.0,0.0,0.0,0.0,0.0,0.0,0.0,0.0,0.0,0.0,0.0,0.0,0.0,0.0,0.0,0.0,0.0,0.0,9.023,4.001,0.0,0.0,0.0,0.0,0.0,0.0,1.0,1.0,0.0,0.0,4000.0,0.0,0.0,0.0,0.0,0.0,0.0,
855,0.0,0.0,0.0,0.0,0.0,0.0,3.0,1.0,1.0,1.0,3.0,1.0,1.0,1.0,4.0,1275.0,3408964.0,131072.0,0.0,2.0,1537.0,1409.0,5.0,513.0,255.0,0.0,0.0,0.0,5.0,769.0,255.0,0.0,0.0,0.0,5.0,1025.0,255.0,0.0,0.0,0.0,5.0,1281.0,254.0,0.0,0.0,0.0,2.0,1644167432.0,1644167688.0,4.0,1678835984.0,1678836240.0,1678836496.0,1678836752.0,4.0,1678837008.0,1678837264.0,1678837520.0,1678837776.0,1.0,537198856.0,5.0,417.0,254.0,0.0,0.0,0.0,5.0,449.0,254.0,0.0,0.0,0.0,5.0,481.0,254.0,0.0,0.0,0.0,5.0,673.0,254.0,0.0,0.0,0.0,5.0,705.0,254.0,0.0,0.0,0.0,5.0,737.0,254.0,0.0,0.0,0.0,5.0,929.0,254.0,0.0,0.0,0.0,4.0,1342177544.0,1342177800.0,1342178056.0,1342178312.0,8.0,1342243080.0,1342243336.0,1342243592.0,1342243848.0,1342244104.0,1342244360.0,1342244616.0,1342244872.0,4.0,1342308624.0,1342308880.0,1342309136.0,1342309392.0,4.0,1342374160.0,1342374416.0,1342374672.0,1342374928.0,4.0,1342375184.0,1342375440.0,1342375696.0,1342375952.0,4.0,1342376208.0,1342376464.0,1342376720.0,1342376976.0,8.0,1342439688.0,1342439944.0,1342440200.0,1342440456.0,1342440712.0,1342440968.0,1342441224.0,1342441480.0,4.0,0.0,0.0,0.0,0.0,8.0,17.0,17.0,17.0,17.0,17.0,17.0,17.0,1.0,16.0,100.0,100.0,100.0,100.0,100.0,100.0,100.0,100.0,100.0,100.0,100.0,100.0,100.0,100.0,100.0,100.0,2.0,45.0,45.0,1.0,0.0,4.0,80.0,245.0,1.0,0.0,8.0,0.0,252.0,168.0,168.0,170.0,1.0,85.0,122.0,5.0,143.0,1842.0,3.0,6.0,1.0,12.0,0.0,0.0,0.0,0.0,0.0,0.0,4224.0,0.0,0.0,0.0,0.0,0.0,8.0,44.0,0.0,0.0,0.0,0.0,0.0,0.0,0.0,2.0,0.0,16.0,8.0,0.0,0.0,0.0,0.0,0.0,0.0,0.0,0.0,0.0,0.0,0.0,655761.0,0.0,340444200.0,34044204.0,2.02,129.0,0.0,2000.0,65.0,0.0,0.0,0.0,0.0,0.0,0.0,0.0,1.0,0.0,0.0,0.0,0.0,0.0,0.0,0.0,0.0,0.0,0.0,0.0,0.0,0.0,0.0,0.0,0.0,0.0,0.0,0.0,0.0,0.0,0.0,0.0,0.0,0.0,0.0,0.0,0.0,1.0,0.0,0.0,0.0,0.0,0.0,0.0,0.0,0.0,0.0,0.0,0.0,0.0,0.0,0.0,0.0,0.0,0.0,0.0,0.0,0.0,0.0,0.0,0.0,0.0,0.0,0.0,0.0,0.0,0.0,0.0,0.0,0.0,0.0,0.0,0.0,9.026,4.0,0.0,0.0,0.0,0.0,0.0,0.0,1.0,1.0,0.0,0.0,4000.0,0.0,0.0,0.0,0.0,0.0,0.0,
860,0.0,0.0,0.0,0.0,0.0,0.0,3.0,1.0,1.0,1.0,3.0,1.0,1.0,1.0,4.0,1275.0,3408964.0,131072.0,0.0,2.0,1537.0,1409.0,5.0,513.0,255.0,0.0,0.0,0.0,5.0,769.0,255.0,0.0,0.0,0.0,5.0,1025.0,255.0,0.0,0.0,0.0,5.0,1281.0,254.0,0.0,0.0,0.0,2.0,1644167432.0,1644167688.0,4.0,1678835984.0,1678836240.0,1678836496.0,1678836752.0,4.0,1678837008.0,1678837264.0,1678837520.0,1678837776.0,1.0,537198856.0,5.0,417.0,254.0,0.0,0.0,0.0,5.0,449.0,254.0,0.0,0.0,0.0,5.0,481.0,254.0,0.0,0.0,0.0,5.0,673.0,254.0,0.0,0.0,0.0,5.0,705.0,254.0,0.0,0.0,0.0,5.0,737.0,254.0,0.0,0.0,0.0,5.0,929.0,254.0,0.0,0.0,0.0,4.0,1342177544.0,1342177800.0,1342178056.0,1342178312.0,8.0,1342243080.0,1342243336.0,1342243592.0,1342243848.0,1342244104.0,1342244360.0,1342244616.0,1342244872.0,4.0,1342308624.0,1342308880.0,1342309136.0,1342309392.0,4.0,1342374160.0,1342374416.0,1342374672.0,1342374928.0,4.0,1342375184.0,1342375440.0,1342375696.0,1342375952.0,4.0,1342376208.0,1342376464.0,1342376720.0,1342376976.0,8.0,1342439688.0,1342439944.0,1342440200.0,1342440456.0,1342440712.0,1342440968.0,1342441224.0,1342441480.0,4.0,0.0,0.0,0.0,0.0,8.0,17.0,17.0,17.0,17.0,17.0,17.0,17.0,1.0,16.0,100.0,100.0,100.0,100.0,100.0,100.0,100.0,100.0,100.0,100.0,100.0,100.0,100.0,100.0,100.0,100.0,2.0,45.0,45.0,1.0,0.0,4.0,80.0,245.0,1.0,0.0,8.0,0.0,252.0,168.0,168.0,170.0,2.0,85.0,122.0,5.0,144.0,1842.0,3.0,6.0,1.0,12.0,0.0,0.0,0.0,0.0,0.0,0.0,0.0,0.0,0.0,0.0,0.0,0.0,8.0,44.0,0.0,0.0,0.0,0.0,0.0,0.0,0.0,2.0,0.0,16.0,8.0,0.0,0.0,0.0,0.0,0.0,0.0,0.0,0.0,0.0,0.0,0.0,655761.0,0.0,340444200.0,34044204.0,2.02,129.0,0.0,2000.0,65.0,0.0,0.0,0.0,0.0,0.0,0.0,0.0,1.0,0.0,0.0,0.0,0.0,0.0,0.0,0.0,0.0,0.0,0.0,0.0,0.0,0.0,0.0,0.0,0.0,0.0,0.0,0.0,0.0,0.0,0.0,0.0,0.0,0.0,0.0,0.0,0.0,1.0,0.0,0.0,0.0,0.0,0.0,0.0,0.0,0.0,0.0,0.0,0.0,0.0,0.0,0.0,0.0,0.0,0.0,0.0,0.0,0.0,0.0,0.0,0.0,0.0,0.0,0.0,0.0,0.0,0.0,0.0,0.0,0.0,0.0,0.0,0.0,0.0,0.0,0.0,0.0,0.0,0.0,0.0,0.0,1.0,1.0,0.0,0.0,4500.0,0.0,0.0,0.0,0.0,0.0,0.0,
861,0.0,0.0,0.0,0.0,0.0,0.0,3.0,1.0,1.0,1.0,3.0,1.0,1.0,1.0,4.0,1275.0,3408964.0,131072.0,0.0,2.0,1537.0,1409.0,5.0,513.0,255.0,0.0,0.0,0.0,5.0,769.0,255.0,0.0,0.0,0.0,5.0,1025.0,255.0,0.0,0.0,0.0,5.0,1281.0,254.0,0.0,0.0,0.0,2.0,1644167432.0,1644167688.0,4.0,1678835984.0,1678836240.0,1678836496.0,1678836752.0,4.0,1678837008.0,1678837264.0,1678837520.0,1678837776.0,1.0,537198856.0,5.0,417.0,254.0,0.0,0.0,0.0,5.0,449.0,254.0,0.0,0.0,0.0,5.0,481.0,254.0,0.0,0.0,0.0,5.0,673.0,254.0,0.0,0.0,0.0,5.0,705.0,254.0,0.0,0.0,0.0,5.0,737.0,254.0,0.0,0.0,0.0,5.0,929.0,254.0,0.0,0.0,0.0,4.0,1342177544.0,1342177800.0,1342178056.0,1342178312.0,8.0,1342243080.0,1342243336.0,1342243592.0,1342243848.0,1342244104.0,1342244360.0,1342244616.0,1342244872.0,4.0,1342308624.0,1342308880.0,1342309136.0,1342309392.0,4.0,1342374160.0,1342374416.0,1342374672.0,1342374928.0,4.0,1342375184.0,1342375440.0,1342375696.0,1342375952.0,4.0,1342376208.0,1342376464.0,1342376720.0,1342376976.0,8.0,1342439688.0,1342439944.0,1342440200.0,1342440456.0,1342440712.0,1342440968.0,1342441224.0,1342441480.0,4.0,0.0,0.0,0.0,0.0,8.0,17.0,17.0,17.0,17.0,17.0,17.0,17.0,1.0,16.0,100.0,100.0,100.0,100.0,100.0,100.0,100.0,100.0,100.0,100.0,100.0,100.0,100.0,100.0,100.0,100.0,2.0,45.0,45.0,1.0,0.0,4.0,80.0,245.0,1.0,0.0,8.0,0.0,252.0,168.0,168.0,170.0,2.0,85.0,122.0,5.0,145.0,1842.0,3.0,6.0,1.0,12.0,0.0,0.0,0.0,0.0,0.0,0.0,0.0,0.0,0.0,0.0,0.0,0.0,8.0,44.0,0.0,0.0,0.0,0.0,0.0,0.0,0.0,2.0,0.0,16.0,8.0,0.0,0.0,0.0,0.0,0.0,0.0,0.0,0.0,0.0,0.0,0.0,655761.0,0.0,340444200.0,34044204.0,2.02,129.0,0.0,2000.0,65.0,0.0,0.0,0.0,0.0,0.0,0.0,0.0,1.0,0.0,0.0,0.0,0.0,0.0,0.0,0.0,0.0,0.0,0.0,0.0,0.0,0.0,0.0,0.0,0.0,0.0,0.0,0.0,0.0,0.0,0.0,0.0,0.0,0.0,0.0,0.0,0.0,1.0,0.0,0.0,0.0,0.0,0.0,0.0,0.0,0.0,0.0,0.0,0.0,0.0,0.0,0.0,0.0,0.0,0.0,0.0,0.0,0.0,0.0,0.0,0.0,0.0,0.0,0.0,0.0,0.0,0.0,0.0,0.0,0.0,0.0,0.0,0.0,0.0,0.0,0.0,0.0,0.0,0.0,0.0,0.0,1.0,1.0,0.0,0.0,4500.0,0.0,0.0,0.0,0.0,0.0,0.0,
862,0.0,0.0,0.0,0.0,0.0,0.0,3.0,1.0,1.0,1.0,3.0,1.0,1.0,1.0,4.0,1275.0,3408964.0,131072.0,0.0,2.0,1537.0,1409.0,5.0,513.0,255.0,0.0,0.0,0.0,5.0,769.0,255.0,0.0,0.0,0.0,5.0,1025.0,255.0,0.0,0.0,0.0,5.0,1281.0,254.0,0.0,0.0,0.0,2.0,1644167432.0,1644167688.0,4.0,1678835984.0,1678836240.0,1678836496.0,1678836752.0,4.0,1678837008.0,1678837264.0,1678837520.0,1678837776.0,1.0,537198856.0,5.0,417.0,254.0,0.0,0.0,0.0,5.0,449.0,254.0,0.0,0.0,0.0,5.0,481.0,254.0,0.0,0.0,0.0,5.0,673.0,254.0,0.0,0.0,0.0,5.0,705.0,254.0,0.0,0.0,0.0,5.0,737.0,254.0,0.0,0.0,0.0,5.0,929.0,254.0,0.0,0.0,0.0,4.0,1342177544.0,1342177800.0,1342178056.0,1342178312.0,8.0,1342243080.0,1342243336.0,1342243592.0,1342243848.0,1342244104.0,1342244360.0,1342244616.0,1342244872.0,4.0,1342308624.0,1342308880.0,1342309136.0,1342309392.0,4.0,1342374160.0,1342374416.0,1342374672.0,1342374928.0,4.0,1342375184.0,1342375440.0,1342375696.0,1342375952.0,4.0,1342376208.0,1342376464.0,1342376720.0,1342376976.0,8.0,1342439688.0,1342439944.0,1342440200.0,1342440456.0,1342440712.0,1342440968.0,1342441224.0,1342441480.0,4.0,0.0,0.0,0.0,0.0,8.0,17.0,17.0,17.0,17.0,17.0,17.0,17.0,1.0,16.0,100.0,100.0,100.0,100.0,100.0,100.0,100.0,100.0,100.0,100.0,100.0,100.0,100.0,100.0,100.0,100.0,2.0,45.0,45.0,1.0,0.0,4.0,80.0,245.0,1.0,0.0,8.0,0.0,252.0,168.0,168.0,170.0,2.0,85.0,122.0,5.0,145.0,1842.0,3.0,6.0,1.0,12.0,0.0,0.0,0.0,0.0,0.0,0.0,0.0,0.0,0.0,0.0,0.0,0.0,8.0,44.0,0.0,0.0,0.0,0.0,0.0,0.0,0.0,2.0,0.0,16.0,8.0,0.0,0.0,0.0,0.0,0.0,0.0,0.0,0.0,0.0,0.0,0.0,655761.0,0.0,340444200.0,34044204.0,2.02,129.0,0.0,2000.0,65.0,0.0,0.0,0.0,0.0,0.0,0.0,0.0,1.0,0.0,0.0,0.0,0.0,0.0,0.0,0.0,0.0,0.0,0.0,0.0,0.0,0.0,0.0,0.0,0.0,0.0,0.0,0.0,0.0,0.0,0.0,0.0,0.0,0.0,0.0,0.0,0.0,1.0,0.0,0.0,0.0,0.0,0.0,0.0,0.0,0.0,0.0,0.0,0.0,0.0,0.0,0.0,0.0,0.0,0.0,0.0,0.0,0.0,0.0,0.0,0.0,0.0,0.0,0.0,0.0,0.0,0.0,0.0,0.0,0.0,0.0,0.0,0.0,0.0,0.0,0.0,0.0,0.0,0.0,0.0,0.0,1.0,1.0,0.0,0.0,4500.0,0.0,0.0,0.0,0.0,0.0,0.0,
865,0.0,0.0,0.0,0.0,0.0,0.0,3.0,1.0,1.0,1.0,3.0,1.0,1.0,1.0,4.0,1275.0,3408964.0,131072.0,0.0,2.0,1537.0,1409.0,5.0,513.0,255.0,0.0,0.0,0.0,5.0,769.0,255.0,0.0,0.0,0.0,5.0,1025.0,255.0,0.0,0.0,0.0,5.0,1281.0,254.0,0.0,0.0,0.0,2.0,1644167432.0,1644167688.0,4.0,1678835984.0,1678836240.0,1678836496.0,1678836752.0,4.0,1678837008.0,1678837264.0,1678837520.0,1678837776.0,1.0,537198856.0,5.0,417.0,254.0,0.0,0.0,0.0,5.0,449.0,254.0,0.0,0.0,0.0,5.0,481.0,254.0,0.0,0.0,0.0,5.0,673.0,254.0,0.0,0.0,0.0,5.0,705.0,254.0,0.0,0.0,0.0,5.0,737.0,254.0,0.0,0.0,0.0,5.0,929.0,254.0,0.0,0.0,0.0,4.0,1342177544.0,1342177800.0,1342178056.0,1342178312.0,8.0,1342243080.0,1342243336.0,1342243592.0,1342243848.0,1342244104.0,1342244360.0,1342244616.0,1342244872.0,4.0,1342308624.0,1342308880.0,1342309136.0,1342309392.0,4.0,1342374160.0,1342374416.0,1342374672.0,1342374928.0,4.0,1342375184.0,1342375440.0,1342375696.0,1342375952.0,4.0,1342376208.0,1342376464.0,1342376720.0,1342376976.0,8.0,1342439688.0,1342439944.0,1342440200.0,1342440456.0,1342440712.0,1342440968.0,1342441224.0,1342441480.0,4.0,0.0,0.0,0.0,0.0,8.0,17.0,17.0,17.0,17.0,17.0,17.0,17.0,1.0,16.0,100.0,100.0,100.0,100.0,100.0,100.0,100.0,100.0,100.0,100.0,100.0,100.0,100.0,100.0,100.0,100.0,2.0,45.0,45.0,1.0,0.0,4.0,80.0,245.0,1.0,0.0,8.0,0.0,252.0,168.0,168.0,170.0,2.0,85.0,122.0,5.0,144.0,1842.0,3.0,6.0,1.0,12.0,0.0,0.0,0.0,0.0,0.0,0.0,0.0,0.0,0.0,0.0,0.0,0.0,8.0,44.0,0.0,0.0,0.0,0.0,0.0,0.0,0.0,2.0,0.0,0.0,8.0,0.0,0.0,0.0,0.0,0.0,0.0,0.0,0.0,0.0,0.0,0.0,655761.0,0.0,340444200.0,34044204.0,2.02,129.0,0.0,2000.0,65.0,0.0,0.0,0.0,0.0,0.0,0.0,0.0,1.0,0.0,0.0,0.0,0.0,0.0,0.0,0.0,0.0,0.0,0.0,0.0,0.0,0.0,0.0,0.0,0.0,0.0,0.0,0.0,0.0,0.0,0.0,0.0,0.0,0.0,0.0,0.0,0.0,0.0,0.0,0.0,0.0,0.0,0.0,0.0,0.0,0.0,0.0,0.0,0.0,0.0,0.0,0.0,0.0,0.0,0.0,0.0,0.0,0.0,0.0,0.0,0.0,0.0,0.0,0.0,0.0,0.0,0.0,0.0,0.0,0.0,0.0,0.0,0.0,0.0,0.0,0.0,0.0,0.0,0.0,0.0,0.0,1.0,1.0,0.0,0.0,4500.0,0.0,0.0,0.0,0.0,0.0,0.0,
867,0.0,0.0,0.0,0.0,0.0,0.0,3.0,1.0,1.0,1.0,3.0,1.0,1.0,1.0,4.0,1275.0,3408964.0,131072.0,0.0,2.0,1537.0,1409.0,5.0,513.0,255.0,0.0,0.0,0.0,5.0,769.0,255.0,0.0,0.0,0.0,5.0,1025.0,255.0,0.0,0.0,0.0,5.0,1281.0,254.0,0.0,0.0,0.0,2.0,1644167432.0,1644167688.0,4.0,1678835984.0,1678836240.0,1678836496.0,1678836752.0,4.0,1678837008.0,1678837264.0,1678837520.0,1678837776.0,1.0,537198856.0,5.0,417.0,254.0,0.0,0.0,0.0,5.0,449.0,254.0,0.0,0.0,0.0,5.0,481.0,254.0,0.0,0.0,0.0,5.0,673.0,254.0,0.0,0.0,0.0,5.0,705.0,254.0,0.0,0.0,0.0,5.0,737.0,254.0,0.0,0.0,0.0,5.0,929.0,254.0,0.0,0.0,0.0,4.0,1342177544.0,1342177800.0,1342178056.0,1342178312.0,8.0,1342243080.0,1342243336.0,1342243592.0,1342243848.0,1342244104.0,1342244360.0,1342244616.0,1342244872.0,4.0,1342308624.0,1342308880.0,1342309136.0,1342309392.0,4.0,1342374160.0,1342374416.0,1342374672.0,1342374928.0,4.0,1342375184.0,1342375440.0,1342375696.0,1342375952.0,4.0,1342376208.0,1342376464.0,1342376720.0,1342376976.0,8.0,1342439688.0,1342439944.0,1342440200.0,1342440456.0,1342440712.0,1342440968.0,1342441224.0,1342441480.0,4.0,0.0,0.0,0.0,0.0,8.0,17.0,17.0,17.0,17.0,17.0,17.0,17.0,1.0,16.0,100.0,100.0,100.0,100.0,100.0,100.0,100.0,100.0,100.0,100.0,100.0,100.0,100.0,100.0,100.0,100.0,2.0,45.0,45.0,1.0,0.0,4.0,80.0,245.0,1.0,0.0,8.0,0.0,252.0,168.0,168.0,170.0,2.0,85.0,122.0,5.0,144.0,1842.0,3.0,6.0,1.0,12.0,0.0,0.0,0.0,0.0,0.0,0.0,0.0,0.0,0.0,0.0,0.0,0.0,8.0,44.0,0.0,0.0,0.0,0.0,0.0,0.0,0.0,2.0,0.0,0.0,8.0,0.0,0.0,0.0,0.0,0.0,0.0,0.0,0.0,0.0,0.0,0.0,655761.0,0.0,340444200.0,34044204.0,2.02,129.0,0.0,2000.0,65.0,0.0,0.0,0.0,0.0,0.0,0.0,0.0,1.0,0.0,0.0,0.0,0.0,0.0,0.0,0.0,0.0,0.0,0.0,0.0,0.0,0.0,0.0,0.0,0.0,0.0,0.0,0.0,0.0,0.0,0.0,0.0,0.0,0.0,0.0,0.0,0.0,0.0,0.0,0.0,0.0,0.0,0.0,0.0,0.0,0.0,0.0,0.0,0.0,0.0,0.0,0.0,0.0,0.0,0.0,0.0,0.0,0.0,0.0,0.0,0.0,0.0,0.0,0.0,0.0,0.0,0.0,0.0,0.0,0.0,0.0,0.0,0.0,0.0,0.0,0.0,0.0,0.0,0.0,0.0,0.0,1.0,1.0,0.0,0.0,0.0,0.0,0.0,0.0,0.0,0.0,0.0,
875,0.0,0.0,0.0,0.0,0.0,0.0,3.0,1.0,1.0,1.0,3.0,1.0,1.0,1.0,4.0,1275.0,3408964.0,131072.0,0.0,2.0,1537.0,1409.0,5.0,513.0,255.0,0.0,0.0,0.0,5.0,769.0,255.0,0.0,0.0,0.0,5.0,1025.0,255.0,0.0,0.0,0.0,5.0,1281.0,254.0,0.0,0.0,0.0,2.0,1644167432.0,1644167688.0,4.0,1678835984.0,1678836240.0,1678836496.0,1678836752.0,4.0,1678837008.0,1678837264.0,1678837520.0,1678837776.0,1.0,537198856.0,5.0,417.0,254.0,0.0,0.0,0.0,5.0,449.0,254.0,0.0,0.0,0.0,5.0,481.0,254.0,0.0,0.0,0.0,5.0,673.0,254.0,0.0,0.0,0.0,5.0,705.0,254.0,0.0,0.0,0.0,5.0,737.0,254.0,0.0,0.0,0.0,5.0,929.0,254.0,0.0,0.0,0.0,4.0,1342177544.0,1342177800.0,1342178056.0,1342178312.0,8.0,1342243080.0,1342243336.0,1342243592.0,1342243848.0,1342244104.0,1342244360.0,1342244616.0,1342244872.0,4.0,1342308624.0,1342308880.0,1342309136.0,1342309392.0,4.0,1342374160.0,1342374416.0,1342374672.0,1342374928.0,4.0,1342375184.0,1342375440.0,1342375696.0,1342375952.0,4.0,1342376208.0,1342376464.0,1342376720.0,1342376976.0,8.0,1342439688.0,1342439944.0,1342440200.0,1342440456.0,1342440712.0,1342440968.0,1342441224.0,1342441480.0,4.0,0.0,0.0,0.0,0.0,8.0,17.0,17.0,17.0,17.0,17.0,17.0,17.0,1.0,16.0,100.0,100.0,100.0,100.0,100.0,100.0,100.0,100.0,100.0,100.0,100.0,100.0,100.0,100.0,100.0,100.0,2.0,45.0,45.0,1.0,64.0,4.0,80.0,245.0,1.0,0.0,8.0,0.0,252.0,168.0,168.0,170.0,6.0,85.0,122.0,5.0,144.0,1842.0,3.0,6.0,1.0,12.0,0.0,0.0,0.0,0.0,0.0,0.0,0.0,0.0,0.0,0.0,0.0,0.0,8.0,44.0,0.0,0.0,0.0,0.0,0.0,0.0,0.0,2.0,0.0,32.0,8.0,0.0,0.0,0.0,0.0,0.0,0.0,0.0,0.0,0.0,0.0,0.0,655761.0,0.0,340444200.0,34044204.0,2.02,129.0,0.0,2000.0,65.0,0.0,0.0,0.0,0.0,0.0,0.0,0.0,1.0,0.0,0.0,0.0,0.0,0.0,0.0,0.0,0.0,0.0,0.0,0.0,0.0,0.0,0.0,0.0,0.0,0.0,0.0,0.0,0.0,0.0,0.0,0.0,0.0,0.0,0.0,0.0,0.0,0.0,1.0,0.0,0.0,0.0,0.0,0.0,0.0,0.0,0.0,0.0,0.0,0.0,0.0,0.0,0.0,0.0,0.0,0.0,0.0,0.0,0.0,0.0,0.0,0.0,0.0,0.0,0.0,0.0,0.0,0.0,0.0,0.0,0.0,0.0,0.0,14.414,0.0,0.0,0.0,0.0,0.0,0.0,0.0,1.0,1.0,0.0,0.0,0.0,0.0,0.0,0.0,0.0,0.0,0.0,
876,0.0,0.0,0.0,0.0,0.0,0.0,3.0,1.0,1.0,1.0,3.0,1.0,1.0,1.0,4.0,1275.0,3408964.0,131072.0,0.0,2.0,1537.0,1409.0,5.0,513.0,255.0,0.0,0.0,0.0,5.0,769.0,255.0,0.0,0.0,0.0,5.0,1025.0,255.0,0.0,0.0,0.0,5.0,1281.0,254.0,0.0,0.0,0.0,2.0,1644167432.0,1644167688.0,4.0,1678835984.0,1678836240.0,1678836496.0,1678836752.0,4.0,1678837008.0,1678837264.0,1678837520.0,1678837776.0,1.0,537198856.0,5.0,417.0,254.0,0.0,0.0,0.0,5.0,449.0,254.0,0.0,0.0,0.0,5.0,481.0,254.0,0.0,0.0,0.0,5.0,673.0,254.0,0.0,0.0,0.0,5.0,705.0,254.0,0.0,0.0,0.0,5.0,737.0,254.0,0.0,0.0,0.0,5.0,929.0,254.0,0.0,0.0,0.0,4.0,1342177544.0,1342177800.0,1342178056.0,1342178312.0,8.0,1342243080.0,1342243336.0,1342243592.0,1342243848.0,1342244104.0,1342244360.0,1342244616.0,1342244872.0,4.0,1342308624.0,1342308880.0,1342309136.0,1342309392.0,4.0,1342374160.0,1342374416.0,1342374672.0,1342374928.0,4.0,1342375184.0,1342375440.0,1342375696.0,1342375952.0,4.0,1342376208.0,1342376464.0,1342376720.0,1342376976.0,8.0,1342439688.0,1342439944.0,1342440200.0,1342440456.0,1342440712.0,1342440968.0,1342441224.0,1342441480.0,4.0,0.0,0.0,0.0,0.0,8.0,17.0,17.0,17.0,17.0,17.0,17.0,17.0,1.0,16.0,100.0,100.0,100.0,100.0,100.0,100.0,100.0,100.0,100.0,100.0,100.0,100.0,100.0,100.0,100.0,100.0,2.0,45.0,45.0,1.0,64.0,4.0,80.0,245.0,1.0,0.0,8.0,0.0,252.0,168.0,168.0,170.0,6.0,85.0,122.0,5.0,145.0,1842.0,3.0,6.0,1.0,12.0,0.0,0.0,0.0,0.0,0.0,0.0,0.0,0.0,0.0,0.0,0.0,0.0,8.0,44.0,0.0,0.0,0.0,0.0,0.0,0.0,0.0,2.0,0.0,32.0,8.0,0.0,0.0,0.0,0.0,0.0,0.0,0.0,0.0,0.0,0.0,0.0,655761.0,0.0,340444200.0,34044204.0,2.02,129.0,0.0,2000.0,65.0,0.0,0.0,0.0,0.0,0.0,0.0,0.0,1.0,0.0,0.0,0.0,0.0,0.0,0.0,0.0,0.0,0.0,0.0,0.0,0.0,0.0,0.0,0.0,0.0,0.0,0.0,0.0,0.0,0.0,0.0,0.0,0.0,0.0,0.0,0.0,0.0,0.0,1.0,0.0,0.0,0.0,0.0,0.0,0.0,0.0,0.0,0.0,0.0,0.0,0.0,0.0,0.0,0.0,0.0,0.0,0.0,0.0,0.0,0.0,0.0,0.0,0.0,0.0,0.0,0.0,0.0,0.0,0.0,0.0,0.0,0.0,0.0,14.414,0.0,0.0,0.0,0.0,0.0,0.0,0.0,1.0,1.0,0.0,0.0,0.0,0.0,0.0,0.0,0.0,0.0,0.0,
877,0.0,0.0,0.0,0.0,0.0,0.0,3.0,1.0,1.0,1.0,3.0,1.0,1.0,1.0,4.0,1275.0,3408964.0,131072.0,0.0,2.0,1537.0,1409.0,5.0,513.0,255.0,0.0,0.0,0.0,5.0,769.0,255.0,0.0,0.0,0.0,5.0,1025.0,255.0,0.0,0.0,0.0,5.0,1281.0,254.0,0.0,0.0,0.0,2.0,1644167432.0,1644167688.0,4.0,1678835984.0,1678836240.0,1678836496.0,1678836752.0,4.0,1678837008.0,1678837264.0,1678837520.0,1678837776.0,1.0,537198856.0,5.0,417.0,254.0,0.0,0.0,0.0,5.0,449.0,254.0,0.0,0.0,0.0,5.0,481.0,254.0,0.0,0.0,0.0,5.0,673.0,254.0,0.0,0.0,0.0,5.0,705.0,254.0,0.0,0.0,0.0,5.0,737.0,254.0,0.0,0.0,0.0,5.0,929.0,254.0,0.0,0.0,0.0,4.0,1342177544.0,1342177800.0,1342178056.0,1342178312.0,8.0,1342243080.0,1342243336.0,1342243592.0,1342243848.0,1342244104.0,1342244360.0,1342244616.0,1342244872.0,4.0,1342308624.0,1342308880.0,1342309136.0,1342309392.0,4.0,1342374160.0,1342374416.0,1342374672.0,1342374928.0,4.0,1342375184.0,1342375440.0,1342375696.0,1342375952.0,4.0,1342376208.0,1342376464.0,1342376720.0,1342376976.0,8.0,1342439688.0,1342439944.0,1342440200.0,1342440456.0,1342440712.0,1342440968.0,1342441224.0,1342441480.0,4.0,0.0,0.0,0.0,0.0,8.0,17.0,17.0,17.0,17.0,17.0,17.0,17.0,1.0,16.0,100.0,100.0,100.0,100.0,100.0,100.0,100.0,100.0,100.0,100.0,100.0,100.0,100.0,100.0,100.0,100.0,2.0,45.0,45.0,1.0,64.0,4.0,80.0,245.0,1.0,0.0,8.0,0.0,252.0,168.0,168.0,170.0,6.0,85.0,122.0,5.0,145.0,1842.0,3.0,6.0,1.0,12.0,0.0,0.0,0.0,0.0,0.0,0.0,0.0,0.0,0.0,0.0,0.0,0.0,8.0,44.0,0.0,0.0,0.0,0.0,0.0,0.0,0.0,2.0,0.0,32.0,8.0,0.0,0.0,0.0,0.0,0.0,0.0,0.0,0.0,0.0,0.0,0.0,655761.0,0.0,340444200.0,34044204.0,2.02,129.0,0.0,2000.0,65.0,0.0,0.0,0.0,0.0,0.0,0.0,0.0,1.0,0.0,0.0,0.0,0.0,0.0,0.0,0.0,0.0,0.0,0.0,0.0,0.0,0.0,0.0,0.0,0.0,0.0,0.0,0.0,0.0,0.0,0.0,0.0,0.0,0.0,0.0,0.0,0.0,0.0,1.0,0.0,0.0,0.0,0.0,0.0,0.0,0.0,0.0,0.0,0.0,0.0,0.0,0.0,0.0,0.0,0.0,0.0,0.0,0.0,0.0,0.0,0.0,0.0,0.0,0.0,0.0,0.0,0.0,0.0,0.0,0.0,0.0,0.0,0.0,14.414,0.0,0.0,0.0,0.0,0.0,0.0,0.0,1.0,1.0,0.0,0.0,0.0,0.0,0.0,0.0,0.0,0.0,0.0,
882,0.0,0.0,0.0,0.0,0.0,0.0,3.0,1.0,1.0,1.0,3.0,1.0,1.0,1.0,4.0,1275.0,3408964.0,131072.0,0.0,2.0,1537.0,1409.0,5.0,513.0,255.0,0.0,0.0,0.0,5.0,769.0,255.0,0.0,0.0,0.0,5.0,1025.0,255.0,0.0,0.0,0.0,5.0,1281.0,254.0,0.0,0.0,0.0,2.0,1644167432.0,1644167688.0,4.0,1678835984.0,1678836240.0,1678836496.0,1678836752.0,4.0,1678837008.0,1678837264.0,1678837520.0,1678837776.0,1.0,537198856.0,5.0,417.0,254.0,0.0,0.0,0.0,5.0,449.0,254.0,0.0,0.0,0.0,5.0,481.0,254.0,0.0,0.0,0.0,5.0,673.0,254.0,0.0,0.0,0.0,5.0,705.0,254.0,0.0,0.0,0.0,5.0,737.0,254.0,0.0,0.0,0.0,5.0,929.0,254.0,0.0,0.0,0.0,4.0,1342177544.0,1342177800.0,1342178056.0,1342178312.0,8.0,1342243080.0,1342243336.0,1342243592.0,1342243848.0,1342244104.0,1342244360.0,1342244616.0,1342244872.0,4.0,1342308624.0,1342308880.0,1342309136.0,1342309392.0,4.0,1342374160.0,1342374416.0,1342374672.0,1342374928.0,4.0,1342375184.0,1342375440.0,1342375696.0,1342375952.0,4.0,1342376208.0,1342376464.0,1342376720.0,1342376976.0,8.0,1342439688.0,1342439944.0,1342440200.0,1342440456.0,1342440712.0,1342440968.0,1342441224.0,1342441480.0,4.0,0.0,0.0,0.0,0.0,8.0,17.0,17.0,17.0,17.0,17.0,17.0,17.0,1.0,16.0,100.0,100.0,100.0,100.0,100.0,100.0,100.0,100.0,100.0,100.0,100.0,100.0,100.0,100.0,100.0,100.0,2.0,45.0,45.0,1.0,64.0,4.0,80.0,245.0,1.0,0.0,8.0,0.0,252.0,168.0,168.0,170.0,6.0,85.0,122.0,5.0,144.0,1842.0,3.0,6.0,1.0,12.0,0.0,0.0,0.0,0.0,0.0,0.0,485.0,0.0,0.0,0.0,0.0,0.0,8.0,44.0,0.0,0.0,0.0,0.0,0.0,0.0,0.0,2.0,0.0,32.0,8.0,0.0,0.0,0.0,0.0,0.0,0.0,0.0,0.0,0.0,0.0,0.0,655761.0,0.0,340444200.0,34044204.0,2.02,129.0,0.0,2000.0,65.0,0.0,0.0,0.0,0.0,0.0,0.0,0.0,1.0,0.0,0.0,0.0,0.0,0.0,0.0,0.0,0.0,0.0,0.0,0.0,0.0,0.0,0.0,0.0,0.0,0.0,0.0,0.0,0.0,0.0,0.0,0.0,0.0,0.0,0.0,0.0,0.0,0.0,1.0,0.0,0.0,0.0,0.0,0.0,0.0,0.0,0.0,0.0,0.0,0.0,0.0,0.0,0.0,0.0,0.0,0.0,0.0,0.0,0.0,0.0,0.0,0.0,0.0,0.0,0.0,0.0,0.0,0.0,0.0,0.0,0.0,0.0,0.0,13.72,0.499,0.0,0.0,0.0,0.0,0.0,0.0,1.0,1.0,0.0,0.0,500.0,0.0,0.0,0.0,0.0,0.0,0.0,
883,0.0,0.0,0.0,0.0,0.0,0.0,3.0,1.0,1.0,1.0,3.0,1.0,1.0,1.0,4.0,1275.0,3408964.0,131072.0,0.0,2.0,1537.0,1409.0,5.0,513.0,255.0,0.0,0.0,0.0,5.0,769.0,255.0,0.0,0.0,0.0,5.0,1025.0,255.0,0.0,0.0,0.0,5.0,1281.0,254.0,0.0,0.0,0.0,2.0,1644167432.0,1644167688.0,4.0,1678835984.0,1678836240.0,1678836496.0,1678836752.0,4.0,1678837008.0,1678837264.0,1678837520.0,1678837776.0,1.0,537198856.0,5.0,417.0,254.0,0.0,0.0,0.0,5.0,449.0,254.0,0.0,0.0,0.0,5.0,481.0,254.0,0.0,0.0,0.0,5.0,673.0,254.0,0.0,0.0,0.0,5.0,705.0,254.0,0.0,0.0,0.0,5.0,737.0,254.0,0.0,0.0,0.0,5.0,929.0,254.0,0.0,0.0,0.0,4.0,1342177544.0,1342177800.0,1342178056.0,1342178312.0,8.0,1342243080.0,1342243336.0,1342243592.0,1342243848.0,1342244104.0,1342244360.0,1342244616.0,1342244872.0,4.0,1342308624.0,1342308880.0,1342309136.0,1342309392.0,4.0,1342374160.0,1342374416.0,1342374672.0,1342374928.0,4.0,1342375184.0,1342375440.0,1342375696.0,1342375952.0,4.0,1342376208.0,1342376464.0,1342376720.0,1342376976.0,8.0,1342439688.0,1342439944.0,1342440200.0,1342440456.0,1342440712.0,1342440968.0,1342441224.0,1342441480.0,4.0,0.0,0.0,0.0,0.0,8.0,17.0,17.0,17.0,17.0,17.0,17.0,17.0,1.0,16.0,100.0,100.0,100.0,100.0,100.0,100.0,100.0,100.0,100.0,100.0,100.0,100.0,100.0,100.0,100.0,100.0,2.0,45.0,45.0,1.0,64.0,4.0,80.0,245.0,1.0,0.0,8.0,0.0,252.0,168.0,168.0,170.0,6.0,85.0,122.0,5.0,144.0,1842.0,3.0,6.0,1.0,12.0,0.0,0.0,0.0,0.0,0.0,0.0,485.0,0.0,0.0,0.0,0.0,0.0,8.0,44.0,0.0,0.0,0.0,0.0,0.0,0.0,0.0,2.0,0.0,32.0,8.0,0.0,0.0,0.0,0.0,0.0,0.0,0.0,0.0,0.0,0.0,0.0,655761.0,0.0,340444200.0,34044204.0,2.02,129.0,0.0,2000.0,65.0,0.0,0.0,0.0,0.0,0.0,0.0,0.0,1.0,0.0,0.0,0.0,0.0,0.0,0.0,0.0,0.0,0.0,0.0,0.0,0.0,0.0,0.0,0.0,0.0,0.0,0.0,0.0,0.0,0.0,0.0,0.0,0.0,0.0,0.0,0.0,0.0,0.0,1.0,0.0,0.0,0.0,0.0,0.0,0.0,0.0,0.0,0.0,0.0,0.0,0.0,0.0,0.0,0.0,0.0,0.0,0.0,0.0,0.0,0.0,0.0,0.0,0.0,0.0,0.0,0.0,0.0,0.0,0.0,0.0,0.0,0.0,0.0,13.72,0.499,0.0,0.0,0.0,0.0,0.0,0.0,1.0,1.0,0.0,0.0,500.0,0.0,0.0,0.0,0.0,0.0,0.0,
884,0.0,0.0,0.0,0.0,0.0,0.0,3.0,1.0,1.0,1.0,3.0,1.0,1.0,1.0,4.0,1275.0,3408964.0,131072.0,0.0,2.0,1537.0,1409.0,5.0,513.0,255.0,0.0,0.0,0.0,5.0,769.0,255.0,0.0,0.0,0.0,5.0,1025.0,255.0,0.0,0.0,0.0,5.0,1281.0,254.0,0.0,0.0,0.0,2.0,1644167432.0,1644167688.0,4.0,1678835984.0,1678836240.0,1678836496.0,1678836752.0,4.0,1678837008.0,1678837264.0,1678837520.0,1678837776.0,1.0,537198856.0,5.0,417.0,254.0,0.0,0.0,0.0,5.0,449.0,254.0,0.0,0.0,0.0,5.0,481.0,254.0,0.0,0.0,0.0,5.0,673.0,254.0,0.0,0.0,0.0,5.0,705.0,254.0,0.0,0.0,0.0,5.0,737.0,254.0,0.0,0.0,0.0,5.0,929.0,254.0,0.0,0.0,0.0,4.0,1342177544.0,1342177800.0,1342178056.0,1342178312.0,8.0,1342243080.0,1342243336.0,1342243592.0,1342243848.0,1342244104.0,1342244360.0,1342244616.0,1342244872.0,4.0,1342308624.0,1342308880.0,1342309136.0,1342309392.0,4.0,1342374160.0,1342374416.0,1342374672.0,1342374928.0,4.0,1342375184.0,1342375440.0,1342375696.0,1342375952.0,4.0,1342376208.0,1342376464.0,1342376720.0,1342376976.0,8.0,1342439688.0,1342439944.0,1342440200.0,1342440456.0,1342440712.0,1342440968.0,1342441224.0,1342441480.0,4.0,0.0,0.0,0.0,0.0,8.0,17.0,17.0,17.0,17.0,17.0,17.0,17.0,1.0,16.0,100.0,100.0,100.0,100.0,100.0,100.0,100.0,100.0,100.0,100.0,100.0,100.0,100.0,100.0,100.0,100.0,2.0,45.0,45.0,1.0,64.0,4.0,80.0,245.0,1.0,0.0,8.0,0.0,252.0,168.0,168.0,170.0,6.0,85.0,122.0,5.0,144.0,1842.0,3.0,6.0,1.0,12.0,0.0,0.0,0.0,0.0,0.0,0.0,485.0,0.0,0.0,0.0,0.0,0.0,8.0,44.0,0.0,0.0,0.0,0.0,0.0,0.0,0.0,2.0,0.0,32.0,8.0,0.0,0.0,0.0,0.0,0.0,0.0,0.0,0.0,0.0,0.0,0.0,655761.0,0.0,340444200.0,34044204.0,2.02,129.0,0.0,2000.0,65.0,0.0,0.0,0.0,0.0,0.0,0.0,0.0,1.0,0.0,0.0,0.0,0.0,0.0,0.0,0.0,0.0,0.0,0.0,0.0,0.0,0.0,0.0,0.0,0.0,0.0,0.0,0.0,0.0,0.0,0.0,0.0,0.0,0.0,0.0,0.0,0.0,0.0,1.0,0.0,0.0,0.0,0.0,0.0,0.0,0.0,0.0,0.0,0.0,0.0,0.0,0.0,0.0,0.0,0.0,0.0,0.0,0.0,0.0,0.0,0.0,0.0,0.0,0.0,0.0,0.0,0.0,0.0,0.0,0.0,0.0,0.0,0.0,13.72,0.499,0.0,0.0,0.0,0.0,0.0,0.0,1.0,1.0,0.0,0.0,500.0,0.0,0.0,0.0,0.0,0.0,0.0,
889,0.0,0.0,0.0,0.0,0.0,0.0,3.0,1.0,1.0,1.0,3.0,1.0,1.0,1.0,4.0,1275.0,3408964.0,131072.0,0.0,2.0,1537.0,1409.0,5.0,513.0,255.0,0.0,0.0,0.0,5.0,769.0,255.0,0.0,0.0,0.0,5.0,1025.0,255.0,0.0,0.0,0.0,5.0,1281.0,254.0,0.0,0.0,0.0,2.0,1644167432.0,1644167688.0,4.0,1678835984.0,1678836240.0,1678836496.0,1678836752.0,4.0,1678837008.0,1678837264.0,1678837520.0,1678837776.0,1.0,537198856.0,5.0,417.0,254.0,0.0,0.0,0.0,5.0,449.0,254.0,0.0,0.0,0.0,5.0,481.0,254.0,0.0,0.0,0.0,5.0,673.0,254.0,0.0,0.0,0.0,5.0,705.0,254.0,0.0,0.0,0.0,5.0,737.0,254.0,0.0,0.0,0.0,5.0,929.0,254.0,0.0,0.0,0.0,4.0,1342177544.0,1342177800.0,1342178056.0,1342178312.0,8.0,1342243080.0,1342243336.0,1342243592.0,1342243848.0,1342244104.0,1342244360.0,1342244616.0,1342244872.0,4.0,1342308624.0,1342308880.0,1342309136.0,1342309392.0,4.0,1342374160.0,1342374416.0,1342374672.0,1342374928.0,4.0,1342375184.0,1342375440.0,1342375696.0,1342375952.0,4.0,1342376208.0,1342376464.0,1342376720.0,1342376976.0,8.0,1342439688.0,1342439944.0,1342440200.0,1342440456.0,1342440712.0,1342440968.0,1342441224.0,1342441480.0,4.0,0.0,0.0,0.0,0.0,8.0,17.0,17.0,17.0,17.0,17.0,17.0,17.0,1.0,16.0,100.0,100.0,100.0,100.0,100.0,100.0,100.0,100.0,100.0,100.0,100.0,100.0,100.0,100.0,100.0,100.0,2.0,45.0,45.0,1.0,64.0,4.0,80.0,245.0,1.0,0.0,8.0,0.0,252.0,168.0,168.0,170.0,6.0,85.0,122.0,5.0,144.0,1842.0,3.0,6.0,1.0,12.0,0.0,0.0,0.0,0.0,0.0,0.0,1007.0,0.0,0.0,0.0,0.0,0.0,8.0,44.0,0.0,0.0,0.0,0.0,0.0,0.0,0.0,2.0,0.0,32.0,8.0,0.0,0.0,0.0,0.0,0.0,0.0,0.0,0.0,0.0,0.0,0.0,655761.0,0.0,340444200.0,34044204.0,2.02,129.0,0.0,2000.0,65.0,0.0,0.0,0.0,0.0,0.0,0.0,0.0,1.0,0.0,0.0,0.0,0.0,0.0,0.0,0.0,0.0,0.0,0.0,0.0,0.0,0.0,0.0,0.0,0.0,0.0,0.0,0.0,0.0,0.0,0.0,0.0,0.0,0.0,0.0,0.0,0.0,0.0,1.0,0.0,0.0,0.0,0.0,0.0,0.0,0.0,0.0,0.0,0.0,0.0,0.0,0.0,0.0,0.0,0.0,0.0,0.0,0.0,0.0,0.0,0.0,0.0,0.0,0.0,0.0,0.0,0.0,0.0,0.0,0.0,0.0,0.0,0.0,13.052,0.999,0.0,0.0,0.0,0.0,0.0,0.0,1.0,1.0,0.0,0.0,1000.0,0.0,0.0,0.0,0.0,0.0,0.0,
890,0.0,0.0,0.0,0.0,0.0,0.0,3.0,1.0,1.0,1.0,3.0,1.0,1.0,1.0,4.0,1275.0,3408964.0,131072.0,0.0,2.0,1537.0,1409.0,5.0,513.0,255.0,0.0,0.0,0.0,5.0,769.0,255.0,0.0,0.0,0.0,5.0,1025.0,255.0,0.0,0.0,0.0,5.0,1281.0,254.0,0.0,0.0,0.0,2.0,1644167432.0,1644167688.0,4.0,1678835984.0,1678836240.0,1678836496.0,1678836752.0,4.0,1678837008.0,1678837264.0,1678837520.0,1678837776.0,1.0,537198856.0,5.0,417.0,254.0,0.0,0.0,0.0,5.0,449.0,254.0,0.0,0.0,0.0,5.0,481.0,254.0,0.0,0.0,0.0,5.0,673.0,254.0,0.0,0.0,0.0,5.0,705.0,254.0,0.0,0.0,0.0,5.0,737.0,254.0,0.0,0.0,0.0,5.0,929.0,254.0,0.0,0.0,0.0,4.0,1342177544.0,1342177800.0,1342178056.0,1342178312.0,8.0,1342243080.0,1342243336.0,1342243592.0,1342243848.0,1342244104.0,1342244360.0,1342244616.0,1342244872.0,4.0,1342308624.0,1342308880.0,1342309136.0,1342309392.0,4.0,1342374160.0,1342374416.0,1342374672.0,1342374928.0,4.0,1342375184.0,1342375440.0,1342375696.0,1342375952.0,4.0,1342376208.0,1342376464.0,1342376720.0,1342376976.0,8.0,1342439688.0,1342439944.0,1342440200.0,1342440456.0,1342440712.0,1342440968.0,1342441224.0,1342441480.0,4.0,0.0,0.0,0.0,0.0,8.0,17.0,17.0,17.0,17.0,17.0,17.0,17.0,1.0,16.0,100.0,100.0,100.0,100.0,100.0,100.0,100.0,100.0,100.0,100.0,100.0,100.0,100.0,100.0,100.0,100.0,2.0,45.0,45.0,1.0,64.0,4.0,80.0,245.0,1.0,0.0,8.0,0.0,252.0,168.0,168.0,170.0,6.0,85.0,122.0,5.0,144.0,1842.0,3.0,6.0,1.0,12.0,0.0,0.0,0.0,0.0,0.0,0.0,1003.0,0.0,0.0,0.0,0.0,0.0,8.0,44.0,0.0,0.0,0.0,0.0,0.0,0.0,0.0,2.0,0.0,32.0,8.0,0.0,0.0,0.0,0.0,0.0,0.0,0.0,0.0,0.0,0.0,0.0,655761.0,0.0,340444200.0,34044204.0,2.02,129.0,0.0,2000.0,65.0,0.0,0.0,0.0,0.0,0.0,0.0,0.0,1.0,0.0,0.0,0.0,0.0,0.0,0.0,0.0,0.0,0.0,0.0,0.0,0.0,0.0,0.0,0.0,0.0,0.0,0.0,0.0,0.0,0.0,0.0,0.0,0.0,0.0,0.0,0.0,0.0,0.0,1.0,0.0,0.0,0.0,0.0,0.0,0.0,0.0,0.0,0.0,0.0,0.0,0.0,0.0,0.0,0.0,0.0,0.0,0.0,0.0,0.0,0.0,0.0,0.0,0.0,0.0,0.0,0.0,0.0,0.0,0.0,0.0,0.0,0.0,0.0,13.051,0.999,0.0,0.0,0.0,0.0,0.0,0.0,1.0,1.0,0.0,0.0,1000.0,0.0,0.0,0.0,0.0,0.0,0.0,
891,0.0,0.0,0.0,0.0,0.0,0.0,3.0,1.0,1.0,1.0,3.0,1.0,1.0,1.0,4.0,1275.0,3408964.0,131072.0,0.0,2.0,1537.0,1409.0,5.0,513.0,255.0,0.0,0.0,0.0,5.0,769.0,255.0,0.0,0.0,0.0,5.0,1025.0,255.0,0.0,0.0,0.0,5.0,1281.0,254.0,0.0,0.0,0.0,2.0,1644167432.0,1644167688.0,4.0,1678835984.0,1678836240.0,1678836496.0,1678836752.0,4.0,1678837008.0,1678837264.0,1678837520.0,1678837776.0,1.0,537198856.0,5.0,417.0,254.0,0.0,0.0,0.0,5.0,449.0,254.0,0.0,0.0,0.0,5.0,481.0,254.0,0.0,0.0,0.0,5.0,673.0,254.0,0.0,0.0,0.0,5.0,705.0,254.0,0.0,0.0,0.0,5.0,737.0,254.0,0.0,0.0,0.0,5.0,929.0,254.0,0.0,0.0,0.0,4.0,1342177544.0,1342177800.0,1342178056.0,1342178312.0,8.0,1342243080.0,1342243336.0,1342243592.0,1342243848.0,1342244104.0,1342244360.0,1342244616.0,1342244872.0,4.0,1342308624.0,1342308880.0,1342309136.0,1342309392.0,4.0,1342374160.0,1342374416.0,1342374672.0,1342374928.0,4.0,1342375184.0,1342375440.0,1342375696.0,1342375952.0,4.0,1342376208.0,1342376464.0,1342376720.0,1342376976.0,8.0,1342439688.0,1342439944.0,1342440200.0,1342440456.0,1342440712.0,1342440968.0,1342441224.0,1342441480.0,4.0,0.0,0.0,0.0,0.0,8.0,17.0,17.0,17.0,17.0,17.0,17.0,17.0,1.0,16.0,100.0,100.0,100.0,100.0,100.0,100.0,100.0,100.0,100.0,100.0,100.0,100.0,100.0,100.0,100.0,100.0,2.0,45.0,45.0,1.0,64.0,4.0,80.0,245.0,1.0,0.0,8.0,0.0,252.0,168.0,168.0,170.0,6.0,85.0,122.0,5.0,144.0,1842.0,3.0,6.0,1.0,12.0,0.0,0.0,0.0,0.0,0.0,0.0,1003.0,0.0,0.0,0.0,0.0,0.0,8.0,44.0,0.0,0.0,0.0,0.0,0.0,0.0,0.0,2.0,0.0,32.0,8.0,0.0,0.0,0.0,0.0,0.0,0.0,0.0,0.0,0.0,0.0,0.0,655761.0,0.0,340444200.0,34044204.0,2.02,129.0,0.0,2000.0,65.0,0.0,0.0,0.0,0.0,0.0,0.0,0.0,1.0,0.0,0.0,0.0,0.0,0.0,0.0,0.0,0.0,0.0,0.0,0.0,0.0,0.0,0.0,0.0,0.0,0.0,0.0,0.0,0.0,0.0,0.0,0.0,0.0,0.0,0.0,0.0,0.0,0.0,1.0,0.0,0.0,0.0,0.0,0.0,0.0,0.0,0.0,0.0,0.0,0.0,0.0,0.0,0.0,0.0,0.0,0.0,0.0,0.0,0.0,0.0,0.0,0.0,0.0,0.0,0.0,0.0,0.0,0.0,0.0,0.0,0.0,0.0,0.0,13.052,0.999,0.0,0.0,0.0,0.0,0.0,0.0,1.0,1.0,0.0,0.0,1000.0,0.0,0.0,0.0,0.0,0.0,0.0,
896,0.0,0.0,0.0,0.0,0.0,0.0,3.0,1.0,1.0,1.0,3.0,1.0,1.0,1.0,4.0,1275.0,3408964.0,131072.0,0.0,2.0,1537.0,1409.0,5.0,513.0,255.0,0.0,0.0,0.0,5.0,769.0,255.0,0.0,0.0,0.0,5.0,1025.0,255.0,0.0,0.0,0.0,5.0,1281.0,254.0,0.0,0.0,0.0,2.0,1644167432.0,1644167688.0,4.0,1678835984.0,1678836240.0,1678836496.0,1678836752.0,4.0,1678837008.0,1678837264.0,1678837520.0,1678837776.0,1.0,537198856.0,5.0,417.0,254.0,0.0,0.0,0.0,5.0,449.0,254.0,0.0,0.0,0.0,5.0,481.0,254.0,0.0,0.0,0.0,5.0,673.0,254.0,0.0,0.0,0.0,5.0,705.0,254.0,0.0,0.0,0.0,5.0,737.0,254.0,0.0,0.0,0.0,5.0,929.0,254.0,0.0,0.0,0.0,4.0,1342177544.0,1342177800.0,1342178056.0,1342178312.0,8.0,1342243080.0,1342243336.0,1342243592.0,1342243848.0,1342244104.0,1342244360.0,1342244616.0,1342244872.0,4.0,1342308624.0,1342308880.0,1342309136.0,1342309392.0,4.0,1342374160.0,1342374416.0,1342374672.0,1342374928.0,4.0,1342375184.0,1342375440.0,1342375696.0,1342375952.0,4.0,1342376208.0,1342376464.0,1342376720.0,1342376976.0,8.0,1342439688.0,1342439944.0,1342440200.0,1342440456.0,1342440712.0,1342440968.0,1342441224.0,1342441480.0,4.0,0.0,0.0,0.0,0.0,8.0,17.0,17.0,17.0,17.0,17.0,17.0,17.0,1.0,16.0,100.0,100.0,100.0,100.0,100.0,100.0,100.0,100.0,100.0,100.0,100.0,100.0,100.0,100.0,100.0,100.0,2.0,45.0,45.0,1.0,64.0,4.0,80.0,245.0,1.0,0.0,8.0,0.0,252.0,168.0,168.0,170.0,6.0,85.0,122.0,5.0,144.0,1842.0,3.0,6.0,1.0,12.0,0.0,0.0,0.0,0.0,0.0,0.0,1525.0,0.0,0.0,0.0,0.0,0.0,8.0,44.0,0.0,0.0,0.0,0.0,0.0,0.0,0.0,2.0,0.0,32.0,8.0,0.0,0.0,0.0,0.0,0.0,0.0,0.0,0.0,0.0,0.0,0.0,655761.0,0.0,340444200.0,34044204.0,2.02,129.0,0.0,2000.0,65.0,0.0,0.0,0.0,0.0,0.0,0.0,0.0,1.0,0.0,0.0,0.0,0.0,0.0,0.0,0.0,0.0,0.0,0.0,0.0,0.0,0.0,0.0,0.0,0.0,0.0,0.0,0.0,0.0,0.0,0.0,0.0,0.0,0.0,0.0,0.0,0.0,0.0,1.0,0.0,0.0,0.0,0.0,0.0,0.0,0.0,0.0,0.0,0.0,0.0,0.0,0.0,0.0,0.0,0.0,0.0,0.0,0.0,0.0,0.0,0.0,0.0,0.0,0.0,0.0,0.0,0.0,0.0,0.0,0.0,0.0,0.0,0.0,12.372,1.499,0.0,0.0,0.0,0.0,0.0,0.0,1.0,1.0,0.0,0.0,1500.0,0.0,0.0,0.0,0.0,0.0,0.0,
897,0.0,0.0,0.0,0.0,0.0,0.0,3.0,1.0,1.0,1.0,3.0,1.0,1.0,1.0,4.0,1275.0,3408964.0,131072.0,0.0,2.0,1537.0,1409.0,5.0,513.0,255.0,0.0,0.0,0.0,5.0,769.0,255.0,0.0,0.0,0.0,5.0,1025.0,255.0,0.0,0.0,0.0,5.0,1281.0,254.0,0.0,0.0,0.0,2.0,1644167432.0,1644167688.0,4.0,1678835984.0,1678836240.0,1678836496.0,1678836752.0,4.0,1678837008.0,1678837264.0,1678837520.0,1678837776.0,1.0,537198856.0,5.0,417.0,254.0,0.0,0.0,0.0,5.0,449.0,254.0,0.0,0.0,0.0,5.0,481.0,254.0,0.0,0.0,0.0,5.0,673.0,254.0,0.0,0.0,0.0,5.0,705.0,254.0,0.0,0.0,0.0,5.0,737.0,254.0,0.0,0.0,0.0,5.0,929.0,254.0,0.0,0.0,0.0,4.0,1342177544.0,1342177800.0,1342178056.0,1342178312.0,8.0,1342243080.0,1342243336.0,1342243592.0,1342243848.0,1342244104.0,1342244360.0,1342244616.0,1342244872.0,4.0,1342308624.0,1342308880.0,1342309136.0,1342309392.0,4.0,1342374160.0,1342374416.0,1342374672.0,1342374928.0,4.0,1342375184.0,1342375440.0,1342375696.0,1342375952.0,4.0,1342376208.0,1342376464.0,1342376720.0,1342376976.0,8.0,1342439688.0,1342439944.0,1342440200.0,1342440456.0,1342440712.0,1342440968.0,1342441224.0,1342441480.0,4.0,0.0,0.0,0.0,0.0,8.0,17.0,17.0,17.0,17.0,17.0,17.0,17.0,1.0,16.0,100.0,100.0,100.0,100.0,100.0,100.0,100.0,100.0,100.0,100.0,100.0,100.0,100.0,100.0,100.0,100.0,2.0,45.0,45.0,1.0,64.0,4.0,80.0,245.0,1.0,0.0,8.0,0.0,252.0,168.0,168.0,170.0,6.0,85.0,122.0,5.0,144.0,1842.0,3.0,6.0,1.0,12.0,0.0,0.0,0.0,0.0,0.0,0.0,1525.0,0.0,0.0,0.0,0.0,0.0,8.0,44.0,0.0,0.0,0.0,0.0,0.0,0.0,0.0,2.0,0.0,32.0,8.0,0.0,0.0,0.0,0.0,0.0,0.0,0.0,0.0,0.0,0.0,0.0,655761.0,0.0,340444200.0,34044204.0,2.02,129.0,0.0,2000.0,65.0,0.0,0.0,0.0,0.0,0.0,0.0,0.0,1.0,0.0,0.0,0.0,0.0,0.0,0.0,0.0,0.0,0.0,0.0,0.0,0.0,0.0,0.0,0.0,0.0,0.0,0.0,0.0,0.0,0.0,0.0,0.0,0.0,0.0,0.0,0.0,0.0,0.0,1.0,0.0,0.0,0.0,0.0,0.0,0.0,0.0,0.0,0.0,0.0,0.0,0.0,0.0,0.0,0.0,0.0,0.0,0.0,0.0,0.0,0.0,0.0,0.0,0.0,0.0,0.0,0.0,0.0,0.0,0.0,0.0,0.0,0.0,0.0,12.373,1.499,0.0,0.0,0.0,0.0,0.0,0.0,1.0,1.0,0.0,0.0,1500.0,0.0,0.0,0.0,0.0,0.0,0.0,
898,0.0,0.0,0.0,0.0,0.0,0.0,3.0,1.0,1.0,1.0,3.0,1.0,1.0,1.0,4.0,1275.0,3408964.0,131072.0,0.0,2.0,1537.0,1409.0,5.0,513.0,255.0,0.0,0.0,0.0,5.0,769.0,255.0,0.0,0.0,0.0,5.0,1025.0,255.0,0.0,0.0,0.0,5.0,1281.0,254.0,0.0,0.0,0.0,2.0,1644167432.0,1644167688.0,4.0,1678835984.0,1678836240.0,1678836496.0,1678836752.0,4.0,1678837008.0,1678837264.0,1678837520.0,1678837776.0,1.0,537198856.0,5.0,417.0,254.0,0.0,0.0,0.0,5.0,449.0,254.0,0.0,0.0,0.0,5.0,481.0,254.0,0.0,0.0,0.0,5.0,673.0,254.0,0.0,0.0,0.0,5.0,705.0,254.0,0.0,0.0,0.0,5.0,737.0,254.0,0.0,0.0,0.0,5.0,929.0,254.0,0.0,0.0,0.0,4.0,1342177544.0,1342177800.0,1342178056.0,1342178312.0,8.0,1342243080.0,1342243336.0,1342243592.0,1342243848.0,1342244104.0,1342244360.0,1342244616.0,1342244872.0,4.0,1342308624.0,1342308880.0,1342309136.0,1342309392.0,4.0,1342374160.0,1342374416.0,1342374672.0,1342374928.0,4.0,1342375184.0,1342375440.0,1342375696.0,1342375952.0,4.0,1342376208.0,1342376464.0,1342376720.0,1342376976.0,8.0,1342439688.0,1342439944.0,1342440200.0,1342440456.0,1342440712.0,1342440968.0,1342441224.0,1342441480.0,4.0,0.0,0.0,0.0,0.0,8.0,17.0,17.0,17.0,17.0,17.0,17.0,17.0,1.0,16.0,100.0,100.0,100.0,100.0,100.0,100.0,100.0,100.0,100.0,100.0,100.0,100.0,100.0,100.0,100.0,100.0,2.0,45.0,45.0,1.0,64.0,4.0,80.0,245.0,1.0,0.0,8.0,0.0,252.0,168.0,168.0,170.0,6.0,85.0,122.0,5.0,144.0,1842.0,3.0,6.0,1.0,12.0,0.0,0.0,0.0,0.0,0.0,0.0,1525.0,0.0,0.0,0.0,0.0,0.0,8.0,44.0,0.0,0.0,0.0,0.0,0.0,0.0,0.0,2.0,0.0,32.0,8.0,0.0,0.0,0.0,0.0,0.0,0.0,0.0,0.0,0.0,0.0,0.0,655761.0,0.0,340444200.0,34044204.0,2.02,129.0,0.0,2000.0,65.0,0.0,0.0,0.0,0.0,0.0,0.0,0.0,1.0,0.0,0.0,0.0,0.0,0.0,0.0,0.0,0.0,0.0,0.0,0.0,0.0,0.0,0.0,0.0,0.0,0.0,0.0,0.0,0.0,0.0,0.0,0.0,0.0,0.0,0.0,0.0,0.0,0.0,1.0,0.0,0.0,0.0,0.0,0.0,0.0,0.0,0.0,0.0,0.0,0.0,0.0,0.0,0.0,0.0,0.0,0.0,0.0,0.0,0.0,0.0,0.0,0.0,0.0,0.0,0.0,0.0,0.0,0.0,0.0,0.0,0.0,0.0,0.0,12.373,1.499,0.0,0.0,0.0,0.0,0.0,0.0,1.0,1.0,0.0,0.0,1500.0,0.0,0.0,0.0,0.0,0.0,0.0,
903,0.0,0.0,0.0,0.0,0.0,0.0,3.0,1.0,1.0,1.0,3.0,1.0,1.0,1.0,4.0,1275.0,3408964.0,131072.0,0.0,2.0,1537.0,1409.0,5.0,513.0,255.0,0.0,0.0,0.0,5.0,769.0,255.0,0.0,0.0,0.0,5.0,1025.0,255.0,0.0,0.0,0.0,5.0,1281.0,254.0,0.0,0.0,0.0,2.0,1644167432.0,1644167688.0,4.0,1678835984.0,1678836240.0,1678836496.0,1678836752.0,4.0,1678837008.0,1678837264.0,1678837520.0,1678837776.0,1.0,537198856.0,5.0,417.0,254.0,0.0,0.0,0.0,5.0,449.0,254.0,0.0,0.0,0.0,5.0,481.0,254.0,0.0,0.0,0.0,5.0,673.0,254.0,0.0,0.0,0.0,5.0,705.0,254.0,0.0,0.0,0.0,5.0,737.0,254.0,0.0,0.0,0.0,5.0,929.0,254.0,0.0,0.0,0.0,4.0,1342177544.0,1342177800.0,1342178056.0,1342178312.0,8.0,1342243080.0,1342243336.0,1342243592.0,1342243848.0,1342244104.0,1342244360.0,1342244616.0,1342244872.0,4.0,1342308624.0,1342308880.0,1342309136.0,1342309392.0,4.0,1342374160.0,1342374416.0,1342374672.0,1342374928.0,4.0,1342375184.0,1342375440.0,1342375696.0,1342375952.0,4.0,1342376208.0,1342376464.0,1342376720.0,1342376976.0,8.0,1342439688.0,1342439944.0,1342440200.0,1342440456.0,1342440712.0,1342440968.0,1342441224.0,1342441480.0,4.0,0.0,0.0,0.0,0.0,8.0,17.0,17.0,17.0,17.0,17.0,17.0,17.0,1.0,16.0,100.0,100.0,100.0,100.0,100.0,100.0,100.0,100.0,100.0,100.0,100.0,100.0,100.0,100.0,100.0,100.0,2.0,45.0,45.0,1.0,64.0,4.0,80.0,245.0,1.0,0.0,8.0,0.0,252.0,168.0,168.0,170.0,6.0,85.0,122.0,5.0,143.0,1842.0,3.0,6.0,1.0,12.0,0.0,0.0,0.0,0.0,0.0,0.0,2046.0,0.0,0.0,0.0,0.0,0.0,8.0,44.0,0.0,0.0,0.0,0.0,0.0,0.0,0.0,2.0,0.0,32.0,8.0,0.0,0.0,0.0,0.0,0.0,0.0,0.0,0.0,0.0,0.0,0.0,655761.0,0.0,340444200.0,34044204.0,2.02,129.0,0.0,2000.0,65.0,0.0,0.0,0.0,0.0,0.0,0.0,0.0,1.0,0.0,0.0,0.0,0.0,0.0,0.0,0.0,0.0,0.0,0.0,0.0,0.0,0.0,0.0,0.0,0.0,0.0,0.0,0.0,0.0,0.0,0.0,0.0,0.0,0.0,0.0,0.0,0.0,0.0,1.0,0.0,0.0,0.0,0.0,0.0,0.0,0.0,0.0,0.0,0.0,0.0,0.0,0.0,0.0,0.0,0.0,0.0,0.0,0.0,0.0,0.0,0.0,0.0,0.0,0.0,0.0,0.0,0.0,0.0,0.0,0.0,0.0,0.0,0.0,11.678,1.999,0.0,0.0,0.0,0.0,0.0,0.0,1.0,1.0,0.0,0.0,2000.0,0.0,0.0,0.0,0.0,0.0,0.0,
904,0.0,0.0,0.0,0.0,0.0,0.0,3.0,1.0,1.0,1.0,3.0,1.0,1.0,1.0,4.0,1275.0,3408964.0,131072.0,0.0,2.0,1537.0,1409.0,5.0,513.0,255.0,0.0,0.0,0.0,5.0,769.0,255.0,0.0,0.0,0.0,5.0,1025.0,255.0,0.0,0.0,0.0,5.0,1281.0,254.0,0.0,0.0,0.0,2.0,1644167432.0,1644167688.0,4.0,1678835984.0,1678836240.0,1678836496.0,1678836752.0,4.0,1678837008.0,1678837264.0,1678837520.0,1678837776.0,1.0,537198856.0,5.0,417.0,254.0,0.0,0.0,0.0,5.0,449.0,254.0,0.0,0.0,0.0,5.0,481.0,254.0,0.0,0.0,0.0,5.0,673.0,254.0,0.0,0.0,0.0,5.0,705.0,254.0,0.0,0.0,0.0,5.0,737.0,254.0,0.0,0.0,0.0,5.0,929.0,254.0,0.0,0.0,0.0,4.0,1342177544.0,1342177800.0,1342178056.0,1342178312.0,8.0,1342243080.0,1342243336.0,1342243592.0,1342243848.0,1342244104.0,1342244360.0,1342244616.0,1342244872.0,4.0,1342308624.0,1342308880.0,1342309136.0,1342309392.0,4.0,1342374160.0,1342374416.0,1342374672.0,1342374928.0,4.0,1342375184.0,1342375440.0,1342375696.0,1342375952.0,4.0,1342376208.0,1342376464.0,1342376720.0,1342376976.0,8.0,1342439688.0,1342439944.0,1342440200.0,1342440456.0,1342440712.0,1342440968.0,1342441224.0,1342441480.0,4.0,0.0,0.0,0.0,0.0,8.0,17.0,17.0,17.0,17.0,17.0,17.0,17.0,1.0,16.0,100.0,100.0,100.0,100.0,100.0,100.0,100.0,100.0,100.0,100.0,100.0,100.0,100.0,100.0,100.0,100.0,2.0,45.0,45.0,1.0,64.0,4.0,80.0,245.0,1.0,0.0,8.0,0.0,252.0,168.0,168.0,170.0,6.0,85.0,122.0,5.0,144.0,1842.0,3.0,6.0,1.0,12.0,0.0,0.0,0.0,0.0,0.0,0.0,2046.0,0.0,0.0,0.0,0.0,0.0,8.0,44.0,0.0,0.0,0.0,0.0,0.0,0.0,0.0,2.0,0.0,32.0,8.0,0.0,0.0,0.0,0.0,0.0,0.0,0.0,0.0,0.0,0.0,0.0,655761.0,0.0,340444200.0,34044204.0,2.02,129.0,0.0,2000.0,65.0,0.0,0.0,0.0,0.0,0.0,0.0,0.0,1.0,0.0,0.0,0.0,0.0,0.0,0.0,0.0,0.0,0.0,0.0,0.0,0.0,0.0,0.0,0.0,0.0,0.0,0.0,0.0,0.0,0.0,0.0,0.0,0.0,0.0,0.0,0.0,0.0,0.0,1.0,0.0,0.0,0.0,0.0,0.0,0.0,0.0,0.0,0.0,0.0,0.0,0.0,0.0,0.0,0.0,0.0,0.0,0.0,0.0,0.0,0.0,0.0,0.0,0.0,0.0,0.0,0.0,0.0,0.0,0.0,0.0,0.0,0.0,0.0,11.676,1.999,0.0,0.0,0.0,0.0,0.0,0.0,1.0,1.0,0.0,0.0,2000.0,0.0,0.0,0.0,0.0,0.0,0.0,
905,0.0,0.0,0.0,0.0,0.0,0.0,3.0,1.0,1.0,1.0,3.0,1.0,1.0,1.0,4.0,1275.0,3408964.0,131072.0,0.0,2.0,1537.0,1409.0,5.0,513.0,255.0,0.0,0.0,0.0,5.0,769.0,255.0,0.0,0.0,0.0,5.0,1025.0,255.0,0.0,0.0,0.0,5.0,1281.0,254.0,0.0,0.0,0.0,2.0,1644167432.0,1644167688.0,4.0,1678835984.0,1678836240.0,1678836496.0,1678836752.0,4.0,1678837008.0,1678837264.0,1678837520.0,1678837776.0,1.0,537198856.0,5.0,417.0,254.0,0.0,0.0,0.0,5.0,449.0,254.0,0.0,0.0,0.0,5.0,481.0,254.0,0.0,0.0,0.0,5.0,673.0,254.0,0.0,0.0,0.0,5.0,705.0,254.0,0.0,0.0,0.0,5.0,737.0,254.0,0.0,0.0,0.0,5.0,929.0,254.0,0.0,0.0,0.0,4.0,1342177544.0,1342177800.0,1342178056.0,1342178312.0,8.0,1342243080.0,1342243336.0,1342243592.0,1342243848.0,1342244104.0,1342244360.0,1342244616.0,1342244872.0,4.0,1342308624.0,1342308880.0,1342309136.0,1342309392.0,4.0,1342374160.0,1342374416.0,1342374672.0,1342374928.0,4.0,1342375184.0,1342375440.0,1342375696.0,1342375952.0,4.0,1342376208.0,1342376464.0,1342376720.0,1342376976.0,8.0,1342439688.0,1342439944.0,1342440200.0,1342440456.0,1342440712.0,1342440968.0,1342441224.0,1342441480.0,4.0,0.0,0.0,0.0,0.0,8.0,17.0,17.0,17.0,17.0,17.0,17.0,17.0,1.0,16.0,100.0,100.0,100.0,100.0,100.0,100.0,100.0,100.0,100.0,100.0,100.0,100.0,100.0,100.0,100.0,100.0,2.0,45.0,45.0,1.0,64.0,4.0,80.0,245.0,1.0,0.0,8.0,0.0,252.0,168.0,168.0,170.0,6.0,85.0,122.0,5.0,144.0,1842.0,3.0,6.0,1.0,12.0,0.0,0.0,0.0,0.0,0.0,0.0,2046.0,0.0,0.0,0.0,0.0,0.0,8.0,44.0,0.0,0.0,0.0,0.0,0.0,0.0,0.0,2.0,0.0,32.0,8.0,0.0,0.0,0.0,0.0,0.0,0.0,0.0,0.0,0.0,0.0,0.0,655761.0,0.0,340444200.0,34044204.0,2.02,129.0,0.0,2000.0,65.0,0.0,0.0,0.0,0.0,0.0,0.0,0.0,1.0,0.0,0.0,0.0,0.0,0.0,0.0,0.0,0.0,0.0,0.0,0.0,0.0,0.0,0.0,0.0,0.0,0.0,0.0,0.0,0.0,0.0,0.0,0.0,0.0,0.0,0.0,0.0,0.0,0.0,1.0,0.0,0.0,0.0,0.0,0.0,0.0,0.0,0.0,0.0,0.0,0.0,0.0,0.0,0.0,0.0,0.0,0.0,0.0,0.0,0.0,0.0,0.0,0.0,0.0,0.0,0.0,0.0,0.0,0.0,0.0,0.0,0.0,0.0,0.0,11.678,1.999,0.0,0.0,0.0,0.0,0.0,0.0,1.0,1.0,0.0,0.0,2000.0,0.0,0.0,0.0,0.0,0.0,0.0,
910,0.0,0.0,0.0,0.0,0.0,0.0,3.0,1.0,1.0,1.0,3.0,1.0,1.0,1.0,4.0,1275.0,3408964.0,131072.0,0.0,2.0,1537.0,1409.0,5.0,513.0,255.0,0.0,0.0,0.0,5.0,769.0,255.0,0.0,0.0,0.0,5.0,1025.0,255.0,0.0,0.0,0.0,5.0,1281.0,254.0,0.0,0.0,0.0,2.0,1644167432.0,1644167688.0,4.0,1678835984.0,1678836240.0,1678836496.0,1678836752.0,4.0,1678837008.0,1678837264.0,1678837520.0,1678837776.0,1.0,537198856.0,5.0,417.0,254.0,0.0,0.0,0.0,5.0,449.0,254.0,0.0,0.0,0.0,5.0,481.0,254.0,0.0,0.0,0.0,5.0,673.0,254.0,0.0,0.0,0.0,5.0,705.0,254.0,0.0,0.0,0.0,5.0,737.0,254.0,0.0,0.0,0.0,5.0,929.0,254.0,0.0,0.0,0.0,4.0,1342177544.0,1342177800.0,1342178056.0,1342178312.0,8.0,1342243080.0,1342243336.0,1342243592.0,1342243848.0,1342244104.0,1342244360.0,1342244616.0,1342244872.0,4.0,1342308624.0,1342308880.0,1342309136.0,1342309392.0,4.0,1342374160.0,1342374416.0,1342374672.0,1342374928.0,4.0,1342375184.0,1342375440.0,1342375696.0,1342375952.0,4.0,1342376208.0,1342376464.0,1342376720.0,1342376976.0,8.0,1342439688.0,1342439944.0,1342440200.0,1342440456.0,1342440712.0,1342440968.0,1342441224.0,1342441480.0,4.0,0.0,0.0,0.0,0.0,8.0,17.0,17.0,17.0,17.0,17.0,17.0,17.0,1.0,16.0,100.0,100.0,100.0,100.0,100.0,100.0,100.0,100.0,100.0,100.0,100.0,100.0,100.0,100.0,100.0,100.0,2.0,45.0,45.0,1.0,64.0,4.0,80.0,245.0,1.0,0.0,8.0,0.0,252.0,168.0,168.0,170.0,6.0,85.0,122.0,5.0,143.0,1842.0,3.0,6.0,1.0,12.0,0.0,0.0,0.0,0.0,0.0,0.0,2576.0,0.0,0.0,0.0,0.0,0.0,8.0,44.0,0.0,0.0,0.0,0.0,0.0,0.0,0.0,2.0,0.0,32.0,8.0,0.0,0.0,0.0,0.0,0.0,0.0,0.0,0.0,0.0,0.0,0.0,655761.0,0.0,340444200.0,34044204.0,2.02,129.0,0.0,2000.0,65.0,0.0,0.0,0.0,0.0,0.0,0.0,0.0,1.0,0.0,0.0,0.0,0.0,0.0,0.0,0.0,0.0,0.0,0.0,0.0,0.0,0.0,0.0,0.0,0.0,0.0,0.0,0.0,0.0,0.0,0.0,0.0,0.0,0.0,0.0,0.0,0.0,0.0,1.0,0.0,0.0,0.0,0.0,0.0,0.0,0.0,0.0,0.0,0.0,0.0,0.0,0.0,0.0,0.0,0.0,0.0,0.0,0.0,0.0,0.0,0.0,0.0,0.0,0.0,0.0,0.0,0.0,0.0,0.0,0.0,0.0,0.0,0.0,10.981,2.499,0.0,0.0,0.0,0.0,0.0,0.0,1.0,1.0,0.0,0.0,2500.0,0.0,0.0,0.0,0.0,0.0,0.0,
911,0.0,0.0,0.0,0.0,0.0,0.0,3.0,1.0,1.0,1.0,3.0,1.0,1.0,1.0,4.0,1275.0,3408964.0,131072.0,0.0,2.0,1537.0,1409.0,5.0,513.0,255.0,0.0,0.0,0.0,5.0,769.0,255.0,0.0,0.0,0.0,5.0,1025.0,255.0,0.0,0.0,0.0,5.0,1281.0,254.0,0.0,0.0,0.0,2.0,1644167432.0,1644167688.0,4.0,1678835984.0,1678836240.0,1678836496.0,1678836752.0,4.0,1678837008.0,1678837264.0,1678837520.0,1678837776.0,1.0,537198856.0,5.0,417.0,254.0,0.0,0.0,0.0,5.0,449.0,254.0,0.0,0.0,0.0,5.0,481.0,254.0,0.0,0.0,0.0,5.0,673.0,254.0,0.0,0.0,0.0,5.0,705.0,254.0,0.0,0.0,0.0,5.0,737.0,254.0,0.0,0.0,0.0,5.0,929.0,254.0,0.0,0.0,0.0,4.0,1342177544.0,1342177800.0,1342178056.0,1342178312.0,8.0,1342243080.0,1342243336.0,1342243592.0,1342243848.0,1342244104.0,1342244360.0,1342244616.0,1342244872.0,4.0,1342308624.0,1342308880.0,1342309136.0,1342309392.0,4.0,1342374160.0,1342374416.0,1342374672.0,1342374928.0,4.0,1342375184.0,1342375440.0,1342375696.0,1342375952.0,4.0,1342376208.0,1342376464.0,1342376720.0,1342376976.0,8.0,1342439688.0,1342439944.0,1342440200.0,1342440456.0,1342440712.0,1342440968.0,1342441224.0,1342441480.0,4.0,0.0,0.0,0.0,0.0,8.0,17.0,17.0,17.0,17.0,17.0,17.0,17.0,1.0,16.0,100.0,100.0,100.0,100.0,100.0,100.0,100.0,100.0,100.0,100.0,100.0,100.0,100.0,100.0,100.0,100.0,2.0,45.0,45.0,1.0,64.0,4.0,80.0,245.0,1.0,0.0,8.0,0.0,252.0,168.0,168.0,170.0,6.0,85.0,122.0,5.0,143.0,1842.0,3.0,6.0,1.0,12.0,0.0,0.0,0.0,0.0,0.0,0.0,2576.0,0.0,0.0,0.0,0.0,0.0,8.0,44.0,0.0,0.0,0.0,0.0,0.0,0.0,0.0,2.0,0.0,32.0,8.0,0.0,0.0,0.0,0.0,0.0,0.0,0.0,0.0,0.0,0.0,0.0,655761.0,0.0,340444200.0,34044204.0,2.02,129.0,0.0,2000.0,65.0,0.0,0.0,0.0,0.0,0.0,0.0,0.0,1.0,0.0,0.0,0.0,0.0,0.0,0.0,0.0,0.0,0.0,0.0,0.0,0.0,0.0,0.0,0.0,0.0,0.0,0.0,0.0,0.0,0.0,0.0,0.0,0.0,0.0,0.0,0.0,0.0,0.0,1.0,0.0,0.0,0.0,0.0,0.0,0.0,0.0,0.0,0.0,0.0,0.0,0.0,0.0,0.0,0.0,0.0,0.0,0.0,0.0,0.0,0.0,0.0,0.0,0.0,0.0,0.0,0.0,0.0,0.0,0.0,0.0,0.0,0.0,0.0,10.984,2.5,0.0,0.0,0.0,0.0,0.0,0.0,1.0,1.0,0.0,0.0,2500.0,0.0,0.0,0.0,0.0,0.0,0.0,
912,0.0,0.0,0.0,0.0,0.0,0.0,3.0,1.0,1.0,1.0,3.0,1.0,1.0,1.0,4.0,1275.0,3408964.0,131072.0,0.0,2.0,1537.0,1409.0,5.0,513.0,255.0,0.0,0.0,0.0,5.0,769.0,255.0,0.0,0.0,0.0,5.0,1025.0,255.0,0.0,0.0,0.0,5.0,1281.0,254.0,0.0,0.0,0.0,2.0,1644167432.0,1644167688.0,4.0,1678835984.0,1678836240.0,1678836496.0,1678836752.0,4.0,1678837008.0,1678837264.0,1678837520.0,1678837776.0,1.0,537198856.0,5.0,417.0,254.0,0.0,0.0,0.0,5.0,449.0,254.0,0.0,0.0,0.0,5.0,481.0,254.0,0.0,0.0,0.0,5.0,673.0,254.0,0.0,0.0,0.0,5.0,705.0,254.0,0.0,0.0,0.0,5.0,737.0,254.0,0.0,0.0,0.0,5.0,929.0,254.0,0.0,0.0,0.0,4.0,1342177544.0,1342177800.0,1342178056.0,1342178312.0,8.0,1342243080.0,1342243336.0,1342243592.0,1342243848.0,1342244104.0,1342244360.0,1342244616.0,1342244872.0,4.0,1342308624.0,1342308880.0,1342309136.0,1342309392.0,4.0,1342374160.0,1342374416.0,1342374672.0,1342374928.0,4.0,1342375184.0,1342375440.0,1342375696.0,1342375952.0,4.0,1342376208.0,1342376464.0,1342376720.0,1342376976.0,8.0,1342439688.0,1342439944.0,1342440200.0,1342440456.0,1342440712.0,1342440968.0,1342441224.0,1342441480.0,4.0,0.0,0.0,0.0,0.0,8.0,17.0,17.0,17.0,17.0,17.0,17.0,17.0,1.0,16.0,100.0,100.0,100.0,100.0,100.0,100.0,100.0,100.0,100.0,100.0,100.0,100.0,100.0,100.0,100.0,100.0,2.0,45.0,45.0,1.0,64.0,4.0,80.0,245.0,1.0,0.0,8.0,0.0,252.0,168.0,168.0,170.0,6.0,85.0,122.0,5.0,143.0,1842.0,3.0,6.0,1.0,12.0,0.0,0.0,0.0,0.0,0.0,0.0,2576.0,0.0,0.0,0.0,0.0,0.0,8.0,44.0,0.0,0.0,0.0,0.0,0.0,0.0,0.0,2.0,0.0,32.0,8.0,0.0,0.0,0.0,0.0,0.0,0.0,0.0,0.0,0.0,0.0,0.0,655761.0,0.0,340444200.0,34044204.0,2.02,129.0,0.0,2000.0,65.0,0.0,0.0,0.0,0.0,0.0,0.0,0.0,1.0,0.0,0.0,0.0,0.0,0.0,0.0,0.0,0.0,0.0,0.0,0.0,0.0,0.0,0.0,0.0,0.0,0.0,0.0,0.0,0.0,0.0,0.0,0.0,0.0,0.0,0.0,0.0,0.0,0.0,1.0,0.0,0.0,0.0,0.0,0.0,0.0,0.0,0.0,0.0,0.0,0.0,0.0,0.0,0.0,0.0,0.0,0.0,0.0,0.0,0.0,0.0,0.0,0.0,0.0,0.0,0.0,0.0,0.0,0.0,0.0,0.0,0.0,0.0,0.0,10.984,2.5,0.0,0.0,0.0,0.0,0.0,0.0,1.0,1.0,0.0,0.0,2500.0,0.0,0.0,0.0,0.0,0.0,0.0,
917,0.0,0.0,0.0,0.0,0.0,0.0,3.0,1.0,1.0,1.0,3.0,1.0,1.0,1.0,4.0,1275.0,3408964.0,131072.0,0.0,2.0,1537.0,1409.0,5.0,513.0,255.0,0.0,0.0,0.0,5.0,769.0,255.0,0.0,0.0,0.0,5.0,1025.0,255.0,0.0,0.0,0.0,5.0,1281.0,254.0,0.0,0.0,0.0,2.0,1644167432.0,1644167688.0,4.0,1678835984.0,1678836240.0,1678836496.0,1678836752.0,4.0,1678837008.0,1678837264.0,1678837520.0,1678837776.0,1.0,537198856.0,5.0,417.0,254.0,0.0,0.0,0.0,5.0,449.0,254.0,0.0,0.0,0.0,5.0,481.0,254.0,0.0,0.0,0.0,5.0,673.0,254.0,0.0,0.0,0.0,5.0,705.0,254.0,0.0,0.0,0.0,5.0,737.0,254.0,0.0,0.0,0.0,5.0,929.0,254.0,0.0,0.0,0.0,4.0,1342177544.0,1342177800.0,1342178056.0,1342178312.0,8.0,1342243080.0,1342243336.0,1342243592.0,1342243848.0,1342244104.0,1342244360.0,1342244616.0,1342244872.0,4.0,1342308624.0,1342308880.0,1342309136.0,1342309392.0,4.0,1342374160.0,1342374416.0,1342374672.0,1342374928.0,4.0,1342375184.0,1342375440.0,1342375696.0,1342375952.0,4.0,1342376208.0,1342376464.0,1342376720.0,1342376976.0,8.0,1342439688.0,1342439944.0,1342440200.0,1342440456.0,1342440712.0,1342440968.0,1342441224.0,1342441480.0,4.0,0.0,0.0,0.0,0.0,8.0,17.0,17.0,17.0,17.0,17.0,17.0,17.0,1.0,16.0,100.0,100.0,100.0,100.0,100.0,100.0,100.0,100.0,100.0,100.0,100.0,100.0,100.0,100.0,100.0,100.0,2.0,45.0,45.0,1.0,64.0,4.0,80.0,245.0,1.0,0.0,8.0,0.0,252.0,168.0,168.0,170.0,6.0,85.0,122.0,5.0,143.0,1842.0,3.0,6.0,1.0,12.0,0.0,0.0,0.0,0.0,0.0,0.0,3094.0,0.0,0.0,0.0,0.0,0.0,8.0,44.0,0.0,0.0,0.0,0.0,0.0,0.0,0.0,2.0,0.0,32.0,8.0,0.0,0.0,0.0,0.0,0.0,0.0,0.0,0.0,0.0,0.0,0.0,655761.0,0.0,340444200.0,34044204.0,2.02,129.0,0.0,2000.0,65.0,0.0,0.0,0.0,0.0,0.0,0.0,0.0,1.0,0.0,0.0,0.0,0.0,0.0,0.0,0.0,0.0,0.0,0.0,0.0,0.0,0.0,0.0,0.0,0.0,0.0,0.0,0.0,0.0,0.0,0.0,0.0,0.0,0.0,0.0,0.0,0.0,0.0,1.0,0.0,0.0,0.0,0.0,0.0,0.0,0.0,0.0,0.0,0.0,0.0,0.0,0.0,0.0,0.0,0.0,0.0,0.0,0.0,0.0,0.0,0.0,0.0,0.0,0.0,0.0,0.0,0.0,0.0,0.0,0.0,0.0,0.0,0.0,10.306,2.999,0.0,0.0,0.0,0.0,0.0,0.0,1.0,1.0,0.0,0.0,3000.0,0.0,0.0,0.0,0.0,0.0,0.0,
918,0.0,0.0,0.0,0.0,0.0,0.0,3.0,1.0,1.0,1.0,3.0,1.0,1.0,1.0,4.0,1275.0,3408964.0,131072.0,0.0,2.0,1537.0,1409.0,5.0,513.0,255.0,0.0,0.0,0.0,5.0,769.0,255.0,0.0,0.0,0.0,5.0,1025.0,255.0,0.0,0.0,0.0,5.0,1281.0,254.0,0.0,0.0,0.0,2.0,1644167432.0,1644167688.0,4.0,1678835984.0,1678836240.0,1678836496.0,1678836752.0,4.0,1678837008.0,1678837264.0,1678837520.0,1678837776.0,1.0,537198856.0,5.0,417.0,254.0,0.0,0.0,0.0,5.0,449.0,254.0,0.0,0.0,0.0,5.0,481.0,254.0,0.0,0.0,0.0,5.0,673.0,254.0,0.0,0.0,0.0,5.0,705.0,254.0,0.0,0.0,0.0,5.0,737.0,254.0,0.0,0.0,0.0,5.0,929.0,254.0,0.0,0.0,0.0,4.0,1342177544.0,1342177800.0,1342178056.0,1342178312.0,8.0,1342243080.0,1342243336.0,1342243592.0,1342243848.0,1342244104.0,1342244360.0,1342244616.0,1342244872.0,4.0,1342308624.0,1342308880.0,1342309136.0,1342309392.0,4.0,1342374160.0,1342374416.0,1342374672.0,1342374928.0,4.0,1342375184.0,1342375440.0,1342375696.0,1342375952.0,4.0,1342376208.0,1342376464.0,1342376720.0,1342376976.0,8.0,1342439688.0,1342439944.0,1342440200.0,1342440456.0,1342440712.0,1342440968.0,1342441224.0,1342441480.0,4.0,0.0,0.0,0.0,0.0,8.0,17.0,17.0,17.0,17.0,17.0,17.0,17.0,1.0,16.0,100.0,100.0,100.0,100.0,100.0,100.0,100.0,100.0,100.0,100.0,100.0,100.0,100.0,100.0,100.0,100.0,2.0,45.0,45.0,1.0,64.0,4.0,80.0,245.0,1.0,0.0,8.0,0.0,252.0,168.0,168.0,170.0,6.0,85.0,122.0,5.0,143.0,1842.0,3.0,6.0,1.0,12.0,0.0,0.0,0.0,0.0,0.0,0.0,3094.0,0.0,0.0,0.0,0.0,0.0,8.0,44.0,0.0,0.0,0.0,0.0,0.0,0.0,0.0,2.0,0.0,32.0,8.0,0.0,0.0,0.0,0.0,0.0,0.0,0.0,0.0,0.0,0.0,0.0,655761.0,0.0,340444200.0,34044204.0,2.02,129.0,0.0,2000.0,65.0,0.0,0.0,0.0,0.0,0.0,0.0,0.0,1.0,0.0,0.0,0.0,0.0,0.0,0.0,0.0,0.0,0.0,0.0,0.0,0.0,0.0,0.0,0.0,0.0,0.0,0.0,0.0,0.0,0.0,0.0,0.0,0.0,0.0,0.0,0.0,0.0,0.0,1.0,0.0,0.0,0.0,0.0,0.0,0.0,0.0,0.0,0.0,0.0,0.0,0.0,0.0,0.0,0.0,0.0,0.0,0.0,0.0,0.0,0.0,0.0,0.0,0.0,0.0,0.0,0.0,0.0,0.0,0.0,0.0,0.0,0.0,0.0,10.306,2.999,0.0,0.0,0.0,0.0,0.0,0.0,1.0,1.0,0.0,0.0,3000.0,0.0,0.0,0.0,0.0,0.0,0.0,
919,0.0,0.0,0.0,0.0,0.0,0.0,3.0,1.0,1.0,1.0,3.0,1.0,1.0,1.0,4.0,1275.0,3408964.0,131072.0,0.0,2.0,1537.0,1409.0,5.0,513.0,255.0,0.0,0.0,0.0,5.0,769.0,255.0,0.0,0.0,0.0,5.0,1025.0,255.0,0.0,0.0,0.0,5.0,1281.0,254.0,0.0,0.0,0.0,2.0,1644167432.0,1644167688.0,4.0,1678835984.0,1678836240.0,1678836496.0,1678836752.0,4.0,1678837008.0,1678837264.0,1678837520.0,1678837776.0,1.0,537198856.0,5.0,417.0,254.0,0.0,0.0,0.0,5.0,449.0,254.0,0.0,0.0,0.0,5.0,481.0,254.0,0.0,0.0,0.0,5.0,673.0,254.0,0.0,0.0,0.0,5.0,705.0,254.0,0.0,0.0,0.0,5.0,737.0,254.0,0.0,0.0,0.0,5.0,929.0,254.0,0.0,0.0,0.0,4.0,1342177544.0,1342177800.0,1342178056.0,1342178312.0,8.0,1342243080.0,1342243336.0,1342243592.0,1342243848.0,1342244104.0,1342244360.0,1342244616.0,1342244872.0,4.0,1342308624.0,1342308880.0,1342309136.0,1342309392.0,4.0,1342374160.0,1342374416.0,1342374672.0,1342374928.0,4.0,1342375184.0,1342375440.0,1342375696.0,1342375952.0,4.0,1342376208.0,1342376464.0,1342376720.0,1342376976.0,8.0,1342439688.0,1342439944.0,1342440200.0,1342440456.0,1342440712.0,1342440968.0,1342441224.0,1342441480.0,4.0,0.0,0.0,0.0,0.0,8.0,17.0,17.0,17.0,17.0,17.0,17.0,17.0,1.0,16.0,100.0,100.0,100.0,100.0,100.0,100.0,100.0,100.0,100.0,100.0,100.0,100.0,100.0,100.0,100.0,100.0,2.0,45.0,45.0,1.0,64.0,4.0,80.0,245.0,1.0,0.0,8.0,0.0,252.0,168.0,168.0,170.0,6.0,85.0,122.0,5.0,143.0,1842.0,3.0,6.0,1.0,12.0,0.0,0.0,0.0,0.0,0.0,0.0,3094.0,0.0,0.0,0.0,0.0,0.0,8.0,44.0,0.0,0.0,0.0,0.0,0.0,0.0,0.0,2.0,0.0,32.0,8.0,0.0,0.0,0.0,0.0,0.0,0.0,0.0,0.0,0.0,0.0,0.0,655761.0,0.0,340444200.0,34044204.0,2.02,129.0,0.0,2000.0,65.0,0.0,0.0,0.0,0.0,0.0,0.0,0.0,1.0,0.0,0.0,0.0,0.0,0.0,0.0,0.0,0.0,0.0,0.0,0.0,0.0,0.0,0.0,0.0,0.0,0.0,0.0,0.0,0.0,0.0,0.0,0.0,0.0,0.0,0.0,0.0,0.0,0.0,1.0,0.0,0.0,0.0,0.0,0.0,0.0,0.0,0.0,0.0,0.0,0.0,0.0,0.0,0.0,0.0,0.0,0.0,0.0,0.0,0.0,0.0,0.0,0.0,0.0,0.0,0.0,0.0,0.0,0.0,0.0,0.0,0.0,0.0,0.0,10.308,2.999,0.0,0.0,0.0,0.0,0.0,0.0,1.0,1.0,0.0,0.0,3000.0,0.0,0.0,0.0,0.0,0.0,0.0,
924,0.0,0.0,0.0,0.0,0.0,0.0,3.0,1.0,1.0,1.0,3.0,1.0,1.0,1.0,4.0,1275.0,3408964.0,131072.0,0.0,2.0,1537.0,1409.0,5.0,513.0,255.0,0.0,0.0,0.0,5.0,769.0,255.0,0.0,0.0,0.0,5.0,1025.0,255.0,0.0,0.0,0.0,5.0,1281.0,254.0,0.0,0.0,0.0,2.0,1644167432.0,1644167688.0,4.0,1678835984.0,1678836240.0,1678836496.0,1678836752.0,4.0,1678837008.0,1678837264.0,1678837520.0,1678837776.0,1.0,537198856.0,5.0,417.0,254.0,0.0,0.0,0.0,5.0,449.0,254.0,0.0,0.0,0.0,5.0,481.0,254.0,0.0,0.0,0.0,5.0,673.0,254.0,0.0,0.0,0.0,5.0,705.0,254.0,0.0,0.0,0.0,5.0,737.0,254.0,0.0,0.0,0.0,5.0,929.0,254.0,0.0,0.0,0.0,4.0,1342177544.0,1342177800.0,1342178056.0,1342178312.0,8.0,1342243080.0,1342243336.0,1342243592.0,1342243848.0,1342244104.0,1342244360.0,1342244616.0,1342244872.0,4.0,1342308624.0,1342308880.0,1342309136.0,1342309392.0,4.0,1342374160.0,1342374416.0,1342374672.0,1342374928.0,4.0,1342375184.0,1342375440.0,1342375696.0,1342375952.0,4.0,1342376208.0,1342376464.0,1342376720.0,1342376976.0,8.0,1342439688.0,1342439944.0,1342440200.0,1342440456.0,1342440712.0,1342440968.0,1342441224.0,1342441480.0,4.0,0.0,0.0,0.0,0.0,8.0,17.0,17.0,17.0,17.0,17.0,17.0,17.0,1.0,16.0,100.0,100.0,100.0,100.0,100.0,100.0,100.0,100.0,100.0,100.0,100.0,100.0,100.0,100.0,100.0,100.0,2.0,45.0,45.0,1.0,64.0,4.0,80.0,245.0,1.0,0.0,8.0,0.0,252.0,168.0,168.0,170.0,6.0,85.0,122.0,5.0,143.0,1842.0,3.0,6.0,1.0,12.0,0.0,0.0,0.0,0.0,0.0,0.0,3619.0,0.0,0.0,0.0,0.0,0.0,8.0,44.0,0.0,0.0,0.0,0.0,0.0,0.0,0.0,2.0,0.0,32.0,8.0,0.0,0.0,0.0,0.0,0.0,0.0,0.0,0.0,0.0,0.0,0.0,655761.0,0.0,340444200.0,34044204.0,2.02,129.0,0.0,2000.0,65.0,0.0,0.0,0.0,0.0,0.0,0.0,0.0,1.0,0.0,0.0,0.0,0.0,0.0,0.0,0.0,0.0,0.0,0.0,0.0,0.0,0.0,0.0,0.0,0.0,0.0,0.0,0.0,0.0,0.0,0.0,0.0,0.0,0.0,0.0,0.0,0.0,0.0,1.0,0.0,0.0,0.0,0.0,0.0,0.0,0.0,0.0,0.0,0.0,0.0,0.0,0.0,0.0,0.0,0.0,0.0,0.0,0.0,0.0,0.0,0.0,0.0,0.0,0.0,0.0,0.0,0.0,0.0,0.0,0.0,0.0,0.0,0.0,9.624,3.499,0.0,0.0,0.0,0.0,0.0,0.0,1.0,1.0,0.0,0.0,3500.0,0.0,0.0,0.0,0.0,0.0,0.0,
925,0.0,0.0,0.0,0.0,0.0,0.0,3.0,1.0,1.0,1.0,3.0,1.0,1.0,1.0,4.0,1275.0,3408964.0,131072.0,0.0,2.0,1537.0,1409.0,5.0,513.0,255.0,0.0,0.0,0.0,5.0,769.0,255.0,0.0,0.0,0.0,5.0,1025.0,255.0,0.0,0.0,0.0,5.0,1281.0,254.0,0.0,0.0,0.0,2.0,1644167432.0,1644167688.0,4.0,1678835984.0,1678836240.0,1678836496.0,1678836752.0,4.0,1678837008.0,1678837264.0,1678837520.0,1678837776.0,1.0,537198856.0,5.0,417.0,254.0,0.0,0.0,0.0,5.0,449.0,254.0,0.0,0.0,0.0,5.0,481.0,254.0,0.0,0.0,0.0,5.0,673.0,254.0,0.0,0.0,0.0,5.0,705.0,254.0,0.0,0.0,0.0,5.0,737.0,254.0,0.0,0.0,0.0,5.0,929.0,254.0,0.0,0.0,0.0,4.0,1342177544.0,1342177800.0,1342178056.0,1342178312.0,8.0,1342243080.0,1342243336.0,1342243592.0,1342243848.0,1342244104.0,1342244360.0,1342244616.0,1342244872.0,4.0,1342308624.0,1342308880.0,1342309136.0,1342309392.0,4.0,1342374160.0,1342374416.0,1342374672.0,1342374928.0,4.0,1342375184.0,1342375440.0,1342375696.0,1342375952.0,4.0,1342376208.0,1342376464.0,1342376720.0,1342376976.0,8.0,1342439688.0,1342439944.0,1342440200.0,1342440456.0,1342440712.0,1342440968.0,1342441224.0,1342441480.0,4.0,0.0,0.0,0.0,0.0,8.0,17.0,17.0,17.0,17.0,17.0,17.0,17.0,1.0,16.0,100.0,100.0,100.0,100.0,100.0,100.0,100.0,100.0,100.0,100.0,100.0,100.0,100.0,100.0,100.0,100.0,2.0,45.0,45.0,1.0,64.0,4.0,80.0,245.0,1.0,0.0,8.0,0.0,252.0,168.0,168.0,170.0,6.0,85.0,122.0,5.0,143.0,1842.0,3.0,6.0,1.0,12.0,0.0,0.0,0.0,0.0,0.0,0.0,3619.0,0.0,0.0,0.0,0.0,0.0,8.0,44.0,0.0,0.0,0.0,0.0,0.0,0.0,0.0,2.0,0.0,32.0,8.0,0.0,0.0,0.0,0.0,0.0,0.0,0.0,0.0,0.0,0.0,0.0,655761.0,0.0,340444200.0,34044204.0,2.02,129.0,0.0,2000.0,65.0,0.0,0.0,0.0,0.0,0.0,0.0,0.0,1.0,0.0,0.0,0.0,0.0,0.0,0.0,0.0,0.0,0.0,0.0,0.0,0.0,0.0,0.0,0.0,0.0,0.0,0.0,0.0,0.0,0.0,0.0,0.0,0.0,0.0,0.0,0.0,0.0,0.0,1.0,0.0,0.0,0.0,0.0,0.0,0.0,0.0,0.0,0.0,0.0,0.0,0.0,0.0,0.0,0.0,0.0,0.0,0.0,0.0,0.0,0.0,0.0,0.0,0.0,0.0,0.0,0.0,0.0,0.0,0.0,0.0,0.0,0.0,0.0,9.627,3.499,0.0,0.0,0.0,0.0,0.0,0.0,1.0,1.0,0.0,0.0,3500.0,0.0,0.0,0.0,0.0,0.0,0.0,
926,0.0,0.0,0.0,0.0,0.0,0.0,3.0,1.0,1.0,1.0,3.0,1.0,1.0,1.0,4.0,1275.0,3408964.0,131072.0,0.0,2.0,1537.0,1409.0,5.0,513.0,255.0,0.0,0.0,0.0,5.0,769.0,255.0,0.0,0.0,0.0,5.0,1025.0,255.0,0.0,0.0,0.0,5.0,1281.0,254.0,0.0,0.0,0.0,2.0,1644167432.0,1644167688.0,4.0,1678835984.0,1678836240.0,1678836496.0,1678836752.0,4.0,1678837008.0,1678837264.0,1678837520.0,1678837776.0,1.0,537198856.0,5.0,417.0,254.0,0.0,0.0,0.0,5.0,449.0,254.0,0.0,0.0,0.0,5.0,481.0,254.0,0.0,0.0,0.0,5.0,673.0,254.0,0.0,0.0,0.0,5.0,705.0,254.0,0.0,0.0,0.0,5.0,737.0,254.0,0.0,0.0,0.0,5.0,929.0,254.0,0.0,0.0,0.0,4.0,1342177544.0,1342177800.0,1342178056.0,1342178312.0,8.0,1342243080.0,1342243336.0,1342243592.0,1342243848.0,1342244104.0,1342244360.0,1342244616.0,1342244872.0,4.0,1342308624.0,1342308880.0,1342309136.0,1342309392.0,4.0,1342374160.0,1342374416.0,1342374672.0,1342374928.0,4.0,1342375184.0,1342375440.0,1342375696.0,1342375952.0,4.0,1342376208.0,1342376464.0,1342376720.0,1342376976.0,8.0,1342439688.0,1342439944.0,1342440200.0,1342440456.0,1342440712.0,1342440968.0,1342441224.0,1342441480.0,4.0,0.0,0.0,0.0,0.0,8.0,17.0,17.0,17.0,17.0,17.0,17.0,17.0,1.0,16.0,100.0,100.0,100.0,100.0,100.0,100.0,100.0,100.0,100.0,100.0,100.0,100.0,100.0,100.0,100.0,100.0,2.0,45.0,45.0,1.0,64.0,4.0,80.0,245.0,1.0,0.0,8.0,0.0,252.0,168.0,168.0,170.0,6.0,85.0,122.0,5.0,143.0,1842.0,3.0,6.0,1.0,12.0,0.0,0.0,0.0,0.0,0.0,0.0,3619.0,0.0,0.0,0.0,0.0,0.0,8.0,44.0,0.0,0.0,0.0,0.0,0.0,0.0,0.0,2.0,0.0,32.0,8.0,0.0,0.0,0.0,0.0,0.0,0.0,0.0,0.0,0.0,0.0,0.0,655761.0,0.0,340444200.0,34044204.0,2.02,129.0,0.0,2000.0,65.0,0.0,0.0,0.0,0.0,0.0,0.0,0.0,1.0,0.0,0.0,0.0,0.0,0.0,0.0,0.0,0.0,0.0,0.0,0.0,0.0,0.0,0.0,0.0,0.0,0.0,0.0,0.0,0.0,0.0,0.0,0.0,0.0,0.0,0.0,0.0,0.0,0.0,1.0,0.0,0.0,0.0,0.0,0.0,0.0,0.0,0.0,0.0,0.0,0.0,0.0,0.0,0.0,0.0,0.0,0.0,0.0,0.0,0.0,0.0,0.0,0.0,0.0,0.0,0.0,0.0,0.0,0.0,0.0,0.0,0.0,0.0,0.0,9.627,3.499,0.0,0.0,0.0,0.0,0.0,0.0,1.0,1.0,0.0,0.0,3500.0,0.0,0.0,0.0,0.0,0.0,0.0,
931,0.0,0.0,0.0,0.0,0.0,0.0,3.0,1.0,1.0,1.0,3.0,1.0,1.0,1.0,4.0,1275.0,3408964.0,131072.0,0.0,2.0,1537.0,1409.0,5.0,513.0,255.0,0.0,0.0,0.0,5.0,769.0,255.0,0.0,0.0,0.0,5.0,1025.0,255.0,0.0,0.0,0.0,5.0,1281.0,254.0,0.0,0.0,0.0,2.0,1644167432.0,1644167688.0,4.0,1678835984.0,1678836240.0,1678836496.0,1678836752.0,4.0,1678837008.0,1678837264.0,1678837520.0,1678837776.0,1.0,537198856.0,5.0,417.0,254.0,0.0,0.0,0.0,5.0,449.0,254.0,0.0,0.0,0.0,5.0,481.0,254.0,0.0,0.0,0.0,5.0,673.0,254.0,0.0,0.0,0.0,5.0,705.0,254.0,0.0,0.0,0.0,5.0,737.0,254.0,0.0,0.0,0.0,5.0,929.0,254.0,0.0,0.0,0.0,4.0,1342177544.0,1342177800.0,1342178056.0,1342178312.0,8.0,1342243080.0,1342243336.0,1342243592.0,1342243848.0,1342244104.0,1342244360.0,1342244616.0,1342244872.0,4.0,1342308624.0,1342308880.0,1342309136.0,1342309392.0,4.0,1342374160.0,1342374416.0,1342374672.0,1342374928.0,4.0,1342375184.0,1342375440.0,1342375696.0,1342375952.0,4.0,1342376208.0,1342376464.0,1342376720.0,1342376976.0,8.0,1342439688.0,1342439944.0,1342440200.0,1342440456.0,1342440712.0,1342440968.0,1342441224.0,1342441480.0,4.0,0.0,0.0,0.0,0.0,8.0,17.0,17.0,17.0,17.0,17.0,17.0,17.0,1.0,16.0,100.0,100.0,100.0,100.0,100.0,100.0,100.0,100.0,100.0,100.0,100.0,100.0,100.0,100.0,100.0,100.0,2.0,45.0,45.0,1.0,64.0,4.0,80.0,245.0,1.0,0.0,8.0,0.0,252.0,168.0,168.0,170.0,6.0,85.0,122.0,5.0,143.0,1842.0,3.0,6.0,1.0,12.0,0.0,0.0,0.0,0.0,0.0,0.0,4145.0,0.0,0.0,0.0,0.0,0.0,8.0,44.0,0.0,0.0,0.0,0.0,0.0,0.0,0.0,2.0,0.0,32.0,8.0,0.0,0.0,0.0,0.0,0.0,0.0,0.0,0.0,0.0,0.0,0.0,655761.0,0.0,340444200.0,34044204.0,2.02,129.0,0.0,2000.0,65.0,0.0,0.0,0.0,0.0,0.0,0.0,0.0,1.0,0.0,0.0,0.0,0.0,0.0,0.0,0.0,0.0,0.0,0.0,0.0,0.0,0.0,0.0,0.0,0.0,0.0,0.0,0.0,0.0,0.0,0.0,0.0,0.0,0.0,0.0,0.0,0.0,0.0,1.0,0.0,0.0,0.0,0.0,0.0,0.0,0.0,0.0,0.0,0.0,0.0,0.0,0.0,0.0,0.0,0.0,0.0,0.0,0.0,0.0,0.0,0.0,0.0,0.0,0.0,0.0,0.0,0.0,0.0,0.0,0.0,0.0,0.0,0.0,8.939,4.0,0.0,0.0,0.0,0.0,0.0,0.0,1.0,1.0,0.0,0.0,4000.0,0.0,0.0,0.0,0.0,0.0,0.0,
932,0.0,0.0,0.0,0.0,0.0,0.0,3.0,1.0,1.0,1.0,3.0,1.0,1.0,1.0,4.0,1275.0,3408964.0,131072.0,0.0,2.0,1537.0,1409.0,5.0,513.0,255.0,0.0,0.0,0.0,5.0,769.0,255.0,0.0,0.0,0.0,5.0,1025.0,255.0,0.0,0.0,0.0,5.0,1281.0,254.0,0.0,0.0,0.0,2.0,1644167432.0,1644167688.0,4.0,1678835984.0,1678836240.0,1678836496.0,1678836752.0,4.0,1678837008.0,1678837264.0,1678837520.0,1678837776.0,1.0,537198856.0,5.0,417.0,254.0,0.0,0.0,0.0,5.0,449.0,254.0,0.0,0.0,0.0,5.0,481.0,254.0,0.0,0.0,0.0,5.0,673.0,254.0,0.0,0.0,0.0,5.0,705.0,254.0,0.0,0.0,0.0,5.0,737.0,254.0,0.0,0.0,0.0,5.0,929.0,254.0,0.0,0.0,0.0,4.0,1342177544.0,1342177800.0,1342178056.0,1342178312.0,8.0,1342243080.0,1342243336.0,1342243592.0,1342243848.0,1342244104.0,1342244360.0,1342244616.0,1342244872.0,4.0,1342308624.0,1342308880.0,1342309136.0,1342309392.0,4.0,1342374160.0,1342374416.0,1342374672.0,1342374928.0,4.0,1342375184.0,1342375440.0,1342375696.0,1342375952.0,4.0,1342376208.0,1342376464.0,1342376720.0,1342376976.0,8.0,1342439688.0,1342439944.0,1342440200.0,1342440456.0,1342440712.0,1342440968.0,1342441224.0,1342441480.0,4.0,0.0,0.0,0.0,0.0,8.0,17.0,17.0,17.0,17.0,17.0,17.0,17.0,1.0,16.0,100.0,100.0,100.0,100.0,100.0,100.0,100.0,100.0,100.0,100.0,100.0,100.0,100.0,100.0,100.0,100.0,2.0,45.0,45.0,1.0,64.0,4.0,80.0,245.0,1.0,0.0,8.0,0.0,252.0,168.0,168.0,170.0,6.0,85.0,122.0,5.0,142.0,1842.0,3.0,6.0,1.0,12.0,0.0,0.0,0.0,0.0,0.0,0.0,4145.0,0.0,0.0,0.0,0.0,0.0,8.0,44.0,0.0,0.0,0.0,0.0,0.0,0.0,0.0,2.0,0.0,32.0,8.0,0.0,0.0,0.0,0.0,0.0,0.0,0.0,0.0,0.0,0.0,0.0,655761.0,0.0,340444200.0,34044204.0,2.02,129.0,0.0,2000.0,65.0,0.0,0.0,0.0,0.0,0.0,0.0,0.0,1.0,0.0,0.0,0.0,0.0,0.0,0.0,0.0,0.0,0.0,0.0,0.0,0.0,0.0,0.0,0.0,0.0,0.0,0.0,0.0,0.0,0.0,0.0,0.0,0.0,0.0,0.0,0.0,0.0,0.0,1.0,0.0,0.0,0.0,0.0,0.0,0.0,0.0,0.0,0.0,0.0,0.0,0.0,0.0,0.0,0.0,0.0,0.0,0.0,0.0,0.0,0.0,0.0,0.0,0.0,0.0,0.0,0.0,0.0,0.0,0.0,0.0,0.0,0.0,0.0,8.941,4.001,0.0,0.0,0.0,0.0,0.0,0.0,1.0,1.0,0.0,0.0,4000.0,0.0,0.0,0.0,0.0,0.0,0.0,
933,0.0,0.0,0.0,0.0,0.0,0.0,3.0,1.0,1.0,1.0,3.0,1.0,1.0,1.0,4.0,1275.0,3408964.0,131072.0,0.0,2.0,1537.0,1409.0,5.0,513.0,255.0,0.0,0.0,0.0,5.0,769.0,255.0,0.0,0.0,0.0,5.0,1025.0,255.0,0.0,0.0,0.0,5.0,1281.0,254.0,0.0,0.0,0.0,2.0,1644167432.0,1644167688.0,4.0,1678835984.0,1678836240.0,1678836496.0,1678836752.0,4.0,1678837008.0,1678837264.0,1678837520.0,1678837776.0,1.0,537198856.0,5.0,417.0,254.0,0.0,0.0,0.0,5.0,449.0,254.0,0.0,0.0,0.0,5.0,481.0,254.0,0.0,0.0,0.0,5.0,673.0,254.0,0.0,0.0,0.0,5.0,705.0,254.0,0.0,0.0,0.0,5.0,737.0,254.0,0.0,0.0,0.0,5.0,929.0,254.0,0.0,0.0,0.0,4.0,1342177544.0,1342177800.0,1342178056.0,1342178312.0,8.0,1342243080.0,1342243336.0,1342243592.0,1342243848.0,1342244104.0,1342244360.0,1342244616.0,1342244872.0,4.0,1342308624.0,1342308880.0,1342309136.0,1342309392.0,4.0,1342374160.0,1342374416.0,1342374672.0,1342374928.0,4.0,1342375184.0,1342375440.0,1342375696.0,1342375952.0,4.0,1342376208.0,1342376464.0,1342376720.0,1342376976.0,8.0,1342439688.0,1342439944.0,1342440200.0,1342440456.0,1342440712.0,1342440968.0,1342441224.0,1342441480.0,4.0,0.0,0.0,0.0,0.0,8.0,17.0,17.0,17.0,17.0,17.0,17.0,17.0,1.0,16.0,100.0,100.0,100.0,100.0,100.0,100.0,100.0,100.0,100.0,100.0,100.0,100.0,100.0,100.0,100.0,100.0,2.0,45.0,45.0,1.0,64.0,4.0,80.0,245.0,1.0,0.0,8.0,0.0,252.0,168.0,168.0,170.0,6.0,85.0,122.0,5.0,142.0,1842.0,3.0,6.0,1.0,12.0,0.0,0.0,0.0,0.0,0.0,0.0,4145.0,0.0,0.0,0.0,0.0,0.0,8.0,44.0,0.0,0.0,0.0,0.0,0.0,0.0,0.0,2.0,0.0,32.0,8.0,0.0,0.0,0.0,0.0,0.0,0.0,0.0,0.0,0.0,0.0,0.0,655761.0,0.0,340444200.0,34044204.0,2.02,129.0,0.0,2000.0,65.0,0.0,0.0,0.0,0.0,0.0,0.0,0.0,1.0,0.0,0.0,0.0,0.0,0.0,0.0,0.0,0.0,0.0,0.0,0.0,0.0,0.0,0.0,0.0,0.0,0.0,0.0,0.0,0.0,0.0,0.0,0.0,0.0,0.0,0.0,0.0,0.0,0.0,1.0,0.0,0.0,0.0,0.0,0.0,0.0,0.0,0.0,0.0,0.0,0.0,0.0,0.0,0.0,0.0,0.0,0.0,0.0,0.0,0.0,0.0,0.0,0.0,0.0,0.0,0.0,0.0,0.0,0.0,0.0,0.0,0.0,0.0,0.0,8.941,4.0,0.0,0.0,0.0,0.0,0.0,0.0,1.0,1.0,0.0,0.0,4000.0,0.0,0.0,0.0,0.0,0.0,0.0,
938,0.0,0.0,0.0,0.0,0.0,0.0,3.0,1.0,1.0,1.0,3.0,1.0,1.0,1.0,4.0,1275.0,3408964.0,131072.0,0.0,2.0,1537.0,1409.0,5.0,513.0,255.0,0.0,0.0,0.0,5.0,769.0,255.0,0.0,0.0,0.0,5.0,1025.0,255.0,0.0,0.0,0.0,5.0,1281.0,254.0,0.0,0.0,0.0,2.0,1644167432.0,1644167688.0,4.0,1678835984.0,1678836240.0,1678836496.0,1678836752.0,4.0,1678837008.0,1678837264.0,1678837520.0,1678837776.0,1.0,537198856.0,5.0,417.0,254.0,0.0,0.0,0.0,5.0,449.0,254.0,0.0,0.0,0.0,5.0,481.0,254.0,0.0,0.0,0.0,5.0,673.0,254.0,0.0,0.0,0.0,5.0,705.0,254.0,0.0,0.0,0.0,5.0,737.0,254.0,0.0,0.0,0.0,5.0,929.0,254.0,0.0,0.0,0.0,4.0,1342177544.0,1342177800.0,1342178056.0,1342178312.0,8.0,1342243080.0,1342243336.0,1342243592.0,1342243848.0,1342244104.0,1342244360.0,1342244616.0,1342244872.0,4.0,1342308624.0,1342308880.0,1342309136.0,1342309392.0,4.0,1342374160.0,1342374416.0,1342374672.0,1342374928.0,4.0,1342375184.0,1342375440.0,1342375696.0,1342375952.0,4.0,1342376208.0,1342376464.0,1342376720.0,1342376976.0,8.0,1342439688.0,1342439944.0,1342440200.0,1342440456.0,1342440712.0,1342440968.0,1342441224.0,1342441480.0,4.0,0.0,0.0,0.0,0.0,8.0,17.0,17.0,17.0,17.0,17.0,17.0,17.0,1.0,16.0,100.0,100.0,100.0,100.0,100.0,100.0,100.0,100.0,100.0,100.0,100.0,100.0,100.0,100.0,100.0,100.0,2.0,45.0,45.0,1.0,64.0,4.0,80.0,245.0,1.0,0.0,8.0,0.0,252.0,168.0,168.0,170.0,10.0,85.0,122.0,5.0,145.0,1842.0,3.0,6.0,1.0,12.0,0.0,0.0,0.0,0.0,0.0,0.0,0.0,0.0,0.0,0.0,0.0,0.0,8.0,44.0,0.0,0.0,0.0,0.0,0.0,0.0,0.0,2.0,0.0,32.0,8.0,0.0,0.0,0.0,0.0,0.0,0.0,0.0,0.0,0.0,0.0,0.0,655761.0,0.0,340444200.0,34044204.0,2.02,129.0,0.0,2000.0,65.0,0.0,0.0,0.0,0.0,0.0,0.0,0.0,1.0,0.0,0.0,0.0,0.0,0.0,0.0,0.0,0.0,0.0,0.0,0.0,0.0,0.0,0.0,0.0,0.0,0.0,0.0,0.0,0.0,0.0,0.0,0.0,0.0,0.0,0.0,0.0,0.0,0.0,1.0,0.0,0.0,0.0,0.0,0.0,0.0,0.0,0.0,0.0,0.0,0.0,0.0,0.0,0.0,0.0,0.0,0.0,0.0,0.0,0.0,0.0,0.0,0.0,0.0,0.0,0.0,0.0,0.0,0.0,0.0,0.0,0.0,0.0,0.0,0.0,0.0,0.0,0.0,0.0,0.0,0.0,0.0,1.0,1.0,0.0,0.0,4500.0,0.0,0.0,0.0,0.0,0.0,0.0,
939,0.0,0.0,0.0,0.0,0.0,0.0,3.0,1.0,1.0,1.0,3.0,1.0,1.0,1.0,4.0,1275.0,3408964.0,131072.0,0.0,2.0,1537.0,1409.0,5.0,513.0,255.0,0.0,0.0,0.0,5.0,769.0,255.0,0.0,0.0,0.0,5.0,1025.0,255.0,0.0,0.0,0.0,5.0,1281.0,254.0,0.0,0.0,0.0,2.0,1644167432.0,1644167688.0,4.0,1678835984.0,1678836240.0,1678836496.0,1678836752.0,4.0,1678837008.0,1678837264.0,1678837520.0,1678837776.0,1.0,537198856.0,5.0,417.0,254.0,0.0,0.0,0.0,5.0,449.0,254.0,0.0,0.0,0.0,5.0,481.0,254.0,0.0,0.0,0.0,5.0,673.0,254.0,0.0,0.0,0.0,5.0,705.0,254.0,0.0,0.0,0.0,5.0,737.0,254.0,0.0,0.0,0.0,5.0,929.0,254.0,0.0,0.0,0.0,4.0,1342177544.0,1342177800.0,1342178056.0,1342178312.0,8.0,1342243080.0,1342243336.0,1342243592.0,1342243848.0,1342244104.0,1342244360.0,1342244616.0,1342244872.0,4.0,1342308624.0,1342308880.0,1342309136.0,1342309392.0,4.0,1342374160.0,1342374416.0,1342374672.0,1342374928.0,4.0,1342375184.0,1342375440.0,1342375696.0,1342375952.0,4.0,1342376208.0,1342376464.0,1342376720.0,1342376976.0,8.0,1342439688.0,1342439944.0,1342440200.0,1342440456.0,1342440712.0,1342440968.0,1342441224.0,1342441480.0,4.0,0.0,0.0,0.0,0.0,8.0,17.0,17.0,17.0,17.0,17.0,17.0,17.0,1.0,16.0,100.0,100.0,100.0,100.0,100.0,100.0,100.0,100.0,100.0,100.0,100.0,100.0,100.0,100.0,100.0,100.0,2.0,45.0,45.0,1.0,64.0,4.0,80.0,245.0,1.0,0.0,8.0,0.0,252.0,168.0,168.0,170.0,10.0,85.0,122.0,5.0,144.0,1842.0,3.0,6.0,1.0,12.0,0.0,0.0,0.0,0.0,0.0,0.0,0.0,0.0,0.0,0.0,0.0,0.0,8.0,44.0,0.0,0.0,0.0,0.0,0.0,0.0,0.0,2.0,0.0,32.0,8.0,0.0,0.0,0.0,0.0,0.0,0.0,0.0,0.0,0.0,0.0,0.0,655761.0,0.0,340444200.0,34044204.0,2.02,129.0,0.0,2000.0,65.0,0.0,0.0,0.0,0.0,0.0,0.0,0.0,1.0,0.0,0.0,0.0,0.0,0.0,0.0,0.0,0.0,0.0,0.0,0.0,0.0,0.0,0.0,0.0,0.0,0.0,0.0,0.0,0.0,0.0,0.0,0.0,0.0,0.0,0.0,0.0,0.0,0.0,1.0,0.0,0.0,0.0,0.0,0.0,0.0,0.0,0.0,0.0,0.0,0.0,0.0,0.0,0.0,0.0,0.0,0.0,0.0,0.0,0.0,0.0,0.0,0.0,0.0,0.0,0.0,0.0,0.0,0.0,0.0,0.0,0.0,0.0,0.0,0.0,0.0,0.0,0.0,0.0,0.0,0.0,0.0,1.0,1.0,0.0,0.0,4500.0,0.0,0.0,0.0,0.0,0.0,0.0,
940,0.0,0.0,0.0,0.0,0.0,0.0,3.0,1.0,1.0,1.0,3.0,1.0,1.0,1.0,4.0,1275.0,3408964.0,131072.0,0.0,2.0,1537.0,1409.0,5.0,513.0,255.0,0.0,0.0,0.0,5.0,769.0,255.0,0.0,0.0,0.0,5.0,1025.0,255.0,0.0,0.0,0.0,5.0,1281.0,254.0,0.0,0.0,0.0,2.0,1644167432.0,1644167688.0,4.0,1678835984.0,1678836240.0,1678836496.0,1678836752.0,4.0,1678837008.0,1678837264.0,1678837520.0,1678837776.0,1.0,537198856.0,5.0,417.0,254.0,0.0,0.0,0.0,5.0,449.0,254.0,0.0,0.0,0.0,5.0,481.0,254.0,0.0,0.0,0.0,5.0,673.0,254.0,0.0,0.0,0.0,5.0,705.0,254.0,0.0,0.0,0.0,5.0,737.0,254.0,0.0,0.0,0.0,5.0,929.0,254.0,0.0,0.0,0.0,4.0,1342177544.0,1342177800.0,1342178056.0,1342178312.0,8.0,1342243080.0,1342243336.0,1342243592.0,1342243848.0,1342244104.0,1342244360.0,1342244616.0,1342244872.0,4.0,1342308624.0,1342308880.0,1342309136.0,1342309392.0,4.0,1342374160.0,1342374416.0,1342374672.0,1342374928.0,4.0,1342375184.0,1342375440.0,1342375696.0,1342375952.0,4.0,1342376208.0,1342376464.0,1342376720.0,1342376976.0,8.0,1342439688.0,1342439944.0,1342440200.0,1342440456.0,1342440712.0,1342440968.0,1342441224.0,1342441480.0,4.0,0.0,0.0,0.0,0.0,8.0,17.0,17.0,17.0,17.0,17.0,17.0,17.0,1.0,16.0,100.0,100.0,100.0,100.0,100.0,100.0,100.0,100.0,100.0,100.0,100.0,100.0,100.0,100.0,100.0,100.0,2.0,45.0,45.0,1.0,64.0,4.0,80.0,245.0,1.0,0.0,8.0,0.0,252.0,168.0,168.0,170.0,10.0,85.0,122.0,5.0,144.0,1842.0,3.0,6.0,1.0,12.0,0.0,0.0,0.0,0.0,0.0,0.0,0.0,0.0,0.0,0.0,0.0,0.0,8.0,44.0,0.0,0.0,0.0,0.0,0.0,0.0,0.0,2.0,0.0,32.0,8.0,0.0,0.0,0.0,0.0,0.0,0.0,0.0,0.0,0.0,0.0,0.0,655761.0,0.0,340444200.0,34044204.0,2.02,129.0,0.0,2000.0,65.0,0.0,0.0,0.0,0.0,0.0,0.0,0.0,1.0,0.0,0.0,0.0,0.0,0.0,0.0,0.0,0.0,0.0,0.0,0.0,0.0,0.0,0.0,0.0,0.0,0.0,0.0,0.0,0.0,0.0,0.0,0.0,0.0,0.0,0.0,0.0,0.0,0.0,1.0,0.0,0.0,0.0,0.0,0.0,0.0,0.0,0.0,0.0,0.0,0.0,0.0,0.0,0.0,0.0,0.0,0.0,0.0,0.0,0.0,0.0,0.0,0.0,0.0,0.0,0.0,0.0,0.0,0.0,0.0,0.0,0.0,0.0,0.0,0.0,0.0,0.0,0.0,0.0,0.0,0.0,0.0,1.0,1.0,0.0,0.0,4500.0,0.0,0.0,0.0,0.0,0.0,0.0,
943,0.0,0.0,0.0,0.0,0.0,0.0,3.0,1.0,1.0,1.0,3.0,1.0,1.0,1.0,4.0,1275.0,3408964.0,131072.0,0.0,2.0,1537.0,1409.0,5.0,513.0,255.0,0.0,0.0,0.0,5.0,769.0,255.0,0.0,0.0,0.0,5.0,1025.0,255.0,0.0,0.0,0.0,5.0,1281.0,254.0,0.0,0.0,0.0,2.0,1644167432.0,1644167688.0,4.0,1678835984.0,1678836240.0,1678836496.0,1678836752.0,4.0,1678837008.0,1678837264.0,1678837520.0,1678837776.0,1.0,537198856.0,5.0,417.0,254.0,0.0,0.0,0.0,5.0,449.0,254.0,0.0,0.0,0.0,5.0,481.0,254.0,0.0,0.0,0.0,5.0,673.0,254.0,0.0,0.0,0.0,5.0,705.0,254.0,0.0,0.0,0.0,5.0,737.0,254.0,0.0,0.0,0.0,5.0,929.0,254.0,0.0,0.0,0.0,4.0,1342177544.0,1342177800.0,1342178056.0,1342178312.0,8.0,1342243080.0,1342243336.0,1342243592.0,1342243848.0,1342244104.0,1342244360.0,1342244616.0,1342244872.0,4.0,1342308624.0,1342308880.0,1342309136.0,1342309392.0,4.0,1342374160.0,1342374416.0,1342374672.0,1342374928.0,4.0,1342375184.0,1342375440.0,1342375696.0,1342375952.0,4.0,1342376208.0,1342376464.0,1342376720.0,1342376976.0,8.0,1342439688.0,1342439944.0,1342440200.0,1342440456.0,1342440712.0,1342440968.0,1342441224.0,1342441480.0,4.0,0.0,0.0,0.0,0.0,8.0,17.0,17.0,17.0,17.0,17.0,17.0,17.0,1.0,16.0,100.0,100.0,100.0,100.0,100.0,100.0,100.0,100.0,100.0,100.0,100.0,100.0,100.0,100.0,100.0,100.0,2.0,45.0,45.0,1.0,64.0,4.0,80.0,245.0,1.0,0.0,8.0,0.0,252.0,168.0,168.0,170.0,10.0,85.0,122.0,5.0,145.0,1842.0,3.0,6.0,1.0,12.0,0.0,0.0,0.0,0.0,0.0,0.0,0.0,0.0,0.0,0.0,0.0,0.0,8.0,44.0,0.0,0.0,0.0,0.0,0.0,0.0,0.0,2.0,0.0,0.0,8.0,0.0,0.0,0.0,0.0,0.0,0.0,0.0,0.0,0.0,0.0,0.0,655761.0,0.0,340444200.0,34044204.0,2.02,129.0,0.0,2000.0,65.0,0.0,0.0,0.0,0.0,0.0,0.0,0.0,1.0,0.0,0.0,0.0,0.0,0.0,0.0,0.0,0.0,0.0,0.0,0.0,0.0,0.0,0.0,0.0,0.0,0.0,0.0,0.0,0.0,0.0,0.0,0.0,0.0,0.0,0.0,0.0,0.0,0.0,0.0,0.0,0.0,0.0,0.0,0.0,0.0,0.0,0.0,0.0,0.0,0.0,0.0,0.0,0.0,0.0,0.0,0.0,0.0,0.0,0.0,0.0,0.0,0.0,0.0,0.0,0.0,0.0,0.0,0.0,0.0,0.0,0.0,0.0,0.0,0.0,0.0,0.0,0.0,0.0,0.0,0.0,0.0,1.0,1.0,0.0,0.0,4500.0,0.0,0.0,0.0,0.0,0.0,0.0,
945,0.0,0.0,0.0,0.0,0.0,0.0,3.0,1.0,1.0,1.0,3.0,1.0,1.0,1.0,4.0,1275.0,3408964.0,131072.0,0.0,2.0,1537.0,1409.0,5.0,513.0,255.0,0.0,0.0,0.0,5.0,769.0,255.0,0.0,0.0,0.0,5.0,1025.0,255.0,0.0,0.0,0.0,5.0,1281.0,254.0,0.0,0.0,0.0,2.0,1644167432.0,1644167688.0,4.0,1678835984.0,1678836240.0,1678836496.0,1678836752.0,4.0,1678837008.0,1678837264.0,1678837520.0,1678837776.0,1.0,537198856.0,5.0,417.0,254.0,0.0,0.0,0.0,5.0,449.0,254.0,0.0,0.0,0.0,5.0,481.0,254.0,0.0,0.0,0.0,5.0,673.0,254.0,0.0,0.0,0.0,5.0,705.0,254.0,0.0,0.0,0.0,5.0,737.0,254.0,0.0,0.0,0.0,5.0,929.0,254.0,0.0,0.0,0.0,4.0,1342177544.0,1342177800.0,1342178056.0,1342178312.0,8.0,1342243080.0,1342243336.0,1342243592.0,1342243848.0,1342244104.0,1342244360.0,1342244616.0,1342244872.0,4.0,1342308624.0,1342308880.0,1342309136.0,1342309392.0,4.0,1342374160.0,1342374416.0,1342374672.0,1342374928.0,4.0,1342375184.0,1342375440.0,1342375696.0,1342375952.0,4.0,1342376208.0,1342376464.0,1342376720.0,1342376976.0,8.0,1342439688.0,1342439944.0,1342440200.0,1342440456.0,1342440712.0,1342440968.0,1342441224.0,1342441480.0,4.0,0.0,0.0,0.0,0.0,8.0,17.0,17.0,17.0,17.0,17.0,17.0,17.0,1.0,16.0,100.0,100.0,100.0,100.0,100.0,100.0,100.0,100.0,100.0,100.0,100.0,100.0,100.0,100.0,100.0,100.0,2.0,45.0,45.0,1.0,64.0,4.0,80.0,245.0,1.0,0.0,8.0,0.0,252.0,168.0,168.0,170.0,10.0,85.0,122.0,5.0,144.0,1842.0,3.0,6.0,1.0,12.0,0.0,0.0,0.0,0.0,0.0,0.0,0.0,0.0,0.0,0.0,0.0,0.0,8.0,44.0,0.0,0.0,0.0,0.0,0.0,0.0,0.0,2.0,0.0,0.0,8.0,0.0,0.0,0.0,0.0,0.0,0.0,0.0,0.0,0.0,0.0,0.0,655761.0,0.0,340444200.0,34044204.0,2.02,129.0,0.0,2000.0,65.0,0.0,0.0,0.0,0.0,0.0,0.0,0.0,1.0,0.0,0.0,0.0,0.0,0.0,0.0,0.0,0.0,0.0,0.0,0.0,0.0,0.0,0.0,0.0,0.0,0.0,0.0,0.0,0.0,0.0,0.0,0.0,0.0,0.0,0.0,0.0,0.0,0.0,0.0,0.0,0.0,0.0,0.0,0.0,0.0,0.0,0.0,0.0,0.0,0.0,0.0,0.0,0.0,0.0,0.0,0.0,0.0,0.0,0.0,0.0,0.0,0.0,0.0,0.0,0.0,0.0,0.0,0.0,0.0,0.0,0.0,0.0,0.0,0.0,0.0,0.0,0.0,0.0,0.0,0.0,0.0,1.0,1.0,0.0,0.0,0.0,0.0,0.0,0.0,0.0,0.0,0.0,
953,0.0,0.0,0.0,0.0,0.0,0.0,3.0,1.0,1.0,1.0,3.0,1.0,1.0,1.0,4.0,1275.0,3408964.0,131072.0,0.0,2.0,1537.0,1409.0,5.0,513.0,255.0,0.0,0.0,0.0,5.0,769.0,255.0,0.0,0.0,0.0,5.0,1025.0,255.0,0.0,0.0,0.0,5.0,1281.0,254.0,0.0,0.0,0.0,2.0,1644167432.0,1644167688.0,4.0,1678835984.0,1678836240.0,1678836496.0,1678836752.0,4.0,1678837008.0,1678837264.0,1678837520.0,1678837776.0,1.0,537198856.0,5.0,417.0,254.0,0.0,0.0,0.0,5.0,449.0,254.0,0.0,0.0,0.0,5.0,481.0,254.0,0.0,0.0,0.0,5.0,673.0,254.0,0.0,0.0,0.0,5.0,705.0,254.0,0.0,0.0,0.0,5.0,737.0,254.0,0.0,0.0,0.0,5.0,929.0,254.0,0.0,0.0,0.0,4.0,1342177544.0,1342177800.0,1342178056.0,1342178312.0,8.0,1342243080.0,1342243336.0,1342243592.0,1342243848.0,1342244104.0,1342244360.0,1342244616.0,1342244872.0,4.0,1342308624.0,1342308880.0,1342309136.0,1342309392.0,4.0,1342374160.0,1342374416.0,1342374672.0,1342374928.0,4.0,1342375184.0,1342375440.0,1342375696.0,1342375952.0,4.0,1342376208.0,1342376464.0,1342376720.0,1342376976.0,8.0,1342439688.0,1342439944.0,1342440200.0,1342440456.0,1342440712.0,1342440968.0,1342441224.0,1342441480.0,4.0,0.0,0.0,0.0,0.0,8.0,17.0,17.0,17.0,17.0,17.0,17.0,17.0,17.0,16.0,100.0,100.0,100.0,100.0,100.0,100.0,100.0,100.0,100.0,100.0,100.0,100.0,100.0,100.0,100.0,100.0,2.0,45.0,45.0,1.0,0.0,4.0,80.0,245.0,1.0,0.0,8.0,0.0,252.0,168.0,168.0,170.0,26.0,85.0,122.0,5.0,144.0,1842.0,3.0,6.0,1.0,12.0,0.0,0.0,0.0,0.0,0.0,0.0,0.0,0.0,0.0,0.0,0.0,0.0,8.0,44.0,0.0,0.0,0.0,0.0,0.0,0.0,0.0,2.0,0.0,64.0,8.0,0.0,0.0,0.0,0.0,0.0,0.0,0.0,0.0,0.0,0.0,0.0,655761.0,0.0,340444200.0,34044204.0,2.02,129.0,0.0,2000.0,65.0,0.0,0.0,0.0,0.0,0.0,0.0,0.0,1.0,0.0,0.0,0.0,0.0,0.0,0.0,0.0,0.0,0.0,0.0,0.0,0.0,0.0,0.0,0.0,0.0,0.0,0.0,0.0,0.0,0.0,0.0,0.0,0.0,0.0,0.0,0.0,0.0,0.0,0.0,1.0,0.0,0.0,0.0,0.0,0.0,0.0,0.0,0.0,0.0,0.0,0.0,0.0,0.0,0.0,0.0,0.0,0.0,0.0,0.0,0.0,0.0,0.0,0.0,0.0,0.0,0.0,0.0,0.0,0.0,0.0,0.0,0.0,0.0,14.411,0.0,0.0,0.0,0.0,0.0,0.0,0.0,1.0,1.0,0.0,0.0,0.0,0.0,0.0,0.0,0.0,0.0,0.0,
954,0.0,0.0,0.0,0.0,0.0,0.0,3.0,1.0,1.0,1.0,3.0,1.0,1.0,1.0,4.0,1275.0,3408964.0,131072.0,0.0,2.0,1537.0,1409.0,5.0,513.0,255.0,0.0,0.0,0.0,5.0,769.0,255.0,0.0,0.0,0.0,5.0,1025.0,255.0,0.0,0.0,0.0,5.0,1281.0,254.0,0.0,0.0,0.0,2.0,1644167432.0,1644167688.0,4.0,1678835984.0,1678836240.0,1678836496.0,1678836752.0,4.0,1678837008.0,1678837264.0,1678837520.0,1678837776.0,1.0,537198856.0,5.0,417.0,254.0,0.0,0.0,0.0,5.0,449.0,254.0,0.0,0.0,0.0,5.0,481.0,254.0,0.0,0.0,0.0,5.0,673.0,254.0,0.0,0.0,0.0,5.0,705.0,254.0,0.0,0.0,0.0,5.0,737.0,254.0,0.0,0.0,0.0,5.0,929.0,254.0,0.0,0.0,0.0,4.0,1342177544.0,1342177800.0,1342178056.0,1342178312.0,8.0,1342243080.0,1342243336.0,1342243592.0,1342243848.0,1342244104.0,1342244360.0,1342244616.0,1342244872.0,4.0,1342308624.0,1342308880.0,1342309136.0,1342309392.0,4.0,1342374160.0,1342374416.0,1342374672.0,1342374928.0,4.0,1342375184.0,1342375440.0,1342375696.0,1342375952.0,4.0,1342376208.0,1342376464.0,1342376720.0,1342376976.0,8.0,1342439688.0,1342439944.0,1342440200.0,1342440456.0,1342440712.0,1342440968.0,1342441224.0,1342441480.0,4.0,0.0,0.0,0.0,0.0,8.0,17.0,17.0,17.0,17.0,17.0,17.0,17.0,17.0,16.0,100.0,100.0,100.0,100.0,100.0,100.0,100.0,100.0,100.0,100.0,100.0,100.0,100.0,100.0,100.0,100.0,2.0,45.0,45.0,1.0,0.0,4.0,80.0,245.0,1.0,0.0,8.0,0.0,252.0,168.0,168.0,170.0,26.0,85.0,122.0,5.0,145.0,1842.0,3.0,6.0,1.0,12.0,0.0,0.0,0.0,0.0,0.0,0.0,0.0,0.0,0.0,0.0,0.0,0.0,8.0,44.0,0.0,0.0,0.0,0.0,0.0,0.0,0.0,2.0,0.0,64.0,8.0,0.0,0.0,0.0,0.0,0.0,0.0,0.0,0.0,0.0,0.0,0.0,655761.0,0.0,340444200.0,34044204.0,2.02,129.0,0.0,2000.0,65.0,0.0,0.0,0.0,0.0,0.0,0.0,0.0,1.0,0.0,0.0,0.0,0.0,0.0,0.0,0.0,0.0,0.0,0.0,0.0,0.0,0.0,0.0,0.0,0.0,0.0,0.0,0.0,0.0,0.0,0.0,0.0,0.0,0.0,0.0,0.0,0.0,0.0,0.0,1.0,0.0,0.0,0.0,0.0,0.0,0.0,0.0,0.0,0.0,0.0,0.0,0.0,0.0,0.0,0.0,0.0,0.0,0.0,0.0,0.0,0.0,0.0,0.0,0.0,0.0,0.0,0.0,0.0,0.0,0.0,0.0,0.0,0.0,14.409,0.0,0.0,0.0,0.0,0.0,0.0,0.0,1.0,1.0,0.0,0.0,0.0,0.0,0.0,0.0,0.0,0.0,0.0,
955,0.0,0.0,0.0,0.0,0.0,0.0,3.0,1.0,1.0,1.0,3.0,1.0,1.0,1.0,4.0,1275.0,3408964.0,131072.0,0.0,2.0,1537.0,1409.0,5.0,513.0,255.0,0.0,0.0,0.0,5.0,769.0,255.0,0.0,0.0,0.0,5.0,1025.0,255.0,0.0,0.0,0.0,5.0,1281.0,254.0,0.0,0.0,0.0,2.0,1644167432.0,1644167688.0,4.0,1678835984.0,1678836240.0,1678836496.0,1678836752.0,4.0,1678837008.0,1678837264.0,1678837520.0,1678837776.0,1.0,537198856.0,5.0,417.0,254.0,0.0,0.0,0.0,5.0,449.0,254.0,0.0,0.0,0.0,5.0,481.0,254.0,0.0,0.0,0.0,5.0,673.0,254.0,0.0,0.0,0.0,5.0,705.0,254.0,0.0,0.0,0.0,5.0,737.0,254.0,0.0,0.0,0.0,5.0,929.0,254.0,0.0,0.0,0.0,4.0,1342177544.0,1342177800.0,1342178056.0,1342178312.0,8.0,1342243080.0,1342243336.0,1342243592.0,1342243848.0,1342244104.0,1342244360.0,1342244616.0,1342244872.0,4.0,1342308624.0,1342308880.0,1342309136.0,1342309392.0,4.0,1342374160.0,1342374416.0,1342374672.0,1342374928.0,4.0,1342375184.0,1342375440.0,1342375696.0,1342375952.0,4.0,1342376208.0,1342376464.0,1342376720.0,1342376976.0,8.0,1342439688.0,1342439944.0,1342440200.0,1342440456.0,1342440712.0,1342440968.0,1342441224.0,1342441480.0,4.0,0.0,0.0,0.0,0.0,8.0,17.0,17.0,17.0,17.0,17.0,17.0,17.0,17.0,16.0,100.0,100.0,100.0,100.0,100.0,100.0,100.0,100.0,100.0,100.0,100.0,100.0,100.0,100.0,100.0,100.0,2.0,45.0,45.0,1.0,0.0,4.0,80.0,245.0,1.0,0.0,8.0,0.0,252.0,168.0,168.0,170.0,26.0,85.0,122.0,5.0,145.0,1842.0,3.0,6.0,1.0,12.0,0.0,0.0,0.0,0.0,0.0,0.0,0.0,0.0,0.0,0.0,0.0,0.0,8.0,44.0,0.0,0.0,0.0,0.0,0.0,0.0,0.0,2.0,0.0,64.0,8.0,0.0,0.0,0.0,0.0,0.0,0.0,0.0,0.0,0.0,0.0,0.0,655761.0,0.0,340444200.0,34044204.0,2.02,129.0,0.0,2000.0,65.0,0.0,0.0,0.0,0.0,0.0,0.0,0.0,1.0,0.0,0.0,0.0,0.0,0.0,0.0,0.0,0.0,0.0,0.0,0.0,0.0,0.0,0.0,0.0,0.0,0.0,0.0,0.0,0.0,0.0,0.0,0.0,0.0,0.0,0.0,0.0,0.0,0.0,0.0,1.0,0.0,0.0,0.0,0.0,0.0,0.0,0.0,0.0,0.0,0.0,0.0,0.0,0.0,0.0,0.0,0.0,0.0,0.0,0.0,0.0,0.0,0.0,0.0,0.0,0.0,0.0,0.0,0.0,0.0,0.0,0.0,0.0,0.0,14.409,0.0,0.0,0.0,0.0,0.0,0.0,0.0,1.0,1.0,0.0,0.0,0.0,0.0,0.0,0.0,0.0,0.0,0.0,
960,0.0,0.0,0.0,0.0,0.0,0.0,3.0,1.0,1.0,1.0,3.0,1.0,1.0,1.0,4.0,1275.0,3408964.0,131072.0,0.0,2.0,1537.0,1409.0,5.0,513.0,255.0,0.0,0.0,0.0,5.0,769.0,255.0,0.0,0.0,0.0,5.0,1025.0,255.0,0.0,0.0,0.0,5.0,1281.0,254.0,0.0,0.0,0.0,2.0,1644167432.0,1644167688.0,4.0,1678835984.0,1678836240.0,1678836496.0,1678836752.0,4.0,1678837008.0,1678837264.0,1678837520.0,1678837776.0,1.0,537198856.0,5.0,417.0,254.0,0.0,0.0,0.0,5.0,449.0,254.0,0.0,0.0,0.0,5.0,481.0,254.0,0.0,0.0,0.0,5.0,673.0,254.0,0.0,0.0,0.0,5.0,705.0,254.0,0.0,0.0,0.0,5.0,737.0,254.0,0.0,0.0,0.0,5.0,929.0,254.0,0.0,0.0,0.0,4.0,1342177544.0,1342177800.0,1342178056.0,1342178312.0,8.0,1342243080.0,1342243336.0,1342243592.0,1342243848.0,1342244104.0,1342244360.0,1342244616.0,1342244872.0,4.0,1342308624.0,1342308880.0,1342309136.0,1342309392.0,4.0,1342374160.0,1342374416.0,1342374672.0,1342374928.0,4.0,1342375184.0,1342375440.0,1342375696.0,1342375952.0,4.0,1342376208.0,1342376464.0,1342376720.0,1342376976.0,8.0,1342439688.0,1342439944.0,1342440200.0,1342440456.0,1342440712.0,1342440968.0,1342441224.0,1342441480.0,4.0,0.0,0.0,0.0,0.0,8.0,17.0,17.0,17.0,17.0,17.0,17.0,17.0,17.0,16.0,100.0,100.0,100.0,100.0,100.0,100.0,100.0,100.0,100.0,100.0,100.0,100.0,100.0,100.0,100.0,100.0,2.0,45.0,45.0,1.0,0.0,4.0,80.0,245.0,1.0,0.0,8.0,0.0,252.0,168.0,168.0,170.0,26.0,85.0,122.0,5.0,144.0,1842.0,3.0,6.0,1.0,12.0,0.0,0.0,0.0,0.0,0.0,0.0,0.0,505.0,0.0,0.0,0.0,0.0,8.0,44.0,0.0,0.0,0.0,0.0,0.0,0.0,0.0,2.0,0.0,64.0,8.0,0.0,0.0,0.0,0.0,0.0,0.0,0.0,0.0,0.0,0.0,0.0,655761.0,0.0,340444200.0,34044204.0,2.02,129.0,0.0,2000.0,65.0,0.0,0.0,0.0,0.0,0.0,0.0,0.0,1.0,0.0,0.0,0.0,0.0,0.0,0.0,0.0,0.0,0.0,0.0,0.0,0.0,0.0,0.0,0.0,0.0,0.0,0.0,0.0,0.0,0.0,0.0,0.0,0.0,0.0,0.0,0.0,0.0,0.0,0.0,1.0,0.0,0.0,0.0,0.0,0.0,0.0,0.0,0.0,0.0,0.0,0.0,0.0,0.0,0.0,0.0,0.0,0.0,0.0,0.0,0.0,0.0,0.0,0.0,0.0,0.0,0.0,0.0,0.0,0.0,0.0,0.0,0.0,0.0,13.719,0.499,0.0,0.0,0.0,0.0,0.0,0.0,1.0,1.0,0.0,0.0,500.0,0.0,0.0,0.0,0.0,0.0,0.0,
961,0.0,0.0,0.0,0.0,0.0,0.0,3.0,1.0,1.0,1.0,3.0,1.0,1.0,1.0,4.0,1275.0,3408964.0,131072.0,0.0,2.0,1537.0,1409.0,5.0,513.0,255.0,0.0,0.0,0.0,5.0,769.0,255.0,0.0,0.0,0.0,5.0,1025.0,255.0,0.0,0.0,0.0,5.0,1281.0,254.0,0.0,0.0,0.0,2.0,1644167432.0,1644167688.0,4.0,1678835984.0,1678836240.0,1678836496.0,1678836752.0,4.0,1678837008.0,1678837264.0,1678837520.0,1678837776.0,1.0,537198856.0,5.0,417.0,254.0,0.0,0.0,0.0,5.0,449.0,254.0,0.0,0.0,0.0,5.0,481.0,254.0,0.0,0.0,0.0,5.0,673.0,254.0,0.0,0.0,0.0,5.0,705.0,254.0,0.0,0.0,0.0,5.0,737.0,254.0,0.0,0.0,0.0,5.0,929.0,254.0,0.0,0.0,0.0,4.0,1342177544.0,1342177800.0,1342178056.0,1342178312.0,8.0,1342243080.0,1342243336.0,1342243592.0,1342243848.0,1342244104.0,1342244360.0,1342244616.0,1342244872.0,4.0,1342308624.0,1342308880.0,1342309136.0,1342309392.0,4.0,1342374160.0,1342374416.0,1342374672.0,1342374928.0,4.0,1342375184.0,1342375440.0,1342375696.0,1342375952.0,4.0,1342376208.0,1342376464.0,1342376720.0,1342376976.0,8.0,1342439688.0,1342439944.0,1342440200.0,1342440456.0,1342440712.0,1342440968.0,1342441224.0,1342441480.0,4.0,0.0,0.0,0.0,0.0,8.0,17.0,17.0,17.0,17.0,17.0,17.0,17.0,17.0,16.0,100.0,100.0,100.0,100.0,100.0,100.0,100.0,100.0,100.0,100.0,100.0,100.0,100.0,100.0,100.0,100.0,2.0,45.0,45.0,1.0,0.0,4.0,80.0,245.0,1.0,0.0,8.0,0.0,252.0,168.0,168.0,170.0,26.0,85.0,122.0,5.0,144.0,1842.0,3.0,6.0,1.0,12.0,0.0,0.0,0.0,0.0,0.0,0.0,0.0,505.0,0.0,0.0,0.0,0.0,8.0,44.0,0.0,0.0,0.0,0.0,0.0,0.0,0.0,2.0,0.0,64.0,8.0,0.0,0.0,0.0,0.0,0.0,0.0,0.0,0.0,0.0,0.0,0.0,655761.0,0.0,340444200.0,34044204.0,2.02,129.0,0.0,2000.0,65.0,0.0,0.0,0.0,0.0,0.0,0.0,0.0,1.0,0.0,0.0,0.0,0.0,0.0,0.0,0.0,0.0,0.0,0.0,0.0,0.0,0.0,0.0,0.0,0.0,0.0,0.0,0.0,0.0,0.0,0.0,0.0,0.0,0.0,0.0,0.0,0.0,0.0,0.0,1.0,0.0,0.0,0.0,0.0,0.0,0.0,0.0,0.0,0.0,0.0,0.0,0.0,0.0,0.0,0.0,0.0,0.0,0.0,0.0,0.0,0.0,0.0,0.0,0.0,0.0,0.0,0.0,0.0,0.0,0.0,0.0,0.0,0.0,13.719,0.499,0.0,0.0,0.0,0.0,0.0,0.0,1.0,1.0,0.0,0.0,500.0,0.0,0.0,0.0,0.0,0.0,0.0,
962,0.0,0.0,0.0,0.0,0.0,0.0,3.0,1.0,1.0,1.0,3.0,1.0,1.0,1.0,4.0,1275.0,3408964.0,131072.0,0.0,2.0,1537.0,1409.0,5.0,513.0,255.0,0.0,0.0,0.0,5.0,769.0,255.0,0.0,0.0,0.0,5.0,1025.0,255.0,0.0,0.0,0.0,5.0,1281.0,254.0,0.0,0.0,0.0,2.0,1644167432.0,1644167688.0,4.0,1678835984.0,1678836240.0,1678836496.0,1678836752.0,4.0,1678837008.0,1678837264.0,1678837520.0,1678837776.0,1.0,537198856.0,5.0,417.0,254.0,0.0,0.0,0.0,5.0,449.0,254.0,0.0,0.0,0.0,5.0,481.0,254.0,0.0,0.0,0.0,5.0,673.0,254.0,0.0,0.0,0.0,5.0,705.0,254.0,0.0,0.0,0.0,5.0,737.0,254.0,0.0,0.0,0.0,5.0,929.0,254.0,0.0,0.0,0.0,4.0,1342177544.0,1342177800.0,1342178056.0,1342178312.0,8.0,1342243080.0,1342243336.0,1342243592.0,1342243848.0,1342244104.0,1342244360.0,1342244616.0,1342244872.0,4.0,1342308624.0,1342308880.0,1342309136.0,1342309392.0,4.0,1342374160.0,1342374416.0,1342374672.0,1342374928.0,4.0,1342375184.0,1342375440.0,1342375696.0,1342375952.0,4.0,1342376208.0,1342376464.0,1342376720.0,1342376976.0,8.0,1342439688.0,1342439944.0,1342440200.0,1342440456.0,1342440712.0,1342440968.0,1342441224.0,1342441480.0,4.0,0.0,0.0,0.0,0.0,8.0,17.0,17.0,17.0,17.0,17.0,17.0,17.0,17.0,16.0,100.0,100.0,100.0,100.0,100.0,100.0,100.0,100.0,100.0,100.0,100.0,100.0,100.0,100.0,100.0,100.0,2.0,45.0,45.0,1.0,0.0,4.0,80.0,245.0,1.0,0.0,8.0,0.0,252.0,168.0,168.0,170.0,26.0,85.0,122.0,5.0,144.0,1842.0,3.0,6.0,1.0,12.0,0.0,0.0,0.0,0.0,0.0,0.0,0.0,505.0,0.0,0.0,0.0,0.0,8.0,44.0,0.0,0.0,0.0,0.0,0.0,0.0,0.0,2.0,0.0,64.0,8.0,0.0,0.0,0.0,0.0,0.0,0.0,0.0,0.0,0.0,0.0,0.0,655761.0,0.0,340444200.0,34044204.0,2.02,129.0,0.0,2000.0,65.0,0.0,0.0,0.0,0.0,0.0,0.0,0.0,1.0,0.0,0.0,0.0,0.0,0.0,0.0,0.0,0.0,0.0,0.0,0.0,0.0,0.0,0.0,0.0,0.0,0.0,0.0,0.0,0.0,0.0,0.0,0.0,0.0,0.0,0.0,0.0,0.0,0.0,0.0,1.0,0.0,0.0,0.0,0.0,0.0,0.0,0.0,0.0,0.0,0.0,0.0,0.0,0.0,0.0,0.0,0.0,0.0,0.0,0.0,0.0,0.0,0.0,0.0,0.0,0.0,0.0,0.0,0.0,0.0,0.0,0.0,0.0,0.0,13.718,0.499,0.0,0.0,0.0,0.0,0.0,0.0,1.0,1.0,0.0,0.0,500.0,0.0,0.0,0.0,0.0,0.0,0.0,
967,0.0,0.0,0.0,0.0,0.0,0.0,3.0,1.0,1.0,1.0,3.0,1.0,1.0,1.0,4.0,1275.0,3408964.0,131072.0,0.0,2.0,1537.0,1409.0,5.0,513.0,255.0,0.0,0.0,0.0,5.0,769.0,255.0,0.0,0.0,0.0,5.0,1025.0,255.0,0.0,0.0,0.0,5.0,1281.0,254.0,0.0,0.0,0.0,2.0,1644167432.0,1644167688.0,4.0,1678835984.0,1678836240.0,1678836496.0,1678836752.0,4.0,1678837008.0,1678837264.0,1678837520.0,1678837776.0,1.0,537198856.0,5.0,417.0,254.0,0.0,0.0,0.0,5.0,449.0,254.0,0.0,0.0,0.0,5.0,481.0,254.0,0.0,0.0,0.0,5.0,673.0,254.0,0.0,0.0,0.0,5.0,705.0,254.0,0.0,0.0,0.0,5.0,737.0,254.0,0.0,0.0,0.0,5.0,929.0,254.0,0.0,0.0,0.0,4.0,1342177544.0,1342177800.0,1342178056.0,1342178312.0,8.0,1342243080.0,1342243336.0,1342243592.0,1342243848.0,1342244104.0,1342244360.0,1342244616.0,1342244872.0,4.0,1342308624.0,1342308880.0,1342309136.0,1342309392.0,4.0,1342374160.0,1342374416.0,1342374672.0,1342374928.0,4.0,1342375184.0,1342375440.0,1342375696.0,1342375952.0,4.0,1342376208.0,1342376464.0,1342376720.0,1342376976.0,8.0,1342439688.0,1342439944.0,1342440200.0,1342440456.0,1342440712.0,1342440968.0,1342441224.0,1342441480.0,4.0,0.0,0.0,0.0,0.0,8.0,17.0,17.0,17.0,17.0,17.0,17.0,17.0,17.0,16.0,100.0,100.0,100.0,100.0,100.0,100.0,100.0,100.0,100.0,100.0,100.0,100.0,100.0,100.0,100.0,100.0,2.0,45.0,45.0,1.0,0.0,4.0,80.0,245.0,1.0,0.0,8.0,0.0,252.0,168.0,168.0,170.0,26.0,85.0,122.0,5.0,144.0,1842.0,3.0,6.0,1.0,12.0,0.0,0.0,0.0,0.0,0.0,0.0,0.0,1035.0,0.0,0.0,0.0,0.0,8.0,44.0,0.0,0.0,0.0,0.0,0.0,0.0,0.0,2.0,0.0,64.0,8.0,0.0,0.0,0.0,0.0,0.0,0.0,0.0,0.0,0.0,0.0,0.0,655761.0,0.0,340444200.0,34044204.0,2.02,129.0,0.0,2000.0,65.0,0.0,0.0,0.0,0.0,0.0,0.0,0.0,1.0,0.0,0.0,0.0,0.0,0.0,0.0,0.0,0.0,0.0,0.0,0.0,0.0,0.0,0.0,0.0,0.0,0.0,0.0,0.0,0.0,0.0,0.0,0.0,0.0,0.0,0.0,0.0,0.0,0.0,0.0,1.0,0.0,0.0,0.0,0.0,0.0,0.0,0.0,0.0,0.0,0.0,0.0,0.0,0.0,0.0,0.0,0.0,0.0,0.0,0.0,0.0,0.0,0.0,0.0,0.0,0.0,0.0,0.0,0.0,0.0,0.0,0.0,0.0,0.0,13.054,0.999,0.0,0.0,0.0,0.0,0.0,0.0,1.0,1.0,0.0,0.0,1000.0,0.0,0.0,0.0,0.0,0.0,0.0,
968,0.0,0.0,0.0,0.0,0.0,0.0,3.0,1.0,1.0,1.0,3.0,1.0,1.0,1.0,4.0,1275.0,3408964.0,131072.0,0.0,2.0,1537.0,1409.0,5.0,513.0,255.0,0.0,0.0,0.0,5.0,769.0,255.0,0.0,0.0,0.0,5.0,1025.0,255.0,0.0,0.0,0.0,5.0,1281.0,254.0,0.0,0.0,0.0,2.0,1644167432.0,1644167688.0,4.0,1678835984.0,1678836240.0,1678836496.0,1678836752.0,4.0,1678837008.0,1678837264.0,1678837520.0,1678837776.0,1.0,537198856.0,5.0,417.0,254.0,0.0,0.0,0.0,5.0,449.0,254.0,0.0,0.0,0.0,5.0,481.0,254.0,0.0,0.0,0.0,5.0,673.0,254.0,0.0,0.0,0.0,5.0,705.0,254.0,0.0,0.0,0.0,5.0,737.0,254.0,0.0,0.0,0.0,5.0,929.0,254.0,0.0,0.0,0.0,4.0,1342177544.0,1342177800.0,1342178056.0,1342178312.0,8.0,1342243080.0,1342243336.0,1342243592.0,1342243848.0,1342244104.0,1342244360.0,1342244616.0,1342244872.0,4.0,1342308624.0,1342308880.0,1342309136.0,1342309392.0,4.0,1342374160.0,1342374416.0,1342374672.0,1342374928.0,4.0,1342375184.0,1342375440.0,1342375696.0,1342375952.0,4.0,1342376208.0,1342376464.0,1342376720.0,1342376976.0,8.0,1342439688.0,1342439944.0,1342440200.0,1342440456.0,1342440712.0,1342440968.0,1342441224.0,1342441480.0,4.0,0.0,0.0,0.0,0.0,8.0,17.0,17.0,17.0,17.0,17.0,17.0,17.0,17.0,16.0,100.0,100.0,100.0,100.0,100.0,100.0,100.0,100.0,100.0,100.0,100.0,100.0,100.0,100.0,100.0,100.0,2.0,45.0,45.0,1.0,0.0,4.0,80.0,245.0,1.0,0.0,8.0,0.0,252.0,168.0,168.0,170.0,26.0,85.0,122.0,5.0,144.0,1842.0,3.0,6.0,1.0,12.0,0.0,0.0,0.0,0.0,0.0,0.0,0.0,1031.0,0.0,0.0,0.0,0.0,8.0,44.0,0.0,0.0,0.0,0.0,0.0,0.0,0.0,2.0,0.0,64.0,8.0,0.0,0.0,0.0,0.0,0.0,0.0,0.0,0.0,0.0,0.0,0.0,655761.0,0.0,340444200.0,34044204.0,2.02,129.0,0.0,2000.0,65.0,0.0,0.0,0.0,0.0,0.0,0.0,0.0,1.0,0.0,0.0,0.0,0.0,0.0,0.0,0.0,0.0,0.0,0.0,0.0,0.0,0.0,0.0,0.0,0.0,0.0,0.0,0.0,0.0,0.0,0.0,0.0,0.0,0.0,0.0,0.0,0.0,0.0,0.0,1.0,0.0,0.0,0.0,0.0,0.0,0.0,0.0,0.0,0.0,0.0,0.0,0.0,0.0,0.0,0.0,0.0,0.0,0.0,0.0,0.0,0.0,0.0,0.0,0.0,0.0,0.0,0.0,0.0,0.0,0.0,0.0,0.0,0.0,13.052,0.999,0.0,0.0,0.0,0.0,0.0,0.0,1.0,1.0,0.0,0.0,1000.0,0.0,0.0,0.0,0.0,0.0,0.0,
969,0.0,0.0,0.0,0.0,0.0,0.0,3.0,1.0,1.0,1.0,3.0,1.0,1.0,1.0,4.0,1275.0,3408964.0,131072.0,0.0,2.0,1537.0,1409.0,5.0,513.0,255.0,0.0,0.0,0.0,5.0,769.0,255.0,0.0,0.0,0.0,5.0,1025.0,255.0,0.0,0.0,0.0,5.0,1281.0,254.0,0.0,0.0,0.0,2.0,1644167432.0,1644167688.0,4.0,1678835984.0,1678836240.0,1678836496.0,1678836752.0,4.0,1678837008.0,1678837264.0,1678837520.0,1678837776.0,1.0,537198856.0,5.0,417.0,254.0,0.0,0.0,0.0,5.0,449.0,254.0,0.0,0.0,0.0,5.0,481.0,254.0,0.0,0.0,0.0,5.0,673.0,254.0,0.0,0.0,0.0,5.0,705.0,254.0,0.0,0.0,0.0,5.0,737.0,254.0,0.0,0.0,0.0,5.0,929.0,254.0,0.0,0.0,0.0,4.0,1342177544.0,1342177800.0,1342178056.0,1342178312.0,8.0,1342243080.0,1342243336.0,1342243592.0,1342243848.0,1342244104.0,1342244360.0,1342244616.0,1342244872.0,4.0,1342308624.0,1342308880.0,1342309136.0,1342309392.0,4.0,1342374160.0,1342374416.0,1342374672.0,1342374928.0,4.0,1342375184.0,1342375440.0,1342375696.0,1342375952.0,4.0,1342376208.0,1342376464.0,1342376720.0,1342376976.0,8.0,1342439688.0,1342439944.0,1342440200.0,1342440456.0,1342440712.0,1342440968.0,1342441224.0,1342441480.0,4.0,0.0,0.0,0.0,0.0,8.0,17.0,17.0,17.0,17.0,17.0,17.0,17.0,17.0,16.0,100.0,100.0,100.0,100.0,100.0,100.0,100.0,100.0,100.0,100.0,100.0,100.0,100.0,100.0,100.0,100.0,2.0,45.0,45.0,1.0,0.0,4.0,80.0,245.0,1.0,0.0,8.0,0.0,252.0,168.0,168.0,170.0,26.0,85.0,122.0,5.0,144.0,1842.0,3.0,6.0,1.0,12.0,0.0,0.0,0.0,0.0,0.0,0.0,0.0,1031.0,0.0,0.0,0.0,0.0,8.0,44.0,0.0,0.0,0.0,0.0,0.0,0.0,0.0,2.0,0.0,64.0,8.0,0.0,0.0,0.0,0.0,0.0,0.0,0.0,0.0,0.0,0.0,0.0,655761.0,0.0,340444200.0,34044204.0,2.02,129.0,0.0,2000.0,65.0,0.0,0.0,0.0,0.0,0.0,0.0,0.0,1.0,0.0,0.0,0.0,0.0,0.0,0.0,0.0,0.0,0.0,0.0,0.0,0.0,0.0,0.0,0.0,0.0,0.0,0.0,0.0,0.0,0.0,0.0,0.0,0.0,0.0,0.0,0.0,0.0,0.0,0.0,1.0,0.0,0.0,0.0,0.0,0.0,0.0,0.0,0.0,0.0,0.0,0.0,0.0,0.0,0.0,0.0,0.0,0.0,0.0,0.0,0.0,0.0,0.0,0.0,0.0,0.0,0.0,0.0,0.0,0.0,0.0,0.0,0.0,0.0,13.052,0.999,0.0,0.0,0.0,0.0,0.0,0.0,1.0,1.0,0.0,0.0,1000.0,0.0,0.0,0.0,0.0,0.0,0.0,
974,0.0,0.0,0.0,0.0,0.0,0.0,3.0,1.0,1.0,1.0,3.0,1.0,1.0,1.0,4.0,1275.0,3408964.0,131072.0,0.0,2.0,1537.0,1409.0,5.0,513.0,255.0,0.0,0.0,0.0,5.0,769.0,255.0,0.0,0.0,0.0,5.0,1025.0,255.0,0.0,0.0,0.0,5.0,1281.0,254.0,0.0,0.0,0.0,2.0,1644167432.0,1644167688.0,4.0,1678835984.0,1678836240.0,1678836496.0,1678836752.0,4.0,1678837008.0,1678837264.0,1678837520.0,1678837776.0,1.0,537198856.0,5.0,417.0,254.0,0.0,0.0,0.0,5.0,449.0,254.0,0.0,0.0,0.0,5.0,481.0,254.0,0.0,0.0,0.0,5.0,673.0,254.0,0.0,0.0,0.0,5.0,705.0,254.0,0.0,0.0,0.0,5.0,737.0,254.0,0.0,0.0,0.0,5.0,929.0,254.0,0.0,0.0,0.0,4.0,1342177544.0,1342177800.0,1342178056.0,1342178312.0,8.0,1342243080.0,1342243336.0,1342243592.0,1342243848.0,1342244104.0,1342244360.0,1342244616.0,1342244872.0,4.0,1342308624.0,1342308880.0,1342309136.0,1342309392.0,4.0,1342374160.0,1342374416.0,1342374672.0,1342374928.0,4.0,1342375184.0,1342375440.0,1342375696.0,1342375952.0,4.0,1342376208.0,1342376464.0,1342376720.0,1342376976.0,8.0,1342439688.0,1342439944.0,1342440200.0,1342440456.0,1342440712.0,1342440968.0,1342441224.0,1342441480.0,4.0,0.0,0.0,0.0,0.0,8.0,17.0,17.0,17.0,17.0,17.0,17.0,17.0,17.0,16.0,100.0,100.0,100.0,100.0,100.0,100.0,100.0,100.0,100.0,100.0,100.0,100.0,100.0,100.0,100.0,100.0,2.0,45.0,45.0,1.0,0.0,4.0,80.0,245.0,1.0,0.0,8.0,0.0,252.0,168.0,168.0,170.0,26.0,85.0,122.0,5.0,144.0,1842.0,3.0,6.0,1.0,12.0,0.0,0.0,0.0,0.0,0.0,0.0,0.0,1564.0,0.0,0.0,0.0,0.0,8.0,44.0,0.0,0.0,0.0,0.0,0.0,0.0,0.0,2.0,0.0,64.0,8.0,0.0,0.0,0.0,0.0,0.0,0.0,0.0,0.0,0.0,0.0,0.0,655761.0,0.0,340444200.0,34044204.0,2.02,129.0,0.0,2000.0,65.0,0.0,0.0,0.0,0.0,0.0,0.0,0.0,1.0,0.0,0.0,0.0,0.0,0.0,0.0,0.0,0.0,0.0,0.0,0.0,0.0,0.0,0.0,0.0,0.0,0.0,0.0,0.0,0.0,0.0,0.0,0.0,0.0,0.0,0.0,0.0,0.0,0.0,0.0,1.0,0.0,0.0,0.0,0.0,0.0,0.0,0.0,0.0,0.0,0.0,0.0,0.0,0.0,0.0,0.0,0.0,0.0,0.0,0.0,0.0,0.0,0.0,0.0,0.0,0.0,0.0,0.0,0.0,0.0,0.0,0.0,0.0,0.0,12.379,1.499,0.0,0.0,0.0,0.0,0.0,0.0,1.0,1.0,0.0,0.0,1500.0,0.0,0.0,0.0,0.0,0.0,0.0,
975,0.0,0.0,0.0,0.0,0.0,0.0,3.0,1.0,1.0,1.0,3.0,1.0,1.0,1.0,4.0,1275.0,3408964.0,131072.0,0.0,2.0,1537.0,1409.0,5.0,513.0,255.0,0.0,0.0,0.0,5.0,769.0,255.0,0.0,0.0,0.0,5.0,1025.0,255.0,0.0,0.0,0.0,5.0,1281.0,254.0,0.0,0.0,0.0,2.0,1644167432.0,1644167688.0,4.0,1678835984.0,1678836240.0,1678836496.0,1678836752.0,4.0,1678837008.0,1678837264.0,1678837520.0,1678837776.0,1.0,537198856.0,5.0,417.0,254.0,0.0,0.0,0.0,5.0,449.0,254.0,0.0,0.0,0.0,5.0,481.0,254.0,0.0,0.0,0.0,5.0,673.0,254.0,0.0,0.0,0.0,5.0,705.0,254.0,0.0,0.0,0.0,5.0,737.0,254.0,0.0,0.0,0.0,5.0,929.0,254.0,0.0,0.0,0.0,4.0,1342177544.0,1342177800.0,1342178056.0,1342178312.0,8.0,1342243080.0,1342243336.0,1342243592.0,1342243848.0,1342244104.0,1342244360.0,1342244616.0,1342244872.0,4.0,1342308624.0,1342308880.0,1342309136.0,1342309392.0,4.0,1342374160.0,1342374416.0,1342374672.0,1342374928.0,4.0,1342375184.0,1342375440.0,1342375696.0,1342375952.0,4.0,1342376208.0,1342376464.0,1342376720.0,1342376976.0,8.0,1342439688.0,1342439944.0,1342440200.0,1342440456.0,1342440712.0,1342440968.0,1342441224.0,1342441480.0,4.0,0.0,0.0,0.0,0.0,8.0,17.0,17.0,17.0,17.0,17.0,17.0,17.0,17.0,16.0,100.0,100.0,100.0,100.0,100.0,100.0,100.0,100.0,100.0,100.0,100.0,100.0,100.0,100.0,100.0,100.0,2.0,45.0,45.0,1.0,0.0,4.0,80.0,245.0,1.0,0.0,8.0,0.0,252.0,168.0,168.0,170.0,26.0,85.0,122.0,5.0,144.0,1842.0,3.0,6.0,1.0,12.0,0.0,0.0,0.0,0.0,0.0,0.0,0.0,1564.0,0.0,0.0,0.0,0.0,8.0,44.0,0.0,0.0,0.0,0.0,0.0,0.0,0.0,2.0,0.0,64.0,8.0,0.0,0.0,0.0,0.0,0.0,0.0,0.0,0.0,0.0,0.0,0.0,655761.0,0.0,340444200.0,34044204.0,2.02,129.0,0.0,2000.0,65.0,0.0,0.0,0.0,0.0,0.0,0.0,0.0,1.0,0.0,0.0,0.0,0.0,0.0,0.0,0.0,0.0,0.0,0.0,0.0,0.0,0.0,0.0,0.0,0.0,0.0,0.0,0.0,0.0,0.0,0.0,0.0,0.0,0.0,0.0,0.0,0.0,0.0,0.0,1.0,0.0,0.0,0.0,0.0,0.0,0.0,0.0,0.0,0.0,0.0,0.0,0.0,0.0,0.0,0.0,0.0,0.0,0.0,0.0,0.0,0.0,0.0,0.0,0.0,0.0,0.0,0.0,0.0,0.0,0.0,0.0,0.0,0.0,12.378,1.499,0.0,0.0,0.0,0.0,0.0,0.0,1.0,1.0,0.0,0.0,1500.0,0.0,0.0,0.0,0.0,0.0,0.0,
976,0.0,0.0,0.0,0.0,0.0,0.0,3.0,1.0,1.0,1.0,3.0,1.0,1.0,1.0,4.0,1275.0,3408964.0,131072.0,0.0,2.0,1537.0,1409.0,5.0,513.0,255.0,0.0,0.0,0.0,5.0,769.0,255.0,0.0,0.0,0.0,5.0,1025.0,255.0,0.0,0.0,0.0,5.0,1281.0,254.0,0.0,0.0,0.0,2.0,1644167432.0,1644167688.0,4.0,1678835984.0,1678836240.0,1678836496.0,1678836752.0,4.0,1678837008.0,1678837264.0,1678837520.0,1678837776.0,1.0,537198856.0,5.0,417.0,254.0,0.0,0.0,0.0,5.0,449.0,254.0,0.0,0.0,0.0,5.0,481.0,254.0,0.0,0.0,0.0,5.0,673.0,254.0,0.0,0.0,0.0,5.0,705.0,254.0,0.0,0.0,0.0,5.0,737.0,254.0,0.0,0.0,0.0,5.0,929.0,254.0,0.0,0.0,0.0,4.0,1342177544.0,1342177800.0,1342178056.0,1342178312.0,8.0,1342243080.0,1342243336.0,1342243592.0,1342243848.0,1342244104.0,1342244360.0,1342244616.0,1342244872.0,4.0,1342308624.0,1342308880.0,1342309136.0,1342309392.0,4.0,1342374160.0,1342374416.0,1342374672.0,1342374928.0,4.0,1342375184.0,1342375440.0,1342375696.0,1342375952.0,4.0,1342376208.0,1342376464.0,1342376720.0,1342376976.0,8.0,1342439688.0,1342439944.0,1342440200.0,1342440456.0,1342440712.0,1342440968.0,1342441224.0,1342441480.0,4.0,0.0,0.0,0.0,0.0,8.0,17.0,17.0,17.0,17.0,17.0,17.0,17.0,17.0,16.0,100.0,100.0,100.0,100.0,100.0,100.0,100.0,100.0,100.0,100.0,100.0,100.0,100.0,100.0,100.0,100.0,2.0,45.0,45.0,1.0,0.0,4.0,80.0,245.0,1.0,0.0,8.0,0.0,252.0,168.0,168.0,170.0,26.0,85.0,122.0,5.0,144.0,1842.0,3.0,6.0,1.0,12.0,0.0,0.0,0.0,0.0,0.0,0.0,0.0,1564.0,0.0,0.0,0.0,0.0,8.0,44.0,0.0,0.0,0.0,0.0,0.0,0.0,0.0,2.0,0.0,64.0,8.0,0.0,0.0,0.0,0.0,0.0,0.0,0.0,0.0,0.0,0.0,0.0,655761.0,0.0,340444200.0,34044204.0,2.02,129.0,0.0,2000.0,65.0,0.0,0.0,0.0,0.0,0.0,0.0,0.0,1.0,0.0,0.0,0.0,0.0,0.0,0.0,0.0,0.0,0.0,0.0,0.0,0.0,0.0,0.0,0.0,0.0,0.0,0.0,0.0,0.0,0.0,0.0,0.0,0.0,0.0,0.0,0.0,0.0,0.0,0.0,1.0,0.0,0.0,0.0,0.0,0.0,0.0,0.0,0.0,0.0,0.0,0.0,0.0,0.0,0.0,0.0,0.0,0.0,0.0,0.0,0.0,0.0,0.0,0.0,0.0,0.0,0.0,0.0,0.0,0.0,0.0,0.0,0.0,0.0,12.378,1.499,0.0,0.0,0.0,0.0,0.0,0.0,1.0,1.0,0.0,0.0,1500.0,0.0,0.0,0.0,0.0,0.0,0.0,
981,0.0,0.0,0.0,0.0,0.0,0.0,3.0,1.0,1.0,1.0,3.0,1.0,1.0,1.0,4.0,1275.0,3408964.0,131072.0,0.0,2.0,1537.0,1409.0,5.0,513.0,255.0,0.0,0.0,0.0,5.0,769.0,255.0,0.0,0.0,0.0,5.0,1025.0,255.0,0.0,0.0,0.0,5.0,1281.0,254.0,0.0,0.0,0.0,2.0,1644167432.0,1644167688.0,4.0,1678835984.0,1678836240.0,1678836496.0,1678836752.0,4.0,1678837008.0,1678837264.0,1678837520.0,1678837776.0,1.0,537198856.0,5.0,417.0,254.0,0.0,0.0,0.0,5.0,449.0,254.0,0.0,0.0,0.0,5.0,481.0,254.0,0.0,0.0,0.0,5.0,673.0,254.0,0.0,0.0,0.0,5.0,705.0,254.0,0.0,0.0,0.0,5.0,737.0,254.0,0.0,0.0,0.0,5.0,929.0,254.0,0.0,0.0,0.0,4.0,1342177544.0,1342177800.0,1342178056.0,1342178312.0,8.0,1342243080.0,1342243336.0,1342243592.0,1342243848.0,1342244104.0,1342244360.0,1342244616.0,1342244872.0,4.0,1342308624.0,1342308880.0,1342309136.0,1342309392.0,4.0,1342374160.0,1342374416.0,1342374672.0,1342374928.0,4.0,1342375184.0,1342375440.0,1342375696.0,1342375952.0,4.0,1342376208.0,1342376464.0,1342376720.0,1342376976.0,8.0,1342439688.0,1342439944.0,1342440200.0,1342440456.0,1342440712.0,1342440968.0,1342441224.0,1342441480.0,4.0,0.0,0.0,0.0,0.0,8.0,17.0,17.0,17.0,17.0,17.0,17.0,17.0,17.0,16.0,100.0,100.0,100.0,100.0,100.0,100.0,100.0,100.0,100.0,100.0,100.0,100.0,100.0,100.0,100.0,100.0,2.0,45.0,45.0,1.0,0.0,4.0,80.0,245.0,1.0,0.0,8.0,0.0,252.0,168.0,168.0,170.0,26.0,85.0,122.0,5.0,143.0,1842.0,3.0,6.0,1.0,12.0,0.0,0.0,0.0,0.0,0.0,0.0,0.0,2102.0,0.0,0.0,0.0,0.0,8.0,44.0,0.0,0.0,0.0,0.0,0.0,0.0,0.0,2.0,0.0,64.0,8.0,0.0,0.0,0.0,0.0,0.0,0.0,0.0,0.0,0.0,0.0,0.0,655761.0,0.0,340444200.0,34044204.0,2.02,129.0,0.0,2000.0,65.0,0.0,0.0,0.0,0.0,0.0,0.0,0.0,1.0,0.0,0.0,0.0,0.0,0.0,0.0,0.0,0.0,0.0,0.0,0.0,0.0,0.0,0.0,0.0,0.0,0.0,0.0,0.0,0.0,0.0,0.0,0.0,0.0,0.0,0.0,0.0,0.0,0.0,0.0,1.0,0.0,0.0,0.0,0.0,0.0,0.0,0.0,0.0,0.0,0.0,0.0,0.0,0.0,0.0,0.0,0.0,0.0,0.0,0.0,0.0,0.0,0.0,0.0,0.0,0.0,0.0,0.0,0.0,0.0,0.0,0.0,0.0,0.0,11.692,1.999,0.0,0.0,0.0,0.0,0.0,0.0,1.0,1.0,0.0,0.0,2000.0,0.0,0.0,0.0,0.0,0.0,0.0,
982,0.0,0.0,0.0,0.0,0.0,0.0,3.0,1.0,1.0,1.0,3.0,1.0,1.0,1.0,4.0,1275.0,3408964.0,131072.0,0.0,2.0,1537.0,1409.0,5.0,513.0,255.0,0.0,0.0,0.0,5.0,769.0,255.0,0.0,0.0,0.0,5.0,1025.0,255.0,0.0,0.0,0.0,5.0,1281.0,254.0,0.0,0.0,0.0,2.0,1644167432.0,1644167688.0,4.0,1678835984.0,1678836240.0,1678836496.0,1678836752.0,4.0,1678837008.0,1678837264.0,1678837520.0,1678837776.0,1.0,537198856.0,5.0,417.0,254.0,0.0,0.0,0.0,5.0,449.0,254.0,0.0,0.0,0.0,5.0,481.0,254.0,0.0,0.0,0.0,5.0,673.0,254.0,0.0,0.0,0.0,5.0,705.0,254.0,0.0,0.0,0.0,5.0,737.0,254.0,0.0,0.0,0.0,5.0,929.0,254.0,0.0,0.0,0.0,4.0,1342177544.0,1342177800.0,1342178056.0,1342178312.0,8.0,1342243080.0,1342243336.0,1342243592.0,1342243848.0,1342244104.0,1342244360.0,1342244616.0,1342244872.0,4.0,1342308624.0,1342308880.0,1342309136.0,1342309392.0,4.0,1342374160.0,1342374416.0,1342374672.0,1342374928.0,4.0,1342375184.0,1342375440.0,1342375696.0,1342375952.0,4.0,1342376208.0,1342376464.0,1342376720.0,1342376976.0,8.0,1342439688.0,1342439944.0,1342440200.0,1342440456.0,1342440712.0,1342440968.0,1342441224.0,1342441480.0,4.0,0.0,0.0,0.0,0.0,8.0,17.0,17.0,17.0,17.0,17.0,17.0,17.0,17.0,16.0,100.0,100.0,100.0,100.0,100.0,100.0,100.0,100.0,100.0,100.0,100.0,100.0,100.0,100.0,100.0,100.0,2.0,45.0,45.0,1.0,0.0,4.0,80.0,245.0,1.0,0.0,8.0,0.0,252.0,168.0,168.0,170.0,26.0,85.0,122.0,5.0,143.0,1842.0,3.0,6.0,1.0,12.0,0.0,0.0,0.0,0.0,0.0,0.0,0.0,2102.0,0.0,0.0,0.0,0.0,8.0,44.0,0.0,0.0,0.0,0.0,0.0,0.0,0.0,2.0,0.0,64.0,8.0,0.0,0.0,0.0,0.0,0.0,0.0,0.0,0.0,0.0,0.0,0.0,655761.0,0.0,340444200.0,34044204.0,2.02,129.0,0.0,2000.0,65.0,0.0,0.0,0.0,0.0,0.0,0.0,0.0,1.0,0.0,0.0,0.0,0.0,0.0,0.0,0.0,0.0,0.0,0.0,0.0,0.0,0.0,0.0,0.0,0.0,0.0,0.0,0.0,0.0,0.0,0.0,0.0,0.0,0.0,0.0,0.0,0.0,0.0,0.0,1.0,0.0,0.0,0.0,0.0,0.0,0.0,0.0,0.0,0.0,0.0,0.0,0.0,0.0,0.0,0.0,0.0,0.0,0.0,0.0,0.0,0.0,0.0,0.0,0.0,0.0,0.0,0.0,0.0,0.0,0.0,0.0,0.0,0.0,11.692,1.999,0.0,0.0,0.0,0.0,0.0,0.0,1.0,1.0,0.0,0.0,2000.0,0.0,0.0,0.0,0.0,0.0,0.0,
983,0.0,0.0,0.0,0.0,0.0,0.0,3.0,1.0,1.0,1.0,3.0,1.0,1.0,1.0,4.0,1275.0,3408964.0,131072.0,0.0,2.0,1537.0,1409.0,5.0,513.0,255.0,0.0,0.0,0.0,5.0,769.0,255.0,0.0,0.0,0.0,5.0,1025.0,255.0,0.0,0.0,0.0,5.0,1281.0,254.0,0.0,0.0,0.0,2.0,1644167432.0,1644167688.0,4.0,1678835984.0,1678836240.0,1678836496.0,1678836752.0,4.0,1678837008.0,1678837264.0,1678837520.0,1678837776.0,1.0,537198856.0,5.0,417.0,254.0,0.0,0.0,0.0,5.0,449.0,254.0,0.0,0.0,0.0,5.0,481.0,254.0,0.0,0.0,0.0,5.0,673.0,254.0,0.0,0.0,0.0,5.0,705.0,254.0,0.0,0.0,0.0,5.0,737.0,254.0,0.0,0.0,0.0,5.0,929.0,254.0,0.0,0.0,0.0,4.0,1342177544.0,1342177800.0,1342178056.0,1342178312.0,8.0,1342243080.0,1342243336.0,1342243592.0,1342243848.0,1342244104.0,1342244360.0,1342244616.0,1342244872.0,4.0,1342308624.0,1342308880.0,1342309136.0,1342309392.0,4.0,1342374160.0,1342374416.0,1342374672.0,1342374928.0,4.0,1342375184.0,1342375440.0,1342375696.0,1342375952.0,4.0,1342376208.0,1342376464.0,1342376720.0,1342376976.0,8.0,1342439688.0,1342439944.0,1342440200.0,1342440456.0,1342440712.0,1342440968.0,1342441224.0,1342441480.0,4.0,0.0,0.0,0.0,0.0,8.0,17.0,17.0,17.0,17.0,17.0,17.0,17.0,17.0,16.0,100.0,100.0,100.0,100.0,100.0,100.0,100.0,100.0,100.0,100.0,100.0,100.0,100.0,100.0,100.0,100.0,2.0,45.0,45.0,1.0,0.0,4.0,80.0,245.0,1.0,0.0,8.0,0.0,252.0,168.0,168.0,170.0,26.0,85.0,122.0,5.0,143.0,1842.0,3.0,6.0,1.0,12.0,0.0,0.0,0.0,0.0,0.0,0.0,0.0,2102.0,0.0,0.0,0.0,0.0,8.0,44.0,0.0,0.0,0.0,0.0,0.0,0.0,0.0,2.0,0.0,64.0,8.0,0.0,0.0,0.0,0.0,0.0,0.0,0.0,0.0,0.0,0.0,0.0,655761.0,0.0,340444200.0,34044204.0,2.02,129.0,0.0,2000.0,65.0,0.0,0.0,0.0,0.0,0.0,0.0,0.0,1.0,0.0,0.0,0.0,0.0,0.0,0.0,0.0,0.0,0.0,0.0,0.0,0.0,0.0,0.0,0.0,0.0,0.0,0.0,0.0,0.0,0.0,0.0,0.0,0.0,0.0,0.0,0.0,0.0,0.0,0.0,1.0,0.0,0.0,0.0,0.0,0.0,0.0,0.0,0.0,0.0,0.0,0.0,0.0,0.0,0.0,0.0,0.0,0.0,0.0,0.0,0.0,0.0,0.0,0.0,0.0,0.0,0.0,0.0,0.0,0.0,0.0,0.0,0.0,0.0,11.692,1.999,0.0,0.0,0.0,0.0,0.0,0.0,1.0,1.0,0.0,0.0,2000.0,0.0,0.0,0.0,0.0,0.0,0.0,
988,0.0,0.0,0.0,0.0,0.0,0.0,3.0,1.0,1.0,1.0,3.0,1.0,1.0,1.0,4.0,1275.0,3408964.0,131072.0,0.0,2.0,1537.0,1409.0,5.0,513.0,255.0,0.0,0.0,0.0,5.0,769.0,255.0,0.0,0.0,0.0,5.0,1025.0,255.0,0.0,0.0,0.0,5.0,1281.0,254.0,0.0,0.0,0.0,2.0,1644167432.0,1644167688.0,4.0,1678835984.0,1678836240.0,1678836496.0,1678836752.0,4.0,1678837008.0,1678837264.0,1678837520.0,1678837776.0,1.0,537198856.0,5.0,417.0,254.0,0.0,0.0,0.0,5.0,449.0,254.0,0.0,0.0,0.0,5.0,481.0,254.0,0.0,0.0,0.0,5.0,673.0,254.0,0.0,0.0,0.0,5.0,705.0,254.0,0.0,0.0,0.0,5.0,737.0,254.0,0.0,0.0,0.0,5.0,929.0,254.0,0.0,0.0,0.0,4.0,1342177544.0,1342177800.0,1342178056.0,1342178312.0,8.0,1342243080.0,1342243336.0,1342243592.0,1342243848.0,1342244104.0,1342244360.0,1342244616.0,1342244872.0,4.0,1342308624.0,1342308880.0,1342309136.0,1342309392.0,4.0,1342374160.0,1342374416.0,1342374672.0,1342374928.0,4.0,1342375184.0,1342375440.0,1342375696.0,1342375952.0,4.0,1342376208.0,1342376464.0,1342376720.0,1342376976.0,8.0,1342439688.0,1342439944.0,1342440200.0,1342440456.0,1342440712.0,1342440968.0,1342441224.0,1342441480.0,4.0,0.0,0.0,0.0,0.0,8.0,17.0,17.0,17.0,17.0,17.0,17.0,17.0,17.0,16.0,100.0,100.0,100.0,100.0,100.0,100.0,100.0,100.0,100.0,100.0,100.0,100.0,100.0,100.0,100.0,100.0,2.0,45.0,45.0,1.0,0.0,4.0,80.0,245.0,1.0,0.0,8.0,0.0,252.0,168.0,168.0,170.0,26.0,85.0,122.0,5.0,143.0,1842.0,3.0,6.0,1.0,12.0,0.0,0.0,0.0,0.0,0.0,0.0,0.0,2640.0,0.0,0.0,0.0,0.0,8.0,44.0,0.0,0.0,0.0,0.0,0.0,0.0,0.0,2.0,0.0,64.0,8.0,0.0,0.0,0.0,0.0,0.0,0.0,0.0,0.0,0.0,0.0,0.0,655761.0,0.0,340444200.0,34044204.0,2.02,129.0,0.0,2000.0,65.0,0.0,0.0,0.0,0.0,0.0,0.0,0.0,1.0,0.0,0.0,0.0,0.0,0.0,0.0,0.0,0.0,0.0,0.0,0.0,0.0,0.0,0.0,0.0,0.0,0.0,0.0,0.0,0.0,0.0,0.0,0.0,0.0,0.0,0.0,0.0,0.0,0.0,0.0,1.0,0.0,0.0,0.0,0.0,0.0,0.0,0.0,0.0,0.0,0.0,0.0,0.0,0.0,0.0,0.0,0.0,0.0,0.0,0.0,0.0,0.0,0.0,0.0,0.0,0.0,0.0,0.0,0.0,0.0,0.0,0.0,0.0,0.0,11.005,2.5,0.0,0.0,0.0,0.0,0.0,0.0,1.0,1.0,0.0,0.0,2500.0,0.0,0.0,0.0,0.0,0.0,0.0,
989,0.0,0.0,0.0,0.0,0.0,0.0,3.0,1.0,1.0,1.0,3.0,1.0,1.0,1.0,4.0,1275.0,3408964.0,131072.0,0.0,2.0,1537.0,1409.0,5.0,513.0,255.0,0.0,0.0,0.0,5.0,769.0,255.0,0.0,0.0,0.0,5.0,1025.0,255.0,0.0,0.0,0.0,5.0,1281.0,254.0,0.0,0.0,0.0,2.0,1644167432.0,1644167688.0,4.0,1678835984.0,1678836240.0,1678836496.0,1678836752.0,4.0,1678837008.0,1678837264.0,1678837520.0,1678837776.0,1.0,537198856.0,5.0,417.0,254.0,0.0,0.0,0.0,5.0,449.0,254.0,0.0,0.0,0.0,5.0,481.0,254.0,0.0,0.0,0.0,5.0,673.0,254.0,0.0,0.0,0.0,5.0,705.0,254.0,0.0,0.0,0.0,5.0,737.0,254.0,0.0,0.0,0.0,5.0,929.0,254.0,0.0,0.0,0.0,4.0,1342177544.0,1342177800.0,1342178056.0,1342178312.0,8.0,1342243080.0,1342243336.0,1342243592.0,1342243848.0,1342244104.0,1342244360.0,1342244616.0,1342244872.0,4.0,1342308624.0,1342308880.0,1342309136.0,1342309392.0,4.0,1342374160.0,1342374416.0,1342374672.0,1342374928.0,4.0,1342375184.0,1342375440.0,1342375696.0,1342375952.0,4.0,1342376208.0,1342376464.0,1342376720.0,1342376976.0,8.0,1342439688.0,1342439944.0,1342440200.0,1342440456.0,1342440712.0,1342440968.0,1342441224.0,1342441480.0,4.0,0.0,0.0,0.0,0.0,8.0,17.0,17.0,17.0,17.0,17.0,17.0,17.0,17.0,16.0,100.0,100.0,100.0,100.0,100.0,100.0,100.0,100.0,100.0,100.0,100.0,100.0,100.0,100.0,100.0,100.0,2.0,45.0,45.0,1.0,0.0,4.0,80.0,245.0,1.0,0.0,8.0,0.0,252.0,168.0,168.0,170.0,26.0,85.0,122.0,5.0,143.0,1842.0,3.0,6.0,1.0,12.0,0.0,0.0,0.0,0.0,0.0,0.0,0.0,2640.0,0.0,0.0,0.0,0.0,8.0,44.0,0.0,0.0,0.0,0.0,0.0,0.0,0.0,2.0,0.0,64.0,8.0,0.0,0.0,0.0,0.0,0.0,0.0,0.0,0.0,0.0,0.0,0.0,655761.0,0.0,340444200.0,34044204.0,2.02,129.0,0.0,2000.0,65.0,0.0,0.0,0.0,0.0,0.0,0.0,0.0,1.0,0.0,0.0,0.0,0.0,0.0,0.0,0.0,0.0,0.0,0.0,0.0,0.0,0.0,0.0,0.0,0.0,0.0,0.0,0.0,0.0,0.0,0.0,0.0,0.0,0.0,0.0,0.0,0.0,0.0,0.0,1.0,0.0,0.0,0.0,0.0,0.0,0.0,0.0,0.0,0.0,0.0,0.0,0.0,0.0,0.0,0.0,0.0,0.0,0.0,0.0,0.0,0.0,0.0,0.0,0.0,0.0,0.0,0.0,0.0,0.0,0.0,0.0,0.0,0.0,11.007,2.5,0.0,0.0,0.0,0.0,0.0,0.0,1.0,1.0,0.0,0.0,2500.0,0.0,0.0,0.0,0.0,0.0,0.0,
990,0.0,0.0,0.0,0.0,0.0,0.0,3.0,1.0,1.0,1.0,3.0,1.0,1.0,1.0,4.0,1275.0,3408964.0,131072.0,0.0,2.0,1537.0,1409.0,5.0,513.0,255.0,0.0,0.0,0.0,5.0,769.0,255.0,0.0,0.0,0.0,5.0,1025.0,255.0,0.0,0.0,0.0,5.0,1281.0,254.0,0.0,0.0,0.0,2.0,1644167432.0,1644167688.0,4.0,1678835984.0,1678836240.0,1678836496.0,1678836752.0,4.0,1678837008.0,1678837264.0,1678837520.0,1678837776.0,1.0,537198856.0,5.0,417.0,254.0,0.0,0.0,0.0,5.0,449.0,254.0,0.0,0.0,0.0,5.0,481.0,254.0,0.0,0.0,0.0,5.0,673.0,254.0,0.0,0.0,0.0,5.0,705.0,254.0,0.0,0.0,0.0,5.0,737.0,254.0,0.0,0.0,0.0,5.0,929.0,254.0,0.0,0.0,0.0,4.0,1342177544.0,1342177800.0,1342178056.0,1342178312.0,8.0,1342243080.0,1342243336.0,1342243592.0,1342243848.0,1342244104.0,1342244360.0,1342244616.0,1342244872.0,4.0,1342308624.0,1342308880.0,1342309136.0,1342309392.0,4.0,1342374160.0,1342374416.0,1342374672.0,1342374928.0,4.0,1342375184.0,1342375440.0,1342375696.0,1342375952.0,4.0,1342376208.0,1342376464.0,1342376720.0,1342376976.0,8.0,1342439688.0,1342439944.0,1342440200.0,1342440456.0,1342440712.0,1342440968.0,1342441224.0,1342441480.0,4.0,0.0,0.0,0.0,0.0,8.0,17.0,17.0,17.0,17.0,17.0,17.0,17.0,17.0,16.0,100.0,100.0,100.0,100.0,100.0,100.0,100.0,100.0,100.0,100.0,100.0,100.0,100.0,100.0,100.0,100.0,2.0,45.0,45.0,1.0,0.0,4.0,80.0,245.0,1.0,0.0,8.0,0.0,252.0,168.0,168.0,170.0,26.0,85.0,122.0,5.0,143.0,1842.0,3.0,6.0,1.0,12.0,0.0,0.0,0.0,0.0,0.0,0.0,0.0,2640.0,0.0,0.0,0.0,0.0,8.0,44.0,0.0,0.0,0.0,0.0,0.0,0.0,0.0,2.0,0.0,64.0,8.0,0.0,0.0,0.0,0.0,0.0,0.0,0.0,0.0,0.0,0.0,0.0,655761.0,0.0,340444200.0,34044204.0,2.02,129.0,0.0,2000.0,65.0,0.0,0.0,0.0,0.0,0.0,0.0,0.0,1.0,0.0,0.0,0.0,0.0,0.0,0.0,0.0,0.0,0.0,0.0,0.0,0.0,0.0,0.0,0.0,0.0,0.0,0.0,0.0,0.0,0.0,0.0,0.0,0.0,0.0,0.0,0.0,0.0,0.0,0.0,1.0,0.0,0.0,0.0,0.0,0.0,0.0,0.0,0.0,0.0,0.0,0.0,0.0,0.0,0.0,0.0,0.0,0.0,0.0,0.0,0.0,0.0,0.0,0.0,0.0,0.0,0.0,0.0,0.0,0.0,0.0,0.0,0.0,0.0,11.007,2.5,0.0,0.0,0.0,0.0,0.0,0.0,1.0,1.0,0.0,0.0,2500.0,0.0,0.0,0.0,0.0,0.0,0.0,
995,0.0,0.0,0.0,0.0,0.0,0.0,3.0,1.0,1.0,1.0,3.0,1.0,1.0,1.0,4.0,1275.0,3408964.0,131072.0,0.0,2.0,1537.0,1409.0,5.0,513.0,255.0,0.0,0.0,0.0,5.0,769.0,255.0,0.0,0.0,0.0,5.0,1025.0,255.0,0.0,0.0,0.0,5.0,1281.0,254.0,0.0,0.0,0.0,2.0,1644167432.0,1644167688.0,4.0,1678835984.0,1678836240.0,1678836496.0,1678836752.0,4.0,1678837008.0,1678837264.0,1678837520.0,1678837776.0,1.0,537198856.0,5.0,417.0,254.0,0.0,0.0,0.0,5.0,449.0,254.0,0.0,0.0,0.0,5.0,481.0,254.0,0.0,0.0,0.0,5.0,673.0,254.0,0.0,0.0,0.0,5.0,705.0,254.0,0.0,0.0,0.0,5.0,737.0,254.0,0.0,0.0,0.0,5.0,929.0,254.0,0.0,0.0,0.0,4.0,1342177544.0,1342177800.0,1342178056.0,1342178312.0,8.0,1342243080.0,1342243336.0,1342243592.0,1342243848.0,1342244104.0,1342244360.0,1342244616.0,1342244872.0,4.0,1342308624.0,1342308880.0,1342309136.0,1342309392.0,4.0,1342374160.0,1342374416.0,1342374672.0,1342374928.0,4.0,1342375184.0,1342375440.0,1342375696.0,1342375952.0,4.0,1342376208.0,1342376464.0,1342376720.0,1342376976.0,8.0,1342439688.0,1342439944.0,1342440200.0,1342440456.0,1342440712.0,1342440968.0,1342441224.0,1342441480.0,4.0,0.0,0.0,0.0,0.0,8.0,17.0,17.0,17.0,17.0,17.0,17.0,17.0,17.0,16.0,100.0,100.0,100.0,100.0,100.0,100.0,100.0,100.0,100.0,100.0,100.0,100.0,100.0,100.0,100.0,100.0,2.0,45.0,45.0,1.0,0.0,4.0,80.0,245.0,1.0,0.0,8.0,0.0,252.0,168.0,168.0,170.0,26.0,85.0,122.0,5.0,143.0,1842.0,3.0,6.0,1.0,12.0,0.0,0.0,0.0,0.0,0.0,0.0,0.0,3173.0,0.0,0.0,0.0,0.0,8.0,44.0,0.0,0.0,0.0,0.0,0.0,0.0,0.0,2.0,0.0,64.0,8.0,0.0,0.0,0.0,0.0,0.0,0.0,0.0,0.0,0.0,0.0,0.0,655761.0,0.0,340444200.0,34044204.0,2.02,129.0,0.0,2000.0,65.0,0.0,0.0,0.0,0.0,0.0,0.0,0.0,1.0,0.0,0.0,0.0,0.0,0.0,0.0,0.0,0.0,0.0,0.0,0.0,0.0,0.0,0.0,0.0,0.0,0.0,0.0,0.0,0.0,0.0,0.0,0.0,0.0,0.0,0.0,0.0,0.0,0.0,0.0,1.0,0.0,0.0,0.0,0.0,0.0,0.0,0.0,0.0,0.0,0.0,0.0,0.0,0.0,0.0,0.0,0.0,0.0,0.0,0.0,0.0,0.0,0.0,0.0,0.0,0.0,0.0,0.0,0.0,0.0,0.0,0.0,0.0,0.0,10.344,2.999,0.0,0.0,0.0,0.0,0.0,0.0,1.0,1.0,0.0,0.0,3000.0,0.0,0.0,0.0,0.0,0.0,0.0,
996,0.0,0.0,0.0,0.0,0.0,0.0,3.0,1.0,1.0,1.0,3.0,1.0,1.0,1.0,4.0,1275.0,3408964.0,131072.0,0.0,2.0,1537.0,1409.0,5.0,513.0,255.0,0.0,0.0,0.0,5.0,769.0,255.0,0.0,0.0,0.0,5.0,1025.0,255.0,0.0,0.0,0.0,5.0,1281.0,254.0,0.0,0.0,0.0,2.0,1644167432.0,1644167688.0,4.0,1678835984.0,1678836240.0,1678836496.0,1678836752.0,4.0,1678837008.0,1678837264.0,1678837520.0,1678837776.0,1.0,537198856.0,5.0,417.0,254.0,0.0,0.0,0.0,5.0,449.0,254.0,0.0,0.0,0.0,5.0,481.0,254.0,0.0,0.0,0.0,5.0,673.0,254.0,0.0,0.0,0.0,5.0,705.0,254.0,0.0,0.0,0.0,5.0,737.0,254.0,0.0,0.0,0.0,5.0,929.0,254.0,0.0,0.0,0.0,4.0,1342177544.0,1342177800.0,1342178056.0,1342178312.0,8.0,1342243080.0,1342243336.0,1342243592.0,1342243848.0,1342244104.0,1342244360.0,1342244616.0,1342244872.0,4.0,1342308624.0,1342308880.0,1342309136.0,1342309392.0,4.0,1342374160.0,1342374416.0,1342374672.0,1342374928.0,4.0,1342375184.0,1342375440.0,1342375696.0,1342375952.0,4.0,1342376208.0,1342376464.0,1342376720.0,1342376976.0,8.0,1342439688.0,1342439944.0,1342440200.0,1342440456.0,1342440712.0,1342440968.0,1342441224.0,1342441480.0,4.0,0.0,0.0,0.0,0.0,8.0,17.0,17.0,17.0,17.0,17.0,17.0,17.0,17.0,16.0,100.0,100.0,100.0,100.0,100.0,100.0,100.0,100.0,100.0,100.0,100.0,100.0,100.0,100.0,100.0,100.0,2.0,45.0,45.0,1.0,0.0,4.0,80.0,245.0,1.0,0.0,8.0,0.0,252.0,168.0,168.0,170.0,26.0,85.0,122.0,5.0,143.0,1842.0,3.0,6.0,1.0,12.0,0.0,0.0,0.0,0.0,0.0,0.0,0.0,3173.0,0.0,0.0,0.0,0.0,8.0,44.0,0.0,0.0,0.0,0.0,0.0,0.0,0.0,2.0,0.0,64.0,8.0,0.0,0.0,0.0,0.0,0.0,0.0,0.0,0.0,0.0,0.0,0.0,655761.0,0.0,340444200.0,34044204.0,2.02,129.0,0.0,2000.0,65.0,0.0,0.0,0.0,0.0,0.0,0.0,0.0,1.0,0.0,0.0,0.0,0.0,0.0,0.0,0.0,0.0,0.0,0.0,0.0,0.0,0.0,0.0,0.0,0.0,0.0,0.0,0.0,0.0,0.0,0.0,0.0,0.0,0.0,0.0,0.0,0.0,0.0,0.0,1.0,0.0,0.0,0.0,0.0,0.0,0.0,0.0,0.0,0.0,0.0,0.0,0.0,0.0,0.0,0.0,0.0,0.0,0.0,0.0,0.0,0.0,0.0,0.0,0.0,0.0,0.0,0.0,0.0,0.0,0.0,0.0,0.0,0.0,10.343,2.999,0.0,0.0,0.0,0.0,0.0,0.0,1.0,1.0,0.0,0.0,3000.0,0.0,0.0,0.0,0.0,0.0,0.0,
997,0.0,0.0,0.0,0.0,0.0,0.0,3.0,1.0,1.0,1.0,3.0,1.0,1.0,1.0,4.0,1275.0,3408964.0,131072.0,0.0,2.0,1537.0,1409.0,5.0,513.0,255.0,0.0,0.0,0.0,5.0,769.0,255.0,0.0,0.0,0.0,5.0,1025.0,255.0,0.0,0.0,0.0,5.0,1281.0,254.0,0.0,0.0,0.0,2.0,1644167432.0,1644167688.0,4.0,1678835984.0,1678836240.0,1678836496.0,1678836752.0,4.0,1678837008.0,1678837264.0,1678837520.0,1678837776.0,1.0,537198856.0,5.0,417.0,254.0,0.0,0.0,0.0,5.0,449.0,254.0,0.0,0.0,0.0,5.0,481.0,254.0,0.0,0.0,0.0,5.0,673.0,254.0,0.0,0.0,0.0,5.0,705.0,254.0,0.0,0.0,0.0,5.0,737.0,254.0,0.0,0.0,0.0,5.0,929.0,254.0,0.0,0.0,0.0,4.0,1342177544.0,1342177800.0,1342178056.0,1342178312.0,8.0,1342243080.0,1342243336.0,1342243592.0,1342243848.0,1342244104.0,1342244360.0,1342244616.0,1342244872.0,4.0,1342308624.0,1342308880.0,1342309136.0,1342309392.0,4.0,1342374160.0,1342374416.0,1342374672.0,1342374928.0,4.0,1342375184.0,1342375440.0,1342375696.0,1342375952.0,4.0,1342376208.0,1342376464.0,1342376720.0,1342376976.0,8.0,1342439688.0,1342439944.0,1342440200.0,1342440456.0,1342440712.0,1342440968.0,1342441224.0,1342441480.0,4.0,0.0,0.0,0.0,0.0,8.0,17.0,17.0,17.0,17.0,17.0,17.0,17.0,17.0,16.0,100.0,100.0,100.0,100.0,100.0,100.0,100.0,100.0,100.0,100.0,100.0,100.0,100.0,100.0,100.0,100.0,2.0,45.0,45.0,1.0,0.0,4.0,80.0,245.0,1.0,0.0,8.0,0.0,252.0,168.0,168.0,170.0,26.0,85.0,122.0,5.0,143.0,1842.0,3.0,6.0,1.0,12.0,0.0,0.0,0.0,0.0,0.0,0.0,0.0,3173.0,0.0,0.0,0.0,0.0,8.0,44.0,0.0,0.0,0.0,0.0,0.0,0.0,0.0,2.0,0.0,64.0,8.0,0.0,0.0,0.0,0.0,0.0,0.0,0.0,0.0,0.0,0.0,0.0,655761.0,0.0,340444200.0,34044204.0,2.02,129.0,0.0,2000.0,65.0,0.0,0.0,0.0,0.0,0.0,0.0,0.0,1.0,0.0,0.0,0.0,0.0,0.0,0.0,0.0,0.0,0.0,0.0,0.0,0.0,0.0,0.0,0.0,0.0,0.0,0.0,0.0,0.0,0.0,0.0,0.0,0.0,0.0,0.0,0.0,0.0,0.0,0.0,1.0,0.0,0.0,0.0,0.0,0.0,0.0,0.0,0.0,0.0,0.0,0.0,0.0,0.0,0.0,0.0,0.0,0.0,0.0,0.0,0.0,0.0,0.0,0.0,0.0,0.0,0.0,0.0,0.0,0.0,0.0,0.0,0.0,0.0,10.343,2.999,0.0,0.0,0.0,0.0,0.0,0.0,1.0,1.0,0.0,0.0,3000.0,0.0,0.0,0.0,0.0,0.0,0.0,
1002,0.0,0.0,0.0,0.0,0.0,0.0,3.0,1.0,1.0,1.0,3.0,1.0,1.0,1.0,4.0,1275.0,3408964.0,131072.0,0.0,2.0,1537.0,1409.0,5.0,513.0,255.0,0.0,0.0,0.0,5.0,769.0,255.0,0.0,0.0,0.0,5.0,1025.0,255.0,0.0,0.0,0.0,5.0,1281.0,254.0,0.0,0.0,0.0,2.0,1644167432.0,1644167688.0,4.0,1678835984.0,1678836240.0,1678836496.0,1678836752.0,4.0,1678837008.0,1678837264.0,1678837520.0,1678837776.0,1.0,537198856.0,5.0,417.0,254.0,0.0,0.0,0.0,5.0,449.0,254.0,0.0,0.0,0.0,5.0,481.0,254.0,0.0,0.0,0.0,5.0,673.0,254.0,0.0,0.0,0.0,5.0,705.0,254.0,0.0,0.0,0.0,5.0,737.0,254.0,0.0,0.0,0.0,5.0,929.0,254.0,0.0,0.0,0.0,4.0,1342177544.0,1342177800.0,1342178056.0,1342178312.0,8.0,1342243080.0,1342243336.0,1342243592.0,1342243848.0,1342244104.0,1342244360.0,1342244616.0,1342244872.0,4.0,1342308624.0,1342308880.0,1342309136.0,1342309392.0,4.0,1342374160.0,1342374416.0,1342374672.0,1342374928.0,4.0,1342375184.0,1342375440.0,1342375696.0,1342375952.0,4.0,1342376208.0,1342376464.0,1342376720.0,1342376976.0,8.0,1342439688.0,1342439944.0,1342440200.0,1342440456.0,1342440712.0,1342440968.0,1342441224.0,1342441480.0,4.0,0.0,0.0,0.0,0.0,8.0,17.0,17.0,17.0,17.0,17.0,17.0,17.0,17.0,16.0,100.0,100.0,100.0,100.0,100.0,100.0,100.0,100.0,100.0,100.0,100.0,100.0,100.0,100.0,100.0,100.0,2.0,45.0,45.0,1.0,0.0,4.0,80.0,245.0,1.0,0.0,8.0,0.0,252.0,168.0,168.0,170.0,26.0,85.0,122.0,5.0,143.0,1842.0,3.0,6.0,1.0,12.0,0.0,0.0,0.0,0.0,0.0,0.0,0.0,3707.0,0.0,0.0,0.0,0.0,8.0,44.0,0.0,0.0,0.0,0.0,0.0,0.0,0.0,2.0,0.0,64.0,8.0,0.0,0.0,0.0,0.0,0.0,0.0,0.0,0.0,0.0,0.0,0.0,655761.0,0.0,340444200.0,34044204.0,2.02,129.0,0.0,2000.0,65.0,0.0,0.0,0.0,0.0,0.0,0.0,0.0,1.0,0.0,0.0,0.0,0.0,0.0,0.0,0.0,0.0,0.0,0.0,0.0,0.0,0.0,0.0,0.0,0.0,0.0,0.0,0.0,0.0,0.0,0.0,0.0,0.0,0.0,0.0,0.0,0.0,0.0,0.0,1.0,0.0,0.0,0.0,0.0,0.0,0.0,0.0,0.0,0.0,0.0,0.0,0.0,0.0,0.0,0.0,0.0,0.0,0.0,0.0,0.0,0.0,0.0,0.0,0.0,0.0,0.0,0.0,0.0,0.0,0.0,0.0,0.0,0.0,9.671,3.499,0.0,0.0,0.0,0.0,0.0,0.0,1.0,1.0,0.0,0.0,3500.0,0.0,0.0,0.0,0.0,0.0,0.0,
1003,0.0,0.0,0.0,0.0,0.0,0.0,3.0,1.0,1.0,1.0,3.0,1.0,1.0,1.0,4.0,1275.0,3408964.0,131072.0,0.0,2.0,1537.0,1409.0,5.0,513.0,255.0,0.0,0.0,0.0,5.0,769.0,255.0,0.0,0.0,0.0,5.0,1025.0,255.0,0.0,0.0,0.0,5.0,1281.0,254.0,0.0,0.0,0.0,2.0,1644167432.0,1644167688.0,4.0,1678835984.0,1678836240.0,1678836496.0,1678836752.0,4.0,1678837008.0,1678837264.0,1678837520.0,1678837776.0,1.0,537198856.0,5.0,417.0,254.0,0.0,0.0,0.0,5.0,449.0,254.0,0.0,0.0,0.0,5.0,481.0,254.0,0.0,0.0,0.0,5.0,673.0,254.0,0.0,0.0,0.0,5.0,705.0,254.0,0.0,0.0,0.0,5.0,737.0,254.0,0.0,0.0,0.0,5.0,929.0,254.0,0.0,0.0,0.0,4.0,1342177544.0,1342177800.0,1342178056.0,1342178312.0,8.0,1342243080.0,1342243336.0,1342243592.0,1342243848.0,1342244104.0,1342244360.0,1342244616.0,1342244872.0,4.0,1342308624.0,1342308880.0,1342309136.0,1342309392.0,4.0,1342374160.0,1342374416.0,1342374672.0,1342374928.0,4.0,1342375184.0,1342375440.0,1342375696.0,1342375952.0,4.0,1342376208.0,1342376464.0,1342376720.0,1342376976.0,8.0,1342439688.0,1342439944.0,1342440200.0,1342440456.0,1342440712.0,1342440968.0,1342441224.0,1342441480.0,4.0,0.0,0.0,0.0,0.0,8.0,17.0,17.0,17.0,17.0,17.0,17.0,17.0,17.0,16.0,100.0,100.0,100.0,100.0,100.0,100.0,100.0,100.0,100.0,100.0,100.0,100.0,100.0,100.0,100.0,100.0,2.0,45.0,45.0,1.0,0.0,4.0,80.0,245.0,1.0,0.0,8.0,0.0,252.0,168.0,168.0,170.0,26.0,85.0,122.0,5.0,143.0,1842.0,3.0,6.0,1.0,12.0,0.0,0.0,0.0,0.0,0.0,0.0,0.0,3707.0,0.0,0.0,0.0,0.0,8.0,44.0,0.0,0.0,0.0,0.0,0.0,0.0,0.0,2.0,0.0,64.0,8.0,0.0,0.0,0.0,0.0,0.0,0.0,0.0,0.0,0.0,0.0,0.0,655761.0,0.0,340444200.0,34044204.0,2.02,129.0,0.0,2000.0,65.0,0.0,0.0,0.0,0.0,0.0,0.0,0.0,1.0,0.0,0.0,0.0,0.0,0.0,0.0,0.0,0.0,0.0,0.0,0.0,0.0,0.0,0.0,0.0,0.0,0.0,0.0,0.0,0.0,0.0,0.0,0.0,0.0,0.0,0.0,0.0,0.0,0.0,0.0,1.0,0.0,0.0,0.0,0.0,0.0,0.0,0.0,0.0,0.0,0.0,0.0,0.0,0.0,0.0,0.0,0.0,0.0,0.0,0.0,0.0,0.0,0.0,0.0,0.0,0.0,0.0,0.0,0.0,0.0,0.0,0.0,0.0,0.0,9.672,3.499,0.0,0.0,0.0,0.0,0.0,0.0,1.0,1.0,0.0,0.0,3500.0,0.0,0.0,0.0,0.0,0.0,0.0,
1004,0.0,0.0,0.0,0.0,0.0,0.0,3.0,1.0,1.0,1.0,3.0,1.0,1.0,1.0,4.0,1275.0,3408964.0,131072.0,0.0,2.0,1537.0,1409.0,5.0,513.0,255.0,0.0,0.0,0.0,5.0,769.0,255.0,0.0,0.0,0.0,5.0,1025.0,255.0,0.0,0.0,0.0,5.0,1281.0,254.0,0.0,0.0,0.0,2.0,1644167432.0,1644167688.0,4.0,1678835984.0,1678836240.0,1678836496.0,1678836752.0,4.0,1678837008.0,1678837264.0,1678837520.0,1678837776.0,1.0,537198856.0,5.0,417.0,254.0,0.0,0.0,0.0,5.0,449.0,254.0,0.0,0.0,0.0,5.0,481.0,254.0,0.0,0.0,0.0,5.0,673.0,254.0,0.0,0.0,0.0,5.0,705.0,254.0,0.0,0.0,0.0,5.0,737.0,254.0,0.0,0.0,0.0,5.0,929.0,254.0,0.0,0.0,0.0,4.0,1342177544.0,1342177800.0,1342178056.0,1342178312.0,8.0,1342243080.0,1342243336.0,1342243592.0,1342243848.0,1342244104.0,1342244360.0,1342244616.0,1342244872.0,4.0,1342308624.0,1342308880.0,1342309136.0,1342309392.0,4.0,1342374160.0,1342374416.0,1342374672.0,1342374928.0,4.0,1342375184.0,1342375440.0,1342375696.0,1342375952.0,4.0,1342376208.0,1342376464.0,1342376720.0,1342376976.0,8.0,1342439688.0,1342439944.0,1342440200.0,1342440456.0,1342440712.0,1342440968.0,1342441224.0,1342441480.0,4.0,0.0,0.0,0.0,0.0,8.0,17.0,17.0,17.0,17.0,17.0,17.0,17.0,17.0,16.0,100.0,100.0,100.0,100.0,100.0,100.0,100.0,100.0,100.0,100.0,100.0,100.0,100.0,100.0,100.0,100.0,2.0,45.0,45.0,1.0,0.0,4.0,80.0,245.0,1.0,0.0,8.0,0.0,252.0,168.0,168.0,170.0,26.0,85.0,122.0,5.0,143.0,1842.0,3.0,6.0,1.0,12.0,0.0,0.0,0.0,0.0,0.0,0.0,0.0,3707.0,0.0,0.0,0.0,0.0,8.0,44.0,0.0,0.0,0.0,0.0,0.0,0.0,0.0,2.0,0.0,64.0,8.0,0.0,0.0,0.0,0.0,0.0,0.0,0.0,0.0,0.0,0.0,0.0,655761.0,0.0,340444200.0,34044204.0,2.02,129.0,0.0,2000.0,65.0,0.0,0.0,0.0,0.0,0.0,0.0,0.0,1.0,0.0,0.0,0.0,0.0,0.0,0.0,0.0,0.0,0.0,0.0,0.0,0.0,0.0,0.0,0.0,0.0,0.0,0.0,0.0,0.0,0.0,0.0,0.0,0.0,0.0,0.0,0.0,0.0,0.0,0.0,1.0,0.0,0.0,0.0,0.0,0.0,0.0,0.0,0.0,0.0,0.0,0.0,0.0,0.0,0.0,0.0,0.0,0.0,0.0,0.0,0.0,0.0,0.0,0.0,0.0,0.0,0.0,0.0,0.0,0.0,0.0,0.0,0.0,0.0,9.67,3.499,0.0,0.0,0.0,0.0,0.0,0.0,1.0,1.0,0.0,0.0,3500.0,0.0,0.0,0.0,0.0,0.0,0.0,
1009,0.0,0.0,0.0,0.0,0.0,0.0,3.0,1.0,1.0,1.0,3.0,1.0,1.0,1.0,4.0,1275.0,3408964.0,131072.0,0.0,2.0,1537.0,1409.0,5.0,513.0,255.0,0.0,0.0,0.0,5.0,769.0,255.0,0.0,0.0,0.0,5.0,1025.0,255.0,0.0,0.0,0.0,5.0,1281.0,254.0,0.0,0.0,0.0,2.0,1644167432.0,1644167688.0,4.0,1678835984.0,1678836240.0,1678836496.0,1678836752.0,4.0,1678837008.0,1678837264.0,1678837520.0,1678837776.0,1.0,537198856.0,5.0,417.0,254.0,0.0,0.0,0.0,5.0,449.0,254.0,0.0,0.0,0.0,5.0,481.0,254.0,0.0,0.0,0.0,5.0,673.0,254.0,0.0,0.0,0.0,5.0,705.0,254.0,0.0,0.0,0.0,5.0,737.0,254.0,0.0,0.0,0.0,5.0,929.0,254.0,0.0,0.0,0.0,4.0,1342177544.0,1342177800.0,1342178056.0,1342178312.0,8.0,1342243080.0,1342243336.0,1342243592.0,1342243848.0,1342244104.0,1342244360.0,1342244616.0,1342244872.0,4.0,1342308624.0,1342308880.0,1342309136.0,1342309392.0,4.0,1342374160.0,1342374416.0,1342374672.0,1342374928.0,4.0,1342375184.0,1342375440.0,1342375696.0,1342375952.0,4.0,1342376208.0,1342376464.0,1342376720.0,1342376976.0,8.0,1342439688.0,1342439944.0,1342440200.0,1342440456.0,1342440712.0,1342440968.0,1342441224.0,1342441480.0,4.0,0.0,0.0,0.0,0.0,8.0,17.0,17.0,17.0,17.0,17.0,17.0,17.0,17.0,16.0,100.0,100.0,100.0,100.0,100.0,100.0,100.0,100.0,100.0,100.0,100.0,100.0,100.0,100.0,100.0,100.0,2.0,45.0,45.0,1.0,0.0,4.0,80.0,245.0,1.0,0.0,8.0,0.0,252.0,168.0,168.0,170.0,26.0,85.0,122.0,5.0,142.0,1842.0,3.0,6.0,1.0,12.0,0.0,0.0,0.0,0.0,0.0,0.0,0.0,4248.0,0.0,0.0,0.0,0.0,8.0,44.0,0.0,0.0,0.0,0.0,0.0,0.0,0.0,2.0,0.0,64.0,8.0,0.0,0.0,0.0,0.0,0.0,0.0,0.0,0.0,0.0,0.0,0.0,655761.0,0.0,340444200.0,34044204.0,2.02,129.0,0.0,2000.0,65.0,0.0,0.0,0.0,0.0,0.0,0.0,0.0,1.0,0.0,0.0,0.0,0.0,0.0,0.0,0.0,0.0,0.0,0.0,0.0,0.0,0.0,0.0,0.0,0.0,0.0,0.0,0.0,0.0,0.0,0.0,0.0,0.0,0.0,0.0,0.0,0.0,0.0,0.0,1.0,0.0,0.0,0.0,0.0,0.0,0.0,0.0,0.0,0.0,0.0,0.0,0.0,0.0,0.0,0.0,0.0,0.0,0.0,0.0,0.0,0.0,0.0,0.0,0.0,0.0,0.0,0.0,0.0,0.0,0.0,0.0,0.0,0.0,8.994,4.001,0.0,0.0,0.0,0.0,0.0,0.0,1.0,1.0,0.0,0.0,4000.0,0.0,0.0,0.0,0.0,0.0,0.0,
1010,0.0,0.0,0.0,0.0,0.0,0.0,3.0,1.0,1.0,1.0,3.0,1.0,1.0,1.0,4.0,1275.0,3408964.0,131072.0,0.0,2.0,1537.0,1409.0,5.0,513.0,255.0,0.0,0.0,0.0,5.0,769.0,255.0,0.0,0.0,0.0,5.0,1025.0,255.0,0.0,0.0,0.0,5.0,1281.0,254.0,0.0,0.0,0.0,2.0,1644167432.0,1644167688.0,4.0,1678835984.0,1678836240.0,1678836496.0,1678836752.0,4.0,1678837008.0,1678837264.0,1678837520.0,1678837776.0,1.0,537198856.0,5.0,417.0,254.0,0.0,0.0,0.0,5.0,449.0,254.0,0.0,0.0,0.0,5.0,481.0,254.0,0.0,0.0,0.0,5.0,673.0,254.0,0.0,0.0,0.0,5.0,705.0,254.0,0.0,0.0,0.0,5.0,737.0,254.0,0.0,0.0,0.0,5.0,929.0,254.0,0.0,0.0,0.0,4.0,1342177544.0,1342177800.0,1342178056.0,1342178312.0,8.0,1342243080.0,1342243336.0,1342243592.0,1342243848.0,1342244104.0,1342244360.0,1342244616.0,1342244872.0,4.0,1342308624.0,1342308880.0,1342309136.0,1342309392.0,4.0,1342374160.0,1342374416.0,1342374672.0,1342374928.0,4.0,1342375184.0,1342375440.0,1342375696.0,1342375952.0,4.0,1342376208.0,1342376464.0,1342376720.0,1342376976.0,8.0,1342439688.0,1342439944.0,1342440200.0,1342440456.0,1342440712.0,1342440968.0,1342441224.0,1342441480.0,4.0,0.0,0.0,0.0,0.0,8.0,17.0,17.0,17.0,17.0,17.0,17.0,17.0,17.0,16.0,100.0,100.0,100.0,100.0,100.0,100.0,100.0,100.0,100.0,100.0,100.0,100.0,100.0,100.0,100.0,100.0,2.0,45.0,45.0,1.0,0.0,4.0,80.0,245.0,1.0,0.0,8.0,0.0,252.0,168.0,168.0,170.0,26.0,85.0,122.0,5.0,143.0,1842.0,3.0,6.0,1.0,12.0,0.0,0.0,0.0,0.0,0.0,0.0,0.0,4248.0,0.0,0.0,0.0,0.0,8.0,44.0,0.0,0.0,0.0,0.0,0.0,0.0,0.0,2.0,0.0,64.0,8.0,0.0,0.0,0.0,0.0,0.0,0.0,0.0,0.0,0.0,0.0,0.0,655761.0,0.0,340444200.0,34044204.0,2.02,129.0,0.0,2000.0,65.0,0.0,0.0,0.0,0.0,0.0,0.0,0.0,1.0,0.0,0.0,0.0,0.0,0.0,0.0,0.0,0.0,0.0,0.0,0.0,0.0,0.0,0.0,0.0,0.0,0.0,0.0,0.0,0.0,0.0,0.0,0.0,0.0,0.0,0.0,0.0,0.0,0.0,0.0,1.0,0.0,0.0,0.0,0.0,0.0,0.0,0.0,0.0,0.0,0.0,0.0,0.0,0.0,0.0,0.0,0.0,0.0,0.0,0.0,0.0,0.0,0.0,0.0,0.0,0.0,0.0,0.0,0.0,0.0,0.0,0.0,0.0,0.0,8.998,4.001,0.0,0.0,0.0,0.0,0.0,0.0,1.0,1.0,0.0,0.0,4000.0,0.0,0.0,0.0,0.0,0.0,0.0,
1011,0.0,0.0,0.0,0.0,0.0,0.0,3.0,1.0,1.0,1.0,3.0,1.0,1.0,1.0,4.0,1275.0,3408964.0,131072.0,0.0,2.0,1537.0,1409.0,5.0,513.0,255.0,0.0,0.0,0.0,5.0,769.0,255.0,0.0,0.0,0.0,5.0,1025.0,255.0,0.0,0.0,0.0,5.0,1281.0,254.0,0.0,0.0,0.0,2.0,1644167432.0,1644167688.0,4.0,1678835984.0,1678836240.0,1678836496.0,1678836752.0,4.0,1678837008.0,1678837264.0,1678837520.0,1678837776.0,1.0,537198856.0,5.0,417.0,254.0,0.0,0.0,0.0,5.0,449.0,254.0,0.0,0.0,0.0,5.0,481.0,254.0,0.0,0.0,0.0,5.0,673.0,254.0,0.0,0.0,0.0,5.0,705.0,254.0,0.0,0.0,0.0,5.0,737.0,254.0,0.0,0.0,0.0,5.0,929.0,254.0,0.0,0.0,0.0,4.0,1342177544.0,1342177800.0,1342178056.0,1342178312.0,8.0,1342243080.0,1342243336.0,1342243592.0,1342243848.0,1342244104.0,1342244360.0,1342244616.0,1342244872.0,4.0,1342308624.0,1342308880.0,1342309136.0,1342309392.0,4.0,1342374160.0,1342374416.0,1342374672.0,1342374928.0,4.0,1342375184.0,1342375440.0,1342375696.0,1342375952.0,4.0,1342376208.0,1342376464.0,1342376720.0,1342376976.0,8.0,1342439688.0,1342439944.0,1342440200.0,1342440456.0,1342440712.0,1342440968.0,1342441224.0,1342441480.0,4.0,0.0,0.0,0.0,0.0,8.0,17.0,17.0,17.0,17.0,17.0,17.0,17.0,17.0,16.0,100.0,100.0,100.0,100.0,100.0,100.0,100.0,100.0,100.0,100.0,100.0,100.0,100.0,100.0,100.0,100.0,2.0,45.0,45.0,1.0,0.0,4.0,80.0,245.0,1.0,0.0,8.0,0.0,252.0,168.0,168.0,170.0,26.0,85.0,122.0,5.0,143.0,1842.0,3.0,6.0,1.0,12.0,0.0,0.0,0.0,0.0,0.0,0.0,0.0,4248.0,0.0,0.0,0.0,0.0,8.0,44.0,0.0,0.0,0.0,0.0,0.0,0.0,0.0,2.0,0.0,64.0,8.0,0.0,0.0,0.0,0.0,0.0,0.0,0.0,0.0,0.0,0.0,0.0,655761.0,0.0,340444200.0,34044204.0,2.02,129.0,0.0,2000.0,65.0,0.0,0.0,0.0,0.0,0.0,0.0,0.0,1.0,0.0,0.0,0.0,0.0,0.0,0.0,0.0,0.0,0.0,0.0,0.0,0.0,0.0,0.0,0.0,0.0,0.0,0.0,0.0,0.0,0.0,0.0,0.0,0.0,0.0,0.0,0.0,0.0,0.0,0.0,1.0,0.0,0.0,0.0,0.0,0.0,0.0,0.0,0.0,0.0,0.0,0.0,0.0,0.0,0.0,0.0,0.0,0.0,0.0,0.0,0.0,0.0,0.0,0.0,0.0,0.0,0.0,0.0,0.0,0.0,0.0,0.0,0.0,0.0,8.998,4.001,0.0,0.0,0.0,0.0,0.0,0.0,1.0,1.0,0.0,0.0,4000.0,0.0,0.0,0.0,0.0,0.0,0.0,
1016,0.0,0.0,0.0,0.0,0.0,0.0,3.0,1.0,1.0,1.0,3.0,1.0,1.0,1.0,4.0,1275.0,3408964.0,131072.0,0.0,2.0,1537.0,1409.0,5.0,513.0,255.0,0.0,0.0,0.0,5.0,769.0,255.0,0.0,0.0,0.0,5.0,1025.0,255.0,0.0,0.0,0.0,5.0,1281.0,254.0,0.0,0.0,0.0,2.0,1644167432.0,1644167688.0,4.0,1678835984.0,1678836240.0,1678836496.0,1678836752.0,4.0,1678837008.0,1678837264.0,1678837520.0,1678837776.0,1.0,537198856.0,5.0,417.0,254.0,0.0,0.0,0.0,5.0,449.0,254.0,0.0,0.0,0.0,5.0,481.0,254.0,0.0,0.0,0.0,5.0,673.0,254.0,0.0,0.0,0.0,5.0,705.0,254.0,0.0,0.0,0.0,5.0,737.0,254.0,0.0,0.0,0.0,5.0,929.0,254.0,0.0,0.0,0.0,4.0,1342177544.0,1342177800.0,1342178056.0,1342178312.0,8.0,1342243080.0,1342243336.0,1342243592.0,1342243848.0,1342244104.0,1342244360.0,1342244616.0,1342244872.0,4.0,1342308624.0,1342308880.0,1342309136.0,1342309392.0,4.0,1342374160.0,1342374416.0,1342374672.0,1342374928.0,4.0,1342375184.0,1342375440.0,1342375696.0,1342375952.0,4.0,1342376208.0,1342376464.0,1342376720.0,1342376976.0,8.0,1342439688.0,1342439944.0,1342440200.0,1342440456.0,1342440712.0,1342440968.0,1342441224.0,1342441480.0,4.0,0.0,0.0,0.0,0.0,8.0,17.0,17.0,17.0,17.0,17.0,17.0,17.0,17.0,16.0,100.0,100.0,100.0,100.0,100.0,100.0,100.0,100.0,100.0,100.0,100.0,100.0,100.0,100.0,100.0,100.0,2.0,45.0,45.0,1.0,0.0,4.0,80.0,245.0,1.0,0.0,8.0,0.0,252.0,168.0,168.0,170.0,42.0,85.0,122.0,5.0,144.0,1842.0,3.0,6.0,1.0,12.0,0.0,0.0,0.0,0.0,0.0,0.0,0.0,0.0,0.0,0.0,0.0,0.0,8.0,44.0,0.0,0.0,0.0,0.0,0.0,0.0,0.0,2.0,0.0,64.0,8.0,0.0,0.0,0.0,0.0,0.0,0.0,0.0,0.0,0.0,0.0,0.0,655761.0,0.0,340444200.0,34044204.0,2.02,129.0,0.0,2000.0,65.0,0.0,0.0,0.0,0.0,0.0,0.0,0.0,1.0,0.0,0.0,0.0,0.0,0.0,0.0,0.0,0.0,0.0,0.0,0.0,0.0,0.0,0.0,0.0,0.0,0.0,0.0,0.0,0.0,0.0,0.0,0.0,0.0,0.0,0.0,0.0,0.0,0.0,0.0,1.0,0.0,0.0,0.0,0.0,0.0,0.0,0.0,0.0,0.0,0.0,0.0,0.0,0.0,0.0,0.0,0.0,0.0,0.0,0.0,0.0,0.0,0.0,0.0,0.0,0.0,0.0,0.0,0.0,0.0,0.0,0.0,0.0,0.0,0.0,0.0,0.0,0.0,0.0,0.0,0.0,0.0,1.0,1.0,0.0,0.0,4500.0,0.0,0.0,0.0,0.0,0.0,0.0,
1017,0.0,0.0,0.0,0.0,0.0,0.0,3.0,1.0,1.0,1.0,3.0,1.0,1.0,1.0,4.0,1275.0,3408964.0,131072.0,0.0,2.0,1537.0,1409.0,5.0,513.0,255.0,0.0,0.0,0.0,5.0,769.0,255.0,0.0,0.0,0.0,5.0,1025.0,255.0,0.0,0.0,0.0,5.0,1281.0,254.0,0.0,0.0,0.0,2.0,1644167432.0,1644167688.0,4.0,1678835984.0,1678836240.0,1678836496.0,1678836752.0,4.0,1678837008.0,1678837264.0,1678837520.0,1678837776.0,1.0,537198856.0,5.0,417.0,254.0,0.0,0.0,0.0,5.0,449.0,254.0,0.0,0.0,0.0,5.0,481.0,254.0,0.0,0.0,0.0,5.0,673.0,254.0,0.0,0.0,0.0,5.0,705.0,254.0,0.0,0.0,0.0,5.0,737.0,254.0,0.0,0.0,0.0,5.0,929.0,254.0,0.0,0.0,0.0,4.0,1342177544.0,1342177800.0,1342178056.0,1342178312.0,8.0,1342243080.0,1342243336.0,1342243592.0,1342243848.0,1342244104.0,1342244360.0,1342244616.0,1342244872.0,4.0,1342308624.0,1342308880.0,1342309136.0,1342309392.0,4.0,1342374160.0,1342374416.0,1342374672.0,1342374928.0,4.0,1342375184.0,1342375440.0,1342375696.0,1342375952.0,4.0,1342376208.0,1342376464.0,1342376720.0,1342376976.0,8.0,1342439688.0,1342439944.0,1342440200.0,1342440456.0,1342440712.0,1342440968.0,1342441224.0,1342441480.0,4.0,0.0,0.0,0.0,0.0,8.0,17.0,17.0,17.0,17.0,17.0,17.0,17.0,17.0,16.0,100.0,100.0,100.0,100.0,100.0,100.0,100.0,100.0,100.0,100.0,100.0,100.0,100.0,100.0,100.0,100.0,2.0,45.0,45.0,1.0,0.0,4.0,80.0,245.0,1.0,0.0,8.0,0.0,252.0,168.0,168.0,170.0,42.0,85.0,122.0,5.0,145.0,1842.0,3.0,6.0,1.0,12.0,0.0,0.0,0.0,0.0,0.0,0.0,0.0,0.0,0.0,0.0,0.0,0.0,8.0,44.0,0.0,0.0,0.0,0.0,0.0,0.0,0.0,2.0,0.0,64.0,8.0,0.0,0.0,0.0,0.0,0.0,0.0,0.0,0.0,0.0,0.0,0.0,655761.0,0.0,340444200.0,34044204.0,2.02,129.0,0.0,2000.0,65.0,0.0,0.0,0.0,0.0,0.0,0.0,0.0,1.0,0.0,0.0,0.0,0.0,0.0,0.0,0.0,0.0,0.0,0.0,0.0,0.0,0.0,0.0,0.0,0.0,0.0,0.0,0.0,0.0,0.0,0.0,0.0,0.0,0.0,0.0,0.0,0.0,0.0,0.0,1.0,0.0,0.0,0.0,0.0,0.0,0.0,0.0,0.0,0.0,0.0,0.0,0.0,0.0,0.0,0.0,0.0,0.0,0.0,0.0,0.0,0.0,0.0,0.0,0.0,0.0,0.0,0.0,0.0,0.0,0.0,0.0,0.0,0.0,0.0,0.0,0.0,0.0,0.0,0.0,0.0,0.0,1.0,1.0,0.0,0.0,4500.0,0.0,0.0,0.0,0.0,0.0,0.0,
1018,0.0,0.0,0.0,0.0,0.0,0.0,3.0,1.0,1.0,1.0,3.0,1.0,1.0,1.0,4.0,1275.0,3408964.0,131072.0,0.0,2.0,1537.0,1409.0,5.0,513.0,255.0,0.0,0.0,0.0,5.0,769.0,255.0,0.0,0.0,0.0,5.0,1025.0,255.0,0.0,0.0,0.0,5.0,1281.0,254.0,0.0,0.0,0.0,2.0,1644167432.0,1644167688.0,4.0,1678835984.0,1678836240.0,1678836496.0,1678836752.0,4.0,1678837008.0,1678837264.0,1678837520.0,1678837776.0,1.0,537198856.0,5.0,417.0,254.0,0.0,0.0,0.0,5.0,449.0,254.0,0.0,0.0,0.0,5.0,481.0,254.0,0.0,0.0,0.0,5.0,673.0,254.0,0.0,0.0,0.0,5.0,705.0,254.0,0.0,0.0,0.0,5.0,737.0,254.0,0.0,0.0,0.0,5.0,929.0,254.0,0.0,0.0,0.0,4.0,1342177544.0,1342177800.0,1342178056.0,1342178312.0,8.0,1342243080.0,1342243336.0,1342243592.0,1342243848.0,1342244104.0,1342244360.0,1342244616.0,1342244872.0,4.0,1342308624.0,1342308880.0,1342309136.0,1342309392.0,4.0,1342374160.0,1342374416.0,1342374672.0,1342374928.0,4.0,1342375184.0,1342375440.0,1342375696.0,1342375952.0,4.0,1342376208.0,1342376464.0,1342376720.0,1342376976.0,8.0,1342439688.0,1342439944.0,1342440200.0,1342440456.0,1342440712.0,1342440968.0,1342441224.0,1342441480.0,4.0,0.0,0.0,0.0,0.0,8.0,17.0,17.0,17.0,17.0,17.0,17.0,17.0,17.0,16.0,100.0,100.0,100.0,100.0,100.0,100.0,100.0,100.0,100.0,100.0,100.0,100.0,100.0,100.0,100.0,100.0,2.0,45.0,45.0,1.0,0.0,4.0,80.0,245.0,1.0,0.0,8.0,0.0,252.0,168.0,168.0,170.0,42.0,85.0,122.0,5.0,145.0,1842.0,3.0,6.0,1.0,12.0,0.0,0.0,0.0,0.0,0.0,0.0,0.0,0.0,0.0,0.0,0.0,0.0,8.0,44.0,0.0,0.0,0.0,0.0,0.0,0.0,0.0,2.0,0.0,64.0,8.0,0.0,0.0,0.0,0.0,0.0,0.0,0.0,0.0,0.0,0.0,0.0,655761.0,0.0,340444200.0,34044204.0,2.02,129.0,0.0,2000.0,65.0,0.0,0.0,0.0,0.0,0.0,0.0,0.0,1.0,0.0,0.0,0.0,0.0,0.0,0.0,0.0,0.0,0.0,0.0,0.0,0.0,0.0,0.0,0.0,0.0,0.0,0.0,0.0,0.0,0.0,0.0,0.0,0.0,0.0,0.0,0.0,0.0,0.0,0.0,1.0,0.0,0.0,0.0,0.0,0.0,0.0,0.0,0.0,0.0,0.0,0.0,0.0,0.0,0.0,0.0,0.0,0.0,0.0,0.0,0.0,0.0,0.0,0.0,0.0,0.0,0.0,0.0,0.0,0.0,0.0,0.0,0.0,0.0,0.0,0.0,0.0,0.0,0.0,0.0,0.0,0.0,1.0,1.0,0.0,0.0,4500.0,0.0,0.0,0.0,0.0,0.0,0.0,
1021,0.0,0.0,0.0,0.0,0.0,0.0,3.0,1.0,1.0,1.0,3.0,1.0,1.0,1.0,4.0,1275.0,3408964.0,131072.0,0.0,2.0,1537.0,1409.0,5.0,513.0,255.0,0.0,0.0,0.0,5.0,769.0,255.0,0.0,0.0,0.0,5.0,1025.0,255.0,0.0,0.0,0.0,5.0,1281.0,254.0,0.0,0.0,0.0,2.0,1644167432.0,1644167688.0,4.0,1678835984.0,1678836240.0,1678836496.0,1678836752.0,4.0,1678837008.0,1678837264.0,1678837520.0,1678837776.0,1.0,537198856.0,5.0,417.0,254.0,0.0,0.0,0.0,5.0,449.0,254.0,0.0,0.0,0.0,5.0,481.0,254.0,0.0,0.0,0.0,5.0,673.0,254.0,0.0,0.0,0.0,5.0,705.0,254.0,0.0,0.0,0.0,5.0,737.0,254.0,0.0,0.0,0.0,5.0,929.0,254.0,0.0,0.0,0.0,4.0,1342177544.0,1342177800.0,1342178056.0,1342178312.0,8.0,1342243080.0,1342243336.0,1342243592.0,1342243848.0,1342244104.0,1342244360.0,1342244616.0,1342244872.0,4.0,1342308624.0,1342308880.0,1342309136.0,1342309392.0,4.0,1342374160.0,1342374416.0,1342374672.0,1342374928.0,4.0,1342375184.0,1342375440.0,1342375696.0,1342375952.0,4.0,1342376208.0,1342376464.0,1342376720.0,1342376976.0,8.0,1342439688.0,1342439944.0,1342440200.0,1342440456.0,1342440712.0,1342440968.0,1342441224.0,1342441480.0,4.0,0.0,0.0,0.0,0.0,8.0,17.0,17.0,17.0,17.0,17.0,17.0,17.0,17.0,16.0,100.0,100.0,100.0,100.0,100.0,100.0,100.0,100.0,100.0,100.0,100.0,100.0,100.0,100.0,100.0,100.0,2.0,45.0,45.0,1.0,0.0,4.0,80.0,245.0,1.0,0.0,8.0,0.0,252.0,168.0,168.0,170.0,42.0,85.0,122.0,5.0,144.0,1842.0,3.0,6.0,1.0,12.0,0.0,0.0,0.0,0.0,0.0,0.0,0.0,0.0,0.0,0.0,0.0,0.0,8.0,44.0,0.0,0.0,0.0,0.0,0.0,0.0,0.0,2.0,0.0,0.0,8.0,0.0,0.0,0.0,0.0,0.0,0.0,0.0,0.0,0.0,0.0,0.0,655761.0,0.0,340444200.0,34044204.0,2.02,129.0,0.0,2000.0,65.0,0.0,0.0,0.0,0.0,0.0,0.0,0.0,1.0,0.0,0.0,0.0,0.0,0.0,0.0,0.0,0.0,0.0,0.0,0.0,0.0,0.0,0.0,0.0,0.0,0.0,0.0,0.0,0.0,0.0,0.0,0.0,0.0,0.0,0.0,0.0,0.0,0.0,0.0,0.0,0.0,0.0,0.0,0.0,0.0,0.0,0.0,0.0,0.0,0.0,0.0,0.0,0.0,0.0,0.0,0.0,0.0,0.0,0.0,0.0,0.0,0.0,0.0,0.0,0.0,0.0,0.0,0.0,0.0,0.0,0.0,0.0,0.0,0.0,0.0,0.0,0.0,0.0,0.0,0.0,0.0,1.0,1.0,0.0,0.0,4500.0,0.0,0.0,0.0,0.0,0.0,0.0,
1023,0.0,0.0,0.0,0.0,0.0,0.0,3.0,1.0,1.0,1.0,3.0,1.0,1.0,1.0,4.0,1275.0,3408964.0,131072.0,0.0,2.0,1537.0,1409.0,5.0,513.0,255.0,0.0,0.0,0.0,5.0,769.0,255.0,0.0,0.0,0.0,5.0,1025.0,255.0,0.0,0.0,0.0,5.0,1281.0,254.0,0.0,0.0,0.0,2.0,1644167432.0,1644167688.0,4.0,1678835984.0,1678836240.0,1678836496.0,1678836752.0,4.0,1678837008.0,1678837264.0,1678837520.0,1678837776.0,1.0,537198856.0,5.0,417.0,254.0,0.0,0.0,0.0,5.0,449.0,254.0,0.0,0.0,0.0,5.0,481.0,254.0,0.0,0.0,0.0,5.0,673.0,254.0,0.0,0.0,0.0,5.0,705.0,254.0,0.0,0.0,0.0,5.0,737.0,254.0,0.0,0.0,0.0,5.0,929.0,254.0,0.0,0.0,0.0,4.0,1342177544.0,1342177800.0,1342178056.0,1342178312.0,8.0,1342243080.0,1342243336.0,1342243592.0,1342243848.0,1342244104.0,1342244360.0,1342244616.0,1342244872.0,4.0,1342308624.0,1342308880.0,1342309136.0,1342309392.0,4.0,1342374160.0,1342374416.0,1342374672.0,1342374928.0,4.0,1342375184.0,1342375440.0,1342375696.0,1342375952.0,4.0,1342376208.0,1342376464.0,1342376720.0,1342376976.0,8.0,1342439688.0,1342439944.0,1342440200.0,1342440456.0,1342440712.0,1342440968.0,1342441224.0,1342441480.0,4.0,0.0,0.0,0.0,0.0,8.0,17.0,17.0,17.0,17.0,17.0,17.0,17.0,17.0,16.0,100.0,100.0,100.0,100.0,100.0,100.0,100.0,100.0,100.0,100.0,100.0,100.0,100.0,100.0,100.0,100.0,2.0,45.0,45.0,1.0,0.0,4.0,80.0,245.0,1.0,0.0,8.0,0.0,252.0,168.0,168.0,170.0,42.0,85.0,122.0,5.0,145.0,1842.0,3.0,6.0,1.0,12.0,0.0,0.0,0.0,0.0,0.0,0.0,0.0,0.0,0.0,0.0,0.0,0.0,8.0,44.0,0.0,0.0,0.0,0.0,0.0,0.0,0.0,2.0,0.0,0.0,8.0,0.0,0.0,0.0,0.0,0.0,0.0,0.0,0.0,0.0,0.0,0.0,655761.0,0.0,340444200.0,34044204.0,2.02,129.0,0.0,2000.0,65.0,0.0,0.0,0.0,0.0,0.0,0.0,0.0,1.0,0.0,0.0,0.0,0.0,0.0,0.0,0.0,0.0,0.0,0.0,0.0,0.0,0.0,0.0,0.0,0.0,0.0,0.0,0.0,0.0,0.0,0.0,0.0,0.0,0.0,0.0,0.0,0.0,0.0,0.0,0.0,0.0,0.0,0.0,0.0,0.0,0.0,0.0,0.0,0.0,0.0,0.0,0.0,0.0,0.0,0.0,0.0,0.0,0.0,0.0,0.0,0.0,0.0,0.0,0.0,0.0,0.0,0.0,0.0,0.0,0.0,0.0,0.0,0.0,0.0,0.0,0.0,0.0,0.0,0.0,0.0,0.0,1.0,1.0,0.0,0.0,0.0,0.0,0.0,0.0,0.0,0.0,0.0,
1031,0.0,0.0,0.0,0.0,0.0,0.0,3.0,1.0,1.0,1.0,3.0,1.0,1.0,1.0,4.0,1275.0,3408964.0,131072.0,0.0,2.0,1537.0,1409.0,5.0,513.0,255.0,0.0,0.0,0.0,5.0,769.0,255.0,0.0,0.0,0.0,5.0,1025.0,255.0,0.0,0.0,0.0,5.0,1281.0,254.0,0.0,0.0,0.0,2.0,1644167432.0,1644167688.0,4.0,1678835984.0,1678836240.0,1678836496.0,1678836752.0,4.0,1678837008.0,1678837264.0,1678837520.0,1678837776.0,1.0,537198856.0,5.0,417.0,254.0,0.0,0.0,0.0,5.0,449.0,254.0,0.0,0.0,0.0,5.0,481.0,254.0,0.0,0.0,0.0,5.0,673.0,254.0,0.0,0.0,0.0,5.0,705.0,254.0,0.0,0.0,0.0,5.0,737.0,254.0,0.0,0.0,0.0,5.0,929.0,254.0,0.0,0.0,0.0,4.0,1342177544.0,1342177800.0,1342178056.0,1342178312.0,8.0,1342243080.0,1342243336.0,1342243592.0,1342243848.0,1342244104.0,1342244360.0,1342244616.0,1342244872.0,4.0,1342308624.0,1342308880.0,1342309136.0,1342309392.0,4.0,1342374160.0,1342374416.0,1342374672.0,1342374928.0,4.0,1342375184.0,1342375440.0,1342375696.0,1342375952.0,4.0,1342376208.0,1342376464.0,1342376720.0,1342376976.0,8.0,1342439688.0,1342439944.0,1342440200.0,1342440456.0,1342440712.0,1342440968.0,1342441224.0,1342441480.0,4.0,0.0,0.0,0.0,0.0,8.0,17.0,17.0,17.0,17.0,17.0,17.0,17.0,17.0,16.0,100.0,100.0,100.0,100.0,100.0,100.0,100.0,100.0,100.0,100.0,100.0,100.0,100.0,100.0,100.0,100.0,2.0,45.0,45.0,1.0,128.0,4.0,80.0,245.0,1.0,0.0,8.0,0.0,252.0,168.0,168.0,170.0,106.0,85.0,122.0,5.0,145.0,1842.0,3.0,6.0,1.0,12.0,0.0,0.0,0.0,0.0,0.0,0.0,0.0,0.0,0.0,0.0,0.0,0.0,8.0,44.0,0.0,0.0,0.0,0.0,0.0,0.0,0.0,2.0,0.0,128.0,8.0,0.0,0.0,0.0,0.0,0.0,0.0,0.0,0.0,0.0,0.0,0.0,655761.0,0.0,340444200.0,34044204.0,2.02,129.0,0.0,2000.0,65.0,0.0,0.0,0.0,0.0,0.0,0.0,0.0,1.0,0.0,0.0,0.0,0.0,0.0,0.0,0.0,0.0,0.0,0.0,0.0,0.0,0.0,0.0,0.0,0.0,0.0,0.0,0.0,0.0,0.0,0.0,0.0,0.0,0.0,0.0,0.0,0.0,0.0,0.0,0.0,1.0,0.0,0.0,0.0,0.0,0.0,0.0,0.0,0.0,0.0,0.0,0.0,0.0,0.0,0.0,0.0,0.0,0.0,0.0,0.0,0.0,0.0,0.0,0.0,0.0,0.0,0.0,0.0,0.0,0.0,0.0,0.0,0.0,14.413,0.0,0.0,0.0,0.0,0.0,0.0,0.0,1.0,1.0,0.0,0.0,0.0,0.0,0.0,0.0,0.0,0.0,0.0,
1032,0.0,0.0,0.0,0.0,0.0,0.0,3.0,1.0,1.0,1.0,3.0,1.0,1.0,1.0,4.0,1275.0,3408964.0,131072.0,0.0,2.0,1537.0,1409.0,5.0,513.0,255.0,0.0,0.0,0.0,5.0,769.0,255.0,0.0,0.0,0.0,5.0,1025.0,255.0,0.0,0.0,0.0,5.0,1281.0,254.0,0.0,0.0,0.0,2.0,1644167432.0,1644167688.0,4.0,1678835984.0,1678836240.0,1678836496.0,1678836752.0,4.0,1678837008.0,1678837264.0,1678837520.0,1678837776.0,1.0,537198856.0,5.0,417.0,254.0,0.0,0.0,0.0,5.0,449.0,254.0,0.0,0.0,0.0,5.0,481.0,254.0,0.0,0.0,0.0,5.0,673.0,254.0,0.0,0.0,0.0,5.0,705.0,254.0,0.0,0.0,0.0,5.0,737.0,254.0,0.0,0.0,0.0,5.0,929.0,254.0,0.0,0.0,0.0,4.0,1342177544.0,1342177800.0,1342178056.0,1342178312.0,8.0,1342243080.0,1342243336.0,1342243592.0,1342243848.0,1342244104.0,1342244360.0,1342244616.0,1342244872.0,4.0,1342308624.0,1342308880.0,1342309136.0,1342309392.0,4.0,1342374160.0,1342374416.0,1342374672.0,1342374928.0,4.0,1342375184.0,1342375440.0,1342375696.0,1342375952.0,4.0,1342376208.0,1342376464.0,1342376720.0,1342376976.0,8.0,1342439688.0,1342439944.0,1342440200.0,1342440456.0,1342440712.0,1342440968.0,1342441224.0,1342441480.0,4.0,0.0,0.0,0.0,0.0,8.0,17.0,17.0,17.0,17.0,17.0,17.0,17.0,17.0,16.0,100.0,100.0,100.0,100.0,100.0,100.0,100.0,100.0,100.0,100.0,100.0,100.0,100.0,100.0,100.0,100.0,2.0,45.0,45.0,1.0,128.0,4.0,80.0,245.0,1.0,0.0,8.0,0.0,252.0,168.0,168.0,170.0,106.0,85.0,122.0,5.0,145.0,1842.0,3.0,6.0,1.0,12.0,0.0,0.0,0.0,0.0,0.0,0.0,0.0,0.0,0.0,0.0,0.0,0.0,8.0,44.0,0.0,0.0,0.0,0.0,0.0,0.0,0.0,2.0,0.0,128.0,8.0,0.0,0.0,0.0,0.0,0.0,0.0,0.0,0.0,0.0,0.0,0.0,655761.0,0.0,340444200.0,34044204.0,2.02,129.0,0.0,2000.0,65.0,0.0,0.0,0.0,0.0,0.0,0.0,0.0,1.0,0.0,0.0,0.0,0.0,0.0,0.0,0.0,0.0,0.0,0.0,0.0,0.0,0.0,0.0,0.0,0.0,0.0,0.0,0.0,0.0,0.0,0.0,0.0,0.0,0.0,0.0,0.0,0.0,0.0,0.0,0.0,1.0,0.0,0.0,0.0,0.0,0.0,0.0,0.0,0.0,0.0,0.0,0.0,0.0,0.0,0.0,0.0,0.0,0.0,0.0,0.0,0.0,0.0,0.0,0.0,0.0,0.0,0.0,0.0,0.0,0.0,0.0,0.0,0.0,14.414,0.0,0.0,0.0,0.0,0.0,0.0,0.0,1.0,1.0,0.0,0.0,0.0,0.0,0.0,0.0,0.0,0.0,0.0,
1033,0.0,0.0,0.0,0.0,0.0,0.0,3.0,1.0,1.0,1.0,3.0,1.0,1.0,1.0,4.0,1275.0,3408964.0,131072.0,0.0,2.0,1537.0,1409.0,5.0,513.0,255.0,0.0,0.0,0.0,5.0,769.0,255.0,0.0,0.0,0.0,5.0,1025.0,255.0,0.0,0.0,0.0,5.0,1281.0,254.0,0.0,0.0,0.0,2.0,1644167432.0,1644167688.0,4.0,1678835984.0,1678836240.0,1678836496.0,1678836752.0,4.0,1678837008.0,1678837264.0,1678837520.0,1678837776.0,1.0,537198856.0,5.0,417.0,254.0,0.0,0.0,0.0,5.0,449.0,254.0,0.0,0.0,0.0,5.0,481.0,254.0,0.0,0.0,0.0,5.0,673.0,254.0,0.0,0.0,0.0,5.0,705.0,254.0,0.0,0.0,0.0,5.0,737.0,254.0,0.0,0.0,0.0,5.0,929.0,254.0,0.0,0.0,0.0,4.0,1342177544.0,1342177800.0,1342178056.0,1342178312.0,8.0,1342243080.0,1342243336.0,1342243592.0,1342243848.0,1342244104.0,1342244360.0,1342244616.0,1342244872.0,4.0,1342308624.0,1342308880.0,1342309136.0,1342309392.0,4.0,1342374160.0,1342374416.0,1342374672.0,1342374928.0,4.0,1342375184.0,1342375440.0,1342375696.0,1342375952.0,4.0,1342376208.0,1342376464.0,1342376720.0,1342376976.0,8.0,1342439688.0,1342439944.0,1342440200.0,1342440456.0,1342440712.0,1342440968.0,1342441224.0,1342441480.0,4.0,0.0,0.0,0.0,0.0,8.0,17.0,17.0,17.0,17.0,17.0,17.0,17.0,17.0,16.0,100.0,100.0,100.0,100.0,100.0,100.0,100.0,100.0,100.0,100.0,100.0,100.0,100.0,100.0,100.0,100.0,2.0,45.0,45.0,1.0,128.0,4.0,80.0,245.0,1.0,0.0,8.0,0.0,252.0,168.0,168.0,170.0,106.0,85.0,122.0,5.0,145.0,1842.0,3.0,6.0,1.0,12.0,0.0,0.0,0.0,0.0,0.0,0.0,0.0,0.0,0.0,0.0,0.0,0.0,8.0,44.0,0.0,0.0,0.0,0.0,0.0,0.0,0.0,2.0,0.0,128.0,8.0,0.0,0.0,0.0,0.0,0.0,0.0,0.0,0.0,0.0,0.0,0.0,655761.0,0.0,340444200.0,34044204.0,2.02,129.0,0.0,2000.0,65.0,0.0,0.0,0.0,0.0,0.0,0.0,0.0,1.0,0.0,0.0,0.0,0.0,0.0,0.0,0.0,0.0,0.0,0.0,0.0,0.0,0.0,0.0,0.0,0.0,0.0,0.0,0.0,0.0,0.0,0.0,0.0,0.0,0.0,0.0,0.0,0.0,0.0,0.0,0.0,1.0,0.0,0.0,0.0,0.0,0.0,0.0,0.0,0.0,0.0,0.0,0.0,0.0,0.0,0.0,0.0,0.0,0.0,0.0,0.0,0.0,0.0,0.0,0.0,0.0,0.0,0.0,0.0,0.0,0.0,0.0,0.0,0.0,14.414,0.0,0.0,0.0,0.0,0.0,0.0,0.0,1.0,1.0,0.0,0.0,0.0,0.0,0.0,0.0,0.0,0.0,0.0,
1038,0.0,0.0,0.0,0.0,0.0,0.0,3.0,1.0,1.0,1.0,3.0,1.0,1.0,1.0,4.0,1275.0,3408964.0,131072.0,0.0,2.0,1537.0,1409.0,5.0,513.0,255.0,0.0,0.0,0.0,5.0,769.0,255.0,0.0,0.0,0.0,5.0,1025.0,255.0,0.0,0.0,0.0,5.0,1281.0,254.0,0.0,0.0,0.0,2.0,1644167432.0,1644167688.0,4.0,1678835984.0,1678836240.0,1678836496.0,1678836752.0,4.0,1678837008.0,1678837264.0,1678837520.0,1678837776.0,1.0,537198856.0,5.0,417.0,254.0,0.0,0.0,0.0,5.0,449.0,254.0,0.0,0.0,0.0,5.0,481.0,254.0,0.0,0.0,0.0,5.0,673.0,254.0,0.0,0.0,0.0,5.0,705.0,254.0,0.0,0.0,0.0,5.0,737.0,254.0,0.0,0.0,0.0,5.0,929.0,254.0,0.0,0.0,0.0,4.0,1342177544.0,1342177800.0,1342178056.0,1342178312.0,8.0,1342243080.0,1342243336.0,1342243592.0,1342243848.0,1342244104.0,1342244360.0,1342244616.0,1342244872.0,4.0,1342308624.0,1342308880.0,1342309136.0,1342309392.0,4.0,1342374160.0,1342374416.0,1342374672.0,1342374928.0,4.0,1342375184.0,1342375440.0,1342375696.0,1342375952.0,4.0,1342376208.0,1342376464.0,1342376720.0,1342376976.0,8.0,1342439688.0,1342439944.0,1342440200.0,1342440456.0,1342440712.0,1342440968.0,1342441224.0,1342441480.0,4.0,0.0,0.0,0.0,0.0,8.0,17.0,17.0,17.0,17.0,17.0,17.0,17.0,17.0,16.0,100.0,100.0,100.0,100.0,100.0,100.0,100.0,100.0,100.0,100.0,100.0,100.0,100.0,100.0,100.0,100.0,2.0,45.0,45.0,1.0,128.0,4.0,80.0,245.0,1.0,0.0,8.0,0.0,252.0,168.0,168.0,170.0,106.0,85.0,122.0,5.0,144.0,1842.0,3.0,6.0,1.0,12.0,0.0,0.0,0.0,0.0,0.0,0.0,0.0,497.0,0.0,0.0,0.0,0.0,8.0,44.0,0.0,0.0,0.0,0.0,0.0,0.0,0.0,2.0,0.0,128.0,8.0,0.0,0.0,0.0,0.0,0.0,0.0,0.0,0.0,0.0,0.0,0.0,655761.0,0.0,340444200.0,34044204.0,2.02,129.0,0.0,2000.0,65.0,0.0,0.0,0.0,0.0,0.0,0.0,0.0,1.0,0.0,0.0,0.0,0.0,0.0,0.0,0.0,0.0,0.0,0.0,0.0,0.0,0.0,0.0,0.0,0.0,0.0,0.0,0.0,0.0,0.0,0.0,0.0,0.0,0.0,0.0,0.0,0.0,0.0,0.0,0.0,1.0,0.0,0.0,0.0,0.0,0.0,0.0,0.0,0.0,0.0,0.0,0.0,0.0,0.0,0.0,0.0,0.0,0.0,0.0,0.0,0.0,0.0,0.0,0.0,0.0,0.0,0.0,0.0,0.0,0.0,0.0,0.0,0.0,13.726,0.499,0.0,0.0,0.0,0.0,0.0,0.0,1.0,1.0,0.0,0.0,500.0,0.0,0.0,0.0,0.0,0.0,0.0,
1039,0.0,0.0,0.0,0.0,0.0,0.0,3.0,1.0,1.0,1.0,3.0,1.0,1.0,1.0,4.0,1275.0,3408964.0,131072.0,0.0,2.0,1537.0,1409.0,5.0,513.0,255.0,0.0,0.0,0.0,5.0,769.0,255.0,0.0,0.0,0.0,5.0,1025.0,255.0,0.0,0.0,0.0,5.0,1281.0,254.0,0.0,0.0,0.0,2.0,1644167432.0,1644167688.0,4.0,1678835984.0,1678836240.0,1678836496.0,1678836752.0,4.0,1678837008.0,1678837264.0,1678837520.0,1678837776.0,1.0,537198856.0,5.0,417.0,254.0,0.0,0.0,0.0,5.0,449.0,254.0,0.0,0.0,0.0,5.0,481.0,254.0,0.0,0.0,0.0,5.0,673.0,254.0,0.0,0.0,0.0,5.0,705.0,254.0,0.0,0.0,0.0,5.0,737.0,254.0,0.0,0.0,0.0,5.0,929.0,254.0,0.0,0.0,0.0,4.0,1342177544.0,1342177800.0,1342178056.0,1342178312.0,8.0,1342243080.0,1342243336.0,1342243592.0,1342243848.0,1342244104.0,1342244360.0,1342244616.0,1342244872.0,4.0,1342308624.0,1342308880.0,1342309136.0,1342309392.0,4.0,1342374160.0,1342374416.0,1342374672.0,1342374928.0,4.0,1342375184.0,1342375440.0,1342375696.0,1342375952.0,4.0,1342376208.0,1342376464.0,1342376720.0,1342376976.0,8.0,1342439688.0,1342439944.0,1342440200.0,1342440456.0,1342440712.0,1342440968.0,1342441224.0,1342441480.0,4.0,0.0,0.0,0.0,0.0,8.0,17.0,17.0,17.0,17.0,17.0,17.0,17.0,17.0,16.0,100.0,100.0,100.0,100.0,100.0,100.0,100.0,100.0,100.0,100.0,100.0,100.0,100.0,100.0,100.0,100.0,2.0,45.0,45.0,1.0,128.0,4.0,80.0,245.0,1.0,0.0,8.0,0.0,252.0,168.0,168.0,170.0,106.0,85.0,122.0,5.0,144.0,1842.0,3.0,6.0,1.0,12.0,0.0,0.0,0.0,0.0,0.0,0.0,0.0,497.0,0.0,0.0,0.0,0.0,8.0,44.0,0.0,0.0,0.0,0.0,0.0,0.0,0.0,2.0,0.0,128.0,8.0,0.0,0.0,0.0,0.0,0.0,0.0,0.0,0.0,0.0,0.0,0.0,655761.0,0.0,340444200.0,34044204.0,2.02,129.0,0.0,2000.0,65.0,0.0,0.0,0.0,0.0,0.0,0.0,0.0,1.0,0.0,0.0,0.0,0.0,0.0,0.0,0.0,0.0,0.0,0.0,0.0,0.0,0.0,0.0,0.0,0.0,0.0,0.0,0.0,0.0,0.0,0.0,0.0,0.0,0.0,0.0,0.0,0.0,0.0,0.0,0.0,1.0,0.0,0.0,0.0,0.0,0.0,0.0,0.0,0.0,0.0,0.0,0.0,0.0,0.0,0.0,0.0,0.0,0.0,0.0,0.0,0.0,0.0,0.0,0.0,0.0,0.0,0.0,0.0,0.0,0.0,0.0,0.0,0.0,13.724,0.499,0.0,0.0,0.0,0.0,0.0,0.0,1.0,1.0,0.0,0.0,500.0,0.0,0.0,0.0,0.0,0.0,0.0,
1040,0.0,0.0,0.0,0.0,0.0,0.0,3.0,1.0,1.0,1.0,3.0,1.0,1.0,1.0,4.0,1275.0,3408964.0,131072.0,0.0,2.0,1537.0,1409.0,5.0,513.0,255.0,0.0,0.0,0.0,5.0,769.0,255.0,0.0,0.0,0.0,5.0,1025.0,255.0,0.0,0.0,0.0,5.0,1281.0,254.0,0.0,0.0,0.0,2.0,1644167432.0,1644167688.0,4.0,1678835984.0,1678836240.0,1678836496.0,1678836752.0,4.0,1678837008.0,1678837264.0,1678837520.0,1678837776.0,1.0,537198856.0,5.0,417.0,254.0,0.0,0.0,0.0,5.0,449.0,254.0,0.0,0.0,0.0,5.0,481.0,254.0,0.0,0.0,0.0,5.0,673.0,254.0,0.0,0.0,0.0,5.0,705.0,254.0,0.0,0.0,0.0,5.0,737.0,254.0,0.0,0.0,0.0,5.0,929.0,254.0,0.0,0.0,0.0,4.0,1342177544.0,1342177800.0,1342178056.0,1342178312.0,8.0,1342243080.0,1342243336.0,1342243592.0,1342243848.0,1342244104.0,1342244360.0,1342244616.0,1342244872.0,4.0,1342308624.0,1342308880.0,1342309136.0,1342309392.0,4.0,1342374160.0,1342374416.0,1342374672.0,1342374928.0,4.0,1342375184.0,1342375440.0,1342375696.0,1342375952.0,4.0,1342376208.0,1342376464.0,1342376720.0,1342376976.0,8.0,1342439688.0,1342439944.0,1342440200.0,1342440456.0,1342440712.0,1342440968.0,1342441224.0,1342441480.0,4.0,0.0,0.0,0.0,0.0,8.0,17.0,17.0,17.0,17.0,17.0,17.0,17.0,17.0,16.0,100.0,100.0,100.0,100.0,100.0,100.0,100.0,100.0,100.0,100.0,100.0,100.0,100.0,100.0,100.0,100.0,2.0,45.0,45.0,1.0,128.0,4.0,80.0,245.0,1.0,0.0,8.0,0.0,252.0,168.0,168.0,170.0,106.0,85.0,122.0,5.0,144.0,1842.0,3.0,6.0,1.0,12.0,0.0,0.0,0.0,0.0,0.0,0.0,0.0,497.0,0.0,0.0,0.0,0.0,8.0,44.0,0.0,0.0,0.0,0.0,0.0,0.0,0.0,2.0,0.0,128.0,8.0,0.0,0.0,0.0,0.0,0.0,0.0,0.0,0.0,0.0,0.0,0.0,655761.0,0.0,340444200.0,34044204.0,2.02,129.0,0.0,2000.0,65.0,0.0,0.0,0.0,0.0,0.0,0.0,0.0,1.0,0.0,0.0,0.0,0.0,0.0,0.0,0.0,0.0,0.0,0.0,0.0,0.0,0.0,0.0,0.0,0.0,0.0,0.0,0.0,0.0,0.0,0.0,0.0,0.0,0.0,0.0,0.0,0.0,0.0,0.0,0.0,1.0,0.0,0.0,0.0,0.0,0.0,0.0,0.0,0.0,0.0,0.0,0.0,0.0,0.0,0.0,0.0,0.0,0.0,0.0,0.0,0.0,0.0,0.0,0.0,0.0,0.0,0.0,0.0,0.0,0.0,0.0,0.0,0.0,13.724,0.499,0.0,0.0,0.0,0.0,0.0,0.0,1.0,1.0,0.0,0.0,500.0,0.0,0.0,0.0,0.0,0.0,0.0,
1045,0.0,0.0,0.0,0.0,0.0,0.0,3.0,1.0,1.0,1.0,3.0,1.0,1.0,1.0,4.0,1275.0,3408964.0,131072.0,0.0,2.0,1537.0,1409.0,5.0,513.0,255.0,0.0,0.0,0.0,5.0,769.0,255.0,0.0,0.0,0.0,5.0,1025.0,255.0,0.0,0.0,0.0,5.0,1281.0,254.0,0.0,0.0,0.0,2.0,1644167432.0,1644167688.0,4.0,1678835984.0,1678836240.0,1678836496.0,1678836752.0,4.0,1678837008.0,1678837264.0,1678837520.0,1678837776.0,1.0,537198856.0,5.0,417.0,254.0,0.0,0.0,0.0,5.0,449.0,254.0,0.0,0.0,0.0,5.0,481.0,254.0,0.0,0.0,0.0,5.0,673.0,254.0,0.0,0.0,0.0,5.0,705.0,254.0,0.0,0.0,0.0,5.0,737.0,254.0,0.0,0.0,0.0,5.0,929.0,254.0,0.0,0.0,0.0,4.0,1342177544.0,1342177800.0,1342178056.0,1342178312.0,8.0,1342243080.0,1342243336.0,1342243592.0,1342243848.0,1342244104.0,1342244360.0,1342244616.0,1342244872.0,4.0,1342308624.0,1342308880.0,1342309136.0,1342309392.0,4.0,1342374160.0,1342374416.0,1342374672.0,1342374928.0,4.0,1342375184.0,1342375440.0,1342375696.0,1342375952.0,4.0,1342376208.0,1342376464.0,1342376720.0,1342376976.0,8.0,1342439688.0,1342439944.0,1342440200.0,1342440456.0,1342440712.0,1342440968.0,1342441224.0,1342441480.0,4.0,0.0,0.0,0.0,0.0,8.0,17.0,17.0,17.0,17.0,17.0,17.0,17.0,17.0,16.0,100.0,100.0,100.0,100.0,100.0,100.0,100.0,100.0,100.0,100.0,100.0,100.0,100.0,100.0,100.0,100.0,2.0,45.0,45.0,1.0,128.0,4.0,80.0,245.0,1.0,0.0,8.0,0.0,252.0,168.0,168.0,170.0,106.0,85.0,122.0,5.0,144.0,1842.0,3.0,6.0,1.0,12.0,0.0,0.0,0.0,0.0,0.0,0.0,0.0,1011.0,0.0,0.0,0.0,0.0,8.0,44.0,0.0,0.0,0.0,0.0,0.0,0.0,0.0,2.0,0.0,128.0,8.0,0.0,0.0,0.0,0.0,0.0,0.0,0.0,0.0,0.0,0.0,0.0,655761.0,0.0,340444200.0,34044204.0,2.02,129.0,0.0,2000.0,65.0,0.0,0.0,0.0,0.0,0.0,0.0,0.0,1.0,0.0,0.0,0.0,0.0,0.0,0.0,0.0,0.0,0.0,0.0,0.0,0.0,0.0,0.0,0.0,0.0,0.0,0.0,0.0,0.0,0.0,0.0,0.0,0.0,0.0,0.0,0.0,0.0,0.0,0.0,0.0,1.0,0.0,0.0,0.0,0.0,0.0,0.0,0.0,0.0,0.0,0.0,0.0,0.0,0.0,0.0,0.0,0.0,0.0,0.0,0.0,0.0,0.0,0.0,0.0,0.0,0.0,0.0,0.0,0.0,0.0,0.0,0.0,0.0,13.056,0.999,0.0,0.0,0.0,0.0,0.0,0.0,1.0,1.0,0.0,0.0,1000.0,0.0,0.0,0.0,0.0,0.0,0.0,
1046,0.0,0.0,0.0,0.0,0.0,0.0,3.0,1.0,1.0,1.0,3.0,1.0,1.0,1.0,4.0,1275.0,3408964.0,131072.0,0.0,2.0,1537.0,1409.0,5.0,513.0,255.0,0.0,0.0,0.0,5.0,769.0,255.0,0.0,0.0,0.0,5.0,1025.0,255.0,0.0,0.0,0.0,5.0,1281.0,254.0,0.0,0.0,0.0,2.0,1644167432.0,1644167688.0,4.0,1678835984.0,1678836240.0,1678836496.0,1678836752.0,4.0,1678837008.0,1678837264.0,1678837520.0,1678837776.0,1.0,537198856.0,5.0,417.0,254.0,0.0,0.0,0.0,5.0,449.0,254.0,0.0,0.0,0.0,5.0,481.0,254.0,0.0,0.0,0.0,5.0,673.0,254.0,0.0,0.0,0.0,5.0,705.0,254.0,0.0,0.0,0.0,5.0,737.0,254.0,0.0,0.0,0.0,5.0,929.0,254.0,0.0,0.0,0.0,4.0,1342177544.0,1342177800.0,1342178056.0,1342178312.0,8.0,1342243080.0,1342243336.0,1342243592.0,1342243848.0,1342244104.0,1342244360.0,1342244616.0,1342244872.0,4.0,1342308624.0,1342308880.0,1342309136.0,1342309392.0,4.0,1342374160.0,1342374416.0,1342374672.0,1342374928.0,4.0,1342375184.0,1342375440.0,1342375696.0,1342375952.0,4.0,1342376208.0,1342376464.0,1342376720.0,1342376976.0,8.0,1342439688.0,1342439944.0,1342440200.0,1342440456.0,1342440712.0,1342440968.0,1342441224.0,1342441480.0,4.0,0.0,0.0,0.0,0.0,8.0,17.0,17.0,17.0,17.0,17.0,17.0,17.0,17.0,16.0,100.0,100.0,100.0,100.0,100.0,100.0,100.0,100.0,100.0,100.0,100.0,100.0,100.0,100.0,100.0,100.0,2.0,45.0,45.0,1.0,128.0,4.0,80.0,245.0,1.0,0.0,8.0,0.0,252.0,168.0,168.0,170.0,106.0,85.0,122.0,5.0,144.0,1842.0,3.0,6.0,1.0,12.0,0.0,0.0,0.0,0.0,0.0,0.0,0.0,1011.0,0.0,0.0,0.0,0.0,8.0,44.0,0.0,0.0,0.0,0.0,0.0,0.0,0.0,2.0,0.0,128.0,8.0,0.0,0.0,0.0,0.0,0.0,0.0,0.0,0.0,0.0,0.0,0.0,655761.0,0.0,340444200.0,34044204.0,2.02,129.0,0.0,2000.0,65.0,0.0,0.0,0.0,0.0,0.0,0.0,0.0,1.0,0.0,0.0,0.0,0.0,0.0,0.0,0.0,0.0,0.0,0.0,0.0,0.0,0.0,0.0,0.0,0.0,0.0,0.0,0.0,0.0,0.0,0.0,0.0,0.0,0.0,0.0,0.0,0.0,0.0,0.0,0.0,1.0,0.0,0.0,0.0,0.0,0.0,0.0,0.0,0.0,0.0,0.0,0.0,0.0,0.0,0.0,0.0,0.0,0.0,0.0,0.0,0.0,0.0,0.0,0.0,0.0,0.0,0.0,0.0,0.0,0.0,0.0,0.0,0.0,13.058,0.999,0.0,0.0,0.0,0.0,0.0,0.0,1.0,1.0,0.0,0.0,1000.0,0.0,0.0,0.0,0.0,0.0,0.0,
1047,0.0,0.0,0.0,0.0,0.0,0.0,3.0,1.0,1.0,1.0,3.0,1.0,1.0,1.0,4.0,1275.0,3408964.0,131072.0,0.0,2.0,1537.0,1409.0,5.0,513.0,255.0,0.0,0.0,0.0,5.0,769.0,255.0,0.0,0.0,0.0,5.0,1025.0,255.0,0.0,0.0,0.0,5.0,1281.0,254.0,0.0,0.0,0.0,2.0,1644167432.0,1644167688.0,4.0,1678835984.0,1678836240.0,1678836496.0,1678836752.0,4.0,1678837008.0,1678837264.0,1678837520.0,1678837776.0,1.0,537198856.0,5.0,417.0,254.0,0.0,0.0,0.0,5.0,449.0,254.0,0.0,0.0,0.0,5.0,481.0,254.0,0.0,0.0,0.0,5.0,673.0,254.0,0.0,0.0,0.0,5.0,705.0,254.0,0.0,0.0,0.0,5.0,737.0,254.0,0.0,0.0,0.0,5.0,929.0,254.0,0.0,0.0,0.0,4.0,1342177544.0,1342177800.0,1342178056.0,1342178312.0,8.0,1342243080.0,1342243336.0,1342243592.0,1342243848.0,1342244104.0,1342244360.0,1342244616.0,1342244872.0,4.0,1342308624.0,1342308880.0,1342309136.0,1342309392.0,4.0,1342374160.0,1342374416.0,1342374672.0,1342374928.0,4.0,1342375184.0,1342375440.0,1342375696.0,1342375952.0,4.0,1342376208.0,1342376464.0,1342376720.0,1342376976.0,8.0,1342439688.0,1342439944.0,1342440200.0,1342440456.0,1342440712.0,1342440968.0,1342441224.0,1342441480.0,4.0,0.0,0.0,0.0,0.0,8.0,17.0,17.0,17.0,17.0,17.0,17.0,17.0,17.0,16.0,100.0,100.0,100.0,100.0,100.0,100.0,100.0,100.0,100.0,100.0,100.0,100.0,100.0,100.0,100.0,100.0,2.0,45.0,45.0,1.0,128.0,4.0,80.0,245.0,1.0,0.0,8.0,0.0,252.0,168.0,168.0,170.0,106.0,85.0,122.0,5.0,144.0,1842.0,3.0,6.0,1.0,12.0,0.0,0.0,0.0,0.0,0.0,0.0,0.0,1011.0,0.0,0.0,0.0,0.0,8.0,44.0,0.0,0.0,0.0,0.0,0.0,0.0,0.0,2.0,0.0,128.0,8.0,0.0,0.0,0.0,0.0,0.0,0.0,0.0,0.0,0.0,0.0,0.0,655761.0,0.0,340444200.0,34044204.0,2.02,129.0,0.0,2000.0,65.0,0.0,0.0,0.0,0.0,0.0,0.0,0.0,1.0,0.0,0.0,0.0,0.0,0.0,0.0,0.0,0.0,0.0,0.0,0.0,0.0,0.0,0.0,0.0,0.0,0.0,0.0,0.0,0.0,0.0,0.0,0.0,0.0,0.0,0.0,0.0,0.0,0.0,0.0,0.0,1.0,0.0,0.0,0.0,0.0,0.0,0.0,0.0,0.0,0.0,0.0,0.0,0.0,0.0,0.0,0.0,0.0,0.0,0.0,0.0,0.0,0.0,0.0,0.0,0.0,0.0,0.0,0.0,0.0,0.0,0.0,0.0,0.0,13.057,0.999,0.0,0.0,0.0,0.0,0.0,0.0,1.0,1.0,0.0,0.0,1000.0,0.0,0.0,0.0,0.0,0.0,0.0,
1052,0.0,0.0,0.0,0.0,0.0,0.0,3.0,1.0,1.0,1.0,3.0,1.0,1.0,1.0,4.0,1275.0,3408964.0,131072.0,0.0,2.0,1537.0,1409.0,5.0,513.0,255.0,0.0,0.0,0.0,5.0,769.0,255.0,0.0,0.0,0.0,5.0,1025.0,255.0,0.0,0.0,0.0,5.0,1281.0,254.0,0.0,0.0,0.0,2.0,1644167432.0,1644167688.0,4.0,1678835984.0,1678836240.0,1678836496.0,1678836752.0,4.0,1678837008.0,1678837264.0,1678837520.0,1678837776.0,1.0,537198856.0,5.0,417.0,254.0,0.0,0.0,0.0,5.0,449.0,254.0,0.0,0.0,0.0,5.0,481.0,254.0,0.0,0.0,0.0,5.0,673.0,254.0,0.0,0.0,0.0,5.0,705.0,254.0,0.0,0.0,0.0,5.0,737.0,254.0,0.0,0.0,0.0,5.0,929.0,254.0,0.0,0.0,0.0,4.0,1342177544.0,1342177800.0,1342178056.0,1342178312.0,8.0,1342243080.0,1342243336.0,1342243592.0,1342243848.0,1342244104.0,1342244360.0,1342244616.0,1342244872.0,4.0,1342308624.0,1342308880.0,1342309136.0,1342309392.0,4.0,1342374160.0,1342374416.0,1342374672.0,1342374928.0,4.0,1342375184.0,1342375440.0,1342375696.0,1342375952.0,4.0,1342376208.0,1342376464.0,1342376720.0,1342376976.0,8.0,1342439688.0,1342439944.0,1342440200.0,1342440456.0,1342440712.0,1342440968.0,1342441224.0,1342441480.0,4.0,0.0,0.0,0.0,0.0,8.0,17.0,17.0,17.0,17.0,17.0,17.0,17.0,17.0,16.0,100.0,100.0,100.0,100.0,100.0,100.0,100.0,100.0,100.0,100.0,100.0,100.0,100.0,100.0,100.0,100.0,2.0,45.0,45.0,1.0,128.0,4.0,80.0,245.0,1.0,0.0,8.0,0.0,252.0,168.0,168.0,170.0,106.0,85.0,122.0,5.0,144.0,1842.0,3.0,6.0,1.0,12.0,0.0,0.0,0.0,0.0,0.0,0.0,0.0,1529.0,0.0,0.0,0.0,0.0,8.0,44.0,0.0,0.0,0.0,0.0,0.0,0.0,0.0,2.0,0.0,128.0,8.0,0.0,0.0,0.0,0.0,0.0,0.0,0.0,0.0,0.0,0.0,0.0,655761.0,0.0,340444200.0,34044204.0,2.02,129.0,0.0,2000.0,65.0,0.0,0.0,0.0,0.0,0.0,0.0,0.0,1.0,0.0,0.0,0.0,0.0,0.0,0.0,0.0,0.0,0.0,0.0,0.0,0.0,0.0,0.0,0.0,0.0,0.0,0.0,0.0,0.0,0.0,0.0,0.0,0.0,0.0,0.0,0.0,0.0,0.0,0.0,0.0,1.0,0.0,0.0,0.0,0.0,0.0,0.0,0.0,0.0,0.0,0.0,0.0,0.0,0.0,0.0,0.0,0.0,0.0,0.0,0.0,0.0,0.0,0.0,0.0,0.0,0.0,0.0,0.0,0.0,0.0,0.0,0.0,0.0,12.379,1.499,0.0,0.0,0.0,0.0,0.0,0.0,1.0,1.0,0.0,0.0,1500.0,0.0,0.0,0.0,0.0,0.0,0.0,
1053,0.0,0.0,0.0,0.0,0.0,0.0,3.0,1.0,1.0,1.0,3.0,1.0,1.0,1.0,4.0,1275.0,3408964.0,131072.0,0.0,2.0,1537.0,1409.0,5.0,513.0,255.0,0.0,0.0,0.0,5.0,769.0,255.0,0.0,0.0,0.0,5.0,1025.0,255.0,0.0,0.0,0.0,5.0,1281.0,254.0,0.0,0.0,0.0,2.0,1644167432.0,1644167688.0,4.0,1678835984.0,1678836240.0,1678836496.0,1678836752.0,4.0,1678837008.0,1678837264.0,1678837520.0,1678837776.0,1.0,537198856.0,5.0,417.0,254.0,0.0,0.0,0.0,5.0,449.0,254.0,0.0,0.0,0.0,5.0,481.0,254.0,0.0,0.0,0.0,5.0,673.0,254.0,0.0,0.0,0.0,5.0,705.0,254.0,0.0,0.0,0.0,5.0,737.0,254.0,0.0,0.0,0.0,5.0,929.0,254.0,0.0,0.0,0.0,4.0,1342177544.0,1342177800.0,1342178056.0,1342178312.0,8.0,1342243080.0,1342243336.0,1342243592.0,1342243848.0,1342244104.0,1342244360.0,1342244616.0,1342244872.0,4.0,1342308624.0,1342308880.0,1342309136.0,1342309392.0,4.0,1342374160.0,1342374416.0,1342374672.0,1342374928.0,4.0,1342375184.0,1342375440.0,1342375696.0,1342375952.0,4.0,1342376208.0,1342376464.0,1342376720.0,1342376976.0,8.0,1342439688.0,1342439944.0,1342440200.0,1342440456.0,1342440712.0,1342440968.0,1342441224.0,1342441480.0,4.0,0.0,0.0,0.0,0.0,8.0,17.0,17.0,17.0,17.0,17.0,17.0,17.0,17.0,16.0,100.0,100.0,100.0,100.0,100.0,100.0,100.0,100.0,100.0,100.0,100.0,100.0,100.0,100.0,100.0,100.0,2.0,45.0,45.0,1.0,128.0,4.0,80.0,245.0,1.0,0.0,8.0,0.0,252.0,168.0,168.0,170.0,106.0,85.0,122.0,5.0,144.0,1842.0,3.0,6.0,1.0,12.0,0.0,0.0,0.0,0.0,0.0,0.0,0.0,1529.0,0.0,0.0,0.0,0.0,8.0,44.0,0.0,0.0,0.0,0.0,0.0,0.0,0.0,2.0,0.0,128.0,8.0,0.0,0.0,0.0,0.0,0.0,0.0,0.0,0.0,0.0,0.0,0.0,655761.0,0.0,340444200.0,34044204.0,2.02,129.0,0.0,2000.0,65.0,0.0,0.0,0.0,0.0,0.0,0.0,0.0,1.0,0.0,0.0,0.0,0.0,0.0,0.0,0.0,0.0,0.0,0.0,0.0,0.0,0.0,0.0,0.0,0.0,0.0,0.0,0.0,0.0,0.0,0.0,0.0,0.0,0.0,0.0,0.0,0.0,0.0,0.0,0.0,1.0,0.0,0.0,0.0,0.0,0.0,0.0,0.0,0.0,0.0,0.0,0.0,0.0,0.0,0.0,0.0,0.0,0.0,0.0,0.0,0.0,0.0,0.0,0.0,0.0,0.0,0.0,0.0,0.0,0.0,0.0,0.0,0.0,12.381,1.499,0.0,0.0,0.0,0.0,0.0,0.0,1.0,1.0,0.0,0.0,1500.0,0.0,0.0,0.0,0.0,0.0,0.0,
1054,0.0,0.0,0.0,0.0,0.0,0.0,3.0,1.0,1.0,1.0,3.0,1.0,1.0,1.0,4.0,1275.0,3408964.0,131072.0,0.0,2.0,1537.0,1409.0,5.0,513.0,255.0,0.0,0.0,0.0,5.0,769.0,255.0,0.0,0.0,0.0,5.0,1025.0,255.0,0.0,0.0,0.0,5.0,1281.0,254.0,0.0,0.0,0.0,2.0,1644167432.0,1644167688.0,4.0,1678835984.0,1678836240.0,1678836496.0,1678836752.0,4.0,1678837008.0,1678837264.0,1678837520.0,1678837776.0,1.0,537198856.0,5.0,417.0,254.0,0.0,0.0,0.0,5.0,449.0,254.0,0.0,0.0,0.0,5.0,481.0,254.0,0.0,0.0,0.0,5.0,673.0,254.0,0.0,0.0,0.0,5.0,705.0,254.0,0.0,0.0,0.0,5.0,737.0,254.0,0.0,0.0,0.0,5.0,929.0,254.0,0.0,0.0,0.0,4.0,1342177544.0,1342177800.0,1342178056.0,1342178312.0,8.0,1342243080.0,1342243336.0,1342243592.0,1342243848.0,1342244104.0,1342244360.0,1342244616.0,1342244872.0,4.0,1342308624.0,1342308880.0,1342309136.0,1342309392.0,4.0,1342374160.0,1342374416.0,1342374672.0,1342374928.0,4.0,1342375184.0,1342375440.0,1342375696.0,1342375952.0,4.0,1342376208.0,1342376464.0,1342376720.0,1342376976.0,8.0,1342439688.0,1342439944.0,1342440200.0,1342440456.0,1342440712.0,1342440968.0,1342441224.0,1342441480.0,4.0,0.0,0.0,0.0,0.0,8.0,17.0,17.0,17.0,17.0,17.0,17.0,17.0,17.0,16.0,100.0,100.0,100.0,100.0,100.0,100.0,100.0,100.0,100.0,100.0,100.0,100.0,100.0,100.0,100.0,100.0,2.0,45.0,45.0,1.0,128.0,4.0,80.0,245.0,1.0,0.0,8.0,0.0,252.0,168.0,168.0,170.0,106.0,85.0,122.0,5.0,144.0,1842.0,3.0,6.0,1.0,12.0,0.0,0.0,0.0,0.0,0.0,0.0,0.0,1529.0,0.0,0.0,0.0,0.0,8.0,44.0,0.0,0.0,0.0,0.0,0.0,0.0,0.0,2.0,0.0,128.0,8.0,0.0,0.0,0.0,0.0,0.0,0.0,0.0,0.0,0.0,0.0,0.0,655761.0,0.0,340444200.0,34044204.0,2.02,129.0,0.0,2000.0,65.0,0.0,0.0,0.0,0.0,0.0,0.0,0.0,1.0,0.0,0.0,0.0,0.0,0.0,0.0,0.0,0.0,0.0,0.0,0.0,0.0,0.0,0.0,0.0,0.0,0.0,0.0,0.0,0.0,0.0,0.0,0.0,0.0,0.0,0.0,0.0,0.0,0.0,0.0,0.0,1.0,0.0,0.0,0.0,0.0,0.0,0.0,0.0,0.0,0.0,0.0,0.0,0.0,0.0,0.0,0.0,0.0,0.0,0.0,0.0,0.0,0.0,0.0,0.0,0.0,0.0,0.0,0.0,0.0,0.0,0.0,0.0,0.0,12.381,1.499,0.0,0.0,0.0,0.0,0.0,0.0,1.0,1.0,0.0,0.0,1500.0,0.0,0.0,0.0,0.0,0.0,0.0,
1059,0.0,0.0,0.0,0.0,0.0,0.0,3.0,1.0,1.0,1.0,3.0,1.0,1.0,1.0,4.0,1275.0,3408964.0,131072.0,0.0,2.0,1537.0,1409.0,5.0,513.0,255.0,0.0,0.0,0.0,5.0,769.0,255.0,0.0,0.0,0.0,5.0,1025.0,255.0,0.0,0.0,0.0,5.0,1281.0,254.0,0.0,0.0,0.0,2.0,1644167432.0,1644167688.0,4.0,1678835984.0,1678836240.0,1678836496.0,1678836752.0,4.0,1678837008.0,1678837264.0,1678837520.0,1678837776.0,1.0,537198856.0,5.0,417.0,254.0,0.0,0.0,0.0,5.0,449.0,254.0,0.0,0.0,0.0,5.0,481.0,254.0,0.0,0.0,0.0,5.0,673.0,254.0,0.0,0.0,0.0,5.0,705.0,254.0,0.0,0.0,0.0,5.0,737.0,254.0,0.0,0.0,0.0,5.0,929.0,254.0,0.0,0.0,0.0,4.0,1342177544.0,1342177800.0,1342178056.0,1342178312.0,8.0,1342243080.0,1342243336.0,1342243592.0,1342243848.0,1342244104.0,1342244360.0,1342244616.0,1342244872.0,4.0,1342308624.0,1342308880.0,1342309136.0,1342309392.0,4.0,1342374160.0,1342374416.0,1342374672.0,1342374928.0,4.0,1342375184.0,1342375440.0,1342375696.0,1342375952.0,4.0,1342376208.0,1342376464.0,1342376720.0,1342376976.0,8.0,1342439688.0,1342439944.0,1342440200.0,1342440456.0,1342440712.0,1342440968.0,1342441224.0,1342441480.0,4.0,0.0,0.0,0.0,0.0,8.0,17.0,17.0,17.0,17.0,17.0,17.0,17.0,17.0,16.0,100.0,100.0,100.0,100.0,100.0,100.0,100.0,100.0,100.0,100.0,100.0,100.0,100.0,100.0,100.0,100.0,2.0,45.0,45.0,1.0,128.0,4.0,80.0,245.0,1.0,0.0,8.0,0.0,252.0,168.0,168.0,170.0,106.0,85.0,122.0,5.0,143.0,1842.0,3.0,6.0,1.0,12.0,0.0,0.0,0.0,0.0,0.0,0.0,0.0,2050.0,0.0,0.0,0.0,0.0,8.0,44.0,0.0,0.0,0.0,0.0,0.0,0.0,0.0,2.0,0.0,128.0,8.0,0.0,0.0,0.0,0.0,0.0,0.0,0.0,0.0,0.0,0.0,0.0,655761.0,0.0,340444200.0,34044204.0,2.02,129.0,0.0,2000.0,65.0,0.0,0.0,0.0,0.0,0.0,0.0,0.0,1.0,0.0,0.0,0.0,0.0,0.0,0.0,0.0,0.0,0.0,0.0,0.0,0.0,0.0,0.0,0.0,0.0,0.0,0.0,0.0,0.0,0.0,0.0,0.0,0.0,0.0,0.0,0.0,0.0,0.0,0.0,0.0,1.0,0.0,0.0,0.0,0.0,0.0,0.0,0.0,0.0,0.0,0.0,0.0,0.0,0.0,0.0,0.0,0.0,0.0,0.0,0.0,0.0,0.0,0.0,0.0,0.0,0.0,0.0,0.0,0.0,0.0,0.0,0.0,0.0,11.705,1.999,0.0,0.0,0.0,0.0,0.0,0.0,1.0,1.0,0.0,0.0,2000.0,0.0,0.0,0.0,0.0,0.0,0.0,
1060,0.0,0.0,0.0,0.0,0.0,0.0,3.0,1.0,1.0,1.0,3.0,1.0,1.0,1.0,4.0,1275.0,3408964.0,131072.0,0.0,2.0,1537.0,1409.0,5.0,513.0,255.0,0.0,0.0,0.0,5.0,769.0,255.0,0.0,0.0,0.0,5.0,1025.0,255.0,0.0,0.0,0.0,5.0,1281.0,254.0,0.0,0.0,0.0,2.0,1644167432.0,1644167688.0,4.0,1678835984.0,1678836240.0,1678836496.0,1678836752.0,4.0,1678837008.0,1678837264.0,1678837520.0,1678837776.0,1.0,537198856.0,5.0,417.0,254.0,0.0,0.0,0.0,5.0,449.0,254.0,0.0,0.0,0.0,5.0,481.0,254.0,0.0,0.0,0.0,5.0,673.0,254.0,0.0,0.0,0.0,5.0,705.0,254.0,0.0,0.0,0.0,5.0,737.0,254.0,0.0,0.0,0.0,5.0,929.0,254.0,0.0,0.0,0.0,4.0,1342177544.0,1342177800.0,1342178056.0,1342178312.0,8.0,1342243080.0,1342243336.0,1342243592.0,1342243848.0,1342244104.0,1342244360.0,1342244616.0,1342244872.0,4.0,1342308624.0,1342308880.0,1342309136.0,1342309392.0,4.0,1342374160.0,1342374416.0,1342374672.0,1342374928.0,4.0,1342375184.0,1342375440.0,1342375696.0,1342375952.0,4.0,1342376208.0,1342376464.0,1342376720.0,1342376976.0,8.0,1342439688.0,1342439944.0,1342440200.0,1342440456.0,1342440712.0,1342440968.0,1342441224.0,1342441480.0,4.0,0.0,0.0,0.0,0.0,8.0,17.0,17.0,17.0,17.0,17.0,17.0,17.0,17.0,16.0,100.0,100.0,100.0,100.0,100.0,100.0,100.0,100.0,100.0,100.0,100.0,100.0,100.0,100.0,100.0,100.0,2.0,45.0,45.0,1.0,128.0,4.0,80.0,245.0,1.0,0.0,8.0,0.0,252.0,168.0,168.0,170.0,106.0,85.0,122.0,5.0,144.0,1842.0,3.0,6.0,1.0,12.0,0.0,0.0,0.0,0.0,0.0,0.0,0.0,2050.0,0.0,0.0,0.0,0.0,8.0,44.0,0.0,0.0,0.0,0.0,0.0,0.0,0.0,2.0,0.0,128.0,8.0,0.0,0.0,0.0,0.0,0.0,0.0,0.0,0.0,0.0,0.0,0.0,655761.0,0.0,340444200.0,34044204.0,2.02,129.0,0.0,2000.0,65.0,0.0,0.0,0.0,0.0,0.0,0.0,0.0,1.0,0.0,0.0,0.0,0.0,0.0,0.0,0.0,0.0,0.0,0.0,0.0,0.0,0.0,0.0,0.0,0.0,0.0,0.0,0.0,0.0,0.0,0.0,0.0,0.0,0.0,0.0,0.0,0.0,0.0,0.0,0.0,1.0,0.0,0.0,0.0,0.0,0.0,0.0,0.0,0.0,0.0,0.0,0.0,0.0,0.0,0.0,0.0,0.0,0.0,0.0,0.0,0.0,0.0,0.0,0.0,0.0,0.0,0.0,0.0,0.0,0.0,0.0,0.0,0.0,11.706,1.999,0.0,0.0,0.0,0.0,0.0,0.0,1.0,1.0,0.0,0.0,2000.0,0.0,0.0,0.0,0.0,0.0,0.0,
1061,0.0,0.0,0.0,0.0,0.0,0.0,3.0,1.0,1.0,1.0,3.0,1.0,1.0,1.0,4.0,1275.0,3408964.0,131072.0,0.0,2.0,1537.0,1409.0,5.0,513.0,255.0,0.0,0.0,0.0,5.0,769.0,255.0,0.0,0.0,0.0,5.0,1025.0,255.0,0.0,0.0,0.0,5.0,1281.0,254.0,0.0,0.0,0.0,2.0,1644167432.0,1644167688.0,4.0,1678835984.0,1678836240.0,1678836496.0,1678836752.0,4.0,1678837008.0,1678837264.0,1678837520.0,1678837776.0,1.0,537198856.0,5.0,417.0,254.0,0.0,0.0,0.0,5.0,449.0,254.0,0.0,0.0,0.0,5.0,481.0,254.0,0.0,0.0,0.0,5.0,673.0,254.0,0.0,0.0,0.0,5.0,705.0,254.0,0.0,0.0,0.0,5.0,737.0,254.0,0.0,0.0,0.0,5.0,929.0,254.0,0.0,0.0,0.0,4.0,1342177544.0,1342177800.0,1342178056.0,1342178312.0,8.0,1342243080.0,1342243336.0,1342243592.0,1342243848.0,1342244104.0,1342244360.0,1342244616.0,1342244872.0,4.0,1342308624.0,1342308880.0,1342309136.0,1342309392.0,4.0,1342374160.0,1342374416.0,1342374672.0,1342374928.0,4.0,1342375184.0,1342375440.0,1342375696.0,1342375952.0,4.0,1342376208.0,1342376464.0,1342376720.0,1342376976.0,8.0,1342439688.0,1342439944.0,1342440200.0,1342440456.0,1342440712.0,1342440968.0,1342441224.0,1342441480.0,4.0,0.0,0.0,0.0,0.0,8.0,17.0,17.0,17.0,17.0,17.0,17.0,17.0,17.0,16.0,100.0,100.0,100.0,100.0,100.0,100.0,100.0,100.0,100.0,100.0,100.0,100.0,100.0,100.0,100.0,100.0,2.0,45.0,45.0,1.0,128.0,4.0,80.0,245.0,1.0,0.0,8.0,0.0,252.0,168.0,168.0,170.0,106.0,85.0,122.0,5.0,144.0,1842.0,3.0,6.0,1.0,12.0,0.0,0.0,0.0,0.0,0.0,0.0,0.0,2050.0,0.0,0.0,0.0,0.0,8.0,44.0,0.0,0.0,0.0,0.0,0.0,0.0,0.0,2.0,0.0,128.0,8.0,0.0,0.0,0.0,0.0,0.0,0.0,0.0,0.0,0.0,0.0,0.0,655761.0,0.0,340444200.0,34044204.0,2.02,129.0,0.0,2000.0,65.0,0.0,0.0,0.0,0.0,0.0,0.0,0.0,1.0,0.0,0.0,0.0,0.0,0.0,0.0,0.0,0.0,0.0,0.0,0.0,0.0,0.0,0.0,0.0,0.0,0.0,0.0,0.0,0.0,0.0,0.0,0.0,0.0,0.0,0.0,0.0,0.0,0.0,0.0,0.0,1.0,0.0,0.0,0.0,0.0,0.0,0.0,0.0,0.0,0.0,0.0,0.0,0.0,0.0,0.0,0.0,0.0,0.0,0.0,0.0,0.0,0.0,0.0,0.0,0.0,0.0,0.0,0.0,0.0,0.0,0.0,0.0,0.0,11.707,1.999,0.0,0.0,0.0,0.0,0.0,0.0,1.0,1.0,0.0,0.0,2000.0,0.0,0.0,0.0,0.0,0.0,0.0,
1066,0.0,0.0,0.0,0.0,0.0,0.0,3.0,1.0,1.0,1.0,3.0,1.0,1.0,1.0,4.0,1275.0,3408964.0,131072.0,0.0,2.0,1537.0,1409.0,5.0,513.0,255.0,0.0,0.0,0.0,5.0,769.0,255.0,0.0,0.0,0.0,5.0,1025.0,255.0,0.0,0.0,0.0,5.0,1281.0,254.0,0.0,0.0,0.0,2.0,1644167432.0,1644167688.0,4.0,1678835984.0,1678836240.0,1678836496.0,1678836752.0,4.0,1678837008.0,1678837264.0,1678837520.0,1678837776.0,1.0,537198856.0,5.0,417.0,254.0,0.0,0.0,0.0,5.0,449.0,254.0,0.0,0.0,0.0,5.0,481.0,254.0,0.0,0.0,0.0,5.0,673.0,254.0,0.0,0.0,0.0,5.0,705.0,254.0,0.0,0.0,0.0,5.0,737.0,254.0,0.0,0.0,0.0,5.0,929.0,254.0,0.0,0.0,0.0,4.0,1342177544.0,1342177800.0,1342178056.0,1342178312.0,8.0,1342243080.0,1342243336.0,1342243592.0,1342243848.0,1342244104.0,1342244360.0,1342244616.0,1342244872.0,4.0,1342308624.0,1342308880.0,1342309136.0,1342309392.0,4.0,1342374160.0,1342374416.0,1342374672.0,1342374928.0,4.0,1342375184.0,1342375440.0,1342375696.0,1342375952.0,4.0,1342376208.0,1342376464.0,1342376720.0,1342376976.0,8.0,1342439688.0,1342439944.0,1342440200.0,1342440456.0,1342440712.0,1342440968.0,1342441224.0,1342441480.0,4.0,0.0,0.0,0.0,0.0,8.0,17.0,17.0,17.0,17.0,17.0,17.0,17.0,17.0,16.0,100.0,100.0,100.0,100.0,100.0,100.0,100.0,100.0,100.0,100.0,100.0,100.0,100.0,100.0,100.0,100.0,2.0,45.0,45.0,1.0,128.0,4.0,80.0,245.0,1.0,0.0,8.0,0.0,252.0,168.0,168.0,170.0,106.0,85.0,122.0,5.0,144.0,1842.0,3.0,6.0,1.0,12.0,0.0,0.0,0.0,0.0,0.0,0.0,0.0,2572.0,0.0,0.0,0.0,0.0,8.0,44.0,0.0,0.0,0.0,0.0,0.0,0.0,0.0,2.0,0.0,128.0,8.0,0.0,0.0,0.0,0.0,0.0,0.0,0.0,0.0,0.0,0.0,0.0,655761.0,0.0,340444200.0,34044204.0,2.02,129.0,0.0,2000.0,65.0,0.0,0.0,0.0,0.0,0.0,0.0,0.0,1.0,0.0,0.0,0.0,0.0,0.0,0.0,0.0,0.0,0.0,0.0,0.0,0.0,0.0,0.0,0.0,0.0,0.0,0.0,0.0,0.0,0.0,0.0,0.0,0.0,0.0,0.0,0.0,0.0,0.0,0.0,0.0,1.0,0.0,0.0,0.0,0.0,0.0,0.0,0.0,0.0,0.0,0.0,0.0,0.0,0.0,0.0,0.0,0.0,0.0,0.0,0.0,0.0,0.0,0.0,0.0,0.0,0.0,0.0,0.0,0.0,0.0,0.0,0.0,0.0,11.025,2.5,0.0,0.0,0.0,0.0,0.0,0.0,1.0,1.0,0.0,0.0,2500.0,0.0,0.0,0.0,0.0,0.0,0.0,
1067,0.0,0.0,0.0,0.0,0.0,0.0,3.0,1.0,1.0,1.0,3.0,1.0,1.0,1.0,4.0,1275.0,3408964.0,131072.0,0.0,2.0,1537.0,1409.0,5.0,513.0,255.0,0.0,0.0,0.0,5.0,769.0,255.0,0.0,0.0,0.0,5.0,1025.0,255.0,0.0,0.0,0.0,5.0,1281.0,254.0,0.0,0.0,0.0,2.0,1644167432.0,1644167688.0,4.0,1678835984.0,1678836240.0,1678836496.0,1678836752.0,4.0,1678837008.0,1678837264.0,1678837520.0,1678837776.0,1.0,537198856.0,5.0,417.0,254.0,0.0,0.0,0.0,5.0,449.0,254.0,0.0,0.0,0.0,5.0,481.0,254.0,0.0,0.0,0.0,5.0,673.0,254.0,0.0,0.0,0.0,5.0,705.0,254.0,0.0,0.0,0.0,5.0,737.0,254.0,0.0,0.0,0.0,5.0,929.0,254.0,0.0,0.0,0.0,4.0,1342177544.0,1342177800.0,1342178056.0,1342178312.0,8.0,1342243080.0,1342243336.0,1342243592.0,1342243848.0,1342244104.0,1342244360.0,1342244616.0,1342244872.0,4.0,1342308624.0,1342308880.0,1342309136.0,1342309392.0,4.0,1342374160.0,1342374416.0,1342374672.0,1342374928.0,4.0,1342375184.0,1342375440.0,1342375696.0,1342375952.0,4.0,1342376208.0,1342376464.0,1342376720.0,1342376976.0,8.0,1342439688.0,1342439944.0,1342440200.0,1342440456.0,1342440712.0,1342440968.0,1342441224.0,1342441480.0,4.0,0.0,0.0,0.0,0.0,8.0,17.0,17.0,17.0,17.0,17.0,17.0,17.0,17.0,16.0,100.0,100.0,100.0,100.0,100.0,100.0,100.0,100.0,100.0,100.0,100.0,100.0,100.0,100.0,100.0,100.0,2.0,45.0,45.0,1.0,128.0,4.0,80.0,245.0,1.0,0.0,8.0,0.0,252.0,168.0,168.0,170.0,106.0,85.0,122.0,5.0,143.0,1842.0,3.0,6.0,1.0,12.0,0.0,0.0,0.0,0.0,0.0,0.0,0.0,2572.0,0.0,0.0,0.0,0.0,8.0,44.0,0.0,0.0,0.0,0.0,0.0,0.0,0.0,2.0,0.0,128.0,8.0,0.0,0.0,0.0,0.0,0.0,0.0,0.0,0.0,0.0,0.0,0.0,655761.0,0.0,340444200.0,34044204.0,2.02,129.0,0.0,2000.0,65.0,0.0,0.0,0.0,0.0,0.0,0.0,0.0,1.0,0.0,0.0,0.0,0.0,0.0,0.0,0.0,0.0,0.0,0.0,0.0,0.0,0.0,0.0,0.0,0.0,0.0,0.0,0.0,0.0,0.0,0.0,0.0,0.0,0.0,0.0,0.0,0.0,0.0,0.0,0.0,1.0,0.0,0.0,0.0,0.0,0.0,0.0,0.0,0.0,0.0,0.0,0.0,0.0,0.0,0.0,0.0,0.0,0.0,0.0,0.0,0.0,0.0,0.0,0.0,0.0,0.0,0.0,0.0,0.0,0.0,0.0,0.0,0.0,11.027,2.5,0.0,0.0,0.0,0.0,0.0,0.0,1.0,1.0,0.0,0.0,2500.0,0.0,0.0,0.0,0.0,0.0,0.0,
1068,0.0,0.0,0.0,0.0,0.0,0.0,3.0,1.0,1.0,1.0,3.0,1.0,1.0,1.0,4.0,1275.0,3408964.0,131072.0,0.0,2.0,1537.0,1409.0,5.0,513.0,255.0,0.0,0.0,0.0,5.0,769.0,255.0,0.0,0.0,0.0,5.0,1025.0,255.0,0.0,0.0,0.0,5.0,1281.0,254.0,0.0,0.0,0.0,2.0,1644167432.0,1644167688.0,4.0,1678835984.0,1678836240.0,1678836496.0,1678836752.0,4.0,1678837008.0,1678837264.0,1678837520.0,1678837776.0,1.0,537198856.0,5.0,417.0,254.0,0.0,0.0,0.0,5.0,449.0,254.0,0.0,0.0,0.0,5.0,481.0,254.0,0.0,0.0,0.0,5.0,673.0,254.0,0.0,0.0,0.0,5.0,705.0,254.0,0.0,0.0,0.0,5.0,737.0,254.0,0.0,0.0,0.0,5.0,929.0,254.0,0.0,0.0,0.0,4.0,1342177544.0,1342177800.0,1342178056.0,1342178312.0,8.0,1342243080.0,1342243336.0,1342243592.0,1342243848.0,1342244104.0,1342244360.0,1342244616.0,1342244872.0,4.0,1342308624.0,1342308880.0,1342309136.0,1342309392.0,4.0,1342374160.0,1342374416.0,1342374672.0,1342374928.0,4.0,1342375184.0,1342375440.0,1342375696.0,1342375952.0,4.0,1342376208.0,1342376464.0,1342376720.0,1342376976.0,8.0,1342439688.0,1342439944.0,1342440200.0,1342440456.0,1342440712.0,1342440968.0,1342441224.0,1342441480.0,4.0,0.0,0.0,0.0,0.0,8.0,17.0,17.0,17.0,17.0,17.0,17.0,17.0,17.0,16.0,100.0,100.0,100.0,100.0,100.0,100.0,100.0,100.0,100.0,100.0,100.0,100.0,100.0,100.0,100.0,100.0,2.0,45.0,45.0,1.0,128.0,4.0,80.0,245.0,1.0,0.0,8.0,0.0,252.0,168.0,168.0,170.0,106.0,85.0,122.0,5.0,143.0,1842.0,3.0,6.0,1.0,12.0,0.0,0.0,0.0,0.0,0.0,0.0,0.0,2572.0,0.0,0.0,0.0,0.0,8.0,44.0,0.0,0.0,0.0,0.0,0.0,0.0,0.0,2.0,0.0,128.0,8.0,0.0,0.0,0.0,0.0,0.0,0.0,0.0,0.0,0.0,0.0,0.0,655761.0,0.0,340444200.0,34044204.0,2.02,129.0,0.0,2000.0,65.0,0.0,0.0,0.0,0.0,0.0,0.0,0.0,1.0,0.0,0.0,0.0,0.0,0.0,0.0,0.0,0.0,0.0,0.0,0.0,0.0,0.0,0.0,0.0,0.0,0.0,0.0,0.0,0.0,0.0,0.0,0.0,0.0,0.0,0.0,0.0,0.0,0.0,0.0,0.0,1.0,0.0,0.0,0.0,0.0,0.0,0.0,0.0,0.0,0.0,0.0,0.0,0.0,0.0,0.0,0.0,0.0,0.0,0.0,0.0,0.0,0.0,0.0,0.0,0.0,0.0,0.0,0.0,0.0,0.0,0.0,0.0,0.0,11.027,2.5,0.0,0.0,0.0,0.0,0.0,0.0,1.0,1.0,0.0,0.0,2500.0,0.0,0.0,0.0,0.0,0.0,0.0,
1073,0.0,0.0,0.0,0.0,0.0,0.0,3.0,1.0,1.0,1.0,3.0,1.0,1.0,1.0,4.0,1275.0,3408964.0,131072.0,0.0,2.0,1537.0,1409.0,5.0,513.0,255.0,0.0,0.0,0.0,5.0,769.0,255.0,0.0,0.0,0.0,5.0,1025.0,255.0,0.0,0.0,0.0,5.0,1281.0,254.0,0.0,0.0,0.0,2.0,1644167432.0,1644167688.0,4.0,1678835984.0,1678836240.0,1678836496.0,1678836752.0,4.0,1678837008.0,1678837264.0,1678837520.0,1678837776.0,1.0,537198856.0,5.0,417.0,254.0,0.0,0.0,0.0,5.0,449.0,254.0,0.0,0.0,0.0,5.0,481.0,254.0,0.0,0.0,0.0,5.0,673.0,254.0,0.0,0.0,0.0,5.0,705.0,254.0,0.0,0.0,0.0,5.0,737.0,254.0,0.0,0.0,0.0,5.0,929.0,254.0,0.0,0.0,0.0,4.0,1342177544.0,1342177800.0,1342178056.0,1342178312.0,8.0,1342243080.0,1342243336.0,1342243592.0,1342243848.0,1342244104.0,1342244360.0,1342244616.0,1342244872.0,4.0,1342308624.0,1342308880.0,1342309136.0,1342309392.0,4.0,1342374160.0,1342374416.0,1342374672.0,1342374928.0,4.0,1342375184.0,1342375440.0,1342375696.0,1342375952.0,4.0,1342376208.0,1342376464.0,1342376720.0,1342376976.0,8.0,1342439688.0,1342439944.0,1342440200.0,1342440456.0,1342440712.0,1342440968.0,1342441224.0,1342441480.0,4.0,0.0,0.0,0.0,0.0,8.0,17.0,17.0,17.0,17.0,17.0,17.0,17.0,17.0,16.0,100.0,100.0,100.0,100.0,100.0,100.0,100.0,100.0,100.0,100.0,100.0,100.0,100.0,100.0,100.0,100.0,2.0,45.0,45.0,1.0,128.0,4.0,80.0,245.0,1.0,0.0,8.0,0.0,252.0,168.0,168.0,170.0,106.0,85.0,122.0,5.0,143.0,1842.0,3.0,6.0,1.0,12.0,0.0,0.0,0.0,0.0,0.0,0.0,0.0,3090.0,0.0,0.0,0.0,0.0,8.0,44.0,0.0,0.0,0.0,0.0,0.0,0.0,0.0,2.0,0.0,128.0,8.0,0.0,0.0,0.0,0.0,0.0,0.0,0.0,0.0,0.0,0.0,0.0,655761.0,0.0,340444200.0,34044204.0,2.02,129.0,0.0,2000.0,65.0,0.0,0.0,0.0,0.0,0.0,0.0,0.0,1.0,0.0,0.0,0.0,0.0,0.0,0.0,0.0,0.0,0.0,0.0,0.0,0.0,0.0,0.0,0.0,0.0,0.0,0.0,0.0,0.0,0.0,0.0,0.0,0.0,0.0,0.0,0.0,0.0,0.0,0.0,0.0,1.0,0.0,0.0,0.0,0.0,0.0,0.0,0.0,0.0,0.0,0.0,0.0,0.0,0.0,0.0,0.0,0.0,0.0,0.0,0.0,0.0,0.0,0.0,0.0,0.0,0.0,0.0,0.0,0.0,0.0,0.0,0.0,0.0,10.359,2.999,0.0,0.0,0.0,0.0,0.0,0.0,1.0,1.0,0.0,0.0,3000.0,0.0,0.0,0.0,0.0,0.0,0.0,
1074,0.0,0.0,0.0,0.0,0.0,0.0,3.0,1.0,1.0,1.0,3.0,1.0,1.0,1.0,4.0,1275.0,3408964.0,131072.0,0.0,2.0,1537.0,1409.0,5.0,513.0,255.0,0.0,0.0,0.0,5.0,769.0,255.0,0.0,0.0,0.0,5.0,1025.0,255.0,0.0,0.0,0.0,5.0,1281.0,254.0,0.0,0.0,0.0,2.0,1644167432.0,1644167688.0,4.0,1678835984.0,1678836240.0,1678836496.0,1678836752.0,4.0,1678837008.0,1678837264.0,1678837520.0,1678837776.0,1.0,537198856.0,5.0,417.0,254.0,0.0,0.0,0.0,5.0,449.0,254.0,0.0,0.0,0.0,5.0,481.0,254.0,0.0,0.0,0.0,5.0,673.0,254.0,0.0,0.0,0.0,5.0,705.0,254.0,0.0,0.0,0.0,5.0,737.0,254.0,0.0,0.0,0.0,5.0,929.0,254.0,0.0,0.0,0.0,4.0,1342177544.0,1342177800.0,1342178056.0,1342178312.0,8.0,1342243080.0,1342243336.0,1342243592.0,1342243848.0,1342244104.0,1342244360.0,1342244616.0,1342244872.0,4.0,1342308624.0,1342308880.0,1342309136.0,1342309392.0,4.0,1342374160.0,1342374416.0,1342374672.0,1342374928.0,4.0,1342375184.0,1342375440.0,1342375696.0,1342375952.0,4.0,1342376208.0,1342376464.0,1342376720.0,1342376976.0,8.0,1342439688.0,1342439944.0,1342440200.0,1342440456.0,1342440712.0,1342440968.0,1342441224.0,1342441480.0,4.0,0.0,0.0,0.0,0.0,8.0,17.0,17.0,17.0,17.0,17.0,17.0,17.0,17.0,16.0,100.0,100.0,100.0,100.0,100.0,100.0,100.0,100.0,100.0,100.0,100.0,100.0,100.0,100.0,100.0,100.0,2.0,45.0,45.0,1.0,128.0,4.0,80.0,245.0,1.0,0.0,8.0,0.0,252.0,168.0,168.0,170.0,106.0,85.0,122.0,5.0,143.0,1842.0,3.0,6.0,1.0,12.0,0.0,0.0,0.0,0.0,0.0,0.0,0.0,3094.0,0.0,0.0,0.0,0.0,8.0,44.0,0.0,0.0,0.0,0.0,0.0,0.0,0.0,2.0,0.0,128.0,8.0,0.0,0.0,0.0,0.0,0.0,0.0,0.0,0.0,0.0,0.0,0.0,655761.0,0.0,340444200.0,34044204.0,2.02,129.0,0.0,2000.0,65.0,0.0,0.0,0.0,0.0,0.0,0.0,0.0,1.0,0.0,0.0,0.0,0.0,0.0,0.0,0.0,0.0,0.0,0.0,0.0,0.0,0.0,0.0,0.0,0.0,0.0,0.0,0.0,0.0,0.0,0.0,0.0,0.0,0.0,0.0,0.0,0.0,0.0,0.0,0.0,1.0,0.0,0.0,0.0,0.0,0.0,0.0,0.0,0.0,0.0,0.0,0.0,0.0,0.0,0.0,0.0,0.0,0.0,0.0,0.0,0.0,0.0,0.0,0.0,0.0,0.0,0.0,0.0,0.0,0.0,0.0,0.0,0.0,10.36,2.999,0.0,0.0,0.0,0.0,0.0,0.0,1.0,1.0,0.0,0.0,3000.0,0.0,0.0,0.0,0.0,0.0,0.0,
1075,0.0,0.0,0.0,0.0,0.0,0.0,3.0,1.0,1.0,1.0,3.0,1.0,1.0,1.0,4.0,1275.0,3408964.0,131072.0,0.0,2.0,1537.0,1409.0,5.0,513.0,255.0,0.0,0.0,0.0,5.0,769.0,255.0,0.0,0.0,0.0,5.0,1025.0,255.0,0.0,0.0,0.0,5.0,1281.0,254.0,0.0,0.0,0.0,2.0,1644167432.0,1644167688.0,4.0,1678835984.0,1678836240.0,1678836496.0,1678836752.0,4.0,1678837008.0,1678837264.0,1678837520.0,1678837776.0,1.0,537198856.0,5.0,417.0,254.0,0.0,0.0,0.0,5.0,449.0,254.0,0.0,0.0,0.0,5.0,481.0,254.0,0.0,0.0,0.0,5.0,673.0,254.0,0.0,0.0,0.0,5.0,705.0,254.0,0.0,0.0,0.0,5.0,737.0,254.0,0.0,0.0,0.0,5.0,929.0,254.0,0.0,0.0,0.0,4.0,1342177544.0,1342177800.0,1342178056.0,1342178312.0,8.0,1342243080.0,1342243336.0,1342243592.0,1342243848.0,1342244104.0,1342244360.0,1342244616.0,1342244872.0,4.0,1342308624.0,1342308880.0,1342309136.0,1342309392.0,4.0,1342374160.0,1342374416.0,1342374672.0,1342374928.0,4.0,1342375184.0,1342375440.0,1342375696.0,1342375952.0,4.0,1342376208.0,1342376464.0,1342376720.0,1342376976.0,8.0,1342439688.0,1342439944.0,1342440200.0,1342440456.0,1342440712.0,1342440968.0,1342441224.0,1342441480.0,4.0,0.0,0.0,0.0,0.0,8.0,17.0,17.0,17.0,17.0,17.0,17.0,17.0,17.0,16.0,100.0,100.0,100.0,100.0,100.0,100.0,100.0,100.0,100.0,100.0,100.0,100.0,100.0,100.0,100.0,100.0,2.0,45.0,45.0,1.0,128.0,4.0,80.0,245.0,1.0,0.0,8.0,0.0,252.0,168.0,168.0,170.0,106.0,85.0,122.0,5.0,143.0,1842.0,3.0,6.0,1.0,12.0,0.0,0.0,0.0,0.0,0.0,0.0,0.0,3094.0,0.0,0.0,0.0,0.0,8.0,44.0,0.0,0.0,0.0,0.0,0.0,0.0,0.0,2.0,0.0,128.0,8.0,0.0,0.0,0.0,0.0,0.0,0.0,0.0,0.0,0.0,0.0,0.0,655761.0,0.0,340444200.0,34044204.0,2.02,129.0,0.0,2000.0,65.0,0.0,0.0,0.0,0.0,0.0,0.0,0.0,1.0,0.0,0.0,0.0,0.0,0.0,0.0,0.0,0.0,0.0,0.0,0.0,0.0,0.0,0.0,0.0,0.0,0.0,0.0,0.0,0.0,0.0,0.0,0.0,0.0,0.0,0.0,0.0,0.0,0.0,0.0,0.0,1.0,0.0,0.0,0.0,0.0,0.0,0.0,0.0,0.0,0.0,0.0,0.0,0.0,0.0,0.0,0.0,0.0,0.0,0.0,0.0,0.0,0.0,0.0,0.0,0.0,0.0,0.0,0.0,0.0,0.0,0.0,0.0,0.0,10.36,2.999,0.0,0.0,0.0,0.0,0.0,0.0,1.0,1.0,0.0,0.0,3000.0,0.0,0.0,0.0,0.0,0.0,0.0,
1080,0.0,0.0,0.0,0.0,0.0,0.0,3.0,1.0,1.0,1.0,3.0,1.0,1.0,1.0,4.0,1275.0,3408964.0,131072.0,0.0,2.0,1537.0,1409.0,5.0,513.0,255.0,0.0,0.0,0.0,5.0,769.0,255.0,0.0,0.0,0.0,5.0,1025.0,255.0,0.0,0.0,0.0,5.0,1281.0,254.0,0.0,0.0,0.0,2.0,1644167432.0,1644167688.0,4.0,1678835984.0,1678836240.0,1678836496.0,1678836752.0,4.0,1678837008.0,1678837264.0,1678837520.0,1678837776.0,1.0,537198856.0,5.0,417.0,254.0,0.0,0.0,0.0,5.0,449.0,254.0,0.0,0.0,0.0,5.0,481.0,254.0,0.0,0.0,0.0,5.0,673.0,254.0,0.0,0.0,0.0,5.0,705.0,254.0,0.0,0.0,0.0,5.0,737.0,254.0,0.0,0.0,0.0,5.0,929.0,254.0,0.0,0.0,0.0,4.0,1342177544.0,1342177800.0,1342178056.0,1342178312.0,8.0,1342243080.0,1342243336.0,1342243592.0,1342243848.0,1342244104.0,1342244360.0,1342244616.0,1342244872.0,4.0,1342308624.0,1342308880.0,1342309136.0,1342309392.0,4.0,1342374160.0,1342374416.0,1342374672.0,1342374928.0,4.0,1342375184.0,1342375440.0,1342375696.0,1342375952.0,4.0,1342376208.0,1342376464.0,1342376720.0,1342376976.0,8.0,1342439688.0,1342439944.0,1342440200.0,1342440456.0,1342440712.0,1342440968.0,1342441224.0,1342441480.0,4.0,0.0,0.0,0.0,0.0,8.0,17.0,17.0,17.0,17.0,17.0,17.0,17.0,17.0,16.0,100.0,100.0,100.0,100.0,100.0,100.0,100.0,100.0,100.0,100.0,100.0,100.0,100.0,100.0,100.0,100.0,2.0,45.0,45.0,1.0,128.0,4.0,80.0,245.0,1.0,0.0,8.0,0.0,252.0,168.0,168.0,170.0,106.0,85.0,122.0,5.0,143.0,1842.0,3.0,6.0,1.0,12.0,0.0,0.0,0.0,0.0,0.0,0.0,0.0,3615.0,0.0,0.0,0.0,0.0,8.0,44.0,0.0,0.0,0.0,0.0,0.0,0.0,0.0,2.0,0.0,128.0,8.0,0.0,0.0,0.0,0.0,0.0,0.0,0.0,0.0,0.0,0.0,0.0,655761.0,0.0,340444200.0,34044204.0,2.02,129.0,0.0,2000.0,65.0,0.0,0.0,0.0,0.0,0.0,0.0,0.0,1.0,0.0,0.0,0.0,0.0,0.0,0.0,0.0,0.0,0.0,0.0,0.0,0.0,0.0,0.0,0.0,0.0,0.0,0.0,0.0,0.0,0.0,0.0,0.0,0.0,0.0,0.0,0.0,0.0,0.0,0.0,0.0,1.0,0.0,0.0,0.0,0.0,0.0,0.0,0.0,0.0,0.0,0.0,0.0,0.0,0.0,0.0,0.0,0.0,0.0,0.0,0.0,0.0,0.0,0.0,0.0,0.0,0.0,0.0,0.0,0.0,0.0,0.0,0.0,0.0,9.685,3.499,0.0,0.0,0.0,0.0,0.0,0.0,1.0,1.0,0.0,0.0,3500.0,0.0,0.0,0.0,0.0,0.0,0.0,
1081,0.0,0.0,0.0,0.0,0.0,0.0,3.0,1.0,1.0,1.0,3.0,1.0,1.0,1.0,4.0,1275.0,3408964.0,131072.0,0.0,2.0,1537.0,1409.0,5.0,513.0,255.0,0.0,0.0,0.0,5.0,769.0,255.0,0.0,0.0,0.0,5.0,1025.0,255.0,0.0,0.0,0.0,5.0,1281.0,254.0,0.0,0.0,0.0,2.0,1644167432.0,1644167688.0,4.0,1678835984.0,1678836240.0,1678836496.0,1678836752.0,4.0,1678837008.0,1678837264.0,1678837520.0,1678837776.0,1.0,537198856.0,5.0,417.0,254.0,0.0,0.0,0.0,5.0,449.0,254.0,0.0,0.0,0.0,5.0,481.0,254.0,0.0,0.0,0.0,5.0,673.0,254.0,0.0,0.0,0.0,5.0,705.0,254.0,0.0,0.0,0.0,5.0,737.0,254.0,0.0,0.0,0.0,5.0,929.0,254.0,0.0,0.0,0.0,4.0,1342177544.0,1342177800.0,1342178056.0,1342178312.0,8.0,1342243080.0,1342243336.0,1342243592.0,1342243848.0,1342244104.0,1342244360.0,1342244616.0,1342244872.0,4.0,1342308624.0,1342308880.0,1342309136.0,1342309392.0,4.0,1342374160.0,1342374416.0,1342374672.0,1342374928.0,4.0,1342375184.0,1342375440.0,1342375696.0,1342375952.0,4.0,1342376208.0,1342376464.0,1342376720.0,1342376976.0,8.0,1342439688.0,1342439944.0,1342440200.0,1342440456.0,1342440712.0,1342440968.0,1342441224.0,1342441480.0,4.0,0.0,0.0,0.0,0.0,8.0,17.0,17.0,17.0,17.0,17.0,17.0,17.0,17.0,16.0,100.0,100.0,100.0,100.0,100.0,100.0,100.0,100.0,100.0,100.0,100.0,100.0,100.0,100.0,100.0,100.0,2.0,45.0,45.0,1.0,128.0,4.0,80.0,245.0,1.0,0.0,8.0,0.0,252.0,168.0,168.0,170.0,106.0,85.0,122.0,5.0,143.0,1842.0,3.0,6.0,1.0,12.0,0.0,0.0,0.0,0.0,0.0,0.0,0.0,3611.0,0.0,0.0,0.0,0.0,8.0,44.0,0.0,0.0,0.0,0.0,0.0,0.0,0.0,2.0,0.0,128.0,8.0,0.0,0.0,0.0,0.0,0.0,0.0,0.0,0.0,0.0,0.0,0.0,655761.0,0.0,340444200.0,34044204.0,2.02,129.0,0.0,2000.0,65.0,0.0,0.0,0.0,0.0,0.0,0.0,0.0,1.0,0.0,0.0,0.0,0.0,0.0,0.0,0.0,0.0,0.0,0.0,0.0,0.0,0.0,0.0,0.0,0.0,0.0,0.0,0.0,0.0,0.0,0.0,0.0,0.0,0.0,0.0,0.0,0.0,0.0,0.0,0.0,1.0,0.0,0.0,0.0,0.0,0.0,0.0,0.0,0.0,0.0,0.0,0.0,0.0,0.0,0.0,0.0,0.0,0.0,0.0,0.0,0.0,0.0,0.0,0.0,0.0,0.0,0.0,0.0,0.0,0.0,0.0,0.0,0.0,9.685,3.499,0.0,0.0,0.0,0.0,0.0,0.0,1.0,1.0,0.0,0.0,3500.0,0.0,0.0,0.0,0.0,0.0,0.0,
1082,0.0,0.0,0.0,0.0,0.0,0.0,3.0,1.0,1.0,1.0,3.0,1.0,1.0,1.0,4.0,1275.0,3408964.0,131072.0,0.0,2.0,1537.0,1409.0,5.0,513.0,255.0,0.0,0.0,0.0,5.0,769.0,255.0,0.0,0.0,0.0,5.0,1025.0,255.0,0.0,0.0,0.0,5.0,1281.0,254.0,0.0,0.0,0.0,2.0,1644167432.0,1644167688.0,4.0,1678835984.0,1678836240.0,1678836496.0,1678836752.0,4.0,1678837008.0,1678837264.0,1678837520.0,1678837776.0,1.0,537198856.0,5.0,417.0,254.0,0.0,0.0,0.0,5.0,449.0,254.0,0.0,0.0,0.0,5.0,481.0,254.0,0.0,0.0,0.0,5.0,673.0,254.0,0.0,0.0,0.0,5.0,705.0,254.0,0.0,0.0,0.0,5.0,737.0,254.0,0.0,0.0,0.0,5.0,929.0,254.0,0.0,0.0,0.0,4.0,1342177544.0,1342177800.0,1342178056.0,1342178312.0,8.0,1342243080.0,1342243336.0,1342243592.0,1342243848.0,1342244104.0,1342244360.0,1342244616.0,1342244872.0,4.0,1342308624.0,1342308880.0,1342309136.0,1342309392.0,4.0,1342374160.0,1342374416.0,1342374672.0,1342374928.0,4.0,1342375184.0,1342375440.0,1342375696.0,1342375952.0,4.0,1342376208.0,1342376464.0,1342376720.0,1342376976.0,8.0,1342439688.0,1342439944.0,1342440200.0,1342440456.0,1342440712.0,1342440968.0,1342441224.0,1342441480.0,4.0,0.0,0.0,0.0,0.0,8.0,17.0,17.0,17.0,17.0,17.0,17.0,17.0,17.0,16.0,100.0,100.0,100.0,100.0,100.0,100.0,100.0,100.0,100.0,100.0,100.0,100.0,100.0,100.0,100.0,100.0,2.0,45.0,45.0,1.0,128.0,4.0,80.0,245.0,1.0,0.0,8.0,0.0,252.0,168.0,168.0,170.0,106.0,85.0,122.0,5.0,143.0,1842.0,3.0,6.0,1.0,12.0,0.0,0.0,0.0,0.0,0.0,0.0,0.0,3611.0,0.0,0.0,0.0,0.0,8.0,44.0,0.0,0.0,0.0,0.0,0.0,0.0,0.0,2.0,0.0,128.0,8.0,0.0,0.0,0.0,0.0,0.0,0.0,0.0,0.0,0.0,0.0,0.0,655761.0,0.0,340444200.0,34044204.0,2.02,129.0,0.0,2000.0,65.0,0.0,0.0,0.0,0.0,0.0,0.0,0.0,1.0,0.0,0.0,0.0,0.0,0.0,0.0,0.0,0.0,0.0,0.0,0.0,0.0,0.0,0.0,0.0,0.0,0.0,0.0,0.0,0.0,0.0,0.0,0.0,0.0,0.0,0.0,0.0,0.0,0.0,0.0,0.0,1.0,0.0,0.0,0.0,0.0,0.0,0.0,0.0,0.0,0.0,0.0,0.0,0.0,0.0,0.0,0.0,0.0,0.0,0.0,0.0,0.0,0.0,0.0,0.0,0.0,0.0,0.0,0.0,0.0,0.0,0.0,0.0,0.0,9.685,3.499,0.0,0.0,0.0,0.0,0.0,0.0,1.0,1.0,0.0,0.0,3500.0,0.0,0.0,0.0,0.0,0.0,0.0,
1087,0.0,0.0,0.0,0.0,0.0,0.0,3.0,1.0,1.0,1.0,3.0,1.0,1.0,1.0,4.0,1275.0,3408964.0,131072.0,0.0,2.0,1537.0,1409.0,5.0,513.0,255.0,0.0,0.0,0.0,5.0,769.0,255.0,0.0,0.0,0.0,5.0,1025.0,255.0,0.0,0.0,0.0,5.0,1281.0,254.0,0.0,0.0,0.0,2.0,1644167432.0,1644167688.0,4.0,1678835984.0,1678836240.0,1678836496.0,1678836752.0,4.0,1678837008.0,1678837264.0,1678837520.0,1678837776.0,1.0,537198856.0,5.0,417.0,254.0,0.0,0.0,0.0,5.0,449.0,254.0,0.0,0.0,0.0,5.0,481.0,254.0,0.0,0.0,0.0,5.0,673.0,254.0,0.0,0.0,0.0,5.0,705.0,254.0,0.0,0.0,0.0,5.0,737.0,254.0,0.0,0.0,0.0,5.0,929.0,254.0,0.0,0.0,0.0,4.0,1342177544.0,1342177800.0,1342178056.0,1342178312.0,8.0,1342243080.0,1342243336.0,1342243592.0,1342243848.0,1342244104.0,1342244360.0,1342244616.0,1342244872.0,4.0,1342308624.0,1342308880.0,1342309136.0,1342309392.0,4.0,1342374160.0,1342374416.0,1342374672.0,1342374928.0,4.0,1342375184.0,1342375440.0,1342375696.0,1342375952.0,4.0,1342376208.0,1342376464.0,1342376720.0,1342376976.0,8.0,1342439688.0,1342439944.0,1342440200.0,1342440456.0,1342440712.0,1342440968.0,1342441224.0,1342441480.0,4.0,0.0,0.0,0.0,0.0,8.0,17.0,17.0,17.0,17.0,17.0,17.0,17.0,17.0,16.0,100.0,100.0,100.0,100.0,100.0,100.0,100.0,100.0,100.0,100.0,100.0,100.0,100.0,100.0,100.0,100.0,2.0,45.0,45.0,1.0,128.0,4.0,80.0,245.0,1.0,0.0,8.0,0.0,252.0,168.0,168.0,170.0,106.0,85.0,122.0,5.0,143.0,1842.0,3.0,6.0,1.0,12.0,0.0,0.0,0.0,0.0,0.0,0.0,0.0,4137.0,0.0,0.0,0.0,0.0,8.0,44.0,0.0,0.0,0.0,0.0,0.0,0.0,0.0,2.0,0.0,128.0,8.0,0.0,0.0,0.0,0.0,0.0,0.0,0.0,0.0,0.0,0.0,0.0,655761.0,0.0,340444200.0,34044204.0,2.02,129.0,0.0,2000.0,65.0,0.0,0.0,0.0,0.0,0.0,0.0,0.0,1.0,0.0,0.0,0.0,0.0,0.0,0.0,0.0,0.0,0.0,0.0,0.0,0.0,0.0,0.0,0.0,0.0,0.0,0.0,0.0,0.0,0.0,0.0,0.0,0.0,0.0,0.0,0.0,0.0,0.0,0.0,0.0,1.0,0.0,0.0,0.0,0.0,0.0,0.0,0.0,0.0,0.0,0.0,0.0,0.0,0.0,0.0,0.0,0.0,0.0,0.0,0.0,0.0,0.0,0.0,0.0,0.0,0.0,0.0,0.0,0.0,0.0,0.0,0.0,0.0,9.011,3.999,0.0,0.0,0.0,0.0,0.0,0.0,1.0,1.0,0.0,0.0,4000.0,0.0,0.0,0.0,0.0,0.0,0.0,
1088,0.0,0.0,0.0,0.0,0.0,0.0,3.0,1.0,1.0,1.0,3.0,1.0,1.0,1.0,4.0,1275.0,3408964.0,131072.0,0.0,2.0,1537.0,1409.0,5.0,513.0,255.0,0.0,0.0,0.0,5.0,769.0,255.0,0.0,0.0,0.0,5.0,1025.0,255.0,0.0,0.0,0.0,5.0,1281.0,254.0,0.0,0.0,0.0,2.0,1644167432.0,1644167688.0,4.0,1678835984.0,1678836240.0,1678836496.0,1678836752.0,4.0,1678837008.0,1678837264.0,1678837520.0,1678837776.0,1.0,537198856.0,5.0,417.0,254.0,0.0,0.0,0.0,5.0,449.0,254.0,0.0,0.0,0.0,5.0,481.0,254.0,0.0,0.0,0.0,5.0,673.0,254.0,0.0,0.0,0.0,5.0,705.0,254.0,0.0,0.0,0.0,5.0,737.0,254.0,0.0,0.0,0.0,5.0,929.0,254.0,0.0,0.0,0.0,4.0,1342177544.0,1342177800.0,1342178056.0,1342178312.0,8.0,1342243080.0,1342243336.0,1342243592.0,1342243848.0,1342244104.0,1342244360.0,1342244616.0,1342244872.0,4.0,1342308624.0,1342308880.0,1342309136.0,1342309392.0,4.0,1342374160.0,1342374416.0,1342374672.0,1342374928.0,4.0,1342375184.0,1342375440.0,1342375696.0,1342375952.0,4.0,1342376208.0,1342376464.0,1342376720.0,1342376976.0,8.0,1342439688.0,1342439944.0,1342440200.0,1342440456.0,1342440712.0,1342440968.0,1342441224.0,1342441480.0,4.0,0.0,0.0,0.0,0.0,8.0,17.0,17.0,17.0,17.0,17.0,17.0,17.0,17.0,16.0,100.0,100.0,100.0,100.0,100.0,100.0,100.0,100.0,100.0,100.0,100.0,100.0,100.0,100.0,100.0,100.0,2.0,45.0,45.0,1.0,128.0,4.0,80.0,245.0,1.0,0.0,8.0,0.0,252.0,168.0,168.0,170.0,106.0,85.0,122.0,5.0,142.0,1842.0,3.0,6.0,1.0,12.0,0.0,0.0,0.0,0.0,0.0,0.0,0.0,4137.0,0.0,0.0,0.0,0.0,8.0,44.0,0.0,0.0,0.0,0.0,0.0,0.0,0.0,2.0,0.0,128.0,8.0,0.0,0.0,0.0,0.0,0.0,0.0,0.0,0.0,0.0,0.0,0.0,655761.0,0.0,340444200.0,34044204.0,2.02,129.0,0.0,2000.0,65.0,0.0,0.0,0.0,0.0,0.0,0.0,0.0,1.0,0.0,0.0,0.0,0.0,0.0,0.0,0.0,0.0,0.0,0.0,0.0,0.0,0.0,0.0,0.0,0.0,0.0,0.0,0.0,0.0,0.0,0.0,0.0,0.0,0.0,0.0,0.0,0.0,0.0,0.0,0.0,1.0,0.0,0.0,0.0,0.0,0.0,0.0,0.0,0.0,0.0,0.0,0.0,0.0,0.0,0.0,0.0,0.0,0.0,0.0,0.0,0.0,0.0,0.0,0.0,0.0,0.0,0.0,0.0,0.0,0.0,0.0,0.0,0.0,9.012,4.0,0.0,0.0,0.0,0.0,0.0,0.0,1.0,1.0,0.0,0.0,4000.0,0.0,0.0,0.0,0.0,0.0,0.0,
1089,0.0,0.0,0.0,0.0,0.0,0.0,3.0,1.0,1.0,1.0,3.0,1.0,1.0,1.0,4.0,1275.0,3408964.0,131072.0,0.0,2.0,1537.0,1409.0,5.0,513.0,255.0,0.0,0.0,0.0,5.0,769.0,255.0,0.0,0.0,0.0,5.0,1025.0,255.0,0.0,0.0,0.0,5.0,1281.0,254.0,0.0,0.0,0.0,2.0,1644167432.0,1644167688.0,4.0,1678835984.0,1678836240.0,1678836496.0,1678836752.0,4.0,1678837008.0,1678837264.0,1678837520.0,1678837776.0,1.0,537198856.0,5.0,417.0,254.0,0.0,0.0,0.0,5.0,449.0,254.0,0.0,0.0,0.0,5.0,481.0,254.0,0.0,0.0,0.0,5.0,673.0,254.0,0.0,0.0,0.0,5.0,705.0,254.0,0.0,0.0,0.0,5.0,737.0,254.0,0.0,0.0,0.0,5.0,929.0,254.0,0.0,0.0,0.0,4.0,1342177544.0,1342177800.0,1342178056.0,1342178312.0,8.0,1342243080.0,1342243336.0,1342243592.0,1342243848.0,1342244104.0,1342244360.0,1342244616.0,1342244872.0,4.0,1342308624.0,1342308880.0,1342309136.0,1342309392.0,4.0,1342374160.0,1342374416.0,1342374672.0,1342374928.0,4.0,1342375184.0,1342375440.0,1342375696.0,1342375952.0,4.0,1342376208.0,1342376464.0,1342376720.0,1342376976.0,8.0,1342439688.0,1342439944.0,1342440200.0,1342440456.0,1342440712.0,1342440968.0,1342441224.0,1342441480.0,4.0,0.0,0.0,0.0,0.0,8.0,17.0,17.0,17.0,17.0,17.0,17.0,17.0,17.0,16.0,100.0,100.0,100.0,100.0,100.0,100.0,100.0,100.0,100.0,100.0,100.0,100.0,100.0,100.0,100.0,100.0,2.0,45.0,45.0,1.0,128.0,4.0,80.0,245.0,1.0,0.0,8.0,0.0,252.0,168.0,168.0,170.0,106.0,85.0,122.0,5.0,142.0,1842.0,3.0,6.0,1.0,12.0,0.0,0.0,0.0,0.0,0.0,0.0,0.0,4137.0,0.0,0.0,0.0,0.0,8.0,44.0,0.0,0.0,0.0,0.0,0.0,0.0,0.0,2.0,0.0,128.0,8.0,0.0,0.0,0.0,0.0,0.0,0.0,0.0,0.0,0.0,0.0,0.0,655761.0,0.0,340444200.0,34044204.0,2.02,129.0,0.0,2000.0,65.0,0.0,0.0,0.0,0.0,0.0,0.0,0.0,1.0,0.0,0.0,0.0,0.0,0.0,0.0,0.0,0.0,0.0,0.0,0.0,0.0,0.0,0.0,0.0,0.0,0.0,0.0,0.0,0.0,0.0,0.0,0.0,0.0,0.0,0.0,0.0,0.0,0.0,0.0,0.0,1.0,0.0,0.0,0.0,0.0,0.0,0.0,0.0,0.0,0.0,0.0,0.0,0.0,0.0,0.0,0.0,0.0,0.0,0.0,0.0,0.0,0.0,0.0,0.0,0.0,0.0,0.0,0.0,0.0,0.0,0.0,0.0,0.0,9.015,4.0,0.0,0.0,0.0,0.0,0.0,0.0,1.0,1.0,0.0,0.0,4000.0,0.0,0.0,0.0,0.0,0.0,0.0,
1094,0.0,0.0,0.0,0.0,0.0,0.0,3.0,1.0,1.0,1.0,3.0,1.0,1.0,1.0,4.0,1275.0,3408964.0,131072.0,0.0,2.0,1537.0,1409.0,5.0,513.0,255.0,0.0,0.0,0.0,5.0,769.0,255.0,0.0,0.0,0.0,5.0,1025.0,255.0,0.0,0.0,0.0,5.0,1281.0,254.0,0.0,0.0,0.0,2.0,1644167432.0,1644167688.0,4.0,1678835984.0,1678836240.0,1678836496.0,1678836752.0,4.0,1678837008.0,1678837264.0,1678837520.0,1678837776.0,1.0,537198856.0,5.0,417.0,254.0,0.0,0.0,0.0,5.0,449.0,254.0,0.0,0.0,0.0,5.0,481.0,254.0,0.0,0.0,0.0,5.0,673.0,254.0,0.0,0.0,0.0,5.0,705.0,254.0,0.0,0.0,0.0,5.0,737.0,254.0,0.0,0.0,0.0,5.0,929.0,254.0,0.0,0.0,0.0,4.0,1342177544.0,1342177800.0,1342178056.0,1342178312.0,8.0,1342243080.0,1342243336.0,1342243592.0,1342243848.0,1342244104.0,1342244360.0,1342244616.0,1342244872.0,4.0,1342308624.0,1342308880.0,1342309136.0,1342309392.0,4.0,1342374160.0,1342374416.0,1342374672.0,1342374928.0,4.0,1342375184.0,1342375440.0,1342375696.0,1342375952.0,4.0,1342376208.0,1342376464.0,1342376720.0,1342376976.0,8.0,1342439688.0,1342439944.0,1342440200.0,1342440456.0,1342440712.0,1342440968.0,1342441224.0,1342441480.0,4.0,0.0,0.0,0.0,0.0,8.0,17.0,17.0,17.0,17.0,17.0,17.0,17.0,17.0,16.0,100.0,100.0,100.0,100.0,100.0,100.0,100.0,100.0,100.0,100.0,100.0,100.0,100.0,100.0,100.0,100.0,2.0,45.0,45.0,1.0,128.0,4.0,80.0,245.0,1.0,0.0,8.0,0.0,252.0,168.0,168.0,170.0,170.0,85.0,122.0,5.0,145.0,1842.0,3.0,6.0,1.0,12.0,0.0,0.0,0.0,0.0,0.0,0.0,0.0,0.0,0.0,0.0,0.0,0.0,8.0,44.0,0.0,0.0,0.0,0.0,0.0,0.0,0.0,2.0,0.0,128.0,8.0,0.0,0.0,0.0,0.0,0.0,0.0,0.0,0.0,0.0,0.0,0.0,655761.0,0.0,340444200.0,34044204.0,2.02,129.0,0.0,2000.0,65.0,0.0,0.0,0.0,0.0,0.0,0.0,0.0,1.0,0.0,0.0,0.0,0.0,0.0,0.0,0.0,0.0,0.0,0.0,0.0,0.0,0.0,0.0,0.0,0.0,0.0,0.0,0.0,0.0,0.0,0.0,0.0,0.0,0.0,0.0,0.0,0.0,0.0,0.0,0.0,1.0,0.0,0.0,0.0,0.0,0.0,0.0,0.0,0.0,0.0,0.0,0.0,0.0,0.0,0.0,0.0,0.0,0.0,0.0,0.0,0.0,0.0,0.0,0.0,0.0,0.0,0.0,0.0,0.0,0.0,0.0,0.0,0.0,0.0,0.0,0.0,0.0,0.0,0.0,0.0,0.0,1.0,1.0,0.0,0.0,4500.0,0.0,0.0,0.0,0.0,0.0,0.0,
1095,0.0,0.0,0.0,0.0,0.0,0.0,3.0,1.0,1.0,1.0,3.0,1.0,1.0,1.0,4.0,1275.0,3408964.0,131072.0,0.0,2.0,1537.0,1409.0,5.0,513.0,255.0,0.0,0.0,0.0,5.0,769.0,255.0,0.0,0.0,0.0,5.0,1025.0,255.0,0.0,0.0,0.0,5.0,1281.0,254.0,0.0,0.0,0.0,2.0,1644167432.0,1644167688.0,4.0,1678835984.0,1678836240.0,1678836496.0,1678836752.0,4.0,1678837008.0,1678837264.0,1678837520.0,1678837776.0,1.0,537198856.0,5.0,417.0,254.0,0.0,0.0,0.0,5.0,449.0,254.0,0.0,0.0,0.0,5.0,481.0,254.0,0.0,0.0,0.0,5.0,673.0,254.0,0.0,0.0,0.0,5.0,705.0,254.0,0.0,0.0,0.0,5.0,737.0,254.0,0.0,0.0,0.0,5.0,929.0,254.0,0.0,0.0,0.0,4.0,1342177544.0,1342177800.0,1342178056.0,1342178312.0,8.0,1342243080.0,1342243336.0,1342243592.0,1342243848.0,1342244104.0,1342244360.0,1342244616.0,1342244872.0,4.0,1342308624.0,1342308880.0,1342309136.0,1342309392.0,4.0,1342374160.0,1342374416.0,1342374672.0,1342374928.0,4.0,1342375184.0,1342375440.0,1342375696.0,1342375952.0,4.0,1342376208.0,1342376464.0,1342376720.0,1342376976.0,8.0,1342439688.0,1342439944.0,1342440200.0,1342440456.0,1342440712.0,1342440968.0,1342441224.0,1342441480.0,4.0,0.0,0.0,0.0,0.0,8.0,17.0,17.0,17.0,17.0,17.0,17.0,17.0,17.0,16.0,100.0,100.0,100.0,100.0,100.0,100.0,100.0,100.0,100.0,100.0,100.0,100.0,100.0,100.0,100.0,100.0,2.0,45.0,45.0,1.0,128.0,4.0,80.0,245.0,1.0,0.0,8.0,0.0,252.0,168.0,168.0,170.0,170.0,85.0,122.0,5.0,145.0,1842.0,3.0,6.0,1.0,12.0,0.0,0.0,0.0,0.0,0.0,0.0,0.0,0.0,0.0,0.0,0.0,0.0,8.0,44.0,0.0,0.0,0.0,0.0,0.0,0.0,0.0,2.0,0.0,128.0,8.0,0.0,0.0,0.0,0.0,0.0,0.0,0.0,0.0,0.0,0.0,0.0,655761.0,0.0,340444200.0,34044204.0,2.02,129.0,0.0,2000.0,65.0,0.0,0.0,0.0,0.0,0.0,0.0,0.0,1.0,0.0,0.0,0.0,0.0,0.0,0.0,0.0,0.0,0.0,0.0,0.0,0.0,0.0,0.0,0.0,0.0,0.0,0.0,0.0,0.0,0.0,0.0,0.0,0.0,0.0,0.0,0.0,0.0,0.0,0.0,0.0,1.0,0.0,0.0,0.0,0.0,0.0,0.0,0.0,0.0,0.0,0.0,0.0,0.0,0.0,0.0,0.0,0.0,0.0,0.0,0.0,0.0,0.0,0.0,0.0,0.0,0.0,0.0,0.0,0.0,0.0,0.0,0.0,0.0,0.0,0.0,0.0,0.0,0.0,0.0,0.0,0.0,1.0,1.0,0.0,0.0,4500.0,0.0,0.0,0.0,0.0,0.0,0.0,
1096,0.0,0.0,0.0,0.0,0.0,0.0,3.0,1.0,1.0,1.0,3.0,1.0,1.0,1.0,4.0,1275.0,3408964.0,131072.0,0.0,2.0,1537.0,1409.0,5.0,513.0,255.0,0.0,0.0,0.0,5.0,769.0,255.0,0.0,0.0,0.0,5.0,1025.0,255.0,0.0,0.0,0.0,5.0,1281.0,254.0,0.0,0.0,0.0,2.0,1644167432.0,1644167688.0,4.0,1678835984.0,1678836240.0,1678836496.0,1678836752.0,4.0,1678837008.0,1678837264.0,1678837520.0,1678837776.0,1.0,537198856.0,5.0,417.0,254.0,0.0,0.0,0.0,5.0,449.0,254.0,0.0,0.0,0.0,5.0,481.0,254.0,0.0,0.0,0.0,5.0,673.0,254.0,0.0,0.0,0.0,5.0,705.0,254.0,0.0,0.0,0.0,5.0,737.0,254.0,0.0,0.0,0.0,5.0,929.0,254.0,0.0,0.0,0.0,4.0,1342177544.0,1342177800.0,1342178056.0,1342178312.0,8.0,1342243080.0,1342243336.0,1342243592.0,1342243848.0,1342244104.0,1342244360.0,1342244616.0,1342244872.0,4.0,1342308624.0,1342308880.0,1342309136.0,1342309392.0,4.0,1342374160.0,1342374416.0,1342374672.0,1342374928.0,4.0,1342375184.0,1342375440.0,1342375696.0,1342375952.0,4.0,1342376208.0,1342376464.0,1342376720.0,1342376976.0,8.0,1342439688.0,1342439944.0,1342440200.0,1342440456.0,1342440712.0,1342440968.0,1342441224.0,1342441480.0,4.0,0.0,0.0,0.0,0.0,8.0,17.0,17.0,17.0,17.0,17.0,17.0,17.0,17.0,16.0,100.0,100.0,100.0,100.0,100.0,100.0,100.0,100.0,100.0,100.0,100.0,100.0,100.0,100.0,100.0,100.0,2.0,45.0,45.0,1.0,128.0,4.0,80.0,245.0,1.0,0.0,8.0,0.0,252.0,168.0,168.0,170.0,170.0,85.0,122.0,5.0,145.0,1842.0,3.0,6.0,1.0,12.0,0.0,0.0,0.0,0.0,0.0,0.0,0.0,0.0,0.0,0.0,0.0,0.0,8.0,44.0,0.0,0.0,0.0,0.0,0.0,0.0,0.0,2.0,0.0,128.0,8.0,0.0,0.0,0.0,0.0,0.0,0.0,0.0,0.0,0.0,0.0,0.0,655761.0,0.0,340444200.0,34044204.0,2.02,129.0,0.0,2000.0,65.0,0.0,0.0,0.0,0.0,0.0,0.0,0.0,1.0,0.0,0.0,0.0,0.0,0.0,0.0,0.0,0.0,0.0,0.0,0.0,0.0,0.0,0.0,0.0,0.0,0.0,0.0,0.0,0.0,0.0,0.0,0.0,0.0,0.0,0.0,0.0,0.0,0.0,0.0,0.0,1.0,0.0,0.0,0.0,0.0,0.0,0.0,0.0,0.0,0.0,0.0,0.0,0.0,0.0,0.0,0.0,0.0,0.0,0.0,0.0,0.0,0.0,0.0,0.0,0.0,0.0,0.0,0.0,0.0,0.0,0.0,0.0,0.0,0.0,0.0,0.0,0.0,0.0,0.0,0.0,0.0,1.0,1.0,0.0,0.0,4500.0,0.0,0.0,0.0,0.0,0.0,0.0,
1099,0.0,0.0,0.0,0.0,0.0,0.0,3.0,1.0,1.0,1.0,3.0,1.0,1.0,1.0,4.0,1275.0,3408964.0,131072.0,0.0,2.0,1537.0,1409.0,5.0,513.0,255.0,0.0,0.0,0.0,5.0,769.0,255.0,0.0,0.0,0.0,5.0,1025.0,255.0,0.0,0.0,0.0,5.0,1281.0,254.0,0.0,0.0,0.0,2.0,1644167432.0,1644167688.0,4.0,1678835984.0,1678836240.0,1678836496.0,1678836752.0,4.0,1678837008.0,1678837264.0,1678837520.0,1678837776.0,1.0,537198856.0,5.0,417.0,254.0,0.0,0.0,0.0,5.0,449.0,254.0,0.0,0.0,0.0,5.0,481.0,254.0,0.0,0.0,0.0,5.0,673.0,254.0,0.0,0.0,0.0,5.0,705.0,254.0,0.0,0.0,0.0,5.0,737.0,254.0,0.0,0.0,0.0,5.0,929.0,254.0,0.0,0.0,0.0,4.0,1342177544.0,1342177800.0,1342178056.0,1342178312.0,8.0,1342243080.0,1342243336.0,1342243592.0,1342243848.0,1342244104.0,1342244360.0,1342244616.0,1342244872.0,4.0,1342308624.0,1342308880.0,1342309136.0,1342309392.0,4.0,1342374160.0,1342374416.0,1342374672.0,1342374928.0,4.0,1342375184.0,1342375440.0,1342375696.0,1342375952.0,4.0,1342376208.0,1342376464.0,1342376720.0,1342376976.0,8.0,1342439688.0,1342439944.0,1342440200.0,1342440456.0,1342440712.0,1342440968.0,1342441224.0,1342441480.0,4.0,0.0,0.0,0.0,0.0,8.0,17.0,17.0,17.0,17.0,17.0,17.0,17.0,17.0,16.0,100.0,100.0,100.0,100.0,100.0,100.0,100.0,100.0,100.0,100.0,100.0,100.0,100.0,100.0,100.0,100.0,2.0,45.0,45.0,1.0,128.0,4.0,80.0,245.0,1.0,0.0,8.0,0.0,252.0,168.0,168.0,170.0,170.0,85.0,122.0,5.0,145.0,1842.0,3.0,6.0,1.0,12.0,0.0,0.0,0.0,0.0,0.0,0.0,0.0,0.0,0.0,0.0,0.0,0.0,8.0,44.0,0.0,0.0,0.0,0.0,0.0,0.0,0.0,2.0,0.0,0.0,8.0,0.0,0.0,0.0,0.0,0.0,0.0,0.0,0.0,0.0,0.0,0.0,655761.0,0.0,340444200.0,34044204.0,2.02,129.0,0.0,2000.0,65.0,0.0,0.0,0.0,0.0,0.0,0.0,0.0,1.0,0.0,0.0,0.0,0.0,0.0,0.0,0.0,0.0,0.0,0.0,0.0,0.0,0.0,0.0,0.0,0.0,0.0,0.0,0.0,0.0,0.0,0.0,0.0,0.0,0.0,0.0,0.0,0.0,0.0,0.0,0.0,0.0,0.0,0.0,0.0,0.0,0.0,0.0,0.0,0.0,0.0,0.0,0.0,0.0,0.0,0.0,0.0,0.0,0.0,0.0,0.0,0.0,0.0,0.0,0.0,0.0,0.0,0.0,0.0,0.0,0.0,0.0,0.0,0.0,0.0,0.0,0.0,0.0,0.0,0.0,0.0,0.0,1.0,1.0,0.0,0.0,4500.0,0.0,0.0,0.0,0.0,0.0,0.0,
1101,0.0,0.0,0.0,0.0,0.0,0.0,3.0,1.0,1.0,1.0,3.0,1.0,1.0,1.0,4.0,1275.0,3408964.0,131072.0,0.0,2.0,1537.0,1409.0,5.0,513.0,255.0,0.0,0.0,0.0,5.0,769.0,255.0,0.0,0.0,0.0,5.0,1025.0,255.0,0.0,0.0,0.0,5.0,1281.0,254.0,0.0,0.0,0.0,2.0,1644167432.0,1644167688.0,4.0,1678835984.0,1678836240.0,1678836496.0,1678836752.0,4.0,1678837008.0,1678837264.0,1678837520.0,1678837776.0,1.0,537198856.0,5.0,417.0,254.0,0.0,0.0,0.0,5.0,449.0,254.0,0.0,0.0,0.0,5.0,481.0,254.0,0.0,0.0,0.0,5.0,673.0,254.0,0.0,0.0,0.0,5.0,705.0,254.0,0.0,0.0,0.0,5.0,737.0,254.0,0.0,0.0,0.0,5.0,929.0,254.0,0.0,0.0,0.0,4.0,1342177544.0,1342177800.0,1342178056.0,1342178312.0,8.0,1342243080.0,1342243336.0,1342243592.0,1342243848.0,1342244104.0,1342244360.0,1342244616.0,1342244872.0,4.0,1342308624.0,1342308880.0,1342309136.0,1342309392.0,4.0,1342374160.0,1342374416.0,1342374672.0,1342374928.0,4.0,1342375184.0,1342375440.0,1342375696.0,1342375952.0,4.0,1342376208.0,1342376464.0,1342376720.0,1342376976.0,8.0,1342439688.0,1342439944.0,1342440200.0,1342440456.0,1342440712.0,1342440968.0,1342441224.0,1342441480.0,4.0,0.0,0.0,0.0,0.0,8.0,17.0,17.0,17.0,17.0,17.0,17.0,17.0,17.0,16.0,100.0,100.0,100.0,100.0,100.0,100.0,100.0,100.0,100.0,100.0,100.0,100.0,100.0,100.0,100.0,100.0,2.0,45.0,45.0,1.0,128.0,4.0,80.0,245.0,1.0,0.0,8.0,0.0,252.0,168.0,168.0,170.0,170.0,85.0,122.0,5.0,145.0,1842.0,3.0,6.0,1.0,12.0,0.0,0.0,0.0,0.0,0.0,0.0,0.0,0.0,0.0,0.0,0.0,0.0,8.0,44.0,0.0,0.0,0.0,0.0,0.0,0.0,0.0,2.0,0.0,0.0,8.0,0.0,0.0,0.0,0.0,0.0,0.0,0.0,0.0,0.0,0.0,0.0,655761.0,0.0,340444200.0,34044204.0,2.02,129.0,0.0,2000.0,65.0,0.0,0.0,0.0,0.0,0.0,0.0,0.0,1.0,0.0,0.0,0.0,0.0,0.0,0.0,0.0,0.0,0.0,0.0,0.0,0.0,0.0,0.0,0.0,0.0,0.0,0.0,0.0,0.0,0.0,0.0,0.0,0.0,0.0,0.0,0.0,0.0,0.0,0.0,0.0,0.0,0.0,0.0,0.0,0.0,0.0,0.0,0.0,0.0,0.0,0.0,0.0,0.0,0.0,0.0,0.0,0.0,0.0,0.0,0.0,0.0,0.0,0.0,0.0,0.0,0.0,0.0,0.0,0.0,0.0,0.0,0.0,0.0,0.0,0.0,0.0,0.0,0.0,0.0,0.0,0.0,1.0,1.0,0.0,0.0,0.0,0.0,0.0,0.0,0.0,0.0,0.0,
1102,0.0,0.0,0.0,0.0,0.0,0.0,3.0,1.0,1.0,1.0,3.0,1.0,1.0,1.0,4.0,1275.0,3408964.0,131072.0,0.0,2.0,1537.0,1409.0,5.0,513.0,255.0,0.0,0.0,0.0,5.0,769.0,255.0,0.0,0.0,0.0,5.0,1025.0,255.0,0.0,0.0,0.0,5.0,1281.0,254.0,0.0,0.0,0.0,2.0,1644167432.0,1644167688.0,4.0,1678835984.0,1678836240.0,1678836496.0,1678836752.0,4.0,1678837008.0,1678837264.0,1678837520.0,1678837776.0,1.0,537198856.0,5.0,417.0,254.0,0.0,0.0,0.0,5.0,449.0,254.0,0.0,0.0,0.0,5.0,481.0,254.0,0.0,0.0,0.0,5.0,673.0,254.0,0.0,0.0,0.0,5.0,705.0,254.0,0.0,0.0,0.0,5.0,737.0,254.0,0.0,0.0,0.0,5.0,929.0,254.0,0.0,0.0,0.0,4.0,1342177544.0,1342177800.0,1342178056.0,1342178312.0,8.0,1342243080.0,1342243336.0,1342243592.0,1342243848.0,1342244104.0,1342244360.0,1342244616.0,1342244872.0,4.0,1342308624.0,1342308880.0,1342309136.0,1342309392.0,4.0,1342374160.0,1342374416.0,1342374672.0,1342374928.0,4.0,1342375184.0,1342375440.0,1342375696.0,1342375952.0,4.0,1342376208.0,1342376464.0,1342376720.0,1342376976.0,8.0,1342439688.0,1342439944.0,1342440200.0,1342440456.0,1342440712.0,1342440968.0,1342441224.0,1342441480.0,4.0,0.0,0.0,0.0,0.0,8.0,17.0,17.0,17.0,17.0,17.0,17.0,17.0,17.0,16.0,100.0,100.0,100.0,100.0,100.0,100.0,100.0,100.0,100.0,100.0,100.0,100.0,100.0,100.0,100.0,100.0,2.0,45.0,45.0,1.0,128.0,4.0,80.0,245.0,1.0,0.0,8.0,0.0,252.0,168.0,168.0,170.0,170.0,85.0,122.0,5.0,145.0,1842.0,3.0,6.0,1.0,12.0,0.0,0.0,0.0,0.0,0.0,0.0,0.0,0.0,0.0,0.0,0.0,0.0,8.0,44.0,0.0,0.0,0.0,0.0,0.0,0.0,0.0,2.0,0.0,0.0,8.0,0.0,0.0,0.0,0.0,0.0,0.0,0.0,0.0,0.0,0.0,0.0,655761.0,0.0,340444200.0,34044204.0,2.02,129.0,0.0,2000.0,65.0,0.0,0.0,0.0,0.0,0.0,0.0,0.0,1.0,0.0,0.0,0.0,0.0,0.0,0.0,0.0,0.0,0.0,0.0,0.0,0.0,0.0,0.0,0.0,0.0,0.0,0.0,0.0,0.0,0.0,0.0,0.0,0.0,0.0,0.0,0.0,0.0,0.0,0.0,0.0,0.0,0.0,0.0,0.0,0.0,0.0,0.0,0.0,0.0,0.0,0.0,0.0,0.0,0.0,0.0,0.0,0.0,0.0,0.0,0.0,0.0,0.0,0.0,0.0,0.0,0.0,0.0,0.0,0.0,0.0,0.0,0.0,0.0,0.0,0.0,0.0,0.0,0.0,0.0,0.0,0.0,1.0,1.0,0.0,0.0,0.0,0.0,0.0,0.0,0.0,0.0,0.0,
1103,0.0,0.0,0.0,0.0,0.0,0.0,3.0,1.0,1.0,1.0,3.0,1.0,1.0,1.0,4.0,1275.0,3408964.0,131072.0,0.0,2.0,1537.0,1409.0,5.0,513.0,255.0,0.0,0.0,0.0,5.0,769.0,255.0,0.0,0.0,0.0,5.0,1025.0,255.0,0.0,0.0,0.0,5.0,1281.0,254.0,0.0,0.0,0.0,2.0,1644167432.0,1644167688.0,4.0,1678835984.0,1678836240.0,1678836496.0,1678836752.0,4.0,1678837008.0,1678837264.0,1678837520.0,1678837776.0,1.0,537198856.0,5.0,417.0,254.0,0.0,0.0,0.0,5.0,449.0,254.0,0.0,0.0,0.0,5.0,481.0,254.0,0.0,0.0,0.0,5.0,673.0,254.0,0.0,0.0,0.0,5.0,705.0,254.0,0.0,0.0,0.0,5.0,737.0,254.0,0.0,0.0,0.0,5.0,929.0,254.0,0.0,0.0,0.0,4.0,1342177544.0,1342177800.0,1342178056.0,1342178312.0,8.0,1342243080.0,1342243336.0,1342243592.0,1342243848.0,1342244104.0,1342244360.0,1342244616.0,1342244872.0,4.0,1342308624.0,1342308880.0,1342309136.0,1342309392.0,4.0,1342374160.0,1342374416.0,1342374672.0,1342374928.0,4.0,1342375184.0,1342375440.0,1342375696.0,1342375952.0,4.0,1342376208.0,1342376464.0,1342376720.0,1342376976.0,8.0,1342439688.0,1342439944.0,1342440200.0,1342440456.0,1342440712.0,1342440968.0,1342441224.0,1342441480.0,4.0,0.0,0.0,0.0,0.0,8.0,17.0,17.0,17.0,17.0,17.0,17.0,17.0,17.0,16.0,100.0,100.0,100.0,100.0,100.0,100.0,100.0,100.0,100.0,100.0,100.0,100.0,100.0,100.0,100.0,100.0,2.0,45.0,45.0,1.0,128.0,4.0,80.0,245.0,1.0,0.0,8.0,0.0,252.0,168.0,168.0,170.0,170.0,85.0,122.0,5.0,144.0,1842.0,3.0,6.0,1.0,12.0,0.0,0.0,0.0,0.0,0.0,0.0,0.0,0.0,0.0,0.0,0.0,0.0,8.0,44.0,0.0,0.0,0.0,0.0,0.0,0.0,0.0,2.0,0.0,0.0,8.0,0.0,0.0,0.0,0.0,0.0,0.0,0.0,0.0,0.0,0.0,0.0,655761.0,0.0,340444200.0,34044204.0,2.02,129.0,0.0,2000.0,65.0,0.0,0.0,0.0,0.0,0.0,0.0,0.0,1.0,0.0,0.0,0.0,0.0,0.0,0.0,0.0,0.0,0.0,0.0,0.0,0.0,0.0,0.0,0.0,0.0,0.0,0.0,0.0,0.0,0.0,0.0,0.0,0.0,0.0,0.0,0.0,0.0,0.0,0.0,0.0,0.0,0.0,0.0,0.0,0.0,0.0,0.0,0.0,0.0,0.0,0.0,0.0,0.0,0.0,0.0,0.0,0.0,0.0,0.0,0.0,0.0,0.0,0.0,0.0,0.0,0.0,0.0,0.0,0.0,0.0,0.0,0.0,0.0,0.0,0.0,0.0,0.0,0.0,0.0,0.0,0.0,1.0,1.0,0.0,0.0,0.0,0.0,0.0,0.0,0.0,0.0,0.0,
1104,0.0,0.0,0.0,0.0,0.0,0.0,3.0,1.0,1.0,1.0,3.0,1.0,1.0,1.0,4.0,1275.0,3408964.0,131072.0,0.0,2.0,1537.0,1409.0,5.0,513.0,255.0,0.0,0.0,0.0,5.0,769.0,255.0,0.0,0.0,0.0,5.0,1025.0,255.0,0.0,0.0,0.0,5.0,1281.0,254.0,0.0,0.0,0.0,2.0,1644167432.0,1644167688.0,4.0,1678835984.0,1678836240.0,1678836496.0,1678836752.0,4.0,1678837008.0,1678837264.0,1678837520.0,1678837776.0,1.0,537198856.0,5.0,417.0,254.0,0.0,0.0,0.0,5.0,449.0,254.0,0.0,0.0,0.0,5.0,481.0,254.0,0.0,0.0,0.0,5.0,673.0,254.0,0.0,0.0,0.0,5.0,705.0,254.0,0.0,0.0,0.0,5.0,737.0,254.0,0.0,0.0,0.0,5.0,929.0,254.0,0.0,0.0,0.0,4.0,1342177544.0,1342177800.0,1342178056.0,1342178312.0,8.0,1342243080.0,1342243336.0,1342243592.0,1342243848.0,1342244104.0,1342244360.0,1342244616.0,1342244872.0,4.0,1342308624.0,1342308880.0,1342309136.0,1342309392.0,4.0,1342374160.0,1342374416.0,1342374672.0,1342374928.0,4.0,1342375184.0,1342375440.0,1342375696.0,1342375952.0,4.0,1342376208.0,1342376464.0,1342376720.0,1342376976.0,8.0,1342439688.0,1342439944.0,1342440200.0,1342440456.0,1342440712.0,1342440968.0,1342441224.0,1342441480.0,4.0,0.0,0.0,0.0,0.0,8.0,17.0,17.0,17.0,17.0,17.0,17.0,17.0,17.0,16.0,100.0,100.0,100.0,100.0,100.0,100.0,100.0,100.0,100.0,100.0,100.0,100.0,100.0,100.0,100.0,100.0,2.0,45.0,45.0,1.0,128.0,4.0,80.0,245.0,1.0,0.0,8.0,0.0,252.0,168.0,168.0,170.0,170.0,85.0,122.0,5.0,145.0,1842.0,3.0,6.0,1.0,12.0,0.0,0.0,0.0,0.0,0.0,0.0,0.0,0.0,0.0,0.0,0.0,0.0,8.0,44.0,0.0,0.0,0.0,0.0,0.0,0.0,0.0,2.0,0.0,0.0,8.0,0.0,0.0,0.0,0.0,0.0,0.0,0.0,0.0,0.0,0.0,0.0,655761.0,0.0,340444200.0,34044204.0,2.02,129.0,0.0,2000.0,65.0,0.0,0.0,0.0,0.0,0.0,0.0,0.0,1.0,0.0,0.0,0.0,0.0,0.0,0.0,0.0,0.0,0.0,0.0,0.0,0.0,0.0,0.0,0.0,0.0,0.0,0.0,0.0,0.0,0.0,0.0,0.0,0.0,0.0,0.0,0.0,0.0,0.0,0.0,0.0,0.0,0.0,0.0,0.0,0.0,0.0,0.0,0.0,0.0,0.0,0.0,0.0,0.0,0.0,0.0,0.0,0.0,0.0,0.0,0.0,0.0,0.0,0.0,0.0,0.0,0.0,0.0,0.0,0.0,0.0,0.0,0.0,0.0,0.0,0.0,0.0,0.0,0.0,0.0,0.0,0.0,1.0,1.0,0.0,0.0,0.0,0.0,0.0,0.0,0.0,0.0,0.0,
1105,0.0,0.0,0.0,0.0,0.0,0.0,3.0,1.0,1.0,1.0,3.0,1.0,1.0,1.0,4.0,1275.0,3408964.0,131072.0,0.0,2.0,1537.0,1409.0,5.0,513.0,255.0,0.0,0.0,0.0,5.0,769.0,255.0,0.0,0.0,0.0,5.0,1025.0,255.0,0.0,0.0,0.0,5.0,1281.0,254.0,0.0,0.0,0.0,2.0,1644167432.0,1644167688.0,4.0,1678835984.0,1678836240.0,1678836496.0,1678836752.0,4.0,1678837008.0,1678837264.0,1678837520.0,1678837776.0,1.0,537198856.0,5.0,417.0,254.0,0.0,0.0,0.0,5.0,449.0,254.0,0.0,0.0,0.0,5.0,481.0,254.0,0.0,0.0,0.0,5.0,673.0,254.0,0.0,0.0,0.0,5.0,705.0,254.0,0.0,0.0,0.0,5.0,737.0,254.0,0.0,0.0,0.0,5.0,929.0,254.0,0.0,0.0,0.0,4.0,1342177544.0,1342177800.0,1342178056.0,1342178312.0,8.0,1342243080.0,1342243336.0,1342243592.0,1342243848.0,1342244104.0,1342244360.0,1342244616.0,1342244872.0,4.0,1342308624.0,1342308880.0,1342309136.0,1342309392.0,4.0,1342374160.0,1342374416.0,1342374672.0,1342374928.0,4.0,1342375184.0,1342375440.0,1342375696.0,1342375952.0,4.0,1342376208.0,1342376464.0,1342376720.0,1342376976.0,8.0,1342439688.0,1342439944.0,1342440200.0,1342440456.0,1342440712.0,1342440968.0,1342441224.0,1342441480.0,4.0,0.0,0.0,0.0,0.0,8.0,17.0,17.0,17.0,17.0,17.0,17.0,17.0,17.0,16.0,100.0,100.0,100.0,100.0,100.0,100.0,100.0,100.0,100.0,100.0,100.0,100.0,100.0,100.0,100.0,100.0,2.0,45.0,45.0,1.0,128.0,4.0,80.0,245.0,1.0,0.0,8.0,0.0,252.0,168.0,168.0,170.0,170.0,85.0,122.0,5.0,144.0,1842.0,3.0,6.0,1.0,12.0,0.0,0.0,0.0,0.0,0.0,0.0,0.0,0.0,0.0,0.0,0.0,0.0,8.0,44.0,0.0,0.0,0.0,0.0,0.0,0.0,0.0,2.0,0.0,0.0,8.0,0.0,0.0,0.0,0.0,0.0,0.0,0.0,0.0,0.0,0.0,0.0,655761.0,0.0,340444200.0,34044204.0,2.02,129.0,0.0,2000.0,65.0,0.0,0.0,0.0,0.0,0.0,0.0,0.0,1.0,0.0,0.0,0.0,0.0,0.0,0.0,0.0,0.0,0.0,0.0,0.0,0.0,0.0,0.0,0.0,0.0,0.0,0.0,0.0,0.0,0.0,0.0,0.0,0.0,0.0,0.0,0.0,0.0,0.0,0.0,0.0,0.0,0.0,0.0,0.0,0.0,0.0,0.0,0.0,0.0,0.0,0.0,0.0,0.0,0.0,0.0,0.0,0.0,0.0,0.0,0.0,0.0,0.0,0.0,0.0,0.0,0.0,0.0,0.0,0.0,0.0,0.0,0.0,0.0,0.0,0.0,0.0,0.0,0.0,0.0,0.0,0.0,1.0,1.0,0.0,0.0,0.0,0.0,0.0,0.0,0.0,0.0,0.0,
