Started on: 2025-09-10-15:25:33
00000 #37000-4
00000 #Verion 0.0
00000 #digital normal test using the E-LOAD
00000 UUT_EDS = 37000-564.eds
00000 UUT_DATANAME = 37000-4-CANOPEN-OUTPUT-DIGITAL-NORMAL
00000 
00000 PRE_OPERATIONAL
00000 #-----setup PAT-----
00000 #setup load
00000 LdRemote = 1 : NULL
00001 LdEnable = 0 : NULL
00002 LdCurrentSet = 0 : NULL
00003 J0_08_METER_LOAD = 1 : NULL
00004 OPERATIONAL
00004 #-----setup 34044-----
00004 sdo[0x2000][1] = 0, sdo[0x2000][2] = 0 : NULL
00005 #disable global modes
00005 sdo[0x2000][3] = 0 : NULL
00006 sdo[0x2000][4] = 0 : NULL
00007 #-----set 1A/3A overcurrent-----
00007 sdo[0x2004][1] = 45 : NULL
00008 sdo[0x2004][2] = 45 : NULL
00009 sdo[0x2000][1] = 0 : NULL
00010 #switch in load line, set current
00010 sdo[0x2000][1] = 0, sdo[0x2000][2] = 0 : NULL
00011 sdo[0x2001][1] = 17 : NULL
00012 #switch in load line, set current
00012 J2_02 = 1 : NULL
00013 
00013 #set current and turn on output and verify feedback
00013 LdCurrentSet = 0: NULL : WAIT = 0.1
00014 LdEnable = 1 : NULL
00015 #TESING Output1B
00015 sdo[0x2005][1] = 1 : NULL : WAIT = 0.1
00016 sdo[0x6200][1] = 2 : NULL : WAIT = 0.1
00017 #verify reading  Output1B
00017 NULL : sdo[0x5003][1] = 0 | 200 | 0.5
00017 TEST: Status Message Amp.Port_1 0.0 +/- 200.0
00017 PASS: Status Message Amp.Port_1 0.0
00018 NULL : sdo[0x5001][3] = 4 | 0.01 | 0.1
00018 PASS: Status Message F1.Status_Output1-2 4.0
00019 #verify reading from load
00019 NULL : MeterCurrent = 0.0 | 0.1 | 0.1
00019 TEST: MeterCurrent 0.0 +/- 0.1
00019 PASS: MeterCurrent 0.0
00020 
00020 #set current and turn on output and verify feedback
00020 LdCurrentSet = 500: NULL : WAIT = 0.1
00021 LdEnable = 1 : NULL
00022 #TESING Output1B
00022 sdo[0x2005][1] = 1 : NULL : WAIT = 0.1
00023 sdo[0x6200][1] = 2 : NULL : WAIT = 0.1
00024 #verify reading  Output1B
00024 NULL : sdo[0x5003][1] = 500 | 200 | 0.5
00024 TEST: Status Message Amp.Port_1 500.0 +/- 200.0
00024 PASS: Status Message Amp.Port_1 481.0
00025 NULL : sdo[0x5001][3] = 4 | 0.01 | 0.1
00025 PASS: Status Message F1.Status_Output1-2 4.0
00026 #verify reading from load
00026 NULL : MeterCurrent = 0.5 | 0.1 | 0.1
00026 TEST: MeterCurrent 0.5 +/- 0.1
00026 PASS: MeterCurrent 0.499
00027 
00027 #set current and turn on output and verify feedback
00027 LdCurrentSet = 1000: NULL : WAIT = 0.1
00028 LdEnable = 1 : NULL
00029 #TESING Output1B
00029 sdo[0x2005][1] = 1 : NULL : WAIT = 0.1
00030 sdo[0x6200][1] = 2 : NULL : WAIT = 0.1
00031 #verify reading  Output1B
00031 NULL : sdo[0x5003][1] = 1000 | 200 | 0.5
00031 TEST: Status Message Amp.Port_1 1000.0 +/- 200.0
00031 PASS: Status Message Amp.Port_1 999.0
00032 NULL : sdo[0x5001][3] = 4 | 0.01 | 0.1
00032 PASS: Status Message F1.Status_Output1-2 4.0
00033 #verify reading from load
00033 NULL : MeterCurrent = 1.0 | 0.1 | 0.1
00033 TEST: MeterCurrent 1.0 +/- 0.1
00033 PASS: MeterCurrent 0.999
00034 
00034 #set current and turn on output and verify feedback
00034 LdCurrentSet = 1500: NULL : WAIT = 0.1
00035 LdEnable = 1 : NULL
00036 #TESING Output1B
00036 sdo[0x2005][1] = 1 : NULL : WAIT = 0.1
00037 sdo[0x6200][1] = 2 : NULL : WAIT = 0.1
00038 #verify reading  Output1B
00038 NULL : sdo[0x5003][1] = 1500 | 200 | 0.5
00038 TEST: Status Message Amp.Port_1 1500.0 +/- 200.0
00038 PASS: Status Message Amp.Port_1 1521.0
00039 NULL : sdo[0x5001][3] = 4 | 0.01 | 0.1
00039 PASS: Status Message F1.Status_Output1-2 4.0
00040 #verify reading from load
00040 NULL : MeterCurrent = 1.5 | 0.1 | 0.1
00040 TEST: MeterCurrent 1.5 +/- 0.1
00040 PASS: MeterCurrent 1.499
00041 
00041 #set current and turn on output and verify feedback
00041 LdCurrentSet = 2000: NULL : WAIT = 0.1
00042 LdEnable = 1 : NULL
00043 #TESING Output1B
00043 sdo[0x2005][1] = 1 : NULL : WAIT = 0.1
00044 sdo[0x6200][1] = 2 : NULL : WAIT = 0.1
00045 #verify reading  Output1B
00045 NULL : sdo[0x5003][1] = 2000 | 200 | 0.5
00045 TEST: Status Message Amp.Port_1 2000.0 +/- 200.0
00045 PASS: Status Message Amp.Port_1 2046.0
00046 NULL : sdo[0x5001][3] = 4 | 0.01 | 0.1
00046 PASS: Status Message F1.Status_Output1-2 4.0
00047 #verify reading from load
00047 NULL : MeterCurrent = 2.0 | 0.1 | 0.1
00047 TEST: MeterCurrent 2.0 +/- 0.1
00047 PASS: MeterCurrent 1.999
00048 
00048 #set current and turn on output and verify feedback
00048 LdCurrentSet = 2500: NULL : WAIT = 0.1
00049 LdEnable = 1 : NULL
00050 #TESING Output1B
00050 sdo[0x2005][1] = 1 : NULL : WAIT = 0.1
00051 sdo[0x6200][1] = 2 : NULL : WAIT = 0.1
00052 #verify reading  Output1B
00052 NULL : sdo[0x5003][1] = 2500 | 200 | 0.5
00052 TEST: Status Message Amp.Port_1 2500.0 +/- 200.0
00052 PASS: Status Message Amp.Port_1 2572.0
00053 NULL : sdo[0x5001][3] = 4 | 0.01 | 0.1
00053 PASS: Status Message F1.Status_Output1-2 4.0
00054 #verify reading from load
00054 NULL : MeterCurrent = 2.5 | 0.1 | 0.1
00054 TEST: MeterCurrent 2.5 +/- 0.1
00054 PASS: MeterCurrent 2.499
00055 
00055 #set current and turn on output and verify feedback
00055 LdCurrentSet = 3000: NULL : WAIT = 0.1
00056 LdEnable = 1 : NULL
00057 #TESING Output1B
00057 sdo[0x2005][1] = 1 : NULL : WAIT = 0.1
00058 sdo[0x6200][1] = 2 : NULL : WAIT = 0.1
00059 #verify reading  Output1B
00059 NULL : sdo[0x5003][1] = 3000 | 200 | 0.5
00059 TEST: Status Message Amp.Port_1 3000.0 +/- 200.0
00059 PASS: Status Message Amp.Port_1 3094.0
00060 NULL : sdo[0x5001][3] = 4 | 0.01 | 0.1
00060 PASS: Status Message F1.Status_Output1-2 4.0
00061 #verify reading from load
00061 NULL : MeterCurrent = 3.0 | 0.1 | 0.1
00061 TEST: MeterCurrent 3.0 +/- 0.1
00061 PASS: MeterCurrent 2.999
00062 
00062 #set current and turn on output and verify feedback
00062 LdCurrentSet = 3500: NULL : WAIT = 0.1
00063 LdEnable = 1 : NULL
00064 #TESING Output1B
00064 sdo[0x2005][1] = 1 : NULL : WAIT = 0.1
00065 sdo[0x6200][1] = 2 : NULL : WAIT = 0.1
00066 #verify reading  Output1B
00066 NULL : sdo[0x5003][1] = 3500 | 200 | 0.5
00066 TEST: Status Message Amp.Port_1 3500.0 +/- 200.0
00066 PASS: Status Message Amp.Port_1 3619.0
00067 NULL : sdo[0x5001][3] = 4 | 0.01 | 0.1
00067 PASS: Status Message F1.Status_Output1-2 4.0
00068 #verify reading from load
00068 NULL : MeterCurrent = 3.5 | 0.1 | 0.1
00068 TEST: MeterCurrent 3.5 +/- 0.1
00068 PASS: MeterCurrent 3.499
00069 
00069 #set current and turn on output and verify feedback
00069 LdCurrentSet = 4000: NULL : WAIT = 0.1
00070 LdEnable = 1 : NULL
00071 #TESING Output1B
00071 sdo[0x2005][1] = 1 : NULL : WAIT = 0.1
00072 sdo[0x6200][1] = 2 : NULL : WAIT = 0.1
00073 #verify reading  Output1B
00073 NULL : sdo[0x5003][1] = 4000 | 200 | 0.5
00073 TEST: Status Message Amp.Port_1 4000.0 +/- 200.0
00073 PASS: Status Message Amp.Port_1 4145.0
00074 NULL : sdo[0x5001][3] = 4 | 0.01 | 0.1
00074 PASS: Status Message F1.Status_Output1-2 4.0
00075 #verify reading from load
00075 NULL : MeterCurrent = 4.0 | 0.1 | 0.1
00075 TEST: MeterCurrent 4.0 +/- 0.1
00075 PASS: MeterCurrent 4.001
00076 
00076 #set current and turn on output and verify feedback
00076 LdCurrentSet = 4500: NULL : WAIT = 0.1
00077 LdEnable = 1 : NULL
00078 #TESING Output1B
00078 sdo[0x2005][1] = 1 : NULL : WAIT = 0.1
00079 sdo[0x6200][1] = 2 : NULL : WAIT = 0.1
00080 #verify fault Output1B
00080 NULL : sdo[0x5003][1] = 0 | 0.1 | 0.1
00080 TEST: Status Message Amp.Port_1 0.0 +/- 0.1
00080 PASS: Status Message Amp.Port_1 0.0
00081 NULL : sdo[0x5001][3] = 8 | 0 | 0.1
00081 PASS: Status Message F1.Status_Output1-2 8.0
00082 #verify reading from load
00082 NULL : MeterCurrent = 0  | 0.01 | 0.1
00082 TEST: MeterCurrent 0.0 +/- 0.01
00082 PASS: MeterCurrent 0.0
00083 
00083 #switch out load line, clear current
00083 sdo[0x6200][1] = 0 : NULL : WAIT = 0.1
00084 J2_02 = 0 : NULL : WAIT = 0.5
00085 #read signal value to update
00085 NULL : sdo[0x5003][1] = 0 | 155 | 0.5
00085 TEST: Status Message Amp.Port_1 0.0 +/- 155.0
00085 PASS: Status Message Amp.Port_1 0.0
00086 LdCurrentSet = 0 : NULL : WAIT = 0.1
00087 NULL : sdo[0x5001][3] = 8 | 0 | 0.1
00087 TEST: Status Message F1.Status_Output1-2 8.0 +/- 0.0
00087 PASS: Status Message F1.Status_Output1-2 8.0
00088 sdo[0x2000][1] = 0, sdo[0x2000][2] = 0 : NULL
00089 sdo[0x2001][2] = 17 : NULL
00090 #switch in load line, set current
00090 J2_03 = 1 : NULL
00091 
00091 #set current and turn on output and verify feedback
00091 LdCurrentSet = 0: NULL : WAIT = 0.1
00092 LdEnable = 1 : NULL
00093 #TESING Output2A
00093 sdo[0x2005][1] = 0 : NULL : WAIT = 0.1
00094 sdo[0x6200][1] = 4 : NULL : WAIT = 0.1
00095 #verify reading  Output2A
00095 NULL : sdo[0x5003][2] = 0 | 200 | 0.5
00095 TEST: Status Message Amp.Port_2 0.0 +/- 200.0
00095 PASS: Status Message Amp.Port_2 0.0
00096 NULL : sdo[0x5001][3] = 24 | 0.01 | 0.1
00096 PASS: Status Message F1.Status_Output1-2 24.0
00097 #verify reading from load
00097 NULL : MeterCurrent = 0.0 | 0.1 | 0.1
00097 TEST: MeterCurrent 0.0 +/- 0.1
00097 PASS: MeterCurrent 0.0
00098 
00098 #set current and turn on output and verify feedback
00098 LdCurrentSet = 500: NULL : WAIT = 0.1
00099 LdEnable = 1 : NULL
00100 #TESING Output2A
00100 sdo[0x2005][1] = 0 : NULL : WAIT = 0.1
00101 sdo[0x6200][1] = 4 : NULL : WAIT = 0.1
00102 #verify reading  Output2A
00102 NULL : sdo[0x5003][2] = 500 | 200 | 0.5
00102 TEST: Status Message Amp.Port_2 500.0 +/- 200.0
00102 PASS: Status Message Amp.Port_2 497.0
00103 NULL : sdo[0x5001][3] = 24 | 0.01 | 0.1
00103 PASS: Status Message F1.Status_Output1-2 24.0
00104 #verify reading from load
00104 NULL : MeterCurrent = 0.5 | 0.1 | 0.1
00104 TEST: MeterCurrent 0.5 +/- 0.1
00104 PASS: MeterCurrent 0.499
00105 
00105 #set current and turn on output and verify feedback
00105 LdCurrentSet = 1000: NULL : WAIT = 0.1
00106 LdEnable = 1 : NULL
00107 #TESING Output2A
00107 sdo[0x2005][1] = 0 : NULL : WAIT = 0.1
00108 sdo[0x6200][1] = 4 : NULL : WAIT = 0.1
00109 #verify reading  Output2A
00109 NULL : sdo[0x5003][2] = 1000 | 200 | 0.5
00109 TEST: Status Message Amp.Port_2 1000.0 +/- 200.0
00109 PASS: Status Message Amp.Port_2 1023.0
00110 NULL : sdo[0x5001][3] = 24 | 0.01 | 0.1
00110 PASS: Status Message F1.Status_Output1-2 24.0
00111 #verify reading from load
00111 NULL : MeterCurrent = 1.0 | 0.1 | 0.1
00111 TEST: MeterCurrent 1.0 +/- 0.1
00111 PASS: MeterCurrent 0.999
00112 
00112 #set current and turn on output and verify feedback
00112 LdCurrentSet = 1500: NULL : WAIT = 0.1
00113 LdEnable = 1 : NULL
00114 #TESING Output2A
00114 sdo[0x2005][1] = 0 : NULL : WAIT = 0.1
00115 sdo[0x6200][1] = 4 : NULL : WAIT = 0.1
00116 #verify reading  Output2A
00116 NULL : sdo[0x5003][2] = 1500 | 200 | 0.5
00116 TEST: Status Message Amp.Port_2 1500.0 +/- 200.0
00116 PASS: Status Message Amp.Port_2 1556.0
00117 NULL : sdo[0x5001][3] = 24 | 0.01 | 0.1
00117 PASS: Status Message F1.Status_Output1-2 24.0
00118 #verify reading from load
00118 NULL : MeterCurrent = 1.5 | 0.1 | 0.1
00118 TEST: MeterCurrent 1.5 +/- 0.1
00118 PASS: MeterCurrent 1.499
00119 
00119 #set current and turn on output and verify feedback
00119 LdCurrentSet = 2000: NULL : WAIT = 0.1
00120 LdEnable = 1 : NULL
00121 #TESING Output2A
00121 sdo[0x2005][1] = 0 : NULL : WAIT = 0.1
00122 sdo[0x6200][1] = 4 : NULL : WAIT = 0.1
00123 #verify reading  Output2A
00123 NULL : sdo[0x5003][2] = 2000 | 200 | 0.5
00123 TEST: Status Message Amp.Port_2 2000.0 +/- 200.0
00123 PASS: Status Message Amp.Port_2 2090.0
00124 NULL : sdo[0x5001][3] = 24 | 0.01 | 0.1
00124 PASS: Status Message F1.Status_Output1-2 24.0
00125 #verify reading from load
00125 NULL : MeterCurrent = 2.0 | 0.1 | 0.1
00125 TEST: MeterCurrent 2.0 +/- 0.1
00125 PASS: MeterCurrent 1.999
00126 
00126 #set current and turn on output and verify feedback
00126 LdCurrentSet = 2500: NULL : WAIT = 0.1
00127 LdEnable = 1 : NULL
00128 #TESING Output2A
00128 sdo[0x2005][1] = 0 : NULL : WAIT = 0.1
00129 sdo[0x6200][1] = 4 : NULL : WAIT = 0.1
00130 #verify reading  Output2A
00130 NULL : sdo[0x5003][2] = 2500 | 200 | 0.5
00130 TEST: Status Message Amp.Port_2 2500.0 +/- 200.0
00130 PASS: Status Message Amp.Port_2 2624.0
00131 NULL : sdo[0x5001][3] = 24 | 0.01 | 0.1
00131 PASS: Status Message F1.Status_Output1-2 24.0
00132 #verify reading from load
00132 NULL : MeterCurrent = 2.5 | 0.1 | 0.1
00132 TEST: MeterCurrent 2.5 +/- 0.1
00132 PASS: MeterCurrent 2.499
00133 
00133 #set current and turn on output and verify feedback
00133 LdCurrentSet = 3000: NULL : WAIT = 0.1
00134 LdEnable = 1 : NULL
00135 #TESING Output2A
00135 sdo[0x2005][1] = 0 : NULL : WAIT = 0.1
00136 sdo[0x6200][1] = 4 : NULL : WAIT = 0.1
00137 #verify reading  Output2A
00137 NULL : sdo[0x5003][2] = 3000 | 200 | 0.5
00137 TEST: Status Message Amp.Port_2 3000.0 +/- 200.0
00137 PASS: Status Message Amp.Port_2 3149.0
00138 NULL : sdo[0x5001][3] = 24 | 0.01 | 0.1
00138 PASS: Status Message F1.Status_Output1-2 24.0
00139 #verify reading from load
00139 NULL : MeterCurrent = 3.0 | 0.1 | 0.1
00139 TEST: MeterCurrent 3.0 +/- 0.1
00139 PASS: MeterCurrent 2.999
00140 
00140 #set current and turn on output and verify feedback
00140 LdCurrentSet = 3500: NULL : WAIT = 0.1
00141 LdEnable = 1 : NULL
00142 #TESING Output2A
00142 sdo[0x2005][1] = 0 : NULL : WAIT = 0.1
00143 sdo[0x6200][1] = 4 : NULL : WAIT = 0.1
00144 #verify reading  Output2A
00144 NULL : sdo[0x5003][2] = 3500 | 200 | 0.5
00144 TEST: Status Message Amp.Port_2 3500.0 +/- 200.0
00144 PASS: Status Message Amp.Port_2 3687.0
00145 NULL : sdo[0x5001][3] = 24 | 0.01 | 0.1
00145 PASS: Status Message F1.Status_Output1-2 24.0
00146 #verify reading from load
00146 NULL : MeterCurrent = 3.5 | 0.1 | 0.1
00146 TEST: MeterCurrent 3.5 +/- 0.1
00146 PASS: MeterCurrent 3.499
00147 
00147 #set current and turn on output and verify feedback
00147 LdCurrentSet = 4000: NULL : WAIT = 0.1
00148 LdEnable = 1 : NULL
00149 #TESING Output2A
00149 sdo[0x2005][1] = 0 : NULL : WAIT = 0.1
00150 sdo[0x6200][1] = 4 : NULL : WAIT = 0.1
00151 #verify reading  Output2A
00151 NULL : sdo[0x5003][2] = 4000 | 200 | 0.5
00151 TEST: Status Message Amp.Port_2 4000.0 +/- 200.0
00151 FAIL: Status Message Amp.Port_2 4220.0
00152 NULL : sdo[0x5001][3] = 24 | 0.01 | 0.1
00152 PASS: Status Message F1.Status_Output1-2 24.0
00153 #verify reading from load
00153 NULL : MeterCurrent = 4.0 | 0.1 | 0.1
00153 TEST: MeterCurrent 4.0 +/- 0.1
00153 PASS: MeterCurrent 4.001
00154 
00154 #set current and turn on output and verify feedback
00154 LdCurrentSet = 4500: NULL : WAIT = 0.1
00155 LdEnable = 1 : NULL
00156 #TESING Output2A
00156 sdo[0x2005][1] = 0 : NULL : WAIT = 0.1
00157 sdo[0x6200][1] = 4 : NULL : WAIT = 0.1
00158 #verify fault Output2A
00158 NULL : sdo[0x5003][2] = 0 | 0.1 | 0.1
00158 TEST: Status Message Amp.Port_2 0.0 +/- 0.1
00158 PASS: Status Message Amp.Port_2 0.0
00159 NULL : sdo[0x5001][3] = 40 | 0 | 0.1
00159 PASS: Status Message F1.Status_Output1-2 40.0
00160 #verify reading from load
00160 NULL : MeterCurrent = 0  | 0.01 | 0.1
00160 TEST: MeterCurrent 0.0 +/- 0.01
00160 PASS: MeterCurrent 0.0
00161 
00161 #switch out load line, clear current
00161 sdo[0x6200][1] = 0 : NULL : WAIT = 0.1
00162 J2_03 = 0 : NULL : WAIT = 0.5
00163 #read signal value to update
00163 NULL : sdo[0x5003][2] = 0 | 155 | 0.5
00163 TEST: Status Message Amp.Port_2 0.0 +/- 155.0
00163 PASS: Status Message Amp.Port_2 0.0
00164 LdCurrentSet = 0 : NULL : WAIT = 0.1
00165 NULL : sdo[0x5001][3] = 40 | 0 | 0.1
00165 TEST: Status Message F1.Status_Output1-2 40.0 +/- 0.0
00165 PASS: Status Message F1.Status_Output1-2 40.0
00166 sdo[0x2000][1] = 0, sdo[0x2000][2] = 0 : NULL
00167 sdo[0x2001][2] = 17 : NULL
00168 #switch in load line, set current
00168 J2_04 = 1 : NULL
00169 
00169 #set current and turn on output and verify feedback
00169 LdCurrentSet = 0: NULL : WAIT = 0.1
00170 LdEnable = 1 : NULL
00171 #TESING Output2B
00171 sdo[0x2005][1] = 2 : NULL : WAIT = 0.1
00172 sdo[0x6200][1] = 8 : NULL : WAIT = 0.1
00173 #verify reading  Output2B
00173 NULL : sdo[0x5003][2] = 0 | 200 | 0.5
00173 TEST: Status Message Amp.Port_2 0.0 +/- 200.0
00173 PASS: Status Message Amp.Port_2 0.0
00174 NULL : sdo[0x5001][3] = 104 | 0.01 | 0.1
00174 PASS: Status Message F1.Status_Output1-2 104.0
00175 #verify reading from load
00175 NULL : MeterCurrent = 0.0 | 0.1 | 0.1
00175 TEST: MeterCurrent 0.0 +/- 0.1
00175 PASS: MeterCurrent 0.0
00176 
00176 #set current and turn on output and verify feedback
00176 LdCurrentSet = 500: NULL : WAIT = 0.1
00177 LdEnable = 1 : NULL
00178 #TESING Output2B
00178 sdo[0x2005][1] = 2 : NULL : WAIT = 0.1
00179 sdo[0x6200][1] = 8 : NULL : WAIT = 0.1
00180 #verify reading  Output2B
00180 NULL : sdo[0x5003][2] = 500 | 200 | 0.5
00180 TEST: Status Message Amp.Port_2 500.0 +/- 200.0
00180 PASS: Status Message Amp.Port_2 489.0
00181 NULL : sdo[0x5001][3] = 104 | 0.01 | 0.1
00181 PASS: Status Message F1.Status_Output1-2 104.0
00182 #verify reading from load
00182 NULL : MeterCurrent = 0.5 | 0.1 | 0.1
00182 TEST: MeterCurrent 0.5 +/- 0.1
00182 PASS: MeterCurrent 0.499
00183 
00183 #set current and turn on output and verify feedback
00183 LdCurrentSet = 1000: NULL : WAIT = 0.1
00184 LdEnable = 1 : NULL
00185 #TESING Output2B
00185 sdo[0x2005][1] = 2 : NULL : WAIT = 0.1
00186 sdo[0x6200][1] = 8 : NULL : WAIT = 0.1
00187 #verify reading  Output2B
00187 NULL : sdo[0x5003][2] = 1000 | 200 | 0.5
00187 TEST: Status Message Amp.Port_2 1000.0 +/- 200.0
00187 PASS: Status Message Amp.Port_2 999.0
00188 NULL : sdo[0x5001][3] = 104 | 0.01 | 0.1
00188 PASS: Status Message F1.Status_Output1-2 104.0
00189 #verify reading from load
00189 NULL : MeterCurrent = 1.0 | 0.1 | 0.1
00189 TEST: MeterCurrent 1.0 +/- 0.1
00189 PASS: MeterCurrent 0.999
00190 
00190 #set current and turn on output and verify feedback
00190 LdCurrentSet = 1500: NULL : WAIT = 0.1
00191 LdEnable = 1 : NULL
00192 #TESING Output2B
00192 sdo[0x2005][1] = 2 : NULL : WAIT = 0.1
00193 sdo[0x6200][1] = 8 : NULL : WAIT = 0.1
00194 #verify reading  Output2B
00194 NULL : sdo[0x5003][2] = 1500 | 200 | 0.5
00194 TEST: Status Message Amp.Port_2 1500.0 +/- 200.0
00194 PASS: Status Message Amp.Port_2 1521.0
00195 NULL : sdo[0x5001][3] = 104 | 0.01 | 0.1
00195 PASS: Status Message F1.Status_Output1-2 104.0
00196 #verify reading from load
00196 NULL : MeterCurrent = 1.5 | 0.1 | 0.1
00196 TEST: MeterCurrent 1.5 +/- 0.1
00196 PASS: MeterCurrent 1.499
00197 
00197 #set current and turn on output and verify feedback
00197 LdCurrentSet = 2000: NULL : WAIT = 0.1
00198 LdEnable = 1 : NULL
00199 #TESING Output2B
00199 sdo[0x2005][1] = 2 : NULL : WAIT = 0.1
00200 sdo[0x6200][1] = 8 : NULL : WAIT = 0.1
00201 #verify reading  Output2B
00201 NULL : sdo[0x5003][2] = 2000 | 200 | 0.5
00201 TEST: Status Message Amp.Port_2 2000.0 +/- 200.0
00201 PASS: Status Message Amp.Port_2 2042.0
00202 NULL : sdo[0x5001][3] = 104 | 0.01 | 0.1
00202 PASS: Status Message F1.Status_Output1-2 104.0
00203 #verify reading from load
00203 NULL : MeterCurrent = 2.0 | 0.1 | 0.1
00203 TEST: MeterCurrent 2.0 +/- 0.1
00203 PASS: MeterCurrent 1.999
00204 
00204 #set current and turn on output and verify feedback
00204 LdCurrentSet = 2500: NULL : WAIT = 0.1
00205 LdEnable = 1 : NULL
00206 #TESING Output2B
00206 sdo[0x2005][1] = 2 : NULL : WAIT = 0.1
00207 sdo[0x6200][1] = 8 : NULL : WAIT = 0.1
00208 #verify reading  Output2B
00208 NULL : sdo[0x5003][2] = 2500 | 200 | 0.5
00208 TEST: Status Message Amp.Port_2 2500.0 +/- 200.0
00208 PASS: Status Message Amp.Port_2 2568.0
00209 NULL : sdo[0x5001][3] = 104 | 0.01 | 0.1
00209 PASS: Status Message F1.Status_Output1-2 104.0
00210 #verify reading from load
00210 NULL : MeterCurrent = 2.5 | 0.1 | 0.1
00210 TEST: MeterCurrent 2.5 +/- 0.1
00210 PASS: MeterCurrent 2.499
00211 
00211 #set current and turn on output and verify feedback
00211 LdCurrentSet = 3000: NULL : WAIT = 0.1
00212 LdEnable = 1 : NULL
00213 #TESING Output2B
00213 sdo[0x2005][1] = 2 : NULL : WAIT = 0.1
00214 sdo[0x6200][1] = 8 : NULL : WAIT = 0.1
00215 #verify reading  Output2B
00215 NULL : sdo[0x5003][2] = 3000 | 200 | 0.5
00215 TEST: Status Message Amp.Port_2 3000.0 +/- 200.0
00215 PASS: Status Message Amp.Port_2 3082.0
00216 NULL : sdo[0x5001][3] = 104 | 0.01 | 0.1
00216 PASS: Status Message F1.Status_Output1-2 104.0
00217 #verify reading from load
00217 NULL : MeterCurrent = 3.0 | 0.1 | 0.1
00217 TEST: MeterCurrent 3.0 +/- 0.1
00217 PASS: MeterCurrent 2.999
00218 
00218 #set current and turn on output and verify feedback
00218 LdCurrentSet = 3500: NULL : WAIT = 0.1
00219 LdEnable = 1 : NULL
00220 #TESING Output2B
00220 sdo[0x2005][1] = 2 : NULL : WAIT = 0.1
00221 sdo[0x6200][1] = 8 : NULL : WAIT = 0.1
00222 #verify reading  Output2B
00222 NULL : sdo[0x5003][2] = 3500 | 200 | 0.5
00222 TEST: Status Message Amp.Port_2 3500.0 +/- 200.0
00222 PASS: Status Message Amp.Port_2 3607.0
00223 NULL : sdo[0x5001][3] = 104 | 0.01 | 0.1
00223 PASS: Status Message F1.Status_Output1-2 104.0
00224 #verify reading from load
00224 NULL : MeterCurrent = 3.5 | 0.1 | 0.1
00224 TEST: MeterCurrent 3.5 +/- 0.1
00224 PASS: MeterCurrent 3.499
00225 
00225 #set current and turn on output and verify feedback
00225 LdCurrentSet = 4000: NULL : WAIT = 0.1
00226 LdEnable = 1 : NULL
00227 #TESING Output2B
00227 sdo[0x2005][1] = 2 : NULL : WAIT = 0.1
00228 sdo[0x6200][1] = 8 : NULL : WAIT = 0.1
00229 #verify reading  Output2B
00229 NULL : sdo[0x5003][2] = 4000 | 200 | 0.5
00229 TEST: Status Message Amp.Port_2 4000.0 +/- 200.0
00229 PASS: Status Message Amp.Port_2 4129.0
00230 NULL : sdo[0x5001][3] = 104 | 0.01 | 0.1
00230 PASS: Status Message F1.Status_Output1-2 104.0
00231 #verify reading from load
00231 NULL : MeterCurrent = 4.0 | 0.1 | 0.1
00231 TEST: MeterCurrent 4.0 +/- 0.1
00231 PASS: MeterCurrent 4.001
00232 
00232 #set current and turn on output and verify feedback
00232 LdCurrentSet = 4500: NULL : WAIT = 0.1
00233 LdEnable = 1 : NULL
00234 #TESING Output2B
00234 sdo[0x2005][1] = 2 : NULL : WAIT = 0.1
00235 sdo[0x6200][1] = 8 : NULL : WAIT = 0.1
00236 #verify fault Output2B
00236 NULL : sdo[0x5003][2] = 0 | 0.1 | 0.1
00236 TEST: Status Message Amp.Port_2 0.0 +/- 0.1
00236 PASS: Status Message Amp.Port_2 0.0
00237 NULL : sdo[0x5001][3] = 168 | 0 | 0.1
00237 PASS: Status Message F1.Status_Output1-2 168.0
00238 #verify reading from load
00238 NULL : MeterCurrent = 0  | 0.01 | 0.1
00238 TEST: MeterCurrent 0.0 +/- 0.01
00238 PASS: MeterCurrent 0.0
00239 
00239 #switch out load line, clear current
00239 sdo[0x6200][1] = 0 : NULL : WAIT = 0.1
00240 J2_04 = 0 : NULL : WAIT = 0.5
00241 #read signal value to update
00241 NULL : sdo[0x5003][2] = 0 | 155 | 0.5
00241 TEST: Status Message Amp.Port_2 0.0 +/- 155.0
00241 PASS: Status Message Amp.Port_2 0.0
00242 LdCurrentSet = 0 : NULL : WAIT = 0.1
00243 NULL : sdo[0x5001][3] = 168 | 0 | 0.1
00243 TEST: Status Message F1.Status_Output1-2 168.0 +/- 0.0
00243 PASS: Status Message F1.Status_Output1-2 168.0
00244 sdo[0x2000][1] = 0, sdo[0x2000][2] = 0 : NULL
00245 sdo[0x2001][3] = 17 : NULL
00246 #switch in load line, set current
00246 J2_06 = 1 : NULL
00247 
00247 #set current and turn on output and verify feedback
00247 LdCurrentSet = 0: NULL : WAIT = 0.1
00248 LdEnable = 1 : NULL
00249 #TESING Output3B
00249 sdo[0x2005][1] = 4 : NULL : WAIT = 0.1
00250 sdo[0x6200][1] = 32 : NULL : WAIT = 0.1
00251 #verify reading  Output3B
00251 NULL : sdo[0x5003][3] = 0 | 200 | 0.5
00251 TEST: Status Message Amp.Port_3 0.0 +/- 200.0
00251 PASS: Status Message Amp.Port_3 0.0
00252 NULL : sdo[0x5001][4] = 4 | 0.01 | 0.1
00252 PASS: Status Message F1.Status_Output3-4 4.0
00253 #verify reading from load
00253 NULL : MeterCurrent = 0.0 | 0.1 | 0.1
00253 TEST: MeterCurrent 0.0 +/- 0.1
00253 PASS: MeterCurrent 0.0
00254 
00254 #set current and turn on output and verify feedback
00254 LdCurrentSet = 500: NULL : WAIT = 0.1
00255 LdEnable = 1 : NULL
00256 #TESING Output3B
00256 sdo[0x2005][1] = 4 : NULL : WAIT = 0.1
00257 sdo[0x6200][1] = 32 : NULL : WAIT = 0.1
00258 #verify reading  Output3B
00258 NULL : sdo[0x5003][3] = 500 | 200 | 0.5
00258 TEST: Status Message Amp.Port_3 500.0 +/- 200.0
00258 PASS: Status Message Amp.Port_3 489.0
00259 NULL : sdo[0x5001][4] = 4 | 0.01 | 0.1
00259 PASS: Status Message F1.Status_Output3-4 4.0
00260 #verify reading from load
00260 NULL : MeterCurrent = 0.5 | 0.1 | 0.1
00260 TEST: MeterCurrent 0.5 +/- 0.1
00260 PASS: MeterCurrent 0.499
00261 
00261 #set current and turn on output and verify feedback
00261 LdCurrentSet = 1000: NULL : WAIT = 0.1
00262 LdEnable = 1 : NULL
00263 #TESING Output3B
00263 sdo[0x2005][1] = 4 : NULL : WAIT = 0.1
00264 sdo[0x6200][1] = 32 : NULL : WAIT = 0.1
00265 #verify reading  Output3B
00265 NULL : sdo[0x5003][3] = 1000 | 200 | 0.5
00265 TEST: Status Message Amp.Port_3 1000.0 +/- 200.0
00265 PASS: Status Message Amp.Port_3 1011.0
00266 NULL : sdo[0x5001][4] = 4 | 0.01 | 0.1
00266 PASS: Status Message F1.Status_Output3-4 4.0
00267 #verify reading from load
00267 NULL : MeterCurrent = 1.0 | 0.1 | 0.1
00267 TEST: MeterCurrent 1.0 +/- 0.1
00267 PASS: MeterCurrent 0.999
00268 
00268 #set current and turn on output and verify feedback
00268 LdCurrentSet = 1500: NULL : WAIT = 0.1
00269 LdEnable = 1 : NULL
00270 #TESING Output3B
00270 sdo[0x2005][1] = 4 : NULL : WAIT = 0.1
00271 sdo[0x6200][1] = 32 : NULL : WAIT = 0.1
00272 #verify reading  Output3B
00272 NULL : sdo[0x5003][3] = 1500 | 200 | 0.5
00272 TEST: Status Message Amp.Port_3 1500.0 +/- 200.0
00272 PASS: Status Message Amp.Port_3 1533.0
00273 NULL : sdo[0x5001][4] = 4 | 0.01 | 0.1
00273 PASS: Status Message F1.Status_Output3-4 4.0
00274 #verify reading from load
00274 NULL : MeterCurrent = 1.5 | 0.1 | 0.1
00274 TEST: MeterCurrent 1.5 +/- 0.1
00274 PASS: MeterCurrent 1.499
00275 
00275 #set current and turn on output and verify feedback
00275 LdCurrentSet = 2000: NULL : WAIT = 0.1
00276 LdEnable = 1 : NULL
00277 #TESING Output3B
00277 sdo[0x2005][1] = 4 : NULL : WAIT = 0.1
00278 sdo[0x6200][1] = 32 : NULL : WAIT = 0.1
00279 #verify reading  Output3B
00279 NULL : sdo[0x5003][3] = 2000 | 200 | 0.5
00279 TEST: Status Message Amp.Port_3 2000.0 +/- 200.0
00279 PASS: Status Message Amp.Port_3 2058.0
00280 NULL : sdo[0x5001][4] = 4 | 0.01 | 0.1
00280 PASS: Status Message F1.Status_Output3-4 4.0
00281 #verify reading from load
00281 NULL : MeterCurrent = 2.0 | 0.1 | 0.1
00281 TEST: MeterCurrent 2.0 +/- 0.1
00281 PASS: MeterCurrent 1.999
00282 
00282 #set current and turn on output and verify feedback
00282 LdCurrentSet = 2500: NULL : WAIT = 0.1
00283 LdEnable = 1 : NULL
00284 #TESING Output3B
00284 sdo[0x2005][1] = 4 : NULL : WAIT = 0.1
00285 sdo[0x6200][1] = 32 : NULL : WAIT = 0.1
00286 #verify reading  Output3B
00286 NULL : sdo[0x5003][3] = 2500 | 200 | 0.5
00286 TEST: Status Message Amp.Port_3 2500.0 +/- 200.0
00286 PASS: Status Message Amp.Port_3 2584.0
00287 NULL : sdo[0x5001][4] = 4 | 0.01 | 0.1
00287 PASS: Status Message F1.Status_Output3-4 4.0
00288 #verify reading from load
00288 NULL : MeterCurrent = 2.5 | 0.1 | 0.1
00288 TEST: MeterCurrent 2.5 +/- 0.1
00288 PASS: MeterCurrent 2.5
00289 
00289 #set current and turn on output and verify feedback
00289 LdCurrentSet = 3000: NULL : WAIT = 0.1
00290 LdEnable = 1 : NULL
00291 #TESING Output3B
00291 sdo[0x2005][1] = 4 : NULL : WAIT = 0.1
00292 sdo[0x6200][1] = 32 : NULL : WAIT = 0.1
00293 #verify reading  Output3B
00293 NULL : sdo[0x5003][3] = 3000 | 200 | 0.5
00293 TEST: Status Message Amp.Port_3 3000.0 +/- 200.0
00293 PASS: Status Message Amp.Port_3 3105.0
00294 NULL : sdo[0x5001][4] = 4 | 0.01 | 0.1
00294 PASS: Status Message F1.Status_Output3-4 4.0
00295 #verify reading from load
00295 NULL : MeterCurrent = 3.0 | 0.1 | 0.1
00295 TEST: MeterCurrent 3.0 +/- 0.1
00295 PASS: MeterCurrent 2.999
00296 
00296 #set current and turn on output and verify feedback
00296 LdCurrentSet = 3500: NULL : WAIT = 0.1
00297 LdEnable = 1 : NULL
00298 #TESING Output3B
00298 sdo[0x2005][1] = 4 : NULL : WAIT = 0.1
00299 sdo[0x6200][1] = 32 : NULL : WAIT = 0.1
00300 #verify reading  Output3B
00300 NULL : sdo[0x5003][3] = 3500 | 200 | 0.5
00300 TEST: Status Message Amp.Port_3 3500.0 +/- 200.0
00300 PASS: Status Message Amp.Port_3 3631.0
00301 NULL : sdo[0x5001][4] = 4 | 0.01 | 0.1
00301 PASS: Status Message F1.Status_Output3-4 4.0
00302 #verify reading from load
00302 NULL : MeterCurrent = 3.5 | 0.1 | 0.1
00302 TEST: MeterCurrent 3.5 +/- 0.1
00302 PASS: MeterCurrent 3.499
00303 
00303 #set current and turn on output and verify feedback
00303 LdCurrentSet = 4000: NULL : WAIT = 0.1
00304 LdEnable = 1 : NULL
00305 #TESING Output3B
00305 sdo[0x2005][1] = 4 : NULL : WAIT = 0.1
00306 sdo[0x6200][1] = 32 : NULL : WAIT = 0.1
00307 #verify reading  Output3B
00307 NULL : sdo[0x5003][3] = 4000 | 200 | 0.5
00307 TEST: Status Message Amp.Port_3 4000.0 +/- 200.0
00307 PASS: Status Message Amp.Port_3 4153.0
00308 NULL : sdo[0x5001][4] = 4 | 0.01 | 0.1
00308 PASS: Status Message F1.Status_Output3-4 4.0
00309 #verify reading from load
00309 NULL : MeterCurrent = 4.0 | 0.1 | 0.1
00309 TEST: MeterCurrent 4.0 +/- 0.1
00309 PASS: MeterCurrent 4.001
00310 
00310 #set current and turn on output and verify feedback
00310 LdCurrentSet = 4500: NULL : WAIT = 0.1
00311 LdEnable = 1 : NULL
00312 #TESING Output3B
00312 sdo[0x2005][1] = 4 : NULL : WAIT = 0.1
00313 sdo[0x6200][1] = 32 : NULL : WAIT = 0.1
00314 #verify fault Output3B
00314 NULL : sdo[0x5003][3] = 0 | 0.1 | 0.1
00314 TEST: Status Message Amp.Port_3 0.0 +/- 0.1
00314 PASS: Status Message Amp.Port_3 0.0
00315 NULL : sdo[0x5001][4] = 8 | 0 | 0.1
00315 PASS: Status Message F1.Status_Output3-4 8.0
00316 #verify reading from load
00316 NULL : MeterCurrent = 0  | 0.01 | 0.1
00316 TEST: MeterCurrent 0.0 +/- 0.01
00316 PASS: MeterCurrent 0.0
00317 
00317 #switch out load line, clear current
00317 sdo[0x6200][1] = 0 : NULL : WAIT = 0.1
00318 J2_06 = 0 : NULL : WAIT = 0.5
00319 #read signal value to update
00319 NULL : sdo[0x5003][3] = 0 | 155 | 0.5
00319 TEST: Status Message Amp.Port_3 0.0 +/- 155.0
00319 PASS: Status Message Amp.Port_3 0.0
00320 LdCurrentSet = 0 : NULL : WAIT = 0.1
00321 NULL : sdo[0x5001][4] = 8 | 0 | 0.1
00321 TEST: Status Message F1.Status_Output3-4 8.0 +/- 0.0
00321 PASS: Status Message F1.Status_Output3-4 8.0
00322 sdo[0x2000][1] = 0, sdo[0x2000][2] = 0 : NULL
00323 sdo[0x2001][4] = 17 : NULL
00324 #switch in load line, set current
00324 J2_07 = 1 : NULL
00325 
00325 #set current and turn on output and verify feedback
00325 LdCurrentSet = 0: NULL : WAIT = 0.1
00326 LdEnable = 1 : NULL
00327 #TESING Output4A
00327 sdo[0x2005][1] = 0 : NULL : WAIT = 0.1
00328 sdo[0x6200][1] = 64 : NULL : WAIT = 0.1
00329 #verify reading  Output4A
00329 NULL : sdo[0x5003][4] = 0 | 200 | 0.5
00329 TEST: Status Message Amp.Port_4 0.0 +/- 200.0
00329 PASS: Status Message Amp.Port_4 0.0
00330 NULL : sdo[0x5001][4] = 24 | 0.01 | 0.1
00330 PASS: Status Message F1.Status_Output3-4 24.0
00331 #verify reading from load
00331 NULL : MeterCurrent = 0.0 | 0.1 | 0.1
00331 TEST: MeterCurrent 0.0 +/- 0.1
00331 PASS: MeterCurrent 0.0
00332 
00332 #set current and turn on output and verify feedback
00332 LdCurrentSet = 500: NULL : WAIT = 0.1
00333 LdEnable = 1 : NULL
00334 #TESING Output4A
00334 sdo[0x2005][1] = 0 : NULL : WAIT = 0.1
00335 sdo[0x6200][1] = 64 : NULL : WAIT = 0.1
00336 #verify reading  Output4A
00336 NULL : sdo[0x5003][4] = 500 | 200 | 0.5
00336 TEST: Status Message Amp.Port_4 500.0 +/- 200.0
00336 PASS: Status Message Amp.Port_4 501.0
00337 NULL : sdo[0x5001][4] = 24 | 0.01 | 0.1
00337 PASS: Status Message F1.Status_Output3-4 24.0
00338 #verify reading from load
00338 NULL : MeterCurrent = 0.5 | 0.1 | 0.1
00338 TEST: MeterCurrent 0.5 +/- 0.1
00338 PASS: MeterCurrent 0.499
00339 
00339 #set current and turn on output and verify feedback
00339 LdCurrentSet = 1000: NULL : WAIT = 0.1
00340 LdEnable = 1 : NULL
00341 #TESING Output4A
00341 sdo[0x2005][1] = 0 : NULL : WAIT = 0.1
00342 sdo[0x6200][1] = 64 : NULL : WAIT = 0.1
00343 #verify reading  Output4A
00343 NULL : sdo[0x5003][4] = 1000 | 200 | 0.5
00343 TEST: Status Message Amp.Port_4 1000.0 +/- 200.0
00343 PASS: Status Message Amp.Port_4 1023.0
00344 NULL : sdo[0x5001][4] = 24 | 0.01 | 0.1
00344 PASS: Status Message F1.Status_Output3-4 24.0
00345 #verify reading from load
00345 NULL : MeterCurrent = 1.0 | 0.1 | 0.1
00345 TEST: MeterCurrent 1.0 +/- 0.1
00345 PASS: MeterCurrent 0.999
00346 
00346 #set current and turn on output and verify feedback
00346 LdCurrentSet = 1500: NULL : WAIT = 0.1
00347 LdEnable = 1 : NULL
00348 #TESING Output4A
00348 sdo[0x2005][1] = 0 : NULL : WAIT = 0.1
00349 sdo[0x6200][1] = 64 : NULL : WAIT = 0.1
00350 #verify reading  Output4A
00350 NULL : sdo[0x5003][4] = 1500 | 200 | 0.5
00350 TEST: Status Message Amp.Port_4 1500.0 +/- 200.0
00350 PASS: Status Message Amp.Port_4 1552.0
00351 NULL : sdo[0x5001][4] = 24 | 0.01 | 0.1
00351 PASS: Status Message F1.Status_Output3-4 24.0
00352 #verify reading from load
00352 NULL : MeterCurrent = 1.5 | 0.1 | 0.1
00352 TEST: MeterCurrent 1.5 +/- 0.1
00352 PASS: MeterCurrent 1.499
00353 
00353 #set current and turn on output and verify feedback
00353 LdCurrentSet = 2000: NULL : WAIT = 0.1
00354 LdEnable = 1 : NULL
00355 #TESING Output4A
00355 sdo[0x2005][1] = 0 : NULL : WAIT = 0.1
00356 sdo[0x6200][1] = 64 : NULL : WAIT = 0.1
00357 #verify reading  Output4A
00357 NULL : sdo[0x5003][4] = 2000 | 200 | 0.5
00357 TEST: Status Message Amp.Port_4 2000.0 +/- 200.0
00357 PASS: Status Message Amp.Port_4 2082.0
00358 NULL : sdo[0x5001][4] = 24 | 0.01 | 0.1
00358 PASS: Status Message F1.Status_Output3-4 24.0
00359 #verify reading from load
00359 NULL : MeterCurrent = 2.0 | 0.1 | 0.1
00359 TEST: MeterCurrent 2.0 +/- 0.1
00359 PASS: MeterCurrent 1.999
00360 
00360 #set current and turn on output and verify feedback
00360 LdCurrentSet = 2500: NULL : WAIT = 0.1
00361 LdEnable = 1 : NULL
00362 #TESING Output4A
00362 sdo[0x2005][1] = 0 : NULL : WAIT = 0.1
00363 sdo[0x6200][1] = 64 : NULL : WAIT = 0.1
00364 #verify reading  Output4A
00364 NULL : sdo[0x5003][4] = 2500 | 200 | 0.5
00364 TEST: Status Message Amp.Port_4 2500.0 +/- 200.0
00364 PASS: Status Message Amp.Port_4 2620.0
00365 NULL : sdo[0x5001][4] = 24 | 0.01 | 0.1
00365 PASS: Status Message F1.Status_Output3-4 24.0
00366 #verify reading from load
00366 NULL : MeterCurrent = 2.5 | 0.1 | 0.1
00366 TEST: MeterCurrent 2.5 +/- 0.1
00366 PASS: MeterCurrent 2.499
00367 
00367 #set current and turn on output and verify feedback
00367 LdCurrentSet = 3000: NULL : WAIT = 0.1
00368 LdEnable = 1 : NULL
00369 #TESING Output4A
00369 sdo[0x2005][1] = 0 : NULL : WAIT = 0.1
00370 sdo[0x6200][1] = 64 : NULL : WAIT = 0.1
00371 #verify reading  Output4A
00371 NULL : sdo[0x5003][4] = 3000 | 200 | 0.5
00371 TEST: Status Message Amp.Port_4 3000.0 +/- 200.0
00371 PASS: Status Message Amp.Port_4 3149.0
00372 NULL : sdo[0x5001][4] = 24 | 0.01 | 0.1
00372 PASS: Status Message F1.Status_Output3-4 24.0
00373 #verify reading from load
00373 NULL : MeterCurrent = 3.0 | 0.1 | 0.1
00373 TEST: MeterCurrent 3.0 +/- 0.1
00373 PASS: MeterCurrent 2.999
00374 
00374 #set current and turn on output and verify feedback
00374 LdCurrentSet = 3500: NULL : WAIT = 0.1
00375 LdEnable = 1 : NULL
00376 #TESING Output4A
00376 sdo[0x2005][1] = 0 : NULL : WAIT = 0.1
00377 sdo[0x6200][1] = 64 : NULL : WAIT = 0.1
00378 #verify reading  Output4A
00378 NULL : sdo[0x5003][4] = 3500 | 200 | 0.5
00378 TEST: Status Message Amp.Port_4 3500.0 +/- 200.0
00378 PASS: Status Message Amp.Port_4 3683.0
00379 NULL : sdo[0x5001][4] = 24 | 0.01 | 0.1
00379 PASS: Status Message F1.Status_Output3-4 24.0
00380 #verify reading from load
00380 NULL : MeterCurrent = 3.5 | 0.1 | 0.1
00380 TEST: MeterCurrent 3.5 +/- 0.1
00380 PASS: MeterCurrent 3.499
00381 
00381 #set current and turn on output and verify feedback
00381 LdCurrentSet = 4000: NULL : WAIT = 0.1
00382 LdEnable = 1 : NULL
00383 #TESING Output4A
00383 sdo[0x2005][1] = 0 : NULL : WAIT = 0.1
00384 sdo[0x6200][1] = 64 : NULL : WAIT = 0.1
00385 #verify reading  Output4A
00385 NULL : sdo[0x5003][4] = 4000 | 200 | 0.5
00385 TEST: Status Message Amp.Port_4 4000.0 +/- 200.0
00385 FAIL: Status Message Amp.Port_4 4216.0
00386 NULL : sdo[0x5001][4] = 24 | 0.01 | 0.1
00386 PASS: Status Message F1.Status_Output3-4 24.0
00387 #verify reading from load
00387 NULL : MeterCurrent = 4.0 | 0.1 | 0.1
00387 TEST: MeterCurrent 4.0 +/- 0.1
00387 PASS: MeterCurrent 4.0
00388 
00388 #set current and turn on output and verify feedback
00388 LdCurrentSet = 4500: NULL : WAIT = 0.1
00389 LdEnable = 1 : NULL
00390 #TESING Output4A
00390 sdo[0x2005][1] = 0 : NULL : WAIT = 0.1
00391 sdo[0x6200][1] = 64 : NULL : WAIT = 0.1
00392 #verify fault Output4A
00392 NULL : sdo[0x5003][4] = 0 | 0.1 | 0.1
00392 TEST: Status Message Amp.Port_4 0.0 +/- 0.1
00392 PASS: Status Message Amp.Port_4 0.0
00393 NULL : sdo[0x5001][4] = 40 | 0 | 0.1
00393 PASS: Status Message F1.Status_Output3-4 40.0
00394 #verify reading from load
00394 NULL : MeterCurrent = 0  | 0.01 | 0.1
00394 TEST: MeterCurrent 0.0 +/- 0.01
00394 PASS: MeterCurrent 0.0
00395 
00395 #switch out load line, clear current
00395 sdo[0x6200][1] = 0 : NULL : WAIT = 0.1
00396 J2_07 = 0 : NULL : WAIT = 0.5
00397 #read signal value to update
00397 NULL : sdo[0x5003][4] = 0 | 155 | 0.5
00397 TEST: Status Message Amp.Port_4 0.0 +/- 155.0
00397 PASS: Status Message Amp.Port_4 0.0
00398 LdCurrentSet = 0 : NULL : WAIT = 0.1
00399 NULL : sdo[0x5001][4] = 40 | 0 | 0.1
00399 TEST: Status Message F1.Status_Output3-4 40.0 +/- 0.0
00399 PASS: Status Message F1.Status_Output3-4 40.0
00400 sdo[0x2000][1] = 0, sdo[0x2000][2] = 0 : NULL
00401 sdo[0x2001][4] = 17 : NULL
00402 #switch in load line, set current
00402 J2_08 = 1 : NULL
00403 
00403 #set current and turn on output and verify feedback
00403 LdCurrentSet = 0: NULL : WAIT = 0.1
00404 LdEnable = 1 : NULL
00405 #TESING Output4B
00405 sdo[0x2005][1] = 8 : NULL : WAIT = 0.1
00406 sdo[0x6200][1] = 128 : NULL : WAIT = 0.1
00407 #verify reading  Output4B
00407 NULL : sdo[0x5003][4] = 0 | 200 | 0.5
00407 TEST: Status Message Amp.Port_4 0.0 +/- 200.0
00407 PASS: Status Message Amp.Port_4 0.0
00408 NULL : sdo[0x5001][4] = 104 | 0.01 | 0.1
00408 PASS: Status Message F1.Status_Output3-4 104.0
00409 #verify reading from load
00409 NULL : MeterCurrent = 0.0 | 0.1 | 0.1
00409 TEST: MeterCurrent 0.0 +/- 0.1
00409 PASS: MeterCurrent 0.0
00410 
00410 #set current and turn on output and verify feedback
00410 LdCurrentSet = 500: NULL : WAIT = 0.1
00411 LdEnable = 1 : NULL
00412 #TESING Output4B
00412 sdo[0x2005][1] = 8 : NULL : WAIT = 0.1
00413 sdo[0x6200][1] = 128 : NULL : WAIT = 0.1
00414 #verify reading  Output4B
00414 NULL : sdo[0x5003][4] = 500 | 200 | 0.5
00414 TEST: Status Message Amp.Port_4 500.0 +/- 200.0
00414 PASS: Status Message Amp.Port_4 481.0
00415 NULL : sdo[0x5001][4] = 104 | 0.01 | 0.1
00415 PASS: Status Message F1.Status_Output3-4 104.0
00416 #verify reading from load
00416 NULL : MeterCurrent = 0.5 | 0.1 | 0.1
00416 TEST: MeterCurrent 0.5 +/- 0.1
00416 PASS: MeterCurrent 0.499
00417 
00417 #set current and turn on output and verify feedback
00417 LdCurrentSet = 1000: NULL : WAIT = 0.1
00418 LdEnable = 1 : NULL
00419 #TESING Output4B
00419 sdo[0x2005][1] = 8 : NULL : WAIT = 0.1
00420 sdo[0x6200][1] = 128 : NULL : WAIT = 0.1
00421 #verify reading  Output4B
00421 NULL : sdo[0x5003][4] = 1000 | 200 | 0.5
00421 TEST: Status Message Amp.Port_4 1000.0 +/- 200.0
00421 PASS: Status Message Amp.Port_4 991.0
00422 NULL : sdo[0x5001][4] = 104 | 0.01 | 0.1
00422 PASS: Status Message F1.Status_Output3-4 104.0
00423 #verify reading from load
00423 NULL : MeterCurrent = 1.0 | 0.1 | 0.1
00423 TEST: MeterCurrent 1.0 +/- 0.1
00423 PASS: MeterCurrent 0.999
00424 
00424 #set current and turn on output and verify feedback
00424 LdCurrentSet = 1500: NULL : WAIT = 0.1
00425 LdEnable = 1 : NULL
00426 #TESING Output4B
00426 sdo[0x2005][1] = 8 : NULL : WAIT = 0.1
00427 sdo[0x6200][1] = 128 : NULL : WAIT = 0.1
00428 #verify reading  Output4B
00428 NULL : sdo[0x5003][4] = 1500 | 200 | 0.5
00428 TEST: Status Message Amp.Port_4 1500.0 +/- 200.0
00428 PASS: Status Message Amp.Port_4 1513.0
00429 NULL : sdo[0x5001][4] = 104 | 0.01 | 0.1
00429 PASS: Status Message F1.Status_Output3-4 104.0
00430 #verify reading from load
00430 NULL : MeterCurrent = 1.5 | 0.1 | 0.1
00430 TEST: MeterCurrent 1.5 +/- 0.1
00430 PASS: MeterCurrent 1.499
00431 
00431 #set current and turn on output and verify feedback
00431 LdCurrentSet = 2000: NULL : WAIT = 0.1
00432 LdEnable = 1 : NULL
00433 #TESING Output4B
00433 sdo[0x2005][1] = 8 : NULL : WAIT = 0.1
00434 sdo[0x6200][1] = 128 : NULL : WAIT = 0.1
00435 #verify reading  Output4B
00435 NULL : sdo[0x5003][4] = 2000 | 200 | 0.5
00435 TEST: Status Message Amp.Port_4 2000.0 +/- 200.0
00435 PASS: Status Message Amp.Port_4 2034.0
00436 NULL : sdo[0x5001][4] = 104 | 0.01 | 0.1
00436 PASS: Status Message F1.Status_Output3-4 104.0
00437 #verify reading from load
00437 NULL : MeterCurrent = 2.0 | 0.1 | 0.1
00437 TEST: MeterCurrent 2.0 +/- 0.1
00437 PASS: MeterCurrent 1.999
00438 
00438 #set current and turn on output and verify feedback
00438 LdCurrentSet = 2500: NULL : WAIT = 0.1
00439 LdEnable = 1 : NULL
00440 #TESING Output4B
00440 sdo[0x2005][1] = 8 : NULL : WAIT = 0.1
00441 sdo[0x6200][1] = 128 : NULL : WAIT = 0.1
00442 #verify reading  Output4B
00442 NULL : sdo[0x5003][4] = 2500 | 200 | 0.5
00442 TEST: Status Message Amp.Port_4 2500.0 +/- 200.0
00442 PASS: Status Message Amp.Port_4 2556.0
00443 NULL : sdo[0x5001][4] = 104 | 0.01 | 0.1
00443 PASS: Status Message F1.Status_Output3-4 104.0
00444 #verify reading from load
00444 NULL : MeterCurrent = 2.5 | 0.1 | 0.1
00444 TEST: MeterCurrent 2.5 +/- 0.1
00444 PASS: MeterCurrent 2.499
00445 
00445 #set current and turn on output and verify feedback
00445 LdCurrentSet = 3000: NULL : WAIT = 0.1
00446 LdEnable = 1 : NULL
00447 #TESING Output4B
00447 sdo[0x2005][1] = 8 : NULL : WAIT = 0.1
00448 sdo[0x6200][1] = 128 : NULL : WAIT = 0.1
00449 #verify reading  Output4B
00449 NULL : sdo[0x5003][4] = 3000 | 200 | 0.5
00449 TEST: Status Message Amp.Port_4 3000.0 +/- 200.0
00449 PASS: Status Message Amp.Port_4 3074.0
00450 NULL : sdo[0x5001][4] = 104 | 0.01 | 0.1
00450 PASS: Status Message F1.Status_Output3-4 104.0
00451 #verify reading from load
00451 NULL : MeterCurrent = 3.0 | 0.1 | 0.1
00451 TEST: MeterCurrent 3.0 +/- 0.1
00451 PASS: MeterCurrent 2.999
00452 
00452 #set current and turn on output and verify feedback
00452 LdCurrentSet = 3500: NULL : WAIT = 0.1
00453 LdEnable = 1 : NULL
00454 #TESING Output4B
00454 sdo[0x2005][1] = 8 : NULL : WAIT = 0.1
00455 sdo[0x6200][1] = 128 : NULL : WAIT = 0.1
00456 #verify reading  Output4B
00456 NULL : sdo[0x5003][4] = 3500 | 200 | 0.5
00456 TEST: Status Message Amp.Port_4 3500.0 +/- 200.0
00456 PASS: Status Message Amp.Port_4 3599.0
00457 NULL : sdo[0x5001][4] = 104 | 0.01 | 0.1
00457 PASS: Status Message F1.Status_Output3-4 104.0
00458 #verify reading from load
00458 NULL : MeterCurrent = 3.5 | 0.1 | 0.1
00458 TEST: MeterCurrent 3.5 +/- 0.1
00458 PASS: MeterCurrent 3.499
00459 
00459 #set current and turn on output and verify feedback
00459 LdCurrentSet = 4000: NULL : WAIT = 0.1
00460 LdEnable = 1 : NULL
00461 #TESING Output4B
00461 sdo[0x2005][1] = 8 : NULL : WAIT = 0.1
00462 sdo[0x6200][1] = 128 : NULL : WAIT = 0.1
00463 #verify reading  Output4B
00463 NULL : sdo[0x5003][4] = 4000 | 200 | 0.5
00463 TEST: Status Message Amp.Port_4 4000.0 +/- 200.0
00463 PASS: Status Message Amp.Port_4 4121.0
00464 NULL : sdo[0x5001][4] = 104 | 0.01 | 0.1
00464 PASS: Status Message F1.Status_Output3-4 104.0
00465 #verify reading from load
00465 NULL : MeterCurrent = 4.0 | 0.1 | 0.1
00465 TEST: MeterCurrent 4.0 +/- 0.1
00465 PASS: MeterCurrent 4.001
00466 
00466 #set current and turn on output and verify feedback
00466 LdCurrentSet = 4500: NULL : WAIT = 0.1
00467 LdEnable = 1 : NULL
00468 #TESING Output4B
00468 sdo[0x2005][1] = 8 : NULL : WAIT = 0.1
00469 sdo[0x6200][1] = 128 : NULL : WAIT = 0.1
00470 #verify fault Output4B
00470 NULL : sdo[0x5003][4] = 0 | 0.1 | 0.1
00470 TEST: Status Message Amp.Port_4 0.0 +/- 0.1
00470 PASS: Status Message Amp.Port_4 0.0
00471 NULL : sdo[0x5001][4] = 168 | 0 | 0.1
00471 PASS: Status Message F1.Status_Output3-4 168.0
00472 #verify reading from load
00472 NULL : MeterCurrent = 0  | 0.01 | 0.1
00472 TEST: MeterCurrent 0.0 +/- 0.01
00472 PASS: MeterCurrent 0.0
00473 
00473 #switch out load line, clear current
00473 sdo[0x6200][1] = 0 : NULL : WAIT = 0.1
00474 J2_08 = 0 : NULL : WAIT = 0.5
00475 #read signal value to update
00475 NULL : sdo[0x5003][4] = 0 | 155 | 0.5
00475 TEST: Status Message Amp.Port_4 0.0 +/- 155.0
00475 PASS: Status Message Amp.Port_4 0.0
00476 LdCurrentSet = 0 : NULL : WAIT = 0.1
00477 NULL : sdo[0x5001][4] = 168 | 0 | 0.1
00477 TEST: Status Message F1.Status_Output3-4 168.0 +/- 0.0
00477 PASS: Status Message F1.Status_Output3-4 168.0
00478 sdo[0x2000][1] = 0, sdo[0x2000][2] = 0 : NULL
00479 sdo[0x2001][5] = 17 : NULL
00480 #switch in load line, set current
00480 J2_09 = 1 : NULL
00481 
00481 #set current and turn on output and verify feedback
00481 LdCurrentSet = 0: NULL : WAIT = 0.1
00482 LdEnable = 1 : NULL
00483 #TESING Output5A
00483 sdo[0x2005][1] = 0 : NULL : WAIT = 0.1
00484 sdo[0x6200][2] = 1 : NULL : WAIT = 0.1
00485 #verify reading  Output5A
00485 NULL : sdo[0x5003][5] = 0 | 200 | 0.5
00485 TEST: Status Message Amp.Port_5 0.0 +/- 200.0
00485 PASS: Status Message Amp.Port_5 0.0
00486 NULL : sdo[0x5001][5] = 1 | 0.01 | 0.1
00486 PASS: Status Message F1.Status_Output5-6 1.0
00487 #verify reading from load
00487 NULL : MeterCurrent = 0.0 | 0.1 | 0.1
00487 TEST: MeterCurrent 0.0 +/- 0.1
00487 PASS: MeterCurrent 0.0
00488 
00488 #set current and turn on output and verify feedback
00488 LdCurrentSet = 500: NULL : WAIT = 0.1
00489 LdEnable = 1 : NULL
00490 #TESING Output5A
00490 sdo[0x2005][1] = 0 : NULL : WAIT = 0.1
00491 sdo[0x6200][2] = 1 : NULL : WAIT = 0.1
00492 #verify reading  Output5A
00492 NULL : sdo[0x5003][5] = 500 | 200 | 0.5
00492 TEST: Status Message Amp.Port_5 500.0 +/- 200.0
00492 PASS: Status Message Amp.Port_5 501.0
00493 NULL : sdo[0x5001][5] = 1 | 0.01 | 0.1
00493 PASS: Status Message F1.Status_Output5-6 1.0
00494 #verify reading from load
00494 NULL : MeterCurrent = 0.5 | 0.1 | 0.1
00494 TEST: MeterCurrent 0.5 +/- 0.1
00494 PASS: MeterCurrent 0.499
00495 
00495 #set current and turn on output and verify feedback
00495 LdCurrentSet = 1000: NULL : WAIT = 0.1
00496 LdEnable = 1 : NULL
00497 #TESING Output5A
00497 sdo[0x2005][1] = 0 : NULL : WAIT = 0.1
00498 sdo[0x6200][2] = 1 : NULL : WAIT = 0.1
00499 #verify reading  Output5A
00499 NULL : sdo[0x5003][5] = 1000 | 200 | 0.5
00499 TEST: Status Message Amp.Port_5 1000.0 +/- 200.0
00499 PASS: Status Message Amp.Port_5 1027.0
00500 NULL : sdo[0x5001][5] = 1 | 0.01 | 0.1
00500 PASS: Status Message F1.Status_Output5-6 1.0
00501 #verify reading from load
00501 NULL : MeterCurrent = 1.0 | 0.1 | 0.1
00501 TEST: MeterCurrent 1.0 +/- 0.1
00501 PASS: MeterCurrent 0.999
00502 
00502 #set current and turn on output and verify feedback
00502 LdCurrentSet = 1500: NULL : WAIT = 0.1
00503 LdEnable = 1 : NULL
00504 #TESING Output5A
00504 sdo[0x2005][1] = 0 : NULL : WAIT = 0.1
00505 sdo[0x6200][2] = 1 : NULL : WAIT = 0.1
00506 #verify reading  Output5A
00506 NULL : sdo[0x5003][5] = 1500 | 200 | 0.5
00506 TEST: Status Message Amp.Port_5 1500.0 +/- 200.0
00506 PASS: Status Message Amp.Port_5 1560.0
00507 NULL : sdo[0x5001][5] = 1 | 0.01 | 0.1
00507 PASS: Status Message F1.Status_Output5-6 1.0
00508 #verify reading from load
00508 NULL : MeterCurrent = 1.5 | 0.1 | 0.1
00508 TEST: MeterCurrent 1.5 +/- 0.1
00508 PASS: MeterCurrent 1.499
00509 
00509 #set current and turn on output and verify feedback
00509 LdCurrentSet = 2000: NULL : WAIT = 0.1
00510 LdEnable = 1 : NULL
00511 #TESING Output5A
00511 sdo[0x2005][1] = 0 : NULL : WAIT = 0.1
00512 sdo[0x6200][2] = 1 : NULL : WAIT = 0.1
00513 #verify reading  Output5A
00513 NULL : sdo[0x5003][5] = 2000 | 200 | 0.5
00513 TEST: Status Message Amp.Port_5 2000.0 +/- 200.0
00513 PASS: Status Message Amp.Port_5 2102.0
00514 NULL : sdo[0x5001][5] = 1 | 0.01 | 0.1
00514 PASS: Status Message F1.Status_Output5-6 1.0
00515 #verify reading from load
00515 NULL : MeterCurrent = 2.0 | 0.1 | 0.1
00515 TEST: MeterCurrent 2.0 +/- 0.1
00515 PASS: MeterCurrent 1.999
00516 
00516 #set current and turn on output and verify feedback
00516 LdCurrentSet = 2500: NULL : WAIT = 0.1
00517 LdEnable = 1 : NULL
00518 #TESING Output5A
00518 sdo[0x2005][1] = 0 : NULL : WAIT = 0.1
00519 sdo[0x6200][2] = 1 : NULL : WAIT = 0.1
00520 #verify reading  Output5A
00520 NULL : sdo[0x5003][5] = 2500 | 200 | 0.5
00520 TEST: Status Message Amp.Port_5 2500.0 +/- 200.0
00520 PASS: Status Message Amp.Port_5 2640.0
00521 NULL : sdo[0x5001][5] = 1 | 0.01 | 0.1
00521 PASS: Status Message F1.Status_Output5-6 1.0
00522 #verify reading from load
00522 NULL : MeterCurrent = 2.5 | 0.1 | 0.1
00522 TEST: MeterCurrent 2.5 +/- 0.1
00522 PASS: MeterCurrent 2.499
00523 
00523 #set current and turn on output and verify feedback
00523 LdCurrentSet = 3000: NULL : WAIT = 0.1
00524 LdEnable = 1 : NULL
00525 #TESING Output5A
00525 sdo[0x2005][1] = 0 : NULL : WAIT = 0.1
00526 sdo[0x6200][2] = 1 : NULL : WAIT = 0.1
00527 #verify reading  Output5A
00527 NULL : sdo[0x5003][5] = 3000 | 200 | 0.5
00527 TEST: Status Message Amp.Port_5 3000.0 +/- 200.0
00527 PASS: Status Message Amp.Port_5 3173.0
00528 NULL : sdo[0x5001][5] = 1 | 0.01 | 0.1
00528 PASS: Status Message F1.Status_Output5-6 1.0
00529 #verify reading from load
00529 NULL : MeterCurrent = 3.0 | 0.1 | 0.1
00529 TEST: MeterCurrent 3.0 +/- 0.1
00529 PASS: MeterCurrent 2.999
00530 
00530 #set current and turn on output and verify feedback
00530 LdCurrentSet = 3500: NULL : WAIT = 0.1
00531 LdEnable = 1 : NULL
00532 #TESING Output5A
00532 sdo[0x2005][1] = 0 : NULL : WAIT = 0.1
00533 sdo[0x6200][2] = 1 : NULL : WAIT = 0.1
00534 #verify reading  Output5A
00534 NULL : sdo[0x5003][5] = 3500 | 200 | 0.5
00534 TEST: Status Message Amp.Port_5 3500.0 +/- 200.0
00534 FAIL: Status Message Amp.Port_5 3711.0
00535 NULL : sdo[0x5001][5] = 1 | 0.01 | 0.1
00535 PASS: Status Message F1.Status_Output5-6 1.0
00536 #verify reading from load
00536 NULL : MeterCurrent = 3.5 | 0.1 | 0.1
00536 TEST: MeterCurrent 3.5 +/- 0.1
00536 PASS: MeterCurrent 3.5
00537 
00537 #set current and turn on output and verify feedback
00537 LdCurrentSet = 4000: NULL : WAIT = 0.1
00538 LdEnable = 1 : NULL
00539 #TESING Output5A
00539 sdo[0x2005][1] = 0 : NULL : WAIT = 0.1
00540 sdo[0x6200][2] = 1 : NULL : WAIT = 0.1
00541 #verify reading  Output5A
00541 NULL : sdo[0x5003][5] = 4000 | 200 | 0.5
00541 TEST: Status Message Amp.Port_5 4000.0 +/- 200.0
00541 FAIL: Status Message Amp.Port_5 4248.0
00542 NULL : sdo[0x5001][5] = 1 | 0.01 | 0.1
00542 PASS: Status Message F1.Status_Output5-6 1.0
00543 #verify reading from load
00543 NULL : MeterCurrent = 4.0 | 0.1 | 0.1
00543 TEST: MeterCurrent 4.0 +/- 0.1
00543 PASS: MeterCurrent 4.001
00544 
00544 #set current and turn on output and verify feedback
00544 LdCurrentSet = 4500: NULL : WAIT = 0.1
00545 LdEnable = 1 : NULL
00546 #TESING Output5A
00546 sdo[0x2005][1] = 0 : NULL : WAIT = 0.1
00547 sdo[0x6200][2] = 1 : NULL : WAIT = 0.1
00548 #verify fault Output5A
00548 NULL : sdo[0x5003][5] = 0 | 0.1 | 0.1
00548 TEST: Status Message Amp.Port_5 0.0 +/- 0.1
00548 PASS: Status Message Amp.Port_5 0.0
00549 NULL : sdo[0x5001][5] = 2 | 0 | 0.1
00549 PASS: Status Message F1.Status_Output5-6 2.0
00550 #verify reading from load
00550 NULL : MeterCurrent = 0  | 0.01 | 0.1
00550 TEST: MeterCurrent 0.0 +/- 0.01
00550 PASS: MeterCurrent 0.0
00551 
00551 #switch out load line, clear current
00551 sdo[0x6200][2] = 0 : NULL : WAIT = 0.1
00552 J2_09 = 0 : NULL : WAIT = 0.5
00553 #read signal value to update
00553 NULL : sdo[0x5003][5] = 0 | 155 | 0.5
00553 TEST: Status Message Amp.Port_5 0.0 +/- 155.0
00553 PASS: Status Message Amp.Port_5 0.0
00554 LdCurrentSet = 0 : NULL : WAIT = 0.1
00555 NULL : sdo[0x5001][5] = 2 | 0 | 0.1
00555 TEST: Status Message F1.Status_Output5-6 2.0 +/- 0.0
00555 PASS: Status Message F1.Status_Output5-6 2.0
00556 sdo[0x2000][1] = 0, sdo[0x2000][2] = 0 : NULL
00557 sdo[0x2001][5] = 17 : NULL
00558 #switch in load line, set current
00558 J2_10 = 1 : NULL
00559 
00559 #set current and turn on output and verify feedback
00559 LdCurrentSet = 0: NULL : WAIT = 0.1
00560 LdEnable = 1 : NULL
00561 #TESING Output5B
00561 sdo[0x2005][1] = 16 : NULL : WAIT = 0.1
00562 sdo[0x6200][2] = 2 : NULL : WAIT = 0.1
00563 #verify reading  Output5B
00563 NULL : sdo[0x5003][5] = 0 | 200 | 0.5
00563 TEST: Status Message Amp.Port_5 0.0 +/- 200.0
00563 PASS: Status Message Amp.Port_5 0.0
00564 NULL : sdo[0x5001][5] = 6 | 0.01 | 0.1
00564 PASS: Status Message F1.Status_Output5-6 6.0
00565 #verify reading from load
00565 NULL : MeterCurrent = 0.0 | 0.1 | 0.1
00565 TEST: MeterCurrent 0.0 +/- 0.1
00565 PASS: MeterCurrent 0.0
00566 
00566 #set current and turn on output and verify feedback
00566 LdCurrentSet = 500: NULL : WAIT = 0.1
00567 LdEnable = 1 : NULL
00568 #TESING Output5B
00568 sdo[0x2005][1] = 16 : NULL : WAIT = 0.1
00569 sdo[0x6200][2] = 2 : NULL : WAIT = 0.1
00570 #verify reading  Output5B
00570 NULL : sdo[0x5003][5] = 500 | 200 | 0.5
00570 TEST: Status Message Amp.Port_5 500.0 +/- 200.0
00570 PASS: Status Message Amp.Port_5 489.0
00571 NULL : sdo[0x5001][5] = 6 | 0.01 | 0.1
00571 PASS: Status Message F1.Status_Output5-6 6.0
00572 #verify reading from load
00572 NULL : MeterCurrent = 0.5 | 0.1 | 0.1
00572 TEST: MeterCurrent 0.5 +/- 0.1
00572 PASS: MeterCurrent 0.499
00573 
00573 #set current and turn on output and verify feedback
00573 LdCurrentSet = 1000: NULL : WAIT = 0.1
00574 LdEnable = 1 : NULL
00575 #TESING Output5B
00575 sdo[0x2005][1] = 16 : NULL : WAIT = 0.1
00576 sdo[0x6200][2] = 2 : NULL : WAIT = 0.1
00577 #verify reading  Output5B
00577 NULL : sdo[0x5003][5] = 1000 | 200 | 0.5
00577 TEST: Status Message Amp.Port_5 1000.0 +/- 200.0
00577 PASS: Status Message Amp.Port_5 1007.0
00578 NULL : sdo[0x5001][5] = 6 | 0.01 | 0.1
00578 PASS: Status Message F1.Status_Output5-6 6.0
00579 #verify reading from load
00579 NULL : MeterCurrent = 1.0 | 0.1 | 0.1
00579 TEST: MeterCurrent 1.0 +/- 0.1
00579 PASS: MeterCurrent 0.999
00580 
00580 #set current and turn on output and verify feedback
00580 LdCurrentSet = 1500: NULL : WAIT = 0.1
00581 LdEnable = 1 : NULL
00582 #TESING Output5B
00582 sdo[0x2005][1] = 16 : NULL : WAIT = 0.1
00583 sdo[0x6200][2] = 2 : NULL : WAIT = 0.1
00584 #verify reading  Output5B
00584 NULL : sdo[0x5003][5] = 1500 | 200 | 0.5
00584 TEST: Status Message Amp.Port_5 1500.0 +/- 200.0
00584 PASS: Status Message Amp.Port_5 1525.0
00585 NULL : sdo[0x5001][5] = 6 | 0.01 | 0.1
00585 PASS: Status Message F1.Status_Output5-6 6.0
00586 #verify reading from load
00586 NULL : MeterCurrent = 1.5 | 0.1 | 0.1
00586 TEST: MeterCurrent 1.5 +/- 0.1
00586 PASS: MeterCurrent 1.499
00587 
00587 #set current and turn on output and verify feedback
00587 LdCurrentSet = 2000: NULL : WAIT = 0.1
00588 LdEnable = 1 : NULL
00589 #TESING Output5B
00589 sdo[0x2005][1] = 16 : NULL : WAIT = 0.1
00590 sdo[0x6200][2] = 2 : NULL : WAIT = 0.1
00591 #verify reading  Output5B
00591 NULL : sdo[0x5003][5] = 2000 | 200 | 0.5
00591 TEST: Status Message Amp.Port_5 2000.0 +/- 200.0
00591 PASS: Status Message Amp.Port_5 2050.0
00592 NULL : sdo[0x5001][5] = 6 | 0.01 | 0.1
00592 PASS: Status Message F1.Status_Output5-6 6.0
00593 #verify reading from load
00593 NULL : MeterCurrent = 2.0 | 0.1 | 0.1
00593 TEST: MeterCurrent 2.0 +/- 0.1
00593 PASS: MeterCurrent 1.999
00594 
00594 #set current and turn on output and verify feedback
00594 LdCurrentSet = 2500: NULL : WAIT = 0.1
00595 LdEnable = 1 : NULL
00596 #TESING Output5B
00596 sdo[0x2005][1] = 16 : NULL : WAIT = 0.1
00597 sdo[0x6200][2] = 2 : NULL : WAIT = 0.1
00598 #verify reading  Output5B
00598 NULL : sdo[0x5003][5] = 2500 | 200 | 0.5
00598 TEST: Status Message Amp.Port_5 2500.0 +/- 200.0
00598 PASS: Status Message Amp.Port_5 2580.0
00599 NULL : sdo[0x5001][5] = 6 | 0.01 | 0.1
00599 PASS: Status Message F1.Status_Output5-6 6.0
00600 #verify reading from load
00600 NULL : MeterCurrent = 2.5 | 0.1 | 0.1
00600 TEST: MeterCurrent 2.5 +/- 0.1
00600 PASS: MeterCurrent 2.499
00601 
00601 #set current and turn on output and verify feedback
00601 LdCurrentSet = 3000: NULL : WAIT = 0.1
00602 LdEnable = 1 : NULL
00603 #TESING Output5B
00603 sdo[0x2005][1] = 16 : NULL : WAIT = 0.1
00604 sdo[0x6200][2] = 2 : NULL : WAIT = 0.1
00605 #verify reading  Output5B
00605 NULL : sdo[0x5003][5] = 3000 | 200 | 0.5
00605 TEST: Status Message Amp.Port_5 3000.0 +/- 200.0
00605 PASS: Status Message Amp.Port_5 3097.0
00606 NULL : sdo[0x5001][5] = 6 | 0.01 | 0.1
00606 PASS: Status Message F1.Status_Output5-6 6.0
00607 #verify reading from load
00607 NULL : MeterCurrent = 3.0 | 0.1 | 0.1
00607 TEST: MeterCurrent 3.0 +/- 0.1
00607 PASS: MeterCurrent 2.999
00608 
00608 #set current and turn on output and verify feedback
00608 LdCurrentSet = 3500: NULL : WAIT = 0.1
00609 LdEnable = 1 : NULL
00610 #TESING Output5B
00610 sdo[0x2005][1] = 16 : NULL : WAIT = 0.1
00611 sdo[0x6200][2] = 2 : NULL : WAIT = 0.1
00612 #verify reading  Output5B
00612 NULL : sdo[0x5003][5] = 3500 | 200 | 0.5
00612 TEST: Status Message Amp.Port_5 3500.0 +/- 200.0
00612 PASS: Status Message Amp.Port_5 3623.0
00613 NULL : sdo[0x5001][5] = 6 | 0.01 | 0.1
00613 PASS: Status Message F1.Status_Output5-6 6.0
00614 #verify reading from load
00614 NULL : MeterCurrent = 3.5 | 0.1 | 0.1
00614 TEST: MeterCurrent 3.5 +/- 0.1
00614 PASS: MeterCurrent 3.499
00615 
00615 #set current and turn on output and verify feedback
00615 LdCurrentSet = 4000: NULL : WAIT = 0.1
00616 LdEnable = 1 : NULL
00617 #TESING Output5B
00617 sdo[0x2005][1] = 16 : NULL : WAIT = 0.1
00618 sdo[0x6200][2] = 2 : NULL : WAIT = 0.1
00619 #verify reading  Output5B
00619 NULL : sdo[0x5003][5] = 4000 | 200 | 0.5
00619 TEST: Status Message Amp.Port_5 4000.0 +/- 200.0
00619 PASS: Status Message Amp.Port_5 4149.0
00620 NULL : sdo[0x5001][5] = 6 | 0.01 | 0.1
00620 PASS: Status Message F1.Status_Output5-6 6.0
00621 #verify reading from load
00621 NULL : MeterCurrent = 4.0 | 0.1 | 0.1
00621 TEST: MeterCurrent 4.0 +/- 0.1
00621 PASS: MeterCurrent 4.0
00622 
00622 #set current and turn on output and verify feedback
00622 LdCurrentSet = 4500: NULL : WAIT = 0.1
00623 LdEnable = 1 : NULL
00624 #TESING Output5B
00624 sdo[0x2005][1] = 16 : NULL : WAIT = 0.1
00625 sdo[0x6200][2] = 2 : NULL : WAIT = 0.1
00626 #verify fault Output5B
00626 NULL : sdo[0x5003][5] = 0 | 0.1 | 0.1
00626 TEST: Status Message Amp.Port_5 0.0 +/- 0.1
00626 PASS: Status Message Amp.Port_5 0.0
00627 NULL : sdo[0x5001][5] = 10 | 0 | 0.1
00627 PASS: Status Message F1.Status_Output5-6 10.0
00628 #verify reading from load
00628 NULL : MeterCurrent = 0  | 0.01 | 0.1
00628 TEST: MeterCurrent 0.0 +/- 0.01
00628 PASS: MeterCurrent 0.0
00629 
00629 #switch out load line, clear current
00629 sdo[0x6200][2] = 0 : NULL : WAIT = 0.1
00630 J2_10 = 0 : NULL : WAIT = 0.5
00631 #read signal value to update
00631 NULL : sdo[0x5003][5] = 0 | 155 | 0.5
00631 TEST: Status Message Amp.Port_5 0.0 +/- 155.0
00631 PASS: Status Message Amp.Port_5 0.0
00632 LdCurrentSet = 0 : NULL : WAIT = 0.1
00633 NULL : sdo[0x5001][5] = 10 | 0 | 0.1
00633 TEST: Status Message F1.Status_Output5-6 10.0 +/- 0.0
00633 PASS: Status Message F1.Status_Output5-6 10.0
00634 sdo[0x2000][1] = 0, sdo[0x2000][2] = 0 : NULL
00635 sdo[0x2001][6] = 17 : NULL
00636 #switch in load line, set current
00636 J2_11 = 1 : NULL
00637 
00637 #set current and turn on output and verify feedback
00637 LdCurrentSet = 0: NULL : WAIT = 0.1
00638 LdEnable = 1 : NULL
00639 #TESING Output6A
00639 sdo[0x2005][1] = 0 : NULL : WAIT = 0.1
00640 sdo[0x6200][2] = 4 : NULL : WAIT = 0.1
00641 #verify reading  Output6A
00641 NULL : sdo[0x5003][6] = 0 | 200 | 0.5
00641 TEST: Status Message Amp.Port_6 0.0 +/- 200.0
00641 PASS: Status Message Amp.Port_6 0.0
00642 NULL : sdo[0x5001][5] = 26 | 0.01 | 0.1
00642 PASS: Status Message F1.Status_Output5-6 26.0
00643 #verify reading from load
00643 NULL : MeterCurrent = 0.0 | 0.1 | 0.1
00643 TEST: MeterCurrent 0.0 +/- 0.1
00643 PASS: MeterCurrent 0.0
00644 
00644 #set current and turn on output and verify feedback
00644 LdCurrentSet = 500: NULL : WAIT = 0.1
00645 LdEnable = 1 : NULL
00646 #TESING Output6A
00646 sdo[0x2005][1] = 0 : NULL : WAIT = 0.1
00647 sdo[0x6200][2] = 4 : NULL : WAIT = 0.1
00648 #verify reading  Output6A
00648 NULL : sdo[0x5003][6] = 500 | 200 | 0.5
00648 TEST: Status Message Amp.Port_6 500.0 +/- 200.0
00648 PASS: Status Message Amp.Port_6 501.0
00649 NULL : sdo[0x5001][5] = 26 | 0.01 | 0.1
00649 PASS: Status Message F1.Status_Output5-6 26.0
00650 #verify reading from load
00650 NULL : MeterCurrent = 0.5 | 0.1 | 0.1
00650 TEST: MeterCurrent 0.5 +/- 0.1
00650 PASS: MeterCurrent 0.499
00651 
00651 #set current and turn on output and verify feedback
00651 LdCurrentSet = 1000: NULL : WAIT = 0.1
00652 LdEnable = 1 : NULL
00653 #TESING Output6A
00653 sdo[0x2005][1] = 0 : NULL : WAIT = 0.1
00654 sdo[0x6200][2] = 4 : NULL : WAIT = 0.1
00655 #verify reading  Output6A
00655 NULL : sdo[0x5003][6] = 1000 | 200 | 0.5
00655 TEST: Status Message Amp.Port_6 1000.0 +/- 200.0
00655 PASS: Status Message Amp.Port_6 1027.0
00656 NULL : sdo[0x5001][5] = 26 | 0.01 | 0.1
00656 PASS: Status Message F1.Status_Output5-6 26.0
00657 #verify reading from load
00657 NULL : MeterCurrent = 1.0 | 0.1 | 0.1
00657 TEST: MeterCurrent 1.0 +/- 0.1
00657 PASS: MeterCurrent 0.999
00658 
00658 #set current and turn on output and verify feedback
00658 LdCurrentSet = 1500: NULL : WAIT = 0.1
00659 LdEnable = 1 : NULL
00660 #TESING Output6A
00660 sdo[0x2005][1] = 0 : NULL : WAIT = 0.1
00661 sdo[0x6200][2] = 4 : NULL : WAIT = 0.1
00662 #verify reading  Output6A
00662 NULL : sdo[0x5003][6] = 1500 | 200 | 0.5
00662 TEST: Status Message Amp.Port_6 1500.0 +/- 200.0
00662 PASS: Status Message Amp.Port_6 1560.0
00663 NULL : sdo[0x5001][5] = 26 | 0.01 | 0.1
00663 PASS: Status Message F1.Status_Output5-6 26.0
00664 #verify reading from load
00664 NULL : MeterCurrent = 1.5 | 0.1 | 0.1
00664 TEST: MeterCurrent 1.5 +/- 0.1
00664 PASS: MeterCurrent 1.499
00665 
00665 #set current and turn on output and verify feedback
00665 LdCurrentSet = 2000: NULL : WAIT = 0.1
00666 LdEnable = 1 : NULL
00667 #TESING Output6A
00667 sdo[0x2005][1] = 0 : NULL : WAIT = 0.1
00668 sdo[0x6200][2] = 4 : NULL : WAIT = 0.1
00669 #verify reading  Output6A
00669 NULL : sdo[0x5003][6] = 2000 | 200 | 0.5
00669 TEST: Status Message Amp.Port_6 2000.0 +/- 200.0
00669 PASS: Status Message Amp.Port_6 2098.0
00670 NULL : sdo[0x5001][5] = 26 | 0.01 | 0.1
00670 PASS: Status Message F1.Status_Output5-6 26.0
00671 #verify reading from load
00671 NULL : MeterCurrent = 2.0 | 0.1 | 0.1
00671 TEST: MeterCurrent 2.0 +/- 0.1
00671 PASS: MeterCurrent 1.999
00672 
00672 #set current and turn on output and verify feedback
00672 LdCurrentSet = 2500: NULL : WAIT = 0.1
00673 LdEnable = 1 : NULL
00674 #TESING Output6A
00674 sdo[0x2005][1] = 0 : NULL : WAIT = 0.1
00675 sdo[0x6200][2] = 4 : NULL : WAIT = 0.1
00676 #verify reading  Output6A
00676 NULL : sdo[0x5003][6] = 2500 | 200 | 0.5
00676 TEST: Status Message Amp.Port_6 2500.0 +/- 200.0
00676 PASS: Status Message Amp.Port_6 2632.0
00677 NULL : sdo[0x5001][5] = 26 | 0.01 | 0.1
00677 PASS: Status Message F1.Status_Output5-6 26.0
00678 #verify reading from load
00678 NULL : MeterCurrent = 2.5 | 0.1 | 0.1
00678 TEST: MeterCurrent 2.5 +/- 0.1
00678 PASS: MeterCurrent 2.5
00679 
00679 #set current and turn on output and verify feedback
00679 LdCurrentSet = 3000: NULL : WAIT = 0.1
00680 LdEnable = 1 : NULL
00681 #TESING Output6A
00681 sdo[0x2005][1] = 0 : NULL : WAIT = 0.1
00682 sdo[0x6200][2] = 4 : NULL : WAIT = 0.1
00683 #verify reading  Output6A
00683 NULL : sdo[0x5003][6] = 3000 | 200 | 0.5
00683 TEST: Status Message Amp.Port_6 3000.0 +/- 200.0
00683 PASS: Status Message Amp.Port_6 3165.0
00684 NULL : sdo[0x5001][5] = 26 | 0.01 | 0.1
00684 PASS: Status Message F1.Status_Output5-6 26.0
00685 #verify reading from load
00685 NULL : MeterCurrent = 3.0 | 0.1 | 0.1
00685 TEST: MeterCurrent 3.0 +/- 0.1
00685 PASS: MeterCurrent 2.999
00686 
00686 #set current and turn on output and verify feedback
00686 LdCurrentSet = 3500: NULL : WAIT = 0.1
00687 LdEnable = 1 : NULL
00688 #TESING Output6A
00688 sdo[0x2005][1] = 0 : NULL : WAIT = 0.1
00689 sdo[0x6200][2] = 4 : NULL : WAIT = 0.1
00690 #verify reading  Output6A
00690 NULL : sdo[0x5003][6] = 3500 | 200 | 0.5
00690 TEST: Status Message Amp.Port_6 3500.0 +/- 200.0
00690 PASS: Status Message Amp.Port_6 3699.0
00691 NULL : sdo[0x5001][5] = 26 | 0.01 | 0.1
00691 PASS: Status Message F1.Status_Output5-6 26.0
00692 #verify reading from load
00692 NULL : MeterCurrent = 3.5 | 0.1 | 0.1
00692 TEST: MeterCurrent 3.5 +/- 0.1
00692 PASS: MeterCurrent 3.499
00693 
00693 #set current and turn on output and verify feedback
00693 LdCurrentSet = 4000: NULL : WAIT = 0.1
00694 LdEnable = 1 : NULL
00695 #TESING Output6A
00695 sdo[0x2005][1] = 0 : NULL : WAIT = 0.1
00696 sdo[0x6200][2] = 4 : NULL : WAIT = 0.1
00697 #verify reading  Output6A
00697 NULL : sdo[0x5003][6] = 4000 | 200 | 0.5
00697 TEST: Status Message Amp.Port_6 4000.0 +/- 200.0
00697 FAIL: Status Message Amp.Port_6 4240.0
00698 NULL : sdo[0x5001][5] = 26 | 0.01 | 0.1
00698 PASS: Status Message F1.Status_Output5-6 26.0
00699 #verify reading from load
00699 NULL : MeterCurrent = 4.0 | 0.1 | 0.1
00699 TEST: MeterCurrent 4.0 +/- 0.1
00699 PASS: MeterCurrent 4.0
00700 
00700 #set current and turn on output and verify feedback
00700 LdCurrentSet = 4500: NULL : WAIT = 0.1
00701 LdEnable = 1 : NULL
00702 #TESING Output6A
00702 sdo[0x2005][1] = 0 : NULL : WAIT = 0.1
00703 sdo[0x6200][2] = 4 : NULL : WAIT = 0.1
00704 #verify fault Output6A
00704 NULL : sdo[0x5003][6] = 0 | 0.1 | 0.1
00704 TEST: Status Message Amp.Port_6 0.0 +/- 0.1
00704 PASS: Status Message Amp.Port_6 0.0
00705 NULL : sdo[0x5001][5] = 42 | 0 | 0.1
00705 PASS: Status Message F1.Status_Output5-6 42.0
00706 #verify reading from load
00706 NULL : MeterCurrent = 0  | 0.01 | 0.1
00706 TEST: MeterCurrent 0.0 +/- 0.01
00706 PASS: MeterCurrent 0.0
00707 
00707 #switch out load line, clear current
00707 sdo[0x6200][2] = 0 : NULL : WAIT = 0.1
00708 J2_11 = 0 : NULL : WAIT = 0.5
00709 #read signal value to update
00709 NULL : sdo[0x5003][6] = 0 | 155 | 0.5
00709 TEST: Status Message Amp.Port_6 0.0 +/- 155.0
00709 PASS: Status Message Amp.Port_6 0.0
00710 LdCurrentSet = 0 : NULL : WAIT = 0.1
00711 NULL : sdo[0x5001][5] = 42 | 0 | 0.1
00711 TEST: Status Message F1.Status_Output5-6 42.0 +/- 0.0
00711 PASS: Status Message F1.Status_Output5-6 42.0
00712 sdo[0x2000][1] = 0, sdo[0x2000][2] = 0 : NULL
00713 sdo[0x2001][6] = 17 : NULL
00714 #switch in load line, set current
00714 J2_12 = 1 : NULL
00715 
00715 #set current and turn on output and verify feedback
00715 LdCurrentSet = 0: NULL : WAIT = 0.1
00716 LdEnable = 1 : NULL
00717 #TESING Output6B
00717 sdo[0x2005][1] = 32 : NULL : WAIT = 0.1
00718 sdo[0x6200][2] = 8 : NULL : WAIT = 0.1
00719 #verify reading  Output6B
00719 NULL : sdo[0x5003][6] = 0 | 200 | 0.5
00719 TEST: Status Message Amp.Port_6 0.0 +/- 200.0
00719 PASS: Status Message Amp.Port_6 0.0
00720 NULL : sdo[0x5001][5] = 106 | 0.01 | 0.1
00720 PASS: Status Message F1.Status_Output5-6 106.0
00721 #verify reading from load
00721 NULL : MeterCurrent = 0.0 | 0.1 | 0.1
00721 TEST: MeterCurrent 0.0 +/- 0.1
00721 PASS: MeterCurrent 0.0
00722 
00722 #set current and turn on output and verify feedback
00722 LdCurrentSet = 500: NULL : WAIT = 0.1
00723 LdEnable = 1 : NULL
00724 #TESING Output6B
00724 sdo[0x2005][1] = 32 : NULL : WAIT = 0.1
00725 sdo[0x6200][2] = 8 : NULL : WAIT = 0.1
00726 #verify reading  Output6B
00726 NULL : sdo[0x5003][6] = 500 | 200 | 0.5
00726 TEST: Status Message Amp.Port_6 500.0 +/- 200.0
00726 PASS: Status Message Amp.Port_6 501.0
00727 NULL : sdo[0x5001][5] = 106 | 0.01 | 0.1
00727 PASS: Status Message F1.Status_Output5-6 106.0
00728 #verify reading from load
00728 NULL : MeterCurrent = 0.5 | 0.1 | 0.1
00728 TEST: MeterCurrent 0.5 +/- 0.1
00728 PASS: MeterCurrent 0.499
00729 
00729 #set current and turn on output and verify feedback
00729 LdCurrentSet = 1000: NULL : WAIT = 0.1
00730 LdEnable = 1 : NULL
00731 #TESING Output6B
00731 sdo[0x2005][1] = 32 : NULL : WAIT = 0.1
00732 sdo[0x6200][2] = 8 : NULL : WAIT = 0.1
00733 #verify reading  Output6B
00733 NULL : sdo[0x5003][6] = 1000 | 200 | 0.5
00733 TEST: Status Message Amp.Port_6 1000.0 +/- 200.0
00733 PASS: Status Message Amp.Port_6 1015.0
00734 NULL : sdo[0x5001][5] = 106 | 0.01 | 0.1
00734 PASS: Status Message F1.Status_Output5-6 106.0
00735 #verify reading from load
00735 NULL : MeterCurrent = 1.0 | 0.1 | 0.1
00735 TEST: MeterCurrent 1.0 +/- 0.1
00735 PASS: MeterCurrent 0.999
00736 
00736 #set current and turn on output and verify feedback
00736 LdCurrentSet = 1500: NULL : WAIT = 0.1
00737 LdEnable = 1 : NULL
00738 #TESING Output6B
00738 sdo[0x2005][1] = 32 : NULL : WAIT = 0.1
00739 sdo[0x6200][2] = 8 : NULL : WAIT = 0.1
00740 #verify reading  Output6B
00740 NULL : sdo[0x5003][6] = 1500 | 200 | 0.5
00740 TEST: Status Message Amp.Port_6 1500.0 +/- 200.0
00740 PASS: Status Message Amp.Port_6 1541.0
00741 NULL : sdo[0x5001][5] = 106 | 0.01 | 0.1
00741 PASS: Status Message F1.Status_Output5-6 106.0
00742 #verify reading from load
00742 NULL : MeterCurrent = 1.5 | 0.1 | 0.1
00742 TEST: MeterCurrent 1.5 +/- 0.1
00742 PASS: MeterCurrent 1.499
00743 
00743 #set current and turn on output and verify feedback
00743 LdCurrentSet = 2000: NULL : WAIT = 0.1
00744 LdEnable = 1 : NULL
00745 #TESING Output6B
00745 sdo[0x2005][1] = 32 : NULL : WAIT = 0.1
00746 sdo[0x6200][2] = 8 : NULL : WAIT = 0.1
00747 #verify reading  Output6B
00747 NULL : sdo[0x5003][6] = 2000 | 200 | 0.5
00747 TEST: Status Message Amp.Port_6 2000.0 +/- 200.0
00747 PASS: Status Message Amp.Port_6 2070.0
00748 NULL : sdo[0x5001][5] = 106 | 0.01 | 0.1
00748 PASS: Status Message F1.Status_Output5-6 106.0
00749 #verify reading from load
00749 NULL : MeterCurrent = 2.0 | 0.1 | 0.1
00749 TEST: MeterCurrent 2.0 +/- 0.1
00749 PASS: MeterCurrent 1.999
00750 
00750 #set current and turn on output and verify feedback
00750 LdCurrentSet = 2500: NULL : WAIT = 0.1
00751 LdEnable = 1 : NULL
00752 #TESING Output6B
00752 sdo[0x2005][1] = 32 : NULL : WAIT = 0.1
00753 sdo[0x6200][2] = 8 : NULL : WAIT = 0.1
00754 #verify reading  Output6B
00754 NULL : sdo[0x5003][6] = 2500 | 200 | 0.5
00754 TEST: Status Message Amp.Port_6 2500.0 +/- 200.0
00754 PASS: Status Message Amp.Port_6 2592.0
00755 NULL : sdo[0x5001][5] = 106 | 0.01 | 0.1
00755 PASS: Status Message F1.Status_Output5-6 106.0
00756 #verify reading from load
00756 NULL : MeterCurrent = 2.5 | 0.1 | 0.1
00756 TEST: MeterCurrent 2.5 +/- 0.1
00756 PASS: MeterCurrent 2.5
00757 
00757 #set current and turn on output and verify feedback
00757 LdCurrentSet = 3000: NULL : WAIT = 0.1
00758 LdEnable = 1 : NULL
00759 #TESING Output6B
00759 sdo[0x2005][1] = 32 : NULL : WAIT = 0.1
00760 sdo[0x6200][2] = 8 : NULL : WAIT = 0.1
00761 #verify reading  Output6B
00761 NULL : sdo[0x5003][6] = 3000 | 200 | 0.5
00761 TEST: Status Message Amp.Port_6 3000.0 +/- 200.0
00761 PASS: Status Message Amp.Port_6 3121.0
00762 NULL : sdo[0x5001][5] = 106 | 0.01 | 0.1
00762 PASS: Status Message F1.Status_Output5-6 106.0
00763 #verify reading from load
00763 NULL : MeterCurrent = 3.0 | 0.1 | 0.1
00763 TEST: MeterCurrent 3.0 +/- 0.1
00763 PASS: MeterCurrent 2.999
00764 
00764 #set current and turn on output and verify feedback
00764 LdCurrentSet = 3500: NULL : WAIT = 0.1
00765 LdEnable = 1 : NULL
00766 #TESING Output6B
00766 sdo[0x2005][1] = 32 : NULL : WAIT = 0.1
00767 sdo[0x6200][2] = 8 : NULL : WAIT = 0.1
00768 #verify reading  Output6B
00768 NULL : sdo[0x5003][6] = 3500 | 200 | 0.5
00768 TEST: Status Message Amp.Port_6 3500.0 +/- 200.0
00768 PASS: Status Message Amp.Port_6 3647.0
00769 NULL : sdo[0x5001][5] = 106 | 0.01 | 0.1
00769 PASS: Status Message F1.Status_Output5-6 106.0
00770 #verify reading from load
00770 NULL : MeterCurrent = 3.5 | 0.1 | 0.1
00770 TEST: MeterCurrent 3.5 +/- 0.1
00770 PASS: MeterCurrent 3.5
00771 
00771 #set current and turn on output and verify feedback
00771 LdCurrentSet = 4000: NULL : WAIT = 0.1
00772 LdEnable = 1 : NULL
00773 #TESING Output6B
00773 sdo[0x2005][1] = 32 : NULL : WAIT = 0.1
00774 sdo[0x6200][2] = 8 : NULL : WAIT = 0.1
00775 #verify reading  Output6B
00775 NULL : sdo[0x5003][6] = 4000 | 200 | 0.5
00775 TEST: Status Message Amp.Port_6 4000.0 +/- 200.0
00775 PASS: Status Message Amp.Port_6 4177.0
00776 NULL : sdo[0x5001][5] = 106 | 0.01 | 0.1
00776 PASS: Status Message F1.Status_Output5-6 106.0
00777 #verify reading from load
00777 NULL : MeterCurrent = 4.0 | 0.1 | 0.1
00777 TEST: MeterCurrent 4.0 +/- 0.1
00777 PASS: MeterCurrent 4.001
00778 
00778 #set current and turn on output and verify feedback
00778 LdCurrentSet = 4500: NULL : WAIT = 0.1
00779 LdEnable = 1 : NULL
00780 #TESING Output6B
00780 sdo[0x2005][1] = 32 : NULL : WAIT = 0.1
00781 sdo[0x6200][2] = 8 : NULL : WAIT = 0.1
00782 #verify fault Output6B
00782 NULL : sdo[0x5003][6] = 0 | 0.1 | 0.1
00782 TEST: Status Message Amp.Port_6 0.0 +/- 0.1
00782 PASS: Status Message Amp.Port_6 0.0
00783 NULL : sdo[0x5001][5] = 170 | 0 | 0.1
00783 PASS: Status Message F1.Status_Output5-6 170.0
00784 #verify reading from load
00784 NULL : MeterCurrent = 0  | 0.01 | 0.1
00784 TEST: MeterCurrent 0.0 +/- 0.01
00784 PASS: MeterCurrent 0.0
00785 
00785 #switch out load line, clear current
00785 sdo[0x6200][2] = 0 : NULL : WAIT = 0.1
00786 J2_12 = 0 : NULL : WAIT = 0.5
00787 #read signal value to update
00787 NULL : sdo[0x5003][6] = 0 | 155 | 0.5
00787 TEST: Status Message Amp.Port_6 0.0 +/- 155.0
00787 PASS: Status Message Amp.Port_6 0.0
00788 LdCurrentSet = 0 : NULL : WAIT = 0.1
00789 NULL : sdo[0x5001][5] = 170 | 0 | 0.1
00789 TEST: Status Message F1.Status_Output5-6 170.0 +/- 0.0
00789 PASS: Status Message F1.Status_Output5-6 170.0
00790 sdo[0x2000][1] = 0, sdo[0x2000][2] = 0 : NULL
00791 sdo[0x2001][7] = 17 : NULL
00792 #switch in load line, set current
00792 J3_01 = 1 : NULL
00793 
00793 #set current and turn on output and verify feedback
00793 LdCurrentSet = 0: NULL : WAIT = 0.1
00794 LdEnable = 1 : NULL
00795 #TESING Output7A
00795 sdo[0x2005][1] = 0 : NULL : WAIT = 0.1
00796 sdo[0x6200][2] = 16 : NULL : WAIT = 0.1
00797 #verify reading  Output7A
00797 NULL : sdo[0x5003][7] = 0 | 200 | 0.5
00797 TEST: Status Message Amp.Port_7 0.0 +/- 200.0
00797 PASS: Status Message Amp.Port_7 0.0
00798 NULL : sdo[0x5001][6] = 1 | 0.01 | 0.1
00798 PASS: Status Message F1.Status_Output7-8 1.0
00799 #verify reading from load
00799 NULL : MeterCurrent = 0.0 | 0.1 | 0.1
00799 TEST: MeterCurrent 0.0 +/- 0.1
00799 PASS: MeterCurrent 0.0
00800 
00800 #set current and turn on output and verify feedback
00800 LdCurrentSet = 500: NULL : WAIT = 0.1
00801 LdEnable = 1 : NULL
00802 #TESING Output7A
00802 sdo[0x2005][1] = 0 : NULL : WAIT = 0.1
00803 sdo[0x6200][2] = 16 : NULL : WAIT = 0.1
00804 #verify reading  Output7A
00804 NULL : sdo[0x5003][7] = 500 | 200 | 0.5
00804 TEST: Status Message Amp.Port_7 500.0 +/- 200.0
00804 PASS: Status Message Amp.Port_7 501.0
00805 NULL : sdo[0x5001][6] = 1 | 0.01 | 0.1
00805 PASS: Status Message F1.Status_Output7-8 1.0
00806 #verify reading from load
00806 NULL : MeterCurrent = 0.5 | 0.1 | 0.1
00806 TEST: MeterCurrent 0.5 +/- 0.1
00806 PASS: MeterCurrent 0.499
00807 
00807 #set current and turn on output and verify feedback
00807 LdCurrentSet = 1000: NULL : WAIT = 0.1
00808 LdEnable = 1 : NULL
00809 #TESING Output7A
00809 sdo[0x2005][1] = 0 : NULL : WAIT = 0.1
00810 sdo[0x6200][2] = 16 : NULL : WAIT = 0.1
00811 #verify reading  Output7A
00811 NULL : sdo[0x5003][7] = 1000 | 200 | 0.5
00811 TEST: Status Message Amp.Port_7 1000.0 +/- 200.0
00811 PASS: Status Message Amp.Port_7 1023.0
00812 NULL : sdo[0x5001][6] = 1 | 0.01 | 0.1
00812 PASS: Status Message F1.Status_Output7-8 1.0
00813 #verify reading from load
00813 NULL : MeterCurrent = 1.0 | 0.1 | 0.1
00813 TEST: MeterCurrent 1.0 +/- 0.1
00813 PASS: MeterCurrent 0.999
00814 
00814 #set current and turn on output and verify feedback
00814 LdCurrentSet = 1500: NULL : WAIT = 0.1
00815 LdEnable = 1 : NULL
00816 #TESING Output7A
00816 sdo[0x2005][1] = 0 : NULL : WAIT = 0.1
00817 sdo[0x6200][2] = 16 : NULL : WAIT = 0.1
00818 #verify reading  Output7A
00818 NULL : sdo[0x5003][7] = 1500 | 200 | 0.5
00818 TEST: Status Message Amp.Port_7 1500.0 +/- 200.0
00818 PASS: Status Message Amp.Port_7 1552.0
00819 NULL : sdo[0x5001][6] = 1 | 0.01 | 0.1
00819 PASS: Status Message F1.Status_Output7-8 1.0
00820 #verify reading from load
00820 NULL : MeterCurrent = 1.5 | 0.1 | 0.1
00820 TEST: MeterCurrent 1.5 +/- 0.1
00820 PASS: MeterCurrent 1.499
00821 
00821 #set current and turn on output and verify feedback
00821 LdCurrentSet = 2000: NULL : WAIT = 0.1
00822 LdEnable = 1 : NULL
00823 #TESING Output7A
00823 sdo[0x2005][1] = 0 : NULL : WAIT = 0.1
00824 sdo[0x6200][2] = 16 : NULL : WAIT = 0.1
00825 #verify reading  Output7A
00825 NULL : sdo[0x5003][7] = 2000 | 200 | 0.5
00825 TEST: Status Message Amp.Port_7 2000.0 +/- 200.0
00825 PASS: Status Message Amp.Port_7 2082.0
00826 NULL : sdo[0x5001][6] = 1 | 0.01 | 0.1
00826 PASS: Status Message F1.Status_Output7-8 1.0
00827 #verify reading from load
00827 NULL : MeterCurrent = 2.0 | 0.1 | 0.1
00827 TEST: MeterCurrent 2.0 +/- 0.1
00827 PASS: MeterCurrent 1.999
00828 
00828 #set current and turn on output and verify feedback
00828 LdCurrentSet = 2500: NULL : WAIT = 0.1
00829 LdEnable = 1 : NULL
00830 #TESING Output7A
00830 sdo[0x2005][1] = 0 : NULL : WAIT = 0.1
00831 sdo[0x6200][2] = 16 : NULL : WAIT = 0.1
00832 #verify reading  Output7A
00832 NULL : sdo[0x5003][7] = 2500 | 200 | 0.5
00832 TEST: Status Message Amp.Port_7 2500.0 +/- 200.0
00832 PASS: Status Message Amp.Port_7 2624.0
00833 NULL : sdo[0x5001][6] = 1 | 0.01 | 0.1
00833 PASS: Status Message F1.Status_Output7-8 1.0
00834 #verify reading from load
00834 NULL : MeterCurrent = 2.5 | 0.1 | 0.1
00834 TEST: MeterCurrent 2.5 +/- 0.1
00834 PASS: MeterCurrent 2.5
00835 
00835 #set current and turn on output and verify feedback
00835 LdCurrentSet = 3000: NULL : WAIT = 0.1
00836 LdEnable = 1 : NULL
00837 #TESING Output7A
00837 sdo[0x2005][1] = 0 : NULL : WAIT = 0.1
00838 sdo[0x6200][2] = 16 : NULL : WAIT = 0.1
00839 #verify reading  Output7A
00839 NULL : sdo[0x5003][7] = 3000 | 200 | 0.5
00839 TEST: Status Message Amp.Port_7 3000.0 +/- 200.0
00839 PASS: Status Message Amp.Port_7 3153.0
00840 NULL : sdo[0x5001][6] = 1 | 0.01 | 0.1
00840 PASS: Status Message F1.Status_Output7-8 1.0
00841 #verify reading from load
00841 NULL : MeterCurrent = 3.0 | 0.1 | 0.1
00841 TEST: MeterCurrent 3.0 +/- 0.1
00841 PASS: MeterCurrent 2.999
00842 
00842 #set current and turn on output and verify feedback
00842 LdCurrentSet = 3500: NULL : WAIT = 0.1
00843 LdEnable = 1 : NULL
00844 #TESING Output7A
00844 sdo[0x2005][1] = 0 : NULL : WAIT = 0.1
00845 sdo[0x6200][2] = 16 : NULL : WAIT = 0.1
00846 #verify reading  Output7A
00846 NULL : sdo[0x5003][7] = 3500 | 200 | 0.5
00846 TEST: Status Message Amp.Port_7 3500.0 +/- 200.0
00846 PASS: Status Message Amp.Port_7 3687.0
00847 NULL : sdo[0x5001][6] = 1 | 0.01 | 0.1
00847 PASS: Status Message F1.Status_Output7-8 1.0
00848 #verify reading from load
00848 NULL : MeterCurrent = 3.5 | 0.1 | 0.1
00848 TEST: MeterCurrent 3.5 +/- 0.1
00848 PASS: MeterCurrent 3.499
00849 
00849 #set current and turn on output and verify feedback
00849 LdCurrentSet = 4000: NULL : WAIT = 0.1
00850 LdEnable = 1 : NULL
00851 #TESING Output7A
00851 sdo[0x2005][1] = 0 : NULL : WAIT = 0.1
00852 sdo[0x6200][2] = 16 : NULL : WAIT = 0.1
00853 #verify reading  Output7A
00853 NULL : sdo[0x5003][7] = 4000 | 200 | 0.5
00853 TEST: Status Message Amp.Port_7 4000.0 +/- 200.0
00853 FAIL: Status Message Amp.Port_7 4224.0
00854 NULL : sdo[0x5001][6] = 1 | 0.01 | 0.1
00854 PASS: Status Message F1.Status_Output7-8 1.0
00855 #verify reading from load
00855 NULL : MeterCurrent = 4.0 | 0.1 | 0.1
00855 TEST: MeterCurrent 4.0 +/- 0.1
00855 PASS: MeterCurrent 4.0
00856 
00856 #set current and turn on output and verify feedback
00856 LdCurrentSet = 4500: NULL : WAIT = 0.1
00857 LdEnable = 1 : NULL
00858 #TESING Output7A
00858 sdo[0x2005][1] = 0 : NULL : WAIT = 0.1
00859 sdo[0x6200][2] = 16 : NULL : WAIT = 0.1
00860 #verify fault Output7A
00860 NULL : sdo[0x5003][7] = 0 | 0.1 | 0.1
00860 TEST: Status Message Amp.Port_7 0.0 +/- 0.1
00860 PASS: Status Message Amp.Port_7 0.0
00861 NULL : sdo[0x5001][6] = 2 | 0 | 0.1
00861 PASS: Status Message F1.Status_Output7-8 2.0
00862 #verify reading from load
00862 NULL : MeterCurrent = 0  | 0.01 | 0.1
00862 TEST: MeterCurrent 0.0 +/- 0.01
00862 PASS: MeterCurrent 0.0
00863 
00863 #switch out load line, clear current
00863 sdo[0x6200][2] = 0 : NULL : WAIT = 0.1
00864 J3_01 = 0 : NULL : WAIT = 0.5
00865 #read signal value to update
00865 NULL : sdo[0x5003][7] = 0 | 155 | 0.5
00865 TEST: Status Message Amp.Port_7 0.0 +/- 155.0
00865 PASS: Status Message Amp.Port_7 0.0
00866 LdCurrentSet = 0 : NULL : WAIT = 0.1
00867 NULL : sdo[0x5001][6] = 2 | 0 | 0.1
00867 TEST: Status Message F1.Status_Output7-8 2.0 +/- 0.0
00867 PASS: Status Message F1.Status_Output7-8 2.0
00868 sdo[0x2000][1] = 0, sdo[0x2000][2] = 0 : NULL
00869 sdo[0x2001][7] = 17 : NULL
00870 #switch in load line, set current
00870 J3_02 = 1 : NULL
00871 
00871 #set current and turn on output and verify feedback
00871 LdCurrentSet = 0: NULL : WAIT = 0.1
00872 LdEnable = 1 : NULL
00873 #TESING Output7B
00873 sdo[0x2005][1] = 64 : NULL : WAIT = 0.1
00874 sdo[0x6200][2] = 32 : NULL : WAIT = 0.1
00875 #verify reading  Output7B
00875 NULL : sdo[0x5003][7] = 0 | 200 | 0.5
00875 TEST: Status Message Amp.Port_7 0.0 +/- 200.0
00875 PASS: Status Message Amp.Port_7 0.0
00876 NULL : sdo[0x5001][6] = 6 | 0.01 | 0.1
00876 PASS: Status Message F1.Status_Output7-8 6.0
00877 #verify reading from load
00877 NULL : MeterCurrent = 0.0 | 0.1 | 0.1
00877 TEST: MeterCurrent 0.0 +/- 0.1
00877 PASS: MeterCurrent 0.0
00878 
00878 #set current and turn on output and verify feedback
00878 LdCurrentSet = 500: NULL : WAIT = 0.1
00879 LdEnable = 1 : NULL
00880 #TESING Output7B
00880 sdo[0x2005][1] = 64 : NULL : WAIT = 0.1
00881 sdo[0x6200][2] = 32 : NULL : WAIT = 0.1
00882 #verify reading  Output7B
00882 NULL : sdo[0x5003][7] = 500 | 200 | 0.5
00882 TEST: Status Message Amp.Port_7 500.0 +/- 200.0
00882 PASS: Status Message Amp.Port_7 485.0
00883 NULL : sdo[0x5001][6] = 6 | 0.01 | 0.1
00883 PASS: Status Message F1.Status_Output7-8 6.0
00884 #verify reading from load
00884 NULL : MeterCurrent = 0.5 | 0.1 | 0.1
00884 TEST: MeterCurrent 0.5 +/- 0.1
00884 PASS: MeterCurrent 0.499
00885 
00885 #set current and turn on output and verify feedback
00885 LdCurrentSet = 1000: NULL : WAIT = 0.1
00886 LdEnable = 1 : NULL
00887 #TESING Output7B
00887 sdo[0x2005][1] = 64 : NULL : WAIT = 0.1
00888 sdo[0x6200][2] = 32 : NULL : WAIT = 0.1
00889 #verify reading  Output7B
00889 NULL : sdo[0x5003][7] = 1000 | 200 | 0.5
00889 TEST: Status Message Amp.Port_7 1000.0 +/- 200.0
00889 PASS: Status Message Amp.Port_7 1003.0
00890 NULL : sdo[0x5001][6] = 6 | 0.01 | 0.1
00890 PASS: Status Message F1.Status_Output7-8 6.0
00891 #verify reading from load
00891 NULL : MeterCurrent = 1.0 | 0.1 | 0.1
00891 TEST: MeterCurrent 1.0 +/- 0.1
00891 PASS: MeterCurrent 0.999
00892 
00892 #set current and turn on output and verify feedback
00892 LdCurrentSet = 1500: NULL : WAIT = 0.1
00893 LdEnable = 1 : NULL
00894 #TESING Output7B
00894 sdo[0x2005][1] = 64 : NULL : WAIT = 0.1
00895 sdo[0x6200][2] = 32 : NULL : WAIT = 0.1
00896 #verify reading  Output7B
00896 NULL : sdo[0x5003][7] = 1500 | 200 | 0.5
00896 TEST: Status Message Amp.Port_7 1500.0 +/- 200.0
00896 PASS: Status Message Amp.Port_7 1525.0
00897 NULL : sdo[0x5001][6] = 6 | 0.01 | 0.1
00897 PASS: Status Message F1.Status_Output7-8 6.0
00898 #verify reading from load
00898 NULL : MeterCurrent = 1.5 | 0.1 | 0.1
00898 TEST: MeterCurrent 1.5 +/- 0.1
00898 PASS: MeterCurrent 1.499
00899 
00899 #set current and turn on output and verify feedback
00899 LdCurrentSet = 2000: NULL : WAIT = 0.1
00900 LdEnable = 1 : NULL
00901 #TESING Output7B
00901 sdo[0x2005][1] = 64 : NULL : WAIT = 0.1
00902 sdo[0x6200][2] = 32 : NULL : WAIT = 0.1
00903 #verify reading  Output7B
00903 NULL : sdo[0x5003][7] = 2000 | 200 | 0.5
00903 TEST: Status Message Amp.Port_7 2000.0 +/- 200.0
00903 PASS: Status Message Amp.Port_7 2050.0
00904 NULL : sdo[0x5001][6] = 6 | 0.01 | 0.1
00904 PASS: Status Message F1.Status_Output7-8 6.0
00905 #verify reading from load
00905 NULL : MeterCurrent = 2.0 | 0.1 | 0.1
00905 TEST: MeterCurrent 2.0 +/- 0.1
00905 PASS: MeterCurrent 1.999
00906 
00906 #set current and turn on output and verify feedback
00906 LdCurrentSet = 2500: NULL : WAIT = 0.1
00907 LdEnable = 1 : NULL
00908 #TESING Output7B
00908 sdo[0x2005][1] = 64 : NULL : WAIT = 0.1
00909 sdo[0x6200][2] = 32 : NULL : WAIT = 0.1
00910 #verify reading  Output7B
00910 NULL : sdo[0x5003][7] = 2500 | 200 | 0.5
00910 TEST: Status Message Amp.Port_7 2500.0 +/- 200.0
00910 PASS: Status Message Amp.Port_7 2572.0
00911 NULL : sdo[0x5001][6] = 6 | 0.01 | 0.1
00911 PASS: Status Message F1.Status_Output7-8 6.0
00912 #verify reading from load
00912 NULL : MeterCurrent = 2.5 | 0.1 | 0.1
00912 TEST: MeterCurrent 2.5 +/- 0.1
00912 PASS: MeterCurrent 2.5
00913 
00913 #set current and turn on output and verify feedback
00913 LdCurrentSet = 3000: NULL : WAIT = 0.1
00914 LdEnable = 1 : NULL
00915 #TESING Output7B
00915 sdo[0x2005][1] = 64 : NULL : WAIT = 0.1
00916 sdo[0x6200][2] = 32 : NULL : WAIT = 0.1
00917 #verify reading  Output7B
00917 NULL : sdo[0x5003][7] = 3000 | 200 | 0.5
00917 TEST: Status Message Amp.Port_7 3000.0 +/- 200.0
00917 PASS: Status Message Amp.Port_7 3094.0
00918 NULL : sdo[0x5001][6] = 6 | 0.01 | 0.1
00918 PASS: Status Message F1.Status_Output7-8 6.0
00919 #verify reading from load
00919 NULL : MeterCurrent = 3.0 | 0.1 | 0.1
00919 TEST: MeterCurrent 3.0 +/- 0.1
00919 PASS: MeterCurrent 2.999
00920 
00920 #set current and turn on output and verify feedback
00920 LdCurrentSet = 3500: NULL : WAIT = 0.1
00921 LdEnable = 1 : NULL
00922 #TESING Output7B
00922 sdo[0x2005][1] = 64 : NULL : WAIT = 0.1
00923 sdo[0x6200][2] = 32 : NULL : WAIT = 0.1
00924 #verify reading  Output7B
00924 NULL : sdo[0x5003][7] = 3500 | 200 | 0.5
00924 TEST: Status Message Amp.Port_7 3500.0 +/- 200.0
00924 PASS: Status Message Amp.Port_7 3619.0
00925 NULL : sdo[0x5001][6] = 6 | 0.01 | 0.1
00925 PASS: Status Message F1.Status_Output7-8 6.0
00926 #verify reading from load
00926 NULL : MeterCurrent = 3.5 | 0.1 | 0.1
00926 TEST: MeterCurrent 3.5 +/- 0.1
00926 PASS: MeterCurrent 3.499
00927 
00927 #set current and turn on output and verify feedback
00927 LdCurrentSet = 4000: NULL : WAIT = 0.1
00928 LdEnable = 1 : NULL
00929 #TESING Output7B
00929 sdo[0x2005][1] = 64 : NULL : WAIT = 0.1
00930 sdo[0x6200][2] = 32 : NULL : WAIT = 0.1
00931 #verify reading  Output7B
00931 NULL : sdo[0x5003][7] = 4000 | 200 | 0.5
00931 TEST: Status Message Amp.Port_7 4000.0 +/- 200.0
00931 PASS: Status Message Amp.Port_7 4145.0
00932 NULL : sdo[0x5001][6] = 6 | 0.01 | 0.1
00932 PASS: Status Message F1.Status_Output7-8 6.0
00933 #verify reading from load
00933 NULL : MeterCurrent = 4.0 | 0.1 | 0.1
00933 TEST: MeterCurrent 4.0 +/- 0.1
00933 PASS: MeterCurrent 4.0
00934 
00934 #set current and turn on output and verify feedback
00934 LdCurrentSet = 4500: NULL : WAIT = 0.1
00935 LdEnable = 1 : NULL
00936 #TESING Output7B
00936 sdo[0x2005][1] = 64 : NULL : WAIT = 0.1
00937 sdo[0x6200][2] = 32 : NULL : WAIT = 0.1
00938 #verify fault Output7B
00938 NULL : sdo[0x5003][7] = 0 | 0.1 | 0.1
00938 TEST: Status Message Amp.Port_7 0.0 +/- 0.1
00938 PASS: Status Message Amp.Port_7 0.0
00939 NULL : sdo[0x5001][6] = 10 | 0 | 0.1
00939 PASS: Status Message F1.Status_Output7-8 10.0
00940 #verify reading from load
00940 NULL : MeterCurrent = 0  | 0.01 | 0.1
00940 TEST: MeterCurrent 0.0 +/- 0.01
00940 PASS: MeterCurrent 0.0
00941 
00941 #switch out load line, clear current
00941 sdo[0x6200][2] = 0 : NULL : WAIT = 0.1
00942 J3_02 = 0 : NULL : WAIT = 0.5
00943 #read signal value to update
00943 NULL : sdo[0x5003][7] = 0 | 155 | 0.5
00943 TEST: Status Message Amp.Port_7 0.0 +/- 155.0
00943 PASS: Status Message Amp.Port_7 0.0
00944 LdCurrentSet = 0 : NULL : WAIT = 0.1
00945 NULL : sdo[0x5001][6] = 10 | 0 | 0.1
00945 TEST: Status Message F1.Status_Output7-8 10.0 +/- 0.0
00945 PASS: Status Message F1.Status_Output7-8 10.0
00946 sdo[0x2000][1] = 0, sdo[0x2000][2] = 0 : NULL
00947 sdo[0x2001][8] = 17 : NULL
00948 #switch in load line, set current
00948 J3_03 = 1 : NULL
00949 
00949 #set current and turn on output and verify feedback
00949 LdCurrentSet = 0: NULL : WAIT = 0.1
00950 LdEnable = 1 : NULL
00951 #TESING Output8A
00951 sdo[0x2005][1] = 0 : NULL : WAIT = 0.1
00952 sdo[0x6200][2] = 64 : NULL : WAIT = 0.1
00953 #verify reading  Output8A
00953 NULL : sdo[0x5003][8] = 0 | 200 | 0.5
00953 TEST: Status Message Amp.Port_8 0.0 +/- 200.0
00953 PASS: Status Message Amp.Port_8 0.0
00954 NULL : sdo[0x5001][6] = 26 | 0.01 | 0.1
00954 PASS: Status Message F1.Status_Output7-8 26.0
00955 #verify reading from load
00955 NULL : MeterCurrent = 0.0 | 0.1 | 0.1
00955 TEST: MeterCurrent 0.0 +/- 0.1
00955 PASS: MeterCurrent 0.0
00956 
00956 #set current and turn on output and verify feedback
00956 LdCurrentSet = 500: NULL : WAIT = 0.1
00957 LdEnable = 1 : NULL
00958 #TESING Output8A
00958 sdo[0x2005][1] = 0 : NULL : WAIT = 0.1
00959 sdo[0x6200][2] = 64 : NULL : WAIT = 0.1
00960 #verify reading  Output8A
00960 NULL : sdo[0x5003][8] = 500 | 200 | 0.5
00960 TEST: Status Message Amp.Port_8 500.0 +/- 200.0
00960 PASS: Status Message Amp.Port_8 505.0
00961 NULL : sdo[0x5001][6] = 26 | 0.01 | 0.1
00961 PASS: Status Message F1.Status_Output7-8 26.0
00962 #verify reading from load
00962 NULL : MeterCurrent = 0.5 | 0.1 | 0.1
00962 TEST: MeterCurrent 0.5 +/- 0.1
00962 PASS: MeterCurrent 0.499
00963 
00963 #set current and turn on output and verify feedback
00963 LdCurrentSet = 1000: NULL : WAIT = 0.1
00964 LdEnable = 1 : NULL
00965 #TESING Output8A
00965 sdo[0x2005][1] = 0 : NULL : WAIT = 0.1
00966 sdo[0x6200][2] = 64 : NULL : WAIT = 0.1
00967 #verify reading  Output8A
00967 NULL : sdo[0x5003][8] = 1000 | 200 | 0.5
00967 TEST: Status Message Amp.Port_8 1000.0 +/- 200.0
00967 PASS: Status Message Amp.Port_8 1035.0
00968 NULL : sdo[0x5001][6] = 26 | 0.01 | 0.1
00968 PASS: Status Message F1.Status_Output7-8 26.0
00969 #verify reading from load
00969 NULL : MeterCurrent = 1.0 | 0.1 | 0.1
00969 TEST: MeterCurrent 1.0 +/- 0.1
00969 PASS: MeterCurrent 0.999
00970 
00970 #set current and turn on output and verify feedback
00970 LdCurrentSet = 1500: NULL : WAIT = 0.1
00971 LdEnable = 1 : NULL
00972 #TESING Output8A
00972 sdo[0x2005][1] = 0 : NULL : WAIT = 0.1
00973 sdo[0x6200][2] = 64 : NULL : WAIT = 0.1
00974 #verify reading  Output8A
00974 NULL : sdo[0x5003][8] = 1500 | 200 | 0.5
00974 TEST: Status Message Amp.Port_8 1500.0 +/- 200.0
00974 PASS: Status Message Amp.Port_8 1564.0
00975 NULL : sdo[0x5001][6] = 26 | 0.01 | 0.1
00975 PASS: Status Message F1.Status_Output7-8 26.0
00976 #verify reading from load
00976 NULL : MeterCurrent = 1.5 | 0.1 | 0.1
00976 TEST: MeterCurrent 1.5 +/- 0.1
00976 PASS: MeterCurrent 1.499
00977 
00977 #set current and turn on output and verify feedback
00977 LdCurrentSet = 2000: NULL : WAIT = 0.1
00978 LdEnable = 1 : NULL
00979 #TESING Output8A
00979 sdo[0x2005][1] = 0 : NULL : WAIT = 0.1
00980 sdo[0x6200][2] = 64 : NULL : WAIT = 0.1
00981 #verify reading  Output8A
00981 NULL : sdo[0x5003][8] = 2000 | 200 | 0.5
00981 TEST: Status Message Amp.Port_8 2000.0 +/- 200.0
00981 PASS: Status Message Amp.Port_8 2102.0
00982 NULL : sdo[0x5001][6] = 26 | 0.01 | 0.1
00982 PASS: Status Message F1.Status_Output7-8 26.0
00983 #verify reading from load
00983 NULL : MeterCurrent = 2.0 | 0.1 | 0.1
00983 TEST: MeterCurrent 2.0 +/- 0.1
00983 PASS: MeterCurrent 1.999
00984 
00984 #set current and turn on output and verify feedback
00984 LdCurrentSet = 2500: NULL : WAIT = 0.1
00985 LdEnable = 1 : NULL
00986 #TESING Output8A
00986 sdo[0x2005][1] = 0 : NULL : WAIT = 0.1
00987 sdo[0x6200][2] = 64 : NULL : WAIT = 0.1
00988 #verify reading  Output8A
00988 NULL : sdo[0x5003][8] = 2500 | 200 | 0.5
00988 TEST: Status Message Amp.Port_8 2500.0 +/- 200.0
00988 PASS: Status Message Amp.Port_8 2640.0
00989 NULL : sdo[0x5001][6] = 26 | 0.01 | 0.1
00989 PASS: Status Message F1.Status_Output7-8 26.0
00990 #verify reading from load
00990 NULL : MeterCurrent = 2.5 | 0.1 | 0.1
00990 TEST: MeterCurrent 2.5 +/- 0.1
00990 PASS: MeterCurrent 2.5
00991 
00991 #set current and turn on output and verify feedback
00991 LdCurrentSet = 3000: NULL : WAIT = 0.1
00992 LdEnable = 1 : NULL
00993 #TESING Output8A
00993 sdo[0x2005][1] = 0 : NULL : WAIT = 0.1
00994 sdo[0x6200][2] = 64 : NULL : WAIT = 0.1
00995 #verify reading  Output8A
00995 NULL : sdo[0x5003][8] = 3000 | 200 | 0.5
00995 TEST: Status Message Amp.Port_8 3000.0 +/- 200.0
00995 PASS: Status Message Amp.Port_8 3173.0
00996 NULL : sdo[0x5001][6] = 26 | 0.01 | 0.1
00996 PASS: Status Message F1.Status_Output7-8 26.0
00997 #verify reading from load
00997 NULL : MeterCurrent = 3.0 | 0.1 | 0.1
00997 TEST: MeterCurrent 3.0 +/- 0.1
00997 PASS: MeterCurrent 2.999
00998 
00998 #set current and turn on output and verify feedback
00998 LdCurrentSet = 3500: NULL : WAIT = 0.1
00999 LdEnable = 1 : NULL
01000 #TESING Output8A
01000 sdo[0x2005][1] = 0 : NULL : WAIT = 0.1
01001 sdo[0x6200][2] = 64 : NULL : WAIT = 0.1
01002 #verify reading  Output8A
01002 NULL : sdo[0x5003][8] = 3500 | 200 | 0.5
01002 TEST: Status Message Amp.Port_8 3500.0 +/- 200.0
01002 FAIL: Status Message Amp.Port_8 3707.0
01003 NULL : sdo[0x5001][6] = 26 | 0.01 | 0.1
01003 PASS: Status Message F1.Status_Output7-8 26.0
01004 #verify reading from load
01004 NULL : MeterCurrent = 3.5 | 0.1 | 0.1
01004 TEST: MeterCurrent 3.5 +/- 0.1
01004 PASS: MeterCurrent 3.499
01005 
01005 #set current and turn on output and verify feedback
01005 LdCurrentSet = 4000: NULL : WAIT = 0.1
01006 LdEnable = 1 : NULL
01007 #TESING Output8A
01007 sdo[0x2005][1] = 0 : NULL : WAIT = 0.1
01008 sdo[0x6200][2] = 64 : NULL : WAIT = 0.1
01009 #verify reading  Output8A
01009 NULL : sdo[0x5003][8] = 4000 | 200 | 0.5
01009 TEST: Status Message Amp.Port_8 4000.0 +/- 200.0
01009 FAIL: Status Message Amp.Port_8 4248.0
01010 NULL : sdo[0x5001][6] = 26 | 0.01 | 0.1
01010 PASS: Status Message F1.Status_Output7-8 26.0
01011 #verify reading from load
01011 NULL : MeterCurrent = 4.0 | 0.1 | 0.1
01011 TEST: MeterCurrent 4.0 +/- 0.1
01011 PASS: MeterCurrent 4.001
01012 
01012 #set current and turn on output and verify feedback
01012 LdCurrentSet = 4500: NULL : WAIT = 0.1
01013 LdEnable = 1 : NULL
01014 #TESING Output8A
01014 sdo[0x2005][1] = 0 : NULL : WAIT = 0.1
01015 sdo[0x6200][2] = 64 : NULL : WAIT = 0.1
01016 #verify fault Output8A
01016 NULL : sdo[0x5003][8] = 0 | 0.1 | 0.1
01016 TEST: Status Message Amp.Port_8 0.0 +/- 0.1
01016 PASS: Status Message Amp.Port_8 0.0
01017 NULL : sdo[0x5001][6] = 42 | 0 | 0.1
01017 PASS: Status Message F1.Status_Output7-8 42.0
01018 #verify reading from load
01018 NULL : MeterCurrent = 0  | 0.01 | 0.1
01018 TEST: MeterCurrent 0.0 +/- 0.01
01018 PASS: MeterCurrent 0.0
01019 
01019 #switch out load line, clear current
01019 sdo[0x6200][2] = 0 : NULL : WAIT = 0.1
01020 J3_03 = 0 : NULL : WAIT = 0.5
01021 #read signal value to update
01021 NULL : sdo[0x5003][8] = 0 | 155 | 0.5
01021 TEST: Status Message Amp.Port_8 0.0 +/- 155.0
01021 PASS: Status Message Amp.Port_8 0.0
01022 LdCurrentSet = 0 : NULL : WAIT = 0.1
01023 NULL : sdo[0x5001][6] = 42 | 0 | 0.1
01023 TEST: Status Message F1.Status_Output7-8 42.0 +/- 0.0
01023 PASS: Status Message F1.Status_Output7-8 42.0
01024 sdo[0x2000][1] = 0, sdo[0x2000][2] = 0 : NULL
01025 sdo[0x2001][8] = 17 : NULL
01026 #switch in load line, set current
01026 J3_04 = 1 : NULL
01027 
01027 #set current and turn on output and verify feedback
01027 LdCurrentSet = 0: NULL : WAIT = 0.1
01028 LdEnable = 1 : NULL
01029 #TESING Output8B
01029 sdo[0x2005][1] = 128 : NULL : WAIT = 0.1
01030 sdo[0x6200][2] = 128 : NULL : WAIT = 0.1
01031 #verify reading  Output8B
01031 NULL : sdo[0x5003][8] = 0 | 200 | 0.5
01031 TEST: Status Message Amp.Port_8 0.0 +/- 200.0
01031 PASS: Status Message Amp.Port_8 0.0
01032 NULL : sdo[0x5001][6] = 106 | 0.01 | 0.1
01032 PASS: Status Message F1.Status_Output7-8 106.0
01033 #verify reading from load
01033 NULL : MeterCurrent = 0.0 | 0.1 | 0.1
01033 TEST: MeterCurrent 0.0 +/- 0.1
01033 PASS: MeterCurrent 0.0
01034 
01034 #set current and turn on output and verify feedback
01034 LdCurrentSet = 500: NULL : WAIT = 0.1
01035 LdEnable = 1 : NULL
01036 #TESING Output8B
01036 sdo[0x2005][1] = 128 : NULL : WAIT = 0.1
01037 sdo[0x6200][2] = 128 : NULL : WAIT = 0.1
01038 #verify reading  Output8B
01038 NULL : sdo[0x5003][8] = 500 | 200 | 0.5
01038 TEST: Status Message Amp.Port_8 500.0 +/- 200.0
01038 PASS: Status Message Amp.Port_8 497.0
01039 NULL : sdo[0x5001][6] = 106 | 0.01 | 0.1
01039 PASS: Status Message F1.Status_Output7-8 106.0
01040 #verify reading from load
01040 NULL : MeterCurrent = 0.5 | 0.1 | 0.1
01040 TEST: MeterCurrent 0.5 +/- 0.1
01040 PASS: MeterCurrent 0.499
01041 
01041 #set current and turn on output and verify feedback
01041 LdCurrentSet = 1000: NULL : WAIT = 0.1
01042 LdEnable = 1 : NULL
01043 #TESING Output8B
01043 sdo[0x2005][1] = 128 : NULL : WAIT = 0.1
01044 sdo[0x6200][2] = 128 : NULL : WAIT = 0.1
01045 #verify reading  Output8B
01045 NULL : sdo[0x5003][8] = 1000 | 200 | 0.5
01045 TEST: Status Message Amp.Port_8 1000.0 +/- 200.0
01045 PASS: Status Message Amp.Port_8 1011.0
01046 NULL : sdo[0x5001][6] = 106 | 0.01 | 0.1
01046 PASS: Status Message F1.Status_Output7-8 106.0
01047 #verify reading from load
01047 NULL : MeterCurrent = 1.0 | 0.1 | 0.1
01047 TEST: MeterCurrent 1.0 +/- 0.1
01047 PASS: MeterCurrent 0.999
01048 
01048 #set current and turn on output and verify feedback
01048 LdCurrentSet = 1500: NULL : WAIT = 0.1
01049 LdEnable = 1 : NULL
01050 #TESING Output8B
01050 sdo[0x2005][1] = 128 : NULL : WAIT = 0.1
01051 sdo[0x6200][2] = 128 : NULL : WAIT = 0.1
01052 #verify reading  Output8B
01052 NULL : sdo[0x5003][8] = 1500 | 200 | 0.5
01052 TEST: Status Message Amp.Port_8 1500.0 +/- 200.0
01052 PASS: Status Message Amp.Port_8 1529.0
01053 NULL : sdo[0x5001][6] = 106 | 0.01 | 0.1
01053 PASS: Status Message F1.Status_Output7-8 106.0
01054 #verify reading from load
01054 NULL : MeterCurrent = 1.5 | 0.1 | 0.1
01054 TEST: MeterCurrent 1.5 +/- 0.1
01054 PASS: MeterCurrent 1.499
01055 
01055 #set current and turn on output and verify feedback
01055 LdCurrentSet = 2000: NULL : WAIT = 0.1
01056 LdEnable = 1 : NULL
01057 #TESING Output8B
01057 sdo[0x2005][1] = 128 : NULL : WAIT = 0.1
01058 sdo[0x6200][2] = 128 : NULL : WAIT = 0.1
01059 #verify reading  Output8B
01059 NULL : sdo[0x5003][8] = 2000 | 200 | 0.5
01059 TEST: Status Message Amp.Port_8 2000.0 +/- 200.0
01059 PASS: Status Message Amp.Port_8 2050.0
01060 NULL : sdo[0x5001][6] = 106 | 0.01 | 0.1
01060 PASS: Status Message F1.Status_Output7-8 106.0
01061 #verify reading from load
01061 NULL : MeterCurrent = 2.0 | 0.1 | 0.1
01061 TEST: MeterCurrent 2.0 +/- 0.1
01061 PASS: MeterCurrent 1.999
01062 
01062 #set current and turn on output and verify feedback
01062 LdCurrentSet = 2500: NULL : WAIT = 0.1
01063 LdEnable = 1 : NULL
01064 #TESING Output8B
01064 sdo[0x2005][1] = 128 : NULL : WAIT = 0.1
01065 sdo[0x6200][2] = 128 : NULL : WAIT = 0.1
01066 #verify reading  Output8B
01066 NULL : sdo[0x5003][8] = 2500 | 200 | 0.5
01066 TEST: Status Message Amp.Port_8 2500.0 +/- 200.0
01066 PASS: Status Message Amp.Port_8 2572.0
01067 NULL : sdo[0x5001][6] = 106 | 0.01 | 0.1
01067 PASS: Status Message F1.Status_Output7-8 106.0
01068 #verify reading from load
01068 NULL : MeterCurrent = 2.5 | 0.1 | 0.1
01068 TEST: MeterCurrent 2.5 +/- 0.1
01068 PASS: MeterCurrent 2.5
01069 
01069 #set current and turn on output and verify feedback
01069 LdCurrentSet = 3000: NULL : WAIT = 0.1
01070 LdEnable = 1 : NULL
01071 #TESING Output8B
01071 sdo[0x2005][1] = 128 : NULL : WAIT = 0.1
01072 sdo[0x6200][2] = 128 : NULL : WAIT = 0.1
01073 #verify reading  Output8B
01073 NULL : sdo[0x5003][8] = 3000 | 200 | 0.5
01073 TEST: Status Message Amp.Port_8 3000.0 +/- 200.0
01073 PASS: Status Message Amp.Port_8 3090.0
01074 NULL : sdo[0x5001][6] = 106 | 0.01 | 0.1
01074 PASS: Status Message F1.Status_Output7-8 106.0
01075 #verify reading from load
01075 NULL : MeterCurrent = 3.0 | 0.1 | 0.1
01075 TEST: MeterCurrent 3.0 +/- 0.1
01075 PASS: MeterCurrent 2.999
01076 
01076 #set current and turn on output and verify feedback
01076 LdCurrentSet = 3500: NULL : WAIT = 0.1
01077 LdEnable = 1 : NULL
01078 #TESING Output8B
01078 sdo[0x2005][1] = 128 : NULL : WAIT = 0.1
01079 sdo[0x6200][2] = 128 : NULL : WAIT = 0.1
01080 #verify reading  Output8B
01080 NULL : sdo[0x5003][8] = 3500 | 200 | 0.5
01080 TEST: Status Message Amp.Port_8 3500.0 +/- 200.0
01080 PASS: Status Message Amp.Port_8 3611.0
01081 NULL : sdo[0x5001][6] = 106 | 0.01 | 0.1
01081 PASS: Status Message F1.Status_Output7-8 106.0
01082 #verify reading from load
01082 NULL : MeterCurrent = 3.5 | 0.1 | 0.1
01082 TEST: MeterCurrent 3.5 +/- 0.1
01082 PASS: MeterCurrent 3.499
01083 
01083 #set current and turn on output and verify feedback
01083 LdCurrentSet = 4000: NULL : WAIT = 0.1
01084 LdEnable = 1 : NULL
01085 #TESING Output8B
01085 sdo[0x2005][1] = 128 : NULL : WAIT = 0.1
01086 sdo[0x6200][2] = 128 : NULL : WAIT = 0.1
01087 #verify reading  Output8B
01087 NULL : sdo[0x5003][8] = 4000 | 200 | 0.5
01087 TEST: Status Message Amp.Port_8 4000.0 +/- 200.0
01087 PASS: Status Message Amp.Port_8 4137.0
01088 NULL : sdo[0x5001][6] = 106 | 0.01 | 0.1
01088 PASS: Status Message F1.Status_Output7-8 106.0
01089 #verify reading from load
01089 NULL : MeterCurrent = 4.0 | 0.1 | 0.1
01089 TEST: MeterCurrent 4.0 +/- 0.1
01089 PASS: MeterCurrent 4.0
01090 
01090 #set current and turn on output and verify feedback
01090 LdCurrentSet = 4500: NULL : WAIT = 0.1
01091 LdEnable = 1 : NULL
01092 #TESING Output8B
01092 sdo[0x2005][1] = 128 : NULL : WAIT = 0.1
01093 sdo[0x6200][2] = 128 : NULL : WAIT = 0.1
01094 #verify fault Output8B
01094 NULL : sdo[0x5003][8] = 0 | 0.1 | 0.1
01094 TEST: Status Message Amp.Port_8 0.0 +/- 0.1
01094 PASS: Status Message Amp.Port_8 0.0
01095 NULL : sdo[0x5001][6] = 170 | 0 | 0.1
01095 PASS: Status Message F1.Status_Output7-8 170.0
01096 #verify reading from load
01096 NULL : MeterCurrent = 0  | 0.01 | 0.1
01096 TEST: MeterCurrent 0.0 +/- 0.01
01096 PASS: MeterCurrent 0.0
01097 
01097 #switch out load line, clear current
01097 sdo[0x6200][2] = 0 : NULL : WAIT = 0.1
01098 J3_04 = 0 : NULL : WAIT = 0.5
01099 #read signal value to update
01099 NULL : sdo[0x5003][8] = 0 | 155 | 0.5
01099 TEST: Status Message Amp.Port_8 0.0 +/- 155.0
01099 PASS: Status Message Amp.Port_8 0.0
01100 LdCurrentSet = 0 : NULL : WAIT = 0.1
01101 NULL : sdo[0x5001][6] = 170 | 0 | 0.1
01101 TEST: Status Message F1.Status_Output7-8 170.0 +/- 0.0
01101 PASS: Status Message F1.Status_Output7-8 170.0
01102 NULL : sdo[0x5001][3] = 168 | 0 | 0.1
01102 PASS: Status Message F1.Status_Output1-2 168.0
01103 NULL : sdo[0x5001][4] = 168 | 0 | 0.1
01103 PASS: Status Message F1.Status_Output3-4 168.0
01104 NULL : sdo[0x5001][5] = 170 | 0 | 0.1
01104 PASS: Status Message F1.Status_Output5-6 170.0
01105 NULL : sdo[0x5001][6] = 170 | 0 | 0.1
01105 PASS: Status Message F1.Status_Output7-8 170.0
01106 LdRemote = 0 : NULL : WAIT = 0.1
01107 LdEnable = 0 : NULL : WAIT = 0.1
01108 J0_08_METER_LOAD = 0 : NULL : WAIT = 1
01109 PRE_OPERATIONAL
01109 SAVE
01109 END
Fail count: 8
Finished on: 2025-09-10-15:33:22
elapsed time: 0:07:45.962183
