Step,Pre-defined Error Field.Number of Errors,Pre-defined Error Field.Standard Error Field,Pre-defined Error Field.Standard Error Field_2,Pre-defined Error Field.Standard Error Field_3,Pre-defined Error Field.Standard Error Field_4,Pre-defined Error Field.Standard Error Field_5,Store Parameter Field.Highest sub-index supported,Store Parameter Field.Save all Parameters,Store Parameter Field.Save Communication Parameters,Store Parameter Field.Save Application Parameters,Restore Default Parameters.Highest sub-index supported,Restore Default Parameters.Restore all Default Parameters,Restore Default Parameters.Restore Communication Default Parameters,Restore Default Parameters.Restore Application Default Parameters,Identity Object.number of entries,Identity Object.Vendor Id,Identity Object.Product Code,Identity Object.Revision number,Identity Object.Serial number,Server SDO Parameter 1.Highest sub-index supported,Server SDO Parameter 1.COB-ID Client -> Server,Server SDO Parameter 1.COB-ID Server -> Client,Receive PDO Communication Parameter 1.Highest sub-index supported,Receive PDO Communication Parameter 1.COB-ID,Receive PDO Communication Parameter 1.Transmission Type,Receive PDO Communication Parameter 1.Inhibit Time,Receive PDO Communication Parameter 1.Compatibility Entry,Receive PDO Communication Parameter 1.Event Timer,Receive PDO Communication Parameter 2.Highest sub-index supported,Receive PDO Communication Parameter 2.COB-ID,Receive PDO Communication Parameter 2.Transmission Type,Receive PDO Communication Parameter 2.Inhibit Time,Receive PDO Communication Parameter 2.Compatibility Entry,Receive PDO Communication Parameter 2.Event Timer,Receive PDO Communication Parameter 3.Highest sub-index supported,Receive PDO Communication Parameter 3.COB-ID,Receive PDO Communication Parameter 3.Transmission Type,Receive PDO Communication Parameter 3.Inhibit Time,Receive PDO Communication Parameter 3.Compatibility Entry,Receive PDO Communication Parameter 3.Event Timer,Receive PDO Communication Parameter 4.Highest sub-index supported,Receive PDO Communication Parameter 4.COB-ID,Receive PDO Communication Parameter 4.Transmission Type,Receive PDO Communication Parameter 4.Inhibit Time,Receive PDO Communication Parameter 4.Compatibility Entry,Receive PDO Communication Parameter 4.Event Timer,Receive PDO Mapping Parameter 1.Number of mapped objects,Receive PDO Mapping Parameter 1.Mapping Entry 1,Receive PDO Mapping Parameter 1.Mapping Entry 2,Receive PDO Mapping Parameter 2.Number of mapped objects,Receive PDO Mapping Parameter 2.Mapping Entry 1,Receive PDO Mapping Parameter 2.Mapping Entry 2,Receive PDO Mapping Parameter 2.Mapping Entry 3,Receive PDO Mapping Parameter 2.Mapping Entry 4,Receive PDO Mapping Parameter 3.Number of mapped objects,Receive PDO Mapping Parameter 3.Mapping Entry 1,Receive PDO Mapping Parameter 3.Mapping Entry 2,Receive PDO Mapping Parameter 3.Mapping Entry 3,Receive PDO Mapping Parameter 3.Mapping Entry 4,Receive PDO Mapping Parameter 4.Number of mapped objects,Receive PDO Mapping Parameter 4.Mapping Entry 1,Transmit PDO Communication Parameter 5.Highest sub-index supported,Transmit PDO Communication Parameter 5.COB-ID,Transmit PDO Communication Parameter 5.Transmission Type,Transmit PDO Communication Parameter 5.Inhibit Time,Transmit PDO Communication Parameter 5.Compatibility Entry,Transmit PDO Communication Parameter 5.Event Timer,Transmit PDO Communication Parameter 6.Highest sub-index supported,Transmit PDO Communication Parameter 6.COB-ID,Transmit PDO Communication Parameter 6.Transmission Type,Transmit PDO Communication Parameter 6.Inhibit Time,Transmit PDO Communication Parameter 6.Compatibility Entry,Transmit PDO Communication Parameter 6.Event Timer,Transmit PDO Communication Parameter 7.Highest sub-index supported,Transmit PDO Communication Parameter 7.COB-ID,Transmit PDO Communication Parameter 7.Transmission Type,Transmit PDO Communication Parameter 7.Inhibit Time,Transmit PDO Communication Parameter 7.Compatibility Entry,Transmit PDO Communication Parameter 7.Event Timer,Transmit PDO Communication Parameter 8.Highest sub-index supported,Transmit PDO Communication Parameter 8.COB-ID,Transmit PDO Communication Parameter 8.Transmission Type,Transmit PDO Communication Parameter 8.Inhibit Time,Transmit PDO Communication Parameter 8.Compatibility Entry,Transmit PDO Communication Parameter 8.Event Timer,Transmit PDO Communication Parameter 9.Highest sub-index supported,Transmit PDO Communication Parameter 9.COB-ID,Transmit PDO Communication Parameter 9.Transmission Type,Transmit PDO Communication Parameter 9.Inhibit Time,Transmit PDO Communication Parameter 9.Compatibility Entry,Transmit PDO Communication Parameter 9.Event Timer,Transmit PDO Communication Parameter 10.Highest sub-index supported,Transmit PDO Communication Parameter 10.COB-ID,Transmit PDO Communication Parameter 10.Transmission Type,Transmit PDO Communication Parameter 10.Inhibit Time,Transmit PDO Communication Parameter 10.Compatibility Entry,Transmit PDO Communication Parameter 10.Event Timer,Transmit PDO Communication Parameter 11.Highest sub-index supported,Transmit PDO Communication Parameter 11.COB-ID,Transmit PDO Communication Parameter 11.Transmission Type,Transmit PDO Communication Parameter 11.Inhibit Time,Transmit PDO Communication Parameter 11.Compatibility Entry,Transmit PDO Communication Parameter 11.Event Timer,Transmit PDO Mapping Parameter 5.Number of mapped objects,Transmit PDO Mapping Parameter 5.Mapping Entry 1,Transmit PDO Mapping Parameter 5.Mapping Entry 2,Transmit PDO Mapping Parameter 5.Mapping Entry 3,Transmit PDO Mapping Parameter 5.Mapping Entry 4,Transmit PDO Mapping Parameter 6.Number of mapped objects,Transmit PDO Mapping Parameter 6.Mapping Entry 1,Transmit PDO Mapping Parameter 6.Mapping Entry 2,Transmit PDO Mapping Parameter 6.Mapping Entry 3,Transmit PDO Mapping Parameter 6.Mapping Entry 4,Transmit PDO Mapping Parameter 6.Mapping Entry 5,Transmit PDO Mapping Parameter 6.Mapping Entry 6,Transmit PDO Mapping Parameter 6.Mapping Entry 7,Transmit PDO Mapping Parameter 6.Mapping Entry 8,Transmit PDO Mapping Parameter 7.Number of mapped objects,Transmit PDO Mapping Parameter 7.Mapping Entry 1,Transmit PDO Mapping Parameter 7.Mapping Entry 2,Transmit PDO Mapping Parameter 7.Mapping Entry 3,Transmit PDO Mapping Parameter 7.Mapping Entry 4,Transmit PDO Mapping Parameter 8.Number of mapped objects,Transmit PDO Mapping Parameter 8.Mapping Entry 1,Transmit PDO Mapping Parameter 8.Mapping Entry 2,Transmit PDO Mapping Parameter 8.Mapping Entry 3,Transmit PDO Mapping Parameter 8.Mapping Entry 4,Transmit PDO Mapping Parameter 9.Number of mapped objects,Transmit PDO Mapping Parameter 9.Mapping Entry 1,Transmit PDO Mapping Parameter 9.Mapping Entry 2,Transmit PDO Mapping Parameter 9.Mapping Entry 3,Transmit PDO Mapping Parameter 9.Mapping Entry 4,Transmit PDO Mapping Parameter 10.Number of mapped objects,Transmit PDO Mapping Parameter 10.Mapping Entry 1,Transmit PDO Mapping Parameter 10.Mapping Entry 2,Transmit PDO Mapping Parameter 10.Mapping Entry 3,Transmit PDO Mapping Parameter 10.Mapping Entry 4,Transmit PDO Mapping Parameter 11.Number of mapped objects,Transmit PDO Mapping Parameter 11.Mapping Entry 1,Transmit PDO Mapping Parameter 11.Mapping Entry 2,Transmit PDO Mapping Parameter 11.Mapping Entry 3,Transmit PDO Mapping Parameter 11.Mapping Entry 4,Transmit PDO Mapping Parameter 11.Mapping Entry 5,Transmit PDO Mapping Parameter 11.Mapping Entry 6,Transmit PDO Mapping Parameter 11.Mapping Entry 7,Transmit PDO Mapping Parameter 11.Mapping Entry 8,Module Global Configuration.Highest sub-index supported,Module Global Configuration.d1 - d8_Enable,Module Global Configuration.d9 - d16_Enable,Module Global Configuration.Output_Mode,Module Global Configuration.ID,Module Output Configuration.Highest sub-index supported,Module Output Configuration.OUTMODE_1,Module Output Configuration.OUTMODE_2,Module Output Configuration.OUTMODE_3,Module Output Configuration.OUTMODE_4,Module Output Configuration.OUTMODE_5,Module Output Configuration.OUTMODE_6,Module Output Configuration.OUTMODE_7,Module Output Configuration.OUTMODE_8,Module PWMi PID Configuration.Highest sub-index supported,Module PWMi PID Configuration.Port1_Kp,Module PWMi PID Configuration.Port1_Ki,Module PWMi PID Configuration.Port2_Kp,Module PWMi PID Configuration.Port2_Ki,Module PWMi PID Configuration.Port3_Kp,Module PWMi PID Configuration.Port3_Ki,Module PWMi PID Configuration.Port4_Kp,Module PWMi PID Configuration.Port4_Ki,Module PWMi PID Configuration.Port5_Kp,Module PWMi PID Configuration.Port5_Ki,Module PWMi PID Configuration.Port6_Kp,Module PWMi PID Configuration.Port6_Ki,Module PWMi PID Configuration.Port7_Kp,Module PWMi PID Configuration.Port7_Ki,Module PWMi PID Configuration.Port8_Kp,Module PWMi PID Configuration.Port8_Ki,Module 10A Limit Configuration.Highest sub-index supported,Module 10A Limit Configuration.Port_1A,Module 10A Limit Configuration.Port_3A,Module Direction Configuration.Highest sub-index supported,Module Direction Configuration.Direction,Response Message.Highest sub-index supported,Response Message.d1-d8,Response Message.d9-d16,Response Message.Active_Fault_Code,Response Message.Configuration_ID,Status Message F1.Highest sub-index supported,Status Message F1.d1-d8_Message,Status Message F1.d9-d16_Message,Status Message F1.Status_Output1-2,Status Message F1.Status_Output3-4,Status Message F1.Status_Output5-6,Status Message F1.Status_Output7-8,Status Message F1.Power,Status Message F1.Save_Counter,Status Message F2.Highest sub-index supported,Status Message F2.VBAT,Status Message F2.TEMP,Status Message F2.CNFG1,Status Message F2.CNFG2,Status Message F2.CNFG3,Status Message Amp.Highest sub-index supported,Status Message Amp.Port_1,Status Message Amp.Port_2,Status Message Amp.Port_3,Status Message Amp.Port_4,Status Message Amp.Port_5,Status Message Amp.Port_6,Status Message Amp.Port_7,Status Message Amp.Port_8,Status Message Amp.Port_1A,Status Message Amp.Port_1B,Status Message Amp.Port_3A,Status Message Amp.Port_3B,Fault Message.Highest sub-index supported,Fault Message.Counter_F1,Fault Message.Counter_F2,Fault Message.Counter_F3,Fault Message.Counter_F4,Fault Message.Counter_F5,Fault Message.Counter_F6,Fault Message.Counter_F7,Fault Message.Counter_F8,Write Outputs 8-Bit.Highest sub-index supported,Write Outputs 8-Bit.Output_1,Write Outputs 8-Bit.Output_2,Write Analogue Output 16-Bit.Highest sub-index supported,Write Analogue Output 16-Bit.Port_1,Write Analogue Output 16-Bit.Port_2,Write Analogue Output 16-Bit.Port_3,Write Analogue Output 16-Bit.Port_4,Write Analogue Output 16-Bit.Port_5,Write Analogue Output 16-Bit.Port_6,Write Analogue Output 16-Bit.Port_7,Write Analogue Output 16-Bit.Port_8,Dummy0005,Dummy0006,Dummy0007,Device Type,Error Register,Manufacturer Device Name,Manufacturer Hardware Version,Manufacturer Software Version,COB-ID EMCY,Inhibit Time Emergency,Producer Heartbeat Time,Frequency,J0_01_3A_LOAD,J0_02_5A_LOAD,J0_03_7A_LOAD,J0_04_12A_LOAD,J0_05_200MA_PULLUP,J0_06_12MA_PULLUP,J0_07_GND_LOAD,J0_08_METER_LOAD,J0_09_TEST_SUPPLY,J0_10_MAIN_SUPPLY,J0_11_FREQ_GEN,J0_12_PROBE,J1_01,J1_02,J1_03,J1_04,J1_05,J1_06,J1_07,J1_08,J1_09,J1_10,J1_11,J1_12,J2_01,J2_02,J2_03,J2_04,J2_05,J2_06,J2_07,J2_08,J2_09,J2_10,J2_11,J2_12,J3_01,J3_02,J3_03,J3_04,J3_05,J3_06,J3_07,J3_08,J3_09,J3_10,J3_11,J3_12,J4_01,J4_02,J4_03,J4_04,J4_05,J4_06,J4_07,J4_08,J4_09,J4_10,J4_11,J4_12,J5_01,J5_02,J5_03,J5_04,J5_05,J5_06,J5_07,J5_08,J5_09,J5_10,J5_11,J5_12,MeterVolts,MeterCurrent,MeterAmps,MeterSpare,PwrRemote,PwrEnable,PwrSetVoltage,PwrSetCurrent,LdRemote,LdEnable,LdMode,LdShort,LdCurrentSet,LdResistSet,RLY_K1,RLY_K2,RLY_K3,METER_MODE,METER_RANGE,
5,0.0,0.0,0.0,0.0,0.0,0.0,3.0,1.0,1.0,1.0,3.0,1.0,1.0,1.0,4.0,1275.0,3408964.0,131072.0,0.0,2.0,1537.0,1409.0,5.0,513.0,255.0,0.0,0.0,0.0,5.0,769.0,255.0,0.0,0.0,0.0,5.0,1025.0,255.0,0.0,0.0,0.0,5.0,1281.0,254.0,0.0,0.0,0.0,2.0,1644167432.0,1644167688.0,4.0,1678835984.0,1678836240.0,1678836496.0,1678836752.0,4.0,1678837008.0,1678837264.0,1678837520.0,1678837776.0,1.0,537198856.0,5.0,417.0,254.0,0.0,0.0,0.0,5.0,449.0,254.0,0.0,0.0,0.0,5.0,481.0,254.0,0.0,0.0,0.0,5.0,673.0,254.0,0.0,0.0,0.0,5.0,705.0,254.0,0.0,0.0,0.0,5.0,737.0,254.0,0.0,0.0,0.0,5.0,929.0,254.0,0.0,0.0,0.0,4.0,1342177544.0,1342177800.0,1342178056.0,1342178312.0,8.0,1342243080.0,1342243336.0,1342243592.0,1342243848.0,1342244104.0,1342244360.0,1342244616.0,1342244872.0,4.0,1342308624.0,1342308880.0,1342309136.0,1342309392.0,4.0,1342374160.0,1342374416.0,1342374672.0,1342374928.0,4.0,1342375184.0,1342375440.0,1342375696.0,1342375952.0,4.0,1342376208.0,1342376464.0,1342376720.0,1342376976.0,8.0,1342439688.0,1342439944.0,1342440200.0,1342440456.0,1342440712.0,1342440968.0,1342441224.0,1342441480.0,4.0,0.0,0.0,1.0,0.0,8.0,17.0,1.0,17.0,1.0,1.0,1.0,1.0,1.0,16.0,100.0,100.0,100.0,100.0,100.0,100.0,100.0,100.0,100.0,100.0,100.0,100.0,100.0,100.0,100.0,100.0,2.0,100.0,100.0,1.0,0.0,4.0,68.0,244.0,0.0,0.0,8.0,0.0,252.0,0.0,0.0,0.0,0.0,85.0,72.0,5.0,145.0,1826.0,5.0,7.0,1.0,12.0,0.0,0.0,0.0,0.0,0.0,0.0,0.0,0.0,0.0,0.0,0.0,0.0,8.0,22.0,0.0,0.0,0.0,0.0,0.0,0.0,0.0,2.0,0.0,0.0,8.0,0.0,0.0,0.0,0.0,0.0,0.0,0.0,0.0,0.0,0.0,0.0,655761.0,0.0,340444200.0,34044204.0,2.02,129.0,0.0,2000.0,65.0,0.0,0.0,0.0,0.0,0.0,0.0,0.0,1.0,0.0,0.0,0.0,0.0,0.0,0.0,0.0,0.0,0.0,0.0,0.0,0.0,0.0,0.0,0.0,0.0,0.0,0.0,0.0,0.0,0.0,0.0,0.0,0.0,0.0,0.0,0.0,0.0,0.0,0.0,0.0,0.0,0.0,0.0,0.0,0.0,0.0,0.0,0.0,0.0,0.0,0.0,0.0,0.0,0.0,0.0,0.0,0.0,0.0,0.0,0.0,0.0,0.0,0.0,0.0,0.0,0.0,0.0,0.0,0.0,0.0,0.0,0.0,0.0,0.0,0.0,0.0,0.0,0.0,0.0,0.0,0.0,0.0,1.0,0.0,1.0,0.0,0.0,0.0,0.0,0.0,0.0,0.0,
6,0.0,0.0,0.0,0.0,0.0,0.0,3.0,1.0,1.0,1.0,3.0,1.0,1.0,1.0,4.0,1275.0,3408964.0,131072.0,0.0,2.0,1537.0,1409.0,5.0,513.0,255.0,0.0,0.0,0.0,5.0,769.0,255.0,0.0,0.0,0.0,5.0,1025.0,255.0,0.0,0.0,0.0,5.0,1281.0,254.0,0.0,0.0,0.0,2.0,1644167432.0,1644167688.0,4.0,1678835984.0,1678836240.0,1678836496.0,1678836752.0,4.0,1678837008.0,1678837264.0,1678837520.0,1678837776.0,1.0,537198856.0,5.0,417.0,254.0,0.0,0.0,0.0,5.0,449.0,254.0,0.0,0.0,0.0,5.0,481.0,254.0,0.0,0.0,0.0,5.0,673.0,254.0,0.0,0.0,0.0,5.0,705.0,254.0,0.0,0.0,0.0,5.0,737.0,254.0,0.0,0.0,0.0,5.0,929.0,254.0,0.0,0.0,0.0,4.0,1342177544.0,1342177800.0,1342178056.0,1342178312.0,8.0,1342243080.0,1342243336.0,1342243592.0,1342243848.0,1342244104.0,1342244360.0,1342244616.0,1342244872.0,4.0,1342308624.0,1342308880.0,1342309136.0,1342309392.0,4.0,1342374160.0,1342374416.0,1342374672.0,1342374928.0,4.0,1342375184.0,1342375440.0,1342375696.0,1342375952.0,4.0,1342376208.0,1342376464.0,1342376720.0,1342376976.0,8.0,1342439688.0,1342439944.0,1342440200.0,1342440456.0,1342440712.0,1342440968.0,1342441224.0,1342441480.0,4.0,0.0,0.0,1.0,0.0,8.0,17.0,1.0,17.0,1.0,1.0,1.0,1.0,1.0,16.0,100.0,100.0,100.0,100.0,100.0,100.0,100.0,100.0,100.0,100.0,100.0,100.0,100.0,100.0,100.0,100.0,2.0,100.0,100.0,1.0,0.0,4.0,68.0,244.0,0.0,0.0,8.0,0.0,252.0,0.0,0.0,0.0,0.0,85.0,72.0,5.0,145.0,1826.0,5.0,7.0,1.0,12.0,0.0,0.0,0.0,0.0,0.0,0.0,0.0,0.0,0.0,0.0,0.0,0.0,8.0,22.0,0.0,0.0,0.0,0.0,0.0,0.0,0.0,2.0,0.0,0.0,8.0,0.0,0.0,0.0,0.0,0.0,0.0,0.0,0.0,0.0,0.0,0.0,655761.0,0.0,340444200.0,34044204.0,2.02,129.0,0.0,2000.0,65.0,0.0,0.0,0.0,0.0,0.0,0.0,0.0,1.0,0.0,0.0,0.0,0.0,0.0,0.0,0.0,0.0,0.0,0.0,0.0,0.0,0.0,0.0,0.0,0.0,0.0,0.0,0.0,0.0,0.0,0.0,0.0,0.0,0.0,0.0,0.0,0.0,0.0,0.0,0.0,0.0,0.0,0.0,0.0,0.0,0.0,0.0,0.0,0.0,0.0,0.0,0.0,0.0,0.0,0.0,0.0,0.0,0.0,0.0,0.0,0.0,0.0,0.0,0.0,0.0,0.0,0.0,0.0,0.0,0.0,0.0,0.0,0.0,0.0,0.0,0.0,0.0,0.0,0.0,0.0,0.0,0.0,1.0,0.0,1.0,0.0,0.0,0.0,0.0,0.0,0.0,0.0,
15,0.0,0.0,0.0,0.0,0.0,0.0,3.0,1.0,1.0,1.0,3.0,1.0,1.0,1.0,4.0,1275.0,3408964.0,131072.0,0.0,2.0,1537.0,1409.0,5.0,513.0,255.0,0.0,0.0,0.0,5.0,769.0,255.0,0.0,0.0,0.0,5.0,1025.0,255.0,0.0,0.0,0.0,5.0,1281.0,254.0,0.0,0.0,0.0,2.0,1644167432.0,1644167688.0,4.0,1678835984.0,1678836240.0,1678836496.0,1678836752.0,4.0,1678837008.0,1678837264.0,1678837520.0,1678837776.0,1.0,537198856.0,5.0,417.0,254.0,0.0,0.0,0.0,5.0,449.0,254.0,0.0,0.0,0.0,5.0,481.0,254.0,0.0,0.0,0.0,5.0,673.0,254.0,0.0,0.0,0.0,5.0,705.0,254.0,0.0,0.0,0.0,5.0,737.0,254.0,0.0,0.0,0.0,5.0,929.0,254.0,0.0,0.0,0.0,4.0,1342177544.0,1342177800.0,1342178056.0,1342178312.0,8.0,1342243080.0,1342243336.0,1342243592.0,1342243848.0,1342244104.0,1342244360.0,1342244616.0,1342244872.0,4.0,1342308624.0,1342308880.0,1342309136.0,1342309392.0,4.0,1342374160.0,1342374416.0,1342374672.0,1342374928.0,4.0,1342375184.0,1342375440.0,1342375696.0,1342375952.0,4.0,1342376208.0,1342376464.0,1342376720.0,1342376976.0,8.0,1342439688.0,1342439944.0,1342440200.0,1342440456.0,1342440712.0,1342440968.0,1342441224.0,1342441480.0,4.0,0.0,0.0,0.0,0.0,8.0,17.0,1.0,17.0,1.0,1.0,1.0,1.0,1.0,16.0,100.0,100.0,100.0,100.0,100.0,100.0,100.0,100.0,100.0,100.0,100.0,100.0,100.0,100.0,100.0,100.0,2.0,100.0,100.0,1.0,0.0,4.0,80.0,245.0,1.0,0.0,8.0,0.0,252.0,2.0,0.0,0.0,0.0,85.0,72.0,5.0,145.0,1831.0,5.0,7.0,1.0,12.0,0.0,0.0,0.0,0.0,0.0,0.0,0.0,0.0,0.0,0.0,0.0,0.0,8.0,23.0,0.0,0.0,0.0,0.0,0.0,0.0,0.0,2.0,1.0,0.0,8.0,0.0,0.0,0.0,0.0,0.0,0.0,0.0,0.0,0.0,0.0,0.0,655761.0,0.0,340444200.0,34044204.0,2.02,129.0,0.0,2000.0,65.0,0.0,0.0,0.0,0.0,0.0,0.0,0.0,1.0,0.0,0.0,0.0,0.0,0.0,0.0,0.0,0.0,0.0,0.0,0.0,0.0,0.0,0.0,0.0,0.0,1.0,0.0,0.0,0.0,0.0,0.0,0.0,0.0,0.0,0.0,0.0,0.0,0.0,0.0,0.0,0.0,0.0,0.0,0.0,0.0,0.0,0.0,0.0,0.0,0.0,0.0,0.0,0.0,0.0,0.0,0.0,0.0,0.0,0.0,0.0,0.0,0.0,0.0,0.0,0.0,0.0,0.0,0.0,0.0,0.0,0.0,0.0,0.0,0.0,0.0,0.0,0.0,0.0,0.0,0.0,0.0,0.0,1.0,0.0,1.0,0.0,0.0,0.0,0.0,0.0,0.0,0.0,
16,0.0,0.0,0.0,0.0,0.0,0.0,3.0,1.0,1.0,1.0,3.0,1.0,1.0,1.0,4.0,1275.0,3408964.0,131072.0,0.0,2.0,1537.0,1409.0,5.0,513.0,255.0,0.0,0.0,0.0,5.0,769.0,255.0,0.0,0.0,0.0,5.0,1025.0,255.0,0.0,0.0,0.0,5.0,1281.0,254.0,0.0,0.0,0.0,2.0,1644167432.0,1644167688.0,4.0,1678835984.0,1678836240.0,1678836496.0,1678836752.0,4.0,1678837008.0,1678837264.0,1678837520.0,1678837776.0,1.0,537198856.0,5.0,417.0,254.0,0.0,0.0,0.0,5.0,449.0,254.0,0.0,0.0,0.0,5.0,481.0,254.0,0.0,0.0,0.0,5.0,673.0,254.0,0.0,0.0,0.0,5.0,705.0,254.0,0.0,0.0,0.0,5.0,737.0,254.0,0.0,0.0,0.0,5.0,929.0,254.0,0.0,0.0,0.0,4.0,1342177544.0,1342177800.0,1342178056.0,1342178312.0,8.0,1342243080.0,1342243336.0,1342243592.0,1342243848.0,1342244104.0,1342244360.0,1342244616.0,1342244872.0,4.0,1342308624.0,1342308880.0,1342309136.0,1342309392.0,4.0,1342374160.0,1342374416.0,1342374672.0,1342374928.0,4.0,1342375184.0,1342375440.0,1342375696.0,1342375952.0,4.0,1342376208.0,1342376464.0,1342376720.0,1342376976.0,8.0,1342439688.0,1342439944.0,1342440200.0,1342440456.0,1342440712.0,1342440968.0,1342441224.0,1342441480.0,4.0,0.0,0.0,0.0,0.0,8.0,17.0,1.0,17.0,1.0,1.0,1.0,1.0,1.0,16.0,100.0,100.0,100.0,100.0,100.0,100.0,100.0,100.0,100.0,100.0,100.0,100.0,100.0,100.0,100.0,100.0,2.0,100.0,100.0,1.0,0.0,4.0,80.0,245.0,1.0,0.0,8.0,0.0,252.0,2.0,0.0,0.0,0.0,85.0,72.0,5.0,145.0,1826.0,5.0,7.0,1.0,12.0,0.0,0.0,0.0,0.0,0.0,0.0,0.0,0.0,0.0,0.0,0.0,0.0,8.0,23.0,0.0,0.0,0.0,0.0,0.0,0.0,0.0,2.0,1.0,0.0,8.0,0.0,0.0,0.0,0.0,0.0,0.0,0.0,0.0,0.0,0.0,0.0,655761.0,0.0,340444200.0,34044204.0,2.02,129.0,0.0,2000.0,65.0,0.0,0.0,0.0,0.0,0.0,0.0,0.0,1.0,0.0,0.0,0.0,0.0,0.0,0.0,0.0,0.0,0.0,0.0,0.0,0.0,0.0,0.0,0.0,0.0,1.0,0.0,0.0,0.0,0.0,0.0,0.0,0.0,0.0,0.0,0.0,0.0,0.0,0.0,0.0,0.0,0.0,0.0,0.0,0.0,0.0,0.0,0.0,0.0,0.0,0.0,0.0,0.0,0.0,0.0,0.0,0.0,0.0,0.0,0.0,0.0,0.0,0.0,0.0,0.0,0.0,0.0,0.0,0.0,0.0,0.0,0.0,0.0,0.0,0.0,0.0,0.0,0.0,0.0,0.0,0.0,0.0,1.0,0.0,1.0,0.0,0.0,0.0,0.0,0.0,0.0,0.0,
17,0.0,0.0,0.0,0.0,0.0,0.0,3.0,1.0,1.0,1.0,3.0,1.0,1.0,1.0,4.0,1275.0,3408964.0,131072.0,0.0,2.0,1537.0,1409.0,5.0,513.0,255.0,0.0,0.0,0.0,5.0,769.0,255.0,0.0,0.0,0.0,5.0,1025.0,255.0,0.0,0.0,0.0,5.0,1281.0,254.0,0.0,0.0,0.0,2.0,1644167432.0,1644167688.0,4.0,1678835984.0,1678836240.0,1678836496.0,1678836752.0,4.0,1678837008.0,1678837264.0,1678837520.0,1678837776.0,1.0,537198856.0,5.0,417.0,254.0,0.0,0.0,0.0,5.0,449.0,254.0,0.0,0.0,0.0,5.0,481.0,254.0,0.0,0.0,0.0,5.0,673.0,254.0,0.0,0.0,0.0,5.0,705.0,254.0,0.0,0.0,0.0,5.0,737.0,254.0,0.0,0.0,0.0,5.0,929.0,254.0,0.0,0.0,0.0,4.0,1342177544.0,1342177800.0,1342178056.0,1342178312.0,8.0,1342243080.0,1342243336.0,1342243592.0,1342243848.0,1342244104.0,1342244360.0,1342244616.0,1342244872.0,4.0,1342308624.0,1342308880.0,1342309136.0,1342309392.0,4.0,1342374160.0,1342374416.0,1342374672.0,1342374928.0,4.0,1342375184.0,1342375440.0,1342375696.0,1342375952.0,4.0,1342376208.0,1342376464.0,1342376720.0,1342376976.0,8.0,1342439688.0,1342439944.0,1342440200.0,1342440456.0,1342440712.0,1342440968.0,1342441224.0,1342441480.0,4.0,0.0,0.0,0.0,0.0,8.0,17.0,1.0,17.0,1.0,1.0,1.0,1.0,1.0,16.0,100.0,100.0,100.0,100.0,100.0,100.0,100.0,100.0,100.0,100.0,100.0,100.0,100.0,100.0,100.0,100.0,2.0,100.0,100.0,1.0,0.0,4.0,80.0,245.0,1.0,0.0,8.0,0.0,252.0,2.0,0.0,0.0,0.0,85.0,72.0,5.0,145.0,1826.0,5.0,7.0,1.0,12.0,0.0,0.0,0.0,0.0,0.0,0.0,0.0,0.0,0.0,0.0,0.0,0.0,8.0,23.0,0.0,0.0,0.0,0.0,0.0,0.0,0.0,2.0,1.0,0.0,8.0,0.0,0.0,0.0,0.0,0.0,0.0,0.0,0.0,0.0,0.0,0.0,655761.0,0.0,340444200.0,34044204.0,2.02,129.0,0.0,2000.0,65.0,0.0,0.0,0.0,0.0,0.0,0.0,0.0,1.0,0.0,0.0,0.0,0.0,0.0,0.0,0.0,0.0,0.0,0.0,0.0,0.0,0.0,0.0,0.0,0.0,1.0,0.0,0.0,0.0,0.0,0.0,0.0,0.0,0.0,0.0,0.0,0.0,0.0,0.0,0.0,0.0,0.0,0.0,0.0,0.0,0.0,0.0,0.0,0.0,0.0,0.0,0.0,0.0,0.0,0.0,0.0,0.0,0.0,0.0,0.0,0.0,0.0,0.0,0.0,0.0,0.0,0.0,0.0,0.0,0.0,0.0,0.0,0.0,0.0,0.0,0.0,0.0,0.0,0.0,0.0,0.0,0.0,1.0,0.0,1.0,0.0,0.0,0.0,0.0,0.0,0.0,0.0,
28,0.0,0.0,0.0,0.0,0.0,0.0,3.0,1.0,1.0,1.0,3.0,1.0,1.0,1.0,4.0,1275.0,3408964.0,131072.0,0.0,2.0,1537.0,1409.0,5.0,513.0,255.0,0.0,0.0,0.0,5.0,769.0,255.0,0.0,0.0,0.0,5.0,1025.0,255.0,0.0,0.0,0.0,5.0,1281.0,254.0,0.0,0.0,0.0,2.0,1644167432.0,1644167688.0,4.0,1678835984.0,1678836240.0,1678836496.0,1678836752.0,4.0,1678837008.0,1678837264.0,1678837520.0,1678837776.0,1.0,537198856.0,5.0,417.0,254.0,0.0,0.0,0.0,5.0,449.0,254.0,0.0,0.0,0.0,5.0,481.0,254.0,0.0,0.0,0.0,5.0,673.0,254.0,0.0,0.0,0.0,5.0,705.0,254.0,0.0,0.0,0.0,5.0,737.0,254.0,0.0,0.0,0.0,5.0,929.0,254.0,0.0,0.0,0.0,4.0,1342177544.0,1342177800.0,1342178056.0,1342178312.0,8.0,1342243080.0,1342243336.0,1342243592.0,1342243848.0,1342244104.0,1342244360.0,1342244616.0,1342244872.0,4.0,1342308624.0,1342308880.0,1342309136.0,1342309392.0,4.0,1342374160.0,1342374416.0,1342374672.0,1342374928.0,4.0,1342375184.0,1342375440.0,1342375696.0,1342375952.0,4.0,1342376208.0,1342376464.0,1342376720.0,1342376976.0,8.0,1342439688.0,1342439944.0,1342440200.0,1342440456.0,1342440712.0,1342440968.0,1342441224.0,1342441480.0,4.0,0.0,0.0,0.0,0.0,8.0,17.0,1.0,17.0,1.0,1.0,1.0,1.0,1.0,16.0,100.0,100.0,100.0,100.0,100.0,100.0,100.0,100.0,100.0,100.0,100.0,100.0,100.0,100.0,100.0,100.0,2.0,100.0,100.0,1.0,1.0,4.0,80.0,245.0,1.0,0.0,8.0,0.0,252.0,10.0,0.0,0.0,0.0,85.0,72.0,5.0,145.0,1831.0,5.0,7.0,1.0,12.0,0.0,0.0,0.0,0.0,0.0,0.0,0.0,0.0,0.0,0.0,0.0,0.0,8.0,23.0,0.0,0.0,0.0,0.0,0.0,0.0,0.0,2.0,2.0,0.0,8.0,0.0,0.0,0.0,0.0,0.0,0.0,0.0,0.0,0.0,0.0,0.0,655761.0,0.0,340444200.0,34044204.0,2.02,129.0,0.0,2000.0,65.0,0.0,0.0,0.0,0.0,0.0,0.0,0.0,1.0,0.0,0.0,0.0,0.0,0.0,0.0,0.0,0.0,0.0,0.0,0.0,0.0,0.0,0.0,0.0,0.0,0.0,1.0,0.0,0.0,0.0,0.0,0.0,0.0,0.0,0.0,0.0,0.0,0.0,0.0,0.0,0.0,0.0,0.0,0.0,0.0,0.0,0.0,0.0,0.0,0.0,0.0,0.0,0.0,0.0,0.0,0.0,0.0,0.0,0.0,0.0,0.0,0.0,0.0,0.0,0.0,0.0,0.0,0.0,0.0,0.0,0.0,0.0,0.0,0.0,0.0,0.0,0.0,0.0,0.0,0.0,0.0,0.0,1.0,0.0,1.0,0.0,0.0,0.0,0.0,0.0,0.0,0.0,
29,0.0,0.0,0.0,0.0,0.0,0.0,3.0,1.0,1.0,1.0,3.0,1.0,1.0,1.0,4.0,1275.0,3408964.0,131072.0,0.0,2.0,1537.0,1409.0,5.0,513.0,255.0,0.0,0.0,0.0,5.0,769.0,255.0,0.0,0.0,0.0,5.0,1025.0,255.0,0.0,0.0,0.0,5.0,1281.0,254.0,0.0,0.0,0.0,2.0,1644167432.0,1644167688.0,4.0,1678835984.0,1678836240.0,1678836496.0,1678836752.0,4.0,1678837008.0,1678837264.0,1678837520.0,1678837776.0,1.0,537198856.0,5.0,417.0,254.0,0.0,0.0,0.0,5.0,449.0,254.0,0.0,0.0,0.0,5.0,481.0,254.0,0.0,0.0,0.0,5.0,673.0,254.0,0.0,0.0,0.0,5.0,705.0,254.0,0.0,0.0,0.0,5.0,737.0,254.0,0.0,0.0,0.0,5.0,929.0,254.0,0.0,0.0,0.0,4.0,1342177544.0,1342177800.0,1342178056.0,1342178312.0,8.0,1342243080.0,1342243336.0,1342243592.0,1342243848.0,1342244104.0,1342244360.0,1342244616.0,1342244872.0,4.0,1342308624.0,1342308880.0,1342309136.0,1342309392.0,4.0,1342374160.0,1342374416.0,1342374672.0,1342374928.0,4.0,1342375184.0,1342375440.0,1342375696.0,1342375952.0,4.0,1342376208.0,1342376464.0,1342376720.0,1342376976.0,8.0,1342439688.0,1342439944.0,1342440200.0,1342440456.0,1342440712.0,1342440968.0,1342441224.0,1342441480.0,4.0,0.0,0.0,0.0,0.0,8.0,17.0,1.0,17.0,1.0,1.0,1.0,1.0,1.0,16.0,100.0,100.0,100.0,100.0,100.0,100.0,100.0,100.0,100.0,100.0,100.0,100.0,100.0,100.0,100.0,100.0,2.0,100.0,100.0,1.0,1.0,4.0,80.0,245.0,1.0,0.0,8.0,0.0,252.0,10.0,0.0,0.0,0.0,85.0,72.0,5.0,145.0,1826.0,5.0,7.0,1.0,12.0,0.0,0.0,0.0,0.0,0.0,0.0,0.0,0.0,0.0,0.0,0.0,0.0,8.0,23.0,0.0,0.0,0.0,0.0,0.0,0.0,0.0,2.0,2.0,0.0,8.0,0.0,0.0,0.0,0.0,0.0,0.0,0.0,0.0,0.0,0.0,0.0,655761.0,0.0,340444200.0,34044204.0,2.02,129.0,0.0,2000.0,65.0,0.0,0.0,0.0,0.0,0.0,0.0,0.0,1.0,0.0,0.0,0.0,0.0,0.0,0.0,0.0,0.0,0.0,0.0,0.0,0.0,0.0,0.0,0.0,0.0,0.0,1.0,0.0,0.0,0.0,0.0,0.0,0.0,0.0,0.0,0.0,0.0,0.0,0.0,0.0,0.0,0.0,0.0,0.0,0.0,0.0,0.0,0.0,0.0,0.0,0.0,0.0,0.0,0.0,0.0,0.0,0.0,0.0,0.0,0.0,0.0,0.0,0.0,0.0,0.0,0.0,0.0,0.0,0.0,0.0,0.0,0.0,0.0,0.0,0.0,0.0,0.0,0.0,0.0,0.0,0.0,0.0,1.0,0.0,1.0,0.0,0.0,0.0,0.0,0.0,0.0,0.0,
30,0.0,0.0,0.0,0.0,0.0,0.0,3.0,1.0,1.0,1.0,3.0,1.0,1.0,1.0,4.0,1275.0,3408964.0,131072.0,0.0,2.0,1537.0,1409.0,5.0,513.0,255.0,0.0,0.0,0.0,5.0,769.0,255.0,0.0,0.0,0.0,5.0,1025.0,255.0,0.0,0.0,0.0,5.0,1281.0,254.0,0.0,0.0,0.0,2.0,1644167432.0,1644167688.0,4.0,1678835984.0,1678836240.0,1678836496.0,1678836752.0,4.0,1678837008.0,1678837264.0,1678837520.0,1678837776.0,1.0,537198856.0,5.0,417.0,254.0,0.0,0.0,0.0,5.0,449.0,254.0,0.0,0.0,0.0,5.0,481.0,254.0,0.0,0.0,0.0,5.0,673.0,254.0,0.0,0.0,0.0,5.0,705.0,254.0,0.0,0.0,0.0,5.0,737.0,254.0,0.0,0.0,0.0,5.0,929.0,254.0,0.0,0.0,0.0,4.0,1342177544.0,1342177800.0,1342178056.0,1342178312.0,8.0,1342243080.0,1342243336.0,1342243592.0,1342243848.0,1342244104.0,1342244360.0,1342244616.0,1342244872.0,4.0,1342308624.0,1342308880.0,1342309136.0,1342309392.0,4.0,1342374160.0,1342374416.0,1342374672.0,1342374928.0,4.0,1342375184.0,1342375440.0,1342375696.0,1342375952.0,4.0,1342376208.0,1342376464.0,1342376720.0,1342376976.0,8.0,1342439688.0,1342439944.0,1342440200.0,1342440456.0,1342440712.0,1342440968.0,1342441224.0,1342441480.0,4.0,0.0,0.0,0.0,0.0,8.0,17.0,1.0,17.0,1.0,1.0,1.0,1.0,1.0,16.0,100.0,100.0,100.0,100.0,100.0,100.0,100.0,100.0,100.0,100.0,100.0,100.0,100.0,100.0,100.0,100.0,2.0,100.0,100.0,1.0,1.0,4.0,80.0,245.0,1.0,0.0,8.0,0.0,252.0,10.0,0.0,0.0,0.0,85.0,72.0,5.0,145.0,1826.0,5.0,7.0,1.0,12.0,0.0,0.0,0.0,0.0,0.0,0.0,0.0,0.0,0.0,0.0,0.0,0.0,8.0,23.0,0.0,0.0,0.0,0.0,0.0,0.0,0.0,2.0,2.0,0.0,8.0,0.0,0.0,0.0,0.0,0.0,0.0,0.0,0.0,0.0,0.0,0.0,655761.0,0.0,340444200.0,34044204.0,2.02,129.0,0.0,2000.0,65.0,0.0,0.0,0.0,0.0,0.0,0.0,0.0,1.0,0.0,0.0,0.0,0.0,0.0,0.0,0.0,0.0,0.0,0.0,0.0,0.0,0.0,0.0,0.0,0.0,0.0,1.0,0.0,0.0,0.0,0.0,0.0,0.0,0.0,0.0,0.0,0.0,0.0,0.0,0.0,0.0,0.0,0.0,0.0,0.0,0.0,0.0,0.0,0.0,0.0,0.0,0.0,0.0,0.0,0.0,0.0,0.0,0.0,0.0,0.0,0.0,0.0,0.0,0.0,0.0,0.0,0.0,0.0,0.0,0.0,0.0,0.0,0.0,0.0,0.0,0.0,0.0,0.0,0.0,0.0,0.0,0.0,1.0,0.0,1.0,0.0,0.0,0.0,0.0,0.0,0.0,0.0,
41,0.0,0.0,0.0,0.0,0.0,0.0,3.0,1.0,1.0,1.0,3.0,1.0,1.0,1.0,4.0,1275.0,3408964.0,131072.0,0.0,2.0,1537.0,1409.0,5.0,513.0,255.0,0.0,0.0,0.0,5.0,769.0,255.0,0.0,0.0,0.0,5.0,1025.0,255.0,0.0,0.0,0.0,5.0,1281.0,254.0,0.0,0.0,0.0,2.0,1644167432.0,1644167688.0,4.0,1678835984.0,1678836240.0,1678836496.0,1678836752.0,4.0,1678837008.0,1678837264.0,1678837520.0,1678837776.0,1.0,537198856.0,5.0,417.0,254.0,0.0,0.0,0.0,5.0,449.0,254.0,0.0,0.0,0.0,5.0,481.0,254.0,0.0,0.0,0.0,5.0,673.0,254.0,0.0,0.0,0.0,5.0,705.0,254.0,0.0,0.0,0.0,5.0,737.0,254.0,0.0,0.0,0.0,5.0,929.0,254.0,0.0,0.0,0.0,4.0,1342177544.0,1342177800.0,1342178056.0,1342178312.0,8.0,1342243080.0,1342243336.0,1342243592.0,1342243848.0,1342244104.0,1342244360.0,1342244616.0,1342244872.0,4.0,1342308624.0,1342308880.0,1342309136.0,1342309392.0,4.0,1342374160.0,1342374416.0,1342374672.0,1342374928.0,4.0,1342375184.0,1342375440.0,1342375696.0,1342375952.0,4.0,1342376208.0,1342376464.0,1342376720.0,1342376976.0,8.0,1342439688.0,1342439944.0,1342440200.0,1342440456.0,1342440712.0,1342440968.0,1342441224.0,1342441480.0,4.0,0.0,0.0,0.0,0.0,8.0,17.0,17.0,17.0,1.0,1.0,1.0,1.0,1.0,16.0,100.0,100.0,100.0,100.0,100.0,100.0,100.0,100.0,100.0,100.0,100.0,100.0,100.0,100.0,100.0,100.0,2.0,100.0,100.0,1.0,0.0,4.0,80.0,245.0,1.0,0.0,8.0,0.0,252.0,42.0,0.0,0.0,0.0,85.0,72.0,5.0,145.0,1831.0,5.0,7.0,1.0,12.0,0.0,0.0,0.0,0.0,0.0,0.0,0.0,0.0,0.0,0.0,0.0,0.0,8.0,23.0,0.0,0.0,0.0,0.0,0.0,0.0,0.0,2.0,4.0,0.0,8.0,0.0,0.0,0.0,0.0,0.0,0.0,0.0,0.0,0.0,0.0,0.0,655761.0,0.0,340444200.0,34044204.0,2.02,129.0,0.0,2000.0,65.0,0.0,0.0,0.0,0.0,0.0,0.0,0.0,1.0,0.0,0.0,0.0,0.0,0.0,0.0,0.0,0.0,0.0,0.0,0.0,0.0,0.0,0.0,0.0,0.0,0.0,0.0,1.0,0.0,0.0,0.0,0.0,0.0,0.0,0.0,0.0,0.0,0.0,0.0,0.0,0.0,0.0,0.0,0.0,0.0,0.0,0.0,0.0,0.0,0.0,0.0,0.0,0.0,0.0,0.0,0.0,0.0,0.0,0.0,0.0,0.0,0.0,0.0,0.0,0.0,0.0,0.0,0.0,0.0,0.0,0.0,0.0,0.0,0.0,0.0,0.0,0.0,0.0,0.0,0.0,0.0,0.0,1.0,0.0,1.0,0.0,0.0,0.0,0.0,0.0,0.0,0.0,
42,0.0,0.0,0.0,0.0,0.0,0.0,3.0,1.0,1.0,1.0,3.0,1.0,1.0,1.0,4.0,1275.0,3408964.0,131072.0,0.0,2.0,1537.0,1409.0,5.0,513.0,255.0,0.0,0.0,0.0,5.0,769.0,255.0,0.0,0.0,0.0,5.0,1025.0,255.0,0.0,0.0,0.0,5.0,1281.0,254.0,0.0,0.0,0.0,2.0,1644167432.0,1644167688.0,4.0,1678835984.0,1678836240.0,1678836496.0,1678836752.0,4.0,1678837008.0,1678837264.0,1678837520.0,1678837776.0,1.0,537198856.0,5.0,417.0,254.0,0.0,0.0,0.0,5.0,449.0,254.0,0.0,0.0,0.0,5.0,481.0,254.0,0.0,0.0,0.0,5.0,673.0,254.0,0.0,0.0,0.0,5.0,705.0,254.0,0.0,0.0,0.0,5.0,737.0,254.0,0.0,0.0,0.0,5.0,929.0,254.0,0.0,0.0,0.0,4.0,1342177544.0,1342177800.0,1342178056.0,1342178312.0,8.0,1342243080.0,1342243336.0,1342243592.0,1342243848.0,1342244104.0,1342244360.0,1342244616.0,1342244872.0,4.0,1342308624.0,1342308880.0,1342309136.0,1342309392.0,4.0,1342374160.0,1342374416.0,1342374672.0,1342374928.0,4.0,1342375184.0,1342375440.0,1342375696.0,1342375952.0,4.0,1342376208.0,1342376464.0,1342376720.0,1342376976.0,8.0,1342439688.0,1342439944.0,1342440200.0,1342440456.0,1342440712.0,1342440968.0,1342441224.0,1342441480.0,4.0,0.0,0.0,0.0,0.0,8.0,17.0,17.0,17.0,1.0,1.0,1.0,1.0,1.0,16.0,100.0,100.0,100.0,100.0,100.0,100.0,100.0,100.0,100.0,100.0,100.0,100.0,100.0,100.0,100.0,100.0,2.0,100.0,100.0,1.0,0.0,4.0,80.0,245.0,1.0,0.0,8.0,0.0,252.0,42.0,0.0,0.0,0.0,85.0,72.0,5.0,145.0,1826.0,5.0,7.0,1.0,12.0,0.0,0.0,0.0,0.0,0.0,0.0,0.0,0.0,0.0,0.0,0.0,0.0,8.0,23.0,0.0,0.0,0.0,0.0,0.0,0.0,0.0,2.0,4.0,0.0,8.0,0.0,0.0,0.0,0.0,0.0,0.0,0.0,0.0,0.0,0.0,0.0,655761.0,0.0,340444200.0,34044204.0,2.02,129.0,0.0,2000.0,65.0,0.0,0.0,0.0,0.0,0.0,0.0,0.0,1.0,0.0,0.0,0.0,0.0,0.0,0.0,0.0,0.0,0.0,0.0,0.0,0.0,0.0,0.0,0.0,0.0,0.0,0.0,1.0,0.0,0.0,0.0,0.0,0.0,0.0,0.0,0.0,0.0,0.0,0.0,0.0,0.0,0.0,0.0,0.0,0.0,0.0,0.0,0.0,0.0,0.0,0.0,0.0,0.0,0.0,0.0,0.0,0.0,0.0,0.0,0.0,0.0,0.0,0.0,0.0,0.0,0.0,0.0,0.0,0.0,0.0,0.0,0.0,0.0,0.0,0.0,0.0,0.0,0.0,0.0,0.0,0.0,0.0,1.0,0.0,1.0,0.0,0.0,0.0,0.0,0.0,0.0,0.0,
43,0.0,0.0,0.0,0.0,0.0,0.0,3.0,1.0,1.0,1.0,3.0,1.0,1.0,1.0,4.0,1275.0,3408964.0,131072.0,0.0,2.0,1537.0,1409.0,5.0,513.0,255.0,0.0,0.0,0.0,5.0,769.0,255.0,0.0,0.0,0.0,5.0,1025.0,255.0,0.0,0.0,0.0,5.0,1281.0,254.0,0.0,0.0,0.0,2.0,1644167432.0,1644167688.0,4.0,1678835984.0,1678836240.0,1678836496.0,1678836752.0,4.0,1678837008.0,1678837264.0,1678837520.0,1678837776.0,1.0,537198856.0,5.0,417.0,254.0,0.0,0.0,0.0,5.0,449.0,254.0,0.0,0.0,0.0,5.0,481.0,254.0,0.0,0.0,0.0,5.0,673.0,254.0,0.0,0.0,0.0,5.0,705.0,254.0,0.0,0.0,0.0,5.0,737.0,254.0,0.0,0.0,0.0,5.0,929.0,254.0,0.0,0.0,0.0,4.0,1342177544.0,1342177800.0,1342178056.0,1342178312.0,8.0,1342243080.0,1342243336.0,1342243592.0,1342243848.0,1342244104.0,1342244360.0,1342244616.0,1342244872.0,4.0,1342308624.0,1342308880.0,1342309136.0,1342309392.0,4.0,1342374160.0,1342374416.0,1342374672.0,1342374928.0,4.0,1342375184.0,1342375440.0,1342375696.0,1342375952.0,4.0,1342376208.0,1342376464.0,1342376720.0,1342376976.0,8.0,1342439688.0,1342439944.0,1342440200.0,1342440456.0,1342440712.0,1342440968.0,1342441224.0,1342441480.0,4.0,0.0,0.0,0.0,0.0,8.0,17.0,17.0,17.0,1.0,1.0,1.0,1.0,1.0,16.0,100.0,100.0,100.0,100.0,100.0,100.0,100.0,100.0,100.0,100.0,100.0,100.0,100.0,100.0,100.0,100.0,2.0,100.0,100.0,1.0,0.0,4.0,80.0,245.0,1.0,0.0,8.0,0.0,252.0,42.0,0.0,0.0,0.0,85.0,72.0,5.0,145.0,1826.0,5.0,7.0,1.0,12.0,0.0,0.0,0.0,0.0,0.0,0.0,0.0,0.0,0.0,0.0,0.0,0.0,8.0,23.0,0.0,0.0,0.0,0.0,0.0,0.0,0.0,2.0,4.0,0.0,8.0,0.0,0.0,0.0,0.0,0.0,0.0,0.0,0.0,0.0,0.0,0.0,655761.0,0.0,340444200.0,34044204.0,2.02,129.0,0.0,2000.0,65.0,0.0,0.0,0.0,0.0,0.0,0.0,0.0,1.0,0.0,0.0,0.0,0.0,0.0,0.0,0.0,0.0,0.0,0.0,0.0,0.0,0.0,0.0,0.0,0.0,0.0,0.0,1.0,0.0,0.0,0.0,0.0,0.0,0.0,0.0,0.0,0.0,0.0,0.0,0.0,0.0,0.0,0.0,0.0,0.0,0.0,0.0,0.0,0.0,0.0,0.0,0.0,0.0,0.0,0.0,0.0,0.0,0.0,0.0,0.0,0.0,0.0,0.0,0.0,0.0,0.0,0.0,0.0,0.0,0.0,0.0,0.0,0.0,0.0,0.0,0.0,0.0,0.0,0.0,0.0,0.0,0.0,1.0,0.0,1.0,0.0,0.0,0.0,0.0,0.0,0.0,0.0,
54,0.0,0.0,0.0,0.0,0.0,0.0,3.0,1.0,1.0,1.0,3.0,1.0,1.0,1.0,4.0,1275.0,3408964.0,131072.0,0.0,2.0,1537.0,1409.0,5.0,513.0,255.0,0.0,0.0,0.0,5.0,769.0,255.0,0.0,0.0,0.0,5.0,1025.0,255.0,0.0,0.0,0.0,5.0,1281.0,254.0,0.0,0.0,0.0,2.0,1644167432.0,1644167688.0,4.0,1678835984.0,1678836240.0,1678836496.0,1678836752.0,4.0,1678837008.0,1678837264.0,1678837520.0,1678837776.0,1.0,537198856.0,5.0,417.0,254.0,0.0,0.0,0.0,5.0,449.0,254.0,0.0,0.0,0.0,5.0,481.0,254.0,0.0,0.0,0.0,5.0,673.0,254.0,0.0,0.0,0.0,5.0,705.0,254.0,0.0,0.0,0.0,5.0,737.0,254.0,0.0,0.0,0.0,5.0,929.0,254.0,0.0,0.0,0.0,4.0,1342177544.0,1342177800.0,1342178056.0,1342178312.0,8.0,1342243080.0,1342243336.0,1342243592.0,1342243848.0,1342244104.0,1342244360.0,1342244616.0,1342244872.0,4.0,1342308624.0,1342308880.0,1342309136.0,1342309392.0,4.0,1342374160.0,1342374416.0,1342374672.0,1342374928.0,4.0,1342375184.0,1342375440.0,1342375696.0,1342375952.0,4.0,1342376208.0,1342376464.0,1342376720.0,1342376976.0,8.0,1342439688.0,1342439944.0,1342440200.0,1342440456.0,1342440712.0,1342440968.0,1342441224.0,1342441480.0,4.0,0.0,0.0,0.0,0.0,8.0,17.0,17.0,17.0,1.0,1.0,1.0,1.0,1.0,16.0,100.0,100.0,100.0,100.0,100.0,100.0,100.0,100.0,100.0,100.0,100.0,100.0,100.0,100.0,100.0,100.0,2.0,100.0,100.0,1.0,2.0,4.0,80.0,245.0,1.0,0.0,8.0,0.0,252.0,170.0,0.0,0.0,0.0,85.0,72.0,5.0,145.0,1831.0,5.0,7.0,1.0,12.0,0.0,0.0,0.0,0.0,0.0,0.0,0.0,0.0,0.0,0.0,0.0,0.0,8.0,23.0,0.0,0.0,0.0,0.0,0.0,0.0,0.0,2.0,8.0,0.0,8.0,0.0,0.0,0.0,0.0,0.0,0.0,0.0,0.0,0.0,0.0,0.0,655761.0,0.0,340444200.0,34044204.0,2.02,129.0,0.0,2000.0,65.0,0.0,0.0,0.0,0.0,0.0,0.0,0.0,1.0,0.0,0.0,0.0,0.0,0.0,0.0,0.0,0.0,0.0,0.0,0.0,0.0,0.0,0.0,0.0,0.0,0.0,0.0,0.0,1.0,0.0,0.0,0.0,0.0,0.0,0.0,0.0,0.0,0.0,0.0,0.0,0.0,0.0,0.0,0.0,0.0,0.0,0.0,0.0,0.0,0.0,0.0,0.0,0.0,0.0,0.0,0.0,0.0,0.0,0.0,0.0,0.0,0.0,0.0,0.0,0.0,0.0,0.0,0.0,0.0,0.0,0.0,0.0,0.0,0.0,0.0,0.0,0.0,0.0,0.0,0.0,0.0,0.0,1.0,0.0,1.0,0.0,0.0,0.0,0.0,0.0,0.0,0.0,
55,0.0,0.0,0.0,0.0,0.0,0.0,3.0,1.0,1.0,1.0,3.0,1.0,1.0,1.0,4.0,1275.0,3408964.0,131072.0,0.0,2.0,1537.0,1409.0,5.0,513.0,255.0,0.0,0.0,0.0,5.0,769.0,255.0,0.0,0.0,0.0,5.0,1025.0,255.0,0.0,0.0,0.0,5.0,1281.0,254.0,0.0,0.0,0.0,2.0,1644167432.0,1644167688.0,4.0,1678835984.0,1678836240.0,1678836496.0,1678836752.0,4.0,1678837008.0,1678837264.0,1678837520.0,1678837776.0,1.0,537198856.0,5.0,417.0,254.0,0.0,0.0,0.0,5.0,449.0,254.0,0.0,0.0,0.0,5.0,481.0,254.0,0.0,0.0,0.0,5.0,673.0,254.0,0.0,0.0,0.0,5.0,705.0,254.0,0.0,0.0,0.0,5.0,737.0,254.0,0.0,0.0,0.0,5.0,929.0,254.0,0.0,0.0,0.0,4.0,1342177544.0,1342177800.0,1342178056.0,1342178312.0,8.0,1342243080.0,1342243336.0,1342243592.0,1342243848.0,1342244104.0,1342244360.0,1342244616.0,1342244872.0,4.0,1342308624.0,1342308880.0,1342309136.0,1342309392.0,4.0,1342374160.0,1342374416.0,1342374672.0,1342374928.0,4.0,1342375184.0,1342375440.0,1342375696.0,1342375952.0,4.0,1342376208.0,1342376464.0,1342376720.0,1342376976.0,8.0,1342439688.0,1342439944.0,1342440200.0,1342440456.0,1342440712.0,1342440968.0,1342441224.0,1342441480.0,4.0,0.0,0.0,0.0,0.0,8.0,17.0,17.0,17.0,1.0,1.0,1.0,1.0,1.0,16.0,100.0,100.0,100.0,100.0,100.0,100.0,100.0,100.0,100.0,100.0,100.0,100.0,100.0,100.0,100.0,100.0,2.0,100.0,100.0,1.0,2.0,4.0,80.0,245.0,1.0,0.0,8.0,0.0,252.0,170.0,0.0,0.0,0.0,85.0,72.0,5.0,145.0,1831.0,5.0,7.0,1.0,12.0,0.0,0.0,0.0,0.0,0.0,0.0,0.0,0.0,0.0,0.0,0.0,0.0,8.0,23.0,0.0,0.0,0.0,0.0,0.0,0.0,0.0,2.0,8.0,0.0,8.0,0.0,0.0,0.0,0.0,0.0,0.0,0.0,0.0,0.0,0.0,0.0,655761.0,0.0,340444200.0,34044204.0,2.02,129.0,0.0,2000.0,65.0,0.0,0.0,0.0,0.0,0.0,0.0,0.0,1.0,0.0,0.0,0.0,0.0,0.0,0.0,0.0,0.0,0.0,0.0,0.0,0.0,0.0,0.0,0.0,0.0,0.0,0.0,0.0,1.0,0.0,0.0,0.0,0.0,0.0,0.0,0.0,0.0,0.0,0.0,0.0,0.0,0.0,0.0,0.0,0.0,0.0,0.0,0.0,0.0,0.0,0.0,0.0,0.0,0.0,0.0,0.0,0.0,0.0,0.0,0.0,0.0,0.0,0.0,0.0,0.0,0.0,0.0,0.0,0.0,0.0,0.0,0.0,0.0,0.0,0.0,0.0,0.0,0.0,0.0,0.0,0.0,0.0,1.0,0.0,1.0,0.0,0.0,0.0,0.0,0.0,0.0,0.0,
56,0.0,0.0,0.0,0.0,0.0,0.0,3.0,1.0,1.0,1.0,3.0,1.0,1.0,1.0,4.0,1275.0,3408964.0,131072.0,0.0,2.0,1537.0,1409.0,5.0,513.0,255.0,0.0,0.0,0.0,5.0,769.0,255.0,0.0,0.0,0.0,5.0,1025.0,255.0,0.0,0.0,0.0,5.0,1281.0,254.0,0.0,0.0,0.0,2.0,1644167432.0,1644167688.0,4.0,1678835984.0,1678836240.0,1678836496.0,1678836752.0,4.0,1678837008.0,1678837264.0,1678837520.0,1678837776.0,1.0,537198856.0,5.0,417.0,254.0,0.0,0.0,0.0,5.0,449.0,254.0,0.0,0.0,0.0,5.0,481.0,254.0,0.0,0.0,0.0,5.0,673.0,254.0,0.0,0.0,0.0,5.0,705.0,254.0,0.0,0.0,0.0,5.0,737.0,254.0,0.0,0.0,0.0,5.0,929.0,254.0,0.0,0.0,0.0,4.0,1342177544.0,1342177800.0,1342178056.0,1342178312.0,8.0,1342243080.0,1342243336.0,1342243592.0,1342243848.0,1342244104.0,1342244360.0,1342244616.0,1342244872.0,4.0,1342308624.0,1342308880.0,1342309136.0,1342309392.0,4.0,1342374160.0,1342374416.0,1342374672.0,1342374928.0,4.0,1342375184.0,1342375440.0,1342375696.0,1342375952.0,4.0,1342376208.0,1342376464.0,1342376720.0,1342376976.0,8.0,1342439688.0,1342439944.0,1342440200.0,1342440456.0,1342440712.0,1342440968.0,1342441224.0,1342441480.0,4.0,0.0,0.0,0.0,0.0,8.0,17.0,17.0,17.0,1.0,1.0,1.0,1.0,1.0,16.0,100.0,100.0,100.0,100.0,100.0,100.0,100.0,100.0,100.0,100.0,100.0,100.0,100.0,100.0,100.0,100.0,2.0,100.0,100.0,1.0,2.0,4.0,80.0,245.0,1.0,0.0,8.0,0.0,252.0,170.0,0.0,0.0,0.0,85.0,72.0,5.0,145.0,1826.0,5.0,7.0,1.0,12.0,0.0,0.0,0.0,0.0,0.0,0.0,0.0,0.0,0.0,0.0,0.0,0.0,8.0,23.0,0.0,0.0,0.0,0.0,0.0,0.0,0.0,2.0,8.0,0.0,8.0,0.0,0.0,0.0,0.0,0.0,0.0,0.0,0.0,0.0,0.0,0.0,655761.0,0.0,340444200.0,34044204.0,2.02,129.0,0.0,2000.0,65.0,0.0,0.0,0.0,0.0,0.0,0.0,0.0,1.0,0.0,0.0,0.0,0.0,0.0,0.0,0.0,0.0,0.0,0.0,0.0,0.0,0.0,0.0,0.0,0.0,0.0,0.0,0.0,1.0,0.0,0.0,0.0,0.0,0.0,0.0,0.0,0.0,0.0,0.0,0.0,0.0,0.0,0.0,0.0,0.0,0.0,0.0,0.0,0.0,0.0,0.0,0.0,0.0,0.0,0.0,0.0,0.0,0.0,0.0,0.0,0.0,0.0,0.0,0.0,0.0,0.0,0.0,0.0,0.0,0.0,0.0,0.0,0.0,0.0,0.0,0.0,0.0,0.0,0.0,0.0,0.0,0.0,1.0,0.0,1.0,0.0,0.0,0.0,0.0,0.0,0.0,0.0,
67,0.0,0.0,0.0,0.0,0.0,0.0,3.0,1.0,1.0,1.0,3.0,1.0,1.0,1.0,4.0,1275.0,3408964.0,131072.0,0.0,2.0,1537.0,1409.0,5.0,513.0,255.0,0.0,0.0,0.0,5.0,769.0,255.0,0.0,0.0,0.0,5.0,1025.0,255.0,0.0,0.0,0.0,5.0,1281.0,254.0,0.0,0.0,0.0,2.0,1644167432.0,1644167688.0,4.0,1678835984.0,1678836240.0,1678836496.0,1678836752.0,4.0,1678837008.0,1678837264.0,1678837520.0,1678837776.0,1.0,537198856.0,5.0,417.0,254.0,0.0,0.0,0.0,5.0,449.0,254.0,0.0,0.0,0.0,5.0,481.0,254.0,0.0,0.0,0.0,5.0,673.0,254.0,0.0,0.0,0.0,5.0,705.0,254.0,0.0,0.0,0.0,5.0,737.0,254.0,0.0,0.0,0.0,5.0,929.0,254.0,0.0,0.0,0.0,4.0,1342177544.0,1342177800.0,1342178056.0,1342178312.0,8.0,1342243080.0,1342243336.0,1342243592.0,1342243848.0,1342244104.0,1342244360.0,1342244616.0,1342244872.0,4.0,1342308624.0,1342308880.0,1342309136.0,1342309392.0,4.0,1342374160.0,1342374416.0,1342374672.0,1342374928.0,4.0,1342375184.0,1342375440.0,1342375696.0,1342375952.0,4.0,1342376208.0,1342376464.0,1342376720.0,1342376976.0,8.0,1342439688.0,1342439944.0,1342440200.0,1342440456.0,1342440712.0,1342440968.0,1342441224.0,1342441480.0,4.0,0.0,0.0,0.0,0.0,8.0,17.0,17.0,17.0,1.0,1.0,1.0,1.0,1.0,16.0,100.0,100.0,100.0,100.0,100.0,100.0,100.0,100.0,100.0,100.0,100.0,100.0,100.0,100.0,100.0,100.0,2.0,100.0,100.0,1.0,0.0,4.0,80.0,245.0,1.0,0.0,8.0,0.0,252.0,170.0,2.0,0.0,0.0,85.0,72.0,5.0,145.0,1826.0,5.0,7.0,1.0,12.0,0.0,0.0,0.0,0.0,0.0,0.0,0.0,0.0,0.0,0.0,0.0,0.0,8.0,23.0,0.0,0.0,0.0,0.0,0.0,0.0,0.0,2.0,16.0,0.0,8.0,0.0,0.0,0.0,0.0,0.0,0.0,0.0,0.0,0.0,0.0,0.0,655761.0,0.0,340444200.0,34044204.0,2.02,129.0,0.0,2000.0,65.0,0.0,0.0,0.0,0.0,0.0,0.0,0.0,1.0,0.0,0.0,0.0,0.0,0.0,0.0,0.0,0.0,0.0,0.0,0.0,0.0,0.0,0.0,0.0,0.0,0.0,0.0,0.0,0.0,1.0,0.0,0.0,0.0,0.0,0.0,0.0,0.0,0.0,0.0,0.0,0.0,0.0,0.0,0.0,0.0,0.0,0.0,0.0,0.0,0.0,0.0,0.0,0.0,0.0,0.0,0.0,0.0,0.0,0.0,0.0,0.0,0.0,0.0,0.0,0.0,0.0,0.0,0.0,0.0,0.0,0.0,0.0,0.0,0.0,0.0,0.0,0.0,0.0,0.0,0.0,0.0,0.0,1.0,0.0,1.0,0.0,0.0,0.0,0.0,0.0,0.0,0.0,
68,0.0,0.0,0.0,0.0,0.0,0.0,3.0,1.0,1.0,1.0,3.0,1.0,1.0,1.0,4.0,1275.0,3408964.0,131072.0,0.0,2.0,1537.0,1409.0,5.0,513.0,255.0,0.0,0.0,0.0,5.0,769.0,255.0,0.0,0.0,0.0,5.0,1025.0,255.0,0.0,0.0,0.0,5.0,1281.0,254.0,0.0,0.0,0.0,2.0,1644167432.0,1644167688.0,4.0,1678835984.0,1678836240.0,1678836496.0,1678836752.0,4.0,1678837008.0,1678837264.0,1678837520.0,1678837776.0,1.0,537198856.0,5.0,417.0,254.0,0.0,0.0,0.0,5.0,449.0,254.0,0.0,0.0,0.0,5.0,481.0,254.0,0.0,0.0,0.0,5.0,673.0,254.0,0.0,0.0,0.0,5.0,705.0,254.0,0.0,0.0,0.0,5.0,737.0,254.0,0.0,0.0,0.0,5.0,929.0,254.0,0.0,0.0,0.0,4.0,1342177544.0,1342177800.0,1342178056.0,1342178312.0,8.0,1342243080.0,1342243336.0,1342243592.0,1342243848.0,1342244104.0,1342244360.0,1342244616.0,1342244872.0,4.0,1342308624.0,1342308880.0,1342309136.0,1342309392.0,4.0,1342374160.0,1342374416.0,1342374672.0,1342374928.0,4.0,1342375184.0,1342375440.0,1342375696.0,1342375952.0,4.0,1342376208.0,1342376464.0,1342376720.0,1342376976.0,8.0,1342439688.0,1342439944.0,1342440200.0,1342440456.0,1342440712.0,1342440968.0,1342441224.0,1342441480.0,4.0,0.0,0.0,0.0,0.0,8.0,17.0,17.0,17.0,1.0,1.0,1.0,1.0,1.0,16.0,100.0,100.0,100.0,100.0,100.0,100.0,100.0,100.0,100.0,100.0,100.0,100.0,100.0,100.0,100.0,100.0,2.0,100.0,100.0,1.0,0.0,4.0,80.0,245.0,1.0,0.0,8.0,0.0,252.0,170.0,2.0,0.0,0.0,85.0,72.0,5.0,145.0,1831.0,5.0,7.0,1.0,12.0,0.0,0.0,0.0,0.0,0.0,0.0,0.0,0.0,0.0,0.0,0.0,0.0,8.0,23.0,0.0,0.0,0.0,0.0,0.0,0.0,0.0,2.0,16.0,0.0,8.0,0.0,0.0,0.0,0.0,0.0,0.0,0.0,0.0,0.0,0.0,0.0,655761.0,0.0,340444200.0,34044204.0,2.02,129.0,0.0,2000.0,65.0,0.0,0.0,0.0,0.0,0.0,0.0,0.0,1.0,0.0,0.0,0.0,0.0,0.0,0.0,0.0,0.0,0.0,0.0,0.0,0.0,0.0,0.0,0.0,0.0,0.0,0.0,0.0,0.0,1.0,0.0,0.0,0.0,0.0,0.0,0.0,0.0,0.0,0.0,0.0,0.0,0.0,0.0,0.0,0.0,0.0,0.0,0.0,0.0,0.0,0.0,0.0,0.0,0.0,0.0,0.0,0.0,0.0,0.0,0.0,0.0,0.0,0.0,0.0,0.0,0.0,0.0,0.0,0.0,0.0,0.0,0.0,0.0,0.0,0.0,0.0,0.0,0.0,0.0,0.0,0.0,0.0,1.0,0.0,1.0,0.0,0.0,0.0,0.0,0.0,0.0,0.0,
69,0.0,0.0,0.0,0.0,0.0,0.0,3.0,1.0,1.0,1.0,3.0,1.0,1.0,1.0,4.0,1275.0,3408964.0,131072.0,0.0,2.0,1537.0,1409.0,5.0,513.0,255.0,0.0,0.0,0.0,5.0,769.0,255.0,0.0,0.0,0.0,5.0,1025.0,255.0,0.0,0.0,0.0,5.0,1281.0,254.0,0.0,0.0,0.0,2.0,1644167432.0,1644167688.0,4.0,1678835984.0,1678836240.0,1678836496.0,1678836752.0,4.0,1678837008.0,1678837264.0,1678837520.0,1678837776.0,1.0,537198856.0,5.0,417.0,254.0,0.0,0.0,0.0,5.0,449.0,254.0,0.0,0.0,0.0,5.0,481.0,254.0,0.0,0.0,0.0,5.0,673.0,254.0,0.0,0.0,0.0,5.0,705.0,254.0,0.0,0.0,0.0,5.0,737.0,254.0,0.0,0.0,0.0,5.0,929.0,254.0,0.0,0.0,0.0,4.0,1342177544.0,1342177800.0,1342178056.0,1342178312.0,8.0,1342243080.0,1342243336.0,1342243592.0,1342243848.0,1342244104.0,1342244360.0,1342244616.0,1342244872.0,4.0,1342308624.0,1342308880.0,1342309136.0,1342309392.0,4.0,1342374160.0,1342374416.0,1342374672.0,1342374928.0,4.0,1342375184.0,1342375440.0,1342375696.0,1342375952.0,4.0,1342376208.0,1342376464.0,1342376720.0,1342376976.0,8.0,1342439688.0,1342439944.0,1342440200.0,1342440456.0,1342440712.0,1342440968.0,1342441224.0,1342441480.0,4.0,0.0,0.0,0.0,0.0,8.0,17.0,17.0,17.0,1.0,1.0,1.0,1.0,1.0,16.0,100.0,100.0,100.0,100.0,100.0,100.0,100.0,100.0,100.0,100.0,100.0,100.0,100.0,100.0,100.0,100.0,2.0,100.0,100.0,1.0,0.0,4.0,80.0,245.0,1.0,0.0,8.0,0.0,252.0,170.0,2.0,0.0,0.0,85.0,72.0,5.0,145.0,1831.0,5.0,7.0,1.0,12.0,0.0,0.0,0.0,0.0,0.0,0.0,0.0,0.0,0.0,0.0,0.0,0.0,8.0,23.0,0.0,0.0,0.0,0.0,0.0,0.0,0.0,2.0,16.0,0.0,8.0,0.0,0.0,0.0,0.0,0.0,0.0,0.0,0.0,0.0,0.0,0.0,655761.0,0.0,340444200.0,34044204.0,2.02,129.0,0.0,2000.0,65.0,0.0,0.0,0.0,0.0,0.0,0.0,0.0,1.0,0.0,0.0,0.0,0.0,0.0,0.0,0.0,0.0,0.0,0.0,0.0,0.0,0.0,0.0,0.0,0.0,0.0,0.0,0.0,0.0,1.0,0.0,0.0,0.0,0.0,0.0,0.0,0.0,0.0,0.0,0.0,0.0,0.0,0.0,0.0,0.0,0.0,0.0,0.0,0.0,0.0,0.0,0.0,0.0,0.0,0.0,0.0,0.0,0.0,0.0,0.0,0.0,0.0,0.0,0.0,0.0,0.0,0.0,0.0,0.0,0.0,0.0,0.0,0.0,0.0,0.0,0.0,0.0,0.0,0.0,0.0,0.0,0.0,1.0,0.0,1.0,0.0,0.0,0.0,0.0,0.0,0.0,0.0,
80,0.0,0.0,0.0,0.0,0.0,0.0,3.0,1.0,1.0,1.0,3.0,1.0,1.0,1.0,4.0,1275.0,3408964.0,131072.0,0.0,2.0,1537.0,1409.0,5.0,513.0,255.0,0.0,0.0,0.0,5.0,769.0,255.0,0.0,0.0,0.0,5.0,1025.0,255.0,0.0,0.0,0.0,5.0,1281.0,254.0,0.0,0.0,0.0,2.0,1644167432.0,1644167688.0,4.0,1678835984.0,1678836240.0,1678836496.0,1678836752.0,4.0,1678837008.0,1678837264.0,1678837520.0,1678837776.0,1.0,537198856.0,5.0,417.0,254.0,0.0,0.0,0.0,5.0,449.0,254.0,0.0,0.0,0.0,5.0,481.0,254.0,0.0,0.0,0.0,5.0,673.0,254.0,0.0,0.0,0.0,5.0,705.0,254.0,0.0,0.0,0.0,5.0,737.0,254.0,0.0,0.0,0.0,5.0,929.0,254.0,0.0,0.0,0.0,4.0,1342177544.0,1342177800.0,1342178056.0,1342178312.0,8.0,1342243080.0,1342243336.0,1342243592.0,1342243848.0,1342244104.0,1342244360.0,1342244616.0,1342244872.0,4.0,1342308624.0,1342308880.0,1342309136.0,1342309392.0,4.0,1342374160.0,1342374416.0,1342374672.0,1342374928.0,4.0,1342375184.0,1342375440.0,1342375696.0,1342375952.0,4.0,1342376208.0,1342376464.0,1342376720.0,1342376976.0,8.0,1342439688.0,1342439944.0,1342440200.0,1342440456.0,1342440712.0,1342440968.0,1342441224.0,1342441480.0,4.0,0.0,0.0,0.0,0.0,8.0,17.0,17.0,17.0,1.0,1.0,1.0,1.0,1.0,16.0,100.0,100.0,100.0,100.0,100.0,100.0,100.0,100.0,100.0,100.0,100.0,100.0,100.0,100.0,100.0,100.0,2.0,100.0,100.0,1.0,4.0,4.0,80.0,245.0,1.0,0.0,8.0,0.0,252.0,170.0,10.0,0.0,0.0,85.0,72.0,5.0,145.0,1831.0,5.0,7.0,1.0,12.0,0.0,0.0,0.0,0.0,0.0,0.0,0.0,0.0,0.0,0.0,0.0,0.0,8.0,23.0,0.0,0.0,0.0,0.0,0.0,0.0,0.0,2.0,32.0,0.0,8.0,0.0,0.0,0.0,0.0,0.0,0.0,0.0,0.0,0.0,0.0,0.0,655761.0,0.0,340444200.0,34044204.0,2.02,129.0,0.0,2000.0,65.0,0.0,0.0,0.0,0.0,0.0,0.0,0.0,1.0,0.0,0.0,0.0,0.0,0.0,0.0,0.0,0.0,0.0,0.0,0.0,0.0,0.0,0.0,0.0,0.0,0.0,0.0,0.0,0.0,0.0,1.0,0.0,0.0,0.0,0.0,0.0,0.0,0.0,0.0,0.0,0.0,0.0,0.0,0.0,0.0,0.0,0.0,0.0,0.0,0.0,0.0,0.0,0.0,0.0,0.0,0.0,0.0,0.0,0.0,0.0,0.0,0.0,0.0,0.0,0.0,0.0,0.0,0.0,0.0,0.0,0.0,0.0,0.0,0.0,0.0,0.0,0.0,0.0,0.0,0.0,0.0,0.0,1.0,0.0,1.0,0.0,0.0,0.0,0.0,0.0,0.0,0.0,
81,0.0,0.0,0.0,0.0,0.0,0.0,3.0,1.0,1.0,1.0,3.0,1.0,1.0,1.0,4.0,1275.0,3408964.0,131072.0,0.0,2.0,1537.0,1409.0,5.0,513.0,255.0,0.0,0.0,0.0,5.0,769.0,255.0,0.0,0.0,0.0,5.0,1025.0,255.0,0.0,0.0,0.0,5.0,1281.0,254.0,0.0,0.0,0.0,2.0,1644167432.0,1644167688.0,4.0,1678835984.0,1678836240.0,1678836496.0,1678836752.0,4.0,1678837008.0,1678837264.0,1678837520.0,1678837776.0,1.0,537198856.0,5.0,417.0,254.0,0.0,0.0,0.0,5.0,449.0,254.0,0.0,0.0,0.0,5.0,481.0,254.0,0.0,0.0,0.0,5.0,673.0,254.0,0.0,0.0,0.0,5.0,705.0,254.0,0.0,0.0,0.0,5.0,737.0,254.0,0.0,0.0,0.0,5.0,929.0,254.0,0.0,0.0,0.0,4.0,1342177544.0,1342177800.0,1342178056.0,1342178312.0,8.0,1342243080.0,1342243336.0,1342243592.0,1342243848.0,1342244104.0,1342244360.0,1342244616.0,1342244872.0,4.0,1342308624.0,1342308880.0,1342309136.0,1342309392.0,4.0,1342374160.0,1342374416.0,1342374672.0,1342374928.0,4.0,1342375184.0,1342375440.0,1342375696.0,1342375952.0,4.0,1342376208.0,1342376464.0,1342376720.0,1342376976.0,8.0,1342439688.0,1342439944.0,1342440200.0,1342440456.0,1342440712.0,1342440968.0,1342441224.0,1342441480.0,4.0,0.0,0.0,0.0,0.0,8.0,17.0,17.0,17.0,1.0,1.0,1.0,1.0,1.0,16.0,100.0,100.0,100.0,100.0,100.0,100.0,100.0,100.0,100.0,100.0,100.0,100.0,100.0,100.0,100.0,100.0,2.0,100.0,100.0,1.0,4.0,4.0,80.0,245.0,1.0,0.0,8.0,0.0,252.0,170.0,10.0,0.0,0.0,85.0,72.0,5.0,145.0,1826.0,5.0,7.0,1.0,12.0,0.0,0.0,0.0,0.0,0.0,0.0,0.0,0.0,0.0,0.0,0.0,0.0,8.0,23.0,0.0,0.0,0.0,0.0,0.0,0.0,0.0,2.0,32.0,0.0,8.0,0.0,0.0,0.0,0.0,0.0,0.0,0.0,0.0,0.0,0.0,0.0,655761.0,0.0,340444200.0,34044204.0,2.02,129.0,0.0,2000.0,65.0,0.0,0.0,0.0,0.0,0.0,0.0,0.0,1.0,0.0,0.0,0.0,0.0,0.0,0.0,0.0,0.0,0.0,0.0,0.0,0.0,0.0,0.0,0.0,0.0,0.0,0.0,0.0,0.0,0.0,1.0,0.0,0.0,0.0,0.0,0.0,0.0,0.0,0.0,0.0,0.0,0.0,0.0,0.0,0.0,0.0,0.0,0.0,0.0,0.0,0.0,0.0,0.0,0.0,0.0,0.0,0.0,0.0,0.0,0.0,0.0,0.0,0.0,0.0,0.0,0.0,0.0,0.0,0.0,0.0,0.0,0.0,0.0,0.0,0.0,0.0,0.0,0.0,0.0,0.0,0.0,0.0,1.0,0.0,1.0,0.0,0.0,0.0,0.0,0.0,0.0,0.0,
82,0.0,0.0,0.0,0.0,0.0,0.0,3.0,1.0,1.0,1.0,3.0,1.0,1.0,1.0,4.0,1275.0,3408964.0,131072.0,0.0,2.0,1537.0,1409.0,5.0,513.0,255.0,0.0,0.0,0.0,5.0,769.0,255.0,0.0,0.0,0.0,5.0,1025.0,255.0,0.0,0.0,0.0,5.0,1281.0,254.0,0.0,0.0,0.0,2.0,1644167432.0,1644167688.0,4.0,1678835984.0,1678836240.0,1678836496.0,1678836752.0,4.0,1678837008.0,1678837264.0,1678837520.0,1678837776.0,1.0,537198856.0,5.0,417.0,254.0,0.0,0.0,0.0,5.0,449.0,254.0,0.0,0.0,0.0,5.0,481.0,254.0,0.0,0.0,0.0,5.0,673.0,254.0,0.0,0.0,0.0,5.0,705.0,254.0,0.0,0.0,0.0,5.0,737.0,254.0,0.0,0.0,0.0,5.0,929.0,254.0,0.0,0.0,0.0,4.0,1342177544.0,1342177800.0,1342178056.0,1342178312.0,8.0,1342243080.0,1342243336.0,1342243592.0,1342243848.0,1342244104.0,1342244360.0,1342244616.0,1342244872.0,4.0,1342308624.0,1342308880.0,1342309136.0,1342309392.0,4.0,1342374160.0,1342374416.0,1342374672.0,1342374928.0,4.0,1342375184.0,1342375440.0,1342375696.0,1342375952.0,4.0,1342376208.0,1342376464.0,1342376720.0,1342376976.0,8.0,1342439688.0,1342439944.0,1342440200.0,1342440456.0,1342440712.0,1342440968.0,1342441224.0,1342441480.0,4.0,0.0,0.0,0.0,0.0,8.0,17.0,17.0,17.0,1.0,1.0,1.0,1.0,1.0,16.0,100.0,100.0,100.0,100.0,100.0,100.0,100.0,100.0,100.0,100.0,100.0,100.0,100.0,100.0,100.0,100.0,2.0,100.0,100.0,1.0,4.0,4.0,80.0,245.0,1.0,0.0,8.0,0.0,252.0,170.0,10.0,0.0,0.0,85.0,72.0,5.0,145.0,1831.0,5.0,7.0,1.0,12.0,0.0,0.0,0.0,0.0,0.0,0.0,0.0,0.0,0.0,0.0,0.0,0.0,8.0,23.0,0.0,0.0,0.0,0.0,0.0,0.0,0.0,2.0,32.0,0.0,8.0,0.0,0.0,0.0,0.0,0.0,0.0,0.0,0.0,0.0,0.0,0.0,655761.0,0.0,340444200.0,34044204.0,2.02,129.0,0.0,2000.0,65.0,0.0,0.0,0.0,0.0,0.0,0.0,0.0,1.0,0.0,0.0,0.0,0.0,0.0,0.0,0.0,0.0,0.0,0.0,0.0,0.0,0.0,0.0,0.0,0.0,0.0,0.0,0.0,0.0,0.0,1.0,0.0,0.0,0.0,0.0,0.0,0.0,0.0,0.0,0.0,0.0,0.0,0.0,0.0,0.0,0.0,0.0,0.0,0.0,0.0,0.0,0.0,0.0,0.0,0.0,0.0,0.0,0.0,0.0,0.0,0.0,0.0,0.0,0.0,0.0,0.0,0.0,0.0,0.0,0.0,0.0,0.0,0.0,0.0,0.0,0.0,0.0,0.0,0.0,0.0,0.0,0.0,1.0,0.0,1.0,0.0,0.0,0.0,0.0,0.0,0.0,0.0,
93,0.0,0.0,0.0,0.0,0.0,0.0,3.0,1.0,1.0,1.0,3.0,1.0,1.0,1.0,4.0,1275.0,3408964.0,131072.0,0.0,2.0,1537.0,1409.0,5.0,513.0,255.0,0.0,0.0,0.0,5.0,769.0,255.0,0.0,0.0,0.0,5.0,1025.0,255.0,0.0,0.0,0.0,5.0,1281.0,254.0,0.0,0.0,0.0,2.0,1644167432.0,1644167688.0,4.0,1678835984.0,1678836240.0,1678836496.0,1678836752.0,4.0,1678837008.0,1678837264.0,1678837520.0,1678837776.0,1.0,537198856.0,5.0,417.0,254.0,0.0,0.0,0.0,5.0,449.0,254.0,0.0,0.0,0.0,5.0,481.0,254.0,0.0,0.0,0.0,5.0,673.0,254.0,0.0,0.0,0.0,5.0,705.0,254.0,0.0,0.0,0.0,5.0,737.0,254.0,0.0,0.0,0.0,5.0,929.0,254.0,0.0,0.0,0.0,4.0,1342177544.0,1342177800.0,1342178056.0,1342178312.0,8.0,1342243080.0,1342243336.0,1342243592.0,1342243848.0,1342244104.0,1342244360.0,1342244616.0,1342244872.0,4.0,1342308624.0,1342308880.0,1342309136.0,1342309392.0,4.0,1342374160.0,1342374416.0,1342374672.0,1342374928.0,4.0,1342375184.0,1342375440.0,1342375696.0,1342375952.0,4.0,1342376208.0,1342376464.0,1342376720.0,1342376976.0,8.0,1342439688.0,1342439944.0,1342440200.0,1342440456.0,1342440712.0,1342440968.0,1342441224.0,1342441480.0,4.0,0.0,0.0,0.0,0.0,8.0,17.0,17.0,17.0,17.0,1.0,1.0,1.0,1.0,16.0,100.0,100.0,100.0,100.0,100.0,100.0,100.0,100.0,100.0,100.0,100.0,100.0,100.0,100.0,100.0,100.0,2.0,100.0,100.0,1.0,0.0,4.0,80.0,245.0,1.0,0.0,8.0,0.0,252.0,170.0,42.0,0.0,0.0,85.0,72.0,5.0,145.0,1826.0,5.0,7.0,1.0,12.0,0.0,0.0,0.0,0.0,0.0,0.0,0.0,0.0,0.0,0.0,0.0,0.0,8.0,23.0,0.0,0.0,0.0,0.0,0.0,0.0,0.0,2.0,64.0,0.0,8.0,0.0,0.0,0.0,0.0,0.0,0.0,0.0,0.0,0.0,0.0,0.0,655761.0,0.0,340444200.0,34044204.0,2.02,129.0,0.0,2000.0,65.0,0.0,0.0,0.0,0.0,0.0,0.0,0.0,1.0,0.0,0.0,0.0,0.0,0.0,0.0,0.0,0.0,0.0,0.0,0.0,0.0,0.0,0.0,0.0,0.0,0.0,0.0,0.0,0.0,0.0,0.0,1.0,0.0,0.0,0.0,0.0,0.0,0.0,0.0,0.0,0.0,0.0,0.0,0.0,0.0,0.0,0.0,0.0,0.0,0.0,0.0,0.0,0.0,0.0,0.0,0.0,0.0,0.0,0.0,0.0,0.0,0.0,0.0,0.0,0.0,0.0,0.0,0.0,0.0,0.0,0.0,0.0,0.0,0.0,0.0,0.0,0.0,0.0,0.0,0.0,0.0,0.0,1.0,0.0,1.0,0.0,0.0,0.0,0.0,0.0,0.0,0.0,
94,0.0,0.0,0.0,0.0,0.0,0.0,3.0,1.0,1.0,1.0,3.0,1.0,1.0,1.0,4.0,1275.0,3408964.0,131072.0,0.0,2.0,1537.0,1409.0,5.0,513.0,255.0,0.0,0.0,0.0,5.0,769.0,255.0,0.0,0.0,0.0,5.0,1025.0,255.0,0.0,0.0,0.0,5.0,1281.0,254.0,0.0,0.0,0.0,2.0,1644167432.0,1644167688.0,4.0,1678835984.0,1678836240.0,1678836496.0,1678836752.0,4.0,1678837008.0,1678837264.0,1678837520.0,1678837776.0,1.0,537198856.0,5.0,417.0,254.0,0.0,0.0,0.0,5.0,449.0,254.0,0.0,0.0,0.0,5.0,481.0,254.0,0.0,0.0,0.0,5.0,673.0,254.0,0.0,0.0,0.0,5.0,705.0,254.0,0.0,0.0,0.0,5.0,737.0,254.0,0.0,0.0,0.0,5.0,929.0,254.0,0.0,0.0,0.0,4.0,1342177544.0,1342177800.0,1342178056.0,1342178312.0,8.0,1342243080.0,1342243336.0,1342243592.0,1342243848.0,1342244104.0,1342244360.0,1342244616.0,1342244872.0,4.0,1342308624.0,1342308880.0,1342309136.0,1342309392.0,4.0,1342374160.0,1342374416.0,1342374672.0,1342374928.0,4.0,1342375184.0,1342375440.0,1342375696.0,1342375952.0,4.0,1342376208.0,1342376464.0,1342376720.0,1342376976.0,8.0,1342439688.0,1342439944.0,1342440200.0,1342440456.0,1342440712.0,1342440968.0,1342441224.0,1342441480.0,4.0,0.0,0.0,0.0,0.0,8.0,17.0,17.0,17.0,17.0,1.0,1.0,1.0,1.0,16.0,100.0,100.0,100.0,100.0,100.0,100.0,100.0,100.0,100.0,100.0,100.0,100.0,100.0,100.0,100.0,100.0,2.0,100.0,100.0,1.0,0.0,4.0,80.0,245.0,1.0,0.0,8.0,0.0,252.0,170.0,42.0,0.0,0.0,85.0,72.0,5.0,145.0,1826.0,5.0,7.0,1.0,12.0,0.0,0.0,0.0,0.0,0.0,0.0,0.0,0.0,0.0,0.0,0.0,0.0,8.0,23.0,0.0,0.0,0.0,0.0,0.0,0.0,0.0,2.0,64.0,0.0,8.0,0.0,0.0,0.0,0.0,0.0,0.0,0.0,0.0,0.0,0.0,0.0,655761.0,0.0,340444200.0,34044204.0,2.02,129.0,0.0,2000.0,65.0,0.0,0.0,0.0,0.0,0.0,0.0,0.0,1.0,0.0,0.0,0.0,0.0,0.0,0.0,0.0,0.0,0.0,0.0,0.0,0.0,0.0,0.0,0.0,0.0,0.0,0.0,0.0,0.0,0.0,0.0,1.0,0.0,0.0,0.0,0.0,0.0,0.0,0.0,0.0,0.0,0.0,0.0,0.0,0.0,0.0,0.0,0.0,0.0,0.0,0.0,0.0,0.0,0.0,0.0,0.0,0.0,0.0,0.0,0.0,0.0,0.0,0.0,0.0,0.0,0.0,0.0,0.0,0.0,0.0,0.0,0.0,0.0,0.0,0.0,0.0,0.0,0.0,0.0,0.0,0.0,0.0,1.0,0.0,1.0,0.0,0.0,0.0,0.0,0.0,0.0,0.0,
95,0.0,0.0,0.0,0.0,0.0,0.0,3.0,1.0,1.0,1.0,3.0,1.0,1.0,1.0,4.0,1275.0,3408964.0,131072.0,0.0,2.0,1537.0,1409.0,5.0,513.0,255.0,0.0,0.0,0.0,5.0,769.0,255.0,0.0,0.0,0.0,5.0,1025.0,255.0,0.0,0.0,0.0,5.0,1281.0,254.0,0.0,0.0,0.0,2.0,1644167432.0,1644167688.0,4.0,1678835984.0,1678836240.0,1678836496.0,1678836752.0,4.0,1678837008.0,1678837264.0,1678837520.0,1678837776.0,1.0,537198856.0,5.0,417.0,254.0,0.0,0.0,0.0,5.0,449.0,254.0,0.0,0.0,0.0,5.0,481.0,254.0,0.0,0.0,0.0,5.0,673.0,254.0,0.0,0.0,0.0,5.0,705.0,254.0,0.0,0.0,0.0,5.0,737.0,254.0,0.0,0.0,0.0,5.0,929.0,254.0,0.0,0.0,0.0,4.0,1342177544.0,1342177800.0,1342178056.0,1342178312.0,8.0,1342243080.0,1342243336.0,1342243592.0,1342243848.0,1342244104.0,1342244360.0,1342244616.0,1342244872.0,4.0,1342308624.0,1342308880.0,1342309136.0,1342309392.0,4.0,1342374160.0,1342374416.0,1342374672.0,1342374928.0,4.0,1342375184.0,1342375440.0,1342375696.0,1342375952.0,4.0,1342376208.0,1342376464.0,1342376720.0,1342376976.0,8.0,1342439688.0,1342439944.0,1342440200.0,1342440456.0,1342440712.0,1342440968.0,1342441224.0,1342441480.0,4.0,0.0,0.0,0.0,0.0,8.0,17.0,17.0,17.0,17.0,1.0,1.0,1.0,1.0,16.0,100.0,100.0,100.0,100.0,100.0,100.0,100.0,100.0,100.0,100.0,100.0,100.0,100.0,100.0,100.0,100.0,2.0,100.0,100.0,1.0,0.0,4.0,80.0,245.0,1.0,0.0,8.0,0.0,252.0,170.0,42.0,0.0,0.0,85.0,72.0,5.0,145.0,1831.0,5.0,7.0,1.0,12.0,0.0,0.0,0.0,0.0,0.0,0.0,0.0,0.0,0.0,0.0,0.0,0.0,8.0,23.0,0.0,0.0,0.0,0.0,0.0,0.0,0.0,2.0,64.0,0.0,8.0,0.0,0.0,0.0,0.0,0.0,0.0,0.0,0.0,0.0,0.0,0.0,655761.0,0.0,340444200.0,34044204.0,2.02,129.0,0.0,2000.0,65.0,0.0,0.0,0.0,0.0,0.0,0.0,0.0,1.0,0.0,0.0,0.0,0.0,0.0,0.0,0.0,0.0,0.0,0.0,0.0,0.0,0.0,0.0,0.0,0.0,0.0,0.0,0.0,0.0,0.0,0.0,1.0,0.0,0.0,0.0,0.0,0.0,0.0,0.0,0.0,0.0,0.0,0.0,0.0,0.0,0.0,0.0,0.0,0.0,0.0,0.0,0.0,0.0,0.0,0.0,0.0,0.0,0.0,0.0,0.0,0.0,0.0,0.0,0.0,0.0,0.0,0.0,0.0,0.0,0.0,0.0,0.0,0.0,0.0,0.0,0.0,0.0,0.0,0.0,0.0,0.0,0.0,1.0,0.0,1.0,0.0,0.0,0.0,0.0,0.0,0.0,0.0,
106,0.0,0.0,0.0,0.0,0.0,0.0,3.0,1.0,1.0,1.0,3.0,1.0,1.0,1.0,4.0,1275.0,3408964.0,131072.0,0.0,2.0,1537.0,1409.0,5.0,513.0,255.0,0.0,0.0,0.0,5.0,769.0,255.0,0.0,0.0,0.0,5.0,1025.0,255.0,0.0,0.0,0.0,5.0,1281.0,254.0,0.0,0.0,0.0,2.0,1644167432.0,1644167688.0,4.0,1678835984.0,1678836240.0,1678836496.0,1678836752.0,4.0,1678837008.0,1678837264.0,1678837520.0,1678837776.0,1.0,537198856.0,5.0,417.0,254.0,0.0,0.0,0.0,5.0,449.0,254.0,0.0,0.0,0.0,5.0,481.0,254.0,0.0,0.0,0.0,5.0,673.0,254.0,0.0,0.0,0.0,5.0,705.0,254.0,0.0,0.0,0.0,5.0,737.0,254.0,0.0,0.0,0.0,5.0,929.0,254.0,0.0,0.0,0.0,4.0,1342177544.0,1342177800.0,1342178056.0,1342178312.0,8.0,1342243080.0,1342243336.0,1342243592.0,1342243848.0,1342244104.0,1342244360.0,1342244616.0,1342244872.0,4.0,1342308624.0,1342308880.0,1342309136.0,1342309392.0,4.0,1342374160.0,1342374416.0,1342374672.0,1342374928.0,4.0,1342375184.0,1342375440.0,1342375696.0,1342375952.0,4.0,1342376208.0,1342376464.0,1342376720.0,1342376976.0,8.0,1342439688.0,1342439944.0,1342440200.0,1342440456.0,1342440712.0,1342440968.0,1342441224.0,1342441480.0,4.0,0.0,0.0,0.0,0.0,8.0,17.0,17.0,17.0,17.0,1.0,1.0,1.0,1.0,16.0,100.0,100.0,100.0,100.0,100.0,100.0,100.0,100.0,100.0,100.0,100.0,100.0,100.0,100.0,100.0,100.0,2.0,100.0,100.0,1.0,8.0,4.0,80.0,245.0,1.0,0.0,8.0,0.0,252.0,170.0,170.0,0.0,0.0,85.0,72.0,5.0,144.0,1826.0,5.0,7.0,1.0,12.0,0.0,0.0,0.0,0.0,0.0,0.0,0.0,0.0,0.0,0.0,0.0,0.0,8.0,23.0,0.0,0.0,0.0,0.0,0.0,0.0,0.0,2.0,128.0,0.0,8.0,0.0,0.0,0.0,0.0,0.0,0.0,0.0,0.0,0.0,0.0,0.0,655761.0,0.0,340444200.0,34044204.0,2.02,129.0,0.0,2000.0,65.0,0.0,0.0,0.0,0.0,0.0,0.0,0.0,1.0,0.0,0.0,0.0,0.0,0.0,0.0,0.0,0.0,0.0,0.0,0.0,0.0,0.0,0.0,0.0,0.0,0.0,0.0,0.0,0.0,0.0,0.0,0.0,1.0,0.0,0.0,0.0,0.0,0.0,0.0,0.0,0.0,0.0,0.0,0.0,0.0,0.0,0.0,0.0,0.0,0.0,0.0,0.0,0.0,0.0,0.0,0.0,0.0,0.0,0.0,0.0,0.0,0.0,0.0,0.0,0.0,0.0,0.0,0.0,0.0,0.0,0.0,0.0,0.0,0.0,0.0,0.0,0.0,0.0,0.0,0.0,0.0,0.0,1.0,0.0,1.0,0.0,0.0,0.0,0.0,0.0,0.0,0.0,
107,0.0,0.0,0.0,0.0,0.0,0.0,3.0,1.0,1.0,1.0,3.0,1.0,1.0,1.0,4.0,1275.0,3408964.0,131072.0,0.0,2.0,1537.0,1409.0,5.0,513.0,255.0,0.0,0.0,0.0,5.0,769.0,255.0,0.0,0.0,0.0,5.0,1025.0,255.0,0.0,0.0,0.0,5.0,1281.0,254.0,0.0,0.0,0.0,2.0,1644167432.0,1644167688.0,4.0,1678835984.0,1678836240.0,1678836496.0,1678836752.0,4.0,1678837008.0,1678837264.0,1678837520.0,1678837776.0,1.0,537198856.0,5.0,417.0,254.0,0.0,0.0,0.0,5.0,449.0,254.0,0.0,0.0,0.0,5.0,481.0,254.0,0.0,0.0,0.0,5.0,673.0,254.0,0.0,0.0,0.0,5.0,705.0,254.0,0.0,0.0,0.0,5.0,737.0,254.0,0.0,0.0,0.0,5.0,929.0,254.0,0.0,0.0,0.0,4.0,1342177544.0,1342177800.0,1342178056.0,1342178312.0,8.0,1342243080.0,1342243336.0,1342243592.0,1342243848.0,1342244104.0,1342244360.0,1342244616.0,1342244872.0,4.0,1342308624.0,1342308880.0,1342309136.0,1342309392.0,4.0,1342374160.0,1342374416.0,1342374672.0,1342374928.0,4.0,1342375184.0,1342375440.0,1342375696.0,1342375952.0,4.0,1342376208.0,1342376464.0,1342376720.0,1342376976.0,8.0,1342439688.0,1342439944.0,1342440200.0,1342440456.0,1342440712.0,1342440968.0,1342441224.0,1342441480.0,4.0,0.0,0.0,0.0,0.0,8.0,17.0,17.0,17.0,17.0,1.0,1.0,1.0,1.0,16.0,100.0,100.0,100.0,100.0,100.0,100.0,100.0,100.0,100.0,100.0,100.0,100.0,100.0,100.0,100.0,100.0,2.0,100.0,100.0,1.0,8.0,4.0,80.0,245.0,1.0,0.0,8.0,0.0,252.0,170.0,170.0,0.0,0.0,85.0,72.0,5.0,145.0,1826.0,5.0,7.0,1.0,12.0,0.0,0.0,0.0,0.0,0.0,0.0,0.0,0.0,0.0,0.0,0.0,0.0,8.0,23.0,0.0,0.0,0.0,0.0,0.0,0.0,0.0,2.0,128.0,0.0,8.0,0.0,0.0,0.0,0.0,0.0,0.0,0.0,0.0,0.0,0.0,0.0,655761.0,0.0,340444200.0,34044204.0,2.02,129.0,0.0,2000.0,65.0,0.0,0.0,0.0,0.0,0.0,0.0,0.0,1.0,0.0,0.0,0.0,0.0,0.0,0.0,0.0,0.0,0.0,0.0,0.0,0.0,0.0,0.0,0.0,0.0,0.0,0.0,0.0,0.0,0.0,0.0,0.0,1.0,0.0,0.0,0.0,0.0,0.0,0.0,0.0,0.0,0.0,0.0,0.0,0.0,0.0,0.0,0.0,0.0,0.0,0.0,0.0,0.0,0.0,0.0,0.0,0.0,0.0,0.0,0.0,0.0,0.0,0.0,0.0,0.0,0.0,0.0,0.0,0.0,0.0,0.0,0.0,0.0,0.0,0.0,0.0,0.0,0.0,0.0,0.0,0.0,0.0,1.0,0.0,1.0,0.0,0.0,0.0,0.0,0.0,0.0,0.0,
108,0.0,0.0,0.0,0.0,0.0,0.0,3.0,1.0,1.0,1.0,3.0,1.0,1.0,1.0,4.0,1275.0,3408964.0,131072.0,0.0,2.0,1537.0,1409.0,5.0,513.0,255.0,0.0,0.0,0.0,5.0,769.0,255.0,0.0,0.0,0.0,5.0,1025.0,255.0,0.0,0.0,0.0,5.0,1281.0,254.0,0.0,0.0,0.0,2.0,1644167432.0,1644167688.0,4.0,1678835984.0,1678836240.0,1678836496.0,1678836752.0,4.0,1678837008.0,1678837264.0,1678837520.0,1678837776.0,1.0,537198856.0,5.0,417.0,254.0,0.0,0.0,0.0,5.0,449.0,254.0,0.0,0.0,0.0,5.0,481.0,254.0,0.0,0.0,0.0,5.0,673.0,254.0,0.0,0.0,0.0,5.0,705.0,254.0,0.0,0.0,0.0,5.0,737.0,254.0,0.0,0.0,0.0,5.0,929.0,254.0,0.0,0.0,0.0,4.0,1342177544.0,1342177800.0,1342178056.0,1342178312.0,8.0,1342243080.0,1342243336.0,1342243592.0,1342243848.0,1342244104.0,1342244360.0,1342244616.0,1342244872.0,4.0,1342308624.0,1342308880.0,1342309136.0,1342309392.0,4.0,1342374160.0,1342374416.0,1342374672.0,1342374928.0,4.0,1342375184.0,1342375440.0,1342375696.0,1342375952.0,4.0,1342376208.0,1342376464.0,1342376720.0,1342376976.0,8.0,1342439688.0,1342439944.0,1342440200.0,1342440456.0,1342440712.0,1342440968.0,1342441224.0,1342441480.0,4.0,0.0,0.0,0.0,0.0,8.0,17.0,17.0,17.0,17.0,1.0,1.0,1.0,1.0,16.0,100.0,100.0,100.0,100.0,100.0,100.0,100.0,100.0,100.0,100.0,100.0,100.0,100.0,100.0,100.0,100.0,2.0,100.0,100.0,1.0,8.0,4.0,80.0,245.0,1.0,0.0,8.0,0.0,252.0,170.0,170.0,0.0,0.0,85.0,72.0,5.0,145.0,1831.0,5.0,7.0,1.0,12.0,0.0,0.0,0.0,0.0,0.0,0.0,0.0,0.0,0.0,0.0,0.0,0.0,8.0,23.0,0.0,0.0,0.0,0.0,0.0,0.0,0.0,2.0,128.0,0.0,8.0,0.0,0.0,0.0,0.0,0.0,0.0,0.0,0.0,0.0,0.0,0.0,655761.0,0.0,340444200.0,34044204.0,2.02,129.0,0.0,2000.0,65.0,0.0,0.0,0.0,0.0,0.0,0.0,0.0,1.0,0.0,0.0,0.0,0.0,0.0,0.0,0.0,0.0,0.0,0.0,0.0,0.0,0.0,0.0,0.0,0.0,0.0,0.0,0.0,0.0,0.0,0.0,0.0,1.0,0.0,0.0,0.0,0.0,0.0,0.0,0.0,0.0,0.0,0.0,0.0,0.0,0.0,0.0,0.0,0.0,0.0,0.0,0.0,0.0,0.0,0.0,0.0,0.0,0.0,0.0,0.0,0.0,0.0,0.0,0.0,0.0,0.0,0.0,0.0,0.0,0.0,0.0,0.0,0.0,0.0,0.0,0.0,0.0,0.0,0.0,0.0,0.0,0.0,1.0,0.0,1.0,0.0,0.0,0.0,0.0,0.0,0.0,0.0,
119,0.0,0.0,0.0,0.0,0.0,0.0,3.0,1.0,1.0,1.0,3.0,1.0,1.0,1.0,4.0,1275.0,3408964.0,131072.0,0.0,2.0,1537.0,1409.0,5.0,513.0,255.0,0.0,0.0,0.0,5.0,769.0,255.0,0.0,0.0,0.0,5.0,1025.0,255.0,0.0,0.0,0.0,5.0,1281.0,254.0,0.0,0.0,0.0,2.0,1644167432.0,1644167688.0,4.0,1678835984.0,1678836240.0,1678836496.0,1678836752.0,4.0,1678837008.0,1678837264.0,1678837520.0,1678837776.0,1.0,537198856.0,5.0,417.0,254.0,0.0,0.0,0.0,5.0,449.0,254.0,0.0,0.0,0.0,5.0,481.0,254.0,0.0,0.0,0.0,5.0,673.0,254.0,0.0,0.0,0.0,5.0,705.0,254.0,0.0,0.0,0.0,5.0,737.0,254.0,0.0,0.0,0.0,5.0,929.0,254.0,0.0,0.0,0.0,4.0,1342177544.0,1342177800.0,1342178056.0,1342178312.0,8.0,1342243080.0,1342243336.0,1342243592.0,1342243848.0,1342244104.0,1342244360.0,1342244616.0,1342244872.0,4.0,1342308624.0,1342308880.0,1342309136.0,1342309392.0,4.0,1342374160.0,1342374416.0,1342374672.0,1342374928.0,4.0,1342375184.0,1342375440.0,1342375696.0,1342375952.0,4.0,1342376208.0,1342376464.0,1342376720.0,1342376976.0,8.0,1342439688.0,1342439944.0,1342440200.0,1342440456.0,1342440712.0,1342440968.0,1342441224.0,1342441480.0,4.0,0.0,0.0,0.0,0.0,8.0,17.0,17.0,17.0,17.0,17.0,1.0,1.0,1.0,16.0,100.0,100.0,100.0,100.0,100.0,100.0,100.0,100.0,100.0,100.0,100.0,100.0,100.0,100.0,100.0,100.0,2.0,100.0,100.0,1.0,0.0,4.0,80.0,245.0,1.0,0.0,8.0,0.0,252.0,170.0,170.0,2.0,0.0,85.0,72.0,5.0,145.0,1831.0,5.0,7.0,1.0,12.0,0.0,0.0,0.0,0.0,0.0,0.0,0.0,0.0,0.0,0.0,0.0,0.0,8.0,23.0,0.0,0.0,0.0,0.0,0.0,0.0,0.0,2.0,0.0,1.0,8.0,0.0,0.0,0.0,0.0,0.0,0.0,0.0,0.0,0.0,0.0,0.0,655761.0,0.0,340444200.0,34044204.0,2.02,129.0,0.0,2000.0,65.0,0.0,0.0,0.0,0.0,0.0,0.0,0.0,1.0,0.0,0.0,0.0,0.0,0.0,0.0,0.0,0.0,0.0,0.0,0.0,0.0,0.0,0.0,0.0,0.0,0.0,0.0,0.0,0.0,0.0,0.0,0.0,0.0,1.0,0.0,0.0,0.0,0.0,0.0,0.0,0.0,0.0,0.0,0.0,0.0,0.0,0.0,0.0,0.0,0.0,0.0,0.0,0.0,0.0,0.0,0.0,0.0,0.0,0.0,0.0,0.0,0.0,0.0,0.0,0.0,0.0,0.0,0.0,0.0,0.0,0.0,0.0,0.0,0.0,0.0,0.0,0.0,0.0,0.0,0.0,0.0,0.0,1.0,0.0,1.0,0.0,0.0,0.0,0.0,0.0,0.0,0.0,
120,0.0,0.0,0.0,0.0,0.0,0.0,3.0,1.0,1.0,1.0,3.0,1.0,1.0,1.0,4.0,1275.0,3408964.0,131072.0,0.0,2.0,1537.0,1409.0,5.0,513.0,255.0,0.0,0.0,0.0,5.0,769.0,255.0,0.0,0.0,0.0,5.0,1025.0,255.0,0.0,0.0,0.0,5.0,1281.0,254.0,0.0,0.0,0.0,2.0,1644167432.0,1644167688.0,4.0,1678835984.0,1678836240.0,1678836496.0,1678836752.0,4.0,1678837008.0,1678837264.0,1678837520.0,1678837776.0,1.0,537198856.0,5.0,417.0,254.0,0.0,0.0,0.0,5.0,449.0,254.0,0.0,0.0,0.0,5.0,481.0,254.0,0.0,0.0,0.0,5.0,673.0,254.0,0.0,0.0,0.0,5.0,705.0,254.0,0.0,0.0,0.0,5.0,737.0,254.0,0.0,0.0,0.0,5.0,929.0,254.0,0.0,0.0,0.0,4.0,1342177544.0,1342177800.0,1342178056.0,1342178312.0,8.0,1342243080.0,1342243336.0,1342243592.0,1342243848.0,1342244104.0,1342244360.0,1342244616.0,1342244872.0,4.0,1342308624.0,1342308880.0,1342309136.0,1342309392.0,4.0,1342374160.0,1342374416.0,1342374672.0,1342374928.0,4.0,1342375184.0,1342375440.0,1342375696.0,1342375952.0,4.0,1342376208.0,1342376464.0,1342376720.0,1342376976.0,8.0,1342439688.0,1342439944.0,1342440200.0,1342440456.0,1342440712.0,1342440968.0,1342441224.0,1342441480.0,4.0,0.0,0.0,0.0,0.0,8.0,17.0,17.0,17.0,17.0,17.0,1.0,1.0,1.0,16.0,100.0,100.0,100.0,100.0,100.0,100.0,100.0,100.0,100.0,100.0,100.0,100.0,100.0,100.0,100.0,100.0,2.0,100.0,100.0,1.0,0.0,4.0,80.0,245.0,1.0,0.0,8.0,0.0,252.0,170.0,170.0,2.0,0.0,85.0,72.0,5.0,145.0,1831.0,5.0,7.0,1.0,12.0,0.0,0.0,0.0,0.0,0.0,0.0,0.0,0.0,0.0,0.0,0.0,0.0,8.0,23.0,0.0,0.0,0.0,0.0,0.0,0.0,0.0,2.0,0.0,1.0,8.0,0.0,0.0,0.0,0.0,0.0,0.0,0.0,0.0,0.0,0.0,0.0,655761.0,0.0,340444200.0,34044204.0,2.02,129.0,0.0,2000.0,65.0,0.0,0.0,0.0,0.0,0.0,0.0,0.0,1.0,0.0,0.0,0.0,0.0,0.0,0.0,0.0,0.0,0.0,0.0,0.0,0.0,0.0,0.0,0.0,0.0,0.0,0.0,0.0,0.0,0.0,0.0,0.0,0.0,1.0,0.0,0.0,0.0,0.0,0.0,0.0,0.0,0.0,0.0,0.0,0.0,0.0,0.0,0.0,0.0,0.0,0.0,0.0,0.0,0.0,0.0,0.0,0.0,0.0,0.0,0.0,0.0,0.0,0.0,0.0,0.0,0.0,0.0,0.0,0.0,0.0,0.0,0.0,0.0,0.0,0.0,0.0,0.0,0.0,0.0,0.0,0.0,0.0,1.0,0.0,1.0,0.0,0.0,0.0,0.0,0.0,0.0,0.0,
121,0.0,0.0,0.0,0.0,0.0,0.0,3.0,1.0,1.0,1.0,3.0,1.0,1.0,1.0,4.0,1275.0,3408964.0,131072.0,0.0,2.0,1537.0,1409.0,5.0,513.0,255.0,0.0,0.0,0.0,5.0,769.0,255.0,0.0,0.0,0.0,5.0,1025.0,255.0,0.0,0.0,0.0,5.0,1281.0,254.0,0.0,0.0,0.0,2.0,1644167432.0,1644167688.0,4.0,1678835984.0,1678836240.0,1678836496.0,1678836752.0,4.0,1678837008.0,1678837264.0,1678837520.0,1678837776.0,1.0,537198856.0,5.0,417.0,254.0,0.0,0.0,0.0,5.0,449.0,254.0,0.0,0.0,0.0,5.0,481.0,254.0,0.0,0.0,0.0,5.0,673.0,254.0,0.0,0.0,0.0,5.0,705.0,254.0,0.0,0.0,0.0,5.0,737.0,254.0,0.0,0.0,0.0,5.0,929.0,254.0,0.0,0.0,0.0,4.0,1342177544.0,1342177800.0,1342178056.0,1342178312.0,8.0,1342243080.0,1342243336.0,1342243592.0,1342243848.0,1342244104.0,1342244360.0,1342244616.0,1342244872.0,4.0,1342308624.0,1342308880.0,1342309136.0,1342309392.0,4.0,1342374160.0,1342374416.0,1342374672.0,1342374928.0,4.0,1342375184.0,1342375440.0,1342375696.0,1342375952.0,4.0,1342376208.0,1342376464.0,1342376720.0,1342376976.0,8.0,1342439688.0,1342439944.0,1342440200.0,1342440456.0,1342440712.0,1342440968.0,1342441224.0,1342441480.0,4.0,0.0,0.0,0.0,0.0,8.0,17.0,17.0,17.0,17.0,17.0,1.0,1.0,1.0,16.0,100.0,100.0,100.0,100.0,100.0,100.0,100.0,100.0,100.0,100.0,100.0,100.0,100.0,100.0,100.0,100.0,2.0,100.0,100.0,1.0,0.0,4.0,80.0,245.0,1.0,0.0,8.0,0.0,252.0,170.0,170.0,2.0,0.0,85.0,72.0,5.0,145.0,1831.0,5.0,7.0,1.0,12.0,0.0,0.0,0.0,0.0,0.0,0.0,0.0,0.0,0.0,0.0,0.0,0.0,8.0,23.0,0.0,0.0,0.0,0.0,0.0,0.0,0.0,2.0,0.0,1.0,8.0,0.0,0.0,0.0,0.0,0.0,0.0,0.0,0.0,0.0,0.0,0.0,655761.0,0.0,340444200.0,34044204.0,2.02,129.0,0.0,2000.0,65.0,0.0,0.0,0.0,0.0,0.0,0.0,0.0,1.0,0.0,0.0,0.0,0.0,0.0,0.0,0.0,0.0,0.0,0.0,0.0,0.0,0.0,0.0,0.0,0.0,0.0,0.0,0.0,0.0,0.0,0.0,0.0,0.0,1.0,0.0,0.0,0.0,0.0,0.0,0.0,0.0,0.0,0.0,0.0,0.0,0.0,0.0,0.0,0.0,0.0,0.0,0.0,0.0,0.0,0.0,0.0,0.0,0.0,0.0,0.0,0.0,0.0,0.0,0.0,0.0,0.0,0.0,0.0,0.0,0.0,0.0,0.0,0.0,0.0,0.0,0.0,0.0,0.0,0.0,0.0,0.0,0.0,1.0,0.0,1.0,0.0,0.0,0.0,0.0,0.0,0.0,0.0,
132,0.0,0.0,0.0,0.0,0.0,0.0,3.0,1.0,1.0,1.0,3.0,1.0,1.0,1.0,4.0,1275.0,3408964.0,131072.0,0.0,2.0,1537.0,1409.0,5.0,513.0,255.0,0.0,0.0,0.0,5.0,769.0,255.0,0.0,0.0,0.0,5.0,1025.0,255.0,0.0,0.0,0.0,5.0,1281.0,254.0,0.0,0.0,0.0,2.0,1644167432.0,1644167688.0,4.0,1678835984.0,1678836240.0,1678836496.0,1678836752.0,4.0,1678837008.0,1678837264.0,1678837520.0,1678837776.0,1.0,537198856.0,5.0,417.0,254.0,0.0,0.0,0.0,5.0,449.0,254.0,0.0,0.0,0.0,5.0,481.0,254.0,0.0,0.0,0.0,5.0,673.0,254.0,0.0,0.0,0.0,5.0,705.0,254.0,0.0,0.0,0.0,5.0,737.0,254.0,0.0,0.0,0.0,5.0,929.0,254.0,0.0,0.0,0.0,4.0,1342177544.0,1342177800.0,1342178056.0,1342178312.0,8.0,1342243080.0,1342243336.0,1342243592.0,1342243848.0,1342244104.0,1342244360.0,1342244616.0,1342244872.0,4.0,1342308624.0,1342308880.0,1342309136.0,1342309392.0,4.0,1342374160.0,1342374416.0,1342374672.0,1342374928.0,4.0,1342375184.0,1342375440.0,1342375696.0,1342375952.0,4.0,1342376208.0,1342376464.0,1342376720.0,1342376976.0,8.0,1342439688.0,1342439944.0,1342440200.0,1342440456.0,1342440712.0,1342440968.0,1342441224.0,1342441480.0,4.0,0.0,0.0,0.0,0.0,8.0,17.0,17.0,17.0,17.0,17.0,1.0,1.0,1.0,16.0,100.0,100.0,100.0,100.0,100.0,100.0,100.0,100.0,100.0,100.0,100.0,100.0,100.0,100.0,100.0,100.0,2.0,100.0,100.0,1.0,16.0,4.0,80.0,245.0,1.0,0.0,8.0,0.0,252.0,170.0,170.0,10.0,0.0,85.0,72.0,5.0,144.0,1831.0,5.0,7.0,1.0,12.0,0.0,0.0,0.0,0.0,0.0,0.0,0.0,0.0,0.0,0.0,0.0,0.0,8.0,23.0,0.0,0.0,0.0,0.0,0.0,0.0,0.0,2.0,0.0,2.0,8.0,0.0,0.0,0.0,0.0,0.0,0.0,0.0,0.0,0.0,0.0,0.0,655761.0,0.0,340444200.0,34044204.0,2.02,129.0,0.0,2000.0,65.0,0.0,0.0,0.0,0.0,0.0,0.0,0.0,1.0,0.0,0.0,0.0,0.0,0.0,0.0,0.0,0.0,0.0,0.0,0.0,0.0,0.0,0.0,0.0,0.0,0.0,0.0,0.0,0.0,0.0,0.0,0.0,0.0,0.0,1.0,0.0,0.0,0.0,0.0,0.0,0.0,0.0,0.0,0.0,0.0,0.0,0.0,0.0,0.0,0.0,0.0,0.0,0.0,0.0,0.0,0.0,0.0,0.0,0.0,0.0,0.0,0.0,0.0,0.0,0.0,0.0,0.0,0.0,0.0,0.0,0.0,0.0,0.0,0.0,0.0,0.0,0.0,0.0,0.0,0.0,0.0,0.0,1.0,0.0,1.0,0.0,0.0,0.0,0.0,0.0,0.0,0.0,
133,0.0,0.0,0.0,0.0,0.0,0.0,3.0,1.0,1.0,1.0,3.0,1.0,1.0,1.0,4.0,1275.0,3408964.0,131072.0,0.0,2.0,1537.0,1409.0,5.0,513.0,255.0,0.0,0.0,0.0,5.0,769.0,255.0,0.0,0.0,0.0,5.0,1025.0,255.0,0.0,0.0,0.0,5.0,1281.0,254.0,0.0,0.0,0.0,2.0,1644167432.0,1644167688.0,4.0,1678835984.0,1678836240.0,1678836496.0,1678836752.0,4.0,1678837008.0,1678837264.0,1678837520.0,1678837776.0,1.0,537198856.0,5.0,417.0,254.0,0.0,0.0,0.0,5.0,449.0,254.0,0.0,0.0,0.0,5.0,481.0,254.0,0.0,0.0,0.0,5.0,673.0,254.0,0.0,0.0,0.0,5.0,705.0,254.0,0.0,0.0,0.0,5.0,737.0,254.0,0.0,0.0,0.0,5.0,929.0,254.0,0.0,0.0,0.0,4.0,1342177544.0,1342177800.0,1342178056.0,1342178312.0,8.0,1342243080.0,1342243336.0,1342243592.0,1342243848.0,1342244104.0,1342244360.0,1342244616.0,1342244872.0,4.0,1342308624.0,1342308880.0,1342309136.0,1342309392.0,4.0,1342374160.0,1342374416.0,1342374672.0,1342374928.0,4.0,1342375184.0,1342375440.0,1342375696.0,1342375952.0,4.0,1342376208.0,1342376464.0,1342376720.0,1342376976.0,8.0,1342439688.0,1342439944.0,1342440200.0,1342440456.0,1342440712.0,1342440968.0,1342441224.0,1342441480.0,4.0,0.0,0.0,0.0,0.0,8.0,17.0,17.0,17.0,17.0,17.0,1.0,1.0,1.0,16.0,100.0,100.0,100.0,100.0,100.0,100.0,100.0,100.0,100.0,100.0,100.0,100.0,100.0,100.0,100.0,100.0,2.0,100.0,100.0,1.0,16.0,4.0,80.0,245.0,1.0,0.0,8.0,0.0,252.0,170.0,170.0,10.0,0.0,85.0,72.0,5.0,145.0,1831.0,5.0,7.0,1.0,12.0,0.0,0.0,0.0,0.0,0.0,0.0,0.0,0.0,0.0,0.0,0.0,0.0,8.0,23.0,0.0,0.0,0.0,0.0,0.0,0.0,0.0,2.0,0.0,2.0,8.0,0.0,0.0,0.0,0.0,0.0,0.0,0.0,0.0,0.0,0.0,0.0,655761.0,0.0,340444200.0,34044204.0,2.02,129.0,0.0,2000.0,65.0,0.0,0.0,0.0,0.0,0.0,0.0,0.0,1.0,0.0,0.0,0.0,0.0,0.0,0.0,0.0,0.0,0.0,0.0,0.0,0.0,0.0,0.0,0.0,0.0,0.0,0.0,0.0,0.0,0.0,0.0,0.0,0.0,0.0,1.0,0.0,0.0,0.0,0.0,0.0,0.0,0.0,0.0,0.0,0.0,0.0,0.0,0.0,0.0,0.0,0.0,0.0,0.0,0.0,0.0,0.0,0.0,0.0,0.0,0.0,0.0,0.0,0.0,0.0,0.0,0.0,0.0,0.0,0.0,0.0,0.0,0.0,0.0,0.0,0.0,0.0,0.0,0.0,0.0,0.0,0.0,0.0,1.0,0.0,1.0,0.0,0.0,0.0,0.0,0.0,0.0,0.0,
134,0.0,0.0,0.0,0.0,0.0,0.0,3.0,1.0,1.0,1.0,3.0,1.0,1.0,1.0,4.0,1275.0,3408964.0,131072.0,0.0,2.0,1537.0,1409.0,5.0,513.0,255.0,0.0,0.0,0.0,5.0,769.0,255.0,0.0,0.0,0.0,5.0,1025.0,255.0,0.0,0.0,0.0,5.0,1281.0,254.0,0.0,0.0,0.0,2.0,1644167432.0,1644167688.0,4.0,1678835984.0,1678836240.0,1678836496.0,1678836752.0,4.0,1678837008.0,1678837264.0,1678837520.0,1678837776.0,1.0,537198856.0,5.0,417.0,254.0,0.0,0.0,0.0,5.0,449.0,254.0,0.0,0.0,0.0,5.0,481.0,254.0,0.0,0.0,0.0,5.0,673.0,254.0,0.0,0.0,0.0,5.0,705.0,254.0,0.0,0.0,0.0,5.0,737.0,254.0,0.0,0.0,0.0,5.0,929.0,254.0,0.0,0.0,0.0,4.0,1342177544.0,1342177800.0,1342178056.0,1342178312.0,8.0,1342243080.0,1342243336.0,1342243592.0,1342243848.0,1342244104.0,1342244360.0,1342244616.0,1342244872.0,4.0,1342308624.0,1342308880.0,1342309136.0,1342309392.0,4.0,1342374160.0,1342374416.0,1342374672.0,1342374928.0,4.0,1342375184.0,1342375440.0,1342375696.0,1342375952.0,4.0,1342376208.0,1342376464.0,1342376720.0,1342376976.0,8.0,1342439688.0,1342439944.0,1342440200.0,1342440456.0,1342440712.0,1342440968.0,1342441224.0,1342441480.0,4.0,0.0,0.0,0.0,0.0,8.0,17.0,17.0,17.0,17.0,17.0,1.0,1.0,1.0,16.0,100.0,100.0,100.0,100.0,100.0,100.0,100.0,100.0,100.0,100.0,100.0,100.0,100.0,100.0,100.0,100.0,2.0,100.0,100.0,1.0,16.0,4.0,80.0,245.0,1.0,0.0,8.0,0.0,252.0,170.0,170.0,10.0,0.0,85.0,72.0,5.0,145.0,1831.0,5.0,7.0,1.0,12.0,0.0,0.0,0.0,0.0,0.0,0.0,0.0,0.0,0.0,0.0,0.0,0.0,8.0,23.0,0.0,0.0,0.0,0.0,0.0,0.0,0.0,2.0,0.0,2.0,8.0,0.0,0.0,0.0,0.0,0.0,0.0,0.0,0.0,0.0,0.0,0.0,655761.0,0.0,340444200.0,34044204.0,2.02,129.0,0.0,2000.0,65.0,0.0,0.0,0.0,0.0,0.0,0.0,0.0,1.0,0.0,0.0,0.0,0.0,0.0,0.0,0.0,0.0,0.0,0.0,0.0,0.0,0.0,0.0,0.0,0.0,0.0,0.0,0.0,0.0,0.0,0.0,0.0,0.0,0.0,1.0,0.0,0.0,0.0,0.0,0.0,0.0,0.0,0.0,0.0,0.0,0.0,0.0,0.0,0.0,0.0,0.0,0.0,0.0,0.0,0.0,0.0,0.0,0.0,0.0,0.0,0.0,0.0,0.0,0.0,0.0,0.0,0.0,0.0,0.0,0.0,0.0,0.0,0.0,0.0,0.0,0.0,0.0,0.0,0.0,0.0,0.0,0.0,1.0,0.0,1.0,0.0,0.0,0.0,0.0,0.0,0.0,0.0,
145,0.0,0.0,0.0,0.0,0.0,0.0,3.0,1.0,1.0,1.0,3.0,1.0,1.0,1.0,4.0,1275.0,3408964.0,131072.0,0.0,2.0,1537.0,1409.0,5.0,513.0,255.0,0.0,0.0,0.0,5.0,769.0,255.0,0.0,0.0,0.0,5.0,1025.0,255.0,0.0,0.0,0.0,5.0,1281.0,254.0,0.0,0.0,0.0,2.0,1644167432.0,1644167688.0,4.0,1678835984.0,1678836240.0,1678836496.0,1678836752.0,4.0,1678837008.0,1678837264.0,1678837520.0,1678837776.0,1.0,537198856.0,5.0,417.0,254.0,0.0,0.0,0.0,5.0,449.0,254.0,0.0,0.0,0.0,5.0,481.0,254.0,0.0,0.0,0.0,5.0,673.0,254.0,0.0,0.0,0.0,5.0,705.0,254.0,0.0,0.0,0.0,5.0,737.0,254.0,0.0,0.0,0.0,5.0,929.0,254.0,0.0,0.0,0.0,4.0,1342177544.0,1342177800.0,1342178056.0,1342178312.0,8.0,1342243080.0,1342243336.0,1342243592.0,1342243848.0,1342244104.0,1342244360.0,1342244616.0,1342244872.0,4.0,1342308624.0,1342308880.0,1342309136.0,1342309392.0,4.0,1342374160.0,1342374416.0,1342374672.0,1342374928.0,4.0,1342375184.0,1342375440.0,1342375696.0,1342375952.0,4.0,1342376208.0,1342376464.0,1342376720.0,1342376976.0,8.0,1342439688.0,1342439944.0,1342440200.0,1342440456.0,1342440712.0,1342440968.0,1342441224.0,1342441480.0,4.0,0.0,0.0,0.0,0.0,8.0,17.0,17.0,17.0,17.0,17.0,17.0,1.0,1.0,16.0,100.0,100.0,100.0,100.0,100.0,100.0,100.0,100.0,100.0,100.0,100.0,100.0,100.0,100.0,100.0,100.0,2.0,100.0,100.0,1.0,0.0,4.0,80.0,245.0,1.0,0.0,8.0,0.0,252.0,170.0,170.0,42.0,0.0,85.0,72.0,5.0,145.0,1831.0,5.0,7.0,1.0,12.0,0.0,0.0,0.0,0.0,0.0,0.0,0.0,0.0,0.0,0.0,0.0,0.0,8.0,23.0,0.0,0.0,0.0,0.0,0.0,0.0,0.0,2.0,0.0,4.0,8.0,0.0,0.0,0.0,0.0,0.0,0.0,0.0,0.0,0.0,0.0,0.0,655761.0,0.0,340444200.0,34044204.0,2.02,129.0,0.0,2000.0,65.0,0.0,0.0,0.0,0.0,0.0,0.0,0.0,1.0,0.0,0.0,0.0,0.0,0.0,0.0,0.0,0.0,0.0,0.0,0.0,0.0,0.0,0.0,0.0,0.0,0.0,0.0,0.0,0.0,0.0,0.0,0.0,0.0,0.0,0.0,1.0,0.0,0.0,0.0,0.0,0.0,0.0,0.0,0.0,0.0,0.0,0.0,0.0,0.0,0.0,0.0,0.0,0.0,0.0,0.0,0.0,0.0,0.0,0.0,0.0,0.0,0.0,0.0,0.0,0.0,0.0,0.0,0.0,0.0,0.0,0.0,0.0,0.0,0.0,0.0,0.0,0.0,0.0,0.0,0.0,0.0,0.0,1.0,0.0,1.0,0.0,0.0,0.0,0.0,0.0,0.0,0.0,
146,0.0,0.0,0.0,0.0,0.0,0.0,3.0,1.0,1.0,1.0,3.0,1.0,1.0,1.0,4.0,1275.0,3408964.0,131072.0,0.0,2.0,1537.0,1409.0,5.0,513.0,255.0,0.0,0.0,0.0,5.0,769.0,255.0,0.0,0.0,0.0,5.0,1025.0,255.0,0.0,0.0,0.0,5.0,1281.0,254.0,0.0,0.0,0.0,2.0,1644167432.0,1644167688.0,4.0,1678835984.0,1678836240.0,1678836496.0,1678836752.0,4.0,1678837008.0,1678837264.0,1678837520.0,1678837776.0,1.0,537198856.0,5.0,417.0,254.0,0.0,0.0,0.0,5.0,449.0,254.0,0.0,0.0,0.0,5.0,481.0,254.0,0.0,0.0,0.0,5.0,673.0,254.0,0.0,0.0,0.0,5.0,705.0,254.0,0.0,0.0,0.0,5.0,737.0,254.0,0.0,0.0,0.0,5.0,929.0,254.0,0.0,0.0,0.0,4.0,1342177544.0,1342177800.0,1342178056.0,1342178312.0,8.0,1342243080.0,1342243336.0,1342243592.0,1342243848.0,1342244104.0,1342244360.0,1342244616.0,1342244872.0,4.0,1342308624.0,1342308880.0,1342309136.0,1342309392.0,4.0,1342374160.0,1342374416.0,1342374672.0,1342374928.0,4.0,1342375184.0,1342375440.0,1342375696.0,1342375952.0,4.0,1342376208.0,1342376464.0,1342376720.0,1342376976.0,8.0,1342439688.0,1342439944.0,1342440200.0,1342440456.0,1342440712.0,1342440968.0,1342441224.0,1342441480.0,4.0,0.0,0.0,0.0,0.0,8.0,17.0,17.0,17.0,17.0,17.0,17.0,1.0,1.0,16.0,100.0,100.0,100.0,100.0,100.0,100.0,100.0,100.0,100.0,100.0,100.0,100.0,100.0,100.0,100.0,100.0,2.0,100.0,100.0,1.0,0.0,4.0,80.0,245.0,1.0,0.0,8.0,0.0,252.0,170.0,170.0,42.0,0.0,85.0,72.0,5.0,145.0,1831.0,5.0,7.0,1.0,12.0,0.0,0.0,0.0,0.0,0.0,0.0,0.0,0.0,0.0,0.0,0.0,0.0,8.0,23.0,0.0,0.0,0.0,0.0,0.0,0.0,0.0,2.0,0.0,4.0,8.0,0.0,0.0,0.0,0.0,0.0,0.0,0.0,0.0,0.0,0.0,0.0,655761.0,0.0,340444200.0,34044204.0,2.02,129.0,0.0,2000.0,65.0,0.0,0.0,0.0,0.0,0.0,0.0,0.0,1.0,0.0,0.0,0.0,0.0,0.0,0.0,0.0,0.0,0.0,0.0,0.0,0.0,0.0,0.0,0.0,0.0,0.0,0.0,0.0,0.0,0.0,0.0,0.0,0.0,0.0,0.0,1.0,0.0,0.0,0.0,0.0,0.0,0.0,0.0,0.0,0.0,0.0,0.0,0.0,0.0,0.0,0.0,0.0,0.0,0.0,0.0,0.0,0.0,0.0,0.0,0.0,0.0,0.0,0.0,0.0,0.0,0.0,0.0,0.0,0.0,0.0,0.0,0.0,0.0,0.0,0.0,0.0,0.0,0.0,0.0,0.0,0.0,0.0,1.0,0.0,1.0,0.0,0.0,0.0,0.0,0.0,0.0,0.0,
147,0.0,0.0,0.0,0.0,0.0,0.0,3.0,1.0,1.0,1.0,3.0,1.0,1.0,1.0,4.0,1275.0,3408964.0,131072.0,0.0,2.0,1537.0,1409.0,5.0,513.0,255.0,0.0,0.0,0.0,5.0,769.0,255.0,0.0,0.0,0.0,5.0,1025.0,255.0,0.0,0.0,0.0,5.0,1281.0,254.0,0.0,0.0,0.0,2.0,1644167432.0,1644167688.0,4.0,1678835984.0,1678836240.0,1678836496.0,1678836752.0,4.0,1678837008.0,1678837264.0,1678837520.0,1678837776.0,1.0,537198856.0,5.0,417.0,254.0,0.0,0.0,0.0,5.0,449.0,254.0,0.0,0.0,0.0,5.0,481.0,254.0,0.0,0.0,0.0,5.0,673.0,254.0,0.0,0.0,0.0,5.0,705.0,254.0,0.0,0.0,0.0,5.0,737.0,254.0,0.0,0.0,0.0,5.0,929.0,254.0,0.0,0.0,0.0,4.0,1342177544.0,1342177800.0,1342178056.0,1342178312.0,8.0,1342243080.0,1342243336.0,1342243592.0,1342243848.0,1342244104.0,1342244360.0,1342244616.0,1342244872.0,4.0,1342308624.0,1342308880.0,1342309136.0,1342309392.0,4.0,1342374160.0,1342374416.0,1342374672.0,1342374928.0,4.0,1342375184.0,1342375440.0,1342375696.0,1342375952.0,4.0,1342376208.0,1342376464.0,1342376720.0,1342376976.0,8.0,1342439688.0,1342439944.0,1342440200.0,1342440456.0,1342440712.0,1342440968.0,1342441224.0,1342441480.0,4.0,0.0,0.0,0.0,0.0,8.0,17.0,17.0,17.0,17.0,17.0,17.0,1.0,1.0,16.0,100.0,100.0,100.0,100.0,100.0,100.0,100.0,100.0,100.0,100.0,100.0,100.0,100.0,100.0,100.0,100.0,2.0,100.0,100.0,1.0,0.0,4.0,80.0,245.0,1.0,0.0,8.0,0.0,252.0,170.0,170.0,42.0,0.0,85.0,72.0,5.0,144.0,1831.0,5.0,7.0,1.0,12.0,0.0,0.0,0.0,0.0,0.0,0.0,0.0,0.0,0.0,0.0,0.0,0.0,8.0,23.0,0.0,0.0,0.0,0.0,0.0,0.0,0.0,2.0,0.0,4.0,8.0,0.0,0.0,0.0,0.0,0.0,0.0,0.0,0.0,0.0,0.0,0.0,655761.0,0.0,340444200.0,34044204.0,2.02,129.0,0.0,2000.0,65.0,0.0,0.0,0.0,0.0,0.0,0.0,0.0,1.0,0.0,0.0,0.0,0.0,0.0,0.0,0.0,0.0,0.0,0.0,0.0,0.0,0.0,0.0,0.0,0.0,0.0,0.0,0.0,0.0,0.0,0.0,0.0,0.0,0.0,0.0,1.0,0.0,0.0,0.0,0.0,0.0,0.0,0.0,0.0,0.0,0.0,0.0,0.0,0.0,0.0,0.0,0.0,0.0,0.0,0.0,0.0,0.0,0.0,0.0,0.0,0.0,0.0,0.0,0.0,0.0,0.0,0.0,0.0,0.0,0.0,0.0,0.0,0.0,0.0,0.0,0.0,0.0,0.0,0.0,0.0,0.0,0.0,1.0,0.0,1.0,0.0,0.0,0.0,0.0,0.0,0.0,0.0,
158,0.0,0.0,0.0,0.0,0.0,0.0,3.0,1.0,1.0,1.0,3.0,1.0,1.0,1.0,4.0,1275.0,3408964.0,131072.0,0.0,2.0,1537.0,1409.0,5.0,513.0,255.0,0.0,0.0,0.0,5.0,769.0,255.0,0.0,0.0,0.0,5.0,1025.0,255.0,0.0,0.0,0.0,5.0,1281.0,254.0,0.0,0.0,0.0,2.0,1644167432.0,1644167688.0,4.0,1678835984.0,1678836240.0,1678836496.0,1678836752.0,4.0,1678837008.0,1678837264.0,1678837520.0,1678837776.0,1.0,537198856.0,5.0,417.0,254.0,0.0,0.0,0.0,5.0,449.0,254.0,0.0,0.0,0.0,5.0,481.0,254.0,0.0,0.0,0.0,5.0,673.0,254.0,0.0,0.0,0.0,5.0,705.0,254.0,0.0,0.0,0.0,5.0,737.0,254.0,0.0,0.0,0.0,5.0,929.0,254.0,0.0,0.0,0.0,4.0,1342177544.0,1342177800.0,1342178056.0,1342178312.0,8.0,1342243080.0,1342243336.0,1342243592.0,1342243848.0,1342244104.0,1342244360.0,1342244616.0,1342244872.0,4.0,1342308624.0,1342308880.0,1342309136.0,1342309392.0,4.0,1342374160.0,1342374416.0,1342374672.0,1342374928.0,4.0,1342375184.0,1342375440.0,1342375696.0,1342375952.0,4.0,1342376208.0,1342376464.0,1342376720.0,1342376976.0,8.0,1342439688.0,1342439944.0,1342440200.0,1342440456.0,1342440712.0,1342440968.0,1342441224.0,1342441480.0,4.0,0.0,0.0,0.0,0.0,8.0,17.0,17.0,17.0,17.0,17.0,17.0,1.0,1.0,16.0,100.0,100.0,100.0,100.0,100.0,100.0,100.0,100.0,100.0,100.0,100.0,100.0,100.0,100.0,100.0,100.0,2.0,100.0,100.0,1.0,32.0,4.0,80.0,245.0,1.0,0.0,8.0,0.0,252.0,170.0,170.0,170.0,0.0,85.0,72.0,5.0,144.0,1831.0,5.0,7.0,1.0,12.0,0.0,0.0,0.0,0.0,0.0,0.0,0.0,0.0,0.0,0.0,0.0,0.0,8.0,23.0,0.0,0.0,0.0,0.0,0.0,0.0,0.0,2.0,0.0,8.0,8.0,0.0,0.0,0.0,0.0,0.0,0.0,0.0,0.0,0.0,0.0,0.0,655761.0,0.0,340444200.0,34044204.0,2.02,129.0,0.0,2000.0,65.0,0.0,0.0,0.0,0.0,0.0,0.0,0.0,1.0,0.0,0.0,0.0,0.0,0.0,0.0,0.0,0.0,0.0,0.0,0.0,0.0,0.0,0.0,0.0,0.0,0.0,0.0,0.0,0.0,0.0,0.0,0.0,0.0,0.0,0.0,0.0,1.0,0.0,0.0,0.0,0.0,0.0,0.0,0.0,0.0,0.0,0.0,0.0,0.0,0.0,0.0,0.0,0.0,0.0,0.0,0.0,0.0,0.0,0.0,0.0,0.0,0.0,0.0,0.0,0.0,0.0,0.0,0.0,0.0,0.0,0.0,0.0,0.0,0.0,0.0,0.0,0.0,0.0,0.0,0.0,0.0,0.0,1.0,0.0,1.0,0.0,0.0,0.0,0.0,0.0,0.0,0.0,
159,0.0,0.0,0.0,0.0,0.0,0.0,3.0,1.0,1.0,1.0,3.0,1.0,1.0,1.0,4.0,1275.0,3408964.0,131072.0,0.0,2.0,1537.0,1409.0,5.0,513.0,255.0,0.0,0.0,0.0,5.0,769.0,255.0,0.0,0.0,0.0,5.0,1025.0,255.0,0.0,0.0,0.0,5.0,1281.0,254.0,0.0,0.0,0.0,2.0,1644167432.0,1644167688.0,4.0,1678835984.0,1678836240.0,1678836496.0,1678836752.0,4.0,1678837008.0,1678837264.0,1678837520.0,1678837776.0,1.0,537198856.0,5.0,417.0,254.0,0.0,0.0,0.0,5.0,449.0,254.0,0.0,0.0,0.0,5.0,481.0,254.0,0.0,0.0,0.0,5.0,673.0,254.0,0.0,0.0,0.0,5.0,705.0,254.0,0.0,0.0,0.0,5.0,737.0,254.0,0.0,0.0,0.0,5.0,929.0,254.0,0.0,0.0,0.0,4.0,1342177544.0,1342177800.0,1342178056.0,1342178312.0,8.0,1342243080.0,1342243336.0,1342243592.0,1342243848.0,1342244104.0,1342244360.0,1342244616.0,1342244872.0,4.0,1342308624.0,1342308880.0,1342309136.0,1342309392.0,4.0,1342374160.0,1342374416.0,1342374672.0,1342374928.0,4.0,1342375184.0,1342375440.0,1342375696.0,1342375952.0,4.0,1342376208.0,1342376464.0,1342376720.0,1342376976.0,8.0,1342439688.0,1342439944.0,1342440200.0,1342440456.0,1342440712.0,1342440968.0,1342441224.0,1342441480.0,4.0,0.0,0.0,0.0,0.0,8.0,17.0,17.0,17.0,17.0,17.0,17.0,1.0,1.0,16.0,100.0,100.0,100.0,100.0,100.0,100.0,100.0,100.0,100.0,100.0,100.0,100.0,100.0,100.0,100.0,100.0,2.0,100.0,100.0,1.0,32.0,4.0,80.0,245.0,1.0,0.0,8.0,0.0,252.0,170.0,170.0,170.0,0.0,85.0,72.0,5.0,144.0,1831.0,5.0,7.0,1.0,12.0,0.0,0.0,0.0,0.0,0.0,0.0,0.0,0.0,0.0,0.0,0.0,0.0,8.0,23.0,0.0,0.0,0.0,0.0,0.0,0.0,0.0,2.0,0.0,8.0,8.0,0.0,0.0,0.0,0.0,0.0,0.0,0.0,0.0,0.0,0.0,0.0,655761.0,0.0,340444200.0,34044204.0,2.02,129.0,0.0,2000.0,65.0,0.0,0.0,0.0,0.0,0.0,0.0,0.0,1.0,0.0,0.0,0.0,0.0,0.0,0.0,0.0,0.0,0.0,0.0,0.0,0.0,0.0,0.0,0.0,0.0,0.0,0.0,0.0,0.0,0.0,0.0,0.0,0.0,0.0,0.0,0.0,1.0,0.0,0.0,0.0,0.0,0.0,0.0,0.0,0.0,0.0,0.0,0.0,0.0,0.0,0.0,0.0,0.0,0.0,0.0,0.0,0.0,0.0,0.0,0.0,0.0,0.0,0.0,0.0,0.0,0.0,0.0,0.0,0.0,0.0,0.0,0.0,0.0,0.0,0.0,0.0,0.0,0.0,0.0,0.0,0.0,0.0,1.0,0.0,1.0,0.0,0.0,0.0,0.0,0.0,0.0,0.0,
160,0.0,0.0,0.0,0.0,0.0,0.0,3.0,1.0,1.0,1.0,3.0,1.0,1.0,1.0,4.0,1275.0,3408964.0,131072.0,0.0,2.0,1537.0,1409.0,5.0,513.0,255.0,0.0,0.0,0.0,5.0,769.0,255.0,0.0,0.0,0.0,5.0,1025.0,255.0,0.0,0.0,0.0,5.0,1281.0,254.0,0.0,0.0,0.0,2.0,1644167432.0,1644167688.0,4.0,1678835984.0,1678836240.0,1678836496.0,1678836752.0,4.0,1678837008.0,1678837264.0,1678837520.0,1678837776.0,1.0,537198856.0,5.0,417.0,254.0,0.0,0.0,0.0,5.0,449.0,254.0,0.0,0.0,0.0,5.0,481.0,254.0,0.0,0.0,0.0,5.0,673.0,254.0,0.0,0.0,0.0,5.0,705.0,254.0,0.0,0.0,0.0,5.0,737.0,254.0,0.0,0.0,0.0,5.0,929.0,254.0,0.0,0.0,0.0,4.0,1342177544.0,1342177800.0,1342178056.0,1342178312.0,8.0,1342243080.0,1342243336.0,1342243592.0,1342243848.0,1342244104.0,1342244360.0,1342244616.0,1342244872.0,4.0,1342308624.0,1342308880.0,1342309136.0,1342309392.0,4.0,1342374160.0,1342374416.0,1342374672.0,1342374928.0,4.0,1342375184.0,1342375440.0,1342375696.0,1342375952.0,4.0,1342376208.0,1342376464.0,1342376720.0,1342376976.0,8.0,1342439688.0,1342439944.0,1342440200.0,1342440456.0,1342440712.0,1342440968.0,1342441224.0,1342441480.0,4.0,0.0,0.0,0.0,0.0,8.0,17.0,17.0,17.0,17.0,17.0,17.0,1.0,1.0,16.0,100.0,100.0,100.0,100.0,100.0,100.0,100.0,100.0,100.0,100.0,100.0,100.0,100.0,100.0,100.0,100.0,2.0,100.0,100.0,1.0,32.0,4.0,80.0,245.0,1.0,0.0,8.0,0.0,252.0,170.0,170.0,170.0,0.0,85.0,72.0,5.0,145.0,1831.0,5.0,7.0,1.0,12.0,0.0,0.0,0.0,0.0,0.0,0.0,0.0,0.0,0.0,0.0,0.0,0.0,8.0,23.0,0.0,0.0,0.0,0.0,0.0,0.0,0.0,2.0,0.0,8.0,8.0,0.0,0.0,0.0,0.0,0.0,0.0,0.0,0.0,0.0,0.0,0.0,655761.0,0.0,340444200.0,34044204.0,2.02,129.0,0.0,2000.0,65.0,0.0,0.0,0.0,0.0,0.0,0.0,0.0,1.0,0.0,0.0,0.0,0.0,0.0,0.0,0.0,0.0,0.0,0.0,0.0,0.0,0.0,0.0,0.0,0.0,0.0,0.0,0.0,0.0,0.0,0.0,0.0,0.0,0.0,0.0,0.0,1.0,0.0,0.0,0.0,0.0,0.0,0.0,0.0,0.0,0.0,0.0,0.0,0.0,0.0,0.0,0.0,0.0,0.0,0.0,0.0,0.0,0.0,0.0,0.0,0.0,0.0,0.0,0.0,0.0,0.0,0.0,0.0,0.0,0.0,0.0,0.0,0.0,0.0,0.0,0.0,0.0,0.0,0.0,0.0,0.0,0.0,1.0,0.0,1.0,0.0,0.0,0.0,0.0,0.0,0.0,0.0,
171,0.0,0.0,0.0,0.0,0.0,0.0,3.0,1.0,1.0,1.0,3.0,1.0,1.0,1.0,4.0,1275.0,3408964.0,131072.0,0.0,2.0,1537.0,1409.0,5.0,513.0,255.0,0.0,0.0,0.0,5.0,769.0,255.0,0.0,0.0,0.0,5.0,1025.0,255.0,0.0,0.0,0.0,5.0,1281.0,254.0,0.0,0.0,0.0,2.0,1644167432.0,1644167688.0,4.0,1678835984.0,1678836240.0,1678836496.0,1678836752.0,4.0,1678837008.0,1678837264.0,1678837520.0,1678837776.0,1.0,537198856.0,5.0,417.0,254.0,0.0,0.0,0.0,5.0,449.0,254.0,0.0,0.0,0.0,5.0,481.0,254.0,0.0,0.0,0.0,5.0,673.0,254.0,0.0,0.0,0.0,5.0,705.0,254.0,0.0,0.0,0.0,5.0,737.0,254.0,0.0,0.0,0.0,5.0,929.0,254.0,0.0,0.0,0.0,4.0,1342177544.0,1342177800.0,1342178056.0,1342178312.0,8.0,1342243080.0,1342243336.0,1342243592.0,1342243848.0,1342244104.0,1342244360.0,1342244616.0,1342244872.0,4.0,1342308624.0,1342308880.0,1342309136.0,1342309392.0,4.0,1342374160.0,1342374416.0,1342374672.0,1342374928.0,4.0,1342375184.0,1342375440.0,1342375696.0,1342375952.0,4.0,1342376208.0,1342376464.0,1342376720.0,1342376976.0,8.0,1342439688.0,1342439944.0,1342440200.0,1342440456.0,1342440712.0,1342440968.0,1342441224.0,1342441480.0,4.0,0.0,0.0,0.0,0.0,8.0,17.0,17.0,17.0,17.0,17.0,17.0,17.0,1.0,16.0,100.0,100.0,100.0,100.0,100.0,100.0,100.0,100.0,100.0,100.0,100.0,100.0,100.0,100.0,100.0,100.0,2.0,100.0,100.0,1.0,0.0,4.0,80.0,245.0,1.0,0.0,8.0,0.0,252.0,170.0,170.0,170.0,2.0,85.0,72.0,5.0,145.0,1831.0,5.0,7.0,1.0,12.0,0.0,0.0,0.0,0.0,0.0,0.0,0.0,0.0,0.0,0.0,0.0,0.0,8.0,23.0,0.0,0.0,0.0,0.0,0.0,0.0,0.0,2.0,0.0,16.0,8.0,0.0,0.0,0.0,0.0,0.0,0.0,0.0,0.0,0.0,0.0,0.0,655761.0,0.0,340444200.0,34044204.0,2.02,129.0,0.0,2000.0,65.0,0.0,0.0,0.0,0.0,0.0,0.0,0.0,1.0,0.0,0.0,0.0,0.0,0.0,0.0,0.0,0.0,0.0,0.0,0.0,0.0,0.0,0.0,0.0,0.0,0.0,0.0,0.0,0.0,0.0,0.0,0.0,0.0,0.0,0.0,0.0,0.0,1.0,0.0,0.0,0.0,0.0,0.0,0.0,0.0,0.0,0.0,0.0,0.0,0.0,0.0,0.0,0.0,0.0,0.0,0.0,0.0,0.0,0.0,0.0,0.0,0.0,0.0,0.0,0.0,0.0,0.0,0.0,0.0,0.0,0.0,0.0,0.0,0.0,0.0,0.0,0.0,0.0,0.0,0.0,0.0,0.0,1.0,0.0,1.0,0.0,0.0,0.0,0.0,0.0,0.0,0.0,
172,0.0,0.0,0.0,0.0,0.0,0.0,3.0,1.0,1.0,1.0,3.0,1.0,1.0,1.0,4.0,1275.0,3408964.0,131072.0,0.0,2.0,1537.0,1409.0,5.0,513.0,255.0,0.0,0.0,0.0,5.0,769.0,255.0,0.0,0.0,0.0,5.0,1025.0,255.0,0.0,0.0,0.0,5.0,1281.0,254.0,0.0,0.0,0.0,2.0,1644167432.0,1644167688.0,4.0,1678835984.0,1678836240.0,1678836496.0,1678836752.0,4.0,1678837008.0,1678837264.0,1678837520.0,1678837776.0,1.0,537198856.0,5.0,417.0,254.0,0.0,0.0,0.0,5.0,449.0,254.0,0.0,0.0,0.0,5.0,481.0,254.0,0.0,0.0,0.0,5.0,673.0,254.0,0.0,0.0,0.0,5.0,705.0,254.0,0.0,0.0,0.0,5.0,737.0,254.0,0.0,0.0,0.0,5.0,929.0,254.0,0.0,0.0,0.0,4.0,1342177544.0,1342177800.0,1342178056.0,1342178312.0,8.0,1342243080.0,1342243336.0,1342243592.0,1342243848.0,1342244104.0,1342244360.0,1342244616.0,1342244872.0,4.0,1342308624.0,1342308880.0,1342309136.0,1342309392.0,4.0,1342374160.0,1342374416.0,1342374672.0,1342374928.0,4.0,1342375184.0,1342375440.0,1342375696.0,1342375952.0,4.0,1342376208.0,1342376464.0,1342376720.0,1342376976.0,8.0,1342439688.0,1342439944.0,1342440200.0,1342440456.0,1342440712.0,1342440968.0,1342441224.0,1342441480.0,4.0,0.0,0.0,0.0,0.0,8.0,17.0,17.0,17.0,17.0,17.0,17.0,17.0,1.0,16.0,100.0,100.0,100.0,100.0,100.0,100.0,100.0,100.0,100.0,100.0,100.0,100.0,100.0,100.0,100.0,100.0,2.0,100.0,100.0,1.0,0.0,4.0,80.0,245.0,1.0,0.0,8.0,0.0,252.0,170.0,170.0,170.0,2.0,85.0,72.0,5.0,145.0,1831.0,5.0,7.0,1.0,12.0,0.0,0.0,0.0,0.0,0.0,0.0,0.0,0.0,0.0,0.0,0.0,0.0,8.0,23.0,0.0,0.0,0.0,0.0,0.0,0.0,0.0,2.0,0.0,16.0,8.0,0.0,0.0,0.0,0.0,0.0,0.0,0.0,0.0,0.0,0.0,0.0,655761.0,0.0,340444200.0,34044204.0,2.02,129.0,0.0,2000.0,65.0,0.0,0.0,0.0,0.0,0.0,0.0,0.0,1.0,0.0,0.0,0.0,0.0,0.0,0.0,0.0,0.0,0.0,0.0,0.0,0.0,0.0,0.0,0.0,0.0,0.0,0.0,0.0,0.0,0.0,0.0,0.0,0.0,0.0,0.0,0.0,0.0,1.0,0.0,0.0,0.0,0.0,0.0,0.0,0.0,0.0,0.0,0.0,0.0,0.0,0.0,0.0,0.0,0.0,0.0,0.0,0.0,0.0,0.0,0.0,0.0,0.0,0.0,0.0,0.0,0.0,0.0,0.0,0.0,0.0,0.0,0.0,0.0,0.0,0.0,0.0,0.0,0.0,0.0,0.0,0.0,0.0,1.0,0.0,1.0,0.0,0.0,0.0,0.0,0.0,0.0,0.0,
173,0.0,0.0,0.0,0.0,0.0,0.0,3.0,1.0,1.0,1.0,3.0,1.0,1.0,1.0,4.0,1275.0,3408964.0,131072.0,0.0,2.0,1537.0,1409.0,5.0,513.0,255.0,0.0,0.0,0.0,5.0,769.0,255.0,0.0,0.0,0.0,5.0,1025.0,255.0,0.0,0.0,0.0,5.0,1281.0,254.0,0.0,0.0,0.0,2.0,1644167432.0,1644167688.0,4.0,1678835984.0,1678836240.0,1678836496.0,1678836752.0,4.0,1678837008.0,1678837264.0,1678837520.0,1678837776.0,1.0,537198856.0,5.0,417.0,254.0,0.0,0.0,0.0,5.0,449.0,254.0,0.0,0.0,0.0,5.0,481.0,254.0,0.0,0.0,0.0,5.0,673.0,254.0,0.0,0.0,0.0,5.0,705.0,254.0,0.0,0.0,0.0,5.0,737.0,254.0,0.0,0.0,0.0,5.0,929.0,254.0,0.0,0.0,0.0,4.0,1342177544.0,1342177800.0,1342178056.0,1342178312.0,8.0,1342243080.0,1342243336.0,1342243592.0,1342243848.0,1342244104.0,1342244360.0,1342244616.0,1342244872.0,4.0,1342308624.0,1342308880.0,1342309136.0,1342309392.0,4.0,1342374160.0,1342374416.0,1342374672.0,1342374928.0,4.0,1342375184.0,1342375440.0,1342375696.0,1342375952.0,4.0,1342376208.0,1342376464.0,1342376720.0,1342376976.0,8.0,1342439688.0,1342439944.0,1342440200.0,1342440456.0,1342440712.0,1342440968.0,1342441224.0,1342441480.0,4.0,0.0,0.0,0.0,0.0,8.0,17.0,17.0,17.0,17.0,17.0,17.0,17.0,1.0,16.0,100.0,100.0,100.0,100.0,100.0,100.0,100.0,100.0,100.0,100.0,100.0,100.0,100.0,100.0,100.0,100.0,2.0,100.0,100.0,1.0,0.0,4.0,80.0,245.0,1.0,0.0,8.0,0.0,252.0,170.0,170.0,170.0,2.0,85.0,72.0,5.0,144.0,1831.0,5.0,7.0,1.0,12.0,0.0,0.0,0.0,0.0,0.0,0.0,0.0,0.0,0.0,0.0,0.0,0.0,8.0,23.0,0.0,0.0,0.0,0.0,0.0,0.0,0.0,2.0,0.0,16.0,8.0,0.0,0.0,0.0,0.0,0.0,0.0,0.0,0.0,0.0,0.0,0.0,655761.0,0.0,340444200.0,34044204.0,2.02,129.0,0.0,2000.0,65.0,0.0,0.0,0.0,0.0,0.0,0.0,0.0,1.0,0.0,0.0,0.0,0.0,0.0,0.0,0.0,0.0,0.0,0.0,0.0,0.0,0.0,0.0,0.0,0.0,0.0,0.0,0.0,0.0,0.0,0.0,0.0,0.0,0.0,0.0,0.0,0.0,1.0,0.0,0.0,0.0,0.0,0.0,0.0,0.0,0.0,0.0,0.0,0.0,0.0,0.0,0.0,0.0,0.0,0.0,0.0,0.0,0.0,0.0,0.0,0.0,0.0,0.0,0.0,0.0,0.0,0.0,0.0,0.0,0.0,0.0,0.0,0.0,0.0,0.0,0.0,0.0,0.0,0.0,0.0,0.0,0.0,1.0,0.0,1.0,0.0,0.0,0.0,0.0,0.0,0.0,0.0,
184,0.0,0.0,0.0,0.0,0.0,0.0,3.0,1.0,1.0,1.0,3.0,1.0,1.0,1.0,4.0,1275.0,3408964.0,131072.0,0.0,2.0,1537.0,1409.0,5.0,513.0,255.0,0.0,0.0,0.0,5.0,769.0,255.0,0.0,0.0,0.0,5.0,1025.0,255.0,0.0,0.0,0.0,5.0,1281.0,254.0,0.0,0.0,0.0,2.0,1644167432.0,1644167688.0,4.0,1678835984.0,1678836240.0,1678836496.0,1678836752.0,4.0,1678837008.0,1678837264.0,1678837520.0,1678837776.0,1.0,537198856.0,5.0,417.0,254.0,0.0,0.0,0.0,5.0,449.0,254.0,0.0,0.0,0.0,5.0,481.0,254.0,0.0,0.0,0.0,5.0,673.0,254.0,0.0,0.0,0.0,5.0,705.0,254.0,0.0,0.0,0.0,5.0,737.0,254.0,0.0,0.0,0.0,5.0,929.0,254.0,0.0,0.0,0.0,4.0,1342177544.0,1342177800.0,1342178056.0,1342178312.0,8.0,1342243080.0,1342243336.0,1342243592.0,1342243848.0,1342244104.0,1342244360.0,1342244616.0,1342244872.0,4.0,1342308624.0,1342308880.0,1342309136.0,1342309392.0,4.0,1342374160.0,1342374416.0,1342374672.0,1342374928.0,4.0,1342375184.0,1342375440.0,1342375696.0,1342375952.0,4.0,1342376208.0,1342376464.0,1342376720.0,1342376976.0,8.0,1342439688.0,1342439944.0,1342440200.0,1342440456.0,1342440712.0,1342440968.0,1342441224.0,1342441480.0,4.0,0.0,0.0,0.0,0.0,8.0,17.0,17.0,17.0,17.0,17.0,17.0,17.0,1.0,16.0,100.0,100.0,100.0,100.0,100.0,100.0,100.0,100.0,100.0,100.0,100.0,100.0,100.0,100.0,100.0,100.0,2.0,100.0,100.0,1.0,64.0,4.0,80.0,245.0,1.0,0.0,8.0,0.0,252.0,170.0,170.0,170.0,10.0,85.0,72.0,5.0,144.0,1831.0,5.0,7.0,1.0,12.0,0.0,0.0,0.0,0.0,0.0,0.0,0.0,0.0,0.0,0.0,0.0,0.0,8.0,23.0,0.0,0.0,0.0,0.0,0.0,0.0,0.0,2.0,0.0,32.0,8.0,0.0,0.0,0.0,0.0,0.0,0.0,0.0,0.0,0.0,0.0,0.0,655761.0,0.0,340444200.0,34044204.0,2.02,129.0,0.0,2000.0,65.0,0.0,0.0,0.0,0.0,0.0,0.0,0.0,1.0,0.0,0.0,0.0,0.0,0.0,0.0,0.0,0.0,0.0,0.0,0.0,0.0,0.0,0.0,0.0,0.0,0.0,0.0,0.0,0.0,0.0,0.0,0.0,0.0,0.0,0.0,0.0,0.0,0.0,1.0,0.0,0.0,0.0,0.0,0.0,0.0,0.0,0.0,0.0,0.0,0.0,0.0,0.0,0.0,0.0,0.0,0.0,0.0,0.0,0.0,0.0,0.0,0.0,0.0,0.0,0.0,0.0,0.0,0.0,0.0,0.0,0.0,0.0,0.0,0.0,0.0,0.0,0.0,0.0,0.0,0.0,0.0,0.0,1.0,0.0,1.0,0.0,0.0,0.0,0.0,0.0,0.0,0.0,
185,0.0,0.0,0.0,0.0,0.0,0.0,3.0,1.0,1.0,1.0,3.0,1.0,1.0,1.0,4.0,1275.0,3408964.0,131072.0,0.0,2.0,1537.0,1409.0,5.0,513.0,255.0,0.0,0.0,0.0,5.0,769.0,255.0,0.0,0.0,0.0,5.0,1025.0,255.0,0.0,0.0,0.0,5.0,1281.0,254.0,0.0,0.0,0.0,2.0,1644167432.0,1644167688.0,4.0,1678835984.0,1678836240.0,1678836496.0,1678836752.0,4.0,1678837008.0,1678837264.0,1678837520.0,1678837776.0,1.0,537198856.0,5.0,417.0,254.0,0.0,0.0,0.0,5.0,449.0,254.0,0.0,0.0,0.0,5.0,481.0,254.0,0.0,0.0,0.0,5.0,673.0,254.0,0.0,0.0,0.0,5.0,705.0,254.0,0.0,0.0,0.0,5.0,737.0,254.0,0.0,0.0,0.0,5.0,929.0,254.0,0.0,0.0,0.0,4.0,1342177544.0,1342177800.0,1342178056.0,1342178312.0,8.0,1342243080.0,1342243336.0,1342243592.0,1342243848.0,1342244104.0,1342244360.0,1342244616.0,1342244872.0,4.0,1342308624.0,1342308880.0,1342309136.0,1342309392.0,4.0,1342374160.0,1342374416.0,1342374672.0,1342374928.0,4.0,1342375184.0,1342375440.0,1342375696.0,1342375952.0,4.0,1342376208.0,1342376464.0,1342376720.0,1342376976.0,8.0,1342439688.0,1342439944.0,1342440200.0,1342440456.0,1342440712.0,1342440968.0,1342441224.0,1342441480.0,4.0,0.0,0.0,0.0,0.0,8.0,17.0,17.0,17.0,17.0,17.0,17.0,17.0,1.0,16.0,100.0,100.0,100.0,100.0,100.0,100.0,100.0,100.0,100.0,100.0,100.0,100.0,100.0,100.0,100.0,100.0,2.0,100.0,100.0,1.0,64.0,4.0,80.0,245.0,1.0,0.0,8.0,0.0,252.0,170.0,170.0,170.0,10.0,85.0,72.0,5.0,144.0,1831.0,5.0,7.0,1.0,12.0,0.0,0.0,0.0,0.0,0.0,0.0,0.0,0.0,0.0,0.0,0.0,0.0,8.0,23.0,0.0,0.0,0.0,0.0,0.0,0.0,0.0,2.0,0.0,32.0,8.0,0.0,0.0,0.0,0.0,0.0,0.0,0.0,0.0,0.0,0.0,0.0,655761.0,0.0,340444200.0,34044204.0,2.02,129.0,0.0,2000.0,65.0,0.0,0.0,0.0,0.0,0.0,0.0,0.0,1.0,0.0,0.0,0.0,0.0,0.0,0.0,0.0,0.0,0.0,0.0,0.0,0.0,0.0,0.0,0.0,0.0,0.0,0.0,0.0,0.0,0.0,0.0,0.0,0.0,0.0,0.0,0.0,0.0,0.0,1.0,0.0,0.0,0.0,0.0,0.0,0.0,0.0,0.0,0.0,0.0,0.0,0.0,0.0,0.0,0.0,0.0,0.0,0.0,0.0,0.0,0.0,0.0,0.0,0.0,0.0,0.0,0.0,0.0,0.0,0.0,0.0,0.0,0.0,0.0,0.0,0.0,0.0,0.0,0.0,0.0,0.0,0.0,0.0,1.0,0.0,1.0,0.0,0.0,0.0,0.0,0.0,0.0,0.0,
186,0.0,0.0,0.0,0.0,0.0,0.0,3.0,1.0,1.0,1.0,3.0,1.0,1.0,1.0,4.0,1275.0,3408964.0,131072.0,0.0,2.0,1537.0,1409.0,5.0,513.0,255.0,0.0,0.0,0.0,5.0,769.0,255.0,0.0,0.0,0.0,5.0,1025.0,255.0,0.0,0.0,0.0,5.0,1281.0,254.0,0.0,0.0,0.0,2.0,1644167432.0,1644167688.0,4.0,1678835984.0,1678836240.0,1678836496.0,1678836752.0,4.0,1678837008.0,1678837264.0,1678837520.0,1678837776.0,1.0,537198856.0,5.0,417.0,254.0,0.0,0.0,0.0,5.0,449.0,254.0,0.0,0.0,0.0,5.0,481.0,254.0,0.0,0.0,0.0,5.0,673.0,254.0,0.0,0.0,0.0,5.0,705.0,254.0,0.0,0.0,0.0,5.0,737.0,254.0,0.0,0.0,0.0,5.0,929.0,254.0,0.0,0.0,0.0,4.0,1342177544.0,1342177800.0,1342178056.0,1342178312.0,8.0,1342243080.0,1342243336.0,1342243592.0,1342243848.0,1342244104.0,1342244360.0,1342244616.0,1342244872.0,4.0,1342308624.0,1342308880.0,1342309136.0,1342309392.0,4.0,1342374160.0,1342374416.0,1342374672.0,1342374928.0,4.0,1342375184.0,1342375440.0,1342375696.0,1342375952.0,4.0,1342376208.0,1342376464.0,1342376720.0,1342376976.0,8.0,1342439688.0,1342439944.0,1342440200.0,1342440456.0,1342440712.0,1342440968.0,1342441224.0,1342441480.0,4.0,0.0,0.0,0.0,0.0,8.0,17.0,17.0,17.0,17.0,17.0,17.0,17.0,1.0,16.0,100.0,100.0,100.0,100.0,100.0,100.0,100.0,100.0,100.0,100.0,100.0,100.0,100.0,100.0,100.0,100.0,2.0,100.0,100.0,1.0,64.0,4.0,80.0,245.0,1.0,0.0,8.0,0.0,252.0,170.0,170.0,170.0,10.0,85.0,72.0,5.0,145.0,1831.0,5.0,7.0,1.0,12.0,0.0,0.0,0.0,0.0,0.0,0.0,0.0,0.0,0.0,0.0,0.0,0.0,8.0,23.0,0.0,0.0,0.0,0.0,0.0,0.0,0.0,2.0,0.0,32.0,8.0,0.0,0.0,0.0,0.0,0.0,0.0,0.0,0.0,0.0,0.0,0.0,655761.0,0.0,340444200.0,34044204.0,2.02,129.0,0.0,2000.0,65.0,0.0,0.0,0.0,0.0,0.0,0.0,0.0,1.0,0.0,0.0,0.0,0.0,0.0,0.0,0.0,0.0,0.0,0.0,0.0,0.0,0.0,0.0,0.0,0.0,0.0,0.0,0.0,0.0,0.0,0.0,0.0,0.0,0.0,0.0,0.0,0.0,0.0,1.0,0.0,0.0,0.0,0.0,0.0,0.0,0.0,0.0,0.0,0.0,0.0,0.0,0.0,0.0,0.0,0.0,0.0,0.0,0.0,0.0,0.0,0.0,0.0,0.0,0.0,0.0,0.0,0.0,0.0,0.0,0.0,0.0,0.0,0.0,0.0,0.0,0.0,0.0,0.0,0.0,0.0,0.0,0.0,1.0,0.0,1.0,0.0,0.0,0.0,0.0,0.0,0.0,0.0,
197,0.0,0.0,0.0,0.0,0.0,0.0,3.0,1.0,1.0,1.0,3.0,1.0,1.0,1.0,4.0,1275.0,3408964.0,131072.0,0.0,2.0,1537.0,1409.0,5.0,513.0,255.0,0.0,0.0,0.0,5.0,769.0,255.0,0.0,0.0,0.0,5.0,1025.0,255.0,0.0,0.0,0.0,5.0,1281.0,254.0,0.0,0.0,0.0,2.0,1644167432.0,1644167688.0,4.0,1678835984.0,1678836240.0,1678836496.0,1678836752.0,4.0,1678837008.0,1678837264.0,1678837520.0,1678837776.0,1.0,537198856.0,5.0,417.0,254.0,0.0,0.0,0.0,5.0,449.0,254.0,0.0,0.0,0.0,5.0,481.0,254.0,0.0,0.0,0.0,5.0,673.0,254.0,0.0,0.0,0.0,5.0,705.0,254.0,0.0,0.0,0.0,5.0,737.0,254.0,0.0,0.0,0.0,5.0,929.0,254.0,0.0,0.0,0.0,4.0,1342177544.0,1342177800.0,1342178056.0,1342178312.0,8.0,1342243080.0,1342243336.0,1342243592.0,1342243848.0,1342244104.0,1342244360.0,1342244616.0,1342244872.0,4.0,1342308624.0,1342308880.0,1342309136.0,1342309392.0,4.0,1342374160.0,1342374416.0,1342374672.0,1342374928.0,4.0,1342375184.0,1342375440.0,1342375696.0,1342375952.0,4.0,1342376208.0,1342376464.0,1342376720.0,1342376976.0,8.0,1342439688.0,1342439944.0,1342440200.0,1342440456.0,1342440712.0,1342440968.0,1342441224.0,1342441480.0,4.0,0.0,0.0,0.0,0.0,8.0,17.0,17.0,17.0,17.0,17.0,17.0,17.0,17.0,16.0,100.0,100.0,100.0,100.0,100.0,100.0,100.0,100.0,100.0,100.0,100.0,100.0,100.0,100.0,100.0,100.0,2.0,100.0,100.0,1.0,0.0,4.0,80.0,245.0,1.0,0.0,8.0,0.0,252.0,170.0,170.0,170.0,42.0,85.0,72.0,5.0,144.0,1831.0,5.0,7.0,1.0,12.0,0.0,0.0,0.0,0.0,0.0,0.0,0.0,0.0,0.0,0.0,0.0,0.0,8.0,23.0,0.0,0.0,0.0,0.0,0.0,0.0,0.0,2.0,0.0,64.0,8.0,0.0,0.0,0.0,0.0,0.0,0.0,0.0,0.0,0.0,0.0,0.0,655761.0,0.0,340444200.0,34044204.0,2.02,129.0,0.0,2000.0,65.0,0.0,0.0,0.0,0.0,0.0,0.0,0.0,1.0,0.0,0.0,0.0,0.0,0.0,0.0,0.0,0.0,0.0,0.0,0.0,0.0,0.0,0.0,0.0,0.0,0.0,0.0,0.0,0.0,0.0,0.0,0.0,0.0,0.0,0.0,0.0,0.0,0.0,0.0,1.0,0.0,0.0,0.0,0.0,0.0,0.0,0.0,0.0,0.0,0.0,0.0,0.0,0.0,0.0,0.0,0.0,0.0,0.0,0.0,0.0,0.0,0.0,0.0,0.0,0.0,0.0,0.0,0.0,0.0,0.0,0.0,0.0,0.0,0.0,0.0,0.0,0.0,0.0,0.0,0.0,0.0,0.0,1.0,0.0,1.0,0.0,0.0,0.0,0.0,0.0,0.0,0.0,
198,0.0,0.0,0.0,0.0,0.0,0.0,3.0,1.0,1.0,1.0,3.0,1.0,1.0,1.0,4.0,1275.0,3408964.0,131072.0,0.0,2.0,1537.0,1409.0,5.0,513.0,255.0,0.0,0.0,0.0,5.0,769.0,255.0,0.0,0.0,0.0,5.0,1025.0,255.0,0.0,0.0,0.0,5.0,1281.0,254.0,0.0,0.0,0.0,2.0,1644167432.0,1644167688.0,4.0,1678835984.0,1678836240.0,1678836496.0,1678836752.0,4.0,1678837008.0,1678837264.0,1678837520.0,1678837776.0,1.0,537198856.0,5.0,417.0,254.0,0.0,0.0,0.0,5.0,449.0,254.0,0.0,0.0,0.0,5.0,481.0,254.0,0.0,0.0,0.0,5.0,673.0,254.0,0.0,0.0,0.0,5.0,705.0,254.0,0.0,0.0,0.0,5.0,737.0,254.0,0.0,0.0,0.0,5.0,929.0,254.0,0.0,0.0,0.0,4.0,1342177544.0,1342177800.0,1342178056.0,1342178312.0,8.0,1342243080.0,1342243336.0,1342243592.0,1342243848.0,1342244104.0,1342244360.0,1342244616.0,1342244872.0,4.0,1342308624.0,1342308880.0,1342309136.0,1342309392.0,4.0,1342374160.0,1342374416.0,1342374672.0,1342374928.0,4.0,1342375184.0,1342375440.0,1342375696.0,1342375952.0,4.0,1342376208.0,1342376464.0,1342376720.0,1342376976.0,8.0,1342439688.0,1342439944.0,1342440200.0,1342440456.0,1342440712.0,1342440968.0,1342441224.0,1342441480.0,4.0,0.0,0.0,0.0,0.0,8.0,17.0,17.0,17.0,17.0,17.0,17.0,17.0,17.0,16.0,100.0,100.0,100.0,100.0,100.0,100.0,100.0,100.0,100.0,100.0,100.0,100.0,100.0,100.0,100.0,100.0,2.0,100.0,100.0,1.0,0.0,4.0,80.0,245.0,1.0,0.0,8.0,0.0,252.0,170.0,170.0,170.0,42.0,85.0,72.0,5.0,145.0,1831.0,5.0,7.0,1.0,12.0,0.0,0.0,0.0,0.0,0.0,0.0,0.0,0.0,0.0,0.0,0.0,0.0,8.0,23.0,0.0,0.0,0.0,0.0,0.0,0.0,0.0,2.0,0.0,64.0,8.0,0.0,0.0,0.0,0.0,0.0,0.0,0.0,0.0,0.0,0.0,0.0,655761.0,0.0,340444200.0,34044204.0,2.02,129.0,0.0,2000.0,65.0,0.0,0.0,0.0,0.0,0.0,0.0,0.0,1.0,0.0,0.0,0.0,0.0,0.0,0.0,0.0,0.0,0.0,0.0,0.0,0.0,0.0,0.0,0.0,0.0,0.0,0.0,0.0,0.0,0.0,0.0,0.0,0.0,0.0,0.0,0.0,0.0,0.0,0.0,1.0,0.0,0.0,0.0,0.0,0.0,0.0,0.0,0.0,0.0,0.0,0.0,0.0,0.0,0.0,0.0,0.0,0.0,0.0,0.0,0.0,0.0,0.0,0.0,0.0,0.0,0.0,0.0,0.0,0.0,0.0,0.0,0.0,0.0,0.0,0.0,0.0,0.0,0.0,0.0,0.0,0.0,0.0,1.0,0.0,1.0,0.0,0.0,0.0,0.0,0.0,0.0,0.0,
199,0.0,0.0,0.0,0.0,0.0,0.0,3.0,1.0,1.0,1.0,3.0,1.0,1.0,1.0,4.0,1275.0,3408964.0,131072.0,0.0,2.0,1537.0,1409.0,5.0,513.0,255.0,0.0,0.0,0.0,5.0,769.0,255.0,0.0,0.0,0.0,5.0,1025.0,255.0,0.0,0.0,0.0,5.0,1281.0,254.0,0.0,0.0,0.0,2.0,1644167432.0,1644167688.0,4.0,1678835984.0,1678836240.0,1678836496.0,1678836752.0,4.0,1678837008.0,1678837264.0,1678837520.0,1678837776.0,1.0,537198856.0,5.0,417.0,254.0,0.0,0.0,0.0,5.0,449.0,254.0,0.0,0.0,0.0,5.0,481.0,254.0,0.0,0.0,0.0,5.0,673.0,254.0,0.0,0.0,0.0,5.0,705.0,254.0,0.0,0.0,0.0,5.0,737.0,254.0,0.0,0.0,0.0,5.0,929.0,254.0,0.0,0.0,0.0,4.0,1342177544.0,1342177800.0,1342178056.0,1342178312.0,8.0,1342243080.0,1342243336.0,1342243592.0,1342243848.0,1342244104.0,1342244360.0,1342244616.0,1342244872.0,4.0,1342308624.0,1342308880.0,1342309136.0,1342309392.0,4.0,1342374160.0,1342374416.0,1342374672.0,1342374928.0,4.0,1342375184.0,1342375440.0,1342375696.0,1342375952.0,4.0,1342376208.0,1342376464.0,1342376720.0,1342376976.0,8.0,1342439688.0,1342439944.0,1342440200.0,1342440456.0,1342440712.0,1342440968.0,1342441224.0,1342441480.0,4.0,0.0,0.0,0.0,0.0,8.0,17.0,17.0,17.0,17.0,17.0,17.0,17.0,17.0,16.0,100.0,100.0,100.0,100.0,100.0,100.0,100.0,100.0,100.0,100.0,100.0,100.0,100.0,100.0,100.0,100.0,2.0,100.0,100.0,1.0,0.0,4.0,80.0,245.0,1.0,0.0,8.0,0.0,252.0,170.0,170.0,170.0,42.0,85.0,72.0,5.0,144.0,1831.0,5.0,7.0,1.0,12.0,0.0,0.0,0.0,0.0,0.0,0.0,0.0,0.0,0.0,0.0,0.0,0.0,8.0,23.0,0.0,0.0,0.0,0.0,0.0,0.0,0.0,2.0,0.0,64.0,8.0,0.0,0.0,0.0,0.0,0.0,0.0,0.0,0.0,0.0,0.0,0.0,655761.0,0.0,340444200.0,34044204.0,2.02,129.0,0.0,2000.0,65.0,0.0,0.0,0.0,0.0,0.0,0.0,0.0,1.0,0.0,0.0,0.0,0.0,0.0,0.0,0.0,0.0,0.0,0.0,0.0,0.0,0.0,0.0,0.0,0.0,0.0,0.0,0.0,0.0,0.0,0.0,0.0,0.0,0.0,0.0,0.0,0.0,0.0,0.0,1.0,0.0,0.0,0.0,0.0,0.0,0.0,0.0,0.0,0.0,0.0,0.0,0.0,0.0,0.0,0.0,0.0,0.0,0.0,0.0,0.0,0.0,0.0,0.0,0.0,0.0,0.0,0.0,0.0,0.0,0.0,0.0,0.0,0.0,0.0,0.0,0.0,0.0,0.0,0.0,0.0,0.0,0.0,1.0,0.0,1.0,0.0,0.0,0.0,0.0,0.0,0.0,0.0,
210,0.0,0.0,0.0,0.0,0.0,0.0,3.0,1.0,1.0,1.0,3.0,1.0,1.0,1.0,4.0,1275.0,3408964.0,131072.0,0.0,2.0,1537.0,1409.0,5.0,513.0,255.0,0.0,0.0,0.0,5.0,769.0,255.0,0.0,0.0,0.0,5.0,1025.0,255.0,0.0,0.0,0.0,5.0,1281.0,254.0,0.0,0.0,0.0,2.0,1644167432.0,1644167688.0,4.0,1678835984.0,1678836240.0,1678836496.0,1678836752.0,4.0,1678837008.0,1678837264.0,1678837520.0,1678837776.0,1.0,537198856.0,5.0,417.0,254.0,0.0,0.0,0.0,5.0,449.0,254.0,0.0,0.0,0.0,5.0,481.0,254.0,0.0,0.0,0.0,5.0,673.0,254.0,0.0,0.0,0.0,5.0,705.0,254.0,0.0,0.0,0.0,5.0,737.0,254.0,0.0,0.0,0.0,5.0,929.0,254.0,0.0,0.0,0.0,4.0,1342177544.0,1342177800.0,1342178056.0,1342178312.0,8.0,1342243080.0,1342243336.0,1342243592.0,1342243848.0,1342244104.0,1342244360.0,1342244616.0,1342244872.0,4.0,1342308624.0,1342308880.0,1342309136.0,1342309392.0,4.0,1342374160.0,1342374416.0,1342374672.0,1342374928.0,4.0,1342375184.0,1342375440.0,1342375696.0,1342375952.0,4.0,1342376208.0,1342376464.0,1342376720.0,1342376976.0,8.0,1342439688.0,1342439944.0,1342440200.0,1342440456.0,1342440712.0,1342440968.0,1342441224.0,1342441480.0,4.0,0.0,0.0,0.0,0.0,8.0,17.0,17.0,17.0,17.0,17.0,17.0,17.0,17.0,16.0,100.0,100.0,100.0,100.0,100.0,100.0,100.0,100.0,100.0,100.0,100.0,100.0,100.0,100.0,100.0,100.0,2.0,100.0,100.0,1.0,128.0,4.0,80.0,245.0,1.0,0.0,8.0,0.0,252.0,170.0,170.0,170.0,170.0,85.0,72.0,5.0,145.0,1831.0,5.0,7.0,1.0,12.0,0.0,0.0,0.0,0.0,0.0,0.0,0.0,0.0,0.0,0.0,0.0,0.0,8.0,23.0,0.0,0.0,0.0,0.0,0.0,0.0,0.0,2.0,0.0,128.0,8.0,0.0,0.0,0.0,0.0,0.0,0.0,0.0,0.0,0.0,0.0,0.0,655761.0,0.0,340444200.0,34044204.0,2.02,129.0,0.0,2000.0,65.0,0.0,0.0,0.0,0.0,0.0,0.0,0.0,1.0,0.0,0.0,0.0,0.0,0.0,0.0,0.0,0.0,0.0,0.0,0.0,0.0,0.0,0.0,0.0,0.0,0.0,0.0,0.0,0.0,0.0,0.0,0.0,0.0,0.0,0.0,0.0,0.0,0.0,0.0,0.0,1.0,0.0,0.0,0.0,0.0,0.0,0.0,0.0,0.0,0.0,0.0,0.0,0.0,0.0,0.0,0.0,0.0,0.0,0.0,0.0,0.0,0.0,0.0,0.0,0.0,0.0,0.0,0.0,0.0,0.0,0.0,0.0,0.0,0.0,0.0,0.0,0.0,0.0,0.0,0.0,0.0,0.0,1.0,0.0,1.0,0.0,0.0,0.0,0.0,0.0,0.0,0.0,
211,0.0,0.0,0.0,0.0,0.0,0.0,3.0,1.0,1.0,1.0,3.0,1.0,1.0,1.0,4.0,1275.0,3408964.0,131072.0,0.0,2.0,1537.0,1409.0,5.0,513.0,255.0,0.0,0.0,0.0,5.0,769.0,255.0,0.0,0.0,0.0,5.0,1025.0,255.0,0.0,0.0,0.0,5.0,1281.0,254.0,0.0,0.0,0.0,2.0,1644167432.0,1644167688.0,4.0,1678835984.0,1678836240.0,1678836496.0,1678836752.0,4.0,1678837008.0,1678837264.0,1678837520.0,1678837776.0,1.0,537198856.0,5.0,417.0,254.0,0.0,0.0,0.0,5.0,449.0,254.0,0.0,0.0,0.0,5.0,481.0,254.0,0.0,0.0,0.0,5.0,673.0,254.0,0.0,0.0,0.0,5.0,705.0,254.0,0.0,0.0,0.0,5.0,737.0,254.0,0.0,0.0,0.0,5.0,929.0,254.0,0.0,0.0,0.0,4.0,1342177544.0,1342177800.0,1342178056.0,1342178312.0,8.0,1342243080.0,1342243336.0,1342243592.0,1342243848.0,1342244104.0,1342244360.0,1342244616.0,1342244872.0,4.0,1342308624.0,1342308880.0,1342309136.0,1342309392.0,4.0,1342374160.0,1342374416.0,1342374672.0,1342374928.0,4.0,1342375184.0,1342375440.0,1342375696.0,1342375952.0,4.0,1342376208.0,1342376464.0,1342376720.0,1342376976.0,8.0,1342439688.0,1342439944.0,1342440200.0,1342440456.0,1342440712.0,1342440968.0,1342441224.0,1342441480.0,4.0,0.0,0.0,0.0,0.0,8.0,17.0,17.0,17.0,17.0,17.0,17.0,17.0,17.0,16.0,100.0,100.0,100.0,100.0,100.0,100.0,100.0,100.0,100.0,100.0,100.0,100.0,100.0,100.0,100.0,100.0,2.0,100.0,100.0,1.0,128.0,4.0,80.0,245.0,1.0,0.0,8.0,0.0,252.0,170.0,170.0,170.0,170.0,85.0,72.0,5.0,144.0,1831.0,5.0,7.0,1.0,12.0,0.0,0.0,0.0,0.0,0.0,0.0,0.0,0.0,0.0,0.0,0.0,0.0,8.0,23.0,0.0,0.0,0.0,0.0,0.0,0.0,0.0,2.0,0.0,128.0,8.0,0.0,0.0,0.0,0.0,0.0,0.0,0.0,0.0,0.0,0.0,0.0,655761.0,0.0,340444200.0,34044204.0,2.02,129.0,0.0,2000.0,65.0,0.0,0.0,0.0,0.0,0.0,0.0,0.0,1.0,0.0,0.0,0.0,0.0,0.0,0.0,0.0,0.0,0.0,0.0,0.0,0.0,0.0,0.0,0.0,0.0,0.0,0.0,0.0,0.0,0.0,0.0,0.0,0.0,0.0,0.0,0.0,0.0,0.0,0.0,0.0,1.0,0.0,0.0,0.0,0.0,0.0,0.0,0.0,0.0,0.0,0.0,0.0,0.0,0.0,0.0,0.0,0.0,0.0,0.0,0.0,0.0,0.0,0.0,0.0,0.0,0.0,0.0,0.0,0.0,0.0,0.0,0.0,0.0,0.0,0.0,0.0,0.0,0.0,0.0,0.0,0.0,0.0,1.0,0.0,1.0,0.0,0.0,0.0,0.0,0.0,0.0,0.0,
212,0.0,0.0,0.0,0.0,0.0,0.0,3.0,1.0,1.0,1.0,3.0,1.0,1.0,1.0,4.0,1275.0,3408964.0,131072.0,0.0,2.0,1537.0,1409.0,5.0,513.0,255.0,0.0,0.0,0.0,5.0,769.0,255.0,0.0,0.0,0.0,5.0,1025.0,255.0,0.0,0.0,0.0,5.0,1281.0,254.0,0.0,0.0,0.0,2.0,1644167432.0,1644167688.0,4.0,1678835984.0,1678836240.0,1678836496.0,1678836752.0,4.0,1678837008.0,1678837264.0,1678837520.0,1678837776.0,1.0,537198856.0,5.0,417.0,254.0,0.0,0.0,0.0,5.0,449.0,254.0,0.0,0.0,0.0,5.0,481.0,254.0,0.0,0.0,0.0,5.0,673.0,254.0,0.0,0.0,0.0,5.0,705.0,254.0,0.0,0.0,0.0,5.0,737.0,254.0,0.0,0.0,0.0,5.0,929.0,254.0,0.0,0.0,0.0,4.0,1342177544.0,1342177800.0,1342178056.0,1342178312.0,8.0,1342243080.0,1342243336.0,1342243592.0,1342243848.0,1342244104.0,1342244360.0,1342244616.0,1342244872.0,4.0,1342308624.0,1342308880.0,1342309136.0,1342309392.0,4.0,1342374160.0,1342374416.0,1342374672.0,1342374928.0,4.0,1342375184.0,1342375440.0,1342375696.0,1342375952.0,4.0,1342376208.0,1342376464.0,1342376720.0,1342376976.0,8.0,1342439688.0,1342439944.0,1342440200.0,1342440456.0,1342440712.0,1342440968.0,1342441224.0,1342441480.0,4.0,0.0,0.0,0.0,0.0,8.0,17.0,17.0,17.0,17.0,17.0,17.0,17.0,17.0,16.0,100.0,100.0,100.0,100.0,100.0,100.0,100.0,100.0,100.0,100.0,100.0,100.0,100.0,100.0,100.0,100.0,2.0,100.0,100.0,1.0,128.0,4.0,80.0,245.0,1.0,0.0,8.0,0.0,252.0,170.0,170.0,170.0,170.0,85.0,72.0,5.0,145.0,1831.0,5.0,7.0,1.0,12.0,0.0,0.0,0.0,0.0,0.0,0.0,0.0,0.0,0.0,0.0,0.0,0.0,8.0,23.0,0.0,0.0,0.0,0.0,0.0,0.0,0.0,2.0,0.0,128.0,8.0,0.0,0.0,0.0,0.0,0.0,0.0,0.0,0.0,0.0,0.0,0.0,655761.0,0.0,340444200.0,34044204.0,2.02,129.0,0.0,2000.0,65.0,0.0,0.0,0.0,0.0,0.0,0.0,0.0,1.0,0.0,0.0,0.0,0.0,0.0,0.0,0.0,0.0,0.0,0.0,0.0,0.0,0.0,0.0,0.0,0.0,0.0,0.0,0.0,0.0,0.0,0.0,0.0,0.0,0.0,0.0,0.0,0.0,0.0,0.0,0.0,1.0,0.0,0.0,0.0,0.0,0.0,0.0,0.0,0.0,0.0,0.0,0.0,0.0,0.0,0.0,0.0,0.0,0.0,0.0,0.0,0.0,0.0,0.0,0.0,0.0,0.0,0.0,0.0,0.0,0.0,0.0,0.0,0.0,0.0,0.0,0.0,0.0,0.0,0.0,0.0,0.0,0.0,1.0,0.0,1.0,0.0,0.0,0.0,0.0,0.0,0.0,0.0,
215,0.0,0.0,0.0,0.0,0.0,0.0,3.0,1.0,1.0,1.0,3.0,1.0,1.0,1.0,4.0,1275.0,3408964.0,131072.0,0.0,2.0,1537.0,1409.0,5.0,513.0,255.0,0.0,0.0,0.0,5.0,769.0,255.0,0.0,0.0,0.0,5.0,1025.0,255.0,0.0,0.0,0.0,5.0,1281.0,254.0,0.0,0.0,0.0,2.0,1644167432.0,1644167688.0,4.0,1678835984.0,1678836240.0,1678836496.0,1678836752.0,4.0,1678837008.0,1678837264.0,1678837520.0,1678837776.0,1.0,537198856.0,5.0,417.0,254.0,0.0,0.0,0.0,5.0,449.0,254.0,0.0,0.0,0.0,5.0,481.0,254.0,0.0,0.0,0.0,5.0,673.0,254.0,0.0,0.0,0.0,5.0,705.0,254.0,0.0,0.0,0.0,5.0,737.0,254.0,0.0,0.0,0.0,5.0,929.0,254.0,0.0,0.0,0.0,4.0,1342177544.0,1342177800.0,1342178056.0,1342178312.0,8.0,1342243080.0,1342243336.0,1342243592.0,1342243848.0,1342244104.0,1342244360.0,1342244616.0,1342244872.0,4.0,1342308624.0,1342308880.0,1342309136.0,1342309392.0,4.0,1342374160.0,1342374416.0,1342374672.0,1342374928.0,4.0,1342375184.0,1342375440.0,1342375696.0,1342375952.0,4.0,1342376208.0,1342376464.0,1342376720.0,1342376976.0,8.0,1342439688.0,1342439944.0,1342440200.0,1342440456.0,1342440712.0,1342440968.0,1342441224.0,1342441480.0,4.0,0.0,0.0,0.0,0.0,8.0,17.0,17.0,17.0,17.0,17.0,17.0,17.0,17.0,16.0,100.0,100.0,100.0,100.0,100.0,100.0,100.0,100.0,100.0,100.0,100.0,100.0,100.0,100.0,100.0,100.0,2.0,100.0,100.0,1.0,128.0,4.0,80.0,245.0,1.0,0.0,8.0,0.0,252.0,170.0,170.0,170.0,170.0,85.0,72.0,5.0,144.0,1826.0,5.0,7.0,1.0,12.0,0.0,0.0,0.0,0.0,0.0,0.0,0.0,0.0,0.0,0.0,0.0,0.0,8.0,23.0,0.0,0.0,0.0,0.0,0.0,0.0,0.0,2.0,0.0,0.0,8.0,0.0,0.0,0.0,0.0,0.0,0.0,0.0,0.0,0.0,0.0,0.0,655761.0,0.0,340444200.0,34044204.0,2.02,129.0,0.0,2000.0,65.0,0.0,0.0,0.0,0.0,0.0,0.0,0.0,1.0,0.0,0.0,0.0,0.0,0.0,0.0,0.0,0.0,0.0,0.0,0.0,0.0,0.0,0.0,0.0,0.0,0.0,0.0,0.0,0.0,0.0,0.0,0.0,0.0,0.0,0.0,0.0,0.0,0.0,0.0,0.0,0.0,0.0,0.0,0.0,0.0,0.0,0.0,0.0,0.0,0.0,0.0,0.0,0.0,0.0,0.0,0.0,0.0,0.0,0.0,0.0,0.0,0.0,0.0,0.0,0.0,0.0,0.0,0.0,0.0,0.0,0.0,0.0,0.0,0.0,0.0,0.0,0.0,0.0,0.0,0.0,0.0,0.0,1.0,0.0,1.0,0.0,0.0,0.0,0.0,0.0,0.0,0.0,
216,0.0,0.0,0.0,0.0,0.0,0.0,3.0,1.0,1.0,1.0,3.0,1.0,1.0,1.0,4.0,1275.0,3408964.0,131072.0,0.0,2.0,1537.0,1409.0,5.0,513.0,255.0,0.0,0.0,0.0,5.0,769.0,255.0,0.0,0.0,0.0,5.0,1025.0,255.0,0.0,0.0,0.0,5.0,1281.0,254.0,0.0,0.0,0.0,2.0,1644167432.0,1644167688.0,4.0,1678835984.0,1678836240.0,1678836496.0,1678836752.0,4.0,1678837008.0,1678837264.0,1678837520.0,1678837776.0,1.0,537198856.0,5.0,417.0,254.0,0.0,0.0,0.0,5.0,449.0,254.0,0.0,0.0,0.0,5.0,481.0,254.0,0.0,0.0,0.0,5.0,673.0,254.0,0.0,0.0,0.0,5.0,705.0,254.0,0.0,0.0,0.0,5.0,737.0,254.0,0.0,0.0,0.0,5.0,929.0,254.0,0.0,0.0,0.0,4.0,1342177544.0,1342177800.0,1342178056.0,1342178312.0,8.0,1342243080.0,1342243336.0,1342243592.0,1342243848.0,1342244104.0,1342244360.0,1342244616.0,1342244872.0,4.0,1342308624.0,1342308880.0,1342309136.0,1342309392.0,4.0,1342374160.0,1342374416.0,1342374672.0,1342374928.0,4.0,1342375184.0,1342375440.0,1342375696.0,1342375952.0,4.0,1342376208.0,1342376464.0,1342376720.0,1342376976.0,8.0,1342439688.0,1342439944.0,1342440200.0,1342440456.0,1342440712.0,1342440968.0,1342441224.0,1342441480.0,4.0,0.0,0.0,0.0,0.0,8.0,17.0,17.0,17.0,17.0,17.0,17.0,17.0,17.0,16.0,100.0,100.0,100.0,100.0,100.0,100.0,100.0,100.0,100.0,100.0,100.0,100.0,100.0,100.0,100.0,100.0,2.0,100.0,100.0,1.0,128.0,4.0,80.0,245.0,1.0,0.0,8.0,0.0,252.0,170.0,170.0,170.0,170.0,85.0,72.0,5.0,145.0,1831.0,5.0,7.0,1.0,12.0,0.0,0.0,0.0,0.0,0.0,0.0,0.0,0.0,0.0,0.0,0.0,0.0,8.0,23.0,0.0,0.0,0.0,0.0,0.0,0.0,0.0,2.0,0.0,0.0,8.0,0.0,0.0,0.0,0.0,0.0,0.0,0.0,0.0,0.0,0.0,0.0,655761.0,0.0,340444200.0,34044204.0,2.02,129.0,0.0,2000.0,65.0,0.0,0.0,0.0,0.0,0.0,0.0,0.0,1.0,0.0,0.0,0.0,0.0,0.0,0.0,0.0,0.0,0.0,0.0,0.0,0.0,0.0,0.0,0.0,0.0,0.0,0.0,0.0,0.0,0.0,0.0,0.0,0.0,0.0,0.0,0.0,0.0,0.0,0.0,0.0,0.0,0.0,0.0,0.0,0.0,0.0,0.0,0.0,0.0,0.0,0.0,0.0,0.0,0.0,0.0,0.0,0.0,0.0,0.0,0.0,0.0,0.0,0.0,0.0,0.0,0.0,0.0,0.0,0.0,0.0,0.0,0.0,0.0,0.0,0.0,0.0,0.0,0.0,0.0,0.0,0.0,0.0,1.0,0.0,1.0,0.0,0.0,0.0,0.0,0.0,0.0,0.0,
217,0.0,0.0,0.0,0.0,0.0,0.0,3.0,1.0,1.0,1.0,3.0,1.0,1.0,1.0,4.0,1275.0,3408964.0,131072.0,0.0,2.0,1537.0,1409.0,5.0,513.0,255.0,0.0,0.0,0.0,5.0,769.0,255.0,0.0,0.0,0.0,5.0,1025.0,255.0,0.0,0.0,0.0,5.0,1281.0,254.0,0.0,0.0,0.0,2.0,1644167432.0,1644167688.0,4.0,1678835984.0,1678836240.0,1678836496.0,1678836752.0,4.0,1678837008.0,1678837264.0,1678837520.0,1678837776.0,1.0,537198856.0,5.0,417.0,254.0,0.0,0.0,0.0,5.0,449.0,254.0,0.0,0.0,0.0,5.0,481.0,254.0,0.0,0.0,0.0,5.0,673.0,254.0,0.0,0.0,0.0,5.0,705.0,254.0,0.0,0.0,0.0,5.0,737.0,254.0,0.0,0.0,0.0,5.0,929.0,254.0,0.0,0.0,0.0,4.0,1342177544.0,1342177800.0,1342178056.0,1342178312.0,8.0,1342243080.0,1342243336.0,1342243592.0,1342243848.0,1342244104.0,1342244360.0,1342244616.0,1342244872.0,4.0,1342308624.0,1342308880.0,1342309136.0,1342309392.0,4.0,1342374160.0,1342374416.0,1342374672.0,1342374928.0,4.0,1342375184.0,1342375440.0,1342375696.0,1342375952.0,4.0,1342376208.0,1342376464.0,1342376720.0,1342376976.0,8.0,1342439688.0,1342439944.0,1342440200.0,1342440456.0,1342440712.0,1342440968.0,1342441224.0,1342441480.0,4.0,0.0,0.0,0.0,0.0,8.0,17.0,17.0,17.0,17.0,17.0,17.0,17.0,17.0,16.0,100.0,100.0,100.0,100.0,100.0,100.0,100.0,100.0,100.0,100.0,100.0,100.0,100.0,100.0,100.0,100.0,2.0,100.0,100.0,1.0,128.0,4.0,80.0,245.0,1.0,0.0,8.0,0.0,252.0,170.0,170.0,170.0,170.0,85.0,72.0,5.0,144.0,1831.0,5.0,7.0,1.0,12.0,0.0,0.0,0.0,0.0,0.0,0.0,0.0,0.0,0.0,0.0,0.0,0.0,8.0,23.0,0.0,0.0,0.0,0.0,0.0,0.0,0.0,2.0,0.0,0.0,8.0,0.0,0.0,0.0,0.0,0.0,0.0,0.0,0.0,0.0,0.0,0.0,655761.0,0.0,340444200.0,34044204.0,2.02,129.0,0.0,2000.0,65.0,0.0,0.0,0.0,0.0,0.0,0.0,0.0,1.0,0.0,0.0,0.0,0.0,0.0,0.0,0.0,0.0,0.0,0.0,0.0,0.0,0.0,0.0,0.0,0.0,0.0,0.0,0.0,0.0,0.0,0.0,0.0,0.0,0.0,0.0,0.0,0.0,0.0,0.0,0.0,0.0,0.0,0.0,0.0,0.0,0.0,0.0,0.0,0.0,0.0,0.0,0.0,0.0,0.0,0.0,0.0,0.0,0.0,0.0,0.0,0.0,0.0,0.0,0.0,0.0,0.0,0.0,0.0,0.0,0.0,0.0,0.0,0.0,0.0,0.0,0.0,0.0,0.0,0.0,0.0,0.0,0.0,1.0,0.0,1.0,0.0,0.0,0.0,0.0,0.0,0.0,0.0,
218,0.0,0.0,0.0,0.0,0.0,0.0,3.0,1.0,1.0,1.0,3.0,1.0,1.0,1.0,4.0,1275.0,3408964.0,131072.0,0.0,2.0,1537.0,1409.0,5.0,513.0,255.0,0.0,0.0,0.0,5.0,769.0,255.0,0.0,0.0,0.0,5.0,1025.0,255.0,0.0,0.0,0.0,5.0,1281.0,254.0,0.0,0.0,0.0,2.0,1644167432.0,1644167688.0,4.0,1678835984.0,1678836240.0,1678836496.0,1678836752.0,4.0,1678837008.0,1678837264.0,1678837520.0,1678837776.0,1.0,537198856.0,5.0,417.0,254.0,0.0,0.0,0.0,5.0,449.0,254.0,0.0,0.0,0.0,5.0,481.0,254.0,0.0,0.0,0.0,5.0,673.0,254.0,0.0,0.0,0.0,5.0,705.0,254.0,0.0,0.0,0.0,5.0,737.0,254.0,0.0,0.0,0.0,5.0,929.0,254.0,0.0,0.0,0.0,4.0,1342177544.0,1342177800.0,1342178056.0,1342178312.0,8.0,1342243080.0,1342243336.0,1342243592.0,1342243848.0,1342244104.0,1342244360.0,1342244616.0,1342244872.0,4.0,1342308624.0,1342308880.0,1342309136.0,1342309392.0,4.0,1342374160.0,1342374416.0,1342374672.0,1342374928.0,4.0,1342375184.0,1342375440.0,1342375696.0,1342375952.0,4.0,1342376208.0,1342376464.0,1342376720.0,1342376976.0,8.0,1342439688.0,1342439944.0,1342440200.0,1342440456.0,1342440712.0,1342440968.0,1342441224.0,1342441480.0,4.0,0.0,0.0,0.0,0.0,8.0,17.0,17.0,17.0,17.0,17.0,17.0,17.0,17.0,16.0,100.0,100.0,100.0,100.0,100.0,100.0,100.0,100.0,100.0,100.0,100.0,100.0,100.0,100.0,100.0,100.0,2.0,100.0,100.0,1.0,128.0,4.0,80.0,245.0,1.0,0.0,8.0,0.0,252.0,170.0,170.0,170.0,170.0,85.0,72.0,5.0,145.0,1831.0,5.0,7.0,1.0,12.0,0.0,0.0,0.0,0.0,0.0,0.0,0.0,0.0,0.0,0.0,0.0,0.0,8.0,23.0,0.0,0.0,0.0,0.0,0.0,0.0,0.0,2.0,0.0,0.0,8.0,0.0,0.0,0.0,0.0,0.0,0.0,0.0,0.0,0.0,0.0,0.0,655761.0,0.0,340444200.0,34044204.0,2.02,129.0,0.0,2000.0,65.0,0.0,0.0,0.0,0.0,0.0,0.0,0.0,1.0,0.0,0.0,0.0,0.0,0.0,0.0,0.0,0.0,0.0,0.0,0.0,0.0,0.0,0.0,0.0,0.0,0.0,0.0,0.0,0.0,0.0,0.0,0.0,0.0,0.0,0.0,0.0,0.0,0.0,0.0,0.0,0.0,0.0,0.0,0.0,0.0,0.0,0.0,0.0,0.0,0.0,0.0,0.0,0.0,0.0,0.0,0.0,0.0,0.0,0.0,0.0,0.0,0.0,0.0,0.0,0.0,0.0,0.0,0.0,0.0,0.0,0.0,0.0,0.0,0.0,0.0,0.0,0.0,0.0,0.0,0.0,0.0,0.0,1.0,0.0,1.0,0.0,0.0,0.0,0.0,0.0,0.0,0.0,
